SEASON_YEAR,PLAYER_ID,PLAYER_NAME,NICKNAME,TEAM_ID,TEAM_ABBREVIATION,TEAM_NAME,GAME_ID,GAME_DATE,MATCHUP,WL,MIN,FGM,FGA,FG_PCT,FG3M,FG3A,FG3_PCT,FTM,FTA,FT_PCT,OREB,DREB,REB,AST,TOV,STL,BLK,BLKA,PF,PFD,PTS,PLUS_MINUS,NBA_FANTASY_PTS,DD2,TD3,WNBA_FANTASY_PTS,GP_RANK,W_RANK,L_RANK,W_PCT_RANK,MIN_RANK,FGM_RANK,FGA_RANK,FG_PCT_RANK,FG3M_RANK,FG3A_RANK,FG3_PCT_RANK,FTM_RANK,FTA_RANK,FT_PCT_RANK,OREB_RANK,DREB_RANK,REB_RANK,AST_RANK,TOV_RANK,STL_RANK,BLK_RANK,BLKA_RANK,PF_RANK,PFD_RANK,PTS_RANK,PLUS_MINUS_RANK,NBA_FANTASY_PTS_RANK,DD2_RANK,TD3_RANK,WNBA_FANTASY_PTS_RANK,AVAILABLE_FLAG,MIN_SEC,TEAM_COUNT
2013-14,2544,LeBron James,LeBron,1610612748,MIA,Miami Heat,0041300405,2014-06-15T00:00:00,MIA @ SAS,L,41.263333333333335,10,21,0.476,3,9,0.333,8,9,0.889,1,9,10,5,1,0,2,0,1,7,31,-16,55.5,1,0,53.0,1,944,944,944,143,58,60,792,75,23,485,53,67,414,449,47,102,151,618,784,70,1,394,64,38,1771,41,1,4,32,1,41:16,1
2013-14,202695,Kawhi Leonard,Kawhi,1610612759,SAS,San Antonio Spurs,0041300405,2014-06-15T00:00:00,SAS vs. MIA,W,33.983333333333334,7,10,0.7,3,4,0.75,5,6,0.833,2,8,10,2,3,1,1,0,6,4,22,15,40.0,1,0,41.0,1,1,1,1,479,226,537,196,75,336,93,166,180,458,226,93,102,529,143,305,171,1,1865,272,166,138,187,1,4,129,1,33:59,1
2013-14,1938,Manu Ginobili,Manu,1610612759,SAS,San Antonio Spurs,0041300405,2014-06-15T00:00:00,SAS vs. MIA,W,28.433333333333334,6,11,0.545,3,6,0.5,4,5,0.8,0,4,4,4,2,0,0,0,3,5,19,21,27.8,0,0,30.0,1,1,1,1,720,330,459,485,75,128,201,230,281,498,924,457,643,237,298,784,499,1,1177,175,247,53,502,155,4,378,1,28:26,1
2013-14,1495,Tim Duncan,Tim,1610612759,SAS,San Antonio Spurs,0041300405,2014-06-15T00:00:00,SAS vs. MIA,W,33.4,5,10,0.5,0,0,0.0,4,6,0.667,2,6,8,2,0,0,2,2,3,5,14,5,32.6,0,0,28.0,1,1,1,1,508,458,537,534,731,1136,731,230,180,646,226,198,213,529,1096,784,70,1748,1177,175,495,522,359,155,4,434,1,33:24,1
2013-14,201988,Patty Mills,Patty,1610612759,SAS,San Antonio Spurs,0041300405,2014-06-15T00:00:00,SAS vs. MIA,W,17.666666666666668,6,10,0.6,5,8,0.625,0,0,0.0,0,1,1,2,0,0,0,1,2,2,17,15,21.2,0,0,25.0,1,1,1,1,1182,330,537,335,14,36,163,998,1036,998,924,1162,1328,529,1096,784,499,1343,801,610,314,138,728,155,4,543,1,17:40,1
2013-14,2547,Chris Bosh,Chris,1610612748,MIA,Miami Heat,0041300405,2014-06-15T00:00:00,MIA @ SAS,L,38.61333333333334,6,14,0.429,0,5,0.0,1,2,0.5,0,7,7,2,0,1,0,0,2,1,13,-20,27.4,0,0,24.0,1,944,944,944,259,330,271,891,731,226,731,783,621,751,924,144,285,529,1096,305,499,1,801,915,552,1842,516,155,4,582,1,38:37,1
2013-14,2564,Boris Diaw,Boris,1610612759,SAS,San Antonio Spurs,0041300405,2014-06-15T00:00:00,SAS vs. MIA,W,38.055,2,7,0.286,1,3,0.333,0,0,0.0,1,8,9,6,2,1,0,0,1,3,5,14,25.8,0,0,23.0,1,1,1,1,284,987,811,1299,388,477,485,998,1036,998,449,93,151,102,298,305,499,1,394,413,1095,163,579,155,4,619,1,38:03,1
2013-14,2225,Tony Parker,Tony,1610612759,SAS,San Antonio Spurs,0041300405,2014-06-15T00:00:00,SAS vs. MIA,W,36.1,7,18,0.389,0,1,0.0,2,2,1.0,0,1,1,2,0,0,0,1,2,2,16,1,20.2,0,0,19.0,1,1,1,1,380,226,125,1040,731,887,731,500,621,1,924,1162,1328,529,1096,784,499,1343,801,610,361,796,774,155,4,773,1,36:06,1
2013-14,2548,Dwyane Wade,Dwyane,1610612748,MIA,Miami Heat,0041300405,2014-06-15T00:00:00,MIA @ SAS,L,36.0,4,12,0.333,1,2,0.5,2,4,0.5,0,3,3,1,3,0,0,2,3,2,11,-10,13.1,0,0,16.0,1,944,944,944,391,599,391,1129,388,651,201,500,347,751,924,632,831,791,143,784,499,1748,1177,610,669,1568,1076,155,4,901,1,36:00,1
2013-14,951,Ray Allen,Ray,1610612748,MIA,Miami Heat,0041300405,2014-06-15T00:00:00,MIA @ SAS,L,31.326666666666668,1,8,0.125,1,3,0.333,2,2,1.0,1,4,5,2,4,1,0,0,2,3,5,-18,13.0,0,0,15.0,1,944,944,944,597,1208,710,1496,388,477,485,500,621,1,449,457,496,529,70,305,499,1,801,413,1095,1808,1082,155,4,947,1,31:20,1
2013-14,201563,Michael Beasley,Michael,1610612748,MIA,Miami Heat,0041300405,2014-06-15T00:00:00,MIA @ SAS,L,17.016666666666666,4,7,0.571,0,0,0.0,1,3,0.333,2,1,3,1,1,0,0,1,2,2,9,4,13.1,0,0,13.0,1,944,944,944,1213,599,811,418,731,1136,731,783,538,970,226,1162,831,791,618,784,499,1343,801,610,777,576,1076,155,4,1036,1,17:01,1
2013-14,201168,Tiago Splitter,Tiago,1610612759,SAS,San Antonio Spurs,0041300405,2014-06-15T00:00:00,SAS vs. MIA,W,11.391666666666667,1,1,1.0,0,0,0.0,1,2,0.5,0,2,2,2,0,1,1,0,2,1,3,16,14.4,0,0,11.0,1,1,1,1,1447,1208,1565,1,731,1136,731,783,621,751,924,860,1057,529,1096,305,171,1,801,915,1282,119,1016,155,4,1128,1,11:24,1
2013-14,201596,Mario Chalmers,Mario,1610612748,MIA,Miami Heat,0041300405,2014-06-15T00:00:00,MIA @ SAS,L,14.85,2,3,0.667,0,0,0.0,4,5,0.8,0,1,1,0,0,1,0,1,1,3,8,2,12.2,0,0,11.0,1,944,944,944,1303,987,1273,209,731,1136,731,230,281,498,924,1162,1328,1185,1096,305,499,1343,394,413,858,707,1121,155,4,1128,1,14:51,1
2013-14,2365,Chris Andersen,Chris,1610612748,MIA,Miami Heat,0041300405,2014-06-15T00:00:00,MIA @ SAS,L,17.973333333333333,0,1,0.0,0,0,0.0,0,0,0.0,1,5,6,0,0,1,1,0,5,2,0,-11,13.2,0,0,10.0,1,944,944,944,1166,1505,1565,1505,731,1136,731,998,1036,998,449,320,388,1185,1096,305,171,1,1747,610,1567,1612,1068,155,4,1187,1,17:58,1
2013-14,201980,Danny Green,Danny,1610612759,SAS,San Antonio Spurs,0041300405,2014-06-15T00:00:00,SAS vs. MIA,W,19.116666666666667,0,5,0.0,0,3,0.0,0,0,0.0,0,2,2,2,1,2,0,0,0,0,0,-4,10.4,0,0,8.0,1,1,1,1,1109,1505,1021,1505,731,477,731,998,1036,998,924,860,1057,529,618,115,499,1,1,1301,1567,1256,1206,155,4,1289,1,19:07,1
2013-14,201158,Marco Belinelli,Marco,1610612759,SAS,San Antonio Spurs,0041300405,2014-06-15T00:00:00,SAS vs. MIA,W,8.616666666666667,2,3,0.667,0,0,0.0,0,0,0.0,0,2,2,1,0,0,0,0,1,0,4,2,7.9,0,0,7.0,1,1,1,1,1536,987,1273,209,731,1136,731,998,1036,998,924,860,1057,791,1096,784,499,1,394,1301,1173,707,1344,155,4,1343,1,8:37,1
2013-14,1740,Rashard Lewis,Rashard,1610612748,MIA,Miami Heat,0041300405,2014-06-15T00:00:00,MIA @ SAS,L,9.0,1,2,0.5,1,2,0.5,0,0,0.0,0,2,2,1,0,0,0,0,2,0,3,8,6.9,0,0,7.0,1,944,944,944,1523,1208,1415,534,388,651,201,998,1036,998,924,860,1057,791,1096,784,499,1,801,1301,1282,374,1388,155,4,1343,1,9:00,1
2013-14,201962,Toney Douglas,Toney,1610612748,MIA,Miami Heat,0041300405,2014-06-15T00:00:00,MIA @ SAS,L,2.1666666666666665,1,2,0.5,1,2,0.5,0,0,0.0,0,1,1,1,0,0,0,0,0,0,3,2,5.7,0,0,6.0,1,944,944,944,1791,1208,1415,534,388,651,201,998,1036,998,924,1162,1328,791,1096,784,499,1,1,1301,1282,707,1442,155,4,1399,1,2:10,1
2013-14,2617,Udonis Haslem,Udonis,1610612748,MIA,Miami Heat,0041300405,2014-06-15T00:00:00,MIA @ SAS,L,9.8,1,2,0.5,0,0,0.0,0,0,0.0,0,1,1,0,0,0,1,0,2,0,2,-17,6.2,0,0,5.0,1,944,944,944,1496,1208,1415,534,731,1136,731,998,1036,998,924,1162,1328,1185,1096,784,171,1,801,1301,1377,1789,1425,155,4,1446,1,9:48,1
2013-14,202708,Norris Cole,Norris,1610612748,MIA,Miami Heat,0041300405,2014-06-15T00:00:00,MIA @ SAS,L,8.8,0,2,0.0,0,1,0.0,2,2,1.0,0,1,1,1,0,0,0,0,1,1,2,-4,4.7,0,0,4.0,1,944,944,944,1529,1505,1415,1505,731,887,731,500,621,1,924,1162,1328,791,1096,784,499,1,394,915,1377,1256,1490,155,4,1505,1,8:48,1
2013-14,203382,Aron Baynes,Aron,1610612759,SAS,San Antonio Spurs,0041300405,2014-06-15T00:00:00,SAS vs. MIA,W,1.8833333333333333,0,0,0.0,0,0,0.0,2,2,1.0,1,0,1,0,0,0,0,0,0,1,2,-1,3.2,0,0,3.0,1,1,1,1,1805,1505,1728,1505,731,1136,731,500,621,1,449,1520,1328,1185,1096,784,499,1,1,915,1377,1010,1574,155,4,1573,1,1:53,1
2013-14,2588,Matt Bonner,Matt,1610612759,SAS,San Antonio Spurs,0041300405,2014-06-15T00:00:00,SAS vs. MIA,W,6.986666666666666,0,0,0.0,0,0,0.0,0,0,0.0,0,0,0,2,0,0,0,0,0,0,0,3,3.0,0,0,2.0,1,1,1,1,1585,1505,1728,1505,731,1136,731,998,1036,998,924,1520,1606,529,1096,784,499,1,1,1301,1567,639,1593,155,4,1628,1,6:59,1
2013-14,201965,Jeff Ayres,Jeff,1610612759,SAS,San Antonio Spurs,0041300405,2014-06-15T00:00:00,SAS vs. MIA,W,2.2,1,1,1.0,0,0,0.0,0,0,0.0,0,0,0,0,0,0,0,0,1,0,2,0,2.0,0,0,2.0,1,1,1,1,1789,1208,1565,1,731,1136,731,998,1036,998,924,1520,1606,1185,1096,784,499,1,394,1301,1377,882,1652,155,4,1628,1,2:12,1
2013-14,2203,Shane Battier,Shane,1610612748,MIA,Miami Heat,0041300405,2014-06-15T00:00:00,MIA @ SAS,L,10.99,0,0,0.0,0,0,0.0,0,0,0.0,0,0,0,0,1,1,0,0,2,0,0,-5,2.0,0,0,2.0,1,944,944,944,1458,1505,1728,1505,731,1136,731,998,1036,998,924,1520,1606,1185,618,305,499,1,801,1301,1567,1316,1652,155,4,1628,1,10:59,1
2013-14,2592,James Jones,James,1610612748,MIA,Miami Heat,0041300405,2014-06-15T00:00:00,MIA @ SAS,L,2.2,0,1,0.0,0,1,0.0,0,0,0.0,0,1,1,0,0,0,0,0,0,0,0,0,1.2,0,0,1.0,1,944,944,944,1789,1505,1565,1505,731,887,731,998,1036,998,924,1162,1328,1185,1096,784,499,1,1,1301,1567,882,1694,155,4,1690,1,2:12,1
2013-14,202709,Cory Joseph,Cory,1610612759,SAS,San Antonio Spurs,0041300405,2014-06-15T00:00:00,SAS vs. MIA,W,2.1666666666666665,0,2,0.0,0,1,0.0,0,0,0.0,0,0,0,0,0,0,0,0,0,0,0,-2,0.0,0,0,0.0,1,1,1,1,1791,1505,1415,1505,731,887,731,998,1036,998,924,1520,1606,1185,1096,784,499,1,1,1301,1567,1106,1769,155,4,1775,1,2:10,1
2013-14,202695,Kawhi Leonard,Kawhi,1610612759,SAS,San Antonio Spurs,0041300404,2014-06-12T00:00:00,SAS @ MIA,W,38.68333333333333,7,12,0.583,1,3,0.333,5,6,0.833,5,9,14,3,1,3,3,0,3,4,20,23,58.3,1,0,50.0,1,1,1,1,254,226,391,401,388,477,485,166,180,458,30,47,24,363,618,43,29,1,1177,272,218,31,25,1,4,49,1,38:41,1
2013-14,2544,LeBron James,LeBron,1610612748,MIA,Miami Heat,0041300404,2014-06-12T00:00:00,MIA vs. SAS,L,37.65,10,17,0.588,4,8,0.5,4,6,0.667,0,8,8,2,3,0,0,0,0,4,28,-21,37.6,0,0,42.0,1,944,944,944,305,58,162,396,31,36,201,230,180,646,924,93,213,529,143,784,499,1,1,272,69,1850,228,155,4,118,1,37:39,1
2013-14,1495,Tim Duncan,Tim,1610612759,SAS,San Antonio Spurs,0041300404,2014-06-12T00:00:00,SAS @ MIA,W,30.751666666666665,4,10,0.4,0,1,0.0,2,2,1.0,1,10,11,2,0,2,1,0,3,1,10,21,35.2,1,0,29.0,1,1,1,1,616,599,537,970,731,887,731,500,621,1,449,29,76,529,1096,115,171,1,1177,915,720,53,284,1,4,404,1,30:45,1
2013-14,2564,Boris Diaw,Boris,1610612759,SAS,San Antonio Spurs,0041300404,2014-06-12T00:00:00,SAS @ MIA,W,35.55,3,6,0.5,0,1,0.0,2,4,0.5,3,6,9,9,2,1,0,0,0,5,8,15,33.3,0,0,28.0,1,1,1,1,412,783,915,534,731,887,731,500,347,751,114,198,151,30,298,305,499,1,1,175,858,138,342,155,4,434,1,35:33,1
2013-14,2548,Dwyane Wade,Dwyane,1610612748,MIA,Miami Heat,0041300404,2014-06-12T00:00:00,MIA vs. SAS,L,32.9,3,13,0.231,0,0,0.0,4,8,0.5,0,2,2,4,3,4,0,1,4,5,10,-9,27.4,0,0,24.0,1,944,944,944,531,783,325,1422,731,1136,731,230,91,751,924,860,1057,237,143,15,499,1343,1541,175,720,1528,516,155,4,582,1,32:54,1
2013-14,2225,Tony Parker,Tony,1610612759,SAS,San Antonio Spurs,0041300404,2014-06-12T00:00:00,SAS @ MIA,W,35.016666666666666,8,15,0.533,0,2,0.0,3,4,0.75,0,0,0,2,4,0,0,1,1,2,19,16,18.0,0,0,21.0,1,1,1,1,435,152,229,515,731,651,731,345,347,542,924,1520,1606,529,70,784,499,1343,394,610,247,119,861,155,4,693,1,35:01,1
2013-14,201988,Patty Mills,Patty,1610612759,SAS,San Antonio Spurs,0041300404,2014-06-12T00:00:00,SAS @ MIA,W,16.166666666666668,5,8,0.625,4,6,0.667,0,0,0.0,0,1,1,2,1,0,0,0,2,2,14,7,17.2,0,0,21.0,1,1,1,1,1237,458,710,303,31,128,112,998,1036,998,924,1162,1328,529,618,784,499,1,801,610,495,430,891,155,4,693,1,16:10,1
2013-14,2547,Chris Bosh,Chris,1610612748,MIA,Miami Heat,0041300404,2014-06-12T00:00:00,MIA vs. SAS,L,38.666666666666664,5,11,0.455,0,1,0.0,2,2,1.0,0,4,4,0,2,2,0,1,2,2,12,-15,20.8,0,0,20.0,1,944,944,944,257,458,459,821,731,887,731,500,621,1,924,457,643,1185,298,115,499,1343,801,610,601,1743,746,155,4,731,1,38:40,1
2013-14,201980,Danny Green,Danny,1610612759,SAS,San Antonio Spurs,0041300404,2014-06-12T00:00:00,SAS @ MIA,W,19.316666666666666,3,5,0.6,3,5,0.6,0,0,0.0,1,2,3,0,2,0,0,0,5,2,9,-7,10.6,0,0,15.0,1,1,1,1,1101,783,1021,335,75,226,167,998,1036,998,449,860,831,1185,298,784,499,1,1747,610,777,1440,1201,155,4,947,1,19:19,1
2013-14,2592,James Jones,James,1610612748,MIA,Miami Heat,0041300404,2014-06-12T00:00:00,MIA vs. SAS,L,2.716666666666667,4,4,1.0,3,3,1.0,0,0,0.0,0,0,0,0,0,0,0,0,0,0,11,1,11.0,0,0,14.0,1,944,944,944,1756,599,1145,1,75,477,1,998,1036,998,924,1520,1606,1185,1096,784,499,1,1,1301,669,796,1188,155,4,992,1,2:43,1
2013-14,951,Ray Allen,Ray,1610612748,MIA,Miami Heat,0041300404,2014-06-12T00:00:00,MIA vs. SAS,L,29.583333333333332,3,6,0.5,2,4,0.5,0,0,0.0,1,1,2,0,1,0,0,0,4,1,8,-18,9.4,0,0,12.0,1,944,944,944,659,783,915,534,185,336,201,998,1036,998,449,1162,1057,1185,618,784,499,1,1541,915,858,1808,1259,155,4,1085,1,29:35,1
2013-14,201596,Mario Chalmers,Mario,1610612748,MIA,Miami Heat,0041300404,2014-06-12T00:00:00,MIA vs. SAS,L,30.633333333333333,2,6,0.333,0,2,0.0,0,0,0.0,0,0,0,5,1,1,0,1,3,3,4,-14,13.5,0,0,11.0,1,944,944,944,617,987,915,1129,731,651,731,998,1036,998,924,1520,1606,151,618,305,499,1343,1177,413,1173,1721,1057,155,4,1128,1,30:38,1
2013-14,201168,Tiago Splitter,Tiago,1610612759,SAS,San Antonio Spurs,0041300404,2014-06-12T00:00:00,SAS @ MIA,W,14.531666666666666,3,4,0.75,0,0,0.0,0,0,0.0,0,1,1,2,0,1,0,0,0,2,6,1,13.2,0,0,11.0,1,1,1,1,1317,783,1145,145,731,1136,731,998,1036,998,924,1162,1328,529,1096,305,499,1,1,610,1001,796,1068,155,4,1128,1,14:32,1
2013-14,1938,Manu Ginobili,Manu,1610612759,SAS,San Antonio Spurs,0041300404,2014-06-12T00:00:00,SAS @ MIA,W,27.95,2,4,0.5,1,2,0.5,2,3,0.667,0,1,1,2,4,0,0,0,3,3,7,27,7.2,0,0,11.0,1,1,1,1,744,987,1145,534,388,651,201,500,538,646,924,1162,1328,529,70,784,499,1,1177,413,944,14,1378,155,4,1128,1,27:57,1
2013-14,2365,Chris Andersen,Chris,1610612748,MIA,Miami Heat,0041300404,2014-06-12T00:00:00,MIA vs. SAS,L,10.283333333333333,1,4,0.25,0,0,0.0,3,4,0.75,3,2,5,0,0,0,0,1,5,2,5,-9,11.0,0,0,10.0,1,944,944,944,1483,1208,1145,1349,731,1136,731,345,347,542,114,860,496,1185,1096,784,499,1343,1747,610,1095,1528,1188,155,4,1187,1,10:17,1
2013-14,2588,Matt Bonner,Matt,1610612759,SAS,San Antonio Spurs,0041300404,2014-06-12T00:00:00,SAS @ MIA,W,9.175,1,1,1.0,0,0,0.0,1,2,0.5,0,2,2,2,0,1,0,0,1,2,3,6,11.4,0,0,9.0,1,1,1,1,1517,1208,1565,1,731,1136,731,783,621,751,924,860,1057,529,1096,305,499,1,394,610,1282,482,1152,155,4,1237,1,9:11,1
2013-14,201965,Jeff Ayres,Jeff,1610612759,SAS,San Antonio Spurs,0041300404,2014-06-12T00:00:00,SAS @ MIA,W,2.716666666666667,0,0,0.0,0,0,0.0,3,4,0.75,1,0,1,1,0,0,0,0,0,2,3,-1,5.7,0,0,5.0,1,1,1,1,1756,1505,1728,1505,731,1136,731,345,347,542,449,1520,1328,791,1096,784,499,1,1,610,1282,1010,1442,155,4,1446,1,2:43,1
2013-14,2617,Udonis Haslem,Udonis,1610612748,MIA,Miami Heat,0041300404,2014-06-12T00:00:00,MIA vs. SAS,L,10.25,1,2,0.5,0,0,0.0,0,0,0.0,2,1,3,0,0,0,0,0,1,2,2,0,5.6,0,0,5.0,1,944,944,944,1485,1208,1415,534,731,1136,731,998,1036,998,226,1162,831,1185,1096,784,499,1,394,610,1377,882,1450,155,4,1446,1,10:15,1
2013-14,1740,Rashard Lewis,Rashard,1610612748,MIA,Miami Heat,0041300404,2014-06-12T00:00:00,MIA vs. SAS,L,15.733333333333333,1,4,0.25,0,2,0.0,0,0,0.0,0,1,1,0,1,0,1,0,1,0,2,-17,5.2,0,0,5.0,1,944,944,944,1269,1208,1145,1349,731,651,731,998,1036,998,924,1162,1328,1185,618,784,171,1,394,1301,1377,1789,1471,155,4,1446,1,15:44,1
2013-14,202708,Norris Cole,Norris,1610612748,MIA,Miami Heat,0041300404,2014-06-12T00:00:00,MIA vs. SAS,L,17.35,2,2,1.0,0,0,0.0,0,0,0.0,0,0,0,1,1,0,0,0,1,0,4,0,4.5,0,0,5.0,1,944,944,944,1195,987,1415,1,731,1136,731,998,1036,998,924,1520,1606,791,618,784,499,1,394,1301,1173,882,1504,155,4,1446,1,17:21,1
2013-14,201158,Marco Belinelli,Marco,1610612759,SAS,San Antonio Spurs,0041300404,2014-06-12T00:00:00,SAS @ MIA,W,3.6333333333333333,2,3,0.667,0,1,0.0,0,0,0.0,0,0,0,0,0,0,0,0,0,0,4,-1,4.0,0,0,4.0,1,1,1,1,1715,987,1273,209,731,887,731,998,1036,998,924,1520,1606,1185,1096,784,499,1,1,1301,1173,1010,1538,155,4,1505,1,3:38,1
2013-14,203382,Aron Baynes,Aron,1610612759,SAS,San Antonio Spurs,0041300404,2014-06-12T00:00:00,SAS @ MIA,W,2.716666666666667,1,1,1.0,0,0,0.0,0,0,0.0,1,0,1,0,0,0,0,0,0,0,2,-1,3.2,0,0,3.0,1,1,1,1,1756,1208,1565,1,731,1136,731,998,1036,998,449,1520,1328,1185,1096,784,499,1,1,1301,1377,1010,1574,155,4,1573,1,2:43,1
2013-14,201962,Toney Douglas,Toney,1610612748,MIA,Miami Heat,0041300404,2014-06-12T00:00:00,MIA vs. SAS,L,6.4,0,1,0.0,0,1,0.0,0,0,0.0,0,2,2,1,1,0,0,0,1,0,0,0,2.9,0,0,3.0,1,944,944,944,1614,1505,1565,1505,731,887,731,998,1036,998,924,860,1057,791,618,784,499,1,394,1301,1567,882,1615,155,4,1573,1,6:24,1
2013-14,202709,Cory Joseph,Cory,1610612759,SAS,San Antonio Spurs,0041300404,2014-06-12T00:00:00,SAS @ MIA,W,3.7916666666666665,1,1,1.0,0,0,0.0,0,0,0.0,0,0,0,0,0,0,0,0,1,0,2,-1,2.0,0,0,2.0,1,1,1,1,1707,1208,1565,1,731,1136,731,998,1036,998,924,1520,1606,1185,1096,784,499,1,394,1301,1377,1010,1652,155,4,1628,1,3:48,1
2013-14,201141,Greg Oden,Greg,1610612748,MIA,Miami Heat,0041300404,2014-06-12T00:00:00,MIA vs. SAS,L,1.3333333333333333,0,0,0.0,0,0,0.0,0,0,0.0,0,0,0,0,0,0,0,0,1,0,0,1,0.0,0,0,0.0,1,944,944,944,1831,1505,1728,1505,731,1136,731,998,1036,998,924,1520,1606,1185,1096,784,499,1,394,1301,1567,796,1769,155,4,1775,1,1:20,1
2013-14,2203,Shane Battier,Shane,1610612748,MIA,Miami Heat,0041300404,2014-06-12T00:00:00,MIA vs. SAS,L,6.5,0,1,0.0,0,1,0.0,0,0,0.0,0,0,0,0,0,0,0,0,2,0,0,-4,0.0,0,0,0.0,1,944,944,944,1608,1505,1565,1505,731,887,731,998,1036,998,924,1520,1606,1185,1096,784,499,1,801,1301,1567,1256,1769,155,4,1775,1,6:30,1
2013-14,202695,Kawhi Leonard,Kawhi,1610612759,SAS,San Antonio Spurs,0041300403,2014-06-10T00:00:00,SAS @ MIA,W,39.266666666666666,10,13,0.769,3,6,0.5,6,7,0.857,1,3,4,2,1,2,2,0,4,5,29,19,47.8,0,0,46.0,1,1,1,1,224,58,325,142,75,128,201,117,133,439,449,632,643,529,618,115,70,1,1541,175,55,74,85,155,4,83,1,39:16,1
2013-14,2544,LeBron James,LeBron,1610612748,MIA,Miami Heat,0041300403,2014-06-10T00:00:00,MIA vs. SAS,L,39.81666666666667,9,14,0.643,2,4,0.5,2,3,0.667,1,4,5,7,7,5,0,1,5,7,22,-21,46.5,0,0,46.0,1,944,944,944,195,101,271,288,185,336,201,500,538,646,449,457,496,64,3,5,499,1343,1747,64,166,1850,103,155,4,83,1,39:49,1
2013-14,201980,Danny Green,Danny,1610612759,SAS,San Antonio Spurs,0041300403,2014-06-10T00:00:00,SAS @ MIA,W,21.316666666666666,7,8,0.875,1,2,0.5,0,1,0.0,0,1,1,3,2,5,1,0,4,3,15,14,36.7,0,0,32.0,1,1,1,1,1024,226,710,102,388,651,201,998,968,998,924,1162,1328,363,298,5,171,1,1541,413,427,163,255,155,4,311,1,21:19,1
2013-14,2548,Dwyane Wade,Dwyane,1610612748,MIA,Miami Heat,0041300403,2014-06-10T00:00:00,MIA vs. SAS,L,36.36666666666667,8,12,0.667,0,1,0.0,6,8,0.75,1,3,4,2,5,2,0,0,2,7,22,-9,30.8,0,0,32.0,1,944,944,944,362,152,391,209,731,887,731,117,91,542,449,632,643,529,29,115,499,1,801,64,166,1528,399,155,4,311,1,36:22,1
2013-14,2225,Tony Parker,Tony,1610612759,SAS,San Antonio Spurs,0041300403,2014-06-10T00:00:00,SAS @ MIA,W,33.03333333333333,4,10,0.4,1,3,0.333,6,6,1.0,0,1,1,4,1,2,0,0,4,5,15,12,27.2,0,0,25.0,1,1,1,1,523,599,537,970,388,477,485,117,180,1,924,1162,1328,237,618,115,499,1,1541,175,427,210,526,155,4,543,1,33:02,1
2013-14,2564,Boris Diaw,Boris,1610612759,SAS,San Antonio Spurs,0041300403,2014-06-10T00:00:00,SAS @ MIA,W,37.28333333333333,3,6,0.5,1,2,0.5,2,4,0.5,0,5,5,3,2,1,1,0,3,4,9,20,23.5,0,0,22.0,1,1,1,1,325,783,915,534,388,651,201,500,347,751,924,320,496,363,298,305,171,1,1177,272,777,65,657,155,4,657,1,37:17,1
2013-14,1495,Tim Duncan,Tim,1610612759,SAS,San Antonio Spurs,0041300403,2014-06-10T00:00:00,SAS @ MIA,W,30.166666666666668,4,7,0.571,0,0,0.0,6,8,0.75,2,4,6,2,4,0,0,0,2,5,14,8,20.2,0,0,22.0,1,1,1,1,635,599,811,418,731,1136,731,117,91,542,226,457,388,529,70,784,499,1,801,175,495,374,774,155,4,657,1,30:10,1
2013-14,1740,Rashard Lewis,Rashard,1610612748,MIA,Miami Heat,0041300403,2014-06-10T00:00:00,MIA vs. SAS,L,33.43333333333333,5,7,0.714,4,5,0.8,0,0,0.0,0,4,4,0,0,0,0,1,3,0,14,-10,18.8,0,0,22.0,1,944,944,944,506,458,811,184,31,226,83,998,1036,998,924,457,643,1185,1096,784,499,1343,1177,1301,495,1568,830,155,4,657,1,33:26,1
2013-14,1938,Manu Ginobili,Manu,1610612759,SAS,San Antonio Spurs,0041300403,2014-06-10T00:00:00,SAS @ MIA,W,27.216666666666665,4,8,0.5,1,3,0.333,2,2,1.0,0,3,3,1,1,1,0,1,4,1,11,9,18.1,0,0,18.0,1,1,1,1,781,599,710,534,388,477,485,500,621,1,924,632,831,791,618,305,499,1343,1541,915,669,334,853,155,4,815,1,27:13,1
2013-14,951,Ray Allen,Ray,1610612748,MIA,Miami Heat,0041300403,2014-06-10T00:00:00,MIA vs. SAS,L,28.45,3,8,0.375,2,4,0.5,3,3,1.0,1,1,2,3,3,0,0,0,3,4,11,-19,14.9,0,0,18.0,1,944,944,944,718,783,710,1056,185,336,201,345,538,1,449,1162,1057,363,143,784,499,1,1177,272,669,1829,993,155,4,815,1,28:27,1
2013-14,201988,Patty Mills,Patty,1610612759,SAS,San Antonio Spurs,0041300403,2014-06-10T00:00:00,SAS @ MIA,W,15.183333333333334,2,5,0.4,1,3,0.333,0,0,0.0,0,2,2,4,0,1,0,0,0,1,5,10,16.4,0,0,14.0,1,1,1,1,1290,987,1021,970,388,477,485,998,1036,998,924,860,1057,237,1096,305,499,1,1,915,1095,294,928,155,4,992,1,15:11,1
2013-14,2547,Chris Bosh,Chris,1610612748,MIA,Miami Heat,0041300403,2014-06-10T00:00:00,MIA vs. SAS,L,34.36666666666667,4,4,1.0,1,1,1.0,0,0,0.0,0,3,3,0,0,0,0,0,4,0,9,-18,12.6,0,0,13.0,1,944,944,944,463,599,1145,1,388,887,1,998,1036,998,924,632,831,1185,1096,784,499,1,1541,1301,777,1808,1102,155,4,1036,1,34:22,1
2013-14,2365,Chris Andersen,Chris,1610612748,MIA,Miami Heat,0041300403,2014-06-10T00:00:00,MIA vs. SAS,L,19.716666666666665,0,1,0.0,0,0,0.0,3,4,0.75,2,3,5,0,0,1,1,1,1,2,3,-11,15.0,0,0,12.0,1,944,944,944,1082,1505,1565,1505,731,1136,731,345,347,542,226,632,496,1185,1096,305,171,1343,394,610,1282,1612,989,155,4,1085,1,19:43,1
2013-14,201168,Tiago Splitter,Tiago,1610612759,SAS,San Antonio Spurs,0041300403,2014-06-10T00:00:00,SAS @ MIA,W,15.866666666666667,2,3,0.667,0,0,0.0,2,2,1.0,2,2,4,1,1,0,0,0,3,1,6,11,11.3,0,0,11.0,1,1,1,1,1256,987,1273,209,731,1136,731,500,621,1,226,860,643,791,618,784,499,1,1177,915,1001,248,1163,155,4,1128,1,15:52,1
2013-14,202708,Norris Cole,Norris,1610612748,MIA,Miami Heat,0041300403,2014-06-10T00:00:00,MIA vs. SAS,L,17.733333333333334,3,9,0.333,1,2,0.5,1,2,0.5,0,0,0,1,2,0,0,1,1,1,8,-9,7.5,0,0,10.0,1,944,944,944,1179,783,622,1129,388,651,201,783,621,751,924,1520,1606,791,298,784,499,1343,394,915,858,1528,1360,155,4,1187,1,17:44,1
2013-14,201596,Mario Chalmers,Mario,1610612748,MIA,Miami Heat,0041300403,2014-06-10T00:00:00,MIA vs. SAS,L,21.683333333333334,0,5,0.0,0,3,0.0,2,2,1.0,0,2,2,4,3,0,0,0,4,3,2,-2,7.4,0,0,8.0,1,944,944,944,1004,1505,1021,1505,731,477,731,500,621,1,924,860,1057,237,143,784,499,1,1541,413,1377,1106,1364,155,4,1289,1,21:41,1
2013-14,201158,Marco Belinelli,Marco,1610612759,SAS,San Antonio Spurs,0041300403,2014-06-10T00:00:00,SAS @ MIA,W,6.133333333333334,1,3,0.333,1,1,1.0,0,0,0.0,0,1,1,0,0,0,0,0,1,0,3,-4,4.2,0,0,5.0,1,1,1,1,1624,1208,1273,1129,388,887,1,998,1036,998,924,1162,1328,1185,1096,784,499,1,394,1301,1282,1256,1522,155,4,1446,1,6:08,1
2013-14,2588,Matt Bonner,Matt,1610612759,SAS,San Antonio Spurs,0041300403,2014-06-10T00:00:00,SAS @ MIA,W,9.75,0,0,0.0,0,0,0.0,2,2,1.0,0,1,1,1,0,0,0,0,0,1,2,-5,4.7,0,0,4.0,1,1,1,1,1499,1505,1728,1505,731,1136,731,500,621,1,924,1162,1328,791,1096,784,499,1,1,915,1377,1316,1490,155,4,1505,1,9:45,1
2013-14,203382,Aron Baynes,Aron,1610612759,SAS,San Antonio Spurs,0041300403,2014-06-10T00:00:00,SAS @ MIA,W,1.6,1,1,1.0,0,0,0.0,0,0,0.0,0,0,0,0,0,0,0,0,0,0,2,0,2.0,0,0,2.0,1,1,1,1,1813,1208,1565,1,731,1136,731,998,1036,998,924,1520,1606,1185,1096,784,499,1,1,1301,1377,882,1652,155,4,1628,1,1:36,1
2013-14,2592,James Jones,James,1610612748,MIA,Miami Heat,0041300403,2014-06-10T00:00:00,MIA vs. SAS,L,2.033333333333333,0,0,0.0,0,0,0.0,0,0,0.0,0,1,1,0,0,0,0,0,3,0,0,4,1.2,0,0,1.0,1,944,944,944,1802,1505,1728,1505,731,1136,731,998,1036,998,924,1162,1328,1185,1096,784,499,1,1177,1301,1567,576,1694,155,4,1690,1,2:02,1
2013-14,201965,Jeff Ayres,Jeff,1610612759,SAS,San Antonio Spurs,0041300403,2014-06-10T00:00:00,SAS @ MIA,W,1.6,0,0,0.0,0,0,0.0,0,0,0.0,0,1,1,0,0,0,0,0,0,0,0,0,1.2,0,0,1.0,1,1,1,1,1813,1505,1728,1505,731,1136,731,998,1036,998,924,1162,1328,1185,1096,784,499,1,1,1301,1567,882,1694,155,4,1690,1,1:36,1
2013-14,201962,Toney Douglas,Toney,1610612748,MIA,Miami Heat,0041300403,2014-06-10T00:00:00,MIA vs. SAS,L,1.6,0,1,0.0,0,1,0.0,1,2,0.5,0,0,0,0,0,0,0,0,0,1,1,0,1.0,0,0,1.0,1,944,944,944,1813,1505,1565,1505,731,887,731,783,621,751,924,1520,1606,1185,1096,784,499,1,1,915,1541,882,1749,155,4,1690,1,1:36,1
2013-14,202709,Cory Joseph,Cory,1610612759,SAS,San Antonio Spurs,0041300403,2014-06-10T00:00:00,SAS @ MIA,W,1.5833333333333333,0,0,0.0,0,0,0.0,0,0,0.0,0,0,0,0,0,0,0,0,0,0,0,1,0.0,0,0,0.0,1,1,1,1,1824,1505,1728,1505,731,1136,731,998,1036,998,924,1520,1606,1185,1096,784,499,1,1,1301,1567,796,1769,155,4,1775,1,1:35,1
2013-14,2617,Udonis Haslem,Udonis,1610612748,MIA,Miami Heat,0041300403,2014-06-10T00:00:00,MIA vs. SAS,L,1.6,0,1,0.0,0,0,0.0,0,0,0.0,0,0,0,0,0,0,0,0,0,0,0,0,0.0,0,0,0.0,1,944,944,944,1813,1505,1565,1505,731,1136,731,998,1036,998,924,1520,1606,1185,1096,784,499,1,1,1301,1567,882,1769,155,4,1775,1,1:36,1
2013-14,2203,Shane Battier,Shane,1610612748,MIA,Miami Heat,0041300403,2014-06-10T00:00:00,MIA vs. SAS,L,1.6,0,0,0.0,0,0,0.0,0,0,0.0,0,0,0,0,0,0,0,0,0,0,0,0,0.0,0,0,0.0,1,944,944,944,1813,1505,1728,1505,731,1136,731,998,1036,998,924,1520,1606,1185,1096,784,499,1,1,1301,1567,882,1769,155,4,1775,1,1:36,1
2013-14,201141,Greg Oden,Greg,1610612748,MIA,Miami Heat,0041300403,2014-06-10T00:00:00,MIA vs. SAS,L,1.6,0,0,0.0,0,0,0.0,0,0,0.0,0,0,0,0,0,0,0,0,0,0,0,0,0.0,0,0,0.0,1,944,944,944,1813,1505,1728,1505,731,1136,731,998,1036,998,924,1520,1606,1185,1096,784,499,1,1,1301,1567,882,1769,155,4,1775,1,1:36,1
2013-14,2544,LeBron James,LeBron,1610612748,MIA,Miami Heat,0041300402,2014-06-08T00:00:00,MIA @ SAS,W,37.6,14,22,0.636,3,3,1.0,4,5,0.8,2,8,10,3,4,2,0,0,3,7,35,11,53.5,1,0,55.0,1,1,1,1,309,7,44,294,75,477,1,230,281,498,226,93,102,363,70,115,499,1,1177,64,15,248,52,1,4,26,1,37:36,1
2013-14,1495,Tim Duncan,Tim,1610612759,SAS,San Antonio Spurs,0041300402,2014-06-08T00:00:00,SAS vs. MIA,L,37.925,7,14,0.5,0,0,0.0,4,8,0.5,7,8,15,1,3,0,1,0,2,6,18,2,37.5,1,0,36.0,1,944,944,944,290,226,271,534,731,1136,731,230,91,751,7,93,14,791,143,784,171,1,801,102,279,707,235,1,4,221,1,37:56,1
2013-14,2225,Tony Parker,Tony,1610612759,SAS,San Antonio Spurs,0041300402,2014-06-08T00:00:00,SAS vs. MIA,L,35.2,8,15,0.533,2,4,0.5,3,6,0.5,0,0,0,7,1,1,0,0,1,6,21,-1,33.5,0,0,32.0,1,944,944,944,430,152,229,515,185,336,201,345,180,751,924,1520,1606,64,618,305,499,1,394,102,196,1010,338,155,4,311,1,35:12,1
2013-14,1938,Manu Ginobili,Manu,1610612759,SAS,San Antonio Spurs,0041300402,2014-06-08T00:00:00,SAS vs. MIA,L,27.716666666666665,7,15,0.467,2,7,0.286,3,3,1.0,0,2,2,4,3,1,0,0,3,1,19,4,27.4,0,0,29.0,1,944,944,944,755,226,229,801,185,67,598,345,538,1,924,860,1057,237,143,305,499,1,1177,915,247,576,516,155,4,404,1,27:43,1
2013-14,2547,Chris Bosh,Chris,1610612748,MIA,Miami Heat,0041300402,2014-06-08T00:00:00,MIA @ SAS,W,36.2,6,11,0.545,1,2,0.5,5,6,0.833,1,2,3,2,0,1,1,0,2,5,18,-11,30.6,0,0,28.0,1,1,1,1,373,330,459,485,388,651,201,166,180,458,449,860,831,529,1096,305,171,1,801,175,279,1612,404,155,4,434,1,36:12,1
2013-14,2548,Dwyane Wade,Dwyane,1610612748,MIA,Miami Heat,0041300402,2014-06-08T00:00:00,MIA @ SAS,W,33.95,5,9,0.556,0,0,0.0,4,4,1.0,0,7,7,4,5,1,0,0,1,2,14,-8,26.4,0,0,27.0,1,1,1,1,481,458,622,455,731,1136,731,230,347,1,924,144,285,237,29,305,499,1,394,610,495,1487,552,155,4,468,1,33:57,1
2013-14,2564,Boris Diaw,Boris,1610612759,SAS,San Antonio Spurs,0041300402,2014-06-08T00:00:00,SAS vs. MIA,L,32.035,3,9,0.333,1,2,0.5,0,0,0.0,3,7,10,5,1,1,0,0,0,1,7,-5,28.5,0,0,25.0,1,944,944,944,565,783,622,1129,388,651,201,998,1036,998,114,144,102,151,618,305,499,1,1,915,944,1316,476,155,4,543,1,32:02,1
2013-14,1740,Rashard Lewis,Rashard,1610612748,MIA,Miami Heat,0041300402,2014-06-08T00:00:00,MIA @ SAS,W,25.573333333333334,5,9,0.556,3,7,0.429,1,2,0.5,0,1,1,1,0,0,1,0,3,1,14,8,19.7,0,0,21.0,1,1,1,1,842,458,622,455,75,67,409,783,621,751,924,1162,1328,791,1096,784,171,1,1177,915,495,374,797,155,4,693,1,25:34,1
2013-14,951,Ray Allen,Ray,1610612748,MIA,Miami Heat,0041300402,2014-06-08T00:00:00,MIA @ SAS,W,33.11666666666667,4,7,0.571,1,3,0.333,0,0,0.0,2,1,3,1,0,2,1,0,1,0,9,9,23.1,0,0,20.0,1,1,1,1,517,599,811,418,388,477,485,998,1036,998,226,1162,831,791,1096,115,171,1,394,1301,777,334,669,155,4,731,1,33:07,1
2013-14,202695,Kawhi Leonard,Kawhi,1610612759,SAS,San Antonio Spurs,0041300402,2014-06-08T00:00:00,SAS vs. MIA,L,31.53,3,9,0.333,2,3,0.667,1,2,0.5,0,2,2,3,0,1,0,1,6,1,9,-6,18.9,0,0,18.0,1,944,944,944,587,783,622,1129,185,477,112,783,621,751,924,860,1057,363,1096,305,499,1343,1865,915,777,1382,827,155,4,815,1,31:32,1
2013-14,201168,Tiago Splitter,Tiago,1610612759,SAS,San Antonio Spurs,0041300402,2014-06-08T00:00:00,SAS vs. MIA,L,19.108333333333334,1,3,0.333,0,0,0.0,0,0,0.0,1,5,6,5,1,1,0,1,3,1,2,1,18.7,0,0,15.0,1,944,944,944,1111,1208,1273,1129,731,1136,731,998,1036,998,449,320,388,151,618,305,499,1343,1177,915,1377,796,837,155,4,947,1,19:07,1
2013-14,201980,Danny Green,Danny,1610612759,SAS,San Antonio Spurs,0041300402,2014-06-08T00:00:00,SAS vs. MIA,L,17.828333333333333,3,5,0.6,2,3,0.667,1,1,1.0,0,1,1,0,0,1,0,1,3,0,9,0,13.2,0,0,14.0,1,944,944,944,1176,783,1021,335,185,477,112,783,968,1,924,1162,1328,1185,1096,305,499,1343,1177,1301,777,882,1068,155,4,992,1,17:50,1
2013-14,201596,Mario Chalmers,Mario,1610612748,MIA,Miami Heat,0041300402,2014-06-08T00:00:00,MIA @ SAS,W,31.21,2,4,0.5,0,1,0.0,1,2,0.5,0,3,3,4,1,0,0,0,3,2,5,5,13.6,0,0,12.0,1,1,1,1,600,987,1145,534,731,887,731,783,621,751,924,632,831,237,618,784,499,1,1177,610,1095,522,1048,155,4,1085,1,31:13,1
2013-14,2365,Chris Andersen,Chris,1610612748,MIA,Miami Heat,0041300402,2014-06-08T00:00:00,MIA @ SAS,W,24.133333333333333,1,4,0.25,0,0,0.0,1,2,0.5,0,9,9,0,2,0,0,1,3,3,3,-1,11.8,0,0,12.0,1,1,1,1,905,1208,1145,1349,731,1136,731,783,621,751,924,47,151,1185,298,784,499,1343,1177,413,1282,1010,1134,155,4,1085,1,24:08,1
2013-14,201988,Patty Mills,Patty,1610612759,SAS,San Antonio Spurs,0041300402,2014-06-08T00:00:00,SAS vs. MIA,L,15.183333333333334,3,7,0.429,2,3,0.667,0,0,0.0,0,0,0,0,0,0,0,0,1,3,8,-1,8.0,0,0,10.0,1,944,944,944,1290,783,811,891,185,477,112,998,1036,998,924,1520,1606,1185,1096,784,499,1,394,413,858,1010,1341,155,4,1187,1,15:11,1
2013-14,201158,Marco Belinelli,Marco,1610612759,SAS,San Antonio Spurs,0041300402,2014-06-08T00:00:00,SAS vs. MIA,L,22.391666666666666,1,5,0.2,1,4,0.25,0,0,0.0,0,1,1,1,2,1,0,0,0,1,3,-7,6.7,0,0,8.0,1,944,944,944,977,1208,1021,1438,388,336,614,998,1036,998,924,1162,1328,791,298,305,499,1,1,915,1282,1440,1399,155,4,1289,1,22:24,1
2013-14,202708,Norris Cole,Norris,1610612748,MIA,Miami Heat,0041300402,2014-06-08T00:00:00,MIA @ SAS,W,10.633333333333333,0,2,0.0,0,1,0.0,0,0,0.0,0,2,2,1,1,0,0,0,2,0,0,-3,2.9,0,0,3.0,1,1,1,1,1474,1505,1415,1505,731,887,731,998,1036,998,924,860,1057,791,618,784,499,1,801,1301,1567,1183,1615,155,4,1573,1,10:38,1
2013-14,2592,James Jones,James,1610612748,MIA,Miami Heat,0041300402,2014-06-08T00:00:00,MIA @ SAS,W,6.818333333333333,0,2,0.0,0,2,0.0,0,0,0.0,0,0,0,0,0,0,0,0,1,0,0,3,0.0,0,0,0.0,1,1,1,1,1594,1505,1415,1505,731,651,731,998,1036,998,924,1520,1606,1185,1096,784,499,1,394,1301,1567,639,1769,155,4,1775,1,6:49,1
2013-14,2588,Matt Bonner,Matt,1610612759,SAS,San Antonio Spurs,0041300402,2014-06-08T00:00:00,SAS vs. MIA,L,1.0816666666666668,0,0,0.0,0,0,0.0,0,0,0.0,0,0,0,0,0,0,0,0,1,0,0,3,0.0,0,0,0.0,1,944,944,944,1841,1505,1728,1505,731,1136,731,998,1036,998,924,1520,1606,1185,1096,784,499,1,394,1301,1567,639,1769,155,4,1775,1,1:05,1
2013-14,2617,Udonis Haslem,Udonis,1610612748,MIA,Miami Heat,0041300402,2014-06-08T00:00:00,MIA @ SAS,W,0.765,0,0,0.0,0,0,0.0,0,0,0.0,0,0,0,0,0,0,0,0,1,0,0,-3,0.0,0,0,0.0,1,1,1,1,1860,1505,1728,1505,731,1136,731,998,1036,998,924,1520,1606,1185,1096,784,499,1,394,1301,1567,1183,1769,155,4,1775,1,0:46,1
2013-14,1938,Manu Ginobili,Manu,1610612759,SAS,San Antonio Spurs,0041300401,2014-06-05T00:00:00,SAS vs. MIA,W,32.166666666666664,5,10,0.5,3,6,0.5,3,3,1.0,0,5,5,11,2,3,1,0,3,6,16,22,48.5,1,0,43.0,1,1,1,1,560,458,537,534,75,128,201,345,538,1,924,320,496,11,298,43,171,1,1177,102,361,43,79,1,4,113,1,32:10,1
2013-14,2544,LeBron James,LeBron,1610612748,MIA,Miami Heat,0041300401,2014-06-05T00:00:00,MIA @ SAS,L,32.88333333333333,9,17,0.529,2,3,0.667,5,6,0.833,3,3,6,3,4,3,0,2,1,5,25,0,41.7,0,0,42.0,1,944,944,944,533,101,162,523,185,477,112,166,180,458,114,632,388,363,70,43,499,1748,394,175,107,882,154,155,4,118,1,32:53,1
2013-14,951,Ray Allen,Ray,1610612748,MIA,Miami Heat,0041300401,2014-06-05T00:00:00,MIA @ SAS,L,32.333333333333336,6,12,0.5,3,8,0.375,1,2,0.5,0,3,3,3,0,5,0,0,4,1,16,-11,39.1,0,0,35.0,1,944,944,944,553,330,391,534,75,36,471,783,621,751,924,632,831,363,1096,5,499,1,1541,915,361,1612,203,155,4,238,1,32:20,1
2013-14,1495,Tim Duncan,Tim,1610612759,SAS,San Antonio Spurs,0041300401,2014-06-05T00:00:00,SAS vs. MIA,W,33.15,9,10,0.9,0,0,0.0,3,4,0.75,1,9,10,3,5,0,0,0,2,3,21,10,32.5,1,0,34.0,1,1,1,1,516,101,537,99,731,1136,731,345,347,542,449,47,102,363,29,784,499,1,801,413,196,294,364,1,4,258,1,33:09,1
2013-14,2225,Tony Parker,Tony,1610612759,SAS,San Antonio Spurs,0041300401,2014-06-05T00:00:00,SAS vs. MIA,W,36.6,8,15,0.533,2,2,1.0,1,2,0.5,0,0,0,8,4,1,0,1,1,2,19,13,30.0,0,0,31.0,1,1,1,1,351,152,229,515,185,651,1,783,621,751,924,1520,1606,42,70,305,499,1343,394,610,247,188,423,155,4,354,1,36:36,1
2013-14,2547,Chris Bosh,Chris,1610612748,MIA,Miami Heat,0041300401,2014-06-05T00:00:00,MIA @ SAS,L,33.56666666666667,7,11,0.636,3,4,0.75,1,1,1.0,2,7,9,1,2,0,0,0,2,2,18,-12,28.3,0,0,31.0,1,944,944,944,497,226,459,294,75,336,93,783,968,1,226,144,151,791,298,784,499,1,801,610,279,1660,485,155,4,354,1,33:34,1
2013-14,2548,Dwyane Wade,Dwyane,1610612748,MIA,Miami Heat,0041300401,2014-06-05T00:00:00,MIA @ SAS,L,33.03333333333333,8,18,0.444,1,3,0.333,2,2,1.0,2,1,3,2,2,1,0,1,4,1,19,-18,26.6,0,0,27.0,1,944,944,944,523,152,125,849,388,477,485,500,621,1,226,1162,831,529,298,305,499,1343,1541,915,247,1808,547,155,4,468,1,33:02,1
2013-14,201980,Danny Green,Danny,1610612759,SAS,San Antonio Spurs,0041300401,2014-06-05T00:00:00,SAS vs. MIA,W,28.133333333333333,4,9,0.444,3,7,0.429,2,2,1.0,1,2,3,1,1,2,1,0,2,1,13,2,26.1,0,0,26.0,1,1,1,1,733,599,622,849,75,67,409,500,621,1,449,860,831,791,618,115,171,1,801,915,552,707,560,155,4,506,1,28:08,1
2013-14,201168,Tiago Splitter,Tiago,1610612759,SAS,San Antonio Spurs,0041300401,2014-06-05T00:00:00,SAS vs. MIA,W,23.25,5,6,0.833,0,0,0.0,4,5,0.8,0,4,4,0,4,0,2,0,1,5,14,1,20.8,0,0,22.0,1,1,1,1,939,458,915,112,731,1136,731,230,281,498,924,457,643,1185,70,784,70,1,394,175,495,796,746,155,4,657,1,23:15,1
2013-14,2564,Boris Diaw,Boris,1610612759,SAS,San Antonio Spurs,0041300401,2014-06-05T00:00:00,SAS vs. MIA,W,33.11666666666667,1,5,0.2,0,1,0.0,0,0,0.0,2,8,10,6,1,0,0,1,1,1,2,30,22.0,0,0,18.0,1,1,1,1,517,1208,1021,1438,731,887,731,998,1036,998,226,93,102,102,618,784,499,1343,394,915,1377,6,700,155,4,815,1,33:07,1
2013-14,202695,Kawhi Leonard,Kawhi,1610612759,SAS,San Antonio Spurs,0041300401,2014-06-05T00:00:00,SAS vs. MIA,W,23.55,3,5,0.6,2,3,0.667,1,2,0.5,0,2,2,0,4,1,0,0,3,1,9,11,10.4,0,0,15.0,1,1,1,1,932,783,1021,335,185,477,112,783,621,751,924,860,1057,1185,70,305,499,1,1177,915,777,248,1206,155,4,947,1,23:33,1
2013-14,202708,Norris Cole,Norris,1610612748,MIA,Miami Heat,0041300401,2014-06-05T00:00:00,MIA @ SAS,L,29.083333333333332,1,4,0.25,0,3,0.0,0,0,0.0,0,3,3,5,2,2,0,0,3,0,2,-11,17.1,0,0,14.0,1,944,944,944,689,1208,1145,1349,731,477,731,998,1036,998,924,632,831,151,298,115,499,1,1177,1301,1377,1612,896,155,4,992,1,29:05,1
2013-14,201596,Mario Chalmers,Mario,1610612748,MIA,Miami Heat,0041300401,2014-06-05T00:00:00,MIA @ SAS,L,17.233333333333334,1,3,0.333,1,1,1.0,0,0,0.0,0,1,1,1,5,3,1,0,5,3,3,-3,12.7,0,0,14.0,1,944,944,944,1201,1208,1273,1129,388,887,1,998,1036,998,924,1162,1328,791,29,43,171,1,1747,413,1282,1183,1098,155,4,992,1,17:14,1
2013-14,201158,Marco Belinelli,Marco,1610612759,SAS,San Antonio Spurs,0041300401,2014-06-05T00:00:00,SAS vs. MIA,W,18.416666666666668,2,3,0.667,2,3,0.667,3,4,0.75,0,2,2,1,1,0,0,0,1,2,9,-11,11.9,0,0,14.0,1,1,1,1,1143,987,1273,209,185,477,112,345,347,542,924,860,1057,791,618,784,499,1,394,610,777,1612,1131,155,4,992,1,18:25,1
2013-14,201988,Patty Mills,Patty,1610612759,SAS,San Antonio Spurs,0041300401,2014-06-05T00:00:00,SAS vs. MIA,W,11.616666666666667,3,5,0.6,1,3,0.333,0,0,0.0,1,2,3,0,0,1,0,0,0,0,7,-3,13.6,0,0,13.0,1,1,1,1,1441,783,1021,335,388,477,485,998,1036,998,449,860,831,1185,1096,305,499,1,1,1301,944,1183,1048,155,4,1036,1,11:37,1
2013-14,1740,Rashard Lewis,Rashard,1610612748,MIA,Miami Heat,0041300401,2014-06-05T00:00:00,MIA @ SAS,L,30.633333333333333,4,10,0.4,2,6,0.333,0,0,0.0,0,0,0,0,0,0,0,0,1,1,10,-20,10.0,0,0,12.0,1,944,944,944,617,599,537,970,185,128,485,998,1036,998,924,1520,1606,1185,1096,784,499,1,394,915,720,1842,1234,155,4,1085,1,30:38,1
2013-14,2365,Chris Andersen,Chris,1610612748,MIA,Miami Heat,0041300401,2014-06-05T00:00:00,MIA @ SAS,L,17.533333333333335,1,2,0.5,0,0,0.0,0,0,0.0,0,3,3,0,1,0,1,1,0,1,2,-1,7.6,0,0,7.0,1,944,944,944,1186,1208,1415,534,731,1136,731,998,1036,998,924,632,831,1185,618,784,171,1343,1,915,1377,1010,1354,155,4,1343,1,17:32,1
2013-14,2203,Shane Battier,Shane,1610612748,MIA,Miami Heat,0041300401,2014-06-05T00:00:00,MIA @ SAS,L,13.7,0,1,0.0,0,1,0.0,0,0,0.0,0,1,1,1,0,0,0,0,1,0,0,1,2.7,0,0,2.0,1,944,944,944,1352,1505,1565,1505,731,887,731,998,1036,998,924,1162,1328,791,1096,784,499,1,394,1301,1567,796,1620,155,4,1628,1,13:42,1
2013-14,201566,Russell Westbrook,Russell,1610612760,OKC,Oklahoma City Thunder,0041300316,2014-05-31T00:00:00,OKC vs. SAS,L,43.593333333333334,8,23,0.348,1,6,0.167,17,18,0.944,0,7,7,8,7,6,0,2,5,10,34,12,65.4,0,0,62.0,1,944,944,944,67,152,28,1126,388,128,702,1,2,400,924,144,285,42,3,1,499,1748,1747,9,18,210,5,155,4,5,1,43:36,1
2013-14,201142,Kevin Durant,Kevin,1610612760,OKC,Oklahoma City Thunder,0041300316,2014-05-31T00:00:00,OKC vs. SAS,L,51.795,12,25,0.48,2,8,0.25,5,7,0.714,4,10,14,2,7,1,3,1,3,7,31,-3,55.8,1,0,57.0,1,944,944,944,2,21,13,786,185,36,614,166,133,632,62,29,24,529,3,305,29,1343,1177,64,38,1183,38,1,4,18,1,51:48,1
2013-14,1495,Tim Duncan,Tim,1610612759,SAS,San Antonio Spurs,0041300316,2014-05-31T00:00:00,SAS @ OKC,W,39.02166666666667,6,14,0.429,0,0,0.0,7,8,0.875,5,11,16,3,0,2,1,3,2,5,19,10,51.7,1,0,44.0,1,1,1,1,241,330,271,891,731,1136,731,82,91,422,30,19,11,363,1096,115,171,1865,801,175,247,294,60,1,4,102,1,39:01,1
2013-14,202695,Kawhi Leonard,Kawhi,1610612759,SAS,San Antonio Spurs,0041300316,2014-05-31T00:00:00,SAS @ OKC,W,44.28333333333333,8,21,0.381,1,5,0.2,0,0,0.0,5,6,11,4,2,1,1,0,4,4,17,-6,40.2,1,0,37.0,1,1,1,1,49,152,60,1054,388,226,669,998,1036,998,30,198,76,237,298,305,171,1,1541,272,314,1382,185,1,4,204,1,44:17,1
2013-14,2564,Boris Diaw,Boris,1610612759,SAS,San Antonio Spurs,0041300316,2014-05-31T00:00:00,SAS @ OKC,W,36.125,8,14,0.571,3,6,0.5,7,10,0.7,1,2,3,2,3,1,0,0,5,7,26,10,32.6,0,0,36.0,1,1,1,1,378,152,271,418,75,128,201,82,43,642,449,860,831,529,143,305,499,1,1747,64,93,294,359,155,4,221,1,36:08,1
2013-14,1938,Manu Ginobili,Manu,1610612759,SAS,San Antonio Spurs,0041300316,2014-05-31T00:00:00,SAS @ OKC,W,33.233333333333334,4,14,0.286,1,7,0.143,6,7,0.857,3,3,6,5,3,4,0,2,4,6,15,4,38.7,0,0,35.0,1,1,1,1,512,599,271,1299,388,67,718,117,133,439,114,632,388,151,143,15,499,1748,1541,102,427,576,210,155,4,238,1,33:14,1
2013-14,201980,Danny Green,Danny,1610612759,SAS,San Antonio Spurs,0041300316,2014-05-31T00:00:00,SAS @ OKC,W,38.01166666666666,4,12,0.333,2,6,0.333,1,1,1.0,1,3,4,3,2,4,2,2,3,1,11,15,36.3,0,0,32.0,1,1,1,1,287,599,391,1129,185,128,485,783,968,1,449,632,643,363,298,15,70,1748,1177,915,669,138,264,155,4,311,1,38:01,1
2013-14,201586,Serge Ibaka,Serge,1610612760,OKC,Oklahoma City Thunder,0041300316,2014-05-31T00:00:00,OKC vs. SAS,L,48.57,5,10,0.5,1,1,1.0,5,6,0.833,0,4,4,3,1,0,4,0,5,4,16,-10,36.3,0,0,32.0,1,944,944,944,8,458,537,534,388,887,1,166,180,458,924,457,643,363,618,784,10,1,1747,272,361,1568,264,155,4,311,1,48:34,1
2013-14,202704,Reggie Jackson,Reggie,1610612760,OKC,Oklahoma City Thunder,0041300316,2014-05-31T00:00:00,OKC vs. SAS,L,46.69166666666667,8,16,0.5,3,7,0.429,2,2,1.0,2,3,5,3,2,0,0,2,6,2,21,-7,29.5,0,0,32.0,1,944,944,944,15,152,187,534,75,67,409,500,621,1,226,632,496,363,298,784,499,1748,1865,610,196,1440,441,155,4,311,1,46:42,1
2013-14,965,Derek Fisher,Derek,1610612760,OKC,Oklahoma City Thunder,0041300316,2014-05-31T00:00:00,OKC vs. SAS,L,32.49333333333333,2,4,0.5,1,2,0.5,0,0,0.0,1,5,6,1,1,1,0,0,4,1,5,-10,15.7,0,0,15.0,1,944,944,944,546,987,1145,534,388,651,201,998,1036,998,449,320,388,791,618,305,499,1,1541,915,1095,1568,951,155,4,947,1,32:30,1
2013-14,2588,Matt Bonner,Matt,1610612759,SAS,San Antonio Spurs,0041300316,2014-05-31T00:00:00,SAS @ OKC,W,13.925,2,6,0.333,2,5,0.4,0,0,0.0,0,3,3,0,1,0,0,0,3,0,6,-3,8.6,0,0,11.0,1,1,1,1,1343,987,915,1129,185,226,430,998,1036,998,924,632,831,1185,618,784,499,1,1177,1301,1001,1183,1307,155,4,1128,1,13:56,1
2013-14,2225,Tony Parker,Tony,1610612759,SAS,San Antonio Spurs,0041300316,2014-05-31T00:00:00,SAS @ OKC,W,18.858333333333334,3,6,0.5,1,2,0.5,1,2,0.5,0,2,2,0,2,0,0,0,0,2,8,-11,8.4,0,0,11.0,1,1,1,1,1122,783,915,534,388,651,201,783,621,751,924,860,1057,1185,298,784,499,1,1,610,858,1612,1321,155,4,1128,1,18:52,1
2013-14,201988,Patty Mills,Patty,1610612759,SAS,San Antonio Spurs,0041300316,2014-05-31T00:00:00,SAS @ OKC,W,18.058333333333334,0,1,0.0,0,1,0.0,0,0,0.0,0,2,2,2,1,3,0,0,2,1,0,5,13.4,0,0,10.0,1,1,1,1,1162,1505,1565,1505,731,887,731,998,1036,998,924,860,1057,529,618,43,499,1,801,915,1567,522,1058,155,4,1187,1,18:04,1
2013-14,201168,Tiago Splitter,Tiago,1610612759,SAS,San Antonio Spurs,0041300316,2014-05-31T00:00:00,SAS @ OKC,W,10.268333333333333,1,1,1.0,0,0,0.0,3,6,0.5,1,1,2,0,0,0,1,0,1,3,5,2,10.4,0,0,9.0,1,1,1,1,1484,1208,1565,1,731,1136,731,345,180,751,449,1162,1057,1185,1096,784,171,1,394,413,1095,707,1206,155,4,1237,1,10:16,1
2013-14,2570,Kendrick Perkins,Kendrick,1610612760,OKC,Oklahoma City Thunder,0041300316,2014-05-31T00:00:00,OKC vs. SAS,L,21.086666666666666,0,0,0.0,0,0,0.0,0,0,0.0,0,5,5,1,0,0,0,0,3,0,0,8,7.5,0,0,6.0,1,944,944,944,1030,1505,1728,1505,731,1136,731,998,1036,998,924,320,496,791,1096,784,499,1,1177,1301,1567,374,1360,155,4,1399,1,21:05,1
2013-14,201158,Marco Belinelli,Marco,1610612759,SAS,San Antonio Spurs,0041300316,2014-05-31T00:00:00,SAS @ OKC,W,6.116666666666666,1,2,0.5,1,2,0.5,0,0,0.0,0,0,0,0,0,0,0,0,0,0,3,-8,3.0,0,0,4.0,1,1,1,1,1627,1208,1415,534,388,651,201,998,1036,998,924,1520,1606,1185,1096,784,499,1,1,1301,1282,1487,1593,155,4,1505,1,6:07,1
2013-14,203087,Jeremy Lamb,Jeremy,1610612760,OKC,Oklahoma City Thunder,0041300316,2014-05-31T00:00:00,OKC vs. SAS,L,6.196666666666666,0,3,0.0,0,3,0.0,0,0,0.0,0,0,0,1,0,1,0,0,1,0,0,-1,4.5,0,0,3.0,1,944,944,944,1620,1505,1273,1505,731,477,731,998,1036,998,924,1520,1606,791,1096,305,499,1,394,1301,1567,1010,1504,155,4,1573,1,6:12,1
2013-14,202709,Cory Joseph,Cory,1610612759,SAS,San Antonio Spurs,0041300316,2014-05-31T00:00:00,SAS @ OKC,W,7.098333333333334,1,3,0.333,0,1,0.0,0,0,0.0,0,0,0,1,0,0,0,0,0,0,2,7,3.5,0,0,3.0,1,1,1,1,1581,1208,1273,1129,731,887,731,998,1036,998,924,1520,1606,791,1096,784,499,1,1,1301,1377,430,1562,155,4,1573,1,7:06,1
2013-14,2555,Nick Collison,Nick,1610612760,OKC,Oklahoma City Thunder,0041300316,2014-05-31T00:00:00,OKC vs. SAS,L,2.2466666666666666,0,0,0.0,0,0,0.0,0,0,0.0,0,2,2,0,0,0,0,0,1,0,0,3,2.4,0,0,2.0,1,944,944,944,1779,1505,1728,1505,731,1136,731,998,1036,998,924,860,1057,1185,1096,784,499,1,394,1301,1567,639,1632,155,4,1628,1,2:15,1
2013-14,203500,Steven Adams,Steven,1610612760,OKC,Oklahoma City Thunder,0041300316,2014-05-31T00:00:00,OKC vs. SAS,L,12.08,0,1,0.0,0,0,0.0,0,0,0.0,0,2,2,0,1,0,0,0,1,0,0,-17,1.4,0,0,2.0,1,944,944,944,1414,1505,1565,1505,731,1136,731,998,1036,998,924,860,1057,1185,618,784,499,1,394,1301,1567,1789,1690,155,4,1628,1,12:05,1
2013-14,203103,Perry Jones III,Perry,1610612760,OKC,Oklahoma City Thunder,0041300316,2014-05-31T00:00:00,OKC vs. SAS,L,0.17166666666666666,0,0,0.0,0,0,0.0,0,0,0.0,0,0,0,0,0,0,0,0,0,0,0,0,0.0,0,0,0.0,1,944,944,944,1886,1505,1728,1505,731,1136,731,998,1036,998,924,1520,1606,1185,1096,784,499,1,1,1301,1567,882,1769,155,4,1775,1,0:10,1
2013-14,200757,Thabo Sefolosha,Thabo,1610612760,OKC,Oklahoma City Thunder,0041300316,2014-05-31T00:00:00,OKC vs. SAS,L,0.075,0,0,0.0,0,0,0.0,0,0,0.0,0,0,0,0,0,0,0,0,0,0,0,0,0.0,0,0,0.0,1,944,944,944,1896,1505,1728,1505,731,1136,731,998,1036,998,924,1520,1606,1185,1096,784,499,1,1,1301,1567,882,1769,155,4,1775,1,0:05,1
2013-14,202331,Paul George,Paul,1610612754,IND,Indiana Pacers,0041300306,2014-05-30T00:00:00,IND @ MIA,L,41.28333333333333,8,18,0.444,5,10,0.5,8,10,0.8,0,8,8,2,1,2,1,1,3,8,29,-28,49.6,0,0,50.0,1,944,944,944,142,152,125,849,14,10,201,53,43,498,924,93,213,529,618,115,171,1343,1177,40,55,1898,73,155,4,49,1,41:17,1
2013-14,2547,Chris Bosh,Chris,1610612748,MIA,Miami Heat,0041300306,2014-05-30T00:00:00,MIA vs. IND,W,28.85,10,14,0.714,1,2,0.5,4,6,0.667,3,5,8,0,0,1,2,0,3,5,25,18,43.6,0,0,40.0,1,1,1,1,701,58,271,184,388,651,201,230,180,646,114,320,213,1185,1096,305,70,1,1177,175,107,83,131,155,4,143,1,28:51,1
2013-14,2544,LeBron James,LeBron,1610612748,MIA,Miami Heat,0041300306,2014-05-30T00:00:00,MIA vs. IND,W,31.65,8,12,0.667,0,0,0.0,9,9,1.0,1,3,4,6,2,1,1,0,1,8,25,27,42.8,0,0,39.0,1,1,1,1,580,152,391,209,731,1136,731,30,67,1,449,632,643,102,298,305,171,1,394,40,107,14,144,155,4,163,1,31:39,1
2013-14,2548,Dwyane Wade,Dwyane,1610612748,MIA,Miami Heat,0041300306,2014-05-30T00:00:00,MIA vs. IND,W,25.15,6,12,0.5,1,3,0.333,0,0,0.0,0,6,6,6,0,2,0,1,2,0,13,18,35.2,0,0,30.0,1,1,1,1,861,330,391,534,388,477,485,998,1036,998,924,198,388,102,1096,115,499,1343,801,1301,552,83,284,155,4,378,1,25:09,1
2013-14,201588,George Hill,George,1610612754,IND,Indiana Pacers,0041300306,2014-05-30T00:00:00,IND @ MIA,L,36.016666666666666,4,11,0.364,0,3,0.0,1,3,0.333,2,5,7,3,2,2,0,2,0,4,9,-28,25.9,0,0,23.0,1,944,944,944,389,599,459,1094,731,477,731,783,538,970,226,320,285,363,298,115,499,1748,1,272,777,1898,573,155,4,619,1,36:01,1
2013-14,1740,Rashard Lewis,Rashard,1610612748,MIA,Miami Heat,0041300306,2014-05-30T00:00:00,MIA vs. IND,W,25.466666666666665,5,11,0.455,3,7,0.429,0,0,0.0,0,2,2,0,0,1,1,0,1,0,13,23,21.4,0,0,22.0,1,1,1,1,845,458,459,821,75,67,409,998,1036,998,924,860,1057,1185,1096,305,171,1,394,1301,552,31,718,155,4,657,1,25:28,1
2013-14,2561,David West,David,1610612754,IND,Indiana Pacers,0041300306,2014-05-30T00:00:00,IND @ MIA,L,33.666666666666664,8,11,0.727,0,1,0.0,0,0,0.0,0,4,4,1,3,0,0,0,6,1,16,-25,19.3,0,0,21.0,1,944,944,944,493,152,459,180,731,887,731,998,1036,998,924,457,643,791,143,784,499,1,1865,915,361,1888,812,155,4,693,1,33:40,1
2013-14,2365,Chris Andersen,Chris,1610612748,MIA,Miami Heat,0041300306,2014-05-30T00:00:00,MIA vs. IND,W,12.583333333333334,4,4,1.0,0,0,0.0,1,2,0.5,2,8,10,0,0,0,0,0,1,2,9,7,21.0,0,0,19.0,1,1,1,1,1395,599,1145,1,731,1136,731,783,621,751,226,93,102,1185,1096,784,499,1,394,610,777,430,736,155,4,773,1,12:35,1
2013-14,202362,Lance Stephenson,Lance,1610612754,IND,Indiana Pacers,0041300306,2014-05-30T00:00:00,IND @ MIA,L,36.46666666666667,4,9,0.444,3,6,0.5,0,0,0.0,0,4,4,1,2,0,0,0,3,1,11,-21,15.3,0,0,19.0,1,944,944,944,359,599,622,849,75,128,201,998,1036,998,924,457,643,791,298,784,499,1,1177,915,669,1850,977,155,4,773,1,36:28,1
2013-14,201579,Roy Hibbert,Roy,1610612754,IND,Indiana Pacers,0041300306,2014-05-30T00:00:00,IND @ MIA,L,31.9,1,3,0.333,0,0,0.0,6,6,1.0,2,1,3,3,2,0,1,0,4,5,8,-22,17.1,0,0,16.0,1,944,944,944,572,1208,1273,1129,731,1136,731,117,180,1,226,1162,831,363,298,784,171,1,1541,175,858,1865,896,155,4,901,1,31:54,1
2013-14,201596,Mario Chalmers,Mario,1610612748,MIA,Miami Heat,0041300306,2014-05-30T00:00:00,MIA vs. IND,W,31.833333333333332,2,6,0.333,0,1,0.0,0,0,0.0,1,1,2,4,2,1,0,1,3,0,4,11,13.4,0,0,12.0,1,1,1,1,575,987,915,1129,731,887,731,998,1036,998,449,1162,1057,237,298,305,499,1343,1177,1301,1173,248,1058,155,4,1085,1,31:50,1
2013-14,201962,Toney Douglas,Toney,1610612748,MIA,Miami Heat,0041300306,2014-05-30T00:00:00,MIA vs. IND,W,8.016666666666667,2,2,1.0,2,2,1.0,0,0,0.0,1,0,1,3,0,0,0,0,1,0,6,-5,11.7,0,0,12.0,1,1,1,1,1554,987,1415,1,185,651,1,998,1036,998,449,1520,1328,363,1096,784,499,1,394,1301,1001,1316,1141,155,4,1085,1,8:01,1
2013-14,202388,Donald Sloan,Donald,1610612754,IND,Indiana Pacers,0041300306,2014-05-30T00:00:00,IND @ MIA,L,4.55,1,3,0.333,1,2,0.5,2,4,0.5,0,0,0,3,1,1,0,0,0,2,5,4,11.5,0,0,11.0,1,944,944,944,1673,1208,1273,1129,388,651,201,500,347,751,924,1520,1606,363,618,305,499,1,1,610,1095,576,1150,155,4,1128,1,4:33,1
2013-14,2203,Shane Battier,Shane,1610612748,MIA,Miami Heat,0041300306,2014-05-30T00:00:00,MIA vs. IND,W,21.783333333333335,2,3,0.667,2,3,0.667,2,2,1.0,0,0,0,0,2,0,0,0,3,1,8,3,6.0,0,0,10.0,1,1,1,1,1000,987,1273,209,185,477,112,500,621,1,924,1520,1606,1185,298,784,499,1,1177,915,858,639,1430,155,4,1187,1,21:47,1
2013-14,2617,Udonis Haslem,Udonis,1610612748,MIA,Miami Heat,0041300306,2014-05-30T00:00:00,MIA vs. IND,W,6.566666666666666,3,3,1.0,0,0,0.0,0,0,0.0,0,1,1,0,0,0,0,0,2,0,6,0,7.2,0,0,7.0,1,1,1,1,1607,783,1273,1,731,1136,731,998,1036,998,924,1162,1328,1185,1096,784,499,1,801,1301,1001,882,1378,155,4,1343,1,6:34,1
2013-14,203142,Chris Copeland,Chris,1610612754,IND,Indiana Pacers,0041300306,2014-05-30T00:00:00,IND @ MIA,L,16.75,2,6,0.333,1,3,0.333,1,1,1.0,0,0,0,0,0,0,0,1,1,1,6,7,6.0,0,0,7.0,1,944,944,944,1222,987,915,1129,388,477,485,783,968,1,924,1520,1606,1185,1096,784,499,1343,394,915,1001,430,1430,155,4,1343,1,16:45,1
2013-14,951,Ray Allen,Ray,1610612748,MIA,Miami Heat,0041300306,2014-05-30T00:00:00,MIA vs. IND,W,26.633333333333333,1,4,0.25,1,3,0.333,0,0,0.0,0,1,1,2,2,0,0,0,3,0,3,14,5.2,0,0,7.0,1,1,1,1,798,1208,1145,1349,388,477,485,998,1036,998,924,1162,1328,529,298,784,499,1,1177,1301,1282,163,1471,155,4,1343,1,26:38,1
2013-14,2592,James Jones,James,1610612748,MIA,Miami Heat,0041300306,2014-05-30T00:00:00,MIA vs. IND,W,4.55,1,3,0.333,1,3,0.333,0,0,0.0,0,1,1,0,0,0,0,0,0,0,3,-4,4.2,0,0,5.0,1,1,1,1,1673,1208,1273,1129,388,477,485,998,1036,998,924,1162,1328,1185,1096,784,499,1,1,1301,1282,1256,1522,155,4,1446,1,4:33,1
2013-14,201141,Greg Oden,Greg,1610612748,MIA,Miami Heat,0041300306,2014-05-30T00:00:00,MIA vs. IND,W,4.55,0,0,0.0,0,0,0.0,0,0,0.0,0,1,1,1,0,1,0,0,1,0,0,-4,5.7,0,0,4.0,1,1,1,1,1673,1505,1728,1505,731,1136,731,998,1036,998,924,1162,1328,791,1096,305,499,1,394,1301,1567,1256,1442,155,4,1505,1,4:33,1
2013-14,201228,C.J. Watson,C.J.,1610612754,IND,Indiana Pacers,0041300306,2014-05-30T00:00:00,IND @ MIA,L,18.966666666666665,1,2,0.5,0,0,0.0,0,0,0.0,0,1,1,1,0,0,0,0,0,0,2,-5,4.7,0,0,4.0,1,944,944,944,1120,1208,1415,534,731,1136,731,998,1036,998,924,1162,1328,791,1096,784,499,1,1,1301,1377,1316,1490,155,4,1505,1,18:58,1
2013-14,202708,Norris Cole,Norris,1610612748,MIA,Miami Heat,0041300306,2014-05-30T00:00:00,MIA vs. IND,W,12.366666666666667,0,2,0.0,0,2,0.0,2,2,1.0,0,0,0,2,1,0,0,0,1,1,2,17,4.0,0,0,4.0,1,1,1,1,1405,1505,1415,1505,731,651,731,500,621,1,924,1520,1606,529,618,784,499,1,394,915,1377,100,1538,155,4,1505,1,12:22,1
2013-14,2446,Rasual Butler,Rasual,1610612754,IND,Indiana Pacers,0041300306,2014-05-30T00:00:00,IND @ MIA,L,6.716666666666667,1,1,1.0,0,0,0.0,0,0,0.0,0,1,1,0,0,0,0,0,0,0,2,3,3.2,0,0,3.0,1,944,944,944,1601,1208,1565,1,731,1136,731,998,1036,998,924,1162,1328,1185,1096,784,499,1,1,1301,1377,639,1574,155,4,1573,1,6:43,1
2013-14,202730,Lavoy Allen,Lavoy,1610612754,IND,Indiana Pacers,0041300306,2014-05-30T00:00:00,IND @ MIA,L,4.55,1,1,1.0,0,0,0.0,0,0,0.0,0,0,0,0,0,0,0,0,0,0,2,4,2.0,0,0,2.0,1,944,944,944,1673,1208,1565,1,731,1136,731,998,1036,998,924,1520,1606,1185,1096,784,499,1,1,1301,1377,576,1652,155,4,1628,1,4:33,1
2013-14,2449,Luis Scola,Luis,1610612754,IND,Indiana Pacers,0041300306,2014-05-30T00:00:00,IND @ MIA,L,6.966666666666667,1,4,0.25,0,0,0.0,0,0,0.0,0,0,0,0,0,0,0,0,0,0,2,-13,2.0,0,0,2.0,1,944,944,944,1588,1208,1145,1349,731,1136,731,998,1036,998,924,1520,1606,1185,1096,784,499,1,1,1301,1377,1687,1652,155,4,1628,1,6:58,1
2013-14,101133,Ian Mahinmi,Ian,1610612754,IND,Indiana Pacers,0041300306,2014-05-30T00:00:00,IND @ MIA,L,2.1666666666666665,0,0,0.0,0,0,0.0,0,0,0.0,0,0,0,0,0,0,0,0,0,0,0,-1,0.0,0,0,0.0,1,944,944,944,1791,1505,1728,1505,731,1136,731,998,1036,998,924,1520,1606,1185,1096,784,499,1,1,1301,1567,1010,1769,155,4,1775,1,2:10,1
2013-14,201566,Russell Westbrook,Russell,1610612760,OKC,Oklahoma City Thunder,0041300315,2014-05-29T00:00:00,OKC @ SAS,L,30.8,6,12,0.5,2,6,0.333,7,9,0.778,0,4,4,7,2,3,0,0,3,6,21,-16,43.3,0,0,40.0,1,944,944,944,615,330,391,534,185,128,485,82,67,533,924,457,643,64,298,43,499,1,1177,102,196,1771,141,155,4,143,1,30:48,1
2013-14,1495,Tim Duncan,Tim,1610612759,SAS,San Antonio Spurs,0041300315,2014-05-29T00:00:00,SAS vs. OKC,W,29.833333333333332,8,13,0.615,0,0,0.0,6,7,0.857,2,10,12,2,2,0,1,1,2,6,22,18,40.4,1,0,38.0,1,1,1,1,651,152,325,324,731,1136,731,117,133,439,226,29,58,529,298,784,171,1343,801,102,166,83,175,1,4,178,1,29:50,1
2013-14,201142,Kevin Durant,Kevin,1610612760,OKC,Oklahoma City Thunder,0041300315,2014-05-29T00:00:00,OKC @ SAS,L,36.983333333333334,11,21,0.524,2,6,0.333,1,4,0.25,1,4,5,2,1,1,1,1,0,4,25,-22,39.0,0,0,38.0,1,944,944,944,334,36,60,529,185,128,485,783,347,984,449,457,496,529,618,305,171,1343,1,272,107,1865,205,155,4,178,1,36:59,1
2013-14,1938,Manu Ginobili,Manu,1610612759,SAS,San Antonio Spurs,0041300315,2014-05-29T00:00:00,SAS vs. OKC,W,21.16,7,9,0.778,3,4,0.75,2,2,1.0,0,4,4,6,0,0,0,1,2,3,19,15,32.8,0,0,32.0,1,1,1,1,1026,226,622,138,75,336,93,500,621,1,924,457,643,102,1096,784,499,1343,801,413,247,138,352,155,4,311,1,21:10,1
2013-14,202695,Kawhi Leonard,Kawhi,1610612759,SAS,San Antonio Spurs,0041300315,2014-05-29T00:00:00,SAS vs. OKC,W,32.61666666666667,4,7,0.571,1,2,0.5,5,5,1.0,1,6,7,2,1,2,0,1,3,4,14,22,30.4,0,0,28.0,1,1,1,1,542,599,811,418,388,651,201,166,281,1,449,198,285,529,618,115,499,1343,1177,272,495,43,409,155,4,434,1,32:37,1
2013-14,2564,Boris Diaw,Boris,1610612759,SAS,San Antonio Spurs,0041300315,2014-05-29T00:00:00,SAS vs. OKC,W,28.166666666666668,4,7,0.571,2,2,1.0,3,4,0.75,3,3,6,3,2,1,1,0,0,3,13,19,28.7,0,0,28.0,1,1,1,1,731,599,811,418,185,651,1,345,347,542,114,632,388,363,298,305,171,1,1,413,552,74,472,155,4,434,1,28:10,1
2013-14,201980,Danny Green,Danny,1610612759,SAS,San Antonio Spurs,0041300315,2014-05-29T00:00:00,SAS vs. OKC,W,22.39,4,9,0.444,4,8,0.5,2,2,1.0,1,3,4,1,1,1,1,0,2,1,14,14,25.3,0,0,27.0,1,1,1,1,978,599,622,849,31,36,201,500,621,1,449,632,643,791,618,305,171,1,801,915,495,163,597,155,4,468,1,22:23,1
2013-14,2225,Tony Parker,Tony,1610612759,SAS,San Antonio Spurs,0041300315,2014-05-29T00:00:00,SAS vs. OKC,W,29.583333333333332,6,13,0.462,0,1,0.0,0,0,0.0,1,3,4,4,2,1,0,0,1,1,12,13,23.8,0,0,22.0,1,1,1,1,659,330,325,805,731,887,731,998,1036,998,449,632,643,237,298,305,499,1,394,915,601,188,650,155,4,657,1,29:35,1
2013-14,202704,Reggie Jackson,Reggie,1610612760,OKC,Oklahoma City Thunder,0041300315,2014-05-29T00:00:00,OKC @ SAS,L,32.43333333333333,5,10,0.5,1,2,0.5,0,0,0.0,0,3,3,2,2,0,0,1,2,0,11,-22,15.6,0,0,17.0,1,944,944,944,548,458,537,534,388,651,201,998,1036,998,924,632,831,529,298,784,499,1343,801,1301,669,1865,957,155,4,852,1,32:26,1
2013-14,201586,Serge Ibaka,Serge,1610612760,OKC,Oklahoma City Thunder,0041300315,2014-05-29T00:00:00,OKC @ SAS,L,27.35,3,10,0.3,0,0,0.0,0,0,0.0,0,2,2,2,0,1,2,1,2,0,6,-10,20.4,0,0,16.0,1,944,944,944,773,783,537,1286,731,1136,731,998,1036,998,924,860,1057,529,1096,305,70,1343,801,1301,1001,1568,765,155,4,901,1,27:21,1
2013-14,201988,Patty Mills,Patty,1610612759,SAS,San Antonio Spurs,0041300315,2014-05-29T00:00:00,SAS vs. OKC,W,15.866666666666667,3,5,0.6,3,5,0.6,0,0,0.0,1,1,2,0,0,0,0,0,2,1,9,16,11.4,0,0,14.0,1,1,1,1,1256,783,1021,335,75,226,167,998,1036,998,449,1162,1057,1185,1096,784,499,1,801,915,777,119,1152,155,4,992,1,15:52,1
2013-14,202709,Cory Joseph,Cory,1610612759,SAS,San Antonio Spurs,0041300315,2014-05-29T00:00:00,SAS vs. OKC,W,7.49,1,2,0.5,0,0,0.0,2,2,1.0,0,2,2,3,1,1,0,0,0,1,4,-5,12.9,0,0,11.0,1,1,1,1,1569,1208,1415,534,731,1136,731,500,621,1,924,860,1057,363,618,305,499,1,1,915,1173,1316,1090,155,4,1128,1,7:29,1
2013-14,203500,Steven Adams,Steven,1610612760,OKC,Oklahoma City Thunder,0041300315,2014-05-29T00:00:00,OKC @ SAS,L,19.766666666666666,3,4,0.75,0,0,0.0,0,0,0.0,2,2,4,1,1,0,0,0,3,0,6,-20,11.3,0,0,11.0,1,944,944,944,1079,783,1145,145,731,1136,731,998,1036,998,226,860,643,791,618,784,499,1,1177,1301,1001,1842,1163,155,4,1128,1,19:46,1
2013-14,2406,Caron Butler,Caron,1610612760,OKC,Oklahoma City Thunder,0041300315,2014-05-29T00:00:00,OKC @ SAS,L,13.283333333333333,0,3,0.0,0,2,0.0,2,3,0.667,0,4,4,0,1,1,1,0,3,2,2,-18,11.8,0,0,10.0,1,944,944,944,1370,1505,1273,1505,731,651,731,500,538,646,924,457,643,1185,618,305,171,1,1177,610,1377,1808,1134,155,4,1187,1,13:17,1
2013-14,2555,Nick Collison,Nick,1610612760,OKC,Oklahoma City Thunder,0041300315,2014-05-29T00:00:00,OKC @ SAS,L,13.383333333333333,1,1,1.0,0,0,0.0,3,4,0.75,1,2,3,2,1,0,0,0,2,3,5,-8,10.6,0,0,10.0,1,944,944,944,1367,1208,1565,1,731,1136,731,345,347,542,449,860,831,529,618,784,499,1,801,413,1095,1487,1201,155,4,1187,1,13:23,1
2013-14,201168,Tiago Splitter,Tiago,1610612759,SAS,San Antonio Spurs,0041300315,2014-05-29T00:00:00,SAS vs. OKC,W,11.75,0,0,0.0,0,0,0.0,6,8,0.75,0,2,2,1,0,0,0,0,3,4,6,16,9.9,0,0,9.0,1,1,1,1,1433,1505,1728,1505,731,1136,731,117,91,542,924,860,1057,791,1096,784,499,1,1177,272,1001,119,1236,155,4,1237,1,11:45,1
2013-14,2570,Kendrick Perkins,Kendrick,1610612760,OKC,Oklahoma City Thunder,0041300315,2014-05-29T00:00:00,OKC @ SAS,L,16.166666666666668,0,1,0.0,0,0,0.0,0,0,0.0,3,3,6,2,0,0,0,0,4,2,0,-3,10.2,0,0,8.0,1,944,944,944,1237,1505,1565,1505,731,1136,731,998,1036,998,114,632,388,529,1096,784,499,1,1541,610,1567,1183,1218,155,4,1289,1,16:10,1
2013-14,203087,Jeremy Lamb,Jeremy,1610612760,OKC,Oklahoma City Thunder,0041300315,2014-05-29T00:00:00,OKC @ SAS,L,17.833333333333332,2,6,0.333,0,2,0.0,0,0,0.0,1,1,2,1,0,0,0,0,1,0,4,-10,7.9,0,0,7.0,1,944,944,944,1175,987,915,1129,731,651,731,998,1036,998,449,1162,1057,791,1096,784,499,1,394,1301,1173,1568,1344,155,4,1343,1,17:50,1
2013-14,965,Derek Fisher,Derek,1610612760,OKC,Oklahoma City Thunder,0041300315,2014-05-29T00:00:00,OKC @ SAS,L,15.0,2,5,0.4,1,3,0.333,0,0,0.0,0,0,0,0,1,0,0,0,1,2,5,-5,4.0,0,0,6.0,1,944,944,944,1298,987,1021,970,388,477,485,998,1036,998,924,1520,1606,1185,618,784,499,1,394,610,1095,1316,1538,155,4,1399,1,15:00,1
2013-14,201965,Jeff Ayres,Jeff,1610612759,SAS,San Antonio Spurs,0041300315,2014-05-29T00:00:00,SAS vs. OKC,W,6.35,1,2,0.5,0,0,0.0,0,0,0.0,0,2,2,0,0,0,0,0,0,0,2,-3,4.4,0,0,4.0,1,1,1,1,1615,1208,1415,534,731,1136,731,998,1036,998,924,860,1057,1185,1096,784,499,1,1,1301,1377,1183,1510,155,4,1505,1,6:21,1
2013-14,201158,Marco Belinelli,Marco,1610612759,SAS,San Antonio Spurs,0041300315,2014-05-29T00:00:00,SAS vs. OKC,W,13.743333333333334,1,5,0.2,0,2,0.0,0,0,0.0,0,0,0,1,1,0,0,0,1,0,2,8,2.5,0,0,3.0,1,1,1,1,1351,1208,1021,1438,731,651,731,998,1036,998,924,1520,1606,791,618,784,499,1,394,1301,1377,374,1631,155,4,1573,1,13:45,1
2013-14,200757,Thabo Sefolosha,Thabo,1610612760,OKC,Oklahoma City Thunder,0041300315,2014-05-29T00:00:00,OKC @ SAS,L,7.633333333333334,1,2,0.5,0,0,0.0,0,0,0.0,0,1,1,0,1,0,0,0,0,0,2,0,2.2,0,0,3.0,1,944,944,944,1563,1208,1415,534,731,1136,731,998,1036,998,924,1162,1328,1185,618,784,499,1,1,1301,1377,882,1644,155,4,1573,1,7:38,1
2013-14,203103,Perry Jones III,Perry,1610612760,OKC,Oklahoma City Thunder,0041300315,2014-05-29T00:00:00,OKC @ SAS,L,9.366666666666667,1,6,0.167,0,3,0.0,0,0,0.0,0,1,1,0,1,0,0,0,3,0,2,-6,2.2,0,0,3.0,1,944,944,944,1509,1208,915,1471,731,477,731,998,1036,998,924,1162,1328,1185,618,784,499,1,1177,1301,1377,1382,1644,155,4,1573,1,9:22,1
2013-14,203382,Aron Baynes,Aron,1610612759,SAS,San Antonio Spurs,0041300315,2014-05-29T00:00:00,SAS vs. OKC,W,3.6166666666666667,0,0,0.0,0,0,0.0,0,0,0.0,1,2,3,0,2,0,0,0,1,0,0,1,1.6,0,0,3.0,1,1,1,1,1716,1505,1728,1505,731,1136,731,998,1036,998,449,860,831,1185,298,784,499,1,394,1301,1567,796,1679,155,4,1573,1,3:37,1
2013-14,2588,Matt Bonner,Matt,1610612759,SAS,San Antonio Spurs,0041300315,2014-05-29T00:00:00,SAS vs. OKC,W,17.433333333333334,0,4,0.0,0,2,0.0,0,0,0.0,0,0,0,0,0,0,0,1,2,0,0,6,0.0,0,0,0.0,1,1,1,1,1191,1505,1145,1505,731,651,731,998,1036,998,924,1520,1606,1185,1096,784,499,1343,801,1301,1567,482,1769,155,4,1775,1,17:26,1
2013-14,202331,Paul George,Paul,1610612754,IND,Indiana Pacers,0041300305,2014-05-28T00:00:00,IND vs. MIA,W,45.06666666666667,15,28,0.536,5,14,0.357,2,3,0.667,1,5,6,2,3,6,0,0,2,6,37,9,62.2,0,0,62.0,1,1,1,1,32,4,4,514,14,1,484,500,538,646,449,320,388,529,143,1,499,1,801,102,9,334,11,155,4,5,1,45:04,1
2013-14,2547,Chris Bosh,Chris,1610612748,MIA,Miami Heat,0041300305,2014-05-28T00:00:00,MIA @ IND,L,41.11666666666667,9,21,0.429,2,7,0.286,0,0,0.0,4,6,10,2,2,2,1,0,4,5,20,10,42.0,1,0,40.0,1,944,944,944,151,101,60,891,185,67,598,998,1036,998,62,198,102,529,298,115,171,1,1541,175,218,294,151,1,4,143,1,41:07,1
2013-14,2548,Dwyane Wade,Dwyane,1610612748,MIA,Miami Heat,0041300305,2014-05-28T00:00:00,MIA @ IND,L,39.99666666666667,7,14,0.5,2,3,0.667,2,2,1.0,3,5,8,7,6,2,0,0,2,4,18,4,38.1,0,0,39.0,1,944,944,944,187,226,271,534,185,477,112,500,621,1,114,320,213,64,11,115,499,1,801,272,279,576,218,155,4,163,1,39:60,1
2013-14,2561,David West,David,1610612754,IND,Indiana Pacers,0041300305,2014-05-28T00:00:00,IND vs. MIA,W,41.166666666666664,7,11,0.636,0,0,0.0,5,8,0.625,2,7,9,2,2,2,1,0,4,7,19,5,39.8,0,0,36.0,1,1,1,1,149,226,459,294,731,1136,731,166,91,716,226,144,151,529,298,115,171,1,1541,64,247,522,193,155,4,221,1,41:10,1
2013-14,1740,Rashard Lewis,Rashard,1610612748,MIA,Miami Heat,0041300305,2014-05-28T00:00:00,MIA @ IND,L,31.326666666666668,6,10,0.6,6,9,0.667,0,0,0.0,2,2,4,0,2,0,0,0,4,1,18,0,20.8,0,0,28.0,1,944,944,944,597,330,537,335,7,23,112,998,1036,998,226,860,643,1185,298,784,499,1,1541,915,279,882,746,155,4,434,1,31:20,1
2013-14,201579,Roy Hibbert,Roy,1610612754,IND,Indiana Pacers,0041300305,2014-05-28T00:00:00,IND vs. MIA,W,37.86,4,11,0.364,0,0,0.0,2,3,0.667,6,7,13,2,3,0,1,1,4,4,10,9,28.6,1,0,27.0,1,1,1,1,298,599,459,1094,731,1136,731,500,538,646,14,144,41,529,143,784,171,1343,1541,272,720,334,474,1,4,468,1,37:52,1
2013-14,202362,Lance Stephenson,Lance,1610612754,IND,Indiana Pacers,0041300305,2014-05-28T00:00:00,IND vs. MIA,W,43.02166666666667,4,11,0.364,0,3,0.0,4,4,1.0,3,2,5,5,2,2,0,0,3,3,12,3,29.5,0,0,26.0,1,1,1,1,85,599,459,1094,731,477,731,230,347,1,114,860,496,151,298,115,499,1,1177,413,601,639,441,155,4,506,1,43:01,1
2013-14,201596,Mario Chalmers,Mario,1610612748,MIA,Miami Heat,0041300305,2014-05-28T00:00:00,MIA @ IND,L,35.375,3,4,0.75,1,2,0.5,1,1,1.0,0,8,8,5,0,1,0,0,1,1,8,-7,28.1,0,0,24.0,1,944,944,944,422,783,1145,145,388,651,201,783,968,1,924,93,213,151,1096,305,499,1,394,915,858,1440,493,155,4,582,1,35:23,1
2013-14,951,Ray Allen,Ray,1610612748,MIA,Miami Heat,0041300305,2014-05-28T00:00:00,MIA @ IND,L,22.808333333333334,5,11,0.455,3,6,0.5,2,2,1.0,0,2,2,1,1,0,1,1,1,1,15,-1,20.9,0,0,23.0,1,944,944,944,957,458,459,821,75,128,201,500,621,1,924,860,1057,791,618,784,171,1343,394,915,427,1010,742,155,4,619,1,22:49,1
2013-14,201588,George Hill,George,1610612754,IND,Indiana Pacers,0041300305,2014-05-28T00:00:00,IND vs. MIA,W,37.87833333333333,4,9,0.444,1,2,0.5,0,2,0.0,2,5,7,1,0,2,0,2,0,2,9,12,24.9,0,0,22.0,1,1,1,1,297,599,622,849,388,651,201,998,621,998,226,320,285,791,1096,115,499,1748,1,610,777,210,610,155,4,657,1,37:53,1
2013-14,2544,LeBron James,LeBron,1610612748,MIA,Miami Heat,0041300305,2014-05-28T00:00:00,MIA @ IND,L,24.343333333333334,2,10,0.2,1,3,0.333,2,3,0.667,1,1,2,4,3,0,1,0,5,3,7,1,15.4,0,0,16.0,1,944,944,944,898,987,537,1438,388,477,485,500,538,646,449,1162,1057,237,143,784,171,1,1747,413,944,796,965,155,4,901,1,24:21,1
2013-14,2449,Luis Scola,Luis,1610612754,IND,Indiana Pacers,0041300305,2014-05-28T00:00:00,IND vs. MIA,W,16.768333333333334,3,6,0.5,0,0,0.0,0,2,0.0,2,2,4,1,1,0,0,0,2,1,6,-6,11.3,0,0,11.0,1,1,1,1,1220,783,915,534,731,1136,731,998,621,998,226,860,643,791,618,784,499,1,801,915,1001,1382,1163,155,4,1128,1,16:46,1
2013-14,2617,Udonis Haslem,Udonis,1610612748,MIA,Miami Heat,0041300305,2014-05-28T00:00:00,MIA @ IND,L,7.15,2,2,1.0,0,0,0.0,0,0,0.0,1,1,2,0,0,0,0,0,1,0,4,-13,6.4,0,0,6.0,1,944,944,944,1578,987,1415,1,731,1136,731,998,1036,998,449,1162,1057,1185,1096,784,499,1,394,1301,1173,1687,1414,155,4,1399,1,7:09,1
2013-14,202708,Norris Cole,Norris,1610612748,MIA,Miami Heat,0041300305,2014-05-28T00:00:00,MIA @ IND,L,18.336666666666666,0,2,0.0,0,1,0.0,0,0,0.0,0,1,1,3,3,0,0,0,3,0,0,-4,2.7,0,0,4.0,1,944,944,944,1148,1505,1415,1505,731,887,731,998,1036,998,924,1162,1328,363,143,784,499,1,1177,1301,1567,1256,1620,155,4,1505,1,18:20,1
2013-14,2203,Shane Battier,Shane,1610612748,MIA,Miami Heat,0041300305,2014-05-28T00:00:00,MIA @ IND,L,11.838333333333333,0,0,0.0,0,0,0.0,0,0,0.0,0,1,1,0,0,1,0,0,2,1,0,4,4.2,0,0,3.0,1,944,944,944,1426,1505,1728,1505,731,1136,731,998,1036,998,924,1162,1328,1185,1096,305,499,1,801,915,1567,576,1522,155,4,1573,1,11:50,1
2013-14,201228,C.J. Watson,C.J.,1610612754,IND,Indiana Pacers,0041300305,2014-05-28T00:00:00,IND vs. MIA,W,13.25,0,1,0.0,0,1,0.0,0,0,0.0,0,1,1,0,0,0,0,0,1,0,0,-4,1.2,0,0,1.0,1,1,1,1,1373,1505,1565,1505,731,887,731,998,1036,998,924,1162,1328,1185,1096,784,499,1,394,1301,1567,1256,1694,155,4,1690,1,13:15,1
2013-14,101133,Ian Mahinmi,Ian,1610612754,IND,Indiana Pacers,0041300305,2014-05-28T00:00:00,IND vs. MIA,W,0.205,0,0,0.0,0,0,0.0,0,0,0.0,0,0,0,0,0,0,0,0,0,0,0,-2,0.0,0,0,0.0,1,1,1,1,1882,1505,1728,1505,731,1136,731,998,1036,998,924,1520,1606,1185,1096,784,499,1,1,1301,1567,1106,1769,155,4,1775,1,0:12,1
2013-14,201563,Michael Beasley,Michael,1610612748,MIA,Miami Heat,0041300305,2014-05-28T00:00:00,MIA @ IND,L,3.205,0,1,0.0,0,0,0.0,0,0,0.0,0,0,0,0,0,0,0,1,0,0,0,-4,0.0,0,0,0.0,1,944,944,944,1733,1505,1565,1505,731,1136,731,998,1036,998,924,1520,1606,1185,1096,784,499,1343,1,1301,1567,1256,1769,155,4,1775,1,3:12,1
2013-14,201962,Toney Douglas,Toney,1610612748,MIA,Miami Heat,0041300305,2014-05-28T00:00:00,MIA @ IND,L,4.503333333333333,0,0,0.0,0,0,0.0,0,0,0.0,0,0,0,0,0,0,0,0,1,0,0,-5,0.0,0,0,0.0,1,944,944,944,1680,1505,1728,1505,731,1136,731,998,1036,998,924,1520,1606,1185,1096,784,499,1,394,1301,1567,1316,1769,155,4,1775,1,4:30,1
2013-14,2446,Rasual Butler,Rasual,1610612754,IND,Indiana Pacers,0041300305,2014-05-28T00:00:00,IND vs. MIA,W,4.783333333333333,0,1,0.0,0,1,0.0,0,0,0.0,0,0,0,0,1,0,0,0,0,1,0,-11,-1.0,0,0,0.0,1,1,1,1,1665,1505,1565,1505,731,887,731,998,1036,998,924,1520,1606,1185,618,784,499,1,1,915,1567,1612,1900,155,4,1775,1,4:47,1
2013-14,201566,Russell Westbrook,Russell,1610612760,OKC,Oklahoma City Thunder,0041300314,2014-05-27T00:00:00,OKC vs. SAS,W,45.483333333333334,12,24,0.5,2,5,0.4,14,14,1.0,1,4,5,10,3,5,1,1,4,11,40,14,76.0,1,0,69.0,1,1,1,1,25,21,18,534,185,226,430,5,12,1,449,457,496,16,143,5,171,1343,1541,3,4,163,1,1,4,2,1,45:29,1
2013-14,201142,Kevin Durant,Kevin,1610612760,OKC,Oklahoma City Thunder,0041300314,2014-05-27T00:00:00,OKC vs. SAS,W,41.20166666666667,11,22,0.5,2,4,0.5,7,9,0.778,0,5,5,5,0,3,1,0,1,6,31,14,56.5,0,0,51.0,1,1,1,1,148,36,44,534,185,336,201,82,67,533,924,320,496,151,1096,43,171,1,394,102,38,163,30,155,4,44,1,41:12,1
2013-14,2564,Boris Diaw,Boris,1610612759,SAS,San Antonio Spurs,0041300314,2014-05-27T00:00:00,SAS @ OKC,L,29.983333333333334,5,11,0.455,2,6,0.333,2,2,1.0,1,9,10,3,2,0,0,1,2,3,14,-11,28.5,1,0,29.0,1,944,944,944,643,458,459,821,185,128,485,500,621,1,449,47,102,363,298,784,499,1343,801,413,495,1612,476,1,4,404,1,29:59,1
2013-14,201586,Serge Ibaka,Serge,1610612760,OKC,Oklahoma City Thunder,0041300314,2014-05-27T00:00:00,OKC vs. SAS,W,34.9,4,8,0.5,0,1,0.0,1,4,0.25,1,7,8,1,1,1,3,0,3,2,9,11,31.1,0,0,26.0,1,1,1,1,442,599,710,534,731,887,731,783,347,984,449,144,213,791,618,305,29,1,1177,610,777,248,394,155,4,506,1,34:54,1
2013-14,1495,Tim Duncan,Tim,1610612759,SAS,San Antonio Spurs,0041300314,2014-05-27T00:00:00,SAS @ OKC,L,24.583333333333332,3,8,0.375,0,0,0.0,3,4,0.75,3,3,6,4,0,0,0,2,1,4,9,-14,22.2,0,0,19.0,1,944,944,944,885,783,710,1056,731,1136,731,345,347,542,114,632,388,237,1096,784,499,1748,394,272,777,1721,694,155,4,773,1,24:35,1
2013-14,2225,Tony Parker,Tony,1610612759,SAS,San Antonio Spurs,0041300314,2014-05-27T00:00:00,SAS @ OKC,L,25.815,7,12,0.583,0,1,0.0,0,0,0.0,0,1,1,4,3,0,0,1,1,2,14,-18,18.2,0,0,19.0,1,944,944,944,831,226,391,401,731,887,731,998,1036,998,924,1162,1328,237,143,784,499,1343,394,610,495,1808,850,155,4,773,1,25:49,1
2013-14,202695,Kawhi Leonard,Kawhi,1610612759,SAS,San Antonio Spurs,0041300314,2014-05-27T00:00:00,SAS @ OKC,L,24.8,3,9,0.333,2,5,0.4,2,2,1.0,1,4,5,1,1,0,0,0,1,1,10,-20,16.5,0,0,18.0,1,944,944,944,876,783,622,1129,185,226,430,500,621,1,449,457,496,791,618,784,499,1,394,915,720,1842,924,155,4,815,1,24:48,1
2013-14,2570,Kendrick Perkins,Kendrick,1610612760,OKC,Oklahoma City Thunder,0041300314,2014-05-27T00:00:00,OKC vs. SAS,W,22.2,1,1,1.0,0,0,0.0,0,0,0.0,2,8,10,1,1,0,2,0,3,0,2,8,20.5,0,0,17.0,1,1,1,1,983,1208,1565,1,731,1136,731,998,1036,998,226,93,102,791,618,784,70,1,1177,1301,1377,374,764,155,4,852,1,22:12,1
2013-14,203087,Jeremy Lamb,Jeremy,1610612760,OKC,Oklahoma City Thunder,0041300314,2014-05-27T00:00:00,OKC vs. SAS,W,19.091666666666665,2,7,0.286,1,2,0.5,2,2,1.0,1,2,3,0,0,3,0,0,1,1,7,11,19.6,0,0,17.0,1,1,1,1,1112,987,811,1299,388,651,201,500,621,1,449,860,831,1185,1096,43,499,1,394,915,944,248,801,155,4,852,1,19:06,1
2013-14,202709,Cory Joseph,Cory,1610612759,SAS,San Antonio Spurs,0041300314,2014-05-27T00:00:00,SAS @ OKC,L,17.15,4,7,0.571,0,0,0.0,3,4,0.75,1,2,3,1,1,1,0,0,5,3,11,11,18.1,0,0,17.0,1,944,944,944,1206,599,811,418,731,1136,731,345,347,542,449,860,831,791,618,305,499,1,1747,413,669,248,853,155,4,852,1,17:09,1
2013-14,201158,Marco Belinelli,Marco,1610612759,SAS,San Antonio Spurs,0041300314,2014-05-27T00:00:00,SAS @ OKC,L,24.833333333333332,2,4,0.5,1,1,1.0,2,2,1.0,1,4,5,2,1,0,0,0,1,1,7,-7,15.0,0,0,15.0,1,944,944,944,875,987,1145,534,388,887,1,500,621,1,449,457,496,529,618,784,499,1,394,915,944,1440,989,155,4,947,1,24:50,1
2013-14,2588,Matt Bonner,Matt,1610612759,SAS,San Antonio Spurs,0041300314,2014-05-27T00:00:00,SAS @ OKC,L,15.8,3,4,0.75,2,3,0.667,0,0,0.0,0,2,2,2,0,0,0,0,1,0,8,12,13.4,0,0,14.0,1,944,944,944,1262,783,1145,145,185,477,112,998,1036,998,924,860,1057,529,1096,784,499,1,394,1301,858,210,1058,155,4,992,1,15:48,1
2013-14,203500,Steven Adams,Steven,1610612760,OKC,Oklahoma City Thunder,0041300314,2014-05-27T00:00:00,OKC vs. SAS,W,25.74,2,3,0.667,0,0,0.0,0,2,0.0,0,6,6,0,0,0,1,0,5,1,4,5,14.2,0,0,12.0,1,1,1,1,834,987,1273,209,731,1136,731,998,621,998,924,198,388,1185,1096,784,171,1,1747,915,1173,522,1023,155,4,1085,1,25:44,1
2013-14,201980,Danny Green,Danny,1610612759,SAS,San Antonio Spurs,0041300314,2014-05-27T00:00:00,SAS @ OKC,L,15.033333333333333,1,4,0.25,1,2,0.5,0,0,0.0,1,1,2,0,3,2,1,1,2,1,3,-8,11.4,0,0,12.0,1,944,944,944,1297,1208,1145,1349,388,651,201,998,1036,998,449,1162,1057,1185,143,115,171,1343,801,915,1282,1487,1152,155,4,1085,1,15:02,1
2013-14,202704,Reggie Jackson,Reggie,1610612760,OKC,Oklahoma City Thunder,0041300314,2014-05-27T00:00:00,OKC vs. SAS,W,13.216666666666667,1,5,0.2,1,2,0.5,0,0,0.0,0,3,3,2,2,0,0,1,1,1,3,0,7.6,0,0,9.0,1,1,1,1,1378,1208,1021,1438,388,651,201,998,1036,998,924,632,831,529,298,784,499,1343,394,915,1282,882,1354,155,4,1237,1,13:13,1
2013-14,1938,Manu Ginobili,Manu,1610612759,SAS,San Antonio Spurs,0041300314,2014-05-27T00:00:00,SAS @ OKC,L,10.966666666666667,2,8,0.25,1,4,0.25,0,0,0.0,0,0,0,0,0,1,0,1,3,0,5,-10,8.0,0,0,8.0,1,944,944,944,1462,987,710,1349,388,336,614,998,1036,998,924,1520,1606,1185,1096,305,499,1343,1177,1301,1095,1568,1341,155,4,1289,1,10:58,1
2013-14,2406,Caron Butler,Caron,1610612760,OKC,Oklahoma City Thunder,0041300314,2014-05-27T00:00:00,OKC vs. SAS,W,22.933333333333334,2,3,0.667,0,1,0.0,0,0,0.0,0,1,1,1,0,0,0,0,0,0,4,5,6.7,0,0,6.0,1,1,1,1,948,987,1273,209,731,887,731,998,1036,998,924,1162,1328,791,1096,784,499,1,1,1301,1173,522,1399,155,4,1399,1,22:56,1
2013-14,201168,Tiago Splitter,Tiago,1610612759,SAS,San Antonio Spurs,0041300314,2014-05-27T00:00:00,SAS @ OKC,L,19.433333333333334,1,3,0.333,0,0,0.0,1,2,0.5,0,1,1,0,1,0,1,1,0,1,3,-13,6.2,0,0,6.0,1,944,944,944,1094,1208,1273,1129,731,1136,731,783,621,751,924,1162,1328,1185,618,784,171,1343,1,915,1282,1687,1425,155,4,1399,1,19:26,1
2013-14,965,Derek Fisher,Derek,1610612760,OKC,Oklahoma City Thunder,0041300314,2014-05-27T00:00:00,OKC vs. SAS,W,9.251666666666667,1,2,0.5,1,1,1.0,0,0,0.0,0,1,1,1,0,0,0,0,0,0,3,1,5.7,0,0,6.0,1,1,1,1,1513,1208,1415,534,388,887,1,998,1036,998,924,1162,1328,791,1096,784,499,1,1,1301,1282,796,1442,155,4,1399,1,9:15,1
2013-14,201965,Jeff Ayres,Jeff,1610612759,SAS,San Antonio Spurs,0041300314,2014-05-27T00:00:00,SAS @ OKC,L,9.766666666666667,0,1,0.0,0,0,0.0,2,4,0.5,1,2,3,0,0,0,0,0,2,2,2,3,5.6,0,0,5.0,1,944,944,944,1497,1505,1565,1505,731,1136,731,500,347,751,449,860,831,1185,1096,784,499,1,801,610,1377,639,1450,155,4,1446,1,9:46,1
2013-14,203382,Aron Baynes,Aron,1610612759,SAS,San Antonio Spurs,0041300314,2014-05-27T00:00:00,SAS @ OKC,L,12.233333333333333,0,3,0.0,0,0,0.0,2,2,1.0,2,1,3,0,1,0,0,0,3,1,2,9,4.6,0,0,5.0,1,944,944,944,1410,1505,1273,1505,731,1136,731,500,621,1,226,1162,831,1185,618,784,499,1,1177,915,1377,334,1498,155,4,1446,1,12:14,1
2013-14,201988,Patty Mills,Patty,1610612759,SAS,San Antonio Spurs,0041300314,2014-05-27T00:00:00,SAS @ OKC,L,9.601666666666667,2,9,0.222,0,5,0.0,0,0,0.0,0,0,0,0,0,0,0,1,0,1,4,1,4.0,0,0,4.0,1,944,944,944,1502,987,622,1424,731,226,731,998,1036,998,924,1520,1606,1185,1096,784,499,1343,1,915,1173,796,1538,155,4,1505,1,9:36,1
2013-14,203103,Perry Jones III,Perry,1610612760,OKC,Oklahoma City Thunder,0041300314,2014-05-27T00:00:00,OKC vs. SAS,W,1.1333333333333333,1,1,1.0,0,0,0.0,0,0,0.0,0,0,0,1,0,0,0,0,0,0,2,-1,3.5,0,0,3.0,1,1,1,1,1836,1208,1565,1,731,1136,731,998,1036,998,924,1520,1606,791,1096,784,499,1,1,1301,1377,1010,1562,155,4,1573,1,1:08,1
2013-14,2555,Nick Collison,Nick,1610612760,OKC,Oklahoma City Thunder,0041300314,2014-05-27T00:00:00,OKC vs. SAS,W,4.848333333333334,0,0,0.0,0,0,0.0,0,0,0.0,0,0,0,0,0,0,0,0,2,0,0,-3,0.0,0,0,0.0,1,1,1,1,1661,1505,1728,1505,731,1136,731,998,1036,998,924,1520,1606,1185,1096,784,499,1,801,1301,1567,1183,1769,155,4,1775,1,4:51,1
2013-14,2544,LeBron James,LeBron,1610612748,MIA,Miami Heat,0041300304,2014-05-26T00:00:00,MIA vs. IND,W,35.8,13,21,0.619,2,3,0.667,4,4,1.0,0,10,10,5,2,2,0,0,3,3,32,10,55.5,1,0,53.0,1,1,1,1,399,10,60,323,185,477,112,230,347,1,924,29,102,151,298,115,499,1,1177,413,27,294,41,1,4,32,1,35:48,1
2013-14,202331,Paul George,Paul,1610612754,IND,Indiana Pacers,0041300304,2014-05-26T00:00:00,IND @ MIA,L,42.9,8,16,0.5,3,9,0.333,4,7,0.571,2,5,7,3,5,1,0,0,3,4,23,-11,33.9,0,0,38.0,1,944,944,944,91,152,187,534,75,23,485,230,133,742,226,320,285,363,29,305,499,1,1177,272,148,1612,323,155,4,178,1,42:54,1
2013-14,2547,Chris Bosh,Chris,1610612748,MIA,Miami Heat,0041300304,2014-05-26T00:00:00,MIA vs. IND,W,35.7,7,12,0.583,3,5,0.6,8,10,0.8,3,3,6,1,0,0,1,0,2,6,25,17,36.7,0,0,37.0,1,1,1,1,402,226,391,401,75,226,167,53,43,498,114,632,388,791,1096,784,171,1,801,102,107,100,255,155,4,204,1,35:42,1
2013-14,2561,David West,David,1610612754,IND,Indiana Pacers,0041300304,2014-05-26T00:00:00,IND @ MIA,L,37.06666666666667,9,18,0.5,0,0,0.0,2,2,1.0,3,9,12,4,2,0,0,0,4,1,20,-4,38.4,1,0,36.0,1,944,944,944,332,101,125,534,731,1136,731,500,621,1,114,47,58,237,298,784,499,1,1541,915,218,1256,213,1,4,221,1,37:04,1
2013-14,201588,George Hill,George,1610612754,IND,Indiana Pacers,0041300304,2014-05-26T00:00:00,IND @ MIA,L,43.59,5,10,0.5,4,7,0.571,1,2,0.5,0,2,2,4,2,0,0,1,3,3,15,-10,21.4,0,0,25.0,1,944,944,944,68,458,537,534,31,67,187,783,621,751,924,860,1057,237,298,784,499,1343,1177,413,427,1568,718,155,4,543,1,43:35,1
2013-14,2548,Dwyane Wade,Dwyane,1610612748,MIA,Miami Heat,0041300304,2014-05-26T00:00:00,MIA vs. IND,W,37.6,4,12,0.333,0,2,0.0,7,7,1.0,0,2,2,2,2,2,0,0,3,9,15,10,24.4,0,0,23.0,1,1,1,1,309,599,391,1129,731,651,731,82,133,1,924,860,1057,529,298,115,499,1,1177,23,427,294,627,155,4,619,1,37:36,1
2013-14,202362,Lance Stephenson,Lance,1610612754,IND,Indiana Pacers,0041300304,2014-05-26T00:00:00,IND @ MIA,L,32.306666666666665,3,7,0.429,0,0,0.0,3,5,0.6,2,3,5,4,2,0,0,0,5,4,9,-14,19.0,0,0,18.0,1,944,944,944,554,783,811,891,731,1136,731,345,281,722,226,632,496,237,298,784,499,1,1747,272,777,1721,826,155,4,815,1,32:18,1
2013-14,951,Ray Allen,Ray,1610612748,MIA,Miami Heat,0041300304,2014-05-26T00:00:00,MIA vs. IND,W,27.061666666666667,2,8,0.25,1,5,0.2,4,4,1.0,1,3,4,1,1,0,0,0,1,2,9,0,14.3,0,0,15.0,1,1,1,1,788,987,710,1349,388,226,669,230,347,1,449,632,643,791,618,784,499,1,394,610,777,882,1019,155,4,947,1,27:04,1
2013-14,202708,Norris Cole,Norris,1610612748,MIA,Miami Heat,0041300304,2014-05-26T00:00:00,MIA vs. IND,W,26.633333333333333,2,4,0.5,1,2,0.5,2,2,1.0,0,3,3,3,0,0,0,0,2,1,7,1,15.1,0,0,14.0,1,1,1,1,798,987,1145,534,388,651,201,500,621,1,924,632,831,363,1096,784,499,1,801,915,944,796,984,155,4,992,1,26:38,1
2013-14,2449,Luis Scola,Luis,1610612754,IND,Indiana Pacers,0041300304,2014-05-26T00:00:00,IND @ MIA,L,13.633333333333333,6,8,0.75,0,1,0.0,0,0,0.0,0,1,1,1,0,0,0,0,1,1,12,-10,14.7,0,0,14.0,1,944,944,944,1355,330,710,145,731,887,731,998,1036,998,924,1162,1328,791,1096,784,499,1,394,915,601,1568,1002,155,4,992,1,13:38,1
2013-14,201596,Mario Chalmers,Mario,1610612748,MIA,Miami Heat,0041300304,2014-05-26T00:00:00,MIA vs. IND,W,24.671666666666667,2,2,1.0,0,0,0.0,0,0,0.0,0,2,2,3,0,1,1,0,2,1,4,8,16.9,0,0,13.0,1,1,1,1,884,987,1415,1,731,1136,731,998,1036,998,924,860,1057,363,1096,305,171,1,801,915,1173,374,908,155,4,1036,1,24:40,1
2013-14,2617,Udonis Haslem,Udonis,1610612748,MIA,Miami Heat,0041300304,2014-05-26T00:00:00,MIA vs. IND,W,18.15,1,3,0.333,0,0,0.0,3,4,0.75,2,2,4,0,0,0,0,1,2,3,5,-4,9.8,0,0,9.0,1,1,1,1,1155,1208,1273,1129,731,1136,731,345,347,542,226,860,643,1185,1096,784,499,1343,801,413,1095,1256,1242,155,4,1237,1,18:09,1
2013-14,101133,Ian Mahinmi,Ian,1610612754,IND,Indiana Pacers,0041300304,2014-05-26T00:00:00,IND @ MIA,L,16.133333333333333,2,3,0.667,0,0,0.0,1,1,1.0,2,1,3,1,1,0,0,0,4,1,5,3,9.1,0,0,9.0,1,944,944,944,1242,987,1273,209,731,1136,731,783,968,1,226,1162,831,791,618,784,499,1,1541,915,1095,639,1285,155,4,1237,1,16:08,1
2013-14,1740,Rashard Lewis,Rashard,1610612748,MIA,Miami Heat,0041300304,2014-05-26T00:00:00,MIA vs. IND,W,25.816666666666666,0,5,0.0,0,5,0.0,0,0,0.0,0,3,3,1,0,2,0,0,2,1,0,14,11.1,0,0,8.0,1,1,1,1,830,1505,1021,1505,731,226,731,998,1036,998,924,632,831,791,1096,115,499,1,801,915,1567,163,1181,155,4,1289,1,25:49,1
2013-14,201579,Roy Hibbert,Roy,1610612754,IND,Indiana Pacers,0041300304,2014-05-26T00:00:00,IND @ MIA,L,22.233333333333334,0,4,0.0,0,0,0.0,0,0,0.0,0,5,5,1,1,0,1,1,4,1,0,-23,9.5,0,0,8.0,1,944,944,944,981,1505,1145,1505,731,1136,731,998,1036,998,924,320,496,791,618,784,171,1343,1541,915,1567,1876,1255,155,4,1289,1,22:14,1
2013-14,2203,Shane Battier,Shane,1610612748,MIA,Miami Heat,0041300304,2014-05-26T00:00:00,MIA vs. IND,W,8.566666666666666,1,2,0.5,1,2,0.5,2,3,0.667,0,0,0,0,0,0,0,0,0,1,5,4,5.0,0,0,6.0,1,1,1,1,1538,1208,1415,534,388,651,201,500,538,646,924,1520,1606,1185,1096,784,499,1,1,915,1095,576,1480,155,4,1399,1,8:34,1
2013-14,2446,Rasual Butler,Rasual,1610612754,IND,Indiana Pacers,0041300304,2014-05-26T00:00:00,IND @ MIA,L,9.526666666666667,1,3,0.333,1,2,0.5,0,0,0.0,0,1,1,0,0,0,0,0,1,0,3,-1,4.2,0,0,5.0,1,944,944,944,1506,1208,1273,1129,388,651,201,998,1036,998,924,1162,1328,1185,1096,784,499,1,394,1301,1282,1010,1522,155,4,1446,1,9:32,1
2013-14,201228,C.J. Watson,C.J.,1610612754,IND,Indiana Pacers,0041300304,2014-05-26T00:00:00,IND @ MIA,L,20.043333333333333,1,2,0.5,1,2,0.5,0,0,0.0,0,1,1,0,1,0,0,0,2,2,3,-1,3.2,0,0,5.0,1,944,944,944,1071,1208,1415,534,388,651,201,998,1036,998,924,1162,1328,1185,618,784,499,1,801,610,1282,1010,1574,155,4,1446,1,20:03,1
2013-14,203142,Chris Copeland,Chris,1610612754,IND,Indiana Pacers,0041300304,2014-05-26T00:00:00,IND @ MIA,L,2.566666666666667,0,0,0.0,0,0,0.0,0,0,0.0,0,0,0,0,0,0,0,0,0,0,0,11,0.0,0,0,0.0,1,944,944,944,1765,1505,1728,1505,731,1136,731,998,1036,998,924,1520,1606,1185,1096,784,499,1,1,1301,1567,248,1769,155,4,1775,1,2:34,1
2013-14,201566,Russell Westbrook,Russell,1610612760,OKC,Oklahoma City Thunder,0041300313,2014-05-25T00:00:00,OKC vs. SAS,W,36.05,8,19,0.421,2,6,0.333,8,8,1.0,3,5,8,7,5,3,1,0,4,5,26,15,53.1,0,0,51.0,1,1,1,1,384,152,101,943,185,128,485,53,91,1,114,320,213,64,29,43,171,1,1541,175,93,138,53,155,4,44,1,36:03,1
2013-14,201142,Kevin Durant,Kevin,1610612760,OKC,Oklahoma City Thunder,0041300313,2014-05-25T00:00:00,OKC vs. SAS,W,36.06666666666667,8,19,0.421,1,4,0.25,8,8,1.0,3,7,10,3,4,1,1,0,3,5,25,19,43.5,1,0,43.0,1,1,1,1,381,152,101,943,388,336,614,53,91,1,114,144,102,363,70,305,171,1,1177,175,107,74,137,1,4,113,1,36:04,1
2013-14,1938,Manu Ginobili,Manu,1610612759,SAS,San Antonio Spurs,0041300313,2014-05-25T00:00:00,SAS @ OKC,L,23.766666666666666,8,13,0.615,6,9,0.667,1,1,1.0,0,1,1,4,2,2,0,0,4,4,23,-6,34.2,0,0,38.0,1,944,944,944,922,152,325,324,7,23,112,783,968,1,924,1162,1328,237,298,115,499,1,1541,272,148,1382,311,155,4,178,1,23:46,1
2013-14,201586,Serge Ibaka,Serge,1610612760,OKC,Oklahoma City Thunder,0041300313,2014-05-25T00:00:00,OKC vs. SAS,W,29.6,6,7,0.857,0,0,0.0,3,4,0.75,2,5,7,0,1,1,4,0,1,2,15,11,37.4,0,0,32.0,1,1,1,1,656,330,811,106,731,1136,731,345,347,542,226,320,285,1185,618,305,10,1,394,610,427,248,240,155,4,311,1,29:36,1
2013-14,202704,Reggie Jackson,Reggie,1610612760,OKC,Oklahoma City Thunder,0041300313,2014-05-25T00:00:00,OKC vs. SAS,W,36.93333333333333,6,13,0.462,1,6,0.167,2,2,1.0,1,3,4,5,3,1,0,1,3,1,15,17,27.3,0,0,27.0,1,1,1,1,338,330,325,805,388,128,702,500,621,1,449,632,643,151,143,305,499,1343,1177,915,427,100,521,155,4,468,1,36:56,1
2013-14,1495,Tim Duncan,Tim,1610612759,SAS,San Antonio Spurs,0041300313,2014-05-25T00:00:00,SAS @ OKC,L,29.6,7,17,0.412,0,0,0.0,2,2,1.0,3,5,8,0,2,0,1,2,2,2,16,-7,26.6,0,0,26.0,1,944,944,944,656,226,162,962,731,1136,731,500,621,1,114,320,213,1185,298,784,171,1748,801,610,361,1440,547,155,4,506,1,29:36,1
2013-14,203500,Steven Adams,Steven,1610612760,OKC,Oklahoma City Thunder,0041300313,2014-05-25T00:00:00,OKC vs. SAS,W,27.516666666666666,2,3,0.667,0,0,0.0,3,7,0.429,2,7,9,0,1,0,4,0,2,5,7,12,28.8,0,0,24.0,1,1,1,1,767,987,1273,209,731,1136,731,345,133,962,226,144,151,1185,618,784,10,1,801,175,944,210,468,155,4,582,1,27:31,1
2013-14,2564,Boris Diaw,Boris,1610612759,SAS,San Antonio Spurs,0041300313,2014-05-25T00:00:00,SAS @ OKC,L,21.05,3,10,0.3,0,3,0.0,0,0,0.0,0,6,6,6,2,1,0,0,0,1,6,0,23.2,0,0,20.0,1,944,944,944,1032,783,537,1286,731,477,731,998,1036,998,924,198,388,102,298,305,499,1,1,915,1001,882,666,155,4,731,1,21:03,1
2013-14,202695,Kawhi Leonard,Kawhi,1610612759,SAS,San Antonio Spurs,0041300313,2014-05-25T00:00:00,SAS @ OKC,L,31.35,4,11,0.364,0,3,0.0,2,2,1.0,1,2,3,2,1,2,0,1,2,1,10,-13,21.6,0,0,19.0,1,944,944,944,594,599,459,1094,731,477,731,500,621,1,449,860,831,529,618,115,499,1343,801,915,720,1687,715,155,4,773,1,31:21,1
2013-14,2225,Tony Parker,Tony,1610612759,SAS,San Antonio Spurs,0041300313,2014-05-25T00:00:00,SAS @ OKC,L,28.3,4,13,0.308,1,1,1.0,0,0,0.0,0,1,1,4,4,0,1,3,2,1,9,-12,15.2,0,0,17.0,1,944,944,944,727,599,325,1278,388,887,1,998,1036,998,924,1162,1328,237,70,784,171,1865,801,915,777,1660,980,155,4,852,1,28:18,1
2013-14,201168,Tiago Splitter,Tiago,1610612759,SAS,San Antonio Spurs,0041300313,2014-05-25T00:00:00,SAS @ OKC,L,18.351666666666667,2,3,0.667,0,0,0.0,0,0,0.0,6,2,8,2,1,0,0,1,1,3,4,-14,15.6,0,0,14.0,1,944,944,944,1146,987,1273,209,731,1136,731,998,1036,998,14,860,213,529,618,784,499,1343,394,413,1173,1721,957,155,4,992,1,18:21,1
2013-14,965,Derek Fisher,Derek,1610612760,OKC,Oklahoma City Thunder,0041300313,2014-05-25T00:00:00,OKC vs. SAS,W,17.933333333333334,1,7,0.143,1,3,0.333,0,0,0.0,2,3,5,1,1,1,0,1,0,0,3,-2,12.5,0,0,12.0,1,1,1,1,1169,1208,811,1489,388,477,485,998,1036,998,226,632,496,791,618,305,499,1343,1,1301,1282,1106,1106,155,4,1085,1,17:56,1
2013-14,201980,Danny Green,Danny,1610612759,SAS,San Antonio Spurs,0041300313,2014-05-25T00:00:00,SAS @ OKC,L,26.265,3,12,0.25,2,6,0.333,0,0,0.0,0,2,2,0,0,0,0,2,3,1,8,-19,10.4,0,0,12.0,1,944,944,944,812,783,391,1349,185,128,485,998,1036,998,924,860,1057,1185,1096,784,499,1748,1177,915,858,1829,1206,155,4,1085,1,26:16,1
2013-14,2406,Caron Butler,Caron,1610612760,OKC,Oklahoma City Thunder,0041300313,2014-05-25T00:00:00,OKC vs. SAS,W,19.516666666666666,2,6,0.333,1,2,0.5,0,0,0.0,2,1,3,1,0,0,0,0,1,0,5,-3,10.1,0,0,10.0,1,1,1,1,1091,987,915,1129,388,651,201,998,1036,998,226,1162,831,791,1096,784,499,1,394,1301,1095,1183,1231,155,4,1187,1,19:31,1
2013-14,203087,Jeremy Lamb,Jeremy,1610612760,OKC,Oklahoma City Thunder,0041300313,2014-05-25T00:00:00,OKC vs. SAS,W,16.533333333333335,3,5,0.6,0,1,0.0,0,0,0.0,0,3,3,0,0,0,0,0,2,0,6,-7,9.6,0,0,9.0,1,1,1,1,1228,783,1021,335,731,887,731,998,1036,998,924,632,831,1185,1096,784,499,1,801,1301,1001,1440,1249,155,4,1237,1,16:32,1
2013-14,201988,Patty Mills,Patty,1610612759,SAS,San Antonio Spurs,0041300313,2014-05-25T00:00:00,SAS @ OKC,L,13.566666666666666,1,3,0.333,1,3,0.333,0,0,0.0,1,0,1,2,1,1,0,0,2,2,3,-5,9.2,0,0,9.0,1,944,944,944,1357,1208,1273,1129,388,477,485,998,1036,998,449,1520,1328,529,618,305,499,1,801,610,1282,1316,1275,155,4,1237,1,13:34,1
2013-14,201158,Marco Belinelli,Marco,1610612759,SAS,San Antonio Spurs,0041300313,2014-05-25T00:00:00,SAS @ OKC,L,17.101666666666667,1,2,0.5,0,0,0.0,4,4,1.0,0,2,2,0,1,0,0,0,2,4,6,1,7.4,0,0,8.0,1,944,944,944,1208,1208,1415,534,731,1136,731,230,347,1,924,860,1057,1185,618,784,499,1,801,272,1001,796,1364,155,4,1289,1,17:06,1
2013-14,2570,Kendrick Perkins,Kendrick,1610612760,OKC,Oklahoma City Thunder,0041300313,2014-05-25T00:00:00,OKC vs. SAS,W,13.283333333333333,1,2,0.5,0,0,0.0,2,2,1.0,0,3,3,0,3,0,0,0,4,1,4,5,4.6,0,0,7.0,1,1,1,1,1370,1208,1415,534,731,1136,731,500,621,1,924,632,831,1185,143,784,499,1,1541,915,1173,522,1498,155,4,1343,1,13:17,1
2013-14,202709,Cory Joseph,Cory,1610612759,SAS,San Antonio Spurs,0041300313,2014-05-25T00:00:00,SAS @ OKC,L,6.133333333333334,1,2,0.5,0,0,0.0,3,3,1.0,0,0,0,1,1,0,0,0,0,3,5,8,5.5,0,0,6.0,1,944,944,944,1624,1208,1415,534,731,1136,731,345,538,1,924,1520,1606,791,618,784,499,1,1,413,1095,374,1459,155,4,1399,1,6:08,1
2013-14,203382,Aron Baynes,Aron,1610612759,SAS,San Antonio Spurs,0041300313,2014-05-25T00:00:00,SAS @ OKC,L,12.4,1,2,0.5,0,0,0.0,3,4,0.75,0,1,1,0,1,0,0,1,0,2,5,7,5.2,0,0,6.0,1,944,944,944,1404,1208,1415,534,731,1136,731,345,347,542,924,1162,1328,1185,618,784,499,1343,1,610,1095,430,1471,155,4,1399,1,12:24,1
2013-14,201965,Jeff Ayres,Jeff,1610612759,SAS,San Antonio Spurs,0041300313,2014-05-25T00:00:00,SAS @ OKC,L,5.616666666666666,1,2,0.5,0,0,0.0,0,0,0.0,0,2,2,0,0,0,0,0,1,0,2,7,4.4,0,0,4.0,1,944,944,944,1641,1208,1415,534,731,1136,731,998,1036,998,924,860,1057,1185,1096,784,499,1,394,1301,1377,430,1510,155,4,1505,1,5:37,1
2013-14,2588,Matt Bonner,Matt,1610612759,SAS,San Antonio Spurs,0041300313,2014-05-25T00:00:00,SAS @ OKC,L,6.498333333333333,0,1,0.0,0,1,0.0,0,0,0.0,0,1,1,1,0,0,0,0,1,0,0,8,2.7,0,0,2.0,1,944,944,944,1609,1505,1565,1505,731,887,731,998,1036,998,924,1162,1328,791,1096,784,499,1,394,1301,1567,374,1620,155,4,1628,1,6:30,1
2013-14,203103,Perry Jones III,Perry,1610612760,OKC,Oklahoma City Thunder,0041300313,2014-05-25T00:00:00,OKC vs. SAS,W,3.283333333333333,0,0,0.0,0,0,0.0,0,0,0.0,0,0,0,0,0,0,0,0,3,1,0,-11,0.0,0,0,0.0,1,1,1,1,1729,1505,1728,1505,731,1136,731,998,1036,998,924,1520,1606,1185,1096,784,499,1,1177,915,1567,1612,1769,155,4,1775,1,3:17,1
2013-14,201934,Hasheem Thabeet,Hasheem,1610612760,OKC,Oklahoma City Thunder,0041300313,2014-05-25T00:00:00,OKC vs. SAS,W,3.283333333333333,0,0,0.0,0,0,0.0,0,0,0.0,0,0,0,0,0,0,0,0,1,0,0,-11,0.0,0,0,0.0,1,1,1,1,1729,1505,1728,1505,731,1136,731,998,1036,998,924,1520,1606,1185,1096,784,499,1,394,1301,1567,1612,1769,155,4,1775,1,3:17,1
2013-14,2544,LeBron James,LeBron,1610612748,MIA,Miami Heat,0041300303,2014-05-24T00:00:00,MIA vs. IND,W,39.763333333333335,9,14,0.643,1,2,0.5,7,9,0.778,1,4,5,7,6,3,0,0,2,6,26,24,45.5,0,0,45.0,1,1,1,1,199,101,271,288,388,651,201,82,67,533,449,457,496,64,11,43,499,1,801,102,93,24,116,155,4,94,1,39:46,1
2013-14,2548,Dwyane Wade,Dwyane,1610612748,MIA,Miami Heat,0041300303,2014-05-24T00:00:00,MIA vs. IND,W,36.85333333333333,9,16,0.563,2,3,0.667,3,4,0.75,1,3,4,4,2,3,1,0,2,4,23,9,43.8,0,0,41.0,1,1,1,1,343,101,187,450,185,477,112,345,347,542,449,632,643,237,298,43,171,1,801,272,148,334,128,155,4,129,1,36:51,1
2013-14,202362,Lance Stephenson,Lance,1610612754,IND,Indiana Pacers,0041300303,2014-05-24T00:00:00,IND @ MIA,L,45.54333333333334,3,9,0.333,0,4,0.0,4,5,0.8,3,8,11,5,3,3,0,0,4,7,10,-9,36.7,1,0,32.0,1,944,944,944,24,783,622,1129,731,336,731,230,281,498,114,93,76,151,143,43,499,1,1541,64,720,1528,255,1,4,311,1,45:33,1
2013-14,202331,Paul George,Paul,1610612754,IND,Indiana Pacers,0041300303,2014-05-24T00:00:00,IND @ MIA,L,32.23166666666667,5,13,0.385,1,6,0.167,6,10,0.6,0,2,2,4,2,1,0,0,4,5,17,-10,26.4,0,0,26.0,1,944,944,944,556,458,325,1045,388,128,702,117,43,722,924,860,1057,237,298,305,499,1,1541,175,314,1568,552,155,4,506,1,32:14,1
2013-14,2561,David West,David,1610612754,IND,Indiana Pacers,0041300303,2014-05-24T00:00:00,IND @ MIA,L,34.641666666666666,5,8,0.625,0,1,0.0,3,3,1.0,1,4,5,4,5,1,0,0,1,3,13,-21,23.0,0,0,24.0,1,944,944,944,453,458,710,303,731,887,731,345,538,1,449,457,496,237,29,305,499,1,394,413,552,1850,673,155,4,582,1,34:39,1
2013-14,951,Ray Allen,Ray,1610612748,MIA,Miami Heat,0041300303,2014-05-24T00:00:00,MIA vs. IND,W,26.891666666666666,4,6,0.667,4,4,1.0,4,5,0.8,0,1,1,0,1,1,0,0,1,2,16,8,19.2,0,0,23.0,1,1,1,1,792,599,915,209,31,336,1,230,281,498,924,1162,1328,1185,618,305,499,1,394,610,361,374,819,155,4,619,1,26:54,1
2013-14,201579,Roy Hibbert,Roy,1610612754,IND,Indiana Pacers,0041300303,2014-05-24T00:00:00,IND @ MIA,L,36.391666666666666,7,13,0.538,0,0,0.0,2,2,1.0,0,2,2,0,0,1,0,1,3,2,16,-21,21.4,0,0,20.0,1,944,944,944,361,226,325,499,731,1136,731,500,621,1,924,860,1057,1185,1096,305,499,1343,1177,610,361,1850,718,155,4,731,1,36:24,1
2013-14,2547,Chris Bosh,Chris,1610612748,MIA,Miami Heat,0041300303,2014-05-24T00:00:00,MIA vs. IND,W,23.191666666666666,4,12,0.333,1,3,0.333,0,0,0.0,2,2,4,0,1,1,0,1,5,1,9,-8,15.8,0,0,16.0,1,1,1,1,943,599,391,1129,388,477,485,998,1036,998,226,860,643,1185,618,305,499,1343,1747,915,777,1487,947,155,4,901,1,23:12,1
2013-14,202708,Norris Cole,Norris,1610612748,MIA,Miami Heat,0041300303,2014-05-24T00:00:00,MIA vs. IND,W,33.03666666666667,4,6,0.667,1,2,0.5,0,0,0.0,0,1,1,2,1,1,0,0,3,3,9,15,15.2,0,0,15.0,1,1,1,1,522,599,915,209,388,651,201,998,1036,998,924,1162,1328,529,618,305,499,1,1177,413,777,138,980,155,4,947,1,33:02,1
2013-14,201588,George Hill,George,1610612754,IND,Indiana Pacers,0041300303,2014-05-24T00:00:00,IND @ MIA,L,21.066666666666666,2,5,0.4,1,3,0.333,3,3,1.0,0,2,2,2,4,0,0,0,5,3,8,8,9.4,0,0,13.0,1,944,944,944,1031,987,1021,970,388,477,485,345,538,1,924,860,1057,529,70,784,499,1,1747,413,858,374,1259,155,4,1036,1,21:04,1
2013-14,2365,Chris Andersen,Chris,1610612748,MIA,Miami Heat,0041300303,2014-05-24T00:00:00,MIA vs. IND,W,22.666666666666668,1,1,1.0,0,0,0.0,1,2,0.5,1,6,7,2,1,0,0,0,3,3,3,-2,13.4,0,0,12.0,1,1,1,1,963,1208,1565,1,731,1136,731,783,621,751,449,198,285,529,618,784,499,1,1177,413,1282,1106,1058,155,4,1085,1,22:40,1
2013-14,201228,C.J. Watson,C.J.,1610612754,IND,Indiana Pacers,0041300303,2014-05-24T00:00:00,IND @ MIA,L,27.641666666666666,2,6,0.333,2,4,0.5,0,0,0.0,0,1,1,1,1,1,0,0,2,3,6,-17,10.7,0,0,12.0,1,944,944,944,763,987,915,1129,185,336,201,998,1036,998,924,1162,1328,791,618,305,499,1,801,413,1001,1789,1198,155,4,1085,1,27:39,1
2013-14,2617,Udonis Haslem,Udonis,1610612748,MIA,Miami Heat,0041300303,2014-05-24T00:00:00,MIA vs. IND,W,17.425,2,4,0.5,0,0,0.0,0,0,0.0,0,5,5,1,0,0,0,0,4,1,4,1,11.5,0,0,10.0,1,1,1,1,1192,987,1145,534,731,1136,731,998,1036,998,924,320,496,791,1096,784,499,1,1541,915,1173,796,1150,155,4,1187,1,17:26,1
2013-14,101133,Ian Mahinmi,Ian,1610612754,IND,Indiana Pacers,0041300303,2014-05-24T00:00:00,IND @ MIA,L,8.775,1,1,1.0,0,0,0.0,1,2,0.5,2,2,4,1,1,0,1,0,0,1,3,6,11.3,0,0,10.0,1,944,944,944,1532,1208,1565,1,731,1136,731,783,621,751,226,860,643,791,618,784,171,1,1,915,1282,482,1163,155,4,1187,1,8:47,1
2013-14,2449,Luis Scola,Luis,1610612754,IND,Indiana Pacers,0041300303,2014-05-24T00:00:00,IND @ MIA,L,13.358333333333333,4,6,0.667,0,0,0.0,0,0,0.0,0,1,1,0,0,0,0,1,2,0,8,9,9.2,0,0,9.0,1,944,944,944,1368,599,915,209,731,1136,731,998,1036,998,924,1162,1328,1185,1096,784,499,1343,801,1301,858,334,1275,155,4,1237,1,13:22,1
2013-14,2446,Rasual Butler,Rasual,1610612754,IND,Indiana Pacers,0041300303,2014-05-24T00:00:00,IND @ MIA,L,16.783333333333335,2,4,0.5,2,3,0.667,0,0,0.0,0,0,0,0,0,0,0,0,1,0,6,0,6.0,0,0,8.0,1,944,944,944,1219,987,1145,534,185,477,112,998,1036,998,924,1520,1606,1185,1096,784,499,1,394,1301,1001,882,1430,155,4,1289,1,16:47,1
2013-14,201596,Mario Chalmers,Mario,1610612748,MIA,Miami Heat,0041300303,2014-05-24T00:00:00,MIA vs. IND,W,13.946666666666667,3,4,0.75,0,1,0.0,0,0,0.0,1,0,1,1,3,0,0,0,2,1,6,-1,5.7,0,0,8.0,1,1,1,1,1341,783,1145,145,731,887,731,998,1036,998,449,1520,1328,791,143,784,499,1,801,915,1001,1010,1442,155,4,1289,1,13:57,1
2013-14,2203,Shane Battier,Shane,1610612748,MIA,Miami Heat,0041300303,2014-05-24T00:00:00,MIA vs. IND,W,7.383333333333334,1,3,0.333,1,2,0.5,0,0,0.0,0,1,1,0,0,0,0,0,2,0,3,-1,4.2,0,0,5.0,1,1,1,1,1571,1208,1273,1129,388,651,201,998,1036,998,924,1162,1328,1185,1096,784,499,1,801,1301,1282,1010,1522,155,4,1446,1,7:23,1
2013-14,1740,Rashard Lewis,Rashard,1610612748,MIA,Miami Heat,0041300303,2014-05-24T00:00:00,MIA vs. IND,W,17.425,0,2,0.0,0,1,0.0,0,0,0.0,0,0,0,0,0,0,1,0,0,1,0,21,3.0,0,0,2.0,1,1,1,1,1192,1505,1415,1505,731,887,731,998,1036,998,924,1520,1606,1185,1096,784,171,1,1,915,1567,53,1593,155,4,1628,1,17:26,1
2013-14,202323,Evan Turner,Evan,1610612754,IND,Indiana Pacers,0041300303,2014-05-24T00:00:00,IND @ MIA,L,3.566666666666667,0,0,0.0,0,0,0.0,0,0,0.0,0,1,1,0,1,0,0,0,0,0,0,-5,0.2,0,0,1.0,1,944,944,944,1718,1505,1728,1505,731,1136,731,998,1036,998,924,1162,1328,1185,618,784,499,1,1,1301,1567,1316,1757,155,4,1690,1,3:34,1
2013-14,201962,Toney Douglas,Toney,1610612748,MIA,Miami Heat,0041300303,2014-05-24T00:00:00,MIA vs. IND,W,0.7083333333333334,0,0,0.0,0,0,0.0,0,0,0.0,0,0,0,0,0,0,0,0,0,0,0,-3,0.0,0,0,0.0,1,1,1,1,1861,1505,1728,1505,731,1136,731,998,1036,998,924,1520,1606,1185,1096,784,499,1,1,1301,1567,1183,1769,155,4,1775,1,0:43,1
2013-14,2592,James Jones,James,1610612748,MIA,Miami Heat,0041300303,2014-05-24T00:00:00,MIA vs. IND,W,0.7083333333333334,0,0,0.0,0,0,0.0,0,0,0.0,0,0,0,0,0,0,0,0,0,0,0,-3,0.0,0,0,0.0,1,1,1,1,1861,1505,1728,1505,731,1136,731,998,1036,998,924,1520,1606,1185,1096,784,499,1,1,1301,1567,1183,1769,155,4,1775,1,0:43,1
2013-14,201980,Danny Green,Danny,1610612759,SAS,San Antonio Spurs,0041300312,2014-05-21T00:00:00,SAS vs. OKC,W,28.415,7,11,0.636,7,10,0.7,0,0,0.0,1,2,3,1,0,3,0,1,1,1,21,24,35.1,0,0,38.0,1,1,1,1,722,226,459,294,3,10,110,998,1036,998,449,860,831,791,1096,43,499,1343,394,915,196,24,287,155,4,178,1,28:25,1
2013-14,2225,Tony Parker,Tony,1610612759,SAS,San Antonio Spurs,0041300312,2014-05-21T00:00:00,SAS vs. OKC,W,28.36,10,17,0.588,0,1,0.0,2,2,1.0,0,2,2,5,4,2,0,0,1,2,22,30,33.9,0,0,33.0,1,1,1,1,724,58,162,396,731,887,731,500,621,1,924,860,1057,151,70,115,499,1,394,610,166,6,323,155,4,276,1,28:22,1
2013-14,1495,Tim Duncan,Tim,1610612759,SAS,San Antonio Spurs,0041300312,2014-05-21T00:00:00,SAS vs. OKC,W,28.85,5,12,0.417,0,1,0.0,4,4,1.0,4,8,12,1,2,0,2,0,2,4,14,30,33.9,1,0,31.0,1,1,1,1,701,458,391,949,731,887,731,230,347,1,62,93,58,791,298,784,70,1,801,272,495,6,323,1,4,354,1,28:51,1
2013-14,201566,Russell Westbrook,Russell,1610612760,OKC,Oklahoma City Thunder,0041300312,2014-05-21T00:00:00,OKC @ SAS,L,29.083333333333332,7,24,0.292,1,5,0.2,0,0,0.0,3,2,5,5,3,2,0,1,2,2,15,-32,31.5,0,0,30.0,1,944,944,944,689,226,18,1298,388,226,669,998,1036,998,114,860,496,151,143,115,499,1343,801,610,427,1905,384,155,4,378,1,29:05,1
2013-14,201168,Tiago Splitter,Tiago,1610612759,SAS,San Antonio Spurs,0041300312,2014-05-21T00:00:00,SAS vs. OKC,W,23.583333333333332,2,4,0.5,0,0,0.0,5,5,1.0,1,9,10,4,1,0,3,1,0,5,9,17,35.0,0,0,29.0,1,1,1,1,930,987,1145,534,731,1136,731,166,281,1,449,47,102,237,618,784,29,1343,1,175,777,100,289,155,4,404,1,23:35,1
2013-14,201142,Kevin Durant,Kevin,1610612760,OKC,Oklahoma City Thunder,0041300312,2014-05-21T00:00:00,OKC @ SAS,L,28.516666666666666,6,16,0.375,0,4,0.0,3,5,0.6,0,3,3,2,2,1,0,1,2,7,15,-26,22.6,0,0,22.0,1,944,944,944,716,330,187,1056,731,336,731,345,281,722,924,632,831,529,298,305,499,1343,801,64,427,1890,687,155,4,657,1,28:31,1
2013-14,1938,Manu Ginobili,Manu,1610612759,SAS,San Antonio Spurs,0041300312,2014-05-21T00:00:00,SAS vs. OKC,W,20.935,2,4,0.5,1,2,0.5,6,6,1.0,1,2,3,4,0,1,0,0,4,5,11,16,23.6,0,0,21.0,1,1,1,1,1038,987,1145,534,388,651,201,117,180,1,449,860,831,237,1096,305,499,1,1541,175,669,119,656,155,4,693,1,20:56,1
2013-14,203500,Steven Adams,Steven,1610612760,OKC,Oklahoma City Thunder,0041300312,2014-05-21T00:00:00,OKC @ SAS,L,33.1,4,5,0.8,0,0,0.0,1,4,0.25,5,3,8,1,2,0,1,0,2,3,9,-19,21.1,0,0,20.0,1,944,944,944,519,599,1021,119,731,1136,731,783,347,984,30,632,213,791,298,784,171,1,801,413,777,1829,730,155,4,731,1,33:06,1
2013-14,203087,Jeremy Lamb,Jeremy,1610612760,OKC,Oklahoma City Thunder,0041300312,2014-05-21T00:00:00,OKC @ SAS,L,13.783333333333333,6,8,0.75,0,1,0.0,1,1,1.0,0,1,1,1,1,2,0,0,1,1,13,-6,20.7,0,0,19.0,1,944,944,944,1347,330,710,145,731,887,731,783,968,1,924,1162,1328,791,618,115,499,1,394,915,552,1382,752,155,4,773,1,13:47,1
2013-14,201158,Marco Belinelli,Marco,1610612759,SAS,San Antonio Spurs,0041300312,2014-05-21T00:00:00,SAS vs. OKC,W,19.388333333333332,3,9,0.333,0,2,0.0,2,2,1.0,1,6,7,2,4,0,0,0,2,1,8,-2,15.4,0,0,17.0,1,1,1,1,1095,783,622,1129,731,651,731,500,621,1,449,198,285,529,70,784,499,1,801,915,858,1106,965,155,4,852,1,19:23,1
2013-14,2564,Boris Diaw,Boris,1610612759,SAS,San Antonio Spurs,0041300312,2014-05-21T00:00:00,SAS vs. OKC,W,24.476666666666667,4,6,0.667,1,2,0.5,2,4,0.5,1,2,3,1,0,0,0,0,1,2,11,12,16.1,0,0,16.0,1,1,1,1,892,599,915,209,388,651,201,500,347,751,449,860,831,791,1096,784,499,1,394,610,669,210,939,155,4,901,1,24:29,1
2013-14,202704,Reggie Jackson,Reggie,1610612760,OKC,Oklahoma City Thunder,0041300312,2014-05-21T00:00:00,OKC @ SAS,L,26.233333333333334,4,7,0.571,0,1,0.0,0,0,0.0,0,3,3,4,2,0,0,1,1,0,8,-13,15.6,0,0,15.0,1,944,944,944,815,599,811,418,731,887,731,998,1036,998,924,632,831,237,298,784,499,1343,394,1301,858,1687,957,155,4,947,1,26:14,1
2013-14,2406,Caron Butler,Caron,1610612760,OKC,Oklahoma City Thunder,0041300312,2014-05-21T00:00:00,OKC @ SAS,L,19.016666666666666,4,8,0.5,1,3,0.333,0,0,0.0,1,3,4,1,3,0,0,0,0,0,9,-6,12.3,0,0,15.0,1,944,944,944,1117,599,710,534,388,477,485,998,1036,998,449,632,643,791,143,784,499,1,1,1301,777,1382,1117,155,4,947,1,19:01,1
2013-14,202695,Kawhi Leonard,Kawhi,1610612759,SAS,San Antonio Spurs,0041300312,2014-05-21T00:00:00,SAS vs. OKC,W,15.751666666666667,2,4,0.5,0,0,0.0,0,0,0.0,0,1,1,4,1,1,1,0,3,0,4,23,16.2,0,0,13.0,1,1,1,1,1268,987,1145,534,731,1136,731,998,1036,998,924,1162,1328,237,618,305,171,1,1177,1301,1173,31,935,155,4,1036,1,15:45,1
2013-14,201988,Patty Mills,Patty,1610612759,SAS,San Antonio Spurs,0041300312,2014-05-21T00:00:00,SAS vs. OKC,W,15.956666666666667,0,5,0.0,0,3,0.0,0,0,0.0,0,5,5,3,0,0,0,1,0,0,0,2,10.5,0,0,8.0,1,1,1,1,1251,1505,1021,1505,731,477,731,998,1036,998,924,320,496,363,1096,784,499,1343,1,1301,1567,707,1204,155,4,1289,1,15:57,1
2013-14,2570,Kendrick Perkins,Kendrick,1610612760,OKC,Oklahoma City Thunder,0041300312,2014-05-21T00:00:00,OKC @ SAS,L,14.55,1,2,0.5,0,0,0.0,0,0,0.0,1,3,4,0,0,0,1,0,4,1,2,-17,9.8,0,0,8.0,1,944,944,944,1315,1208,1415,534,731,1136,731,998,1036,998,449,632,643,1185,1096,784,171,1,1541,915,1377,1789,1242,155,4,1289,1,14:33,1
2013-14,203103,Perry Jones III,Perry,1610612760,OKC,Oklahoma City Thunder,0041300312,2014-05-21T00:00:00,OKC @ SAS,L,24.0,1,4,0.25,0,2,0.0,0,0,0.0,0,4,4,0,0,0,1,1,3,0,2,-22,9.8,0,0,8.0,1,944,944,944,911,1208,1145,1349,731,651,731,998,1036,998,924,457,643,1185,1096,784,171,1343,1177,1301,1377,1865,1242,155,4,1289,1,24:00,1
2013-14,203382,Aron Baynes,Aron,1610612759,SAS,San Antonio Spurs,0041300312,2014-05-21T00:00:00,SAS vs. OKC,W,12.0,2,4,0.5,0,0,0.0,0,0,0.0,0,2,2,0,0,1,0,0,0,1,4,6,9.4,0,0,8.0,1,1,1,1,1418,987,1145,534,731,1136,731,998,1036,998,924,860,1057,1185,1096,305,499,1,1,915,1173,482,1259,155,4,1289,1,12:00,1
2013-14,2588,Matt Bonner,Matt,1610612759,SAS,San Antonio Spurs,0041300312,2014-05-21T00:00:00,SAS vs. OKC,W,6.6,0,1,0.0,0,1,0.0,0,0,0.0,1,2,3,2,0,0,1,0,0,0,0,5,9.6,0,0,7.0,1,1,1,1,1603,1505,1565,1505,731,887,731,998,1036,998,449,860,831,529,1096,784,171,1,1,1301,1567,522,1249,155,4,1343,1,6:36,1
2013-14,965,Derek Fisher,Derek,1610612760,OKC,Oklahoma City Thunder,0041300312,2014-05-21T00:00:00,OKC @ SAS,L,21.833333333333332,1,5,0.2,0,2,0.0,0,0,0.0,0,1,1,4,0,0,0,0,4,1,2,-5,9.2,0,0,7.0,1,944,944,944,998,1208,1021,1438,731,651,731,998,1036,998,924,1162,1328,237,1096,784,499,1,1541,915,1377,1316,1275,155,4,1343,1,21:50,1
2013-14,202709,Cory Joseph,Cory,1610612759,SAS,San Antonio Spurs,0041300312,2014-05-21T00:00:00,SAS vs. OKC,W,9.083333333333334,3,4,0.75,0,1,0.0,0,0,0.0,0,0,0,0,0,0,0,0,1,0,6,7,6.0,0,0,6.0,1,1,1,1,1521,783,1145,145,731,887,731,998,1036,998,924,1520,1606,1185,1096,784,499,1,394,1301,1001,430,1430,155,4,1399,1,9:05,1
2013-14,201965,Jeff Ayres,Jeff,1610612759,SAS,San Antonio Spurs,0041300312,2014-05-21T00:00:00,SAS vs. OKC,W,6.6,1,1,1.0,0,0,0.0,0,0,0.0,1,1,2,0,0,0,0,0,0,0,2,5,4.4,0,0,4.0,1,1,1,1,1603,1208,1565,1,731,1136,731,998,1036,998,449,1162,1057,1185,1096,784,499,1,1,1301,1377,522,1510,155,4,1505,1,6:36,1
2013-14,2555,Nick Collison,Nick,1610612760,OKC,Oklahoma City Thunder,0041300312,2014-05-21T00:00:00,OKC @ SAS,L,12.966666666666667,1,2,0.5,0,0,0.0,0,0,0.0,0,2,2,0,0,0,0,1,2,0,2,-15,4.4,0,0,4.0,1,944,944,944,1385,1208,1415,534,731,1136,731,998,1036,998,924,860,1057,1185,1096,784,499,1343,801,1301,1377,1743,1510,155,4,1505,1,12:58,1
2013-14,200757,Thabo Sefolosha,Thabo,1610612760,OKC,Oklahoma City Thunder,0041300312,2014-05-21T00:00:00,OKC @ SAS,L,10.316666666666666,0,5,0.0,0,2,0.0,0,0,0.0,1,0,1,0,1,1,0,1,0,0,0,-9,3.2,0,0,3.0,1,944,944,944,1482,1505,1021,1505,731,651,731,998,1036,998,449,1520,1328,1185,618,305,499,1343,1,1301,1567,1528,1574,155,4,1573,1,10:19,1
2013-14,203460,Andre Roberson,Andre,1610612760,OKC,Oklahoma City Thunder,0041300312,2014-05-21T00:00:00,OKC @ SAS,L,6.6,0,3,0.0,0,0,0.0,0,0,0.0,0,2,2,0,0,0,0,1,0,0,0,-5,2.4,0,0,2.0,1,944,944,944,1603,1505,1273,1505,731,1136,731,998,1036,998,924,860,1057,1185,1096,784,499,1343,1,1301,1567,1316,1632,155,4,1628,1,6:36,1
2013-14,2544,LeBron James,LeBron,1610612748,MIA,Miami Heat,0041300302,2014-05-20T00:00:00,MIA @ IND,W,42.343333333333334,9,18,0.5,1,5,0.2,3,6,0.5,0,7,7,6,3,2,3,0,3,6,22,4,51.4,0,0,46.0,1,1,1,1,111,101,125,534,388,226,669,345,180,751,924,144,285,102,143,115,29,1,1177,102,166,576,63,155,4,83,1,42:21,1
2013-14,202362,Lance Stephenson,Lance,1610612754,IND,Indiana Pacers,0041300302,2014-05-20T00:00:00,IND vs. MIA,L,43.55,10,17,0.588,2,4,0.5,3,5,0.6,2,4,6,7,3,0,0,2,5,4,25,0,39.7,0,0,40.0,1,944,944,944,70,58,162,396,185,336,201,345,281,722,226,457,388,64,143,784,499,1748,1747,272,107,882,197,155,4,143,1,43:33,1
2013-14,2548,Dwyane Wade,Dwyane,1610612748,MIA,Miami Heat,0041300302,2014-05-20T00:00:00,MIA @ IND,W,33.623333333333335,10,16,0.625,0,1,0.0,3,4,0.75,2,3,5,5,3,1,0,0,3,4,23,-5,36.5,0,0,35.0,1,1,1,1,495,58,187,303,731,887,731,345,347,542,226,632,496,151,143,305,499,1,1177,272,148,1316,260,155,4,238,1,33:37,1
2013-14,201579,Roy Hibbert,Roy,1610612754,IND,Indiana Pacers,0041300302,2014-05-20T00:00:00,IND vs. MIA,L,40.89,5,9,0.556,0,0,0.0,2,2,1.0,8,5,13,0,1,1,1,0,0,3,12,3,32.6,1,0,29.0,1,944,944,944,160,458,622,455,731,1136,731,500,621,1,4,320,41,1185,618,305,171,1,1,413,601,639,359,1,4,404,1,40:53,1
2013-14,201588,George Hill,George,1610612754,IND,Indiana Pacers,0041300302,2014-05-20T00:00:00,IND vs. MIA,L,39.75,5,9,0.556,3,5,0.6,0,0,0.0,1,4,5,1,0,3,0,1,2,2,13,3,29.5,0,0,28.0,1,944,944,944,200,458,622,455,75,226,167,998,1036,998,449,457,496,791,1096,43,499,1343,801,610,552,639,441,155,4,434,1,39:45,1
2013-14,202331,Paul George,Paul,1610612754,IND,Indiana Pacers,0041300302,2014-05-20T00:00:00,IND vs. MIA,L,43.333333333333336,4,16,0.25,2,5,0.4,4,6,0.667,1,4,5,6,3,0,0,2,0,5,14,-1,26.0,0,0,27.0,1,944,944,944,76,599,187,1349,185,226,430,230,180,646,449,457,496,102,143,784,499,1748,1,175,495,1010,566,155,4,468,1,43:20,1
2013-14,2561,David West,David,1610612754,IND,Indiana Pacers,0041300302,2014-05-20T00:00:00,IND vs. MIA,L,34.02166666666667,5,16,0.313,0,1,0.0,0,0,0.0,2,5,7,4,2,1,1,0,4,0,10,6,28.4,0,0,25.0,1,944,944,944,477,458,187,1274,731,887,731,998,1036,998,226,320,285,237,298,305,171,1,1541,1301,720,482,481,155,4,543,1,34:01,1
2013-14,2547,Chris Bosh,Chris,1610612748,MIA,Miami Heat,0041300302,2014-05-20T00:00:00,MIA @ IND,W,34.516666666666666,4,9,0.444,1,4,0.25,0,0,0.0,0,6,6,0,0,2,1,0,3,0,9,-4,25.2,0,0,22.0,1,1,1,1,459,599,622,849,388,336,614,998,1036,998,924,198,388,1185,1096,115,171,1,1177,1301,777,1256,600,155,4,657,1,34:31,1
2013-14,2365,Chris Andersen,Chris,1610612748,MIA,Miami Heat,0041300302,2014-05-20T00:00:00,MIA @ IND,W,28.501666666666665,1,4,0.25,0,1,0.0,1,2,0.5,2,10,12,1,0,0,1,1,0,1,3,25,21.9,0,0,18.0,1,1,1,1,717,1208,1145,1349,731,887,731,783,621,751,226,29,58,791,1096,784,171,1343,1,915,1282,20,705,155,4,815,1,28:30,1
2013-14,202708,Norris Cole,Norris,1610612748,MIA,Miami Heat,0041300302,2014-05-20T00:00:00,MIA @ IND,W,26.533333333333335,3,4,0.75,2,2,1.0,3,4,0.75,0,0,0,2,0,1,0,0,1,3,11,14,17.0,0,0,17.0,1,1,1,1,803,783,1145,145,185,651,1,345,347,542,924,1520,1606,529,1096,305,499,1,394,413,669,163,904,155,4,852,1,26:32,1
2013-14,951,Ray Allen,Ray,1610612748,MIA,Miami Heat,0041300302,2014-05-20T00:00:00,MIA @ IND,W,23.976666666666667,1,5,0.2,1,3,0.333,0,0,0.0,0,4,4,0,0,1,1,1,2,0,3,16,13.8,0,0,12.0,1,1,1,1,914,1208,1021,1438,388,477,485,998,1036,998,924,457,643,1185,1096,305,171,1343,801,1301,1282,119,1044,155,4,1085,1,23:59,1
2013-14,201596,Mario Chalmers,Mario,1610612748,MIA,Miami Heat,0041300302,2014-05-20T00:00:00,MIA @ IND,W,23.666666666666668,2,4,0.5,2,2,1.0,0,0,0.0,0,1,1,3,5,0,0,0,1,0,6,-14,6.7,0,0,12.0,1,1,1,1,925,987,1145,534,185,651,1,998,1036,998,924,1162,1328,363,29,784,499,1,394,1301,1001,1721,1399,155,4,1085,1,23:40,1
2013-14,2617,Udonis Haslem,Udonis,1610612748,MIA,Miami Heat,0041300302,2014-05-20T00:00:00,MIA @ IND,W,18.533333333333335,3,5,0.6,0,0,0.0,1,2,0.5,2,1,3,1,0,0,0,0,2,1,7,-20,12.1,0,0,11.0,1,1,1,1,1135,783,1021,335,731,1136,731,783,621,751,226,1162,831,791,1096,784,499,1,801,915,944,1842,1127,155,4,1128,1,18:32,1
2013-14,2446,Rasual Butler,Rasual,1610612754,IND,Indiana Pacers,0041300302,2014-05-20T00:00:00,IND vs. MIA,L,8.385,2,3,0.667,2,3,0.667,0,0,0.0,0,1,1,0,0,1,0,0,1,0,6,-4,10.2,0,0,11.0,1,944,944,944,1540,987,1273,209,185,477,112,998,1036,998,924,1162,1328,1185,1096,305,499,1,394,1301,1001,1256,1218,155,4,1128,1,8:23,1
2013-14,2203,Shane Battier,Shane,1610612748,MIA,Miami Heat,0041300302,2014-05-20T00:00:00,MIA @ IND,W,8.305,1,2,0.5,1,2,0.5,0,0,0.0,0,0,0,1,0,0,0,0,2,1,3,4,4.5,0,0,5.0,1,1,1,1,1544,1208,1415,534,388,651,201,998,1036,998,924,1520,1606,791,1096,784,499,1,801,915,1282,576,1504,155,4,1446,1,8:18,1
2013-14,2449,Luis Scola,Luis,1610612754,IND,Indiana Pacers,0041300302,2014-05-20T00:00:00,IND vs. MIA,L,10.928333333333333,1,6,0.167,0,0,0.0,0,0,0.0,0,0,0,1,0,0,0,1,2,1,2,-6,3.5,0,0,3.0,1,944,944,944,1463,1208,915,1471,731,1136,731,998,1036,998,924,1520,1606,791,1096,784,499,1343,801,915,1377,1382,1562,155,4,1573,1,10:56,1
2013-14,201228,C.J. Watson,C.J.,1610612754,IND,Indiana Pacers,0041300302,2014-05-20T00:00:00,IND vs. MIA,L,12.996666666666666,0,4,0.0,0,1,0.0,0,0,0.0,1,2,3,0,1,0,0,0,2,1,0,-13,2.6,0,0,3.0,1,944,944,944,1384,1505,1145,1505,731,887,731,998,1036,998,449,860,831,1185,618,784,499,1,801,915,1567,1687,1630,155,4,1573,1,12:60,1
2013-14,101133,Ian Mahinmi,Ian,1610612754,IND,Indiana Pacers,0041300302,2014-05-20T00:00:00,IND vs. MIA,L,6.145,0,0,0.0,0,0,0.0,1,2,0.5,1,0,1,0,0,0,0,0,0,1,1,-8,2.2,0,0,2.0,1,944,944,944,1623,1505,1728,1505,731,1136,731,783,621,751,449,1520,1328,1185,1096,784,499,1,1,915,1541,1487,1644,155,4,1628,1,6:09,1
2013-14,201142,Kevin Durant,Kevin,1610612760,OKC,Oklahoma City Thunder,0041300311,2014-05-19T00:00:00,OKC @ SAS,L,40.8,10,19,0.526,4,7,0.571,4,4,1.0,1,8,9,5,6,0,1,1,4,3,28,-17,43.3,0,0,48.0,1,944,944,944,168,58,101,527,31,67,187,230,347,1,449,93,151,151,11,784,171,1343,1541,413,69,1789,141,155,4,63,1,40:48,1
2013-14,201566,Russell Westbrook,Russell,1610612760,OKC,Oklahoma City Thunder,0041300311,2014-05-19T00:00:00,OKC @ SAS,L,36.25,9,21,0.429,1,4,0.25,6,8,0.75,2,3,5,7,4,0,0,0,3,4,25,-13,37.5,0,0,38.0,1,944,944,944,369,101,60,891,388,336,614,117,91,542,226,632,496,64,70,784,499,1,1177,272,107,1687,235,155,4,178,1,36:15,1
2013-14,1495,Tim Duncan,Tim,1610612759,SAS,San Antonio Spurs,0041300311,2014-05-19T00:00:00,SAS vs. OKC,W,29.083333333333332,11,19,0.579,0,0,0.0,5,6,0.833,2,5,7,3,1,0,0,1,3,6,27,8,38.9,0,0,37.0,1,1,1,1,689,36,101,415,731,1136,731,166,180,458,226,320,285,363,618,784,499,1343,1177,102,80,374,206,155,4,204,1,29:05,1
2013-14,202695,Kawhi Leonard,Kawhi,1610612759,SAS,San Antonio Spurs,0041300311,2014-05-19T00:00:00,SAS vs. OKC,W,39.068333333333335,7,16,0.438,1,4,0.25,1,2,0.5,1,5,6,2,1,3,1,1,2,1,16,12,37.2,0,0,33.0,1,1,1,1,238,226,187,878,388,336,614,783,621,751,449,320,388,529,618,43,171,1343,801,915,361,210,243,155,4,276,1,39:04,1
2013-14,2225,Tony Parker,Tony,1610612759,SAS,San Antonio Spurs,0041300311,2014-05-19T00:00:00,SAS vs. OKC,W,35.68333333333333,6,12,0.5,0,1,0.0,2,3,0.667,0,3,3,12,1,1,0,0,1,2,14,12,37.6,1,0,31.0,1,1,1,1,404,330,391,534,731,887,731,500,538,646,924,632,831,8,618,305,499,1,394,610,495,210,228,1,4,354,1,35:41,1
2013-14,201980,Danny Green,Danny,1610612759,SAS,San Antonio Spurs,0041300311,2014-05-19T00:00:00,SAS vs. OKC,W,27.066666666666666,6,7,0.857,4,5,0.8,0,0,0.0,1,3,4,1,0,2,0,0,3,3,16,30,28.3,0,0,29.0,1,1,1,1,787,330,811,106,31,226,83,998,1036,998,449,632,643,791,1096,115,499,1,1177,413,361,6,485,155,4,404,1,27:04,1
2013-14,1938,Manu Ginobili,Manu,1610612759,SAS,San Antonio Spurs,0041300311,2014-05-19T00:00:00,SAS vs. OKC,W,27.166666666666668,7,12,0.583,3,4,0.75,1,1,1.0,1,1,2,3,1,1,0,0,2,2,18,12,26.9,0,0,28.0,1,1,1,1,783,226,391,401,75,336,93,783,968,1,449,1162,1057,363,618,305,499,1,801,610,279,210,538,155,4,434,1,27:10,1
2013-14,965,Derek Fisher,Derek,1610612760,OKC,Oklahoma City Thunder,0041300311,2014-05-19T00:00:00,OKC @ SAS,L,25.666666666666668,4,6,0.667,4,6,0.667,4,4,1.0,0,2,2,1,1,2,0,0,3,5,16,-18,24.9,0,0,27.0,1,944,944,944,837,599,915,209,31,128,112,230,347,1,924,860,1057,791,618,115,499,1,1177,175,361,1808,610,155,4,468,1,25:40,1
2013-14,202704,Reggie Jackson,Reggie,1610612760,OKC,Oklahoma City Thunder,0041300311,2014-05-19T00:00:00,OKC @ SAS,L,28.283333333333335,6,11,0.545,1,2,0.5,0,0,0.0,0,2,2,2,1,0,0,0,2,1,13,-9,17.4,0,0,18.0,1,944,944,944,728,330,459,485,388,651,201,998,1036,998,924,860,1057,529,618,784,499,1,801,915,552,1528,882,155,4,815,1,28:17,1
2013-14,2564,Boris Diaw,Boris,1610612759,SAS,San Antonio Spurs,0041300311,2014-05-19T00:00:00,SAS vs. OKC,W,20.265,3,7,0.429,0,0,0.0,3,4,0.75,2,1,3,3,2,1,0,1,1,2,9,-2,18.1,0,0,17.0,1,1,1,1,1059,783,811,891,731,1136,731,345,347,542,226,1162,831,363,298,305,499,1343,394,610,777,1106,853,155,4,852,1,20:16,1
2013-14,201168,Tiago Splitter,Tiago,1610612759,SAS,San Antonio Spurs,0041300311,2014-05-19T00:00:00,SAS vs. OKC,W,18.716666666666665,3,4,0.75,0,0,0.0,0,0,0.0,1,7,8,0,1,0,1,0,2,1,6,8,17.6,0,0,16.0,1,1,1,1,1128,783,1145,145,731,1136,731,998,1036,998,449,144,213,1185,618,784,171,1,801,915,1001,374,872,155,4,901,1,18:43,1
2013-14,2406,Caron Butler,Caron,1610612760,OKC,Oklahoma City Thunder,0041300311,2014-05-19T00:00:00,OKC @ SAS,L,25.45,2,6,0.333,1,4,0.25,4,6,0.667,1,3,4,1,0,0,0,0,2,4,9,-11,15.3,0,0,15.0,1,944,944,944,846,987,915,1129,388,336,614,230,180,646,449,632,643,791,1096,784,499,1,801,272,777,1612,977,155,4,947,1,25:27,1
2013-14,2570,Kendrick Perkins,Kendrick,1610612760,OKC,Oklahoma City Thunder,0041300311,2014-05-19T00:00:00,OKC @ SAS,L,23.666666666666668,2,3,0.667,0,0,0.0,1,1,1.0,4,5,9,0,3,0,0,1,4,2,5,-13,12.8,0,0,14.0,1,944,944,944,925,987,1273,209,731,1136,731,783,968,1,62,320,151,1185,143,784,499,1343,1541,610,1095,1687,1094,155,4,992,1,23:40,1
2013-14,2555,Nick Collison,Nick,1610612760,OKC,Oklahoma City Thunder,0041300311,2014-05-19T00:00:00,OKC @ SAS,L,15.533333333333333,0,3,0.0,0,1,0.0,0,0,0.0,0,3,3,1,1,2,1,0,1,0,0,-7,13.1,0,0,10.0,1,944,944,944,1278,1505,1273,1505,731,887,731,998,1036,998,924,632,831,791,618,115,171,1,394,1301,1567,1440,1076,155,4,1187,1,15:32,1
2013-14,201158,Marco Belinelli,Marco,1610612759,SAS,San Antonio Spurs,0041300311,2014-05-19T00:00:00,SAS vs. OKC,W,15.766666666666667,2,3,0.667,0,1,0.0,1,1,1.0,0,3,3,2,0,0,0,0,0,2,5,2,11.6,0,0,10.0,1,1,1,1,1263,987,1273,209,731,887,731,783,968,1,924,632,831,529,1096,784,499,1,1,610,1095,707,1145,155,4,1187,1,15:46,1
2013-14,203500,Steven Adams,Steven,1610612760,OKC,Oklahoma City Thunder,0041300311,2014-05-19T00:00:00,OKC @ SAS,L,17.2,2,3,0.667,0,0,0.0,0,0,0.0,1,1,2,1,0,0,1,0,2,1,4,-3,10.9,0,0,9.0,1,944,944,944,1203,987,1273,209,731,1136,731,998,1036,998,449,1162,1057,791,1096,784,171,1,801,915,1173,1183,1192,155,4,1237,1,17:12,1
2013-14,201988,Patty Mills,Patty,1610612759,SAS,San Antonio Spurs,0041300311,2014-05-19T00:00:00,SAS vs. OKC,W,13.55,2,3,0.667,1,2,0.5,0,0,0.0,0,1,1,2,0,0,0,0,4,1,5,10,9.2,0,0,9.0,1,1,1,1,1360,987,1273,209,388,651,201,998,1036,998,924,1162,1328,529,1096,784,499,1,1541,915,1095,294,1275,155,4,1237,1,13:33,1
2013-14,202709,Cory Joseph,Cory,1610612759,SAS,San Antonio Spurs,0041300311,2014-05-19T00:00:00,SAS vs. OKC,W,2.216666666666667,2,2,1.0,0,0,0.0,0,0,0.0,0,0,0,0,0,0,0,0,0,0,4,-4,4.0,0,0,4.0,1,1,1,1,1780,987,1415,1,731,1136,731,998,1036,998,924,1520,1606,1185,1096,784,499,1,1,1301,1173,1256,1538,155,4,1505,1,2:13,1
2013-14,203103,Perry Jones III,Perry,1610612760,OKC,Oklahoma City Thunder,0041300311,2014-05-19T00:00:00,OKC @ SAS,L,2.216666666666667,1,1,1.0,1,1,1.0,0,0,0.0,0,0,0,0,0,0,0,0,0,0,3,4,3.0,0,0,4.0,1,944,944,944,1780,1208,1565,1,388,887,1,998,1036,998,924,1520,1606,1185,1096,784,499,1,1,1301,1282,576,1593,155,4,1505,1,2:13,1
2013-14,203087,Jeremy Lamb,Jeremy,1610612760,OKC,Oklahoma City Thunder,0041300311,2014-05-19T00:00:00,OKC @ SAS,L,7.183333333333334,1,3,0.333,0,1,0.0,0,0,0.0,0,0,0,1,0,0,0,0,0,0,2,5,3.5,0,0,3.0,1,944,944,944,1576,1208,1273,1129,731,887,731,998,1036,998,924,1520,1606,791,1096,784,499,1,1,1301,1377,522,1562,155,4,1573,1,7:11,1
2013-14,203382,Aron Baynes,Aron,1610612759,SAS,San Antonio Spurs,0041300311,2014-05-19T00:00:00,SAS vs. OKC,W,6.983333333333333,1,2,0.5,0,0,0.0,0,0,0.0,0,1,1,0,2,0,0,0,2,2,2,5,1.2,0,0,3.0,1,1,1,1,1586,1208,1415,534,731,1136,731,998,1036,998,924,1162,1328,1185,298,784,499,1,801,610,1377,522,1694,155,4,1573,1,6:59,1
2013-14,201965,Jeff Ayres,Jeff,1610612759,SAS,San Antonio Spurs,0041300311,2014-05-19T00:00:00,SAS vs. OKC,W,2.216666666666667,0,0,0.0,0,0,0.0,0,0,0.0,0,2,2,0,0,0,0,0,0,0,0,-4,2.4,0,0,2.0,1,1,1,1,1780,1505,1728,1505,731,1136,731,998,1036,998,924,860,1057,1185,1096,784,499,1,1,1301,1567,1256,1632,155,4,1628,1,2:13,1
2013-14,200757,Thabo Sefolosha,Thabo,1610612760,OKC,Oklahoma City Thunder,0041300311,2014-05-19T00:00:00,OKC @ SAS,L,15.533333333333333,0,4,0.0,0,1,0.0,0,0,0.0,0,1,1,0,0,0,0,0,1,0,0,-7,1.2,0,0,1.0,1,944,944,944,1278,1505,1145,1505,731,887,731,998,1036,998,924,1162,1328,1185,1096,784,499,1,394,1301,1567,1440,1694,155,4,1690,1,15:32,1
2013-14,203460,Andre Roberson,Andre,1610612760,OKC,Oklahoma City Thunder,0041300311,2014-05-19T00:00:00,OKC @ SAS,L,2.216666666666667,0,0,0.0,0,0,0.0,0,0,0.0,0,0,0,0,0,0,0,0,0,0,0,4,0.0,0,0,0.0,1,944,944,944,1780,1505,1728,1505,731,1136,731,998,1036,998,924,1520,1606,1185,1096,784,499,1,1,1301,1567,576,1769,155,4,1775,1,2:13,1
2013-14,2588,Matt Bonner,Matt,1610612759,SAS,San Antonio Spurs,0041300311,2014-05-19T00:00:00,SAS vs. OKC,W,2.216666666666667,0,0,0.0,0,0,0.0,0,0,0.0,0,0,0,0,0,0,0,0,0,0,0,-4,0.0,0,0,0.0,1,1,1,1,1780,1505,1728,1505,731,1136,731,998,1036,998,924,1520,1606,1185,1096,784,499,1,1,1301,1567,1256,1769,155,4,1775,1,2:13,1
2013-14,2544,LeBron James,LeBron,1610612748,MIA,Miami Heat,0041300301,2014-05-18T00:00:00,MIA @ IND,L,40.83833333333333,11,18,0.611,1,5,0.2,2,2,1.0,1,9,10,5,4,3,0,0,3,2,25,-13,49.5,1,0,47.0,1,944,944,944,164,36,125,333,388,226,669,500,621,1,449,47,102,151,70,43,499,1,1177,610,107,1687,75,1,4,74,1,40:50,1
2013-14,202331,Paul George,Paul,1610612754,IND,Indiana Pacers,0041300301,2014-05-18T00:00:00,IND vs. MIA,W,38.67333333333333,7,13,0.538,3,6,0.5,7,8,0.875,0,4,4,7,3,1,0,0,5,5,24,11,39.3,0,0,40.0,1,1,1,1,256,226,325,499,75,128,201,82,91,422,924,457,643,64,143,305,499,1,1747,175,130,248,199,155,4,143,1,38:40,1
2013-14,201579,Roy Hibbert,Roy,1610612754,IND,Indiana Pacers,0041300301,2014-05-18T00:00:00,IND vs. MIA,W,38.623333333333335,5,13,0.385,0,0,0.0,9,13,0.692,3,6,9,3,1,0,1,2,3,8,19,19,36.3,0,0,33.0,1,1,1,1,258,458,325,1045,731,1136,731,30,15,645,114,198,151,363,618,784,171,1748,1177,40,247,74,264,155,4,276,1,38:37,1
2013-14,2548,Dwyane Wade,Dwyane,1610612748,MIA,Miami Heat,0041300301,2014-05-18T00:00:00,MIA @ IND,L,39.038333333333334,12,18,0.667,1,1,1.0,2,3,0.667,0,1,1,4,3,0,0,1,3,2,27,-9,31.2,0,0,33.0,1,944,944,944,240,21,125,209,388,887,1,500,538,646,924,1162,1328,237,143,784,499,1343,1177,610,80,1528,392,155,4,276,1,39:02,1
2013-14,202362,Lance Stephenson,Lance,1610612754,IND,Indiana Pacers,0041300301,2014-05-18T00:00:00,IND vs. MIA,W,41.005,8,12,0.667,1,2,0.5,0,0,0.0,0,4,4,8,2,1,0,0,3,2,17,12,34.8,0,0,32.0,1,1,1,1,155,152,391,209,388,651,201,998,1036,998,924,457,643,42,298,305,499,1,1177,610,314,210,296,155,4,311,1,41:00,1
2013-14,2561,David West,David,1610612754,IND,Indiana Pacers,0041300301,2014-05-18T00:00:00,IND vs. MIA,W,33.89,8,11,0.727,0,0,0.0,3,4,0.75,1,6,7,3,2,0,0,0,2,2,19,13,29.9,0,0,29.0,1,1,1,1,485,152,459,180,731,1136,731,345,347,542,449,198,285,363,298,784,499,1,801,610,247,188,430,155,4,404,1,33:53,1
2013-14,2365,Chris Andersen,Chris,1610612748,MIA,Miami Heat,0041300301,2014-05-18T00:00:00,MIA @ IND,L,18.6,6,7,0.857,0,0,0.0,2,2,1.0,2,2,4,0,2,1,2,0,4,1,14,3,25.8,0,0,24.0,1,944,944,944,1134,330,811,106,731,1136,731,500,621,1,226,860,643,1185,298,305,70,1,1541,915,495,639,579,155,4,582,1,18:36,1
2013-14,201588,George Hill,George,1610612754,IND,Indiana Pacers,0041300301,2014-05-18T00:00:00,IND vs. MIA,W,36.138333333333335,3,9,0.333,3,7,0.429,6,6,1.0,1,1,2,0,1,1,1,1,1,6,15,11,22.4,0,0,24.0,1,1,1,1,375,783,622,1129,75,67,409,117,180,1,449,1162,1057,1185,618,305,171,1343,394,102,427,248,691,155,4,582,1,36:08,1
2013-14,951,Ray Allen,Ray,1610612748,MIA,Miami Heat,0041300301,2014-05-18T00:00:00,MIA @ IND,L,29.938333333333333,4,8,0.5,2,6,0.333,2,2,1.0,0,5,5,4,1,0,0,0,2,2,12,4,23.0,0,0,23.0,1,944,944,944,644,599,710,534,185,128,485,500,621,1,924,320,496,237,618,784,499,1,801,610,601,576,673,155,4,619,1,29:56,1
2013-14,201596,Mario Chalmers,Mario,1610612748,MIA,Miami Heat,0041300301,2014-05-18T00:00:00,MIA @ IND,L,36.49333333333333,2,9,0.222,1,4,0.25,1,2,0.5,0,2,2,5,0,1,2,0,4,2,6,-15,24.9,0,0,20.0,1,944,944,944,357,987,622,1424,388,336,614,783,621,751,924,860,1057,151,1096,305,70,1,1541,610,1001,1743,610,155,4,731,1,36:30,1
2013-14,201228,C.J. Watson,C.J.,1610612754,IND,Indiana Pacers,0041300301,2014-05-18T00:00:00,IND vs. MIA,W,17.815,3,4,0.75,1,2,0.5,4,6,0.667,0,4,4,1,2,1,0,0,0,3,11,-2,18.3,0,0,19.0,1,1,1,1,1177,783,1145,145,388,651,201,230,180,646,924,457,643,791,298,305,499,1,1,413,669,1106,849,155,4,773,1,17:49,1
2013-14,2547,Chris Bosh,Chris,1610612748,MIA,Miami Heat,0041300301,2014-05-18T00:00:00,MIA @ IND,L,31.616666666666667,4,12,0.333,0,5,0.0,1,2,0.5,0,2,2,4,1,0,0,0,4,1,9,-16,16.4,0,0,15.0,1,944,944,944,583,599,391,1129,731,226,731,783,621,751,924,860,1057,237,618,784,499,1,1541,915,777,1771,928,155,4,947,1,31:37,1
2013-14,2449,Luis Scola,Luis,1610612754,IND,Indiana Pacers,0041300301,2014-05-18T00:00:00,IND vs. MIA,W,13.565,1,3,0.333,0,0,0.0,0,0,0.0,0,5,5,1,0,0,0,0,0,0,2,-2,9.5,0,0,8.0,1,1,1,1,1359,1208,1273,1129,731,1136,731,998,1036,998,924,320,496,791,1096,784,499,1,1,1301,1377,1106,1255,155,4,1289,1,13:34,1
2013-14,202708,Norris Cole,Norris,1610612748,MIA,Miami Heat,0041300301,2014-05-18T00:00:00,MIA @ IND,L,12.701666666666666,0,3,0.0,0,1,0.0,0,0,0.0,0,1,1,1,0,2,0,1,1,0,0,-2,8.7,0,0,6.0,1,944,944,944,1392,1505,1273,1505,731,887,731,998,1036,998,924,1162,1328,791,1096,115,499,1343,394,1301,1567,1106,1304,155,4,1399,1,12:42,1
2013-14,2203,Shane Battier,Shane,1610612748,MIA,Miami Heat,0041300301,2014-05-18T00:00:00,MIA @ IND,L,15.766666666666667,1,1,1.0,1,1,1.0,0,0,0.0,0,2,2,0,0,0,0,0,3,0,3,2,5.4,0,0,6.0,1,944,944,944,1263,1208,1565,1,388,887,1,998,1036,998,924,860,1057,1185,1096,784,499,1,1177,1301,1282,707,1462,155,4,1399,1,15:46,1
2013-14,101133,Ian Mahinmi,Ian,1610612754,IND,Indiana Pacers,0041300301,2014-05-18T00:00:00,IND vs. MIA,W,8.831666666666667,0,1,0.0,0,0,0.0,0,0,0.0,1,0,1,0,1,0,1,1,1,0,0,-8,3.2,0,0,3.0,1,1,1,1,1527,1505,1565,1505,731,1136,731,998,1036,998,449,1520,1328,1185,618,784,171,1343,394,1301,1567,1487,1574,155,4,1573,1,8:50,1
2013-14,2617,Udonis Haslem,Udonis,1610612748,MIA,Miami Heat,0041300301,2014-05-18T00:00:00,MIA @ IND,L,10.916666666666666,0,1,0.0,0,0,0.0,0,2,0.0,1,1,2,0,0,0,0,0,2,5,0,-8,2.4,0,0,2.0,1,944,944,944,1464,1505,1565,1505,731,1136,731,998,621,998,449,1162,1057,1185,1096,784,499,1,801,175,1567,1487,1632,155,4,1628,1,10:55,1
2013-14,2446,Rasual Butler,Rasual,1610612754,IND,Indiana Pacers,0041300301,2014-05-18T00:00:00,IND vs. MIA,W,9.278333333333334,0,1,0.0,0,1,0.0,0,0,0.0,0,1,1,0,0,0,0,0,0,0,0,1,1.2,0,0,1.0,1,1,1,1,1512,1505,1565,1505,731,887,731,998,1036,998,924,1162,1328,1185,1096,784,499,1,1,1301,1567,796,1694,155,4,1690,1,9:17,1
2013-14,202730,Lavoy Allen,Lavoy,1610612754,IND,Indiana Pacers,0041300301,2014-05-18T00:00:00,IND vs. MIA,W,0.545,0,0,0.0,0,0,0.0,0,0,0.0,1,0,1,0,0,0,0,0,0,0,0,0,1.2,0,0,1.0,1,1,1,1,1867,1505,1728,1505,731,1136,731,998,1036,998,449,1520,1328,1185,1096,784,499,1,1,1301,1567,882,1694,155,4,1690,1,0:33,1
2013-14,203142,Chris Copeland,Chris,1610612754,IND,Indiana Pacers,0041300301,2014-05-18T00:00:00,IND vs. MIA,W,0.545,0,1,0.0,0,1,0.0,0,0,0.0,0,0,0,0,0,0,0,0,0,0,0,0,0.0,0,0,0.0,1,1,1,1,1867,1505,1565,1505,731,887,731,998,1036,998,924,1520,1606,1185,1096,784,499,1,1,1301,1567,882,1769,155,4,1775,1,0:33,1
2013-14,202388,Donald Sloan,Donald,1610612754,IND,Indiana Pacers,0041300301,2014-05-18T00:00:00,IND vs. MIA,W,0.545,0,0,0.0,0,0,0.0,0,0,0.0,0,0,0,0,0,0,0,0,0,0,0,0,0.0,0,0,0.0,1,1,1,1,1867,1505,1728,1505,731,1136,731,998,1036,998,924,1520,1606,1185,1096,784,499,1,1,1301,1567,882,1769,155,4,1775,1,0:33,1
2013-14,203524,Solomon Hill,Solomon,1610612754,IND,Indiana Pacers,0041300301,2014-05-18T00:00:00,IND vs. MIA,W,0.545,0,0,0.0,0,0,0.0,0,0,0.0,0,0,0,0,0,0,0,0,0,0,0,0,0.0,0,0,0.0,1,1,1,1,1867,1505,1728,1505,731,1136,731,998,1036,998,924,1520,1606,1185,1096,784,499,1,1,1301,1567,882,1769,155,4,1775,1,0:33,1
2013-14,201962,Toney Douglas,Toney,1610612748,MIA,Miami Heat,0041300301,2014-05-18T00:00:00,MIA @ IND,L,0.545,0,0,0.0,0,0,0.0,0,0,0.0,0,0,0,0,0,0,0,0,0,0,0,0,0.0,0,0,0.0,1,944,944,944,1867,1505,1728,1505,731,1136,731,998,1036,998,924,1520,1606,1185,1096,784,499,1,1,1301,1567,882,1769,155,4,1775,1,0:33,1
2013-14,2592,James Jones,James,1610612748,MIA,Miami Heat,0041300301,2014-05-18T00:00:00,MIA @ IND,L,3.545,0,1,0.0,0,0,0.0,0,0,0.0,0,0,0,0,0,0,0,1,0,0,0,-1,0.0,0,0,0.0,1,944,944,944,1719,1505,1565,1505,731,1136,731,998,1036,998,924,1520,1606,1185,1096,784,499,1343,1,1301,1567,1010,1769,155,4,1775,1,3:33,1
2013-14,201142,Kevin Durant,Kevin,1610612760,OKC,Oklahoma City Thunder,0041300236,2014-05-15T00:00:00,OKC @ LAC,W,44.1,12,23,0.522,5,8,0.625,10,10,1.0,0,16,16,5,5,0,2,0,2,6,39,6,66.7,1,0,69.0,1,1,1,1,50,21,28,531,14,36,163,18,43,1,924,2,11,151,29,784,70,1,801,102,6,482,4,1,4,2,1,44:06,1
2013-14,101108,Chris Paul,Chris,1610612746,LAC,Los Angeles Clippers,0041300236,2014-05-15T00:00:00,LAC vs. OKC,L,40.3,9,18,0.5,2,4,0.5,5,5,1.0,2,5,7,11,3,1,0,0,3,5,25,-4,49.9,1,0,47.0,1,944,944,944,179,101,125,534,185,336,201,166,281,1,226,320,285,11,143,305,499,1,1177,175,107,1256,70,1,4,74,1,40:18,1
2013-14,201933,Blake Griffin,Blake,1610612746,LAC,Los Angeles Clippers,0041300236,2014-05-15T00:00:00,LAC vs. OKC,L,40.88333333333333,8,20,0.4,1,2,0.5,5,8,0.625,2,6,8,8,1,1,2,1,6,10,22,-6,51.6,0,0,45.0,1,944,944,944,162,152,80,970,388,651,201,166,91,716,226,198,213,42,618,305,70,1343,1865,9,166,1382,62,155,4,94,1,40:53,1
2013-14,2561,David West,David,1610612754,IND,Indiana Pacers,0041300206,2014-05-15T00:00:00,IND @ WAS,W,38.46333333333333,13,26,0.5,0,2,0.0,3,5,0.6,1,5,6,4,1,0,0,1,1,3,29,15,41.2,0,0,39.0,1,1,1,1,270,10,10,534,731,651,731,345,281,722,449,320,388,237,618,784,499,1343,394,413,55,138,161,155,4,163,1,38:28,1
2013-14,201566,Russell Westbrook,Russell,1610612760,OKC,Oklahoma City Thunder,0041300236,2014-05-15T00:00:00,OKC @ LAC,W,39.15,4,15,0.267,0,4,0.0,11,12,0.917,1,2,3,12,5,2,0,2,5,8,19,12,41.6,1,0,38.0,1,1,1,1,231,599,229,1344,731,336,731,15,20,403,449,860,831,8,29,115,499,1748,1747,40,247,210,156,1,4,178,1,39:09,1
2013-14,203078,Bradley Beal,Bradley,1610612764,WAS,Washington Wizards,0041300206,2014-05-15T00:00:00,WAS vs. IND,L,43.37833333333333,7,19,0.368,2,6,0.333,0,0,0.0,0,4,4,5,2,2,1,2,4,2,16,-11,35.3,0,0,33.0,1,944,944,944,75,226,101,1087,185,128,485,998,1036,998,924,457,643,151,298,115,171,1748,1541,610,361,1612,282,155,4,276,1,43:23,1
2013-14,202362,Lance Stephenson,Lance,1610612754,IND,Indiana Pacers,0041300206,2014-05-15T00:00:00,IND @ WAS,W,40.83,8,13,0.615,0,1,0.0,1,1,1.0,0,5,5,8,1,0,1,1,5,1,17,15,37.0,0,0,32.0,1,1,1,1,165,152,325,324,731,887,731,783,968,1,924,320,496,42,618,784,171,1343,1747,915,314,138,249,155,4,311,1,40:50,1
2013-14,202322,John Wall,John,1610612764,WAS,Washington Wizards,0041300206,2014-05-15T00:00:00,WAS vs. IND,L,43.97833333333333,5,16,0.313,0,4,0.0,2,2,1.0,1,4,5,8,5,2,1,1,1,3,12,-11,34.0,0,0,31.0,1,944,944,944,54,458,187,1274,731,336,731,500,621,1,449,457,496,42,29,115,171,1343,394,413,601,1612,317,155,4,354,1,43:59,1
2013-14,201599,DeAndre Jordan,DeAndre,1610612746,LAC,Los Angeles Clippers,0041300236,2014-05-15T00:00:00,LAC vs. OKC,L,36.965,4,5,0.8,0,0,0.0,1,2,0.5,4,11,15,1,0,2,0,0,4,2,9,-3,34.5,0,0,29.0,1,944,944,944,336,599,1021,119,731,1136,731,783,621,751,62,19,14,791,1096,115,499,1,1541,610,777,1183,301,155,4,404,1,36:58,1
2013-14,201579,Roy Hibbert,Roy,1610612754,IND,Indiana Pacers,0041300206,2014-05-15T00:00:00,IND @ WAS,W,36.04666666666667,4,8,0.5,0,0,0.0,3,4,0.75,3,4,7,0,2,1,3,0,3,3,11,10,29.4,0,0,26.0,1,1,1,1,385,599,710,534,731,1136,731,345,347,542,114,457,285,1185,298,305,29,1,1177,413,669,294,445,155,4,506,1,36:03,1
2013-14,202331,Paul George,Paul,1610612754,IND,Indiana Pacers,0041300206,2014-05-15T00:00:00,IND @ WAS,W,42.64666666666667,4,11,0.364,1,5,0.2,3,4,0.75,0,5,5,2,1,3,0,0,4,7,12,10,29.0,0,0,26.0,1,1,1,1,97,599,459,1094,388,226,669,345,347,542,924,320,496,529,618,43,499,1,1541,64,601,294,460,155,4,506,1,42:39,1
2013-14,101162,Marcin Gortat,Marcin,1610612764,WAS,Washington Wizards,0041300206,2014-05-15T00:00:00,WAS vs. IND,L,41.15,7,12,0.583,0,0,0.0,5,6,0.833,2,4,6,1,1,0,0,0,2,3,19,-7,26.7,0,0,26.0,1,944,944,944,150,226,391,401,731,1136,731,166,180,458,226,457,388,791,618,784,499,1,801,413,247,1440,545,155,4,506,1,41:09,1
2013-14,203500,Steven Adams,Steven,1610612760,OKC,Oklahoma City Thunder,0041300236,2014-05-15T00:00:00,OKC @ LAC,W,39.858333333333334,5,7,0.714,0,0,0.0,0,1,0.0,3,8,11,0,0,1,1,1,3,2,10,17,29.2,1,0,25.0,1,1,1,1,191,458,811,184,731,1136,731,998,968,998,114,93,76,1185,1096,305,171,1343,1177,610,720,100,453,1,4,543,1,39:52,1
2013-14,201588,George Hill,George,1610612754,IND,Indiana Pacers,0041300206,2014-05-15T00:00:00,IND @ WAS,W,43.24666666666667,4,7,0.571,1,2,0.5,2,2,1.0,0,6,6,3,3,2,0,1,3,2,11,10,25.7,0,0,25.0,1,1,1,1,78,599,811,418,388,651,201,500,621,1,924,198,388,363,143,115,499,1343,1177,610,669,294,585,155,4,543,1,43:15,1
2013-14,2403,Nene,ene,1610612764,WAS,Washington Wizards,0041300206,2014-05-15T00:00:00,WAS vs. IND,L,31.395,7,12,0.583,0,0,0.0,1,2,0.5,1,5,6,2,1,0,0,1,3,3,15,-22,24.2,0,0,23.0,1,944,944,944,589,226,391,401,731,1136,731,783,621,751,449,320,388,529,618,784,499,1343,1177,413,427,1865,633,155,4,619,1,31:24,1
2013-14,200755,JJ Redick,JJ,1610612746,LAC,Los Angeles Clippers,0041300236,2014-05-15T00:00:00,LAC vs. OKC,L,29.113333333333333,7,17,0.412,2,5,0.4,0,0,0.0,0,1,1,0,2,2,0,1,6,0,16,-2,21.2,0,0,23.0,1,944,944,944,685,226,162,962,185,226,430,998,1036,998,924,1162,1328,1185,298,115,499,1343,1865,1301,361,1106,728,155,4,619,1,29:07,1
2013-14,202704,Reggie Jackson,Reggie,1610612760,OKC,Oklahoma City Thunder,0041300236,2014-05-15T00:00:00,OKC @ LAC,W,30.6,4,8,0.5,1,3,0.333,5,6,0.833,0,2,2,3,2,1,0,0,3,6,14,6,21.9,0,0,22.0,1,1,1,1,620,599,710,534,388,477,485,166,180,458,924,860,1057,363,298,305,499,1,1177,102,495,482,705,155,4,657,1,30:36,1
2013-14,2440,Matt Barnes,Matt,1610612746,LAC,Los Angeles Clippers,0041300236,2014-05-15T00:00:00,LAC vs. OKC,L,42.3,4,14,0.286,1,6,0.167,0,2,0.0,1,3,4,3,1,2,0,3,4,3,9,1,23.3,0,0,21.0,1,944,944,944,112,599,271,1299,388,128,702,998,621,998,449,632,643,363,618,115,499,1865,1541,413,777,796,660,155,4,693,1,42:18,1
2013-14,2772,Trevor Ariza,Trevor,1610612764,WAS,Washington Wizards,0041300206,2014-05-15T00:00:00,WAS vs. IND,L,35.87833333333333,1,5,0.2,0,3,0.0,4,4,1.0,1,6,7,1,2,0,1,0,4,4,6,-24,16.9,0,0,16.0,1,944,944,944,396,1208,1021,1438,731,477,731,230,347,1,449,198,285,791,298,784,171,1,1541,272,1001,1883,908,155,4,901,1,35:53,1
2013-14,2555,Nick Collison,Nick,1610612760,OKC,Oklahoma City Thunder,0041300236,2014-05-15T00:00:00,OKC @ LAC,W,16.95,1,1,1.0,1,1,1.0,1,2,0.5,0,2,2,2,0,1,1,0,2,2,4,16,15.4,0,0,13.0,1,1,1,1,1215,1208,1565,1,388,887,1,783,621,751,924,860,1057,529,1096,305,171,1,801,610,1173,119,965,155,4,1036,1,16:57,1
2013-14,965,Derek Fisher,Derek,1610612760,OKC,Oklahoma City Thunder,0041300236,2014-05-15T00:00:00,OKC @ LAC,W,15.833333333333334,2,7,0.286,1,5,0.2,2,2,1.0,0,3,3,2,0,0,0,0,1,2,7,-4,13.6,0,0,13.0,1,1,1,1,1259,987,811,1299,388,226,669,500,621,1,924,632,831,529,1096,784,499,1,394,610,944,1256,1048,155,4,1036,1,15:50,1
2013-14,201954,Darren Collison,Darren,1610612746,LAC,Los Angeles Clippers,0041300236,2014-05-15T00:00:00,LAC vs. OKC,L,18.1,3,8,0.375,0,1,0.0,0,1,0.0,2,2,4,1,1,0,0,0,1,1,6,-2,11.3,0,0,11.0,1,944,944,944,1158,783,710,1056,731,887,731,998,968,998,226,860,643,791,618,784,499,1,394,915,1001,1106,1163,155,4,1128,1,18:06,1
2013-14,201175,Glen Davis,Glen,1610612746,LAC,Los Angeles Clippers,0041300236,2014-05-15T00:00:00,LAC vs. OKC,L,12.26,3,5,0.6,0,0,0.0,0,0,0.0,1,1,2,0,0,0,1,0,0,0,6,-8,11.4,0,0,10.0,1,944,944,944,1409,783,1021,335,731,1136,731,998,1036,998,449,1162,1057,1185,1096,784,171,1,1,1301,1001,1487,1152,155,4,1187,1,12:16,1
2013-14,201586,Serge Ibaka,Serge,1610612760,OKC,Oklahoma City Thunder,0041300236,2014-05-15T00:00:00,OKC @ LAC,W,25.583333333333332,3,5,0.6,0,1,0.0,0,0,0.0,2,0,2,0,1,0,1,0,2,0,6,-3,10.4,0,0,10.0,1,1,1,1,840,783,1021,335,731,887,731,998,1036,998,226,1520,1057,1185,618,784,171,1,801,1301,1001,1183,1206,155,4,1187,1,25:35,1
2013-14,2037,Jamal Crawford,Jamal,1610612746,LAC,Los Angeles Clippers,0041300236,2014-05-15T00:00:00,LAC vs. OKC,L,14.235,2,5,0.4,0,1,0.0,0,0,0.0,0,0,0,2,1,1,0,0,3,0,4,-4,9.0,0,0,8.0,1,944,944,944,1328,987,1021,970,731,887,731,998,1036,998,924,1520,1606,529,618,305,499,1,1177,1301,1173,1256,1289,155,4,1289,1,14:14,1
2013-14,101110,Martell Webster,Martell,1610612764,WAS,Washington Wizards,0041300206,2014-05-15T00:00:00,WAS vs. IND,L,16.088333333333335,1,4,0.25,0,2,0.0,2,4,0.5,2,2,4,0,0,0,0,0,2,4,4,7,8.8,0,0,8.0,1,944,944,944,1244,1208,1145,1349,731,651,731,500,347,751,226,860,643,1185,1096,784,499,1,801,272,1173,430,1302,155,4,1289,1,16:05,1
2013-14,200757,Thabo Sefolosha,Thabo,1610612760,OKC,Oklahoma City Thunder,0041300236,2014-05-15T00:00:00,OKC @ LAC,W,13.235,2,3,0.667,1,1,1.0,0,0,0.0,0,2,2,0,0,0,0,0,0,0,5,-9,7.4,0,0,8.0,1,1,1,1,1374,987,1273,209,388,887,1,998,1036,998,924,860,1057,1185,1096,784,499,1,1,1301,1095,1528,1364,155,4,1289,1,13:14,1
2013-14,2400,Drew Gooden,Drew,1610612764,WAS,Washington Wizards,0041300206,2014-05-15T00:00:00,WAS vs. IND,L,14.383333333333333,1,4,0.25,0,0,0.0,2,2,1.0,2,1,3,0,0,0,0,0,3,2,4,5,7.6,0,0,7.0,1,944,944,944,1323,1208,1145,1349,731,1136,731,500,621,1,226,1162,831,1185,1096,784,499,1,1177,610,1173,522,1354,155,4,1343,1,14:23,1
2013-14,101133,Ian Mahinmi,Ian,1610612754,IND,Indiana Pacers,0041300206,2014-05-15T00:00:00,IND @ WAS,W,11.953333333333333,2,2,1.0,0,0,0.0,1,3,0.333,1,1,2,0,0,0,0,0,2,2,5,3,7.4,0,0,7.0,1,1,1,1,1423,987,1415,1,731,1136,731,783,538,970,449,1162,1057,1185,1096,784,499,1,801,610,1095,639,1364,155,4,1343,1,11:57,1
2013-14,201228,C.J. Watson,C.J.,1610612754,IND,Indiana Pacers,0041300206,2014-05-15T00:00:00,IND @ WAS,W,4.753333333333333,1,2,0.5,0,0,0.0,2,4,0.5,0,2,2,0,1,0,0,0,1,3,4,3,5.4,0,0,6.0,1,1,1,1,1666,1208,1415,534,731,1136,731,500,347,751,924,860,1057,1185,618,784,499,1,394,413,1173,639,1462,155,4,1399,1,4:45,1
2013-14,1733,Al Harrington,Al,1610612764,WAS,Washington Wizards,0041300206,2014-05-15T00:00:00,WAS vs. IND,L,8.271666666666667,0,2,0.0,0,2,0.0,0,0,0.0,0,5,5,0,0,0,0,0,1,0,0,-4,6.0,0,0,5.0,1,944,944,944,1547,1505,1415,1505,731,651,731,998,1036,998,924,320,496,1185,1096,784,499,1,394,1301,1567,1256,1430,155,4,1446,1,8:16,1
2013-14,202323,Evan Turner,Evan,1610612754,IND,Indiana Pacers,0041300206,2014-05-15T00:00:00,IND @ WAS,W,11.591666666666667,0,0,0.0,0,0,0.0,0,0,0.0,0,4,4,1,2,0,0,0,0,0,0,2,4.3,0,0,5.0,1,1,1,1,1443,1505,1728,1505,731,1136,731,998,1036,998,924,457,643,791,298,784,499,1,1,1301,1567,707,1521,155,4,1446,1,11:36,1
2013-14,2449,Luis Scola,Luis,1610612754,IND,Indiana Pacers,0041300206,2014-05-15T00:00:00,IND @ WAS,W,9.536666666666667,1,3,0.333,0,0,0.0,2,2,1.0,0,0,0,0,0,0,0,0,4,2,4,-2,4.0,0,0,4.0,1,1,1,1,1505,1208,1273,1129,731,1136,731,500,621,1,924,1520,1606,1185,1096,784,499,1,1541,610,1173,1106,1538,155,4,1505,1,9:32,1
2013-14,1889,Andre Miller,Andre,1610612764,WAS,Washington Wizards,0041300206,2014-05-15T00:00:00,WAS vs. IND,L,3.3666666666666667,2,3,0.667,0,0,0.0,0,0,0.0,0,0,0,0,0,0,0,0,2,2,4,-4,4.0,0,0,4.0,1,944,944,944,1727,987,1273,209,731,1136,731,998,1036,998,924,1520,1606,1185,1096,784,499,1,801,610,1173,1256,1538,155,4,1505,1,3:22,1
2013-14,2570,Kendrick Perkins,Kendrick,1610612760,OKC,Oklahoma City Thunder,0041300236,2014-05-15T00:00:00,OKC @ LAC,W,7.566666666666666,0,0,0.0,0,0,0.0,0,0,0.0,1,1,2,1,2,0,0,0,4,1,0,-9,1.9,0,0,3.0,1,1,1,1,1566,1505,1728,1505,731,1136,731,998,1036,998,449,1162,1057,791,298,784,499,1,1541,915,1567,1528,1675,155,4,1573,1,7:34,1
2013-14,2446,Rasual Butler,Rasual,1610612754,IND,Indiana Pacers,0041300206,2014-05-15T00:00:00,IND @ WAS,W,0.7866666666666666,0,0,0.0,0,0,0.0,0,0,0.0,0,1,1,0,0,0,0,0,0,0,0,-1,1.2,0,0,1.0,1,1,1,1,1855,1505,1728,1505,731,1136,731,998,1036,998,924,1162,1328,1185,1096,784,499,1,1,1301,1567,1010,1694,155,4,1690,1,0:47,1
2013-14,101122,Danny Granger,Danny,1610612746,LAC,Los Angeles Clippers,0041300236,2014-05-15T00:00:00,LAC vs. OKC,L,5.843333333333334,0,3,0.0,0,2,0.0,1,2,0.5,0,0,0,0,0,0,0,0,0,1,1,-2,1.0,0,0,1.0,1,944,944,944,1632,1505,1273,1505,731,651,731,783,621,751,924,1520,1606,1185,1096,784,499,1,1,915,1541,1106,1749,155,4,1690,1,5:51,1
2013-14,203490,Otto Porter Jr.,Otto,1610612764,WAS,Washington Wizards,0041300206,2014-05-15T00:00:00,WAS vs. IND,L,0.655,0,1,0.0,0,1,0.0,0,0,0.0,0,0,0,0,0,0,0,0,0,0,0,2,0.0,0,0,0.0,1,944,944,944,1863,1505,1565,1505,731,887,731,998,1036,998,924,1520,1606,1185,1096,784,499,1,1,1301,1567,707,1769,155,4,1775,1,0:39,1
2013-14,202338,Kevin Seraphin,Kevin,1610612764,WAS,Washington Wizards,0041300206,2014-05-15T00:00:00,WAS vs. IND,L,0.655,0,1,0.0,0,0,0.0,0,0,0.0,0,0,0,0,0,0,0,0,0,0,0,2,0.0,0,0,0.0,1,944,944,944,1863,1505,1565,1505,731,1136,731,998,1036,998,924,1520,1606,1185,1096,784,499,1,1,1301,1567,707,1769,155,4,1775,1,0:39,1
2013-14,202066,Garrett Temple,Garrett,1610612764,WAS,Washington Wizards,0041300206,2014-05-15T00:00:00,WAS vs. IND,L,0.8,0,0,0.0,0,0,0.0,0,0,0.0,0,0,0,0,0,0,0,0,1,0,0,2,0.0,0,0,0.0,1,944,944,944,1853,1505,1728,1505,731,1136,731,998,1036,998,924,1520,1606,1185,1096,784,499,1,394,1301,1567,707,1769,155,4,1775,1,0:48,1
2013-14,203142,Chris Copeland,Chris,1610612754,IND,Indiana Pacers,0041300206,2014-05-15T00:00:00,IND @ WAS,W,0.145,0,0,0.0,0,0,0.0,0,0,0.0,0,0,0,0,0,0,0,0,0,0,0,0,0.0,0,0,0.0,1,1,1,1,1887,1505,1728,1505,731,1136,731,998,1036,998,924,1520,1606,1185,1096,784,499,1,1,1301,1567,882,1769,155,4,1775,1,0:09,1
2013-14,2406,Caron Butler,Caron,1610612760,OKC,Oklahoma City Thunder,0041300236,2014-05-15T00:00:00,OKC @ LAC,W,7.123333333333333,0,3,0.0,0,2,0.0,0,0,0.0,0,0,0,0,0,0,0,0,0,0,0,-2,0.0,0,0,0.0,1,1,1,1,1580,1505,1273,1505,731,651,731,998,1036,998,924,1520,1606,1185,1096,784,499,1,1,1301,1567,1106,1769,155,4,1775,1,7:07,1
2013-14,2207,Joe Johnson,Joe,1610612751,BKN,Brooklyn Nets,0041300215,2014-05-14T00:00:00,BKN @ MIA,L,41.56666666666667,15,23,0.652,3,6,0.5,1,1,1.0,1,6,7,3,3,1,0,1,3,1,34,-4,46.9,0,0,49.0,1,944,944,944,131,4,28,284,75,128,201,783,968,1,449,198,285,363,143,305,499,1343,1177,915,18,1256,98,155,4,56,1,41:34,1
2013-14,2544,LeBron James,LeBron,1610612748,MIA,Miami Heat,0041300215,2014-05-14T00:00:00,MIA vs. BKN,W,43.6,6,14,0.429,2,5,0.4,15,17,0.882,2,7,9,5,5,0,1,2,1,10,29,4,45.3,0,0,47.0,1,1,1,1,66,330,271,891,185,226,430,3,4,421,226,144,151,151,29,784,171,1748,394,9,55,576,118,155,4,74,1,43:36,1
2013-14,202695,Kawhi Leonard,Kawhi,1610612759,SAS,San Antonio Spurs,0041300225,2014-05-14T00:00:00,SAS vs. POR,W,34.9,9,15,0.6,3,4,0.75,1,2,0.5,1,6,7,2,0,5,0,0,2,1,22,23,48.4,0,0,44.0,1,1,1,1,442,101,229,335,75,336,93,783,621,751,449,198,285,529,1096,5,499,1,801,915,166,31,82,155,4,102,1,34:54,1
2013-14,201980,Danny Green,Danny,1610612759,SAS,San Antonio Spurs,0041300225,2014-05-14T00:00:00,SAS vs. POR,W,35.33166666666666,9,13,0.692,4,6,0.667,0,0,0.0,0,9,9,1,0,1,1,0,2,1,22,23,40.3,0,0,40.0,1,1,1,1,423,101,325,204,31,128,112,998,1036,998,924,47,151,791,1096,305,171,1,801,915,166,31,179,155,4,143,1,35:20,1
2013-14,200746,LaMarcus Aldridge,LaMarcus,1610612757,POR,Portland Trail Blazers,0041300225,2014-05-14T00:00:00,POR @ SAS,L,40.125,10,21,0.476,0,0,0.0,1,4,0.25,0,10,10,0,2,0,1,0,5,7,21,-12,34.0,1,0,33.0,1,944,944,944,186,58,60,792,731,1136,731,783,347,984,924,29,102,1185,298,784,171,1,1747,64,196,1660,317,1,4,276,1,40:08,1
2013-14,201988,Patty Mills,Patty,1610612759,SAS,San Antonio Spurs,0041300225,2014-05-14T00:00:00,SAS vs. POR,W,25.65,8,17,0.471,2,5,0.4,0,0,0.0,0,3,3,2,0,3,1,0,1,0,18,17,36.6,0,0,33.0,1,1,1,1,839,152,162,799,185,226,430,998,1036,998,924,632,831,529,1096,43,171,1,394,1301,279,100,258,155,4,276,1,25:39,1
2013-14,2548,Dwyane Wade,Dwyane,1610612748,MIA,Miami Heat,0041300215,2014-05-14T00:00:00,MIA vs. BKN,W,37.30833333333333,10,18,0.556,0,0,0.0,8,8,1.0,0,2,2,3,1,0,0,1,2,6,28,5,33.9,0,0,33.0,1,1,1,1,324,58,125,455,731,1136,731,53,91,1,924,860,1057,363,618,784,499,1343,801,102,69,522,323,155,4,276,1,37:19,1
2013-14,203081,Damian Lillard,Damian,1610612757,POR,Portland Trail Blazers,0041300225,2014-05-14T00:00:00,POR @ SAS,L,38.08166666666666,7,18,0.389,1,4,0.25,2,2,1.0,1,1,2,10,4,1,0,3,1,4,17,-16,33.4,1,0,32.0,1,944,944,944,282,226,125,1040,388,336,614,500,621,1,449,1162,1057,16,70,305,499,1865,394,272,314,1771,341,1,4,311,1,38:05,1
2013-14,101114,Deron Williams,Deron,1610612751,BKN,Brooklyn Nets,0041300215,2014-05-14T00:00:00,BKN @ MIA,L,36.53333333333333,7,16,0.438,3,7,0.429,0,0,0.0,1,3,4,4,1,1,1,1,2,0,17,-9,32.8,0,0,32.0,1,944,944,944,354,226,187,878,75,67,409,998,1036,998,449,632,643,237,618,305,171,1343,801,1301,314,1528,352,155,4,311,1,36:32,1
2013-14,1495,Tim Duncan,Tim,1610612759,SAS,San Antonio Spurs,0041300225,2014-05-14T00:00:00,SAS vs. POR,W,35.65,6,13,0.462,0,0,0.0,4,6,0.667,4,4,8,3,1,1,1,0,2,5,16,17,35.1,0,0,31.0,1,1,1,1,406,330,325,805,731,1136,731,230,180,646,62,457,213,363,618,305,171,1,801,175,361,100,287,155,4,354,1,35:39,1
2013-14,201587,Nicolas Batum,Nicolas,1610612757,POR,Portland Trail Blazers,0041300225,2014-05-14T00:00:00,POR @ SAS,L,41.1,3,9,0.333,1,6,0.167,3,5,0.6,0,12,12,5,6,1,0,0,1,3,10,-15,28.9,1,0,30.0,1,944,944,944,153,783,622,1129,388,128,702,345,281,722,924,13,58,151,11,305,499,1,394,413,720,1743,464,1,4,378,1,41:06,1
2013-14,2547,Chris Bosh,Chris,1610612748,MIA,Miami Heat,0041300215,2014-05-14T00:00:00,MIA vs. BKN,W,39.125,6,11,0.545,4,6,0.667,0,0,0.0,0,2,2,0,0,1,1,0,3,2,16,5,24.4,0,0,26.0,1,1,1,1,234,330,459,485,31,128,112,998,1036,998,924,860,1057,1185,1096,305,171,1,1177,610,361,522,627,155,4,506,1,39:08,1
2013-14,1718,Paul Pierce,Paul,1610612751,BKN,Brooklyn Nets,0041300215,2014-05-14T00:00:00,BKN @ MIA,L,35.105,8,18,0.444,2,5,0.4,1,2,0.5,1,1,2,2,0,0,0,1,5,3,19,2,24.4,0,0,25.0,1,944,944,944,433,152,125,849,185,226,430,783,621,751,449,1162,1057,529,1096,784,499,1343,1747,413,247,707,627,155,4,543,1,35:06,1
2013-14,201596,Mario Chalmers,Mario,1610612748,MIA,Miami Heat,0041300215,2014-05-14T00:00:00,MIA vs. BKN,W,33.175,0,5,0.0,0,5,0.0,2,2,1.0,0,8,8,7,2,2,0,0,3,1,2,6,26.1,0,0,21.0,1,1,1,1,515,1505,1021,1505,731,226,731,500,621,1,924,93,213,64,298,115,499,1,1177,915,1377,482,560,155,4,693,1,33:11,1
2013-14,951,Ray Allen,Ray,1610612748,MIA,Miami Heat,0041300215,2014-05-14T00:00:00,MIA vs. BKN,W,23.625,4,10,0.4,1,7,0.143,4,4,1.0,1,2,3,2,0,1,0,0,2,2,13,8,22.6,0,0,21.0,1,1,1,1,928,599,537,970,388,67,718,230,347,1,449,860,831,529,1096,305,499,1,801,610,552,374,687,155,4,693,1,23:38,1
2013-14,201577,Robin Lopez,Robin,1610612757,POR,Portland Trail Blazers,0041300225,2014-05-14T00:00:00,POR @ SAS,L,39.305,5,7,0.714,0,0,0.0,2,2,1.0,4,5,9,0,2,0,0,1,3,2,12,-18,20.8,0,0,21.0,1,944,944,944,220,458,811,184,731,1136,731,500,621,1,62,320,151,1185,298,784,499,1343,1177,610,601,1808,746,155,4,693,1,39:18,1
2013-14,202083,Wesley Matthews,Wesley,1610612757,POR,Portland Trail Blazers,0041300225,2014-05-14T00:00:00,POR @ SAS,L,36.6,5,10,0.5,2,4,0.5,2,2,1.0,0,4,4,1,1,0,0,0,4,2,14,-17,19.3,0,0,21.0,1,944,944,944,351,458,537,534,185,336,201,500,621,1,924,457,643,791,618,784,499,1,1541,610,495,1789,812,155,4,693,1,36:36,1
2013-14,2733,Shaun Livingston,Shaun,1610612751,BKN,Brooklyn Nets,0041300215,2014-05-14T00:00:00,BKN @ MIA,L,29.233333333333334,2,6,0.333,0,0,0.0,4,4,1.0,2,2,4,3,2,1,1,1,4,3,8,1,21.3,0,0,19.0,1,944,944,944,678,987,915,1129,731,1136,731,230,347,1,226,860,643,363,298,305,171,1343,1541,413,858,796,724,155,4,773,1,29:14,1
2013-14,1938,Manu Ginobili,Manu,1610612759,SAS,San Antonio Spurs,0041300225,2014-05-14T00:00:00,SAS vs. POR,W,19.266666666666666,4,11,0.364,0,2,0.0,1,2,0.5,0,4,4,3,2,1,0,0,1,5,9,-2,19.3,0,0,18.0,1,1,1,1,1106,599,459,1094,731,651,731,783,621,751,924,457,643,363,298,305,499,1,394,175,777,1106,812,155,4,815,1,19:16,1
2013-14,201168,Tiago Splitter,Tiago,1610612759,SAS,San Antonio Spurs,0041300225,2014-05-14T00:00:00,SAS vs. POR,W,28.335,1,1,1.0,0,0,0.0,2,2,1.0,2,2,4,7,1,1,0,0,4,2,4,8,21.3,0,0,17.0,1,1,1,1,726,1208,1565,1,731,1136,731,500,621,1,226,860,643,64,618,305,499,1,1541,610,1173,374,724,155,4,852,1,28:20,1
2013-14,203115,Will Barton,Will,1610612757,POR,Portland Trail Blazers,0041300225,2014-05-14T00:00:00,POR @ SAS,L,19.383333333333333,2,9,0.222,1,4,0.25,1,2,0.5,0,2,2,1,2,1,1,0,1,1,6,-10,13.9,0,0,14.0,1,944,944,944,1096,987,622,1424,388,336,614,783,621,751,924,860,1057,791,298,305,171,1,394,915,1001,1568,1038,155,4,992,1,19:23,1
2013-14,2564,Boris Diaw,Boris,1610612759,SAS,San Antonio Spurs,0041300225,2014-05-14T00:00:00,SAS vs. POR,W,20.333333333333332,2,8,0.25,0,2,0.0,1,2,0.5,1,1,2,4,1,0,1,0,4,1,5,5,15.4,0,0,13.0,1,1,1,1,1055,987,710,1349,731,651,731,783,621,751,449,1162,1057,237,618,784,171,1,1541,915,1095,522,965,155,4,1036,1,20:20,1
2013-14,203141,Mirza Teletovic,Mirza,1610612751,BKN,Brooklyn Nets,0041300215,2014-05-14T00:00:00,BKN @ MIA,L,13.508333333333333,1,3,0.333,0,2,0.0,4,4,1.0,1,0,1,0,0,1,1,0,0,2,6,3,13.2,0,0,11.0,1,944,944,944,1363,1208,1273,1129,731,651,731,230,347,1,449,1520,1328,1185,1096,305,171,1,1,610,1001,639,1068,155,4,1128,1,13:31,1
2013-14,201158,Marco Belinelli,Marco,1610612759,SAS,San Antonio Spurs,0041300225,2014-05-14T00:00:00,SAS vs. POR,W,15.083333333333334,1,5,0.2,0,1,0.0,2,2,1.0,1,4,5,2,0,0,0,1,1,1,4,3,13.0,0,0,11.0,1,1,1,1,1294,1208,1021,1438,731,887,731,500,621,1,449,457,496,529,1096,784,499,1343,394,915,1173,639,1082,155,4,1128,1,15:05,1
2013-14,708,Kevin Garnett,Kevin,1610612751,BKN,Brooklyn Nets,0041300215,2014-05-14T00:00:00,BKN @ MIA,L,24.73,1,3,0.333,0,0,0.0,0,0,0.0,2,6,8,0,2,0,0,0,1,2,2,4,9.6,0,0,10.0,1,944,944,944,880,1208,1273,1129,731,1136,731,998,1036,998,226,198,213,1185,298,784,499,1,394,610,1377,576,1249,155,4,1187,1,24:44,1
2013-14,1905,Andrei Kirilenko,Andrei,1610612751,BKN,Brooklyn Nets,0041300215,2014-05-14T00:00:00,BKN @ MIA,L,25.828333333333333,1,2,0.5,0,0,0.0,2,4,0.5,2,3,5,1,2,0,0,0,1,4,4,3,9.5,0,0,10.0,1,944,944,944,829,1208,1415,534,731,1136,731,500,347,751,226,632,496,791,298,784,499,1,394,272,1173,639,1255,155,4,1187,1,25:50,1
2013-14,1740,Rashard Lewis,Rashard,1610612748,MIA,Miami Heat,0041300215,2014-05-14T00:00:00,MIA vs. BKN,W,16.625,2,3,0.667,1,2,0.5,0,0,0.0,0,1,1,0,0,1,0,0,1,0,5,0,9.2,0,0,9.0,1,1,1,1,1225,987,1273,209,388,651,201,998,1036,998,924,1162,1328,1185,1096,305,499,1,394,1301,1095,882,1275,155,4,1237,1,16:38,1
2013-14,2365,Chris Andersen,Chris,1610612748,MIA,Miami Heat,0041300215,2014-05-14T00:00:00,MIA vs. BKN,W,9.675,0,1,0.0,0,0,0.0,0,0,0.0,3,3,6,0,0,0,1,0,2,0,0,-6,10.2,0,0,8.0,1,1,1,1,1500,1505,1565,1505,731,1136,731,998,1036,998,114,632,388,1185,1096,784,171,1,801,1301,1567,1382,1218,155,4,1289,1,9:41,1
2013-14,203080,Thomas Robinson,Thomas,1610612757,POR,Portland Trail Blazers,0041300225,2014-05-14T00:00:00,POR @ SAS,L,7.921666666666667,1,2,0.5,0,0,0.0,0,0,0.0,1,3,4,1,0,0,0,0,1,0,2,-4,8.3,0,0,7.0,1,944,944,944,1557,1208,1415,534,731,1136,731,998,1036,998,449,632,643,791,1096,784,499,1,394,1301,1377,1256,1327,155,4,1343,1,7:55,1
2013-14,201977,Marcus Thornton,Marcus,1610612751,BKN,Brooklyn Nets,0041300215,2014-05-14T00:00:00,BKN @ MIA,L,6.433333333333334,1,4,0.25,0,1,0.0,0,0,0.0,1,2,3,0,0,0,0,0,0,0,2,2,5.6,0,0,5.0,1,944,944,944,1610,1208,1145,1349,731,887,731,998,1036,998,449,860,831,1185,1096,784,499,1,1,1301,1377,707,1450,155,4,1446,1,6:26,1
2013-14,2588,Matt Bonner,Matt,1610612759,SAS,San Antonio Spurs,0041300225,2014-05-14T00:00:00,SAS vs. POR,W,3.0833333333333335,1,1,1.0,0,0,0.0,0,0,0.0,0,0,0,0,0,1,0,0,0,0,2,3,5.0,0,0,4.0,1,1,1,1,1737,1208,1565,1,731,1136,731,998,1036,998,924,1520,1606,1185,1096,305,499,1,1,1301,1377,639,1480,155,4,1505,1,3:05,1
2013-14,2203,Shane Battier,Shane,1610612748,MIA,Miami Heat,0041300215,2014-05-14T00:00:00,MIA vs. BKN,W,13.95,0,0,0.0,0,0,0.0,0,0,0.0,1,1,2,0,1,0,1,0,0,0,0,2,4.4,0,0,4.0,1,1,1,1,1339,1505,1728,1505,731,1136,731,998,1036,998,449,1162,1057,1185,618,784,171,1,1,1301,1567,707,1510,155,4,1505,1,13:57,1
2013-14,2592,James Jones,James,1610612748,MIA,Miami Heat,0041300215,2014-05-14T00:00:00,MIA vs. BKN,W,15.766666666666667,1,2,0.5,1,2,0.5,0,0,0.0,0,0,0,0,0,0,0,0,1,0,3,-11,3.0,0,0,4.0,1,1,1,1,1263,1208,1415,534,388,651,201,998,1036,998,924,1520,1606,1185,1096,784,499,1,394,1301,1282,1612,1593,155,4,1505,1,15:46,1
2013-14,101187,Alan Anderson,Alan,1610612751,BKN,Brooklyn Nets,0041300215,2014-05-14T00:00:00,BKN @ MIA,L,22.661666666666665,1,3,0.333,0,1,0.0,0,0,0.0,0,1,1,1,2,0,0,0,3,0,2,-5,2.7,0,0,4.0,1,944,944,944,964,1208,1273,1129,731,887,731,998,1036,998,924,1162,1328,791,298,784,499,1,1177,1301,1377,1316,1620,155,4,1505,1,22:40,1
2013-14,203382,Aron Baynes,Aron,1610612759,SAS,San Antonio Spurs,0041300225,2014-05-14T00:00:00,SAS vs. POR,W,6.833333333333333,0,0,0.0,0,0,0.0,0,0,0.0,0,3,3,0,0,0,0,0,1,0,0,9,3.6,0,0,3.0,1,1,1,1,1592,1505,1728,1505,731,1136,731,998,1036,998,924,632,831,1185,1096,784,499,1,394,1301,1567,334,1560,155,4,1573,1,6:50,1
2013-14,202709,Cory Joseph,Cory,1610612759,SAS,San Antonio Spurs,0041300225,2014-05-14T00:00:00,SAS vs. POR,W,3.0833333333333335,1,3,0.333,0,0,0.0,0,0,0.0,0,0,0,0,0,0,0,0,0,0,2,3,2.0,0,0,2.0,1,1,1,1,1737,1208,1273,1129,731,1136,731,998,1036,998,924,1520,1606,1185,1096,784,499,1,1,1301,1377,639,1652,155,4,1628,1,3:05,1
2013-14,2225,Tony Parker,Tony,1610612759,SAS,San Antonio Spurs,0041300225,2014-05-14T00:00:00,SAS vs. POR,W,10.083333333333334,0,2,0.0,0,1,0.0,0,0,0.0,0,2,2,0,1,0,0,1,1,0,0,0,1.4,0,0,2.0,1,1,1,1,1490,1505,1415,1505,731,887,731,998,1036,998,924,860,1057,1185,618,784,499,1343,394,1301,1567,882,1690,155,4,1628,1,10:05,1
2013-14,201964,Victor Claver,Victor,1610612757,POR,Portland Trail Blazers,0041300225,2014-05-14T00:00:00,POR @ SAS,L,3.0833333333333335,0,0,0.0,0,0,0.0,0,0,0.0,0,1,1,0,0,0,0,0,0,0,0,-3,1.2,0,0,1.0,1,944,944,944,1737,1505,1728,1505,731,1136,731,998,1036,998,924,1162,1328,1185,1096,784,499,1,1,1301,1567,1183,1694,155,4,1690,1,3:05,1
2013-14,200777,Joel Freeland,Joel,1610612757,POR,Portland Trail Blazers,0041300225,2014-05-14T00:00:00,POR @ SAS,L,3.0833333333333335,0,2,0.0,0,0,0.0,0,0,0.0,1,0,1,0,0,0,0,0,0,0,0,-3,1.2,0,0,1.0,1,944,944,944,1737,1505,1415,1505,731,1136,731,998,1036,998,449,1520,1328,1185,1096,784,499,1,1,1301,1567,1183,1694,155,4,1690,1,3:05,1
2013-14,101154,Andray Blatche,Andray,1610612751,BKN,Brooklyn Nets,0041300215,2014-05-14T00:00:00,BKN @ MIA,L,4.4,0,0,0.0,0,0,0.0,0,0,0.0,1,0,1,0,0,0,0,0,2,1,0,-7,1.2,0,0,1.0,1,944,944,944,1687,1505,1728,1505,731,1136,731,998,1036,998,449,1520,1328,1185,1096,784,499,1,801,915,1567,1440,1694,155,4,1690,1,4:24,1
2013-14,202708,Norris Cole,Norris,1610612748,MIA,Miami Heat,0041300215,2014-05-14T00:00:00,MIA vs. BKN,W,7.15,0,3,0.0,0,2,0.0,0,0,0.0,0,0,0,1,1,0,0,0,1,0,0,-3,0.5,0,0,1.0,1,1,1,1,1578,1505,1273,1505,731,651,731,998,1036,998,924,1520,1606,791,618,784,499,1,394,1301,1567,1183,1755,155,4,1690,1,7:09,1
2013-14,201965,Jeff Ayres,Jeff,1610612759,SAS,San Antonio Spurs,0041300225,2014-05-14T00:00:00,SAS vs. POR,W,2.3666666666666667,0,0,0.0,0,0,0.0,0,0,0.0,0,0,0,0,0,0,0,0,0,0,0,1,0.0,0,0,0.0,1,1,1,1,1777,1505,1728,1505,731,1136,731,998,1036,998,924,1520,1606,1185,1096,784,499,1,1,1301,1567,796,1769,155,4,1775,1,2:22,1
2013-14,203086,Meyers Leonard,Meyers,1610612757,POR,Portland Trail Blazers,0041300225,2014-05-14T00:00:00,POR @ SAS,L,3.0833333333333335,0,0,0.0,0,0,0.0,0,0,0.0,0,0,0,0,0,0,0,0,0,0,0,-3,0.0,0,0,0.0,1,944,944,944,1737,1505,1728,1505,731,1136,731,998,1036,998,924,1520,1606,1185,1096,784,499,1,1,1301,1567,1183,1769,155,4,1775,1,3:05,1
2013-14,203468,CJ McCollum,CJ,1610612757,POR,Portland Trail Blazers,0041300225,2014-05-14T00:00:00,POR @ SAS,L,8.233333333333333,0,3,0.0,0,1,0.0,0,0,0.0,0,0,0,0,1,0,0,0,0,0,0,-9,-1.0,0,0,0.0,1,944,944,944,1548,1505,1273,1505,731,887,731,998,1036,998,924,1520,1606,1185,618,784,499,1,1,1301,1567,1528,1900,155,4,1775,1,8:14,1
2013-14,201566,Russell Westbrook,Russell,1610612760,OKC,Oklahoma City Thunder,0041300235,2014-05-13T00:00:00,OKC vs. LAC,W,43.145,11,23,0.478,2,6,0.333,14,16,0.875,1,4,5,6,4,3,0,1,3,13,38,-6,58.0,0,0,57.0,1,1,1,1,83,36,28,788,185,128,485,5,8,422,449,457,496,102,70,43,499,1343,1177,1,8,1382,27,155,4,18,1,43:09,1
2013-14,101162,Marcin Gortat,Marcin,1610612764,WAS,Washington Wizards,0041300205,2014-05-13T00:00:00,WAS @ IND,W,36.0,13,15,0.867,0,0,0.0,5,7,0.714,7,9,16,2,3,1,1,0,1,8,31,34,56.2,1,0,53.0,1,1,1,1,391,10,229,105,731,1136,731,166,133,632,7,47,11,529,143,305,171,1,394,40,38,1,35,1,4,32,1,36:00,1
2013-14,201933,Blake Griffin,Blake,1610612746,LAC,Los Angeles Clippers,0041300235,2014-05-13T00:00:00,LAC @ OKC,L,42.635,10,20,0.5,0,0,0.0,4,5,0.8,3,14,17,3,3,1,2,1,3,7,24,0,54.9,1,0,50.0,1,944,944,944,98,58,80,534,731,1136,731,230,281,498,114,5,9,363,143,305,70,1343,1177,64,130,882,47,1,4,49,1,42:38,1
2013-14,201142,Kevin Durant,Kevin,1610612760,OKC,Oklahoma City Thunder,0041300235,2014-05-13T00:00:00,OKC vs. LAC,W,42.4,6,22,0.273,3,6,0.5,12,12,1.0,0,10,10,5,2,1,1,1,1,7,27,2,50.5,1,0,49.0,1,1,1,1,105,330,44,1332,75,128,201,10,20,1,924,29,102,151,298,305,171,1343,394,64,80,707,68,1,4,56,1,42:24,1
2013-14,202322,John Wall,John,1610612764,WAS,Washington Wizards,0041300205,2014-05-13T00:00:00,WAS @ IND,W,33.766666666666666,11,20,0.55,3,6,0.5,2,2,1.0,1,4,5,5,5,1,0,1,2,1,27,30,38.5,0,0,42.0,1,1,1,1,489,36,80,482,75,128,201,500,621,1,449,457,496,151,29,305,499,1343,801,915,80,6,211,155,4,118,1,33:46,1
2013-14,101108,Chris Paul,Chris,1610612746,LAC,Los Angeles Clippers,0041300235,2014-05-13T00:00:00,LAC @ OKC,L,40.40833333333333,6,16,0.375,1,5,0.2,4,5,0.8,0,1,1,14,5,4,0,0,5,6,17,11,46.2,1,0,41.0,1,944,944,944,176,330,187,1056,388,226,669,230,281,498,924,1162,1328,4,29,15,499,1,1747,102,314,248,108,1,4,129,1,40:25,1
2013-14,2440,Matt Barnes,Matt,1610612746,LAC,Los Angeles Clippers,0041300235,2014-05-13T00:00:00,LAC @ OKC,L,42.916666666666664,5,8,0.625,4,5,0.8,2,2,1.0,2,8,10,2,4,0,2,1,4,2,16,-2,33.0,1,0,36.0,1,944,944,944,90,458,710,303,31,226,83,500,621,1,226,93,102,529,70,784,70,1343,1541,610,361,1106,348,1,4,221,1,42:55,1
2013-14,203078,Bradley Beal,Bradley,1610612764,WAS,Washington Wizards,0041300205,2014-05-13T00:00:00,WAS @ IND,W,39.983333333333334,7,17,0.412,2,5,0.4,2,3,0.667,3,5,8,4,2,0,0,2,1,3,18,23,31.6,0,0,32.0,1,1,1,1,188,226,162,962,185,226,430,500,538,646,114,320,213,237,298,784,499,1748,394,413,279,31,383,155,4,311,1,39:59,1
2013-14,2772,Trevor Ariza,Trevor,1610612764,WAS,Washington Wizards,0041300205,2014-05-13T00:00:00,WAS @ IND,W,32.75,4,9,0.444,0,2,0.0,2,2,1.0,4,6,10,5,1,2,0,0,0,1,10,31,34.5,1,0,29.0,1,1,1,1,537,599,622,849,731,651,731,500,621,1,62,198,102,151,618,115,499,1,1,915,720,4,301,1,4,404,1,32:45,1
2013-14,2037,Jamal Crawford,Jamal,1610612746,LAC,Los Angeles Clippers,0041300235,2014-05-13T00:00:00,LAC @ OKC,L,29.85,7,22,0.318,3,7,0.429,2,3,0.667,1,1,2,2,0,1,0,1,2,3,19,-10,27.4,0,0,28.0,1,944,944,944,650,226,44,1271,75,67,409,500,538,646,449,1162,1057,529,1096,305,499,1343,801,413,247,1568,516,155,4,434,1,29:51,1
2013-14,2561,David West,David,1610612754,IND,Indiana Pacers,0041300205,2014-05-13T00:00:00,IND vs. WAS,L,33.516666666666666,7,14,0.5,1,1,1.0,2,3,0.667,1,5,6,3,1,0,0,0,3,4,17,-35,27.7,0,0,27.0,1,944,944,944,500,226,271,534,388,887,1,500,538,646,449,320,388,363,618,784,499,1,1177,272,314,1906,506,155,4,468,1,33:31,1
2013-14,202331,Paul George,Paul,1610612754,IND,Indiana Pacers,0041300205,2014-05-13T00:00:00,IND vs. WAS,L,38.6,5,15,0.333,3,5,0.6,2,3,0.667,0,1,1,2,4,2,1,1,2,3,15,-24,24.2,0,0,27.0,1,944,944,944,260,458,229,1129,75,226,167,500,538,646,924,1162,1328,529,70,115,171,1343,801,413,427,1883,633,155,4,468,1,38:36,1
2013-14,201586,Serge Ibaka,Serge,1610612760,OKC,Oklahoma City Thunder,0041300235,2014-05-13T00:00:00,OKC vs. LAC,W,30.233333333333334,4,8,0.5,0,0,0.0,0,0,0.0,1,6,7,0,1,1,2,0,4,1,8,-1,24.4,0,0,21.0,1,1,1,1,634,599,710,534,731,1136,731,998,1036,998,449,198,285,1185,618,305,70,1,1541,915,858,1010,627,155,4,693,1,30:14,1
2013-14,202704,Reggie Jackson,Reggie,1610612760,OKC,Oklahoma City Thunder,0041300235,2014-05-13T00:00:00,OKC vs. LAC,W,30.016666666666666,2,5,0.4,1,2,0.5,3,4,0.75,3,4,7,1,3,2,0,0,3,2,8,14,20.9,0,0,21.0,1,1,1,1,642,987,1021,970,388,651,201,345,347,542,114,457,285,791,143,115,499,1,1177,610,858,163,742,155,4,693,1,30:01,1
2013-14,200755,JJ Redick,JJ,1610612746,LAC,Los Angeles Clippers,0041300235,2014-05-13T00:00:00,LAC @ OKC,L,24.723333333333333,6,12,0.5,3,6,0.5,1,1,1.0,1,0,1,0,0,0,0,0,1,1,16,17,17.2,0,0,20.0,1,944,944,944,881,330,391,534,75,128,201,783,968,1,449,1520,1328,1185,1096,784,499,1,394,915,361,100,891,155,4,731,1,24:43,1
2013-14,2403,Nene,ene,1610612764,WAS,Washington Wizards,0041300205,2014-05-13T00:00:00,WAS @ IND,W,24.016666666666666,2,6,0.333,0,0,0.0,0,0,0.0,0,4,4,4,1,2,1,1,4,2,4,14,22.8,0,0,18.0,1,1,1,1,908,987,915,1129,731,1136,731,998,1036,998,924,457,643,237,618,115,171,1343,1541,610,1173,163,679,155,4,815,1,24:01,1
2013-14,203500,Steven Adams,Steven,1610612760,OKC,Oklahoma City Thunder,0041300235,2014-05-13T00:00:00,OKC vs. LAC,W,23.211666666666666,4,5,0.8,0,0,0.0,1,2,0.5,0,4,4,1,0,0,2,0,2,1,9,10,21.3,0,0,18.0,1,1,1,1,942,599,1021,119,731,1136,731,783,621,751,924,457,643,791,1096,784,70,1,801,915,777,294,724,155,4,815,1,23:13,1
2013-14,201228,C.J. Watson,C.J.,1610612754,IND,Indiana Pacers,0041300205,2014-05-13T00:00:00,IND vs. WAS,L,15.433333333333334,2,4,0.5,1,3,0.333,2,5,0.4,1,0,1,2,0,1,0,0,0,3,7,-5,14.2,0,0,13.0,1,944,944,944,1284,987,1145,534,388,477,485,500,281,965,449,1520,1328,529,1096,305,499,1,1,413,944,1316,1023,155,4,1036,1,15:26,1
2013-14,202362,Lance Stephenson,Lance,1610612754,IND,Indiana Pacers,0041300205,2014-05-13T00:00:00,IND vs. WAS,L,27.866666666666667,4,8,0.5,1,1,1.0,0,0,0.0,0,0,0,3,1,0,0,1,2,0,9,-23,12.5,0,0,13.0,1,944,944,944,746,599,710,534,388,887,1,998,1036,998,924,1520,1606,363,618,784,499,1343,801,1301,777,1876,1106,155,4,1036,1,27:52,1
2013-14,203142,Chris Copeland,Chris,1610612754,IND,Indiana Pacers,0041300205,2014-05-13T00:00:00,IND vs. WAS,L,10.066666666666666,3,5,0.6,0,1,0.0,3,6,0.5,0,1,1,0,0,1,0,1,3,4,9,2,13.2,0,0,12.0,1,944,944,944,1491,783,1021,335,731,887,731,345,180,751,924,1162,1328,1185,1096,305,499,1343,1177,272,777,707,1068,155,4,1085,1,10:04,1
2013-14,200757,Thabo Sefolosha,Thabo,1610612760,OKC,Oklahoma City Thunder,0041300235,2014-05-13T00:00:00,OKC vs. LAC,W,18.223333333333333,4,5,0.8,0,1,0.0,0,0,0.0,0,4,4,0,0,0,0,0,1,0,8,-6,12.8,0,0,12.0,1,1,1,1,1151,599,1021,119,731,887,731,998,1036,998,924,457,643,1185,1096,784,499,1,394,1301,858,1382,1094,155,4,1085,1,18:13,1
2013-14,2400,Drew Gooden,Drew,1610612764,WAS,Washington Wizards,0041300205,2014-05-13T00:00:00,WAS @ IND,W,16.785,0,4,0.0,0,1,0.0,0,0,0.0,3,6,9,0,0,1,0,0,4,2,0,13,13.8,0,0,11.0,1,1,1,1,1218,1505,1145,1505,731,887,731,998,1036,998,114,198,151,1185,1096,305,499,1,1541,610,1567,188,1044,155,4,1128,1,16:47,1
2013-14,202323,Evan Turner,Evan,1610612754,IND,Indiana Pacers,0041300205,2014-05-13T00:00:00,IND vs. WAS,L,18.066666666666666,1,3,0.333,0,0,0.0,0,0,0.0,0,4,4,3,1,1,0,0,0,0,2,3,13.3,0,0,11.0,1,944,944,944,1160,1208,1273,1129,731,1136,731,998,1036,998,924,457,643,363,618,305,499,1,1,1301,1377,639,1064,155,4,1128,1,18:04,1
2013-14,2449,Luis Scola,Luis,1610612754,IND,Indiana Pacers,0041300205,2014-05-13T00:00:00,IND vs. WAS,L,9.248333333333333,2,5,0.4,0,0,0.0,1,1,1.0,0,2,2,0,1,1,1,0,1,4,5,10,12.4,0,0,11.0,1,944,944,944,1515,987,1021,970,731,1136,731,783,968,1,924,860,1057,1185,618,305,171,1,394,272,1095,294,1110,155,4,1128,1,9:15,1
2013-14,201588,George Hill,George,1610612754,IND,Indiana Pacers,0041300205,2014-05-13T00:00:00,IND vs. WAS,L,31.2,1,8,0.125,0,2,0.0,1,2,0.5,0,2,2,2,2,1,1,0,1,2,3,-30,12.4,0,0,11.0,1,944,944,944,602,1208,710,1496,731,651,731,783,621,751,924,860,1057,529,298,305,171,1,394,610,1282,1901,1110,155,4,1128,1,31:12,1
2013-14,201175,Glen Davis,Glen,1610612746,LAC,Los Angeles Clippers,0041300235,2014-05-13T00:00:00,LAC @ OKC,L,18.178333333333335,2,4,0.5,0,0,0.0,0,0,0.0,3,4,7,0,1,0,0,2,5,0,4,-2,11.4,0,0,11.0,1,944,944,944,1154,987,1145,534,731,1136,731,998,1036,998,114,457,285,1185,618,784,499,1748,1747,1301,1173,1106,1152,155,4,1128,1,18:11,1
2013-14,2570,Kendrick Perkins,Kendrick,1610612760,OKC,Oklahoma City Thunder,0041300235,2014-05-13T00:00:00,OKC vs. LAC,W,22.045,1,4,0.25,0,0,0.0,0,0,0.0,2,2,4,1,0,1,0,2,2,1,2,-2,11.3,0,0,9.0,1,1,1,1,991,1208,1145,1349,731,1136,731,998,1036,998,226,860,643,791,1096,305,499,1748,801,915,1377,1106,1163,155,4,1237,1,22:03,1
2013-14,201579,Roy Hibbert,Roy,1610612754,IND,Indiana Pacers,0041300205,2014-05-13T00:00:00,IND vs. WAS,L,25.4,2,7,0.286,0,0,0.0,0,0,0.0,2,0,2,3,0,0,0,0,4,1,4,-27,10.9,0,0,9.0,1,944,944,944,849,987,811,1299,731,1136,731,998,1036,998,226,1520,1057,363,1096,784,499,1,1541,915,1173,1896,1192,155,4,1237,1,25:24,1
2013-14,101110,Martell Webster,Martell,1610612764,WAS,Washington Wizards,0041300205,2014-05-13T00:00:00,WAS @ IND,W,19.383333333333333,0,4,0.0,0,2,0.0,2,2,1.0,0,4,4,1,2,0,1,1,1,1,2,-3,9.3,0,0,9.0,1,1,1,1,1096,1505,1145,1505,731,651,731,500,621,1,924,457,643,791,298,784,171,1343,394,915,1377,1183,1270,155,4,1237,1,19:23,1
2013-14,1733,Al Harrington,Al,1610612764,WAS,Washington Wizards,0041300205,2014-05-13T00:00:00,WAS @ IND,W,12.781666666666666,1,2,0.5,0,1,0.0,2,3,0.667,0,2,2,0,2,1,0,0,6,2,4,-5,7.4,0,0,8.0,1,1,1,1,1390,1208,1415,534,731,887,731,500,538,646,924,860,1057,1185,298,305,499,1,1865,610,1173,1316,1364,155,4,1289,1,12:47,1
2013-14,101122,Danny Granger,Danny,1610612746,LAC,Los Angeles Clippers,0041300235,2014-05-13T00:00:00,LAC @ OKC,L,11.716666666666667,2,3,0.667,1,2,0.5,2,2,1.0,0,0,0,0,0,0,0,0,1,1,7,-1,7.0,0,0,8.0,1,944,944,944,1437,987,1273,209,388,651,201,500,621,1,924,1520,1606,1185,1096,784,499,1,394,915,944,1010,1384,155,4,1289,1,11:43,1
2013-14,202730,Lavoy Allen,Lavoy,1610612754,IND,Indiana Pacers,0041300205,2014-05-13T00:00:00,IND vs. WAS,L,6.416666666666667,1,2,0.5,0,0,0.0,0,0,0.0,0,4,4,1,0,0,0,0,1,0,2,5,8.3,0,0,7.0,1,944,944,944,1611,1208,1415,534,731,1136,731,998,1036,998,924,457,643,791,1096,784,499,1,394,1301,1377,522,1327,155,4,1343,1,6:25,1
2013-14,101133,Ian Mahinmi,Ian,1610612754,IND,Indiana Pacers,0041300205,2014-05-13T00:00:00,IND vs. WAS,L,11.351666666666667,1,2,0.5,0,0,0.0,0,0,0.0,0,0,0,0,1,1,1,0,3,0,2,-1,7.0,0,0,6.0,1,944,944,944,1449,1208,1415,534,731,1136,731,998,1036,998,924,1520,1606,1185,618,305,171,1,1177,1301,1377,1010,1384,155,4,1399,1,11:21,1
2013-14,201954,Darren Collison,Darren,1610612746,LAC,Los Angeles Clippers,0041300235,2014-05-13T00:00:00,LAC @ OKC,L,9.558333333333334,0,2,0.0,0,2,0.0,1,2,0.5,0,2,2,0,2,1,0,0,1,1,1,-15,4.4,0,0,5.0,1,944,944,944,1504,1505,1415,1505,731,651,731,783,621,751,924,860,1057,1185,298,305,499,1,394,915,1541,1743,1510,155,4,1446,1,9:34,1
2013-14,2406,Caron Butler,Caron,1610612760,OKC,Oklahoma City Thunder,0041300235,2014-05-13T00:00:00,OKC vs. LAC,W,17.381666666666668,1,3,0.333,1,1,1.0,0,0,0.0,0,1,1,0,0,0,0,0,3,1,3,7,4.2,0,0,5.0,1,1,1,1,1194,1208,1273,1129,388,887,1,998,1036,998,924,1162,1328,1185,1096,784,499,1,1177,915,1282,430,1522,155,4,1446,1,17:23,1
2013-14,965,Derek Fisher,Derek,1610612760,OKC,Oklahoma City Thunder,0041300235,2014-05-13T00:00:00,OKC vs. LAC,W,7.055,0,1,0.0,0,1,0.0,0,0,0.0,0,2,2,0,0,1,0,0,0,1,0,2,5.4,0,0,4.0,1,1,1,1,1582,1505,1565,1505,731,887,731,998,1036,998,924,860,1057,1185,1096,305,499,1,1,915,1567,707,1462,155,4,1505,1,7:03,1
2013-14,2446,Rasual Butler,Rasual,1610612754,IND,Indiana Pacers,0041300205,2014-05-13T00:00:00,IND vs. WAS,L,6.416666666666667,0,0,0.0,0,0,0.0,2,2,1.0,0,0,0,0,0,0,1,0,0,1,2,5,5.0,0,0,4.0,1,944,944,944,1611,1505,1728,1505,731,1136,731,500,621,1,924,1520,1606,1185,1096,784,171,1,1,915,1377,522,1480,155,4,1505,1,6:25,1
2013-14,1889,Andre Miller,Andre,1610612764,WAS,Washington Wizards,0041300205,2014-05-13T00:00:00,WAS @ IND,W,10.55,1,1,1.0,0,0,0.0,0,0,0.0,0,2,2,0,1,0,0,0,1,0,2,-1,3.4,0,0,4.0,1,1,1,1,1476,1208,1565,1,731,1136,731,998,1036,998,924,860,1057,1185,618,784,499,1,394,1301,1377,1010,1569,155,4,1505,1,10:33,1
2013-14,201599,DeAndre Jordan,DeAndre,1610612746,LAC,Los Angeles Clippers,0041300235,2014-05-13T00:00:00,LAC @ OKC,L,19.733333333333334,0,1,0.0,0,0,0.0,0,0,0.0,2,2,4,0,2,0,0,0,6,0,0,-1,2.8,0,0,4.0,1,944,944,944,1081,1505,1565,1505,731,1136,731,998,1036,998,226,860,643,1185,298,784,499,1,1865,1301,1567,1010,1619,155,4,1505,1,19:44,1
2013-14,202388,Donald Sloan,Donald,1610612754,IND,Indiana Pacers,0041300205,2014-05-13T00:00:00,IND vs. WAS,L,6.416666666666667,1,4,0.25,0,2,0.0,0,0,0.0,0,0,0,0,0,0,0,0,0,0,2,5,2.0,0,0,2.0,1,944,944,944,1611,1208,1145,1349,731,651,731,998,1036,998,924,1520,1606,1185,1096,784,499,1,1,1301,1377,522,1652,155,4,1628,1,6:25,1
2013-14,203490,Otto Porter Jr.,Otto,1610612764,WAS,Washington Wizards,0041300205,2014-05-13T00:00:00,WAS @ IND,W,3.8833333333333333,1,1,1.0,0,0,0.0,0,0,0.0,0,0,0,0,0,0,0,0,0,0,2,-5,2.0,0,0,2.0,1,1,1,1,1704,1208,1565,1,731,1136,731,998,1036,998,924,1520,1606,1185,1096,784,499,1,1,1301,1377,1316,1652,155,4,1628,1,3:53,1
2013-14,202066,Garrett Temple,Garrett,1610612764,WAS,Washington Wizards,0041300205,2014-05-13T00:00:00,WAS @ IND,W,3.683333333333333,1,1,1.0,0,0,0.0,0,0,0.0,0,0,0,0,1,0,0,0,0,0,2,-6,1.0,0,0,2.0,1,1,1,1,1712,1208,1565,1,731,1136,731,998,1036,998,924,1520,1606,1185,618,784,499,1,1,1301,1377,1382,1749,155,4,1628,1,3:41,1
2013-14,2555,Nick Collison,Nick,1610612760,OKC,Oklahoma City Thunder,0041300235,2014-05-13T00:00:00,OKC vs. LAC,W,6.166666666666667,0,1,0.0,0,0,0.0,2,2,1.0,0,0,0,0,2,0,0,0,2,1,2,-12,0.0,0,0,2.0,1,1,1,1,1622,1505,1565,1505,731,1136,731,500,621,1,924,1520,1606,1185,298,784,499,1,801,915,1377,1660,1769,155,4,1628,1,6:10,1
2013-14,202344,Trevor Booker,Trevor,1610612764,WAS,Washington Wizards,0041300205,2014-05-13T00:00:00,WAS @ IND,W,3.8833333333333333,0,1,0.0,0,1,0.0,0,0,0.0,0,1,1,0,0,0,0,0,1,0,0,-5,1.2,0,0,1.0,1,1,1,1,1704,1505,1565,1505,731,887,731,998,1036,998,924,1162,1328,1185,1096,784,499,1,394,1301,1567,1316,1694,155,4,1690,1,3:53,1
2013-14,202338,Kevin Seraphin,Kevin,1610612764,WAS,Washington Wizards,0041300205,2014-05-13T00:00:00,WAS @ IND,W,2.533333333333333,0,1,0.0,0,0,0.0,0,0,0.0,0,1,1,0,1,0,0,0,1,0,0,-5,0.2,0,0,1.0,1,1,1,1,1767,1505,1565,1505,731,1136,731,998,1036,998,924,1162,1328,1185,618,784,499,1,394,1301,1567,1316,1757,155,4,1690,1,2:32,1
2013-14,200797,Ryan Hollins,Ryan,1610612746,LAC,Los Angeles Clippers,0041300235,2014-05-13T00:00:00,LAC @ OKC,L,0.175,0,0,0.0,0,0,0.0,0,0,0.0,0,0,0,0,0,0,0,0,0,0,0,0,0.0,0,0,0.0,1,944,944,944,1885,1505,1728,1505,731,1136,731,998,1036,998,924,1520,1606,1185,1096,784,499,1,1,1301,1567,882,1769,155,4,1775,1,0:11,1
2013-14,201162,Jared Dudley,Jared,1610612746,LAC,Los Angeles Clippers,0041300235,2014-05-13T00:00:00,LAC @ OKC,L,0.105,0,0,0.0,0,0,0.0,0,0,0.0,0,0,0,0,0,0,0,0,0,0,0,-2,0.0,0,0,0.0,1,944,944,944,1894,1505,1728,1505,731,1136,731,998,1036,998,924,1520,1606,1185,1096,784,499,1,1,1301,1567,1106,1769,155,4,1775,1,0:06,1
2013-14,203103,Perry Jones III,Perry,1610612760,OKC,Oklahoma City Thunder,0041300235,2014-05-13T00:00:00,OKC vs. LAC,W,0.12166666666666667,0,0,0.0,0,0,0.0,0,0,0.0,0,0,0,0,0,0,0,0,0,0,0,-3,0.0,0,0,0.0,1,1,1,1,1893,1505,1728,1505,731,1136,731,998,1036,998,924,1520,1606,1185,1096,784,499,1,1,1301,1567,1183,1769,155,4,1775,1,0:07,1
2013-14,2544,LeBron James,LeBron,1610612748,MIA,Miami Heat,0041300214,2014-05-12T00:00:00,MIA @ BKN,W,43.46666666666667,16,24,0.667,3,6,0.5,14,19,0.737,0,6,6,2,1,3,0,0,5,13,49,13,67.2,0,0,66.0,1,1,1,1,71,3,18,209,75,128,201,5,1,630,924,198,388,529,618,43,499,1,1747,1,1,188,3,155,4,4,1,43:28,1
2013-14,201587,Nicolas Batum,Nicolas,1610612757,POR,Portland Trail Blazers,0041300224,2014-05-12T00:00:00,POR vs. SAS,W,35.6,5,11,0.455,2,4,0.5,2,2,1.0,2,12,14,8,5,1,1,0,2,3,14,13,43.8,1,0,42.0,1,1,1,1,409,458,459,821,185,336,201,500,621,1,226,13,24,42,29,305,171,1,801,413,495,188,128,1,4,118,1,35:36,1
2013-14,203081,Damian Lillard,Damian,1610612757,POR,Portland Trail Blazers,0041300224,2014-05-12T00:00:00,POR vs. SAS,W,37.983333333333334,11,21,0.524,2,6,0.333,1,1,1.0,0,4,4,5,3,0,0,1,4,4,25,17,34.3,0,0,36.0,1,1,1,1,288,36,60,529,185,128,485,783,968,1,924,457,643,151,143,784,499,1343,1541,272,107,100,309,155,4,221,1,37:59,1
2013-14,202695,Kawhi Leonard,Kawhi,1610612759,SAS,San Antonio Spurs,0041300224,2014-05-12T00:00:00,SAS @ POR,L,27.241666666666667,5,10,0.5,0,2,0.0,1,2,0.5,1,6,7,3,0,2,2,0,1,4,11,-15,35.9,0,0,29.0,1,944,944,944,779,458,537,534,731,651,731,783,621,751,449,198,285,363,1096,115,70,1,394,272,669,1743,272,155,4,404,1,27:15,1
2013-14,1718,Paul Pierce,Paul,1610612751,BKN,Brooklyn Nets,0041300214,2014-05-12T00:00:00,BKN vs. MIA,L,31.55,6,11,0.545,0,4,0.0,4,5,0.8,0,7,7,2,1,2,0,0,5,3,16,-13,32.4,0,0,29.0,1,944,944,944,586,330,459,485,731,336,731,230,281,498,924,144,285,529,618,115,499,1,1747,413,361,1687,366,155,4,404,1,31:33,1
2013-14,2547,Chris Bosh,Chris,1610612748,MIA,Miami Heat,0041300214,2014-05-12T00:00:00,MIA @ BKN,W,36.75,5,9,0.556,2,6,0.333,0,0,0.0,0,5,5,0,2,2,3,0,1,1,12,12,31.0,0,0,29.0,1,1,1,1,345,458,622,455,185,128,485,998,1036,998,924,320,496,1185,298,115,29,1,394,915,601,210,395,155,4,404,1,36:45,1
2013-14,101114,Deron Williams,Deron,1610612751,BKN,Brooklyn Nets,0041300214,2014-05-12T00:00:00,BKN vs. MIA,L,31.933333333333334,5,14,0.357,1,3,0.333,2,2,1.0,2,4,6,7,1,0,0,1,4,4,13,7,29.7,0,0,27.0,1,944,944,944,569,458,271,1116,388,477,485,500,621,1,226,457,388,64,618,784,499,1343,1541,272,552,430,435,155,4,468,1,31:56,1
2013-14,202083,Wesley Matthews,Wesley,1610612757,POR,Portland Trail Blazers,0041300224,2014-05-12T00:00:00,POR vs. SAS,W,38.1,4,14,0.286,2,7,0.286,0,0,0.0,2,6,8,1,1,1,2,2,3,0,10,10,29.1,0,0,27.0,1,1,1,1,280,599,271,1299,185,67,598,998,1036,998,226,198,213,791,618,305,70,1748,1177,1301,720,294,457,155,4,468,1,38:06,1
2013-14,2548,Dwyane Wade,Dwyane,1610612748,MIA,Miami Heat,0041300214,2014-05-12T00:00:00,MIA @ BKN,W,34.39666666666667,7,13,0.538,0,0,0.0,1,2,0.5,2,2,4,3,3,0,2,0,3,3,15,6,27.3,0,0,26.0,1,1,1,1,461,226,325,499,731,1136,731,783,621,751,226,860,643,363,143,784,70,1,1177,413,427,482,521,155,4,506,1,34:24,1
2013-14,203115,Will Barton,Will,1610612757,POR,Portland Trail Blazers,0041300224,2014-05-12T00:00:00,POR vs. SAS,W,29.5,7,13,0.538,1,2,0.5,2,2,1.0,2,4,6,2,1,0,0,0,1,2,17,0,26.2,0,0,26.0,1,1,1,1,667,226,325,499,388,651,201,500,621,1,226,457,388,529,618,784,499,1,394,610,314,882,558,155,4,506,1,29:30,1
2013-14,1495,Tim Duncan,Tim,1610612759,SAS,San Antonio Spurs,0041300224,2014-05-12T00:00:00,SAS @ POR,L,27.05666666666667,6,13,0.462,0,0,0.0,0,0,0.0,0,9,9,2,0,0,1,0,2,0,12,-14,28.8,0,0,25.0,1,944,944,944,789,330,325,805,731,1136,731,998,1036,998,924,47,151,529,1096,784,171,1,801,1301,601,1721,468,155,4,543,1,27:03,1
2013-14,201577,Robin Lopez,Robin,1610612757,POR,Portland Trail Blazers,0041300224,2014-05-12T00:00:00,POR vs. SAS,W,34.406666666666666,4,12,0.333,0,0,0.0,1,3,0.333,6,7,13,1,1,1,0,0,2,4,9,7,28.1,0,0,25.0,1,1,1,1,460,599,391,1129,731,1136,731,783,538,970,14,144,41,791,618,305,499,1,801,272,777,430,493,155,4,543,1,34:24,1
2013-14,2207,Joe Johnson,Joe,1610612751,BKN,Brooklyn Nets,0041300214,2014-05-12T00:00:00,BKN vs. MIA,L,36.03333333333333,5,15,0.333,2,7,0.286,6,6,1.0,1,2,3,2,2,0,0,1,1,5,18,-18,22.6,0,0,25.0,1,944,944,944,386,458,229,1129,185,67,598,117,180,1,449,860,831,529,298,784,499,1343,394,175,279,1808,687,155,4,543,1,36:02,1
2013-14,201596,Mario Chalmers,Mario,1610612748,MIA,Miami Heat,0041300214,2014-05-12T00:00:00,MIA @ BKN,W,28.421666666666667,3,7,0.429,2,3,0.667,0,0,0.0,0,2,2,7,1,2,0,0,5,1,8,22,25.9,0,0,23.0,1,1,1,1,721,783,811,891,185,477,112,998,1036,998,924,860,1057,64,618,115,499,1,1747,915,858,43,573,155,4,619,1,28:25,1
2013-14,2733,Shaun Livingston,Shaun,1610612751,BKN,Brooklyn Nets,0041300214,2014-05-12T00:00:00,BKN vs. MIA,L,33.983333333333334,4,9,0.444,0,0,0.0,5,7,0.714,0,2,2,4,4,1,1,1,5,6,13,-17,23.4,0,0,23.0,1,944,944,944,479,599,622,849,731,1136,731,166,133,632,924,860,1057,237,70,305,171,1343,1747,102,552,1789,659,155,4,619,1,33:59,1
2013-14,200746,LaMarcus Aldridge,LaMarcus,1610612757,POR,Portland Trail Blazers,0041300224,2014-05-12T00:00:00,POR vs. SAS,W,32.0,8,16,0.5,0,0,0.0,3,4,0.75,1,3,4,0,2,0,0,0,2,4,19,15,21.8,0,0,23.0,1,1,1,1,567,152,187,534,731,1136,731,345,347,542,449,632,643,1185,298,784,499,1,801,272,247,138,710,155,4,619,1,32:00,1
2013-14,951,Ray Allen,Ray,1610612748,MIA,Miami Heat,0041300214,2014-05-12T00:00:00,MIA @ BKN,W,28.85,3,7,0.429,1,5,0.2,4,4,1.0,1,6,7,1,1,0,0,0,2,3,11,3,19.9,0,0,20.0,1,1,1,1,701,783,811,891,388,226,669,230,347,1,449,198,285,791,618,784,499,1,801,413,669,639,788,155,4,731,1,28:51,1
2013-14,708,Kevin Garnett,Kevin,1610612751,BKN,Brooklyn Nets,0041300214,2014-05-12T00:00:00,BKN vs. MIA,L,25.223333333333333,3,5,0.6,0,0,0.0,2,2,1.0,4,3,7,2,1,1,0,0,2,1,8,2,21.4,0,0,19.0,1,944,944,944,860,783,1021,335,731,1136,731,500,621,1,62,632,285,529,618,305,499,1,801,915,858,707,718,155,4,773,1,25:13,1
2013-14,203080,Thomas Robinson,Thomas,1610612757,POR,Portland Trail Blazers,0041300224,2014-05-12T00:00:00,POR vs. SAS,W,24.216666666666665,4,7,0.571,0,0,0.0,1,1,1.0,1,3,4,0,0,1,1,0,5,1,9,4,19.8,0,0,17.0,1,1,1,1,901,599,811,418,731,1136,731,783,968,1,449,632,643,1185,1096,305,171,1,1747,915,777,576,792,155,4,852,1,24:13,1
2013-14,201158,Marco Belinelli,Marco,1610612759,SAS,San Antonio Spurs,0041300224,2014-05-12T00:00:00,SAS @ POR,L,25.316666666666666,3,9,0.333,0,2,0.0,2,2,1.0,0,7,7,2,0,0,0,2,2,1,8,-6,19.4,0,0,17.0,1,944,944,944,852,783,622,1129,731,651,731,500,621,1,924,144,285,529,1096,784,499,1748,801,915,858,1382,808,155,4,852,1,25:19,1
2013-14,2564,Boris Diaw,Boris,1610612759,SAS,San Antonio Spurs,0041300224,2014-05-12T00:00:00,SAS @ POR,L,20.86,6,8,0.75,0,1,0.0,0,2,0.0,0,3,3,0,2,1,0,0,1,1,12,-9,16.6,0,0,17.0,1,944,944,944,1039,330,710,145,731,887,731,998,621,998,924,632,831,1185,298,305,499,1,394,915,601,1528,915,155,4,852,1,20:52,1
2013-14,2225,Tony Parker,Tony,1610612759,SAS,San Antonio Spurs,0041300224,2014-05-12T00:00:00,SAS @ POR,L,26.833333333333332,6,12,0.5,0,0,0.0,2,4,0.5,0,0,0,1,3,1,0,1,1,2,14,-17,15.5,0,0,17.0,1,944,944,944,794,330,391,534,731,1136,731,500,347,751,924,1520,1606,791,143,305,499,1343,394,610,495,1789,963,155,4,852,1,26:50,1
2013-14,101154,Andray Blatche,Andray,1610612751,BKN,Brooklyn Nets,0041300214,2014-05-12T00:00:00,BKN vs. MIA,L,22.516666666666666,4,10,0.4,0,1,0.0,0,0,0.0,3,5,8,0,1,0,0,3,3,0,8,-5,16.6,0,0,16.0,1,944,944,944,970,599,537,970,731,887,731,998,1036,998,114,320,213,1185,618,784,499,1865,1177,1301,858,1316,915,155,4,901,1,22:31,1
2013-14,101187,Alan Anderson,Alan,1610612751,BKN,Brooklyn Nets,0041300214,2014-05-12T00:00:00,BKN vs. MIA,L,26.683333333333334,3,5,0.6,2,4,0.5,2,3,0.667,0,2,2,1,0,0,0,0,1,1,10,4,13.9,0,0,15.0,1,944,944,944,796,783,1021,335,185,336,201,500,538,646,924,860,1057,791,1096,784,499,1,394,915,720,576,1038,155,4,947,1,26:41,1
2013-14,201980,Danny Green,Danny,1610612759,SAS,San Antonio Spurs,0041300224,2014-05-12T00:00:00,SAS @ POR,L,21.66,4,11,0.364,1,7,0.143,0,0,0.0,1,2,3,0,3,1,0,0,2,0,9,2,12.6,0,0,15.0,1,944,944,944,1005,599,459,1094,388,67,718,998,1036,998,449,860,831,1185,143,305,499,1,801,1301,777,707,1102,155,4,947,1,21:40,1
2013-14,203382,Aron Baynes,Aron,1610612759,SAS,San Antonio Spurs,0041300224,2014-05-12T00:00:00,SAS @ POR,L,13.941666666666666,1,3,0.333,0,0,0.0,1,2,0.5,4,3,7,0,0,2,0,1,4,2,3,6,17.4,0,0,14.0,1,944,944,944,1342,1208,1273,1129,731,1136,731,783,621,751,62,632,285,1185,1096,115,499,1343,1541,610,1282,482,882,155,4,992,1,13:57,1
2013-14,201988,Patty Mills,Patty,1610612759,SAS,San Antonio Spurs,0041300224,2014-05-12T00:00:00,SAS @ POR,L,14.383333333333333,4,7,0.571,2,3,0.667,0,0,0.0,0,0,0,1,1,0,0,0,2,1,10,-2,10.5,0,0,13.0,1,944,944,944,1323,599,811,418,185,477,112,998,1036,998,924,1520,1606,791,618,784,499,1,801,915,720,1106,1204,155,4,1036,1,14:23,1
2013-14,201168,Tiago Splitter,Tiago,1610612759,SAS,San Antonio Spurs,0041300224,2014-05-12T00:00:00,SAS @ POR,L,22.473333333333333,2,5,0.4,0,0,0.0,2,3,0.667,0,3,3,1,0,1,0,0,1,4,6,-13,14.1,0,0,12.0,1,944,944,944,972,987,1021,970,731,1136,731,500,538,646,924,632,831,791,1096,305,499,1,394,272,1001,1687,1030,155,4,1085,1,22:28,1
2013-14,2365,Chris Andersen,Chris,1610612748,MIA,Miami Heat,0041300214,2014-05-12T00:00:00,MIA @ BKN,W,13.866666666666667,2,2,1.0,0,0,0.0,1,2,0.5,3,3,6,0,0,0,0,0,0,1,5,-12,12.2,0,0,11.0,1,1,1,1,1345,987,1415,1,731,1136,731,783,621,751,114,632,388,1185,1096,784,499,1,1,915,1095,1660,1121,155,4,1128,1,13:52,1
2013-14,203141,Mirza Teletovic,Mirza,1610612751,BKN,Brooklyn Nets,0041300214,2014-05-12T00:00:00,BKN vs. MIA,L,16.631666666666668,2,6,0.333,0,3,0.0,0,0,0.0,3,1,4,2,0,0,0,0,1,1,4,6,11.8,0,0,10.0,1,944,944,944,1224,987,915,1129,731,477,731,998,1036,998,114,1162,643,529,1096,784,499,1,394,915,1173,482,1134,155,4,1187,1,16:38,1
2013-14,1905,Andrei Kirilenko,Andrei,1610612751,BKN,Brooklyn Nets,0041300214,2014-05-12T00:00:00,BKN vs. MIA,L,15.445,2,3,0.667,0,0,0.0,2,3,0.667,1,0,1,2,0,0,0,0,0,2,6,4,10.2,0,0,9.0,1,944,944,944,1282,987,1273,209,731,1136,731,500,538,646,449,1520,1328,529,1096,784,499,1,1,610,1001,576,1218,155,4,1237,1,15:27,1
2013-14,1938,Manu Ginobili,Manu,1610612759,SAS,San Antonio Spurs,0041300224,2014-05-12T00:00:00,SAS @ POR,L,19.883333333333333,1,6,0.167,0,3,0.0,0,0,0.0,1,1,2,2,1,0,0,0,2,2,2,-11,6.4,0,0,6.0,1,944,944,944,1076,1208,915,1471,731,477,731,998,1036,998,449,1162,1057,529,618,784,499,1,801,610,1377,1612,1414,155,4,1399,1,19:53,1
2013-14,2203,Shane Battier,Shane,1610612748,MIA,Miami Heat,0041300214,2014-05-12T00:00:00,MIA @ BKN,W,13.503333333333334,1,1,1.0,0,0,0.0,0,0,0.0,0,0,0,1,0,1,0,0,1,0,2,-1,6.5,0,0,5.0,1,1,1,1,1364,1208,1565,1,731,1136,731,998,1036,998,924,1520,1606,791,1096,305,499,1,394,1301,1377,1010,1410,155,4,1446,1,13:30,1
2013-14,201965,Jeff Ayres,Jeff,1610612759,SAS,San Antonio Spurs,0041300224,2014-05-12T00:00:00,SAS @ POR,L,6.783333333333333,0,2,0.0,0,0,0.0,0,0,0.0,1,3,4,1,0,0,0,0,0,0,0,8,6.3,0,0,5.0,1,944,944,944,1596,1505,1415,1505,731,1136,731,998,1036,998,449,632,643,791,1096,784,499,1,1,1301,1567,374,1422,155,4,1446,1,6:47,1
2013-14,202709,Cory Joseph,Cory,1610612759,SAS,San Antonio Spurs,0041300224,2014-05-12T00:00:00,SAS @ POR,L,6.783333333333333,1,2,0.5,0,0,0.0,3,4,0.75,0,0,0,0,0,0,0,0,0,3,5,8,5.0,0,0,5.0,1,944,944,944,1596,1208,1415,534,731,1136,731,345,347,542,924,1520,1606,1185,1096,784,499,1,1,413,1095,374,1480,155,4,1446,1,6:47,1
2013-14,2592,James Jones,James,1610612748,MIA,Miami Heat,0041300214,2014-05-12T00:00:00,MIA @ BKN,W,12.93,0,2,0.0,0,1,0.0,0,0,0.0,0,1,1,0,0,0,1,0,2,0,0,5,4.2,0,0,3.0,1,1,1,1,1386,1505,1415,1505,731,887,731,998,1036,998,924,1162,1328,1185,1096,784,171,1,801,1301,1567,522,1522,155,4,1573,1,12:56,1
2013-14,1740,Rashard Lewis,Rashard,1610612748,MIA,Miami Heat,0041300214,2014-05-12T00:00:00,MIA @ BKN,W,12.52,0,3,0.0,0,1,0.0,0,0,0.0,1,1,2,0,0,0,0,0,1,0,0,1,2.4,0,0,2.0,1,1,1,1,1397,1505,1273,1505,731,887,731,998,1036,998,449,1162,1057,1185,1096,784,499,1,394,1301,1567,796,1632,155,4,1628,1,12:31,1
2013-14,2588,Matt Bonner,Matt,1610612759,SAS,San Antonio Spurs,0041300224,2014-05-12T00:00:00,SAS @ POR,L,6.783333333333333,0,0,0.0,0,0,0.0,0,0,0.0,0,1,1,0,0,0,0,0,0,0,0,8,1.2,0,0,1.0,1,944,944,944,1596,1505,1728,1505,731,1136,731,998,1036,998,924,1162,1328,1185,1096,784,499,1,1,1301,1567,374,1694,155,4,1690,1,6:47,1
2013-14,202708,Norris Cole,Norris,1610612748,MIA,Miami Heat,0041300214,2014-05-12T00:00:00,MIA @ BKN,W,15.295,0,2,0.0,0,2,0.0,0,0,0.0,0,1,1,0,0,0,0,1,3,0,0,-19,1.2,0,0,1.0,1,1,1,1,1286,1505,1415,1505,731,651,731,998,1036,998,924,1162,1328,1185,1096,784,499,1343,1177,1301,1567,1829,1694,155,4,1690,1,15:18,1
2013-14,2248,Earl Watson,Earl,1610612757,POR,Portland Trail Blazers,0041300224,2014-05-12T00:00:00,POR vs. SAS,W,1.45,0,0,0.0,0,0,0.0,0,0,0.0,0,0,0,0,0,0,0,0,0,0,0,-5,0.0,0,0,0.0,1,1,1,1,1829,1505,1728,1505,731,1136,731,998,1036,998,924,1520,1606,1185,1096,784,499,1,1,1301,1567,1316,1769,155,4,1775,1,1:27,1
2013-14,203468,CJ McCollum,CJ,1610612757,POR,Portland Trail Blazers,0041300224,2014-05-12T00:00:00,POR vs. SAS,W,6.743333333333333,0,4,0.0,0,2,0.0,0,0,0.0,0,0,0,0,0,0,0,0,1,0,0,-6,0.0,0,0,0.0,1,1,1,1,1600,1505,1145,1505,731,651,731,998,1036,998,924,1520,1606,1185,1096,784,499,1,394,1301,1567,1382,1769,155,4,1775,1,6:45,1
2013-14,202331,Paul George,Paul,1610612754,IND,Indiana Pacers,0041300204,2014-05-11T00:00:00,IND @ WAS,W,46.38333333333333,12,20,0.6,7,10,0.7,8,10,0.8,1,11,12,0,2,2,0,1,4,8,39,0,57.4,1,0,62.0,1,1,1,1,18,21,80,335,3,10,110,53,43,498,449,19,58,1185,298,115,499,1343,1541,40,6,882,28,1,4,5,1,46:23,1
2013-14,201142,Kevin Durant,Kevin,1610612760,OKC,Oklahoma City Thunder,0041300234,2014-05-11T00:00:00,OKC @ LAC,L,44.89833333333333,12,24,0.5,1,7,0.143,15,18,0.833,1,6,7,3,8,2,2,0,3,10,40,-3,56.9,0,0,59.0,1,944,944,944,41,21,18,534,388,67,718,3,2,458,449,198,285,363,1,115,70,1,1177,9,4,1183,29,155,4,12,1,44:54,1
2013-14,201566,Russell Westbrook,Russell,1610612760,OKC,Oklahoma City Thunder,0041300234,2014-05-11T00:00:00,OKC @ LAC,L,38.583333333333336,10,22,0.455,1,4,0.25,6,6,1.0,1,5,6,8,4,3,0,0,5,3,27,1,51.2,0,0,48.0,1,944,944,944,261,58,44,821,388,336,614,117,180,1,449,320,388,42,70,43,499,1,1747,413,80,796,65,155,4,63,1,38:35,1
2013-14,101108,Chris Paul,Chris,1610612746,LAC,Los Angeles Clippers,0041300234,2014-05-11T00:00:00,LAC vs. OKC,W,44.971666666666664,10,23,0.435,0,4,0.0,3,4,0.75,2,3,5,10,1,4,0,2,4,4,23,12,55.0,1,0,46.0,1,1,1,1,37,58,28,888,731,336,731,345,347,542,226,632,496,16,618,15,499,1748,1541,272,148,210,44,1,4,83,1,44:58,1
2013-14,203078,Bradley Beal,Bradley,1610612764,WAS,Washington Wizards,0041300204,2014-05-11T00:00:00,WAS vs. IND,L,41.983333333333334,7,14,0.5,2,4,0.5,4,6,0.667,0,5,5,5,1,3,0,0,0,7,20,9,41.5,0,0,38.0,1,944,944,944,123,226,271,534,185,336,201,230,180,646,924,320,496,151,618,43,499,1,1,64,218,334,158,155,4,178,1,41:59,1
2013-14,201933,Blake Griffin,Blake,1610612746,LAC,Los Angeles Clippers,0041300234,2014-05-11T00:00:00,LAC vs. OKC,W,39.8,8,19,0.421,0,0,0.0,9,11,0.818,4,5,9,2,3,1,0,2,5,10,25,8,38.8,0,0,38.0,1,1,1,1,196,152,101,943,731,1136,731,30,34,493,62,320,151,529,143,305,499,1748,1747,9,107,374,207,155,4,178,1,39:48,1
2013-14,2037,Jamal Crawford,Jamal,1610612746,LAC,Los Angeles Clippers,0041300234,2014-05-11T00:00:00,LAC vs. OKC,W,34.25,7,16,0.438,2,8,0.25,2,2,1.0,2,3,5,3,3,2,2,2,3,1,18,11,37.5,0,0,36.0,1,1,1,1,469,226,187,878,185,36,614,500,621,1,226,632,496,363,143,115,70,1748,1177,915,279,248,235,155,4,221,1,34:15,1
2013-14,2772,Trevor Ariza,Trevor,1610612764,WAS,Washington Wizards,0041300204,2014-05-11T00:00:00,WAS vs. IND,L,33.43333333333333,6,11,0.545,2,4,0.5,2,2,1.0,3,6,9,0,3,3,0,0,5,1,16,-22,32.8,0,0,33.0,1,944,944,944,506,330,459,485,185,336,201,500,621,1,114,198,151,1185,143,43,499,1,1747,915,361,1865,352,155,4,276,1,33:26,1
2013-14,201579,Roy Hibbert,Roy,1610612754,IND,Indiana Pacers,0041300204,2014-05-11T00:00:00,IND @ WAS,W,38.69166666666667,6,12,0.5,0,0,0.0,5,7,0.714,5,4,9,0,2,1,2,3,3,5,17,16,34.8,0,0,32.0,1,1,1,1,253,330,391,534,731,1136,731,166,133,632,30,457,151,1185,298,305,70,1865,1177,175,314,119,296,155,4,311,1,38:42,1
2013-14,201599,DeAndre Jordan,DeAndre,1610612746,LAC,Los Angeles Clippers,0041300234,2014-05-11T00:00:00,LAC vs. OKC,W,31.911666666666665,3,5,0.6,0,0,0.0,1,7,0.143,3,11,14,1,1,2,2,1,3,5,7,-21,36.3,0,0,30.0,1,1,1,1,571,783,1021,335,731,1136,731,783,133,996,114,19,24,791,618,115,70,1343,1177,175,944,1850,264,155,4,378,1,31:55,1
2013-14,202362,Lance Stephenson,Lance,1610612754,IND,Indiana Pacers,0041300204,2014-05-11T00:00:00,IND @ WAS,W,41.04666666666667,3,8,0.375,2,4,0.5,0,0,0.0,2,7,9,6,6,1,0,0,1,1,8,15,24.8,0,0,27.0,1,1,1,1,154,783,710,1056,185,336,201,998,1036,998,226,144,151,102,11,305,499,1,394,915,858,138,614,155,4,468,1,41:03,1
2013-14,201588,George Hill,George,1610612754,IND,Indiana Pacers,0041300204,2014-05-11T00:00:00,IND @ WAS,W,37.48,6,12,0.5,1,5,0.2,2,4,0.5,1,1,2,4,1,2,0,1,4,3,15,18,28.4,0,0,26.0,1,1,1,1,314,330,391,534,388,226,669,500,347,751,449,1162,1057,237,618,115,499,1343,1541,413,427,83,481,155,4,506,1,37:29,1
2013-14,201954,Darren Collison,Darren,1610612746,LAC,Los Angeles Clippers,0041300234,2014-05-11T00:00:00,LAC vs. OKC,W,22.75,7,12,0.583,0,1,0.0,4,4,1.0,2,5,7,1,0,0,0,1,0,3,18,14,27.9,0,0,26.0,1,1,1,1,961,226,391,401,731,887,731,230,347,1,226,320,285,791,1096,784,499,1343,1,413,279,163,499,155,4,506,1,22:45,1
2013-14,2561,David West,David,1610612754,IND,Indiana Pacers,0041300204,2014-05-11T00:00:00,IND @ WAS,W,43.85,5,12,0.417,0,0,0.0,4,6,0.667,0,3,3,8,2,0,0,2,3,3,14,15,27.6,0,0,25.0,1,1,1,1,55,458,391,949,731,1136,731,230,180,646,924,632,831,42,298,784,499,1748,1177,413,495,138,510,155,4,543,1,43:51,1
2013-14,202322,John Wall,John,1610612764,WAS,Washington Wizards,0041300204,2014-05-11T00:00:00,WAS vs. IND,L,32.18333333333333,4,11,0.364,1,3,0.333,3,4,0.75,0,1,1,7,5,1,1,0,2,2,12,-21,24.7,0,0,25.0,1,944,944,944,558,599,459,1094,388,477,485,345,347,542,924,1162,1328,64,29,305,171,1,801,610,601,1850,619,155,4,543,1,32:11,1
2013-14,201586,Serge Ibaka,Serge,1610612760,OKC,Oklahoma City Thunder,0041300234,2014-05-11T00:00:00,OKC @ LAC,L,32.87833333333333,2,5,0.4,2,2,1.0,2,2,1.0,1,4,5,1,2,0,4,0,5,1,8,0,25.5,0,0,24.0,1,944,944,944,535,987,1021,970,185,651,1,500,621,1,449,457,496,791,298,784,10,1,1747,915,858,882,590,155,4,582,1,32:53,1
2013-14,2400,Drew Gooden,Drew,1610612764,WAS,Washington Wizards,0041300204,2014-05-11T00:00:00,WAS vs. IND,L,27.326666666666668,5,10,0.5,0,1,0.0,0,0,0.0,2,2,4,2,2,0,3,0,3,2,10,5,24.8,0,0,22.0,1,944,944,944,776,458,537,534,731,887,731,998,1036,998,226,860,643,529,298,784,29,1,1177,610,720,522,614,155,4,657,1,27:20,1
2013-14,1733,Al Harrington,Al,1610612764,WAS,Washington Wizards,0041300204,2014-05-11T00:00:00,WAS vs. IND,L,22.588333333333335,4,7,0.571,0,2,0.0,3,4,0.75,0,6,6,0,1,2,0,0,4,3,11,8,23.2,0,0,21.0,1,944,944,944,965,599,811,418,731,651,731,345,347,542,924,198,388,1185,618,115,499,1,1541,413,669,374,666,155,4,693,1,22:35,1
2013-14,2403,Nene,ene,1610612764,WAS,Washington Wizards,0041300204,2014-05-11T00:00:00,WAS vs. IND,L,24.583333333333332,5,14,0.357,0,0,0.0,0,0,0.0,0,3,3,3,0,0,2,0,2,1,10,-7,24.1,0,0,20.0,1,944,944,944,885,458,271,1116,731,1136,731,998,1036,998,924,632,831,363,1096,784,70,1,801,915,720,1440,642,155,4,731,1,24:35,1
2013-14,2406,Caron Butler,Caron,1610612760,OKC,Oklahoma City Thunder,0041300234,2014-05-11T00:00:00,OKC @ LAC,L,24.983333333333334,2,7,0.286,1,5,0.2,1,2,0.5,2,4,6,2,1,0,1,2,2,3,6,-21,18.2,0,0,17.0,1,944,944,944,872,987,811,1299,388,226,669,783,621,751,226,457,388,529,618,784,171,1748,801,413,1001,1850,850,155,4,852,1,24:59,1
2013-14,202704,Reggie Jackson,Reggie,1610612760,OKC,Oklahoma City Thunder,0041300234,2014-05-11T00:00:00,OKC @ LAC,L,25.3,4,8,0.5,2,3,0.667,0,0,0.0,0,3,3,2,0,0,0,1,3,1,10,-22,16.6,0,0,17.0,1,944,944,944,853,599,710,534,185,477,112,998,1036,998,924,632,831,529,1096,784,499,1343,1177,915,720,1865,915,155,4,852,1,25:18,1
2013-14,1889,Andre Miller,Andre,1610612764,WAS,Washington Wizards,0041300204,2014-05-11T00:00:00,WAS vs. IND,L,15.816666666666666,2,6,0.333,0,0,0.0,3,3,1.0,1,2,3,4,1,1,0,1,2,3,7,18,18.6,0,0,16.0,1,944,944,944,1260,987,915,1129,731,1136,731,345,538,1,449,860,831,237,618,305,499,1343,801,413,944,83,839,155,4,901,1,15:49,1
2013-14,101162,Marcin Gortat,Marcin,1610612764,WAS,Washington Wizards,0041300204,2014-05-11T00:00:00,WAS vs. IND,L,21.433333333333334,1,3,0.333,0,0,0.0,0,0,0.0,1,2,3,1,0,1,1,1,3,0,2,-11,13.1,0,0,10.0,1,944,944,944,1018,1208,1273,1129,731,1136,731,998,1036,998,449,860,831,791,1096,305,171,1343,1177,1301,1377,1612,1076,155,4,1187,1,21:26,1
2013-14,200757,Thabo Sefolosha,Thabo,1610612760,OKC,Oklahoma City Thunder,0041300234,2014-05-11T00:00:00,OKC @ LAC,L,21.5,2,4,0.5,0,2,0.0,0,0,0.0,1,3,4,1,0,0,0,0,0,0,4,17,10.3,0,0,9.0,1,944,944,944,1015,987,1145,534,731,651,731,998,1036,998,449,632,643,791,1096,784,499,1,1,1301,1173,100,1215,155,4,1237,1,21:30,1
2013-14,201175,Glen Davis,Glen,1610612746,LAC,Los Angeles Clippers,0041300234,2014-05-11T00:00:00,LAC vs. OKC,W,12.716666666666667,2,3,0.667,0,0,0.0,0,0,0.0,1,1,2,3,1,0,0,0,2,0,4,0,9.9,0,0,9.0,1,1,1,1,1391,987,1273,209,731,1136,731,998,1036,998,449,1162,1057,363,618,784,499,1,801,1301,1173,882,1236,155,4,1237,1,12:43,1
2013-14,200755,JJ Redick,JJ,1610612746,LAC,Los Angeles Clippers,0041300234,2014-05-11T00:00:00,LAC vs. OKC,W,17.983333333333334,2,8,0.25,1,3,0.333,1,1,1.0,0,0,0,0,0,1,0,0,1,0,6,-6,9.0,0,0,9.0,1,1,1,1,1165,987,710,1349,388,477,485,783,968,1,924,1520,1606,1185,1096,305,499,1,394,1301,1001,1382,1289,155,4,1237,1,17:59,1
2013-14,101110,Martell Webster,Martell,1610612764,WAS,Washington Wizards,0041300204,2014-05-11T00:00:00,WAS vs. IND,L,20.583333333333332,2,3,0.667,0,1,0.0,0,0,0.0,0,2,2,0,0,0,1,0,2,0,4,7,9.4,0,0,8.0,1,944,944,944,1048,987,1273,209,731,887,731,998,1036,998,924,860,1057,1185,1096,784,171,1,801,1301,1173,430,1259,155,4,1289,1,20:35,1
2013-14,2440,Matt Barnes,Matt,1610612746,LAC,Los Angeles Clippers,0041300234,2014-05-11T00:00:00,LAC vs. OKC,W,21.333333333333332,0,6,0.0,0,4,0.0,0,0,0.0,1,1,2,3,0,1,0,0,2,2,0,-19,9.9,0,0,7.0,1,1,1,1,1023,1505,915,1505,731,336,731,998,1036,998,449,1162,1057,363,1096,305,499,1,801,610,1567,1829,1236,155,4,1343,1,21:20,1
2013-14,203500,Steven Adams,Steven,1610612760,OKC,Oklahoma City Thunder,0041300234,2014-05-11T00:00:00,OKC @ LAC,L,11.951666666666666,0,0,0.0,0,0,0.0,1,4,0.25,1,3,4,0,0,0,1,0,5,2,1,0,8.8,0,0,7.0,1,944,944,944,1424,1505,1728,1505,731,1136,731,783,347,984,449,632,643,1185,1096,784,171,1,1747,610,1541,882,1302,155,4,1343,1,11:57,1
2013-14,2570,Kendrick Perkins,Kendrick,1610612760,OKC,Oklahoma City Thunder,0041300234,2014-05-11T00:00:00,OKC @ LAC,L,25.695,0,2,0.0,0,0,0.0,1,2,0.5,1,5,6,0,0,0,0,0,3,1,1,21,8.2,0,0,7.0,1,944,944,944,836,1505,1415,1505,731,1136,731,783,621,751,449,320,388,1185,1096,784,499,1,1177,915,1541,53,1331,155,4,1343,1,25:42,1
2013-14,2555,Nick Collison,Nick,1610612760,OKC,Oklahoma City Thunder,0041300234,2014-05-11T00:00:00,OKC @ LAC,L,9.205,1,3,0.333,0,1,0.0,0,0,0.0,1,1,2,0,1,1,0,1,1,2,2,3,6.4,0,0,6.0,1,944,944,944,1516,1208,1273,1129,731,887,731,998,1036,998,449,1162,1057,1185,618,305,499,1343,394,610,1377,639,1414,155,4,1399,1,9:12,1
2013-14,2449,Luis Scola,Luis,1610612754,IND,Indiana Pacers,0041300204,2014-05-11T00:00:00,IND @ WAS,W,8.175,0,1,0.0,0,0,0.0,0,2,0.0,0,3,3,1,2,0,0,0,1,2,0,-18,3.1,0,0,4.0,1,1,1,1,1550,1505,1565,1505,731,1136,731,998,621,998,924,632,831,791,298,784,499,1,394,610,1567,1808,1592,155,4,1505,1,8:11,1
2013-14,201228,C.J. Watson,C.J.,1610612754,IND,Indiana Pacers,0041300204,2014-05-11T00:00:00,IND @ WAS,W,10.52,1,4,0.25,0,3,0.0,0,0,0.0,0,1,1,1,2,0,0,0,2,1,2,-15,2.7,0,0,4.0,1,1,1,1,1477,1208,1145,1349,731,477,731,998,1036,998,924,1162,1328,791,298,784,499,1,801,915,1377,1743,1620,155,4,1505,1,10:31,1
2013-14,101122,Danny Granger,Danny,1610612746,LAC,Los Angeles Clippers,0041300234,2014-05-11T00:00:00,LAC vs. OKC,W,14.283333333333333,0,1,0.0,0,1,0.0,0,0,0.0,0,1,1,0,0,0,0,0,4,2,0,11,1.2,0,0,1.0,1,1,1,1,1327,1505,1565,1505,731,887,731,998,1036,998,924,1162,1328,1185,1096,784,499,1,1541,610,1567,248,1694,155,4,1690,1,14:17,1
2013-14,101133,Ian Mahinmi,Ian,1610612754,IND,Indiana Pacers,0041300204,2014-05-11T00:00:00,IND @ WAS,W,5.283333333333333,0,2,0.0,0,0,0.0,0,0,0.0,0,1,1,0,1,0,0,1,1,0,0,-7,0.2,0,0,1.0,1,1,1,1,1650,1505,1415,1505,731,1136,731,998,1036,998,924,1162,1328,1185,618,784,499,1343,394,1301,1567,1440,1757,155,4,1690,1,5:17,1
2013-14,202066,Garrett Temple,Garrett,1610612764,WAS,Washington Wizards,0041300204,2014-05-11T00:00:00,WAS vs. IND,L,0.06833333333333333,0,0,0.0,0,0,0.0,0,0,0.0,0,0,0,0,0,0,0,0,0,0,0,-1,0.0,0,0,0.0,1,944,944,944,1897,1505,1728,1505,731,1136,731,998,1036,998,924,1520,1606,1185,1096,784,499,1,1,1301,1567,1010,1769,155,4,1775,1,0:04,1
2013-14,965,Derek Fisher,Derek,1610612760,OKC,Oklahoma City Thunder,0041300234,2014-05-11T00:00:00,OKC @ LAC,L,5.005,0,0,0.0,0,0,0.0,0,0,0.0,0,0,0,0,0,0,0,0,0,1,0,-6,0.0,0,0,0.0,1,944,944,944,1659,1505,1728,1505,731,1136,731,998,1036,998,924,1520,1606,1185,1096,784,499,1,1,915,1567,1382,1769,155,4,1775,1,5:00,1
2013-14,202323,Evan Turner,Evan,1610612754,IND,Indiana Pacers,0041300204,2014-05-11T00:00:00,IND @ WAS,W,8.57,0,2,0.0,0,0,0.0,0,0,0.0,0,0,0,0,0,0,0,0,0,0,0,-9,0.0,0,0,0.0,1,1,1,1,1537,1505,1415,1505,731,1136,731,998,1036,998,924,1520,1606,1185,1096,784,499,1,1,1301,1567,1528,1769,155,4,1775,1,8:34,1
2013-14,2544,LeBron James,LeBron,1610612748,MIA,Miami Heat,0041300213,2014-05-10T00:00:00,MIA @ BKN,L,39.64666666666667,8,15,0.533,3,7,0.429,9,10,0.9,0,8,8,5,2,1,1,0,2,6,28,-14,49.1,0,0,48.0,1,944,944,944,209,152,229,515,75,67,409,30,43,407,924,93,213,151,298,305,171,1,801,102,69,1721,77,155,4,63,1,39:39,1
2013-14,201587,Nicolas Batum,Nicolas,1610612757,POR,Portland Trail Blazers,0041300223,2014-05-10T00:00:00,POR vs. SAS,L,44.03333333333333,8,13,0.615,4,7,0.571,0,0,0.0,0,9,9,7,3,2,0,0,2,1,20,-12,44.3,0,0,44.0,1,944,944,944,51,152,325,324,31,67,187,998,1036,998,924,47,151,64,143,115,499,1,801,915,218,1660,123,155,4,102,1,44:02,1
2013-14,2225,Tony Parker,Tony,1610612759,SAS,San Antonio Spurs,0041300223,2014-05-10T00:00:00,SAS @ POR,W,34.95333333333333,12,20,0.6,2,3,0.667,3,3,1.0,1,1,2,6,3,1,0,0,4,3,29,2,40.4,0,0,41.0,1,1,1,1,438,21,80,335,185,477,112,345,538,1,449,1162,1057,102,143,305,499,1,1541,413,55,707,175,155,4,129,1,34:57,1
2013-14,203081,Damian Lillard,Damian,1610612757,POR,Portland Trail Blazers,0041300223,2014-05-10T00:00:00,POR vs. SAS,L,43.02,7,21,0.333,0,6,0.0,7,7,1.0,1,2,3,9,2,1,0,0,1,4,21,-8,39.1,0,0,35.0,1,944,944,944,86,226,60,1129,731,128,731,82,133,1,449,860,831,30,298,305,499,1,394,272,196,1487,203,155,4,238,1,43:01,1
2013-14,202083,Wesley Matthews,Wesley,1610612757,POR,Portland Trail Blazers,0041300223,2014-05-10T00:00:00,POR vs. SAS,L,39.71666666666667,6,14,0.429,4,10,0.4,6,7,0.857,0,4,4,1,1,2,0,0,4,4,22,-10,33.3,0,0,35.0,1,944,944,944,202,330,271,891,31,10,430,117,133,439,924,457,643,791,618,115,499,1,1541,272,166,1568,342,155,4,238,1,39:43,1
2013-14,200746,LaMarcus Aldridge,LaMarcus,1610612757,POR,Portland Trail Blazers,0041300223,2014-05-10T00:00:00,POR vs. SAS,L,39.166666666666664,9,23,0.391,0,0,0.0,3,4,0.75,3,9,12,1,2,0,0,0,4,6,21,-7,34.9,1,0,34.0,1,944,944,944,229,101,28,1037,731,1136,731,345,347,542,114,47,58,791,298,784,499,1,1541,102,196,1440,293,1,4,258,1,39:10,1
2013-14,2207,Joe Johnson,Joe,1610612751,BKN,Brooklyn Nets,0041300213,2014-05-10T00:00:00,BKN vs. MIA,W,34.38166666666667,7,10,0.7,5,7,0.714,0,0,0.0,1,2,3,6,2,0,0,1,1,1,19,17,29.6,0,0,33.0,1,1,1,1,462,226,537,196,14,67,107,998,1036,998,449,860,831,102,298,784,499,1343,394,915,247,100,437,155,4,276,1,34:23,1
2013-14,1495,Tim Duncan,Tim,1610612759,SAS,San Antonio Spurs,0041300223,2014-05-10T00:00:00,SAS @ POR,W,39.67,8,18,0.444,0,0,0.0,3,3,1.0,2,5,7,4,1,1,0,0,3,3,19,8,35.4,0,0,32.0,1,1,1,1,206,152,125,849,731,1136,731,345,538,1,226,320,285,237,618,305,499,1,1177,413,247,374,279,155,4,311,1,39:40,1
2013-14,2548,Dwyane Wade,Dwyane,1610612748,MIA,Miami Heat,0041300213,2014-05-10T00:00:00,MIA @ BKN,L,35.75,9,18,0.5,0,2,0.0,2,4,0.5,0,2,2,3,2,3,0,0,4,3,20,-10,33.9,0,0,31.0,1,944,944,944,401,101,125,534,731,651,731,500,347,751,924,860,1057,363,298,43,499,1,1541,413,218,1568,323,155,4,354,1,35:45,1
2013-14,202695,Kawhi Leonard,Kawhi,1610612759,SAS,San Antonio Spurs,0041300223,2014-05-10T00:00:00,SAS @ POR,W,28.916666666666668,4,10,0.4,1,3,0.333,7,7,1.0,0,10,10,0,0,1,0,0,4,6,16,3,31.0,1,0,29.0,1,1,1,1,698,599,537,970,388,477,485,82,133,1,924,29,102,1185,1096,305,499,1,1541,102,361,639,395,1,4,404,1,28:55,1
2013-14,1938,Manu Ginobili,Manu,1610612759,SAS,San Antonio Spurs,0041300223,2014-05-10T00:00:00,SAS @ POR,W,28.533333333333335,2,8,0.25,0,3,0.0,10,10,1.0,0,4,4,5,2,2,0,0,1,5,14,24,30.3,0,0,27.0,1,1,1,1,714,987,710,1349,731,477,731,18,43,1,924,457,643,151,298,115,499,1,394,175,495,24,412,155,4,468,1,28:32,1
2013-14,101114,Deron Williams,Deron,1610612751,BKN,Brooklyn Nets,0041300213,2014-05-10T00:00:00,BKN vs. MIA,W,39.66,3,11,0.273,1,2,0.5,2,2,1.0,1,2,3,11,2,1,0,3,2,2,9,18,30.1,0,0,26.0,1,1,1,1,207,783,459,1332,388,651,201,500,621,1,449,860,831,11,298,305,499,1865,801,610,777,83,417,155,4,506,1,39:40,1
2013-14,101154,Andray Blatche,Andray,1610612751,BKN,Brooklyn Nets,0041300213,2014-05-10T00:00:00,BKN vs. MIA,W,19.666666666666668,5,10,0.5,0,0,0.0,5,6,0.833,4,6,10,0,1,0,0,1,3,4,15,15,26.0,1,0,25.0,1,1,1,1,1085,458,537,534,731,1136,731,166,180,458,62,198,102,1185,618,784,499,1343,1177,272,427,138,566,1,4,543,1,19:40,1
2013-14,2547,Chris Bosh,Chris,1610612748,MIA,Miami Heat,0041300213,2014-05-10T00:00:00,MIA @ BKN,L,37.14333333333333,5,11,0.455,0,2,0.0,2,3,0.667,3,2,5,0,0,1,3,0,2,3,12,-5,30.0,0,0,25.0,1,944,944,944,328,458,459,821,731,651,731,500,538,646,114,860,496,1185,1096,305,29,1,801,413,601,1316,423,155,4,543,1,37:09,1
2013-14,1718,Paul Pierce,Paul,1610612751,BKN,Brooklyn Nets,0041300213,2014-05-10T00:00:00,BKN vs. MIA,W,28.69333333333333,5,10,0.5,2,3,0.667,2,3,0.667,0,4,4,1,3,2,0,0,5,5,14,8,23.3,0,0,25.0,1,1,1,1,707,458,537,534,185,477,112,500,538,646,924,457,643,791,143,115,499,1,1747,175,495,374,660,155,4,543,1,28:42,1
2013-14,2733,Shaun Livingston,Shaun,1610612751,BKN,Brooklyn Nets,0041300213,2014-05-10T00:00:00,BKN vs. MIA,W,29.826666666666668,5,9,0.556,1,1,1.0,1,2,0.5,0,4,4,5,0,1,0,0,2,4,12,5,27.3,0,0,24.0,1,1,1,1,652,458,622,455,388,887,1,783,621,751,924,457,643,151,1096,305,499,1,801,272,601,522,521,155,4,582,1,29:50,1
2013-14,203141,Mirza Teletovic,Mirza,1610612751,BKN,Brooklyn Nets,0041300213,2014-05-10T00:00:00,BKN vs. MIA,W,19.30666666666667,4,7,0.571,4,7,0.571,0,0,0.0,1,5,6,0,3,1,0,0,4,0,12,6,19.2,0,0,24.0,1,1,1,1,1103,599,811,418,31,67,187,998,1036,998,449,320,388,1185,143,305,499,1,1541,1301,601,482,819,155,4,582,1,19:18,1
2013-14,201577,Robin Lopez,Robin,1610612757,POR,Portland Trail Blazers,0041300223,2014-05-10T00:00:00,POR vs. SAS,L,36.836666666666666,4,5,0.8,0,0,0.0,5,7,0.714,2,5,7,3,3,0,0,0,5,6,13,-10,22.9,0,0,23.0,1,944,944,944,344,599,1021,119,731,1136,731,166,133,632,226,320,285,363,143,784,499,1,1747,102,552,1568,677,155,4,619,1,36:50,1
2013-14,201168,Tiago Splitter,Tiago,1610612759,SAS,San Antonio Spurs,0041300223,2014-05-10T00:00:00,SAS @ POR,W,26.45,4,4,1.0,0,0,0.0,1,1,1.0,1,6,7,3,0,0,0,0,2,1,9,-5,21.9,0,0,19.0,1,1,1,1,806,599,1145,1,731,1136,731,783,968,1,449,198,285,363,1096,784,499,1,801,915,777,1316,705,155,4,773,1,26:27,1
2013-14,2564,Boris Diaw,Boris,1610612759,SAS,San Antonio Spurs,0041300223,2014-05-10T00:00:00,SAS @ POR,W,23.366666666666667,4,6,0.667,0,0,0.0,1,1,1.0,2,3,5,2,1,1,0,0,4,2,9,22,20.0,0,0,18.0,1,1,1,1,936,599,915,209,731,1136,731,783,968,1,226,632,496,529,618,305,499,1,1541,610,777,43,782,155,4,815,1,23:22,1
2013-14,708,Kevin Garnett,Kevin,1610612751,BKN,Brooklyn Nets,0041300213,2014-05-10T00:00:00,BKN vs. MIA,W,22.8,5,6,0.833,0,0,0.0,0,0,0.0,1,6,7,1,1,0,0,0,2,0,10,-1,18.9,0,0,18.0,1,1,1,1,958,458,915,112,731,1136,731,998,1036,998,449,198,285,791,618,784,499,1,801,1301,720,1010,827,155,4,815,1,22:48,1
2013-14,201988,Patty Mills,Patty,1610612759,SAS,San Antonio Spurs,0041300223,2014-05-10T00:00:00,SAS @ POR,W,12.446666666666667,4,8,0.5,2,4,0.5,0,0,0.0,0,1,1,1,0,1,0,0,2,0,10,15,15.7,0,0,16.0,1,1,1,1,1400,599,710,534,185,336,201,998,1036,998,924,1162,1328,791,1096,305,499,1,801,1301,720,138,951,155,4,901,1,12:27,1
2013-14,201980,Danny Green,Danny,1610612759,SAS,San Antonio Spurs,0041300223,2014-05-10T00:00:00,SAS @ POR,W,19.89666666666667,2,7,0.286,1,5,0.2,0,0,0.0,0,3,3,0,0,2,0,0,2,0,5,-2,14.6,0,0,13.0,1,1,1,1,1075,987,811,1299,388,226,669,998,1036,998,924,632,831,1185,1096,115,499,1,801,1301,1095,1106,1009,155,4,1036,1,19:54,1
2013-14,2592,James Jones,James,1610612748,MIA,Miami Heat,0041300213,2014-05-10T00:00:00,MIA @ BKN,L,8.733333333333333,3,3,1.0,3,3,1.0,0,0,0.0,0,1,1,0,0,0,0,0,3,1,9,4,10.2,0,0,13.0,1,944,944,944,1533,783,1273,1,75,477,1,998,1036,998,924,1162,1328,1185,1096,784,499,1,1177,915,777,576,1218,155,4,1036,1,8:44,1
2013-14,951,Ray Allen,Ray,1610612748,MIA,Miami Heat,0041300213,2014-05-10T00:00:00,MIA @ BKN,L,27.676666666666666,2,6,0.333,0,1,0.0,5,6,0.833,1,1,2,1,0,0,0,1,1,4,9,-7,12.9,0,0,12.0,1,944,944,944,759,987,915,1129,731,887,731,166,180,458,449,1162,1057,791,1096,784,499,1343,394,272,777,1440,1090,155,4,1085,1,27:41,1
2013-14,101187,Alan Anderson,Alan,1610612751,BKN,Brooklyn Nets,0041300213,2014-05-10T00:00:00,BKN vs. MIA,W,17.89,3,6,0.5,2,4,0.5,0,0,0.0,0,1,1,1,2,0,0,1,3,1,8,4,8.7,0,0,12.0,1,1,1,1,1173,783,915,534,185,336,201,998,1036,998,924,1162,1328,791,298,784,499,1343,1177,915,858,576,1304,155,4,1085,1,17:53,1
2013-14,2365,Chris Andersen,Chris,1610612748,MIA,Miami Heat,0041300213,2014-05-10T00:00:00,MIA @ BKN,L,14.683333333333334,0,0,0.0,0,0,0.0,2,2,1.0,0,4,4,0,2,0,2,0,3,1,2,-13,10.8,0,0,10.0,1,944,944,944,1308,1505,1728,1505,731,1136,731,500,621,1,924,457,643,1185,298,784,70,1,1177,915,1377,1687,1196,155,4,1187,1,14:41,1
2013-14,1905,Andrei Kirilenko,Andrei,1610612751,BKN,Brooklyn Nets,0041300213,2014-05-10T00:00:00,BKN vs. MIA,W,18.995,1,1,1.0,0,0,0.0,1,2,0.5,1,2,3,1,0,1,0,0,0,2,3,10,11.1,0,0,9.0,1,1,1,1,1119,1208,1565,1,731,1136,731,783,621,751,449,860,831,791,1096,305,499,1,1,610,1282,294,1181,155,4,1237,1,18:60,1
2013-14,201158,Marco Belinelli,Marco,1610612759,SAS,San Antonio Spurs,0041300223,2014-05-10T00:00:00,SAS @ POR,W,16.166666666666668,2,5,0.4,1,3,0.333,0,0,0.0,0,0,0,1,0,1,0,0,2,0,5,5,9.5,0,0,9.0,1,1,1,1,1237,987,1021,970,388,477,485,998,1036,998,924,1520,1606,791,1096,305,499,1,801,1301,1095,522,1255,155,4,1237,1,16:10,1
2013-14,201596,Mario Chalmers,Mario,1610612748,MIA,Miami Heat,0041300213,2014-05-10T00:00:00,MIA @ BKN,L,25.76,1,3,0.333,1,2,0.5,0,0,0.0,0,1,1,2,2,1,0,0,1,1,3,-18,8.2,0,0,9.0,1,944,944,944,832,1208,1273,1129,388,651,201,998,1036,998,924,1162,1328,529,298,305,499,1,394,915,1282,1808,1331,155,4,1237,1,25:46,1
2013-14,1740,Rashard Lewis,Rashard,1610612748,MIA,Miami Heat,0041300213,2014-05-10T00:00:00,MIA @ BKN,L,10.716666666666667,1,3,0.333,0,2,0.0,0,0,0.0,0,2,2,0,0,1,0,0,2,0,2,-5,7.4,0,0,6.0,1,944,944,944,1471,1208,1273,1129,731,651,731,998,1036,998,924,860,1057,1185,1096,305,499,1,801,1301,1377,1316,1364,155,4,1399,1,10:43,1
2013-14,202708,Norris Cole,Norris,1610612748,MIA,Miami Heat,0041300213,2014-05-10T00:00:00,MIA @ BKN,L,16.756666666666668,1,3,0.333,1,3,0.333,0,0,0.0,0,0,0,2,1,0,0,0,0,1,3,3,5.0,0,0,6.0,1,944,944,944,1221,1208,1273,1129,388,477,485,998,1036,998,924,1520,1606,529,618,784,499,1,1,915,1282,639,1480,155,4,1399,1,16:45,1
2013-14,201977,Marcus Thornton,Marcus,1610612751,BKN,Brooklyn Nets,0041300213,2014-05-10T00:00:00,BKN vs. MIA,W,5.666666666666667,0,2,0.0,0,1,0.0,2,2,1.0,0,1,1,0,0,0,1,0,1,1,2,-4,6.2,0,0,5.0,1,1,1,1,1640,1505,1415,1505,731,887,731,500,621,1,924,1162,1328,1185,1096,784,171,1,394,915,1377,1256,1425,155,4,1446,1,5:40,1
2013-14,2203,Shane Battier,Shane,1610612748,MIA,Miami Heat,0041300213,2014-05-10T00:00:00,MIA @ BKN,L,20.213333333333335,1,4,0.25,0,2,0.0,0,0,0.0,0,1,1,0,1,1,0,0,2,3,2,-11,5.2,0,0,5.0,1,944,944,944,1062,1208,1145,1349,731,651,731,998,1036,998,924,1162,1328,1185,618,305,499,1,801,413,1377,1612,1471,155,4,1446,1,20:13,1
2013-14,203468,CJ McCollum,CJ,1610612757,POR,Portland Trail Blazers,0041300223,2014-05-10T00:00:00,POR vs. SAS,L,1.6,1,1,1.0,0,0,0.0,2,2,1.0,0,0,0,0,0,0,0,0,0,1,4,2,4.0,0,0,4.0,1,944,944,944,1813,1208,1565,1,731,1136,731,500,621,1,924,1520,1606,1185,1096,784,499,1,1,915,1173,707,1538,155,4,1505,1,1:36,1
2013-14,201964,Victor Claver,Victor,1610612757,POR,Portland Trail Blazers,0041300223,2014-05-10T00:00:00,POR vs. SAS,L,4.166666666666667,0,0,0.0,0,0,0.0,0,4,0.0,0,4,4,0,1,0,0,0,0,2,0,-2,3.8,0,0,4.0,1,944,944,944,1695,1505,1728,1505,731,1136,731,998,347,998,924,457,643,1185,618,784,499,1,1,610,1567,1106,1555,155,4,1505,1,4:10,1
2013-14,201965,Jeff Ayres,Jeff,1610612759,SAS,San Antonio Spurs,0041300223,2014-05-10T00:00:00,SAS @ POR,W,1.6,1,1,1.0,0,0,0.0,0,0,0.0,1,0,1,0,0,0,0,0,0,0,2,-2,3.2,0,0,3.0,1,1,1,1,1813,1208,1565,1,731,1136,731,998,1036,998,449,1520,1328,1185,1096,784,499,1,1,1301,1377,1106,1574,155,4,1573,1,1:36,1
2013-14,203080,Thomas Robinson,Thomas,1610612757,POR,Portland Trail Blazers,0041300223,2014-05-10T00:00:00,POR vs. SAS,L,8.786666666666667,0,3,0.0,0,0,0.0,0,0,0.0,0,0,0,2,0,0,0,0,2,0,0,-6,3.0,0,0,2.0,1,944,944,944,1531,1505,1273,1505,731,1136,731,998,1036,998,924,1520,1606,529,1096,784,499,1,801,1301,1567,1382,1593,155,4,1628,1,8:47,1
2013-14,2748,Dorell Wright,Dorell,1610612757,POR,Portland Trail Blazers,0041300223,2014-05-10T00:00:00,POR vs. SAS,L,3.763333333333333,1,2,0.5,0,0,0.0,0,0,0.0,0,0,0,0,0,0,0,0,0,0,2,-9,2.0,0,0,2.0,1,944,944,944,1709,1208,1415,534,731,1136,731,998,1036,998,924,1520,1606,1185,1096,784,499,1,1,1301,1377,1528,1652,155,4,1628,1,3:46,1
2013-14,202709,Cory Joseph,Cory,1610612759,SAS,San Antonio Spurs,0041300223,2014-05-10T00:00:00,SAS @ POR,W,1.5666666666666667,0,1,0.0,0,0,0.0,0,0,0.0,0,0,0,1,0,0,0,0,0,0,0,0,1.5,0,0,1.0,1,1,1,1,1825,1505,1565,1505,731,1136,731,998,1036,998,924,1520,1606,791,1096,784,499,1,1,1301,1567,882,1680,155,4,1690,1,1:34,1
2013-14,203086,Meyers Leonard,Meyers,1610612757,POR,Portland Trail Blazers,0041300223,2014-05-10T00:00:00,POR vs. SAS,L,1.6,0,0,0.0,0,0,0.0,0,0,0.0,0,1,1,0,0,0,0,0,0,0,0,2,1.2,0,0,1.0,1,944,944,944,1813,1505,1728,1505,731,1136,731,998,1036,998,924,1162,1328,1185,1096,784,499,1,1,1301,1567,707,1694,155,4,1690,1,1:36,1
2013-14,2617,Udonis Haslem,Udonis,1610612748,MIA,Miami Heat,0041300213,2014-05-10T00:00:00,MIA @ BKN,L,0.9733333333333334,0,1,0.0,0,0,0.0,0,0,0.0,1,0,1,0,0,0,0,0,0,0,0,2,1.2,0,0,1.0,1,944,944,944,1844,1505,1565,1505,731,1136,731,998,1036,998,449,1520,1328,1185,1096,784,499,1,1,1301,1567,707,1694,155,4,1690,1,0:58,1
2013-14,2588,Matt Bonner,Matt,1610612759,SAS,San Antonio Spurs,0041300223,2014-05-10T00:00:00,SAS @ POR,W,1.6,0,0,0.0,0,0,0.0,0,0,0.0,1,0,1,0,0,0,0,0,0,0,0,-2,1.2,0,0,1.0,1,1,1,1,1813,1505,1728,1505,731,1136,731,998,1036,998,449,1520,1328,1185,1096,784,499,1,1,1301,1567,1106,1694,155,4,1690,1,1:36,1
2013-14,203486,Mason Plumlee,Mason,1610612751,BKN,Brooklyn Nets,0041300213,2014-05-10T00:00:00,BKN vs. MIA,W,2.14,0,0,0.0,0,0,0.0,0,0,0.0,0,1,1,0,0,0,0,0,0,0,0,-6,1.2,0,0,1.0,1,1,1,1,1797,1505,1728,1505,731,1136,731,998,1036,998,924,1162,1328,1185,1096,784,499,1,1,1301,1567,1382,1694,155,4,1690,1,2:08,1
2013-14,203115,Will Barton,Will,1610612757,POR,Portland Trail Blazers,0041300223,2014-05-10T00:00:00,POR vs. SAS,L,10.696666666666667,0,2,0.0,0,0,0.0,0,0,0.0,1,0,1,0,2,0,0,0,1,0,0,-12,-0.8,0,0,1.0,1,944,944,944,1472,1505,1415,1505,731,1136,731,998,1036,998,449,1520,1328,1185,298,784,499,1,394,1301,1567,1660,1899,155,4,1690,1,10:42,1
2013-14,203382,Aron Baynes,Aron,1610612759,SAS,San Antonio Spurs,0041300223,2014-05-10T00:00:00,SAS @ POR,W,4.833333333333333,0,1,0.0,0,0,0.0,0,0,0.0,0,0,0,0,0,0,0,0,1,0,0,7,0.0,0,0,0.0,1,1,1,1,1662,1505,1565,1505,731,1136,731,998,1036,998,924,1520,1606,1185,1096,784,499,1,394,1301,1567,430,1769,155,4,1775,1,4:50,1
2013-14,201563,Michael Beasley,Michael,1610612748,MIA,Miami Heat,0041300213,2014-05-10T00:00:00,MIA @ BKN,L,0.9733333333333334,0,1,0.0,0,0,0.0,0,0,0.0,0,0,0,0,0,0,0,0,0,0,0,2,0.0,0,0,0.0,1,944,944,944,1844,1505,1565,1505,731,1136,731,998,1036,998,924,1520,1606,1185,1096,784,499,1,1,1301,1567,707,1769,155,4,1775,1,0:58,1
2013-14,200777,Joel Freeland,Joel,1610612757,POR,Portland Trail Blazers,0041300223,2014-05-10T00:00:00,POR vs. SAS,L,1.6,0,0,0.0,0,0,0.0,0,0,0.0,0,0,0,0,0,0,0,0,0,0,0,2,0.0,0,0,0.0,1,944,944,944,1813,1505,1728,1505,731,1136,731,998,1036,998,924,1520,1606,1185,1096,784,499,1,1,1301,1567,707,1769,155,4,1775,1,1:36,1
2013-14,201962,Toney Douglas,Toney,1610612748,MIA,Miami Heat,0041300213,2014-05-10T00:00:00,MIA @ BKN,L,0.9733333333333334,0,0,0.0,0,0,0.0,0,0,0.0,0,0,0,0,0,0,0,0,0,0,0,2,0.0,0,0,0.0,1,944,944,944,1844,1505,1728,1505,731,1136,731,998,1036,998,924,1520,1606,1185,1096,784,499,1,1,1301,1567,707,1769,155,4,1775,1,0:58,1
2013-14,203268,Jorge Gutierrez,Jorge,1610612751,BKN,Brooklyn Nets,0041300213,2014-05-10T00:00:00,BKN vs. MIA,W,0.9733333333333334,0,0,0.0,0,0,0.0,0,0,0.0,0,0,0,0,0,0,0,0,0,0,0,-2,0.0,0,0,0.0,1,1,1,1,1844,1505,1728,1505,731,1136,731,998,1036,998,924,1520,1606,1185,1096,784,499,1,1,1301,1567,1106,1769,155,4,1775,1,0:58,1
2013-14,2248,Earl Watson,Earl,1610612757,POR,Portland Trail Blazers,0041300223,2014-05-10T00:00:00,POR vs. SAS,L,5.013333333333334,0,0,0.0,0,0,0.0,0,0,0.0,0,0,0,0,0,0,0,0,1,1,0,-5,0.0,0,0,0.0,1,944,944,944,1658,1505,1728,1505,731,1136,731,998,1036,998,924,1520,1606,1185,1096,784,499,1,394,915,1567,1316,1769,155,4,1775,1,5:01,1
2013-14,201933,Blake Griffin,Blake,1610612746,LAC,Los Angeles Clippers,0041300233,2014-05-09T00:00:00,LAC vs. OKC,L,42.26166666666666,13,22,0.591,0,1,0.0,8,9,0.889,6,2,8,4,3,1,3,2,5,9,34,-3,58.6,0,0,54.0,1,944,944,944,114,10,44,393,731,887,731,53,67,414,14,860,213,237,143,305,29,1748,1747,23,18,1183,24,155,4,29,1,42:16,1
2013-14,201142,Kevin Durant,Kevin,1610612760,OKC,Oklahoma City Thunder,0041300233,2014-05-09T00:00:00,OKC @ LAC,W,45.8,14,24,0.583,1,4,0.25,7,7,1.0,0,8,8,6,2,0,1,1,2,9,36,2,55.6,0,0,53.0,1,1,1,1,23,7,18,401,388,336,614,82,133,1,924,93,213,102,298,784,171,1343,801,23,11,707,40,155,4,32,1,45:48,1
2013-14,101108,Chris Paul,Chris,1610612746,LAC,Los Angeles Clippers,0041300233,2014-05-09T00:00:00,LAC vs. OKC,L,42.02333333333333,8,16,0.5,2,6,0.333,3,5,0.6,0,2,2,16,0,3,0,0,3,5,21,4,56.4,1,0,47.0,1,944,944,944,122,152,187,534,185,128,485,345,281,722,924,860,1057,1,1096,43,499,1,1177,175,196,576,31,1,4,74,1,42:01,1
2013-14,201566,Russell Westbrook,Russell,1610612760,OKC,Oklahoma City Thunder,0041300233,2014-05-09T00:00:00,OKC @ LAC,W,37.333333333333336,7,14,0.5,2,3,0.667,7,8,0.875,2,6,8,13,2,0,0,2,3,5,23,3,50.1,1,0,46.0,1,1,1,1,321,226,271,534,185,477,112,82,91,422,226,198,213,6,298,784,499,1748,1177,175,148,639,69,1,4,83,1,37:20,1
2013-14,202331,Paul George,Paul,1610612754,IND,Indiana Pacers,0041300203,2014-05-09T00:00:00,IND @ WAS,W,42.18333333333333,6,15,0.4,2,4,0.5,9,10,0.9,0,8,8,4,4,3,1,1,3,8,23,21,46.6,0,0,45.0,1,1,1,1,115,330,229,970,185,336,201,30,43,407,924,93,213,237,70,43,171,1343,1177,40,148,53,102,155,4,94,1,42:11,1
2013-14,2772,Trevor Ariza,Trevor,1610612764,WAS,Washington Wizards,0041300203,2014-05-09T00:00:00,WAS vs. IND,L,36.11833333333333,4,8,0.5,2,6,0.333,2,4,0.5,5,10,15,0,1,3,0,0,3,2,12,-24,38.0,1,0,35.0,1,944,944,944,379,599,710,534,185,128,485,500,347,751,30,29,14,1185,618,43,499,1,1177,610,601,1883,219,1,4,238,1,36:07,1
2013-14,202322,John Wall,John,1610612764,WAS,Washington Wizards,0041300203,2014-05-09T00:00:00,WAS vs. IND,L,40.333333333333336,6,13,0.462,0,1,0.0,3,6,0.5,0,4,4,6,7,1,1,1,3,5,15,-18,27.8,0,0,29.0,1,944,944,944,178,330,325,805,731,887,731,345,180,751,924,457,643,102,3,305,171,1343,1177,175,427,1808,502,155,4,404,1,40:20,1
2013-14,203078,Bradley Beal,Bradley,1610612764,WAS,Washington Wizards,0041300203,2014-05-09T00:00:00,WAS vs. IND,L,40.45166666666667,6,19,0.316,1,5,0.2,3,3,1.0,0,3,3,2,2,1,2,1,3,4,16,-18,29.6,0,0,28.0,1,944,944,944,175,330,101,1272,388,226,669,345,538,1,924,632,831,529,298,305,70,1343,1177,272,361,1808,437,155,4,434,1,40:27,1
2013-14,201586,Serge Ibaka,Serge,1610612760,OKC,Oklahoma City Thunder,0041300233,2014-05-09T00:00:00,OKC @ LAC,W,29.111666666666668,9,10,0.9,0,1,0.0,2,2,1.0,2,4,6,0,3,0,1,0,5,2,20,0,27.2,0,0,28.0,1,1,1,1,686,101,537,99,731,887,731,500,621,1,226,457,388,1185,143,784,171,1,1747,610,218,882,526,155,4,434,1,29:07,1
2013-14,201599,DeAndre Jordan,DeAndre,1610612746,LAC,Los Angeles Clippers,0041300233,2014-05-09T00:00:00,LAC vs. OKC,L,38.04,5,8,0.625,0,0,0.0,0,0,0.0,5,6,11,0,2,0,3,1,3,1,10,-5,30.2,1,0,27.0,1,944,944,944,285,458,710,303,731,1136,731,998,1036,998,30,198,76,1185,298,784,29,1343,1177,915,720,1316,414,1,4,468,1,38:02,1
2013-14,201588,George Hill,George,1610612754,IND,Indiana Pacers,0041300203,2014-05-09T00:00:00,IND @ WAS,W,36.233333333333334,3,6,0.5,3,5,0.6,0,0,0.0,0,4,4,5,2,3,0,0,2,2,9,23,28.3,0,0,27.0,1,1,1,1,371,783,915,534,75,226,167,998,1036,998,924,457,643,151,298,43,499,1,801,610,777,31,485,155,4,468,1,36:14,1
2013-14,201579,Roy Hibbert,Roy,1610612754,IND,Indiana Pacers,0041300203,2014-05-09T00:00:00,IND @ WAS,W,29.566666666666666,6,9,0.667,0,0,0.0,2,4,0.5,1,5,6,0,1,0,3,0,5,3,14,15,29.2,0,0,26.0,1,1,1,1,662,330,622,209,731,1136,731,500,347,751,449,320,388,1185,618,784,29,1,1747,413,495,138,453,155,4,506,1,29:34,1
2013-14,2440,Matt Barnes,Matt,1610612746,LAC,Los Angeles Clippers,0041300233,2014-05-09T00:00:00,LAC vs. OKC,L,38.25,6,13,0.462,1,6,0.167,1,2,0.5,2,3,5,1,1,1,1,0,4,1,14,2,26.5,0,0,25.0,1,944,944,944,275,330,325,805,388,128,702,783,621,751,226,632,496,791,618,305,171,1,1541,915,495,707,550,155,4,543,1,38:15,1
2013-14,2037,Jamal Crawford,Jamal,1610612746,LAC,Los Angeles Clippers,0041300233,2014-05-09T00:00:00,LAC vs. OKC,L,24.991666666666667,6,18,0.333,1,5,0.2,7,7,1.0,0,1,1,2,0,0,0,2,1,5,20,-6,24.2,0,0,24.0,1,944,944,944,871,330,125,1129,388,226,669,82,133,1,924,1162,1328,529,1096,784,499,1748,394,175,218,1382,633,155,4,582,1,24:60,1
2013-14,2561,David West,David,1610612754,IND,Indiana Pacers,0041300203,2014-05-09T00:00:00,IND @ WAS,W,33.36833333333333,6,14,0.429,0,1,0.0,0,0,0.0,0,3,3,4,0,1,1,1,3,0,12,27,27.6,0,0,23.0,1,1,1,1,510,330,271,891,731,887,731,998,1036,998,924,632,831,237,1096,305,171,1343,1177,1301,601,14,510,155,4,619,1,33:22,1
2013-14,202362,Lance Stephenson,Lance,1610612754,IND,Indiana Pacers,0041300203,2014-05-09T00:00:00,IND @ WAS,W,34.75,4,13,0.308,1,3,0.333,0,1,0.0,1,6,7,5,1,0,0,2,2,2,9,21,23.9,0,0,22.0,1,1,1,1,449,599,325,1278,388,477,485,998,968,998,449,198,285,151,618,784,499,1748,801,610,777,53,648,155,4,657,1,34:45,1
2013-14,2406,Caron Butler,Caron,1610612760,OKC,Oklahoma City Thunder,0041300233,2014-05-09T00:00:00,OKC @ LAC,W,22.375,4,10,0.4,3,5,0.6,3,3,1.0,0,2,2,0,1,0,0,1,2,1,14,8,15.4,0,0,19.0,1,1,1,1,979,599,537,970,75,226,167,345,538,1,924,860,1057,1185,618,784,499,1343,801,915,495,374,965,155,4,773,1,22:23,1
2013-14,203500,Steven Adams,Steven,1610612760,OKC,Oklahoma City Thunder,0041300233,2014-05-09T00:00:00,OKC @ LAC,W,17.555,2,4,0.5,0,0,0.0,0,0,0.0,4,5,9,0,0,0,2,1,1,1,4,1,20.8,0,0,17.0,1,1,1,1,1185,987,1145,534,731,1136,731,998,1036,998,62,320,151,1185,1096,784,70,1343,394,915,1173,796,746,155,4,852,1,17:33,1
2013-14,2449,Luis Scola,Luis,1610612754,IND,Indiana Pacers,0041300203,2014-05-09T00:00:00,IND @ WAS,W,14.631666666666666,4,8,0.5,1,1,1.0,2,2,1.0,0,3,3,0,0,1,0,0,1,3,11,-5,17.6,0,0,17.0,1,1,1,1,1313,599,710,534,388,887,1,500,621,1,924,632,831,1185,1096,305,499,1,394,413,669,1316,872,155,4,852,1,14:38,1
2013-14,202704,Reggie Jackson,Reggie,1610612760,OKC,Oklahoma City Thunder,0041300233,2014-05-09T00:00:00,OKC @ LAC,W,30.4,5,8,0.625,0,2,0.0,4,6,0.667,0,1,1,1,2,0,0,0,4,6,14,10,14.7,0,0,16.0,1,1,1,1,628,458,710,303,731,651,731,230,180,646,924,1162,1328,791,298,784,499,1,1541,102,495,294,1002,155,4,901,1,30:24,1
2013-14,2403,Nene,ene,1610612764,WAS,Washington Wizards,0041300203,2014-05-09T00:00:00,WAS vs. IND,L,33.766666666666666,3,14,0.214,0,0,0.0,2,6,0.333,1,2,3,0,3,0,2,2,2,4,8,-14,14.6,0,0,15.0,1,944,944,944,489,783,271,1436,731,1136,731,500,180,970,449,860,831,1185,143,784,70,1748,801,272,858,1721,1009,155,4,947,1,33:46,1
2013-14,101162,Marcin Gortat,Marcin,1610612764,WAS,Washington Wizards,0041300203,2014-05-09T00:00:00,WAS vs. IND,L,30.25,2,7,0.286,0,0,0.0,0,0,0.0,0,10,10,0,2,0,0,1,2,1,4,-17,14.0,0,0,14.0,1,944,944,944,632,987,811,1299,731,1136,731,998,1036,998,924,29,102,1185,298,784,499,1343,801,915,1173,1789,1031,155,4,992,1,30:15,1
2013-14,101133,Ian Mahinmi,Ian,1610612754,IND,Indiana Pacers,0041300203,2014-05-09T00:00:00,IND @ WAS,W,18.433333333333334,0,0,0.0,0,0,0.0,2,2,1.0,2,5,7,0,0,1,1,0,2,1,2,7,16.4,0,0,13.0,1,1,1,1,1142,1505,1728,1505,731,1136,731,500,621,1,226,320,285,1185,1096,305,171,1,801,915,1377,430,928,155,4,1036,1,18:26,1
2013-14,2570,Kendrick Perkins,Kendrick,1610612760,OKC,Oklahoma City Thunder,0041300233,2014-05-09T00:00:00,OKC @ LAC,W,22.433333333333334,2,5,0.4,0,0,0.0,0,0,0.0,1,2,3,2,3,1,1,2,3,0,4,2,13.6,0,0,13.0,1,1,1,1,973,987,1021,970,731,1136,731,998,1036,998,449,860,831,529,143,305,171,1748,1177,1301,1173,707,1048,155,4,1036,1,22:26,1
2013-14,2555,Nick Collison,Nick,1610612760,OKC,Oklahoma City Thunder,0041300233,2014-05-09T00:00:00,OKC @ LAC,W,9.513333333333334,1,1,1.0,0,0,0.0,0,0,0.0,1,3,4,2,0,0,1,0,1,1,2,5,12.8,0,0,10.0,1,1,1,1,1507,1208,1565,1,731,1136,731,998,1036,998,449,632,643,529,1096,784,171,1,394,915,1377,522,1094,155,4,1187,1,9:31,1
2013-14,2400,Drew Gooden,Drew,1610612764,WAS,Washington Wizards,0041300203,2014-05-09T00:00:00,WAS vs. IND,L,17.333333333333332,0,1,0.0,0,0,0.0,1,2,0.5,2,4,6,0,0,1,0,0,3,2,1,2,11.2,0,0,9.0,1,944,944,944,1197,1505,1565,1505,731,1136,731,783,621,751,226,457,388,1185,1096,305,499,1,1177,610,1541,707,1173,155,4,1237,1,17:20,1
2013-14,200755,JJ Redick,JJ,1610612746,LAC,Los Angeles Clippers,0041300233,2014-05-09T00:00:00,LAC vs. OKC,L,21.588333333333335,1,6,0.167,1,4,0.25,2,2,1.0,0,3,3,0,0,0,0,0,1,2,5,3,8.6,0,0,9.0,1,944,944,944,1012,1208,915,1471,388,336,614,500,621,1,924,632,831,1185,1096,784,499,1,394,610,1095,639,1307,155,4,1237,1,21:35,1
2013-14,202323,Evan Turner,Evan,1610612754,IND,Indiana Pacers,0041300203,2014-05-09T00:00:00,IND @ WAS,W,17.533333333333335,2,6,0.333,0,0,0.0,0,0,0.0,0,2,2,1,1,0,0,0,2,1,4,-2,6.9,0,0,7.0,1,1,1,1,1186,987,915,1129,731,1136,731,998,1036,998,924,860,1057,791,618,784,499,1,801,915,1173,1106,1388,155,4,1343,1,17:32,1
2013-14,200757,Thabo Sefolosha,Thabo,1610612760,OKC,Oklahoma City Thunder,0041300233,2014-05-09T00:00:00,OKC @ LAC,W,14.65,0,2,0.0,0,2,0.0,1,2,0.5,0,2,2,2,0,0,0,0,2,1,1,-5,6.4,0,0,5.0,1,1,1,1,1312,1505,1415,1505,731,651,731,783,621,751,924,860,1057,529,1096,784,499,1,801,915,1541,1316,1414,155,4,1446,1,14:39,1
2013-14,201175,Glen Davis,Glen,1610612746,LAC,Los Angeles Clippers,0041300233,2014-05-09T00:00:00,LAC vs. OKC,L,10.508333333333333,1,1,1.0,0,0,0.0,0,0,0.0,1,1,2,1,0,0,0,0,4,0,2,-12,5.9,0,0,5.0,1,944,944,944,1478,1208,1565,1,731,1136,731,998,1036,998,449,1162,1057,791,1096,784,499,1,1541,1301,1377,1660,1439,155,4,1446,1,10:31,1
2013-14,202066,Garrett Temple,Garrett,1610612764,WAS,Washington Wizards,0041300203,2014-05-09T00:00:00,WAS vs. IND,L,2.4983333333333335,1,1,1.0,1,1,1.0,0,0,0.0,0,0,0,0,0,0,0,0,0,0,3,-2,3.0,0,0,4.0,1,944,944,944,1770,1208,1565,1,388,887,1,998,1036,998,924,1520,1606,1185,1096,784,499,1,1,1301,1282,1106,1593,155,4,1505,1,2:30,1
2013-14,201162,Jared Dudley,Jared,1610612746,LAC,Los Angeles Clippers,0041300233,2014-05-09T00:00:00,LAC vs. OKC,L,7.903333333333333,1,3,0.333,1,2,0.5,0,0,0.0,0,0,0,0,0,0,0,0,2,0,3,-4,3.0,0,0,4.0,1,944,944,944,1558,1208,1273,1129,388,651,201,998,1036,998,924,1520,1606,1185,1096,784,499,1,801,1301,1282,1256,1593,155,4,1505,1,7:54,1
2013-14,101122,Danny Granger,Danny,1610612746,LAC,Los Angeles Clippers,0041300233,2014-05-09T00:00:00,LAC vs. OKC,L,3.45,1,2,0.5,1,1,1.0,0,0,0.0,0,0,0,0,0,0,0,0,2,0,3,-5,3.0,0,0,4.0,1,944,944,944,1724,1208,1415,534,388,887,1,998,1036,998,924,1520,1606,1185,1096,784,499,1,801,1301,1282,1316,1593,155,4,1505,1,3:27,1
2013-14,202344,Trevor Booker,Trevor,1610612764,WAS,Washington Wizards,0041300203,2014-05-09T00:00:00,WAS vs. IND,L,4.416666666666667,0,0,0.0,0,0,0.0,0,0,0.0,0,2,2,1,0,0,0,0,2,0,0,-2,3.9,0,0,3.0,1,944,944,944,1686,1505,1728,1505,731,1136,731,998,1036,998,924,860,1057,791,1096,784,499,1,801,1301,1567,1106,1551,155,4,1573,1,4:25,1
2013-14,201228,C.J. Watson,C.J.,1610612754,IND,Indiana Pacers,0041300203,2014-05-09T00:00:00,IND @ WAS,W,11.766666666666667,0,3,0.0,0,1,0.0,1,2,0.5,0,2,2,0,0,0,0,1,0,2,1,-1,3.4,0,0,3.0,1,1,1,1,1432,1505,1273,1505,731,887,731,783,621,751,924,860,1057,1185,1096,784,499,1343,1,610,1541,1010,1569,155,4,1573,1,11:46,1
2013-14,1733,Al Harrington,Al,1610612764,WAS,Washington Wizards,0041300203,2014-05-09T00:00:00,WAS vs. IND,L,8.7,1,2,0.5,0,1,0.0,0,0,0.0,1,0,1,0,0,0,0,0,1,1,2,-9,3.2,0,0,3.0,1,944,944,944,1534,1208,1415,534,731,887,731,998,1036,998,449,1520,1328,1185,1096,784,499,1,394,915,1377,1528,1574,155,4,1573,1,8:42,1
2013-14,201954,Darren Collison,Darren,1610612746,LAC,Los Angeles Clippers,0041300233,2014-05-09T00:00:00,LAC vs. OKC,L,10.983333333333333,0,4,0.0,0,1,0.0,0,0,0.0,0,1,1,1,0,0,0,1,1,0,0,-4,2.7,0,0,2.0,1,944,944,944,1459,1505,1145,1505,731,887,731,998,1036,998,924,1162,1328,791,1096,784,499,1343,394,1301,1567,1256,1620,155,4,1628,1,10:59,1
2013-14,1889,Andre Miller,Andre,1610612764,WAS,Washington Wizards,0041300203,2014-05-09T00:00:00,WAS vs. IND,L,6.133333333333334,1,3,0.333,0,0,0.0,0,0,0.0,0,0,0,0,2,0,0,0,0,0,2,0,0.0,0,0,2.0,1,944,944,944,1624,1208,1273,1129,731,1136,731,998,1036,998,924,1520,1606,1185,298,784,499,1,1,1301,1377,882,1769,155,4,1628,1,6:08,1
2013-14,2446,Rasual Butler,Rasual,1610612754,IND,Indiana Pacers,0041300203,2014-05-09T00:00:00,IND @ WAS,W,1.5333333333333334,0,0,0.0,0,0,0.0,0,0,0.0,0,0,0,1,0,0,0,0,0,0,0,4,1.5,0,0,1.0,1,1,1,1,1826,1505,1728,1505,731,1136,731,998,1036,998,924,1520,1606,791,1096,784,499,1,1,1301,1567,576,1680,155,4,1690,1,1:32,1
2013-14,101110,Martell Webster,Martell,1610612764,WAS,Washington Wizards,0041300203,2014-05-09T00:00:00,WAS vs. IND,L,16.93166666666667,0,3,0.0,0,2,0.0,0,0,0.0,0,0,0,1,0,0,0,0,3,1,0,0,1.5,0,0,1.0,1,944,944,944,1216,1505,1273,1505,731,651,731,998,1036,998,924,1520,1606,791,1096,784,499,1,1177,915,1567,882,1680,155,4,1690,1,16:56,1
2013-14,202338,Kevin Seraphin,Kevin,1610612764,WAS,Washington Wizards,0041300203,2014-05-09T00:00:00,WAS vs. IND,L,1.5333333333333334,0,1,0.0,0,0,0.0,0,0,0.0,1,0,1,0,0,0,0,1,0,0,0,-4,1.2,0,0,1.0,1,944,944,944,1826,1505,1565,1505,731,1136,731,998,1036,998,449,1520,1328,1185,1096,784,499,1343,1,1301,1567,1256,1694,155,4,1690,1,1:32,1
2013-14,965,Derek Fisher,Derek,1610612760,OKC,Oklahoma City Thunder,0041300233,2014-05-09T00:00:00,OKC @ LAC,W,10.828333333333333,0,1,0.0,0,0,0.0,0,0,0.0,0,1,1,0,1,0,0,0,0,0,0,4,0.2,0,0,1.0,1,1,1,1,1468,1505,1565,1505,731,1136,731,998,1036,998,924,1162,1328,1185,618,784,499,1,1,1301,1567,576,1757,155,4,1690,1,10:50,1
2013-14,203490,Otto Porter Jr.,Otto,1610612764,WAS,Washington Wizards,0041300203,2014-05-09T00:00:00,WAS vs. IND,L,1.5333333333333334,0,1,0.0,0,0,0.0,0,0,0.0,0,0,0,0,0,0,0,0,0,0,0,-4,0.0,0,0,0.0,1,944,944,944,1826,1505,1565,1505,731,1136,731,998,1036,998,924,1520,1606,1185,1096,784,499,1,1,1301,1567,1256,1769,155,4,1775,1,1:32,1
2013-14,202695,Kawhi Leonard,Kawhi,1610612759,SAS,San Antonio Spurs,0041300222,2014-05-08T00:00:00,SAS vs. POR,W,28.133333333333333,8,9,0.889,4,4,1.0,0,0,0.0,0,5,5,0,0,2,2,1,3,1,20,13,38.0,0,0,37.0,1,1,1,1,733,152,622,101,31,336,1,998,1036,998,924,320,496,1185,1096,115,70,1343,1177,915,218,188,219,155,4,204,1,28:08,1
2013-14,201587,Nicolas Batum,Nicolas,1610612757,POR,Portland Trail Blazers,0041300222,2014-05-08T00:00:00,POR @ SAS,L,44.36666666666667,9,13,0.692,3,5,0.6,0,0,0.0,1,8,9,2,5,1,0,0,2,1,21,-11,32.8,0,0,37.0,1,944,944,944,48,101,325,204,75,226,167,998,1036,998,449,93,151,529,29,305,499,1,801,915,196,1612,352,155,4,204,1,44:22,1
2013-14,2544,LeBron James,LeBron,1610612748,MIA,Miami Heat,0041300212,2014-05-08T00:00:00,MIA vs. BKN,W,39.11666666666667,9,18,0.5,0,3,0.0,4,6,0.667,0,4,4,3,2,2,1,0,2,6,22,6,38.3,0,0,35.0,1,1,1,1,235,101,125,534,731,477,731,230,180,646,924,457,643,363,298,115,171,1,801,102,166,482,215,155,4,238,1,39:07,1
2013-14,2548,Dwyane Wade,Dwyane,1610612748,MIA,Miami Heat,0041300212,2014-05-08T00:00:00,MIA vs. BKN,W,35.45,4,11,0.364,0,1,0.0,6,6,1.0,1,6,7,7,2,2,1,0,3,3,14,7,39.9,0,0,34.0,1,1,1,1,417,599,459,1094,731,887,731,117,180,1,449,198,285,64,298,115,171,1,1177,413,495,430,189,155,4,258,1,35:27,1
2013-14,2225,Tony Parker,Tony,1610612759,SAS,San Antonio Spurs,0041300222,2014-05-08T00:00:00,SAS vs. POR,W,37.516666666666666,8,19,0.421,0,2,0.0,0,2,0.0,1,4,5,10,2,1,0,0,2,2,16,12,38.0,1,0,33.0,1,1,1,1,312,152,101,943,731,651,731,998,621,998,449,457,496,16,298,305,499,1,801,610,361,210,219,1,4,276,1,37:31,1
2013-14,200746,LaMarcus Aldridge,LaMarcus,1610612757,POR,Portland Trail Blazers,0041300222,2014-05-08T00:00:00,POR @ SAS,L,41.233333333333334,6,23,0.261,0,0,0.0,4,4,1.0,3,7,10,3,4,1,1,2,2,4,16,-11,34.5,1,0,33.0,1,944,944,944,145,330,28,1348,731,1136,731,230,347,1,114,144,102,363,70,305,171,1748,801,272,361,1612,301,1,4,276,1,41:14,1
2013-14,1938,Manu Ginobili,Manu,1610612759,SAS,San Antonio Spurs,0041300222,2014-05-08T00:00:00,SAS vs. POR,W,27.14666666666667,7,18,0.389,2,4,0.5,0,0,0.0,0,5,5,4,4,3,0,1,4,2,16,11,33.0,0,0,33.0,1,1,1,1,785,226,125,1040,185,336,201,998,1036,998,924,320,496,237,70,43,499,1343,1541,610,361,248,348,155,4,276,1,27:09,1
2013-14,203081,Damian Lillard,Damian,1610612757,POR,Portland Trail Blazers,0041300222,2014-05-08T00:00:00,POR @ SAS,L,41.21666666666667,8,20,0.4,1,6,0.167,2,2,1.0,0,5,5,5,1,1,0,2,1,4,19,-12,34.5,0,0,32.0,1,944,944,944,147,152,80,970,388,128,702,500,621,1,924,320,496,151,618,305,499,1748,394,272,247,1660,301,155,4,311,1,41:13,1
2013-14,2547,Chris Bosh,Chris,1610612748,MIA,Miami Heat,0041300212,2014-05-08T00:00:00,MIA vs. BKN,W,36.71666666666667,7,13,0.538,1,4,0.25,3,4,0.75,3,3,6,0,1,0,3,1,0,3,18,7,33.2,0,0,31.0,1,1,1,1,346,226,325,499,388,336,614,345,347,542,114,632,388,1185,618,784,29,1343,1,413,279,430,345,155,4,354,1,36:43,1
2013-14,951,Ray Allen,Ray,1610612748,MIA,Miami Heat,0041300212,2014-05-08T00:00:00,MIA vs. BKN,W,27.816666666666666,5,8,0.625,3,5,0.6,0,0,0.0,2,6,8,2,1,1,1,1,3,1,13,14,30.6,0,0,30.0,1,1,1,1,749,458,710,303,75,226,167,998,1036,998,226,198,213,529,618,305,171,1343,1177,915,552,163,404,155,4,378,1,27:49,1
2013-14,203141,Mirza Teletovic,Mirza,1610612751,BKN,Brooklyn Nets,0041300212,2014-05-08T00:00:00,BKN @ MIA,L,25.583333333333332,7,12,0.583,6,9,0.667,0,0,0.0,0,2,2,0,2,0,0,1,0,0,20,-5,20.4,0,0,28.0,1,944,944,944,840,226,391,401,7,23,112,998,1036,998,924,860,1057,1185,298,784,499,1343,1,1301,218,1316,765,155,4,434,1,25:35,1
2013-14,202083,Wesley Matthews,Wesley,1610612757,POR,Portland Trail Blazers,0041300222,2014-05-08T00:00:00,POR @ SAS,L,38.18333333333333,6,12,0.5,2,4,0.5,0,0,0.0,1,6,7,4,2,0,0,1,3,2,14,-20,26.4,0,0,27.0,1,944,944,944,278,330,391,534,185,336,201,998,1036,998,449,198,285,237,298,784,499,1343,1177,610,495,1842,552,155,4,468,1,38:11,1
2013-14,201168,Tiago Splitter,Tiago,1610612759,SAS,San Antonio Spurs,0041300222,2014-05-08T00:00:00,SAS vs. POR,W,31.203333333333333,5,10,0.5,0,0,0.0,0,4,0.0,4,6,10,2,1,1,1,1,3,4,10,14,30.0,1,0,26.0,1,1,1,1,601,458,537,534,731,1136,731,998,347,998,62,198,102,529,618,305,171,1343,1177,272,720,163,423,1,4,506,1,31:12,1
2013-14,1495,Tim Duncan,Tim,1610612759,SAS,San Antonio Spurs,0041300222,2014-05-08T00:00:00,SAS vs. POR,W,34.916666666666664,4,10,0.4,0,0,0.0,2,4,0.5,3,3,6,3,0,0,3,0,0,3,10,9,30.7,0,0,25.0,1,1,1,1,440,599,537,970,731,1136,731,500,347,751,114,632,388,363,1096,784,29,1,1,413,720,334,402,155,4,543,1,34:55,1
2013-14,708,Kevin Garnett,Kevin,1610612751,BKN,Brooklyn Nets,0041300212,2014-05-08T00:00:00,BKN @ MIA,L,20.733333333333334,2,8,0.25,0,1,0.0,0,0,0.0,5,7,12,3,3,3,0,0,1,1,4,-11,28.9,0,0,25.0,1,944,944,944,1047,987,710,1349,731,887,731,998,1036,998,30,144,58,363,143,43,499,1,394,915,1173,1612,464,155,4,543,1,20:44,1
2013-14,2733,Shaun Livingston,Shaun,1610612751,BKN,Brooklyn Nets,0041300212,2014-05-08T00:00:00,BKN @ MIA,L,32.61666666666667,6,9,0.667,0,0,0.0,3,4,0.75,1,4,5,3,3,0,1,1,2,4,15,-2,25.5,0,0,25.0,1,944,944,944,542,330,622,209,731,1136,731,345,347,542,449,457,496,363,143,784,171,1343,801,272,427,1106,590,155,4,543,1,32:37,1
2013-14,2207,Joe Johnson,Joe,1610612751,BKN,Brooklyn Nets,0041300212,2014-05-08T00:00:00,BKN @ MIA,L,39.1,6,14,0.429,0,4,0.0,1,2,0.5,0,4,4,3,0,1,1,0,1,1,13,-13,28.3,0,0,24.0,1,944,944,944,236,330,271,891,731,336,731,783,621,751,924,457,643,363,1096,305,171,1,394,915,552,1687,485,155,4,582,1,39:06,1
2013-14,201596,Mario Chalmers,Mario,1610612748,MIA,Miami Heat,0041300212,2014-05-08T00:00:00,MIA vs. BKN,W,34.333333333333336,4,7,0.571,2,3,0.667,1,2,0.5,0,1,1,5,1,1,1,0,3,1,11,17,24.7,0,0,23.0,1,1,1,1,465,599,811,418,185,477,112,783,621,751,924,1162,1328,151,618,305,171,1,1177,915,669,100,619,155,4,619,1,34:20,1
2013-14,201577,Robin Lopez,Robin,1610612757,POR,Portland Trail Blazers,0041300222,2014-05-08T00:00:00,POR @ SAS,L,30.933333333333334,3,10,0.3,0,0,0.0,2,2,1.0,7,2,9,0,0,0,2,3,4,2,8,-23,24.8,0,0,21.0,1,944,944,944,610,783,537,1286,731,1136,731,500,621,1,7,860,151,1185,1096,784,70,1865,1541,610,858,1876,614,155,4,693,1,30:56,1
2013-14,1718,Paul Pierce,Paul,1610612751,BKN,Brooklyn Nets,0041300212,2014-05-08T00:00:00,BKN @ MIA,L,34.1,5,11,0.455,2,4,0.5,1,2,0.5,0,4,4,2,2,0,0,1,3,1,13,-11,18.8,0,0,21.0,1,944,944,944,474,458,459,821,185,336,201,783,621,751,924,457,643,529,298,784,499,1343,1177,915,552,1612,830,155,4,693,1,34:06,1
2013-14,201980,Danny Green,Danny,1610612759,SAS,San Antonio Spurs,0041300222,2014-05-08T00:00:00,SAS vs. POR,W,22.783333333333335,3,7,0.429,2,5,0.4,0,0,0.0,0,3,3,3,0,0,2,0,1,0,8,11,22.1,0,0,20.0,1,1,1,1,959,783,811,891,185,226,430,998,1036,998,924,632,831,363,1096,784,70,1,394,1301,858,248,698,155,4,731,1,22:47,1
2013-14,2564,Boris Diaw,Boris,1610612759,SAS,San Antonio Spurs,0041300222,2014-05-08T00:00:00,SAS vs. POR,W,21.13,5,6,0.833,1,1,1.0,1,1,1.0,1,3,4,2,0,0,0,0,3,1,12,1,19.8,0,0,19.0,1,1,1,1,1027,458,915,112,388,887,1,783,968,1,449,632,643,529,1096,784,499,1,1177,915,601,796,792,155,4,773,1,21:08,1
2013-14,201158,Marco Belinelli,Marco,1610612759,SAS,San Antonio Spurs,0041300222,2014-05-08T00:00:00,SAS vs. POR,W,21.786666666666665,4,5,0.8,2,3,0.667,3,3,1.0,1,0,1,1,0,0,0,0,0,5,13,9,15.7,0,0,17.0,1,1,1,1,999,599,1021,119,185,477,112,345,538,1,449,1520,1328,791,1096,784,499,1,1,175,552,334,951,155,4,852,1,21:47,1
2013-14,203115,Will Barton,Will,1610612757,POR,Portland Trail Blazers,0041300222,2014-05-08T00:00:00,POR @ SAS,L,11.8,5,5,1.0,1,1,1.0,2,2,1.0,1,0,1,0,0,0,0,0,3,1,13,-2,14.2,0,0,15.0,1,944,944,944,1429,458,1021,1,388,887,1,500,621,1,449,1520,1328,1185,1096,784,499,1,1177,915,552,1106,1023,155,4,947,1,11:48,1
2013-14,101114,Deron Williams,Deron,1610612751,BKN,Brooklyn Nets,0041300212,2014-05-08T00:00:00,BKN @ MIA,L,36.516666666666666,0,9,0.0,0,2,0.0,0,0,0.0,1,6,7,6,2,0,0,2,1,2,0,-18,15.4,0,0,13.0,1,944,944,944,355,1505,622,1505,731,651,731,998,1036,998,449,198,285,102,298,784,499,1748,394,610,1567,1808,965,155,4,1036,1,36:31,1
2013-14,201977,Marcus Thornton,Marcus,1610612751,BKN,Brooklyn Nets,0041300212,2014-05-08T00:00:00,BKN @ MIA,L,18.45,5,10,0.5,0,2,0.0,0,2,0.0,3,0,3,0,0,0,0,2,1,1,10,-9,13.6,0,0,13.0,1,944,944,944,1138,458,537,534,731,651,731,998,621,998,114,1520,831,1185,1096,784,499,1748,394,915,720,1528,1048,155,4,1036,1,18:27,1
2013-14,1740,Rashard Lewis,Rashard,1610612748,MIA,Miami Heat,0041300212,2014-05-08T00:00:00,MIA vs. BKN,W,20.2,2,4,0.5,2,3,0.667,0,0,0.0,0,3,3,0,0,1,0,0,0,0,6,14,12.6,0,0,13.0,1,1,1,1,1063,987,1145,534,185,477,112,998,1036,998,924,632,831,1185,1096,305,499,1,1,1301,1001,163,1102,155,4,1036,1,20:12,1
2013-14,101187,Alan Anderson,Alan,1610612751,BKN,Brooklyn Nets,0041300212,2014-05-08T00:00:00,BKN @ MIA,L,17.316666666666666,1,3,0.333,0,2,0.0,3,4,0.75,2,2,4,1,0,1,0,0,2,3,5,6,14.3,0,0,12.0,1,944,944,944,1199,1208,1273,1129,731,651,731,345,347,542,226,860,643,791,1096,305,499,1,801,413,1095,482,1019,155,4,1085,1,17:19,1
2013-14,202708,Norris Cole,Norris,1610612748,MIA,Miami Heat,0041300212,2014-05-08T00:00:00,MIA vs. BKN,W,17.15,2,4,0.5,1,3,0.333,0,0,0.0,0,3,3,0,1,1,0,0,2,1,5,-4,10.6,0,0,11.0,1,1,1,1,1206,987,1145,534,388,477,485,998,1036,998,924,632,831,1185,618,305,499,1,801,915,1095,1256,1201,155,4,1128,1,17:09,1
2013-14,201988,Patty Mills,Patty,1610612759,SAS,San Antonio Spurs,0041300222,2014-05-08T00:00:00,SAS vs. POR,W,9.586666666666666,3,3,1.0,1,1,1.0,0,0,0.0,0,1,1,2,1,0,0,0,0,0,7,5,10.2,0,0,11.0,1,1,1,1,1503,783,1273,1,388,887,1,998,1036,998,924,1162,1328,529,618,784,499,1,1,1301,944,522,1218,155,4,1128,1,9:35,1
2013-14,2365,Chris Andersen,Chris,1610612748,MIA,Miami Heat,0041300212,2014-05-08T00:00:00,MIA vs. BKN,W,9.866666666666667,1,3,0.333,0,0,0.0,0,0,0.0,0,3,3,0,0,1,0,1,0,0,2,2,8.6,0,0,7.0,1,1,1,1,1495,1208,1273,1129,731,1136,731,998,1036,998,924,632,831,1185,1096,305,499,1343,1,1301,1377,707,1307,155,4,1343,1,9:52,1
2013-14,203486,Mason Plumlee,Mason,1610612751,BKN,Brooklyn Nets,0041300212,2014-05-08T00:00:00,BKN @ MIA,L,10.983333333333333,1,2,0.5,0,0,0.0,0,0,0.0,1,1,2,1,1,0,1,0,4,1,2,2,7.9,0,0,7.0,1,944,944,944,1459,1208,1415,534,731,1136,731,998,1036,998,449,1162,1057,791,618,784,171,1,1541,915,1377,707,1344,155,4,1343,1,10:59,1
2013-14,2203,Shane Battier,Shane,1610612748,MIA,Miami Heat,0041300212,2014-05-08T00:00:00,MIA vs. BKN,W,19.35,1,3,0.333,1,2,0.5,0,0,0.0,0,1,1,0,0,1,0,0,1,0,3,-3,7.2,0,0,7.0,1,1,1,1,1099,1208,1273,1129,388,651,201,998,1036,998,924,1162,1328,1185,1096,305,499,1,394,1301,1282,1183,1378,155,4,1343,1,19:21,1
2013-14,203080,Thomas Robinson,Thomas,1610612757,POR,Portland Trail Blazers,0041300222,2014-05-08T00:00:00,POR @ SAS,L,13.683333333333334,1,4,0.25,0,0,0.0,0,0,0.0,1,1,2,1,0,0,0,0,1,2,2,10,5.9,0,0,5.0,1,944,944,944,1353,1208,1145,1349,731,1136,731,998,1036,998,449,1162,1057,791,1096,784,499,1,394,610,1377,294,1439,155,4,1446,1,13:41,1
2013-14,2590,Mo Williams,Mo,1610612757,POR,Portland Trail Blazers,0041300222,2014-05-08T00:00:00,POR @ SAS,L,8.883333333333333,2,3,0.667,0,0,0.0,0,0,0.0,0,0,0,0,0,0,0,0,1,1,4,-16,4.0,0,0,4.0,1,944,944,944,1526,987,1273,209,731,1136,731,998,1036,998,924,1520,1606,1185,1096,784,499,1,394,915,1173,1771,1538,155,4,1505,1,8:53,1
2013-14,201965,Jeff Ayres,Jeff,1610612759,SAS,San Antonio Spurs,0041300222,2014-05-08T00:00:00,SAS vs. POR,W,1.6333333333333333,1,1,1.0,0,0,0.0,0,0,0.0,1,0,1,0,0,0,0,0,0,0,2,0,3.2,0,0,3.0,1,1,1,1,1807,1208,1565,1,731,1136,731,998,1036,998,449,1520,1328,1185,1096,784,499,1,1,1301,1377,882,1574,155,4,1573,1,1:38,1
2013-14,2248,Earl Watson,Earl,1610612757,POR,Portland Trail Blazers,0041300222,2014-05-08T00:00:00,POR @ SAS,L,4.8,0,1,0.0,0,1,0.0,0,0,0.0,0,1,1,0,1,0,0,0,0,0,0,0,0.2,0,0,1.0,1,944,944,944,1663,1505,1565,1505,731,887,731,998,1036,998,924,1162,1328,1185,618,784,499,1,1,1301,1567,882,1757,155,4,1690,1,4:48,1
2013-14,202709,Cory Joseph,Cory,1610612759,SAS,San Antonio Spurs,0041300222,2014-05-08T00:00:00,SAS vs. POR,W,1.6333333333333333,0,2,0.0,0,0,0.0,0,0,0.0,0,0,0,0,0,0,0,0,0,0,0,0,0.0,0,0,0.0,1,1,1,1,1807,1505,1415,1505,731,1136,731,998,1036,998,924,1520,1606,1185,1096,784,499,1,1,1301,1567,882,1769,155,4,1775,1,1:38,1
2013-14,203086,Meyers Leonard,Meyers,1610612757,POR,Portland Trail Blazers,0041300222,2014-05-08T00:00:00,POR @ SAS,L,1.6333333333333333,0,0,0.0,0,0,0.0,0,0,0.0,0,0,0,0,0,0,0,0,0,0,0,0,0.0,0,0,0.0,1,944,944,944,1807,1505,1728,1505,731,1136,731,998,1036,998,924,1520,1606,1185,1096,784,499,1,1,1301,1567,882,1769,155,4,1775,1,1:38,1
2013-14,200777,Joel Freeland,Joel,1610612757,POR,Portland Trail Blazers,0041300222,2014-05-08T00:00:00,POR @ SAS,L,1.6333333333333333,0,0,0.0,0,0,0.0,0,0,0.0,0,0,0,0,0,0,0,0,0,0,0,0,0.0,0,0,0.0,1,944,944,944,1807,1505,1728,1505,731,1136,731,998,1036,998,924,1520,1606,1185,1096,784,499,1,1,1301,1567,882,1769,155,4,1775,1,1:38,1
2013-14,2588,Matt Bonner,Matt,1610612759,SAS,San Antonio Spurs,0041300222,2014-05-08T00:00:00,SAS vs. POR,W,0.8966666666666666,0,0,0.0,0,0,0.0,0,0,0.0,0,0,0,0,0,0,0,0,0,0,0,0,0.0,0,0,0.0,1,1,1,1,1850,1505,1728,1505,731,1136,731,998,1036,998,924,1520,1606,1185,1096,784,499,1,1,1301,1567,882,1769,155,4,1775,1,0:54,1
2013-14,203468,CJ McCollum,CJ,1610612757,POR,Portland Trail Blazers,0041300222,2014-05-08T00:00:00,POR @ SAS,L,1.6333333333333333,0,2,0.0,0,1,0.0,0,0,0.0,0,0,0,0,0,0,0,0,1,0,0,0,0.0,0,0,0.0,1,944,944,944,1807,1505,1415,1505,731,887,731,998,1036,998,924,1520,1606,1185,1096,784,499,1,394,1301,1567,882,1769,155,4,1775,1,1:38,1
2013-14,203382,Aron Baynes,Aron,1610612759,SAS,San Antonio Spurs,0041300222,2014-05-08T00:00:00,SAS vs. POR,W,1.6333333333333333,0,0,0.0,0,0,0.0,0,0,0.0,0,0,0,0,0,0,0,0,1,0,0,0,0.0,0,0,0.0,1,1,1,1,1807,1505,1728,1505,731,1136,731,998,1036,998,924,1520,1606,1185,1096,784,499,1,394,1301,1567,882,1769,155,4,1775,1,1:38,1
2013-14,101154,Andray Blatche,Andray,1610612751,BKN,Brooklyn Nets,0041300212,2014-05-08T00:00:00,BKN @ MIA,L,4.6,0,0,0.0,0,0,0.0,0,0,0.0,0,0,0,0,1,0,0,0,0,0,0,1,-1.0,0,0,0.0,1,944,944,944,1670,1505,1728,1505,731,1136,731,998,1036,998,924,1520,1606,1185,618,784,499,1,1,1301,1567,796,1900,155,4,1775,1,4:36,1
2013-14,201142,Kevin Durant,Kevin,1610612760,OKC,Oklahoma City Thunder,0041300232,2014-05-07T00:00:00,OKC vs. LAC,W,43.31666666666667,10,22,0.455,3,9,0.333,9,11,0.818,3,9,12,9,4,2,0,1,4,8,32,14,61.9,1,0,60.0,1,1,1,1,77,58,44,821,75,23,485,30,34,493,114,47,58,30,70,115,499,1343,1541,40,27,163,14,1,4,9,1,43:19,1
2013-14,201566,Russell Westbrook,Russell,1610612760,OKC,Oklahoma City Thunder,0041300232,2014-05-07T00:00:00,OKC vs. LAC,W,40.766666666666666,13,22,0.591,2,4,0.5,3,5,0.6,6,4,10,10,4,3,0,0,3,7,31,14,63.0,1,1,59.0,1,1,1,1,169,10,44,393,185,336,201,345,281,722,14,457,102,16,70,43,499,1,1177,64,38,163,9,1,1,12,1,40:46,1
2013-14,201579,Roy Hibbert,Roy,1610612754,IND,Indiana Pacers,0041300202,2014-05-07T00:00:00,IND vs. WAS,W,33.475,10,13,0.769,0,0,0.0,8,8,1.0,2,7,9,1,0,0,2,0,2,8,28,16,46.3,0,0,42.0,1,1,1,1,502,58,325,142,731,1136,731,53,91,1,226,144,151,791,1096,784,70,1,801,40,69,119,106,155,4,118,1,33:29,1
2013-14,101108,Chris Paul,Chris,1610612746,LAC,Los Angeles Clippers,0041300232,2014-05-07T00:00:00,LAC @ OKC,L,31.386666666666667,6,13,0.462,2,5,0.4,3,5,0.6,3,2,5,10,3,3,0,0,5,4,17,-2,44.0,1,0,40.0,1,944,944,944,591,330,325,805,185,226,430,345,281,722,114,860,496,16,143,43,499,1,1747,272,314,1106,125,1,4,143,1,31:23,1
2013-14,203078,Bradley Beal,Bradley,1610612764,WAS,Washington Wizards,0041300202,2014-05-07T00:00:00,WAS @ IND,L,43.8,7,15,0.467,2,6,0.333,1,2,0.5,2,3,5,7,4,2,0,0,4,4,17,-8,35.5,0,0,35.0,1,944,944,944,57,226,229,801,185,128,485,783,621,751,226,632,496,64,70,115,499,1,1541,272,314,1487,276,155,4,238,1,43:48,1
2013-14,101162,Marcin Gortat,Marcin,1610612764,WAS,Washington Wizards,0041300202,2014-05-07T00:00:00,WAS @ IND,L,36.64,10,15,0.667,0,0,0.0,1,2,0.5,3,8,11,1,0,0,0,0,3,1,21,-6,35.7,1,0,33.0,1,944,944,944,349,58,229,209,731,1136,731,783,621,751,114,93,76,791,1096,784,499,1,1177,915,196,1382,274,1,4,276,1,36:38,1
2013-14,201933,Blake Griffin,Blake,1610612746,LAC,Los Angeles Clippers,0041300232,2014-05-07T00:00:00,LAC @ OKC,L,35.483333333333334,5,13,0.385,0,0,0.0,5,6,0.833,2,4,6,3,2,1,1,0,4,5,15,-19,30.7,0,0,28.0,1,944,944,944,414,458,325,1045,731,1136,731,166,180,458,226,457,388,363,298,305,171,1,1541,175,427,1829,402,155,4,434,1,35:29,1
2013-14,202362,Lance Stephenson,Lance,1610612754,IND,Indiana Pacers,0041300202,2014-05-07T00:00:00,IND vs. WAS,W,43.8,3,12,0.25,2,4,0.5,4,4,1.0,0,7,7,5,1,1,0,1,1,2,12,8,29.9,0,0,28.0,1,1,1,1,57,783,391,1349,185,336,201,230,347,1,924,144,285,151,618,305,499,1343,394,610,601,374,430,155,4,434,1,43:48,1
2013-14,201588,George Hill,George,1610612754,IND,Indiana Pacers,0041300202,2014-05-07T00:00:00,IND vs. WAS,W,32.65,6,12,0.5,1,2,0.5,1,2,0.5,0,4,4,3,0,1,1,1,2,2,14,10,29.3,0,0,26.0,1,1,1,1,541,330,391,534,388,651,201,783,621,751,924,457,643,363,1096,305,171,1343,801,610,495,294,450,155,4,506,1,32:39,1
2013-14,202331,Paul George,Paul,1610612754,IND,Indiana Pacers,0041300202,2014-05-07T00:00:00,IND vs. WAS,W,41.3,5,13,0.385,0,3,0.0,1,2,0.5,0,6,6,4,2,2,0,0,3,2,11,6,28.2,0,0,25.0,1,1,1,1,141,458,325,1045,731,477,731,783,621,751,924,198,388,237,298,115,499,1,1177,610,669,482,489,155,4,543,1,41:18,1
2013-14,201586,Serge Ibaka,Serge,1610612760,OKC,Oklahoma City Thunder,0041300232,2014-05-07T00:00:00,OKC vs. LAC,W,34.13,6,10,0.6,0,0,0.0,2,4,0.5,1,6,7,1,2,0,1,0,2,5,14,11,24.9,0,0,24.0,1,1,1,1,473,330,537,335,731,1136,731,500,347,751,449,198,285,791,298,784,171,1,801,175,495,248,610,155,4,582,1,34:08,1
2013-14,2403,Nene,ene,1610612764,WAS,Washington Wizards,0041300202,2014-05-07T00:00:00,WAS @ IND,L,35.88333333333333,7,14,0.5,0,0,0.0,0,4,0.0,0,5,5,2,1,0,1,0,2,4,14,-14,25.0,0,0,23.0,1,944,944,944,395,226,271,534,731,1136,731,998,347,998,924,320,496,529,618,784,171,1,801,272,495,1721,607,155,4,619,1,35:53,1
2013-14,200757,Thabo Sefolosha,Thabo,1610612760,OKC,Oklahoma City Thunder,0041300232,2014-05-07T00:00:00,OKC vs. LAC,W,21.753333333333334,6,9,0.667,2,5,0.4,0,0,0.0,0,0,0,1,0,3,0,0,1,0,14,12,24.5,0,0,23.0,1,1,1,1,1001,330,622,209,185,226,430,998,1036,998,924,1520,1606,791,1096,43,499,1,394,1301,495,210,625,155,4,619,1,21:45,1
2013-14,200755,JJ Redick,JJ,1610612746,LAC,Los Angeles Clippers,0041300232,2014-05-07T00:00:00,LAC @ OKC,L,29.236666666666668,7,10,0.7,2,4,0.5,2,2,1.0,0,0,0,0,0,1,0,0,0,1,18,-6,21.0,0,0,22.0,1,944,944,944,677,226,537,196,185,336,201,500,621,1,924,1520,1606,1185,1096,305,499,1,1,915,279,1382,736,155,4,657,1,29:14,1
2013-14,2772,Trevor Ariza,Trevor,1610612764,WAS,Washington Wizards,0041300202,2014-05-07T00:00:00,WAS @ IND,L,36.61666666666667,2,8,0.25,2,7,0.286,0,0,0.0,2,6,8,0,1,2,0,0,0,1,6,-8,20.6,0,0,20.0,1,944,944,944,350,987,710,1349,185,67,598,998,1036,998,226,198,213,1185,618,115,499,1,1,915,1001,1487,755,155,4,731,1,36:37,1
2013-14,2440,Matt Barnes,Matt,1610612746,LAC,Los Angeles Clippers,0041300232,2014-05-07T00:00:00,LAC @ OKC,L,28.8,4,8,0.5,3,7,0.429,0,0,0.0,1,3,4,0,1,1,0,0,4,1,11,-14,17.8,0,0,20.0,1,944,944,944,704,599,710,534,75,67,409,998,1036,998,449,632,643,1185,618,305,499,1,1541,915,669,1721,868,155,4,731,1,28:48,1
2013-14,202322,John Wall,John,1610612764,WAS,Washington Wizards,0041300202,2014-05-07T00:00:00,WAS @ IND,L,36.46666666666667,2,13,0.154,0,4,0.0,2,2,1.0,0,1,1,8,1,1,1,2,4,3,6,-7,24.2,0,0,19.0,1,944,944,944,359,987,325,1487,731,336,731,500,621,1,924,1162,1328,42,618,305,171,1748,1541,413,1001,1440,633,155,4,773,1,36:28,1
2013-14,201175,Glen Davis,Glen,1610612746,LAC,Los Angeles Clippers,0041300232,2014-05-07T00:00:00,LAC @ OKC,L,13.181666666666667,5,7,0.714,0,0,0.0,0,0,0.0,2,4,6,0,1,0,1,1,3,0,10,6,19.2,0,0,18.0,1,944,944,944,1379,458,811,184,731,1136,731,998,1036,998,226,457,388,1185,618,784,171,1343,1177,1301,720,482,819,155,4,815,1,13:11,1
2013-14,201954,Darren Collison,Darren,1610612746,LAC,Los Angeles Clippers,0041300232,2014-05-07T00:00:00,LAC @ OKC,L,21.6,4,8,0.5,0,0,0.0,5,6,0.833,1,1,2,3,1,0,0,0,1,4,13,-10,18.9,0,0,18.0,1,944,944,944,1009,599,710,534,731,1136,731,166,180,458,449,1162,1057,363,618,784,499,1,394,272,552,1568,827,155,4,815,1,21:36,1
2013-14,201599,DeAndre Jordan,DeAndre,1610612746,LAC,Los Angeles Clippers,0041300232,2014-05-07T00:00:00,LAC @ OKC,L,29.411666666666665,3,4,0.75,0,0,0.0,1,2,0.5,0,8,8,1,3,1,0,0,5,3,7,-21,18.1,0,0,18.0,1,944,944,944,669,783,1145,145,731,1136,731,783,621,751,924,93,213,791,143,305,499,1,1747,413,944,1850,853,155,4,815,1,29:25,1
2013-14,2570,Kendrick Perkins,Kendrick,1610612760,OKC,Oklahoma City Thunder,0041300232,2014-05-07T00:00:00,OKC vs. LAC,W,25.266666666666666,3,7,0.429,0,0,0.0,2,2,1.0,3,6,9,0,2,0,0,0,2,2,8,18,16.8,0,0,17.0,1,1,1,1,857,783,811,891,731,1136,731,500,621,1,114,198,151,1185,298,784,499,1,801,610,858,83,911,155,4,852,1,25:16,1
2013-14,2561,David West,David,1610612754,IND,Indiana Pacers,0041300202,2014-05-07T00:00:00,IND vs. WAS,W,37.18333333333333,3,8,0.375,0,0,0.0,3,4,0.75,1,5,6,2,3,0,0,1,3,3,9,10,16.2,0,0,17.0,1,1,1,1,327,783,710,1056,731,1136,731,345,347,542,449,320,388,529,143,784,499,1343,1177,413,777,294,935,155,4,852,1,37:11,1
2013-14,2037,Jamal Crawford,Jamal,1610612746,LAC,Los Angeles Clippers,0041300232,2014-05-07T00:00:00,LAC @ OKC,L,21.9,2,13,0.154,1,7,0.143,2,2,1.0,0,1,1,3,3,2,0,1,0,3,7,-1,15.7,0,0,16.0,1,944,944,944,995,987,325,1487,388,67,718,500,621,1,924,1162,1328,363,143,115,499,1343,1,413,944,1010,951,155,4,901,1,21:54,1
2013-14,203500,Steven Adams,Steven,1610612760,OKC,Oklahoma City Thunder,0041300232,2014-05-07T00:00:00,OKC vs. LAC,W,17.196666666666665,3,4,0.75,0,0,0.0,0,0,0.0,2,3,5,0,0,0,1,0,3,0,6,-2,15.0,0,0,13.0,1,1,1,1,1204,783,1145,145,731,1136,731,998,1036,998,226,632,496,1185,1096,784,171,1,1177,1301,1001,1106,989,155,4,1036,1,17:12,1
2013-14,101110,Martell Webster,Martell,1610612764,WAS,Washington Wizards,0041300202,2014-05-07T00:00:00,WAS @ IND,L,15.918333333333333,2,4,0.5,1,3,0.333,0,0,0.0,2,2,4,1,0,0,0,0,1,1,5,11,11.3,0,0,11.0,1,944,944,944,1252,987,1145,534,388,477,485,998,1036,998,226,860,643,791,1096,784,499,1,394,915,1095,248,1163,155,4,1128,1,15:55,1
2013-14,201228,C.J. Watson,C.J.,1610612754,IND,Indiana Pacers,0041300202,2014-05-07T00:00:00,IND vs. WAS,W,18.2,2,5,0.4,1,2,0.5,0,0,0.0,0,1,1,0,1,2,0,0,1,2,5,-9,11.2,0,0,11.0,1,1,1,1,1152,987,1021,970,388,651,201,998,1036,998,924,1162,1328,1185,618,115,499,1,394,610,1095,1528,1173,155,4,1128,1,18:12,1
2013-14,101133,Ian Mahinmi,Ian,1610612754,IND,Indiana Pacers,0041300202,2014-05-07T00:00:00,IND vs. WAS,W,14.318333333333333,3,4,0.75,0,0,0.0,0,0,0.0,1,1,2,0,0,1,0,0,2,0,6,-14,11.4,0,0,10.0,1,1,1,1,1326,783,1145,145,731,1136,731,998,1036,998,449,1162,1057,1185,1096,305,499,1,801,1301,1001,1721,1152,155,4,1187,1,14:19,1
2013-14,2400,Drew Gooden,Drew,1610612764,WAS,Washington Wizards,0041300202,2014-05-07T00:00:00,WAS @ IND,L,15.966666666666667,2,4,0.5,0,0,0.0,1,2,0.5,2,2,4,1,1,0,0,0,4,1,5,11,10.3,0,0,10.0,1,944,944,944,1249,987,1145,534,731,1136,731,783,621,751,226,860,643,791,618,784,499,1,1541,915,1095,248,1215,155,4,1187,1,15:58,1
2013-14,2584,Willie Green,Willie,1610612746,LAC,Los Angeles Clippers,0041300232,2014-05-07T00:00:00,LAC @ OKC,L,3.5,1,2,0.5,1,2,0.5,0,0,0.0,0,2,2,1,0,1,0,0,0,0,3,5,9.9,0,0,9.0,1,944,944,944,1721,1208,1415,534,388,651,201,998,1036,998,924,860,1057,791,1096,305,499,1,1,1301,1282,522,1236,155,4,1237,1,3:30,1
2013-14,2406,Caron Butler,Caron,1610612760,OKC,Oklahoma City Thunder,0041300232,2014-05-07T00:00:00,OKC vs. LAC,W,25.966666666666665,1,5,0.2,1,3,0.333,0,0,0.0,0,4,4,1,0,0,0,0,2,0,3,-13,9.3,0,0,9.0,1,1,1,1,825,1208,1021,1438,388,477,485,998,1036,998,924,457,643,791,1096,784,499,1,801,1301,1282,1687,1270,155,4,1237,1,25:58,1
2013-14,1889,Andre Miller,Andre,1610612764,WAS,Washington Wizards,0041300202,2014-05-07T00:00:00,WAS @ IND,L,11.533333333333333,3,6,0.5,0,1,0.0,0,0,0.0,0,2,2,0,1,0,0,1,2,0,6,3,7.4,0,0,8.0,1,944,944,944,1444,783,915,534,731,887,731,998,1036,998,924,860,1057,1185,618,784,499,1343,801,1301,1001,639,1364,155,4,1289,1,11:32,1
2013-14,202704,Reggie Jackson,Reggie,1610612760,OKC,Oklahoma City Thunder,0041300232,2014-05-07T00:00:00,OKC vs. LAC,W,12.8,2,5,0.4,0,0,0.0,0,0,0.0,0,3,3,1,3,0,0,0,1,0,4,4,6.1,0,0,8.0,1,1,1,1,1388,987,1021,970,731,1136,731,998,1036,998,924,632,831,791,143,784,499,1,394,1301,1173,576,1428,155,4,1289,1,12:48,1
2013-14,202344,Trevor Booker,Trevor,1610612764,WAS,Washington Wizards,0041300202,2014-05-07T00:00:00,WAS @ IND,L,7.153333333333333,1,1,1.0,0,0,0.0,0,0,0.0,0,3,3,0,0,0,1,0,1,0,2,0,8.6,0,0,7.0,1,944,944,944,1577,1208,1565,1,731,1136,731,998,1036,998,924,632,831,1185,1096,784,171,1,394,1301,1377,882,1307,155,4,1343,1,7:09,1
2013-14,202323,Evan Turner,Evan,1610612754,IND,Indiana Pacers,0041300202,2014-05-07T00:00:00,IND vs. WAS,W,8.05,0,0,0.0,0,0,0.0,0,0,0.0,0,2,2,2,0,1,0,0,0,0,0,-3,8.4,0,0,6.0,1,1,1,1,1552,1505,1728,1505,731,1136,731,998,1036,998,924,860,1057,529,1096,305,499,1,1,1301,1567,1183,1321,155,4,1399,1,8:03,1
2013-14,101122,Danny Granger,Danny,1610612746,LAC,Los Angeles Clippers,0041300232,2014-05-07T00:00:00,LAC @ OKC,L,13.066666666666666,0,1,0.0,0,1,0.0,0,0,0.0,0,0,0,1,0,1,0,0,2,0,0,1,4.5,0,0,3.0,1,944,944,944,1380,1505,1565,1505,731,887,731,998,1036,998,924,1520,1606,791,1096,305,499,1,801,1301,1567,796,1504,155,4,1573,1,13:04,1
2013-14,201162,Jared Dudley,Jared,1610612746,LAC,Los Angeles Clippers,0041300232,2014-05-07T00:00:00,LAC @ OKC,L,12.433333333333334,0,4,0.0,0,1,0.0,0,0,0.0,0,2,2,1,0,0,0,0,2,0,0,6,3.9,0,0,3.0,1,944,944,944,1401,1505,1145,1505,731,887,731,998,1036,998,924,860,1057,791,1096,784,499,1,801,1301,1567,482,1551,155,4,1573,1,12:26,1
2013-14,2449,Luis Scola,Luis,1610612754,IND,Indiana Pacers,0041300202,2014-05-07T00:00:00,IND vs. WAS,W,10.838333333333333,0,4,0.0,0,0,0.0,1,1,1.0,0,1,1,0,0,0,0,0,1,2,1,-4,2.2,0,0,2.0,1,1,1,1,1467,1505,1145,1505,731,1136,731,783,968,1,924,1162,1328,1185,1096,784,499,1,394,610,1541,1256,1644,155,4,1628,1,10:50,1
2013-14,2555,Nick Collison,Nick,1610612760,OKC,Oklahoma City Thunder,0041300232,2014-05-07T00:00:00,OKC vs. LAC,W,4.233333333333333,0,1,0.0,0,0,0.0,0,0,0.0,0,1,1,0,0,0,0,1,0,0,0,1,1.2,0,0,1.0,1,1,1,1,1693,1505,1565,1505,731,1136,731,998,1036,998,924,1162,1328,1185,1096,784,499,1343,1,1301,1567,796,1694,155,4,1690,1,4:14,1
2013-14,965,Derek Fisher,Derek,1610612760,OKC,Oklahoma City Thunder,0041300232,2014-05-07T00:00:00,OKC vs. LAC,W,13.22,0,2,0.0,0,2,0.0,0,0,0.0,0,1,1,0,0,0,0,0,3,4,0,-2,1.2,0,0,1.0,1,1,1,1,1377,1505,1415,1505,731,651,731,998,1036,998,924,1162,1328,1185,1096,784,499,1,1177,272,1567,1106,1694,155,4,1690,1,13:13,1
2013-14,203142,Chris Copeland,Chris,1610612754,IND,Indiana Pacers,0041300202,2014-05-07T00:00:00,IND vs. WAS,W,0.185,0,1,0.0,0,1,0.0,0,0,0.0,0,0,0,0,0,0,0,0,0,0,0,0,0.0,0,0,0.0,1,1,1,1,1883,1505,1565,1505,731,887,731,998,1036,998,924,1520,1606,1185,1096,784,499,1,1,1301,1567,882,1769,155,4,1775,1,0:11,1
2013-14,202066,Garrett Temple,Garrett,1610612764,WAS,Washington Wizards,0041300202,2014-05-07T00:00:00,WAS @ IND,L,0.021666666666666667,0,0,0.0,0,0,0.0,0,0,0.0,0,0,0,0,0,0,0,0,0,0,0,-2,0.0,0,0,0.0,1,944,944,944,1901,1505,1728,1505,731,1136,731,998,1036,998,924,1520,1606,1185,1096,784,499,1,1,1301,1567,1106,1769,155,4,1775,1,0:01,1
2013-14,203087,Jeremy Lamb,Jeremy,1610612760,OKC,Oklahoma City Thunder,0041300232,2014-05-07T00:00:00,OKC vs. LAC,W,1.35,0,0,0.0,0,0,0.0,0,0,0.0,0,0,0,0,1,0,0,0,0,0,0,-2,-1.0,0,0,0.0,1,1,1,1,1830,1505,1728,1505,731,1136,731,998,1036,998,924,1520,1606,1185,618,784,499,1,1,1301,1567,1106,1900,155,4,1775,1,1:21,1
2013-14,200746,LaMarcus Aldridge,LaMarcus,1610612757,POR,Portland Trail Blazers,0041300221,2014-05-06T00:00:00,POR @ SAS,L,41.416666666666664,12,25,0.48,0,0,0.0,8,9,0.889,3,11,14,0,2,2,0,0,5,6,32,-23,52.8,1,0,50.0,1,944,944,944,136,21,13,786,731,1136,731,53,67,414,114,19,24,1185,298,115,499,1,1747,102,27,1876,55,1,4,49,1,41:25,1
2013-14,2225,Tony Parker,Tony,1610612759,SAS,San Antonio Spurs,0041300221,2014-05-06T00:00:00,SAS vs. POR,W,35.83833333333333,13,24,0.542,1,1,1.0,6,7,0.857,1,2,3,9,6,1,0,1,2,5,33,27,47.1,0,0,48.0,1,1,1,1,397,10,18,498,388,887,1,117,133,439,449,860,831,30,11,305,499,1343,801,175,22,14,97,155,4,63,1,35:50,1
2013-14,202695,Kawhi Leonard,Kawhi,1610612759,SAS,San Antonio Spurs,0041300221,2014-05-06T00:00:00,SAS vs. POR,W,32.86666666666667,6,13,0.462,1,4,0.25,3,5,0.6,1,8,9,1,0,4,0,0,1,5,16,18,40.3,0,0,35.0,1,1,1,1,536,330,325,805,388,336,614,345,281,722,449,93,151,791,1096,15,499,1,394,175,361,83,179,155,4,238,1,32:52,1
2013-14,2547,Chris Bosh,Chris,1610612748,MIA,Miami Heat,0041300211,2014-05-06T00:00:00,MIA vs. BKN,W,30.55,5,11,0.455,1,4,0.25,4,5,0.8,1,10,11,3,0,0,0,0,1,3,15,11,32.7,1,0,30.0,1,1,1,1,624,458,459,821,388,336,614,230,281,498,449,29,76,363,1096,784,499,1,394,413,427,248,357,1,4,378,1,30:33,1
2013-14,2544,LeBron James,LeBron,1610612748,MIA,Miami Heat,0041300211,2014-05-06T00:00:00,MIA vs. BKN,W,36.35,10,15,0.667,0,0,0.0,2,2,1.0,1,4,5,3,1,0,0,1,2,6,22,10,31.5,0,0,30.0,1,1,1,1,364,58,229,209,731,1136,731,500,621,1,449,457,496,363,618,784,499,1343,801,102,166,294,384,155,4,378,1,36:21,1
2013-14,951,Ray Allen,Ray,1610612748,MIA,Miami Heat,0041300211,2014-05-06T00:00:00,MIA vs. BKN,W,26.316666666666666,6,10,0.6,4,7,0.571,3,3,1.0,1,3,4,3,2,0,0,0,2,2,19,10,26.3,0,0,30.0,1,1,1,1,809,330,537,335,31,67,187,345,538,1,449,632,643,363,298,784,499,1,801,610,247,294,556,155,4,378,1,26:19,1
2013-14,1495,Tim Duncan,Tim,1610612759,SAS,San Antonio Spurs,0041300221,2014-05-06T00:00:00,SAS vs. POR,W,24.416666666666668,5,9,0.556,0,0,0.0,2,2,1.0,4,7,11,1,0,0,2,1,3,2,12,15,32.7,1,0,28.0,1,1,1,1,894,458,622,455,731,1136,731,500,621,1,62,144,76,791,1096,784,70,1343,1177,610,601,138,357,1,4,434,1,24:25,1
2013-14,201158,Marco Belinelli,Marco,1610612759,SAS,San Antonio Spurs,0041300221,2014-05-06T00:00:00,SAS vs. POR,W,27.8,7,9,0.778,3,5,0.6,2,2,1.0,0,3,3,1,0,1,0,0,1,3,19,13,27.1,0,0,28.0,1,1,1,1,750,226,622,138,75,226,167,500,621,1,924,632,831,791,1096,305,499,1,394,413,247,188,531,155,4,434,1,27:48,1
2013-14,101114,Deron Williams,Deron,1610612751,BKN,Brooklyn Nets,0041300211,2014-05-06T00:00:00,BKN @ MIA,L,29.7,7,10,0.7,3,5,0.6,0,0,0.0,0,3,3,3,3,1,0,0,0,1,17,-6,25.1,0,0,28.0,1,944,944,944,655,226,537,196,75,226,167,998,1036,998,924,632,831,363,143,305,499,1,1,915,314,1382,603,155,4,434,1,29:42,1
2013-14,201577,Robin Lopez,Robin,1610612757,POR,Portland Trail Blazers,0041300221,2014-05-06T00:00:00,POR @ SAS,L,27.733333333333334,2,5,0.4,0,0,0.0,6,7,0.857,4,7,11,0,0,1,2,1,1,5,10,-19,32.2,1,0,27.0,1,944,944,944,753,987,1021,970,731,1136,731,117,133,439,62,144,76,1185,1096,305,70,1343,394,175,720,1829,371,1,4,468,1,27:44,1
2013-14,2548,Dwyane Wade,Dwyane,1610612748,MIA,Miami Heat,0041300211,2014-05-06T00:00:00,MIA vs. BKN,W,33.06666666666667,7,13,0.538,0,0,0.0,0,0,0.0,0,4,4,5,3,2,0,0,2,1,14,22,29.3,0,0,27.0,1,1,1,1,521,226,325,499,731,1136,731,998,1036,998,924,457,643,151,143,115,499,1,801,915,495,43,450,155,4,468,1,33:04,1
2013-14,2207,Joe Johnson,Joe,1610612751,BKN,Brooklyn Nets,0041300211,2014-05-06T00:00:00,BKN @ MIA,L,32.35666666666667,7,11,0.636,3,6,0.5,0,0,0.0,0,4,4,2,1,0,0,0,2,1,17,-19,23.8,0,0,26.0,1,944,944,944,551,226,459,294,75,128,201,998,1036,998,924,457,643,529,618,784,499,1,801,915,314,1829,650,155,4,506,1,32:21,1
2013-14,203081,Damian Lillard,Damian,1610612757,POR,Portland Trail Blazers,0041300221,2014-05-06T00:00:00,POR @ SAS,L,36.916666666666664,6,15,0.4,0,1,0.0,5,6,0.833,2,2,4,3,6,0,0,0,2,4,17,-16,20.3,0,0,24.0,1,944,944,944,340,330,229,970,731,887,731,166,180,458,226,860,643,363,11,784,499,1,801,272,314,1771,771,155,4,582,1,36:55,1
2013-14,2365,Chris Andersen,Chris,1610612748,MIA,Miami Heat,0041300211,2014-05-06T00:00:00,MIA vs. BKN,W,16.0,2,3,0.667,0,0,0.0,3,4,0.75,1,3,4,0,0,0,4,0,1,3,7,7,23.8,0,0,19.0,1,1,1,1,1247,987,1273,209,731,1136,731,345,347,542,449,632,643,1185,1096,784,10,1,394,413,944,430,650,155,4,773,1,16:00,1
2013-14,201596,Mario Chalmers,Mario,1610612748,MIA,Miami Heat,0041300211,2014-05-06T00:00:00,MIA vs. BKN,W,28.15,5,9,0.556,0,2,0.0,2,2,1.0,0,1,1,2,2,2,0,0,2,2,12,8,20.2,0,0,19.0,1,1,1,1,732,458,622,455,731,651,731,500,621,1,924,1162,1328,529,298,115,499,1,801,610,601,374,774,155,4,773,1,28:09,1
2013-14,203382,Aron Baynes,Aron,1610612759,SAS,San Antonio Spurs,0041300221,2014-05-06T00:00:00,SAS vs. POR,W,14.895,5,7,0.714,0,1,0.0,0,0,0.0,3,4,7,0,1,0,0,0,2,1,10,2,17.4,0,0,17.0,1,1,1,1,1301,458,811,184,731,887,731,998,1036,998,114,457,285,1185,618,784,499,1,801,915,720,707,882,155,4,852,1,14:54,1
2013-14,201168,Tiago Splitter,Tiago,1610612759,SAS,San Antonio Spurs,0041300221,2014-05-06T00:00:00,SAS vs. POR,W,29.116666666666667,2,6,0.333,0,0,0.0,1,1,1.0,3,2,5,0,0,3,0,0,4,1,5,24,20.0,0,0,16.0,1,1,1,1,684,987,915,1129,731,1136,731,783,968,1,114,860,496,1185,1096,43,499,1,1541,915,1095,24,782,155,4,901,1,29:07,1
2013-14,1718,Paul Pierce,Paul,1610612751,BKN,Brooklyn Nets,0041300211,2014-05-06T00:00:00,BKN @ MIA,L,28.956666666666667,3,8,0.375,2,4,0.5,0,0,0.0,0,6,6,0,1,0,0,0,2,1,8,-11,14.2,0,0,16.0,1,944,944,944,694,783,710,1056,185,336,201,998,1036,998,924,198,388,1185,618,784,499,1,801,915,858,1612,1023,155,4,901,1,28:57,1
2013-14,202083,Wesley Matthews,Wesley,1610612757,POR,Portland Trail Blazers,0041300221,2014-05-06T00:00:00,POR @ SAS,L,34.266666666666666,2,6,0.333,0,3,0.0,4,5,0.8,1,3,4,1,3,1,0,0,6,4,8,-19,14.3,0,0,15.0,1,944,944,944,468,987,915,1129,731,477,731,230,281,498,449,632,643,791,143,305,499,1,1865,272,858,1829,1019,155,4,947,1,34:16,1
2013-14,201587,Nicolas Batum,Nicolas,1610612757,POR,Portland Trail Blazers,0041300221,2014-05-06T00:00:00,POR @ SAS,L,36.13333333333333,3,12,0.25,1,5,0.2,0,0,0.0,0,5,5,0,3,1,0,0,2,0,7,-21,13.0,0,0,15.0,1,944,944,944,377,783,391,1349,388,226,669,998,1036,998,924,320,496,1185,143,305,499,1,801,1301,944,1850,1082,155,4,947,1,36:08,1
2013-14,2733,Shaun Livingston,Shaun,1610612751,BKN,Brooklyn Nets,0041300211,2014-05-06T00:00:00,BKN @ MIA,L,32.9,4,9,0.444,0,0,0.0,1,2,0.5,0,0,0,3,0,1,0,0,0,4,9,-23,16.5,0,0,14.0,1,944,944,944,531,599,622,849,731,1136,731,783,621,751,924,1520,1606,363,1096,305,499,1,1,272,777,1876,924,155,4,992,1,32:54,1
2013-14,203115,Will Barton,Will,1610612757,POR,Portland Trail Blazers,0041300221,2014-05-06T00:00:00,POR @ SAS,L,8.35,3,4,0.75,3,3,1.0,0,0,0.0,1,1,2,0,1,0,0,0,1,0,9,-1,10.4,0,0,14.0,1,944,944,944,1542,783,1145,145,75,477,1,998,1036,998,449,1162,1057,1185,618,784,499,1,394,1301,777,1010,1206,155,4,992,1,8:21,1
2013-14,2564,Boris Diaw,Boris,1610612759,SAS,San Antonio Spurs,0041300221,2014-05-06T00:00:00,SAS vs. POR,W,20.333333333333332,2,3,0.667,1,1,1.0,1,2,0.5,1,2,3,3,1,0,0,0,3,2,6,7,13.1,0,0,13.0,1,1,1,1,1055,987,1273,209,388,887,1,783,621,751,449,860,831,363,618,784,499,1,1177,610,1001,430,1076,155,4,1036,1,20:20,1
2013-14,2203,Shane Battier,Shane,1610612748,MIA,Miami Heat,0041300211,2014-05-06T00:00:00,MIA vs. BKN,W,26.14,3,5,0.6,2,4,0.5,0,0,0.0,0,1,1,2,0,0,0,0,2,0,8,12,12.2,0,0,13.0,1,1,1,1,818,783,1021,335,185,336,201,998,1036,998,924,1162,1328,529,1096,784,499,1,801,1301,858,210,1121,155,4,1036,1,26:08,1
2013-14,201988,Patty Mills,Patty,1610612759,SAS,San Antonio Spurs,0041300221,2014-05-06T00:00:00,SAS vs. POR,W,11.833333333333334,3,5,0.6,1,1,1.0,3,3,1.0,0,0,0,0,1,1,0,0,1,2,10,2,12.0,0,0,13.0,1,1,1,1,1427,783,1021,335,388,887,1,345,538,1,924,1520,1606,1185,618,305,499,1,394,610,720,707,1128,155,4,1036,1,11:50,1
2013-14,201977,Marcus Thornton,Marcus,1610612751,BKN,Brooklyn Nets,0041300211,2014-05-06T00:00:00,BKN @ MIA,L,20.75,5,9,0.556,1,3,0.333,0,0,0.0,0,1,1,0,2,0,0,0,1,0,11,-11,10.2,0,0,13.0,1,944,944,944,1046,458,622,455,388,477,485,998,1036,998,924,1162,1328,1185,298,784,499,1,394,1301,669,1612,1218,155,4,1036,1,20:45,1
2013-14,1905,Andrei Kirilenko,Andrei,1610612751,BKN,Brooklyn Nets,0041300211,2014-05-06T00:00:00,BKN @ MIA,L,12.526666666666667,1,2,0.5,0,0,0.0,3,4,0.75,1,1,2,1,0,1,1,1,3,2,5,2,14.9,0,0,12.0,1,944,944,944,1396,1208,1415,534,731,1136,731,345,347,542,449,1162,1057,791,1096,305,171,1343,1177,610,1095,707,993,155,4,1085,1,12:32,1
2013-14,2590,Mo Williams,Mo,1610612757,POR,Portland Trail Blazers,0041300221,2014-05-06T00:00:00,POR @ SAS,L,27.666666666666668,3,11,0.273,0,3,0.0,0,0,0.0,1,0,1,4,4,0,0,1,4,0,6,-16,9.2,0,0,11.0,1,944,944,944,761,783,459,1332,731,477,731,998,1036,998,449,1520,1328,237,70,784,499,1343,1541,1301,1001,1771,1275,155,4,1128,1,27:40,1
2013-14,202708,Norris Cole,Norris,1610612748,MIA,Miami Heat,0041300211,2014-05-06T00:00:00,MIA vs. BKN,W,22.333333333333332,2,3,0.667,2,3,0.667,0,0,0.0,0,2,2,1,1,0,0,0,2,0,6,11,8.9,0,0,11.0,1,1,1,1,980,987,1273,209,185,477,112,998,1036,998,924,860,1057,791,618,784,499,1,801,1301,1001,248,1296,155,4,1128,1,22:20,1
2013-14,1938,Manu Ginobili,Manu,1610612759,SAS,San Antonio Spurs,0041300221,2014-05-06T00:00:00,SAS vs. POR,W,18.466666666666665,0,6,0.0,0,2,0.0,2,2,1.0,0,3,3,5,3,0,0,0,0,2,2,8,10.1,0,0,10.0,1,1,1,1,1136,1505,915,1505,731,651,731,500,621,1,924,632,831,151,143,784,499,1,1,610,1377,374,1231,155,4,1187,1,18:28,1
2013-14,101187,Alan Anderson,Alan,1610612751,BKN,Brooklyn Nets,0041300211,2014-05-06T00:00:00,BKN @ MIA,L,19.116666666666667,2,7,0.286,0,3,0.0,2,3,0.667,1,1,2,1,0,0,0,0,3,3,6,-8,9.9,0,0,9.0,1,944,944,944,1109,987,811,1299,731,477,731,500,538,646,449,1162,1057,791,1096,784,499,1,1177,413,1001,1487,1236,155,4,1237,1,19:07,1
2013-14,101154,Andray Blatche,Andray,1610612751,BKN,Brooklyn Nets,0041300211,2014-05-06T00:00:00,BKN @ MIA,L,11.966666666666667,1,4,0.25,0,0,0.0,2,2,1.0,3,1,4,1,1,0,0,1,1,2,4,-4,9.3,0,0,9.0,1,944,944,944,1422,1208,1145,1349,731,1136,731,500,621,1,114,1162,643,791,618,784,499,1343,394,610,1173,1256,1270,155,4,1237,1,11:58,1
2013-14,203141,Mirza Teletovic,Mirza,1610612751,BKN,Brooklyn Nets,0041300211,2014-05-06T00:00:00,BKN @ MIA,L,19.043333333333333,2,5,0.4,1,3,0.333,0,2,0.0,0,2,2,0,0,0,0,0,1,1,5,-10,7.4,0,0,8.0,1,944,944,944,1116,987,1021,970,388,477,485,998,621,998,924,860,1057,1185,1096,784,499,1,394,915,1095,1568,1364,155,4,1289,1,19:03,1
2013-14,203486,Mason Plumlee,Mason,1610612751,BKN,Brooklyn Nets,0041300211,2014-05-06T00:00:00,BKN @ MIA,L,14.433333333333334,1,3,0.333,0,0,0.0,0,0,0.0,0,3,3,0,2,1,0,2,3,0,2,-8,6.6,0,0,7.0,1,944,944,944,1320,1208,1273,1129,731,1136,731,998,1036,998,924,632,831,1185,298,305,499,1748,1177,1301,1377,1487,1405,155,4,1343,1,14:26,1
2013-14,708,Kevin Garnett,Kevin,1610612751,BKN,Brooklyn Nets,0041300211,2014-05-06T00:00:00,BKN @ MIA,L,15.766666666666667,0,2,0.0,0,0,0.0,0,0,0.0,0,4,4,0,1,1,0,0,2,0,0,-5,6.8,0,0,6.0,1,944,944,944,1263,1505,1415,1505,731,1136,731,998,1036,998,924,457,643,1185,618,305,499,1,801,1301,1567,1316,1397,155,4,1399,1,15:46,1
2013-14,202709,Cory Joseph,Cory,1610612759,SAS,San Antonio Spurs,0041300221,2014-05-06T00:00:00,SAS vs. POR,W,3.0833333333333335,1,2,0.5,0,0,0.0,1,1,1.0,0,0,0,0,0,1,0,0,0,1,3,-1,6.0,0,0,5.0,1,1,1,1,1737,1208,1415,534,731,1136,731,783,968,1,924,1520,1606,1185,1096,305,499,1,1,915,1282,1010,1430,155,4,1446,1,3:05,1
2013-14,2617,Udonis Haslem,Udonis,1610612748,MIA,Miami Heat,0041300211,2014-05-06T00:00:00,MIA vs. BKN,W,2.216666666666667,1,1,1.0,0,0,0.0,0,0,0.0,0,3,3,0,0,0,0,0,1,0,2,3,5.6,0,0,5.0,1,1,1,1,1780,1208,1565,1,731,1136,731,998,1036,998,924,632,831,1185,1096,784,499,1,394,1301,1377,639,1450,155,4,1446,1,2:13,1
2013-14,203080,Thomas Robinson,Thomas,1610612757,POR,Portland Trail Blazers,0041300221,2014-05-06T00:00:00,POR @ SAS,L,9.066666666666666,0,0,0.0,0,0,0.0,2,2,1.0,1,2,3,0,0,0,0,0,3,1,2,-4,5.6,0,0,5.0,1,944,944,944,1522,1505,1728,1505,731,1136,731,500,621,1,449,860,831,1185,1096,784,499,1,1177,915,1377,1256,1450,155,4,1446,1,9:04,1
2013-14,201563,Michael Beasley,Michael,1610612748,MIA,Miami Heat,0041300211,2014-05-06T00:00:00,MIA vs. BKN,W,2.216666666666667,1,1,1.0,0,0,0.0,0,0,0.0,0,1,1,1,0,0,0,0,1,1,2,3,4.7,0,0,4.0,1,1,1,1,1780,1208,1565,1,731,1136,731,998,1036,998,924,1162,1328,791,1096,784,499,1,394,915,1377,639,1490,155,4,1505,1,2:13,1
2013-14,201980,Danny Green,Danny,1610612759,SAS,San Antonio Spurs,0041300221,2014-05-06T00:00:00,SAS vs. POR,W,15.183333333333334,0,3,0.0,0,1,0.0,0,0,0.0,0,1,1,0,0,1,0,0,4,1,0,7,4.2,0,0,3.0,1,1,1,1,1290,1505,1273,1505,731,887,731,998,1036,998,924,1162,1328,1185,1096,305,499,1,1541,915,1567,430,1522,155,4,1573,1,15:11,1
2013-14,2748,Dorell Wright,Dorell,1610612757,POR,Portland Trail Blazers,0041300221,2014-05-06T00:00:00,POR @ SAS,L,4.533333333333333,0,0,0.0,0,0,0.0,1,2,0.5,0,0,0,0,0,1,0,0,0,1,1,-3,4.0,0,0,3.0,1,944,944,944,1679,1505,1728,1505,731,1136,731,783,621,751,924,1520,1606,1185,1096,305,499,1,1,915,1541,1183,1538,155,4,1573,1,4:32,1
2013-14,203268,Jorge Gutierrez,Jorge,1610612751,BKN,Brooklyn Nets,0041300211,2014-05-06T00:00:00,BKN @ MIA,L,2.4833333333333334,0,0,0.0,0,0,0.0,2,4,0.5,1,0,1,0,0,0,0,0,0,2,2,-2,3.2,0,0,3.0,1,944,944,944,1771,1505,1728,1505,731,1136,731,500,347,751,449,1520,1328,1185,1096,784,499,1,1,610,1377,1106,1574,155,4,1573,1,2:29,1
2013-14,1740,Rashard Lewis,Rashard,1610612748,MIA,Miami Heat,0041300211,2014-05-06T00:00:00,MIA vs. BKN,W,12.226666666666667,0,2,0.0,0,2,0.0,0,0,0.0,0,1,1,1,1,0,0,0,1,0,0,2,1.7,0,0,2.0,1,1,1,1,1411,1505,1415,1505,731,651,731,998,1036,998,924,1162,1328,791,618,784,499,1,394,1301,1567,707,1676,155,4,1628,1,12:14,1
2013-14,2592,James Jones,James,1610612748,MIA,Miami Heat,0041300211,2014-05-06T00:00:00,MIA vs. BKN,W,2.216666666666667,0,1,0.0,0,1,0.0,0,0,0.0,0,0,0,1,0,0,0,0,0,0,0,3,1.5,0,0,1.0,1,1,1,1,1780,1505,1565,1505,731,887,731,998,1036,998,924,1520,1606,791,1096,784,499,1,1,1301,1567,639,1680,155,4,1690,1,2:13,1
2013-14,2248,Earl Watson,Earl,1610612757,POR,Portland Trail Blazers,0041300221,2014-05-06T00:00:00,POR @ SAS,L,3.0833333333333335,0,0,0.0,0,0,0.0,0,0,0.0,0,0,0,1,0,0,0,0,0,0,0,1,1.5,0,0,1.0,1,944,944,944,1737,1505,1728,1505,731,1136,731,998,1036,998,924,1520,1606,791,1096,784,499,1,1,1301,1567,796,1680,155,4,1690,1,3:05,1
2013-14,201965,Jeff Ayres,Jeff,1610612759,SAS,San Antonio Spurs,0041300221,2014-05-06T00:00:00,SAS vs. POR,W,3.0833333333333335,0,0,0.0,0,0,0.0,0,0,0.0,0,0,0,1,0,0,0,0,0,0,0,-1,1.5,0,0,1.0,1,1,1,1,1737,1505,1728,1505,731,1136,731,998,1036,998,924,1520,1606,791,1096,784,499,1,1,1301,1567,1010,1680,155,4,1690,1,3:05,1
2013-14,203086,Meyers Leonard,Meyers,1610612757,POR,Portland Trail Blazers,0041300221,2014-05-06T00:00:00,POR @ SAS,L,3.0833333333333335,0,2,0.0,0,0,0.0,0,0,0.0,0,1,1,0,0,0,0,0,1,0,0,1,1.2,0,0,1.0,1,944,944,944,1737,1505,1415,1505,731,1136,731,998,1036,998,924,1162,1328,1185,1096,784,499,1,394,1301,1567,796,1694,155,4,1690,1,3:05,1
2013-14,203468,CJ McCollum,CJ,1610612757,POR,Portland Trail Blazers,0041300221,2014-05-06T00:00:00,POR @ SAS,L,4.666666666666667,0,1,0.0,0,1,0.0,0,0,0.0,0,1,1,0,0,0,0,0,0,0,0,-1,1.2,0,0,1.0,1,944,944,944,1668,1505,1565,1505,731,887,731,998,1036,998,924,1162,1328,1185,1096,784,499,1,1,1301,1567,1010,1694,155,4,1690,1,4:40,1
2013-14,200777,Joel Freeland,Joel,1610612757,POR,Portland Trail Blazers,0041300221,2014-05-06T00:00:00,POR @ SAS,L,3.0833333333333335,0,1,0.0,0,0,0.0,0,0,0.0,1,0,1,0,1,0,0,0,0,0,0,1,0.2,0,0,1.0,1,944,944,944,1737,1505,1565,1505,731,1136,731,998,1036,998,449,1520,1328,1185,618,784,499,1,1,1301,1567,796,1757,155,4,1690,1,3:05,1
2013-14,201962,Toney Douglas,Toney,1610612748,MIA,Miami Heat,0041300211,2014-05-06T00:00:00,MIA vs. BKN,W,2.216666666666667,0,0,0.0,0,0,0.0,0,0,0.0,0,0,0,0,0,0,0,0,0,0,0,3,0.0,0,0,0.0,1,1,1,1,1780,1505,1728,1505,731,1136,731,998,1036,998,924,1520,1606,1185,1096,784,499,1,1,1301,1567,639,1769,155,4,1775,1,2:13,1
2013-14,2588,Matt Bonner,Matt,1610612759,SAS,San Antonio Spurs,0041300221,2014-05-06T00:00:00,SAS vs. POR,W,3.0833333333333335,0,0,0.0,0,0,0.0,0,0,0.0,0,0,0,0,0,0,0,0,0,0,0,-1,0.0,0,0,0.0,1,1,1,1,1737,1505,1728,1505,731,1136,731,998,1036,998,924,1520,1606,1185,1096,784,499,1,1,1301,1567,1010,1769,155,4,1775,1,3:05,1
2013-14,203078,Bradley Beal,Bradley,1610612764,WAS,Washington Wizards,0041300201,2014-05-05T00:00:00,WAS @ IND,W,42.7,8,18,0.444,3,5,0.6,6,9,0.667,2,5,7,6,4,5,1,1,3,6,25,5,56.4,0,0,53.0,1,1,1,1,96,152,125,849,75,226,167,117,67,646,226,320,285,102,70,5,171,1343,1177,102,107,522,31,155,4,32,1,42:42,1
2013-14,101108,Chris Paul,Chris,1610612746,LAC,Los Angeles Clippers,0041300231,2014-05-05T00:00:00,LAC @ OKC,W,27.731666666666666,12,14,0.857,8,9,0.889,0,0,0.0,0,2,2,10,2,0,0,0,3,2,32,26,47.4,1,0,52.0,1,1,1,1,754,21,271,106,1,23,80,998,1036,998,924,860,1057,16,298,784,499,1,1177,610,27,19,93,1,4,41,1,27:44,1
2013-14,201142,Kevin Durant,Kevin,1610612760,OKC,Oklahoma City Thunder,0041300231,2014-05-05T00:00:00,OKC vs. LAC,L,34.78333333333333,9,19,0.474,2,5,0.4,5,8,0.625,0,4,4,4,3,1,1,0,2,4,25,-26,38.8,0,0,39.0,1,944,944,944,447,101,101,796,185,226,430,166,91,716,924,457,643,237,143,305,171,1,801,272,107,1890,207,155,4,163,1,34:47,1
2013-14,201566,Russell Westbrook,Russell,1610612760,OKC,Oklahoma City Thunder,0041300231,2014-05-05T00:00:00,OKC vs. LAC,L,30.05,9,14,0.643,2,5,0.4,9,10,0.9,2,2,4,4,6,0,0,0,2,6,29,-16,33.8,0,0,39.0,1,944,944,944,639,101,271,288,185,226,430,30,43,407,226,860,643,237,11,784,499,1,801,102,55,1771,330,155,4,163,1,30:03,1
2013-14,2772,Trevor Ariza,Trevor,1610612764,WAS,Washington Wizards,0041300201,2014-05-05T00:00:00,WAS @ IND,W,37.333333333333336,7,10,0.7,6,6,1.0,2,4,0.5,1,5,6,2,0,1,0,0,3,2,22,18,35.2,0,0,38.0,1,1,1,1,321,226,537,196,7,128,1,500,347,751,449,320,388,529,1096,305,499,1,1177,610,166,83,284,155,4,178,1,37:20,1
2013-14,202322,John Wall,John,1610612764,WAS,Washington Wizards,0041300201,2014-05-05T00:00:00,WAS @ IND,W,39.71666666666667,4,14,0.286,0,3,0.0,5,6,0.833,0,5,5,10,1,1,2,0,5,5,13,19,42.0,1,0,34.0,1,1,1,1,202,599,271,1299,731,477,731,166,180,458,924,320,496,16,618,305,70,1,1747,175,552,74,151,1,4,258,1,39:43,1
2013-14,101162,Marcin Gortat,Marcin,1610612764,WAS,Washington Wizards,0041300201,2014-05-05T00:00:00,WAS @ IND,W,36.281666666666666,4,12,0.333,0,0,0.0,4,6,0.667,6,9,15,2,5,0,2,0,1,7,12,5,34.0,1,0,33.0,1,1,1,1,368,599,391,1129,731,1136,731,230,180,646,14,47,14,529,29,784,70,1,394,64,601,522,317,1,4,276,1,36:17,1
2013-14,201933,Blake Griffin,Blake,1610612746,LAC,Los Angeles Clippers,0041300231,2014-05-05T00:00:00,LAC @ OKC,W,30.938333333333333,7,16,0.438,0,0,0.0,9,12,0.75,2,3,5,5,1,0,0,1,3,8,23,21,35.5,0,0,33.0,1,1,1,1,609,226,187,878,731,1136,731,30,20,542,226,632,496,151,618,784,499,1343,1177,40,148,53,276,155,4,276,1,30:56,1
2013-14,202331,Paul George,Paul,1610612754,IND,Indiana Pacers,0041300201,2014-05-05T00:00:00,IND vs. WAS,L,42.516666666666666,4,17,0.235,1,5,0.2,9,9,1.0,1,5,6,5,2,1,0,3,4,9,18,-13,33.7,0,0,32.0,1,944,944,944,100,599,162,1421,388,226,669,30,67,1,449,320,388,151,298,305,499,1865,1541,23,279,1687,333,155,4,311,1,42:31,1
2013-14,2561,David West,David,1610612754,IND,Indiana Pacers,0041300201,2014-05-05T00:00:00,IND vs. WAS,L,37.63333333333333,6,15,0.4,0,0,0.0,3,4,0.75,3,9,12,2,3,0,1,1,3,4,15,11,32.4,1,0,31.0,1,944,944,944,306,330,229,970,731,1136,731,345,347,542,114,47,58,529,143,784,171,1343,1177,272,427,248,366,1,4,354,1,37:38,1
2013-14,2403,Nene,ene,1610612764,WAS,Washington Wizards,0041300201,2014-05-05T00:00:00,WAS @ IND,W,32.2,6,16,0.375,0,0,0.0,3,4,0.75,1,5,6,2,2,0,2,2,4,4,15,18,29.2,0,0,27.0,1,1,1,1,557,330,187,1056,731,1136,731,345,347,542,449,320,388,529,298,784,70,1748,1541,272,427,83,453,155,4,468,1,32:12,1
2013-14,202362,Lance Stephenson,Lance,1610612754,IND,Indiana Pacers,0041300201,2014-05-05T00:00:00,IND vs. WAS,L,34.71666666666667,4,13,0.308,2,4,0.5,2,2,1.0,0,6,6,2,4,2,0,2,3,1,12,9,24.2,0,0,26.0,1,944,944,944,450,599,325,1278,185,336,201,500,621,1,924,198,388,529,70,115,499,1748,1177,915,601,334,633,155,4,506,1,34:43,1
2013-14,201588,George Hill,George,1610612754,IND,Indiana Pacers,0041300201,2014-05-05T00:00:00,IND vs. WAS,L,33.21666666666667,6,11,0.545,3,6,0.5,3,5,0.6,1,3,4,1,1,0,0,0,3,4,18,-5,23.3,0,0,26.0,1,944,944,944,513,330,459,485,75,128,201,345,281,722,449,632,643,791,618,784,499,1,1177,272,279,1316,660,155,4,506,1,33:13,1
2013-14,2400,Drew Gooden,Drew,1610612764,WAS,Washington Wizards,0041300201,2014-05-05T00:00:00,WAS @ IND,W,17.783333333333335,5,11,0.455,0,1,0.0,2,2,1.0,7,6,13,0,1,0,0,0,5,1,12,2,26.6,1,0,25.0,1,1,1,1,1178,458,459,821,731,887,731,500,621,1,7,198,41,1185,618,784,499,1,1747,915,601,707,547,1,4,543,1,17:47,1
2013-14,201586,Serge Ibaka,Serge,1610612760,OKC,Oklahoma City Thunder,0041300231,2014-05-05T00:00:00,OKC vs. LAC,L,26.1,6,9,0.667,0,1,0.0,0,0,0.0,1,5,6,0,1,1,2,0,3,0,12,-9,27.2,0,0,24.0,1,944,944,944,820,330,622,209,731,887,731,998,1036,998,449,320,388,1185,618,305,70,1,1177,1301,601,1528,526,155,4,582,1,26:06,1
2013-14,2449,Luis Scola,Luis,1610612754,IND,Indiana Pacers,0041300201,2014-05-05T00:00:00,IND vs. WAS,L,27.233333333333334,6,11,0.545,0,0,0.0,0,2,0.0,1,4,5,0,1,1,2,0,5,1,12,0,26.0,0,0,23.0,1,944,944,944,780,330,459,485,731,1136,731,998,621,998,449,457,496,1185,618,305,70,1,1747,915,601,882,566,155,4,619,1,27:14,1
2013-14,2037,Jamal Crawford,Jamal,1610612746,LAC,Los Angeles Clippers,0041300231,2014-05-05T00:00:00,LAC @ OKC,W,18.936666666666667,6,11,0.545,3,6,0.5,2,3,0.667,0,1,1,1,0,0,0,0,1,2,17,8,19.7,0,0,22.0,1,1,1,1,1121,330,459,485,75,128,201,500,538,646,924,1162,1328,791,1096,784,499,1,394,610,314,374,797,155,4,657,1,18:56,1
2013-14,203087,Jeremy Lamb,Jeremy,1610612760,OKC,Oklahoma City Thunder,0041300231,2014-05-05T00:00:00,OKC vs. LAC,L,12.0,3,8,0.375,1,3,0.333,1,1,1.0,2,4,6,2,1,1,1,0,1,4,8,9,23.2,0,0,21.0,1,944,944,944,1418,783,710,1056,388,477,485,783,968,1,226,457,388,529,618,305,171,1,394,272,858,334,666,155,4,693,1,12:00,1
2013-14,200755,JJ Redick,JJ,1610612746,LAC,Los Angeles Clippers,0041300231,2014-05-05T00:00:00,LAC @ OKC,W,24.1,5,8,0.625,1,2,0.5,1,1,1.0,0,3,3,3,0,1,0,1,0,0,12,18,23.1,0,0,21.0,1,1,1,1,907,458,710,303,388,651,201,783,968,1,924,632,831,363,1096,305,499,1343,1,1301,601,83,669,155,4,693,1,24:06,1
2013-14,201599,DeAndre Jordan,DeAndre,1610612746,LAC,Los Angeles Clippers,0041300231,2014-05-05T00:00:00,LAC @ OKC,W,28.446666666666665,3,3,1.0,0,0,0.0,1,8,0.125,1,4,5,0,1,4,0,0,3,5,7,21,24.0,0,0,20.0,1,1,1,1,719,783,1273,1,731,1136,731,783,91,997,449,457,496,1185,618,15,499,1,1177,175,944,53,644,155,4,731,1,28:27,1
2013-14,2440,Matt Barnes,Matt,1610612746,LAC,Los Angeles Clippers,0041300231,2014-05-05T00:00:00,LAC @ OKC,W,28.211666666666666,4,10,0.4,2,7,0.286,0,0,0.0,1,1,2,1,0,1,0,1,3,0,10,23,16.9,0,0,17.0,1,1,1,1,729,599,537,970,185,67,598,998,1036,998,449,1162,1057,791,1096,305,499,1343,1177,1301,720,31,908,155,4,852,1,28:13,1
2013-14,201228,C.J. Watson,C.J.,1610612754,IND,Indiana Pacers,0041300201,2014-05-05T00:00:00,IND vs. WAS,L,14.783333333333333,3,5,0.6,1,1,1.0,2,2,1.0,0,1,1,2,0,1,0,0,0,1,9,-1,16.2,0,0,15.0,1,944,944,944,1304,783,1021,335,388,887,1,500,621,1,924,1162,1328,529,1096,305,499,1,1,915,777,1010,935,155,4,947,1,14:47,1
2013-14,202323,Evan Turner,Evan,1610612754,IND,Indiana Pacers,0041300201,2014-05-05T00:00:00,IND vs. WAS,L,18.766666666666666,2,4,0.5,0,0,0.0,3,3,1.0,0,2,2,2,0,1,0,1,1,2,7,-8,15.4,0,0,13.0,1,944,944,944,1124,987,1145,534,731,1136,731,345,538,1,924,860,1057,529,1096,305,499,1343,394,610,944,1487,965,155,4,1036,1,18:46,1
2013-14,203103,Perry Jones III,Perry,1610612760,OKC,Oklahoma City Thunder,0041300231,2014-05-05T00:00:00,OKC vs. LAC,L,10.666666666666666,3,6,0.5,2,4,0.5,0,0,0.0,3,0,3,0,0,0,0,0,0,0,8,9,11.6,0,0,13.0,1,944,944,944,1473,783,915,534,185,336,201,998,1036,998,114,1520,831,1185,1096,784,499,1,1,1301,858,334,1145,155,4,1036,1,10:40,1
2013-14,101122,Danny Granger,Danny,1610612746,LAC,Los Angeles Clippers,0041300231,2014-05-05T00:00:00,LAC @ OKC,W,16.085,1,5,0.2,0,3,0.0,3,4,0.75,0,5,5,0,0,1,0,0,4,1,5,9,14.0,0,0,12.0,1,1,1,1,1245,1208,1021,1438,731,477,731,345,347,542,924,320,496,1185,1096,305,499,1,1541,915,1095,334,1031,155,4,1085,1,16:05,1
2013-14,202704,Reggie Jackson,Reggie,1610612760,OKC,Oklahoma City Thunder,0041300231,2014-05-05T00:00:00,OKC vs. LAC,L,29.866666666666667,1,8,0.125,0,2,0.0,2,2,1.0,0,2,2,5,1,0,0,1,4,5,4,0,12.9,0,0,11.0,1,944,944,944,649,1208,710,1496,731,651,731,500,621,1,924,860,1057,151,618,784,499,1343,1541,175,1173,882,1090,155,4,1128,1,29:52,1
2013-14,2406,Caron Butler,Caron,1610612760,OKC,Oklahoma City Thunder,0041300231,2014-05-05T00:00:00,OKC vs. LAC,L,24.583333333333332,1,7,0.143,1,4,0.25,0,0,0.0,1,5,6,1,1,0,0,0,5,1,3,-19,10.7,0,0,11.0,1,944,944,944,885,1208,811,1489,388,336,614,998,1036,998,449,320,388,791,618,784,499,1,1747,915,1282,1829,1198,155,4,1128,1,24:35,1
2013-14,201954,Darren Collison,Darren,1610612746,LAC,Los Angeles Clippers,0041300231,2014-05-05T00:00:00,LAC @ OKC,W,23.533333333333335,2,6,0.333,0,0,0.0,1,2,0.5,1,0,1,4,0,0,0,1,2,2,5,-9,12.2,0,0,10.0,1,1,1,1,933,987,915,1129,731,1136,731,783,621,751,449,1520,1328,237,1096,784,499,1343,801,610,1095,1528,1121,155,4,1187,1,23:32,1
2013-14,965,Derek Fisher,Derek,1610612760,OKC,Oklahoma City Thunder,0041300231,2014-05-05T00:00:00,OKC vs. LAC,L,15.283333333333333,2,5,0.4,0,1,0.0,0,0,0.0,1,3,4,0,0,1,0,0,2,0,4,5,11.8,0,0,10.0,1,944,944,944,1287,987,1021,970,731,887,731,998,1036,998,449,632,643,1185,1096,305,499,1,801,1301,1173,522,1134,155,4,1187,1,15:17,1
2013-14,201175,Glen Davis,Glen,1610612746,LAC,Los Angeles Clippers,0041300231,2014-05-05T00:00:00,LAC @ OKC,W,13.911666666666667,3,3,1.0,0,0,0.0,0,0,0.0,1,1,2,0,2,0,1,0,1,2,6,2,9.4,0,0,10.0,1,1,1,1,1344,783,1273,1,731,1136,731,998,1036,998,449,1162,1057,1185,298,784,171,1,394,610,1001,707,1259,155,4,1187,1,13:55,1
2013-14,200757,Thabo Sefolosha,Thabo,1610612760,OKC,Oklahoma City Thunder,0041300231,2014-05-05T00:00:00,OKC vs. LAC,L,15.883333333333333,2,3,0.667,1,2,0.5,0,0,0.0,0,2,2,0,2,1,0,0,0,0,5,-8,8.4,0,0,10.0,1,944,944,944,1255,987,1273,209,388,651,201,998,1036,998,924,860,1057,1185,298,305,499,1,1,1301,1095,1487,1321,155,4,1187,1,15:53,1
2013-14,201162,Jared Dudley,Jared,1610612746,LAC,Los Angeles Clippers,0041300231,2014-05-05T00:00:00,LAC @ OKC,W,15.555,1,2,0.5,1,2,0.5,0,0,0.0,0,3,3,1,0,0,0,0,1,0,3,-7,8.1,0,0,8.0,1,1,1,1,1277,1208,1415,534,388,651,201,998,1036,998,924,632,831,791,1096,784,499,1,394,1301,1282,1440,1338,155,4,1289,1,15:33,1
2013-14,2555,Nick Collison,Nick,1610612760,OKC,Oklahoma City Thunder,0041300231,2014-05-05T00:00:00,OKC vs. LAC,L,7.766666666666667,2,5,0.4,0,1,0.0,0,0,0.0,2,1,3,0,0,0,0,0,0,0,4,-15,7.6,0,0,7.0,1,944,944,944,1560,987,1021,970,731,887,731,998,1036,998,226,1162,831,1185,1096,784,499,1,1,1301,1173,1743,1354,155,4,1343,1,7:46,1
2013-14,2570,Kendrick Perkins,Kendrick,1610612760,OKC,Oklahoma City Thunder,0041300231,2014-05-05T00:00:00,OKC vs. LAC,L,13.566666666666666,1,1,1.0,0,0,0.0,1,2,0.5,2,1,3,1,1,0,0,0,0,2,3,-17,7.1,0,0,7.0,1,944,944,944,1357,1208,1565,1,731,1136,731,783,621,751,226,1162,831,791,618,784,499,1,1,610,1282,1789,1383,155,4,1343,1,13:34,1
2013-14,201579,Roy Hibbert,Roy,1610612754,IND,Indiana Pacers,0041300201,2014-05-05T00:00:00,IND vs. WAS,L,17.716666666666665,0,2,0.0,0,0,0.0,0,0,0.0,0,0,0,1,2,0,2,0,5,0,0,-17,5.5,0,0,5.0,1,944,944,944,1180,1505,1415,1505,731,1136,731,998,1036,998,924,1520,1606,791,298,784,70,1,1747,1301,1567,1789,1459,155,4,1446,1,17:43,1
2013-14,203142,Chris Copeland,Chris,1610612754,IND,Indiana Pacers,0041300201,2014-05-05T00:00:00,IND vs. WAS,L,1.1333333333333333,1,1,1.0,1,1,1.0,0,0,0.0,0,0,0,1,0,0,0,0,0,0,3,4,4.5,0,0,5.0,1,944,944,944,1836,1208,1565,1,388,887,1,998,1036,998,924,1520,1606,791,1096,784,499,1,1,1301,1282,576,1504,155,4,1446,1,1:08,1
2013-14,203500,Steven Adams,Steven,1610612760,OKC,Oklahoma City Thunder,0041300231,2014-05-05T00:00:00,OKC vs. LAC,L,19.45,0,0,0.0,0,0,0.0,0,0,0.0,1,3,4,0,1,0,0,0,3,2,0,2,3.8,0,0,4.0,1,944,944,944,1093,1505,1728,1505,731,1136,731,998,1036,998,449,632,643,1185,618,784,499,1,1177,610,1567,707,1555,155,4,1505,1,19:27,1
2013-14,1889,Andre Miller,Andre,1610612764,WAS,Washington Wizards,0041300201,2014-05-05T00:00:00,WAS @ IND,W,8.283333333333333,1,2,0.5,1,1,1.0,0,0,0.0,0,0,0,0,0,0,0,1,0,0,3,-13,3.0,0,0,4.0,1,1,1,1,1545,1208,1415,534,388,887,1,998,1036,998,924,1520,1606,1185,1096,784,499,1343,1,1301,1282,1687,1593,155,4,1505,1,8:17,1
2013-14,203493,Reggie Bullock Jr.,Reggie,1610612746,LAC,Los Angeles Clippers,0041300231,2014-05-05T00:00:00,LAC @ OKC,W,4.55,1,1,1.0,0,0,0.0,0,0,0.0,0,0,0,1,0,0,0,0,0,0,2,-10,3.5,0,0,3.0,1,1,1,1,1673,1208,1565,1,731,1136,731,998,1036,998,924,1520,1606,791,1096,784,499,1,1,1301,1377,1568,1562,155,4,1573,1,4:33,1
2013-14,2584,Willie Green,Willie,1610612746,LAC,Los Angeles Clippers,0041300231,2014-05-05T00:00:00,LAC @ OKC,W,4.55,0,1,0.0,0,0,0.0,0,0,0.0,0,1,1,0,1,1,0,0,1,0,0,-10,3.2,0,0,3.0,1,1,1,1,1673,1505,1565,1505,731,1136,731,998,1036,998,924,1162,1328,1185,618,305,499,1,394,1301,1567,1568,1574,155,4,1573,1,4:33,1
2013-14,101133,Ian Mahinmi,Ian,1610612754,IND,Indiana Pacers,0041300201,2014-05-05T00:00:00,IND vs. WAS,L,12.283333333333333,1,2,0.5,0,0,0.0,0,0,0.0,0,0,0,0,0,0,0,0,2,1,2,-10,2.0,0,0,2.0,1,944,944,944,1408,1208,1415,534,731,1136,731,998,1036,998,924,1520,1606,1185,1096,784,499,1,801,915,1377,1568,1652,155,4,1628,1,12:17,1
2013-14,101110,Martell Webster,Martell,1610612764,WAS,Washington Wizards,0041300201,2014-05-05T00:00:00,WAS @ IND,W,15.966666666666667,0,1,0.0,0,0,0.0,0,0,0.0,0,1,1,0,0,0,0,1,1,1,0,-11,1.2,0,0,1.0,1,1,1,1,1249,1505,1565,1505,731,1136,731,998,1036,998,924,1162,1328,1185,1096,784,499,1343,394,915,1567,1612,1694,155,4,1690,1,15:58,1
2013-14,200797,Ryan Hollins,Ryan,1610612746,LAC,Los Angeles Clippers,0041300231,2014-05-05T00:00:00,LAC @ OKC,W,3.45,0,2,0.0,0,0,0.0,0,0,0.0,0,1,1,0,1,0,0,0,2,0,0,-7,0.2,0,0,1.0,1,1,1,1,1724,1505,1415,1505,731,1136,731,998,1036,998,924,1162,1328,1185,618,784,499,1,801,1301,1567,1440,1757,155,4,1690,1,3:27,1
2013-14,202344,Trevor Booker,Trevor,1610612764,WAS,Washington Wizards,0041300201,2014-05-05T00:00:00,WAS @ IND,W,8.966666666666667,0,0,0.0,0,0,0.0,0,0,0.0,0,0,0,1,2,0,0,0,1,0,0,-9,-0.5,0,0,1.0,1,1,1,1,1524,1505,1728,1505,731,1136,731,998,1036,998,924,1520,1606,791,298,784,499,1,394,1301,1567,1528,1898,155,4,1690,1,8:58,1
2013-14,202066,Garrett Temple,Garrett,1610612764,WAS,Washington Wizards,0041300201,2014-05-05T00:00:00,WAS @ IND,W,0.7683333333333333,0,0,0.0,0,0,0.0,0,0,0.0,0,0,0,0,0,0,0,0,0,0,0,-4,0.0,0,0,0.0,1,1,1,1,1859,1505,1728,1505,731,1136,731,998,1036,998,924,1520,1606,1185,1096,784,499,1,1,1301,1567,1256,1769,155,4,1775,1,0:46,1
2013-14,1938,Manu Ginobili,Manu,1610612759,SAS,San Antonio Spurs,0041300147,2014-05-04T00:00:00,SAS vs. DAL,W,23.583333333333332,5,7,0.714,2,3,0.667,8,9,0.889,0,3,3,5,3,6,0,0,2,5,20,32,46.1,0,0,42.0,1,1,1,1,930,458,811,184,185,477,112,53,67,414,924,632,831,151,143,1,499,1,801,175,218,3,111,155,4,118,1,23:35,1
2013-14,2225,Tony Parker,Tony,1610612759,SAS,San Antonio Spurs,0041300147,2014-05-04T00:00:00,SAS vs. DAL,W,34.156666666666666,11,19,0.579,0,1,0.0,10,13,0.769,0,4,4,4,3,0,0,0,1,7,32,13,39.8,0,0,40.0,1,1,1,1,472,36,101,415,731,887,731,18,15,539,924,457,643,237,143,784,499,1,394,64,27,188,193,155,4,143,1,34:09,1
2013-14,200768,Kyle Lowry,Kyle,1610612761,TOR,Toronto Raptors,0041300127,2014-05-04T00:00:00,TOR vs. BKN,L,40.89,7,19,0.368,2,4,0.5,12,14,0.857,2,5,7,3,3,0,0,2,5,9,28,7,37.9,0,0,40.0,1,944,944,944,160,226,101,1087,185,336,201,10,12,439,226,320,285,363,143,784,499,1748,1747,23,69,430,223,155,4,143,1,40:53,1
2013-14,1717,Dirk Nowitzki,Dirk,1610612742,DAL,Dallas Mavericks,0041300147,2014-05-04T00:00:00,DAL @ SAS,L,35.65,8,21,0.381,0,2,0.0,6,7,0.857,2,7,9,0,1,2,1,0,1,10,22,-30,40.8,0,0,37.0,1,944,944,944,406,152,60,1054,731,651,731,117,133,439,226,144,151,1185,618,115,171,1,394,9,166,1901,171,155,4,204,1,35:39,1
2013-14,2207,Joe Johnson,Joe,1610612751,BKN,Brooklyn Nets,0041300127,2014-05-04T00:00:00,BKN @ TOR,W,45.083333333333336,11,25,0.44,1,5,0.2,3,5,0.6,2,2,4,4,1,1,0,1,0,10,26,-2,38.8,0,0,37.0,1,1,1,1,30,36,13,877,388,226,669,345,281,722,226,860,643,237,618,305,499,1343,1,9,93,1106,207,155,4,204,1,45:05,1
2013-14,101161,Amir Johnson,Amir,1610612761,TOR,Toronto Raptors,0041300127,2014-05-04T00:00:00,TOR vs. BKN,L,22.416666666666668,9,12,0.75,0,0,0.0,2,2,1.0,5,5,10,1,1,0,1,0,6,1,20,-5,35.5,1,0,33.0,1,944,944,944,976,101,391,145,731,1136,731,500,621,1,30,320,102,791,618,784,171,1,1865,915,218,1316,276,1,4,276,1,22:25,1
2013-14,201942,DeMar DeRozan,DeMar,1610612761,TOR,Toronto Raptors,0041300127,2014-05-04T00:00:00,TOR vs. BKN,L,45.083333333333336,5,12,0.417,1,2,0.5,7,7,1.0,0,2,2,6,2,1,0,0,2,7,18,2,30.4,0,0,29.0,1,944,944,944,30,458,391,949,388,651,201,82,133,1,924,860,1057,102,298,305,499,1,801,64,279,707,409,155,4,404,1,45:05,1
2013-14,1495,Tim Duncan,Tim,1610612759,SAS,San Antonio Spurs,0041300147,2014-05-04T00:00:00,SAS vs. DAL,W,30.966666666666665,7,8,0.875,0,0,0.0,1,2,0.5,3,5,8,1,2,0,2,1,2,2,15,23,30.1,0,0,28.0,1,1,1,1,607,226,710,102,731,1136,731,783,621,751,114,320,213,791,298,784,70,1343,801,610,427,31,417,155,4,434,1,30:58,1
2013-14,201980,Danny Green,Danny,1610612759,SAS,San Antonio Spurs,0041300147,2014-05-04T00:00:00,SAS vs. DAL,W,32.15,5,7,0.714,4,6,0.667,2,2,1.0,0,3,3,1,0,1,1,0,4,2,16,21,27.1,0,0,28.0,1,1,1,1,561,458,811,184,31,128,112,500,621,1,924,632,831,791,1096,305,171,1,1541,610,361,53,531,155,4,434,1,32:09,1
2013-14,708,Kevin Garnett,Kevin,1610612751,BKN,Brooklyn Nets,0041300127,2014-05-04T00:00:00,BKN @ TOR,W,25.1,5,8,0.625,0,0,0.0,2,3,0.667,5,6,11,2,0,0,1,1,4,3,12,7,31.2,1,0,27.0,1,1,1,1,864,458,710,303,731,1136,731,500,538,646,30,198,76,529,1096,784,171,1343,1541,413,601,430,392,1,4,468,1,25:06,1
2013-14,201977,Marcus Thornton,Marcus,1610612751,BKN,Brooklyn Nets,0041300127,2014-05-04T00:00:00,BKN @ TOR,W,20.283333333333335,4,8,0.5,4,6,0.667,5,6,0.833,1,5,6,0,0,0,0,0,0,3,17,17,24.2,0,0,27.0,1,1,1,1,1058,599,710,534,31,128,112,166,180,458,449,320,388,1185,1096,784,499,1,1,413,314,100,633,155,4,468,1,20:17,1
2013-14,202335,Patrick Patterson,Patrick,1610612761,TOR,Toronto Raptors,0041300127,2014-05-04T00:00:00,TOR vs. BKN,L,33.93333333333333,5,5,1.0,0,0,0.0,6,6,1.0,0,8,8,1,1,0,0,0,1,3,16,14,26.1,0,0,25.0,1,944,944,944,482,458,1021,1,731,1136,731,117,180,1,924,93,213,791,618,784,499,1,394,413,361,163,560,155,4,543,1,33:56,1
2013-14,2734,Devin Harris,Devin,1610612742,DAL,Dallas Mavericks,0041300147,2014-05-04T00:00:00,DAL @ SAS,L,27.533333333333335,6,10,0.6,3,3,1.0,2,2,1.0,1,1,2,3,3,0,0,1,0,3,17,-17,20.9,0,0,25.0,1,944,944,944,765,330,537,335,75,477,1,500,621,1,449,1162,1057,363,143,784,499,1343,1,413,314,1789,742,155,4,543,1,27:32,1
2013-14,101114,Deron Williams,Deron,1610612751,BKN,Brooklyn Nets,0041300127,2014-05-04T00:00:00,BKN @ TOR,W,32.08,3,8,0.375,0,1,0.0,7,10,0.7,1,1,2,4,2,2,0,0,5,5,13,-5,25.4,0,0,23.0,1,1,1,1,564,783,710,1056,731,887,731,82,43,642,449,1162,1057,237,298,115,499,1,1747,175,552,1316,593,155,4,619,1,32:05,1
2013-14,202695,Kawhi Leonard,Kawhi,1610612759,SAS,San Antonio Spurs,0041300147,2014-05-04T00:00:00,SAS vs. DAL,W,29.233333333333334,7,14,0.5,1,5,0.2,0,1,0.0,1,5,6,1,0,0,0,0,2,1,15,15,23.7,0,0,23.0,1,1,1,1,678,226,271,534,388,226,669,998,968,998,449,320,388,791,1096,784,499,1,801,915,427,138,655,155,4,619,1,29:14,1
2013-14,1718,Paul Pierce,Paul,1610612751,BKN,Brooklyn Nets,0041300127,2014-05-04T00:00:00,BKN @ TOR,W,25.296666666666667,4,10,0.4,2,4,0.5,0,0,0.0,1,3,4,1,2,2,1,0,5,1,10,1,23.3,0,0,23.0,1,1,1,1,855,599,537,970,185,336,201,998,1036,998,449,632,643,791,298,115,171,1,1747,915,720,796,660,155,4,619,1,25:18,1
2013-14,2564,Boris Diaw,Boris,1610612759,SAS,San Antonio Spurs,0041300147,2014-05-04T00:00:00,SAS vs. DAL,W,26.583333333333332,3,5,0.6,0,1,0.0,2,2,1.0,1,6,7,5,1,1,0,0,3,1,8,16,25.9,0,0,22.0,1,1,1,1,801,783,1021,335,731,887,731,500,621,1,449,198,285,151,618,305,499,1,1177,915,858,119,573,155,4,657,1,26:35,1
2013-14,1713,Vince Carter,Vince,1610612742,DAL,Dallas Mavericks,0041300147,2014-05-04T00:00:00,DAL @ SAS,L,31.6,4,12,0.333,2,6,0.333,0,0,0.0,1,3,4,4,2,0,0,1,5,4,10,-13,18.8,0,0,20.0,1,944,944,944,584,599,391,1129,185,128,485,998,1036,998,449,632,643,237,298,784,499,1343,1747,272,720,1687,830,155,4,731,1,31:36,1
2013-14,101145,Monta Ellis,Monta,1610612742,DAL,Dallas Mavericks,0041300147,2014-05-04T00:00:00,DAL @ SAS,L,31.316666666666666,3,11,0.273,2,6,0.333,4,4,1.0,1,1,2,2,2,0,1,1,5,2,12,-24,18.4,0,0,20.0,1,944,944,944,599,783,459,1332,185,128,485,230,347,1,449,1162,1057,529,298,784,171,1343,1747,610,601,1883,846,155,4,731,1,31:19,1
2013-14,203082,Terrence Ross,Terrence,1610612761,TOR,Toronto Raptors,0041300127,2014-05-04T00:00:00,TOR vs. BKN,L,30.075,5,12,0.417,0,3,0.0,1,3,0.333,0,2,2,0,1,2,1,1,5,2,11,0,21.4,0,0,19.0,1,944,944,944,637,458,391,949,731,477,731,783,538,970,924,860,1057,1185,618,115,171,1343,1747,610,669,882,718,155,4,773,1,30:05,1
2013-14,201971,DeJuan Blair,DeJuan,1610612742,DAL,Dallas Mavericks,0041300147,2014-05-04T00:00:00,DAL @ SAS,L,14.533333333333333,4,5,0.8,0,0,0.0,0,0,0.0,1,4,5,0,0,2,0,0,1,0,8,-1,20.0,0,0,17.0,1,944,944,944,1316,599,1021,119,731,1136,731,998,1036,998,449,457,496,1185,1096,115,499,1,394,1301,858,1010,782,155,4,852,1,14:32,1
2013-14,201988,Patty Mills,Patty,1610612759,SAS,San Antonio Spurs,0041300147,2014-05-04T00:00:00,SAS vs. DAL,W,17.06,2,8,0.25,2,6,0.333,1,2,0.5,0,3,3,2,0,1,0,1,3,2,7,17,16.6,0,0,16.0,1,1,1,1,1212,987,710,1349,185,128,485,783,621,751,924,632,831,529,1096,305,499,1343,1177,610,944,100,915,155,4,901,1,17:04,1
2013-14,101154,Andray Blatche,Andray,1610612751,BKN,Brooklyn Nets,0041300127,2014-05-04T00:00:00,BKN @ TOR,W,17.7,4,7,0.571,0,0,0.0,1,2,0.5,5,2,7,0,1,0,0,0,5,2,9,-7,16.4,0,0,16.0,1,1,1,1,1181,599,811,418,731,1136,731,783,621,751,30,860,285,1185,618,784,499,1,1747,610,777,1440,928,155,4,901,1,17:42,1
2013-14,2733,Shaun Livingston,Shaun,1610612751,BKN,Brooklyn Nets,0041300127,2014-05-04T00:00:00,BKN @ TOR,W,17.971666666666668,4,5,0.8,0,0,0.0,2,2,1.0,0,2,2,3,2,0,0,0,3,1,10,4,14.9,0,0,15.0,1,1,1,1,1167,599,1021,119,731,1136,731,500,621,1,924,860,1057,363,298,784,499,1,1177,915,720,576,993,155,4,947,1,17:58,1
2013-14,201961,Wayne Ellington,Wayne,1610612742,DAL,Dallas Mavericks,0041300147,2014-05-04T00:00:00,DAL @ SAS,L,10.45,2,4,0.5,2,4,0.5,2,2,1.0,0,2,2,2,2,0,0,0,1,1,8,5,11.4,0,0,14.0,1,944,944,944,1479,987,1145,534,185,336,201,500,621,1,924,860,1057,529,298,784,499,1,394,915,858,522,1152,155,4,992,1,10:27,1
2013-14,1890,Shawn Marion,Shawn,1610612742,DAL,Dallas Mavericks,0041300147,2014-05-04T00:00:00,DAL @ SAS,L,20.083333333333332,2,5,0.4,0,1,0.0,1,2,0.5,1,2,3,1,2,1,0,0,2,1,5,-21,11.1,0,0,11.0,1,944,944,944,1068,987,1021,970,731,887,731,783,621,751,449,860,831,791,298,305,499,1,801,915,1095,1850,1181,155,4,1128,1,20:05,1
2013-14,101181,Jose Calderon,Jose,1610612742,DAL,Dallas Mavericks,0041300147,2014-05-04T00:00:00,DAL @ SAS,L,29.366666666666667,2,8,0.25,0,2,0.0,0,0,0.0,0,2,2,4,0,0,0,0,4,0,4,-1,12.4,0,0,10.0,1,944,944,944,671,987,710,1349,731,651,731,998,1036,998,924,860,1057,237,1096,784,499,1,1541,1301,1173,1010,1110,155,4,1187,1,29:22,1
2013-14,202685,Jonas Valančiūnas,Jonas,1610612761,TOR,Toronto Raptors,0041300127,2014-05-04T00:00:00,TOR vs. BKN,L,27.133333333333333,1,5,0.2,0,0,0.0,1,1,1.0,1,4,5,0,0,0,1,0,1,3,3,-23,12.0,0,0,10.0,1,944,944,944,786,1208,1021,1438,731,1136,731,783,968,1,449,457,496,1185,1096,784,171,1,394,413,1282,1876,1128,155,4,1187,1,27:08,1
2013-14,101187,Alan Anderson,Alan,1610612751,BKN,Brooklyn Nets,0041300127,2014-05-04T00:00:00,BKN @ TOR,W,26.215,2,6,0.333,1,4,0.25,0,0,0.0,0,2,2,1,0,0,0,0,3,1,5,-13,8.9,0,0,9.0,1,1,1,1,816,987,915,1129,388,336,614,998,1036,998,924,860,1057,791,1096,784,499,1,1177,915,1095,1687,1296,155,4,1237,1,26:13,1
2013-14,2223,Samuel Dalembert,Samuel,1610612742,DAL,Dallas Mavericks,0041300147,2014-05-04T00:00:00,DAL @ SAS,L,8.283333333333333,1,3,0.333,0,0,0.0,0,0,0.0,4,2,6,0,0,0,0,1,1,0,2,-18,9.2,0,0,8.0,1,944,944,944,1545,1208,1273,1129,731,1136,731,998,1036,998,62,860,388,1185,1096,784,499,1343,394,1301,1377,1808,1275,155,4,1289,1,8:17,1
2013-14,201168,Tiago Splitter,Tiago,1610612759,SAS,San Antonio Spurs,0041300147,2014-05-04T00:00:00,SAS vs. DAL,W,15.25,0,0,0.0,0,0,0.0,1,2,0.5,1,1,2,0,0,1,1,0,4,1,1,15,9.4,0,0,7.0,1,1,1,1,1289,1505,1728,1505,731,1136,731,783,621,751,449,1162,1057,1185,1096,305,171,1,1541,915,1541,138,1259,155,4,1343,1,15:15,1
2013-14,203141,Mirza Teletovic,Mirza,1610612751,BKN,Brooklyn Nets,0041300127,2014-05-04T00:00:00,BKN @ TOR,W,22.533333333333335,0,3,0.0,0,3,0.0,0,0,0.0,1,3,4,1,0,0,1,0,1,0,0,4,9.3,0,0,7.0,1,1,1,1,969,1505,1273,1505,731,477,731,998,1036,998,449,632,643,791,1096,784,171,1,394,1301,1567,576,1270,155,4,1343,1,22:32,1
2013-14,101236,Chuck Hayes,Chuck,1610612761,TOR,Toronto Raptors,0041300127,2014-05-04T00:00:00,TOR vs. BKN,L,8.816666666666666,1,2,0.5,0,0,0.0,0,0,0.0,1,1,2,1,0,1,0,0,0,0,2,4,8.9,0,0,7.0,1,944,944,944,1528,1208,1415,534,731,1136,731,998,1036,998,449,1162,1057,791,1096,305,499,1,1,1301,1377,576,1296,155,4,1343,1,8:49,1
2013-14,203109,Jae Crowder,Jae,1610612742,DAL,Dallas Mavericks,0041300147,2014-05-04T00:00:00,DAL @ SAS,L,11.066666666666666,1,4,0.25,0,1,0.0,0,0,0.0,0,3,3,2,0,0,0,0,1,0,2,-3,8.6,0,0,7.0,1,944,944,944,1455,1208,1145,1349,731,887,731,998,1036,998,924,632,831,529,1096,784,499,1,394,1301,1377,1183,1307,155,4,1343,1,11:04,1
2013-14,201148,Brandan Wright,Brandan,1610612742,DAL,Dallas Mavericks,0041300147,2014-05-04T00:00:00,DAL @ SAS,L,6.983333333333333,3,4,0.75,0,0,0.0,0,0,0.0,0,0,0,1,0,0,0,0,0,0,6,0,7.5,0,0,7.0,1,944,944,944,1586,783,1145,145,731,1136,731,998,1036,998,924,1520,1606,791,1096,784,499,1,1,1301,1001,882,1360,155,4,1343,1,6:59,1
2013-14,201158,Marco Belinelli,Marco,1610612759,SAS,San Antonio Spurs,0041300147,2014-05-04T00:00:00,SAS vs. DAL,W,9.766666666666667,2,4,0.5,1,2,0.5,0,0,0.0,0,0,0,0,0,0,0,0,0,0,5,-11,5.0,0,0,6.0,1,1,1,1,1497,987,1145,534,388,651,201,998,1036,998,924,1520,1606,1185,1096,784,499,1,1,1301,1095,1612,1480,155,4,1399,1,9:46,1
2013-14,202349,Greivis Vasquez,Greivis,1610612761,TOR,Toronto Raptors,0041300127,2014-05-04T00:00:00,TOR vs. BKN,L,25.248333333333335,1,3,0.333,0,1,0.0,0,0,0.0,1,1,2,1,1,0,0,0,5,1,2,8,4.9,0,0,5.0,1,944,944,944,858,1208,1273,1129,731,887,731,998,1036,998,449,1162,1057,791,618,784,499,1,1747,915,1377,374,1486,155,4,1446,1,25:15,1
2013-14,2422,John Salmons,John,1610612761,TOR,Toronto Raptors,0041300127,2014-05-04T00:00:00,TOR vs. BKN,L,6.176666666666667,1,3,0.333,1,3,0.333,0,0,0.0,0,0,0,0,0,0,0,0,1,0,3,-10,3.0,0,0,4.0,1,944,944,944,1621,1208,1273,1129,388,477,485,998,1036,998,924,1520,1606,1185,1096,784,499,1,394,1301,1282,1568,1593,155,4,1505,1,6:11,1
2013-14,203499,Shane Larkin,Shane,1610612742,DAL,Dallas Mavericks,0041300147,2014-05-04T00:00:00,DAL @ SAS,L,7.35,0,1,0.0,0,0,0.0,0,0,0.0,0,1,1,2,1,0,0,0,0,0,0,2,3.2,0,0,3.0,1,944,944,944,1572,1505,1565,1505,731,1136,731,998,1036,998,924,1162,1328,529,618,784,499,1,1,1301,1567,707,1574,155,4,1573,1,7:21,1
2013-14,202709,Cory Joseph,Cory,1610612759,SAS,San Antonio Spurs,0041300147,2014-05-04T00:00:00,SAS vs. DAL,W,5.783333333333333,0,0,0.0,0,0,0.0,0,0,0.0,0,2,2,1,1,0,0,0,0,0,0,-6,2.9,0,0,3.0,1,1,1,1,1637,1505,1728,1505,731,1136,731,998,1036,998,924,860,1057,791,618,784,499,1,1,1301,1567,1382,1615,155,4,1573,1,5:47,1
2013-14,203108,Bernard James,Bernard,1610612742,DAL,Dallas Mavericks,0041300147,2014-05-04T00:00:00,DAL @ SAS,L,5.783333333333333,0,0,0.0,0,0,0.0,0,0,0.0,0,0,0,0,0,1,0,0,0,0,0,6,3.0,0,0,2.0,1,944,944,944,1637,1505,1728,1505,731,1136,731,998,1036,998,924,1520,1606,1185,1096,305,499,1,1,1301,1567,482,1593,155,4,1628,1,5:47,1
2013-14,203382,Aron Baynes,Aron,1610612759,SAS,San Antonio Spurs,0041300147,2014-05-04T00:00:00,SAS vs. DAL,W,5.8,0,0,0.0,0,0,0.0,0,0,0.0,0,2,2,0,0,0,0,0,0,0,0,-8,2.4,0,0,2.0,1,1,1,1,1634,1505,1728,1505,731,1136,731,998,1036,998,924,860,1057,1185,1096,784,499,1,1,1301,1567,1487,1632,155,4,1628,1,5:48,1
2013-14,203486,Mason Plumlee,Mason,1610612751,BKN,Brooklyn Nets,0041300127,2014-05-04T00:00:00,BKN @ TOR,W,5.2,0,1,0.0,0,0,0.0,2,2,1.0,0,0,0,0,0,0,0,1,0,1,2,1,2.0,0,0,2.0,1,1,1,1,1654,1505,1565,1505,731,1136,731,500,621,1,924,1520,1606,1185,1096,784,499,1343,1,915,1377,796,1652,155,4,1628,1,5:12,1
2013-14,2588,Matt Bonner,Matt,1610612759,SAS,San Antonio Spurs,0041300147,2014-05-04T00:00:00,SAS vs. DAL,W,5.8,0,0,0.0,0,0,0.0,0,0,0.0,0,0,0,1,1,0,0,0,0,0,0,-8,0.5,0,0,1.0,1,1,1,1,1634,1505,1728,1505,731,1136,731,998,1036,998,924,1520,1606,791,618,784,499,1,1,1301,1567,1487,1755,155,4,1690,1,5:48,1
2013-14,1905,Andrei Kirilenko,Andrei,1610612751,BKN,Brooklyn Nets,0041300127,2014-05-04T00:00:00,BKN @ TOR,W,2.5366666666666666,0,0,0.0,0,0,0.0,0,0,0.0,0,0,0,0,0,0,0,0,0,0,0,-2,0.0,0,0,0.0,1,1,1,1,1766,1505,1728,1505,731,1136,731,998,1036,998,924,1520,1606,1185,1096,784,499,1,1,1301,1567,1106,1769,155,4,1775,1,2:32,1
2013-14,202361,Landry Fields,Landry,1610612761,TOR,Toronto Raptors,0041300127,2014-05-04T00:00:00,TOR vs. BKN,L,0.22666666666666666,0,0,0.0,0,0,0.0,0,0,0.0,0,0,0,0,0,0,0,0,1,0,0,-2,0.0,0,0,0.0,1,944,944,944,1880,1505,1728,1505,731,1136,731,998,1036,998,924,1520,1606,1185,1096,784,499,1,394,1301,1567,1106,1769,155,4,1775,1,0:14,1
2013-14,201965,Jeff Ayres,Jeff,1610612759,SAS,San Antonio Spurs,0041300147,2014-05-04T00:00:00,SAS vs. DAL,W,3.8666666666666667,0,2,0.0,0,0,0.0,0,0,0.0,0,0,0,0,0,0,0,0,0,0,0,-4,0.0,0,0,0.0,1,1,1,1,1706,1505,1415,1505,731,1136,731,998,1036,998,924,1520,1606,1185,1096,784,499,1,1,1301,1567,1256,1769,155,4,1775,1,3:52,1
2013-14,201566,Russell Westbrook,Russell,1610612760,OKC,Oklahoma City Thunder,0041300157,2014-05-03T00:00:00,OKC vs. MEM,W,38.56666666666667,10,16,0.625,2,2,1.0,5,6,0.833,4,6,10,16,7,2,1,0,3,4,27,22,65.0,1,1,61.0,1,1,1,1,263,58,187,303,185,651,1,166,180,458,62,198,102,1,3,115,171,1,1177,272,80,43,6,1,1,8,1,38:34,1
2013-14,201939,Stephen Curry,Stephen,1610612744,GSW,Golden State Warriors,0041300167,2014-05-03T00:00:00,GSW @ LAC,L,45.83,7,17,0.412,3,7,0.429,16,16,1.0,1,4,5,9,2,3,0,1,4,10,33,2,59.5,0,0,56.0,1,944,944,944,21,226,162,962,75,67,409,2,8,1,449,457,496,30,298,43,499,1343,1541,9,22,707,19,155,4,20,1,45:50,1
2013-14,201142,Kevin Durant,Kevin,1610612760,OKC,Oklahoma City Thunder,0041300157,2014-05-03T00:00:00,OKC vs. MEM,W,42.403333333333336,12,18,0.667,5,5,1.0,4,6,0.667,0,8,8,2,5,0,1,1,3,4,33,20,43.6,0,0,50.0,1,1,1,1,104,21,125,209,14,226,1,230,180,646,924,93,213,529,29,784,171,1343,1177,272,22,65,131,155,4,49,1,42:24,1
2013-14,202331,Paul George,Paul,1610612754,IND,Indiana Pacers,0041300107,2014-05-03T00:00:00,IND vs. ATL,W,43.45666666666666,11,23,0.478,1,8,0.125,7,8,0.875,0,11,11,3,2,2,0,2,4,6,30,11,51.7,1,0,49.0,1,1,1,1,72,36,28,788,388,36,730,82,91,422,924,19,76,363,298,115,499,1748,1541,102,45,248,60,1,4,56,1,43:27,1
2013-14,101108,Chris Paul,Chris,1610612746,LAC,Los Angeles Clippers,0041300167,2014-05-03T00:00:00,LAC vs. GSW,W,42.1,8,15,0.533,1,3,0.333,5,5,1.0,0,2,2,14,2,4,0,1,3,5,22,-2,55.4,1,0,47.0,1,1,1,1,119,152,229,515,388,477,485,166,281,1,924,860,1057,4,298,15,499,1343,1177,175,166,1106,43,1,4,74,1,42:06,1
2013-14,201933,Blake Griffin,Blake,1610612746,LAC,Los Angeles Clippers,0041300167,2014-05-03T00:00:00,LAC vs. GSW,W,42.166666666666664,10,18,0.556,0,1,0.0,4,7,0.571,1,4,5,6,2,3,3,0,5,5,24,0,55.0,0,0,47.0,1,1,1,1,116,58,125,455,731,887,731,230,133,742,449,457,496,102,298,43,29,1,1747,175,130,882,44,155,4,74,1,42:10,1
2013-14,203110,Draymond Green,Draymond,1610612744,GSW,Golden State Warriors,0041300167,2014-05-03T00:00:00,GSW @ LAC,L,39.678333333333335,9,13,0.692,5,8,0.625,1,2,0.5,1,6,7,3,3,2,2,1,6,1,24,-7,45.9,0,0,47.0,1,944,944,944,205,101,325,204,14,36,163,783,621,751,449,198,285,363,143,115,70,1343,1865,915,130,1440,112,155,4,74,1,39:41,1
2013-14,200794,Paul Millsap,Paul,1610612737,ATL,Atlanta Hawks,0041300107,2014-05-03T00:00:00,ATL @ IND,L,43.85,6,21,0.286,0,5,0.0,3,5,0.6,10,7,17,4,2,4,1,5,4,10,15,-9,54.4,1,0,46.0,1,944,944,944,55,330,60,1299,731,226,731,345,281,722,1,144,9,237,298,15,171,1905,1541,9,427,1528,48,1,4,83,1,43:51,1
2013-14,201144,Mike Conley,Mike,1610612763,MEM,Memphis Grizzlies,0041300157,2014-05-03T00:00:00,MEM @ OKC,L,35.653333333333336,8,14,0.571,0,2,0.0,4,5,0.8,0,5,5,9,4,4,0,0,3,5,20,-11,47.5,0,0,42.0,1,944,944,944,405,152,271,418,731,651,731,230,281,498,924,320,496,30,70,15,499,1,1177,175,218,1612,91,155,4,118,1,35:39,1
2013-14,201188,Marc Gasol,Marc,1610612763,MEM,Memphis Grizzlies,0041300157,2014-05-03T00:00:00,MEM @ OKC,L,41.25,7,20,0.35,0,1,0.0,10,11,0.909,2,0,2,6,3,4,1,0,5,9,24,-11,47.4,0,0,42.0,1,944,944,944,144,226,80,1123,731,887,731,18,34,405,226,1520,1057,102,143,15,171,1,1747,23,130,1612,93,155,4,118,1,41:15,1
2013-14,201599,DeAndre Jordan,DeAndre,1610612746,LAC,Los Angeles Clippers,0041300167,2014-05-03T00:00:00,LAC vs. GSW,W,41.345,6,6,1.0,0,0,0.0,3,6,0.5,4,14,18,2,1,0,3,0,4,3,15,5,47.6,1,0,41.0,1,1,1,1,140,330,915,1,731,1136,731,345,180,751,62,5,3,529,618,784,29,1,1541,413,427,522,88,1,4,129,1,41:21,1
2013-14,202362,Lance Stephenson,Lance,1610612754,IND,Indiana Pacers,0041300107,2014-05-03T00:00:00,IND vs. ATL,W,39.26166666666666,8,12,0.667,1,3,0.333,2,4,0.5,5,9,14,5,4,0,0,0,1,3,19,10,39.3,1,0,39.0,1,1,1,1,225,152,391,209,388,477,485,500,347,751,30,47,24,151,70,784,499,1,394,413,247,294,199,1,4,163,1,39:16,1
2013-14,2561,David West,David,1610612754,IND,Indiana Pacers,0041300107,2014-05-03T00:00:00,IND vs. ATL,W,43.233333333333334,1,7,0.143,0,0,0.0,2,2,1.0,1,12,13,4,6,2,6,1,3,3,4,13,43.6,0,0,37.0,1,1,1,1,79,1208,811,1489,731,1136,731,500,621,1,449,13,41,237,11,115,1,1343,1177,413,1173,188,131,155,4,204,1,43:14,1
2013-14,2738,Andre Iguodala,Andre,1610612744,GSW,Golden State Warriors,0041300167,2014-05-03T00:00:00,GSW @ LAC,L,38.56666666666667,5,9,0.556,3,4,0.75,1,3,0.333,1,6,7,3,5,2,1,0,2,1,14,-12,30.9,0,0,33.0,1,944,944,944,263,458,622,455,75,336,93,783,538,970,449,198,285,363,29,115,171,1,801,915,495,1660,397,155,4,276,1,38:34,1
2013-14,200755,JJ Redick,JJ,1610612746,LAC,Los Angeles Clippers,0041300167,2014-05-03T00:00:00,LAC vs. GSW,W,30.805,7,13,0.538,3,8,0.375,3,4,0.75,0,3,3,1,2,2,0,0,0,2,20,18,29.1,0,0,31.0,1,1,1,1,614,226,325,499,75,36,471,345,347,542,924,632,831,791,298,115,499,1,1,610,218,83,457,155,4,354,1,30:48,1
2013-14,2037,Jamal Crawford,Jamal,1610612746,LAC,Los Angeles Clippers,0041300167,2014-05-03T00:00:00,LAC vs. GSW,W,29.098333333333333,7,12,0.583,3,6,0.5,5,5,1.0,1,1,2,0,3,2,0,1,1,3,22,2,27.4,0,0,31.0,1,1,1,1,688,226,391,401,75,128,201,166,281,1,449,1162,1057,1185,143,115,499,1343,394,413,166,707,516,155,4,354,1,29:06,1
2013-14,201579,Roy Hibbert,Roy,1610612754,IND,Indiana Pacers,0041300107,2014-05-03T00:00:00,IND vs. ATL,W,30.956666666666667,6,10,0.6,0,0,0.0,1,2,0.5,2,5,7,0,2,0,5,0,3,2,13,16,34.4,0,0,30.0,1,1,1,1,608,330,537,335,731,1136,731,783,621,751,226,320,285,1185,298,784,2,1,1177,610,552,119,305,155,4,378,1,30:57,1
2013-14,101135,David Lee,David,1610612744,GSW,Golden State Warriors,0041300167,2014-05-03T00:00:00,GSW @ LAC,L,38.42166666666667,4,9,0.444,0,0,0.0,5,6,0.833,4,9,13,3,3,0,0,2,3,4,13,7,30.1,1,0,29.0,1,944,944,944,271,599,622,849,731,1136,731,166,180,458,62,47,41,363,143,784,499,1748,1177,272,552,430,417,1,4,404,1,38:25,1
2013-14,201588,George Hill,George,1610612754,IND,Indiana Pacers,0041300107,2014-05-03T00:00:00,IND vs. ATL,W,43.638333333333335,3,10,0.3,0,5,0.0,9,9,1.0,1,4,5,4,1,2,0,0,2,6,15,16,32.0,0,0,28.0,1,1,1,1,65,783,537,1286,731,226,731,30,67,1,449,457,496,237,618,115,499,1,801,102,427,119,372,155,4,434,1,43:38,1
2013-14,202691,Klay Thompson,Klay,1610612744,GSW,Golden State Warriors,0041300167,2014-05-03T00:00:00,GSW @ LAC,L,38.51166666666666,4,11,0.364,2,5,0.4,5,6,0.833,0,0,0,7,2,1,1,0,2,3,15,-12,29.5,0,0,28.0,1,944,944,944,267,599,459,1094,185,226,430,166,180,458,924,1520,1606,64,298,305,171,1,801,413,427,1660,441,155,4,434,1,38:31,1
2013-14,201952,Jeff Teague,Jeff,1610612737,ATL,Atlanta Hawks,0041300107,2014-05-03T00:00:00,ATL @ IND,L,34.68333333333333,5,16,0.313,0,2,0.0,6,6,1.0,1,2,3,3,5,2,1,4,5,6,16,-13,28.1,0,0,28.0,1,944,944,944,451,458,187,1274,731,651,731,117,180,1,449,860,831,363,29,115,171,1899,1747,102,361,1687,493,155,4,434,1,34:41,1
2013-14,2594,Kyle Korver,Kyle,1610612737,ATL,Atlanta Hawks,0041300107,2014-05-03T00:00:00,ATL @ IND,L,45.288333333333334,6,13,0.462,5,10,0.5,2,3,0.667,1,2,3,0,3,0,0,0,2,1,19,-13,19.6,0,0,27.0,1,944,944,944,29,330,325,805,14,10,201,500,538,646,449,860,831,1185,143,784,499,1,801,915,247,1687,801,155,4,468,1,45:17,1
2013-14,2406,Caron Butler,Caron,1610612760,OKC,Oklahoma City Thunder,0041300157,2014-05-03T00:00:00,OKC vs. MEM,W,40.88333333333333,3,10,0.3,1,5,0.2,8,9,0.889,0,4,4,1,2,2,0,0,4,4,15,16,25.3,0,0,25.0,1,1,1,1,162,783,537,1286,388,226,669,53,67,414,924,457,643,791,298,115,499,1,1541,272,427,119,597,155,4,543,1,40:53,1
2013-14,202714,Shelvin Mack,Shelvin,1610612737,ATL,Atlanta Hawks,0041300107,2014-05-03T00:00:00,ATL @ IND,L,22.933333333333334,5,12,0.417,3,8,0.375,0,0,0.0,0,1,1,7,0,0,0,0,3,0,13,0,24.7,0,0,24.0,1,944,944,944,948,458,391,949,75,36,471,998,1036,998,924,1162,1328,64,1096,784,499,1,1177,1301,552,882,619,155,4,582,1,22:56,1
2013-14,201584,Courtney Lee,Courtney,1610612763,MEM,Memphis Grizzlies,0041300157,2014-05-03T00:00:00,MEM @ OKC,L,36.9,5,10,0.5,2,5,0.4,4,5,0.8,0,0,0,2,2,1,0,0,3,4,16,-18,20.0,0,0,22.0,1,944,944,944,341,458,537,534,185,226,430,230,281,498,924,1520,1606,529,298,305,499,1,1177,272,361,1808,782,155,4,657,1,36:54,1
2013-14,202704,Reggie Jackson,Reggie,1610612760,OKC,Oklahoma City Thunder,0041300157,2014-05-03T00:00:00,OKC vs. MEM,W,26.113333333333333,5,6,0.833,2,3,0.667,4,4,1.0,0,3,3,1,2,0,0,0,3,4,16,0,19.1,0,0,22.0,1,1,1,1,819,458,915,112,185,477,112,230,347,1,924,632,831,791,298,784,499,1,1177,272,361,882,823,155,4,657,1,26:07,1
2013-14,203118,Mike Scott,Mike,1610612737,ATL,Atlanta Hawks,0041300107,2014-05-03T00:00:00,ATL @ IND,L,28.21,5,14,0.357,3,10,0.3,2,2,1.0,0,3,3,0,0,0,0,2,3,2,15,-14,18.6,0,0,21.0,1,944,944,944,730,458,271,1116,75,10,596,500,621,1,924,632,831,1185,1096,784,499,1748,1177,610,427,1721,839,155,4,693,1,28:13,1
2013-14,202720,Jon Leuer,Jon,1610612763,MEM,Memphis Grizzlies,0041300157,2014-05-03T00:00:00,MEM @ OKC,L,19.083333333333332,3,5,0.6,1,2,0.5,2,2,1.0,2,5,7,1,0,1,0,0,2,3,9,-1,21.9,0,0,20.0,1,944,944,944,1113,783,1021,335,388,651,201,500,621,1,226,320,285,791,1096,305,499,1,801,413,777,1010,705,155,4,731,1,19:05,1
2013-14,201586,Serge Ibaka,Serge,1610612760,OKC,Oklahoma City Thunder,0041300157,2014-05-03T00:00:00,OKC vs. MEM,W,27.983333333333334,6,8,0.75,0,0,0.0,0,0,0.0,4,0,4,0,1,2,0,0,4,1,12,23,21.8,0,0,20.0,1,1,1,1,741,330,710,145,731,1136,731,998,1036,998,62,1520,643,1185,618,115,499,1,1541,915,601,31,710,155,4,731,1,27:59,1
2013-14,2440,Matt Barnes,Matt,1610612746,LAC,Los Angeles Clippers,0041300167,2014-05-03T00:00:00,LAC vs. GSW,W,29.201666666666668,5,8,0.625,1,4,0.25,2,2,1.0,0,3,3,1,1,1,0,0,4,1,13,-6,20.1,0,0,20.0,1,1,1,1,682,458,710,303,388,336,614,500,621,1,924,632,831,791,618,305,499,1,1541,915,552,1382,777,155,4,731,1,29:12,1
2013-14,2754,Tony Allen,Tony,1610612763,MEM,Memphis Grizzlies,0041300157,2014-05-03T00:00:00,MEM @ OKC,L,36.05833333333333,4,11,0.364,0,1,0.0,7,8,0.875,2,2,4,1,2,0,0,2,4,4,15,-10,19.3,0,0,20.0,1,944,944,944,382,599,459,1094,731,887,731,82,91,422,226,860,643,791,298,784,499,1748,1541,272,427,1568,812,155,4,731,1,36:04,1
2013-14,2757,Beno Udrih,Beno,1610612763,MEM,Memphis Grizzlies,0041300157,2014-05-03T00:00:00,MEM @ OKC,L,17.08,4,8,0.5,1,2,0.5,3,3,1.0,0,0,0,0,1,1,0,0,1,2,12,1,14.0,0,0,15.0,1,944,944,944,1209,599,710,534,388,651,201,345,538,1,924,1520,1606,1185,618,305,499,1,394,610,601,796,1031,155,4,947,1,17:05,1
2013-14,201578,Marreese Speights,Marreese,1610612744,GSW,Golden State Warriors,0041300167,2014-05-03T00:00:00,GSW @ LAC,L,10.423333333333334,5,9,0.556,0,0,0.0,0,1,0.0,1,1,2,0,0,1,0,2,2,1,10,2,15.4,0,0,14.0,1,944,944,944,1481,458,622,455,731,1136,731,998,968,998,449,1162,1057,1185,1096,305,499,1748,801,915,720,707,965,155,4,992,1,10:25,1
2013-14,202348,Jordan Crawford,Jordan,1610612744,GSW,Golden State Warriors,0041300167,2014-05-03T00:00:00,GSW @ LAC,L,11.785,5,9,0.556,1,1,1.0,1,1,1.0,1,0,1,0,2,0,0,0,1,1,12,-1,11.2,0,0,14.0,1,944,944,944,1431,458,622,455,388,887,1,783,968,1,449,1520,1328,1185,298,784,499,1,394,915,601,1010,1173,155,4,992,1,11:47,1
2013-14,201960,DeMarre Carroll,DeMarre,1610612737,ATL,Atlanta Hawks,0041300107,2014-05-03T00:00:00,ATL @ IND,L,29.485,1,7,0.143,0,5,0.0,0,0,0.0,1,4,5,0,0,1,2,1,3,0,2,-11,17.0,0,0,13.0,1,944,944,944,668,1208,811,1489,731,226,731,998,1036,998,449,457,496,1185,1096,305,70,1343,1177,1301,1377,1612,904,155,4,1036,1,29:29,1
2013-14,201954,Darren Collison,Darren,1610612746,LAC,Los Angeles Clippers,0041300167,2014-05-03T00:00:00,LAC vs. GSW,W,15.266666666666667,2,6,0.333,0,1,0.0,4,4,1.0,0,2,2,1,1,1,0,1,2,2,8,-2,13.9,0,0,13.0,1,1,1,1,1288,987,915,1129,731,887,731,230,347,1,924,860,1057,791,618,305,499,1343,801,610,858,1106,1038,155,4,1036,1,15:16,1
2013-14,965,Derek Fisher,Derek,1610612760,OKC,Oklahoma City Thunder,0041300157,2014-05-03T00:00:00,OKC vs. MEM,W,24.7,1,4,0.25,1,3,0.333,2,2,1.0,0,2,2,1,1,1,0,0,3,2,5,-5,10.9,0,0,11.0,1,1,1,1,883,1208,1145,1349,388,477,485,500,621,1,924,860,1057,791,618,305,499,1,1177,610,1095,1316,1192,155,4,1128,1,24:42,1
2013-14,201585,Kosta Koufos,Kosta,1610612763,MEM,Memphis Grizzlies,0041300157,2014-05-03T00:00:00,MEM @ OKC,L,6.75,2,3,0.667,0,0,0.0,0,0,0.0,3,1,4,0,0,1,0,0,0,0,4,0,11.8,0,0,10.0,1,944,944,944,1599,987,1273,209,731,1136,731,998,1036,998,114,1162,643,1185,1096,305,499,1,1,1301,1173,882,1134,155,4,1187,1,6:45,1
2013-14,2419,Tayshaun Prince,Tayshaun,1610612763,MEM,Memphis Grizzlies,0041300157,2014-05-03T00:00:00,MEM @ OKC,L,15.641666666666667,3,6,0.5,0,1,0.0,0,0,0.0,0,3,3,1,0,0,0,0,2,1,6,-5,11.1,0,0,10.0,1,944,944,944,1271,783,915,534,731,887,731,998,1036,998,924,632,831,791,1096,784,499,1,801,915,1001,1316,1181,155,4,1187,1,15:39,1
2013-14,2034,Mike Miller,Mike,1610612763,MEM,Memphis Grizzlies,0041300157,2014-05-03T00:00:00,MEM @ OKC,L,28.916666666666668,1,3,0.333,1,3,0.333,0,0,0.0,0,2,2,2,2,1,0,0,2,0,3,-10,9.4,0,0,10.0,1,944,944,944,698,1208,1273,1129,388,477,485,998,1036,998,924,860,1057,529,298,305,499,1,801,1301,1282,1568,1259,155,4,1187,1,28:55,1
2013-14,201228,C.J. Watson,C.J.,1610612754,IND,Indiana Pacers,0041300107,2014-05-03T00:00:00,IND vs. ATL,W,18.69333333333333,3,6,0.5,0,1,0.0,1,2,0.5,0,3,3,0,2,0,0,1,3,2,7,0,8.6,0,0,10.0,1,1,1,1,1129,783,915,534,731,887,731,783,621,751,924,632,831,1185,298,784,499,1343,1177,610,944,882,1307,155,4,1187,1,18:42,1
2013-14,203544,Pero Antic,Pero,1610612737,ATL,Atlanta Hawks,0041300107,2014-05-03T00:00:00,ATL @ IND,L,20.80666666666667,0,5,0.0,0,3,0.0,0,0,0.0,2,2,4,1,0,2,0,1,3,0,0,2,12.3,0,0,9.0,1,944,944,944,1041,1505,1021,1505,731,477,731,998,1036,998,226,860,643,791,1096,115,499,1343,1177,1301,1567,707,1117,155,4,1237,1,20:48,1
2013-14,203500,Steven Adams,Steven,1610612760,OKC,Oklahoma City Thunder,0041300157,2014-05-03T00:00:00,OKC vs. MEM,W,25.45,3,3,1.0,0,0,0.0,2,3,0.667,1,0,1,0,1,0,0,0,4,3,8,-20,8.2,0,0,9.0,1,1,1,1,846,783,1273,1,731,1136,731,500,538,646,449,1520,1328,1185,618,784,499,1,1541,413,858,1842,1331,155,4,1237,1,25:27,1
2013-14,101133,Ian Mahinmi,Ian,1610612754,IND,Indiana Pacers,0041300107,2014-05-03T00:00:00,IND vs. ATL,W,13.966666666666667,0,0,0.0,0,0,0.0,1,2,0.5,1,1,2,1,0,0,2,0,1,2,1,-4,10.9,0,0,8.0,1,1,1,1,1337,1505,1728,1505,731,1136,731,783,621,751,449,1162,1057,791,1096,784,70,1,394,610,1541,1256,1192,155,4,1289,1,13:58,1
2013-14,101122,Danny Granger,Danny,1610612746,LAC,Los Angeles Clippers,0041300167,2014-05-03T00:00:00,LAC vs. GSW,W,3.4166666666666665,0,1,0.0,0,1,0.0,0,0,0.0,0,1,1,1,1,1,1,1,2,0,0,7,7.7,0,0,6.0,1,1,1,1,1726,1505,1565,1505,731,887,731,998,1036,998,924,1162,1328,791,618,305,171,1343,801,1301,1567,430,1351,155,4,1399,1,3:25,1
2013-14,2570,Kendrick Perkins,Kendrick,1610612760,OKC,Oklahoma City Thunder,0041300157,2014-05-03T00:00:00,OKC vs. MEM,W,9.616666666666667,2,2,1.0,0,0,0.0,0,0,0.0,0,0,0,1,1,0,0,0,4,0,4,13,4.5,0,0,5.0,1,1,1,1,1501,987,1415,1,731,1136,731,998,1036,998,924,1520,1606,791,618,784,499,1,1541,1301,1173,188,1504,155,4,1446,1,9:37,1
2013-14,201175,Glen Davis,Glen,1610612746,LAC,Los Angeles Clippers,0041300167,2014-05-03T00:00:00,LAC vs. GSW,W,6.6,1,4,0.25,0,0,0.0,0,0,0.0,1,1,2,0,0,0,0,2,0,0,2,3,4.4,0,0,4.0,1,1,1,1,1603,1208,1145,1349,731,1136,731,998,1036,998,449,1162,1057,1185,1096,784,499,1748,1,1301,1377,639,1510,155,4,1505,1,6:36,1
2013-14,203084,Harrison Barnes,Harrison,1610612744,GSW,Golden State Warriors,0041300167,2014-05-03T00:00:00,GSW @ LAC,L,13.235,0,1,0.0,0,0,0.0,0,0,0.0,0,2,2,0,1,0,1,0,1,0,0,0,4.4,0,0,4.0,1,944,944,944,1374,1505,1565,1505,731,1136,731,998,1036,998,924,860,1057,1185,618,784,171,1,394,1301,1567,882,1510,155,4,1505,1,13:14,1
2013-14,203142,Chris Copeland,Chris,1610612754,IND,Indiana Pacers,0041300107,2014-05-03T00:00:00,IND vs. ATL,W,6.793333333333333,1,2,0.5,1,1,1.0,0,0,0.0,0,0,0,0,0,0,0,0,2,0,3,-2,3.0,0,0,4.0,1,1,1,1,1595,1208,1415,534,388,887,1,998,1036,998,924,1520,1606,1185,1096,784,499,1,801,1301,1282,1106,1593,155,4,1505,1,6:48,1
2013-14,101150,Lou Williams,Lou,1610612737,ATL,Atlanta Hawks,0041300107,2014-05-03T00:00:00,ATL @ IND,L,11.61,0,3,0.0,0,1,0.0,0,0,0.0,0,2,2,1,0,0,0,0,0,0,0,1,3.9,0,0,3.0,1,944,944,944,1442,1505,1273,1505,731,887,731,998,1036,998,924,860,1057,791,1096,784,499,1,1,1301,1567,796,1551,155,4,1573,1,11:37,1
2013-14,979,Jermaine O'Neal,Jermaine,1610612744,GSW,Golden State Warriors,0041300167,2014-05-03T00:00:00,GSW @ LAC,L,2.9166666666666665,0,1,0.0,0,0,0.0,0,0,0.0,0,0,0,0,0,0,1,1,0,0,0,-6,3.0,0,0,2.0,1,944,944,944,1750,1505,1565,1505,731,1136,731,998,1036,998,924,1520,1606,1185,1096,784,171,1343,1,1301,1567,1382,1593,155,4,1628,1,2:55,1
2013-14,203479,Jamaal Franklin,Jamaal,1610612763,MEM,Memphis Grizzlies,0041300157,2014-05-03T00:00:00,MEM @ OKC,L,1.3333333333333333,0,2,0.0,0,0,0.0,0,0,0.0,0,1,1,0,0,0,0,0,0,0,0,5,1.2,0,0,1.0,1,944,944,944,1831,1505,1415,1505,731,1136,731,998,1036,998,924,1162,1328,1185,1096,784,499,1,1,1301,1567,522,1694,155,4,1690,1,1:20,1
2013-14,202334,Ed Davis,Ed,1610612763,MEM,Memphis Grizzlies,0041300157,2014-05-03T00:00:00,MEM @ OKC,L,1.3333333333333333,0,1,0.0,0,0,0.0,0,0,0.0,1,0,1,0,0,0,0,0,0,0,0,5,1.2,0,0,1.0,1,944,944,944,1831,1505,1565,1505,731,1136,731,998,1036,998,449,1520,1328,1185,1096,784,499,1,1,1301,1567,522,1694,155,4,1690,1,1:20,1
2013-14,203087,Jeremy Lamb,Jeremy,1610612760,OKC,Oklahoma City Thunder,0041300157,2014-05-03T00:00:00,OKC vs. MEM,W,2.95,0,2,0.0,0,1,0.0,0,0,0.0,0,1,1,0,0,0,0,0,0,0,0,-9,1.2,0,0,1.0,1,1,1,1,1749,1505,1415,1505,731,887,731,998,1036,998,924,1162,1328,1185,1096,784,499,1,1,1301,1567,1528,1694,155,4,1690,1,2:57,1
2013-14,200756,Hilton Armstrong,Hilton,1610612744,GSW,Golden State Warriors,0041300167,2014-05-03T00:00:00,GSW @ LAC,L,0.45166666666666666,0,0,0.0,0,0,0.0,0,0,0.0,0,0,0,0,0,0,0,0,0,0,0,4,0.0,0,0,0.0,1,944,944,944,1874,1505,1728,1505,731,1136,731,998,1036,998,924,1520,1606,1185,1096,784,499,1,1,1301,1567,576,1769,155,4,1775,1,0:27,1
2013-14,2581,Steve Blake,Steve,1610612744,GSW,Golden State Warriors,0041300167,2014-05-03T00:00:00,GSW @ LAC,L,0.18,0,0,0.0,0,0,0.0,0,0,0.0,0,0,0,0,0,0,0,0,0,0,0,-2,0.0,0,0,0.0,1,944,944,944,1884,1505,1728,1505,731,1136,731,998,1036,998,924,1520,1606,1185,1096,784,499,1,1,1301,1567,1106,1769,155,4,1775,1,0:11,1
2013-14,1882,Elton Brand,Elton,1610612737,ATL,Atlanta Hawks,0041300107,2014-05-03T00:00:00,ATL @ IND,L,3.1333333333333333,0,1,0.0,0,0,0.0,0,0,0.0,0,0,0,0,0,0,0,0,1,0,0,-3,0.0,0,0,0.0,1,944,944,944,1736,1505,1565,1505,731,1136,731,998,1036,998,924,1520,1606,1185,1096,784,499,1,394,1301,1567,1183,1769,155,4,1775,1,3:08,1
2013-14,203103,Perry Jones III,Perry,1610612760,OKC,Oklahoma City Thunder,0041300157,2014-05-03T00:00:00,OKC vs. MEM,W,1.3333333333333333,0,0,0.0,0,0,0.0,0,0,0.0,0,0,0,0,0,0,0,0,0,0,0,-5,0.0,0,0,0.0,1,1,1,1,1831,1505,1728,1505,731,1136,731,998,1036,998,924,1520,1606,1185,1096,784,499,1,1,1301,1567,1316,1769,155,4,1775,1,1:20,1
2013-14,201935,James Harden,James,1610612745,HOU,Houston Rockets,0041300176,2014-05-02T00:00:00,HOU @ POR,L,41.9,9,15,0.6,4,6,0.667,12,12,1.0,0,4,4,6,4,4,0,1,3,7,34,7,55.8,0,0,56.0,1,944,944,944,125,101,229,335,31,128,112,10,20,1,924,457,643,102,70,15,499,1343,1177,64,18,430,38,155,4,20,1,41:54,1
2013-14,203081,Damian Lillard,Damian,1610612757,POR,Portland Trail Blazers,0041300176,2014-05-02T00:00:00,POR vs. HOU,W,43.4,8,14,0.571,6,10,0.6,3,3,1.0,1,5,6,3,4,3,1,0,2,3,25,2,44.7,0,0,48.0,1,1,1,1,74,152,271,418,7,10,167,345,538,1,449,320,388,363,70,43,171,1,801,413,107,707,121,155,4,63,1,43:24,1
2013-14,2730,Dwight Howard,Dwight,1610612745,HOU,Houston Rockets,0041300176,2014-05-02T00:00:00,HOU @ POR,L,39.833333333333336,10,18,0.556,0,0,0.0,6,11,0.545,5,6,11,3,3,1,2,3,4,7,26,-2,49.7,1,0,46.0,1,944,944,944,193,58,125,455,731,1136,731,117,34,748,30,198,76,363,143,305,70,1865,1541,64,93,1106,72,1,4,83,1,39:50,1
2013-14,200746,LaMarcus Aldridge,LaMarcus,1610612757,POR,Portland Trail Blazers,0041300176,2014-05-02T00:00:00,POR vs. HOU,W,39.858333333333334,10,26,0.385,0,0,0.0,10,10,1.0,4,9,13,2,1,0,0,0,4,9,30,-3,47.6,1,0,45.0,1,1,1,1,191,58,10,1045,731,1136,731,18,43,1,62,47,41,529,618,784,499,1,1541,23,45,1183,88,1,4,94,1,39:52,1
2013-14,201942,DeMar DeRozan,DeMar,1610612761,TOR,Toronto Raptors,0041300126,2014-05-02T00:00:00,TOR @ BKN,L,40.166666666666664,8,18,0.444,2,3,0.667,10,11,0.909,0,6,6,4,1,2,0,0,3,6,28,-4,46.2,0,0,44.0,1,944,944,944,185,152,125,849,185,477,112,18,34,405,924,198,388,237,618,115,499,1,1177,102,69,1256,108,155,4,102,1,40:10,1
2013-14,101114,Deron Williams,Deron,1610612751,BKN,Brooklyn Nets,0041300126,2014-05-02T00:00:00,BKN vs. TOR,W,38.05833333333333,8,16,0.5,4,10,0.4,3,4,0.75,0,5,5,4,2,1,0,0,1,2,23,25,36.0,0,0,38.0,1,1,1,1,283,152,187,534,31,10,430,345,347,542,924,320,496,237,298,305,499,1,394,610,148,20,271,155,4,178,1,38:04,1
2013-14,101145,Monta Ellis,Monta,1610612742,DAL,Dallas Mavericks,0041300146,2014-05-02T00:00:00,DAL vs. SAS,W,34.885,11,22,0.5,3,6,0.5,4,6,0.667,0,2,2,2,5,1,0,1,1,6,29,-4,32.4,0,0,38.0,1,1,1,1,444,36,44,534,75,128,201,230,180,646,924,860,1057,529,29,305,499,1343,394,102,55,1256,366,155,4,178,1,34:53,1
2013-14,201971,DeJuan Blair,DeJuan,1610612742,DAL,Dallas Mavericks,0041300146,2014-05-02T00:00:00,DAL vs. SAS,W,28.92,3,10,0.3,0,0,0.0,4,7,0.571,5,9,14,1,2,4,0,2,3,4,10,11,38.3,1,0,33.0,1,1,1,1,697,783,537,1286,731,1136,731,230,133,742,30,47,24,791,298,15,499,1748,1177,272,720,248,215,1,4,276,1,28:55,1
2013-14,202718,Chandler Parsons,Chandler,1610612745,HOU,Houston Rockets,0041300176,2014-05-02T00:00:00,HOU @ POR,L,42.415,7,17,0.412,2,4,0.5,0,0,0.0,3,9,12,3,1,0,0,0,1,0,16,7,33.9,1,0,33.0,1,944,944,944,103,226,162,962,185,336,201,998,1036,998,114,47,58,363,618,784,499,1,394,1301,361,430,323,1,4,276,1,42:25,1
2013-14,1495,Tim Duncan,Tim,1610612759,SAS,San Antonio Spurs,0041300146,2014-05-02T00:00:00,SAS @ DAL,L,33.806666666666665,7,9,0.778,0,0,0.0,2,2,1.0,3,6,9,4,1,0,2,0,5,1,16,0,37.8,0,0,33.0,1,944,944,944,487,226,622,138,731,1136,731,500,621,1,114,198,151,237,618,784,70,1,1747,915,361,882,225,155,4,276,1,33:48,1
2013-14,201168,Tiago Splitter,Tiago,1610612759,SAS,San Antonio Spurs,0041300146,2014-05-02T00:00:00,SAS @ DAL,L,32.715,4,7,0.571,0,1,0.0,11,12,0.917,2,6,8,2,0,2,0,0,2,6,19,-10,37.6,0,0,33.0,1,944,944,944,539,599,811,418,731,887,731,15,20,403,226,198,213,529,1096,115,499,1,801,102,247,1568,228,155,4,276,1,32:43,1
2013-14,2225,Tony Parker,Tony,1610612759,SAS,San Antonio Spurs,0041300146,2014-05-02T00:00:00,SAS @ DAL,L,36.02,10,23,0.435,1,2,0.5,1,2,0.5,0,3,3,6,5,0,0,1,3,2,22,-1,29.6,0,0,32.0,1,944,944,944,388,58,28,888,388,651,201,783,621,751,924,632,831,102,29,784,499,1343,1177,610,166,1010,437,155,4,311,1,36:01,1
2013-14,1718,Paul Pierce,Paul,1610612751,BKN,Brooklyn Nets,0041300126,2014-05-02T00:00:00,BKN vs. TOR,W,34.94166666666667,4,9,0.444,2,5,0.4,2,2,1.0,0,6,6,3,1,3,1,0,3,5,12,21,34.7,0,0,31.0,1,1,1,1,439,599,622,849,185,226,430,500,621,1,924,198,388,363,618,43,171,1,1177,175,601,53,298,155,4,354,1,34:57,1
2013-14,1717,Dirk Nowitzki,Dirk,1610612742,DAL,Dallas Mavericks,0041300146,2014-05-02T00:00:00,DAL vs. SAS,W,38.275,11,20,0.55,0,3,0.0,0,0,0.0,0,5,5,3,4,0,0,0,3,4,22,-2,28.5,0,0,30.0,1,1,1,1,274,36,80,482,731,477,731,998,1036,998,924,320,496,363,70,784,499,1,1177,272,166,1106,476,155,4,378,1,38:17,1
2013-14,201577,Robin Lopez,Robin,1610612757,POR,Portland Trail Blazers,0041300176,2014-05-02T00:00:00,POR vs. HOU,W,39.175,5,10,0.5,0,0,0.0,2,2,1.0,4,3,7,0,0,1,4,1,3,2,12,-9,35.4,0,0,29.0,1,1,1,1,228,458,537,534,731,1136,731,500,621,1,62,632,285,1185,1096,305,10,1343,1177,610,601,1528,279,155,4,404,1,39:11,1
2013-14,201980,Danny Green,Danny,1610612759,SAS,San Antonio Spurs,0041300146,2014-05-02T00:00:00,SAS @ DAL,L,29.22833333333333,7,7,1.0,2,2,1.0,1,2,0.5,0,5,5,0,2,0,2,0,1,1,17,-1,27.0,0,0,28.0,1,944,944,944,680,226,811,1,185,651,1,783,621,751,924,320,496,1185,298,784,70,1,394,915,314,1010,536,155,4,434,1,29:14,1
2013-14,201587,Nicolas Batum,Nicolas,1610612757,POR,Portland Trail Blazers,0041300176,2014-05-02T00:00:00,POR vs. HOU,W,39.56666666666667,4,10,0.4,1,6,0.167,0,0,0.0,1,1,2,7,2,3,1,0,4,0,9,3,31.9,0,0,27.0,1,1,1,1,211,599,537,970,388,128,702,998,1036,998,449,1162,1057,64,298,43,171,1,1541,1301,777,639,376,155,4,468,1,39:34,1
2013-14,101181,Jose Calderon,Jose,1610612742,DAL,Dallas Mavericks,0041300146,2014-05-02T00:00:00,DAL vs. SAS,W,32.44833333333333,5,9,0.556,2,3,0.667,0,0,0.0,1,4,5,6,1,1,0,0,2,2,12,6,29.0,0,0,27.0,1,1,1,1,547,458,622,455,185,477,112,998,1036,998,449,457,496,102,618,305,499,1,801,610,601,482,460,155,4,468,1,32:27,1
2013-14,200768,Kyle Lowry,Kyle,1610612761,TOR,Toronto Raptors,0041300126,2014-05-02T00:00:00,TOR @ BKN,L,38.13,4,16,0.25,2,7,0.286,1,2,0.5,1,3,4,4,4,3,0,2,5,2,11,-24,26.8,0,0,27.0,1,944,944,944,279,599,187,1349,185,67,598,783,621,751,449,632,643,237,70,43,499,1748,1747,610,669,1883,540,155,4,468,1,38:08,1
2013-14,202695,Kawhi Leonard,Kawhi,1610612759,SAS,San Antonio Spurs,0041300146,2014-05-02T00:00:00,SAS @ DAL,L,34.61,4,9,0.444,1,2,0.5,3,4,0.75,0,6,6,1,1,3,0,0,4,3,12,7,28.7,0,0,26.0,1,944,944,944,455,599,622,849,388,651,201,345,347,542,924,198,388,791,618,43,499,1,1541,413,601,430,472,155,4,506,1,34:37,1
2013-14,1713,Vince Carter,Vince,1610612742,DAL,Dallas Mavericks,0041300146,2014-05-02T00:00:00,DAL vs. SAS,W,27.55666666666667,4,6,0.667,2,4,0.5,3,4,0.75,2,4,6,2,1,1,0,0,3,5,13,13,25.2,0,0,25.0,1,1,1,1,764,599,915,209,185,336,201,345,347,542,226,457,388,529,618,305,499,1,1177,175,552,188,600,155,4,543,1,27:33,1
2013-14,101187,Alan Anderson,Alan,1610612751,BKN,Brooklyn Nets,0041300126,2014-05-02T00:00:00,BKN vs. TOR,W,31.35,4,10,0.4,0,2,0.0,1,2,0.5,3,6,9,3,1,1,0,1,4,1,9,12,26.3,0,0,23.0,1,1,1,1,594,599,537,970,731,651,731,783,621,751,114,198,151,363,618,305,499,1343,1541,915,777,210,556,155,4,619,1,31:21,1
2013-14,708,Kevin Garnett,Kevin,1610612751,BKN,Brooklyn Nets,0041300126,2014-05-02T00:00:00,BKN vs. TOR,W,26.575,5,7,0.714,0,0,0.0,3,4,0.75,0,5,5,0,1,0,2,0,0,4,13,7,24.0,0,0,22.0,1,1,1,1,802,458,811,184,731,1136,731,345,347,542,924,320,496,1185,618,784,70,1,1,272,552,430,644,155,4,657,1,26:35,1
2013-14,101154,Andray Blatche,Andray,1610612751,BKN,Brooklyn Nets,0041300126,2014-05-02T00:00:00,BKN vs. TOR,W,20.783333333333335,4,8,0.5,0,0,0.0,0,0,0.0,1,6,7,1,3,1,2,1,0,2,8,8,23.9,0,0,22.0,1,1,1,1,1043,599,710,534,731,1136,731,998,1036,998,449,198,285,791,143,305,70,1343,1,610,858,374,648,155,4,657,1,20:47,1
2013-14,2207,Joe Johnson,Joe,1610612751,BKN,Brooklyn Nets,0041300126,2014-05-02T00:00:00,BKN vs. TOR,W,39.53333333333333,5,12,0.417,0,1,0.0,7,9,0.778,0,0,0,3,2,0,0,0,0,5,17,23,19.5,0,0,20.0,1,1,1,1,214,458,391,949,731,887,731,82,67,533,924,1520,1606,363,298,784,499,1,1,175,314,31,803,155,4,731,1,39:32,1
2013-14,202083,Wesley Matthews,Wesley,1610612757,POR,Portland Trail Blazers,0041300176,2014-05-02T00:00:00,POR vs. HOU,W,39.66,4,13,0.308,2,8,0.25,2,4,0.5,1,2,3,0,3,1,0,0,4,5,12,3,15.6,0,0,19.0,1,1,1,1,207,599,325,1278,185,36,614,500,347,751,449,860,831,1185,143,305,499,1,1541,175,601,639,957,155,4,773,1,39:40,1
2013-14,201600,Omer Asik,Omer,1610612745,HOU,Houston Rockets,0041300176,2014-05-02T00:00:00,HOU @ POR,L,32.66833333333334,1,2,0.5,0,0,0.0,2,2,1.0,3,4,7,1,2,2,1,0,6,2,4,16,20.9,0,0,18.0,1,944,944,944,540,1208,1415,534,731,1136,731,500,621,1,114,457,285,791,298,115,171,1,1865,610,1173,119,742,155,4,815,1,32:40,1
2013-14,202685,Jonas Valančiūnas,Jonas,1610612761,TOR,Toronto Raptors,0041300126,2014-05-02T00:00:00,TOR @ BKN,L,25.93,4,5,0.8,0,0,0.0,1,2,0.5,3,6,9,0,3,0,0,0,4,1,9,-13,16.8,0,0,18.0,1,944,944,944,826,599,1021,119,731,1136,731,783,621,751,114,198,151,1185,143,784,499,1,1541,915,777,1687,911,155,4,815,1,25:56,1
2013-14,201988,Patty Mills,Patty,1610612759,SAS,San Antonio Spurs,0041300146,2014-05-02T00:00:00,SAS @ DAL,L,15.763333333333334,4,6,0.667,2,2,1.0,0,0,0.0,0,2,2,2,2,1,0,1,2,0,10,1,16.4,0,0,18.0,1,944,944,944,1267,599,915,209,185,651,1,998,1036,998,924,860,1057,529,298,305,499,1343,801,1301,720,796,928,155,4,815,1,15:46,1
2013-14,202335,Patrick Patterson,Patrick,1610612761,TOR,Toronto Raptors,0041300126,2014-05-02T00:00:00,TOR @ BKN,L,25.9,3,9,0.333,1,3,0.333,1,2,0.5,1,2,3,1,1,0,2,2,0,1,8,-6,18.1,0,0,17.0,1,944,944,944,828,783,622,1129,388,477,485,783,621,751,449,860,831,791,618,784,70,1748,1,915,858,1382,853,155,4,852,1,25:54,1
2013-14,202349,Greivis Vasquez,Greivis,1610612761,TOR,Toronto Raptors,0041300126,2014-05-02T00:00:00,TOR @ BKN,L,24.45,4,10,0.4,1,3,0.333,0,0,0.0,0,3,3,2,1,1,0,0,3,0,9,-3,17.6,0,0,17.0,1,944,944,944,893,599,537,970,388,477,485,998,1036,998,924,632,831,529,618,305,499,1,1177,1301,777,1183,872,155,4,852,1,24:27,1
2013-14,2564,Boris Diaw,Boris,1610612759,SAS,San Antonio Spurs,0041300146,2014-05-02T00:00:00,SAS @ DAL,L,22.923333333333332,3,5,0.6,1,2,0.5,2,2,1.0,0,2,2,0,0,2,0,0,2,3,9,0,17.4,0,0,16.0,1,944,944,944,950,783,1021,335,388,651,201,500,621,1,924,860,1057,1185,1096,115,499,1,801,413,777,882,882,155,4,901,1,22:55,1
2013-14,1938,Manu Ginobili,Manu,1610612759,SAS,San Antonio Spurs,0041300146,2014-05-02T00:00:00,SAS @ DAL,L,23.176666666666666,1,8,0.125,0,5,0.0,4,4,1.0,1,2,3,5,3,1,0,0,3,3,6,-9,17.1,0,0,16.0,1,944,944,944,944,1208,710,1496,731,226,731,230,347,1,449,860,831,151,143,305,499,1,1177,413,1001,1528,896,155,4,901,1,23:11,1
2013-14,202391,Jeremy Lin,Jeremy,1610612745,HOU,Houston Rockets,0041300176,2014-05-02T00:00:00,HOU @ POR,L,32.335,4,13,0.308,1,6,0.167,2,4,0.5,0,1,1,3,3,0,0,1,1,3,11,-3,13.7,0,0,16.0,1,944,944,944,552,599,325,1278,388,128,702,500,347,751,924,1162,1328,363,143,784,499,1343,394,413,669,1183,1046,155,4,901,1,32:20,1
2013-14,2734,Devin Harris,Devin,1610612742,DAL,Dallas Mavericks,0041300146,2014-05-02T00:00:00,DAL vs. SAS,W,25.533333333333335,4,8,0.5,0,0,0.0,3,4,0.75,0,0,0,2,0,0,1,0,1,2,11,3,17.0,0,0,15.0,1,1,1,1,843,599,710,534,731,1136,731,345,347,542,924,1520,1606,529,1096,784,171,1,394,610,669,639,904,155,4,947,1,25:32,1
2013-14,203082,Terrence Ross,Terrence,1610612761,TOR,Toronto Raptors,0041300126,2014-05-02T00:00:00,TOR @ BKN,L,22.883333333333333,3,9,0.333,0,4,0.0,0,0,0.0,0,3,3,1,0,1,1,0,2,1,6,-14,17.1,0,0,14.0,1,944,944,944,951,783,622,1129,731,336,731,998,1036,998,924,632,831,791,1096,305,171,1,801,915,1001,1721,896,155,4,992,1,22:53,1
2013-14,203080,Thomas Robinson,Thomas,1610612757,POR,Portland Trail Blazers,0041300176,2014-05-02T00:00:00,POR vs. HOU,W,16.14,3,5,0.6,0,0,0.0,2,2,1.0,1,2,3,1,0,1,0,1,0,1,8,5,16.1,0,0,14.0,1,1,1,1,1241,783,1021,335,731,1136,731,500,621,1,449,860,831,791,1096,305,499,1343,1,915,858,522,939,155,4,992,1,16:08,1
2013-14,2223,Samuel Dalembert,Samuel,1610612742,DAL,Dallas Mavericks,0041300146,2014-05-02T00:00:00,DAL vs. SAS,W,18.733333333333334,3,4,0.75,0,0,0.0,0,0,0.0,4,0,4,0,2,1,1,0,2,0,6,-5,14.8,0,0,14.0,1,1,1,1,1127,783,1145,145,731,1136,731,998,1036,998,62,1520,643,1185,298,305,171,1,801,1301,1001,1316,1000,155,4,992,1,18:44,1
2013-14,1890,Shawn Marion,Shawn,1610612742,DAL,Dallas Mavericks,0041300146,2014-05-02T00:00:00,DAL vs. SAS,W,25.44,3,6,0.5,0,1,0.0,1,3,0.333,1,3,4,2,0,0,0,0,2,2,7,-3,14.8,0,0,13.0,1,1,1,1,848,783,915,534,731,887,731,783,538,970,449,632,643,529,1096,784,499,1,801,610,944,1183,1000,155,4,1036,1,25:26,1
2013-14,101161,Amir Johnson,Amir,1610612761,TOR,Toronto Raptors,0041300126,2014-05-02T00:00:00,TOR @ BKN,L,20.8,2,6,0.333,0,0,0.0,0,0,0.0,2,3,5,2,3,1,0,1,2,1,4,-19,13.0,0,0,13.0,1,944,944,944,1042,987,915,1129,731,1136,731,998,1036,998,226,632,496,529,143,305,499,1343,801,915,1173,1829,1082,155,4,1036,1,20:48,1
2013-14,1905,Andrei Kirilenko,Andrei,1610612751,BKN,Brooklyn Nets,0041300126,2014-05-02T00:00:00,BKN vs. TOR,W,13.75,0,2,0.0,0,0,0.0,2,2,1.0,3,1,4,2,0,2,0,0,0,3,2,-1,15.8,0,0,12.0,1,1,1,1,1349,1505,1415,1505,731,1136,731,500,621,1,114,1162,643,529,1096,115,499,1,1,413,1377,1010,947,155,4,1085,1,13:45,1
2013-14,203093,Terrence Jones,Terrence,1610612745,HOU,Houston Rockets,0041300176,2014-05-02T00:00:00,HOU @ POR,L,18.448333333333334,2,4,0.5,0,0,0.0,1,2,0.5,2,3,5,0,1,1,0,0,2,1,5,-16,13.0,0,0,12.0,1,944,944,944,1140,987,1145,534,731,1136,731,783,621,751,226,632,496,1185,618,305,499,1,801,915,1095,1771,1082,155,4,1085,1,18:27,1
2013-14,2422,John Salmons,John,1610612761,TOR,Toronto Raptors,0041300126,2014-05-02T00:00:00,TOR @ BKN,L,13.753333333333334,2,3,0.667,1,2,0.5,1,1,1.0,0,2,2,1,1,1,0,0,1,1,6,0,11.9,0,0,12.0,1,944,944,944,1348,987,1273,209,388,651,201,783,968,1,924,860,1057,791,618,305,499,1,394,915,1001,882,1131,155,4,1085,1,13:45,1
2013-14,201977,Marcus Thornton,Marcus,1610612751,BKN,Brooklyn Nets,0041300126,2014-05-02T00:00:00,BKN vs. TOR,W,11.366666666666667,2,6,0.333,0,1,0.0,1,2,0.5,1,0,1,1,0,1,0,1,1,1,5,-6,10.7,0,0,9.0,1,1,1,1,1448,987,915,1129,731,887,731,783,621,751,449,1520,1328,791,1096,305,499,1343,394,915,1095,1382,1198,155,4,1237,1,11:22,1
2013-14,201976,Patrick Beverley,Patrick,1610612745,HOU,Houston Rockets,0041300176,2014-05-02T00:00:00,HOU @ POR,L,23.25,1,4,0.25,0,1,0.0,0,0,0.0,1,3,4,3,1,0,0,1,2,0,2,-1,10.3,0,0,9.0,1,944,944,944,939,1208,1145,1349,731,887,731,998,1036,998,449,632,643,363,618,784,499,1343,801,1301,1377,1010,1215,155,4,1237,1,23:15,1
2013-14,2733,Shaun Livingston,Shaun,1610612751,BKN,Brooklyn Nets,0041300126,2014-05-02T00:00:00,BKN vs. TOR,W,9.941666666666666,3,4,0.75,0,0,0.0,0,0,0.0,0,3,3,0,2,0,0,0,5,1,6,-11,7.6,0,0,9.0,1,1,1,1,1494,783,1145,145,731,1136,731,998,1036,998,924,632,831,1185,298,784,499,1,1747,915,1001,1612,1354,155,4,1237,1,9:57,1
2013-14,203141,Mirza Teletovic,Mirza,1610612751,BKN,Brooklyn Nets,0041300126,2014-05-02T00:00:00,BKN vs. TOR,W,13.058333333333334,1,3,0.333,0,2,0.0,0,0,0.0,1,3,4,0,0,1,0,0,0,1,2,-7,9.8,0,0,8.0,1,1,1,1,1381,1208,1273,1129,731,651,731,998,1036,998,449,632,643,1185,1096,305,499,1,1,915,1377,1440,1242,155,4,1289,1,13:04,1
2013-14,200779,Steve Novak,Steve,1610612761,TOR,Toronto Raptors,0041300126,2014-05-02T00:00:00,TOR @ BKN,L,11.083333333333334,0,2,0.0,0,2,0.0,0,0,0.0,0,4,4,1,0,0,0,0,0,0,0,10,6.3,0,0,5.0,1,944,944,944,1454,1505,1415,1505,731,651,731,998,1036,998,924,457,643,791,1096,784,499,1,1,1301,1567,294,1422,155,4,1446,1,11:05,1
2013-14,201946,Tyler Hansbrough,Tyler,1610612761,TOR,Toronto Raptors,0041300126,2014-05-02T00:00:00,TOR @ BKN,L,13.436666666666667,0,0,0.0,0,0,0.0,2,2,1.0,1,2,3,0,0,0,0,0,4,1,2,4,5.6,0,0,5.0,1,944,944,944,1366,1505,1728,1505,731,1136,731,500,621,1,449,860,831,1185,1096,784,499,1,1541,915,1377,576,1450,155,4,1446,1,13:26,1
2013-14,2590,Mo Williams,Mo,1610612757,POR,Portland Trail Blazers,0041300176,2014-05-02T00:00:00,POR vs. HOU,W,20.983333333333334,1,3,0.333,0,0,0.0,1,1,1.0,0,0,0,1,1,0,0,0,3,0,3,7,3.5,0,0,4.0,1,1,1,1,1035,1208,1273,1129,731,1136,731,783,968,1,924,1520,1606,791,618,784,499,1,1177,1301,1282,430,1562,155,4,1505,1,20:59,1
2013-14,203109,Jae Crowder,Jae,1610612742,DAL,Dallas Mavericks,0041300146,2014-05-02T00:00:00,DAL vs. SAS,W,8.208333333333334,1,2,0.5,1,1,1.0,0,0,0.0,0,0,0,0,0,0,0,1,3,1,3,-9,3.0,0,0,4.0,1,1,1,1,1549,1208,1415,534,388,887,1,998,1036,998,924,1520,1606,1185,1096,784,499,1343,1177,915,1282,1528,1593,155,4,1505,1,8:13,1
2013-14,201158,Marco Belinelli,Marco,1610612759,SAS,San Antonio Spurs,0041300146,2014-05-02T00:00:00,SAS @ DAL,L,5.38,0,1,0.0,0,0,0.0,0,0,0.0,0,1,1,1,0,0,0,0,1,0,0,0,2.7,0,0,2.0,1,944,944,944,1648,1505,1565,1505,731,1136,731,998,1036,998,924,1162,1328,791,1096,784,499,1,394,1301,1567,882,1620,155,4,1628,1,5:23,1
2013-14,203486,Mason Plumlee,Mason,1610612751,BKN,Brooklyn Nets,0041300126,2014-05-02T00:00:00,BKN vs. TOR,W,0.6416666666666667,0,0,0.0,0,0,0.0,0,0,0.0,0,1,1,0,0,0,0,0,0,0,0,-1,1.2,0,0,1.0,1,1,1,1,1865,1505,1728,1505,731,1136,731,998,1036,998,924,1162,1328,1185,1096,784,499,1,1,1301,1567,1010,1694,155,4,1690,1,0:39,1
2013-14,201965,Jeff Ayres,Jeff,1610612759,SAS,San Antonio Spurs,0041300146,2014-05-02T00:00:00,SAS @ DAL,L,2.3783333333333334,0,0,0.0,0,0,0.0,0,0,0.0,0,0,0,0,0,0,0,0,1,0,0,3,0.0,0,0,0.0,1,944,944,944,1776,1505,1728,1505,731,1136,731,998,1036,998,924,1520,1606,1185,1096,784,499,1,394,1301,1567,639,1769,155,4,1775,1,2:23,1
2013-14,2588,Matt Bonner,Matt,1610612759,SAS,San Antonio Spurs,0041300146,2014-05-02T00:00:00,SAS @ DAL,L,3.9983333333333335,0,0,0.0,0,0,0.0,0,0,0.0,0,0,0,0,0,0,0,0,2,1,0,0,0.0,0,0,0.0,1,944,944,944,1699,1505,1728,1505,731,1136,731,998,1036,998,924,1520,1606,1185,1096,784,499,1,801,915,1567,882,1769,155,4,1775,1,3:60,1
2013-14,101236,Chuck Hayes,Chuck,1610612761,TOR,Toronto Raptors,0041300126,2014-05-02T00:00:00,TOR @ BKN,L,3.466666666666667,0,0,0.0,0,0,0.0,0,0,0.0,0,0,0,0,0,0,0,0,1,0,0,-1,0.0,0,0,0.0,1,944,944,944,1722,1505,1728,1505,731,1136,731,998,1036,998,924,1520,1606,1185,1096,784,499,1,394,1301,1567,1010,1769,155,4,1775,1,3:28,1
2013-14,203584,Troy Daniels,Troy,1610612745,HOU,Houston Rockets,0041300176,2014-05-02T00:00:00,HOU @ POR,L,9.15,0,2,0.0,0,2,0.0,0,0,0.0,0,0,0,0,0,0,0,0,1,0,0,-13,0.0,0,0,0.0,1,944,944,944,1518,1505,1415,1505,731,651,731,998,1036,998,924,1520,1606,1185,1096,784,499,1,394,1301,1567,1687,1769,155,4,1775,1,9:09,1
2013-14,2748,Dorell Wright,Dorell,1610612757,POR,Portland Trail Blazers,0041300176,2014-05-02T00:00:00,POR vs. HOU,W,1.2166666666666666,0,1,0.0,0,0,0.0,0,0,0.0,0,0,0,0,1,0,0,1,0,0,0,-3,-1.0,0,0,0.0,1,1,1,1,1835,1505,1565,1505,731,1136,731,998,1036,998,924,1520,1606,1185,618,784,499,1343,1,1301,1567,1183,1900,155,4,1775,1,1:13,1
2013-14,201142,Kevin Durant,Kevin,1610612760,OKC,Oklahoma City Thunder,0041300156,2014-05-01T00:00:00,OKC @ MEM,W,42.515,11,23,0.478,0,6,0.0,14,15,0.933,2,8,10,2,3,1,1,0,3,8,36,27,54.0,1,0,52.0,1,1,1,1,101,36,28,788,731,128,731,5,10,401,226,93,102,529,143,305,171,1,1177,40,11,14,50,1,4,41,1,42:31,1
2013-14,200794,Paul Millsap,Paul,1610612737,ATL,Atlanta Hawks,0041300106,2014-05-01T00:00:00,ATL vs. IND,L,42.026666666666664,4,13,0.308,1,4,0.25,7,8,0.875,5,13,18,5,2,3,2,1,6,11,16,3,58.1,1,0,50.0,1,944,944,944,121,599,325,1278,388,336,614,82,91,422,30,9,3,151,298,43,70,1343,1865,3,361,639,26,1,4,49,1,42:02,1
2013-14,201566,Russell Westbrook,Russell,1610612760,OKC,Oklahoma City Thunder,0041300156,2014-05-01T00:00:00,OKC @ MEM,W,39.35,9,21,0.429,1,2,0.5,6,6,1.0,2,7,9,5,4,3,0,1,2,5,25,21,48.3,0,0,46.0,1,1,1,1,219,101,60,891,388,651,201,117,180,1,226,144,151,151,70,43,499,1343,801,175,107,53,83,155,4,83,1,39:21,1
2013-14,203110,Draymond Green,Draymond,1610612744,GSW,Golden State Warriors,0041300166,2014-05-01T00:00:00,GSW vs. LAC,W,40.583333333333336,4,12,0.333,1,6,0.167,5,6,0.833,6,8,14,4,3,5,1,1,5,4,14,-3,51.8,1,0,45.0,1,1,1,1,172,599,391,1129,388,128,702,166,180,458,14,93,24,237,143,5,171,1343,1747,272,495,1183,59,1,4,94,1,40:35,1
2013-14,2561,David West,David,1610612754,IND,Indiana Pacers,0041300106,2014-05-01T00:00:00,IND @ ATL,W,39.955,10,20,0.5,0,1,0.0,4,4,1.0,3,8,11,6,1,2,0,2,4,4,24,6,51.2,1,0,45.0,1,1,1,1,189,58,80,534,731,887,731,230,347,1,114,93,76,102,618,115,499,1748,1541,272,130,482,65,1,4,94,1,39:57,1
2013-14,201952,Jeff Teague,Jeff,1610612737,ATL,Atlanta Hawks,0041300106,2014-05-01T00:00:00,ATL vs. IND,L,40.46666666666667,9,21,0.429,2,6,0.333,9,9,1.0,2,1,3,2,1,1,1,2,0,6,29,1,40.6,0,0,40.0,1,944,944,944,174,101,60,891,185,128,485,30,67,1,226,1162,831,529,618,305,171,1748,1,102,55,796,173,155,4,143,1,40:28,1
2013-14,201939,Stephen Curry,Stephen,1610612744,GSW,Golden State Warriors,0041300166,2014-05-01T00:00:00,GSW vs. LAC,W,45.483333333333334,9,24,0.375,2,8,0.25,4,7,0.571,1,3,4,9,2,0,0,1,1,5,24,4,40.3,0,0,39.0,1,1,1,1,25,101,18,1056,185,36,614,230,133,742,449,632,643,30,298,784,499,1343,394,175,130,576,179,155,4,163,1,45:29,1
2013-14,202331,Paul George,Paul,1610612754,IND,Indiana Pacers,0041300106,2014-05-01T00:00:00,IND @ ATL,W,38.48833333333334,7,18,0.389,1,6,0.167,9,10,0.9,0,8,8,3,4,1,0,1,4,7,24,19,37.1,0,0,38.0,1,1,1,1,268,226,125,1040,388,128,702,30,43,407,924,93,213,363,70,305,499,1343,1541,64,130,74,245,155,4,178,1,38:29,1
2013-14,2440,Matt Barnes,Matt,1610612746,LAC,Los Angeles Clippers,0041300166,2014-05-01T00:00:00,LAC @ GSW,L,35.833333333333336,7,12,0.583,3,7,0.429,1,2,0.5,7,4,11,2,1,1,0,0,1,2,18,3,36.2,1,0,36.0,1,944,944,944,398,226,391,401,75,67,409,783,621,751,7,457,76,529,618,305,499,1,394,610,279,639,269,1,4,221,1,35:50,1
2013-14,201599,DeAndre Jordan,DeAndre,1610612746,LAC,Los Angeles Clippers,0041300166,2014-05-01T00:00:00,LAC @ GSW,L,41.8,3,3,1.0,0,0,0.0,3,9,0.333,2,17,19,0,0,0,4,0,4,7,9,-1,43.8,0,0,36.0,1,944,944,944,127,783,1273,1,731,1136,731,345,67,970,226,1,2,1185,1096,784,10,1,1541,64,777,1010,128,155,4,221,1,41:48,1
2013-14,201933,Blake Griffin,Blake,1610612746,LAC,Los Angeles Clippers,0041300166,2014-05-01T00:00:00,LAC @ GSW,L,39.95333333333333,8,23,0.348,0,2,0.0,1,2,0.5,2,6,8,5,3,0,1,0,6,3,17,0,34.1,0,0,32.0,1,944,944,944,190,152,28,1126,731,651,731,783,621,751,226,198,213,151,143,784,171,1,1865,413,314,882,313,155,4,311,1,39:57,1
2013-14,202362,Lance Stephenson,Lance,1610612754,IND,Indiana Pacers,0041300106,2014-05-01T00:00:00,IND @ ATL,W,40.99333333333333,7,13,0.538,1,2,0.5,6,7,0.857,1,8,9,1,2,0,0,0,5,4,21,4,31.3,0,0,32.0,1,1,1,1,156,226,325,499,388,651,201,117,133,439,449,93,151,791,298,784,499,1,1747,272,196,576,389,155,4,311,1,40:60,1
2013-14,202704,Reggie Jackson,Reggie,1610612760,OKC,Oklahoma City Thunder,0041300156,2014-05-01T00:00:00,OKC @ MEM,W,28.95,6,9,0.667,4,5,0.8,0,0,0.0,1,4,5,2,2,0,1,0,3,0,16,12,26.0,0,0,29.0,1,1,1,1,695,330,622,209,31,226,83,998,1036,998,449,457,496,529,298,784,171,1,1177,1301,361,210,566,155,4,404,1,28:57,1
2013-14,201188,Marc Gasol,Marc,1610612763,MEM,Memphis Grizzlies,0041300156,2014-05-01T00:00:00,MEM vs. OKC,L,33.02166666666667,6,13,0.462,0,0,0.0,5,6,0.833,0,5,5,4,2,1,0,2,2,4,17,-17,30.0,0,0,28.0,1,944,944,944,526,330,325,805,731,1136,731,166,180,458,924,320,496,237,298,305,499,1748,801,272,314,1789,423,155,4,434,1,33:01,1
2013-14,2037,Jamal Crawford,Jamal,1610612746,LAC,Los Angeles Clippers,0041300166,2014-05-01T00:00:00,LAC @ GSW,L,25.1,5,13,0.385,4,8,0.5,5,5,1.0,1,1,2,3,0,0,0,0,3,2,19,2,25.9,0,0,28.0,1,944,944,944,864,458,325,1045,31,36,201,166,281,1,449,1162,1057,363,1096,784,499,1,1177,610,247,707,573,155,4,434,1,25:06,1
2013-14,2216,Zach Randolph,Zach,1610612763,MEM,Memphis Grizzlies,0041300156,2014-05-01T00:00:00,MEM vs. OKC,L,35.016666666666666,7,14,0.5,0,0,0.0,2,4,0.5,1,7,8,1,1,1,0,3,2,2,16,-25,29.1,0,0,27.0,1,944,944,944,435,226,271,534,731,1136,731,500,347,751,449,144,213,791,618,305,499,1865,801,610,361,1888,457,155,4,468,1,35:01,1
2013-14,101108,Chris Paul,Chris,1610612746,LAC,Los Angeles Clippers,0041300166,2014-05-01T00:00:00,LAC @ GSW,L,33.8,3,10,0.3,2,5,0.4,1,2,0.5,0,5,5,8,4,1,0,1,5,4,9,8,26.0,0,0,26.0,1,944,944,944,488,783,537,1286,185,226,430,783,621,751,924,320,496,42,70,305,499,1343,1747,272,777,374,566,155,4,506,1,33:48,1
2013-14,201586,Serge Ibaka,Serge,1610612760,OKC,Oklahoma City Thunder,0041300156,2014-05-01T00:00:00,OKC @ MEM,W,29.508333333333333,3,6,0.5,0,1,0.0,2,2,1.0,1,6,7,1,0,0,4,0,1,2,8,19,29.9,0,0,24.0,1,1,1,1,666,783,915,534,731,887,731,500,621,1,449,198,285,791,1096,784,10,1,394,610,858,74,430,155,4,582,1,29:31,1
2013-14,201588,George Hill,George,1610612754,IND,Indiana Pacers,0041300106,2014-05-01T00:00:00,IND @ ATL,W,37.428333333333335,5,12,0.417,2,5,0.4,2,4,0.5,1,3,4,4,2,0,0,0,1,3,14,-7,22.8,0,0,24.0,1,1,1,1,316,458,391,949,185,226,430,500,347,751,449,632,643,237,298,784,499,1,394,413,495,1440,679,155,4,582,1,37:26,1
2013-14,201949,James Johnson,James,1610612763,MEM,Memphis Grizzlies,0041300156,2014-05-01T00:00:00,MEM vs. OKC,L,18.233333333333334,4,11,0.364,1,4,0.25,6,8,0.75,4,1,5,0,0,1,0,2,1,5,15,0,24.0,0,0,23.0,1,944,944,944,1150,599,459,1094,388,336,614,117,91,542,62,1162,496,1185,1096,305,499,1748,394,175,427,882,644,155,4,619,1,18:14,1
2013-14,200755,JJ Redick,JJ,1610612746,LAC,Los Angeles Clippers,0041300166,2014-05-01T00:00:00,LAC @ GSW,L,31.34,4,13,0.308,2,10,0.2,5,5,1.0,1,2,3,2,3,0,0,0,6,2,15,3,18.6,0,0,22.0,1,944,944,944,596,599,325,1278,185,10,669,166,281,1,449,860,831,529,143,784,499,1,1865,610,427,639,839,155,4,657,1,31:20,1
2013-14,101135,David Lee,David,1610612744,GSW,Golden State Warriors,0041300166,2014-05-01T00:00:00,GSW vs. LAC,W,26.018333333333334,4,8,0.5,0,0,0.0,0,0,0.0,3,6,9,2,1,1,0,2,6,4,8,-2,23.8,0,0,21.0,1,1,1,1,822,599,710,534,731,1136,731,998,1036,998,114,198,151,529,618,305,499,1748,1865,272,858,1106,650,155,4,693,1,26:01,1
2013-14,2738,Andre Iguodala,Andre,1610612744,GSW,Golden State Warriors,0041300166,2014-05-01T00:00:00,GSW vs. LAC,W,34.665,5,9,0.556,1,2,0.5,4,9,0.444,0,3,3,2,1,0,0,0,2,4,15,-1,20.6,0,0,21.0,1,1,1,1,452,458,622,455,388,651,201,230,67,960,924,632,831,529,618,784,499,1,801,272,427,1010,755,155,4,693,1,34:40,1
2013-14,101150,Lou Williams,Lou,1610612737,ATL,Atlanta Hawks,0041300106,2014-05-01T00:00:00,ATL vs. IND,L,24.538333333333334,6,12,0.5,2,5,0.4,2,2,1.0,0,1,1,0,3,1,0,0,3,3,16,-11,17.2,0,0,21.0,1,944,944,944,890,330,391,534,185,226,430,500,621,1,924,1162,1328,1185,143,305,499,1,1177,413,361,1612,891,155,4,693,1,24:32,1
2013-14,201578,Marreese Speights,Marreese,1610612744,GSW,Golden State Warriors,0041300166,2014-05-01T00:00:00,GSW vs. LAC,W,11.716666666666667,4,7,0.571,0,0,0.0,4,5,0.8,2,4,6,0,0,0,1,0,4,3,12,5,22.2,0,0,20.0,1,1,1,1,1437,599,811,418,731,1136,731,230,281,498,226,457,388,1185,1096,784,171,1,1541,413,601,522,694,155,4,731,1,11:43,1
2013-14,2754,Tony Allen,Tony,1610612763,MEM,Memphis Grizzlies,0041300156,2014-05-01T00:00:00,MEM vs. OKC,L,27.983333333333334,5,9,0.556,0,0,0.0,3,4,0.75,1,4,5,0,0,1,0,1,3,3,13,-11,22.0,0,0,20.0,1,944,944,944,741,458,622,455,731,1136,731,345,347,542,449,457,496,1185,1096,305,499,1343,1177,413,552,1612,700,155,4,731,1,27:59,1
2013-14,203544,Pero Antic,Pero,1610612737,ATL,Atlanta Hawks,0041300106,2014-05-01T00:00:00,ATL vs. IND,L,27.29,1,7,0.143,0,4,0.0,3,4,0.75,1,5,6,1,3,1,2,0,4,3,5,11,19.7,0,0,18.0,1,944,944,944,777,1208,811,1489,731,336,731,345,347,542,449,320,388,791,143,305,70,1,1541,413,1095,248,797,155,4,815,1,27:17,1
2013-14,2406,Caron Butler,Caron,1610612760,OKC,Oklahoma City Thunder,0041300156,2014-05-01T00:00:00,OKC @ MEM,W,28.8,2,5,0.4,2,4,0.5,1,2,0.5,0,4,4,3,0,1,0,0,0,2,7,13,19.3,0,0,18.0,1,1,1,1,704,987,1021,970,185,336,201,783,621,751,924,457,643,363,1096,305,499,1,1,610,944,188,812,155,4,815,1,28:48,1
2013-14,203084,Harrison Barnes,Harrison,1610612744,GSW,Golden State Warriors,0041300166,2014-05-01T00:00:00,GSW vs. LAC,W,22.165,2,8,0.25,1,2,0.5,3,4,0.75,1,6,7,0,1,0,1,0,1,3,8,4,18.4,0,0,18.0,1,1,1,1,984,987,710,1349,388,651,201,345,347,542,449,198,285,1185,618,784,171,1,394,413,858,576,846,155,4,815,1,22:10,1
2013-14,2594,Kyle Korver,Kyle,1610612737,ATL,Atlanta Hawks,0041300106,2014-05-01T00:00:00,ATL vs. IND,L,30.02166666666667,3,8,0.375,3,8,0.375,0,0,0.0,0,4,4,2,1,0,0,0,4,0,9,1,15.8,0,0,18.0,1,944,944,944,641,783,710,1056,75,36,471,998,1036,998,924,457,643,529,618,784,499,1,1541,1301,777,796,947,155,4,815,1,30:01,1
2013-14,201144,Mike Conley,Mike,1610612763,MEM,Memphis Grizzlies,0041300156,2014-05-01T00:00:00,MEM vs. OKC,L,27.99,2,10,0.2,0,2,0.0,1,2,0.5,1,3,4,6,2,1,0,2,3,2,5,-21,19.8,0,0,17.0,1,944,944,944,740,987,537,1438,731,651,731,783,621,751,449,632,643,102,298,305,499,1748,1177,610,1095,1850,792,155,4,852,1,27:59,1
2013-14,202348,Jordan Crawford,Jordan,1610612744,GSW,Golden State Warriors,0041300166,2014-05-01T00:00:00,GSW vs. LAC,W,14.73,3,9,0.333,1,2,0.5,1,2,0.5,2,1,3,2,0,1,0,0,1,1,8,1,17.6,0,0,16.0,1,1,1,1,1306,783,622,1129,388,651,201,783,621,751,226,1162,831,529,1096,305,499,1,394,915,858,796,872,155,4,901,1,14:44,1
2013-14,201960,DeMarre Carroll,DeMarre,1610612737,ATL,Atlanta Hawks,0041300106,2014-05-01T00:00:00,ATL vs. IND,L,39.14666666666667,3,7,0.429,1,2,0.5,0,0,0.0,3,1,4,2,2,1,0,0,2,1,7,-9,15.8,0,0,16.0,1,944,944,944,232,783,811,891,388,651,201,998,1036,998,114,1162,643,529,298,305,499,1,801,915,944,1528,947,155,4,901,1,39:09,1
2013-14,203500,Steven Adams,Steven,1610612760,OKC,Oklahoma City Thunder,0041300156,2014-05-01T00:00:00,OKC @ MEM,W,20.15,1,2,0.5,0,0,0.0,0,0,0.0,0,3,3,0,2,0,5,0,4,1,2,2,18.6,0,0,15.0,1,1,1,1,1065,1208,1415,534,731,1136,731,998,1036,998,924,632,831,1185,298,784,2,1,1541,915,1377,707,839,155,4,947,1,20:09,1
2013-14,201228,C.J. Watson,C.J.,1610612754,IND,Indiana Pacers,0041300106,2014-05-01T00:00:00,IND @ ATL,W,26.84,3,9,0.333,1,4,0.25,0,0,0.0,0,3,3,0,0,2,0,1,2,1,7,7,16.6,0,0,15.0,1,1,1,1,793,783,622,1129,388,336,614,998,1036,998,924,632,831,1185,1096,115,499,1343,801,915,944,430,915,155,4,947,1,26:50,1
2013-14,201954,Darren Collison,Darren,1610612746,LAC,Los Angeles Clippers,0041300166,2014-05-01T00:00:00,LAC @ GSW,L,20.176666666666666,2,8,0.25,0,1,0.0,8,8,1.0,1,0,1,2,0,0,0,3,1,4,12,-9,16.2,0,0,15.0,1,944,944,944,1064,987,710,1349,731,887,731,53,91,1,449,1520,1328,529,1096,784,499,1865,394,272,601,1528,935,155,4,947,1,20:11,1
2013-14,2570,Kendrick Perkins,Kendrick,1610612760,OKC,Oklahoma City Thunder,0041300156,2014-05-01T00:00:00,OKC @ MEM,W,19.268333333333334,3,4,0.75,0,0,0.0,0,0,0.0,1,6,7,0,2,1,0,0,2,1,6,6,15.4,0,0,15.0,1,1,1,1,1105,783,1145,145,731,1136,731,998,1036,998,449,198,285,1185,298,305,499,1,801,915,1001,482,965,155,4,947,1,19:16,1
2013-14,202691,Klay Thompson,Klay,1610612744,GSW,Golden State Warriors,0041300166,2014-05-01T00:00:00,GSW vs. LAC,W,41.36833333333333,3,11,0.273,1,4,0.25,2,2,1.0,1,0,1,1,0,0,1,1,2,2,9,-6,14.7,0,0,14.0,1,1,1,1,137,783,459,1332,388,336,614,500,621,1,449,1520,1328,791,1096,784,171,1343,801,610,777,1382,1002,155,4,992,1,41:22,1
2013-14,2034,Mike Miller,Mike,1610612763,MEM,Memphis Grizzlies,0041300156,2014-05-01T00:00:00,MEM vs. OKC,L,24.4,2,6,0.333,2,4,0.5,1,1,1.0,0,3,3,1,3,0,0,1,2,0,7,-11,9.1,0,0,13.0,1,944,944,944,895,987,915,1129,185,336,201,783,968,1,924,632,831,791,143,784,499,1343,801,1301,944,1612,1285,155,4,1036,1,24:24,1
2013-14,101133,Ian Mahinmi,Ian,1610612754,IND,Indiana Pacers,0041300106,2014-05-01T00:00:00,IND @ ATL,W,23.31,0,1,0.0,0,0,0.0,0,0,0.0,2,4,6,0,1,1,2,0,4,2,0,8,15.2,0,0,12.0,1,1,1,1,937,1505,1565,1505,731,1136,731,998,1036,998,226,457,388,1185,618,305,70,1,1541,610,1567,374,980,155,4,1085,1,23:19,1
2013-14,203142,Chris Copeland,Chris,1610612754,IND,Indiana Pacers,0041300106,2014-05-01T00:00:00,IND @ ATL,W,18.461666666666666,1,2,0.5,1,1,1.0,2,2,1.0,1,2,3,0,3,1,0,1,3,1,5,7,8.6,0,0,11.0,1,1,1,1,1137,1208,1415,534,388,887,1,500,621,1,449,860,831,1185,143,305,499,1343,1177,915,1095,430,1307,155,4,1128,1,18:28,1
2013-14,201584,Courtney Lee,Courtney,1610612763,MEM,Memphis Grizzlies,0041300156,2014-05-01T00:00:00,MEM vs. OKC,L,21.616666666666667,2,7,0.286,0,2,0.0,0,0,0.0,0,1,1,0,0,0,1,0,2,0,4,-9,8.2,0,0,7.0,1,944,944,944,1007,987,811,1299,731,651,731,998,1036,998,924,1162,1328,1185,1096,784,171,1,801,1301,1173,1528,1331,155,4,1343,1,21:37,1
2013-14,203118,Mike Scott,Mike,1610612737,ATL,Atlanta Hawks,0041300106,2014-05-01T00:00:00,ATL vs. IND,L,20.476666666666667,2,9,0.222,0,6,0.0,0,1,0.0,0,3,3,0,0,0,0,0,2,3,4,-15,7.6,0,0,7.0,1,944,944,944,1050,987,622,1424,731,128,731,998,968,998,924,632,831,1185,1096,784,499,1,801,413,1173,1743,1354,155,4,1343,1,20:29,1
2013-14,965,Derek Fisher,Derek,1610612760,OKC,Oklahoma City Thunder,0041300156,2014-05-01T00:00:00,OKC @ MEM,W,18.608333333333334,1,4,0.25,0,3,0.0,0,0,0.0,1,0,1,1,0,1,0,0,2,0,2,1,7.7,0,0,6.0,1,1,1,1,1133,1208,1145,1349,731,477,731,998,1036,998,449,1520,1328,791,1096,305,499,1,801,1301,1377,796,1351,155,4,1399,1,18:37,1
2013-14,201585,Kosta Koufos,Kosta,1610612763,MEM,Memphis Grizzlies,0041300156,2014-05-01T00:00:00,MEM vs. OKC,L,7.526666666666666,1,2,0.5,0,0,0.0,0,0,0.0,1,1,2,2,1,0,0,0,0,1,2,3,6.4,0,0,6.0,1,944,944,944,1568,1208,1415,534,731,1136,731,998,1036,998,449,1162,1057,529,618,784,499,1,1,915,1377,639,1414,155,4,1399,1,7:32,1
2013-14,2757,Beno Udrih,Beno,1610612763,MEM,Memphis Grizzlies,0041300156,2014-05-01T00:00:00,MEM vs. OKC,L,20.411666666666665,1,8,0.125,0,2,0.0,0,0,0.0,0,0,0,3,0,0,0,0,2,0,2,1,6.5,0,0,5.0,1,944,944,944,1052,1208,710,1496,731,651,731,998,1036,998,924,1520,1606,363,1096,784,499,1,801,1301,1377,796,1410,155,4,1446,1,20:25,1
2013-14,979,Jermaine O'Neal,Jermaine,1610612744,GSW,Golden State Warriors,0041300166,2014-05-01T00:00:00,GSW vs. LAC,W,2.35,1,1,1.0,0,0,0.0,0,0,0.0,2,1,3,0,0,0,0,0,0,1,2,3,5.6,0,0,5.0,1,1,1,1,1778,1208,1565,1,731,1136,731,998,1036,998,226,1162,831,1185,1096,784,499,1,1,915,1377,639,1450,155,4,1446,1,2:21,1
2013-14,202714,Shelvin Mack,Shelvin,1610612737,ATL,Atlanta Hawks,0041300106,2014-05-01T00:00:00,ATL vs. IND,L,10.033333333333333,1,3,0.333,0,0,0.0,0,0,0.0,0,2,2,1,1,0,0,0,1,0,2,-5,4.9,0,0,5.0,1,944,944,944,1492,1208,1273,1129,731,1136,731,998,1036,998,924,860,1057,791,618,784,499,1,394,1301,1377,1316,1486,155,4,1446,1,10:02,1
2013-14,201579,Roy Hibbert,Roy,1610612754,IND,Indiana Pacers,0041300106,2014-05-01T00:00:00,IND @ ATL,W,12.416666666666666,0,1,0.0,0,0,0.0,0,0,0.0,1,1,2,0,0,0,1,0,4,1,0,-12,5.4,0,0,4.0,1,1,1,1,1403,1505,1565,1505,731,1136,731,998,1036,998,449,1162,1057,1185,1096,784,171,1,1541,915,1567,1660,1462,155,4,1505,1,12:25,1
2013-14,1882,Elton Brand,Elton,1610612737,ATL,Atlanta Hawks,0041300106,2014-05-01T00:00:00,ATL vs. IND,L,6.0,0,1,0.0,0,0,0.0,0,0,0.0,0,3,3,1,0,0,0,0,1,0,0,-11,5.1,0,0,4.0,1,944,944,944,1628,1505,1565,1505,731,1136,731,998,1036,998,924,632,831,791,1096,784,499,1,394,1301,1567,1612,1479,155,4,1505,1,6:00,1
2013-14,202334,Ed Davis,Ed,1610612763,MEM,Memphis Grizzlies,0041300156,2014-05-01T00:00:00,MEM vs. OKC,L,2.6166666666666667,1,1,1.0,0,0,0.0,0,1,0.0,2,0,2,0,0,0,0,0,0,1,2,0,4.4,0,0,4.0,1,944,944,944,1762,1208,1565,1,731,1136,731,998,968,998,226,1520,1057,1185,1096,784,499,1,1,915,1377,882,1510,155,4,1505,1,2:37,1
2013-14,101122,Danny Granger,Danny,1610612746,LAC,Los Angeles Clippers,0041300166,2014-05-01T00:00:00,LAC @ GSW,L,3.9,0,2,0.0,0,1,0.0,0,0,0.0,0,1,1,0,1,1,0,0,0,0,0,-4,3.2,0,0,3.0,1,944,944,944,1702,1505,1415,1505,731,887,731,998,1036,998,924,1162,1328,1185,618,305,499,1,1,1301,1567,1256,1574,155,4,1573,1,3:54,1
2013-14,2555,Nick Collison,Nick,1610612760,OKC,Oklahoma City Thunder,0041300156,2014-05-01T00:00:00,OKC @ MEM,W,7.316666666666666,1,1,1.0,0,0,0.0,0,0,0.0,0,0,0,0,0,0,0,0,1,0,2,1,2.0,0,0,2.0,1,1,1,1,1573,1208,1565,1,731,1136,731,998,1036,998,924,1520,1606,1185,1096,784,499,1,394,1301,1377,796,1652,155,4,1628,1,7:19,1
2013-14,2419,Tayshaun Prince,Tayshaun,1610612763,MEM,Memphis Grizzlies,0041300156,2014-05-01T00:00:00,MEM vs. OKC,L,15.65,0,1,0.0,0,0,0.0,0,0,0.0,1,0,1,1,1,0,0,0,2,0,0,-12,1.7,0,0,2.0,1,944,944,944,1270,1505,1565,1505,731,1136,731,998,1036,998,449,1520,1328,791,618,784,499,1,801,1301,1567,1660,1676,155,4,1628,1,15:39,1
2013-14,2449,Luis Scola,Luis,1610612754,IND,Indiana Pacers,0041300106,2014-05-01T00:00:00,IND @ ATL,W,0.20666666666666667,0,0,0.0,0,0,0.0,0,0,0.0,0,0,0,1,0,0,0,0,0,0,0,2,1.5,0,0,1.0,1,1,1,1,1881,1505,1728,1505,731,1136,731,998,1036,998,924,1520,1606,791,1096,784,499,1,1,1301,1567,707,1680,155,4,1690,1,0:12,1
2013-14,202720,Jon Leuer,Jon,1610612763,MEM,Memphis Grizzlies,0041300156,2014-05-01T00:00:00,MEM vs. OKC,L,2.7666666666666666,0,1,0.0,0,0,0.0,0,0,0.0,0,0,0,1,0,0,0,0,0,0,0,1,1.5,0,0,1.0,1,944,944,944,1751,1505,1565,1505,731,1136,731,998,1036,998,924,1520,1606,791,1096,784,499,1,1,1301,1567,796,1680,155,4,1690,1,2:46,1
2013-14,203087,Jeremy Lamb,Jeremy,1610612760,OKC,Oklahoma City Thunder,0041300156,2014-05-01T00:00:00,OKC @ MEM,W,2.7666666666666666,0,0,0.0,0,0,0.0,0,0,0.0,0,0,0,1,0,0,0,0,1,0,0,-1,1.5,0,0,1.0,1,1,1,1,1751,1505,1728,1505,731,1136,731,998,1036,998,924,1520,1606,791,1096,784,499,1,394,1301,1567,1010,1680,155,4,1690,1,2:46,1
2013-14,2446,Rasual Butler,Rasual,1610612754,IND,Indiana Pacers,0041300106,2014-05-01T00:00:00,IND @ ATL,W,1.9,0,1,0.0,0,1,0.0,0,0,0.0,0,1,1,0,0,0,0,0,0,0,0,1,1.2,0,0,1.0,1,1,1,1,1804,1505,1565,1505,731,887,731,998,1036,998,924,1162,1328,1185,1096,784,499,1,1,1301,1567,796,1694,155,4,1690,1,1:54,1
2013-14,2584,Willie Green,Willie,1610612746,LAC,Los Angeles Clippers,0041300166,2014-05-01T00:00:00,LAC @ GSW,L,1.0166666666666666,0,0,0.0,0,0,0.0,0,0,0.0,0,1,1,0,0,0,0,0,0,0,0,1,1.2,0,0,1.0,1,944,944,944,1843,1505,1728,1505,731,1136,731,998,1036,998,924,1162,1328,1185,1096,784,499,1,1,1301,1567,796,1694,155,4,1690,1,1:01,1
2013-14,201162,Jared Dudley,Jared,1610612746,LAC,Los Angeles Clippers,0041300166,2014-05-01T00:00:00,LAC @ GSW,L,2.0816666666666666,0,1,0.0,0,0,0.0,0,0,0.0,0,1,1,0,0,0,0,0,0,0,0,-1,1.2,0,0,1.0,1,944,944,944,1798,1505,1565,1505,731,1136,731,998,1036,998,924,1162,1328,1185,1096,784,499,1,1,1301,1567,1010,1694,155,4,1690,1,2:05,1
2013-14,203103,Perry Jones III,Perry,1610612760,OKC,Oklahoma City Thunder,0041300156,2014-05-01T00:00:00,OKC @ MEM,W,2.7666666666666666,0,0,0.0,0,0,0.0,0,0,0.0,0,1,1,0,0,0,0,0,0,0,0,-1,1.2,0,0,1.0,1,1,1,1,1751,1505,1728,1505,731,1136,731,998,1036,998,924,1162,1328,1185,1096,784,499,1,1,1301,1567,1010,1694,155,4,1690,1,2:46,1
2013-14,201175,Glen Davis,Glen,1610612746,LAC,Los Angeles Clippers,0041300166,2014-05-01T00:00:00,LAC @ GSW,L,4.483333333333333,0,1,0.0,0,0,0.0,0,0,0.0,1,0,1,0,0,0,0,0,2,0,0,-5,1.2,0,0,1.0,1,944,944,944,1681,1505,1565,1505,731,1136,731,998,1036,998,449,1520,1328,1185,1096,784,499,1,801,1301,1567,1316,1694,155,4,1690,1,4:29,1
2013-14,203479,Jamaal Franklin,Jamaal,1610612763,MEM,Memphis Grizzlies,0041300156,2014-05-01T00:00:00,MEM vs. OKC,L,2.7666666666666666,0,0,0.0,0,0,0.0,1,2,0.5,0,0,0,0,0,0,0,0,0,1,1,1,1.0,0,0,1.0,1,944,944,944,1751,1505,1728,1505,731,1136,731,783,621,751,924,1520,1606,1185,1096,784,499,1,1,915,1541,796,1749,155,4,1690,1,2:46,1
2013-14,200756,Hilton Armstrong,Hilton,1610612744,GSW,Golden State Warriors,0041300166,2014-05-01T00:00:00,GSW vs. LAC,W,0.92,0,0,0.0,0,0,0.0,0,2,0.0,0,0,0,0,0,0,0,0,2,1,0,0,0.0,0,0,0.0,1,1,1,1,1849,1505,1728,1505,731,1136,731,998,621,998,924,1520,1606,1185,1096,784,499,1,801,915,1567,882,1769,155,4,1775,1,0:55,1
2013-14,203493,Reggie Bullock Jr.,Reggie,1610612746,LAC,Los Angeles Clippers,0041300166,2014-05-01T00:00:00,LAC @ GSW,L,0.515,0,0,0.0,0,0,0.0,0,0,0.0,0,0,0,0,0,0,0,0,0,0,0,-2,0.0,0,0,0.0,1,944,944,944,1872,1505,1728,1505,731,1136,731,998,1036,998,924,1520,1606,1185,1096,784,499,1,1,1301,1567,1106,1769,155,4,1775,1,0:31,1
2013-14,203081,Damian Lillard,Damian,1610612757,POR,Portland Trail Blazers,0041300175,2014-04-30T00:00:00,POR @ HOU,L,42.95333333333333,9,18,0.5,3,8,0.375,5,5,1.0,2,6,8,7,2,4,0,2,2,3,26,-1,56.1,0,0,52.0,1,944,944,944,88,101,125,534,75,36,471,166,281,1,226,198,213,64,298,15,499,1748,801,413,93,1010,36,155,4,41,1,42:57,1
2013-14,200768,Kyle Lowry,Kyle,1610612761,TOR,Toronto Raptors,0041300125,2014-04-30T00:00:00,TOR vs. BKN,W,38.36666666666667,11,19,0.579,6,9,0.667,8,10,0.8,0,0,0,6,1,0,0,0,1,7,36,15,44.0,0,0,48.0,1,1,1,1,273,36,101,415,7,23,112,53,43,498,924,1520,1606,102,618,784,499,1,394,64,11,138,125,155,4,63,1,38:22,1
2013-14,2207,Joe Johnson,Joe,1610612751,BKN,Brooklyn Nets,0041300125,2014-04-30T00:00:00,BKN @ TOR,L,38.38166666666667,14,24,0.583,3,6,0.5,1,1,1.0,1,4,5,3,0,1,1,0,5,4,32,22,48.5,0,0,47.0,1,944,944,944,272,7,18,401,75,128,201,783,968,1,449,457,496,363,1096,305,171,1,1747,272,27,43,79,155,4,74,1,38:23,1
2013-14,2730,Dwight Howard,Dwight,1610612745,HOU,Houston Rockets,0041300175,2014-04-30T00:00:00,HOU vs. POR,W,32.95,9,15,0.6,0,0,0.0,4,6,0.667,1,13,14,2,1,0,3,3,4,6,22,9,49.8,1,0,44.0,1,1,1,1,530,101,229,335,731,1136,731,230,180,646,449,9,24,529,618,784,29,1865,1541,102,166,334,71,1,4,102,1,32:57,1
2013-14,1717,Dirk Nowitzki,Dirk,1610612742,DAL,Dallas Mavericks,0041300145,2014-04-30T00:00:00,DAL @ SAS,L,38.55,10,20,0.5,0,2,0.0,6,6,1.0,1,14,15,1,3,0,1,0,3,6,26,-15,45.5,1,0,44.0,1,944,944,944,265,58,80,534,731,651,731,117,180,1,449,5,14,791,143,784,171,1,1177,102,93,1743,116,1,4,102,1,38:33,1
2013-14,201942,DeMar DeRozan,DeMar,1610612761,TOR,Toronto Raptors,0041300125,2014-04-30T00:00:00,TOR vs. BKN,W,39.28333333333333,5,12,0.417,1,2,0.5,12,13,0.923,0,6,6,5,2,3,1,0,4,7,23,-13,47.7,0,0,43.0,1,1,1,1,222,458,391,949,388,651,201,10,15,402,924,198,388,151,298,43,171,1,1541,64,148,1687,87,155,4,113,1,39:17,1
2013-14,202083,Wesley Matthews,Wesley,1610612757,POR,Portland Trail Blazers,0041300175,2014-04-30T00:00:00,POR @ HOU,L,38.763333333333335,9,18,0.5,5,9,0.556,4,4,1.0,0,2,2,0,1,1,3,0,4,2,27,-5,40.4,0,0,42.0,1,944,944,944,250,101,125,534,14,23,199,230,347,1,924,860,1057,1185,618,305,29,1,1541,610,80,1316,175,155,4,118,1,38:46,1
2013-14,1713,Vince Carter,Vince,1610612742,DAL,Dallas Mavericks,0041300145,2014-04-30T00:00:00,DAL @ SAS,L,27.406666666666666,10,16,0.625,7,9,0.778,1,2,0.5,1,2,3,2,1,0,1,1,0,2,28,10,36.6,0,0,42.0,1,944,944,944,768,58,187,303,3,23,92,783,621,751,449,860,831,529,618,784,171,1343,1,610,69,294,258,155,4,118,1,27:24,1
2013-14,1495,Tim Duncan,Tim,1610612759,SAS,San Antonio Spurs,0041300145,2014-04-30T00:00:00,SAS vs. DAL,W,37.61,7,16,0.438,0,0,0.0,2,4,0.5,4,8,12,1,0,1,3,4,2,3,16,14,43.9,1,0,37.0,1,1,1,1,308,226,187,878,731,1136,731,500,347,751,62,93,58,791,1096,305,29,1899,801,413,361,163,127,1,4,204,1,37:37,1
2013-14,1938,Manu Ginobili,Manu,1610612759,SAS,San Antonio Spurs,0041300145,2014-04-30T00:00:00,SAS vs. DAL,W,30.1,6,14,0.429,3,7,0.429,4,6,0.667,0,4,4,5,1,3,0,1,3,5,19,-1,39.3,0,0,37.0,1,1,1,1,636,330,271,891,75,67,409,230,180,646,924,457,643,151,618,43,499,1343,1177,175,247,1010,199,155,4,204,1,30:06,1
2013-14,201935,James Harden,James,1610612745,HOU,Houston Rockets,0041300175,2014-04-30T00:00:00,HOU vs. POR,W,40.83,5,15,0.333,1,7,0.143,6,7,0.857,1,2,3,7,2,3,1,2,2,6,17,10,41.1,0,0,36.0,1,1,1,1,165,458,229,1129,388,67,718,117,133,439,449,860,831,64,298,43,171,1748,801,102,314,294,164,155,4,221,1,40:50,1
2013-14,202391,Jeremy Lin,Jeremy,1610612745,HOU,Houston Rockets,0041300175,2014-04-30T00:00:00,HOU vs. POR,W,30.866666666666667,9,15,0.6,2,5,0.4,1,1,1.0,1,2,3,4,2,2,1,0,1,3,21,8,37.6,0,0,36.0,1,1,1,1,612,101,229,335,185,226,430,783,968,1,449,860,831,237,298,115,171,1,394,413,196,374,228,155,4,221,1,30:52,1
2013-14,201168,Tiago Splitter,Tiago,1610612759,SAS,San Antonio Spurs,0041300145,2014-04-30T00:00:00,SAS vs. DAL,W,32.18333333333333,7,10,0.7,0,0,0.0,3,6,0.5,6,6,12,5,1,0,0,1,5,5,17,9,37.9,1,0,34.0,1,1,1,1,558,226,537,196,731,1136,731,345,180,751,14,198,58,151,618,784,499,1343,1747,175,314,334,223,1,4,258,1,32:11,1
2013-14,201577,Robin Lopez,Robin,1610612757,POR,Portland Trail Blazers,0041300175,2014-04-30T00:00:00,POR @ HOU,L,37.556666666666665,7,14,0.5,0,0,0.0,3,6,0.5,4,4,8,0,1,0,4,2,3,6,17,1,37.6,0,0,33.0,1,944,944,944,311,226,271,534,731,1136,731,345,180,751,62,457,213,1185,618,784,10,1748,1177,102,314,796,228,155,4,276,1,37:33,1
2013-14,202718,Chandler Parsons,Chandler,1610612745,HOU,Houston Rockets,0041300175,2014-04-30T00:00:00,HOU vs. POR,W,41.45333333333333,8,22,0.364,3,8,0.375,1,2,0.5,1,3,4,4,1,1,0,4,2,1,20,7,32.8,0,0,33.0,1,1,1,1,135,152,44,1094,75,36,471,783,621,751,449,632,643,237,618,305,499,1899,801,915,218,430,352,155,4,276,1,41:27,1
2013-14,101145,Monta Ellis,Monta,1610612742,DAL,Dallas Mavericks,0041300145,2014-04-30T00:00:00,DAL @ SAS,L,40.278333333333336,8,18,0.444,1,4,0.25,4,4,1.0,1,1,2,6,1,1,0,0,5,2,21,-7,34.4,0,0,32.0,1,944,944,944,181,152,125,849,388,336,614,230,347,1,449,1162,1057,102,618,305,499,1,1747,610,196,1440,305,155,4,311,1,40:17,1
2013-14,2225,Tony Parker,Tony,1610612759,SAS,San Antonio Spurs,0041300145,2014-04-30T00:00:00,SAS vs. DAL,W,37.66166666666667,9,23,0.391,1,1,1.0,4,4,1.0,0,2,2,5,1,0,0,2,0,4,23,3,31.9,0,0,31.0,1,1,1,1,303,101,28,1037,388,887,1,230,347,1,924,860,1057,151,618,784,499,1748,1,272,148,639,376,155,4,354,1,37:40,1
2013-14,200746,LaMarcus Aldridge,LaMarcus,1610612757,POR,Portland Trail Blazers,0041300175,2014-04-30T00:00:00,POR @ HOU,L,38.7,3,12,0.25,0,0,0.0,2,4,0.5,2,6,8,2,1,2,4,2,3,4,8,1,37.6,0,0,30.0,1,944,944,944,252,783,391,1349,731,1136,731,500,347,751,226,198,213,529,618,115,10,1748,1177,272,858,796,228,155,4,378,1,38:42,1
2013-14,201587,Nicolas Batum,Nicolas,1610612757,POR,Portland Trail Blazers,0041300175,2014-04-30T00:00:00,POR @ HOU,L,38.95,6,10,0.6,1,4,0.25,2,2,1.0,0,5,5,4,0,0,2,0,2,3,15,0,33.0,0,0,29.0,1,944,944,944,245,330,537,335,388,336,614,500,621,1,924,320,496,237,1096,784,70,1,801,413,427,882,348,155,4,404,1,38:57,1
2013-14,101114,Deron Williams,Deron,1610612751,BKN,Brooklyn Nets,0041300125,2014-04-30T00:00:00,BKN @ TOR,L,36.35,3,7,0.429,0,1,0.0,5,6,0.833,0,0,0,9,3,4,0,0,3,5,11,-8,33.5,0,0,28.0,1,944,944,944,364,783,811,891,731,887,731,166,180,458,924,1520,1606,30,143,15,499,1,1177,175,669,1487,338,155,4,434,1,36:21,1
2013-14,203141,Mirza Teletovic,Mirza,1610612751,BKN,Brooklyn Nets,0041300125,2014-04-30T00:00:00,BKN @ TOR,L,23.848333333333333,6,10,0.6,4,8,0.5,1,2,0.5,2,5,7,0,0,0,0,0,3,2,17,31,25.4,0,0,28.0,1,944,944,944,919,330,537,335,31,36,201,783,621,751,226,320,285,1185,1096,784,499,1,1177,610,314,4,593,155,4,434,1,23:51,1
2013-14,201600,Omer Asik,Omer,1610612745,HOU,Houston Rockets,0041300175,2014-04-30T00:00:00,HOU vs. POR,W,33.486666666666665,5,12,0.417,0,0,0.0,0,0,0.0,6,9,15,0,3,0,1,5,6,2,10,-6,28.0,1,0,27.0,1,1,1,1,501,458,391,949,731,1136,731,998,1036,998,14,47,14,1185,143,784,171,1905,1865,610,720,1382,498,1,4,468,1,33:29,1
2013-14,202349,Greivis Vasquez,Greivis,1610612761,TOR,Toronto Raptors,0041300125,2014-04-30T00:00:00,TOR vs. BKN,W,25.753333333333334,6,12,0.5,3,5,0.6,0,0,0.0,0,6,6,2,1,0,0,1,3,2,15,7,24.2,0,0,26.0,1,1,1,1,833,330,391,534,75,226,167,998,1036,998,924,198,388,529,618,784,499,1343,1177,610,427,430,633,155,4,506,1,25:45,1
2013-14,202695,Kawhi Leonard,Kawhi,1610612759,SAS,San Antonio Spurs,0041300145,2014-04-30T00:00:00,SAS vs. DAL,W,34.915,6,10,0.6,1,2,0.5,2,3,0.667,1,7,8,1,1,0,0,0,1,2,15,13,25.1,0,0,25.0,1,1,1,1,441,330,537,335,388,651,201,500,538,646,449,144,213,791,618,784,499,1,394,610,427,188,603,155,4,543,1,34:55,1
2013-14,202685,Jonas Valančiūnas,Jonas,1610612761,TOR,Toronto Raptors,0041300125,2014-04-30T00:00:00,TOR vs. BKN,W,24.735,7,10,0.7,0,0,0.0,2,4,0.5,2,4,6,0,1,0,0,1,2,4,16,10,22.2,0,0,22.0,1,1,1,1,879,226,537,196,731,1136,731,500,347,751,226,457,388,1185,618,784,499,1343,801,272,361,294,694,155,4,657,1,24:44,1
2013-14,2733,Shaun Livingston,Shaun,1610612751,BKN,Brooklyn Nets,0041300125,2014-04-30T00:00:00,BKN @ TOR,L,27.668333333333333,4,11,0.364,0,0,0.0,1,2,0.5,2,4,6,4,1,0,1,1,3,1,9,-6,24.2,0,0,21.0,1,944,944,944,760,599,459,1094,731,1136,731,783,621,751,226,457,388,237,618,784,171,1343,1177,915,777,1382,633,155,4,693,1,27:40,1
2013-14,101187,Alan Anderson,Alan,1610612751,BKN,Brooklyn Nets,0041300125,2014-04-30T00:00:00,BKN @ TOR,L,21.483333333333334,4,7,0.571,3,4,0.75,2,2,1.0,1,1,2,3,2,0,0,0,4,2,13,-2,17.9,0,0,21.0,1,944,944,944,1016,599,811,418,75,336,93,500,621,1,449,1162,1057,363,298,784,499,1,1541,610,552,1106,864,155,4,693,1,21:29,1
2013-14,201148,Brandan Wright,Brandan,1610612742,DAL,Dallas Mavericks,0041300145,2014-04-30T00:00:00,DAL @ SAS,L,24.156666666666666,2,3,0.667,0,0,0.0,0,1,0.0,2,3,5,3,0,0,4,0,3,1,4,6,26.5,0,0,20.0,1,944,944,944,903,987,1273,209,731,1136,731,998,968,998,226,632,496,363,1096,784,10,1,1177,915,1173,482,550,155,4,731,1,24:09,1
2013-14,201980,Danny Green,Danny,1610612759,SAS,San Antonio Spurs,0041300145,2014-04-30T00:00:00,SAS vs. DAL,W,15.616666666666667,2,2,1.0,2,2,1.0,0,0,0.0,0,3,3,0,1,2,2,0,2,0,6,12,20.6,0,0,19.0,1,1,1,1,1273,987,1415,1,185,651,1,998,1036,998,924,632,831,1185,618,115,70,1,801,1301,1001,210,755,155,4,773,1,15:37,1
2013-14,2734,Devin Harris,Devin,1610612742,DAL,Dallas Mavericks,0041300145,2014-04-30T00:00:00,DAL @ SAS,L,28.566666666666666,3,11,0.273,2,6,0.333,0,0,0.0,0,5,5,4,0,0,0,1,2,1,8,7,20.0,0,0,19.0,1,944,944,944,713,783,459,1332,185,128,485,998,1036,998,924,320,496,237,1096,784,499,1343,801,915,858,430,782,155,4,773,1,28:34,1
2013-14,101161,Amir Johnson,Amir,1610612761,TOR,Toronto Raptors,0041300125,2014-04-30T00:00:00,TOR vs. BKN,W,32.138333333333335,4,5,0.8,0,0,0.0,3,5,0.6,1,5,6,1,4,0,0,0,6,3,11,-14,15.7,0,0,18.0,1,1,1,1,562,599,1021,119,731,1136,731,345,281,722,449,320,388,791,70,784,499,1,1865,413,669,1721,951,155,4,815,1,32:08,1
2013-14,2564,Boris Diaw,Boris,1610612759,SAS,San Antonio Spurs,0041300145,2014-04-30T00:00:00,SAS vs. DAL,W,21.703333333333333,2,4,0.5,0,0,0.0,4,4,1.0,1,2,3,6,0,0,0,0,1,2,8,-15,20.6,0,0,17.0,1,1,1,1,1003,987,1145,534,731,1136,731,230,347,1,449,860,831,102,1096,784,499,1,394,610,858,1743,755,155,4,852,1,21:42,1
2013-14,202335,Patrick Patterson,Patrick,1610612761,TOR,Toronto Raptors,0041300125,2014-04-30T00:00:00,TOR vs. BKN,W,28.113333333333333,0,3,0.0,0,3,0.0,2,2,1.0,3,5,8,4,0,1,0,0,3,2,2,1,20.6,0,0,16.0,1,1,1,1,736,1505,1273,1505,731,477,731,500,621,1,114,320,213,237,1096,305,499,1,1177,610,1377,796,755,155,4,901,1,28:07,1
2013-14,203093,Terrence Jones,Terrence,1610612745,HOU,Houston Rockets,0041300175,2014-04-30T00:00:00,HOU vs. POR,W,22.073333333333334,4,5,0.8,0,0,0.0,0,0,0.0,2,1,3,3,1,0,1,0,2,0,8,12,18.1,0,0,16.0,1,1,1,1,988,599,1021,119,731,1136,731,998,1036,998,226,1162,831,363,618,784,171,1,801,1301,858,210,853,155,4,901,1,22:04,1
2013-14,203082,Terrence Ross,Terrence,1610612761,TOR,Toronto Raptors,0041300125,2014-04-30T00:00:00,TOR vs. BKN,W,27.713333333333335,3,9,0.333,2,5,0.4,0,0,0.0,1,1,2,0,1,1,1,1,3,0,8,13,15.4,0,0,16.0,1,1,1,1,756,783,622,1129,185,226,430,998,1036,998,449,1162,1057,1185,618,305,171,1343,1177,1301,858,188,965,155,4,901,1,27:43,1
2013-14,2223,Samuel Dalembert,Samuel,1610612742,DAL,Dallas Mavericks,0041300145,2014-04-30T00:00:00,DAL @ SAS,L,22.69333333333333,0,2,0.0,0,0,0.0,2,2,1.0,0,9,9,0,1,0,2,1,3,2,2,-13,17.8,0,0,15.0,1,944,944,944,962,1505,1415,1505,731,1136,731,500,621,1,924,47,151,1185,618,784,70,1343,1177,610,1377,1687,868,155,4,947,1,22:42,1
2013-14,101154,Andray Blatche,Andray,1610612751,BKN,Brooklyn Nets,0041300125,2014-04-30T00:00:00,BKN @ TOR,L,15.516666666666667,1,2,0.5,0,0,0.0,5,6,0.833,2,2,4,0,1,2,0,0,3,3,7,15,16.8,0,0,15.0,1,944,944,944,1280,1208,1415,534,731,1136,731,166,180,458,226,860,643,1185,618,115,499,1,1177,413,944,138,911,155,4,947,1,15:31,1
2013-14,101181,Jose Calderon,Jose,1610612742,DAL,Dallas Mavericks,0041300145,2014-04-30T00:00:00,DAL @ SAS,L,26.25,3,9,0.333,2,5,0.4,0,0,0.0,1,1,2,2,0,0,0,0,3,1,8,-12,13.4,0,0,14.0,1,944,944,944,814,783,622,1129,185,226,430,998,1036,998,449,1162,1057,529,1096,784,499,1,1177,915,858,1660,1058,155,4,992,1,26:15,1
2013-14,1718,Paul Pierce,Paul,1610612751,BKN,Brooklyn Nets,0041300125,2014-04-30T00:00:00,BKN @ TOR,L,24.016666666666666,3,5,0.6,1,3,0.333,3,4,0.75,0,1,1,2,5,0,0,0,3,2,10,-31,9.2,0,0,14.0,1,944,944,944,908,783,1021,335,388,477,485,345,347,542,924,1162,1328,529,29,784,499,1,1177,610,720,1903,1275,155,4,992,1,24:01,1
2013-14,201976,Patrick Beverley,Patrick,1610612745,HOU,Houston Rockets,0041300175,2014-04-30T00:00:00,HOU vs. POR,W,21.006666666666668,2,5,0.4,1,3,0.333,0,0,0.0,2,1,3,2,0,0,1,0,1,1,5,-1,14.6,0,0,13.0,1,1,1,1,1033,987,1021,970,388,477,485,998,1036,998,226,1162,831,529,1096,784,171,1,394,915,1095,1010,1009,155,4,1036,1,21:00,1
2013-14,1890,Shawn Marion,Shawn,1610612742,DAL,Dallas Mavericks,0041300145,2014-04-30T00:00:00,DAL @ SAS,L,24.376666666666665,3,10,0.3,0,2,0.0,0,0,0.0,2,3,5,0,1,1,0,2,1,0,6,-7,14.0,0,0,13.0,1,944,944,944,897,783,537,1286,731,651,731,998,1036,998,226,632,496,1185,618,305,499,1748,394,1301,1001,1440,1031,155,4,1036,1,24:23,1
2013-14,203486,Mason Plumlee,Mason,1610612751,BKN,Brooklyn Nets,0041300125,2014-04-30T00:00:00,BKN @ TOR,L,20.816666666666666,1,2,0.5,0,0,0.0,3,6,0.5,1,2,3,0,1,0,2,1,1,4,5,-2,13.6,0,0,12.0,1,944,944,944,1040,1208,1415,534,731,1136,731,345,180,751,449,860,831,1185,618,784,70,1343,394,272,1095,1106,1048,155,4,1085,1,20:49,1
2013-14,203584,Troy Daniels,Troy,1610612745,HOU,Houston Rockets,0041300175,2014-04-30T00:00:00,HOU vs. POR,W,17.333333333333332,1,2,0.5,1,2,0.5,2,2,1.0,0,3,3,1,2,1,0,0,3,2,5,11,11.1,0,0,12.0,1,1,1,1,1197,1208,1415,534,388,651,201,500,621,1,924,632,831,791,298,305,499,1,1177,610,1095,248,1181,155,4,1085,1,17:20,1
2013-14,201977,Marcus Thornton,Marcus,1610612751,BKN,Brooklyn Nets,0041300125,2014-04-30T00:00:00,BKN @ TOR,L,16.6,2,3,0.667,0,1,0.0,1,1,1.0,1,2,3,0,0,1,0,0,0,1,5,-7,11.6,0,0,10.0,1,944,944,944,1226,987,1273,209,731,887,731,783,968,1,449,860,831,1185,1096,305,499,1,1,915,1095,1440,1145,155,4,1187,1,16:36,1
2013-14,101236,Chuck Hayes,Chuck,1610612761,TOR,Toronto Raptors,0041300125,2014-04-30T00:00:00,TOR vs. BKN,W,10.981666666666667,1,4,0.25,0,0,0.0,2,2,1.0,2,0,2,1,1,1,0,0,1,2,4,6,9.9,0,0,9.0,1,1,1,1,1461,1208,1145,1349,731,1136,731,500,621,1,226,1520,1057,791,618,305,499,1,394,610,1173,482,1236,155,4,1237,1,10:59,1
2013-14,708,Kevin Garnett,Kevin,1610612751,BKN,Brooklyn Nets,0041300125,2014-04-30T00:00:00,BKN @ TOR,L,11.666666666666666,2,4,0.5,0,0,0.0,0,0,0.0,0,2,2,1,0,0,0,0,1,1,4,-15,7.9,0,0,7.0,1,944,944,944,1439,987,1145,534,731,1136,731,998,1036,998,924,860,1057,791,1096,784,499,1,394,915,1173,1743,1344,155,4,1343,1,11:40,1
2013-14,2590,Mo Williams,Mo,1610612757,POR,Portland Trail Blazers,0041300175,2014-04-30T00:00:00,POR @ HOU,L,19.86,2,7,0.286,0,2,0.0,0,0,0.0,1,1,2,1,3,0,0,0,3,1,4,-17,4.9,0,0,7.0,1,944,944,944,1077,987,811,1299,731,651,731,998,1036,998,449,1162,1057,791,143,784,499,1,1177,915,1173,1789,1486,155,4,1343,1,19:52,1
2013-14,201158,Marco Belinelli,Marco,1610612759,SAS,San Antonio Spurs,0041300145,2014-04-30T00:00:00,SAS vs. DAL,W,10.85,1,4,0.25,1,1,1.0,0,0,0.0,0,2,2,0,0,0,0,0,0,0,3,-11,5.4,0,0,6.0,1,1,1,1,1465,1208,1145,1349,388,887,1,998,1036,998,924,860,1057,1185,1096,784,499,1,1,1301,1282,1612,1462,155,4,1399,1,10:51,1
2013-14,201988,Patty Mills,Patty,1610612759,SAS,San Antonio Spurs,0041300145,2014-04-30T00:00:00,SAS vs. DAL,W,15.905,1,5,0.2,0,3,0.0,0,0,0.0,0,1,1,1,0,0,0,0,0,0,2,1,4.7,0,0,4.0,1,1,1,1,1253,1208,1021,1438,731,477,731,998,1036,998,924,1162,1328,791,1096,784,499,1,1,1301,1377,796,1490,155,4,1505,1,15:54,1
2013-14,2422,John Salmons,John,1610612761,TOR,Toronto Raptors,0041300125,2014-04-30T00:00:00,TOR vs. BKN,W,12.915,0,3,0.0,0,2,0.0,0,0,0.0,0,1,1,2,0,0,0,1,2,0,0,-15,4.2,0,0,3.0,1,1,1,1,1387,1505,1273,1505,731,651,731,998,1036,998,924,1162,1328,529,1096,784,499,1343,801,1301,1567,1743,1522,155,4,1573,1,12:55,1
2013-14,203080,Thomas Robinson,Thomas,1610612757,POR,Portland Trail Blazers,0041300175,2014-04-30T00:00:00,POR @ HOU,L,9.116666666666667,0,2,0.0,0,0,0.0,0,0,0.0,0,1,1,0,1,1,0,1,1,1,0,-10,3.2,0,0,3.0,1,944,944,944,1520,1505,1415,1505,731,1136,731,998,1036,998,924,1162,1328,1185,618,305,499,1343,394,915,1567,1568,1574,155,4,1573,1,9:07,1
2013-14,203115,Will Barton,Will,1610612757,POR,Portland Trail Blazers,0041300175,2014-04-30T00:00:00,POR @ HOU,L,1.0833333333333333,0,0,0.0,0,0,0.0,0,0,0.0,0,0,0,0,0,0,1,0,0,0,0,0,3.0,0,0,2.0,1,944,944,944,1838,1505,1728,1505,731,1136,731,998,1036,998,924,1520,1606,1185,1096,784,171,1,1,1301,1567,882,1593,155,4,1628,1,1:05,1
2013-14,203109,Jae Crowder,Jae,1610612742,DAL,Dallas Mavericks,0041300145,2014-04-30T00:00:00,DAL @ SAS,L,7.721666666666667,0,0,0.0,0,0,0.0,0,0,0.0,1,0,1,0,1,0,0,0,1,0,0,1,0.2,0,0,1.0,1,944,944,944,1562,1505,1728,1505,731,1136,731,998,1036,998,449,1520,1328,1185,618,784,499,1,394,1301,1567,796,1757,155,4,1690,1,7:43,1
2013-14,1905,Andrei Kirilenko,Andrei,1610612751,BKN,Brooklyn Nets,0041300125,2014-04-30T00:00:00,BKN @ TOR,L,3.651666666666667,0,0,0.0,0,0,0.0,0,0,0.0,0,1,1,0,1,0,0,0,1,0,0,-7,0.2,0,0,1.0,1,944,944,944,1714,1505,1728,1505,731,1136,731,998,1036,998,924,1162,1328,1185,618,784,499,1,394,1301,1567,1440,1757,155,4,1690,1,3:39,1
2013-14,2748,Dorell Wright,Dorell,1610612757,POR,Portland Trail Blazers,0041300175,2014-04-30T00:00:00,POR @ HOU,L,10.85,0,2,0.0,0,2,0.0,1,2,0.5,0,0,0,0,1,0,0,1,3,1,1,-19,0.0,0,0,1.0,1,944,944,944,1465,1505,1415,1505,731,651,731,783,621,751,924,1520,1606,1185,618,784,499,1343,1177,915,1541,1829,1769,155,4,1690,1,10:51,1
2013-14,2588,Matt Bonner,Matt,1610612759,SAS,San Antonio Spurs,0041300145,2014-04-30T00:00:00,SAS vs. DAL,W,3.455,0,0,0.0,0,0,0.0,0,0,0.0,0,0,0,0,0,0,0,0,1,0,0,5,0.0,0,0,0.0,1,1,1,1,1723,1505,1728,1505,731,1136,731,998,1036,998,924,1520,1606,1185,1096,784,499,1,394,1301,1567,522,1769,155,4,1775,1,3:27,1
2013-14,200777,Joel Freeland,Joel,1610612757,POR,Portland Trail Blazers,0041300175,2014-04-30T00:00:00,POR @ HOU,L,1.0833333333333333,0,0,0.0,0,0,0.0,0,0,0.0,0,0,0,0,0,0,0,0,0,0,0,0,0.0,0,0,0.0,1,944,944,944,1838,1505,1728,1505,731,1136,731,998,1036,998,924,1520,1606,1185,1096,784,499,1,1,1301,1567,882,1769,155,4,1775,1,1:05,1
2013-14,203468,CJ McCollum,CJ,1610612757,POR,Portland Trail Blazers,0041300175,2014-04-30T00:00:00,POR @ HOU,L,1.0833333333333333,0,0,0.0,0,0,0.0,0,0,0.0,0,0,0,0,0,0,0,0,0,0,0,0,0.0,0,0,0.0,1,944,944,944,1838,1505,1728,1505,731,1136,731,998,1036,998,924,1520,1606,1185,1096,784,499,1,1,1301,1567,882,1769,155,4,1775,1,1:05,1
2013-14,201566,Russell Westbrook,Russell,1610612760,OKC,Oklahoma City Thunder,0041300155,2014-04-29T00:00:00,OKC vs. MEM,L,48.0,10,31,0.323,1,7,0.143,9,9,1.0,5,5,10,13,4,1,1,1,2,6,30,1,63.5,1,1,58.0,1,944,944,944,10,58,2,1270,388,67,718,30,67,1,30,320,102,6,70,305,171,1343,801,102,45,796,8,1,1,15,1,48:00,1
2013-14,201599,DeAndre Jordan,DeAndre,1610612746,LAC,Los Angeles Clippers,0041300165,2014-04-29T00:00:00,LAC vs. GSW,W,37.885,8,10,0.8,0,0,0.0,9,17,0.529,6,12,18,1,1,1,4,0,2,10,25,12,62.1,1,0,54.0,1,1,1,1,294,152,537,119,731,1136,731,30,4,749,14,13,3,791,618,305,10,1,801,9,107,210,12,1,4,29,1,37:53,1
2013-14,101108,Chris Paul,Chris,1610612746,LAC,Los Angeles Clippers,0041300165,2014-04-29T00:00:00,LAC vs. GSW,W,39.28333333333333,6,17,0.353,3,5,0.6,5,5,1.0,2,4,6,7,2,5,0,0,2,3,20,12,50.7,0,0,46.0,1,1,1,1,222,330,162,1122,75,226,167,166,281,1,226,457,388,64,298,5,499,1,801,413,218,210,67,155,4,83,1,39:17,1
2013-14,201149,Joakim Noah,Joakim,1610612741,CHI,Chicago Bulls,0041300135,2014-04-29T00:00:00,CHI vs. WAS,L,43.193333333333335,3,8,0.375,0,0,0.0,0,2,0.0,2,16,18,7,4,2,3,1,1,2,6,-1,49.1,0,0,41.0,1,944,944,944,80,783,710,1056,731,1136,731,998,621,998,226,2,3,64,70,115,29,1343,394,610,1001,1010,77,155,4,129,1,43:12,1
2013-14,2034,Mike Miller,Mike,1610612763,MEM,Memphis Grizzlies,0041300155,2014-04-29T00:00:00,MEM @ OKC,W,30.611666666666668,6,11,0.545,5,8,0.625,4,4,1.0,1,5,6,3,0,3,0,0,0,3,21,0,41.7,0,0,41.0,1,1,1,1,619,330,459,485,14,36,163,230,347,1,449,320,388,363,1096,43,499,1,1,413,196,882,154,155,4,129,1,30:37,1
2013-14,2738,Andre Iguodala,Andre,1610612744,GSW,Golden State Warriors,0041300165,2014-04-29T00:00:00,GSW @ LAC,L,42.348333333333336,7,15,0.467,2,5,0.4,2,2,1.0,2,6,8,8,2,2,0,1,3,3,18,-12,43.6,0,0,40.0,1,944,944,944,110,226,229,801,185,226,430,500,621,1,226,198,213,42,298,115,499,1343,1177,413,279,1660,131,155,4,143,1,42:21,1
2013-14,201142,Kevin Durant,Kevin,1610612760,OKC,Oklahoma City Thunder,0041300155,2014-04-29T00:00:00,OKC vs. MEM,L,51.748333333333335,10,24,0.417,3,8,0.375,3,6,0.5,3,5,8,2,6,0,0,1,1,6,26,1,32.6,0,0,39.0,1,944,944,944,3,58,18,949,75,36,471,345,180,751,114,320,213,529,11,784,499,1343,394,102,93,796,359,155,4,163,1,51:45,1
2013-14,202322,John Wall,John,1610612764,WAS,Washington Wizards,0041300135,2014-04-29T00:00:00,WAS @ CHI,W,38.9,7,19,0.368,1,2,0.5,9,11,0.818,0,7,7,4,1,0,1,1,3,8,24,8,40.4,0,0,38.0,1,1,1,1,247,226,101,1087,388,651,201,30,34,493,924,144,285,237,618,784,171,1343,1177,40,130,374,175,155,4,178,1,38:54,1
2013-14,2403,Nene,ene,1610612764,WAS,Washington Wizards,0041300135,2014-04-29T00:00:00,WAS @ CHI,W,38.99166666666667,10,17,0.588,0,0,0.0,0,1,0.0,2,5,7,4,1,2,1,1,4,2,20,3,42.4,0,0,37.0,1,1,1,1,242,58,162,396,731,1136,731,998,968,998,226,320,285,237,618,115,171,1343,1541,610,218,639,147,155,4,204,1,38:60,1
2013-14,202691,Klay Thompson,Klay,1610612744,GSW,Golden State Warriors,0041300165,2014-04-29T00:00:00,GSW @ LAC,L,44.766666666666666,9,17,0.529,3,7,0.429,0,0,0.0,0,5,5,4,2,2,0,0,5,2,21,-12,37.0,0,0,37.0,1,944,944,944,43,101,162,523,75,67,409,998,1036,998,924,320,496,237,298,115,499,1,1747,610,196,1660,249,155,4,204,1,44:46,1
2013-14,201188,Marc Gasol,Marc,1610612763,MEM,Memphis Grizzlies,0041300155,2014-04-29T00:00:00,MEM @ OKC,W,46.53333333333333,4,14,0.286,0,0,0.0,3,4,0.75,5,10,15,4,1,1,2,0,5,5,11,7,43.0,1,0,36.0,1,1,1,1,17,599,271,1299,731,1136,731,345,347,542,30,29,14,237,618,305,70,1,1747,175,669,430,143,1,4,221,1,46:32,1
2013-14,201933,Blake Griffin,Blake,1610612746,LAC,Los Angeles Clippers,0041300165,2014-04-29T00:00:00,LAC vs. GSW,W,35.575,6,14,0.429,0,0,0.0,6,8,0.75,3,4,7,4,2,2,0,1,5,6,18,8,36.4,0,0,33.0,1,1,1,1,410,330,271,891,731,1136,731,117,91,542,114,457,285,237,298,115,499,1343,1747,102,279,374,262,155,4,276,1,35:35,1
2013-14,101135,David Lee,David,1610612744,GSW,Golden State Warriors,0041300165,2014-04-29T00:00:00,GSW @ LAC,L,27.653333333333332,8,13,0.615,0,0,0.0,2,4,0.5,5,5,10,4,1,0,0,3,5,2,18,1,35.0,1,0,32.0,1,944,944,944,762,152,325,324,731,1136,731,500,347,751,30,320,102,237,618,784,499,1865,1747,610,279,796,289,1,4,311,1,27:39,1
2013-14,2216,Zach Randolph,Zach,1610612763,MEM,Memphis Grizzlies,0041300155,2014-04-29T00:00:00,MEM @ OKC,W,41.64666666666667,8,15,0.533,0,0,0.0,4,7,0.571,1,9,10,0,1,1,0,0,3,5,20,3,34.0,1,0,32.0,1,1,1,1,129,152,229,515,731,1136,731,230,133,742,449,47,102,1185,618,305,499,1,1177,175,218,639,317,1,4,311,1,41:39,1
2013-14,201939,Stephen Curry,Stephen,1610612744,GSW,Golden State Warriors,0041300165,2014-04-29T00:00:00,GSW @ LAC,L,43.70333333333333,5,10,0.5,4,7,0.571,3,3,1.0,0,3,3,4,8,2,0,0,2,3,17,-5,24.6,0,0,32.0,1,944,944,944,61,458,537,534,31,67,187,345,538,1,924,632,831,237,1,115,499,1,801,413,314,1316,623,155,4,311,1,43:42,1
2013-14,203078,Bradley Beal,Bradley,1610612764,WAS,Washington Wizards,0041300135,2014-04-29T00:00:00,WAS @ CHI,W,42.80833333333333,6,13,0.462,1,4,0.25,4,5,0.8,2,3,5,4,5,2,0,2,3,3,17,7,30.0,0,0,31.0,1,1,1,1,95,330,325,805,388,336,614,230,281,498,226,632,496,237,29,115,499,1748,1177,413,314,430,423,155,4,354,1,42:49,1
2013-14,201586,Serge Ibaka,Serge,1610612760,OKC,Oklahoma City Thunder,0041300155,2014-04-29T00:00:00,OKC vs. MEM,L,42.86666666666667,6,10,0.6,1,2,0.5,2,3,0.667,3,9,12,1,1,0,0,1,5,3,15,0,29.9,1,0,29.0,1,944,944,944,94,330,537,335,388,651,201,500,538,646,114,47,58,791,618,784,499,1343,1747,413,427,882,430,1,4,404,1,42:52,1
2013-14,2550,Kirk Hinrich,Kirk,1610612741,CHI,Chicago Bulls,0041300135,2014-04-29T00:00:00,CHI vs. WAS,L,39.74166666666667,6,11,0.545,4,5,0.8,0,0,0.0,0,2,2,4,2,0,1,0,6,2,16,3,25.4,0,0,28.0,1,944,944,944,201,330,459,485,31,226,83,998,1036,998,924,860,1057,237,298,784,171,1,1865,610,361,639,593,155,4,434,1,39:45,1
2013-14,202710,Jimmy Butler III,Jimmy,1610612741,CHI,Chicago Bulls,0041300135,2014-04-29T00:00:00,CHI vs. WAS,L,42.56666666666667,6,15,0.4,2,4,0.5,2,2,1.0,3,1,4,2,0,1,0,2,2,2,16,0,26.8,0,0,26.0,1,944,944,944,99,330,229,970,185,336,201,500,621,1,114,1162,643,529,1096,305,499,1748,801,610,361,882,540,155,4,506,1,42:34,1
2013-14,2037,Jamal Crawford,Jamal,1610612746,LAC,Los Angeles Clippers,0041300165,2014-04-29T00:00:00,LAC vs. GSW,W,26.175,7,13,0.538,2,7,0.286,3,3,1.0,0,1,1,1,2,1,0,0,1,3,19,4,22.7,0,0,25.0,1,1,1,1,817,226,325,499,185,67,598,345,538,1,924,1162,1328,791,298,305,499,1,394,413,247,576,683,155,4,543,1,26:11,1
2013-14,2754,Tony Allen,Tony,1610612763,MEM,Memphis Grizzlies,0041300155,2014-04-29T00:00:00,MEM @ OKC,W,33.6,3,7,0.429,0,1,0.0,1,3,0.333,3,6,9,2,3,3,0,1,3,2,7,-3,26.8,0,0,24.0,1,1,1,1,496,783,811,891,731,887,731,783,538,970,114,198,151,529,143,43,499,1343,1177,610,944,1183,540,155,4,582,1,33:36,1
2013-14,201144,Mike Conley,Mike,1610612763,MEM,Memphis Grizzlies,0041300155,2014-04-29T00:00:00,MEM @ OKC,W,38.083333333333336,8,17,0.471,1,3,0.333,0,0,0.0,1,1,2,4,1,0,0,1,1,1,17,9,24.4,0,0,24.0,1,1,1,1,281,152,162,799,388,477,485,998,1036,998,449,1162,1057,237,618,784,499,1343,394,915,314,334,627,155,4,582,1,38:05,1
2013-14,2406,Caron Butler,Caron,1610612760,OKC,Oklahoma City Thunder,0041300155,2014-04-29T00:00:00,OKC vs. MEM,L,27.378333333333334,5,10,0.5,4,8,0.5,1,1,1.0,3,2,5,0,0,0,0,0,2,2,15,9,21.0,0,0,24.0,1,944,944,944,772,458,537,534,31,36,201,783,968,1,114,860,496,1185,1096,784,499,1,801,610,427,334,736,155,4,582,1,27:23,1
2013-14,101162,Marcin Gortat,Marcin,1610612764,WAS,Washington Wizards,0041300135,2014-04-29T00:00:00,WAS @ CHI,W,32.97666666666667,1,5,0.2,0,0,0.0,0,0,0.0,4,9,13,2,1,0,3,0,2,2,2,9,28.6,0,0,23.0,1,1,1,1,528,1208,1021,1438,731,1136,731,998,1036,998,62,47,41,529,618,784,29,1,801,610,1377,334,474,155,4,619,1,32:59,1
2013-14,202344,Trevor Booker,Trevor,1610612764,WAS,Washington Wizards,0041300135,2014-04-29T00:00:00,WAS @ CHI,W,23.498333333333335,3,7,0.429,0,1,0.0,0,0,0.0,4,3,7,2,1,1,3,0,2,0,6,-3,28.4,0,0,23.0,1,1,1,1,935,783,811,891,731,887,731,998,1036,998,62,632,285,529,618,305,29,1,801,1301,1001,1183,481,155,4,619,1,23:30,1
2013-14,203110,Draymond Green,Draymond,1610612744,GSW,Golden State Warriors,0041300165,2014-04-29T00:00:00,GSW @ LAC,L,26.95,3,8,0.375,0,2,0.0,4,4,1.0,5,6,11,1,0,0,0,0,5,6,10,-5,24.7,1,0,22.0,1,944,944,944,790,783,710,1056,731,651,731,230,347,1,30,198,76,791,1096,784,499,1,1747,102,720,1316,619,1,4,657,1,26:57,1
2013-14,201959,Taj Gibson,Taj,1610612741,CHI,Chicago Bulls,0041300135,2014-04-29T00:00:00,CHI vs. WAS,L,25.0,3,10,0.3,0,0,0.0,6,7,0.857,2,2,4,0,1,0,3,3,1,5,12,5,24.8,0,0,22.0,1,944,944,944,870,783,537,1286,731,1136,731,117,133,439,226,860,643,1185,618,784,29,1865,394,175,601,522,614,155,4,657,1,25:00,1
2013-14,2772,Trevor Ariza,Trevor,1610612764,WAS,Washington Wizards,0041300135,2014-04-29T00:00:00,WAS @ CHI,W,37.36666666666667,3,8,0.375,0,1,0.0,0,0,0.0,1,8,9,0,2,2,1,2,3,0,6,8,23.8,0,0,21.0,1,1,1,1,319,783,710,1056,731,887,731,998,1036,998,449,93,151,1185,298,115,171,1748,1177,1301,1001,374,650,155,4,693,1,37:22,1
2013-14,201954,Darren Collison,Darren,1610612746,LAC,Los Angeles Clippers,0041300165,2014-04-29T00:00:00,LAC vs. GSW,W,24.003333333333334,4,7,0.571,1,1,1.0,6,6,1.0,0,0,0,2,1,1,0,0,3,3,15,2,20.0,0,0,20.0,1,1,1,1,910,599,811,418,388,887,1,117,180,1,924,1520,1606,529,618,305,499,1,1177,413,427,707,782,155,4,731,1,24:00,1
2013-14,2430,Carlos Boozer,Carlos,1610612741,CHI,Chicago Bulls,0041300135,2014-04-29T00:00:00,CHI vs. WAS,L,27.703333333333333,4,12,0.333,0,0,0.0,2,2,1.0,3,6,9,1,3,0,0,4,2,3,10,-16,19.3,0,0,20.0,1,944,944,944,757,599,391,1129,731,1136,731,500,621,1,114,198,151,791,143,784,499,1899,801,413,720,1771,812,155,4,731,1,27:42,1
2013-14,201584,Courtney Lee,Courtney,1610612763,MEM,Memphis Grizzlies,0041300155,2014-04-29T00:00:00,MEM @ OKC,W,28.616666666666667,2,8,0.25,0,3,0.0,3,4,0.75,0,2,2,4,2,2,0,0,3,2,7,-1,19.4,0,0,17.0,1,1,1,1,711,987,710,1349,731,477,731,345,347,542,924,860,1057,237,298,115,499,1,1177,610,944,1010,808,155,4,852,1,28:37,1
2013-14,202704,Reggie Jackson,Reggie,1610612760,OKC,Oklahoma City Thunder,0041300155,2014-04-29T00:00:00,OKC vs. MEM,L,38.93333333333333,2,7,0.286,2,3,0.667,0,0,0.0,2,3,5,2,5,0,1,0,4,0,6,6,13.0,0,0,17.0,1,944,944,944,246,987,811,1299,185,477,112,998,1036,998,226,632,496,529,29,784,171,1,1541,1301,1001,482,1082,155,4,852,1,38:56,1
2013-14,2419,Tayshaun Prince,Tayshaun,1610612763,MEM,Memphis Grizzlies,0041300155,2014-04-29T00:00:00,MEM @ OKC,W,22.058333333333334,3,7,0.429,1,2,0.5,0,0,0.0,1,2,3,2,0,1,0,0,2,0,7,2,16.6,0,0,15.0,1,1,1,1,990,783,811,891,388,651,201,998,1036,998,449,860,831,529,1096,305,499,1,801,1301,944,707,915,155,4,947,1,22:04,1
2013-14,2399,Mike Dunleavy,Mike,1610612741,CHI,Chicago Bulls,0041300135,2014-04-29T00:00:00,CHI vs. WAS,L,33.473333333333336,2,8,0.25,0,3,0.0,1,2,0.5,1,4,5,2,1,0,1,0,1,3,5,-18,16.0,0,0,14.0,1,944,944,944,503,987,710,1349,731,477,731,783,621,751,449,457,496,529,618,784,171,1,394,413,1095,1808,941,155,4,992,1,33:28,1
2013-14,2440,Matt Barnes,Matt,1610612746,LAC,Los Angeles Clippers,0041300165,2014-04-29T00:00:00,LAC vs. GSW,W,30.866666666666667,2,5,0.4,2,4,0.5,0,0,0.0,1,3,4,2,1,0,0,0,3,1,6,11,12.8,0,0,14.0,1,1,1,1,612,987,1021,970,185,336,201,998,1036,998,449,632,643,529,618,784,499,1,1177,915,1001,248,1094,155,4,992,1,30:52,1
2013-14,979,Jermaine O'Neal,Jermaine,1610612744,GSW,Golden State Warriors,0041300165,2014-04-29T00:00:00,GSW @ LAC,L,11.801666666666666,4,8,0.5,0,0,0.0,0,2,0.0,1,4,5,0,0,0,0,0,1,2,8,-1,14.0,0,0,13.0,1,944,944,944,1428,599,710,534,731,1136,731,998,621,998,449,457,496,1185,1096,784,499,1,394,610,858,1010,1031,155,4,1036,1,11:48,1
2013-14,200755,JJ Redick,JJ,1610612746,LAC,Los Angeles Clippers,0041300165,2014-04-29T00:00:00,LAC vs. GSW,W,28.061666666666667,3,8,0.375,0,3,0.0,2,2,1.0,0,2,2,3,2,0,0,0,2,1,8,13,12.9,0,0,13.0,1,1,1,1,738,783,710,1056,731,477,731,500,621,1,924,860,1057,363,298,784,499,1,801,915,858,188,1090,155,4,1036,1,28:04,1
2013-14,2570,Kendrick Perkins,Kendrick,1610612760,OKC,Oklahoma City Thunder,0041300155,2014-04-29T00:00:00,OKC vs. MEM,L,24.573333333333334,1,2,0.5,0,0,0.0,0,0,0.0,2,6,8,2,1,0,0,0,3,3,2,-8,13.6,0,0,12.0,1,944,944,944,888,1208,1415,534,731,1136,731,998,1036,998,226,198,213,529,618,784,499,1,1177,413,1377,1487,1048,155,4,1085,1,24:34,1
2013-14,2757,Beno Udrih,Beno,1610612763,MEM,Memphis Grizzlies,0041300155,2014-04-29T00:00:00,MEM @ OKC,W,15.483333333333333,2,5,0.4,0,2,0.0,2,2,1.0,0,1,1,2,0,0,0,0,2,3,6,-8,10.2,0,0,9.0,1,1,1,1,1281,987,1021,970,731,651,731,500,621,1,924,1162,1328,529,1096,784,499,1,801,413,1001,1487,1218,155,4,1237,1,15:29,1
2013-14,201585,Kosta Koufos,Kosta,1610612763,MEM,Memphis Grizzlies,0041300155,2014-04-29T00:00:00,MEM @ OKC,W,5.9,1,3,0.333,0,0,0.0,2,2,1.0,1,1,2,0,0,0,1,1,2,1,4,-6,9.4,0,0,8.0,1,1,1,1,1629,1208,1273,1129,731,1136,731,500,621,1,449,1162,1057,1185,1096,784,171,1343,801,915,1173,1382,1259,155,4,1289,1,5:54,1
2013-14,965,Derek Fisher,Derek,1610612760,OKC,Oklahoma City Thunder,0041300155,2014-04-29T00:00:00,OKC vs. MEM,L,10.433333333333334,2,6,0.333,1,3,0.333,0,0,0.0,1,0,1,1,0,0,0,0,0,0,5,-3,7.7,0,0,8.0,1,944,944,944,1480,987,915,1129,388,477,485,998,1036,998,449,1520,1328,791,1096,784,499,1,1,1301,1095,1183,1351,155,4,1289,1,10:26,1
2013-14,101110,Martell Webster,Martell,1610612764,WAS,Washington Wizards,0041300135,2014-04-29T00:00:00,WAS @ CHI,W,15.985,0,2,0.0,0,1,0.0,0,0,0.0,0,1,1,0,1,1,2,0,1,0,0,-3,9.2,0,0,7.0,1,1,1,1,1248,1505,1415,1505,731,887,731,998,1036,998,924,1162,1328,1185,618,305,70,1,394,1301,1567,1183,1275,155,4,1343,1,15:59,1
2013-14,201571,D.J. Augustin,D.J.,1610612741,CHI,Chicago Bulls,0041300135,2014-04-29T00:00:00,CHI vs. WAS,L,22.84,1,10,0.1,0,4,0.0,2,2,1.0,0,0,0,3,0,0,0,1,4,2,4,3,8.5,0,0,7.0,1,944,944,944,953,1208,537,1503,731,336,731,500,621,1,924,1520,1606,363,1096,784,499,1343,1541,610,1173,639,1319,155,4,1343,1,22:50,1
2013-14,201578,Marreese Speights,Marreese,1610612744,GSW,Golden State Warriors,0041300165,2014-04-29T00:00:00,GSW @ LAC,L,10.25,1,3,0.333,0,0,0.0,2,4,0.5,0,0,0,1,0,0,1,0,1,2,4,-8,8.5,0,0,7.0,1,944,944,944,1485,1208,1273,1129,731,1136,731,500,347,751,924,1520,1606,791,1096,784,171,1,394,610,1173,1487,1319,155,4,1343,1,10:15,1
2013-14,203084,Harrison Barnes,Harrison,1610612744,GSW,Golden State Warriors,0041300165,2014-04-29T00:00:00,GSW @ LAC,L,22.216666666666665,2,6,0.333,1,2,0.5,0,0,0.0,0,0,0,1,0,0,0,0,2,0,5,-5,6.5,0,0,7.0,1,944,944,944,982,987,915,1129,388,651,201,998,1036,998,924,1520,1606,791,1096,784,499,1,801,1301,1095,1316,1410,155,4,1343,1,22:13,1
2013-14,200757,Thabo Sefolosha,Thabo,1610612760,OKC,Oklahoma City Thunder,0041300155,2014-04-29T00:00:00,OKC vs. MEM,L,8.681666666666667,0,2,0.0,0,0,0.0,0,0,0.0,0,0,0,2,0,1,0,0,0,0,0,-6,6.0,0,0,4.0,1,944,944,944,1535,1505,1415,1505,731,1136,731,998,1036,998,924,1520,1606,529,1096,305,499,1,1,1301,1567,1382,1430,155,4,1505,1,8:41,1
2013-14,203500,Steven Adams,Steven,1610612760,OKC,Oklahoma City Thunder,0041300155,2014-04-29T00:00:00,OKC vs. MEM,L,0.9516666666666667,0,0,0.0,0,0,0.0,0,0,0.0,0,1,1,0,0,0,1,0,0,0,0,0,4.2,0,0,3.0,1,944,944,944,1848,1505,1728,1505,731,1136,731,998,1036,998,924,1162,1328,1185,1096,784,171,1,1,1301,1567,882,1522,155,4,1573,1,0:57,1
2013-14,203503,Tony Snell,Tony,1610612741,CHI,Chicago Bulls,0041300135,2014-04-29T00:00:00,CHI vs. WAS,L,5.4816666666666665,0,1,0.0,0,0,0.0,0,0,0.0,0,1,1,0,0,1,0,0,0,0,0,-6,4.2,0,0,3.0,1,944,944,944,1643,1505,1565,1505,731,1136,731,998,1036,998,924,1162,1328,1185,1096,305,499,1,1,1301,1567,1382,1522,155,4,1573,1,5:29,1
2013-14,201175,Glen Davis,Glen,1610612746,LAC,Los Angeles Clippers,0041300165,2014-04-29T00:00:00,LAC vs. GSW,W,8.351666666666667,1,1,1.0,0,0,0.0,0,0,0.0,0,1,1,0,1,0,0,0,2,0,2,0,2.2,0,0,3.0,1,1,1,1,1541,1208,1565,1,731,1136,731,998,1036,998,924,1162,1328,1185,618,784,499,1,801,1301,1377,882,1644,155,4,1573,1,8:21,1
2013-14,1889,Andre Miller,Andre,1610612764,WAS,Washington Wizards,0041300135,2014-04-29T00:00:00,WAS @ CHI,W,9.145,0,3,0.0,0,0,0.0,0,2,0.0,0,0,0,0,0,1,0,2,1,2,0,-1,3.0,0,0,2.0,1,1,1,1,1519,1505,1273,1505,731,1136,731,998,621,998,924,1520,1606,1185,1096,305,499,1748,394,610,1567,1010,1593,155,4,1628,1,9:09,1
2013-14,2555,Nick Collison,Nick,1610612760,OKC,Oklahoma City Thunder,0041300155,2014-04-29T00:00:00,OKC vs. MEM,L,11.433333333333334,0,0,0.0,0,0,0.0,0,0,0.0,0,1,1,1,0,0,0,0,5,1,0,-5,2.7,0,0,2.0,1,944,944,944,1445,1505,1728,1505,731,1136,731,998,1036,998,924,1162,1328,791,1096,784,499,1,1747,915,1567,1316,1620,155,4,1628,1,11:26,1
2013-14,202348,Jordan Crawford,Jordan,1610612744,GSW,Golden State Warriors,0041300165,2014-04-29T00:00:00,GSW @ LAC,L,4.466666666666667,1,3,0.333,0,1,0.0,0,0,0.0,0,0,0,0,0,0,0,0,1,0,2,6,2.0,0,0,2.0,1,944,944,944,1683,1208,1273,1129,731,887,731,998,1036,998,924,1520,1606,1185,1096,784,499,1,394,1301,1377,482,1652,155,4,1628,1,4:28,1
2013-14,2581,Steve Blake,Steve,1610612744,GSW,Golden State Warriors,0041300165,2014-04-29T00:00:00,GSW @ LAC,L,5.433333333333334,0,1,0.0,0,1,0.0,0,0,0.0,0,0,0,1,0,0,0,0,1,1,0,-3,1.5,0,0,1.0,1,944,944,944,1644,1505,1565,1505,731,887,731,998,1036,998,924,1520,1606,791,1096,784,499,1,394,915,1567,1183,1680,155,4,1690,1,5:26,1
2013-14,2045,Hedo Turkoglu,Hedo,1610612746,LAC,Los Angeles Clippers,0041300165,2014-04-29T00:00:00,LAC vs. GSW,W,5.233333333333333,0,0,0.0,0,0,0.0,0,0,0.0,0,1,1,0,0,0,0,0,1,1,0,-6,1.2,0,0,1.0,1,1,1,1,1651,1505,1728,1505,731,1136,731,998,1036,998,924,1162,1328,1185,1096,784,499,1,394,915,1567,1382,1694,155,4,1690,1,5:14,1
2013-14,101122,Danny Granger,Danny,1610612746,LAC,Los Angeles Clippers,0041300165,2014-04-29T00:00:00,LAC vs. GSW,W,4.565,0,1,0.0,0,0,0.0,0,0,0.0,0,1,1,0,0,0,0,0,0,0,0,-6,1.2,0,0,1.0,1,1,1,1,1672,1505,1565,1505,731,1136,731,998,1036,998,924,1162,1328,1185,1096,784,499,1,1,1301,1567,1382,1694,155,4,1690,1,4:34,1
2013-14,202066,Garrett Temple,Garrett,1610612764,WAS,Washington Wizards,0041300135,2014-04-29T00:00:00,WAS @ CHI,W,0.3283333333333333,0,0,0.0,0,0,0.0,0,0,0.0,0,0,0,0,0,0,0,0,0,0,0,2,0.0,0,0,0.0,1,1,1,1,1878,1505,1728,1505,731,1136,731,998,1036,998,924,1520,1606,1185,1096,784,499,1,1,1301,1567,707,1769,155,4,1775,1,0:20,1
2013-14,203517,Nemanja Nedovic,Nemanja,1610612744,GSW,Golden State Warriors,0041300165,2014-04-29T00:00:00,GSW @ LAC,L,0.013333333333333334,0,0,0.0,0,0,0.0,0,0,0.0,0,0,0,0,0,0,0,0,1,0,0,-2,0.0,0,0,0.0,1,944,944,944,1904,1505,1728,1505,731,1136,731,998,1036,998,924,1520,1606,1185,1096,784,499,1,394,1301,1567,1106,1769,155,4,1775,1,0:01,1
2013-14,200756,Hilton Armstrong,Hilton,1610612744,GSW,Golden State Warriors,0041300165,2014-04-29T00:00:00,GSW @ LAC,L,0.39666666666666667,0,1,0.0,0,1,0.0,0,0,0.0,0,0,0,0,0,0,0,0,1,0,0,-4,0.0,0,0,0.0,1,944,944,944,1876,1505,1565,1505,731,887,731,998,1036,998,924,1520,1606,1185,1096,784,499,1,394,1301,1567,1256,1769,155,4,1775,1,0:24,1
2013-14,202334,Ed Davis,Ed,1610612763,MEM,Memphis Grizzlies,0041300155,2014-04-29T00:00:00,MEM @ OKC,W,2.466666666666667,0,0,0.0,0,0,0.0,0,0,0.0,0,0,0,0,1,0,0,0,0,0,0,2,-1.0,0,0,0.0,1,1,1,1,1772,1505,1728,1505,731,1136,731,998,1036,998,924,1520,1606,1185,618,784,499,1,1,1301,1567,707,1900,155,4,1775,1,2:28,1
2013-14,202331,Paul George,Paul,1610612754,IND,Indiana Pacers,0041300105,2014-04-28T00:00:00,IND vs. ATL,L,42.983333333333334,9,16,0.563,4,7,0.571,4,4,1.0,0,12,12,6,3,6,0,0,2,3,26,6,64.4,1,0,60.0,1,944,944,944,87,101,187,450,31,67,187,230,347,1,924,13,58,102,143,1,499,1,801,413,93,482,7,1,4,9,1,42:59,1
2013-14,2544,LeBron James,LeBron,1610612748,MIA,Miami Heat,0041300114,2014-04-28T00:00:00,MIA @ CHA,W,42.9,10,19,0.526,1,5,0.2,10,12,0.833,0,7,7,9,2,3,1,1,3,7,31,12,62.9,0,0,56.0,1,1,1,1,91,58,101,527,388,226,669,18,20,458,924,144,285,30,298,43,171,1343,1177,64,38,210,10,155,4,20,1,42:54,1
2013-14,202689,Kemba Walker,Kemba,1610612766,CHA,Charlotte Bobcats,0041300114,2014-04-28T00:00:00,CHA vs. MIA,L,42.95,11,15,0.733,4,7,0.571,3,5,0.6,0,5,5,5,5,2,3,0,1,6,29,-10,52.5,0,0,53.0,1,944,944,944,89,36,229,179,31,67,187,345,281,722,924,320,496,151,29,115,29,1,394,102,55,1568,56,155,4,32,1,42:57,1
2013-14,200794,Paul Millsap,Paul,1610612737,ATL,Atlanta Hawks,0041300105,2014-04-28T00:00:00,ATL @ IND,W,38.983333333333334,5,11,0.455,0,0,0.0,8,12,0.667,3,5,8,3,2,0,4,1,2,6,18,-9,42.1,0,0,37.0,1,1,1,1,243,458,459,821,731,1136,731,53,20,646,114,320,213,363,298,784,10,1343,801,102,279,1528,150,155,4,204,1,38:59,1
2013-14,202362,Lance Stephenson,Lance,1610612754,IND,Indiana Pacers,0041300105,2014-04-28T00:00:00,IND vs. ATL,L,31.65,6,14,0.429,2,5,0.4,2,4,0.5,2,5,7,4,1,2,1,2,1,2,16,-1,38.4,0,0,35.0,1,944,944,944,580,330,271,891,185,226,430,500,347,751,226,320,285,237,618,115,171,1748,394,610,361,1010,213,155,4,238,1,31:39,1
2013-14,202714,Shelvin Mack,Shelvin,1610612737,ATL,Atlanta Hawks,0041300105,2014-04-28T00:00:00,ATL @ IND,W,25.333333333333332,5,9,0.556,2,4,0.5,8,10,0.8,0,3,3,5,1,2,0,0,2,8,20,15,36.1,0,0,34.0,1,1,1,1,851,458,622,455,185,336,201,53,43,498,924,632,831,151,618,115,499,1,801,40,218,138,270,155,4,258,1,25:20,1
2013-14,1938,Manu Ginobili,Manu,1610612759,SAS,San Antonio Spurs,0041300144,2014-04-28T00:00:00,SAS @ DAL,W,28.116666666666667,7,15,0.467,1,6,0.167,8,11,0.727,0,3,3,5,3,1,0,1,3,6,23,11,34.1,0,0,34.0,1,1,1,1,735,226,229,801,388,128,702,53,34,631,924,632,831,151,143,305,499,1343,1177,102,148,248,313,155,4,258,1,28:07,1
2013-14,101145,Monta Ellis,Monta,1610612742,DAL,Dallas Mavericks,0041300144,2014-04-28T00:00:00,DAL vs. SAS,L,35.483333333333334,6,20,0.3,2,5,0.4,6,7,0.857,1,3,4,3,4,2,0,0,1,5,20,-4,31.3,0,0,33.0,1,944,944,944,414,330,80,1286,185,226,430,117,133,439,449,632,643,363,70,115,499,1,394,175,218,1256,389,155,4,276,1,35:29,1
2013-14,2594,Kyle Korver,Kyle,1610612737,ATL,Atlanta Hawks,0041300105,2014-04-28T00:00:00,ATL @ IND,W,41.86666666666667,5,10,0.5,5,10,0.5,1,1,1.0,0,9,9,1,1,1,0,1,4,2,16,21,30.3,0,0,33.0,1,1,1,1,126,458,537,534,14,10,201,783,968,1,924,47,151,791,618,305,499,1343,1541,610,361,53,412,155,4,276,1,41:52,1
2013-14,2561,David West,David,1610612754,IND,Indiana Pacers,0041300105,2014-04-28T00:00:00,IND vs. ATL,L,40.266666666666666,6,13,0.462,0,0,0.0,4,8,0.5,2,5,7,7,2,0,1,1,3,7,16,1,35.9,0,0,32.0,1,944,944,944,182,330,325,805,731,1136,731,230,91,751,226,320,285,64,298,784,171,1343,1177,64,361,796,272,155,4,311,1,40:16,1
2013-14,201177,Josh McRoberts,Josh,1610612766,CHA,Charlotte Bobcats,0041300114,2014-04-28T00:00:00,CHA vs. MIA,L,42.28,3,8,0.375,1,5,0.2,3,4,0.75,1,9,10,5,2,1,1,0,3,2,10,-11,33.5,1,0,30.0,1,944,944,944,113,783,710,1056,388,226,669,345,347,542,449,47,102,151,298,305,171,1,1177,610,720,1612,338,1,4,378,1,42:17,1
2013-14,1717,Dirk Nowitzki,Dirk,1610612742,DAL,Dallas Mavericks,0041300144,2014-04-28T00:00:00,DAL vs. SAS,L,37.09,7,19,0.368,0,3,0.0,5,7,0.714,1,6,7,2,2,0,1,0,5,5,19,-5,31.4,0,0,30.0,1,944,944,944,330,226,101,1087,731,477,731,166,133,632,449,198,285,529,298,784,171,1,1747,175,247,1316,388,155,4,378,1,37:05,1
2013-14,2547,Chris Bosh,Chris,1610612748,MIA,Miami Heat,0041300114,2014-04-28T00:00:00,MIA @ CHA,W,30.25,7,12,0.583,1,2,0.5,2,3,0.667,1,7,8,3,1,0,0,1,0,3,17,8,30.1,0,0,29.0,1,1,1,1,632,226,391,401,388,651,201,500,538,646,449,144,213,363,618,784,499,1343,1,413,314,374,417,155,4,404,1,30:15,1
2013-14,2564,Boris Diaw,Boris,1610612759,SAS,San Antonio Spurs,0041300144,2014-04-28T00:00:00,SAS @ DAL,W,27.95,7,12,0.583,3,6,0.5,0,0,0.0,0,4,4,4,1,0,0,0,3,2,17,0,26.8,0,0,28.0,1,1,1,1,744,226,391,401,75,128,201,998,1036,998,924,457,643,237,618,784,499,1,1177,610,314,882,540,155,4,434,1,27:57,1
2013-14,201971,DeJuan Blair,DeJuan,1610612742,DAL,Dallas Mavericks,0041300144,2014-04-28T00:00:00,DAL vs. SAS,L,15.866666666666667,5,5,1.0,0,0,0.0,2,4,0.5,5,6,11,0,1,2,0,0,5,3,12,4,30.2,1,0,27.0,1,944,944,944,1256,458,1021,1,731,1136,731,500,347,751,30,198,76,1185,618,115,499,1,1747,413,601,576,414,1,4,468,1,15:52,1
2013-14,1495,Tim Duncan,Tim,1610612759,SAS,San Antonio Spurs,0041300144,2014-04-28T00:00:00,SAS @ DAL,W,37.96666666666667,6,16,0.375,0,0,0.0,2,3,0.667,4,7,11,0,0,0,1,1,5,6,14,-6,30.2,1,0,27.0,1,1,1,1,289,330,187,1056,731,1136,731,500,538,646,62,144,76,1185,1096,784,171,1343,1747,102,495,1382,414,1,4,468,1,37:58,1
2013-14,201588,George Hill,George,1610612754,IND,Indiana Pacers,0041300105,2014-04-28T00:00:00,IND vs. ATL,L,37.71666666666667,6,12,0.5,3,7,0.429,1,2,0.5,2,1,3,5,2,0,0,1,3,2,16,-18,25.1,0,0,27.0,1,944,944,944,302,330,391,534,75,67,409,783,621,751,226,1162,831,151,298,784,499,1343,1177,610,361,1808,603,155,4,468,1,37:43,1
2013-14,201228,C.J. Watson,C.J.,1610612754,IND,Indiana Pacers,0041300105,2014-04-28T00:00:00,IND vs. ATL,L,27.166666666666668,6,10,0.6,3,4,0.75,0,0,0.0,0,3,3,1,0,1,1,0,4,1,15,-3,26.1,0,0,26.0,1,944,944,944,783,330,537,335,75,336,93,998,1036,998,924,632,831,791,1096,305,171,1,1541,915,427,1183,560,155,4,506,1,27:10,1
2013-14,203118,Mike Scott,Mike,1610612737,ATL,Atlanta Hawks,0041300105,2014-04-28T00:00:00,ATL @ IND,W,22.583333333333332,6,9,0.667,5,6,0.833,0,0,0.0,2,1,3,1,1,0,0,2,2,0,17,17,21.1,0,0,26.0,1,1,1,1,967,330,622,209,14,128,81,998,1036,998,226,1162,831,791,618,784,499,1748,801,1301,314,100,730,155,4,506,1,22:35,1
2013-14,201168,Tiago Splitter,Tiago,1610612759,SAS,San Antonio Spurs,0041300144,2014-04-28T00:00:00,SAS @ DAL,W,25.371666666666666,4,6,0.667,0,0,0.0,2,2,1.0,4,8,12,1,1,1,0,1,6,3,10,5,27.9,1,0,25.0,1,1,1,1,850,599,915,209,731,1136,731,500,621,1,62,93,58,791,618,305,499,1343,1865,413,720,522,499,1,4,543,1,25:22,1
2013-14,1713,Vince Carter,Vince,1610612742,DAL,Dallas Mavericks,0041300144,2014-04-28T00:00:00,DAL vs. SAS,L,28.34,2,9,0.222,2,6,0.333,2,2,1.0,2,1,3,5,0,2,1,1,3,2,8,-1,28.1,0,0,24.0,1,944,944,944,725,987,622,1424,185,128,485,500,621,1,226,1162,831,151,1096,115,171,1343,1177,610,858,1010,493,155,4,582,1,28:20,1
2013-14,2223,Samuel Dalembert,Samuel,1610612742,DAL,Dallas Mavericks,0041300144,2014-04-28T00:00:00,DAL vs. SAS,L,26.338333333333335,1,3,0.333,0,0,0.0,1,6,0.167,4,11,15,0,0,1,1,1,3,4,3,0,27.0,0,0,22.0,1,944,944,944,807,1208,1273,1129,731,1136,731,783,180,995,62,19,14,1185,1096,305,171,1343,1177,272,1282,882,536,155,4,657,1,26:20,1
2013-14,202695,Kawhi Leonard,Kawhi,1610612759,SAS,San Antonio Spurs,0041300144,2014-04-28T00:00:00,SAS @ DAL,W,37.916666666666664,3,8,0.375,0,3,0.0,1,2,0.5,3,9,12,1,3,0,1,0,2,2,7,6,22.9,0,0,22.0,1,1,1,1,291,783,710,1056,731,477,731,783,621,751,114,47,58,791,143,784,171,1,801,610,944,482,677,155,4,657,1,37:55,1
2013-14,2548,Dwyane Wade,Dwyane,1610612748,MIA,Miami Heat,0041300114,2014-04-28T00:00:00,MIA @ CHA,W,29.933333333333334,5,11,0.455,0,0,0.0,5,8,0.625,0,3,3,2,2,1,0,0,5,5,15,1,22.6,0,0,22.0,1,1,1,1,645,458,459,821,731,1136,731,166,91,716,924,632,831,529,298,305,499,1,1747,175,427,796,687,155,4,657,1,29:56,1
2013-14,202708,Norris Cole,Norris,1610612748,MIA,Miami Heat,0041300114,2014-04-28T00:00:00,MIA @ CHA,W,31.683333333333334,4,6,0.667,2,3,0.667,3,3,1.0,0,0,0,4,0,1,0,0,2,3,13,7,22.0,0,0,21.0,1,1,1,1,577,599,915,209,185,477,112,345,538,1,924,1520,1606,237,1096,305,499,1,801,413,552,430,700,155,4,693,1,31:41,1
2013-14,201952,Jeff Teague,Jeff,1610612737,ATL,Atlanta Hawks,0041300105,2014-04-28T00:00:00,ATL @ IND,W,31.95,3,8,0.375,1,3,0.333,5,5,1.0,0,4,4,4,3,0,0,1,2,3,12,-10,19.8,0,0,21.0,1,1,1,1,568,783,710,1056,388,477,485,166,281,1,924,457,643,237,143,784,499,1343,801,413,601,1568,792,155,4,693,1,31:57,1
2013-14,201988,Patty Mills,Patty,1610612759,SAS,San Antonio Spurs,0041300144,2014-04-28T00:00:00,SAS @ DAL,W,20.433333333333334,3,5,0.6,1,2,0.5,3,4,0.75,0,3,3,2,2,2,0,0,0,4,10,8,20.6,0,0,20.0,1,1,1,1,1051,783,1021,335,388,651,201,345,347,542,924,632,831,529,298,115,499,1,1,272,720,374,755,155,4,731,1,20:26,1
2013-14,201945,Gerald Henderson,Gerald,1610612766,CHA,Charlotte Bobcats,0041300114,2014-04-28T00:00:00,CHA vs. MIA,L,33.666666666666664,4,11,0.364,0,1,0.0,4,5,0.8,0,2,2,4,3,1,0,1,3,3,12,-6,20.4,0,0,20.0,1,944,944,944,493,599,459,1094,731,887,731,230,281,498,924,860,1057,237,143,305,499,1343,1177,413,601,1382,765,155,4,731,1,33:40,1
2013-14,201960,DeMarre Carroll,DeMarre,1610612737,ATL,Atlanta Hawks,0041300105,2014-04-28T00:00:00,ATL @ IND,W,27.983333333333334,6,9,0.667,2,2,1.0,1,1,1.0,0,2,2,1,3,0,0,0,3,2,15,-10,15.9,0,0,20.0,1,1,1,1,741,330,622,209,185,651,1,783,968,1,924,860,1057,791,143,784,499,1,1177,610,427,1568,943,155,4,731,1,27:59,1
2013-14,201596,Mario Chalmers,Mario,1610612748,MIA,Miami Heat,0041300114,2014-04-28T00:00:00,MIA @ CHA,W,21.6,4,9,0.444,1,3,0.333,1,1,1.0,0,1,1,5,1,1,0,3,2,1,10,10,20.7,0,0,19.0,1,1,1,1,1009,599,622,849,388,477,485,783,968,1,924,1162,1328,151,618,305,499,1865,801,915,720,294,752,155,4,773,1,21:36,1
2013-14,202390,Gary Neal,Gary,1610612766,CHA,Charlotte Bobcats,0041300114,2014-04-28T00:00:00,CHA vs. MIA,L,33.45,8,19,0.421,0,7,0.0,0,1,0.0,0,2,2,1,2,0,0,0,3,1,16,-5,17.9,0,0,19.0,1,944,944,944,504,152,101,943,731,67,731,998,968,998,924,860,1057,791,298,784,499,1,1177,915,361,1316,864,155,4,773,1,33:27,1
2013-14,101181,Jose Calderon,Jose,1610612742,DAL,Dallas Mavericks,0041300144,2014-04-28T00:00:00,DAL vs. SAS,L,28.673333333333332,5,10,0.5,3,4,0.75,0,0,0.0,0,0,0,3,0,0,0,0,1,0,13,-7,17.5,0,0,19.0,1,944,944,944,708,458,537,534,75,336,93,998,1036,998,924,1520,1606,363,1096,784,499,1,394,1301,552,1440,880,155,4,773,1,28:40,1
2013-14,101150,Lou Williams,Lou,1610612737,ATL,Atlanta Hawks,0041300105,2014-04-28T00:00:00,ATL @ IND,W,19.7,3,7,0.429,0,1,0.0,2,2,1.0,0,4,4,2,3,2,0,0,0,1,8,10,18.8,0,0,18.0,1,1,1,1,1084,783,811,891,731,887,731,500,621,1,924,457,643,529,143,115,499,1,1,915,858,294,830,155,4,815,1,19:42,1
2013-14,203142,Chris Copeland,Chris,1610612754,IND,Indiana Pacers,0041300105,2014-04-28T00:00:00,IND vs. ATL,L,19.716666666666665,2,7,0.286,2,6,0.333,0,0,0.0,0,1,1,0,1,1,3,0,3,0,6,17,18.2,0,0,17.0,1,944,944,944,1082,987,811,1299,185,128,485,998,1036,998,924,1162,1328,1185,618,305,29,1,1177,1301,1001,100,850,155,4,852,1,19:43,1
2013-14,202687,Bismack Biyombo,Bismack,1610612766,CHA,Charlotte Bobcats,0041300114,2014-04-28T00:00:00,CHA vs. MIA,L,33.0,3,5,0.6,0,0,0.0,1,4,0.25,4,4,8,1,0,0,0,0,2,3,7,-5,18.1,0,0,16.0,1,944,944,944,527,783,1021,335,731,1136,731,783,347,984,62,457,213,791,1096,784,499,1,801,413,944,1316,853,155,4,901,1,33:00,1
2013-14,2592,James Jones,James,1610612748,MIA,Miami Heat,0041300114,2014-04-28T00:00:00,MIA @ CHA,W,22.0,3,7,0.429,3,6,0.5,0,0,0.0,2,0,2,0,0,1,0,0,2,1,9,8,14.4,0,0,16.0,1,1,1,1,993,783,811,891,75,128,201,998,1036,998,226,1520,1057,1185,1096,305,499,1,801,915,777,374,1016,155,4,901,1,22:00,1
2013-14,201604,Chris Douglas-Roberts,Chris,1610612766,CHA,Charlotte Bobcats,0041300114,2014-04-28T00:00:00,CHA vs. MIA,L,7.933333333333334,3,3,1.0,2,2,1.0,6,6,1.0,0,0,0,0,2,0,0,0,5,3,14,2,12.0,0,0,16.0,1,944,944,944,1556,783,1273,1,185,651,1,117,180,1,924,1520,1606,1185,298,784,499,1,1747,413,495,707,1128,155,4,901,1,7:56,1
2013-14,2225,Tony Parker,Tony,1610612759,SAS,San Antonio Spurs,0041300144,2014-04-28T00:00:00,SAS @ DAL,W,30.316666666666666,5,14,0.357,0,0,0.0,0,0,0.0,0,1,1,3,4,0,0,0,0,0,10,3,11.7,0,0,14.0,1,1,1,1,630,458,271,1116,731,1136,731,998,1036,998,924,1162,1328,363,70,784,499,1,1,1301,720,639,1141,155,4,992,1,30:19,1
2013-14,1890,Shawn Marion,Shawn,1610612742,DAL,Dallas Mavericks,0041300144,2014-04-28T00:00:00,DAL vs. SAS,L,28.653333333333332,1,6,0.167,0,2,0.0,2,2,1.0,2,5,7,1,0,0,0,0,1,1,4,2,13.9,0,0,12.0,1,944,944,944,710,1208,915,1471,731,651,731,500,621,1,226,320,285,791,1096,784,499,1,394,915,1173,707,1038,155,4,1085,1,28:39,1
2013-14,2365,Chris Andersen,Chris,1610612748,MIA,Miami Heat,0041300114,2014-04-28T00:00:00,MIA @ CHA,W,18.183333333333334,3,4,0.75,0,0,0.0,1,2,0.5,1,1,2,0,1,0,1,0,2,2,7,5,11.4,0,0,11.0,1,1,1,1,1153,783,1145,145,731,1136,731,783,621,751,449,1162,1057,1185,618,784,171,1,801,610,944,522,1152,155,4,1128,1,18:11,1
2013-14,203077,Michael Kidd-Gilchrist,Michael,1610612766,CHA,Charlotte Bobcats,0041300114,2014-04-28T00:00:00,CHA vs. MIA,L,20.95,2,4,0.5,0,1,0.0,0,0,0.0,0,4,4,2,0,0,0,0,3,0,4,-13,11.8,0,0,10.0,1,944,944,944,1036,987,1145,534,731,887,731,998,1036,998,924,457,643,529,1096,784,499,1,1177,1301,1173,1687,1134,155,4,1187,1,20:57,1
2013-14,2734,Devin Harris,Devin,1610612742,DAL,Dallas Mavericks,0041300144,2014-04-28T00:00:00,DAL vs. SAS,L,19.326666666666668,2,7,0.286,0,2,0.0,0,0,0.0,0,1,1,4,1,0,0,0,3,0,4,3,10.2,0,0,9.0,1,944,944,944,1100,987,811,1299,731,651,731,998,1036,998,924,1162,1328,237,618,784,499,1,1177,1301,1173,639,1218,155,4,1237,1,19:20,1
2013-14,2557,Luke Ridnour,Luke,1610612766,CHA,Charlotte Bobcats,0041300114,2014-04-28T00:00:00,CHA vs. MIA,L,5.05,1,2,0.5,0,1,0.0,0,0,0.0,0,1,1,4,2,0,1,0,0,0,2,-1,10.2,0,0,9.0,1,944,944,944,1657,1208,1415,534,731,887,731,998,1036,998,924,1162,1328,237,298,784,171,1,1,1301,1377,1010,1218,155,4,1237,1,5:03,1
2013-14,951,Ray Allen,Ray,1610612748,MIA,Miami Heat,0041300114,2014-04-28T00:00:00,MIA @ CHA,W,21.0,1,5,0.2,1,4,0.25,0,0,0.0,0,4,4,1,1,0,0,0,0,2,3,5,8.3,0,0,9.0,1,1,1,1,1034,1208,1021,1438,388,336,614,998,1036,998,924,457,643,791,618,784,499,1,1,610,1282,522,1327,155,4,1237,1,21:00,1
2013-14,1882,Elton Brand,Elton,1610612737,ATL,Atlanta Hawks,0041300105,2014-04-28T00:00:00,ATL @ IND,W,11.216666666666667,0,0,0.0,0,0,0.0,0,0,0.0,1,2,3,1,0,0,2,0,0,0,0,8,11.1,0,0,8.0,1,1,1,1,1453,1505,1728,1505,731,1136,731,998,1036,998,449,860,831,791,1096,784,70,1,1,1301,1567,374,1181,155,4,1289,1,11:13,1
2013-14,1740,Rashard Lewis,Rashard,1610612748,MIA,Miami Heat,0041300114,2014-04-28T00:00:00,MIA @ CHA,W,4.8,2,4,0.5,0,1,0.0,0,0,0.0,1,1,2,0,0,0,0,0,2,0,4,0,6.4,0,0,6.0,1,1,1,1,1663,987,1145,534,731,887,731,998,1036,998,449,1162,1057,1185,1096,784,499,1,801,1301,1173,882,1414,155,4,1399,1,4:48,1
2013-14,203469,Cody Zeller,Cody,1610612766,CHA,Charlotte Bobcats,0041300114,2014-04-28T00:00:00,CHA vs. MIA,L,15.0,0,1,0.0,0,0,0.0,1,2,0.5,1,1,2,0,0,0,1,1,3,2,1,-6,6.4,0,0,5.0,1,944,944,944,1298,1505,1565,1505,731,1136,731,783,621,751,449,1162,1057,1185,1096,784,171,1343,1177,610,1541,1382,1414,155,4,1446,1,15:00,1
2013-14,2617,Udonis Haslem,Udonis,1610612748,MIA,Miami Heat,0041300114,2014-04-28T00:00:00,MIA @ CHA,W,17.65,0,1,0.0,0,0,0.0,0,0,0.0,0,4,4,1,0,0,0,1,3,0,0,-1,6.3,0,0,5.0,1,1,1,1,1183,1505,1565,1505,731,1136,731,998,1036,998,924,457,643,791,1096,784,499,1343,1177,1301,1567,1010,1422,155,4,1446,1,17:39,1
2013-14,201229,Anthony Tolliver,Anthony,1610612766,CHA,Charlotte Bobcats,0041300114,2014-04-28T00:00:00,CHA vs. MIA,L,5.72,0,1,0.0,0,1,0.0,3,3,1.0,0,2,2,0,0,0,0,0,1,1,3,0,5.4,0,0,5.0,1,944,944,944,1639,1505,1565,1505,731,887,731,345,538,1,924,860,1057,1185,1096,784,499,1,394,915,1282,882,1462,155,4,1446,1,5:43,1
2013-14,201148,Brandan Wright,Brandan,1610612742,DAL,Dallas Mavericks,0041300144,2014-04-28T00:00:00,DAL vs. SAS,L,5.795,2,2,1.0,0,0,0.0,0,0,0.0,1,0,1,0,0,0,0,0,0,0,4,-8,5.2,0,0,5.0,1,944,944,944,1636,987,1415,1,731,1136,731,998,1036,998,449,1520,1328,1185,1096,784,499,1,1,1301,1173,1487,1471,155,4,1446,1,5:48,1
2013-14,101133,Ian Mahinmi,Ian,1610612754,IND,Indiana Pacers,0041300105,2014-04-28T00:00:00,IND vs. ATL,L,15.9,0,1,0.0,0,0,0.0,0,0,0.0,1,1,2,0,1,1,0,1,3,1,0,-16,4.4,0,0,4.0,1,944,944,944,1254,1505,1565,1505,731,1136,731,998,1036,998,449,1162,1057,1185,618,305,499,1343,1177,915,1567,1771,1510,155,4,1505,1,15:54,1
2013-14,203109,Jae Crowder,Jae,1610612742,DAL,Dallas Mavericks,0041300144,2014-04-28T00:00:00,DAL vs. SAS,L,14.433333333333334,1,3,0.333,0,2,0.0,0,0,0.0,0,0,0,0,1,1,0,0,1,0,2,-4,4.0,0,0,4.0,1,944,944,944,1320,1208,1273,1129,731,651,731,998,1036,998,924,1520,1606,1185,618,305,499,1,394,1301,1377,1256,1538,155,4,1505,1,14:26,1
2013-14,203544,Pero Antic,Pero,1610612737,ATL,Atlanta Hawks,0041300105,2014-04-28T00:00:00,ATL @ IND,W,20.383333333333333,0,3,0.0,0,1,0.0,1,2,0.5,0,2,2,1,2,0,0,2,4,2,1,8,2.9,0,0,4.0,1,1,1,1,1053,1505,1273,1505,731,887,731,783,621,751,924,860,1057,791,298,784,499,1748,1541,610,1541,374,1615,155,4,1505,1,20:23,1
2013-14,201579,Roy Hibbert,Roy,1610612754,IND,Indiana Pacers,0041300105,2014-04-28T00:00:00,IND vs. ATL,L,12.216666666666667,0,2,0.0,0,0,0.0,0,0,0.0,0,0,0,1,1,0,1,1,4,2,0,-6,3.5,0,0,3.0,1,944,944,944,1412,1505,1415,1505,731,1136,731,998,1036,998,924,1520,1606,791,618,784,171,1343,1541,610,1567,1382,1562,155,4,1573,1,12:13,1
2013-14,201980,Danny Green,Danny,1610612759,SAS,San Antonio Spurs,0041300144,2014-04-28T00:00:00,SAS @ DAL,W,15.183333333333334,1,3,0.333,0,0,0.0,0,0,0.0,0,1,1,0,0,0,0,0,0,0,2,-9,3.2,0,0,3.0,1,1,1,1,1290,1208,1273,1129,731,1136,731,998,1036,998,924,1162,1328,1185,1096,784,499,1,1,1301,1377,1528,1574,155,4,1573,1,15:11,1
2013-14,201158,Marco Belinelli,Marco,1610612759,SAS,San Antonio Spurs,0041300144,2014-04-28T00:00:00,SAS @ DAL,W,12.033333333333333,0,1,0.0,0,0,0.0,0,0,0.0,0,2,2,0,0,0,0,0,1,0,0,-7,2.4,0,0,2.0,1,1,1,1,1417,1505,1565,1505,731,1136,731,998,1036,998,924,860,1057,1185,1096,784,499,1,394,1301,1567,1440,1632,155,4,1628,1,12:02,1
2013-14,2449,Luis Scola,Luis,1610612754,IND,Indiana Pacers,0041300105,2014-04-28T00:00:00,IND vs. ATL,L,7.9,1,2,0.5,0,0,0.0,0,0,0.0,0,0,0,0,0,0,0,0,1,1,2,-16,2.0,0,0,2.0,1,944,944,944,1559,1208,1415,534,731,1136,731,998,1036,998,924,1520,1606,1185,1096,784,499,1,394,915,1377,1771,1652,155,4,1628,1,7:54,1
2013-14,2588,Matt Bonner,Matt,1610612759,SAS,San Antonio Spurs,0041300144,2014-04-28T00:00:00,SAS @ DAL,W,4.711666666666667,0,0,0.0,0,0,0.0,0,0,0.0,0,0,0,0,0,0,0,0,0,0,0,9,0.0,0,0,0.0,1,1,1,1,1667,1505,1728,1505,731,1136,731,998,1036,998,924,1520,1606,1185,1096,784,499,1,1,1301,1567,334,1769,155,4,1775,1,4:43,1
2013-14,202323,Evan Turner,Evan,1610612754,IND,Indiana Pacers,0041300105,2014-04-28T00:00:00,IND vs. ATL,L,4.483333333333333,0,1,0.0,0,1,0.0,0,0,0.0,0,0,0,0,1,0,0,0,0,0,0,-14,-1.0,0,0,0.0,1,944,944,944,1681,1505,1565,1505,731,887,731,998,1036,998,924,1520,1606,1185,618,784,499,1,1,1301,1567,1721,1900,155,4,1775,1,4:29,1
2013-14,201939,Stephen Curry,Stephen,1610612744,GSW,Golden State Warriors,0041300164,2014-04-27T00:00:00,GSW vs. LAC,W,42.37833333333333,10,20,0.5,7,14,0.5,6,7,0.857,1,6,7,7,2,1,1,1,3,4,33,25,55.9,0,0,58.0,1,1,1,1,106,58,80,534,3,1,201,117,133,439,449,198,285,64,298,305,171,1343,1177,272,22,20,37,155,4,15,1,42:23,1
2013-14,200746,LaMarcus Aldridge,LaMarcus,1610612757,POR,Portland Trail Blazers,0041300174,2014-04-27T00:00:00,POR vs. HOU,W,43.983333333333334,12,23,0.522,0,0,0.0,5,8,0.625,3,7,10,2,1,2,4,0,3,7,29,14,61.0,1,0,53.0,1,1,1,1,53,21,28,531,731,1136,731,166,91,716,114,144,102,529,618,115,10,1,1177,64,55,163,17,1,4,32,1,43:59,1
2013-14,2730,Dwight Howard,Dwight,1610612745,HOU,Houston Rockets,0041300174,2014-04-27T00:00:00,HOU @ POR,L,43.7,7,14,0.5,0,0,0.0,11,17,0.647,3,11,14,2,3,2,2,2,2,11,25,-10,53.8,1,0,49.0,1,944,944,944,62,226,271,534,731,1136,731,15,4,715,114,19,24,529,143,115,70,1748,801,3,107,1568,51,1,4,56,1,43:42,1
2013-14,2772,Trevor Ariza,Trevor,1610612764,WAS,Washington Wizards,0041300134,2014-04-27T00:00:00,WAS vs. CHI,W,37.733333333333334,10,17,0.588,6,10,0.6,4,5,0.8,1,7,8,0,0,2,0,1,1,4,30,12,45.6,0,0,48.0,1,1,1,1,299,58,162,396,7,10,167,230,281,498,449,144,213,1185,1096,115,499,1343,394,272,45,210,115,155,4,63,1,37:44,1
2013-14,201959,Taj Gibson,Taj,1610612741,CHI,Chicago Bulls,0041300134,2014-04-27T00:00:00,CHI @ WAS,L,32.28333333333333,13,16,0.813,0,0,0.0,6,7,0.857,4,3,7,1,3,1,1,0,3,8,32,5,44.9,0,0,44.0,1,944,944,944,555,10,187,118,731,1136,731,117,133,439,62,632,285,791,143,305,171,1,1177,40,27,522,120,155,4,102,1,32:17,1
2013-14,202718,Chandler Parsons,Chandler,1610612745,HOU,Houston Rockets,0041300174,2014-04-27T00:00:00,HOU @ POR,L,44.968333333333334,11,18,0.611,4,6,0.667,0,2,0.0,0,8,8,2,2,1,1,1,5,2,26,-3,42.6,0,0,44.0,1,944,944,944,38,36,125,333,31,128,112,998,621,998,924,93,213,529,298,305,171,1343,1747,610,93,1183,145,155,4,102,1,44:58,1
2013-14,201935,James Harden,James,1610612745,HOU,Houston Rockets,0041300174,2014-04-27T00:00:00,HOU @ POR,L,42.44,9,21,0.429,3,11,0.273,7,8,0.875,1,3,4,6,5,1,0,1,4,4,28,-6,39.8,0,0,43.0,1,944,944,944,102,101,60,891,75,6,611,82,91,422,449,632,643,102,29,305,499,1343,1541,272,69,1382,193,155,4,113,1,42:26,1
2013-14,2738,Andre Iguodala,Andre,1610612744,GSW,Golden State Warriors,0041300164,2014-04-27T00:00:00,GSW vs. LAC,W,42.138333333333335,6,8,0.75,2,2,1.0,8,10,0.8,1,3,4,9,4,1,1,0,2,9,22,25,42.3,0,0,41.0,1,1,1,1,117,330,710,145,185,651,1,53,43,498,449,632,643,30,70,305,171,1,801,23,166,20,149,155,4,129,1,42:08,1
2013-14,201587,Nicolas Batum,Nicolas,1610612757,POR,Portland Trail Blazers,0041300174,2014-04-27T00:00:00,POR vs. HOU,W,45.0,11,23,0.478,2,7,0.286,1,2,0.5,1,5,6,6,0,0,0,1,0,1,25,1,41.2,0,0,39.0,1,1,1,1,34,36,28,788,185,67,598,783,621,751,449,320,388,102,1096,784,499,1343,1,915,107,796,161,155,4,163,1,45:00,1
2013-14,202083,Wesley Matthews,Wesley,1610612757,POR,Portland Trail Blazers,0041300174,2014-04-27T00:00:00,POR vs. HOU,W,41.55,8,15,0.533,2,6,0.333,3,4,0.75,0,4,4,3,2,4,0,1,3,6,21,11,40.3,0,0,38.0,1,1,1,1,133,152,229,515,185,128,485,345,347,542,924,457,643,363,298,15,499,1343,1177,102,196,248,179,155,4,178,1,41:33,1
2013-14,203081,Damian Lillard,Damian,1610612757,POR,Portland Trail Blazers,0041300174,2014-04-27T00:00:00,POR vs. HOU,W,47.13166666666667,6,13,0.462,5,7,0.714,6,7,0.857,1,0,1,8,2,0,0,1,4,5,23,1,34.2,0,0,37.0,1,1,1,1,13,330,325,805,14,67,107,117,133,439,449,1520,1328,42,298,784,499,1343,1541,175,148,796,311,155,4,204,1,47:08,1
2013-14,201149,Joakim Noah,Joakim,1610612741,CHI,Chicago Bulls,0041300134,2014-04-27T00:00:00,CHI @ WAS,L,39.71666666666667,4,9,0.444,0,0,0.0,2,3,0.667,5,10,15,5,3,1,2,1,4,4,10,-8,41.5,1,0,36.0,1,944,944,944,202,599,622,849,731,1136,731,500,538,646,30,29,14,151,143,305,70,1343,1541,272,720,1487,158,1,4,221,1,39:43,1
2013-14,201933,Blake Griffin,Blake,1610612746,LAC,Los Angeles Clippers,0041300164,2014-04-27T00:00:00,LAC @ GSW,L,35.916666666666664,8,14,0.571,0,0,0.0,5,5,1.0,2,4,6,3,4,2,0,1,4,6,21,-22,34.7,0,0,34.0,1,944,944,944,394,152,271,418,731,1136,731,166,281,1,226,457,388,363,70,115,499,1343,1541,102,196,1865,298,155,4,258,1,35:55,1
2013-14,1718,Paul Pierce,Paul,1610612751,BKN,Brooklyn Nets,0041300124,2014-04-27T00:00:00,BKN vs. TOR,L,31.45,9,14,0.643,3,7,0.429,1,2,0.5,0,5,5,2,2,1,0,0,3,4,22,0,32.0,0,0,34.0,1,944,944,944,588,101,271,288,75,67,409,783,621,751,924,320,496,529,298,305,499,1,1177,272,166,882,372,155,4,258,1,31:27,1
2013-14,200768,Kyle Lowry,Kyle,1610612761,TOR,Toronto Raptors,0041300124,2014-04-27T00:00:00,TOR @ BKN,W,34.29333333333334,7,17,0.412,3,8,0.375,5,5,1.0,2,2,4,2,1,1,0,0,5,7,22,14,31.8,0,0,33.0,1,1,1,1,466,226,162,962,75,36,471,166,281,1,226,860,643,529,618,305,499,1,1747,64,166,163,379,155,4,276,1,34:18,1
2013-14,202322,John Wall,John,1610612764,WAS,Washington Wizards,0041300134,2014-04-27T00:00:00,WAS vs. CHI,W,38.675,4,15,0.267,0,1,0.0,7,8,0.875,1,2,3,10,2,2,0,0,0,6,15,8,37.6,1,0,32.0,1,1,1,1,255,599,229,1344,731,887,731,82,91,422,449,860,831,16,298,115,499,1,1,102,427,374,228,1,4,311,1,38:41,1
2013-14,201942,DeMar DeRozan,DeMar,1610612761,TOR,Toronto Raptors,0041300124,2014-04-27T00:00:00,TOR @ BKN,W,42.88333333333333,7,19,0.368,1,1,1.0,9,11,0.818,1,4,5,2,1,0,0,1,4,11,24,0,32.0,0,0,32.0,1,1,1,1,93,226,101,1087,388,887,1,30,34,493,449,457,496,529,618,784,499,1343,1541,3,130,882,372,155,4,311,1,42:53,1
2013-14,101108,Chris Paul,Chris,1610612746,LAC,Los Angeles Clippers,0041300164,2014-04-27T00:00:00,LAC @ GSW,L,31.916666666666668,5,9,0.556,2,4,0.5,4,5,0.8,1,4,5,6,4,1,0,0,5,5,16,-17,30.0,0,0,31.0,1,944,944,944,570,458,622,455,185,336,201,230,281,498,449,457,496,102,70,305,499,1,1747,175,361,1789,423,155,4,354,1,31:55,1
2013-14,2037,Jamal Crawford,Jamal,1610612746,LAC,Los Angeles Clippers,0041300164,2014-04-27T00:00:00,LAC @ GSW,L,27.845,8,18,0.444,3,10,0.3,7,8,0.875,0,0,0,2,0,0,0,0,5,5,26,-9,29.0,0,0,31.0,1,944,944,944,747,152,125,849,75,10,596,82,91,422,924,1520,1606,529,1096,784,499,1,1747,175,93,1528,460,155,4,354,1,27:51,1
2013-14,101162,Marcin Gortat,Marcin,1610612764,WAS,Washington Wizards,0041300134,2014-04-27T00:00:00,WAS vs. CHI,W,35.4,6,18,0.333,0,0,0.0,5,8,0.625,3,3,6,5,1,0,1,0,2,4,17,24,33.7,0,0,30.0,1,1,1,1,420,330,125,1129,731,1136,731,166,91,716,114,632,388,151,618,784,171,1,801,272,314,24,333,155,4,378,1,35:24,1
2013-14,203078,Bradley Beal,Bradley,1610612764,WAS,Washington Wizards,0041300134,2014-04-27T00:00:00,WAS vs. CHI,W,39.8,7,13,0.538,2,3,0.667,2,2,1.0,2,3,5,3,1,1,0,0,1,0,18,11,30.5,0,0,30.0,1,1,1,1,196,226,325,499,185,477,112,500,621,1,226,632,496,363,618,305,499,1,394,1301,279,248,408,155,4,378,1,39:48,1
2013-14,202691,Klay Thompson,Klay,1610612744,GSW,Golden State Warriors,0041300164,2014-04-27T00:00:00,GSW vs. LAC,W,28.933333333333334,5,13,0.385,3,8,0.375,2,4,0.5,0,5,5,5,3,1,0,0,6,4,15,12,28.5,0,0,30.0,1,1,1,1,696,458,325,1045,75,36,471,500,347,751,924,320,496,151,143,305,499,1,1865,272,427,210,476,155,4,378,1,28:56,1
2013-14,101161,Amir Johnson,Amir,1610612761,TOR,Toronto Raptors,0041300124,2014-04-27T00:00:00,TOR @ BKN,W,29.516666666666666,7,11,0.636,0,0,0.0,3,3,1.0,2,3,5,1,2,2,1,2,5,3,17,11,31.5,0,0,29.0,1,1,1,1,665,226,459,294,731,1136,731,345,538,1,226,632,496,791,298,115,171,1748,1747,413,314,248,384,155,4,404,1,29:31,1
2013-14,202349,Greivis Vasquez,Greivis,1610612761,TOR,Toronto Raptors,0041300124,2014-04-27T00:00:00,TOR @ BKN,W,34.6,4,12,0.333,1,6,0.167,0,2,0.0,0,6,6,9,1,1,0,0,2,1,9,10,31.7,0,0,27.0,1,1,1,1,456,599,391,1129,388,128,702,998,621,998,924,198,388,30,618,305,499,1,801,915,777,294,381,155,4,468,1,34:36,1
2013-14,101135,David Lee,David,1610612744,GSW,Golden State Warriors,0041300164,2014-04-27T00:00:00,GSW vs. LAC,W,37.62833333333333,7,11,0.636,0,0,0.0,1,1,1.0,0,6,6,2,2,2,0,0,5,3,15,30,29.2,0,0,27.0,1,1,1,1,307,226,459,294,731,1136,731,783,968,1,924,198,388,529,298,115,499,1,1747,413,427,6,453,155,4,468,1,37:38,1
2013-14,203084,Harrison Barnes,Harrison,1610612744,GSW,Golden State Warriors,0041300164,2014-04-27T00:00:00,GSW vs. LAC,W,24.755,6,7,0.857,2,3,0.667,1,2,0.5,1,1,2,4,1,1,0,0,3,1,15,10,25.4,0,0,25.0,1,1,1,1,878,330,811,106,185,477,112,783,621,751,449,1162,1057,237,618,305,499,1,1177,915,427,294,593,155,4,543,1,24:45,1
2013-14,202344,Trevor Booker,Trevor,1610612764,WAS,Washington Wizards,0041300134,2014-04-27T00:00:00,WAS vs. CHI,W,27.75,4,10,0.4,0,0,0.0,0,0,0.0,6,3,9,1,0,0,3,2,6,3,8,0,29.3,0,0,24.0,1,1,1,1,752,599,537,970,731,1136,731,998,1036,998,14,632,151,791,1096,784,29,1748,1865,413,858,882,450,155,4,582,1,27:45,1
2013-14,202710,Jimmy Butler III,Jimmy,1610612741,CHI,Chicago Bulls,0041300134,2014-04-27T00:00:00,CHI @ WAS,L,37.733333333333334,5,14,0.357,2,7,0.286,4,4,1.0,1,2,3,3,1,0,0,0,1,2,16,-11,23.1,0,0,24.0,1,944,944,944,299,458,271,1116,185,67,598,230,347,1,449,860,831,363,618,784,499,1,394,610,361,1612,669,155,4,582,1,37:44,1
2013-14,203584,Troy Daniels,Troy,1610612745,HOU,Houston Rockets,0041300174,2014-04-27T00:00:00,HOU @ POR,L,21.121666666666666,5,7,0.714,4,5,0.8,3,3,1.0,1,2,3,0,0,0,0,1,3,1,17,9,20.6,0,0,24.0,1,944,944,944,1028,458,811,184,31,226,83,345,538,1,449,860,831,1185,1096,784,499,1343,1177,915,314,334,755,155,4,582,1,21:07,1
2013-14,201577,Robin Lopez,Robin,1610612757,POR,Portland Trail Blazers,0041300174,2014-04-27T00:00:00,POR vs. HOU,W,32.428333333333335,3,3,1.0,0,0,0.0,0,0,0.0,3,8,11,2,2,1,1,0,6,3,6,4,26.2,0,0,23.0,1,1,1,1,549,783,1273,1,731,1136,731,998,1036,998,114,93,76,529,298,305,171,1,1865,413,1001,576,558,155,4,619,1,32:26,1
2013-14,202335,Patrick Patterson,Patrick,1610612761,TOR,Toronto Raptors,0041300124,2014-04-27T00:00:00,TOR @ BKN,W,32.11666666666667,3,7,0.429,1,3,0.333,2,2,1.0,2,7,9,0,3,2,0,0,3,1,9,7,22.8,0,0,23.0,1,1,1,1,563,783,811,891,388,477,485,500,621,1,226,144,151,1185,143,115,499,1,1177,915,777,430,679,155,4,619,1,32:07,1
2013-14,203110,Draymond Green,Draymond,1610612744,GSW,Golden State Warriors,0041300164,2014-04-27T00:00:00,GSW vs. LAC,W,40.97666666666667,1,4,0.25,0,2,0.0,2,2,1.0,2,3,5,5,2,2,2,1,3,3,4,33,27.5,0,0,22.0,1,1,1,1,157,1208,1145,1349,731,651,731,500,621,1,226,632,496,151,298,115,70,1343,1177,413,1173,2,514,155,4,657,1,40:59,1
2013-14,200755,JJ Redick,JJ,1610612746,LAC,Los Angeles Clippers,0041300164,2014-04-27T00:00:00,LAC @ GSW,L,29.583333333333332,3,9,0.333,3,6,0.5,3,3,1.0,1,1,2,2,3,1,0,1,3,3,12,-26,17.4,0,0,21.0,1,944,944,944,659,783,622,1129,75,128,201,345,538,1,449,1162,1057,529,143,305,499,1343,1177,413,601,1890,882,155,4,693,1,29:35,1
2013-14,101114,Deron Williams,Deron,1610612751,BKN,Brooklyn Nets,0041300124,2014-04-27T00:00:00,BKN vs. TOR,L,36.9,4,12,0.333,0,5,0.0,2,3,0.667,0,4,4,6,5,0,0,1,5,5,10,-3,18.8,0,0,20.0,1,944,944,944,341,599,391,1129,731,226,731,500,538,646,924,457,643,102,29,784,499,1343,1747,175,720,1183,830,155,4,731,1,36:54,1
2013-14,2590,Mo Williams,Mo,1610612757,POR,Portland Trail Blazers,0041300174,2014-04-27T00:00:00,POR vs. HOU,W,23.815,3,11,0.273,1,6,0.167,2,2,1.0,0,3,3,3,0,1,0,1,2,2,9,-1,20.1,0,0,18.0,1,1,1,1,921,783,459,1332,388,128,702,500,621,1,924,632,831,363,1096,305,499,1343,801,610,777,1010,777,155,4,815,1,23:49,1
2013-14,708,Kevin Garnett,Kevin,1610612751,BKN,Brooklyn Nets,0041300124,2014-04-27T00:00:00,BKN vs. TOR,L,21.716666666666665,3,6,0.5,0,0,0.0,4,4,1.0,1,3,4,2,1,1,0,0,1,3,10,2,19.8,0,0,18.0,1,944,944,944,1002,783,915,534,731,1136,731,230,347,1,449,632,643,529,618,305,499,1,394,413,720,707,792,155,4,815,1,21:43,1
2013-14,2440,Matt Barnes,Matt,1610612746,LAC,Los Angeles Clippers,0041300164,2014-04-27T00:00:00,LAC @ GSW,L,23.9,4,7,0.571,1,3,0.333,1,2,0.5,0,5,5,2,3,0,0,0,2,1,10,-19,16.0,0,0,18.0,1,944,944,944,915,599,811,418,388,477,485,783,621,751,924,320,496,529,143,784,499,1,801,915,720,1829,941,155,4,815,1,23:54,1
2013-14,203093,Terrence Jones,Terrence,1610612745,HOU,Houston Rockets,0041300174,2014-04-27T00:00:00,HOU @ POR,L,21.883333333333333,3,6,0.5,0,0,0.0,2,4,0.5,4,2,6,1,0,1,0,1,2,2,8,4,19.7,0,0,17.0,1,944,944,944,996,783,915,534,731,1136,731,500,347,751,62,860,388,791,1096,305,499,1343,801,610,858,576,797,155,4,852,1,21:53,1
2013-14,2748,Dorell Wright,Dorell,1610612757,POR,Portland Trail Blazers,0041300174,2014-04-27T00:00:00,POR vs. HOU,W,17.991666666666667,1,2,0.5,1,2,0.5,5,7,0.714,0,4,4,0,0,0,2,0,1,3,8,-14,18.8,0,0,17.0,1,1,1,1,1164,1208,1415,534,388,651,201,166,133,632,924,457,643,1185,1096,784,70,1,394,413,858,1721,830,155,4,852,1,17:60,1
2013-14,203141,Mirza Teletovic,Mirza,1610612751,BKN,Brooklyn Nets,0041300124,2014-04-27T00:00:00,BKN vs. TOR,L,16.55,5,9,0.556,0,3,0.0,2,2,1.0,3,2,5,0,0,0,0,0,0,1,12,-8,18.0,0,0,17.0,1,944,944,944,1227,458,622,455,731,477,731,500,621,1,114,860,496,1185,1096,784,499,1,1,915,601,1487,861,155,4,852,1,16:33,1
2013-14,101187,Alan Anderson,Alan,1610612751,BKN,Brooklyn Nets,0041300124,2014-04-27T00:00:00,BKN vs. TOR,L,24.383333333333333,1,6,0.167,0,2,0.0,1,2,0.5,2,3,5,2,0,3,0,1,3,3,3,0,21.0,0,0,16.0,1,944,944,944,896,1208,915,1471,731,651,731,783,621,751,226,632,496,529,1096,43,499,1343,1177,413,1282,882,736,155,4,901,1,24:23,1
2013-14,201600,Omer Asik,Omer,1610612745,HOU,Houston Rockets,0041300174,2014-04-27T00:00:00,HOU @ POR,L,32.60666666666667,3,5,0.6,0,0,0.0,0,0,0.0,2,6,8,0,1,0,1,1,5,1,6,-2,17.6,0,0,16.0,1,944,944,944,544,783,1021,335,731,1136,731,998,1036,998,226,198,213,1185,618,784,171,1343,1747,915,1001,1106,872,155,4,901,1,32:36,1
2013-14,202685,Jonas Valančiūnas,Jonas,1610612761,TOR,Toronto Raptors,0041300124,2014-04-27T00:00:00,TOR @ BKN,W,22.816666666666666,3,3,1.0,0,0,0.0,0,0,0.0,1,5,6,0,2,0,2,0,4,2,6,0,17.2,0,0,16.0,1,1,1,1,956,783,1273,1,731,1136,731,998,1036,998,449,320,388,1185,298,784,70,1,1541,610,1001,882,891,155,4,901,1,22:49,1
2013-14,2430,Carlos Boozer,Carlos,1610612741,CHI,Chicago Bulls,0041300134,2014-04-27T00:00:00,CHI @ WAS,L,24.0,3,7,0.429,0,0,0.0,2,2,1.0,2,6,8,0,1,0,0,2,5,2,8,-15,16.6,0,0,16.0,1,944,944,944,911,783,811,891,731,1136,731,500,621,1,226,198,213,1185,618,784,499,1748,1747,610,858,1743,915,155,4,901,1,24:00,1
2013-14,2550,Kirk Hinrich,Kirk,1610612741,CHI,Chicago Bulls,0041300134,2014-04-27T00:00:00,CHI @ WAS,L,36.016666666666666,3,12,0.25,1,5,0.2,0,0,0.0,0,1,1,7,4,0,0,0,2,0,7,-6,14.7,0,0,16.0,1,944,944,944,389,783,391,1349,388,226,669,998,1036,998,924,1162,1328,64,70,784,499,1,801,1301,944,1382,1002,155,4,901,1,36:01,1
2013-14,2733,Shaun Livingston,Shaun,1610612751,BKN,Brooklyn Nets,0041300124,2014-04-27T00:00:00,BKN vs. TOR,L,26.016666666666666,3,7,0.429,0,0,0.0,3,6,0.5,2,2,4,3,5,0,0,0,3,3,9,-9,13.3,0,0,16.0,1,944,944,944,823,783,811,891,731,1136,731,345,180,751,226,860,643,363,29,784,499,1,1177,413,777,1528,1064,155,4,901,1,26:01,1
2013-14,201571,D.J. Augustin,D.J.,1610612741,CHI,Chicago Bulls,0041300134,2014-04-27T00:00:00,CHI @ WAS,L,21.583333333333332,3,10,0.3,1,4,0.25,1,1,1.0,0,1,1,4,2,0,0,2,5,2,8,9,13.2,0,0,14.0,1,944,944,944,1013,783,537,1286,388,336,614,783,968,1,924,1162,1328,237,298,784,499,1748,1747,610,858,334,1068,155,4,992,1,21:35,1
2013-14,2207,Joe Johnson,Joe,1610612751,BKN,Brooklyn Nets,0041300124,2014-04-27T00:00:00,BKN vs. TOR,L,41.66166666666667,2,7,0.286,1,2,0.5,2,4,0.5,1,4,5,1,2,0,0,0,2,3,7,-9,12.5,0,0,14.0,1,944,944,944,128,987,811,1299,388,651,201,500,347,751,449,457,496,791,298,784,499,1,801,413,944,1528,1106,155,4,992,1,41:40,1
2013-14,2399,Mike Dunleavy,Mike,1610612741,CHI,Chicago Bulls,0041300134,2014-04-27T00:00:00,CHI @ WAS,L,35.218333333333334,3,8,0.375,0,2,0.0,0,0,0.0,1,4,5,2,1,0,0,0,1,0,6,-18,14.0,0,0,13.0,1,944,944,944,428,783,710,1056,731,651,731,998,1036,998,449,457,496,529,618,784,499,1,394,1301,1001,1808,1031,155,4,1036,1,35:13,1
2013-14,101110,Martell Webster,Martell,1610612764,WAS,Washington Wizards,0041300134,2014-04-27T00:00:00,WAS vs. CHI,W,18.848333333333333,3,6,0.5,0,3,0.0,2,2,1.0,0,3,3,0,1,1,0,0,0,2,8,-2,13.6,0,0,13.0,1,1,1,1,1123,783,915,534,731,477,731,500,621,1,924,632,831,1185,618,305,499,1,1,610,858,1106,1048,155,4,1036,1,18:51,1
2013-14,202391,Jeremy Lin,Jeremy,1610612745,HOU,Houston Rockets,0041300174,2014-04-27T00:00:00,HOU @ POR,L,21.348333333333333,1,6,0.167,0,2,0.0,2,2,1.0,2,3,5,4,3,0,0,1,2,1,4,0,13.0,0,0,13.0,1,944,944,944,1022,1208,915,1471,731,651,731,500,621,1,226,632,496,237,143,784,499,1343,801,915,1173,882,1082,155,4,1036,1,21:21,1
2013-14,201599,DeAndre Jordan,DeAndre,1610612746,LAC,Los Angeles Clippers,0041300164,2014-04-27T00:00:00,LAC @ GSW,L,25.116666666666667,0,1,0.0,0,0,0.0,0,0,0.0,1,5,6,1,2,0,2,0,3,1,0,-18,12.7,0,0,11.0,1,944,944,944,863,1505,1565,1505,731,1136,731,998,1036,998,449,320,388,791,298,784,70,1,1177,915,1567,1808,1098,155,4,1128,1,25:07,1
2013-14,101154,Andray Blatche,Andray,1610612751,BKN,Brooklyn Nets,0041300124,2014-04-27T00:00:00,BKN vs. TOR,L,12.686666666666667,1,5,0.2,0,1,0.0,2,2,1.0,1,6,7,0,0,0,0,0,1,4,4,4,12.4,0,0,11.0,1,944,944,944,1393,1208,1021,1438,731,887,731,500,621,1,449,198,285,1185,1096,784,499,1,394,272,1173,576,1110,155,4,1128,1,12:41,1
2013-14,1905,Andrei Kirilenko,Andrei,1610612751,BKN,Brooklyn Nets,0041300124,2014-04-27T00:00:00,BKN vs. TOR,L,15.038333333333334,0,1,0.0,0,0,0.0,1,2,0.5,0,2,2,1,0,1,2,1,4,2,1,-3,13.9,0,0,10.0,1,944,944,944,1296,1505,1565,1505,731,1136,731,783,621,751,924,860,1057,791,1096,305,70,1343,1541,610,1541,1183,1038,155,4,1187,1,15:02,1
2013-14,203080,Thomas Robinson,Thomas,1610612757,POR,Portland Trail Blazers,0041300174,2014-04-27T00:00:00,POR vs. HOU,W,6.2,1,1,1.0,0,0,0.0,0,0,0.0,2,1,3,1,2,1,1,0,2,0,2,3,11.1,0,0,10.0,1,1,1,1,1619,1208,1565,1,731,1136,731,998,1036,998,226,1162,831,791,298,305,171,1,801,1301,1377,639,1181,155,4,1187,1,6:12,1
2013-14,201954,Darren Collison,Darren,1610612746,LAC,Los Angeles Clippers,0041300164,2014-04-27T00:00:00,LAC @ GSW,L,17.933333333333334,3,7,0.429,0,2,0.0,0,0,0.0,0,0,0,4,3,0,0,1,0,2,6,-1,9.0,0,0,10.0,1,944,944,944,1169,783,811,891,731,651,731,998,1036,998,924,1520,1606,237,143,784,499,1343,1,610,1001,1010,1289,155,4,1187,1,17:56,1
2013-14,2400,Drew Gooden,Drew,1610612764,WAS,Washington Wizards,0041300134,2014-04-27T00:00:00,WAS vs. CHI,W,26.266666666666666,1,4,0.25,0,1,0.0,0,0,0.0,1,1,2,1,0,1,1,0,5,1,2,-3,11.9,0,0,9.0,1,1,1,1,811,1208,1145,1349,731,887,731,998,1036,998,449,1162,1057,791,1096,305,171,1,1747,915,1377,1183,1131,155,4,1237,1,26:16,1
2013-14,979,Jermaine O'Neal,Jermaine,1610612744,GSW,Golden State Warriors,0041300164,2014-04-27T00:00:00,GSW vs. LAC,W,10.111666666666666,2,4,0.5,0,0,0.0,1,1,1.0,1,2,3,0,0,0,0,0,1,1,5,-15,8.6,0,0,8.0,1,1,1,1,1489,987,1145,534,731,1136,731,783,968,1,449,860,831,1185,1096,784,499,1,394,915,1095,1743,1307,155,4,1289,1,10:07,1
2013-14,2045,Hedo Turkoglu,Hedo,1610612746,LAC,Los Angeles Clippers,0041300164,2014-04-27T00:00:00,LAC @ GSW,L,13.005,1,4,0.25,1,3,0.333,0,0,0.0,0,2,2,0,0,1,0,0,1,1,3,-3,8.4,0,0,8.0,1,944,944,944,1383,1208,1145,1349,388,477,485,998,1036,998,924,860,1057,1185,1096,305,499,1,394,915,1282,1183,1321,155,4,1289,1,13:00,1
2013-14,201976,Patrick Beverley,Patrick,1610612745,HOU,Houston Rockets,0041300174,2014-04-27T00:00:00,HOU @ POR,L,36.931666666666665,2,7,0.286,0,4,0.0,2,2,1.0,1,0,1,1,2,0,0,0,4,2,6,-7,6.7,0,0,8.0,1,944,944,944,339,987,811,1299,731,336,731,500,621,1,449,1520,1328,791,298,784,499,1,1541,610,1001,1440,1399,155,4,1289,1,36:56,1
2013-14,101236,Chuck Hayes,Chuck,1610612761,TOR,Toronto Raptors,0041300124,2014-04-27T00:00:00,TOR @ BKN,W,8.016666666666667,0,1,0.0,0,0,0.0,0,0,0.0,1,3,4,0,0,1,0,0,3,0,0,0,7.8,0,0,6.0,1,1,1,1,1554,1505,1565,1505,731,1136,731,998,1036,998,449,632,643,1185,1096,305,499,1,1177,1301,1567,882,1350,155,4,1399,1,8:01,1
2013-14,200756,Hilton Armstrong,Hilton,1610612744,GSW,Golden State Warriors,0041300164,2014-04-27T00:00:00,GSW vs. LAC,W,2.08,2,2,1.0,0,0,0.0,0,0,0.0,0,0,0,0,0,0,1,0,0,0,4,-7,7.0,0,0,6.0,1,1,1,1,1799,987,1415,1,731,1136,731,998,1036,998,924,1520,1606,1185,1096,784,171,1,1,1301,1173,1440,1384,155,4,1399,1,2:05,1
2013-14,203503,Tony Snell,Tony,1610612741,CHI,Chicago Bulls,0041300134,2014-04-27T00:00:00,CHI @ WAS,L,13.448333333333334,1,2,0.5,0,1,0.0,0,0,0.0,0,2,2,0,1,0,1,0,1,0,2,-1,6.4,0,0,6.0,1,944,944,944,1365,1208,1415,534,731,887,731,998,1036,998,924,860,1057,1185,618,784,171,1,394,1301,1377,1010,1414,155,4,1399,1,13:27,1
2013-14,1889,Andre Miller,Andre,1610612764,WAS,Washington Wizards,0041300134,2014-04-27T00:00:00,WAS vs. CHI,W,9.325,0,2,0.0,0,0,0.0,0,0,0.0,0,1,1,2,0,1,0,1,1,1,0,1,7.2,0,0,5.0,1,1,1,1,1511,1505,1415,1505,731,1136,731,998,1036,998,924,1162,1328,529,1096,305,499,1343,394,915,1567,796,1378,155,4,1446,1,9:20,1
2013-14,2422,John Salmons,John,1610612761,TOR,Toronto Raptors,0041300124,2014-04-27T00:00:00,TOR @ BKN,W,18.673333333333332,0,3,0.0,0,3,0.0,0,0,0.0,0,2,2,1,0,1,0,0,2,0,0,-3,6.9,0,0,5.0,1,1,1,1,1130,1505,1273,1505,731,477,731,998,1036,998,924,860,1057,791,1096,305,499,1,801,1301,1567,1183,1388,155,4,1446,1,18:40,1
2013-14,203486,Mason Plumlee,Mason,1610612751,BKN,Brooklyn Nets,0041300124,2014-04-27T00:00:00,BKN vs. TOR,L,13.596666666666666,0,1,0.0,0,0,0.0,1,2,0.5,0,2,2,0,1,0,1,0,3,1,1,-14,5.4,0,0,5.0,1,944,944,944,1356,1505,1565,1505,731,1136,731,783,621,751,924,860,1057,1185,618,784,171,1,1177,915,1541,1721,1462,155,4,1446,1,13:36,1
2013-14,200797,Ryan Hollins,Ryan,1610612746,LAC,Los Angeles Clippers,0041300164,2014-04-27T00:00:00,LAC @ GSW,L,0.895,1,1,1.0,0,0,0.0,1,1,1.0,1,0,1,0,0,0,0,0,0,1,3,3,4.2,0,0,4.0,1,944,944,944,1851,1208,1565,1,731,1136,731,783,968,1,449,1520,1328,1185,1096,784,499,1,1,915,1282,639,1522,155,4,1505,1,0:54,1
2013-14,201578,Marreese Speights,Marreese,1610612744,GSW,Golden State Warriors,0041300164,2014-04-27T00:00:00,GSW vs. LAC,W,3.1816666666666666,1,2,0.5,0,0,0.0,0,0,0.0,0,2,2,0,1,0,0,0,1,0,2,2,3.4,0,0,4.0,1,1,1,1,1734,1208,1415,534,731,1136,731,998,1036,998,924,860,1057,1185,618,784,499,1,394,1301,1377,707,1569,155,4,1505,1,3:11,1
2013-14,200777,Joel Freeland,Joel,1610612757,POR,Portland Trail Blazers,0041300174,2014-04-27T00:00:00,POR vs. HOU,W,6.9,0,0,0.0,0,0,0.0,0,0,0.0,1,1,2,0,2,1,0,0,3,0,0,-4,3.4,0,0,4.0,1,1,1,1,1591,1505,1728,1505,731,1136,731,998,1036,998,449,1162,1057,1185,298,305,499,1,1177,1301,1567,1256,1569,155,4,1505,1,6:54,1
2013-14,2581,Steve Blake,Steve,1610612744,GSW,Golden State Warriors,0041300164,2014-04-27T00:00:00,GSW vs. LAC,W,6.921666666666667,1,3,0.333,1,3,0.333,0,1,0.0,0,0,0,0,0,0,0,0,1,0,3,-7,3.0,0,0,4.0,1,1,1,1,1590,1208,1273,1129,388,477,485,998,968,998,924,1520,1606,1185,1096,784,499,1,394,1301,1282,1440,1593,155,4,1505,1,6:55,1
2013-14,203082,Terrence Ross,Terrence,1610612761,TOR,Toronto Raptors,0041300124,2014-04-27T00:00:00,TOR @ BKN,W,13.55,0,1,0.0,0,1,0.0,0,0,0.0,0,1,1,0,0,1,0,0,1,0,0,3,4.2,0,0,3.0,1,1,1,1,1360,1505,1565,1505,731,887,731,998,1036,998,924,1162,1328,1185,1096,305,499,1,394,1301,1567,639,1522,155,4,1573,1,13:33,1
2013-14,201175,Glen Davis,Glen,1610612746,LAC,Los Angeles Clippers,0041300164,2014-04-27T00:00:00,LAC @ GSW,L,12.516666666666667,0,3,0.0,0,0,0.0,0,0,0.0,1,2,3,0,0,0,0,1,2,1,0,4,3.6,0,0,3.0,1,944,944,944,1398,1505,1273,1505,731,1136,731,998,1036,998,449,860,831,1185,1096,784,499,1343,801,915,1567,576,1560,155,4,1573,1,12:31,1
2013-14,101122,Danny Granger,Danny,1610612746,LAC,Los Angeles Clippers,0041300164,2014-04-27T00:00:00,LAC @ GSW,L,15.35,0,4,0.0,0,3,0.0,0,0,0.0,0,2,2,0,0,0,0,1,0,0,0,5,2.4,0,0,2.0,1,944,944,944,1285,1505,1145,1505,731,477,731,998,1036,998,924,860,1057,1185,1096,784,499,1343,1,1301,1567,522,1632,155,4,1628,1,15:21,1
2013-14,200779,Steve Novak,Steve,1610612761,TOR,Toronto Raptors,0041300124,2014-04-27T00:00:00,TOR @ BKN,W,3.533333333333333,0,1,0.0,0,1,0.0,0,0,0.0,0,1,1,0,0,0,0,0,0,0,0,-2,1.2,0,0,1.0,1,1,1,1,1720,1505,1565,1505,731,887,731,998,1036,998,924,1162,1328,1185,1096,784,499,1,1,1301,1567,1106,1694,155,4,1690,1,3:32,1
2013-14,1733,Al Harrington,Al,1610612764,WAS,Washington Wizards,0041300134,2014-04-27T00:00:00,WAS vs. CHI,W,5.183333333333334,0,1,0.0,0,1,0.0,0,0,0.0,0,1,1,0,1,0,0,0,2,0,0,-4,0.2,0,0,1.0,1,1,1,1,1655,1505,1565,1505,731,887,731,998,1036,998,924,1162,1328,1185,618,784,499,1,801,1301,1567,1256,1757,155,4,1690,1,5:11,1
2013-14,2584,Willie Green,Willie,1610612746,LAC,Los Angeles Clippers,0041300164,2014-04-27T00:00:00,LAC @ GSW,L,3.2716666666666665,0,0,0.0,0,0,0.0,0,0,0.0,0,0,0,0,0,0,0,0,0,0,0,0,0.0,0,0,0.0,1,944,944,944,1731,1505,1728,1505,731,1136,731,998,1036,998,924,1520,1606,1185,1096,784,499,1,1,1301,1567,882,1769,155,4,1775,1,3:16,1
2013-14,202338,Kevin Seraphin,Kevin,1610612764,WAS,Washington Wizards,0041300134,2014-04-27T00:00:00,WAS vs. CHI,W,1.0183333333333333,0,0,0.0,0,0,0.0,0,0,0.0,0,0,0,0,0,0,0,0,0,1,0,-2,0.0,0,0,0.0,1,1,1,1,1842,1505,1728,1505,731,1136,731,998,1036,998,924,1520,1606,1185,1096,784,499,1,1,915,1567,1106,1769,155,4,1775,1,1:01,1
2013-14,201162,Jared Dudley,Jared,1610612746,LAC,Los Angeles Clippers,0041300164,2014-04-27T00:00:00,LAC @ GSW,L,2.75,0,0,0.0,0,0,0.0,0,0,0.0,0,0,0,0,0,0,0,0,0,0,0,-2,0.0,0,0,0.0,1,944,944,944,1755,1505,1728,1505,731,1136,731,998,1036,998,924,1520,1606,1185,1096,784,499,1,1,1301,1567,1106,1769,155,4,1775,1,2:45,1
2013-14,203136,Ognjen Kuzmic,Ognjen,1610612744,GSW,Golden State Warriors,0041300164,2014-04-27T00:00:00,GSW vs. LAC,W,0.895,0,0,0.0,0,0,0.0,0,0,0.0,0,0,0,0,0,0,0,0,1,0,0,-3,0.0,0,0,0.0,1,1,1,1,1851,1505,1728,1505,731,1136,731,998,1036,998,924,1520,1606,1185,1096,784,499,1,394,1301,1567,1183,1769,155,4,1775,1,0:54,1
2013-14,2544,LeBron James,LeBron,1610612748,MIA,Miami Heat,0041300113,2014-04-26T00:00:00,MIA @ CHA,W,35.983333333333334,10,18,0.556,1,2,0.5,9,10,0.9,0,10,10,6,2,2,0,2,1,8,30,20,55.0,1,0,51.0,1,1,1,1,393,58,125,455,388,651,201,30,43,407,924,29,102,102,298,115,499,1748,394,40,45,65,44,1,4,44,1,35:59,1
2013-14,200794,Paul Millsap,Paul,1610612737,ATL,Atlanta Hawks,0041300104,2014-04-26T00:00:00,ATL vs. IND,L,37.4,10,18,0.556,3,6,0.5,6,6,1.0,2,5,7,2,3,1,3,1,4,6,29,0,49.4,0,0,49.0,1,944,944,944,317,58,125,455,75,128,201,117,180,1,226,320,285,529,143,305,29,1343,1541,102,55,882,76,155,4,56,1,37:24,1
2013-14,202704,Reggie Jackson,Reggie,1610612760,OKC,Oklahoma City Thunder,0041300154,2014-04-26T00:00:00,OKC @ MEM,W,37.358333333333334,11,16,0.688,2,4,0.5,8,8,1.0,3,6,9,1,4,1,1,0,3,4,32,2,46.3,0,0,48.0,1,1,1,1,320,36,187,208,185,336,201,53,91,1,114,198,151,791,70,305,171,1,1177,272,27,707,106,155,4,63,1,37:22,1
2013-14,202331,Paul George,Paul,1610612754,IND,Indiana Pacers,0041300104,2014-04-26T00:00:00,IND @ ATL,W,43.65,10,18,0.556,4,7,0.571,0,2,0.0,1,9,10,5,2,0,2,1,3,2,24,6,47.5,1,0,47.0,1,1,1,1,64,58,125,455,31,67,187,998,621,998,449,47,102,151,298,784,70,1343,1177,610,130,482,91,1,4,74,1,43:39,1
2013-14,201188,Marc Gasol,Marc,1610612763,MEM,Memphis Grizzlies,0041300154,2014-04-26T00:00:00,MEM vs. OKC,L,48.53333333333333,10,21,0.476,0,0,0.0,3,4,0.75,3,8,11,4,4,1,2,2,4,6,23,0,47.2,1,0,44.0,1,944,944,944,9,58,60,792,731,1136,731,345,347,542,114,93,76,237,70,305,70,1748,1541,102,148,882,95,1,4,102,1,48:32,1
2013-14,201142,Kevin Durant,Kevin,1610612760,OKC,Oklahoma City Thunder,0041300154,2014-04-26T00:00:00,OKC @ MEM,W,49.28333333333333,5,21,0.238,1,7,0.143,4,6,0.667,1,12,13,4,5,2,2,0,2,5,15,0,43.6,1,0,41.0,1,1,1,1,6,458,60,1420,388,67,718,230,180,646,449,13,41,237,29,115,70,1,801,175,427,882,131,1,4,129,1,49:17,1
2013-14,201566,Russell Westbrook,Russell,1610612760,OKC,Oklahoma City Thunder,0041300154,2014-04-26T00:00:00,OKC @ MEM,W,44.43333333333333,6,24,0.25,1,6,0.167,2,2,1.0,5,4,9,7,7,3,1,3,3,6,15,5,41.3,0,0,40.0,1,1,1,1,47,330,18,1349,388,128,702,500,621,1,30,457,151,64,3,43,171,1865,1177,102,427,522,160,155,4,143,1,44:26,1
2013-14,201144,Mike Conley,Mike,1610612763,MEM,Memphis Grizzlies,0041300154,2014-04-26T00:00:00,MEM vs. OKC,L,47.72666666666667,5,16,0.313,0,6,0.0,4,5,0.8,0,4,4,10,1,4,1,1,1,5,14,-2,47.8,1,0,38.0,1,944,944,944,11,458,187,1274,731,128,731,230,281,498,924,457,643,16,618,15,171,1343,394,175,495,1106,85,1,4,178,1,47:44,1
2013-14,201586,Serge Ibaka,Serge,1610612760,OKC,Oklahoma City Thunder,0041300154,2014-04-26T00:00:00,OKC @ MEM,W,42.36666666666667,6,11,0.545,0,1,0.0,0,0,0.0,5,9,14,0,1,1,5,1,1,1,12,1,45.8,1,0,38.0,1,1,1,1,108,330,459,485,731,887,731,998,1036,998,30,47,24,1185,618,305,2,1343,394,915,601,796,113,1,4,178,1,42:22,1
2013-14,202695,Kawhi Leonard,Kawhi,1610612759,SAS,San Antonio Spurs,0041300143,2014-04-26T00:00:00,SAS @ DAL,L,38.483333333333334,7,8,0.875,2,2,1.0,1,3,0.333,1,4,5,3,5,5,0,0,4,2,17,-7,37.5,0,0,37.0,1,944,944,944,269,226,710,102,185,651,1,783,538,970,449,457,496,363,29,5,499,1,1541,610,314,1440,235,155,4,204,1,38:29,1
2013-14,101145,Monta Ellis,Monta,1610612742,DAL,Dallas Mavericks,0041300143,2014-04-26T00:00:00,DAL vs. SAS,W,37.333333333333336,12,22,0.545,3,7,0.429,2,2,1.0,1,1,2,3,1,0,0,2,2,5,29,1,34.9,0,0,37.0,1,1,1,1,321,21,44,485,75,67,409,500,621,1,449,1162,1057,363,618,784,499,1748,801,175,55,796,293,155,4,204,1,37:20,1
2013-14,2561,David West,David,1610612754,IND,Indiana Pacers,0041300104,2014-04-26T00:00:00,IND @ ATL,W,35.4,7,13,0.538,1,1,1.0,3,6,0.5,0,5,5,2,1,3,2,0,1,9,18,13,41.0,0,0,36.0,1,1,1,1,420,226,325,499,388,887,1,345,180,751,924,320,496,529,618,43,70,1,394,23,279,188,167,155,4,221,1,35:24,1
2013-14,1495,Tim Duncan,Tim,1610612759,SAS,San Antonio Spurs,0041300143,2014-04-26T00:00:00,SAS @ DAL,L,36.49,8,14,0.571,0,0,0.0,6,6,1.0,3,2,5,2,0,0,3,3,2,7,22,-16,40.0,0,0,35.0,1,944,944,944,358,152,271,418,731,1136,731,117,180,1,114,860,496,529,1096,784,29,1865,801,64,166,1771,187,155,4,238,1,36:29,1
2013-14,201168,Tiago Splitter,Tiago,1610612759,SAS,San Antonio Spurs,0041300143,2014-04-26T00:00:00,SAS @ DAL,L,28.581666666666667,6,8,0.75,0,0,0.0,2,2,1.0,5,8,13,3,0,1,0,2,2,2,14,1,37.1,1,0,32.0,1,944,944,944,712,330,710,145,731,1136,731,500,621,1,30,93,41,363,1096,305,499,1748,801,610,495,796,245,1,4,311,1,28:35,1
2013-14,1938,Manu Ginobili,Manu,1610612759,SAS,San Antonio Spurs,0041300143,2014-04-26T00:00:00,SAS @ DAL,L,33.1,4,14,0.286,0,4,0.0,4,4,1.0,0,5,5,5,2,4,1,0,1,3,12,10,38.5,0,0,32.0,1,944,944,944,519,599,271,1299,731,336,731,230,347,1,924,320,496,151,298,15,171,1,394,413,601,294,211,155,4,311,1,33:06,1
2013-14,1717,Dirk Nowitzki,Dirk,1610612742,DAL,Dallas Mavericks,0041300143,2014-04-26T00:00:00,DAL vs. SAS,W,39.08,7,13,0.538,0,0,0.0,4,6,0.667,0,7,7,3,3,2,0,0,4,4,18,11,33.9,0,0,32.0,1,1,1,1,237,226,325,499,731,1136,731,230,180,646,924,144,285,363,143,115,499,1,1541,272,279,248,323,155,4,311,1,39:05,1
2013-14,2225,Tony Parker,Tony,1610612759,SAS,San Antonio Spurs,0041300143,2014-04-26T00:00:00,SAS @ DAL,L,33.318333333333335,9,18,0.5,1,2,0.5,0,0,0.0,1,1,2,6,4,2,0,0,2,2,19,-5,32.4,0,0,32.0,1,944,944,944,511,101,125,534,388,651,201,998,1036,998,449,1162,1057,102,70,115,499,1,801,610,247,1316,366,155,4,311,1,33:19,1
2013-14,2223,Samuel Dalembert,Samuel,1610612742,DAL,Dallas Mavericks,0041300143,2014-04-26T00:00:00,DAL vs. SAS,W,25.273333333333333,4,8,0.5,0,0,0.0,5,5,1.0,6,4,10,0,0,0,4,2,4,4,13,12,37.0,1,0,31.0,1,1,1,1,856,599,710,534,731,1136,731,166,281,1,14,457,102,1185,1096,784,10,1748,1541,272,552,210,249,1,4,354,1,25:16,1
2013-14,2754,Tony Allen,Tony,1610612763,MEM,Memphis Grizzlies,0041300154,2014-04-26T00:00:00,MEM vs. OKC,L,33.51833333333333,6,14,0.429,0,0,0.0,2,3,0.667,10,3,13,0,2,1,1,3,1,2,14,0,33.6,1,0,31.0,1,944,944,944,499,330,271,891,731,1136,731,500,538,646,1,632,41,1185,298,305,171,1865,394,610,495,882,336,1,4,354,1,33:31,1
2013-14,2744,Al Jefferson,Al,1610612766,CHA,Charlotte Bobcats,0041300113,2014-04-26T00:00:00,CHA vs. MIA,L,30.283333333333335,8,13,0.615,0,0,0.0,4,5,0.8,0,5,5,0,0,0,3,1,1,3,20,-20,35.0,0,0,31.0,1,944,944,944,631,152,325,324,731,1136,731,230,281,498,924,320,496,1185,1096,784,29,1343,394,413,218,1842,289,155,4,354,1,30:17,1
2013-14,201588,George Hill,George,1610612754,IND,Indiana Pacers,0041300104,2014-04-26T00:00:00,IND @ ATL,W,35.61666666666667,5,8,0.625,2,4,0.5,3,4,0.75,1,2,3,5,1,2,1,1,3,3,15,9,34.1,0,0,31.0,1,1,1,1,408,458,710,303,185,336,201,345,347,542,449,860,831,151,618,115,171,1343,1177,413,427,334,313,155,4,354,1,35:37,1
2013-14,2548,Dwyane Wade,Dwyane,1610612748,MIA,Miami Heat,0041300113,2014-04-26T00:00:00,MIA @ CHA,W,33.733333333333334,7,16,0.438,0,0,0.0,3,4,0.75,2,1,3,6,2,1,1,1,4,3,17,12,33.6,0,0,30.0,1,1,1,1,492,226,187,878,731,1136,731,345,347,542,226,1162,831,102,298,305,171,1343,1541,413,314,210,336,155,4,378,1,33:44,1
2013-14,2594,Kyle Korver,Kyle,1610612737,ATL,Atlanta Hawks,0041300104,2014-04-26T00:00:00,ATL vs. IND,L,36.7,4,9,0.444,3,8,0.375,4,4,1.0,0,9,9,0,1,1,0,0,0,4,15,4,27.8,0,0,29.0,1,944,944,944,348,599,622,849,75,36,471,230,347,1,924,47,151,1185,618,305,499,1,1,272,427,576,502,155,4,404,1,36:42,1
2013-14,201952,Jeff Teague,Jeff,1610612737,ATL,Atlanta Hawks,0041300104,2014-04-26T00:00:00,ATL vs. IND,L,35.163333333333334,5,15,0.333,2,5,0.4,2,2,1.0,2,4,6,7,4,0,0,2,2,3,14,-7,27.7,0,0,29.0,1,944,944,944,431,458,229,1129,185,226,430,500,621,1,226,457,388,64,70,784,499,1748,801,413,495,1440,506,155,4,404,1,35:10,1
2013-14,201177,Josh McRoberts,Josh,1610612766,CHA,Charlotte Bobcats,0041300113,2014-04-26T00:00:00,CHA vs. MIA,L,37.21666666666667,3,9,0.333,2,4,0.5,5,6,0.833,0,9,9,2,2,1,0,0,3,3,13,-7,27.8,0,0,28.0,1,944,944,944,326,783,622,1129,185,336,201,166,180,458,924,47,151,529,298,305,499,1,1177,413,552,1440,502,155,4,434,1,37:13,1
2013-14,101181,Jose Calderon,Jose,1610612742,DAL,Dallas Mavericks,0041300143,2014-04-26T00:00:00,DAL vs. SAS,W,29.925,7,10,0.7,2,3,0.667,0,0,0.0,0,0,0,9,4,0,0,0,2,0,16,14,25.5,0,0,27.0,1,1,1,1,646,226,537,196,185,477,112,998,1036,998,924,1520,1606,30,70,784,499,1,801,1301,361,163,590,155,4,468,1,29:56,1
2013-14,2216,Zach Randolph,Zach,1610612763,MEM,Memphis Grizzlies,0041300154,2014-04-26T00:00:00,MEM vs. OKC,L,33.445,5,14,0.357,0,0,0.0,1,5,0.2,1,6,7,2,2,3,0,2,3,4,11,-14,29.4,0,0,26.0,1,944,944,944,505,458,271,1116,731,1136,731,783,281,994,449,198,285,529,298,43,499,1748,1177,272,669,1721,445,155,4,506,1,33:27,1
2013-14,1890,Shawn Marion,Shawn,1610612742,DAL,Dallas Mavericks,0041300143,2014-04-26T00:00:00,DAL vs. SAS,W,32.968333333333334,3,11,0.273,2,6,0.333,1,2,0.5,2,4,6,5,2,1,1,0,2,2,9,0,27.7,0,0,26.0,1,1,1,1,529,783,459,1332,185,128,485,783,621,751,226,457,388,151,298,305,171,1,801,610,777,882,506,155,4,506,1,32:58,1
2013-14,202689,Kemba Walker,Kemba,1610612766,CHA,Charlotte Bobcats,0041300113,2014-04-26T00:00:00,CHA vs. MIA,L,27.25,4,7,0.571,1,2,0.5,4,5,0.8,0,2,2,5,2,2,0,1,3,6,13,-26,26.9,0,0,25.0,1,944,944,944,778,599,811,418,388,651,201,230,281,498,924,860,1057,151,298,115,499,1343,1177,102,552,1890,538,155,4,543,1,27:15,1
2013-14,2365,Chris Andersen,Chris,1610612748,MIA,Miami Heat,0041300113,2014-04-26T00:00:00,MIA @ CHA,W,22.033333333333335,4,7,0.571,0,0,0.0,4,4,1.0,1,6,7,1,0,1,1,2,2,3,12,-1,27.9,0,0,24.0,1,1,1,1,992,599,811,418,731,1136,731,230,347,1,449,198,285,791,1096,305,171,1748,801,413,601,1010,499,155,4,582,1,22:02,1
2013-14,201604,Chris Douglas-Roberts,Chris,1610612766,CHA,Charlotte Bobcats,0041300113,2014-04-26T00:00:00,CHA vs. MIA,L,24.866666666666667,6,8,0.75,2,4,0.5,3,3,1.0,0,3,3,1,0,0,0,0,2,3,17,2,22.1,0,0,23.0,1,944,944,944,873,330,710,145,185,336,201,345,538,1,924,632,831,791,1096,784,499,1,801,413,314,707,698,155,4,619,1,24:52,1
2013-14,202362,Lance Stephenson,Lance,1610612754,IND,Indiana Pacers,0041300104,2014-04-26T00:00:00,IND @ ATL,W,26.323333333333334,2,9,0.222,1,7,0.143,0,0,0.0,0,9,9,1,4,0,2,0,3,0,5,2,19.3,0,0,20.0,1,1,1,1,808,987,622,1424,388,67,718,998,1036,998,924,47,151,791,70,784,70,1,1177,1301,1095,707,812,155,4,731,1,26:19,1
2013-14,2547,Chris Bosh,Chris,1610612748,MIA,Miami Heat,0041300113,2014-04-26T00:00:00,MIA @ CHA,W,33.03333333333333,3,7,0.429,2,2,1.0,0,0,0.0,0,4,4,3,0,0,1,0,4,1,8,11,20.3,0,0,19.0,1,1,1,1,523,783,811,891,185,651,1,998,1036,998,924,457,643,363,1096,784,171,1,1541,915,858,248,771,155,4,773,1,33:02,1
2013-14,101150,Lou Williams,Lou,1610612737,ATL,Atlanta Hawks,0041300104,2014-04-26T00:00:00,ATL vs. IND,L,17.35,2,7,0.286,0,1,0.0,2,2,1.0,0,3,3,1,2,4,0,2,0,1,6,2,21.1,0,0,18.0,1,944,944,944,1195,987,811,1299,731,887,731,500,621,1,924,632,831,791,298,15,499,1748,1,915,1001,707,730,155,4,815,1,17:21,1
2013-14,202323,Evan Turner,Evan,1610612754,IND,Indiana Pacers,0041300104,2014-04-26T00:00:00,IND @ ATL,W,20.566666666666666,4,8,0.5,1,2,0.5,2,2,1.0,0,2,2,4,2,0,0,0,2,1,11,-2,17.4,0,0,18.0,1,1,1,1,1049,599,710,534,388,651,201,500,621,1,924,860,1057,237,298,784,499,1,801,915,669,1106,882,155,4,815,1,20:34,1
2013-14,201584,Courtney Lee,Courtney,1610612763,MEM,Memphis Grizzlies,0041300154,2014-04-26T00:00:00,MEM vs. OKC,L,29.561666666666667,3,10,0.3,2,5,0.4,1,2,0.5,1,3,4,1,1,1,0,3,4,1,9,-10,17.3,0,0,18.0,1,944,944,944,663,783,537,1286,185,226,430,783,621,751,449,632,643,791,618,305,499,1865,1541,915,777,1568,889,155,4,815,1,29:34,1
2013-14,201960,DeMarre Carroll,DeMarre,1610612737,ATL,Atlanta Hawks,0041300104,2014-04-26T00:00:00,ATL vs. IND,L,40.295,1,6,0.167,1,2,0.5,0,0,0.0,1,6,7,4,0,1,0,1,5,2,3,-8,20.4,0,0,17.0,1,944,944,944,180,1208,915,1471,388,651,201,998,1036,998,449,198,285,237,1096,305,499,1343,1747,610,1282,1487,765,155,4,852,1,40:18,1
2013-14,201596,Mario Chalmers,Mario,1610612748,MIA,Miami Heat,0041300113,2014-04-26T00:00:00,MIA @ CHA,W,26.683333333333334,3,7,0.429,1,2,0.5,1,2,0.5,0,4,4,4,0,0,0,0,3,1,8,14,18.8,0,0,17.0,1,1,1,1,796,783,811,891,388,651,201,783,621,751,924,457,643,237,1096,784,499,1,1177,915,858,163,830,155,4,852,1,26:41,1
2013-14,202708,Norris Cole,Norris,1610612748,MIA,Miami Heat,0041300113,2014-04-26T00:00:00,MIA @ CHA,W,29.133333333333333,3,7,0.429,2,3,0.667,0,0,0.0,1,2,3,2,0,0,1,1,1,0,8,4,17.6,0,0,17.0,1,1,1,1,683,783,811,891,185,477,112,998,1036,998,449,860,831,529,1096,784,171,1343,394,1301,858,576,872,155,4,852,1,29:08,1
2013-14,203118,Mike Scott,Mike,1610612737,ATL,Atlanta Hawks,0041300104,2014-04-26T00:00:00,ATL vs. IND,L,26.051666666666666,4,15,0.267,1,4,0.25,3,3,1.0,1,2,3,1,0,0,0,3,2,2,12,4,17.1,0,0,17.0,1,944,944,944,821,599,229,1344,388,336,614,345,538,1,449,860,831,791,1096,784,499,1865,801,610,601,576,896,155,4,852,1,26:03,1
2013-14,201228,C.J. Watson,C.J.,1610612754,IND,Indiana Pacers,0041300104,2014-04-26T00:00:00,IND @ ATL,W,17.843333333333334,3,8,0.375,0,2,0.0,0,0,0.0,1,2,3,3,0,2,0,0,1,1,6,-6,20.1,0,0,16.0,1,1,1,1,1174,783,710,1056,731,651,731,998,1036,998,449,860,831,363,1096,115,499,1,394,915,1001,1382,777,155,4,901,1,17:51,1
2013-14,1713,Vince Carter,Vince,1610612742,DAL,Dallas Mavericks,0041300143,2014-04-26T00:00:00,DAL vs. SAS,W,22.826666666666668,3,8,0.375,1,3,0.333,4,4,1.0,0,3,3,1,1,0,0,0,0,4,11,-6,15.1,0,0,16.0,1,1,1,1,955,783,710,1056,388,477,485,230,347,1,924,632,831,791,618,784,499,1,1,272,669,1382,984,155,4,901,1,22:50,1
2013-14,202714,Shelvin Mack,Shelvin,1610612737,ATL,Atlanta Hawks,0041300104,2014-04-26T00:00:00,ATL vs. IND,L,13.953333333333333,3,6,0.5,1,2,0.5,0,0,0.0,1,2,3,4,0,0,0,1,1,0,7,2,16.6,0,0,15.0,1,944,944,944,1338,783,915,534,388,651,201,998,1036,998,449,860,831,237,1096,784,499,1343,394,1301,944,707,915,155,4,947,1,13:57,1
2013-14,2564,Boris Diaw,Boris,1610612759,SAS,San Antonio Spurs,0041300143,2014-04-26T00:00:00,SAS @ DAL,L,23.046666666666667,3,5,0.6,1,2,0.5,0,0,0.0,0,2,2,3,1,1,0,1,4,0,7,1,15.9,0,0,15.0,1,944,944,944,947,783,1021,335,388,651,201,998,1036,998,924,860,1057,363,618,305,499,1343,1541,1301,944,796,943,155,4,947,1,23:03,1
2013-14,2034,Mike Miller,Mike,1610612763,MEM,Memphis Grizzlies,0041300154,2014-04-26T00:00:00,MEM vs. OKC,L,24.518333333333334,2,7,0.286,2,6,0.333,2,4,0.5,0,3,3,0,0,1,0,0,3,2,8,4,14.6,0,0,15.0,1,944,944,944,891,987,811,1299,185,128,485,500,347,751,924,632,831,1185,1096,305,499,1,1177,610,858,576,1009,155,4,947,1,24:31,1
2013-14,202390,Gary Neal,Gary,1610612766,CHA,Charlotte Bobcats,0041300113,2014-04-26T00:00:00,CHA vs. MIA,L,28.4,2,8,0.25,1,3,0.333,4,4,1.0,1,1,2,3,2,0,0,0,3,2,9,5,13.9,0,0,15.0,1,944,944,944,723,987,710,1349,388,477,485,230,347,1,449,1162,1057,363,298,784,499,1,1177,610,777,522,1038,155,4,947,1,28:24,1
2013-14,2757,Beno Udrih,Beno,1610612763,MEM,Memphis Grizzlies,0041300154,2014-04-26T00:00:00,MEM vs. OKC,L,19.006666666666668,2,6,0.333,2,3,0.667,0,0,0.0,1,1,2,2,3,1,0,0,1,2,6,9,11.4,0,0,14.0,1,944,944,944,1118,987,915,1129,185,477,112,998,1036,998,449,1162,1057,529,143,305,499,1,394,610,1001,334,1152,155,4,992,1,19:00,1
2013-14,2592,James Jones,James,1610612748,MIA,Miami Heat,0041300113,2014-04-26T00:00:00,MIA @ CHA,W,16.816666666666666,1,6,0.167,1,5,0.2,0,0,0.0,0,0,0,3,0,2,1,0,3,1,3,16,16.5,0,0,13.0,1,1,1,1,1217,1208,915,1471,388,226,669,998,1036,998,924,1520,1606,363,1096,115,171,1,1177,915,1282,119,924,155,4,1036,1,16:49,1
2013-14,2617,Udonis Haslem,Udonis,1610612748,MIA,Miami Heat,0041300113,2014-04-26T00:00:00,MIA @ CHA,W,14.166666666666666,2,5,0.4,0,0,0.0,0,0,0.0,2,2,4,1,0,1,1,1,5,1,4,-1,16.3,0,0,13.0,1,1,1,1,1331,987,1021,970,731,1136,731,998,1036,998,226,860,643,791,1096,305,171,1343,1747,915,1173,1010,933,155,4,1036,1,14:10,1
2013-14,201579,Roy Hibbert,Roy,1610612754,IND,Indiana Pacers,0041300104,2014-04-26T00:00:00,IND @ ATL,W,24.566666666666666,3,5,0.6,0,0,0.0,0,0,0.0,2,1,3,0,0,0,2,2,2,1,6,-2,15.6,0,0,13.0,1,1,1,1,889,783,1021,335,731,1136,731,998,1036,998,226,1162,831,1185,1096,784,70,1748,801,915,1001,1106,957,155,4,1036,1,24:34,1
2013-14,951,Ray Allen,Ray,1610612748,MIA,Miami Heat,0041300113,2014-04-26T00:00:00,MIA @ CHA,W,18.75,3,6,0.5,2,4,0.5,0,0,0.0,0,1,1,0,2,1,0,0,1,0,8,-7,10.2,0,0,13.0,1,1,1,1,1125,783,915,534,185,336,201,998,1036,998,924,1162,1328,1185,298,305,499,1,394,1301,858,1440,1218,155,4,1036,1,18:45,1
2013-14,2557,Luke Ridnour,Luke,1610612766,CHA,Charlotte Bobcats,0041300113,2014-04-26T00:00:00,CHA vs. MIA,L,18.083333333333332,1,5,0.2,1,3,0.333,0,0,0.0,0,2,2,6,1,0,0,0,1,0,3,11,13.4,0,0,12.0,1,944,944,944,1159,1208,1021,1438,388,477,485,998,1036,998,924,860,1057,102,618,784,499,1,394,1301,1282,248,1058,155,4,1085,1,18:05,1
2013-14,2734,Devin Harris,Devin,1610612742,DAL,Dallas Mavericks,0041300143,2014-04-26T00:00:00,DAL vs. SAS,W,19.29,1,5,0.2,1,4,0.25,0,0,0.0,0,2,2,4,2,1,0,0,1,1,3,-14,12.4,0,0,12.0,1,1,1,1,1104,1208,1021,1438,388,336,614,998,1036,998,924,860,1057,237,298,305,499,1,394,915,1282,1721,1110,155,4,1085,1,19:17,1
2013-14,2449,Luis Scola,Luis,1610612754,IND,Indiana Pacers,0041300104,2014-04-26T00:00:00,IND @ ATL,W,21.25,2,7,0.286,0,0,0.0,0,0,0.0,1,4,5,2,0,0,0,0,0,0,4,0,13.0,0,0,11.0,1,1,1,1,1025,987,811,1299,731,1136,731,998,1036,998,449,457,496,529,1096,784,499,1,1,1301,1173,882,1082,155,4,1128,1,21:15,1
2013-14,201988,Patty Mills,Patty,1610612759,SAS,San Antonio Spurs,0041300143,2014-04-26T00:00:00,SAS @ DAL,L,14.653333333333334,2,5,0.4,0,3,0.0,1,2,0.5,0,1,1,3,2,1,0,0,0,3,5,7,11.7,0,0,11.0,1,944,944,944,1311,987,1021,970,731,477,731,783,621,751,924,1162,1328,363,298,305,499,1,1,413,1095,430,1141,155,4,1128,1,14:39,1
2013-14,2406,Caron Butler,Caron,1610612760,OKC,Oklahoma City Thunder,0041300154,2014-04-26T00:00:00,OKC @ MEM,W,23.63,2,6,0.333,2,4,0.5,0,0,0.0,0,2,2,1,1,0,0,0,3,0,6,-7,8.9,0,0,11.0,1,1,1,1,927,987,915,1129,185,336,201,998,1036,998,924,860,1057,791,618,784,499,1,1177,1301,1001,1440,1296,155,4,1128,1,23:38,1
2013-14,203544,Pero Antic,Pero,1610612737,ATL,Atlanta Hawks,0041300104,2014-04-26T00:00:00,ATL vs. IND,L,25.1,1,6,0.167,0,3,0.0,0,0,0.0,2,0,2,2,2,1,1,1,4,1,2,2,11.4,0,0,10.0,1,944,944,944,864,1208,915,1471,731,477,731,998,1036,998,226,1520,1057,529,298,305,171,1343,1541,915,1377,707,1152,155,4,1187,1,25:06,1
2013-14,2570,Kendrick Perkins,Kendrick,1610612760,OKC,Oklahoma City Thunder,0041300154,2014-04-26T00:00:00,OKC @ MEM,W,25.065,1,4,0.25,0,0,0.0,2,2,1.0,4,2,6,0,0,0,0,0,4,2,4,3,11.2,0,0,10.0,1,1,1,1,867,1208,1145,1349,731,1136,731,500,621,1,62,860,388,1185,1096,784,499,1,1541,610,1173,639,1173,155,4,1187,1,25:04,1
2013-14,203077,Michael Kidd-Gilchrist,Michael,1610612766,CHA,Charlotte Bobcats,0041300113,2014-04-26T00:00:00,CHA vs. MIA,L,21.35,1,6,0.167,0,0,0.0,1,4,0.25,2,3,5,0,4,0,1,4,3,3,3,-12,8.0,0,0,10.0,1,944,944,944,1021,1208,915,1471,731,1136,731,783,347,984,226,632,496,1185,70,784,171,1899,1177,413,1282,1660,1341,155,4,1187,1,21:21,1
2013-14,203469,Cody Zeller,Cody,1610612766,CHA,Charlotte Bobcats,0041300113,2014-04-26T00:00:00,CHA vs. MIA,L,15.616666666666667,0,3,0.0,0,0,0.0,0,0,0.0,1,2,3,2,0,0,2,1,0,1,0,-2,12.6,0,0,9.0,1,944,944,944,1273,1505,1273,1505,731,1136,731,998,1036,998,449,860,831,529,1096,784,70,1343,1,915,1567,1106,1102,155,4,1237,1,15:37,1
2013-14,101133,Ian Mahinmi,Ian,1610612754,IND,Indiana Pacers,0041300104,2014-04-26T00:00:00,IND @ ATL,W,14.783333333333333,1,1,1.0,0,0,0.0,0,0,0.0,2,1,3,0,0,0,2,0,4,1,2,-5,11.6,0,0,9.0,1,1,1,1,1304,1208,1565,1,731,1136,731,998,1036,998,226,1162,831,1185,1096,784,70,1,1541,915,1377,1316,1145,155,4,1237,1,14:47,1
2013-14,201945,Gerald Henderson,Gerald,1610612766,CHA,Charlotte Bobcats,0041300113,2014-04-26T00:00:00,CHA vs. MIA,L,21.383333333333333,2,6,0.333,0,2,0.0,2,4,0.5,0,2,2,1,1,0,0,0,1,3,6,-21,8.9,0,0,9.0,1,944,944,944,1019,987,915,1129,731,651,731,500,347,751,924,860,1057,791,618,784,499,1,394,413,1001,1850,1296,155,4,1237,1,21:23,1
2013-14,201158,Marco Belinelli,Marco,1610612759,SAS,San Antonio Spurs,0041300143,2014-04-26T00:00:00,SAS @ DAL,L,14.683333333333334,3,3,1.0,1,1,1.0,0,0,0.0,0,1,1,0,0,0,0,0,3,0,7,6,8.2,0,0,9.0,1,944,944,944,1308,783,1273,1,388,887,1,998,1036,998,924,1162,1328,1185,1096,784,499,1,1177,1301,944,482,1331,155,4,1237,1,14:41,1
2013-14,202334,Ed Davis,Ed,1610612763,MEM,Memphis Grizzlies,0041300154,2014-04-26T00:00:00,MEM vs. OKC,L,5.216666666666667,1,2,0.5,0,0,0.0,0,0,0.0,1,3,4,0,0,1,0,0,0,0,2,-1,9.8,0,0,8.0,1,944,944,944,1653,1208,1415,534,731,1136,731,998,1036,998,449,632,643,1185,1096,305,499,1,1,1301,1377,1010,1242,155,4,1289,1,5:13,1
2013-14,201148,Brandan Wright,Brandan,1610612742,DAL,Dallas Mavericks,0041300143,2014-04-26T00:00:00,DAL vs. SAS,W,18.445,2,2,1.0,0,0,0.0,0,0,0.0,0,2,2,0,0,0,1,0,0,0,4,-4,9.4,0,0,8.0,1,1,1,1,1141,987,1415,1,731,1136,731,998,1036,998,924,860,1057,1185,1096,784,171,1,1,1301,1173,1256,1259,155,4,1289,1,18:27,1
2013-14,2555,Nick Collison,Nick,1610612760,OKC,Oklahoma City Thunder,0041300154,2014-04-26T00:00:00,OKC @ MEM,W,11.255,1,1,1.0,1,1,1.0,0,0,0.0,1,1,2,0,1,0,1,0,3,0,3,6,7.4,0,0,8.0,1,1,1,1,1452,1208,1565,1,388,887,1,998,1036,998,449,1162,1057,1185,618,784,171,1,1177,1301,1282,482,1364,155,4,1289,1,11:15,1
2013-14,201980,Danny Green,Danny,1610612759,SAS,San Antonio Spurs,0041300143,2014-04-26T00:00:00,SAS @ DAL,L,13.231666666666667,1,5,0.2,1,4,0.25,0,0,0.0,0,2,2,1,0,0,0,0,2,0,3,-3,6.9,0,0,7.0,1,944,944,944,1376,1208,1021,1438,388,336,614,998,1036,998,924,860,1057,791,1096,784,499,1,801,1301,1282,1183,1388,155,4,1343,1,13:14,1
2013-14,203109,Jae Crowder,Jae,1610612742,DAL,Dallas Mavericks,0041300143,2014-04-26T00:00:00,DAL vs. SAS,W,11.791666666666666,2,2,1.0,0,0,0.0,0,0,0.0,1,2,3,0,1,0,0,0,2,0,4,-3,6.6,0,0,7.0,1,1,1,1,1430,987,1415,1,731,1136,731,998,1036,998,449,860,831,1185,618,784,499,1,801,1301,1173,1183,1405,155,4,1343,1,11:48,1
2013-14,200757,Thabo Sefolosha,Thabo,1610612760,OKC,Oklahoma City Thunder,0041300154,2014-04-26T00:00:00,OKC @ MEM,W,14.87,1,4,0.25,1,3,0.333,0,0,0.0,1,2,3,0,1,0,0,0,0,0,3,1,5.6,0,0,7.0,1,1,1,1,1302,1208,1145,1349,388,477,485,998,1036,998,449,860,831,1185,618,784,499,1,1,1301,1282,796,1450,155,4,1343,1,14:52,1
2013-14,202687,Bismack Biyombo,Bismack,1610612766,CHA,Charlotte Bobcats,0041300113,2014-04-26T00:00:00,CHA vs. MIA,L,7.633333333333334,0,0,0.0,0,0,0.0,1,2,0.5,0,1,1,0,0,0,2,0,1,1,1,8,8.2,0,0,6.0,1,944,944,944,1563,1505,1728,1505,731,1136,731,783,621,751,924,1162,1328,1185,1096,784,70,1,394,915,1541,374,1331,155,4,1399,1,7:38,1
2013-14,1740,Rashard Lewis,Rashard,1610612748,MIA,Miami Heat,0041300113,2014-04-26T00:00:00,MIA @ CHA,W,5.533333333333333,0,1,0.0,0,0,0.0,0,0,0.0,0,3,3,0,0,0,1,0,1,0,0,1,6.6,0,0,5.0,1,1,1,1,1642,1505,1565,1505,731,1136,731,998,1036,998,924,632,831,1185,1096,784,171,1,394,1301,1567,796,1405,155,4,1446,1,5:32,1
2013-14,965,Derek Fisher,Derek,1610612760,OKC,Oklahoma City Thunder,0041300154,2014-04-26T00:00:00,OKC @ MEM,W,11.338333333333333,0,3,0.0,0,2,0.0,2,2,1.0,0,0,0,1,0,1,0,0,0,1,2,2,6.5,0,0,5.0,1,1,1,1,1450,1505,1273,1505,731,651,731,500,621,1,924,1520,1606,791,1096,305,499,1,1,915,1377,707,1410,155,4,1446,1,11:20,1
2013-14,1882,Elton Brand,Elton,1610612737,ATL,Atlanta Hawks,0041300104,2014-04-26T00:00:00,ATL vs. IND,L,7.533333333333333,0,1,0.0,0,0,0.0,0,0,0.0,0,1,1,1,0,0,0,0,0,0,0,-12,2.7,0,0,2.0,1,944,944,944,1567,1505,1565,1505,731,1136,731,998,1036,998,924,1162,1328,791,1096,784,499,1,1,1301,1567,1660,1620,155,4,1628,1,7:32,1
2013-14,2588,Matt Bonner,Matt,1610612759,SAS,San Antonio Spurs,0041300143,2014-04-26T00:00:00,SAS @ DAL,L,4.383333333333334,1,1,1.0,0,0,0.0,0,0,0.0,0,0,0,0,0,0,0,0,0,0,2,4,2.0,0,0,2.0,1,944,944,944,1688,1208,1565,1,731,1136,731,998,1036,998,924,1520,1606,1185,1096,784,499,1,1,1301,1377,576,1652,155,4,1628,1,4:23,1
2013-14,2419,Tayshaun Prince,Tayshaun,1610612763,MEM,Memphis Grizzlies,0041300154,2014-04-26T00:00:00,MEM vs. OKC,L,17.156666666666666,1,2,0.5,0,0,0.0,0,0,0.0,0,0,0,0,0,0,0,0,0,0,2,2,2.0,0,0,2.0,1,944,944,944,1205,1208,1415,534,731,1136,731,998,1036,998,924,1520,1606,1185,1096,784,499,1,1,1301,1377,707,1652,155,4,1628,1,17:09,1
2013-14,203500,Steven Adams,Steven,1610612760,OKC,Oklahoma City Thunder,0041300154,2014-04-26T00:00:00,OKC @ MEM,W,5.4,0,0,0.0,0,0,0.0,0,0,0.0,0,0,0,0,1,0,1,0,3,0,0,2,2.0,0,0,2.0,1,1,1,1,1647,1505,1728,1505,731,1136,731,998,1036,998,924,1520,1606,1185,618,784,171,1,1177,1301,1567,707,1652,155,4,1628,1,5:24,1
2013-14,2457,Jannero Pargo,Jannero,1610612766,CHA,Charlotte Bobcats,0041300113,2014-04-26T00:00:00,CHA vs. MIA,L,2.6666666666666665,0,0,0.0,0,0,0.0,0,0,0.0,0,1,1,1,1,0,0,0,0,0,0,2,1.7,0,0,2.0,1,944,944,944,1759,1505,1728,1505,731,1136,731,998,1036,998,924,1162,1328,791,618,784,499,1,1,1301,1567,707,1676,155,4,1628,1,2:40,1
2013-14,201591,DJ White,DJ,1610612766,CHA,Charlotte Bobcats,0041300113,2014-04-26T00:00:00,CHA vs. MIA,L,2.6333333333333333,0,0,0.0,0,0,0.0,0,0,0.0,0,2,2,0,1,0,0,0,0,0,0,2,1.4,0,0,2.0,1,944,944,944,1760,1505,1728,1505,731,1136,731,998,1036,998,924,860,1057,1185,618,784,499,1,1,1301,1567,707,1690,155,4,1628,1,2:38,1
2013-14,201971,DeJuan Blair,DeJuan,1610612742,DAL,Dallas Mavericks,0041300143,2014-04-26T00:00:00,DAL vs. SAS,W,3.066666666666667,1,1,1.0,0,0,0.0,0,0,0.0,0,0,0,0,2,0,0,0,2,0,2,-6,0.0,0,0,2.0,1,1,1,1,1748,1208,1565,1,731,1136,731,998,1036,998,924,1520,1606,1185,298,784,499,1,801,1301,1377,1382,1769,155,4,1628,1,3:04,1
2013-14,201585,Kosta Koufos,Kosta,1610612763,MEM,Memphis Grizzlies,0041300154,2014-04-26T00:00:00,MEM vs. OKC,L,2.6,0,1,0.0,0,0,0.0,0,0,0.0,1,0,1,0,0,0,0,0,0,0,0,0,1.2,0,0,1.0,1,944,944,944,1764,1505,1565,1505,731,1136,731,998,1036,998,449,1520,1328,1185,1096,784,499,1,1,1301,1567,882,1694,155,4,1690,1,2:36,1
2013-14,201229,Anthony Tolliver,Anthony,1610612766,CHA,Charlotte Bobcats,0041300113,2014-04-26T00:00:00,CHA vs. MIA,L,2.6166666666666667,0,0,0.0,0,0,0.0,0,0,0.0,0,1,1,0,0,0,0,0,0,0,0,-7,1.2,0,0,1.0,1,944,944,944,1762,1505,1728,1505,731,1136,731,998,1036,998,924,1162,1328,1185,1096,784,499,1,1,1301,1567,1440,1694,155,4,1690,1,2:37,1
2013-14,201858,Cartier Martin,Cartier,1610612737,ATL,Atlanta Hawks,0041300104,2014-04-26T00:00:00,ATL vs. IND,L,0.4533333333333333,0,1,0.0,0,0,0.0,0,0,0.0,0,0,0,0,0,0,0,0,0,0,0,-2,0.0,0,0,0.0,1,944,944,944,1873,1505,1565,1505,731,1136,731,998,1036,998,924,1520,1606,1185,1096,784,499,1,1,1301,1567,1106,1769,155,4,1775,1,0:27,1
2013-14,2203,Shane Battier,Shane,1610612748,MIA,Miami Heat,0041300113,2014-04-26T00:00:00,MIA @ CHA,W,2.066666666666667,0,0,0.0,0,0,0.0,0,0,0.0,0,0,0,0,0,0,0,0,0,0,0,-2,0.0,0,0,0.0,1,1,1,1,1800,1505,1728,1505,731,1136,731,998,1036,998,924,1520,1606,1185,1096,784,499,1,1,1301,1567,1106,1769,155,4,1775,1,2:04,1
2013-14,201962,Toney Douglas,Toney,1610612748,MIA,Miami Heat,0041300113,2014-04-26T00:00:00,MIA @ CHA,W,2.066666666666667,0,3,0.0,0,0,0.0,0,0,0.0,0,0,0,0,0,0,0,1,0,0,0,-2,0.0,0,0,0.0,1,1,1,1,1800,1505,1273,1505,731,1136,731,998,1036,998,924,1520,1606,1185,1096,784,499,1343,1,1301,1567,1106,1769,155,4,1775,1,2:04,1
2013-14,202709,Cory Joseph,Cory,1610612759,SAS,San Antonio Spurs,0041300143,2014-04-26T00:00:00,SAS @ DAL,L,0.028333333333333332,0,0,0.0,0,0,0.0,0,0,0.0,0,0,0,0,0,0,0,0,0,0,0,-3,0.0,0,0,0.0,1,944,944,944,1900,1505,1728,1505,731,1136,731,998,1036,998,924,1520,1606,1185,1096,784,499,1,1,1301,1567,1183,1769,155,4,1775,1,0:02,1
2013-14,201949,James Johnson,James,1610612763,MEM,Memphis Grizzlies,0041300154,2014-04-26T00:00:00,MEM vs. OKC,L,3.716666666666667,0,1,0.0,0,0,0.0,0,0,0.0,0,0,0,0,0,0,0,0,2,0,0,-3,0.0,0,0,0.0,1,944,944,944,1710,1505,1565,1505,731,1136,731,998,1036,998,924,1520,1606,1185,1096,784,499,1,801,1301,1567,1183,1769,155,4,1775,1,3:43,1
2013-14,201935,James Harden,James,1610612745,HOU,Houston Rockets,0041300173,2014-04-25T00:00:00,HOU @ POR,W,49.63333333333333,13,35,0.371,3,11,0.273,8,9,0.889,1,8,9,6,1,2,0,3,3,8,37,11,61.8,0,0,59.0,1,1,1,1,4,10,1,1085,75,6,611,53,67,414,449,93,151,102,618,115,499,1865,1177,40,9,248,15,155,4,12,1,49:38,1
2013-14,2399,Mike Dunleavy,Mike,1610612741,CHI,Chicago Bulls,0041300133,2014-04-25T00:00:00,CHI @ WAS,W,39.54,12,19,0.632,8,10,0.8,3,4,0.75,2,3,5,3,3,0,0,1,1,3,35,7,42.5,0,0,51.0,1,1,1,1,213,21,101,302,1,10,83,345,347,542,226,632,496,363,143,784,499,1343,394,413,15,430,146,155,4,44,1,39:32,1
2013-14,201587,Nicolas Batum,Nicolas,1610612757,POR,Portland Trail Blazers,0041300173,2014-04-25T00:00:00,POR vs. HOU,L,48.92666666666667,9,20,0.45,4,9,0.444,4,4,1.0,3,6,9,5,2,3,0,1,2,2,26,4,51.3,0,0,50.0,1,944,944,944,7,101,80,847,31,23,407,230,347,1,114,198,151,151,298,43,499,1343,801,610,93,576,64,155,4,49,1,48:56,1
2013-14,203081,Damian Lillard,Damian,1610612757,POR,Portland Trail Blazers,0041300173,2014-04-25T00:00:00,POR vs. HOU,L,47.48833333333334,9,16,0.563,4,8,0.5,8,9,0.889,0,6,6,6,2,1,0,2,4,6,30,1,47.2,0,0,48.0,1,944,944,944,12,101,187,450,31,36,201,53,67,414,924,198,388,102,298,305,499,1748,1541,102,45,796,95,155,4,63,1,47:29,1
2013-14,201942,DeMar DeRozan,DeMar,1610612761,TOR,Toronto Raptors,0041300123,2014-04-25T00:00:00,TOR @ BKN,L,39.36666666666667,8,22,0.364,1,4,0.25,13,15,0.867,1,4,5,5,3,2,0,0,3,9,30,1,46.5,0,0,45.0,1,944,944,944,218,152,44,1094,388,336,614,9,10,438,449,457,496,151,143,115,499,1,1177,23,45,796,103,155,4,94,1,39:22,1
2013-14,2730,Dwight Howard,Dwight,1610612745,HOU,Houston Rockets,0041300173,2014-04-25T00:00:00,HOU @ POR,W,45.355,10,16,0.625,0,0,0.0,4,6,0.667,6,8,14,2,4,0,2,1,4,10,24,1,45.8,1,0,44.0,1,1,1,1,28,58,187,303,731,1136,731,230,180,646,14,93,24,529,70,784,70,1343,1541,9,130,796,113,1,4,102,1,45:21,1
2013-14,200746,LaMarcus Aldridge,LaMarcus,1610612757,POR,Portland Trail Blazers,0041300173,2014-04-25T00:00:00,POR vs. HOU,L,43.165,8,22,0.364,0,1,0.0,7,7,1.0,1,9,10,3,0,0,3,0,4,10,23,-10,48.5,1,0,42.0,1,944,944,944,81,152,44,1094,731,887,731,82,133,1,449,47,102,363,1096,784,29,1,1541,9,148,1568,79,1,4,118,1,43:10,1
2013-14,202322,John Wall,John,1610612764,WAS,Washington Wizards,0041300133,2014-04-25T00:00:00,WAS vs. CHI,L,37.483333333333334,7,14,0.5,1,2,0.5,8,12,0.667,0,2,2,7,1,4,0,0,1,9,23,6,46.9,0,0,41.0,1,944,944,944,313,226,271,534,388,651,201,53,20,646,924,860,1057,64,618,15,499,1,394,23,148,482,98,155,4,129,1,37:29,1
2013-14,101114,Deron Williams,Deron,1610612751,BKN,Brooklyn Nets,0041300123,2014-04-25T00:00:00,BKN vs. TOR,W,36.29833333333333,7,14,0.5,2,5,0.4,6,9,0.667,0,2,2,8,2,2,1,1,4,7,22,4,43.4,0,0,40.0,1,1,1,1,366,226,271,534,185,226,430,117,67,646,924,860,1057,42,298,115,171,1343,1541,64,166,576,138,155,4,143,1,36:18,1
2013-14,203078,Bradley Beal,Bradley,1610612764,WAS,Washington Wizards,0041300133,2014-04-25T00:00:00,WAS vs. CHI,L,39.151666666666664,8,18,0.444,3,6,0.5,6,7,0.857,1,3,4,5,0,0,1,0,4,4,25,-4,40.3,0,0,39.0,1,944,944,944,230,152,125,849,75,128,201,117,133,439,449,632,643,151,1096,784,171,1,1541,272,107,1256,179,155,4,163,1,39:09,1
2013-14,2772,Trevor Ariza,Trevor,1610612764,WAS,Washington Wizards,0041300133,2014-04-25T00:00:00,WAS vs. CHI,L,39.53333333333333,7,16,0.438,2,6,0.333,0,0,0.0,2,9,11,1,2,2,1,0,3,0,16,11,37.7,1,0,36.0,1,944,944,944,214,226,187,878,185,128,485,998,1036,998,226,47,76,791,298,115,171,1,1177,1301,361,248,226,1,4,221,1,39:32,1
2013-14,101162,Marcin Gortat,Marcin,1610612764,WAS,Washington Wizards,0041300133,2014-04-25T00:00:00,WAS vs. CHI,L,37.88333333333333,6,12,0.5,0,0,0.0,1,2,0.5,4,7,11,2,2,1,3,1,2,5,13,7,39.2,1,0,34.0,1,944,944,944,295,330,391,534,731,1136,731,783,621,751,62,144,76,529,298,305,29,1343,801,175,552,430,202,1,4,258,1,37:53,1
2013-14,2207,Joe Johnson,Joe,1610612751,BKN,Brooklyn Nets,0041300123,2014-04-25T00:00:00,BKN vs. TOR,W,39.56666666666667,11,17,0.647,3,4,0.75,4,4,1.0,0,0,0,2,2,0,0,0,3,3,29,0,30.0,0,0,34.0,1,1,1,1,211,36,162,285,75,336,93,230,347,1,924,1520,1606,529,298,784,499,1,1177,413,55,882,423,155,4,258,1,39:34,1
2013-14,201976,Patrick Beverley,Patrick,1610612745,HOU,Houston Rockets,0041300173,2014-04-25T00:00:00,HOU @ POR,W,41.556666666666665,6,15,0.4,4,6,0.667,0,0,0.0,4,5,9,1,0,1,0,1,3,0,16,9,31.3,0,0,32.0,1,1,1,1,132,330,229,970,31,128,112,998,1036,998,62,320,151,791,1096,305,499,1343,1177,1301,361,334,389,155,4,311,1,41:33,1
2013-14,201571,D.J. Augustin,D.J.,1610612741,CHI,Chicago Bulls,0041300133,2014-04-25T00:00:00,CHI @ WAS,W,23.846666666666668,4,15,0.267,2,6,0.333,3,4,0.75,1,1,2,7,3,2,0,3,1,3,13,3,28.9,0,0,28.0,1,1,1,1,920,599,229,1344,185,128,485,345,347,542,449,1162,1057,64,143,115,499,1865,394,413,552,639,464,155,4,434,1,23:51,1
2013-14,201577,Robin Lopez,Robin,1610612757,POR,Portland Trail Blazers,0041300173,2014-04-25T00:00:00,POR vs. HOU,L,26.001666666666665,5,10,0.5,0,0,0.0,1,3,0.333,6,2,8,0,0,1,3,0,2,3,11,-8,32.6,0,0,27.0,1,944,944,944,824,458,537,534,731,1136,731,783,538,970,14,860,213,1185,1096,305,29,1,801,413,669,1487,359,155,4,468,1,26:00,1
2013-14,1718,Paul Pierce,Paul,1610612751,BKN,Brooklyn Nets,0041300123,2014-04-25T00:00:00,BKN vs. TOR,W,33.56666666666667,5,9,0.556,1,3,0.333,7,7,1.0,0,5,5,2,1,0,0,0,3,7,18,3,26.0,0,0,26.0,1,1,1,1,497,458,622,455,388,477,485,82,133,1,924,320,496,529,618,784,499,1,1177,64,279,639,566,155,4,506,1,33:34,1
2013-14,2590,Mo Williams,Mo,1610612757,POR,Portland Trail Blazers,0041300173,2014-04-25T00:00:00,POR vs. HOU,L,35.69166666666667,6,10,0.6,1,2,0.5,4,5,0.8,0,4,4,4,2,0,0,0,3,4,17,4,25.8,0,0,26.0,1,944,944,944,403,330,537,335,388,651,201,230,281,498,924,457,643,237,298,784,499,1,1177,272,314,576,579,155,4,506,1,35:42,1
2013-14,202710,Jimmy Butler III,Jimmy,1610612741,CHI,Chicago Bulls,0041300133,2014-04-25T00:00:00,CHI @ WAS,W,40.53333333333333,3,7,0.429,2,5,0.4,7,8,0.875,0,5,5,2,2,1,0,0,2,4,15,5,25.0,0,0,26.0,1,1,1,1,173,783,811,891,185,226,430,82,91,422,924,320,496,529,298,305,499,1,801,272,427,522,607,155,4,506,1,40:32,1
2013-14,202335,Patrick Patterson,Patrick,1610612761,TOR,Toronto Raptors,0041300123,2014-04-25T00:00:00,TOR @ BKN,L,28.665,6,7,0.857,3,4,0.75,2,4,0.5,1,4,5,1,1,0,0,0,3,4,17,7,23.5,0,0,26.0,1,944,944,944,709,330,811,106,75,336,93,500,347,751,449,457,496,791,618,784,499,1,1177,272,314,430,657,155,4,506,1,28:40,1
2013-14,202685,Jonas Valančiūnas,Jonas,1610612761,TOR,Toronto Raptors,0041300123,2014-04-25T00:00:00,TOR @ BKN,L,29.585,4,4,1.0,0,0,0.0,2,4,0.5,2,8,10,0,2,0,2,0,5,4,10,0,26.0,1,0,24.0,1,944,944,944,658,599,1145,1,731,1136,731,500,347,751,226,93,102,1185,298,784,70,1,1747,272,720,882,566,1,4,582,1,29:35,1
2013-14,201959,Taj Gibson,Taj,1610612741,CHI,Chicago Bulls,0041300133,2014-04-25T00:00:00,CHI @ WAS,W,30.578333333333333,5,8,0.625,0,0,0.0,3,6,0.5,3,1,4,1,1,1,2,0,4,6,13,2,27.3,0,0,24.0,1,1,1,1,622,458,710,303,731,1136,731,345,180,751,114,1162,643,791,618,305,70,1,1541,102,552,707,521,155,4,582,1,30:35,1
2013-14,202718,Chandler Parsons,Chandler,1610612745,HOU,Houston Rockets,0041300173,2014-04-25T00:00:00,HOU @ POR,W,34.36666666666667,5,12,0.417,1,4,0.25,4,4,1.0,1,3,4,2,0,0,1,1,6,2,15,-8,25.8,0,0,24.0,1,1,1,1,463,458,391,949,388,336,614,230,347,1,449,632,643,529,1096,784,171,1343,1865,610,427,1487,579,155,4,582,1,34:22,1
2013-14,202391,Jeremy Lin,Jeremy,1610612745,HOU,Houston Rockets,0041300173,2014-04-25T00:00:00,HOU @ POR,W,33.4,5,11,0.455,1,4,0.25,2,2,1.0,1,3,4,6,1,0,0,1,3,3,13,-10,25.8,0,0,24.0,1,1,1,1,508,458,459,821,388,336,614,500,621,1,449,632,643,102,618,784,499,1343,1177,413,552,1568,579,155,4,582,1,33:24,1
2013-14,201149,Joakim Noah,Joakim,1610612741,CHI,Chicago Bulls,0041300133,2014-04-25T00:00:00,CHI @ WAS,W,41.36,2,4,0.5,0,0,0.0,2,6,0.333,1,8,9,4,4,2,0,1,6,4,6,-1,24.8,0,0,23.0,1,1,1,1,138,987,1145,534,731,1136,731,500,180,970,449,93,151,237,70,115,499,1343,1865,272,1001,1010,614,155,4,619,1,41:22,1
2013-14,2430,Carlos Boozer,Carlos,1610612741,CHI,Chicago Bulls,0041300133,2014-04-25T00:00:00,CHI @ WAS,W,23.891666666666666,6,12,0.5,0,0,0.0,2,2,1.0,0,5,5,2,2,1,0,0,3,2,14,8,24.0,0,0,23.0,1,1,1,1,918,330,391,534,731,1136,731,500,621,1,924,320,496,529,298,305,499,1,1177,610,495,374,644,155,4,619,1,23:54,1
2013-14,200768,Kyle Lowry,Kyle,1610612761,TOR,Toronto Raptors,0041300123,2014-04-25T00:00:00,TOR @ BKN,L,37.72833333333333,4,9,0.444,1,6,0.167,6,6,1.0,0,2,2,4,3,0,0,0,6,9,15,3,20.4,0,0,22.0,1,944,944,944,301,599,622,849,388,128,702,117,180,1,924,860,1057,237,143,784,499,1,1865,23,427,639,765,155,4,657,1,37:44,1
2013-14,2403,Nene,ene,1610612764,WAS,Washington Wizards,0041300133,2014-04-25T00:00:00,WAS vs. CHI,L,28.9,5,15,0.333,0,0,0.0,0,0,0.0,2,2,4,3,5,2,0,1,3,2,10,-10,20.3,0,0,21.0,1,944,944,944,700,458,229,1129,731,1136,731,998,1036,998,226,860,643,363,29,115,499,1343,1177,610,720,1568,771,155,4,693,1,28:54,1
2013-14,202349,Greivis Vasquez,Greivis,1610612761,TOR,Toronto Raptors,0041300123,2014-04-25T00:00:00,TOR @ BKN,L,25.666666666666668,2,6,0.333,1,3,0.333,2,2,1.0,0,2,2,6,3,1,1,1,3,1,7,10,21.4,0,0,20.0,1,944,944,944,837,987,915,1129,388,477,485,500,621,1,924,860,1057,102,143,305,171,1343,1177,915,944,294,718,155,4,731,1,25:40,1
2013-14,101154,Andray Blatche,Andray,1610612751,BKN,Brooklyn Nets,0041300123,2014-04-25T00:00:00,BKN vs. TOR,W,18.038333333333334,2,3,0.667,0,0,0.0,8,8,1.0,1,3,4,1,0,1,0,0,3,7,12,11,21.3,0,0,19.0,1,1,1,1,1163,987,1273,209,731,1136,731,53,91,1,449,632,643,791,1096,305,499,1,1177,64,601,248,724,155,4,773,1,18:02,1
2013-14,201600,Omer Asik,Omer,1610612745,HOU,Houston Rockets,0041300173,2014-04-25T00:00:00,HOU @ POR,W,27.38,3,7,0.429,0,0,0.0,1,1,1.0,5,3,8,2,2,0,1,0,4,1,7,14,20.6,0,0,19.0,1,1,1,1,771,783,811,891,731,1136,731,783,968,1,30,632,213,529,298,784,171,1,1541,915,944,163,755,155,4,773,1,27:23,1
2013-14,203584,Troy Daniels,Troy,1610612745,HOU,Houston Rockets,0041300173,2014-04-25T00:00:00,HOU @ POR,W,20.025,3,6,0.5,3,6,0.5,0,0,0.0,2,1,3,0,0,1,0,1,3,0,9,0,15.6,0,0,17.0,1,1,1,1,1072,783,915,534,75,128,201,998,1036,998,226,1162,831,1185,1096,305,499,1343,1177,1301,777,882,957,155,4,852,1,20:02,1
2013-14,2550,Kirk Hinrich,Kirk,1610612741,CHI,Chicago Bulls,0041300133,2014-04-25T00:00:00,CHI @ WAS,W,31.0,2,4,0.5,0,1,0.0,0,0,0.0,0,5,5,5,1,1,0,1,5,0,4,-4,19.5,0,0,16.0,1,1,1,1,604,987,1145,534,731,887,731,998,1036,998,924,320,496,151,618,305,499,1343,1747,1301,1173,1256,803,155,4,901,1,31:00,1
2013-14,2748,Dorell Wright,Dorell,1610612757,POR,Portland Trail Blazers,0041300173,2014-04-25T00:00:00,POR vs. HOU,L,18.248333333333335,1,4,0.25,0,2,0.0,0,0,0.0,1,5,6,1,2,0,3,0,2,0,2,4,17.7,0,0,15.0,1,944,944,944,1149,1208,1145,1349,731,651,731,998,1036,998,449,320,388,791,298,784,29,1,801,1301,1377,576,871,155,4,947,1,18:15,1
2013-14,2733,Shaun Livingston,Shaun,1610612751,BKN,Brooklyn Nets,0041300123,2014-04-25T00:00:00,BKN vs. TOR,W,29.288333333333334,1,3,0.333,0,0,0.0,1,2,0.5,0,6,6,4,2,1,0,0,5,2,3,-5,17.2,0,0,15.0,1,1,1,1,675,1208,1273,1129,731,1136,731,783,621,751,924,198,388,237,298,305,499,1,1747,610,1282,1316,891,155,4,947,1,29:17,1
2013-14,101161,Amir Johnson,Amir,1610612761,TOR,Toronto Raptors,0041300123,2014-04-25T00:00:00,TOR @ BKN,L,28.531666666666666,3,6,0.5,0,2,0.0,1,2,0.5,2,2,4,1,0,0,0,0,4,2,7,-15,13.3,0,0,12.0,1,944,944,944,715,783,915,534,731,651,731,783,621,751,226,860,643,791,1096,784,499,1,1541,610,944,1743,1064,155,4,1085,1,28:32,1
2013-14,101110,Martell Webster,Martell,1610612764,WAS,Washington Wizards,0041300133,2014-04-25T00:00:00,WAS vs. CHI,L,17.515,2,5,0.4,2,5,0.4,0,0,0.0,0,4,4,0,0,0,0,0,0,0,6,-10,10.8,0,0,12.0,1,944,944,944,1188,987,1021,970,185,226,430,998,1036,998,924,457,643,1185,1096,784,499,1,1,1301,1001,1568,1196,155,4,1085,1,17:31,1
2013-14,708,Kevin Garnett,Kevin,1610612751,BKN,Brooklyn Nets,0041300123,2014-04-25T00:00:00,BKN vs. TOR,W,16.111666666666668,1,3,0.333,0,1,0.0,0,0,0.0,0,4,4,3,2,1,0,0,6,0,2,2,12.3,0,0,11.0,1,1,1,1,1243,1208,1273,1129,731,887,731,998,1036,998,924,457,643,363,298,305,499,1,1865,1301,1377,707,1117,155,4,1128,1,16:07,1
2013-14,203141,Mirza Teletovic,Mirza,1610612751,BKN,Brooklyn Nets,0041300123,2014-04-25T00:00:00,BKN vs. TOR,W,14.433333333333334,2,7,0.286,1,5,0.2,0,0,0.0,1,1,2,0,0,1,0,1,1,0,5,1,10.4,0,0,10.0,1,1,1,1,1320,987,811,1299,388,226,669,998,1036,998,449,1162,1057,1185,1096,305,499,1343,394,1301,1095,796,1206,155,4,1187,1,14:26,1
2013-14,202083,Wesley Matthews,Wesley,1610612757,POR,Portland Trail Blazers,0041300173,2014-04-25T00:00:00,POR vs. HOU,L,37.443333333333335,2,7,0.286,1,5,0.2,0,0,0.0,1,1,2,1,2,0,0,1,6,1,5,-15,6.9,0,0,9.0,1,944,944,944,315,987,811,1299,388,226,669,998,1036,998,449,1162,1057,791,298,784,499,1343,1865,915,1095,1743,1388,155,4,1237,1,37:27,1
2013-14,202344,Trevor Booker,Trevor,1610612764,WAS,Washington Wizards,0041300133,2014-04-25T00:00:00,WAS vs. CHI,L,23.23,1,3,0.333,0,0,0.0,0,0,0.0,3,0,3,1,0,0,1,0,5,1,2,-7,10.1,0,0,8.0,1,944,944,944,941,1208,1273,1129,731,1136,731,998,1036,998,114,1520,831,791,1096,784,171,1,1747,915,1377,1440,1231,155,4,1289,1,23:14,1
2013-14,203486,Mason Plumlee,Mason,1610612751,BKN,Brooklyn Nets,0041300123,2014-04-25T00:00:00,BKN vs. TOR,W,13.85,2,4,0.5,0,0,0.0,0,2,0.0,1,1,2,0,1,0,1,0,4,2,4,-9,8.4,0,0,8.0,1,1,1,1,1346,987,1145,534,731,1136,731,998,621,998,449,1162,1057,1185,618,784,171,1,1541,610,1173,1528,1321,155,4,1289,1,13:51,1
2013-14,203082,Terrence Ross,Terrence,1610612761,TOR,Toronto Raptors,0041300123,2014-04-25T00:00:00,TOR @ BKN,L,21.601666666666667,1,4,0.25,1,2,0.5,2,2,1.0,0,2,2,0,3,0,0,0,2,2,5,-15,4.4,0,0,8.0,1,944,944,944,1008,1208,1145,1349,388,651,201,500,621,1,924,860,1057,1185,143,784,499,1,801,610,1095,1743,1510,155,4,1289,1,21:36,1
2013-14,202361,Landry Fields,Landry,1610612761,TOR,Toronto Raptors,0041300123,2014-04-25T00:00:00,TOR @ BKN,L,7.7316666666666665,0,2,0.0,0,0,0.0,0,0,0.0,1,2,3,0,0,2,0,0,0,0,0,-4,9.6,0,0,7.0,1,944,944,944,1561,1505,1415,1505,731,1136,731,998,1036,998,449,860,831,1185,1096,115,499,1,1,1301,1567,1256,1249,155,4,1343,1,7:44,1
2013-14,201977,Marcus Thornton,Marcus,1610612751,BKN,Brooklyn Nets,0041300123,2014-04-25T00:00:00,BKN vs. TOR,W,6.833333333333333,2,6,0.333,0,2,0.0,2,3,0.667,0,0,0,0,0,0,0,0,0,2,6,4,6.0,0,0,6.0,1,1,1,1,1592,987,915,1129,731,651,731,500,538,646,924,1520,1606,1185,1096,784,499,1,1,610,1001,576,1430,155,4,1399,1,6:50,1
2013-14,1905,Andrei Kirilenko,Andrei,1610612751,BKN,Brooklyn Nets,0041300123,2014-04-25T00:00:00,BKN vs. TOR,W,17.066666666666666,0,1,0.0,0,0,0.0,0,0,0.0,0,2,2,1,0,1,0,1,1,0,0,13,6.9,0,0,5.0,1,1,1,1,1211,1505,1565,1505,731,1136,731,998,1036,998,924,860,1057,791,1096,305,499,1343,394,1301,1567,188,1388,155,4,1446,1,17:04,1
2013-14,200777,Joel Freeland,Joel,1610612757,POR,Portland Trail Blazers,0041300173,2014-04-25T00:00:00,POR vs. HOU,L,3.5683333333333334,0,0,0.0,0,0,0.0,0,0,0.0,1,1,2,1,0,0,1,0,0,1,0,3,6.9,0,0,5.0,1,944,944,944,1717,1505,1728,1505,731,1136,731,998,1036,998,449,1162,1057,791,1096,784,171,1,1,915,1567,639,1388,155,4,1446,1,3:34,1
2013-14,2422,John Salmons,John,1610612761,TOR,Toronto Raptors,0041300123,2014-04-25T00:00:00,TOR @ BKN,L,11.905,2,4,0.5,0,1,0.0,0,0,0.0,0,0,0,1,0,0,0,0,2,0,4,-7,5.5,0,0,5.0,1,944,944,944,1425,987,1145,534,731,887,731,998,1036,998,924,1520,1606,791,1096,784,499,1,801,1301,1173,1440,1459,155,4,1446,1,11:54,1
2013-14,201946,Tyler Hansbrough,Tyler,1610612761,TOR,Toronto Raptors,0041300123,2014-04-25T00:00:00,TOR @ BKN,L,8.95,1,3,0.333,0,0,0.0,1,2,0.5,1,1,2,0,2,0,0,1,3,1,3,0,3.4,0,0,5.0,1,944,944,944,1525,1208,1273,1129,731,1136,731,783,621,751,449,1162,1057,1185,298,784,499,1343,1177,915,1282,882,1569,155,4,1446,1,8:57,1
2013-14,1889,Andre Miller,Andre,1610612764,WAS,Washington Wizards,0041300133,2014-04-25T00:00:00,WAS vs. CHI,L,10.628333333333334,1,3,0.333,0,0,0.0,0,0,0.0,0,1,1,1,1,0,0,0,0,1,2,-8,3.7,0,0,4.0,1,944,944,944,1475,1208,1273,1129,731,1136,731,998,1036,998,924,1162,1328,791,618,784,499,1,1,915,1377,1487,1558,155,4,1505,1,10:38,1
2013-14,203093,Terrence Jones,Terrence,1610612745,HOU,Houston Rockets,0041300173,2014-04-25T00:00:00,HOU @ POR,W,13.283333333333333,0,3,0.0,0,0,0.0,0,0,0.0,2,0,2,1,0,0,0,2,2,0,0,8,3.9,0,0,3.0,1,1,1,1,1370,1505,1273,1505,731,1136,731,998,1036,998,226,1520,1057,791,1096,784,499,1748,801,1301,1567,374,1551,155,4,1573,1,13:17,1
2013-14,101187,Alan Anderson,Alan,1610612751,BKN,Brooklyn Nets,0041300123,2014-04-25T00:00:00,BKN vs. TOR,W,14.946666666666667,0,0,0.0,0,0,0.0,1,2,0.5,0,2,2,0,1,0,0,0,2,1,1,-4,2.4,0,0,3.0,1,1,1,1,1300,1505,1728,1505,731,1136,731,783,621,751,924,860,1057,1185,618,784,499,1,801,915,1541,1256,1632,155,4,1573,1,14:57,1
2013-14,203080,Thomas Robinson,Thomas,1610612757,POR,Portland Trail Blazers,0041300173,2014-04-25T00:00:00,POR vs. HOU,L,4.466666666666667,1,1,1.0,0,0,0.0,0,0,0.0,0,0,0,0,0,0,0,0,1,1,2,-8,2.0,0,0,2.0,1,944,944,944,1683,1208,1565,1,731,1136,731,998,1036,998,924,1520,1606,1185,1096,784,499,1,394,915,1377,1487,1652,155,4,1628,1,4:28,1
2013-14,2400,Drew Gooden,Drew,1610612764,WAS,Washington Wizards,0041300133,2014-04-25T00:00:00,WAS vs. CHI,L,5.408333333333333,0,0,0.0,0,0,0.0,0,0,0.0,1,0,1,0,0,0,0,0,1,1,0,4,1.2,0,0,1.0,1,944,944,944,1646,1505,1728,1505,731,1136,731,998,1036,998,449,1520,1328,1185,1096,784,499,1,394,915,1567,576,1694,155,4,1690,1,5:25,1
2013-14,203503,Tony Snell,Tony,1610612741,CHI,Chicago Bulls,0041300133,2014-04-25T00:00:00,CHI @ WAS,W,9.25,0,2,0.0,0,2,0.0,0,0,0.0,0,1,1,0,0,0,0,0,1,0,0,-5,1.2,0,0,1.0,1,1,1,1,1514,1505,1415,1505,731,651,731,998,1036,998,924,1162,1328,1185,1096,784,499,1,394,1301,1567,1316,1694,155,4,1690,1,9:15,1
2013-14,200779,Steve Novak,Steve,1610612761,TOR,Toronto Raptors,0041300123,2014-04-25T00:00:00,TOR @ BKN,L,0.2683333333333333,0,0,0.0,0,0,0.0,0,0,0.0,0,0,0,0,0,0,0,0,0,0,0,0,0.0,0,0,0.0,1,944,944,944,1879,1505,1728,1505,731,1136,731,998,1036,998,924,1520,1606,1185,1096,784,499,1,1,1301,1567,882,1769,155,4,1775,1,0:16,1
2013-14,1733,Al Harrington,Al,1610612764,WAS,Washington Wizards,0041300133,2014-04-25T00:00:00,WAS vs. CHI,L,0.135,0,0,0.0,0,0,0.0,0,0,0.0,0,0,0,0,0,0,0,0,0,0,0,0,0.0,0,0,0.0,1,944,944,944,1888,1505,1728,1505,731,1136,731,998,1036,998,924,1520,1606,1185,1096,784,499,1,1,1301,1567,882,1769,155,4,1775,1,0:08,1
2013-14,202066,Garrett Temple,Garrett,1610612764,WAS,Washington Wizards,0041300133,2014-04-25T00:00:00,WAS vs. CHI,L,0.13166666666666665,0,0,0.0,0,0,0.0,0,0,0.0,0,0,0,0,0,0,0,0,3,0,0,-4,0.0,0,0,0.0,1,944,944,944,1890,1505,1728,1505,731,1136,731,998,1036,998,924,1520,1606,1185,1096,784,499,1,1177,1301,1567,1256,1769,155,4,1775,1,0:08,1
2013-14,201142,Kevin Durant,Kevin,1610612760,OKC,Oklahoma City Thunder,0041300153,2014-04-24T00:00:00,OKC @ MEM,L,49.43333333333333,10,27,0.37,0,8,0.0,10,13,0.769,3,6,9,3,5,2,5,0,1,9,30,-1,61.3,0,0,56.0,1,944,944,944,5,58,9,1086,731,36,731,18,15,539,114,198,151,363,29,115,2,1,394,23,45,1010,16,155,4,20,1,49:26,1
2013-14,201566,Russell Westbrook,Russell,1610612760,OKC,Oklahoma City Thunder,0041300153,2014-04-24T00:00:00,OKC @ MEM,L,39.06666666666667,9,26,0.346,4,13,0.308,8,12,0.667,4,9,13,2,4,1,0,0,4,6,30,-1,47.6,1,0,51.0,1,944,944,944,239,101,10,1128,31,4,595,53,20,646,62,47,41,529,70,305,499,1,1541,102,45,1010,88,1,4,44,1,39:04,1
2013-14,201933,Blake Griffin,Blake,1610612746,LAC,Los Angeles Clippers,0041300163,2014-04-24T00:00:00,LAC @ GSW,W,43.733333333333334,15,25,0.6,0,1,0.0,2,9,0.222,4,4,8,3,3,2,1,1,2,6,32,1,52.1,0,0,49.0,1,1,1,1,60,4,13,335,731,887,731,500,67,993,62,457,213,363,143,115,171,1343,801,102,27,796,58,155,4,56,1,43:44,1
2013-14,201599,DeAndre Jordan,DeAndre,1610612746,LAC,Los Angeles Clippers,0041300163,2014-04-24T00:00:00,LAC @ GSW,W,35.455,5,8,0.625,0,0,0.0,4,9,0.444,7,15,22,2,2,0,5,0,3,5,14,1,56.4,1,0,48.0,1,1,1,1,416,458,710,303,731,1136,731,230,67,960,7,4,1,529,298,784,2,1,1177,175,495,796,31,1,4,63,1,35:27,1
2013-14,202362,Lance Stephenson,Lance,1610612754,IND,Indiana Pacers,0041300103,2014-04-24T00:00:00,IND @ ATL,L,41.233333333333334,8,16,0.5,2,6,0.333,3,6,0.5,2,11,13,4,2,3,0,0,4,4,21,-7,49.6,1,0,46.0,1,944,944,944,145,152,187,534,185,128,485,345,180,751,226,19,41,237,298,43,499,1,1541,272,196,1440,73,1,4,83,1,41:14,1
2013-14,203110,Draymond Green,Draymond,1610612744,GSW,Golden State Warriors,0041300163,2014-04-24T00:00:00,GSW vs. LAC,L,33.17666666666667,5,11,0.455,1,5,0.2,2,3,0.667,1,10,11,2,4,3,4,1,6,2,13,1,46.2,1,0,41.0,1,944,944,944,514,458,459,821,388,226,669,500,538,646,449,29,76,529,70,43,10,1343,1865,610,552,796,108,1,4,129,1,33:11,1
2013-14,201952,Jeff Teague,Jeff,1610612737,ATL,Atlanta Hawks,0041300103,2014-04-24T00:00:00,ATL vs. IND,W,36.6,7,20,0.35,2,6,0.333,6,6,1.0,0,2,2,10,3,1,1,2,2,3,22,9,42.4,1,0,40.0,1,1,1,1,351,226,80,1123,185,128,485,117,180,1,924,860,1057,16,143,305,171,1748,801,413,166,334,147,1,4,143,1,36:36,1
2013-14,202691,Klay Thompson,Klay,1610612744,GSW,Golden State Warriors,0041300163,2014-04-24T00:00:00,GSW vs. LAC,L,41.93333333333333,10,22,0.455,2,11,0.182,4,4,1.0,1,5,6,1,3,1,1,1,1,3,26,6,37.7,0,0,39.0,1,944,944,944,124,58,44,821,185,6,701,230,347,1,449,320,388,791,143,305,171,1343,394,413,93,482,226,155,4,163,1,41:56,1
2013-14,201939,Stephen Curry,Stephen,1610612744,GSW,Golden State Warriors,0041300163,2014-04-24T00:00:00,GSW vs. LAC,L,43.41833333333334,5,12,0.417,3,8,0.375,3,4,0.75,0,2,2,15,3,1,0,0,3,5,16,-1,40.9,1,0,38.0,1,944,944,944,73,458,391,949,75,36,471,345,347,542,924,860,1057,3,143,305,499,1,1177,175,361,1010,170,1,4,178,1,43:25,1
2013-14,200794,Paul Millsap,Paul,1610612737,ATL,Atlanta Hawks,0041300103,2014-04-24T00:00:00,ATL vs. IND,W,37.916666666666664,3,11,0.273,1,4,0.25,7,8,0.875,0,14,14,4,6,0,1,0,3,4,14,20,33.8,1,0,35.0,1,1,1,1,291,783,459,1332,388,336,614,82,91,422,924,5,24,237,11,784,171,1,1177,272,495,65,330,1,4,238,1,37:55,1
2013-14,201144,Mike Conley,Mike,1610612763,MEM,Memphis Grizzlies,0041300153,2014-04-24T00:00:00,MEM vs. OKC,W,39.21666666666667,8,14,0.571,2,5,0.4,2,2,1.0,1,4,5,3,4,2,0,0,3,5,20,1,32.5,0,0,34.0,1,1,1,1,227,152,271,418,185,226,430,500,621,1,449,457,496,363,70,115,499,1,1177,175,218,796,364,155,4,258,1,39:13,1
2013-14,101108,Chris Paul,Chris,1610612746,LAC,Los Angeles Clippers,0041300163,2014-04-24T00:00:00,LAC @ GSW,W,34.53333333333333,5,13,0.385,2,7,0.286,3,4,0.75,0,2,2,10,2,2,0,0,4,5,15,1,36.4,1,0,33.0,1,1,1,1,458,458,325,1045,185,67,598,345,347,542,924,860,1057,16,298,115,499,1,1541,175,427,796,262,1,4,276,1,34:32,1
2013-14,2216,Zach Randolph,Zach,1610612763,MEM,Memphis Grizzlies,0041300153,2014-04-24T00:00:00,MEM vs. OKC,W,44.9,5,20,0.25,0,1,0.0,6,7,0.857,4,6,10,6,3,0,0,2,0,8,16,3,34.0,1,0,32.0,1,1,1,1,40,458,80,1349,731,887,731,117,133,439,62,198,102,102,143,784,499,1748,1,40,361,639,317,1,4,311,1,44:54,1
2013-14,2754,Tony Allen,Tony,1610612763,MEM,Memphis Grizzlies,0041300153,2014-04-24T00:00:00,MEM vs. OKC,W,31.355,8,15,0.533,0,3,0.0,0,0,0.0,3,6,9,3,2,2,0,0,4,0,16,-1,35.3,0,0,32.0,1,1,1,1,593,152,229,515,731,477,731,998,1036,998,114,198,151,363,298,115,499,1,1541,1301,361,1010,282,155,4,311,1,31:21,1
2013-14,2594,Kyle Korver,Kyle,1610612737,ATL,Atlanta Hawks,0041300103,2014-04-24T00:00:00,ATL vs. IND,W,35.14833333333333,6,9,0.667,4,7,0.571,4,4,1.0,0,6,6,0,2,1,0,0,2,2,20,12,28.2,0,0,32.0,1,1,1,1,432,330,622,209,31,67,187,230,347,1,924,198,388,1185,298,305,499,1,801,610,218,210,489,155,4,311,1,35:09,1
2013-14,202331,Paul George,Paul,1610612754,IND,Indiana Pacers,0041300103,2014-04-24T00:00:00,IND @ ATL,L,36.28333333333333,3,11,0.273,1,4,0.25,5,6,0.833,1,13,14,4,3,0,0,0,3,6,12,-16,31.8,1,0,31.0,1,944,944,944,367,783,459,1332,388,336,614,166,180,458,449,9,24,237,143,784,499,1,1177,102,601,1771,379,1,4,354,1,36:17,1
2013-14,2561,David West,David,1610612754,IND,Indiana Pacers,0041300103,2014-04-24T00:00:00,IND @ ATL,L,37.05,7,13,0.538,0,0,0.0,2,2,1.0,1,6,7,5,3,1,0,0,1,3,16,-6,31.9,0,0,30.0,1,944,944,944,333,226,325,499,731,1136,731,500,621,1,449,198,285,151,143,305,499,1,394,413,361,1382,376,155,4,378,1,37:03,1
2013-14,201960,DeMarre Carroll,DeMarre,1610612737,ATL,Atlanta Hawks,0041300103,2014-04-24T00:00:00,ATL vs. IND,W,40.94833333333333,6,8,0.75,2,4,0.5,4,6,0.667,1,3,4,2,0,1,0,0,3,5,18,16,28.8,0,0,28.0,1,1,1,1,159,330,710,145,185,336,201,230,180,646,449,632,643,529,1096,305,499,1,1177,175,279,119,468,155,4,434,1,40:57,1
2013-14,201188,Marc Gasol,Marc,1610612763,MEM,Memphis Grizzlies,0041300153,2014-04-24T00:00:00,MEM vs. OKC,W,39.43833333333333,7,14,0.5,0,0,0.0,0,0,0.0,2,6,8,2,0,1,0,1,2,4,14,-7,29.6,0,0,26.0,1,1,1,1,217,226,271,534,731,1136,731,998,1036,998,226,198,213,529,1096,305,499,1343,801,272,495,1440,437,155,4,506,1,39:26,1
2013-14,101135,David Lee,David,1610612744,GSW,Golden State Warriors,0041300163,2014-04-24T00:00:00,GSW vs. LAC,L,32.00833333333333,6,15,0.4,0,0,0.0,0,0,0.0,8,1,9,4,0,0,0,2,3,1,12,0,28.8,0,0,25.0,1,944,944,944,566,330,229,970,731,1136,731,998,1036,998,4,1162,151,237,1096,784,499,1748,1177,915,601,882,468,155,4,543,1,32:01,1
2013-14,200755,JJ Redick,JJ,1610612746,LAC,Los Angeles Clippers,0041300163,2014-04-24T00:00:00,LAC @ GSW,W,31.105,5,11,0.455,3,6,0.5,1,1,1.0,0,1,1,5,0,1,0,0,1,1,14,6,25.7,0,0,25.0,1,1,1,1,603,458,459,821,75,128,201,783,968,1,924,1162,1328,151,1096,305,499,1,394,915,495,482,585,155,4,543,1,31:06,1
2013-14,2738,Andre Iguodala,Andre,1610612744,GSW,Golden State Warriors,0041300163,2014-04-24T00:00:00,GSW vs. LAC,L,40.95,4,9,0.444,0,1,0.0,3,7,0.429,1,8,9,3,4,1,0,1,1,5,11,-2,25.3,0,0,25.0,1,944,944,944,158,599,622,849,731,887,731,345,133,962,449,93,151,363,70,305,499,1343,394,175,669,1106,597,155,4,543,1,40:57,1
2013-14,2570,Kendrick Perkins,Kendrick,1610612760,OKC,Oklahoma City Thunder,0041300153,2014-04-24T00:00:00,OKC @ MEM,L,34.195,3,3,1.0,0,0,0.0,1,2,0.5,3,6,9,1,2,1,1,0,5,1,7,9,23.3,0,0,21.0,1,944,944,944,471,783,1273,1,731,1136,731,783,621,751,114,198,151,791,298,305,171,1,1747,915,944,334,660,155,4,693,1,34:12,1
2013-14,201586,Serge Ibaka,Serge,1610612760,OKC,Oklahoma City Thunder,0041300153,2014-04-24T00:00:00,OKC @ MEM,L,39.305,6,10,0.6,0,0,0.0,0,0,0.0,1,4,5,0,2,2,0,0,4,2,12,7,22.0,0,0,21.0,1,944,944,944,220,330,537,335,731,1136,731,998,1036,998,449,457,496,1185,298,115,499,1,1541,610,601,430,700,155,4,693,1,39:18,1
2013-14,2449,Luis Scola,Luis,1610612754,IND,Indiana Pacers,0041300103,2014-04-24T00:00:00,IND @ ATL,L,20.35,7,11,0.636,0,1,0.0,3,4,0.75,1,2,3,0,0,0,0,0,3,3,17,-9,20.6,0,0,20.0,1,944,944,944,1054,226,459,294,731,887,731,345,347,542,449,860,831,1185,1096,784,499,1,1177,413,314,1528,755,155,4,731,1,20:21,1
2013-14,201228,C.J. Watson,C.J.,1610612754,IND,Indiana Pacers,0041300103,2014-04-24T00:00:00,IND @ ATL,L,22.1,2,6,0.333,1,3,0.333,1,1,1.0,0,4,4,2,1,3,0,0,2,1,6,2,21.8,0,0,19.0,1,944,944,944,987,987,915,1129,388,477,485,783,968,1,924,457,643,529,618,43,499,1,801,915,1001,707,710,155,4,773,1,22:06,1
2013-14,201584,Courtney Lee,Courtney,1610612763,MEM,Memphis Grizzlies,0041300153,2014-04-24T00:00:00,MEM vs. OKC,W,35.78333333333333,3,9,0.333,1,2,0.5,3,4,0.75,1,2,3,3,1,1,0,2,2,3,10,3,20.1,0,0,19.0,1,1,1,1,400,783,622,1129,388,651,201,345,347,542,449,860,831,363,618,305,499,1748,801,413,720,639,777,155,4,773,1,35:47,1
2013-14,979,Jermaine O'Neal,Jermaine,1610612744,GSW,Golden State Warriors,0041300163,2014-04-24T00:00:00,GSW vs. LAC,L,16.343333333333334,3,5,0.6,0,0,0.0,4,4,1.0,3,4,7,0,2,0,1,0,3,2,10,-12,19.4,0,0,19.0,1,944,944,944,1233,783,1021,335,731,1136,731,230,347,1,114,457,285,1185,298,784,171,1,1177,610,720,1660,808,155,4,773,1,16:21,1
2013-14,2757,Beno Udrih,Beno,1610612763,MEM,Memphis Grizzlies,0041300153,2014-04-24T00:00:00,MEM vs. OKC,W,14.008333333333333,5,6,0.833,1,2,0.5,1,2,0.5,0,2,2,2,3,1,0,0,2,2,12,2,17.4,0,0,19.0,1,1,1,1,1335,458,915,112,388,651,201,783,621,751,924,860,1057,529,143,305,499,1,801,610,601,707,882,155,4,773,1,14:01,1
2013-14,101150,Lou Williams,Lou,1610612737,ATL,Atlanta Hawks,0041300103,2014-04-24T00:00:00,ATL vs. IND,W,19.8,3,6,0.5,2,3,0.667,3,4,0.75,0,3,3,1,2,0,1,0,1,2,11,-2,17.1,0,0,19.0,1,1,1,1,1078,783,915,534,185,477,112,345,347,542,924,632,831,791,298,784,171,1,394,610,669,1106,896,155,4,773,1,19:48,1
2013-14,2037,Jamal Crawford,Jamal,1610612746,LAC,Los Angeles Clippers,0041300163,2014-04-24T00:00:00,LAC @ GSW,W,19.763333333333332,5,11,0.455,3,6,0.5,0,0,0.0,0,2,2,1,2,0,0,2,1,0,13,5,14.9,0,0,19.0,1,1,1,1,1080,458,459,821,75,128,201,998,1036,998,924,860,1057,791,298,784,499,1748,394,1301,552,522,993,155,4,773,1,19:46,1
2013-14,200757,Thabo Sefolosha,Thabo,1610612760,OKC,Oklahoma City Thunder,0041300153,2014-04-24T00:00:00,OKC @ MEM,L,30.566666666666666,2,3,0.667,0,1,0.0,3,3,1.0,2,2,4,1,2,2,0,0,4,1,7,12,17.3,0,0,16.0,1,944,944,944,623,987,1273,209,731,887,731,345,538,1,226,860,643,791,298,115,499,1,1541,915,944,210,889,155,4,901,1,30:34,1
2013-14,201585,Kosta Koufos,Kosta,1610612763,MEM,Memphis Grizzlies,0041300153,2014-04-24T00:00:00,MEM vs. OKC,W,16.995,3,6,0.5,0,0,0.0,0,0,0.0,1,4,5,0,1,1,1,0,3,0,6,9,17.0,0,0,15.0,1,1,1,1,1214,783,915,534,731,1136,731,998,1036,998,449,457,496,1185,618,305,171,1,1177,1301,1001,334,904,155,4,947,1,16:60,1
2013-14,2440,Matt Barnes,Matt,1610612746,LAC,Los Angeles Clippers,0041300163,2014-04-24T00:00:00,LAC @ GSW,W,28.986666666666668,0,6,0.0,0,3,0.0,0,0,0.0,2,1,3,2,1,4,0,1,3,1,0,-5,17.6,0,0,13.0,1,1,1,1,693,1505,915,1505,731,477,731,998,1036,998,226,1162,831,529,618,15,499,1343,1177,915,1567,1316,872,155,4,1036,1,28:59,1
2013-14,201588,George Hill,George,1610612754,IND,Indiana Pacers,0041300103,2014-04-24T00:00:00,IND @ ATL,L,36.03333333333333,1,11,0.091,0,3,0.0,2,2,1.0,0,3,3,4,2,1,0,2,3,1,4,-13,14.6,0,0,13.0,1,944,944,944,386,1208,459,1504,731,477,731,500,621,1,924,632,831,237,298,305,499,1748,1177,915,1173,1687,1009,155,4,1036,1,36:02,1
2013-14,101133,Ian Mahinmi,Ian,1610612754,IND,Indiana Pacers,0041300103,2014-04-24T00:00:00,IND @ ATL,L,19.533333333333335,1,3,0.333,0,0,0.0,0,0,0.0,3,2,5,0,0,0,2,0,2,0,2,-3,14.0,0,0,11.0,1,944,944,944,1089,1208,1273,1129,731,1136,731,998,1036,998,114,860,496,1185,1096,784,70,1,801,1301,1377,1183,1031,155,4,1128,1,19:32,1
2013-14,1882,Elton Brand,Elton,1610612737,ATL,Atlanta Hawks,0041300103,2014-04-24T00:00:00,ATL vs. IND,W,15.441666666666666,1,4,0.25,0,0,0.0,2,3,0.667,2,2,4,1,0,0,1,0,1,2,4,-4,13.3,0,0,11.0,1,1,1,1,1283,1208,1145,1349,731,1136,731,500,538,646,226,860,643,791,1096,784,171,1,394,610,1173,1256,1064,155,4,1128,1,15:27,1
2013-14,203118,Mike Scott,Mike,1610612737,ATL,Atlanta Hawks,0041300103,2014-04-24T00:00:00,ATL vs. IND,W,19.533333333333335,1,5,0.2,0,2,0.0,3,4,0.75,0,3,3,1,0,1,0,0,1,2,5,-1,13.1,0,0,11.0,1,1,1,1,1089,1208,1021,1438,731,651,731,345,347,542,924,632,831,791,1096,305,499,1,394,610,1095,1010,1076,155,4,1128,1,19:32,1
2013-14,201954,Darren Collison,Darren,1610612746,LAC,Los Angeles Clippers,0041300163,2014-04-24T00:00:00,LAC @ GSW,W,18.376666666666665,3,7,0.429,0,2,0.0,0,0,0.0,0,4,4,1,1,0,0,2,2,0,6,-4,11.3,0,0,11.0,1,1,1,1,1144,783,811,891,731,651,731,998,1036,998,924,457,643,791,618,784,499,1748,801,1301,1001,1256,1163,155,4,1128,1,18:23,1
2013-14,2555,Nick Collison,Nick,1610612760,OKC,Oklahoma City Thunder,0041300153,2014-04-24T00:00:00,OKC @ MEM,L,16.483333333333334,1,1,1.0,0,0,0.0,0,0,0.0,2,3,5,2,0,0,0,0,1,0,2,-10,11.0,0,0,9.0,1,944,944,944,1230,1208,1565,1,731,1136,731,998,1036,998,226,632,496,529,1096,784,499,1,394,1301,1377,1568,1188,155,4,1237,1,16:29,1
2013-14,202704,Reggie Jackson,Reggie,1610612760,OKC,Oklahoma City Thunder,0041300153,2014-04-24T00:00:00,OKC @ MEM,L,18.45,2,9,0.222,0,2,0.0,0,0,0.0,0,1,1,3,0,0,0,0,1,1,4,-10,9.7,0,0,8.0,1,944,944,944,1138,987,622,1424,731,651,731,998,1036,998,924,1162,1328,363,1096,784,499,1,394,915,1173,1568,1247,155,4,1289,1,18:27,1
2013-14,203084,Harrison Barnes,Harrison,1610612744,GSW,Golden State Warriors,0041300163,2014-04-24T00:00:00,GSW vs. LAC,L,19.643333333333334,2,8,0.25,0,4,0.0,0,0,0.0,1,2,3,1,0,0,0,1,0,1,4,2,9.1,0,0,8.0,1,944,944,944,1086,987,710,1349,731,336,731,998,1036,998,449,860,831,791,1096,784,499,1343,1,915,1173,707,1285,155,4,1289,1,19:39,1
2013-14,965,Derek Fisher,Derek,1610612760,OKC,Oklahoma City Thunder,0041300153,2014-04-24T00:00:00,OKC @ MEM,L,15.618333333333334,1,3,0.333,1,1,1.0,0,0,0.0,0,1,1,1,0,1,0,0,1,0,3,-8,8.7,0,0,8.0,1,944,944,944,1272,1208,1273,1129,388,887,1,998,1036,998,924,1162,1328,791,1096,305,499,1,394,1301,1282,1487,1304,155,4,1289,1,15:37,1
2013-14,202714,Shelvin Mack,Shelvin,1610612737,ATL,Atlanta Hawks,0041300103,2014-04-24T00:00:00,ATL vs. IND,W,11.4,1,5,0.2,1,4,0.25,0,0,0.0,0,2,2,2,1,0,0,0,1,0,3,4,7.4,0,0,8.0,1,1,1,1,1446,1208,1021,1438,388,336,614,998,1036,998,924,860,1057,529,618,784,499,1,394,1301,1282,576,1364,155,4,1289,1,11:24,1
2013-14,2419,Tayshaun Prince,Tayshaun,1610612763,MEM,Memphis Grizzlies,0041300153,2014-04-24T00:00:00,MEM vs. OKC,W,23.733333333333334,2,5,0.4,0,1,0.0,0,0,0.0,1,1,2,1,0,0,0,0,2,0,4,4,7.9,0,0,7.0,1,1,1,1,923,987,1021,970,731,887,731,998,1036,998,449,1162,1057,791,1096,784,499,1,801,1301,1173,576,1344,155,4,1343,1,23:44,1
2013-14,202323,Evan Turner,Evan,1610612754,IND,Indiana Pacers,0041300103,2014-04-24T00:00:00,IND @ ATL,L,8.35,1,4,0.25,1,2,0.5,0,0,0.0,0,0,0,1,0,1,0,1,1,0,3,-5,7.5,0,0,7.0,1,944,944,944,1542,1208,1145,1349,388,651,201,998,1036,998,924,1520,1606,791,1096,305,499,1343,394,1301,1282,1316,1360,155,4,1343,1,8:21,1
2013-14,201579,Roy Hibbert,Roy,1610612754,IND,Indiana Pacers,0041300103,2014-04-24T00:00:00,IND @ ATL,L,18.64,2,9,0.222,0,0,0.0,0,0,0.0,2,0,2,1,2,0,0,1,3,1,4,-8,5.9,0,0,7.0,1,944,944,944,1131,987,622,1424,731,1136,731,998,1036,998,226,1520,1057,791,298,784,499,1343,1177,915,1173,1487,1439,155,4,1343,1,18:38,1
2013-14,2034,Mike Miller,Mike,1610612763,MEM,Memphis Grizzlies,0041300153,2014-04-24T00:00:00,MEM vs. OKC,W,19.555,0,3,0.0,0,2,0.0,0,0,0.0,0,3,3,1,0,1,0,1,3,1,0,1,8.1,0,0,6.0,1,1,1,1,1088,1505,1273,1505,731,651,731,998,1036,998,924,632,831,791,1096,305,499,1343,1177,915,1567,796,1338,155,4,1399,1,19:33,1
2013-14,101122,Danny Granger,Danny,1610612746,LAC,Los Angeles Clippers,0041300163,2014-04-24T00:00:00,LAC @ GSW,W,12.046666666666667,0,1,0.0,0,1,0.0,0,0,0.0,0,4,4,0,1,1,0,0,3,0,0,3,6.8,0,0,6.0,1,1,1,1,1416,1505,1565,1505,731,887,731,998,1036,998,924,457,643,1185,618,305,499,1,1177,1301,1567,639,1397,155,4,1399,1,12:03,1
2013-14,201175,Glen Davis,Glen,1610612746,LAC,Los Angeles Clippers,0041300163,2014-04-24T00:00:00,LAC @ GSW,W,11.733333333333333,2,2,1.0,0,0,0.0,0,0,0.0,1,0,1,1,1,0,0,0,1,0,4,1,5.7,0,0,6.0,1,1,1,1,1436,987,1415,1,731,1136,731,998,1036,998,449,1520,1328,791,618,784,499,1,394,1301,1173,796,1442,155,4,1399,1,11:44,1
2013-14,202348,Jordan Crawford,Jordan,1610612744,GSW,Golden State Warriors,0041300163,2014-04-24T00:00:00,GSW vs. LAC,L,4.25,1,4,0.25,0,1,0.0,0,0,0.0,1,2,3,0,0,0,0,0,1,0,2,-1,5.6,0,0,5.0,1,944,944,944,1691,1208,1145,1349,731,887,731,998,1036,998,449,860,831,1185,1096,784,499,1,394,1301,1377,1010,1450,155,4,1446,1,4:15,1
2013-14,203544,Pero Antic,Pero,1610612737,ATL,Atlanta Hawks,0041300103,2014-04-24T00:00:00,ATL vs. IND,W,23.108333333333334,0,5,0.0,0,4,0.0,1,2,0.5,1,2,3,0,0,0,0,0,5,2,1,11,4.6,0,0,4.0,1,1,1,1,945,1505,1021,1505,731,336,731,783,621,751,449,860,831,1185,1096,784,499,1,1747,610,1541,248,1498,155,4,1505,1,23:07,1
2013-14,201578,Marreese Speights,Marreese,1610612744,GSW,Golden State Warriors,0041300163,2014-04-24T00:00:00,GSW vs. LAC,L,3.25,1,2,0.5,0,0,0.0,0,2,0.0,1,0,1,0,1,0,0,0,0,1,2,-3,2.2,0,0,3.0,1,944,944,944,1732,1208,1415,534,731,1136,731,998,621,998,449,1520,1328,1185,618,784,499,1,1,915,1377,1183,1644,155,4,1573,1,3:15,1
2013-14,2045,Hedo Turkoglu,Hedo,1610612746,LAC,Los Angeles Clippers,0041300163,2014-04-24T00:00:00,LAC @ GSW,W,4.266666666666667,0,2,0.0,0,2,0.0,0,0,0.0,0,0,0,0,0,1,0,0,0,0,0,1,3.0,0,0,2.0,1,1,1,1,1690,1505,1415,1505,731,651,731,998,1036,998,924,1520,1606,1185,1096,305,499,1,1,1301,1567,796,1593,155,4,1628,1,4:16,1
2013-14,2581,Steve Blake,Steve,1610612744,GSW,Golden State Warriors,0041300163,2014-04-24T00:00:00,GSW vs. LAC,L,4.25,0,1,0.0,0,1,0.0,0,0,0.0,1,0,1,0,0,0,0,0,0,0,0,-1,1.2,0,0,1.0,1,944,944,944,1691,1505,1565,1505,731,887,731,998,1036,998,449,1520,1328,1185,1096,784,499,1,1,1301,1567,1010,1694,155,4,1690,1,4:15,1
2013-14,2406,Caron Butler,Caron,1610612760,OKC,Oklahoma City Thunder,0041300153,2014-04-24T00:00:00,OKC @ MEM,L,21.866666666666667,0,5,0.0,0,3,0.0,0,0,0.0,0,1,1,0,1,0,0,1,2,1,0,-13,0.2,0,0,1.0,1,944,944,944,997,1505,1021,1505,731,477,731,998,1036,998,924,1162,1328,1185,618,784,499,1343,801,915,1567,1687,1757,155,4,1690,1,21:52,1
2013-14,200756,Hilton Armstrong,Hilton,1610612744,GSW,Golden State Warriors,0041300163,2014-04-24T00:00:00,GSW vs. LAC,L,0.7766666666666666,0,0,0.0,0,0,0.0,0,0,0.0,0,0,0,0,0,0,0,0,0,0,0,1,0.0,0,0,0.0,1,944,944,944,1856,1505,1728,1505,731,1136,731,998,1036,998,924,1520,1606,1185,1096,784,499,1,1,1301,1567,796,1769,155,4,1775,1,0:47,1
2013-14,203142,Chris Copeland,Chris,1610612754,IND,Indiana Pacers,0041300103,2014-04-24T00:00:00,IND @ ATL,L,0.4266666666666667,0,1,0.0,0,1,0.0,0,0,0.0,0,0,0,0,0,0,0,0,0,0,0,0,0.0,0,0,0.0,1,944,944,944,1875,1505,1565,1505,731,887,731,998,1036,998,924,1520,1606,1185,1096,784,499,1,1,1301,1567,882,1769,155,4,1775,1,0:26,1
2013-14,203488,Mike Muscala,Mike,1610612737,ATL,Atlanta Hawks,0041300103,2014-04-24T00:00:00,ATL vs. IND,W,0.051666666666666666,0,0,0.0,0,0,0.0,0,0,0.0,0,0,0,0,0,0,0,0,0,0,0,0,0.0,0,0,0.0,1,1,1,1,1898,1505,1728,1505,731,1136,731,998,1036,998,924,1520,1606,1185,1096,784,499,1,1,1301,1567,882,1769,155,4,1775,1,0:03,1
2013-14,203471,Dennis Schröder,Dennis,1610612737,ATL,Atlanta Hawks,0041300103,2014-04-24T00:00:00,ATL vs. IND,W,0.051666666666666666,0,0,0.0,0,0,0.0,0,0,0.0,0,0,0,0,0,0,0,0,0,0,0,0,0.0,0,0,0.0,1,1,1,1,1898,1505,1728,1505,731,1136,731,998,1036,998,924,1520,1606,1185,1096,784,499,1,1,1301,1567,882,1769,155,4,1775,1,0:03,1
2013-14,202334,Ed Davis,Ed,1610612763,MEM,Memphis Grizzlies,0041300153,2014-04-24T00:00:00,MEM vs. OKC,W,0.015,0,0,0.0,0,0,0.0,0,0,0.0,0,0,0,0,0,0,0,0,0,0,0,0,0.0,0,0,0.0,1,1,1,1,1902,1505,1728,1505,731,1136,731,998,1036,998,924,1520,1606,1185,1096,784,499,1,1,1301,1567,882,1769,155,4,1775,1,0:01,1
2013-14,203103,Perry Jones III,Perry,1610612760,OKC,Oklahoma City Thunder,0041300153,2014-04-24T00:00:00,OKC @ MEM,L,0.015,0,0,0.0,0,0,0.0,0,0,0.0,0,0,0,0,0,0,0,0,0,0,0,0,0.0,0,0,0.0,1,944,944,944,1902,1505,1728,1505,731,1136,731,998,1036,998,924,1520,1606,1185,1096,784,499,1,1,1301,1567,882,1769,155,4,1775,1,0:01,1
2013-14,200746,LaMarcus Aldridge,LaMarcus,1610612757,POR,Portland Trail Blazers,0041300172,2014-04-23T00:00:00,POR @ HOU,W,36.21666666666667,18,28,0.643,0,0,0.0,7,8,0.875,3,5,8,1,1,0,3,0,2,7,43,3,62.1,0,0,58.0,1,1,1,1,372,1,4,288,731,1136,731,82,91,422,114,320,213,791,618,784,29,1,801,64,3,639,12,155,4,15,1,36:13,1
2013-14,2730,Dwight Howard,Dwight,1610612745,HOU,Houston Rockets,0041300172,2014-04-23T00:00:00,HOU vs. POR,L,35.21666666666667,13,22,0.591,0,0,0.0,6,7,0.857,6,8,14,1,6,0,4,1,5,8,32,0,56.3,1,0,55.0,1,944,944,944,429,10,44,393,731,1136,731,117,133,439,14,93,24,791,11,784,10,1343,1747,40,27,882,34,1,4,26,1,35:13,1
2013-14,2544,LeBron James,LeBron,1610612748,MIA,Miami Heat,0041300112,2014-04-23T00:00:00,MIA vs. CHA,W,39.833333333333336,11,17,0.647,1,5,0.2,9,12,0.75,0,6,6,8,4,4,0,0,2,9,32,6,59.2,0,0,55.0,1,1,1,1,193,36,162,285,388,226,669,30,20,542,924,198,388,42,70,15,499,1,801,23,27,482,22,155,4,26,1,39:50,1
2013-14,203081,Damian Lillard,Damian,1610612757,POR,Portland Trail Blazers,0041300172,2014-04-23T00:00:00,POR @ HOU,W,41.55,3,14,0.214,2,7,0.286,10,12,0.833,2,6,8,11,3,0,0,3,5,10,18,12,41.1,1,0,39.0,1,1,1,1,133,783,271,1436,185,67,598,18,20,458,226,198,213,11,143,784,499,1865,1747,9,279,210,164,1,4,163,1,41:33,1
2013-14,1938,Manu Ginobili,Manu,1610612759,SAS,San Antonio Spurs,0041300142,2014-04-23T00:00:00,SAS vs. DAL,L,22.766666666666666,9,12,0.75,5,6,0.833,4,7,0.571,2,0,2,4,6,0,0,0,2,6,27,-5,29.4,0,0,38.0,1,944,944,944,960,101,391,145,14,128,81,230,133,742,226,1520,1057,237,11,784,499,1,801,102,80,1316,445,155,4,178,1,22:46,1
2013-14,203077,Michael Kidd-Gilchrist,Michael,1610612766,CHA,Charlotte Bobcats,0041300112,2014-04-23T00:00:00,CHA @ MIA,L,34.02333333333333,9,13,0.692,0,0,0.0,4,5,0.8,3,7,10,2,3,0,1,2,3,3,22,11,37.0,1,0,36.0,1,944,944,944,476,101,325,204,731,1136,731,230,281,498,114,144,102,529,143,784,171,1748,1177,413,166,248,249,1,4,221,1,34:01,1
2013-14,1890,Shawn Marion,Shawn,1610612742,DAL,Dallas Mavericks,0041300142,2014-04-23T00:00:00,DAL @ SAS,W,34.818333333333335,8,10,0.8,2,4,0.5,2,2,1.0,3,2,5,2,0,3,0,0,2,2,20,11,38.0,0,0,35.0,1,1,1,1,446,152,537,119,185,336,201,500,621,1,114,860,496,529,1096,43,499,1,801,610,218,248,219,155,4,238,1,34:49,1
2013-14,202689,Kemba Walker,Kemba,1610612766,CHA,Charlotte Bobcats,0041300112,2014-04-23T00:00:00,CHA @ MIA,L,44.63333333333333,5,18,0.278,4,9,0.444,2,2,1.0,1,2,3,8,2,2,0,0,1,5,16,2,35.6,0,0,35.0,1,944,944,944,45,458,125,1331,31,23,407,500,621,1,449,860,831,42,298,115,499,1,394,175,361,707,275,155,4,238,1,44:38,1
2013-14,2547,Chris Bosh,Chris,1610612748,MIA,Miami Heat,0041300112,2014-04-23T00:00:00,MIA vs. CHA,W,31.816666666666666,8,11,0.727,4,5,0.8,0,0,0.0,0,5,5,0,1,1,2,0,4,3,20,-12,34.0,0,0,35.0,1,1,1,1,576,152,459,180,31,226,83,998,1036,998,924,320,496,1185,618,305,70,1,1541,413,218,1660,317,155,4,238,1,31:49,1
2013-14,101145,Monta Ellis,Monta,1610612742,DAL,Dallas Mavericks,0041300142,2014-04-23T00:00:00,DAL @ SAS,W,33.76,8,20,0.4,1,4,0.25,4,4,1.0,1,2,3,3,1,3,0,1,1,5,21,9,37.1,0,0,34.0,1,1,1,1,491,152,80,970,388,336,614,230,347,1,449,860,831,363,618,43,499,1343,394,175,196,334,245,155,4,258,1,33:46,1
2013-14,2748,Dorell Wright,Dorell,1610612757,POR,Portland Trail Blazers,0041300172,2014-04-23T00:00:00,POR @ HOU,W,18.116666666666667,4,5,0.8,3,4,0.75,4,4,1.0,1,3,4,2,1,2,3,0,1,2,15,10,36.8,0,0,34.0,1,1,1,1,1157,599,1021,119,75,336,93,230,347,1,449,632,643,529,618,115,29,1,394,610,427,294,254,155,4,258,1,18:07,1
2013-14,2734,Devin Harris,Devin,1610612742,DAL,Dallas Mavericks,0041300142,2014-04-23T00:00:00,DAL @ SAS,W,24.15,7,9,0.778,2,3,0.667,2,2,1.0,0,4,4,5,2,1,1,0,4,1,18,12,34.3,0,0,33.0,1,1,1,1,904,226,622,138,185,477,112,500,621,1,924,457,643,151,298,305,171,1,1541,915,279,210,309,155,4,276,1,24:09,1
2013-14,2744,Al Jefferson,Al,1610612766,CHA,Charlotte Bobcats,0041300112,2014-04-23T00:00:00,CHA @ MIA,L,40.251666666666665,9,23,0.391,0,0,0.0,0,0,0.0,5,8,13,1,1,0,0,1,3,2,18,2,34.1,1,0,32.0,1,944,944,944,183,101,28,1037,731,1136,731,998,1036,998,30,93,41,791,618,784,499,1343,1177,610,279,707,313,1,4,311,1,40:15,1
2013-14,1717,Dirk Nowitzki,Dirk,1610612742,DAL,Dallas Mavericks,0041300142,2014-04-23T00:00:00,DAL @ SAS,W,34.63166666666667,7,19,0.368,1,1,1.0,1,1,1.0,0,5,5,1,1,2,1,0,2,4,16,12,31.5,0,0,29.0,1,1,1,1,454,226,101,1087,388,887,1,783,968,1,924,320,496,791,618,115,171,1,801,272,361,210,384,155,4,404,1,34:38,1
2013-14,201935,James Harden,James,1610612745,HOU,Houston Rockets,0041300172,2014-04-23T00:00:00,HOU vs. POR,L,43.68,6,19,0.316,2,5,0.4,4,4,1.0,0,3,3,4,5,1,0,3,6,7,18,1,25.6,0,0,29.0,1,944,944,944,63,330,101,1272,185,226,430,230,347,1,924,632,831,237,29,305,499,1865,1865,64,279,796,588,155,4,404,1,43:41,1
2013-14,201945,Gerald Henderson,Gerald,1610612766,CHA,Charlotte Bobcats,0041300112,2014-04-23T00:00:00,CHA @ MIA,L,31.633333333333333,5,11,0.455,0,3,0.0,5,7,0.714,0,4,4,1,1,3,1,0,6,8,15,-1,32.3,0,0,28.0,1,944,944,944,582,458,459,821,731,477,731,166,133,632,924,457,643,791,618,43,171,1,1865,40,427,1010,370,155,4,434,1,31:38,1
2013-14,2548,Dwyane Wade,Dwyane,1610612748,MIA,Miami Heat,0041300112,2014-04-23T00:00:00,MIA vs. CHA,W,34.75333333333333,4,10,0.4,0,0,0.0,7,9,0.778,2,4,6,2,4,2,0,1,3,6,15,-9,27.2,0,0,27.0,1,1,1,1,448,599,537,970,731,1136,731,82,67,533,226,457,388,529,70,115,499,1343,1177,102,427,1528,526,155,4,468,1,34:45,1
2013-14,203093,Terrence Jones,Terrence,1610612745,HOU,Houston Rockets,0041300172,2014-04-23T00:00:00,HOU vs. POR,L,26.251666666666665,5,11,0.455,0,1,0.0,3,6,0.5,4,4,8,1,0,2,0,3,1,3,13,-6,30.1,0,0,26.0,1,944,944,944,813,458,459,821,731,887,731,345,180,751,62,457,213,791,1096,115,499,1865,394,413,552,1382,417,155,4,506,1,26:15,1
2013-14,202718,Chandler Parsons,Chandler,1610612745,HOU,Houston Rockets,0041300172,2014-04-23T00:00:00,HOU vs. POR,L,40.22666666666667,5,15,0.333,0,3,0.0,5,5,1.0,1,6,7,2,0,1,0,1,2,4,15,-5,29.4,0,0,26.0,1,944,944,944,184,458,229,1129,731,477,731,166,281,1,449,198,285,529,1096,305,499,1343,801,272,427,1316,445,155,4,506,1,40:14,1
2013-14,201577,Robin Lopez,Robin,1610612757,POR,Portland Trail Blazers,0041300172,2014-04-23T00:00:00,POR @ HOU,W,30.97,3,5,0.6,0,0,0.0,0,0,0.0,4,6,10,2,1,0,3,0,5,1,6,18,29.0,0,0,24.0,1,1,1,1,606,783,1021,335,731,1136,731,998,1036,998,62,198,102,529,618,784,29,1,1747,915,1001,83,460,155,4,582,1,30:58,1
2013-14,201971,DeJuan Blair,DeJuan,1610612742,DAL,Dallas Mavericks,0041300142,2014-04-23T00:00:00,DAL @ SAS,W,14.196666666666667,3,6,0.5,0,0,0.0,2,2,1.0,3,4,7,0,0,4,0,0,3,1,8,13,28.4,0,0,23.0,1,1,1,1,1329,783,915,534,731,1136,731,500,621,1,114,457,285,1185,1096,15,499,1,1177,915,858,188,481,155,4,619,1,14:12,1
2013-14,1495,Tim Duncan,Tim,1610612759,SAS,San Antonio Spurs,0041300142,2014-04-23T00:00:00,SAS vs. DAL,L,29.9,4,5,0.8,0,0,0.0,3,4,0.75,1,6,7,1,1,0,2,0,1,3,11,-15,25.9,0,0,23.0,1,944,944,944,647,599,1021,119,731,1136,731,345,347,542,449,198,285,791,618,784,70,1,394,413,669,1743,573,155,4,619,1,29:54,1
2013-14,201976,Patrick Beverley,Patrick,1610612745,HOU,Houston Rockets,0041300172,2014-04-23T00:00:00,HOU vs. POR,L,41.35666666666667,5,11,0.455,1,4,0.25,3,4,0.75,1,1,2,2,0,1,0,1,5,2,14,-6,22.4,0,0,21.0,1,944,944,944,139,458,459,821,388,336,614,345,347,542,449,1162,1057,529,1096,305,499,1343,1747,610,495,1382,691,155,4,693,1,41:21,1
2013-14,201596,Mario Chalmers,Mario,1610612748,MIA,Miami Heat,0041300112,2014-04-23T00:00:00,MIA vs. CHA,W,29.813333333333333,3,7,0.429,2,4,0.5,3,4,0.75,0,2,2,3,1,0,1,0,0,2,11,-15,19.9,0,0,20.0,1,1,1,1,653,783,811,891,185,336,201,345,347,542,924,860,1057,363,618,784,171,1,1,610,669,1743,788,155,4,731,1,29:49,1
2013-14,201587,Nicolas Batum,Nicolas,1610612757,POR,Portland Trail Blazers,0041300172,2014-04-23T00:00:00,POR @ HOU,W,40.4,3,11,0.273,0,3,0.0,0,0,0.0,1,3,4,6,1,1,0,0,0,3,6,6,21.8,0,0,18.0,1,1,1,1,177,783,459,1332,731,477,731,998,1036,998,449,632,643,102,618,305,499,1,1,413,1001,482,710,155,4,815,1,40:24,1
2013-14,101181,Jose Calderon,Jose,1610612742,DAL,Dallas Mavericks,0041300142,2014-04-23T00:00:00,DAL @ SAS,W,28.078333333333333,5,10,0.5,1,4,0.25,1,1,1.0,0,0,0,5,1,0,0,0,2,2,12,11,18.5,0,0,18.0,1,1,1,1,737,458,537,534,388,336,614,783,968,1,924,1520,1606,151,618,784,499,1,801,610,601,248,845,155,4,815,1,28:05,1
2013-14,202083,Wesley Matthews,Wesley,1610612757,POR,Portland Trail Blazers,0041300172,2014-04-23T00:00:00,POR @ HOU,W,39.516666666666666,4,11,0.364,1,5,0.2,0,0,0.0,0,4,4,1,2,1,0,1,3,3,9,4,16.3,0,0,17.0,1,1,1,1,216,599,459,1094,388,226,669,998,1036,998,924,457,643,791,298,305,499,1343,1177,413,777,576,933,155,4,852,1,39:31,1
2013-14,2225,Tony Parker,Tony,1610612759,SAS,San Antonio Spurs,0041300142,2014-04-23T00:00:00,SAS vs. DAL,L,25.716666666666665,5,10,0.5,0,2,0.0,2,5,0.4,0,2,2,3,3,0,0,0,3,2,12,-10,15.9,0,0,17.0,1,944,944,944,835,458,537,534,731,651,731,500,281,965,924,860,1057,363,143,784,499,1,1177,610,601,1568,943,155,4,852,1,25:43,1
2013-14,2590,Mo Williams,Mo,1610612757,POR,Portland Trail Blazers,0041300172,2014-04-23T00:00:00,POR @ HOU,W,23.30666666666667,4,8,0.5,2,4,0.5,3,3,1.0,0,1,1,0,2,0,0,0,4,1,13,0,12.2,0,0,16.0,1,1,1,1,938,599,710,534,185,336,201,345,538,1,924,1162,1328,1185,298,784,499,1,1541,915,552,882,1121,155,4,901,1,23:18,1
2013-14,2365,Chris Andersen,Chris,1610612748,MIA,Miami Heat,0041300112,2014-04-23T00:00:00,MIA vs. CHA,W,19.066666666666666,3,4,0.75,0,0,0.0,1,2,0.5,1,3,4,0,0,0,2,0,1,1,7,8,17.8,0,0,15.0,1,1,1,1,1114,783,1145,145,731,1136,731,783,621,751,449,632,643,1185,1096,784,70,1,394,915,944,374,868,155,4,947,1,19:04,1
2013-14,202391,Jeremy Lin,Jeremy,1610612745,HOU,Houston Rockets,0041300172,2014-04-23T00:00:00,HOU vs. POR,L,24.708333333333332,1,5,0.2,0,3,0.0,3,4,0.75,0,3,3,5,2,1,0,1,4,4,5,-3,17.1,0,0,15.0,1,944,944,944,882,1208,1021,1438,731,477,731,345,347,542,924,632,831,151,298,305,499,1343,1541,272,1095,1183,896,155,4,947,1,24:43,1
2013-14,201177,Josh McRoberts,Josh,1610612766,CHA,Charlotte Bobcats,0041300112,2014-04-23T00:00:00,CHA @ MIA,L,37.4,3,7,0.429,2,3,0.667,0,0,0.0,0,1,1,4,1,0,0,1,5,0,8,14,14.2,0,0,15.0,1,944,944,944,317,783,811,891,185,477,112,998,1036,998,924,1162,1328,237,618,784,499,1343,1747,1301,858,163,1023,155,4,947,1,37:24,1
2013-14,201600,Omer Asik,Omer,1610612745,HOU,Houston Rockets,0041300172,2014-04-23T00:00:00,HOU vs. POR,L,24.24,3,5,0.6,0,0,0.0,0,0,0.0,2,3,5,1,1,1,0,1,3,0,6,-8,15.5,0,0,14.0,1,944,944,944,900,783,1021,335,731,1136,731,998,1036,998,226,632,496,791,618,305,499,1343,1177,1301,1001,1487,963,155,4,992,1,24:14,1
2013-14,201168,Tiago Splitter,Tiago,1610612759,SAS,San Antonio Spurs,0041300142,2014-04-23T00:00:00,SAS vs. DAL,L,27.533333333333335,2,5,0.4,0,0,0.0,2,2,1.0,2,3,5,3,2,0,0,1,1,1,6,-2,14.5,0,0,14.0,1,944,944,944,765,987,1021,970,731,1136,731,500,621,1,226,632,496,363,298,784,499,1343,394,915,1001,1106,1015,155,4,992,1,27:32,1
2013-14,201158,Marco Belinelli,Marco,1610612759,SAS,San Antonio Spurs,0041300142,2014-04-23T00:00:00,SAS vs. DAL,L,29.1,3,7,0.429,1,1,1.0,0,0,0.0,0,5,5,1,2,0,0,2,3,0,7,-31,12.5,0,0,14.0,1,944,944,944,687,783,811,891,388,887,1,998,1036,998,924,320,496,791,298,784,499,1748,1177,1301,944,1903,1106,155,4,992,1,29:06,1
2013-14,201980,Danny Green,Danny,1610612759,SAS,San Antonio Spurs,0041300142,2014-04-23T00:00:00,SAS vs. DAL,L,22.133333333333333,2,5,0.4,2,5,0.4,0,0,0.0,0,2,2,2,2,0,1,0,1,0,6,-8,12.4,0,0,14.0,1,944,944,944,985,987,1021,970,185,226,430,998,1036,998,924,860,1057,529,298,784,171,1,394,1301,1001,1487,1110,155,4,992,1,22:08,1
2013-14,1740,Rashard Lewis,Rashard,1610612748,MIA,Miami Heat,0041300112,2014-04-23T00:00:00,MIA vs. CHA,W,13.75,1,3,0.333,0,2,0.0,2,2,1.0,0,4,4,1,1,1,1,0,3,1,4,16,15.3,0,0,13.0,1,1,1,1,1349,1208,1273,1129,731,651,731,500,621,1,924,457,643,791,618,305,171,1,1177,915,1173,119,977,155,4,1036,1,13:45,1
2013-14,2223,Samuel Dalembert,Samuel,1610612742,DAL,Dallas Mavericks,0041300142,2014-04-23T00:00:00,DAL @ SAS,W,16.05,1,2,0.5,0,0,0.0,2,2,1.0,4,3,7,0,1,0,1,1,0,2,4,4,14.4,0,0,13.0,1,1,1,1,1246,1208,1415,534,731,1136,731,500,621,1,62,632,285,1185,618,784,171,1343,1,610,1173,576,1016,155,4,1036,1,16:03,1
2013-14,1713,Vince Carter,Vince,1610612742,DAL,Dallas Mavericks,0041300142,2014-04-23T00:00:00,DAL @ SAS,W,22.0,3,6,0.5,1,1,1.0,1,2,0.5,1,0,1,2,1,0,0,0,1,2,8,19,11.2,0,0,12.0,1,1,1,1,993,783,915,534,388,887,1,783,621,751,449,1520,1328,529,618,784,499,1,394,610,858,74,1173,155,4,1085,1,22:00,1
2013-14,202695,Kawhi Leonard,Kawhi,1610612759,SAS,San Antonio Spurs,0041300142,2014-04-23T00:00:00,SAS vs. DAL,L,22.42,1,5,0.2,1,2,0.5,3,5,0.6,4,1,5,0,2,0,0,0,3,3,6,-6,10.0,0,0,12.0,1,944,944,944,975,1208,1021,1438,388,651,201,345,281,722,62,1162,496,1185,298,784,499,1,1177,413,1001,1382,1234,155,4,1085,1,22:25,1
2013-14,201604,Chris Douglas-Roberts,Chris,1610612766,CHA,Charlotte Bobcats,0041300112,2014-04-23T00:00:00,CHA @ MIA,L,15.815,2,4,0.5,0,1,0.0,2,3,0.667,2,2,4,1,1,0,0,1,1,2,6,-1,11.3,0,0,11.0,1,944,944,944,1261,987,1145,534,731,887,731,500,538,646,226,860,643,791,618,784,499,1343,394,610,1001,1010,1163,155,4,1128,1,15:49,1
2013-14,203080,Thomas Robinson,Thomas,1610612757,POR,Portland Trail Blazers,0041300172,2014-04-23T00:00:00,POR @ HOU,W,7.473333333333334,1,2,0.5,0,0,0.0,0,0,0.0,0,2,2,0,2,1,2,0,4,0,2,-16,11.4,0,0,10.0,1,1,1,1,1570,1208,1415,534,731,1136,731,998,1036,998,924,860,1057,1185,298,305,70,1,1541,1301,1377,1771,1152,155,4,1187,1,7:28,1
2013-14,202708,Norris Cole,Norris,1610612748,MIA,Miami Heat,0041300112,2014-04-23T00:00:00,MIA vs. CHA,W,22.433333333333334,2,5,0.4,1,3,0.333,0,0,0.0,0,0,0,2,2,1,0,0,2,0,5,12,9.0,0,0,10.0,1,1,1,1,973,987,1021,970,388,477,485,998,1036,998,924,1520,1606,529,298,305,499,1,801,1301,1095,210,1289,155,4,1187,1,22:26,1
2013-14,951,Ray Allen,Ray,1610612748,MIA,Miami Heat,0041300112,2014-04-23T00:00:00,MIA vs. CHA,W,18.366666666666667,1,4,0.25,0,2,0.0,0,0,0.0,0,4,4,3,3,0,0,0,3,0,2,11,8.3,0,0,9.0,1,1,1,1,1145,1208,1145,1349,731,651,731,998,1036,998,924,457,643,363,143,784,499,1,1177,1301,1377,248,1327,155,4,1237,1,18:22,1
2013-14,201988,Patty Mills,Patty,1610612759,SAS,San Antonio Spurs,0041300142,2014-04-23T00:00:00,SAS vs. DAL,L,16.416666666666668,1,7,0.143,1,4,0.25,2,2,1.0,0,1,1,0,1,1,0,0,3,1,5,-10,8.2,0,0,9.0,1,944,944,944,1231,1208,811,1489,388,336,614,500,621,1,924,1162,1328,1185,618,305,499,1,1177,915,1095,1568,1331,155,4,1237,1,16:25,1
2013-14,202709,Cory Joseph,Cory,1610612759,SAS,San Antonio Spurs,0041300142,2014-04-23T00:00:00,SAS vs. DAL,L,8.8,1,2,0.5,0,0,0.0,2,4,0.5,0,2,2,1,0,0,0,0,0,2,4,8,7.9,0,0,7.0,1,944,944,944,1529,1208,1415,534,731,1136,731,500,347,751,924,860,1057,791,1096,784,499,1,1,610,1173,374,1344,155,4,1343,1,8:48,1
2013-14,2617,Udonis Haslem,Udonis,1610612748,MIA,Miami Heat,0041300112,2014-04-23T00:00:00,MIA vs. CHA,W,19.366666666666667,1,4,0.25,0,0,0.0,0,0,0.0,1,4,5,0,1,0,0,1,2,0,2,-1,7.0,0,0,7.0,1,1,1,1,1098,1208,1145,1349,731,1136,731,998,1036,998,449,457,496,1185,618,784,499,1343,801,1301,1377,1010,1384,155,4,1343,1,19:22,1
2013-14,201148,Brandan Wright,Brandan,1610612742,DAL,Dallas Mavericks,0041300142,2014-04-23T00:00:00,DAL @ SAS,W,8.533333333333333,2,2,1.0,0,0,0.0,0,0,0.0,0,1,1,1,0,0,0,0,2,0,4,4,6.7,0,0,6.0,1,1,1,1,1539,987,1415,1,731,1136,731,998,1036,998,924,1162,1328,791,1096,784,499,1,801,1301,1173,576,1399,155,4,1399,1,8:32,1
2013-14,201229,Anthony Tolliver,Anthony,1610612766,CHA,Charlotte Bobcats,0041300112,2014-04-23T00:00:00,CHA @ MIA,L,7.3,1,1,1.0,1,1,1.0,0,0,0.0,1,0,1,1,0,0,0,0,0,0,3,-9,5.7,0,0,6.0,1,944,944,944,1574,1208,1565,1,388,887,1,998,1036,998,449,1520,1328,791,1096,784,499,1,1,1301,1282,1528,1442,155,4,1399,1,7:18,1
2013-14,203469,Cody Zeller,Cody,1610612766,CHA,Charlotte Bobcats,0041300112,2014-04-23T00:00:00,CHA @ MIA,L,11.048333333333334,1,2,0.5,0,0,0.0,1,2,0.5,2,1,3,0,2,0,0,1,0,1,3,-15,4.6,0,0,6.0,1,944,944,944,1457,1208,1415,534,731,1136,731,783,621,751,226,1162,831,1185,298,784,499,1343,1,915,1282,1743,1498,155,4,1399,1,11:03,1
2013-14,2592,James Jones,James,1610612748,MIA,Miami Heat,0041300112,2014-04-23T00:00:00,MIA vs. CHA,W,10.8,1,2,0.5,1,2,0.5,0,0,0.0,0,1,1,0,0,0,0,0,1,0,3,4,4.2,0,0,5.0,1,1,1,1,1470,1208,1415,534,388,651,201,998,1036,998,924,1162,1328,1185,1096,784,499,1,394,1301,1282,576,1522,155,4,1446,1,10:48,1
2013-14,2557,Luke Ridnour,Luke,1610612766,CHA,Charlotte Bobcats,0041300112,2014-04-23T00:00:00,CHA @ MIA,L,3.3666666666666667,1,1,1.0,1,1,1.0,0,0,0.0,0,1,1,0,0,0,0,0,0,0,3,-6,4.2,0,0,5.0,1,944,944,944,1727,1208,1565,1,388,887,1,998,1036,998,924,1162,1328,1185,1096,784,499,1,1,1301,1282,1382,1522,155,4,1446,1,3:22,1
2013-14,202390,Gary Neal,Gary,1610612766,CHA,Charlotte Bobcats,0041300112,2014-04-23T00:00:00,CHA @ MIA,L,14.528333333333334,1,8,0.125,1,3,0.333,0,0,0.0,1,0,1,0,2,0,0,0,3,0,3,-17,2.2,0,0,5.0,1,944,944,944,1318,1208,710,1496,388,477,485,998,1036,998,449,1520,1328,1185,298,784,499,1,1177,1301,1282,1789,1644,155,4,1446,1,14:32,1
2013-14,2588,Matt Bonner,Matt,1610612759,SAS,San Antonio Spurs,0041300142,2014-04-23T00:00:00,SAS vs. DAL,L,5.866666666666666,2,2,1.0,0,0,0.0,0,0,0.0,0,0,0,0,0,0,0,0,0,0,4,-1,4.0,0,0,4.0,1,944,944,944,1630,987,1415,1,731,1136,731,998,1036,998,924,1520,1606,1185,1096,784,499,1,1,1301,1173,1010,1538,155,4,1505,1,5:52,1
2013-14,2564,Boris Diaw,Boris,1610612759,SAS,San Antonio Spurs,0041300142,2014-04-23T00:00:00,SAS vs. DAL,L,17.216666666666665,2,2,1.0,0,0,0.0,0,0,0.0,0,0,0,0,2,0,0,0,1,1,4,-21,2.0,0,0,4.0,1,944,944,944,1202,987,1415,1,731,1136,731,998,1036,998,924,1520,1606,1185,298,784,499,1,394,915,1173,1850,1652,155,4,1505,1,17:13,1
2013-14,203109,Jae Crowder,Jae,1610612742,DAL,Dallas Mavericks,0041300142,2014-04-23T00:00:00,DAL @ SAS,W,16.331666666666667,1,4,0.25,0,1,0.0,0,0,0.0,1,0,1,0,0,0,0,0,2,0,2,9,3.2,0,0,3.0,1,1,1,1,1234,1208,1145,1349,731,887,731,998,1036,998,449,1520,1328,1185,1096,784,499,1,801,1301,1377,334,1574,155,4,1573,1,16:20,1
2013-14,201965,Jeff Ayres,Jeff,1610612759,SAS,San Antonio Spurs,0041300142,2014-04-23T00:00:00,SAS vs. DAL,L,6.263333333333334,0,0,0.0,0,0,0.0,0,0,0.0,0,0,0,2,1,0,0,0,1,0,0,-3,2.0,0,0,2.0,1,944,944,944,1618,1505,1728,1505,731,1136,731,998,1036,998,924,1520,1606,529,618,784,499,1,394,1301,1567,1183,1652,155,4,1628,1,6:16,1
2013-14,101128,Francisco Garcia,Francisco,1610612745,HOU,Houston Rockets,0041300172,2014-04-23T00:00:00,HOU vs. POR,L,4.32,1,2,0.5,0,0,0.0,0,0,0.0,0,0,0,0,0,0,0,0,1,0,2,-8,2.0,0,0,2.0,1,944,944,944,1689,1208,1415,534,731,1136,731,998,1036,998,924,1520,1606,1185,1096,784,499,1,394,1301,1377,1487,1652,155,4,1628,1,4:19,1
2013-14,200777,Joel Freeland,Joel,1610612757,POR,Portland Trail Blazers,0041300172,2014-04-23T00:00:00,POR @ HOU,W,2.45,0,0,0.0,0,0,0.0,0,0,0.0,0,2,2,0,1,0,0,0,4,0,0,-2,1.4,0,0,2.0,1,1,1,1,1774,1505,1728,1505,731,1136,731,998,1036,998,924,860,1057,1185,618,784,499,1,1541,1301,1567,1106,1690,155,4,1628,1,2:27,1
2013-14,203108,Bernard James,Bernard,1610612742,DAL,Dallas Mavericks,0041300142,2014-04-23T00:00:00,DAL @ SAS,W,2.15,0,0,0.0,0,0,0.0,0,0,0.0,1,0,1,0,0,0,0,0,0,0,0,1,1.2,0,0,1.0,1,1,1,1,1794,1505,1728,1505,731,1136,731,998,1036,998,449,1520,1328,1185,1096,784,499,1,1,1301,1567,796,1694,155,4,1690,1,2:09,1
2013-14,201948,Austin Daye,Austin,1610612759,SAS,San Antonio Spurs,0041300142,2014-04-23T00:00:00,SAS vs. DAL,L,5.866666666666666,0,2,0.0,0,0,0.0,0,0,0.0,0,1,1,0,0,0,0,0,0,0,0,-1,1.2,0,0,1.0,1,944,944,944,1630,1505,1415,1505,731,1136,731,998,1036,998,924,1162,1328,1185,1096,784,499,1,1,1301,1567,1010,1694,155,4,1690,1,5:52,1
2013-14,203499,Shane Larkin,Shane,1610612742,DAL,Dallas Mavericks,0041300142,2014-04-23T00:00:00,DAL @ SAS,W,2.15,0,2,0.0,0,1,0.0,0,0,0.0,0,0,0,0,0,0,0,1,0,0,0,1,0.0,0,0,0.0,1,1,1,1,1794,1505,1415,1505,731,887,731,998,1036,998,924,1520,1606,1185,1096,784,499,1343,1,1301,1567,796,1769,155,4,1775,1,2:09,1
2013-14,201961,Wayne Ellington,Wayne,1610612742,DAL,Dallas Mavericks,0041300142,2014-04-23T00:00:00,DAL @ SAS,W,3.15,0,2,0.0,0,2,0.0,0,0,0.0,0,0,0,0,0,0,0,0,0,0,0,-1,0.0,0,0,0.0,1,1,1,1,1735,1505,1415,1505,731,651,731,998,1036,998,924,1520,1606,1185,1096,784,499,1,1,1301,1567,1010,1769,155,4,1775,1,3:09,1
2013-14,202331,Paul George,Paul,1610612754,IND,Indiana Pacers,0041300102,2014-04-22T00:00:00,IND vs. ATL,W,38.78333333333333,9,16,0.563,5,7,0.714,4,4,1.0,1,9,10,6,1,4,0,0,0,4,27,29,59.0,1,0,56.0,1,1,1,1,249,101,187,450,14,67,107,230,347,1,449,47,102,102,618,15,499,1,1,272,80,12,23,1,4,20,1,38:47,1
2013-14,203078,Bradley Beal,Bradley,1610612764,WAS,Washington Wizards,0041300132,2014-04-22T00:00:00,WAS @ CHI,W,42.05,9,20,0.45,4,7,0.571,4,5,0.8,3,4,7,2,2,2,1,2,5,5,26,-1,44.4,0,0,45.0,1,1,1,1,120,101,80,847,31,67,187,230,281,498,114,457,285,529,298,115,171,1748,1747,175,93,1010,122,155,4,94,1,42:03,1
2013-14,201571,D.J. Augustin,D.J.,1610612741,CHI,Chicago Bulls,0041300132,2014-04-22T00:00:00,CHI vs. WAS,L,40.82666666666667,10,22,0.455,4,8,0.5,1,2,0.5,1,1,2,7,1,1,0,1,3,5,25,8,39.9,0,0,40.0,1,944,944,944,167,58,44,821,31,36,201,783,621,751,449,1162,1057,64,618,305,499,1343,1177,175,107,374,189,155,4,143,1,40:50,1
2013-14,201149,Joakim Noah,Joakim,1610612741,CHI,Chicago Bulls,0041300132,2014-04-22T00:00:00,CHI vs. WAS,L,45.81666666666667,8,14,0.571,0,0,0.0,4,4,1.0,2,10,12,3,5,0,2,0,5,5,20,-4,39.9,1,0,39.0,1,944,944,944,22,152,271,418,731,1136,731,230,347,1,226,29,58,363,29,784,70,1,1747,175,218,1256,189,1,4,163,1,45:49,1
2013-14,201959,Taj Gibson,Taj,1610612741,CHI,Chicago Bulls,0041300132,2014-04-22T00:00:00,CHI vs. WAS,L,36.05166666666667,7,17,0.412,0,0,0.0,8,10,0.8,9,1,10,0,2,0,3,2,3,7,22,-5,41.0,1,0,38.0,1,944,944,944,383,226,162,962,731,1136,731,53,43,498,3,1162,102,1185,298,784,29,1748,1177,64,166,1316,167,1,4,178,1,36:03,1
2013-14,202322,John Wall,John,1610612764,WAS,Washington Wizards,0041300132,2014-04-22T00:00:00,WAS @ CHI,W,43.55166666666667,6,15,0.4,1,5,0.2,3,5,0.6,0,5,5,7,5,3,0,0,5,3,16,5,36.5,0,0,35.0,1,1,1,1,69,330,229,970,388,226,669,345,281,722,924,320,496,64,29,43,499,1,1747,413,361,522,260,155,4,238,1,43:33,1
2013-14,201942,DeMar DeRozan,DeMar,1610612761,TOR,Toronto Raptors,0041300122,2014-04-22T00:00:00,TOR vs. BKN,W,38.25,9,21,0.429,0,2,0.0,12,14,0.857,1,2,3,2,6,0,0,2,5,8,30,7,30.6,0,0,35.0,1,1,1,1,275,101,60,891,731,651,731,10,12,439,449,860,831,529,11,784,499,1748,1747,40,45,430,404,155,4,238,1,38:15,1
2013-14,2403,Nene,ene,1610612764,WAS,Washington Wizards,0041300132,2014-04-22T00:00:00,WAS @ CHI,W,39.57666666666667,8,13,0.615,0,0,0.0,1,4,0.25,0,7,7,3,1,1,1,0,6,4,17,-2,34.9,0,0,31.0,1,1,1,1,210,152,325,324,731,1136,731,783,347,984,924,144,285,363,618,305,171,1,1865,272,314,1106,293,155,4,354,1,39:35,1
2013-14,101161,Amir Johnson,Amir,1610612761,TOR,Toronto Raptors,0041300122,2014-04-22T00:00:00,TOR vs. BKN,W,36.5,8,10,0.8,0,0,0.0,0,0,0.0,3,6,9,1,1,0,2,0,4,3,16,12,33.3,0,0,30.0,1,1,1,1,356,152,537,119,731,1136,731,998,1036,998,114,198,151,791,618,784,70,1,1541,413,361,210,342,155,4,378,1,36:30,1
2013-14,201952,Jeff Teague,Jeff,1610612737,ATL,Atlanta Hawks,0041300102,2014-04-22T00:00:00,ATL @ IND,L,27.683333333333334,6,13,0.462,1,2,0.5,1,2,0.5,0,5,5,4,3,2,1,1,2,1,14,-13,32.0,0,0,30.0,1,944,944,944,758,330,325,805,388,651,201,783,621,751,924,320,496,237,143,115,171,1343,801,915,495,1687,372,155,4,378,1,27:41,1
2013-14,2449,Luis Scola,Luis,1610612754,IND,Indiana Pacers,0041300102,2014-04-22T00:00:00,IND vs. ATL,W,19.316666666666666,9,14,0.643,0,0,0.0,2,4,0.5,4,3,7,1,2,1,0,0,2,3,20,17,30.9,0,0,30.0,1,1,1,1,1101,101,271,288,731,1136,731,500,347,751,62,632,285,791,298,305,499,1,801,413,218,100,397,155,4,378,1,19:19,1
2013-14,200794,Paul Millsap,Paul,1610612737,ATL,Atlanta Hawks,0041300102,2014-04-22T00:00:00,ATL @ IND,L,30.516666666666666,6,12,0.5,2,4,0.5,5,6,0.833,1,3,4,1,4,1,1,0,5,8,19,-26,27.3,0,0,30.0,1,944,944,944,625,330,391,534,185,336,201,166,180,458,449,632,643,791,70,305,171,1,1747,40,247,1890,521,155,4,378,1,30:31,1
2013-14,202685,Jonas Valančiūnas,Jonas,1610612761,TOR,Toronto Raptors,0041300122,2014-04-22T00:00:00,TOR vs. BKN,W,35.28333333333333,5,9,0.556,0,0,0.0,5,7,0.714,5,9,14,0,5,0,0,0,3,6,15,-5,26.8,1,0,29.0,1,1,1,1,425,458,622,455,731,1136,731,166,133,632,30,47,24,1185,29,784,499,1,1177,102,427,1316,540,1,4,404,1,35:17,1
2013-14,200768,Kyle Lowry,Kyle,1610612761,TOR,Toronto Raptors,0041300122,2014-04-22T00:00:00,TOR vs. BKN,W,37.88333333333333,4,11,0.364,0,2,0.0,6,6,1.0,3,6,9,6,3,0,0,1,2,6,14,-2,30.8,0,0,29.0,1,1,1,1,295,599,459,1094,731,651,731,117,180,1,114,198,151,102,143,784,499,1343,801,102,495,1106,399,155,4,404,1,37:53,1
2013-14,2550,Kirk Hinrich,Kirk,1610612741,CHI,Chicago Bulls,0041300132,2014-04-22T00:00:00,CHI vs. WAS,L,31.666666666666668,5,13,0.385,0,3,0.0,2,4,0.5,1,6,7,4,3,2,0,1,4,3,12,-13,29.4,0,0,27.0,1,944,944,944,579,458,325,1045,731,477,731,500,347,751,449,198,285,237,143,115,499,1343,1541,413,601,1687,445,155,4,468,1,31:40,1
2013-14,2207,Joe Johnson,Joe,1610612751,BKN,Brooklyn Nets,0041300122,2014-04-22T00:00:00,BKN @ TOR,L,36.96666666666667,7,13,0.538,1,4,0.25,3,3,1.0,2,1,3,2,2,0,1,1,0,1,18,2,25.6,0,0,26.0,1,944,944,944,335,226,325,499,388,336,614,345,538,1,226,1162,831,529,298,784,171,1343,1,915,279,707,588,155,4,506,1,36:58,1
2013-14,202349,Greivis Vasquez,Greivis,1610612761,TOR,Toronto Raptors,0041300122,2014-04-22T00:00:00,TOR vs. BKN,W,24.768333333333334,5,10,0.5,1,4,0.25,0,0,0.0,2,1,3,8,2,1,0,1,2,1,11,12,27.6,0,0,25.0,1,1,1,1,877,458,537,534,388,336,614,998,1036,998,226,1162,831,42,298,305,499,1343,801,915,669,210,510,155,4,543,1,24:46,1
2013-14,2772,Trevor Ariza,Trevor,1610612764,WAS,Washington Wizards,0041300132,2014-04-22T00:00:00,WAS @ CHI,W,42.35,3,8,0.375,2,6,0.333,0,0,0.0,1,7,8,7,1,0,0,1,2,2,8,12,27.1,0,0,25.0,1,1,1,1,109,783,710,1056,185,128,485,998,1036,998,449,144,213,64,618,784,499,1343,801,610,858,210,531,155,4,543,1,42:21,1
2013-14,1718,Paul Pierce,Paul,1610612751,BKN,Brooklyn Nets,0041300122,2014-04-22T00:00:00,BKN @ TOR,L,25.131666666666668,2,11,0.182,0,6,0.0,3,4,0.75,2,4,6,3,1,3,1,0,5,4,7,7,29.7,0,0,24.0,1,944,944,944,862,987,459,1469,731,128,731,345,347,542,226,457,388,363,618,43,171,1,1747,272,944,430,435,155,4,582,1,25:08,1
2013-14,201228,C.J. Watson,C.J.,1610612754,IND,Indiana Pacers,0041300102,2014-04-22T00:00:00,IND vs. ATL,W,27.783333333333335,2,5,0.4,2,4,0.5,4,6,0.667,0,5,5,2,2,2,0,0,1,4,10,16,23.0,0,0,23.0,1,1,1,1,751,987,1021,970,185,336,201,230,180,646,924,320,496,529,298,115,499,1,394,272,720,119,673,155,4,619,1,27:47,1
2013-14,101114,Deron Williams,Deron,1610612751,BKN,Brooklyn Nets,0041300122,2014-04-22T00:00:00,BKN @ TOR,L,35.25,5,15,0.333,2,6,0.333,3,3,1.0,1,0,1,5,3,0,0,0,2,4,15,5,20.7,0,0,23.0,1,944,944,944,426,458,229,1129,185,128,485,345,538,1,449,1520,1328,151,143,784,499,1,801,272,427,522,752,155,4,619,1,35:15,1
2013-14,2733,Shaun Livingston,Shaun,1610612751,BKN,Brooklyn Nets,0041300122,2014-04-22T00:00:00,BKN @ TOR,L,26.611666666666668,4,8,0.5,0,0,0.0,4,4,1.0,1,2,3,5,1,0,1,0,5,2,12,-5,25.1,0,0,22.0,1,944,944,944,800,599,710,534,731,1136,731,230,347,1,449,860,831,151,618,784,171,1,1747,610,601,1316,603,155,4,657,1,26:37,1
2013-14,202335,Patrick Patterson,Patrick,1610612761,TOR,Toronto Raptors,0041300122,2014-04-22T00:00:00,TOR vs. BKN,W,24.18166666666667,5,9,0.556,1,3,0.333,1,2,0.5,4,5,9,0,0,0,0,1,2,2,12,1,22.8,0,0,22.0,1,1,1,1,902,458,622,455,388,477,485,783,621,751,62,320,151,1185,1096,784,499,1343,801,610,601,796,679,155,4,657,1,24:11,1
2013-14,201588,George Hill,George,1610612754,IND,Indiana Pacers,0041300102,2014-04-22T00:00:00,IND vs. ATL,W,32.88333333333333,5,8,0.625,0,2,0.0,5,6,0.833,1,3,4,2,2,0,0,0,3,4,15,22,20.8,0,0,21.0,1,1,1,1,533,458,710,303,731,651,731,166,180,458,449,632,643,529,298,784,499,1,1177,272,427,43,746,155,4,693,1,32:53,1
2013-14,2561,David West,David,1610612754,IND,Indiana Pacers,0041300102,2014-04-22T00:00:00,IND vs. ATL,W,23.716666666666665,4,5,0.8,0,0,0.0,0,0,0.0,0,2,2,6,1,1,1,0,4,2,8,7,24.4,0,0,20.0,1,1,1,1,924,599,1021,119,731,1136,731,998,1036,998,924,860,1057,102,618,305,171,1,1541,610,858,430,627,155,4,731,1,23:43,1
2013-14,202344,Trevor Booker,Trevor,1610612764,WAS,Washington Wizards,0041300132,2014-04-22T00:00:00,WAS @ CHI,W,27.201666666666668,3,4,0.75,0,0,0.0,3,4,0.75,3,5,8,1,0,0,1,0,4,2,9,10,23.1,0,0,20.0,1,1,1,1,782,783,1145,145,731,1136,731,345,347,542,114,320,213,791,1096,784,171,1,1541,610,777,294,669,155,4,731,1,27:12,1
2013-14,101162,Marcin Gortat,Marcin,1610612764,WAS,Washington Wizards,0041300132,2014-04-22T00:00:00,WAS @ CHI,W,37.123333333333335,2,9,0.222,0,0,0.0,3,6,0.5,1,4,5,0,2,2,2,2,1,3,7,-6,23.0,0,0,20.0,1,1,1,1,329,987,622,1424,731,1136,731,345,180,751,449,457,496,1185,298,115,70,1748,394,413,944,1382,673,155,4,731,1,37:07,1
2013-14,708,Kevin Garnett,Kevin,1610612751,BKN,Brooklyn Nets,0041300122,2014-04-22T00:00:00,BKN @ TOR,L,19.066666666666666,5,6,0.833,0,0,0.0,3,4,0.75,0,4,4,1,0,0,1,1,3,2,13,7,22.3,0,0,20.0,1,944,944,944,1114,458,915,112,731,1136,731,345,347,542,924,457,643,791,1096,784,171,1343,1177,610,552,430,693,155,4,731,1,19:04,1
2013-14,101110,Martell Webster,Martell,1610612764,WAS,Washington Wizards,0041300132,2014-04-22T00:00:00,WAS @ CHI,W,21.6,4,6,0.667,2,4,0.5,0,0,0.0,0,1,1,1,0,2,1,0,0,2,10,-7,21.7,0,0,20.0,1,1,1,1,1009,599,915,209,185,336,201,998,1036,998,924,1162,1328,791,1096,115,171,1,1,610,720,1440,714,155,4,731,1,21:36,1
2013-14,203486,Mason Plumlee,Mason,1610612751,BKN,Brooklyn Nets,0041300122,2014-04-22T00:00:00,BKN @ TOR,L,20.783333333333335,1,2,0.5,0,0,0.0,2,6,0.333,2,4,6,1,2,2,2,1,4,3,4,-12,22.7,0,0,19.0,1,944,944,944,1043,1208,1415,534,731,1136,731,500,180,970,226,457,388,791,298,115,70,1343,1541,413,1173,1660,683,155,4,773,1,20:47,1
2013-14,2399,Mike Dunleavy,Mike,1610612741,CHI,Chicago Bulls,0041300132,2014-04-22T00:00:00,CHI vs. WAS,L,27.348333333333333,4,6,0.667,1,3,0.333,0,0,0.0,0,1,1,4,0,2,0,0,2,1,9,4,22.2,0,0,19.0,1,944,944,944,775,599,915,209,388,477,485,998,1036,998,924,1162,1328,237,1096,115,499,1,801,915,777,576,694,155,4,773,1,27:21,1
2013-14,203141,Mirza Teletovic,Mirza,1610612751,BKN,Brooklyn Nets,0041300122,2014-04-22T00:00:00,BKN @ TOR,L,22.833333333333332,5,11,0.455,3,6,0.5,1,2,0.5,1,0,1,0,0,0,0,0,2,1,14,-10,15.2,0,0,18.0,1,944,944,944,954,458,459,821,75,128,201,783,621,751,449,1520,1328,1185,1096,784,499,1,801,915,495,1568,980,155,4,815,1,22:50,1
2013-14,202710,Jimmy Butler III,Jimmy,1610612741,CHI,Chicago Bulls,0041300132,2014-04-22T00:00:00,CHI vs. WAS,L,53.0,2,9,0.222,0,3,0.0,2,2,1.0,1,6,7,2,0,1,0,2,4,3,6,-2,20.4,0,0,17.0,1,944,944,944,1,987,622,1424,731,477,731,500,621,1,449,198,285,529,1096,305,499,1748,1541,413,1001,1106,765,155,4,852,1,53:00,1
2013-14,1905,Andrei Kirilenko,Andrei,1610612751,BKN,Brooklyn Nets,0041300122,2014-04-22T00:00:00,BKN @ TOR,L,19.64,2,3,0.667,0,0,0.0,0,0,0.0,2,1,3,1,0,4,0,0,1,1,4,-4,21.1,0,0,16.0,1,944,944,944,1087,987,1273,209,731,1136,731,998,1036,998,226,1162,831,791,1096,15,499,1,394,915,1173,1256,730,155,4,901,1,19:38,1
2013-14,1882,Elton Brand,Elton,1610612737,ATL,Atlanta Hawks,0041300102,2014-04-22T00:00:00,ATL @ IND,L,17.908333333333335,1,3,0.333,0,0,0.0,2,2,1.0,3,4,7,2,0,1,0,0,3,1,4,-10,18.4,0,0,15.0,1,944,944,944,1171,1208,1273,1129,731,1136,731,500,621,1,114,457,285,529,1096,305,499,1,1177,915,1173,1568,846,155,4,947,1,17:55,1
2013-14,202362,Lance Stephenson,Lance,1610612754,IND,Indiana Pacers,0041300102,2014-04-22T00:00:00,IND vs. ATL,W,25.3,3,6,0.5,0,2,0.0,1,1,1.0,0,3,3,5,3,0,0,0,1,1,7,3,15.1,0,0,15.0,1,1,1,1,853,783,915,534,731,651,731,783,968,1,924,632,831,151,143,784,499,1,394,915,944,639,984,155,4,947,1,25:18,1
2013-14,2430,Carlos Boozer,Carlos,1610612741,CHI,Chicago Bulls,0041300132,2014-04-22T00:00:00,CHI vs. WAS,L,21.366666666666667,2,6,0.333,0,0,0.0,1,2,0.5,2,6,8,1,1,0,0,0,2,1,5,-2,15.1,0,0,14.0,1,944,944,944,1020,987,915,1129,731,1136,731,783,621,751,226,198,213,791,618,784,499,1,801,915,1095,1106,984,155,4,992,1,21:22,1
2013-14,101150,Lou Williams,Lou,1610612737,ATL,Atlanta Hawks,0041300102,2014-04-22T00:00:00,ATL @ IND,L,22.116666666666667,4,12,0.333,1,4,0.25,2,2,1.0,0,1,1,1,1,0,0,2,3,2,11,-16,12.7,0,0,14.0,1,944,944,944,986,599,391,1129,388,336,614,500,621,1,924,1162,1328,791,618,784,499,1748,1177,610,669,1771,1098,155,4,992,1,22:07,1
2013-14,203118,Mike Scott,Mike,1610612737,ATL,Atlanta Hawks,0041300102,2014-04-22T00:00:00,ATL @ IND,L,17.483333333333334,4,9,0.444,1,2,0.5,2,4,0.5,0,2,2,0,1,0,0,0,1,3,11,10,12.4,0,0,14.0,1,944,944,944,1189,599,622,849,388,651,201,500,347,751,924,860,1057,1185,618,784,499,1,394,413,669,294,1110,155,4,992,1,17:29,1
2013-14,101154,Andray Blatche,Andray,1610612751,BKN,Brooklyn Nets,0041300122,2014-04-22T00:00:00,BKN @ TOR,L,8.15,2,4,0.5,0,0,0.0,1,2,0.5,0,2,2,1,0,2,0,0,0,2,5,0,14.9,0,0,12.0,1,944,944,944,1551,987,1145,534,731,1136,731,783,621,751,924,860,1057,791,1096,115,499,1,1,610,1095,882,993,155,4,1085,1,8:09,1
2013-14,202361,Landry Fields,Landry,1610612761,TOR,Toronto Raptors,0041300122,2014-04-22T00:00:00,TOR vs. BKN,W,17.648333333333333,0,0,0.0,0,0,0.0,0,0,0.0,1,3,4,1,1,2,1,0,1,0,0,8,14.3,0,0,11.0,1,1,1,1,1184,1505,1728,1505,731,1136,731,998,1036,998,449,632,643,791,618,115,171,1,394,1301,1567,374,1019,155,4,1128,1,17:39,1
2013-14,202714,Shelvin Mack,Shelvin,1610612737,ATL,Atlanta Hawks,0041300102,2014-04-22T00:00:00,ATL @ IND,L,20.316666666666666,1,5,0.2,1,4,0.25,1,2,0.5,1,0,1,3,1,1,0,1,1,2,4,-3,11.7,0,0,11.0,1,944,944,944,1057,1208,1021,1438,388,336,614,783,621,751,449,1520,1328,363,618,305,499,1343,394,610,1173,1183,1141,155,4,1128,1,20:19,1
2013-14,203544,Pero Antic,Pero,1610612737,ATL,Atlanta Hawks,0041300102,2014-04-22T00:00:00,ATL @ IND,L,24.858333333333334,2,9,0.222,1,5,0.2,0,0,0.0,3,0,3,0,0,1,0,0,2,1,5,-13,11.6,0,0,11.0,1,944,944,944,874,987,622,1424,388,226,669,998,1036,998,114,1520,831,1185,1096,305,499,1,801,915,1095,1687,1145,155,4,1128,1,24:52,1
2013-14,201579,Roy Hibbert,Roy,1610612754,IND,Indiana Pacers,0041300102,2014-04-22T00:00:00,IND vs. ATL,W,24.266666666666666,1,7,0.143,0,0,0.0,4,4,1.0,2,2,4,1,1,0,0,2,1,3,6,12,11.3,0,0,11.0,1,1,1,1,899,1208,811,1489,731,1136,731,230,347,1,226,860,643,791,618,784,499,1748,394,413,1001,210,1163,155,4,1128,1,24:16,1
2013-14,1889,Andre Miller,Andre,1610612764,WAS,Washington Wizards,0041300132,2014-04-22T00:00:00,WAS @ CHI,W,9.448333333333334,3,5,0.6,0,1,0.0,2,4,0.5,0,1,1,2,1,0,0,0,1,2,8,-3,11.2,0,0,11.0,1,1,1,1,1508,783,1021,335,731,887,731,500,347,751,924,1162,1328,529,618,784,499,1,394,610,858,1183,1173,155,4,1128,1,9:27,1
2013-14,101187,Alan Anderson,Alan,1610612751,BKN,Brooklyn Nets,0041300122,2014-04-22T00:00:00,BKN @ TOR,L,20.233333333333334,1,2,0.5,1,2,0.5,0,0,0.0,0,0,0,0,1,3,0,0,4,1,3,-11,11.0,0,0,10.0,1,944,944,944,1061,1208,1415,534,388,651,201,998,1036,998,924,1520,1606,1185,618,43,499,1,1541,915,1282,1612,1188,155,4,1187,1,20:14,1
2013-14,201858,Cartier Martin,Cartier,1610612737,ATL,Atlanta Hawks,0041300102,2014-04-22T00:00:00,ATL @ IND,L,10.166666666666666,2,2,1.0,0,0,0.0,0,0,0.0,1,2,3,0,1,1,0,0,1,0,4,10,9.6,0,0,9.0,1,944,944,944,1487,987,1415,1,731,1136,731,998,1036,998,449,860,831,1185,618,305,499,1,394,1301,1173,294,1249,155,4,1237,1,10:10,1
2013-14,201960,DeMarre Carroll,DeMarre,1610612737,ATL,Atlanta Hawks,0041300102,2014-04-22T00:00:00,ATL @ IND,L,29.366666666666667,2,5,0.4,1,3,0.333,0,0,0.0,1,1,2,1,0,0,0,0,2,0,5,-13,8.9,0,0,9.0,1,944,944,944,671,987,1021,970,388,477,485,998,1036,998,449,1162,1057,791,1096,784,499,1,801,1301,1095,1687,1296,155,4,1237,1,29:22,1
2013-14,203471,Dennis Schröder,Dennis,1610612737,ATL,Atlanta Hawks,0041300102,2014-04-22T00:00:00,ATL @ IND,L,6.966666666666667,2,2,1.0,1,1,1.0,0,0,0.0,0,2,2,0,0,0,0,0,1,0,5,9,7.4,0,0,8.0,1,944,944,944,1588,987,1415,1,388,887,1,998,1036,998,924,860,1057,1185,1096,784,499,1,394,1301,1095,334,1364,155,4,1289,1,6:58,1
2013-14,202323,Evan Turner,Evan,1610612754,IND,Indiana Pacers,0041300102,2014-04-22T00:00:00,IND vs. ATL,W,11.316666666666666,1,1,1.0,1,1,1.0,0,0,0.0,0,2,2,2,1,0,0,0,1,0,3,-12,7.4,0,0,8.0,1,1,1,1,1451,1208,1565,1,388,887,1,998,1036,998,924,860,1057,529,618,784,499,1,394,1301,1282,1660,1364,155,4,1289,1,11:19,1
2013-14,101133,Ian Mahinmi,Ian,1610612754,IND,Indiana Pacers,0041300102,2014-04-22T00:00:00,IND vs. ATL,W,20.016666666666666,0,2,0.0,0,0,0.0,1,2,0.5,0,0,0,0,1,0,3,0,4,2,1,8,9.0,0,0,7.0,1,1,1,1,1073,1505,1415,1505,731,1136,731,783,621,751,924,1520,1606,1185,618,784,29,1,1541,610,1541,374,1289,155,4,1343,1,20:01,1
2013-14,2594,Kyle Korver,Kyle,1610612737,ATL,Atlanta Hawks,0041300102,2014-04-22T00:00:00,ATL @ IND,L,27.383333333333333,1,5,0.2,1,4,0.25,0,0,0.0,0,1,1,1,2,0,0,0,2,0,3,-22,3.7,0,0,6.0,1,944,944,944,770,1208,1021,1438,388,336,614,998,1036,998,924,1162,1328,791,298,784,499,1,801,1301,1282,1865,1558,155,4,1399,1,27:23,1
2013-14,203142,Chris Copeland,Chris,1610612754,IND,Indiana Pacers,0041300102,2014-04-22T00:00:00,IND vs. ATL,W,4.966666666666667,2,2,1.0,0,0,0.0,0,0,0.0,0,0,0,0,1,0,0,0,1,0,4,-8,3.0,0,0,4.0,1,1,1,1,1660,987,1415,1,731,1136,731,998,1036,998,924,1520,1606,1185,618,784,499,1,394,1301,1173,1487,1593,155,4,1505,1,4:58,1
2013-14,203082,Terrence Ross,Terrence,1610612761,TOR,Toronto Raptors,0041300122,2014-04-22T00:00:00,TOR vs. BKN,W,25.485,1,8,0.125,0,5,0.0,0,0,0.0,0,1,1,1,2,0,0,1,2,0,2,-8,2.7,0,0,4.0,1,1,1,1,844,1208,710,1496,731,226,731,998,1036,998,924,1162,1328,791,298,784,499,1343,801,1301,1377,1487,1620,155,4,1505,1,25:29,1
2013-14,203503,Tony Snell,Tony,1610612741,CHI,Chicago Bulls,0041300132,2014-04-22T00:00:00,CHI vs. WAS,L,6.29,0,0,0.0,0,0,0.0,0,0,0.0,0,1,1,2,0,0,0,0,0,1,0,1,4.2,0,0,3.0,1,944,944,944,1617,1505,1728,1505,731,1136,731,998,1036,998,924,1162,1328,529,1096,784,499,1,1,915,1567,796,1522,155,4,1573,1,6:17,1
2013-14,1737,Nazr Mohammed,Nazr,1610612741,CHI,Chicago Bulls,0041300132,2014-04-22T00:00:00,CHI vs. WAS,L,2.6333333333333333,0,1,0.0,0,0,0.0,0,0,0.0,1,0,1,0,0,0,0,0,0,0,0,3,1.2,0,0,1.0,1,944,944,944,1760,1505,1565,1505,731,1136,731,998,1036,998,449,1520,1328,1185,1096,784,499,1,1,1301,1567,639,1694,155,4,1690,1,2:38,1
2013-14,201977,Marcus Thornton,Marcus,1610612751,BKN,Brooklyn Nets,0041300122,2014-04-22T00:00:00,BKN @ TOR,L,5.333333333333333,0,2,0.0,0,0,0.0,0,0,0.0,0,1,1,0,0,0,0,0,0,0,0,-4,1.2,0,0,1.0,1,944,944,944,1649,1505,1415,1505,731,1136,731,998,1036,998,924,1162,1328,1185,1096,784,499,1,1,1301,1567,1256,1694,155,4,1690,1,5:20,1
2013-14,202388,Donald Sloan,Donald,1610612754,IND,Indiana Pacers,0041300102,2014-04-22T00:00:00,IND vs. ATL,W,3.966666666666667,0,0,0.0,0,0,0.0,0,0,0.0,0,1,1,0,1,0,0,0,0,0,0,-5,0.2,0,0,1.0,1,1,1,1,1700,1505,1728,1505,731,1136,731,998,1036,998,924,1162,1328,1185,618,784,499,1,1,1301,1567,1316,1757,155,4,1690,1,3:58,1
2013-14,203488,Mike Muscala,Mike,1610612737,ATL,Atlanta Hawks,0041300102,2014-04-22T00:00:00,ATL @ IND,L,5.233333333333333,0,2,0.0,0,0,0.0,0,0,0.0,0,0,0,0,0,0,0,0,0,0,0,7,0.0,0,0,0.0,1,944,944,944,1651,1505,1415,1505,731,1136,731,998,1036,998,924,1520,1606,1185,1096,784,499,1,1,1301,1567,430,1769,155,4,1775,1,5:14,1
2013-14,2400,Drew Gooden,Drew,1610612764,WAS,Washington Wizards,0041300132,2014-04-22T00:00:00,WAS @ CHI,W,1.9666666666666666,0,0,0.0,0,0,0.0,0,0,0.0,0,0,0,0,0,0,0,0,1,0,0,6,0.0,0,0,0.0,1,1,1,1,1803,1505,1728,1505,731,1136,731,998,1036,998,924,1520,1606,1185,1096,784,499,1,394,1301,1567,482,1769,155,4,1775,1,1:58,1
2013-14,202730,Lavoy Allen,Lavoy,1610612754,IND,Indiana Pacers,0041300102,2014-04-22T00:00:00,IND vs. ATL,W,3.716666666666667,0,1,0.0,0,0,0.0,0,0,0.0,0,0,0,0,0,0,0,0,0,0,0,-4,0.0,0,0,0.0,1,1,1,1,1710,1505,1565,1505,731,1136,731,998,1036,998,924,1520,1606,1185,1096,784,499,1,1,1301,1567,1256,1769,155,4,1775,1,3:43,1
2013-14,202066,Garrett Temple,Garrett,1610612764,WAS,Washington Wizards,0041300132,2014-04-22T00:00:00,WAS @ CHI,W,0.13166666666666665,0,0,0.0,0,0,0.0,0,0,0.0,0,0,0,0,0,0,0,0,1,0,0,-4,0.0,0,0,0.0,1,1,1,1,1890,1505,1728,1505,731,1136,731,998,1036,998,924,1520,1606,1185,1096,784,499,1,394,1301,1567,1256,1769,155,4,1775,1,0:08,1
2013-14,2446,Rasual Butler,Rasual,1610612754,IND,Indiana Pacers,0041300102,2014-04-22T00:00:00,IND vs. ATL,W,3.966666666666667,0,1,0.0,0,1,0.0,0,0,0.0,0,0,0,0,0,0,0,0,0,0,0,-5,0.0,0,0,0.0,1,1,1,1,1700,1505,1565,1505,731,887,731,998,1036,998,924,1520,1606,1185,1096,784,499,1,1,1301,1567,1316,1769,155,4,1775,1,3:58,1
2013-14,201142,Kevin Durant,Kevin,1610612760,OKC,Oklahoma City Thunder,0041300152,2014-04-21T00:00:00,OKC vs. MEM,L,45.38333333333333,12,28,0.429,5,12,0.417,7,8,0.875,2,9,11,4,1,0,2,0,3,6,36,-7,60.2,1,0,60.0,1,944,944,944,27,21,4,891,14,5,429,82,91,422,226,47,76,237,618,784,70,1,1177,102,11,1440,18,1,4,9,1,45:23,1
2013-14,201566,Russell Westbrook,Russell,1610612760,OKC,Oklahoma City Thunder,0041300152,2014-04-21T00:00:00,OKC vs. MEM,L,43.06666666666667,11,28,0.393,1,7,0.143,6,8,0.75,2,5,7,8,3,1,1,0,5,6,29,-1,52.4,0,0,49.0,1,944,944,944,84,36,4,1036,388,67,718,117,91,542,226,320,285,42,143,305,171,1,1747,102,55,1010,57,155,4,56,1,43:04,1
2013-14,201933,Blake Griffin,Blake,1610612746,LAC,Los Angeles Clippers,0041300162,2014-04-21T00:00:00,LAC vs. GSW,W,29.533333333333335,13,17,0.765,0,0,0.0,9,10,0.9,2,4,6,1,3,2,0,1,0,10,35,22,46.7,0,0,46.0,1,1,1,1,664,10,162,144,731,1136,731,30,43,407,226,457,388,791,143,115,499,1343,1,9,15,43,100,155,4,83,1,29:32,1
2013-14,201586,Serge Ibaka,Serge,1610612760,OKC,Oklahoma City Thunder,0041300152,2014-04-21T00:00:00,OKC vs. MEM,L,46.61666666666667,6,12,0.5,1,2,0.5,2,2,1.0,4,7,11,1,1,1,5,2,4,2,15,-3,46.7,1,0,40.0,1,944,944,944,16,330,391,534,388,651,201,500,621,1,62,144,76,791,618,305,2,1748,1541,610,427,1183,100,1,4,143,1,46:37,1
2013-14,101108,Chris Paul,Chris,1610612746,LAC,Los Angeles Clippers,0041300162,2014-04-21T00:00:00,LAC vs. GSW,W,27.4,4,10,0.4,2,4,0.5,2,2,1.0,1,5,6,10,5,5,0,1,3,5,12,18,44.2,1,0,40.0,1,1,1,1,769,599,537,970,185,336,201,500,621,1,449,320,388,16,29,5,499,1343,1177,175,601,83,124,1,4,143,1,27:24,1
2013-14,201144,Mike Conley,Mike,1610612763,MEM,Memphis Grizzlies,0041300152,2014-04-21T00:00:00,MEM @ OKC,W,38.965,7,16,0.438,0,3,0.0,5,7,0.714,2,5,7,12,2,0,0,0,2,5,19,3,43.4,1,0,38.0,1,1,1,1,244,226,187,878,731,477,731,166,133,632,226,320,285,8,298,784,499,1,801,175,247,639,138,1,4,178,1,38:58,1
2013-14,201939,Stephen Curry,Stephen,1610612744,GSW,Golden State Warriors,0041300162,2014-04-21T00:00:00,GSW @ LAC,L,31.0,9,17,0.529,1,7,0.143,5,5,1.0,0,1,1,8,2,2,0,0,4,5,24,-27,41.2,0,0,38.0,1,944,944,944,604,101,162,523,388,67,718,166,281,1,924,1162,1328,42,298,115,499,1,1541,175,130,1896,161,155,4,178,1,31:00,1
2013-14,201188,Marc Gasol,Marc,1610612763,MEM,Memphis Grizzlies,0041300152,2014-04-21T00:00:00,MEM @ OKC,W,45.86666666666667,6,15,0.4,0,0,0.0,4,4,1.0,0,7,7,7,1,1,1,3,6,4,16,2,39.9,0,0,34.0,1,1,1,1,19,330,229,970,731,1136,731,230,347,1,924,144,285,64,618,305,171,1865,1865,272,361,707,189,155,4,258,1,45:52,1
2013-14,2216,Zach Randolph,Zach,1610612763,MEM,Memphis Grizzlies,0041300152,2014-04-21T00:00:00,MEM @ OKC,W,40.65,10,20,0.5,0,0,0.0,5,6,0.833,2,4,6,2,2,0,0,4,0,5,25,3,33.2,0,0,33.0,1,1,1,1,170,58,80,534,731,1136,731,166,180,458,226,457,388,529,298,784,499,1899,1,175,107,639,345,155,4,276,1,40:39,1
2013-14,201599,DeAndre Jordan,DeAndre,1610612746,LAC,Los Angeles Clippers,0041300162,2014-04-21T00:00:00,LAC vs. GSW,W,30.468333333333334,2,4,0.5,0,0,0.0,7,8,0.875,3,6,9,1,1,0,5,0,2,5,11,20,37.3,0,0,31.0,1,1,1,1,626,987,1145,534,731,1136,731,82,91,422,114,198,151,791,618,784,2,1,801,175,669,65,241,155,4,354,1,30:28,1
2013-14,2754,Tony Allen,Tony,1610612763,MEM,Memphis Grizzlies,0041300152,2014-04-21T00:00:00,MEM @ OKC,W,35.068333333333335,3,4,0.75,0,1,0.0,2,2,1.0,2,6,8,3,1,4,0,0,4,3,8,2,33.1,0,0,27.0,1,1,1,1,434,783,1145,145,731,887,731,500,621,1,226,198,213,363,618,15,499,1,1541,413,858,707,347,155,4,468,1,35:04,1
2013-14,201954,Darren Collison,Darren,1610612746,LAC,Los Angeles Clippers,0041300162,2014-04-21T00:00:00,LAC vs. GSW,W,20.766666666666666,3,6,0.5,0,0,0.0,6,6,1.0,1,0,1,10,0,0,0,0,1,4,12,24,28.2,1,0,23.0,1,1,1,1,1045,783,915,534,731,1136,731,117,180,1,449,1520,1328,16,1096,784,499,1,394,272,601,24,489,1,4,619,1,20:46,1
2013-14,101122,Danny Granger,Danny,1610612746,LAC,Los Angeles Clippers,0041300162,2014-04-21T00:00:00,LAC vs. GSW,W,18.066666666666666,6,10,0.6,3,4,0.75,0,0,0.0,0,3,3,0,0,1,0,2,6,1,15,18,21.6,0,0,23.0,1,1,1,1,1160,330,537,335,75,336,93,998,1036,998,924,632,831,1185,1096,305,499,1748,1865,915,427,83,715,155,4,619,1,18:04,1
2013-14,200757,Thabo Sefolosha,Thabo,1610612760,OKC,Oklahoma City Thunder,0041300152,2014-04-21T00:00:00,OKC vs. MEM,L,31.866666666666667,3,8,0.375,1,3,0.333,0,0,0.0,2,5,7,3,0,2,0,0,1,0,7,-4,25.9,0,0,22.0,1,944,944,944,574,783,710,1056,388,477,485,998,1036,998,226,320,285,363,1096,115,499,1,394,1301,944,1256,573,155,4,657,1,31:52,1
2013-14,201584,Courtney Lee,Courtney,1610612763,MEM,Memphis Grizzlies,0041300152,2014-04-21T00:00:00,MEM @ OKC,W,42.11833333333333,6,9,0.667,1,2,0.5,3,3,1.0,1,2,3,1,0,0,0,0,3,3,16,6,21.1,0,0,21.0,1,1,1,1,118,330,622,209,388,651,201,345,538,1,449,860,831,791,1096,784,499,1,1177,413,361,482,730,155,4,693,1,42:07,1
2013-14,2034,Mike Miller,Mike,1610612763,MEM,Memphis Grizzlies,0041300152,2014-04-21T00:00:00,MEM @ OKC,W,25.005,3,6,0.5,3,4,0.75,0,0,0.0,0,6,6,2,0,0,0,0,2,0,9,13,19.2,0,0,20.0,1,1,1,1,869,783,915,534,75,336,93,998,1036,998,924,198,388,529,1096,784,499,1,801,1301,777,188,819,155,4,731,1,25:00,1
2013-14,2045,Hedo Turkoglu,Hedo,1610612746,LAC,Los Angeles Clippers,0041300162,2014-04-21T00:00:00,LAC vs. GSW,W,14.1,5,7,0.714,3,5,0.6,0,0,0.0,0,1,1,1,0,1,0,0,1,0,13,14,18.7,0,0,20.0,1,1,1,1,1332,458,811,184,75,226,167,998,1036,998,924,1162,1328,791,1096,305,499,1,394,1301,552,163,837,155,4,731,1,14:06,1
2013-14,201578,Marreese Speights,Marreese,1610612744,GSW,Golden State Warriors,0041300162,2014-04-21T00:00:00,GSW @ LAC,L,15.6,4,8,0.5,0,0,0.0,0,0,0.0,3,3,6,1,0,1,1,0,1,0,8,-8,22.7,0,0,19.0,1,944,944,944,1275,599,710,534,731,1136,731,998,1036,998,114,632,388,791,1096,305,171,1,394,1301,858,1487,683,155,4,773,1,15:36,1
2013-14,2037,Jamal Crawford,Jamal,1610612746,LAC,Los Angeles Clippers,0041300162,2014-04-21T00:00:00,LAC vs. GSW,W,17.89666666666667,4,8,0.5,1,3,0.333,0,0,0.0,0,0,0,3,1,3,0,0,1,0,9,22,21.5,0,0,19.0,1,1,1,1,1172,599,710,534,388,477,485,998,1036,998,924,1520,1606,363,618,43,499,1,394,1301,777,43,717,155,4,773,1,17:54,1
2013-14,2757,Beno Udrih,Beno,1610612763,MEM,Memphis Grizzlies,0041300152,2014-04-21T00:00:00,MEM @ OKC,W,14.045,6,8,0.75,0,0,0.0,2,2,1.0,0,3,3,2,2,0,0,0,2,2,14,5,18.6,0,0,19.0,1,1,1,1,1334,330,710,145,731,1136,731,500,621,1,924,632,831,529,298,784,499,1,801,610,495,522,839,155,4,773,1,14:03,1
2013-14,203084,Harrison Barnes,Harrison,1610612744,GSW,Golden State Warriors,0041300162,2014-04-21T00:00:00,GSW @ LAC,L,30.05,3,7,0.429,1,4,0.25,2,4,0.5,1,5,6,1,2,0,0,0,4,2,9,-22,15.7,0,0,17.0,1,944,944,944,639,783,811,891,388,336,614,500,347,751,449,320,388,791,298,784,499,1,1541,610,777,1865,951,155,4,852,1,30:03,1
2013-14,203110,Draymond Green,Draymond,1610612744,GSW,Golden State Warriors,0041300162,2014-04-21T00:00:00,GSW @ LAC,L,24.12,4,7,0.571,0,3,0.0,3,3,1.0,2,1,3,1,4,0,1,0,5,2,11,-16,15.1,0,0,17.0,1,944,944,944,906,599,811,418,731,477,731,345,538,1,226,1162,831,791,70,784,171,1,1747,610,669,1771,984,155,4,852,1,24:07,1
2013-14,2440,Matt Barnes,Matt,1610612746,LAC,Los Angeles Clippers,0041300162,2014-04-21T00:00:00,LAC vs. GSW,W,30.45,4,7,0.571,1,3,0.333,4,5,0.8,2,0,2,1,2,0,0,0,3,3,13,20,14.9,0,0,17.0,1,1,1,1,627,599,811,418,388,477,485,230,281,498,226,1520,1057,791,298,784,499,1,1177,413,552,65,993,155,4,852,1,30:27,1
2013-14,202691,Klay Thompson,Klay,1610612744,GSW,Golden State Warriors,0041300162,2014-04-21T00:00:00,GSW @ LAC,L,20.1,2,4,0.5,1,2,0.5,2,2,1.0,0,0,0,2,1,2,1,0,4,2,7,-14,18.0,0,0,16.0,1,944,944,944,1067,987,1145,534,388,651,201,500,621,1,924,1520,1606,529,618,115,171,1,1541,610,944,1721,861,155,4,901,1,20:06,1
2013-14,101135,David Lee,David,1610612744,GSW,Golden State Warriors,0041300162,2014-04-21T00:00:00,GSW @ LAC,L,20.116666666666667,4,8,0.5,0,0,0.0,3,4,0.75,1,3,4,0,4,0,0,3,2,3,11,-29,11.8,0,0,15.0,1,944,944,944,1066,599,710,534,731,1136,731,345,347,542,449,632,643,1185,70,784,499,1865,801,413,669,1900,1134,155,4,947,1,20:07,1
2013-14,2738,Andre Iguodala,Andre,1610612744,GSW,Golden State Warriors,0041300162,2014-04-21T00:00:00,GSW @ LAC,L,29.25,2,6,0.333,0,0,0.0,0,0,0.0,0,1,1,3,4,3,0,1,3,1,4,-26,14.7,0,0,14.0,1,944,944,944,676,987,915,1129,731,1136,731,998,1036,998,924,1162,1328,363,70,43,499,1343,1177,915,1173,1890,1002,155,4,992,1,29:15,1
2013-14,200755,JJ Redick,JJ,1610612746,LAC,Los Angeles Clippers,0041300162,2014-04-21T00:00:00,LAC vs. GSW,W,23.616666666666667,3,7,0.429,1,3,0.333,2,2,1.0,0,1,1,1,1,1,0,0,1,2,9,19,13.7,0,0,14.0,1,1,1,1,929,783,811,891,388,477,485,500,621,1,924,1162,1328,791,618,305,499,1,394,610,777,74,1046,155,4,992,1,23:37,1
2013-14,202348,Jordan Crawford,Jordan,1610612744,GSW,Golden State Warriors,0041300162,2014-04-21T00:00:00,GSW @ LAC,L,16.633333333333333,2,6,0.333,0,1,0.0,7,9,0.778,0,2,2,0,3,0,0,0,3,5,11,-15,10.4,0,0,13.0,1,944,944,944,1223,987,915,1129,731,887,731,82,67,533,924,860,1057,1185,143,784,499,1,1177,175,669,1743,1206,155,4,1036,1,16:38,1
2013-14,965,Derek Fisher,Derek,1610612760,OKC,Oklahoma City Thunder,0041300152,2014-04-21T00:00:00,OKC vs. MEM,L,17.06833333333333,2,5,0.4,0,2,0.0,3,3,1.0,0,1,1,0,0,2,0,0,2,2,7,2,14.2,0,0,12.0,1,944,944,944,1210,987,1021,970,731,651,731,345,538,1,924,1162,1328,1185,1096,115,499,1,801,610,944,707,1023,155,4,1085,1,17:04,1
2013-14,202334,Ed Davis,Ed,1610612763,MEM,Memphis Grizzlies,0041300152,2014-04-21T00:00:00,MEM @ OKC,W,9.331666666666667,1,5,0.2,0,0,0.0,0,0,0.0,4,2,6,0,1,0,2,2,1,0,2,-1,14.2,0,0,12.0,1,1,1,1,1510,1208,1021,1438,731,1136,731,998,1036,998,62,860,388,1185,618,784,70,1748,394,1301,1377,1010,1023,155,4,1085,1,9:20,1
2013-14,2570,Kendrick Perkins,Kendrick,1610612760,OKC,Oklahoma City Thunder,0041300152,2014-04-21T00:00:00,OKC vs. MEM,L,26.948333333333334,1,1,1.0,0,0,0.0,2,2,1.0,2,2,4,1,1,0,1,0,6,2,4,-8,12.3,0,0,11.0,1,944,944,944,791,1208,1565,1,731,1136,731,500,621,1,226,860,643,791,618,784,171,1,1865,610,1173,1487,1117,155,4,1128,1,26:57,1
2013-14,2581,Steve Blake,Steve,1610612744,GSW,Golden State Warriors,0041300162,2014-04-21T00:00:00,GSW @ LAC,L,20.946666666666665,2,4,0.5,1,2,0.5,0,0,0.0,0,3,3,1,2,0,0,0,0,0,5,-18,8.1,0,0,10.0,1,944,944,944,1037,987,1145,534,388,651,201,998,1036,998,924,632,831,791,298,784,499,1,1,1301,1095,1808,1338,155,4,1187,1,20:57,1
2013-14,979,Jermaine O'Neal,Jermaine,1610612744,GSW,Golden State Warriors,0041300162,2014-04-21T00:00:00,GSW @ LAC,L,15.05,2,4,0.5,0,0,0.0,0,0,0.0,2,1,3,0,1,0,1,1,3,0,4,-11,9.6,0,0,9.0,1,944,944,944,1295,987,1145,534,731,1136,731,998,1036,998,226,1162,831,1185,618,784,171,1343,1177,1301,1173,1612,1249,155,4,1237,1,15:03,1
2013-14,200756,Hilton Armstrong,Hilton,1610612744,GSW,Golden State Warriors,0041300162,2014-04-21T00:00:00,GSW @ LAC,L,10.133333333333333,2,5,0.4,0,0,0.0,0,0,0.0,3,0,3,1,3,0,0,0,3,2,4,-13,6.1,0,0,8.0,1,944,944,944,1488,987,1021,970,731,1136,731,998,1036,998,114,1520,831,791,143,784,499,1,1177,610,1173,1687,1428,155,4,1289,1,10:08,1
2013-14,2584,Willie Green,Willie,1610612746,LAC,Los Angeles Clippers,0041300162,2014-04-21T00:00:00,LAC vs. GSW,W,7.0,0,2,0.0,0,2,0.0,2,2,1.0,0,3,3,0,0,1,0,0,2,1,2,1,8.6,0,0,7.0,1,1,1,1,1583,1505,1415,1505,731,651,731,500,621,1,924,632,831,1185,1096,305,499,1,801,915,1377,796,1307,155,4,1343,1,7:00,1
2013-14,2555,Nick Collison,Nick,1610612760,OKC,Oklahoma City Thunder,0041300152,2014-04-21T00:00:00,OKC vs. MEM,L,14.566666666666666,1,2,0.5,0,0,0.0,0,0,0.0,2,1,3,0,0,0,1,0,1,0,2,0,8.6,0,0,7.0,1,944,944,944,1314,1208,1415,534,731,1136,731,998,1036,998,226,1162,831,1185,1096,784,171,1,394,1301,1377,882,1307,155,4,1343,1,14:34,1
2013-14,2406,Caron Butler,Caron,1610612760,OKC,Oklahoma City Thunder,0041300152,2014-04-21T00:00:00,OKC vs. MEM,L,22.583333333333332,1,4,0.25,1,2,0.5,0,0,0.0,1,1,2,1,0,0,0,0,0,0,3,-3,6.9,0,0,7.0,1,944,944,944,967,1208,1145,1349,388,651,201,998,1036,998,449,1162,1057,791,1096,784,499,1,1,1301,1282,1183,1388,155,4,1343,1,22:35,1
2013-14,202704,Reggie Jackson,Reggie,1610612760,OKC,Oklahoma City Thunder,0041300152,2014-04-21T00:00:00,OKC vs. MEM,L,14.366666666666667,0,5,0.0,0,2,0.0,2,2,1.0,1,2,3,2,2,0,0,1,0,2,2,-6,6.6,0,0,7.0,1,944,944,944,1325,1505,1021,1505,731,651,731,500,621,1,449,860,831,529,298,784,499,1343,1,610,1377,1382,1405,155,4,1343,1,14:22,1
2013-14,201175,Glen Davis,Glen,1610612746,LAC,Los Angeles Clippers,0041300162,2014-04-21T00:00:00,LAC vs. GSW,W,12.418333333333333,2,3,0.667,0,0,0.0,0,0,0.0,0,1,1,1,0,0,0,0,1,2,4,13,6.7,0,0,6.0,1,1,1,1,1402,987,1273,209,731,1136,731,998,1036,998,924,1162,1328,791,1096,784,499,1,394,610,1173,188,1399,155,4,1399,1,12:25,1
2013-14,201162,Jared Dudley,Jared,1610612746,LAC,Los Angeles Clippers,0041300162,2014-04-21T00:00:00,LAC vs. GSW,W,3.683333333333333,1,1,1.0,1,1,1.0,0,0,0.0,0,0,0,0,0,1,0,0,0,0,3,4,6.0,0,0,6.0,1,1,1,1,1712,1208,1565,1,388,887,1,998,1036,998,924,1520,1606,1185,1096,305,499,1,1,1301,1282,576,1430,155,4,1399,1,3:41,1
2013-14,203136,Ognjen Kuzmic,Ognjen,1610612744,GSW,Golden State Warriors,0041300162,2014-04-21T00:00:00,GSW @ LAC,L,7.0,0,0,0.0,0,0,0.0,0,0,0.0,1,3,4,0,0,0,0,0,1,0,0,-1,4.8,0,0,4.0,1,944,944,944,1583,1505,1728,1505,731,1136,731,998,1036,998,449,632,643,1185,1096,784,499,1,394,1301,1567,1010,1489,155,4,1505,1,7:00,1
2013-14,2419,Tayshaun Prince,Tayshaun,1610612763,MEM,Memphis Grizzlies,0041300152,2014-04-21T00:00:00,MEM @ OKC,W,13.95,1,4,0.25,0,0,0.0,0,0,0.0,1,0,1,1,0,0,0,1,0,0,2,-3,4.7,0,0,4.0,1,1,1,1,1339,1208,1145,1349,731,1136,731,998,1036,998,449,1520,1328,791,1096,784,499,1343,1,1301,1377,1183,1490,155,4,1505,1,13:57,1
2013-14,200797,Ryan Hollins,Ryan,1610612746,LAC,Los Angeles Clippers,0041300162,2014-04-21T00:00:00,LAC vs. GSW,W,4.6,0,1,0.0,0,0,0.0,0,0,0.0,0,1,1,0,0,0,0,0,1,0,0,5,1.2,0,0,1.0,1,1,1,1,1670,1505,1565,1505,731,1136,731,998,1036,998,924,1162,1328,1185,1096,784,499,1,394,1301,1567,522,1694,155,4,1690,1,4:36,1
2013-14,203500,Steven Adams,Steven,1610612760,OKC,Oklahoma City Thunder,0041300152,2014-04-21T00:00:00,OKC vs. MEM,L,2.533333333333333,0,0,0.0,0,0,0.0,0,0,0.0,0,0,0,0,0,0,0,0,0,0,0,0,0.0,0,0,0.0,1,944,944,944,1767,1505,1728,1505,731,1136,731,998,1036,998,924,1520,1606,1185,1096,784,499,1,1,1301,1567,882,1769,155,4,1775,1,2:32,1
2013-14,201585,Kosta Koufos,Kosta,1610612763,MEM,Memphis Grizzlies,0041300152,2014-04-21T00:00:00,MEM @ OKC,W,0.0,0,0,0.0,0,0,0.0,0,0,0.0,0,0,0,0,0,0,0,0,0,0,0,0,0.0,0,0,0.0,1,1,1,1,1906,1505,1728,1505,731,1136,731,998,1036,998,924,1520,1606,1185,1096,784,499,1,1,1301,1567,882,1769,155,4,1775,1,0:00,1
2013-14,200746,LaMarcus Aldridge,LaMarcus,1610612757,POR,Portland Trail Blazers,0041300171,2014-04-20T00:00:00,POR @ HOU,W,44.916666666666664,17,31,0.548,2,2,1.0,10,13,0.769,7,11,18,2,3,0,2,3,6,8,46,17,73.6,1,0,72.0,1,1,1,1,39,2,2,484,185,651,1,18,15,539,7,19,3,529,143,784,70,1865,1865,40,2,100,2,1,4,1,1,44:55,1
2013-14,2730,Dwight Howard,Dwight,1610612745,HOU,Houston Rockets,0041300171,2014-04-20T00:00:00,HOU vs. POR,L,34.27166666666667,9,21,0.429,0,0,0.0,9,17,0.529,6,9,15,1,2,1,4,3,6,11,27,-5,59.5,1,0,53.0,1,944,944,944,467,101,60,891,731,1136,731,30,4,749,14,47,14,791,298,305,10,1865,1865,3,80,1316,19,1,4,32,1,34:16,1
2013-14,203081,Damian Lillard,Damian,1610612757,POR,Portland Trail Blazers,0041300171,2014-04-20T00:00:00,POR @ HOU,W,45.833333333333336,9,19,0.474,3,7,0.429,10,12,0.833,2,7,9,5,1,0,0,2,3,9,31,7,48.3,0,0,48.0,1,1,1,1,20,101,101,796,75,67,409,18,20,458,226,144,151,151,618,784,499,1748,1177,23,38,430,83,155,4,63,1,45:50,1
2013-14,201935,James Harden,James,1610612745,HOU,Houston Rockets,0041300171,2014-04-20T00:00:00,HOU vs. POR,L,44.983333333333334,8,28,0.286,3,14,0.214,8,10,0.8,2,3,5,6,4,1,0,1,3,7,27,-7,41.0,0,0,43.0,1,944,944,944,35,152,4,1299,75,1,668,53,43,498,226,632,496,102,70,305,499,1343,1177,64,80,1440,167,155,4,113,1,44:59,1
2013-14,2403,Nene,ene,1610612764,WAS,Washington Wizards,0041300131,2014-04-20T00:00:00,WAS @ CHI,W,35.233333333333334,11,17,0.647,0,0,0.0,2,5,0.4,1,7,8,3,2,2,1,0,6,7,24,7,45.1,0,0,41.0,1,1,1,1,427,36,162,285,731,1136,731,500,281,965,449,144,213,363,298,115,171,1,1865,64,130,430,119,155,4,129,1,35:14,1
2013-14,2544,LeBron James,LeBron,1610612748,MIA,Miami Heat,0041300111,2014-04-20T00:00:00,MIA vs. CHA,W,38.53333333333333,8,16,0.5,4,8,0.5,7,10,0.7,0,9,9,1,3,0,0,0,1,9,27,0,36.3,0,0,41.0,1,1,1,1,266,152,187,534,31,36,201,82,43,642,924,47,151,791,143,784,499,1,394,23,80,882,264,155,4,129,1,38:32,1
2013-14,202689,Kemba Walker,Kemba,1610612766,CHA,Charlotte Bobcats,0041300111,2014-04-20T00:00:00,CHA @ MIA,L,38.03333333333333,6,15,0.4,3,6,0.5,5,6,0.833,0,5,5,6,6,2,0,1,1,3,20,0,35.0,0,0,38.0,1,944,944,944,286,330,229,970,75,128,201,166,180,458,924,320,496,102,11,115,499,1343,394,413,218,882,289,155,4,178,1,38:02,1
2013-14,202718,Chandler Parsons,Chandler,1610612745,HOU,Houston Rockets,0041300171,2014-04-20T00:00:00,HOU vs. POR,L,46.88333333333333,10,21,0.476,3,11,0.273,1,2,0.5,0,6,6,1,1,1,0,0,3,1,24,-2,34.7,0,0,36.0,1,944,944,944,14,58,60,792,75,6,611,783,621,751,924,198,388,791,618,305,499,1,1177,915,130,1106,298,155,4,221,1,46:53,1
2013-14,2744,Al Jefferson,Al,1610612766,CHA,Charlotte Bobcats,0041300111,2014-04-20T00:00:00,CHA @ MIA,L,35.3,9,17,0.529,0,0,0.0,0,0,0.0,1,9,10,1,0,1,2,0,3,1,18,-11,40.5,1,0,35.0,1,944,944,944,424,101,162,523,731,1136,731,998,1036,998,449,47,102,791,1096,305,70,1,1177,915,279,1612,174,1,4,238,1,35:18,1
2013-14,2225,Tony Parker,Tony,1610612759,SAS,San Antonio Spurs,0041300141,2014-04-20T00:00:00,SAS vs. DAL,W,33.91833333333334,9,16,0.563,0,1,0.0,3,3,1.0,0,4,4,6,1,1,1,1,3,2,21,20,39.8,0,0,35.0,1,1,1,1,483,101,187,450,731,887,731,345,538,1,924,457,643,102,618,305,171,1343,1177,610,196,65,193,155,4,238,1,33:55,1
2013-14,202322,John Wall,John,1610612764,WAS,Washington Wizards,0041300131,2014-04-20T00:00:00,WAS @ CHI,W,34.55,4,14,0.286,0,1,0.0,8,10,0.8,2,4,6,6,3,2,1,1,3,5,16,11,38.2,0,0,34.0,1,1,1,1,457,599,271,1299,731,887,731,53,43,498,226,457,388,102,143,115,171,1343,1177,175,361,248,217,155,4,258,1,34:33,1
2013-14,201587,Nicolas Batum,Nicolas,1610612757,POR,Portland Trail Blazers,0041300171,2014-04-20T00:00:00,POR @ HOU,W,45.04666666666667,6,10,0.6,2,4,0.5,0,0,0.0,1,8,9,3,1,2,1,0,4,1,14,3,37.3,0,0,34.0,1,1,1,1,33,330,537,335,185,336,201,998,1036,998,449,93,151,363,618,115,171,1,1541,915,495,639,241,155,4,258,1,45:03,1
2013-14,1495,Tim Duncan,Tim,1610612759,SAS,San Antonio Spurs,0041300141,2014-04-20T00:00:00,SAS vs. DAL,W,37.65833333333333,12,20,0.6,0,0,0.0,3,5,0.6,2,5,7,0,1,0,0,0,1,6,27,24,34.4,0,0,34.0,1,1,1,1,304,21,80,335,731,1136,731,345,281,722,226,320,285,1185,618,784,499,1,394,102,80,24,305,155,4,258,1,37:40,1
2013-14,203093,Terrence Jones,Terrence,1610612745,HOU,Houston Rockets,0041300171,2014-04-20T00:00:00,HOU vs. POR,L,36.138333333333335,6,10,0.6,0,0,0.0,0,0,0.0,3,10,13,2,0,1,2,1,4,1,12,-3,39.6,1,0,33.0,1,944,944,944,375,330,537,335,731,1136,731,998,1036,998,114,29,41,529,1096,305,70,1343,1541,915,601,1183,198,1,4,276,1,36:08,1
2013-14,201177,Josh McRoberts,Josh,1610612766,CHA,Charlotte Bobcats,0041300111,2014-04-20T00:00:00,CHA @ MIA,L,36.95,6,9,0.667,3,5,0.6,0,0,0.0,0,7,7,4,1,2,0,0,2,2,15,-1,34.4,0,0,33.0,1,944,944,944,337,330,622,209,75,226,167,998,1036,998,924,144,285,237,618,115,499,1,801,610,427,1010,305,155,4,276,1,36:57,1
2013-14,2772,Trevor Ariza,Trevor,1610612764,WAS,Washington Wizards,0041300131,2014-04-20T00:00:00,WAS @ CHI,W,37.9,5,8,0.625,3,5,0.6,5,6,0.833,0,7,7,3,1,0,1,0,2,4,18,10,32.9,0,0,33.0,1,1,1,1,293,458,710,303,75,226,167,166,180,458,924,144,285,363,618,784,171,1,801,272,279,294,351,155,4,276,1,37:54,1
2013-14,2548,Dwyane Wade,Dwyane,1610612748,MIA,Miami Heat,0041300111,2014-04-20T00:00:00,MIA vs. CHA,W,34.001666666666665,10,16,0.625,1,2,0.5,2,3,0.667,0,1,1,5,1,1,0,0,0,2,23,-6,33.7,0,0,32.0,1,1,1,1,478,58,187,303,388,651,201,500,538,646,924,1162,1328,151,618,305,499,1,1,610,148,1382,333,155,4,311,1,34:00,1
2013-14,1938,Manu Ginobili,Manu,1610612759,SAS,San Antonio Spurs,0041300141,2014-04-20T00:00:00,SAS vs. DAL,W,31.383333333333333,4,10,0.4,3,6,0.5,6,6,1.0,0,6,6,3,4,1,0,0,3,5,17,1,27.7,0,0,31.0,1,1,1,1,592,599,537,970,75,128,201,117,180,1,924,198,388,363,70,305,499,1,1177,175,314,796,506,155,4,354,1,31:23,1
2013-14,101162,Marcin Gortat,Marcin,1610612764,WAS,Washington Wizards,0041300131,2014-04-20T00:00:00,WAS @ CHI,W,36.71666666666667,6,10,0.6,0,0,0.0,3,4,0.75,5,8,13,0,3,0,1,1,3,3,15,10,30.6,1,0,30.0,1,1,1,1,346,330,537,335,731,1136,731,345,347,542,30,93,41,1185,143,784,171,1343,1177,413,427,294,404,1,4,378,1,36:43,1
2013-14,202710,Jimmy Butler III,Jimmy,1610612741,CHI,Chicago Bulls,0041300131,2014-04-20T00:00:00,CHI vs. WAS,L,43.766666666666666,6,12,0.5,0,1,0.0,3,7,0.429,1,6,7,2,0,3,0,1,4,6,15,-15,35.4,0,0,30.0,1,944,944,944,59,330,391,534,731,887,731,345,133,962,449,198,285,529,1096,43,499,1343,1541,102,427,1743,279,155,4,378,1,43:46,1
2013-14,2734,Devin Harris,Devin,1610612742,DAL,Dallas Mavericks,0041300141,2014-04-20T00:00:00,DAL @ SAS,L,31.683333333333334,8,16,0.5,3,7,0.429,0,0,0.0,0,3,3,5,3,0,0,1,2,4,19,2,27.1,0,0,30.0,1,944,944,944,577,152,187,534,75,67,409,998,1036,998,924,632,831,151,143,784,499,1343,801,272,247,707,531,155,4,378,1,31:41,1
2013-14,202083,Wesley Matthews,Wesley,1610612757,POR,Portland Trail Blazers,0041300171,2014-04-20T00:00:00,POR @ HOU,W,42.375,6,16,0.375,1,7,0.143,5,6,0.833,1,0,1,1,4,3,0,0,5,9,18,9,25.7,0,0,27.0,1,1,1,1,107,330,187,1056,388,67,718,166,180,458,449,1520,1328,791,70,43,499,1,1747,23,279,334,585,155,4,468,1,42:23,1
2013-14,201168,Tiago Splitter,Tiago,1610612759,SAS,San Antonio Spurs,0041300141,2014-04-20T00:00:00,SAS vs. DAL,W,30.59,3,6,0.5,0,0,0.0,2,4,0.5,3,8,11,2,2,2,0,1,3,2,8,8,28.2,0,0,25.0,1,1,1,1,621,783,915,534,731,1136,731,500,347,751,114,93,76,529,298,115,499,1343,1177,610,858,374,489,155,4,543,1,30:35,1
2013-14,2547,Chris Bosh,Chris,1610612748,MIA,Miami Heat,0041300111,2014-04-20T00:00:00,MIA vs. CHA,W,33.916666666666664,4,13,0.308,2,4,0.5,3,4,0.75,1,3,4,0,1,2,1,0,3,2,13,-4,25.8,0,0,25.0,1,1,1,1,484,599,325,1278,185,336,201,345,347,542,449,632,643,1185,618,115,171,1,1177,610,552,1256,579,155,4,543,1,33:55,1
2013-14,202391,Jeremy Lin,Jeremy,1610612745,HOU,Houston Rockets,0041300171,2014-04-20T00:00:00,HOU vs. POR,L,34.025,5,11,0.455,1,3,0.333,3,3,1.0,3,3,6,4,2,0,0,0,4,4,14,5,25.2,0,0,25.0,1,944,944,944,475,458,459,821,388,477,485,345,538,1,114,632,388,237,298,784,499,1,1541,272,495,522,600,155,4,543,1,34:02,1
2013-14,201149,Joakim Noah,Joakim,1610612741,CHI,Chicago Bulls,0041300131,2014-04-20T00:00:00,CHI vs. WAS,L,39.78333333333333,4,6,0.667,0,0,0.0,2,2,1.0,5,5,10,4,3,0,0,0,3,5,10,-12,25.0,1,0,24.0,1,944,944,944,198,599,915,209,731,1136,731,500,621,1,30,320,102,237,143,784,499,1,1177,175,720,1660,607,1,4,582,1,39:47,1
2013-14,203078,Bradley Beal,Bradley,1610612764,WAS,Washington Wizards,0041300131,2014-04-20T00:00:00,WAS @ CHI,W,41.6,3,11,0.273,0,2,0.0,7,7,1.0,0,2,2,7,0,0,1,0,3,2,13,11,28.9,0,0,24.0,1,1,1,1,130,783,459,1332,731,651,731,82,133,1,924,860,1057,64,1096,784,171,1,1177,610,552,248,464,155,4,582,1,41:36,1
2013-14,201959,Taj Gibson,Taj,1610612741,CHI,Chicago Bulls,0041300131,2014-04-20T00:00:00,CHI vs. WAS,L,29.75,4,6,0.667,0,0,0.0,4,6,0.667,3,3,6,0,1,0,3,0,1,4,12,0,27.2,0,0,24.0,1,944,944,944,654,599,915,209,731,1136,731,230,180,646,114,632,388,1185,618,784,29,1,394,272,601,882,526,155,4,582,1,29:45,1
2013-14,1717,Dirk Nowitzki,Dirk,1610612742,DAL,Dallas Mavericks,0041300141,2014-04-20T00:00:00,DAL @ SAS,L,39.25,4,14,0.286,0,1,0.0,3,4,0.75,1,7,8,1,1,0,2,0,2,2,11,-3,27.1,0,0,24.0,1,944,944,944,226,599,271,1299,731,887,731,345,347,542,449,144,213,791,618,784,70,1,801,610,669,1183,531,155,4,582,1,39:15,1
2013-14,201148,Brandan Wright,Brandan,1610612742,DAL,Dallas Mavericks,0041300141,2014-04-20T00:00:00,DAL @ SAS,L,26.471666666666668,4,5,0.8,0,0,0.0,3,5,0.6,2,1,3,3,2,2,1,0,3,3,11,7,26.1,0,0,23.0,1,944,944,944,805,599,1021,119,731,1136,731,345,281,722,226,1162,831,363,298,115,171,1,1177,413,669,430,560,155,4,619,1,26:28,1
2013-14,201976,Patrick Beverley,Patrick,1610612745,HOU,Houston Rockets,0041300171,2014-04-20T00:00:00,HOU vs. POR,L,38.24166666666667,3,8,0.375,1,4,0.25,2,4,0.5,4,2,6,2,1,1,1,1,6,6,9,-2,24.2,0,0,22.0,1,944,944,944,277,783,710,1056,388,336,614,500,347,751,62,860,388,529,618,305,171,1343,1865,102,777,1106,633,155,4,657,1,38:15,1
2013-14,201571,D.J. Augustin,D.J.,1610612741,CHI,Chicago Bulls,0041300131,2014-04-20T00:00:00,CHI vs. WAS,L,31.883333333333333,3,15,0.2,0,4,0.0,10,10,1.0,2,1,3,3,3,0,0,2,3,5,16,-3,21.1,0,0,22.0,1,944,944,944,573,783,229,1438,731,336,731,18,43,1,226,1162,831,363,143,784,499,1748,1177,175,361,1183,730,155,4,657,1,31:53,1
2013-14,2550,Kirk Hinrich,Kirk,1610612741,CHI,Chicago Bulls,0041300131,2014-04-20T00:00:00,CHI vs. WAS,L,29.0,7,16,0.438,2,5,0.4,0,0,0.0,0,0,0,2,1,1,0,1,5,3,16,-12,21.0,0,0,22.0,1,944,944,944,692,226,187,878,185,226,430,998,1036,998,924,1520,1606,529,618,305,499,1343,1747,413,361,1660,736,155,4,657,1,29:00,1
2013-14,202390,Gary Neal,Gary,1610612766,CHA,Charlotte Bobcats,0041300111,2014-04-20T00:00:00,CHA @ MIA,L,27.833333333333332,7,16,0.438,2,5,0.4,1,2,0.5,1,2,3,0,2,0,0,1,0,2,17,-13,18.6,0,0,22.0,1,944,944,944,748,226,187,878,185,226,430,783,621,751,449,860,831,1185,298,784,499,1343,1,610,314,1687,839,155,4,657,1,27:50,1
2013-14,202695,Kawhi Leonard,Kawhi,1610612759,SAS,San Antonio Spurs,0041300141,2014-04-20T00:00:00,SAS vs. DAL,W,31.39,4,11,0.364,0,3,0.0,3,4,0.75,1,9,10,0,1,0,0,1,2,3,11,23,22.0,1,0,21.0,1,1,1,1,590,599,459,1094,731,477,731,345,347,542,449,47,102,1185,618,784,499,1343,801,413,669,31,700,1,4,693,1,31:23,1
2013-14,2365,Chris Andersen,Chris,1610612748,MIA,Miami Heat,0041300111,2014-04-20T00:00:00,MIA vs. CHA,W,21.633333333333333,3,5,0.6,0,0,0.0,2,4,0.5,3,7,10,1,0,0,1,0,1,2,8,28,24.5,0,0,21.0,1,1,1,1,1006,783,1021,335,731,1136,731,500,347,751,114,144,102,791,1096,784,171,1,394,610,858,13,625,155,4,693,1,21:38,1
2013-14,2430,Carlos Boozer,Carlos,1610612741,CHI,Chicago Bulls,0041300131,2014-04-20T00:00:00,CHI vs. WAS,L,24.0,5,10,0.5,0,0,0.0,1,1,1.0,1,8,9,1,0,0,0,1,1,2,11,-5,23.3,0,0,21.0,1,944,944,944,911,458,537,534,731,1136,731,783,968,1,449,93,151,791,1096,784,499,1343,394,610,669,1316,660,155,4,693,1,24:00,1
2013-14,2399,Mike Dunleavy,Mike,1610612741,CHI,Chicago Bulls,0041300131,2014-04-20T00:00:00,CHI vs. WAS,L,27.35,4,12,0.333,3,8,0.375,0,0,0.0,1,1,2,1,0,1,0,0,2,1,11,-5,17.9,0,0,19.0,1,944,944,944,773,599,391,1129,75,36,471,998,1036,998,449,1162,1057,791,1096,305,499,1,801,915,669,1316,864,155,4,773,1,27:21,1
2013-14,101145,Monta Ellis,Monta,1610612742,DAL,Dallas Mavericks,0041300141,2014-04-20T00:00:00,DAL @ SAS,L,36.141666666666666,4,14,0.286,0,2,0.0,3,4,0.75,1,1,2,1,1,2,0,0,4,3,11,-23,19.9,0,0,18.0,1,944,944,944,374,599,271,1299,731,651,731,345,347,542,449,1162,1057,791,618,115,499,1,1541,413,669,1876,788,155,4,815,1,36:09,1
2013-14,2592,James Jones,James,1610612748,MIA,Miami Heat,0041300111,2014-04-20T00:00:00,MIA vs. CHA,W,14.181666666666667,4,6,0.667,2,3,0.667,2,3,0.667,1,2,3,1,0,0,0,0,1,1,12,18,17.1,0,0,18.0,1,1,1,1,1330,599,915,209,185,477,112,500,538,646,449,860,831,791,1096,784,499,1,394,915,601,83,896,155,4,815,1,14:11,1
2013-14,1890,Shawn Marion,Shawn,1610612742,DAL,Dallas Mavericks,0041300141,2014-04-20T00:00:00,DAL @ SAS,L,26.533333333333335,4,11,0.364,0,2,0.0,0,0,0.0,3,4,7,2,0,0,0,1,1,0,8,-14,19.4,0,0,17.0,1,944,944,944,803,599,459,1094,731,651,731,998,1036,998,114,457,285,529,1096,784,499,1343,394,1301,858,1721,808,155,4,852,1,26:32,1
2013-14,201945,Gerald Henderson,Gerald,1610612766,CHA,Charlotte Bobcats,0041300111,2014-04-20T00:00:00,CHA @ MIA,L,32.36666666666667,3,9,0.333,0,3,0.0,0,1,0.0,1,7,8,3,1,0,0,0,2,2,6,0,19.1,0,0,17.0,1,944,944,944,550,783,622,1129,731,477,731,998,968,998,449,144,213,363,618,784,499,1,801,610,1001,882,823,155,4,852,1,32:22,1
2013-14,201577,Robin Lopez,Robin,1610612757,POR,Portland Trail Blazers,0041300171,2014-04-20T00:00:00,POR @ HOU,W,31.558333333333334,2,7,0.286,0,0,0.0,2,4,0.5,3,5,8,1,1,0,1,0,6,4,6,-15,19.1,0,0,17.0,1,1,1,1,585,987,811,1299,731,1136,731,500,347,751,114,320,213,791,618,784,171,1,1865,272,1001,1743,823,155,4,852,1,31:34,1
2013-14,1713,Vince Carter,Vince,1610612742,DAL,Dallas Mavericks,0041300141,2014-04-20T00:00:00,DAL @ SAS,L,30.331666666666667,5,11,0.455,0,2,0.0,0,0,0.0,0,5,5,1,0,0,0,0,0,2,10,9,17.5,0,0,16.0,1,944,944,944,629,458,459,821,731,651,731,998,1036,998,924,320,496,791,1096,784,499,1,1,610,720,334,880,155,4,901,1,30:20,1
2013-14,203109,Jae Crowder,Jae,1610612742,DAL,Dallas Mavericks,0041300141,2014-04-20T00:00:00,DAL @ SAS,L,11.743333333333334,2,3,0.667,2,2,1.0,0,0,0.0,1,3,4,0,0,1,1,1,3,0,6,16,16.8,0,0,16.0,1,944,944,944,1435,987,1273,209,185,651,1,998,1036,998,449,632,643,1185,1096,305,171,1343,1177,1301,1001,119,911,155,4,901,1,11:45,1
2013-14,201596,Mario Chalmers,Mario,1610612748,MIA,Miami Heat,0041300111,2014-04-20T00:00:00,MIA vs. CHA,W,25.016666666666666,3,7,0.429,1,2,0.5,0,0,0.0,0,3,3,2,0,1,0,0,0,0,7,2,16.6,0,0,15.0,1,1,1,1,868,783,811,891,388,651,201,998,1036,998,924,632,831,529,1096,305,499,1,1,1301,944,707,915,155,4,947,1,25:01,1
2013-14,201980,Danny Green,Danny,1610612759,SAS,San Antonio Spurs,0041300141,2014-04-20T00:00:00,SAS vs. DAL,W,23.9,0,2,0.0,0,1,0.0,0,0,0.0,1,4,5,1,0,2,2,0,1,0,0,-6,19.5,0,0,14.0,1,1,1,1,915,1505,1415,1505,731,887,731,998,1036,998,449,457,496,791,1096,115,70,1,394,1301,1567,1382,803,155,4,992,1,23:54,1
2013-14,203077,Michael Kidd-Gilchrist,Michael,1610612766,CHA,Charlotte Bobcats,0041300111,2014-04-20T00:00:00,CHA @ MIA,L,14.683333333333334,2,4,0.5,0,0,0.0,1,1,1.0,3,4,7,2,1,0,0,1,4,1,5,8,15.4,0,0,14.0,1,944,944,944,1308,987,1145,534,731,1136,731,783,968,1,114,457,285,529,618,784,499,1343,1541,915,1095,374,965,155,4,992,1,14:41,1
2013-14,202344,Trevor Booker,Trevor,1610612764,WAS,Washington Wizards,0041300131,2014-04-20T00:00:00,WAS @ CHI,W,19.466666666666665,1,3,0.333,0,0,0.0,1,2,0.5,0,6,6,1,0,1,0,1,3,2,3,1,14.7,0,0,12.0,1,1,1,1,1092,1208,1273,1129,731,1136,731,783,621,751,924,198,388,791,1096,305,499,1343,1177,610,1282,796,1002,155,4,1085,1,19:28,1
2013-14,2223,Samuel Dalembert,Samuel,1610612742,DAL,Dallas Mavericks,0041300141,2014-04-20T00:00:00,DAL @ SAS,L,17.445,1,2,0.5,0,0,0.0,0,0,0.0,1,7,8,0,0,0,1,0,2,1,2,-11,14.6,0,0,12.0,1,944,944,944,1190,1208,1415,534,731,1136,731,998,1036,998,449,144,213,1185,1096,784,171,1,801,915,1377,1612,1009,155,4,1085,1,17:27,1
2013-14,203080,Thomas Robinson,Thomas,1610612757,POR,Portland Trail Blazers,0041300171,2014-04-20T00:00:00,POR @ HOU,W,14.493333333333334,1,4,0.25,0,0,0.0,1,2,0.5,3,3,6,0,0,0,1,1,3,1,3,11,13.2,0,0,11.0,1,1,1,1,1319,1208,1145,1349,731,1136,731,783,621,751,114,632,388,1185,1096,784,171,1343,1177,915,1282,248,1068,155,4,1128,1,14:30,1
2013-14,2590,Mo Williams,Mo,1610612757,POR,Portland Trail Blazers,0041300171,2014-04-20T00:00:00,POR @ HOU,W,26.825,1,6,0.167,1,4,0.25,0,0,0.0,0,1,1,2,2,2,0,1,4,0,3,-6,11.2,0,0,11.0,1,1,1,1,795,1208,915,1471,388,336,614,998,1036,998,924,1162,1328,529,298,115,499,1343,1541,1301,1282,1382,1173,155,4,1128,1,26:50,1
2013-14,1889,Andre Miller,Andre,1610612764,WAS,Washington Wizards,0041300131,2014-04-20T00:00:00,WAS @ CHI,W,13.655,5,7,0.714,0,0,0.0,0,0,0.0,1,0,1,0,1,0,0,0,2,0,10,2,10.2,0,0,11.0,1,1,1,1,1354,458,811,184,731,1136,731,998,1036,998,449,1520,1328,1185,618,784,499,1,801,1301,720,707,1218,155,4,1128,1,13:39,1
2013-14,202708,Norris Cole,Norris,1610612748,MIA,Miami Heat,0041300111,2014-04-20T00:00:00,MIA vs. CHA,W,28.783333333333335,3,5,0.6,1,1,1.0,0,0,0.0,0,1,1,2,2,0,0,1,2,0,7,11,9.2,0,0,11.0,1,1,1,1,706,783,1021,335,388,887,1,998,1036,998,924,1162,1328,529,298,784,499,1343,801,1301,944,248,1275,155,4,1128,1,28:47,1
2013-14,101181,Jose Calderon,Jose,1610612742,DAL,Dallas Mavericks,0041300141,2014-04-20T00:00:00,DAL @ SAS,L,16.316666666666666,3,9,0.333,1,2,0.5,0,0,0.0,0,0,0,2,1,0,0,0,2,1,7,-7,9.0,0,0,10.0,1,944,944,944,1235,783,622,1129,388,651,201,998,1036,998,924,1520,1606,529,618,784,499,1,801,915,944,1440,1289,155,4,1187,1,16:19,1
2013-14,2564,Boris Diaw,Boris,1610612759,SAS,San Antonio Spurs,0041300141,2014-04-20T00:00:00,SAS vs. DAL,W,22.586666666666666,2,8,0.25,0,1,0.0,0,0,0.0,1,1,2,2,0,0,0,2,1,0,4,-22,9.4,0,0,8.0,1,1,1,1,966,987,710,1349,731,887,731,998,1036,998,449,1162,1057,529,1096,784,499,1748,394,1301,1173,1865,1259,155,4,1289,1,22:35,1
2013-14,201600,Omer Asik,Omer,1610612745,HOU,Houston Rockets,0041300171,2014-04-20T00:00:00,HOU vs. POR,L,12.333333333333334,1,2,0.5,0,0,0.0,0,0,0.0,3,3,6,0,2,0,0,0,5,0,2,-3,7.2,0,0,8.0,1,944,944,944,1406,1208,1415,534,731,1136,731,998,1036,998,114,632,388,1185,298,784,499,1,1747,1301,1377,1183,1378,155,4,1289,1,12:20,1
2013-14,2617,Udonis Haslem,Udonis,1610612748,MIA,Miami Heat,0041300111,2014-04-20T00:00:00,MIA vs. CHA,W,13.033333333333333,0,2,0.0,0,0,0.0,2,2,1.0,0,3,3,0,0,0,1,1,0,1,2,-14,8.6,0,0,7.0,1,1,1,1,1382,1505,1415,1505,731,1136,731,500,621,1,924,632,831,1185,1096,784,171,1343,1,915,1377,1721,1307,155,4,1343,1,13:02,1
2013-14,101128,Francisco Garcia,Francisco,1610612745,HOU,Houston Rockets,0041300171,2014-04-20T00:00:00,HOU vs. POR,L,18.123333333333335,1,4,0.25,0,3,0.0,3,4,0.75,1,1,2,0,0,0,0,0,2,2,5,7,7.4,0,0,7.0,1,944,944,944,1156,1208,1145,1349,731,477,731,345,347,542,449,1162,1057,1185,1096,784,499,1,801,610,1095,430,1364,155,4,1343,1,18:07,1
2013-14,951,Ray Allen,Ray,1610612748,MIA,Miami Heat,0041300111,2014-04-20T00:00:00,MIA vs. CHA,W,22.866666666666667,0,4,0.0,0,1,0.0,0,0,0.0,1,1,2,2,0,1,0,0,3,0,0,15,8.4,0,0,6.0,1,1,1,1,952,1505,1145,1505,731,887,731,998,1036,998,449,1162,1057,529,1096,305,499,1,1177,1301,1567,138,1321,155,4,1399,1,22:52,1
2013-14,101110,Martell Webster,Martell,1610612764,WAS,Washington Wizards,0041300131,2014-04-20T00:00:00,WAS @ CHI,W,16.5,1,3,0.333,1,3,0.333,0,1,0.0,0,1,1,1,0,0,0,0,3,2,3,-3,5.7,0,0,6.0,1,1,1,1,1229,1208,1273,1129,388,477,485,998,968,998,924,1162,1328,791,1096,784,499,1,1177,610,1282,1183,1442,155,4,1399,1,16:30,1
2013-14,203469,Cody Zeller,Cody,1610612766,CHA,Charlotte Bobcats,0041300111,2014-04-20T00:00:00,CHA @ MIA,L,11.05,2,3,0.667,0,0,0.0,0,0,0.0,1,0,1,0,0,0,0,0,0,0,4,-10,5.2,0,0,5.0,1,944,944,944,1456,987,1273,209,731,1136,731,998,1036,998,449,1520,1328,1185,1096,784,499,1,1,1301,1173,1568,1471,155,4,1446,1,11:03,1
2013-14,2748,Dorell Wright,Dorell,1610612757,POR,Portland Trail Blazers,0041300171,2014-04-20T00:00:00,POR @ HOU,W,12.783333333333333,0,3,0.0,0,2,0.0,0,0,0.0,0,2,2,0,0,0,1,0,1,0,0,-10,5.4,0,0,4.0,1,1,1,1,1389,1505,1273,1505,731,651,731,998,1036,998,924,860,1057,1185,1096,784,171,1,394,1301,1567,1568,1462,155,4,1505,1,12:47,1
2013-14,2557,Luke Ridnour,Luke,1610612766,CHA,Charlotte Bobcats,0041300111,2014-04-20T00:00:00,CHA @ MIA,L,9.966666666666667,1,5,0.2,0,1,0.0,0,0,0.0,0,0,0,2,1,0,0,0,0,1,2,-11,4.0,0,0,4.0,1,944,944,944,1493,1208,1021,1438,731,887,731,998,1036,998,924,1520,1606,529,618,784,499,1,1,915,1377,1612,1538,155,4,1505,1,9:58,1
2013-14,203503,Tony Snell,Tony,1610612741,CHI,Chicago Bulls,0041300131,2014-04-20T00:00:00,CHI vs. WAS,L,12.0,1,4,0.25,0,2,0.0,0,0,0.0,0,1,1,0,0,0,0,0,3,0,2,8,3.2,0,0,3.0,1,944,944,944,1418,1208,1145,1349,731,651,731,998,1036,998,924,1162,1328,1185,1096,784,499,1,1177,1301,1377,374,1574,155,4,1573,1,12:00,1
2013-14,201988,Patty Mills,Patty,1610612759,SAS,San Antonio Spurs,0041300141,2014-04-20T00:00:00,SAS vs. DAL,W,14.081666666666667,1,4,0.25,0,3,0.0,0,0,0.0,0,1,1,0,1,0,0,0,2,0,2,-15,2.2,0,0,3.0,1,1,1,1,1333,1208,1145,1349,731,477,731,998,1036,998,924,1162,1328,1185,618,784,499,1,801,1301,1377,1743,1644,155,4,1573,1,14:05,1
2013-14,1740,Rashard Lewis,Rashard,1610612748,MIA,Miami Heat,0041300111,2014-04-20T00:00:00,MIA vs. CHA,W,8.033333333333333,0,2,0.0,0,2,0.0,0,0,0.0,0,2,2,0,0,0,0,0,1,0,0,5,2.4,0,0,2.0,1,1,1,1,1553,1505,1415,1505,731,651,731,998,1036,998,924,860,1057,1185,1096,784,499,1,394,1301,1567,522,1632,155,4,1628,1,8:02,1
2013-14,201158,Marco Belinelli,Marco,1610612759,SAS,San Antonio Spurs,0041300141,2014-04-20T00:00:00,SAS vs. DAL,W,11.991666666666667,0,4,0.0,0,2,0.0,0,0,0.0,0,2,2,0,0,0,0,0,0,1,0,-6,2.4,0,0,2.0,1,1,1,1,1421,1505,1145,1505,731,651,731,998,1036,998,924,860,1057,1185,1096,784,499,1,1,915,1567,1382,1632,155,4,1628,1,11:60,1
2013-14,202687,Bismack Biyombo,Bismack,1610612766,CHA,Charlotte Bobcats,0041300111,2014-04-20T00:00:00,CHA @ MIA,L,7.633333333333334,0,0,0.0,0,0,0.0,0,0,0.0,1,1,2,0,0,0,0,0,1,0,0,-8,2.4,0,0,2.0,1,944,944,944,1563,1505,1728,1505,731,1136,731,998,1036,998,449,1162,1057,1185,1096,784,499,1,394,1301,1567,1487,1632,155,4,1628,1,7:38,1
2013-14,201604,Chris Douglas-Roberts,Chris,1610612766,CHA,Charlotte Bobcats,0041300111,2014-04-20T00:00:00,CHA @ MIA,L,21.116666666666667,0,1,0.0,0,1,0.0,1,2,0.5,0,1,1,0,1,0,0,0,3,0,1,-17,1.2,0,0,2.0,1,944,944,944,1029,1505,1565,1505,731,887,731,783,621,751,924,1162,1328,1185,618,784,499,1,1177,1301,1541,1789,1694,155,4,1628,1,21:07,1
2013-14,1737,Nazr Mohammed,Nazr,1610612741,CHI,Chicago Bulls,0041300131,2014-04-20T00:00:00,CHI vs. WAS,L,2.466666666666667,0,0,0.0,0,0,0.0,0,0,0.0,0,1,1,0,0,0,0,0,3,0,0,-1,1.2,0,0,1.0,1,944,944,944,1772,1505,1728,1505,731,1136,731,998,1036,998,924,1162,1328,1185,1096,784,499,1,1177,1301,1567,1010,1694,155,4,1690,1,2:28,1
2013-14,1733,Al Harrington,Al,1610612764,WAS,Washington Wizards,0041300131,2014-04-20T00:00:00,WAS @ CHI,W,1.7133333333333334,0,1,0.0,0,0,0.0,0,0,0.0,0,1,1,0,0,0,0,0,0,0,0,-3,1.2,0,0,1.0,1,1,1,1,1806,1505,1565,1505,731,1136,731,998,1036,998,924,1162,1328,1185,1096,784,499,1,1,1301,1567,1183,1694,155,4,1690,1,1:43,1
2013-14,200777,Joel Freeland,Joel,1610612757,POR,Portland Trail Blazers,0041300171,2014-04-20T00:00:00,POR @ HOU,W,0.79,0,0,0.0,0,0,0.0,1,2,0.5,0,0,0,0,0,0,0,0,0,1,1,-3,1.0,0,0,1.0,1,1,1,1,1854,1505,1728,1505,731,1136,731,783,621,751,924,1520,1606,1185,1096,784,499,1,1,915,1541,1183,1749,155,4,1690,1,0:47,1
2013-14,201229,Anthony Tolliver,Anthony,1610612766,CHA,Charlotte Bobcats,0041300111,2014-04-20T00:00:00,CHA @ MIA,L,5.066666666666666,0,0,0.0,0,0,0.0,0,0,0.0,0,0,0,0,0,0,0,0,1,0,0,8,0.0,0,0,0.0,1,944,944,944,1656,1505,1728,1505,731,1136,731,998,1036,998,924,1520,1606,1185,1096,784,499,1,394,1301,1567,374,1769,155,4,1775,1,5:04,1
2013-14,2588,Matt Bonner,Matt,1610612759,SAS,San Antonio Spurs,0041300141,2014-04-20T00:00:00,SAS vs. DAL,W,2.4233333333333333,0,0,0.0,0,0,0.0,0,0,0.0,0,0,0,0,0,0,0,0,0,0,0,0,0.0,0,0,0.0,1,1,1,1,1775,1505,1728,1505,731,1136,731,998,1036,998,924,1520,1606,1185,1096,784,499,1,1,1301,1567,882,1769,155,4,1775,1,2:25,1
2013-14,202066,Garrett Temple,Garrett,1610612764,WAS,Washington Wizards,0041300131,2014-04-20T00:00:00,WAS @ CHI,W,0.13166666666666665,0,0,0.0,0,0,0.0,0,0,0.0,0,0,0,0,0,0,0,0,0,0,0,0,0.0,0,0,0.0,1,1,1,1,1890,1505,1728,1505,731,1136,731,998,1036,998,924,1520,1606,1185,1096,784,499,1,1,1301,1567,882,1769,155,4,1775,1,0:08,1
2013-14,201971,DeJuan Blair,DeJuan,1610612742,DAL,Dallas Mavericks,0041300141,2014-04-20T00:00:00,DAL @ SAS,L,4.083333333333333,0,0,0.0,0,0,0.0,0,0,0.0,0,0,0,0,0,0,0,0,0,0,0,-1,0.0,0,0,0.0,1,944,944,944,1696,1505,1728,1505,731,1136,731,998,1036,998,924,1520,1606,1185,1096,784,499,1,1,1301,1567,1010,1769,155,4,1775,1,4:05,1
2013-14,2400,Drew Gooden,Drew,1610612764,WAS,Washington Wizards,0041300131,2014-04-20T00:00:00,WAS @ CHI,W,2.533333333333333,0,0,0.0,0,0,0.0,0,0,0.0,0,0,0,0,0,0,0,0,1,0,0,-1,0.0,0,0,0.0,1,1,1,1,1767,1505,1728,1505,731,1136,731,998,1036,998,924,1520,1606,1185,1096,784,499,1,394,1301,1567,1010,1769,155,4,1775,1,2:32,1
2013-14,201965,Jeff Ayres,Jeff,1610612759,SAS,San Antonio Spurs,0041300141,2014-04-20T00:00:00,SAS vs. DAL,W,0.07666666666666666,0,0,0.0,0,0,0.0,0,0,0.0,0,0,0,0,0,0,0,0,0,0,0,-2,0.0,0,0,0.0,1,1,1,1,1895,1505,1728,1505,731,1136,731,998,1036,998,924,1520,1606,1185,1096,784,499,1,1,1301,1567,1106,1769,155,4,1775,1,0:05,1
2013-14,203115,Will Barton,Will,1610612757,POR,Portland Trail Blazers,0041300171,2014-04-20T00:00:00,POR @ HOU,W,0.37833333333333335,0,1,0.0,0,1,0.0,0,0,0.0,0,0,0,0,0,0,0,0,0,0,0,-3,0.0,0,0,0.0,1,1,1,1,1877,1505,1565,1505,731,887,731,998,1036,998,924,1520,1606,1185,1096,784,499,1,1,1301,1567,1183,1769,155,4,1775,1,0:23,1
2013-14,101108,Chris Paul,Chris,1610612746,LAC,Los Angeles Clippers,0041300161,2014-04-19T00:00:00,LAC vs. GSW,L,36.235,10,23,0.435,5,9,0.556,3,6,0.5,1,6,7,8,6,4,0,1,5,4,28,9,54.4,0,0,56.0,1,944,944,944,370,58,28,888,14,23,199,345,180,751,449,198,285,42,11,15,499,1343,1747,272,69,334,48,155,4,20,1,36:14,1
2013-14,202331,Paul George,Paul,1610612754,IND,Indiana Pacers,0041300101,2014-04-19T00:00:00,IND vs. ATL,L,40.61666666666667,6,18,0.333,3,8,0.375,9,12,0.75,4,6,10,5,2,4,2,3,3,6,24,-1,59.5,1,0,54.0,1,944,944,944,171,330,125,1129,75,36,471,30,20,542,62,198,102,151,298,15,70,1865,1177,102,130,1010,19,1,4,29,1,40:37,1
2013-14,201142,Kevin Durant,Kevin,1610612760,OKC,Oklahoma City Thunder,0041300151,2014-04-19T00:00:00,OKC vs. MEM,W,43.156666666666666,13,25,0.52,3,7,0.429,4,6,0.667,1,7,8,7,3,1,0,0,1,4,33,10,53.1,0,0,53.0,1,1,1,1,82,10,13,533,75,67,409,230,180,646,449,144,213,64,143,305,499,1,394,272,22,294,53,155,4,32,1,43:09,1
2013-14,200768,Kyle Lowry,Kyle,1610612761,TOR,Toronto Raptors,0041300121,2014-04-19T00:00:00,TOR vs. BKN,L,44.03333333333333,7,18,0.389,3,7,0.429,5,6,0.833,1,6,7,8,5,2,0,1,3,7,22,-12,43.4,0,0,44.0,1,944,944,944,51,226,125,1040,75,67,409,166,180,458,449,198,285,42,29,115,499,1343,1177,64,166,1660,138,155,4,102,1,44:02,1
2013-14,202685,Jonas Valančiūnas,Jonas,1610612761,TOR,Toronto Raptors,0041300121,2014-04-19T00:00:00,TOR vs. BKN,L,35.0,7,13,0.538,0,0,0.0,3,4,0.75,5,13,18,2,6,0,2,1,3,4,17,-17,41.6,1,0,41.0,1,944,944,944,437,226,325,499,731,1136,731,345,347,542,30,9,3,529,11,784,70,1343,1177,272,314,1789,156,1,4,129,1,35:00,1
2013-14,2207,Joe Johnson,Joe,1610612751,BKN,Brooklyn Nets,0041300121,2014-04-19T00:00:00,BKN @ TOR,W,44.50666666666667,8,13,0.615,0,1,0.0,8,8,1.0,0,8,8,4,2,2,0,1,2,4,24,15,43.6,0,0,40.0,1,1,1,1,46,152,325,324,731,887,731,53,91,1,924,93,213,237,298,115,499,1343,801,272,130,138,131,155,4,143,1,44:30,1
2013-14,200794,Paul Millsap,Paul,1610612737,ATL,Atlanta Hawks,0041300101,2014-04-19T00:00:00,ATL @ IND,W,36.36666666666667,7,17,0.412,2,4,0.5,9,11,0.818,0,8,8,1,1,1,1,3,1,11,25,6,41.1,0,0,40.0,1,1,1,1,362,226,162,962,185,336,201,30,34,493,924,93,213,791,618,305,171,1865,394,3,107,482,164,155,4,143,1,36:22,1
2013-14,202691,Klay Thompson,Klay,1610612744,GSW,Golden State Warriors,0041300161,2014-04-19T00:00:00,GSW @ LAC,W,41.11666666666667,7,20,0.35,4,7,0.571,4,6,0.667,2,5,7,5,4,0,1,0,4,4,22,4,36.9,0,0,40.0,1,1,1,1,151,226,80,1123,31,67,187,230,180,646,226,320,285,151,70,784,171,1,1541,272,166,576,253,155,4,143,1,41:07,1
2013-14,201599,DeAndre Jordan,DeAndre,1610612746,LAC,Los Angeles Clippers,0041300161,2014-04-19T00:00:00,LAC vs. GSW,L,44.973333333333336,4,5,0.8,0,0,0.0,3,8,0.375,5,9,14,0,7,2,5,0,3,6,11,-1,41.8,1,0,39.0,1,944,944,944,36,599,1021,119,731,1136,731,345,91,969,30,47,24,1185,3,115,2,1,1177,102,669,1010,153,1,4,163,1,44:58,1
2013-14,201952,Jeff Teague,Jeff,1610612737,ATL,Atlanta Hawks,0041300101,2014-04-19T00:00:00,ATL @ IND,W,35.43333333333333,9,19,0.474,1,3,0.333,9,10,0.9,0,3,3,5,2,1,0,0,2,6,28,8,40.1,0,0,39.0,1,1,1,1,419,101,101,796,388,477,485,30,43,407,924,632,831,151,298,305,499,1,801,102,69,374,186,155,4,163,1,35:26,1
2013-14,201144,Mike Conley,Mike,1610612763,MEM,Memphis Grizzlies,0041300151,2014-04-19T00:00:00,MEM @ OKC,L,39.14333333333333,6,15,0.4,0,6,0.0,4,5,0.8,0,5,5,11,1,3,0,1,1,6,16,-10,46.5,1,0,38.0,1,944,944,944,233,330,229,970,731,128,731,230,281,498,924,320,496,11,618,43,499,1343,394,102,361,1568,103,1,4,178,1,39:09,1
2013-14,201566,Russell Westbrook,Russell,1610612760,OKC,Oklahoma City Thunder,0041300151,2014-04-19T00:00:00,OKC vs. MEM,W,32.501666666666665,8,19,0.421,0,5,0.0,7,7,1.0,1,9,10,5,5,0,0,0,1,4,23,6,37.5,1,0,38.0,1,1,1,1,545,152,101,943,731,226,731,82,133,1,449,47,102,151,29,784,499,1,394,272,148,482,235,1,4,178,1,32:30,1
2013-14,101135,David Lee,David,1610612744,GSW,Golden State Warriors,0041300161,2014-04-19T00:00:00,GSW @ LAC,W,35.55833333333333,8,13,0.615,0,0,0.0,4,4,1.0,3,10,13,3,6,1,0,3,4,3,20,3,37.1,1,0,38.0,1,1,1,1,411,152,325,324,731,1136,731,230,347,1,114,29,41,363,11,305,499,1865,1541,413,218,639,245,1,4,178,1,35:34,1
2013-14,2216,Zach Randolph,Zach,1610612763,MEM,Memphis Grizzlies,0041300151,2014-04-19T00:00:00,MEM @ OKC,L,38.75666666666667,7,21,0.333,0,0,0.0,7,12,0.583,8,3,11,3,1,0,1,3,5,8,21,-2,40.7,1,0,37.0,1,944,944,944,251,226,60,1129,731,1136,731,82,20,741,4,632,76,363,618,784,171,1865,1747,40,196,1106,172,1,4,204,1,38:45,1
2013-14,201586,Serge Ibaka,Serge,1610612760,OKC,Oklahoma City Thunder,0041300151,2014-04-19T00:00:00,OKC vs. MEM,W,34.223333333333336,6,8,0.75,0,0,0.0,5,5,1.0,2,7,9,1,1,0,4,0,3,4,17,9,40.3,0,0,35.0,1,1,1,1,470,330,710,145,731,1136,731,166,281,1,226,144,151,791,618,784,10,1,1177,272,314,334,179,155,4,238,1,34:13,1
2013-14,202349,Greivis Vasquez,Greivis,1610612761,TOR,Toronto Raptors,0041300121,2014-04-19T00:00:00,TOR vs. BKN,L,29.216666666666665,5,11,0.455,3,5,0.6,5,5,1.0,0,4,4,8,1,0,0,0,4,2,18,8,33.8,0,0,33.0,1,944,944,944,681,458,459,821,75,226,167,166,281,1,924,457,643,42,618,784,499,1,1541,610,279,374,330,155,4,276,1,29:13,1
2013-14,201188,Marc Gasol,Marc,1610612763,MEM,Memphis Grizzlies,0041300151,2014-04-19T00:00:00,MEM @ OKC,L,44.85666666666667,7,19,0.368,0,0,0.0,2,5,0.4,1,5,6,4,1,3,0,0,3,6,16,-15,37.2,0,0,32.0,1,944,944,944,42,226,101,1087,731,1136,731,500,281,965,449,320,388,237,618,43,499,1,1177,102,361,1743,243,155,4,311,1,44:51,1
2013-14,101114,Deron Williams,Deron,1610612751,BKN,Brooklyn Nets,0041300121,2014-04-19T00:00:00,BKN @ TOR,W,38.8,8,20,0.4,2,6,0.333,6,6,1.0,0,1,1,3,1,1,0,1,2,8,24,20,31.7,0,0,32.0,1,1,1,1,248,152,80,970,185,128,485,117,180,1,924,1162,1328,363,618,305,499,1343,801,40,130,65,381,155,4,311,1,38:48,1
2013-14,200755,JJ Redick,JJ,1610612746,LAC,Los Angeles Clippers,0041300161,2014-04-19T00:00:00,LAC vs. GSW,L,30.06,8,11,0.727,4,5,0.8,2,2,1.0,1,1,2,2,0,1,0,1,1,5,22,2,30.4,0,0,32.0,1,944,944,944,638,152,459,180,31,226,83,500,621,1,449,1162,1057,529,1096,305,499,1343,394,175,166,707,409,155,4,311,1,30:04,1
2013-14,201939,Stephen Curry,Stephen,1610612744,GSW,Golden State Warriors,0041300161,2014-04-19T00:00:00,GSW @ LAC,W,44.65,6,16,0.375,2,6,0.333,0,0,0.0,1,2,3,7,7,3,0,2,1,2,14,5,30.1,0,0,32.0,1,1,1,1,44,330,187,1056,185,128,485,998,1036,998,449,860,831,64,3,43,499,1748,394,610,495,522,417,155,4,311,1,44:39,1
2013-14,202362,Lance Stephenson,Lance,1610612754,IND,Indiana Pacers,0041300101,2014-04-19T00:00:00,IND vs. ATL,L,35.45,8,18,0.444,3,6,0.5,0,0,0.0,1,6,7,1,2,1,0,2,3,1,19,-8,29.9,0,0,32.0,1,944,944,944,417,152,125,849,75,128,201,998,1036,998,449,198,285,791,298,305,499,1748,1177,915,247,1487,430,155,4,311,1,35:27,1
2013-14,201960,DeMarre Carroll,DeMarre,1610612737,ATL,Atlanta Hawks,0041300101,2014-04-19T00:00:00,ATL @ IND,W,38.58166666666666,4,7,0.571,2,4,0.5,2,4,0.5,5,5,10,1,3,1,1,1,3,4,12,15,28.5,1,0,29.0,1,1,1,1,262,599,811,418,185,336,201,500,347,751,30,320,102,791,143,305,171,1343,1177,272,601,138,476,1,4,404,1,38:35,1
2013-14,1718,Paul Pierce,Paul,1610612751,BKN,Brooklyn Nets,0041300121,2014-04-19T00:00:00,BKN @ TOR,W,35.53333333333333,6,13,0.462,2,5,0.4,1,1,1.0,0,4,4,4,1,1,1,1,2,3,15,20,30.8,0,0,29.0,1,1,1,1,413,330,325,805,185,226,430,783,968,1,924,457,643,237,618,305,171,1343,801,413,427,65,399,155,4,404,1,35:32,1
2013-14,203084,Harrison Barnes,Harrison,1610612744,GSW,Golden State Warriors,0041300161,2014-04-19T00:00:00,GSW @ LAC,W,23.525,4,11,0.364,3,6,0.5,3,6,0.5,3,5,8,1,0,0,1,1,2,3,14,6,28.1,0,0,28.0,1,1,1,1,934,599,459,1094,75,128,201,345,180,751,114,320,213,791,1096,784,171,1343,801,413,495,482,493,155,4,434,1,23:32,1
2013-14,2594,Kyle Korver,Kyle,1610612737,ATL,Atlanta Hawks,0041300101,2014-04-19T00:00:00,ATL @ IND,W,33.81666666666667,5,12,0.417,2,7,0.286,0,0,0.0,1,4,5,1,1,1,2,0,1,2,12,12,27.5,0,0,26.0,1,1,1,1,486,458,391,949,185,67,598,998,1036,998,449,457,496,791,618,305,70,1,394,610,601,210,514,155,4,506,1,33:49,1
2013-14,201933,Blake Griffin,Blake,1610612746,LAC,Los Angeles Clippers,0041300161,2014-04-19T00:00:00,LAC vs. GSW,L,19.231666666666666,6,13,0.462,0,0,0.0,4,4,1.0,2,1,3,3,1,0,1,0,6,4,16,9,26.1,0,0,24.0,1,944,944,944,1107,330,325,805,731,1136,731,230,347,1,226,1162,831,363,618,784,171,1,1865,272,361,334,560,155,4,582,1,19:14,1
2013-14,202704,Reggie Jackson,Reggie,1610612760,OKC,Oklahoma City Thunder,0041300151,2014-04-19T00:00:00,OKC vs. MEM,W,23.9,1,5,0.2,0,2,0.0,7,8,0.875,0,8,8,4,0,0,1,0,2,4,9,9,27.6,0,0,23.0,1,1,1,1,915,1208,1021,1438,731,651,731,82,91,422,924,93,213,237,1096,784,171,1,801,272,777,334,510,155,4,619,1,23:54,1
2013-14,203110,Draymond Green,Draymond,1610612744,GSW,Golden State Warriors,0041300161,2014-04-19T00:00:00,GSW @ LAC,W,22.07,2,5,0.4,1,3,0.333,2,4,0.5,1,6,7,4,1,0,2,1,3,2,7,17,26.4,0,0,23.0,1,1,1,1,989,987,1021,970,388,477,485,500,347,751,449,198,285,237,618,784,70,1343,1177,610,944,100,552,155,4,619,1,22:04,1
2013-14,2754,Tony Allen,Tony,1610612763,MEM,Memphis Grizzlies,0041300151,2014-04-19T00:00:00,MEM @ OKC,L,32.75,6,12,0.5,0,1,0.0,1,1,1.0,2,4,6,1,2,1,0,2,4,1,13,9,22.7,0,0,22.0,1,944,944,944,537,330,391,534,731,887,731,783,968,1,226,457,388,791,298,305,499,1748,1541,915,552,334,683,155,4,657,1,32:45,1
2013-14,201175,Glen Davis,Glen,1610612746,LAC,Los Angeles Clippers,0041300161,2014-04-19T00:00:00,LAC vs. GSW,L,21.506666666666668,3,4,0.75,0,0,0.0,0,0,0.0,1,5,6,3,0,3,0,0,1,1,6,-4,26.7,0,0,21.0,1,944,944,944,1014,783,1145,145,731,1136,731,998,1036,998,449,320,388,363,1096,43,499,1,394,915,1001,1256,545,155,4,693,1,21:30,1
2013-14,201588,George Hill,George,1610612754,IND,Indiana Pacers,0041300101,2014-04-19T00:00:00,IND vs. ATL,L,34.833333333333336,5,8,0.625,0,2,0.0,2,3,0.667,0,3,3,4,0,1,0,0,2,2,12,-11,24.6,0,0,21.0,1,944,944,944,445,458,710,303,731,651,731,500,538,646,924,632,831,237,1096,305,499,1,801,610,601,1612,623,155,4,693,1,34:50,1
2013-14,708,Kevin Garnett,Kevin,1610612751,BKN,Brooklyn Nets,0041300121,2014-04-19T00:00:00,BKN @ TOR,W,20.083333333333332,1,5,0.2,0,0,0.0,3,6,0.5,1,7,8,1,1,2,1,0,2,4,5,10,24.1,0,0,20.0,1,1,1,1,1068,1208,1021,1438,731,1136,731,345,180,751,449,144,213,791,618,115,171,1,801,272,1095,294,642,155,4,731,1,20:05,1
2013-14,202323,Evan Turner,Evan,1610612754,IND,Indiana Pacers,0041300101,2014-04-19T00:00:00,IND vs. ATL,L,18.35,4,6,0.667,1,1,1.0,0,0,0.0,0,7,7,3,2,0,0,0,2,2,9,-3,19.9,0,0,20.0,1,944,944,944,1147,599,915,209,388,887,1,998,1036,998,924,144,285,363,298,784,499,1,801,610,777,1183,788,155,4,731,1,18:21,1
2013-14,201954,Darren Collison,Darren,1610612746,LAC,Los Angeles Clippers,0041300161,2014-04-19T00:00:00,LAC vs. GSW,L,25.91,2,9,0.222,0,0,0.0,4,6,0.667,2,0,2,1,2,3,1,2,2,3,8,-9,21.9,0,0,19.0,1,944,944,944,827,987,622,1424,731,1136,731,230,180,646,226,1520,1057,791,298,43,171,1748,801,413,858,1528,705,155,4,773,1,25:55,1
2013-14,202335,Patrick Patterson,Patrick,1610612761,TOR,Toronto Raptors,0041300121,2014-04-19T00:00:00,TOR vs. BKN,L,26.305,4,8,0.5,1,2,0.5,0,0,0.0,1,4,5,2,0,0,1,0,1,0,9,5,21.0,0,0,19.0,1,944,944,944,810,599,710,534,388,651,201,998,1036,998,449,457,496,529,1096,784,171,1,394,1301,777,522,736,155,4,773,1,26:18,1
2013-14,979,Jermaine O'Neal,Jermaine,1610612744,GSW,Golden State Warriors,0041300161,2014-04-19T00:00:00,GSW @ LAC,W,25.225,6,9,0.667,0,0,0.0,1,1,1.0,3,0,3,1,1,1,0,0,4,4,13,-11,20.1,0,0,19.0,1,1,1,1,859,330,622,209,731,1136,731,783,968,1,114,1520,831,791,618,305,499,1,1541,272,552,1612,777,155,4,773,1,25:14,1
2013-14,201942,DeMar DeRozan,DeMar,1610612761,TOR,Toronto Raptors,0041300121,2014-04-19T00:00:00,TOR vs. BKN,L,37.083333333333336,3,13,0.231,0,4,0.0,8,8,1.0,0,2,2,1,3,0,1,0,2,5,14,-10,17.9,0,0,19.0,1,944,944,944,331,783,325,1422,731,336,731,53,91,1,924,860,1057,791,143,784,171,1,801,175,495,1568,864,155,4,773,1,37:05,1
2013-14,2406,Caron Butler,Caron,1610612760,OKC,Oklahoma City Thunder,0041300151,2014-04-19T00:00:00,OKC vs. MEM,W,30.883333333333333,3,7,0.429,1,1,1.0,2,2,1.0,0,5,5,1,0,1,0,1,2,3,9,18,19.5,0,0,18.0,1,1,1,1,611,783,811,891,388,887,1,500,621,1,924,320,496,791,1096,305,499,1343,801,413,777,83,803,155,4,815,1,30:53,1
2013-14,2561,David West,David,1610612754,IND,Indiana Pacers,0041300101,2014-04-19T00:00:00,IND vs. ATL,L,29.383333333333333,4,10,0.4,0,1,0.0,0,0,0.0,2,1,3,4,3,0,1,0,4,3,8,4,17.6,0,0,17.0,1,944,944,944,670,599,537,970,731,887,731,998,1036,998,226,1162,831,237,143,784,171,1,1541,413,858,576,872,155,4,852,1,29:23,1
2013-14,203544,Pero Antic,Pero,1610612737,ATL,Atlanta Hawks,0041300101,2014-04-19T00:00:00,ATL @ IND,W,28.0,3,7,0.429,2,5,0.4,0,0,0.0,1,6,7,0,1,0,0,0,4,1,8,8,15.4,0,0,17.0,1,1,1,1,739,783,811,891,185,226,430,998,1036,998,449,198,285,1185,618,784,499,1,1541,915,858,374,965,155,4,852,1,28:00,1
2013-14,2733,Shaun Livingston,Shaun,1610612751,BKN,Brooklyn Nets,0041300121,2014-04-19T00:00:00,BKN @ TOR,W,29.3,4,6,0.667,0,0,0.0,2,2,1.0,0,3,3,3,0,0,0,1,4,1,10,4,18.1,0,0,16.0,1,1,1,1,674,599,915,209,731,1136,731,500,621,1,924,632,831,363,1096,784,499,1343,1541,915,720,576,853,155,4,901,1,29:18,1
2013-14,202714,Shelvin Mack,Shelvin,1610612737,ATL,Atlanta Hawks,0041300101,2014-04-19T00:00:00,ATL @ IND,W,14.0,3,7,0.429,2,5,0.4,0,0,0.0,1,0,1,3,2,1,0,0,1,1,8,1,14.7,0,0,16.0,1,1,1,1,1336,783,811,891,185,226,430,998,1036,998,449,1520,1328,363,298,305,499,1,394,915,858,796,1002,155,4,901,1,14:00,1
2013-14,201579,Roy Hibbert,Roy,1610612754,IND,Indiana Pacers,0041300101,2014-04-19T00:00:00,IND vs. ATL,L,29.883333333333333,4,9,0.444,0,1,0.0,0,2,0.0,2,6,8,0,4,0,0,2,5,2,8,-11,13.6,0,0,16.0,1,944,944,944,648,599,622,849,731,887,731,998,621,998,226,198,213,1185,70,784,499,1748,1747,610,858,1612,1048,155,4,901,1,29:53,1
2013-14,2555,Nick Collison,Nick,1610612760,OKC,Oklahoma City Thunder,0041300151,2014-04-19T00:00:00,OKC vs. MEM,W,19.133333333333333,1,6,0.167,0,0,0.0,1,2,0.5,2,3,5,3,0,0,2,2,3,4,3,9,19.5,0,0,15.0,1,1,1,1,1108,1208,915,1471,731,1136,731,783,621,751,226,632,496,363,1096,784,70,1748,1177,272,1282,334,803,155,4,947,1,19:08,1
2013-14,2037,Jamal Crawford,Jamal,1610612746,LAC,Los Angeles Clippers,0041300161,2014-04-19T00:00:00,LAC vs. GSW,L,22.486666666666668,2,11,0.182,1,5,0.2,4,6,0.667,0,2,2,3,0,0,0,0,2,2,9,-15,15.9,0,0,15.0,1,944,944,944,971,987,459,1469,388,226,669,230,180,646,924,860,1057,363,1096,784,499,1,801,610,777,1743,943,155,4,947,1,22:29,1
2013-14,201578,Marreese Speights,Marreese,1610612744,GSW,Golden State Warriors,0041300161,2014-04-19T00:00:00,GSW @ LAC,W,13.546666666666667,3,5,0.6,0,0,0.0,0,0,0.0,2,3,5,1,0,0,1,0,3,1,6,4,16.5,0,0,14.0,1,1,1,1,1362,783,1021,335,731,1136,731,998,1036,998,226,632,496,791,1096,784,171,1,1177,915,1001,576,924,155,4,992,1,13:33,1
2013-14,101187,Alan Anderson,Alan,1610612751,BKN,Brooklyn Nets,0041300121,2014-04-19T00:00:00,BKN @ TOR,W,18.75,3,7,0.429,0,3,0.0,0,0,0.0,1,1,2,1,1,2,0,0,0,1,6,-3,14.9,0,0,13.0,1,1,1,1,1125,783,811,891,731,477,731,998,1036,998,449,1162,1057,791,618,115,499,1,1,915,1001,1183,993,155,4,1036,1,18:45,1
2013-14,101133,Ian Mahinmi,Ian,1610612754,IND,Indiana Pacers,0041300101,2014-04-19T00:00:00,IND vs. ATL,L,17.266666666666666,1,2,0.5,0,0,0.0,3,4,0.75,3,3,6,0,2,0,1,0,3,2,5,5,13.2,0,0,13.0,1,944,944,944,1200,1208,1415,534,731,1136,731,345,347,542,114,632,388,1185,298,784,171,1,1177,610,1095,522,1068,155,4,1036,1,17:16,1
2013-14,2738,Andre Iguodala,Andre,1610612744,GSW,Golden State Warriors,0041300161,2014-04-19T00:00:00,GSW @ LAC,W,20.25,3,6,0.5,0,1,0.0,2,2,1.0,0,1,1,3,1,0,0,0,6,4,8,-11,12.7,0,0,12.0,1,1,1,1,1060,783,915,534,731,887,731,500,621,1,924,1162,1328,363,618,784,499,1,1865,272,858,1612,1098,155,4,1085,1,20:15,1
2013-14,1882,Elton Brand,Elton,1610612737,ATL,Atlanta Hawks,0041300101,2014-04-19T00:00:00,ATL @ IND,W,20.0,0,2,0.0,0,0,0.0,0,0,0.0,1,4,5,0,0,0,3,0,4,1,0,0,15.0,0,0,11.0,1,1,1,1,1074,1505,1415,1505,731,1136,731,998,1036,998,449,457,496,1185,1096,784,29,1,1541,915,1567,882,989,155,4,1128,1,20:00,1
2013-14,201584,Courtney Lee,Courtney,1610612763,MEM,Memphis Grizzlies,0041300151,2014-04-19T00:00:00,MEM @ OKC,L,29.366666666666667,4,7,0.571,0,0,0.0,0,0,0.0,0,1,1,0,0,0,1,1,3,0,8,-2,12.2,0,0,11.0,1,944,944,944,671,599,811,418,731,1136,731,998,1036,998,924,1162,1328,1185,1096,784,171,1343,1177,1301,858,1106,1121,155,4,1128,1,29:22,1
2013-14,101154,Andray Blatche,Andray,1610612751,BKN,Brooklyn Nets,0041300121,2014-04-19T00:00:00,BKN @ TOR,W,16.166666666666668,2,5,0.4,0,0,0.0,1,2,0.5,4,2,6,0,1,0,0,0,1,1,5,-16,11.2,0,0,11.0,1,1,1,1,1237,987,1021,970,731,1136,731,783,621,751,62,860,388,1185,618,784,499,1,394,915,1095,1771,1173,155,4,1128,1,16:10,1
2013-14,101150,Lou Williams,Lou,1610612737,ATL,Atlanta Hawks,0041300101,2014-04-19T00:00:00,ATL @ IND,W,17.966666666666665,1,3,0.333,0,1,0.0,4,4,1.0,0,2,2,2,2,0,0,0,3,2,6,-5,9.4,0,0,10.0,1,1,1,1,1168,1208,1273,1129,731,887,731,230,347,1,924,860,1057,529,298,784,499,1,1177,610,1001,1316,1259,155,4,1187,1,17:58,1
2013-14,201228,C.J. Watson,C.J.,1610612754,IND,Indiana Pacers,0041300101,2014-04-19T00:00:00,IND vs. ATL,L,15.6,2,4,0.5,2,2,1.0,0,0,0.0,0,0,0,2,0,0,0,0,4,0,6,-3,9.0,0,0,10.0,1,944,944,944,1275,987,1145,534,185,651,1,998,1036,998,924,1520,1606,529,1096,784,499,1,1541,1301,1001,1183,1289,155,4,1187,1,15:36,1
2013-14,203082,Terrence Ross,Terrence,1610612761,TOR,Toronto Raptors,0041300121,2014-04-19T00:00:00,TOR vs. BKN,L,16.233333333333334,1,4,0.25,1,4,0.25,0,0,0.0,0,3,3,0,1,1,0,0,4,0,3,-1,8.6,0,0,9.0,1,944,944,944,1236,1208,1145,1349,388,336,614,998,1036,998,924,632,831,1185,618,305,499,1,1541,1301,1282,1010,1307,155,4,1237,1,16:14,1
2013-14,2449,Luis Scola,Luis,1610612754,IND,Indiana Pacers,0041300101,2014-04-19T00:00:00,IND vs. ATL,L,18.616666666666667,0,6,0.0,0,0,0.0,2,2,1.0,2,0,2,0,0,2,0,0,3,2,2,-12,10.4,0,0,8.0,1,944,944,944,1132,1505,915,1505,731,1136,731,500,621,1,226,1520,1057,1185,1096,115,499,1,1177,610,1377,1660,1206,155,4,1289,1,18:37,1
2013-14,965,Derek Fisher,Derek,1610612760,OKC,Oklahoma City Thunder,0041300151,2014-04-19T00:00:00,OKC vs. MEM,W,12.048333333333334,1,3,0.333,0,1,0.0,2,2,1.0,0,1,1,1,0,1,0,0,1,1,4,15,9.7,0,0,8.0,1,1,1,1,1415,1208,1273,1129,731,887,731,500,621,1,924,1162,1328,791,1096,305,499,1,394,915,1173,138,1247,155,4,1289,1,12:03,1
2013-14,2757,Beno Udrih,Beno,1610612763,MEM,Memphis Grizzlies,0041300151,2014-04-19T00:00:00,MEM @ OKC,L,14.693333333333333,1,4,0.25,0,1,0.0,1,4,0.25,1,3,4,1,0,0,0,0,1,2,3,-6,9.3,0,0,8.0,1,944,944,944,1307,1208,1145,1349,731,887,731,783,347,984,449,632,643,791,1096,784,499,1,394,610,1282,1382,1270,155,4,1289,1,14:42,1
2013-14,2440,Matt Barnes,Matt,1610612746,LAC,Los Angeles Clippers,0041300161,2014-04-19T00:00:00,LAC vs. GSW,L,23.083333333333332,0,3,0.0,0,1,0.0,2,2,1.0,2,1,3,3,1,0,0,0,4,1,2,-1,9.1,0,0,8.0,1,944,944,944,946,1505,1273,1505,731,887,731,500,621,1,226,1162,831,363,618,784,499,1,1541,915,1377,1010,1285,155,4,1289,1,23:05,1
2013-14,203500,Steven Adams,Steven,1610612760,OKC,Oklahoma City Thunder,0041300151,2014-04-19T00:00:00,OKC vs. MEM,W,12.143333333333333,0,1,0.0,0,0,0.0,0,0,0.0,0,1,1,0,0,0,3,0,5,0,0,2,10.2,0,0,7.0,1,1,1,1,1413,1505,1565,1505,731,1136,731,998,1036,998,924,1162,1328,1185,1096,784,29,1,1747,1301,1567,707,1218,155,4,1343,1,12:09,1
2013-14,2034,Mike Miller,Mike,1610612763,MEM,Memphis Grizzlies,0041300151,2014-04-19T00:00:00,MEM @ OKC,L,20.05666666666667,1,6,0.167,1,2,0.5,0,0,0.0,1,2,3,0,0,0,0,1,4,0,3,-21,6.6,0,0,7.0,1,944,944,944,1070,1208,915,1471,388,651,201,998,1036,998,449,860,831,1185,1096,784,499,1343,1541,1301,1282,1850,1405,155,4,1343,1,20:03,1
2013-14,203141,Mirza Teletovic,Mirza,1610612751,BKN,Brooklyn Nets,0041300121,2014-04-19T00:00:00,BKN @ TOR,W,12.466666666666667,1,6,0.167,0,5,0.0,0,0,0.0,1,1,2,0,0,1,0,0,1,0,2,-13,7.4,0,0,6.0,1,1,1,1,1399,1208,915,1471,731,226,731,998,1036,998,449,1162,1057,1185,1096,305,499,1,394,1301,1377,1687,1364,155,4,1399,1,12:28,1
2013-14,101122,Danny Granger,Danny,1610612746,LAC,Los Angeles Clippers,0041300161,2014-04-19T00:00:00,LAC vs. GSW,L,12.33,1,6,0.167,0,2,0.0,1,1,1.0,2,0,2,1,0,0,0,2,0,1,3,-7,6.9,0,0,6.0,1,944,944,944,1407,1208,915,1471,731,651,731,783,968,1,226,1520,1057,791,1096,784,499,1748,1,915,1282,1440,1388,155,4,1399,1,12:20,1
2013-14,201949,James Johnson,James,1610612763,MEM,Memphis Grizzlies,0041300151,2014-04-19T00:00:00,MEM @ OKC,L,5.84,1,3,0.333,1,1,1.0,1,2,0.5,0,1,1,0,0,0,0,1,0,1,4,-6,5.2,0,0,6.0,1,944,944,944,1633,1208,1273,1129,388,887,1,783,621,751,924,1162,1328,1185,1096,784,499,1343,1,915,1173,1382,1471,155,4,1399,1,5:50,1
2013-14,2570,Kendrick Perkins,Kendrick,1610612760,OKC,Oklahoma City Thunder,0041300151,2014-04-19T00:00:00,OKC vs. MEM,W,16.373333333333335,1,1,1.0,0,0,0.0,0,0,0.0,1,3,4,0,3,0,0,0,4,0,2,0,3.8,0,0,6.0,1,1,1,1,1232,1208,1565,1,731,1136,731,998,1036,998,449,632,643,1185,143,784,499,1,1541,1301,1377,882,1555,155,4,1399,1,16:22,1
2013-14,201585,Kosta Koufos,Kosta,1610612763,MEM,Memphis Grizzlies,0041300151,2014-04-19T00:00:00,MEM @ OKC,L,5.41,0,1,0.0,0,0,0.0,2,2,1.0,0,1,1,0,1,0,1,1,2,1,2,-4,5.2,0,0,5.0,1,944,944,944,1645,1505,1565,1505,731,1136,731,500,621,1,924,1162,1328,1185,618,784,171,1343,801,915,1377,1256,1471,155,4,1446,1,5:25,1
2013-14,203486,Mason Plumlee,Mason,1610612751,BKN,Brooklyn Nets,0041300121,2014-04-19T00:00:00,BKN @ TOR,W,11.75,1,1,1.0,0,0,0.0,0,0,0.0,0,3,3,0,1,0,0,0,5,0,2,13,4.6,0,0,5.0,1,1,1,1,1433,1208,1565,1,731,1136,731,998,1036,998,924,632,831,1185,618,784,499,1,1747,1301,1377,188,1498,155,4,1446,1,11:45,1
2013-14,101161,Amir Johnson,Amir,1610612761,TOR,Toronto Raptors,0041300121,2014-04-19T00:00:00,TOR vs. BKN,L,21.466666666666665,1,2,0.5,0,0,0.0,0,0,0.0,1,2,3,0,1,0,0,0,2,0,2,-12,4.6,0,0,5.0,1,944,944,944,1017,1208,1415,534,731,1136,731,998,1036,998,449,860,831,1185,618,784,499,1,801,1301,1377,1660,1498,155,4,1446,1,21:28,1
2013-14,202334,Ed Davis,Ed,1610612763,MEM,Memphis Grizzlies,0041300151,2014-04-19T00:00:00,MEM @ OKC,L,3.9,0,1,0.0,0,0,0.0,0,0,0.0,0,2,2,0,0,0,1,0,1,0,0,-3,5.4,0,0,4.0,1,944,944,944,1702,1505,1565,1505,731,1136,731,998,1036,998,924,860,1057,1185,1096,784,171,1,394,1301,1567,1183,1462,155,4,1505,1,3:54,1
2013-14,201946,Tyler Hansbrough,Tyler,1610612761,TOR,Toronto Raptors,0041300121,2014-04-19T00:00:00,TOR vs. BKN,L,6.7,0,0,0.0,0,0,0.0,2,2,1.0,0,1,1,1,0,0,0,0,1,1,2,7,4.7,0,0,4.0,1,944,944,944,1602,1505,1728,1505,731,1136,731,500,621,1,924,1162,1328,791,1096,784,499,1,394,915,1377,430,1490,155,4,1505,1,6:42,1
2013-14,200756,Hilton Armstrong,Hilton,1610612744,GSW,Golden State Warriors,0041300161,2014-04-19T00:00:00,GSW @ LAC,W,2.1466666666666665,0,0,0.0,0,0,0.0,0,0,0.0,0,1,1,1,1,0,1,0,0,0,0,-1,4.7,0,0,4.0,1,1,1,1,1796,1505,1728,1505,731,1136,731,998,1036,998,924,1162,1328,791,618,784,171,1,1,1301,1567,1010,1490,155,4,1505,1,2:09,1
2013-14,2581,Steve Blake,Steve,1610612744,GSW,Golden State Warriors,0041300161,2014-04-19T00:00:00,GSW @ LAC,W,7.258333333333334,1,3,0.333,1,3,0.333,0,0,0.0,0,0,0,0,0,0,0,0,0,0,3,2,3.0,0,0,4.0,1,1,1,1,1575,1208,1273,1129,388,477,485,998,1036,998,924,1520,1606,1185,1096,784,499,1,1,1301,1282,707,1593,155,4,1505,1,7:16,1
2013-14,203118,Mike Scott,Mike,1610612737,ATL,Atlanta Hawks,0041300101,2014-04-19T00:00:00,ATL @ IND,W,11.633333333333333,1,2,0.5,0,1,0.0,0,0,0.0,0,1,1,0,0,0,0,0,0,1,2,2,3.2,0,0,3.0,1,1,1,1,1440,1208,1415,534,731,887,731,998,1036,998,924,1162,1328,1185,1096,784,499,1,1,915,1377,707,1574,155,4,1573,1,11:38,1
2013-14,201858,Cartier Martin,Cartier,1610612737,ATL,Atlanta Hawks,0041300101,2014-04-19T00:00:00,ATL @ IND,W,4.201666666666667,0,0,0.0,0,0,0.0,0,0,0.0,0,0,0,0,0,1,0,0,1,0,0,-7,3.0,0,0,2.0,1,1,1,1,1694,1505,1728,1505,731,1136,731,998,1036,998,924,1520,1606,1185,1096,305,499,1,394,1301,1567,1440,1593,155,4,1628,1,4:12,1
2013-14,202348,Jordan Crawford,Jordan,1610612744,GSW,Golden State Warriors,0041300161,2014-04-19T00:00:00,GSW @ LAC,W,4.65,0,2,0.0,0,1,0.0,2,2,1.0,0,0,0,0,0,0,0,0,0,1,2,2,2.0,0,0,2.0,1,1,1,1,1669,1505,1415,1505,731,887,731,500,621,1,924,1520,1606,1185,1096,784,499,1,1,915,1377,707,1652,155,4,1628,1,4:39,1
2013-14,201986,Nando De Colo,Nando,1610612761,TOR,Toronto Raptors,0041300121,2014-04-19T00:00:00,TOR vs. BKN,L,3.783333333333333,0,0,0.0,0,0,0.0,0,0,0.0,0,1,1,0,0,0,0,0,2,0,0,3,1.2,0,0,1.0,1,944,944,944,1708,1505,1728,1505,731,1136,731,998,1036,998,924,1162,1328,1185,1096,784,499,1,801,1301,1567,639,1694,155,4,1690,1,3:47,1
2013-14,202720,Jon Leuer,Jon,1610612763,MEM,Memphis Grizzlies,0041300151,2014-04-19T00:00:00,MEM @ OKC,L,0.7766666666666666,0,1,0.0,0,0,0.0,0,0,0.0,0,1,1,0,0,0,0,0,0,0,0,1,1.2,0,0,1.0,1,944,944,944,1856,1505,1565,1505,731,1136,731,998,1036,998,924,1162,1328,1185,1096,784,499,1,1,1301,1567,796,1694,155,4,1690,1,0:47,1
2013-14,2045,Hedo Turkoglu,Hedo,1610612746,LAC,Los Angeles Clippers,0041300161,2014-04-19T00:00:00,LAC vs. GSW,L,4.05,0,0,0.0,0,0,0.0,0,0,0.0,0,1,1,0,0,0,0,0,0,0,0,-3,1.2,0,0,1.0,1,944,944,944,1697,1505,1728,1505,731,1136,731,998,1036,998,924,1162,1328,1185,1096,784,499,1,1,1301,1567,1183,1694,155,4,1690,1,4:03,1
2013-14,2422,John Salmons,John,1610612761,TOR,Toronto Raptors,0041300121,2014-04-19T00:00:00,TOR vs. BKN,L,13.321666666666667,0,1,0.0,0,1,0.0,0,0,0.0,0,1,1,0,0,0,0,0,1,0,0,-9,1.2,0,0,1.0,1,944,944,944,1369,1505,1565,1505,731,887,731,998,1036,998,924,1162,1328,1185,1096,784,499,1,394,1301,1567,1528,1694,155,4,1690,1,13:19,1
2013-14,201977,Marcus Thornton,Marcus,1610612751,BKN,Brooklyn Nets,0041300121,2014-04-19T00:00:00,BKN @ TOR,W,12.643333333333333,0,4,0.0,0,4,0.0,1,2,0.5,0,0,0,0,0,0,0,0,0,1,1,-15,1.0,0,0,1.0,1,1,1,1,1394,1505,1145,1505,731,336,731,783,621,751,924,1520,1606,1185,1096,784,499,1,1,915,1541,1743,1749,155,4,1690,1,12:39,1
2013-14,101236,Chuck Hayes,Chuck,1610612761,TOR,Toronto Raptors,0041300121,2014-04-19T00:00:00,TOR vs. BKN,L,6.3,0,1,0.0,0,0,0.0,0,0,0.0,0,0,0,0,0,0,0,0,0,0,0,3,0.0,0,0,0.0,1,944,944,944,1616,1505,1565,1505,731,1136,731,998,1036,998,924,1520,1606,1185,1096,784,499,1,1,1301,1567,639,1769,155,4,1775,1,6:18,1
2013-14,200779,Steve Novak,Steve,1610612761,TOR,Toronto Raptors,0041300121,2014-04-19T00:00:00,TOR vs. BKN,L,0.5566666666666666,0,0,0.0,0,0,0.0,0,0,0.0,0,0,0,0,0,0,0,0,0,0,0,0,0.0,0,0,0.0,1,944,944,944,1866,1505,1728,1505,731,1136,731,998,1036,998,924,1520,1606,1185,1096,784,499,1,1,1301,1567,882,1769,155,4,1775,1,0:33,1
2013-14,200797,Ryan Hollins,Ryan,1610612746,LAC,Los Angeles Clippers,0041300161,2014-04-19T00:00:00,LAC vs. GSW,L,0.13333333333333333,0,0,0.0,0,0,0.0,0,0,0.0,0,0,0,0,0,0,0,0,0,0,0,0,0.0,0,0,0.0,1,944,944,944,1889,1505,1728,1505,731,1136,731,998,1036,998,924,1520,1606,1185,1096,784,499,1,1,1301,1567,882,1769,155,4,1775,1,0:08,1
2013-14,203136,Ognjen Kuzmic,Ognjen,1610612744,GSW,Golden State Warriors,0041300161,2014-04-19T00:00:00,GSW @ LAC,W,0.0033333333333333335,0,0,0.0,0,0,0.0,0,0,0.0,0,0,0,0,0,0,0,0,0,0,0,0,0.0,0,0,0.0,1,1,1,1,1905,1505,1728,1505,731,1136,731,998,1036,998,924,1520,1606,1185,1096,784,499,1,1,1301,1567,882,1769,155,4,1775,1,0:00,1
2013-14,203087,Jeremy Lamb,Jeremy,1610612760,OKC,Oklahoma City Thunder,0041300151,2014-04-19T00:00:00,OKC vs. MEM,W,0.7766666666666666,0,0,0.0,0,0,0.0,0,0,0.0,0,0,0,0,0,0,0,0,0,0,0,-1,0.0,0,0,0.0,1,1,1,1,1856,1505,1728,1505,731,1136,731,998,1036,998,924,1520,1606,1185,1096,784,499,1,1,1301,1567,1010,1769,155,4,1775,1,0:47,1
2013-14,201934,Hasheem Thabeet,Hasheem,1610612760,OKC,Oklahoma City Thunder,0041300151,2014-04-19T00:00:00,OKC vs. MEM,W,4.043333333333333,0,0,0.0,0,0,0.0,0,0,0.0,0,0,0,0,0,0,0,0,3,0,0,-2,0.0,0,0,0.0,1,1,1,1,1698,1505,1728,1505,731,1136,731,998,1036,998,924,1520,1606,1185,1096,784,499,1,1177,1301,1567,1106,1769,155,4,1775,1,4:03,1
2013-14,200757,Thabo Sefolosha,Thabo,1610612760,OKC,Oklahoma City Thunder,0041300151,2014-04-19T00:00:00,OKC vs. MEM,W,10.816666666666666,0,1,0.0,0,0,0.0,0,0,0.0,0,0,0,0,0,0,0,1,0,0,0,-5,0.0,0,0,0.0,1,1,1,1,1469,1505,1565,1505,731,1136,731,998,1036,998,924,1520,1606,1185,1096,784,499,1343,1,1301,1567,1316,1769,155,4,1775,1,10:49,1
2013-14,2419,Tayshaun Prince,Tayshaun,1610612763,MEM,Memphis Grizzlies,0041300151,2014-04-19T00:00:00,MEM @ OKC,L,4.45,0,1,0.0,0,0,0.0,0,0,0.0,0,0,0,0,0,0,0,0,0,0,0,-11,0.0,0,0,0.0,1,944,944,944,1685,1505,1565,1505,731,1136,731,998,1036,998,924,1520,1606,1185,1096,784,499,1,1,1301,1567,1612,1769,155,4,1775,1,4:27,1
