SEASON_ID,TEAM_ID,TEAM_ABBREVIATION,TEAM_NAME,GAME_ID,GAME_DATE,MATCHUP,WL,MIN,PTS,FGM,FGA,FG_PCT,FG3M,FG3A,FG3_PCT,FTM,FTA,FT_PCT,OREB,DREB,REB,AST,STL,BLK,TOV,PF,PLUS_MINUS,SEASON
22014,1610612741,CHI,Chicago Bulls,0021401217,2015-04-15,CHI vs. ATL,W,239,91,31,77,0.403,7,24,0.292,22,26,0.846,7,43,50,14,11,9,21,12,6.0,2014-15
22014,1610612754,IND,Indiana Pacers,0021401220,2015-04-15,IND @ MEM,L,238,83,32,78,0.41,8,24,0.333,11,15,0.733,13,23,36,15,7,8,12,26,-12.0,2014-15
22014,1610612757,POR,Portland Trail Blazers,0021401218,2015-04-15,POR @ DAL,L,241,98,38,91,0.418,7,25,0.28,15,18,0.833,12,33,45,20,7,4,19,22,-16.0,2014-15
22014,1610612753,ORL,Orlando Magic,0021401224,2015-04-15,ORL @ BKN,L,241,88,38,79,0.481,7,20,0.35,5,13,0.385,10,32,42,18,6,4,17,21,-13.0,2014-15
22014,1610612752,NYK,New York Knicks,0021401226,2015-04-15,NYK vs. DET,L,240,90,33,77,0.429,7,19,0.368,17,27,0.63,12,28,40,19,6,3,20,18,-22.0,2014-15
22014,1610612760,OKC,Oklahoma City Thunder,0021401222,2015-04-15,OKC @ MIN,W,241,138,52,95,0.547,12,28,0.429,22,31,0.71,18,28,46,22,10,6,13,25,25.0,2014-15
22014,1610612749,MIL,Milwaukee Bucks,0021401221,2015-04-15,MIL vs. BOS,L,240,100,41,89,0.461,7,21,0.333,11,16,0.688,16,32,48,35,7,2,17,17,-5.0,2014-15
22014,1610612755,PHI,Philadelphia 76ers,0021401227,2015-04-15,PHI vs. MIA,L,238,101,38,83,0.458,5,29,0.172,20,25,0.8,13,32,45,26,7,5,16,21,-4.0,2014-15
22014,1610612744,GSW,Golden State Warriors,0021401229,2015-04-15,GSW vs. DEN,W,239,133,47,90,0.522,13,28,0.464,26,34,0.765,14,27,41,30,11,6,13,25,7.0,2014-15
22014,1610612765,DET,Detroit Pistons,0021401226,2015-04-15,DET @ NYK,W,240,112,41,81,0.506,10,26,0.385,20,27,0.741,11,33,44,20,14,3,12,22,22.0,2014-15
22014,1610612738,BOS,Boston Celtics,0021401221,2015-04-15,BOS @ MIL,W,238,105,42,85,0.494,13,30,0.433,8,14,0.571,8,30,38,37,9,5,16,16,5.0,2014-15
22014,1610612761,TOR,Toronto Raptors,0021401228,2015-04-15,TOR vs. CHA,W,240,92,38,77,0.494,12,33,0.364,4,4,1.0,5,27,32,27,8,3,11,16,5.0,2014-15
22014,1610612737,ATL,Atlanta Hawks,0021401217,2015-04-15,ATL @ CHI,L,240,85,36,92,0.391,8,29,0.276,5,7,0.714,10,32,42,15,10,10,15,19,-6.0,2014-15
22014,1610612759,SAS,San Antonio Spurs,0021401223,2015-04-15,SAS @ NOP,L,238,103,45,79,0.57,3,10,0.3,10,13,0.769,4,32,36,33,2,3,15,20,-5.0,2014-15
22014,1610612743,DEN,Denver Nuggets,0021401229,2015-04-15,DEN @ GSW,L,241,126,45,83,0.542,6,18,0.333,30,36,0.833,9,31,40,28,10,4,21,25,-7.0,2014-15
22014,1610612766,CHA,Charlotte Hornets,0021401228,2015-04-15,CHA @ TOR,L,240,87,30,71,0.423,12,33,0.364,15,16,0.938,8,28,36,15,8,3,12,10,-5.0,2014-15
22014,1610612763,MEM,Memphis Grizzlies,0021401220,2015-04-15,MEM vs. IND,W,240,95,36,76,0.474,2,9,0.222,21,26,0.808,16,32,48,12,10,3,12,17,12.0,2014-15
22014,1610612740,NOP,New Orleans Pelicans,0021401223,2015-04-15,NOP vs. SAS,W,240,108,43,83,0.518,5,10,0.5,17,25,0.68,7,28,35,23,11,7,9,18,5.0,2014-15
22014,1610612751,BKN,Brooklyn Nets,0021401224,2015-04-15,BKN vs. ORL,W,240,101,39,80,0.488,9,24,0.375,14,23,0.609,7,33,40,25,8,5,12,12,13.0,2014-15
22014,1610612739,CLE,Cleveland Cavaliers,0021401225,2015-04-15,CLE vs. WAS,W,266,113,43,91,0.473,16,30,0.533,11,17,0.647,11,33,44,29,7,4,16,17,5.0,2014-15
22014,1610612762,UTA,Utah Jazz,0021401219,2015-04-15,UTA @ HOU,L,240,91,38,101,0.376,5,27,0.185,10,18,0.556,14,30,44,23,12,6,14,21,-26.0,2014-15
22014,1610612745,HOU,Houston Rockets,0021401219,2015-04-15,HOU vs. UTA,W,240,117,41,76,0.539,12,28,0.429,23,34,0.676,4,45,49,28,9,13,18,19,26.0,2014-15
22014,1610612758,SAC,Sacramento Kings,0021401230,2015-04-15,SAC @ LAL,W,240,122,46,84,0.548,8,17,0.471,22,41,0.537,6,36,42,30,10,4,10,16,23.0,2014-15
22014,1610612748,MIA,Miami Heat,0021401227,2015-04-15,MIA @ PHI,W,240,105,39,89,0.438,12,31,0.387,15,20,0.75,12,30,42,22,10,2,16,17,4.0,2014-15
22014,1610612742,DAL,Dallas Mavericks,0021401218,2015-04-15,DAL vs. POR,W,240,114,39,86,0.453,9,25,0.36,27,34,0.794,12,42,54,18,9,5,14,17,16.0,2014-15
22014,1610612764,WAS,Washington Wizards,0021401225,2015-04-15,WAS @ CLE,L,265,108,42,97,0.433,8,22,0.364,16,21,0.762,15,35,50,26,8,5,13,13,-5.0,2014-15
22014,1610612750,MIN,Minnesota Timberwolves,0021401222,2015-04-15,MIN vs. OKC,L,240,113,39,84,0.464,6,19,0.316,29,35,0.829,14,25,39,22,12,4,16,23,-25.0,2014-15
22014,1610612747,LAL,Los Angeles Lakers,0021401230,2015-04-15,LAL vs. SAC,L,240,99,36,94,0.383,7,24,0.292,20,25,0.8,16,30,46,22,6,8,14,28,-23.0,2014-15
22014,1610612754,IND,Indiana Pacers,0021401215,2015-04-14,IND vs. WAS,W,290,99,40,105,0.381,9,30,0.3,10,17,0.588,14,42,56,22,5,9,13,17,4.0,2014-15
22014,1610612756,PHX,Phoenix Suns,0021401216,2015-04-14,PHX vs. LAC,L,239,101,39,80,0.488,11,26,0.423,12,20,0.6,11,28,39,25,8,3,15,16,-11.0,2014-15
22014,1610612761,TOR,Toronto Raptors,0021401214,2015-04-14,TOR @ BOS,L,240,93,35,80,0.438,9,24,0.375,14,20,0.7,7,36,43,17,9,9,18,18,-2.0,2014-15
22014,1610612738,BOS,Boston Celtics,0021401214,2015-04-14,BOS vs. TOR,W,239,95,38,99,0.384,6,27,0.222,13,15,0.867,17,33,50,24,7,6,14,19,2.0,2014-15
22014,1610612746,LAC,Los Angeles Clippers,0021401216,2015-04-14,LAC @ PHX,W,240,112,42,87,0.483,15,38,0.395,13,18,0.722,11,33,44,26,10,5,12,19,11.0,2014-15
22014,1610612764,WAS,Washington Wizards,0021401215,2015-04-14,WAS @ IND,L,291,95,37,104,0.356,7,24,0.292,14,17,0.824,13,46,59,22,8,2,11,22,-4.0,2014-15
22014,1610612743,DEN,Denver Nuggets,0021401213,2015-04-13,DEN @ LAC,L,239,103,38,101,0.376,12,33,0.364,15,22,0.682,25,33,58,18,7,0,11,27,-7.0,2014-15
22014,1610612749,MIL,Milwaukee Bucks,0021401204,2015-04-13,MIL @ PHI,W,240,107,40,81,0.494,4,9,0.444,23,36,0.639,12,27,39,23,13,7,18,25,10.0,2014-15
22014,1610612748,MIA,Miami Heat,0021401207,2015-04-13,MIA vs. ORL,W,240,100,39,83,0.47,3,10,0.3,19,23,0.826,11,39,50,21,2,9,13,19,7.0,2014-15
22014,1610612753,ORL,Orlando Magic,0021401207,2015-04-13,ORL @ MIA,L,240,93,35,85,0.412,6,21,0.286,17,28,0.607,11,30,41,14,10,4,8,23,-7.0,2014-15
22014,1610612752,NYK,New York Knicks,0021401205,2015-04-13,NYK @ ATL,W,239,112,43,77,0.558,13,25,0.52,13,19,0.684,9,30,39,33,7,7,17,19,4.0,2014-15
22014,1610612742,DAL,Dallas Mavericks,0021401210,2015-04-13,DAL @ UTA,L,241,92,34,82,0.415,9,20,0.45,15,23,0.652,12,29,41,18,4,4,16,21,-17.0,2014-15
22014,1610612755,PHI,Philadelphia 76ers,0021401204,2015-04-13,PHI vs. MIL,L,241,97,32,81,0.395,6,28,0.214,27,34,0.794,14,26,40,22,11,6,29,28,-10.0,2014-15
22014,1610612751,BKN,Brooklyn Nets,0021401206,2015-04-13,BKN vs. CHI,L,240,86,32,87,0.368,3,12,0.25,19,22,0.864,12,30,42,12,2,3,10,14,-27.0,2014-15
22014,1610612763,MEM,Memphis Grizzlies,0021401212,2015-04-13,MEM @ GSW,L,239,107,41,98,0.418,5,15,0.333,20,25,0.8,18,26,44,24,11,4,15,22,-4.0,2014-15
22014,1610612739,CLE,Cleveland Cavaliers,0021401203,2015-04-13,CLE vs. DET,W,240,109,43,85,0.506,17,32,0.531,6,12,0.5,13,32,45,30,5,7,10,19,12.0,2014-15
22014,1610612740,NOP,New Orleans Pelicans,0021401208,2015-04-13,NOP @ MIN,W,240,100,37,84,0.44,6,21,0.286,20,24,0.833,10,29,39,15,6,9,9,23,12.0,2014-15
22014,1610612757,POR,Portland Trail Blazers,0021401209,2015-04-13,POR @ OKC,L,241,90,38,83,0.458,8,23,0.348,6,9,0.667,3,32,35,22,1,4,12,21,-11.0,2014-15
22014,1610612746,LAC,Los Angeles Clippers,0021401213,2015-04-13,LAC vs. DEN,W,241,110,37,82,0.451,7,21,0.333,29,37,0.784,13,34,47,25,7,8,13,16,7.0,2014-15
22014,1610612737,ATL,Atlanta Hawks,0021401205,2015-04-13,ATL vs. NYK,L,240,108,39,88,0.443,11,32,0.344,19,23,0.826,12,25,37,27,10,3,8,17,-4.0,2014-15
22014,1610612744,GSW,Golden State Warriors,0021401212,2015-04-13,GSW vs. MEM,W,240,111,39,74,0.527,13,24,0.542,20,27,0.741,6,33,39,30,9,7,21,22,4.0,2014-15
22014,1610612766,CHA,Charlotte Hornets,0021401202,2015-04-13,CHA vs. HOU,L,240,90,34,83,0.41,13,32,0.406,9,17,0.529,7,36,43,23,8,5,15,17,-10.0,2014-15
22014,1610612747,LAL,Los Angeles Lakers,0021401211,2015-04-13,LAL @ SAC,L,240,92,40,96,0.417,4,15,0.267,8,13,0.615,17,32,49,19,8,3,11,26,-10.0,2014-15
22014,1610612741,CHI,Chicago Bulls,0021401206,2015-04-13,CHI @ BKN,W,241,113,44,88,0.5,12,30,0.4,13,17,0.765,9,37,46,26,7,8,7,18,27.0,2014-15
22014,1610612762,UTA,Utah Jazz,0021401210,2015-04-13,UTA vs. DAL,W,240,109,41,82,0.5,11,28,0.393,16,26,0.615,12,36,48,24,10,6,14,19,17.0,2014-15
22014,1610612758,SAC,Sacramento Kings,0021401211,2015-04-13,SAC vs. LAL,W,240,102,35,72,0.486,4,16,0.25,28,36,0.778,5,36,41,22,4,6,10,14,10.0,2014-15
22014,1610612765,DET,Detroit Pistons,0021401203,2015-04-13,DET @ CLE,L,239,97,38,83,0.458,9,25,0.36,12,20,0.6,8,23,31,21,4,4,7,8,-12.0,2014-15
22014,1610612750,MIN,Minnesota Timberwolves,0021401208,2015-04-13,MIN vs. NOP,L,240,88,31,78,0.397,4,14,0.286,22,28,0.786,8,35,43,19,1,10,11,22,-12.0,2014-15
22014,1610612760,OKC,Oklahoma City Thunder,0021401209,2015-04-13,OKC vs. POR,W,239,101,39,96,0.406,4,21,0.19,19,27,0.704,18,40,58,14,8,6,8,19,11.0,2014-15
22014,1610612745,HOU,Houston Rockets,0021401202,2015-04-13,HOU @ CHA,W,241,100,35,85,0.412,9,35,0.257,21,26,0.808,10,39,49,19,9,10,10,18,10.0,2014-15
22014,1610612743,DEN,Denver Nuggets,0021401196,2015-04-12,DEN vs. SAC,W,241,122,45,82,0.549,9,26,0.346,23,30,0.767,10,32,42,32,15,1,18,29,11.0,2014-15
22014,1610612742,DAL,Dallas Mavericks,0021401201,2015-04-12,DAL @ LAL,W,240,120,45,83,0.542,10,21,0.476,20,26,0.769,7,35,42,31,7,9,12,20,14.0,2014-15
22014,1610612751,BKN,Brooklyn Nets,0021401193,2015-04-12,BKN @ MIL,L,241,73,27,83,0.325,3,18,0.167,16,22,0.727,16,33,49,17,9,5,21,20,-23.0,2014-15
22014,1610612739,CLE,Cleveland Cavaliers,0021401194,2015-04-12,CLE @ BOS,L,241,78,31,79,0.392,3,22,0.136,13,19,0.684,11,33,44,18,1,5,24,18,-39.0,2014-15
22014,1610612756,PHX,Phoenix Suns,0021401200,2015-04-12,PHX @ SAS,L,240,91,35,85,0.412,4,16,0.25,17,23,0.739,13,28,41,17,6,3,10,23,-16.0,2014-15
22014,1610612737,ATL,Atlanta Hawks,0021401198,2015-04-12,ATL @ WAS,L,240,99,36,87,0.414,9,29,0.31,18,24,0.75,7,31,38,24,10,2,11,22,-9.0,2014-15
22014,1610612764,WAS,Washington Wizards,0021401198,2015-04-12,WAS vs. ATL,W,240,108,39,85,0.459,9,21,0.429,21,27,0.778,14,37,51,22,8,6,19,19,9.0,2014-15
22014,1610612765,DET,Detroit Pistons,0021401195,2015-04-12,DET vs. CHA,W,238,116,41,81,0.506,16,28,0.571,18,23,0.783,12,44,56,33,6,4,14,23,39.0,2014-15
22014,1610612745,HOU,Houston Rockets,0021401199,2015-04-12,HOU vs. NOP,W,240,121,39,73,0.534,9,24,0.375,34,48,0.708,9,31,40,16,6,6,11,18,7.0,2014-15
22014,1610612758,SAC,Sacramento Kings,0021401196,2015-04-12,SAC @ DEN,L,240,111,38,74,0.514,5,18,0.278,30,42,0.714,6,26,32,28,13,0,20,21,-11.0,2014-15
22014,1610612749,MIL,Milwaukee Bucks,0021401193,2015-04-12,MIL vs. BKN,W,242,96,41,83,0.494,6,20,0.3,8,12,0.667,7,40,47,30,13,7,17,20,23.0,2014-15
22014,1610612738,BOS,Boston Celtics,0021401194,2015-04-12,BOS vs. CLE,W,241,117,46,84,0.548,10,24,0.417,15,22,0.682,6,32,38,29,20,1,7,22,39.0,2014-15
22014,1610612759,SAS,San Antonio Spurs,0021401200,2015-04-12,SAS vs. PHX,W,240,107,35,69,0.507,8,19,0.421,29,34,0.853,6,37,43,22,7,6,15,22,16.0,2014-15
22014,1610612760,OKC,Oklahoma City Thunder,0021401197,2015-04-12,OKC @ IND,L,240,104,41,95,0.432,11,28,0.393,11,28,0.393,15,28,43,18,5,4,8,28,-12.0,2014-15
22014,1610612740,NOP,New Orleans Pelicans,0021401199,2015-04-12,NOP @ HOU,L,241,114,44,91,0.484,11,27,0.407,15,22,0.682,13,26,39,22,6,2,10,30,-7.0,2014-15
22014,1610612747,LAL,Los Angeles Lakers,0021401201,2015-04-12,LAL vs. DAL,L,239,106,34,78,0.436,9,24,0.375,29,36,0.806,6,31,37,20,4,4,12,20,-14.0,2014-15
22014,1610612754,IND,Indiana Pacers,0021401197,2015-04-12,IND vs. OKC,W,240,116,42,79,0.532,10,20,0.5,22,35,0.629,9,43,52,25,4,3,12,26,12.0,2014-15
22014,1610612766,CHA,Charlotte Hornets,0021401195,2015-04-12,CHA @ DET,L,240,77,27,79,0.342,4,15,0.267,19,29,0.655,6,27,33,16,8,2,9,13,-39.0,2014-15
22014,1610612755,PHI,Philadelphia 76ers,0021401189,2015-04-11,PHI @ CHI,L,241,107,37,89,0.416,13,41,0.317,20,25,0.8,14,33,47,19,5,3,15,29,-7.0,2014-15
22014,1610612744,GSW,Golden State Warriors,0021401192,2015-04-11,GSW vs. MIN,W,239,110,42,93,0.452,11,31,0.355,15,21,0.714,13,37,50,28,10,5,12,19,9.0,2014-15
22014,1610612761,TOR,Toronto Raptors,0021401188,2015-04-11,TOR @ MIA,W,241,107,35,83,0.422,9,26,0.346,28,37,0.757,15,32,47,12,7,3,7,31,3.0,2014-15
22014,1610612762,UTA,Utah Jazz,0021401191,2015-04-11,UTA @ POR,W,239,111,36,79,0.456,6,17,0.353,33,42,0.786,15,33,48,20,9,4,16,17,6.0,2014-15
22014,1610612748,MIA,Miami Heat,0021401188,2015-04-11,MIA vs. TOR,L,240,104,37,81,0.457,6,20,0.3,24,44,0.545,14,33,47,14,3,8,7,25,-3.0,2014-15
22014,1610612750,MIN,Minnesota Timberwolves,0021401192,2015-04-11,MIN @ GSW,L,241,101,35,79,0.443,11,24,0.458,20,26,0.769,8,32,40,27,9,4,15,22,-9.0,2014-15
22014,1610612752,NYK,New York Knicks,0021401187,2015-04-11,NYK @ ORL,W,241,80,31,82,0.378,6,20,0.3,12,13,0.923,11,35,46,22,3,6,15,18,1.0,2014-15
22014,1610612753,ORL,Orlando Magic,0021401187,2015-04-11,ORL vs. NYK,L,240,79,30,84,0.357,6,22,0.273,13,18,0.722,11,38,49,15,10,4,13,18,-1.0,2014-15
22014,1610612746,LAC,Los Angeles Clippers,0021401190,2015-04-11,LAC vs. MEM,W,241,94,35,88,0.398,6,27,0.222,18,22,0.818,12,31,43,25,10,6,13,21,8.0,2014-15
22014,1610612757,POR,Portland Trail Blazers,0021401191,2015-04-11,POR vs. UTA,L,239,105,41,87,0.471,6,30,0.2,17,22,0.773,9,30,39,22,11,4,12,25,-6.0,2014-15
22014,1610612741,CHI,Chicago Bulls,0021401189,2015-04-11,CHI vs. PHI,W,238,114,40,90,0.444,9,26,0.346,25,36,0.694,13,35,48,20,8,5,10,20,7.0,2014-15
22014,1610612763,MEM,Memphis Grizzlies,0021401190,2015-04-11,MEM @ LAC,L,241,86,34,77,0.442,2,9,0.222,16,24,0.667,11,32,43,24,8,4,18,20,-8.0,2014-15
22014,1610612760,OKC,Oklahoma City Thunder,0021401183,2015-04-10,OKC vs. SAC,W,237,116,44,97,0.454,10,31,0.323,18,24,0.75,16,31,47,21,8,4,6,22,13.0,2014-15
22014,1610612745,HOU,Houston Rockets,0021401181,2015-04-10,HOU vs. SAS,L,241,103,31,66,0.47,9,21,0.429,32,53,0.604,9,30,39,19,9,5,20,26,-1.0,2014-15
22014,1610612761,TOR,Toronto Raptors,0021401175,2015-04-10,TOR @ ORL,W,240,101,39,94,0.415,9,30,0.3,14,15,0.933,17,29,46,22,8,1,15,15,2.0,2014-15
22014,1610612750,MIN,Minnesota Timberwolves,0021401186,2015-04-10,MIN @ LAL,L,239,98,32,74,0.432,3,15,0.2,31,34,0.912,9,30,39,17,7,3,12,20,-8.0,2014-15
22014,1610612747,LAL,Los Angeles Lakers,0021401186,2015-04-10,LAL vs. MIN,W,242,106,41,83,0.494,9,23,0.391,15,24,0.625,14,32,46,35,6,2,12,22,8.0,2014-15
22014,1610612738,BOS,Boston Celtics,0021401178,2015-04-10,BOS @ CLE,W,239,99,38,84,0.452,8,22,0.364,15,21,0.714,11,32,43,30,11,2,14,24,9.0,2014-15
22014,1610612762,UTA,Utah Jazz,0021401185,2015-04-10,UTA vs. MEM,L,240,88,31,71,0.437,11,23,0.478,15,22,0.682,9,30,39,16,4,3,15,22,-1.0,2014-15
22014,1610612739,CLE,Cleveland Cavaliers,0021401178,2015-04-10,CLE vs. BOS,L,239,90,32,77,0.416,9,34,0.265,17,25,0.68,12,30,42,25,4,2,20,21,-9.0,2014-15
22014,1610612758,SAC,Sacramento Kings,0021401183,2015-04-10,SAC @ OKC,L,239,103,37,81,0.457,9,24,0.375,20,28,0.714,14,36,50,19,4,6,16,23,-13.0,2014-15
22014,1610612765,DET,Detroit Pistons,0021401179,2015-04-10,DET vs. IND,L,240,103,40,89,0.449,11,23,0.478,12,23,0.522,15,30,45,25,5,5,11,20,-4.0,2014-15
22014,1610612753,ORL,Orlando Magic,0021401175,2015-04-10,ORL vs. TOR,L,240,99,41,89,0.461,7,20,0.35,10,10,1.0,14,32,46,21,11,4,16,19,-2.0,2014-15
22014,1610612754,IND,Indiana Pacers,0021401179,2015-04-10,IND @ DET,W,241,107,38,79,0.481,11,19,0.579,20,22,0.909,9,33,42,29,6,1,10,21,4.0,2014-15
22014,1610612764,WAS,Washington Wizards,0021401177,2015-04-10,WAS @ BKN,L,239,80,32,82,0.39,5,15,0.333,11,17,0.647,17,33,50,23,3,4,17,21,-37.0,2014-15
22014,1610612759,SAS,San Antonio Spurs,0021401181,2015-04-10,SAS @ HOU,W,239,104,41,85,0.482,4,17,0.235,18,24,0.75,13,27,40,23,12,3,15,35,1.0,2014-15
22014,1610612743,DEN,Denver Nuggets,0021401184,2015-04-10,DEN vs. DAL,L,289,143,53,125,0.424,15,43,0.349,22,25,0.88,27,34,61,29,10,1,15,26,-1.0,2014-15
22014,1610612756,PHX,Phoenix Suns,0021401182,2015-04-10,PHX @ NOP,L,240,75,30,85,0.353,7,25,0.28,8,10,0.8,10,33,43,18,9,4,10,18,-15.0,2014-15
22014,1610612740,NOP,New Orleans Pelicans,0021401182,2015-04-10,NOP vs. PHX,W,239,90,37,84,0.44,5,19,0.263,11,19,0.579,15,41,56,29,4,13,11,12,15.0,2014-15
22014,1610612752,NYK,New York Knicks,0021401180,2015-04-10,NYK vs. MIL,L,240,91,34,72,0.472,5,13,0.385,18,24,0.75,5,37,42,22,7,5,24,26,-8.0,2014-15
22014,1610612749,MIL,Milwaukee Bucks,0021401180,2015-04-10,MIL @ NYK,W,239,99,37,76,0.487,6,17,0.353,19,29,0.655,5,28,33,18,17,3,17,22,8.0,2014-15
22014,1610612742,DAL,Dallas Mavericks,0021401184,2015-04-10,DAL @ DEN,W,290,144,57,109,0.523,11,29,0.379,19,24,0.792,11,38,49,39,8,6,17,23,1.0,2014-15
22014,1610612737,ATL,Atlanta Hawks,0021401176,2015-04-10,ATL vs. CHA,W,240,104,41,82,0.5,10,28,0.357,12,16,0.75,9,35,44,31,10,4,13,18,24.0,2014-15
22014,1610612751,BKN,Brooklyn Nets,0021401177,2015-04-10,BKN vs. WAS,W,240,117,45,89,0.506,12,20,0.6,15,23,0.652,12,32,44,29,10,1,6,20,37.0,2014-15
22014,1610612766,CHA,Charlotte Hornets,0021401176,2015-04-10,CHA @ ATL,L,241,80,30,83,0.361,8,30,0.267,12,18,0.667,12,34,46,21,8,3,13,15,-24.0,2014-15
22014,1610612763,MEM,Memphis Grizzlies,0021401185,2015-04-10,MEM @ UTA,W,240,89,36,76,0.474,5,15,0.333,12,19,0.632,7,29,36,22,8,1,11,22,1.0,2014-15
22014,1610612744,GSW,Golden State Warriors,0021401174,2015-04-09,GSW vs. POR,W,240,116,48,90,0.533,12,26,0.462,8,9,0.889,9,35,44,27,6,5,13,12,11.0,2014-15
22014,1610612741,CHI,Chicago Bulls,0021401173,2015-04-09,CHI @ MIA,W,240,89,35,91,0.385,6,23,0.261,13,17,0.765,15,36,51,17,10,2,11,11,11.0,2014-15
22014,1610612748,MIA,Miami Heat,0021401173,2015-04-09,MIA vs. CHI,L,240,78,34,88,0.386,5,18,0.278,5,7,0.714,13,33,46,14,2,7,14,17,-11.0,2014-15
22014,1610612757,POR,Portland Trail Blazers,0021401174,2015-04-09,POR @ GSW,L,241,105,46,98,0.469,7,24,0.292,6,8,0.75,11,30,41,28,6,5,9,12,-11.0,2014-15
22014,1610612752,NYK,New York Knicks,0021401165,2015-04-08,NYK vs. IND,L,241,86,29,84,0.345,7,17,0.412,21,26,0.808,9,25,34,13,8,2,11,25,-16.0,2014-15
22014,1610612765,DET,Detroit Pistons,0021401164,2015-04-08,DET vs. BOS,L,239,103,45,84,0.536,7,18,0.389,6,10,0.6,11,30,41,29,7,5,19,25,-10.0,2014-15
22014,1610612740,NOP,New Orleans Pelicans,0021401166,2015-04-08,NOP @ MEM,L,240,74,28,80,0.35,6,21,0.286,12,18,0.667,12,27,39,13,8,3,12,15,-36.0,2014-15
22014,1610612739,CLE,Cleveland Cavaliers,0021401167,2015-04-08,CLE @ MIL,W,239,104,36,74,0.486,11,34,0.324,21,26,0.808,11,33,44,23,8,5,18,17,5.0,2014-15
22014,1610612759,SAS,San Antonio Spurs,0021401168,2015-04-08,SAS vs. HOU,W,240,110,48,95,0.505,7,21,0.333,7,9,0.778,13,34,47,21,11,7,9,13,12.0,2014-15
22014,1610612762,UTA,Utah Jazz,0021401170,2015-04-08,UTA vs. SAC,W,240,103,36,74,0.486,13,31,0.419,18,25,0.72,13,34,47,23,5,8,16,22,12.0,2014-15
22014,1610612751,BKN,Brooklyn Nets,0021401163,2015-04-08,BKN vs. ATL,L,240,111,41,87,0.471,7,26,0.269,22,25,0.88,14,33,47,27,7,4,12,20,-3.0,2014-15
22014,1610612742,DAL,Dallas Mavericks,0021401171,2015-04-08,DAL vs. PHX,W,240,107,45,94,0.479,4,18,0.222,13,16,0.813,15,32,47,18,3,3,8,17,3.0,2014-15
22014,1610612755,PHI,Philadelphia 76ers,0021401162,2015-04-08,PHI vs. WAS,L,240,90,31,89,0.348,9,27,0.333,19,27,0.704,17,19,36,17,11,1,8,22,-29.0,2014-15
22014,1610612763,MEM,Memphis Grizzlies,0021401166,2015-04-08,MEM vs. NOP,W,239,110,45,88,0.511,8,17,0.471,12,14,0.857,14,38,52,27,7,3,8,16,36.0,2014-15
22014,1610612749,MIL,Milwaukee Bucks,0021401167,2015-04-08,MIL vs. CLE,L,239,99,42,84,0.5,6,18,0.333,9,13,0.692,7,25,32,30,13,3,12,22,-5.0,2014-15
22014,1610612756,PHX,Phoenix Suns,0021401171,2015-04-08,PHX @ DAL,L,241,104,40,82,0.488,8,25,0.32,16,19,0.842,8,29,37,22,6,5,12,25,-3.0,2014-15
22014,1610612747,LAL,Los Angeles Lakers,0021401169,2015-04-08,LAL @ DEN,L,239,101,36,75,0.48,5,16,0.313,24,35,0.686,9,30,39,15,7,2,14,20,-18.0,2014-15
22014,1610612753,ORL,Orlando Magic,0021401161,2015-04-08,ORL vs. CHI,W,241,105,38,82,0.463,8,23,0.348,21,24,0.875,13,31,44,21,8,3,15,19,2.0,2014-15
22014,1610612761,TOR,Toronto Raptors,0021401160,2015-04-08,TOR @ CHA,W,239,92,33,77,0.429,12,27,0.444,14,19,0.737,9,38,47,20,5,9,9,19,18.0,2014-15
22014,1610612743,DEN,Denver Nuggets,0021401169,2015-04-08,DEN vs. LAL,W,240,119,44,88,0.5,13,30,0.433,18,24,0.75,11,34,45,26,7,6,9,22,18.0,2014-15
22014,1610612738,BOS,Boston Celtics,0021401164,2015-04-08,BOS @ DET,W,239,113,36,80,0.45,8,28,0.286,33,34,0.971,10,27,37,20,12,2,11,15,10.0,2014-15
22014,1610612757,POR,Portland Trail Blazers,0021401172,2015-04-08,POR vs. MIN,W,239,116,42,85,0.494,12,33,0.364,20,23,0.87,12,41,53,25,8,2,15,23,25.0,2014-15
22014,1610612750,MIN,Minnesota Timberwolves,0021401172,2015-04-08,MIN @ POR,L,240,91,32,85,0.376,3,11,0.273,24,29,0.828,10,25,35,16,12,2,11,17,-25.0,2014-15
22014,1610612754,IND,Indiana Pacers,0021401165,2015-04-08,IND @ NYK,W,239,102,38,77,0.494,4,22,0.182,22,27,0.815,11,43,54,23,7,4,17,24,16.0,2014-15
22014,1610612764,WAS,Washington Wizards,0021401162,2015-04-08,WAS @ PHI,W,241,119,47,72,0.653,8,15,0.533,17,23,0.739,6,39,45,35,4,8,14,21,29.0,2014-15
22014,1610612758,SAC,Sacramento Kings,0021401170,2015-04-08,SAC @ UTA,L,240,91,33,75,0.44,7,16,0.438,18,28,0.643,7,24,31,19,9,1,9,17,-12.0,2014-15
22014,1610612766,CHA,Charlotte Hornets,0021401160,2015-04-08,CHA vs. TOR,L,240,74,28,81,0.346,10,22,0.455,8,11,0.727,9,26,35,15,4,5,8,15,-18.0,2014-15
22014,1610612745,HOU,Houston Rockets,0021401168,2015-04-08,HOU @ SAS,L,239,98,39,84,0.464,10,25,0.4,10,16,0.625,8,31,39,25,7,3,13,12,-12.0,2014-15
22014,1610612737,ATL,Atlanta Hawks,0021401163,2015-04-08,ATL @ BKN,W,240,114,43,86,0.5,11,28,0.393,17,25,0.68,10,30,40,35,11,4,11,18,3.0,2014-15
22014,1610612741,CHI,Chicago Bulls,0021401161,2015-04-08,CHI @ ORL,L,240,103,34,79,0.43,12,26,0.462,23,31,0.742,12,29,41,25,9,4,15,16,-2.0,2014-15
22014,1610612759,SAS,San Antonio Spurs,0021401157,2015-04-07,SAS @ OKC,W,239,113,47,89,0.528,10,24,0.417,9,13,0.692,12,34,46,27,7,7,15,20,25.0,2014-15
22014,1610612748,MIA,Miami Heat,0021401155,2015-04-07,MIA vs. CHA,W,242,105,40,81,0.494,3,15,0.2,22,28,0.786,8,34,42,20,4,6,11,17,5.0,2014-15
22014,1610612760,OKC,Oklahoma City Thunder,0021401157,2015-04-07,OKC vs. SAS,L,240,88,34,84,0.405,5,19,0.263,15,28,0.536,11,28,39,14,13,3,15,14,-25.0,2014-15
22014,1610612750,MIN,Minnesota Timberwolves,0021401158,2015-04-07,MIN @ SAC,L,241,111,45,93,0.484,6,19,0.316,15,21,0.714,9,27,36,29,6,4,10,24,-5.0,2014-15
22014,1610612756,PHX,Phoenix Suns,0021401154,2015-04-07,PHX @ ATL,L,239,69,26,83,0.313,4,20,0.2,13,18,0.722,9,28,37,16,5,6,15,9,-27.0,2014-15
22014,1610612740,NOP,New Orleans Pelicans,0021401156,2015-04-07,NOP vs. GSW,W,241,103,36,83,0.434,9,19,0.474,22,30,0.733,8,37,45,25,8,8,12,13,3.0,2014-15
22014,1610612746,LAC,Los Angeles Clippers,0021401159,2015-04-07,LAC vs. LAL,W,241,105,39,81,0.481,7,24,0.292,20,30,0.667,6,40,46,25,6,6,8,22,5.0,2014-15
22014,1610612747,LAL,Los Angeles Lakers,0021401159,2015-04-07,LAL @ LAC,L,241,100,35,84,0.417,9,25,0.36,21,27,0.778,8,35,43,24,2,1,11,25,-5.0,2014-15
22014,1610612737,ATL,Atlanta Hawks,0021401154,2015-04-07,ATL vs. PHX,W,240,96,41,83,0.494,4,25,0.16,10,14,0.714,8,46,54,21,9,4,15,17,27.0,2014-15
22014,1610612758,SAC,Sacramento Kings,0021401158,2015-04-07,SAC vs. MIN,W,239,116,42,80,0.525,9,24,0.375,23,34,0.676,13,36,49,25,5,7,14,17,5.0,2014-15
22014,1610612766,CHA,Charlotte Hornets,0021401155,2015-04-07,CHA @ MIA,L,239,100,39,91,0.429,5,18,0.278,17,21,0.81,15,30,45,12,8,5,9,26,-5.0,2014-15
22014,1610612744,GSW,Golden State Warriors,0021401156,2015-04-07,GSW @ NOP,L,241,100,42,95,0.442,9,22,0.409,7,10,0.7,11,39,50,25,6,12,11,21,-3.0,2014-15
22014,1610612757,POR,Portland Trail Blazers,0021400668,2015-04-06,POR @ BKN,L,241,96,39,87,0.448,11,26,0.423,7,9,0.778,11,39,50,17,4,3,12,21,-10.0,2014-15
22014,1610612751,BKN,Brooklyn Nets,0021400668,2015-04-06,BKN vs. POR,W,240,106,41,91,0.451,6,14,0.429,18,23,0.783,12,34,46,25,6,5,6,11,10.0,2014-15
22014,1610612744,GSW,Golden State Warriors,0021401150,2015-04-05,GSW @ SAS,L,241,92,39,91,0.429,9,28,0.321,5,10,0.5,10,29,39,25,4,2,10,13,-15.0,2014-15
22014,1610612739,CLE,Cleveland Cavaliers,0021401148,2015-04-05,CLE vs. CHI,W,241,99,35,83,0.422,16,37,0.432,13,22,0.591,10,30,40,24,9,4,10,17,5.0,2014-15
22014,1610612746,LAC,Los Angeles Clippers,0021401153,2015-04-05,LAC @ LAL,W,241,106,40,75,0.533,15,27,0.556,11,18,0.611,7,33,40,27,10,1,10,20,28.0,2014-15
22014,1610612752,NYK,New York Knicks,0021401151,2015-04-05,NYK vs. PHI,W,239,101,37,72,0.514,3,13,0.231,24,29,0.828,15,34,49,24,6,14,18,18,10.0,2014-15
22014,1610612760,OKC,Oklahoma City Thunder,0021401147,2015-04-05,OKC vs. HOU,L,239,112,40,92,0.435,14,30,0.467,18,26,0.692,17,34,51,21,4,2,18,32,-3.0,2014-15
22014,1610612762,UTA,Utah Jazz,0021401152,2015-04-05,UTA @ SAC,W,240,101,40,87,0.46,8,24,0.333,13,18,0.722,14,33,47,18,11,6,18,24,6.0,2014-15
22014,1610612747,LAL,Los Angeles Lakers,0021401153,2015-04-05,LAL vs. LAC,L,240,78,29,75,0.387,7,17,0.412,13,22,0.591,14,27,41,17,3,3,17,18,-28.0,2014-15
22014,1610612741,CHI,Chicago Bulls,0021401148,2015-04-05,CHI @ CLE,L,240,94,34,76,0.447,11,27,0.407,15,21,0.714,9,36,45,28,7,2,16,22,-5.0,2014-15
22014,1610612745,HOU,Houston Rockets,0021401147,2015-04-05,HOU @ OKC,W,239,115,38,81,0.469,8,28,0.286,31,50,0.62,12,30,42,18,14,4,10,25,3.0,2014-15
22014,1610612758,SAC,Sacramento Kings,0021401152,2015-04-05,SAC vs. UTA,L,239,95,38,79,0.481,5,15,0.333,14,24,0.583,11,32,43,20,13,3,20,20,-6.0,2014-15
22014,1610612748,MIA,Miami Heat,0021401149,2015-04-05,MIA @ IND,L,241,89,37,82,0.451,2,20,0.1,13,19,0.684,7,30,37,15,7,7,14,25,-23.0,2014-15
22014,1610612759,SAS,San Antonio Spurs,0021401150,2015-04-05,SAS vs. GSW,W,240,107,44,83,0.53,7,21,0.333,12,15,0.8,6,41,47,27,8,4,12,13,15.0,2014-15
22014,1610612754,IND,Indiana Pacers,0021401149,2015-04-05,IND vs. MIA,W,242,112,37,85,0.435,14,30,0.467,24,36,0.667,20,35,55,23,6,7,11,22,23.0,2014-15
22014,1610612755,PHI,Philadelphia 76ers,0021401151,2015-04-05,PHI @ NYK,L,241,91,38,99,0.384,10,32,0.313,5,8,0.625,19,17,36,22,8,5,10,23,-10.0,2014-15
22014,1610612761,TOR,Toronto Raptors,0021401140,2015-04-04,TOR vs. BOS,L,265,116,40,83,0.482,6,23,0.261,30,38,0.789,9,37,46,15,7,4,16,22,-1.0,2014-15
22014,1610612746,LAC,Los Angeles Clippers,0021401144,2015-04-04,LAC @ DEN,W,238,107,34,79,0.43,13,34,0.382,26,42,0.619,13,34,47,24,9,7,12,27,15.0,2014-15
22014,1610612743,DEN,Denver Nuggets,0021401144,2015-04-04,DEN vs. LAC,L,239,92,32,85,0.376,6,22,0.273,22,31,0.71,15,29,44,21,7,1,15,31,-15.0,2014-15
22014,1610612744,GSW,Golden State Warriors,0021401142,2015-04-04,GSW @ DAL,W,241,123,43,95,0.453,14,36,0.389,23,32,0.719,17,38,55,28,12,4,14,37,13.0,2014-15
22014,1610612763,MEM,Memphis Grizzlies,0021401141,2015-04-04,MEM vs. WAS,L,240,83,34,81,0.42,1,15,0.067,14,18,0.778,9,32,41,23,2,3,15,15,-9.0,2014-15
22014,1610612756,PHX,Phoenix Suns,0021401145,2015-04-04,PHX vs. UTA,W,241,87,30,69,0.435,5,14,0.357,22,29,0.759,6,26,32,12,11,7,15,21,2.0,2014-15
22014,1610612764,WAS,Washington Wizards,0021401141,2015-04-04,WAS @ MEM,W,240,92,38,79,0.481,8,22,0.364,8,10,0.8,6,34,40,24,9,0,15,18,9.0,2014-15
22014,1610612755,PHI,Philadelphia 76ers,0021401137,2015-04-04,PHI @ CHA,L,240,91,28,76,0.368,11,26,0.423,24,33,0.727,11,29,40,13,4,14,15,24,-1.0,2014-15
22014,1610612757,POR,Portland Trail Blazers,0021401146,2015-04-04,POR vs. NOP,W,240,99,36,84,0.429,6,16,0.375,21,23,0.913,18,33,51,17,4,3,10,9,9.0,2014-15
22014,1610612766,CHA,Charlotte Hornets,0021401137,2015-04-04,CHA vs. PHI,W,241,92,35,86,0.407,1,13,0.077,21,23,0.913,13,31,44,13,5,5,11,20,1.0,2014-15
22014,1610612748,MIA,Miami Heat,0021401139,2015-04-04,MIA @ DET,L,240,98,37,77,0.481,5,20,0.25,19,26,0.731,11,26,37,19,6,7,14,20,-1.0,2014-15
22014,1610612762,UTA,Utah Jazz,0021401145,2015-04-04,UTA @ PHX,L,241,85,29,74,0.392,7,21,0.333,20,24,0.833,13,34,47,17,10,2,18,23,-2.0,2014-15
22014,1610612753,ORL,Orlando Magic,0021401143,2015-04-04,ORL @ MIL,W,241,97,40,86,0.465,8,21,0.381,9,13,0.692,12,33,45,23,7,10,12,13,7.0,2014-15
22014,1610612738,BOS,Boston Celtics,0021401140,2015-04-04,BOS @ TOR,W,265,117,47,97,0.485,8,26,0.308,15,22,0.682,12,32,44,26,10,4,15,28,1.0,2014-15
22014,1610612765,DET,Detroit Pistons,0021401139,2015-04-04,DET vs. MIA,W,240,99,36,73,0.493,12,26,0.462,15,23,0.652,8,25,33,20,6,3,16,21,1.0,2014-15
22014,1610612742,DAL,Dallas Mavericks,0021401142,2015-04-04,DAL vs. GSW,L,240,110,34,80,0.425,3,16,0.188,39,54,0.722,10,34,44,14,6,2,16,23,-13.0,2014-15
22014,1610612740,NOP,New Orleans Pelicans,0021401146,2015-04-04,NOP @ POR,L,239,90,39,85,0.459,7,16,0.438,5,10,0.5,9,26,35,18,8,5,9,18,-9.0,2014-15
22014,1610612749,MIL,Milwaukee Bucks,0021401143,2015-04-04,MIL vs. ORL,L,241,90,39,89,0.438,5,16,0.313,7,13,0.538,14,31,45,26,8,6,13,19,-7.0,2014-15
22014,1610612751,BKN,Brooklyn Nets,0021401138,2015-04-04,BKN @ ATL,L,240,99,39,80,0.488,10,23,0.435,11,17,0.647,12,27,39,22,7,2,21,15,-32.0,2014-15
22014,1610612737,ATL,Atlanta Hawks,0021401138,2015-04-04,ATL vs. BKN,W,241,131,49,82,0.598,17,33,0.515,16,19,0.842,7,27,34,40,15,4,12,16,32.0,2014-15
22014,1610612751,BKN,Brooklyn Nets,0021401130,2015-04-03,BKN vs. TOR,W,241,114,46,88,0.523,5,16,0.313,17,23,0.739,17,24,41,21,10,1,8,18,5.0,2014-15
22014,1610612766,CHA,Charlotte Hornets,0021401127,2015-04-03,CHA @ IND,L,240,74,28,80,0.35,4,18,0.222,14,20,0.7,10,32,42,15,10,5,18,13,-19.0,2014-15
22014,1610612743,DEN,Denver Nuggets,0021401134,2015-04-03,DEN @ SAS,L,240,93,40,87,0.46,6,17,0.353,7,11,0.636,11,23,34,17,8,3,18,18,-30.0,2014-15
22014,1610612765,DET,Detroit Pistons,0021401131,2015-04-03,DET @ CHI,L,240,82,32,74,0.432,6,19,0.316,12,15,0.8,11,31,42,14,9,12,18,20,-6.0,2014-15
22014,1610612750,MIN,Minnesota Timberwolves,0021401133,2015-04-03,MIN vs. ORL,L,240,84,29,64,0.453,1,11,0.091,25,32,0.781,3,27,30,15,8,6,20,17,-13.0,2014-15
22014,1610612753,ORL,Orlando Magic,0021401133,2015-04-03,ORL @ MIN,W,239,97,40,92,0.435,6,21,0.286,11,17,0.647,20,33,53,23,12,1,19,24,13.0,2014-15
22014,1610612747,LAL,Los Angeles Lakers,0021401136,2015-04-03,LAL vs. POR,L,242,77,31,82,0.378,5,14,0.357,10,17,0.588,6,37,43,13,4,6,11,10,-30.0,2014-15
22014,1610612761,TOR,Toronto Raptors,0021401130,2015-04-03,TOR @ BKN,L,241,109,42,82,0.512,8,26,0.308,17,23,0.739,13,27,40,24,5,1,14,21,-5.0,2014-15
22014,1610612749,MIL,Milwaukee Bucks,0021401129,2015-04-03,MIL @ BOS,W,240,110,45,85,0.529,9,24,0.375,11,18,0.611,9,36,45,31,10,6,18,20,9.0,2014-15
22014,1610612758,SAC,Sacramento Kings,0021401135,2015-04-03,SAC vs. NOP,L,239,95,37,78,0.474,6,17,0.353,15,25,0.6,6,32,38,21,4,6,9,26,-6.0,2014-15
22014,1610612760,OKC,Oklahoma City Thunder,0021401132,2015-04-03,OKC @ MEM,L,241,92,36,88,0.409,4,17,0.235,16,26,0.615,11,36,47,18,7,3,12,23,-8.0,2014-15
22014,1610612738,BOS,Boston Celtics,0021401129,2015-04-03,BOS vs. MIL,L,241,101,39,88,0.443,8,24,0.333,15,16,0.938,9,32,41,19,7,2,16,20,-9.0,2014-15
22014,1610612764,WAS,Washington Wizards,0021401128,2015-04-03,WAS vs. NYK,W,240,101,43,93,0.462,7,16,0.438,8,12,0.667,12,36,48,32,8,8,11,17,14.0,2014-15
22014,1610612741,CHI,Chicago Bulls,0021401131,2015-04-03,CHI vs. DET,W,240,88,33,85,0.388,4,17,0.235,18,21,0.857,19,25,44,18,9,5,10,15,6.0,2014-15
22014,1610612759,SAS,San Antonio Spurs,0021401134,2015-04-03,SAS vs. DEN,W,240,123,47,85,0.553,14,34,0.412,15,17,0.882,14,31,45,33,11,8,18,15,30.0,2014-15
22014,1610612752,NYK,New York Knicks,0021401128,2015-04-03,NYK @ WAS,L,240,87,31,84,0.369,7,21,0.333,18,20,0.9,9,33,42,17,6,5,11,15,-14.0,2014-15
22014,1610612754,IND,Indiana Pacers,0021401127,2015-04-03,IND vs. CHA,W,241,93,36,83,0.434,8,16,0.5,13,18,0.722,15,40,55,20,13,4,20,20,19.0,2014-15
22014,1610612740,NOP,New Orleans Pelicans,0021401135,2015-04-03,NOP @ SAC,W,240,101,34,87,0.391,14,29,0.483,19,28,0.679,16,34,50,20,4,5,12,20,6.0,2014-15
22014,1610612763,MEM,Memphis Grizzlies,0021401132,2015-04-03,MEM vs. OKC,W,240,100,38,80,0.475,4,21,0.19,20,28,0.714,8,37,45,16,7,7,13,22,8.0,2014-15
22014,1610612757,POR,Portland Trail Blazers,0021401136,2015-04-03,POR @ LAL,W,240,107,43,88,0.489,10,26,0.385,11,11,1.0,6,47,53,21,7,6,8,14,30.0,2014-15
22014,1610612745,HOU,Houston Rockets,0021401125,2015-04-02,HOU @ DAL,W,240,108,34,77,0.442,11,31,0.355,29,40,0.725,17,38,55,24,9,2,18,24,7.0,2014-15
22014,1610612739,CLE,Cleveland Cavaliers,0021401124,2015-04-02,CLE vs. MIA,W,240,114,40,80,0.5,15,35,0.429,19,25,0.76,10,33,43,23,12,7,14,21,26.0,2014-15
22014,1610612756,PHX,Phoenix Suns,0021401126,2015-04-02,PHX @ GSW,L,240,106,42,90,0.467,5,19,0.263,17,26,0.654,9,38,47,25,6,3,11,16,-1.0,2014-15
22014,1610612748,MIA,Miami Heat,0021401124,2015-04-02,MIA @ CLE,L,239,88,32,75,0.427,7,21,0.333,17,21,0.81,8,28,36,25,8,2,16,23,-26.0,2014-15
22014,1610612742,DAL,Dallas Mavericks,0021401125,2015-04-02,DAL vs. HOU,L,240,101,37,84,0.44,8,26,0.308,19,27,0.704,9,32,41,23,6,5,13,29,-7.0,2014-15
22014,1610612744,GSW,Golden State Warriors,0021401126,2015-04-02,GSW vs. PHX,W,241,107,43,93,0.462,10,26,0.385,11,17,0.647,15,35,50,29,6,5,13,20,1.0,2014-15
22014,1610612747,LAL,Los Angeles Lakers,0021401123,2015-04-01,LAL vs. NOP,L,239,92,37,83,0.446,5,16,0.313,13,21,0.619,12,23,35,22,4,2,5,17,-21.0,2014-15
22014,1610612754,IND,Indiana Pacers,0021401115,2015-04-01,IND @ BOS,L,240,87,34,81,0.42,6,15,0.4,13,23,0.565,8,31,39,17,5,3,12,20,-13.0,2014-15
22014,1610612738,BOS,Boston Celtics,0021401115,2015-04-01,BOS vs. IND,W,240,100,39,86,0.453,6,27,0.222,16,18,0.889,7,39,46,29,9,2,10,23,13.0,2014-15
22014,1610612753,ORL,Orlando Magic,0021401113,2015-04-01,ORL vs. SAS,L,240,91,39,93,0.419,5,17,0.294,8,9,0.889,14,36,50,24,7,7,12,15,-12.0,2014-15
22014,1610612746,LAC,Los Angeles Clippers,0021401122,2015-04-01,LAC @ POR,W,240,126,46,86,0.535,15,28,0.536,19,24,0.792,7,33,40,30,6,3,6,21,4.0,2014-15
22014,1610612765,DET,Detroit Pistons,0021401112,2015-04-01,DET @ CHA,L,240,78,31,88,0.352,5,22,0.227,11,18,0.611,14,37,51,24,6,4,12,20,-24.0,2014-15
22014,1610612760,OKC,Oklahoma City Thunder,0021401120,2015-04-01,OKC vs. DAL,L,239,131,45,93,0.484,14,31,0.452,27,33,0.818,15,31,46,23,4,1,10,21,-4.0,2014-15
22014,1610612740,NOP,New Orleans Pelicans,0021401123,2015-04-01,NOP @ LAL,W,240,113,44,78,0.564,9,16,0.563,16,21,0.762,9,31,40,31,3,7,6,18,21.0,2014-15
22014,1610612743,DEN,Denver Nuggets,0021401121,2015-04-01,DEN @ UTA,L,241,84,33,95,0.347,7,33,0.212,11,12,0.917,11,28,39,13,7,5,6,22,-14.0,2014-15
22014,1610612742,DAL,Dallas Mavericks,0021401120,2015-04-01,DAL @ OKC,W,239,135,56,91,0.615,4,15,0.267,19,24,0.792,4,30,34,35,8,1,6,23,4.0,2014-15
22014,1610612749,MIL,Milwaukee Bucks,0021401118,2015-04-01,MIL vs. CHI,W,241,95,37,89,0.416,8,21,0.381,13,18,0.722,20,28,48,15,11,5,18,28,4.0,2014-15
22014,1610612764,WAS,Washington Wizards,0021401114,2015-04-01,WAS vs. PHI,W,240,106,44,76,0.579,4,12,0.333,14,22,0.636,9,38,47,33,7,4,16,20,13.0,2014-15
22014,1610612752,NYK,New York Knicks,0021401116,2015-04-01,NYK vs. BKN,L,240,98,37,81,0.457,11,23,0.478,13,15,0.867,10,30,40,20,6,4,13,15,-2.0,2014-15
22014,1610612761,TOR,Toronto Raptors,0021401119,2015-04-01,TOR @ MIN,W,241,113,42,76,0.553,13,30,0.433,16,23,0.696,8,26,34,25,8,3,12,18,14.0,2014-15
22014,1610612762,UTA,Utah Jazz,0021401121,2015-04-01,UTA vs. DEN,W,239,98,37,77,0.481,9,23,0.391,15,24,0.625,12,37,49,24,5,8,14,16,14.0,2014-15
22014,1610612741,CHI,Chicago Bulls,0021401118,2015-04-01,CHI @ MIL,L,240,91,31,74,0.419,5,26,0.192,24,37,0.649,12,28,40,18,11,3,20,21,-4.0,2014-15
22014,1610612745,HOU,Houston Rockets,0021401117,2015-04-01,HOU vs. SAC,W,240,115,41,89,0.461,18,40,0.45,15,25,0.6,14,28,42,24,14,13,17,17,4.0,2014-15
22014,1610612750,MIN,Minnesota Timberwolves,0021401119,2015-04-01,MIN vs. TOR,L,240,99,41,77,0.532,5,14,0.357,12,19,0.632,7,25,32,21,7,5,13,14,-14.0,2014-15
22014,1610612757,POR,Portland Trail Blazers,0021401122,2015-04-01,POR vs. LAC,L,240,122,45,89,0.506,13,25,0.52,19,25,0.76,13,30,43,25,4,3,8,19,-4.0,2014-15
22014,1610612751,BKN,Brooklyn Nets,0021401116,2015-04-01,BKN @ NYK,W,240,100,41,81,0.506,9,16,0.563,9,12,0.75,7,30,37,24,8,7,10,17,2.0,2014-15
22014,1610612759,SAS,San Antonio Spurs,0021401113,2015-04-01,SAS @ ORL,W,240,103,35,86,0.407,13,29,0.448,20,23,0.87,11,38,49,20,8,3,10,9,12.0,2014-15
22014,1610612755,PHI,Philadelphia 76ers,0021401114,2015-04-01,PHI @ WAS,L,239,93,36,91,0.396,10,34,0.294,11,17,0.647,11,23,34,18,10,3,11,20,-13.0,2014-15
22014,1610612766,CHA,Charlotte Hornets,0021401112,2015-04-01,CHA vs. DET,W,241,102,38,90,0.422,9,22,0.409,17,24,0.708,13,42,55,21,10,7,9,17,24.0,2014-15
22014,1610612758,SAC,Sacramento Kings,0021401117,2015-04-01,SAC @ HOU,L,241,111,48,96,0.5,7,14,0.5,8,16,0.5,20,37,57,30,9,9,21,22,-4.0,2014-15
22014,1610612748,MIA,Miami Heat,0021401110,2015-03-31,MIA vs. SAS,L,241,81,32,79,0.405,5,15,0.333,12,12,1.0,10,23,33,11,9,4,18,21,-14.0,2014-15
22014,1610612744,GSW,Golden State Warriors,0021401111,2015-03-31,GSW @ LAC,W,240,110,38,85,0.447,8,21,0.381,26,34,0.765,10,33,43,28,6,1,9,20,4.0,2014-15
22014,1610612751,BKN,Brooklyn Nets,0021401108,2015-03-31,BKN vs. IND,W,240,111,40,80,0.5,9,18,0.5,22,28,0.786,6,35,41,25,5,3,7,23,5.0,2014-15
22014,1610612754,IND,Indiana Pacers,0021401108,2015-03-31,IND @ BKN,L,240,106,37,82,0.451,12,23,0.522,20,24,0.833,6,31,37,23,3,6,10,22,-5.0,2014-15
22014,1610612746,LAC,Los Angeles Clippers,0021401111,2015-03-31,LAC vs. GSW,L,241,106,36,82,0.439,6,22,0.273,28,33,0.848,10,31,41,19,4,8,11,24,-4.0,2014-15
22014,1610612765,DET,Detroit Pistons,0021401109,2015-03-31,DET vs. ATL,W,240,105,41,83,0.494,11,29,0.379,12,17,0.706,9,29,38,26,11,6,11,14,10.0,2014-15
22014,1610612737,ATL,Atlanta Hawks,0021401109,2015-03-31,ATL @ DET,L,240,95,40,84,0.476,8,25,0.32,7,10,0.7,12,31,43,25,8,0,17,14,-10.0,2014-15
22014,1610612759,SAS,San Antonio Spurs,0021401110,2015-03-31,SAS @ MIA,W,240,95,37,74,0.5,8,18,0.444,13,17,0.765,8,30,38,21,11,6,19,19,14.0,2014-15
22014,1610612757,POR,Portland Trail Blazers,0021401107,2015-03-30,POR vs. PHX,W,241,109,44,86,0.512,12,27,0.444,9,10,0.9,9,38,47,26,6,5,14,10,23.0,2014-15
22014,1610612756,PHX,Phoenix Suns,0021401107,2015-03-30,PHX @ POR,L,241,86,38,87,0.437,3,16,0.188,7,10,0.7,8,30,38,18,6,2,12,11,-23.0,2014-15
22014,1610612747,LAL,Los Angeles Lakers,0021401102,2015-03-30,LAL @ PHI,W,266,113,40,82,0.488,10,21,0.476,23,30,0.767,12,33,45,27,7,10,17,26,2.0,2014-15
22014,1610612738,BOS,Boston Celtics,0021401101,2015-03-30,BOS @ CHA,W,241,116,45,89,0.506,9,26,0.346,17,23,0.739,13,29,42,28,7,1,7,21,12.0,2014-15
22014,1610612755,PHI,Philadelphia 76ers,0021401102,2015-03-30,PHI vs. LAL,L,264,111,39,96,0.406,10,30,0.333,23,38,0.605,20,31,51,27,11,1,15,24,-2.0,2014-15
22014,1610612758,SAC,Sacramento Kings,0021401105,2015-03-30,SAC @ MEM,L,241,83,33,81,0.407,5,16,0.313,12,20,0.6,12,29,41,16,4,3,12,19,-14.0,2014-15
22014,1610612745,HOU,Houston Rockets,0021401104,2015-03-30,HOU @ TOR,L,240,96,35,84,0.417,8,27,0.296,18,31,0.581,12,29,41,21,7,3,13,22,-3.0,2014-15
22014,1610612737,ATL,Atlanta Hawks,0021401103,2015-03-30,ATL vs. MIL,W,240,101,36,79,0.456,9,29,0.31,20,24,0.833,12,30,42,29,5,4,11,20,13.0,2014-15
22014,1610612750,MIN,Minnesota Timberwolves,0021401106,2015-03-30,MIN vs. UTA,L,239,84,28,76,0.368,6,16,0.375,22,27,0.815,10,24,34,21,5,4,12,17,-20.0,2014-15
22014,1610612763,MEM,Memphis Grizzlies,0021401105,2015-03-30,MEM vs. SAC,W,240,97,38,83,0.458,8,23,0.348,13,17,0.765,14,31,45,23,7,11,13,21,14.0,2014-15
22014,1610612762,UTA,Utah Jazz,0021401106,2015-03-30,UTA @ MIN,W,240,104,39,82,0.476,10,33,0.303,16,18,0.889,14,33,47,18,8,6,12,22,20.0,2014-15
22014,1610612761,TOR,Toronto Raptors,0021401104,2015-03-30,TOR vs. HOU,W,240,99,35,78,0.449,8,22,0.364,21,27,0.778,12,36,48,20,9,7,15,26,3.0,2014-15
22014,1610612749,MIL,Milwaukee Bucks,0021401103,2015-03-30,MIL @ ATL,L,240,88,34,75,0.453,4,17,0.235,16,23,0.696,13,26,39,26,4,2,11,22,-13.0,2014-15
22014,1610612766,CHA,Charlotte Hornets,0021401101,2015-03-30,CHA vs. BOS,L,241,104,40,85,0.471,7,26,0.269,17,19,0.895,10,30,40,20,3,6,10,17,-12.0,2014-15
22014,1610612746,LAC,Los Angeles Clippers,0021401095,2015-03-29,LAC @ BOS,W,241,119,41,84,0.488,13,32,0.406,24,40,0.6,13,40,53,28,5,5,12,21,13.0,2014-15
22014,1610612763,MEM,Memphis Grizzlies,0021401098,2015-03-29,MEM @ SAS,L,241,89,36,82,0.439,6,14,0.429,11,12,0.917,3,31,34,22,5,1,10,17,-14.0,2014-15
22014,1610612740,NOP,New Orleans Pelicans,0021401094,2015-03-29,NOP vs. MIN,W,240,110,43,75,0.573,6,13,0.462,18,24,0.75,7,28,35,29,12,9,14,21,22.0,2014-15
22014,1610612739,CLE,Cleveland Cavaliers,0021401092,2015-03-29,CLE vs. PHI,W,240,87,33,85,0.388,9,23,0.391,12,18,0.667,18,35,53,17,7,2,17,12,1.0,2014-15
22014,1610612759,SAS,San Antonio Spurs,0021401098,2015-03-29,SAS vs. MEM,W,241,103,42,83,0.506,4,17,0.235,15,18,0.833,10,38,48,25,9,6,8,15,14.0,2014-15
22014,1610612738,BOS,Boston Celtics,0021401095,2015-03-29,BOS vs. LAC,L,240,106,39,93,0.419,8,31,0.258,20,23,0.87,9,31,40,29,8,1,10,32,-13.0,2014-15
22014,1610612751,BKN,Brooklyn Nets,0021401093,2015-03-29,BKN vs. LAL,W,240,107,42,87,0.483,8,28,0.286,15,21,0.714,6,37,43,29,11,6,8,9,8.0,2014-15
22014,1610612750,MIN,Minnesota Timberwolves,0021401094,2015-03-29,MIN @ NOP,L,241,88,32,75,0.427,2,12,0.167,22,24,0.917,12,27,39,17,5,4,21,17,-22.0,2014-15
22014,1610612756,PHX,Phoenix Suns,0021401100,2015-03-29,PHX vs. OKC,L,239,97,37,82,0.451,5,22,0.227,18,24,0.75,8,32,40,23,9,4,18,20,-12.0,2014-15
22014,1610612754,IND,Indiana Pacers,0021401099,2015-03-29,IND vs. DAL,W,239,104,38,76,0.5,10,17,0.588,18,26,0.692,4,39,43,23,6,6,15,25,5.0,2014-15
22014,1610612745,HOU,Houston Rockets,0021401097,2015-03-29,HOU @ WAS,W,241,99,34,80,0.425,9,29,0.31,22,33,0.667,16,37,53,18,12,6,19,25,8.0,2014-15
22014,1610612764,WAS,Washington Wizards,0021401097,2015-03-29,WAS vs. HOU,L,241,91,29,75,0.387,4,15,0.267,29,37,0.784,11,32,43,17,14,5,17,22,-8.0,2014-15
22014,1610612760,OKC,Oklahoma City Thunder,0021401100,2015-03-29,OKC @ PHX,W,242,109,40,86,0.465,10,26,0.385,19,26,0.731,11,37,48,16,9,4,15,20,12.0,2014-15
22014,1610612747,LAL,Los Angeles Lakers,0021401093,2015-03-29,LAL @ BKN,L,240,99,42,91,0.462,6,18,0.333,9,11,0.818,9,34,43,25,7,4,11,14,-8.0,2014-15
22014,1610612765,DET,Detroit Pistons,0021401096,2015-03-29,DET @ MIA,L,241,102,40,83,0.482,8,25,0.32,14,22,0.636,13,24,37,24,5,5,11,20,-7.0,2014-15
22014,1610612742,DAL,Dallas Mavericks,0021401099,2015-03-29,DAL @ IND,L,240,99,40,90,0.444,6,15,0.4,13,19,0.684,9,32,41,20,5,3,12,25,-5.0,2014-15
22014,1610612748,MIA,Miami Heat,0021401096,2015-03-29,MIA vs. DET,W,239,109,39,82,0.476,7,18,0.389,24,29,0.828,14,32,46,20,4,1,10,16,7.0,2014-15
22014,1610612755,PHI,Philadelphia 76ers,0021401092,2015-03-29,PHI @ CLE,L,241,86,34,84,0.405,10,30,0.333,8,15,0.533,11,34,45,18,11,0,13,21,-1.0,2014-15
22014,1610612737,ATL,Atlanta Hawks,0021401087,2015-03-28,ATL @ CHA,L,240,100,37,86,0.43,15,30,0.5,11,14,0.786,7,29,36,32,6,4,10,17,-15.0,2014-15
22014,1610612749,MIL,Milwaukee Bucks,0021401089,2015-03-28,MIL vs. GSW,L,240,95,33,87,0.379,2,15,0.133,27,32,0.844,15,27,42,24,14,5,15,20,-13.0,2014-15
22014,1610612766,CHA,Charlotte Hornets,0021401087,2015-03-28,CHA vs. ATL,W,241,115,42,80,0.525,12,26,0.462,19,22,0.864,7,35,42,28,4,6,8,16,15.0,2014-15
22014,1610612741,CHI,Chicago Bulls,0021401088,2015-03-28,CHI vs. NYK,W,241,111,43,84,0.512,6,17,0.353,19,22,0.864,12,39,51,28,8,5,12,16,31.0,2014-15
22014,1610612744,GSW,Golden State Warriors,0021401089,2015-03-28,GSW @ MIL,W,241,108,42,82,0.512,12,25,0.48,12,14,0.857,7,38,45,27,7,8,22,23,13.0,2014-15
22014,1610612760,OKC,Oklahoma City Thunder,0021401090,2015-03-28,OKC @ UTA,L,240,89,31,73,0.425,6,16,0.375,21,32,0.656,10,38,48,14,5,4,23,29,-5.0,2014-15
22014,1610612752,NYK,New York Knicks,0021401088,2015-03-28,NYK @ CHI,L,239,80,30,79,0.38,4,17,0.235,16,19,0.842,9,26,35,22,7,7,13,18,-31.0,2014-15
22014,1610612757,POR,Portland Trail Blazers,0021401091,2015-03-28,POR vs. DEN,W,240,120,48,85,0.565,8,18,0.444,16,18,0.889,8,37,45,29,8,5,16,18,6.0,2014-15
22014,1610612762,UTA,Utah Jazz,0021401090,2015-03-28,UTA vs. OKC,W,240,94,32,84,0.381,6,29,0.207,24,35,0.686,16,26,42,12,14,8,11,29,5.0,2014-15
22014,1610612743,DEN,Denver Nuggets,0021401091,2015-03-28,DEN @ POR,L,240,114,43,92,0.467,9,24,0.375,19,22,0.864,11,28,39,24,12,1,11,20,-6.0,2014-15
22014,1610612739,CLE,Cleveland Cavaliers,0021401078,2015-03-27,CLE @ BKN,L,239,98,37,81,0.457,8,30,0.267,16,20,0.8,6,34,40,17,10,4,16,19,-8.0,2014-15
22014,1610612747,LAL,Los Angeles Lakers,0021401080,2015-03-27,LAL @ TOR,L,240,83,29,84,0.345,4,17,0.235,21,29,0.724,16,30,46,14,6,2,12,19,-11.0,2014-15
22014,1610612744,GSW,Golden State Warriors,0021401082,2015-03-27,GSW @ MEM,W,240,107,39,90,0.433,16,31,0.516,13,17,0.765,14,29,43,28,15,5,14,17,23.0,2014-15
22014,1610612757,POR,Portland Trail Blazers,0021401086,2015-03-27,POR @ PHX,W,239,87,36,89,0.404,7,26,0.269,8,18,0.444,15,39,54,15,4,4,13,18,6.0,2014-15
22014,1610612762,UTA,Utah Jazz,0021401085,2015-03-27,UTA @ DEN,L,241,91,32,81,0.395,5,27,0.185,22,31,0.71,14,28,42,20,12,7,13,19,-16.0,2014-15
22014,1610612742,DAL,Dallas Mavericks,0021401084,2015-03-27,DAL @ SAS,L,238,76,31,82,0.378,4,18,0.222,10,15,0.667,15,32,47,15,9,4,18,21,-18.0,2014-15
22014,1610612766,CHA,Charlotte Hornets,0021401076,2015-03-27,CHA @ WAS,L,290,107,36,104,0.346,8,25,0.32,27,35,0.771,10,51,61,25,11,11,11,17,-3.0,2014-15
22014,1610612759,SAS,San Antonio Spurs,0021401084,2015-03-27,SAS vs. DAL,W,239,94,37,84,0.44,9,26,0.346,11,14,0.786,13,37,50,28,8,4,14,19,18.0,2014-15
22014,1610612737,ATL,Atlanta Hawks,0021401077,2015-03-27,ATL vs. MIA,W,242,99,37,72,0.514,6,18,0.333,19,24,0.792,5,33,38,31,12,4,16,13,13.0,2014-15
22014,1610612765,DET,Detroit Pistons,0021401074,2015-03-27,DET @ ORL,W,240,111,42,90,0.467,7,18,0.389,20,27,0.741,12,29,41,22,10,6,5,12,14.0,2014-15
22014,1610612758,SAC,Sacramento Kings,0021401083,2015-03-27,SAC @ NOP,L,241,88,35,79,0.443,7,15,0.467,11,18,0.611,10,27,37,14,5,4,11,14,-14.0,2014-15
22014,1610612738,BOS,Boston Celtics,0021401079,2015-03-27,BOS @ NYK,W,241,96,29,69,0.42,4,20,0.2,34,43,0.791,9,35,44,18,6,1,16,17,4.0,2014-15
22014,1610612750,MIN,Minnesota Timberwolves,0021401081,2015-03-27,MIN @ HOU,L,240,110,37,76,0.487,6,14,0.429,30,34,0.882,6,25,31,26,6,1,13,13,-10.0,2014-15
22014,1610612751,BKN,Brooklyn Nets,0021401078,2015-03-27,BKN vs. CLE,W,239,106,40,86,0.465,9,23,0.391,17,19,0.895,10,36,46,21,6,1,15,18,8.0,2014-15
22014,1610612752,NYK,New York Knicks,0021401079,2015-03-27,NYK vs. BOS,L,240,92,38,87,0.437,7,24,0.292,9,14,0.643,9,27,36,23,9,2,12,31,-4.0,2014-15
22014,1610612763,MEM,Memphis Grizzlies,0021401082,2015-03-27,MEM vs. GSW,L,239,84,34,76,0.447,5,13,0.385,11,15,0.733,8,32,40,19,9,2,19,18,-23.0,2014-15
22014,1610612755,PHI,Philadelphia 76ers,0021401075,2015-03-27,PHI vs. LAC,L,239,98,36,86,0.419,11,31,0.355,15,27,0.556,8,32,40,17,11,1,13,25,-21.0,2014-15
22014,1610612761,TOR,Toronto Raptors,0021401080,2015-03-27,TOR vs. LAL,W,240,94,36,75,0.48,7,18,0.389,15,21,0.714,8,32,40,25,8,4,10,19,11.0,2014-15
22014,1610612753,ORL,Orlando Magic,0021401074,2015-03-27,ORL vs. DET,L,239,97,43,82,0.524,3,15,0.2,8,8,1.0,8,32,40,31,3,2,16,24,-14.0,2014-15
22014,1610612743,DEN,Denver Nuggets,0021401085,2015-03-27,DEN vs. UTA,W,239,107,39,76,0.513,13,24,0.542,16,23,0.696,8,33,41,23,8,4,17,23,16.0,2014-15
22014,1610612746,LAC,Los Angeles Clippers,0021401075,2015-03-27,LAC @ PHI,W,240,119,44,82,0.537,12,29,0.414,19,31,0.613,8,48,56,28,8,2,16,24,21.0,2014-15
22014,1610612756,PHX,Phoenix Suns,0021401086,2015-03-27,PHX vs. POR,L,240,81,32,87,0.368,6,20,0.3,11,12,0.917,11,37,48,14,5,1,13,19,-6.0,2014-15
22014,1610612748,MIA,Miami Heat,0021401077,2015-03-27,MIA @ ATL,L,240,86,32,82,0.39,11,35,0.314,11,15,0.733,11,30,41,20,9,6,18,20,-13.0,2014-15
22014,1610612764,WAS,Washington Wizards,0021401076,2015-03-27,WAS vs. CHA,W,290,110,44,113,0.389,9,25,0.36,13,22,0.591,17,55,72,25,9,9,16,26,3.0,2014-15
22014,1610612740,NOP,New Orleans Pelicans,0021401083,2015-03-27,NOP vs. SAC,W,241,102,43,84,0.512,9,20,0.45,7,12,0.583,12,35,47,25,5,9,12,16,14.0,2014-15
22014,1610612745,HOU,Houston Rockets,0021401081,2015-03-27,HOU vs. MIN,W,242,120,44,83,0.53,20,44,0.455,12,17,0.706,13,28,41,34,10,6,17,26,10.0,2014-15
22014,1610612754,IND,Indiana Pacers,0021401073,2015-03-26,IND @ MIL,L,240,107,30,71,0.423,14,30,0.467,33,43,0.767,12,29,41,18,7,4,19,28,-4.0,2014-15
22014,1610612749,MIL,Milwaukee Bucks,0021401073,2015-03-26,MIL vs. IND,W,240,111,39,73,0.534,9,19,0.474,24,34,0.706,6,24,30,26,10,3,16,34,4.0,2014-15
22014,1610612758,SAC,Sacramento Kings,0021401072,2015-03-25,SAC @ PHX,W,240,108,40,81,0.494,8,21,0.381,20,23,0.87,8,35,43,27,8,3,19,24,9.0,2014-15
22014,1610612737,ATL,Atlanta Hawks,0021401062,2015-03-25,ATL @ ORL,W,240,95,39,90,0.433,10,31,0.323,7,10,0.7,12,33,45,21,9,8,13,17,12.0,2014-15
22014,1610612751,BKN,Brooklyn Nets,0021401060,2015-03-25,BKN @ CHA,W,240,91,39,91,0.429,3,14,0.214,10,11,0.909,5,41,46,28,6,8,9,18,3.0,2014-15
22014,1610612741,CHI,Chicago Bulls,0021401065,2015-03-25,CHI @ TOR,W,242,116,45,74,0.608,12,23,0.522,14,17,0.824,2,29,31,26,4,6,8,16,13.0,2014-15
22014,1610612762,UTA,Utah Jazz,0021401070,2015-03-25,UTA vs. POR,L,240,89,35,80,0.438,4,16,0.25,15,23,0.652,11,32,43,12,11,2,9,20,-3.0,2014-15
22014,1610612743,DEN,Denver Nuggets,0021401069,2015-03-25,DEN vs. PHI,L,241,85,29,84,0.345,8,29,0.276,19,27,0.704,13,36,49,13,8,4,16,22,-14.0,2014-15
22014,1610612753,ORL,Orlando Magic,0021401062,2015-03-25,ORL vs. ATL,L,240,83,32,78,0.41,3,16,0.188,16,20,0.8,10,32,42,19,7,3,17,14,-12.0,2014-15
22014,1610612750,MIN,Minnesota Timberwolves,0021401067,2015-03-25,MIN vs. LAL,L,265,99,33,78,0.423,6,22,0.273,27,30,0.9,9,31,40,14,8,5,17,16,-2.0,2014-15
22014,1610612761,TOR,Toronto Raptors,0021401065,2015-03-25,TOR vs. CHI,L,238,103,39,83,0.47,9,21,0.429,16,19,0.842,10,25,35,16,6,1,7,16,-13.0,2014-15
22014,1610612745,HOU,Houston Rockets,0021401068,2015-03-25,HOU @ NOP,W,239,95,40,81,0.494,6,22,0.273,9,12,0.75,12,31,43,29,7,4,18,22,2.0,2014-15
22014,1610612739,CLE,Cleveland Cavaliers,0021401066,2015-03-25,CLE @ MEM,W,240,111,43,84,0.512,14,34,0.412,11,13,0.846,11,38,49,30,6,5,18,18,22.0,2014-15
22014,1610612764,WAS,Washington Wizards,0021401063,2015-03-25,WAS vs. IND,L,241,101,33,75,0.44,5,14,0.357,30,38,0.789,6,40,46,13,6,4,10,23,-2.0,2014-15
22014,1610612756,PHX,Phoenix Suns,0021401072,2015-03-25,PHX vs. SAC,L,239,99,38,87,0.437,6,25,0.24,17,26,0.654,14,32,46,16,10,6,18,19,-9.0,2014-15
22014,1610612740,NOP,New Orleans Pelicans,0021401068,2015-03-25,NOP vs. HOU,L,239,93,34,75,0.453,5,15,0.333,20,32,0.625,12,25,37,20,8,9,13,16,-2.0,2014-15
22014,1610612760,OKC,Oklahoma City Thunder,0021401071,2015-03-25,OKC @ SAS,L,239,91,36,90,0.4,6,18,0.333,13,14,0.929,10,27,37,16,7,1,10,15,-39.0,2014-15
22014,1610612759,SAS,San Antonio Spurs,0021401071,2015-03-25,SAS vs. OKC,W,241,130,51,88,0.58,13,21,0.619,15,19,0.789,11,38,49,28,7,4,10,12,39.0,2014-15
22014,1610612757,POR,Portland Trail Blazers,0021401070,2015-03-25,POR @ UTA,W,239,92,34,81,0.42,7,27,0.259,17,20,0.85,11,34,45,19,4,5,14,18,3.0,2014-15
22014,1610612754,IND,Indiana Pacers,0021401063,2015-03-25,IND @ WAS,W,241,103,38,85,0.447,9,26,0.346,18,28,0.643,9,34,43,21,7,2,10,23,2.0,2014-15
22014,1610612763,MEM,Memphis Grizzlies,0021401066,2015-03-25,MEM vs. CLE,L,241,89,37,85,0.435,4,17,0.235,11,16,0.688,9,23,32,18,9,6,8,15,-22.0,2014-15
22014,1610612752,NYK,New York Knicks,0021401061,2015-03-25,NYK vs. LAC,L,239,80,29,82,0.354,5,23,0.217,17,19,0.895,7,27,34,14,8,3,20,15,-31.0,2014-15
22014,1610612755,PHI,Philadelphia 76ers,0021401069,2015-03-25,PHI @ DEN,W,240,99,35,84,0.417,14,34,0.412,15,22,0.682,13,36,49,17,14,12,16,22,14.0,2014-15
22014,1610612747,LAL,Los Angeles Lakers,0021401067,2015-03-25,LAL @ MIN,W,264,101,39,92,0.424,6,26,0.231,17,18,0.944,14,34,48,21,8,4,16,23,2.0,2014-15
22014,1610612748,MIA,Miami Heat,0021401064,2015-03-25,MIA @ BOS,W,240,93,34,77,0.442,9,24,0.375,16,23,0.696,8,30,38,23,7,6,16,28,7.0,2014-15
22014,1610612766,CHA,Charlotte Hornets,0021401060,2015-03-25,CHA vs. BKN,L,241,88,36,91,0.396,3,12,0.25,13,20,0.65,10,41,51,23,4,7,11,17,-3.0,2014-15
22014,1610612738,BOS,Boston Celtics,0021401064,2015-03-25,BOS vs. MIA,L,240,86,28,69,0.406,5,19,0.263,25,37,0.676,10,33,43,16,8,4,16,25,-7.0,2014-15
22014,1610612746,LAC,Los Angeles Clippers,0021401061,2015-03-25,LAC @ NYK,W,240,111,44,78,0.564,11,28,0.393,12,18,0.667,6,33,39,31,12,7,15,17,31.0,2014-15
22014,1610612749,MIL,Milwaukee Bucks,0021401055,2015-03-24,MIL vs. MIA,W,241,89,36,87,0.414,4,17,0.235,13,17,0.765,20,33,53,25,8,9,20,23,1.0,2014-15
22014,1610612765,DET,Detroit Pistons,0021401054,2015-03-24,DET vs. TOR,W,240,108,40,93,0.43,12,29,0.414,16,24,0.667,20,22,42,26,5,3,7,21,4.0,2014-15
22014,1610612758,SAC,Sacramento Kings,0021401058,2015-03-24,SAC vs. PHI,W,241,107,35,97,0.361,7,20,0.35,30,38,0.789,20,30,50,21,10,9,10,20,1.0,2014-15
22014,1610612747,LAL,Los Angeles Lakers,0021401056,2015-03-24,LAL @ OKC,L,239,117,44,85,0.518,9,19,0.474,20,27,0.741,8,20,28,22,10,7,10,17,-10.0,2014-15
22014,1610612761,TOR,Toronto Raptors,0021401054,2015-03-24,TOR @ DET,L,240,104,35,75,0.467,7,23,0.304,27,29,0.931,12,31,43,19,2,4,12,20,-4.0,2014-15
22014,1610612748,MIA,Miami Heat,0021401055,2015-03-24,MIA @ MIL,L,241,88,33,75,0.44,8,19,0.421,14,18,0.778,8,26,34,18,11,4,18,20,-1.0,2014-15
22014,1610612760,OKC,Oklahoma City Thunder,0021401056,2015-03-24,OKC vs. LAL,W,240,127,48,86,0.558,11,21,0.524,20,23,0.87,13,36,49,29,7,2,16,20,10.0,2014-15
22014,1610612759,SAS,San Antonio Spurs,0021401057,2015-03-24,SAS @ DAL,L,240,94,36,85,0.424,8,28,0.286,14,18,0.778,9,34,43,16,12,5,16,20,-7.0,2014-15
22014,1610612755,PHI,Philadelphia 76ers,0021401058,2015-03-24,PHI @ SAC,L,239,106,40,81,0.494,13,28,0.464,13,21,0.619,7,37,44,18,6,11,20,29,-1.0,2014-15
22014,1610612744,GSW,Golden State Warriors,0021401059,2015-03-24,GSW @ POR,W,239,122,50,83,0.602,12,26,0.462,10,11,0.909,6,40,46,37,4,5,13,18,14.0,2014-15
22014,1610612757,POR,Portland Trail Blazers,0021401059,2015-03-24,POR vs. GSW,L,239,108,39,92,0.424,15,34,0.441,15,19,0.789,12,23,35,23,9,2,10,14,-14.0,2014-15
22014,1610612742,DAL,Dallas Mavericks,0021401057,2015-03-24,DAL vs. SAS,W,241,101,42,87,0.483,7,22,0.318,10,13,0.769,10,39,49,21,6,2,16,19,7.0,2014-15
22014,1610612763,MEM,Memphis Grizzlies,0021401050,2015-03-23,MEM @ NYK,W,241,103,41,79,0.519,7,12,0.583,14,19,0.737,9,30,39,22,4,2,10,19,21.0,2014-15
22014,1610612745,HOU,Houston Rockets,0021401048,2015-03-23,HOU @ IND,W,240,110,31,65,0.477,13,24,0.542,35,37,0.946,4,31,35,16,11,5,19,25,10.0,2014-15
22014,1610612754,IND,Indiana Pacers,0021401048,2015-03-23,IND vs. HOU,L,239,100,40,90,0.444,8,24,0.333,12,19,0.632,16,24,40,21,7,5,18,23,-10.0,2014-15
22014,1610612744,GSW,Golden State Warriors,0021401053,2015-03-23,GSW vs. WAS,W,240,107,39,95,0.411,13,33,0.394,16,21,0.762,19,43,62,23,9,6,11,14,31.0,2014-15
22014,1610612766,CHA,Charlotte Hornets,0021401051,2015-03-23,CHA @ CHI,L,239,86,28,81,0.346,8,20,0.4,22,28,0.786,11,40,51,11,2,8,10,25,-12.0,2014-15
22014,1610612741,CHI,Chicago Bulls,0021401051,2015-03-23,CHI vs. CHA,W,241,98,37,82,0.451,3,16,0.188,21,29,0.724,6,40,46,21,5,7,6,20,12.0,2014-15
22014,1610612738,BOS,Boston Celtics,0021401049,2015-03-23,BOS @ BKN,W,241,110,47,92,0.511,6,22,0.273,10,14,0.714,8,39,47,25,7,4,9,21,19.0,2014-15
22014,1610612750,MIN,Minnesota Timberwolves,0021401052,2015-03-23,MIN @ UTA,W,266,106,37,78,0.474,12,19,0.632,20,25,0.8,11,26,37,19,10,4,19,23,2.0,2014-15
22014,1610612752,NYK,New York Knicks,0021401050,2015-03-23,NYK vs. MEM,L,241,82,32,76,0.421,4,18,0.222,14,17,0.824,8,29,37,22,4,6,17,18,-21.0,2014-15
22014,1610612762,UTA,Utah Jazz,0021401052,2015-03-23,UTA vs. MIN,L,263,104,38,87,0.437,9,28,0.321,19,31,0.613,21,25,46,21,11,11,17,20,-2.0,2014-15
22014,1610612751,BKN,Brooklyn Nets,0021401049,2015-03-23,BKN vs. BOS,L,240,91,32,89,0.36,1,17,0.059,26,30,0.867,16,32,48,15,7,5,11,13,-19.0,2014-15
22014,1610612764,WAS,Washington Wizards,0021401053,2015-03-23,WAS @ GSW,L,241,76,27,81,0.333,3,11,0.273,19,26,0.731,5,33,38,15,5,2,11,15,-31.0,2014-15
22014,1610612758,SAC,Sacramento Kings,0021401042,2015-03-22,SAC vs. WAS,W,241,109,40,79,0.506,8,17,0.471,21,23,0.913,4,30,34,24,12,2,16,17,23.0,2014-15
22014,1610612748,MIA,Miami Heat,0021401038,2015-03-22,MIA @ OKC,L,239,75,32,81,0.395,3,18,0.167,8,15,0.533,13,28,41,13,7,6,18,15,-18.0,2014-15
22014,1610612764,WAS,Washington Wizards,0021401042,2015-03-22,WAS @ SAC,L,238,86,35,87,0.402,3,17,0.176,13,18,0.722,16,28,44,21,7,3,16,18,-23.0,2014-15
22014,1610612743,DEN,Denver Nuggets,0021401044,2015-03-22,DEN @ ORL,W,238,119,42,90,0.467,12,28,0.429,23,30,0.767,18,31,49,30,11,6,13,19,19.0,2014-15
22014,1610612747,LAL,Los Angeles Lakers,0021401047,2015-03-22,LAL vs. PHI,W,240,101,39,81,0.481,5,14,0.357,18,22,0.818,13,39,52,21,4,9,13,21,14.0,2014-15
22014,1610612750,MIN,Minnesota Timberwolves,0021401045,2015-03-22,MIN vs. CHA,L,240,98,41,74,0.554,4,11,0.364,12,16,0.75,3,29,32,24,5,1,13,17,-11.0,2014-15
22014,1610612746,LAC,Los Angeles Clippers,0021401040,2015-03-22,LAC vs. NOP,W,240,107,42,91,0.462,7,23,0.304,16,23,0.696,16,26,42,25,10,7,10,17,7.0,2014-15
22014,1610612760,OKC,Oklahoma City Thunder,0021401038,2015-03-22,OKC vs. MIA,W,240,93,40,90,0.444,6,18,0.333,7,13,0.538,21,30,51,25,11,7,17,17,18.0,2014-15
22014,1610612761,TOR,Toronto Raptors,0021401041,2015-03-22,TOR vs. NYK,W,240,106,39,75,0.52,4,11,0.364,24,29,0.828,8,36,44,22,4,1,16,14,17.0,2014-15
22014,1610612765,DET,Detroit Pistons,0021401043,2015-03-22,DET @ BOS,W,265,105,39,89,0.438,9,26,0.346,18,30,0.6,11,45,56,24,5,10,14,21,8.0,2014-15
22014,1610612759,SAS,San Antonio Spurs,0021401039,2015-03-22,SAS @ ATL,W,238,114,46,82,0.561,7,17,0.412,15,17,0.882,10,33,43,30,8,4,16,14,19.0,2014-15
22014,1610612755,PHI,Philadelphia 76ers,0021401047,2015-03-22,PHI @ LAL,L,241,87,32,89,0.36,9,27,0.333,14,21,0.667,13,26,39,22,4,6,8,21,-14.0,2014-15
22014,1610612737,ATL,Atlanta Hawks,0021401039,2015-03-22,ATL vs. SAS,L,238,95,38,80,0.475,12,24,0.5,7,7,1.0,6,23,29,25,13,2,18,15,-19.0,2014-15
22014,1610612740,NOP,New Orleans Pelicans,0021401040,2015-03-22,NOP @ LAC,L,240,100,38,75,0.507,12,22,0.545,12,16,0.75,9,32,41,21,7,4,18,21,-7.0,2014-15
22014,1610612752,NYK,New York Knicks,0021401041,2015-03-22,NYK @ TOR,L,240,89,35,84,0.417,8,19,0.421,11,16,0.688,12,26,38,24,9,4,11,23,-17.0,2014-15
22014,1610612766,CHA,Charlotte Hornets,0021401045,2015-03-22,CHA @ MIN,W,242,109,45,89,0.506,6,18,0.333,13,16,0.813,13,29,42,21,8,3,7,16,11.0,2014-15
22014,1610612749,MIL,Milwaukee Bucks,0021401037,2015-03-22,MIL vs. CLE,L,241,90,38,70,0.543,3,12,0.25,11,14,0.786,6,33,39,23,10,5,23,14,-18.0,2014-15
22014,1610612739,CLE,Cleveland Cavaliers,0021401037,2015-03-22,CLE @ MIL,W,240,108,42,84,0.5,13,31,0.419,11,16,0.688,9,27,36,22,14,1,13,12,18.0,2014-15
22014,1610612738,BOS,Boston Celtics,0021401043,2015-03-22,BOS vs. DET,L,267,97,38,105,0.362,8,27,0.296,13,17,0.765,18,41,59,24,7,5,13,23,-8.0,2014-15
22014,1610612742,DAL,Dallas Mavericks,0021401046,2015-03-22,DAL @ PHX,L,240,92,37,96,0.385,5,19,0.263,13,22,0.591,15,25,40,21,9,1,12,22,-6.0,2014-15
22014,1610612756,PHX,Phoenix Suns,0021401046,2015-03-22,PHX vs. DAL,W,241,98,39,76,0.513,6,21,0.286,14,23,0.609,9,40,49,22,10,7,19,23,6.0,2014-15
22014,1610612753,ORL,Orlando Magic,0021401044,2015-03-22,ORL vs. DEN,L,240,100,41,85,0.482,4,17,0.235,14,17,0.824,11,29,40,26,7,4,18,26,-19.0,2014-15
22014,1610612765,DET,Detroit Pistons,0021401033,2015-03-21,DET vs. CHI,W,240,107,44,90,0.489,11,26,0.423,8,10,0.8,6,38,44,28,9,6,4,20,16.0,2014-15
22014,1610612754,IND,Indiana Pacers,0021401032,2015-03-21,IND vs. BKN,L,239,111,45,90,0.5,8,23,0.348,13,18,0.722,11,28,39,22,3,2,9,23,-12.0,2014-15
22014,1610612744,GSW,Golden State Warriors,0021401036,2015-03-21,GSW vs. UTA,W,240,106,38,78,0.487,8,18,0.444,22,26,0.846,7,30,37,25,11,3,10,17,15.0,2014-15
22014,1610612757,POR,Portland Trail Blazers,0021401035,2015-03-21,POR @ MEM,L,240,86,33,76,0.434,6,22,0.273,14,15,0.933,5,39,44,15,6,3,17,17,-11.0,2014-15
22014,1610612762,UTA,Utah Jazz,0021401036,2015-03-21,UTA @ GSW,L,243,91,32,73,0.438,10,22,0.455,17,21,0.81,8,27,35,19,5,2,15,19,-15.0,2014-15
22014,1610612763,MEM,Memphis Grizzlies,0021401035,2015-03-21,MEM vs. POR,W,242,97,37,89,0.416,11,18,0.611,12,16,0.75,11,34,45,21,10,1,10,16,11.0,2014-15
22014,1610612756,PHX,Phoenix Suns,0021401034,2015-03-21,PHX @ HOU,W,241,117,46,92,0.5,8,15,0.533,17,24,0.708,14,35,49,20,10,5,14,16,15.0,2014-15
22014,1610612741,CHI,Chicago Bulls,0021401033,2015-03-21,CHI @ DET,L,241,91,33,77,0.429,6,21,0.286,19,24,0.792,8,37,45,22,2,1,11,11,-16.0,2014-15
22014,1610612745,HOU,Houston Rockets,0021401034,2015-03-21,HOU vs. PHX,L,240,102,41,87,0.471,10,34,0.294,10,12,0.833,4,32,36,28,7,5,18,21,-15.0,2014-15
22014,1610612751,BKN,Brooklyn Nets,0021401032,2015-03-21,BKN @ IND,W,239,123,46,75,0.613,6,12,0.5,25,31,0.806,3,32,35,21,4,4,8,18,12.0,2014-15
22014,1610612742,DAL,Dallas Mavericks,0021401027,2015-03-20,DAL vs. MEM,L,241,101,34,76,0.447,8,22,0.364,25,36,0.694,9,32,41,14,6,3,17,29,-11.0,2014-15
22014,1610612751,BKN,Brooklyn Nets,0021401022,2015-03-20,BKN vs. MIL,W,316,129,46,107,0.43,11,25,0.44,26,34,0.765,16,37,53,31,9,7,15,25,2.0,2014-15
22014,1610612748,MIA,Miami Heat,0021401024,2015-03-20,MIA vs. DEN,W,240,108,43,81,0.531,7,16,0.438,15,19,0.789,10,34,44,23,8,7,16,17,17.0,2014-15
22014,1610612740,NOP,New Orleans Pelicans,0021401030,2015-03-20,NOP @ GSW,L,240,96,33,77,0.429,11,22,0.5,19,22,0.864,9,33,42,22,4,3,20,17,-16.0,2014-15
22014,1610612752,NYK,New York Knicks,0021401021,2015-03-20,NYK @ PHI,L,240,81,25,69,0.362,8,16,0.5,23,26,0.885,7,30,37,16,7,8,18,16,-16.0,2014-15
22014,1610612744,GSW,Golden State Warriors,0021401030,2015-03-20,GSW vs. NOP,W,240,112,44,88,0.5,5,19,0.263,19,23,0.826,12,30,42,29,9,6,10,19,16.0,2014-15
22014,1610612739,CLE,Cleveland Cavaliers,0021401023,2015-03-20,CLE vs. IND,W,241,95,35,82,0.427,9,26,0.346,16,21,0.762,11,34,45,18,4,6,9,16,3.0,2014-15
22014,1610612738,BOS,Boston Celtics,0021401028,2015-03-20,BOS @ SAS,L,242,89,35,88,0.398,5,20,0.25,14,20,0.7,14,33,47,19,10,2,15,19,-12.0,2014-15
22014,1610612758,SAC,Sacramento Kings,0021401029,2015-03-20,SAC vs. CHA,W,241,101,37,78,0.474,9,21,0.429,18,25,0.72,11,37,48,21,4,3,21,17,10.0,2014-15
22014,1610612757,POR,Portland Trail Blazers,0021401020,2015-03-20,POR @ ORL,L,239,104,38,80,0.475,7,24,0.292,21,24,0.875,11,33,44,13,4,2,13,19,-7.0,2014-15
22014,1610612749,MIL,Milwaukee Bucks,0021401022,2015-03-20,MIL @ BKN,L,315,127,49,129,0.38,8,16,0.5,21,29,0.724,38,43,81,23,11,9,17,31,-2.0,2014-15
22014,1610612754,IND,Indiana Pacers,0021401023,2015-03-20,IND @ CLE,L,238,92,36,84,0.429,8,20,0.4,12,13,0.923,9,33,42,23,5,6,8,20,-3.0,2014-15
22014,1610612761,TOR,Toronto Raptors,0021401025,2015-03-20,TOR @ CHI,L,241,92,30,79,0.38,10,25,0.4,22,26,0.846,12,24,36,20,6,4,6,19,-16.0,2014-15
22014,1610612759,SAS,San Antonio Spurs,0021401028,2015-03-20,SAS vs. BOS,W,240,101,38,81,0.469,5,23,0.217,20,23,0.87,7,38,45,31,11,4,13,14,12.0,2014-15
22014,1610612741,CHI,Chicago Bulls,0021401025,2015-03-20,CHI vs. TOR,W,240,108,42,79,0.532,9,28,0.321,15,17,0.882,13,34,47,32,4,7,12,21,16.0,2014-15
22014,1610612764,WAS,Washington Wizards,0021401031,2015-03-20,WAS @ LAC,L,241,99,37,86,0.43,6,19,0.316,19,23,0.826,8,28,36,27,6,2,9,16,-14.0,2014-15
22014,1610612766,CHA,Charlotte Hornets,0021401029,2015-03-20,CHA @ SAC,L,239,91,36,91,0.396,6,18,0.333,13,16,0.813,7,29,36,16,10,3,13,18,-10.0,2014-15
22014,1610612737,ATL,Atlanta Hawks,0021401026,2015-03-20,ATL @ OKC,L,241,115,41,82,0.5,13,29,0.448,20,25,0.8,7,27,34,20,9,4,11,16,-8.0,2014-15
22014,1610612755,PHI,Philadelphia 76ers,0021401021,2015-03-20,PHI vs. NYK,W,239,97,37,88,0.42,11,30,0.367,12,15,0.8,15,34,49,23,11,7,11,20,16.0,2014-15
22014,1610612746,LAC,Los Angeles Clippers,0021401031,2015-03-20,LAC vs. WAS,W,241,113,45,86,0.523,12,23,0.522,11,17,0.647,8,38,46,33,5,6,14,21,14.0,2014-15
22014,1610612763,MEM,Memphis Grizzlies,0021401027,2015-03-20,MEM @ DAL,W,242,112,41,77,0.532,8,18,0.444,22,32,0.688,6,32,38,19,7,3,15,30,11.0,2014-15
22014,1610612753,ORL,Orlando Magic,0021401020,2015-03-20,ORL vs. POR,W,241,111,43,94,0.457,5,12,0.417,20,24,0.833,18,32,50,22,9,1,7,22,7.0,2014-15
22014,1610612743,DEN,Denver Nuggets,0021401024,2015-03-20,DEN @ MIA,L,238,91,37,79,0.468,7,27,0.259,10,19,0.526,10,25,35,21,11,7,16,20,-17.0,2014-15
22014,1610612760,OKC,Oklahoma City Thunder,0021401026,2015-03-20,OKC vs. ATL,W,239,123,43,84,0.512,13,30,0.433,24,26,0.923,10,34,44,26,6,6,12,19,8.0,2014-15
22014,1610612752,NYK,New York Knicks,0021401016,2015-03-19,NYK vs. MIN,L,265,92,40,97,0.412,4,20,0.2,8,10,0.8,12,37,49,22,9,5,15,18,-3.0,2014-15
22014,1610612756,PHX,Phoenix Suns,0021401018,2015-03-19,PHX vs. NOP,W,239,74,29,83,0.349,2,22,0.091,14,21,0.667,14,43,57,11,5,8,12,15,2.0,2014-15
22014,1610612747,LAL,Los Angeles Lakers,0021401019,2015-03-19,LAL vs. UTA,L,240,73,31,77,0.403,3,11,0.273,8,17,0.471,9,34,43,20,9,3,14,22,-7.0,2014-15
22014,1610612750,MIN,Minnesota Timberwolves,0021401016,2015-03-19,MIN @ NYK,W,265,95,34,83,0.41,2,12,0.167,25,30,0.833,11,32,43,12,10,8,16,12,3.0,2014-15
22014,1610612743,DEN,Denver Nuggets,0021401017,2015-03-19,DEN @ HOU,L,241,108,42,93,0.452,13,36,0.361,11,19,0.579,6,36,42,23,8,3,15,28,-10.0,2014-15
22014,1610612745,HOU,Houston Rockets,0021401017,2015-03-19,HOU vs. DEN,W,240,118,37,83,0.446,12,30,0.4,32,40,0.8,10,39,49,27,8,4,16,19,10.0,2014-15
22014,1610612762,UTA,Utah Jazz,0021401019,2015-03-19,UTA @ LAL,W,241,80,25,62,0.403,9,25,0.36,21,31,0.677,2,34,36,19,11,8,14,17,7.0,2014-15
22014,1610612740,NOP,New Orleans Pelicans,0021401018,2015-03-19,NOP @ PHX,L,241,72,31,83,0.373,5,18,0.278,5,10,0.5,9,36,45,19,4,4,9,18,-2.0,2014-15
22014,1610612749,MIL,Milwaukee Bucks,0021401010,2015-03-18,MIL vs. SAS,L,240,103,39,80,0.488,7,14,0.5,18,24,0.75,11,32,43,28,5,4,12,26,-11.0,2014-15
22014,1610612751,BKN,Brooklyn Nets,0021401005,2015-03-18,BKN @ CLE,L,240,92,36,80,0.45,5,20,0.25,15,21,0.714,8,24,32,23,7,5,11,19,-25.0,2014-15
22014,1610612753,ORL,Orlando Magic,0021401012,2015-03-18,ORL @ DAL,L,240,102,40,87,0.46,9,28,0.321,13,14,0.929,11,30,41,28,12,5,18,24,-5.0,2014-15
22014,1610612754,IND,Indiana Pacers,0021401009,2015-03-18,IND @ CHI,L,239,86,32,81,0.395,6,19,0.316,16,21,0.762,5,33,38,16,3,8,9,23,-17.0,2014-15
22014,1610612737,ATL,Atlanta Hawks,0021401014,2015-03-18,ATL @ GSW,L,241,95,31,87,0.356,8,22,0.364,25,30,0.833,15,29,44,24,14,4,15,20,-19.0,2014-15
22014,1610612741,CHI,Chicago Bulls,0021401009,2015-03-18,CHI vs. IND,W,242,103,34,82,0.415,10,24,0.417,25,28,0.893,9,43,52,22,6,4,12,23,17.0,2014-15
22014,1610612758,SAC,Sacramento Kings,0021401013,2015-03-18,SAC vs. LAC,L,240,105,38,79,0.481,3,17,0.176,26,32,0.813,9,35,44,18,7,0,10,18,-11.0,2014-15
22014,1610612738,BOS,Boston Celtics,0021401011,2015-03-18,BOS @ OKC,L,240,118,44,84,0.524,13,34,0.382,17,28,0.607,11,28,39,32,10,5,20,28,-4.0,2014-15
22014,1610612742,DAL,Dallas Mavericks,0021401012,2015-03-18,DAL vs. ORL,W,240,107,39,80,0.488,13,31,0.419,16,24,0.667,8,32,40,28,7,6,20,16,5.0,2014-15
22014,1610612761,TOR,Toronto Raptors,0021401008,2015-03-18,TOR vs. MIN,W,241,105,35,79,0.443,12,29,0.414,23,27,0.852,8,31,39,25,6,3,12,15,5.0,2014-15
22014,1610612764,WAS,Washington Wizards,0021401015,2015-03-18,WAS @ UTA,W,239,88,33,63,0.524,6,11,0.545,16,23,0.696,6,35,41,16,4,3,21,21,4.0,2014-15
22014,1610612765,DET,Detroit Pistons,0021401006,2015-03-18,DET @ PHI,L,241,83,29,88,0.33,8,26,0.308,17,19,0.895,18,33,51,18,8,7,18,18,-11.0,2014-15
22014,1610612755,PHI,Philadelphia 76ers,0021401006,2015-03-18,PHI vs. DET,W,239,94,36,84,0.429,11,27,0.407,11,18,0.611,12,30,42,25,12,10,15,21,11.0,2014-15
22014,1610612757,POR,Portland Trail Blazers,0021401007,2015-03-18,POR @ MIA,L,240,104,41,81,0.506,10,26,0.385,12,21,0.571,13,32,45,22,3,2,15,15,-4.0,2014-15
22014,1610612744,GSW,Golden State Warriors,0021401014,2015-03-18,GSW vs. ATL,W,240,114,44,84,0.524,14,30,0.467,12,20,0.6,10,34,44,39,8,7,18,23,19.0,2014-15
22014,1610612760,OKC,Oklahoma City Thunder,0021401011,2015-03-18,OKC vs. BOS,W,240,122,42,88,0.477,5,19,0.263,33,39,0.846,18,28,46,19,12,2,16,26,4.0,2014-15
22014,1610612748,MIA,Miami Heat,0021401007,2015-03-18,MIA vs. POR,W,239,108,46,87,0.529,7,10,0.7,9,14,0.643,8,27,35,21,7,7,8,18,4.0,2014-15
22014,1610612762,UTA,Utah Jazz,0021401015,2015-03-18,UTA vs. WAS,L,239,84,34,82,0.415,4,22,0.182,12,24,0.5,14,22,36,21,9,5,9,19,-4.0,2014-15
22014,1610612739,CLE,Cleveland Cavaliers,0021401005,2015-03-18,CLE vs. BKN,W,240,117,45,82,0.549,15,29,0.517,12,20,0.6,11,32,43,32,2,3,11,17,25.0,2014-15
22014,1610612750,MIN,Minnesota Timberwolves,0021401008,2015-03-18,MIN @ TOR,L,239,100,42,87,0.483,6,17,0.353,10,15,0.667,12,33,45,21,7,4,18,20,-5.0,2014-15
22014,1610612746,LAC,Los Angeles Clippers,0021401013,2015-03-18,LAC @ SAC,W,240,116,45,88,0.511,17,37,0.459,9,13,0.692,8,28,36,27,5,6,11,23,11.0,2014-15
22014,1610612759,SAS,San Antonio Spurs,0021401010,2015-03-18,SAS @ MIL,W,239,114,38,76,0.5,8,20,0.4,30,38,0.789,3,31,34,27,9,6,8,19,11.0,2014-15
22014,1610612752,NYK,New York Knicks,0021401001,2015-03-17,NYK vs. SAS,W,265,104,41,91,0.451,3,14,0.214,19,27,0.704,15,35,50,22,7,10,11,20,4.0,2014-15
22014,1610612765,DET,Detroit Pistons,0021401000,2015-03-17,DET vs. MEM,W,240,105,39,83,0.47,12,33,0.364,15,22,0.682,9,29,38,26,5,5,9,16,10.0,2014-15
22014,1610612749,MIL,Milwaukee Bucks,0021401003,2015-03-17,MIL @ NOP,L,240,84,32,86,0.372,4,20,0.2,16,21,0.762,9,40,49,20,4,12,10,22,-1.0,2014-15
22014,1610612763,MEM,Memphis Grizzlies,0021401000,2015-03-17,MEM @ DET,L,240,95,35,80,0.438,10,18,0.556,15,17,0.882,11,31,42,28,9,2,16,22,-10.0,2014-15
22014,1610612753,ORL,Orlando Magic,0021401002,2015-03-17,ORL @ HOU,L,241,94,38,89,0.427,6,22,0.273,12,17,0.706,12,28,40,19,8,6,10,21,-13.0,2014-15
22014,1610612746,LAC,Los Angeles Clippers,0021401004,2015-03-17,LAC vs. CHA,W,237,99,35,77,0.455,9,24,0.375,20,28,0.714,7,37,44,24,7,4,12,26,7.0,2014-15
22014,1610612766,CHA,Charlotte Hornets,0021401004,2015-03-17,CHA @ LAC,L,239,92,32,79,0.405,5,14,0.357,23,29,0.793,9,34,43,20,6,4,13,23,-7.0,2014-15
22014,1610612759,SAS,San Antonio Spurs,0021401001,2015-03-17,SAS @ NYK,L,265,100,36,94,0.383,3,14,0.214,25,30,0.833,15,34,49,17,7,5,11,20,-4.0,2014-15
22014,1610612745,HOU,Houston Rockets,0021401002,2015-03-17,HOU vs. ORL,W,240,107,39,78,0.5,11,27,0.407,18,27,0.667,12,35,47,27,7,6,14,14,13.0,2014-15
22014,1610612740,NOP,New Orleans Pelicans,0021401003,2015-03-17,NOP vs. MIL,W,240,85,29,83,0.349,8,25,0.32,19,26,0.731,10,40,50,26,6,6,13,20,1.0,2014-15
22014,1610612747,LAL,Los Angeles Lakers,0021400999,2015-03-16,LAL @ GSW,L,240,105,39,85,0.459,8,15,0.533,19,21,0.905,10,35,45,24,11,5,18,19,-3.0,2014-15
22014,1610612755,PHI,Philadelphia 76ers,0021400992,2015-03-16,PHI @ BOS,L,240,89,34,84,0.405,8,24,0.333,13,24,0.542,9,31,40,20,7,4,16,20,-19.0,2014-15
22014,1610612743,DEN,Denver Nuggets,0021400993,2015-03-16,DEN @ MEM,L,240,81,30,81,0.37,8,18,0.444,13,21,0.619,10,27,37,14,13,5,15,24,-11.0,2014-15
22014,1610612742,DAL,Dallas Mavericks,0021400996,2015-03-16,DAL vs. OKC,W,239,119,42,89,0.472,10,25,0.4,25,35,0.714,8,29,37,27,9,2,12,27,4.0,2014-15
22014,1610612751,BKN,Brooklyn Nets,0021400994,2015-03-16,BKN @ MIN,W,240,122,52,90,0.578,5,13,0.385,13,17,0.765,13,30,43,21,8,2,14,15,16.0,2014-15
22014,1610612750,MIN,Minnesota Timberwolves,0021400994,2015-03-16,MIN vs. BKN,L,241,106,41,88,0.466,9,15,0.6,15,17,0.882,13,23,36,27,6,7,16,15,-16.0,2014-15
22014,1610612738,BOS,Boston Celtics,0021400992,2015-03-16,BOS vs. PHI,W,239,108,44,88,0.5,8,20,0.4,12,15,0.8,5,37,42,27,7,3,11,21,19.0,2014-15
22014,1610612757,POR,Portland Trail Blazers,0021400991,2015-03-16,POR @ WAS,L,240,97,36,89,0.404,8,28,0.286,17,20,0.85,14,34,48,19,2,3,10,19,-8.0,2014-15
22014,1610612744,GSW,Golden State Warriors,0021400999,2015-03-16,GSW vs. LAL,W,241,108,40,84,0.476,7,27,0.259,21,23,0.913,7,30,37,28,16,7,14,21,3.0,2014-15
22014,1610612763,MEM,Memphis Grizzlies,0021400993,2015-03-16,MEM vs. DEN,W,239,92,33,80,0.413,2,9,0.222,24,28,0.857,20,37,57,14,9,5,19,16,11.0,2014-15
22014,1610612766,CHA,Charlotte Hornets,0021400997,2015-03-16,CHA @ UTA,L,241,66,23,78,0.295,5,19,0.263,15,18,0.833,6,30,36,9,5,4,7,11,-28.0,2014-15
22014,1610612764,WAS,Washington Wizards,0021400991,2015-03-16,WAS vs. POR,W,240,105,41,82,0.5,7,12,0.583,16,26,0.615,6,37,43,25,5,4,6,17,8.0,2014-15
22014,1610612758,SAC,Sacramento Kings,0021400998,2015-03-16,SAC vs. ATL,L,240,103,38,81,0.469,7,20,0.35,20,25,0.8,9,36,45,23,7,5,20,29,-7.0,2014-15
22014,1610612737,ATL,Atlanta Hawks,0021400998,2015-03-16,ATL @ SAC,W,240,110,38,84,0.452,12,31,0.387,22,30,0.733,9,30,39,25,11,5,12,24,7.0,2014-15
22014,1610612760,OKC,Oklahoma City Thunder,0021400996,2015-03-16,OKC @ DAL,L,239,115,40,90,0.444,7,26,0.269,28,35,0.8,17,42,59,19,8,4,21,34,-4.0,2014-15
22014,1610612754,IND,Indiana Pacers,0021400990,2015-03-16,IND vs. TOR,L,240,98,38,88,0.432,2,19,0.105,20,25,0.8,4,32,36,21,7,4,4,22,-19.0,2014-15
22014,1610612739,CLE,Cleveland Cavaliers,0021400995,2015-03-16,CLE @ MIA,L,239,92,30,79,0.38,11,33,0.333,21,27,0.778,7,25,32,17,8,4,14,21,-14.0,2014-15
22014,1610612748,MIA,Miami Heat,0021400995,2015-03-16,MIA vs. CLE,W,241,106,42,76,0.553,4,15,0.267,18,22,0.818,6,39,45,21,8,5,15,21,14.0,2014-15
22014,1610612762,UTA,Utah Jazz,0021400997,2015-03-16,UTA vs. CHA,W,240,94,33,78,0.423,15,24,0.625,13,19,0.684,14,47,61,19,3,5,13,19,28.0,2014-15
22014,1610612761,TOR,Toronto Raptors,0021400990,2015-03-16,TOR @ IND,W,241,117,39,82,0.476,12,23,0.522,27,33,0.818,7,44,51,19,3,4,11,24,19.0,2014-15
22014,1610612746,LAC,Los Angeles Clippers,0021400983,2015-03-15,LAC vs. HOU,L,239,98,36,82,0.439,12,26,0.462,14,24,0.583,8,42,50,24,8,8,20,30,-2.0,2014-15
22014,1610612747,LAL,Los Angeles Lakers,0021400989,2015-03-15,LAL vs. ATL,L,240,86,34,85,0.4,7,18,0.389,11,15,0.733,19,35,54,21,6,4,21,22,-5.0,2014-15
22014,1610612759,SAS,San Antonio Spurs,0021400986,2015-03-15,SAS vs. MIN,W,240,123,49,84,0.583,12,22,0.545,13,15,0.867,6,36,42,38,13,6,14,17,26.0,2014-15
22014,1610612740,NOP,New Orleans Pelicans,0021400984,2015-03-15,NOP vs. DEN,L,289,111,46,99,0.465,6,22,0.273,13,21,0.619,15,43,58,32,3,14,18,20,-7.0,2014-15
22014,1610612760,OKC,Oklahoma City Thunder,0021400982,2015-03-15,OKC vs. CHI,W,241,109,40,87,0.46,8,21,0.381,21,30,0.7,17,35,52,16,4,4,16,23,9.0,2014-15
22014,1610612753,ORL,Orlando Magic,0021400985,2015-03-15,ORL vs. CLE,L,240,108,42,88,0.477,9,19,0.474,15,27,0.556,17,27,44,24,10,1,13,15,-15.0,2014-15
22014,1610612739,CLE,Cleveland Cavaliers,0021400985,2015-03-15,CLE @ ORL,W,242,123,45,76,0.592,18,35,0.514,15,19,0.789,3,31,34,26,9,6,16,21,15.0,2014-15
22014,1610612741,CHI,Chicago Bulls,0021400982,2015-03-15,CHI @ OKC,L,239,100,37,83,0.446,9,29,0.31,17,24,0.708,9,24,33,20,5,3,11,24,-9.0,2014-15
22014,1610612750,MIN,Minnesota Timberwolves,0021400986,2015-03-15,MIN @ SAS,L,241,97,38,86,0.442,7,15,0.467,14,18,0.778,11,29,40,25,8,2,15,20,-26.0,2014-15
22014,1610612743,DEN,Denver Nuggets,0021400984,2015-03-15,DEN @ NOP,W,291,118,46,104,0.442,10,31,0.323,16,20,0.8,12,40,52,25,9,4,11,21,7.0,2014-15
22014,1610612761,TOR,Toronto Raptors,0021400987,2015-03-15,TOR vs. POR,L,241,97,37,78,0.474,5,18,0.278,18,23,0.783,9,33,42,20,5,3,15,22,-16.0,2014-15
22014,1610612757,POR,Portland Trail Blazers,0021400987,2015-03-15,POR @ TOR,W,241,113,45,86,0.523,13,29,0.448,10,16,0.625,7,30,37,27,6,5,10,15,16.0,2014-15
22014,1610612745,HOU,Houston Rockets,0021400983,2015-03-15,HOU @ LAC,W,240,100,32,86,0.372,7,30,0.233,29,36,0.806,11,32,43,17,7,3,12,22,2.0,2014-15
22014,1610612756,PHX,Phoenix Suns,0021400988,2015-03-15,PHX vs. NYK,W,240,102,41,83,0.494,6,18,0.333,14,23,0.609,13,38,51,24,9,1,12,22,13.0,2014-15
22014,1610612752,NYK,New York Knicks,0021400988,2015-03-15,NYK @ PHX,L,239,89,32,73,0.438,5,14,0.357,20,30,0.667,6,29,35,22,10,2,13,22,-13.0,2014-15
22014,1610612737,ATL,Atlanta Hawks,0021400989,2015-03-15,ATL @ LAL,W,241,91,34,76,0.447,5,23,0.217,18,27,0.667,7,27,34,25,9,6,10,14,5.0,2014-15
22014,1610612758,SAC,Sacramento Kings,0021400977,2015-03-14,SAC @ WAS,L,241,97,35,77,0.455,6,19,0.316,21,28,0.75,11,25,36,24,4,3,16,17,-16.0,2014-15
22014,1610612755,PHI,Philadelphia 76ers,0021400978,2015-03-14,PHI vs. BKN,L,240,87,35,94,0.372,8,37,0.216,9,14,0.643,12,36,48,21,7,8,16,25,-7.0,2014-15
22014,1610612751,BKN,Brooklyn Nets,0021400978,2015-03-14,BKN @ PHI,W,240,94,37,84,0.44,2,17,0.118,18,26,0.692,7,38,45,20,9,5,16,16,7.0,2014-15
22014,1610612765,DET,Detroit Pistons,0021400980,2015-03-14,DET @ UTA,L,240,85,32,84,0.381,8,23,0.348,13,22,0.591,16,28,44,18,8,3,12,20,-3.0,2014-15
22014,1610612744,GSW,Golden State Warriors,0021400981,2015-03-14,GSW vs. NYK,W,239,125,45,90,0.5,19,34,0.559,16,17,0.941,8,34,42,34,13,6,9,16,31.0,2014-15
22014,1610612763,MEM,Memphis Grizzlies,0021400979,2015-03-14,MEM vs. MIL,W,240,96,37,78,0.474,8,14,0.571,14,16,0.875,8,28,36,23,10,3,14,21,13.0,2014-15
22014,1610612738,BOS,Boston Celtics,0021400976,2015-03-14,BOS @ IND,W,240,93,35,83,0.422,8,28,0.286,15,21,0.714,9,38,47,28,7,4,11,18,4.0,2014-15
22014,1610612754,IND,Indiana Pacers,0021400976,2015-03-14,IND vs. BOS,L,240,89,34,85,0.4,9,24,0.375,12,15,0.8,9,33,42,16,4,3,14,23,-4.0,2014-15
22014,1610612762,UTA,Utah Jazz,0021400980,2015-03-14,UTA vs. DET,W,241,88,33,69,0.478,6,14,0.429,16,24,0.667,10,35,45,17,8,8,15,17,3.0,2014-15
22014,1610612749,MIL,Milwaukee Bucks,0021400979,2015-03-14,MIL @ MEM,L,239,83,30,72,0.417,5,19,0.263,18,27,0.667,8,29,37,17,6,3,15,18,-13.0,2014-15
22014,1610612752,NYK,New York Knicks,0021400981,2015-03-14,NYK @ GSW,L,239,94,38,96,0.396,9,25,0.36,9,16,0.563,20,31,51,25,6,10,15,16,-31.0,2014-15
22014,1610612764,WAS,Washington Wizards,0021400977,2015-03-14,WAS vs. SAC,W,241,113,43,81,0.531,13,26,0.5,14,17,0.824,9,32,41,28,8,6,13,25,16.0,2014-15
22014,1610612743,DEN,Denver Nuggets,0021400973,2015-03-13,DEN vs. GSW,W,240,114,41,82,0.5,8,17,0.471,24,37,0.649,13,39,52,23,4,3,13,22,11.0,2014-15
22014,1610612755,PHI,Philadelphia 76ers,0021400968,2015-03-13,PHI vs. SAC,W,241,114,45,95,0.474,9,32,0.281,15,23,0.652,14,32,46,30,11,9,15,29,7.0,2014-15
22014,1610612753,ORL,Orlando Magic,0021400969,2015-03-13,ORL @ BOS,L,241,88,34,80,0.425,6,20,0.3,14,28,0.5,10,40,50,20,9,4,19,21,-7.0,2014-15
22014,1610612744,GSW,Golden State Warriors,0021400973,2015-03-13,GSW @ DEN,L,240,103,39,92,0.424,8,19,0.421,17,22,0.773,9,26,35,29,5,10,8,25,-11.0,2014-15
22014,1610612748,MIA,Miami Heat,0021400970,2015-03-13,MIA @ TOR,L,240,92,35,79,0.443,5,23,0.217,17,24,0.708,7,37,44,21,11,5,20,22,-10.0,2014-15
22014,1610612765,DET,Detroit Pistons,0021400975,2015-03-13,DET @ POR,L,240,99,41,91,0.451,7,25,0.28,10,12,0.833,11,25,36,23,5,2,6,14,-19.0,2014-15
22014,1610612758,SAC,Sacramento Kings,0021400968,2015-03-13,SAC @ PHI,L,242,107,35,87,0.402,4,14,0.286,33,40,0.825,16,34,50,22,9,4,17,20,-7.0,2014-15
22014,1610612742,DAL,Dallas Mavericks,0021400972,2015-03-13,DAL vs. LAC,W,239,129,51,84,0.607,16,28,0.571,11,16,0.688,12,31,43,31,11,2,15,16,30.0,2014-15
22014,1610612741,CHI,Chicago Bulls,0021400967,2015-03-13,CHI @ CHA,L,240,91,31,82,0.378,15,32,0.469,14,19,0.737,4,32,36,18,4,6,10,25,-10.0,2014-15
22014,1610612766,CHA,Charlotte Hornets,0021400967,2015-03-13,CHA vs. CHI,W,240,101,33,89,0.371,7,19,0.368,28,33,0.848,17,38,55,15,4,7,12,17,10.0,2014-15
22014,1610612750,MIN,Minnesota Timberwolves,0021400971,2015-03-13,MIN @ OKC,L,240,99,34,78,0.436,3,12,0.25,28,31,0.903,13,29,42,20,8,6,20,18,-14.0,2014-15
22014,1610612738,BOS,Boston Celtics,0021400969,2015-03-13,BOS vs. ORL,W,239,95,37,86,0.43,10,26,0.385,11,20,0.55,10,37,47,19,7,4,16,23,7.0,2014-15
22014,1610612760,OKC,Oklahoma City Thunder,0021400971,2015-03-13,OKC vs. MIN,W,238,113,44,101,0.436,11,24,0.458,14,14,1.0,19,29,48,28,10,4,16,22,14.0,2014-15
22014,1610612757,POR,Portland Trail Blazers,0021400975,2015-03-13,POR vs. DET,W,239,118,46,80,0.575,11,21,0.524,15,17,0.882,7,36,43,28,2,2,10,12,19.0,2014-15
22014,1610612756,PHX,Phoenix Suns,0021400974,2015-03-13,PHX vs. ATL,L,240,87,32,78,0.41,10,26,0.385,13,21,0.619,11,34,45,19,7,6,18,14,-9.0,2014-15
22014,1610612761,TOR,Toronto Raptors,0021400970,2015-03-13,TOR vs. MIA,W,240,102,34,79,0.43,12,33,0.364,22,31,0.71,9,34,43,26,12,5,17,22,10.0,2014-15
22014,1610612746,LAC,Los Angeles Clippers,0021400972,2015-03-13,LAC @ DAL,L,239,99,41,82,0.5,12,32,0.375,5,12,0.417,11,21,32,27,9,2,15,17,-30.0,2014-15
22014,1610612737,ATL,Atlanta Hawks,0021400974,2015-03-13,ATL @ PHX,W,241,96,39,83,0.47,8,18,0.444,10,12,0.833,7,31,38,22,11,6,11,20,9.0,2014-15
22014,1610612749,MIL,Milwaukee Bucks,0021400962,2015-03-12,MIL @ IND,L,265,103,35,91,0.385,4,14,0.286,29,36,0.806,12,36,48,17,11,3,15,27,-6.0,2014-15
22014,1610612763,MEM,Memphis Grizzlies,0021400963,2015-03-12,MEM @ WAS,L,240,87,31,80,0.388,3,19,0.158,22,30,0.733,14,27,41,18,9,3,21,29,-20.0,2014-15
22014,1610612762,UTA,Utah Jazz,0021400965,2015-03-12,UTA vs. HOU,W,240,109,44,92,0.478,11,33,0.333,10,17,0.588,22,35,57,23,5,10,12,18,18.0,2014-15
22014,1610612754,IND,Indiana Pacers,0021400962,2015-03-12,IND vs. MIL,W,264,109,39,79,0.494,9,22,0.409,22,28,0.786,6,42,48,24,7,7,20,33,6.0,2014-15
22014,1610612764,WAS,Washington Wizards,0021400963,2015-03-12,WAS vs. MEM,W,242,107,40,80,0.5,5,17,0.294,22,31,0.71,10,32,42,25,11,5,13,24,20.0,2014-15
22014,1610612752,NYK,New York Knicks,0021400966,2015-03-12,NYK @ LAL,W,242,101,36,77,0.468,9,18,0.5,20,26,0.769,4,29,33,27,5,9,8,19,7.0,2014-15
22014,1610612745,HOU,Houston Rockets,0021400965,2015-03-12,HOU @ UTA,L,239,91,34,79,0.43,7,32,0.219,16,24,0.667,8,29,37,19,8,2,9,22,-18.0,2014-15
22014,1610612759,SAS,San Antonio Spurs,0021400964,2015-03-12,SAS vs. CLE,L,264,125,49,87,0.563,8,26,0.308,19,27,0.704,9,32,41,28,6,9,13,26,-3.0,2014-15
22014,1610612739,CLE,Cleveland Cavaliers,0021400964,2015-03-12,CLE @ SAS,W,266,128,44,91,0.484,14,26,0.538,26,30,0.867,11,26,37,19,8,2,12,22,3.0,2014-15
22014,1610612747,LAL,Los Angeles Lakers,0021400966,2015-03-12,LAL vs. NYK,L,240,94,38,90,0.422,5,18,0.278,13,21,0.619,15,36,51,18,6,4,13,26,-7.0,2014-15
22014,1610612756,PHX,Phoenix Suns,0021400959,2015-03-11,PHX vs. MIN,W,240,106,45,90,0.5,6,24,0.25,10,13,0.769,16,29,45,25,7,2,16,19,9.0,2014-15
22014,1610612750,MIN,Minnesota Timberwolves,0021400959,2015-03-11,MIN @ PHX,L,240,97,36,81,0.444,1,13,0.077,24,26,0.923,12,22,34,19,5,2,10,16,-9.0,2014-15
22014,1610612737,ATL,Atlanta Hawks,0021400958,2015-03-11,ATL @ DEN,L,240,102,34,81,0.42,9,27,0.333,25,27,0.926,8,24,32,18,11,3,17,18,-13.0,2014-15
22014,1610612765,DET,Detroit Pistons,0021400960,2015-03-11,DET @ GSW,L,241,98,42,98,0.429,4,12,0.333,10,12,0.833,19,30,49,18,6,5,13,16,-7.0,2014-15
22014,1610612758,SAC,Sacramento Kings,0021400952,2015-03-11,SAC @ CHA,W,240,113,40,85,0.471,8,20,0.4,25,30,0.833,7,36,43,25,4,3,12,21,7.0,2014-15
22014,1610612745,HOU,Houston Rockets,0021400961,2015-03-11,HOU @ POR,L,240,100,38,91,0.418,11,31,0.355,13,23,0.565,12,28,40,21,12,5,11,16,-5.0,2014-15
22014,1610612746,LAC,Los Angeles Clippers,0021400957,2015-03-11,LAC @ OKC,W,242,120,35,76,0.461,15,30,0.5,35,47,0.745,11,27,38,22,11,2,12,27,12.0,2014-15
22014,1610612743,DEN,Denver Nuggets,0021400958,2015-03-11,DEN vs. ATL,W,240,115,42,84,0.5,13,31,0.419,18,20,0.9,11,33,44,28,8,9,19,20,13.0,2014-15
22014,1610612760,OKC,Oklahoma City Thunder,0021400957,2015-03-11,OKC vs. LAC,L,241,108,33,76,0.434,12,25,0.48,30,36,0.833,11,28,39,19,5,3,20,32,-12.0,2014-15
22014,1610612749,MIL,Milwaukee Bucks,0021400956,2015-03-11,MIL vs. ORL,W,241,97,39,79,0.494,8,18,0.444,11,16,0.688,11,40,51,30,7,7,22,17,6.0,2014-15
22014,1610612748,MIA,Miami Heat,0021400955,2015-03-11,MIA vs. BKN,W,241,104,37,81,0.457,6,21,0.286,24,38,0.632,11,28,39,23,14,3,10,29,6.0,2014-15
22014,1610612741,CHI,Chicago Bulls,0021400953,2015-03-11,CHI @ PHI,W,264,104,40,87,0.46,10,24,0.417,14,20,0.7,8,50,58,24,6,2,18,16,9.0,2014-15
22014,1610612766,CHA,Charlotte Hornets,0021400952,2015-03-11,CHA vs. SAC,L,238,106,42,93,0.452,6,18,0.333,16,26,0.615,10,34,44,28,5,12,11,24,-7.0,2014-15
22014,1610612738,BOS,Boston Celtics,0021400954,2015-03-11,BOS vs. MEM,W,241,95,37,85,0.435,8,27,0.296,13,17,0.765,12,24,36,28,11,5,16,16,3.0,2014-15
22014,1610612744,GSW,Golden State Warriors,0021400960,2015-03-11,GSW vs. DET,W,240,105,44,84,0.524,7,20,0.35,10,13,0.769,10,32,42,29,5,6,17,11,7.0,2014-15
22014,1610612751,BKN,Brooklyn Nets,0021400955,2015-03-11,BKN @ MIA,L,241,98,32,73,0.438,6,17,0.353,28,39,0.718,14,30,44,15,8,2,21,24,-6.0,2014-15
22014,1610612755,PHI,Philadelphia 76ers,0021400953,2015-03-11,PHI vs. CHI,L,267,95,36,104,0.346,11,41,0.268,12,25,0.48,17,38,55,16,12,5,10,15,-9.0,2014-15
22014,1610612763,MEM,Memphis Grizzlies,0021400954,2015-03-11,MEM @ BOS,L,241,92,37,78,0.474,5,12,0.417,13,13,1.0,10,31,41,21,11,4,21,19,-3.0,2014-15
22014,1610612753,ORL,Orlando Magic,0021400956,2015-03-11,ORL @ MIL,L,239,91,34,85,0.4,10,18,0.556,13,13,1.0,9,24,33,21,14,4,14,18,-6.0,2014-15
22014,1610612757,POR,Portland Trail Blazers,0021400961,2015-03-11,POR vs. HOU,W,241,105,42,92,0.457,10,33,0.303,11,14,0.786,16,44,60,25,5,2,19,18,5.0,2014-15
22014,1610612742,DAL,Dallas Mavericks,0021400948,2015-03-10,DAL vs. CLE,L,240,94,33,81,0.407,5,20,0.25,23,33,0.697,15,27,42,18,6,6,16,22,-33.0,2014-15
22014,1610612739,CLE,Cleveland Cavaliers,0021400948,2015-03-10,CLE @ DAL,W,242,127,44,87,0.506,15,32,0.469,24,29,0.828,12,38,50,25,11,5,12,28,33.0,2014-15
22014,1610612751,BKN,Brooklyn Nets,0021400947,2015-03-10,BKN vs. NOP,L,240,91,35,84,0.417,6,16,0.375,15,23,0.652,12,29,41,19,5,5,12,12,-20.0,2014-15
22014,1610612759,SAS,San Antonio Spurs,0021400949,2015-03-10,SAS vs. TOR,W,241,117,41,85,0.482,11,18,0.611,24,30,0.8,13,32,45,24,7,3,11,17,10.0,2014-15
22014,1610612747,LAL,Los Angeles Lakers,0021400951,2015-03-10,LAL vs. DET,W,241,93,32,75,0.427,3,13,0.231,26,30,0.867,10,36,46,23,8,1,11,17,8.0,2014-15
22014,1610612754,IND,Indiana Pacers,0021400946,2015-03-10,IND vs. ORL,W,239,118,45,85,0.529,17,34,0.5,11,12,0.917,11,38,49,37,6,5,13,15,32.0,2014-15
22014,1610612761,TOR,Toronto Raptors,0021400949,2015-03-10,TOR @ SAS,L,240,107,43,97,0.443,8,26,0.308,13,18,0.722,18,28,46,19,6,5,9,26,-10.0,2014-15
22014,1610612765,DET,Detroit Pistons,0021400951,2015-03-10,DET @ LAL,L,241,85,32,84,0.381,8,35,0.229,13,19,0.684,12,30,42,20,10,8,12,23,-8.0,2014-15
22014,1610612740,NOP,New Orleans Pelicans,0021400947,2015-03-10,NOP @ BKN,W,240,111,45,87,0.517,12,21,0.571,9,11,0.818,8,33,41,31,10,4,10,19,20.0,2014-15
22014,1610612752,NYK,New York Knicks,0021400950,2015-03-10,NYK @ UTA,L,239,82,31,79,0.392,5,13,0.385,15,17,0.882,8,30,38,17,5,5,12,22,-5.0,2014-15
22014,1610612753,ORL,Orlando Magic,0021400946,2015-03-10,ORL @ IND,L,241,86,34,92,0.37,4,17,0.235,14,20,0.7,19,26,45,15,9,7,10,17,-32.0,2014-15
22014,1610612762,UTA,Utah Jazz,0021400950,2015-03-10,UTA vs. NYK,W,240,87,30,70,0.429,6,18,0.333,21,29,0.724,6,34,40,16,8,5,11,21,5.0,2014-15
22014,1610612752,NYK,New York Knicks,0021400943,2015-03-09,NYK @ DEN,L,240,78,29,75,0.387,5,13,0.385,15,25,0.6,8,37,45,21,3,10,14,22,-28.0,2014-15
22014,1610612766,CHA,Charlotte Hornets,0021400938,2015-03-09,CHA vs. WAS,L,242,69,25,77,0.325,4,22,0.182,15,20,0.75,8,29,37,13,4,8,15,11,-26.0,2014-15
22014,1610612764,WAS,Washington Wizards,0021400938,2015-03-09,WAS @ CHA,W,240,95,44,85,0.518,2,14,0.143,5,5,1.0,8,41,49,21,10,4,13,19,26.0,2014-15
22014,1610612740,NOP,New Orleans Pelicans,0021400942,2015-03-09,NOP @ MIL,W,241,114,44,75,0.587,9,15,0.6,17,21,0.81,10,24,34,26,7,4,17,20,11.0,2014-15
22014,1610612743,DEN,Denver Nuggets,0021400943,2015-03-09,DEN vs. NYK,W,241,106,38,87,0.437,8,24,0.333,22,29,0.759,11,37,48,21,6,4,6,20,28.0,2014-15
22014,1610612749,MIL,Milwaukee Bucks,0021400942,2015-03-09,MIL vs. NOP,L,239,103,37,71,0.521,4,15,0.267,25,31,0.806,8,17,25,20,11,5,14,18,-11.0,2014-15
22014,1610612748,MIA,Miami Heat,0021400940,2015-03-09,MIA vs. BOS,L,239,90,29,69,0.42,4,17,0.235,28,34,0.824,5,27,32,15,5,2,13,17,-10.0,2014-15
22014,1610612763,MEM,Memphis Grizzlies,0021400941,2015-03-09,MEM @ CHI,W,240,101,42,84,0.5,5,14,0.357,12,17,0.706,7,33,40,25,13,5,11,12,10.0,2014-15
22014,1610612750,MIN,Minnesota Timberwolves,0021400945,2015-03-09,MIN @ LAC,L,241,76,31,83,0.373,2,8,0.25,12,21,0.571,12,38,50,25,12,2,15,19,-13.0,2014-15
22014,1610612738,BOS,Boston Celtics,0021400940,2015-03-09,BOS @ MIA,W,239,100,39,87,0.448,6,25,0.24,16,17,0.941,16,27,43,17,7,2,9,25,10.0,2014-15
22014,1610612746,LAC,Los Angeles Clippers,0021400945,2015-03-09,LAC vs. MIN,W,242,89,35,79,0.443,11,31,0.355,8,15,0.533,9,33,42,30,11,2,15,23,13.0,2014-15
22014,1610612756,PHX,Phoenix Suns,0021400944,2015-03-09,PHX vs. GSW,L,240,80,29,77,0.377,4,11,0.364,18,23,0.783,6,31,37,13,11,1,18,19,-18.0,2014-15
22014,1610612737,ATL,Atlanta Hawks,0021400939,2015-03-09,ATL vs. SAC,W,240,130,53,88,0.602,20,36,0.556,4,7,0.571,10,23,33,42,8,6,13,18,25.0,2014-15
22014,1610612741,CHI,Chicago Bulls,0021400941,2015-03-09,CHI vs. MEM,L,241,91,35,80,0.438,10,22,0.455,11,14,0.786,9,35,44,18,7,2,15,13,-10.0,2014-15
22014,1610612744,GSW,Golden State Warriors,0021400944,2015-03-09,GSW @ PHX,W,240,98,35,83,0.422,13,31,0.419,15,19,0.789,9,39,48,17,11,8,18,21,18.0,2014-15
22014,1610612758,SAC,Sacramento Kings,0021400939,2015-03-09,SAC @ ATL,L,240,105,39,81,0.481,8,20,0.4,19,20,0.95,16,24,40,21,10,2,16,12,-25.0,2014-15
22014,1610612766,CHA,Charlotte Hornets,0021400934,2015-03-08,CHA @ DET,W,239,108,41,79,0.519,6,17,0.353,20,23,0.87,4,35,39,32,6,5,9,20,7.0,2014-15
22014,1610612762,UTA,Utah Jazz,0021400933,2015-03-08,UTA @ BKN,W,240,95,34,72,0.472,10,22,0.455,17,21,0.81,12,31,43,24,6,4,16,12,7.0,2014-15
22014,1610612738,BOS,Boston Celtics,0021400935,2015-03-08,BOS @ ORL,L,240,98,35,89,0.393,15,34,0.441,13,16,0.813,18,30,48,24,9,3,14,23,-5.0,2014-15
22014,1610612765,DET,Detroit Pistons,0021400934,2015-03-08,DET vs. CHA,L,242,101,39,89,0.438,3,14,0.214,20,25,0.8,13,29,42,21,8,3,10,16,-7.0,2014-15
22014,1610612761,TOR,Toronto Raptors,0021400936,2015-03-08,TOR @ OKC,L,241,104,42,98,0.429,11,27,0.407,9,9,1.0,12,21,33,24,12,3,8,21,-4.0,2014-15
22014,1610612746,LAC,Los Angeles Clippers,0021400932,2015-03-08,LAC @ GSW,L,239,98,40,83,0.482,8,25,0.32,10,14,0.714,9,30,39,25,8,3,18,22,-8.0,2014-15
22014,1610612747,LAL,Los Angeles Lakers,0021400937,2015-03-08,LAL vs. DAL,L,240,93,38,82,0.463,2,14,0.143,15,21,0.714,15,32,47,23,5,5,16,24,-7.0,2014-15
22014,1610612741,CHI,Chicago Bulls,0021400931,2015-03-08,CHI @ SAS,L,241,105,37,73,0.507,5,15,0.333,26,29,0.897,7,37,44,20,6,6,20,24,-11.0,2014-15
22014,1610612759,SAS,San Antonio Spurs,0021400931,2015-03-08,SAS vs. CHI,W,241,116,44,90,0.489,9,22,0.409,19,24,0.792,8,27,35,14,15,4,7,22,11.0,2014-15
22014,1610612742,DAL,Dallas Mavericks,0021400937,2015-03-08,DAL @ LAL,W,240,100,38,78,0.487,9,26,0.346,15,22,0.682,6,27,33,21,10,7,7,20,7.0,2014-15
22014,1610612753,ORL,Orlando Magic,0021400935,2015-03-08,ORL vs. BOS,W,239,103,38,87,0.437,7,22,0.318,20,30,0.667,18,38,56,20,8,8,15,15,5.0,2014-15
22014,1610612744,GSW,Golden State Warriors,0021400932,2015-03-08,GSW vs. LAC,W,240,106,40,80,0.5,10,22,0.455,16,23,0.696,7,30,37,23,13,3,13,15,8.0,2014-15
22014,1610612760,OKC,Oklahoma City Thunder,0021400936,2015-03-08,OKC vs. TOR,W,242,108,42,82,0.512,6,21,0.286,18,25,0.72,13,36,49,30,6,10,18,13,4.0,2014-15
22014,1610612751,BKN,Brooklyn Nets,0021400933,2015-03-08,BKN vs. UTA,L,239,88,38,76,0.5,8,15,0.533,4,11,0.364,7,23,30,21,9,2,14,16,-7.0,2014-15
22014,1610612749,MIL,Milwaukee Bucks,0021400929,2015-03-07,MIL vs. WAS,W,240,91,36,78,0.462,10,20,0.5,9,15,0.6,10,34,44,25,7,6,16,18,6.0,2014-15
22014,1610612754,IND,Indiana Pacers,0021400926,2015-03-07,IND @ NYK,W,241,92,30,79,0.38,7,18,0.389,25,30,0.833,12,33,45,16,5,3,11,25,6.0,2014-15
22014,1610612756,PHX,Phoenix Suns,0021400924,2015-03-07,PHX @ CLE,L,240,79,30,84,0.357,9,25,0.36,10,14,0.714,13,30,43,20,6,4,10,20,-10.0,2014-15
22014,1610612758,SAC,Sacramento Kings,0021400925,2015-03-07,SAC @ MIA,L,264,109,40,88,0.455,10,25,0.4,19,24,0.792,12,34,46,26,7,4,20,29,-5.0,2014-15
22014,1610612764,WAS,Washington Wizards,0021400929,2015-03-07,WAS @ MIL,L,240,85,31,81,0.383,9,28,0.321,14,22,0.636,14,35,49,19,9,3,17,19,-6.0,2014-15
22014,1610612757,POR,Portland Trail Blazers,0021400928,2015-03-07,POR @ MIN,L,241,113,43,88,0.489,14,27,0.519,13,17,0.765,9,27,36,18,3,3,10,23,-8.0,2014-15
22014,1610612740,NOP,New Orleans Pelicans,0021400923,2015-03-07,NOP vs. MEM,W,239,95,38,80,0.475,8,23,0.348,11,13,0.846,7,34,41,24,8,13,18,18,6.0,2014-15
22014,1610612737,ATL,Atlanta Hawks,0021400927,2015-03-07,ATL @ PHI,L,240,84,30,77,0.39,11,25,0.44,13,16,0.813,5,37,42,20,8,9,19,14,-8.0,2014-15
22014,1610612748,MIA,Miami Heat,0021400925,2015-03-07,MIA vs. SAC,W,264,114,41,80,0.513,7,24,0.292,25,33,0.758,4,30,34,23,13,8,13,21,5.0,2014-15
22014,1610612755,PHI,Philadelphia 76ers,0021400927,2015-03-07,PHI vs. ATL,W,241,92,35,95,0.368,13,37,0.351,9,17,0.529,17,38,55,24,14,3,16,12,8.0,2014-15
22014,1610612750,MIN,Minnesota Timberwolves,0021400928,2015-03-07,MIN vs. POR,W,240,121,46,85,0.541,4,7,0.571,25,31,0.806,10,35,45,26,7,3,6,15,8.0,2014-15
22014,1610612743,DEN,Denver Nuggets,0021400930,2015-03-07,DEN vs. HOU,L,240,100,38,92,0.413,9,30,0.3,15,19,0.789,12,32,44,23,16,8,18,28,-14.0,2014-15
22014,1610612745,HOU,Houston Rockets,0021400930,2015-03-07,HOU @ DEN,W,240,114,40,86,0.465,10,28,0.357,24,32,0.75,11,37,48,25,11,2,22,22,14.0,2014-15
22014,1610612763,MEM,Memphis Grizzlies,0021400923,2015-03-07,MEM @ NOP,L,240,89,32,74,0.432,6,16,0.375,19,29,0.655,8,31,39,26,15,7,14,19,-6.0,2014-15
22014,1610612739,CLE,Cleveland Cavaliers,0021400924,2015-03-07,CLE vs. PHX,W,239,89,31,75,0.413,8,20,0.4,19,23,0.826,12,34,46,22,5,1,14,14,10.0,2014-15
22014,1610612752,NYK,New York Knicks,0021400926,2015-03-07,NYK vs. IND,L,241,86,30,78,0.385,3,15,0.2,23,30,0.767,13,28,41,13,4,4,12,27,-6.0,2014-15
22014,1610612743,DEN,Denver Nuggets,0021400921,2015-03-06,DEN @ SAS,L,241,111,45,86,0.523,6,17,0.353,15,23,0.652,8,30,38,21,7,3,13,26,-9.0,2014-15
22014,1610612739,CLE,Cleveland Cavaliers,0021400915,2015-03-06,CLE @ ATL,L,240,97,29,69,0.42,13,38,0.342,26,33,0.788,10,27,37,18,7,6,17,14,-9.0,2014-15
22014,1610612738,BOS,Boston Celtics,0021400919,2015-03-06,BOS @ NOP,W,240,104,36,79,0.456,10,23,0.435,22,25,0.88,7,30,37,19,8,1,11,17,6.0,2014-15
22014,1610612759,SAS,San Antonio Spurs,0021400921,2015-03-06,SAS vs. DEN,W,240,120,43,79,0.544,9,24,0.375,25,33,0.758,3,33,36,24,8,8,9,20,9.0,2014-15
22014,1610612765,DET,Detroit Pistons,0021400917,2015-03-06,DET @ HOU,L,240,93,37,102,0.363,6,29,0.207,13,17,0.765,19,31,50,20,12,5,12,22,-10.0,2014-15
22014,1610612740,NOP,New Orleans Pelicans,0021400919,2015-03-06,NOP vs. BOS,L,239,98,38,80,0.475,8,21,0.381,14,15,0.933,9,36,45,22,5,6,18,15,-6.0,2014-15
22014,1610612756,PHX,Phoenix Suns,0021400916,2015-03-06,PHX @ BKN,W,264,108,39,91,0.429,3,26,0.115,27,35,0.771,12,39,51,19,13,2,15,24,8.0,2014-15
22014,1610612754,IND,Indiana Pacers,0021400912,2015-03-06,IND vs. CHI,W,239,98,34,80,0.425,6,20,0.3,24,33,0.727,15,36,51,23,7,4,11,22,14.0,2014-15
22014,1610612761,TOR,Toronto Raptors,0021400911,2015-03-06,TOR @ CHA,L,240,94,37,91,0.407,7,22,0.318,13,15,0.867,5,27,32,21,5,5,5,18,-9.0,2014-15
22014,1610612751,BKN,Brooklyn Nets,0021400916,2015-03-06,BKN vs. PHX,L,265,100,34,97,0.351,8,22,0.364,24,29,0.828,18,39,57,21,5,1,20,29,-8.0,2014-15
22014,1610612748,MIA,Miami Heat,0021400920,2015-03-06,MIA @ WAS,L,240,97,37,79,0.468,10,27,0.37,13,19,0.684,8,29,37,18,5,2,14,19,-2.0,2014-15
22014,1610612758,SAC,Sacramento Kings,0021400913,2015-03-06,SAC @ ORL,L,239,114,38,85,0.447,10,27,0.37,28,38,0.737,19,24,43,18,6,6,14,16,-5.0,2014-15
22014,1610612753,ORL,Orlando Magic,0021400913,2015-03-06,ORL vs. SAC,W,240,119,48,85,0.565,13,24,0.542,10,12,0.833,8,29,37,29,10,5,10,24,5.0,2014-15
22014,1610612766,CHA,Charlotte Hornets,0021400911,2015-03-06,CHA vs. TOR,W,240,103,40,85,0.471,5,20,0.25,18,20,0.9,11,45,56,26,3,5,15,15,9.0,2014-15
22014,1610612764,WAS,Washington Wizards,0021400920,2015-03-06,WAS vs. MIA,W,239,99,38,82,0.463,7,23,0.304,16,18,0.889,10,33,43,24,6,4,15,21,2.0,2014-15
22014,1610612762,UTA,Utah Jazz,0021400914,2015-03-06,UTA @ PHI,W,239,89,27,71,0.38,6,12,0.5,29,41,0.707,12,37,49,17,9,5,18,20,6.0,2014-15
22014,1610612744,GSW,Golden State Warriors,0021400922,2015-03-06,GSW vs. DAL,W,239,104,38,81,0.469,11,23,0.478,17,19,0.895,9,42,51,28,5,11,22,21,15.0,2014-15
22014,1610612737,ATL,Atlanta Hawks,0021400915,2015-03-06,ATL vs. CLE,W,241,106,43,84,0.512,6,21,0.286,14,17,0.824,11,27,38,27,10,4,12,22,9.0,2014-15
22014,1610612747,LAL,Los Angeles Lakers,0021400918,2015-03-06,LAL @ MEM,L,240,90,39,84,0.464,5,12,0.417,7,9,0.778,5,39,44,22,6,9,9,26,-7.0,2014-15
22014,1610612742,DAL,Dallas Mavericks,0021400922,2015-03-06,DAL @ GSW,L,240,89,32,87,0.368,6,20,0.3,19,26,0.731,3,31,34,17,15,1,11,20,-15.0,2014-15
22014,1610612755,PHI,Philadelphia 76ers,0021400914,2015-03-06,PHI vs. UTA,L,239,83,32,88,0.364,10,32,0.313,9,18,0.5,13,30,43,22,13,4,13,29,-6.0,2014-15
22014,1610612745,HOU,Houston Rockets,0021400917,2015-03-06,HOU vs. DET,W,241,103,38,91,0.418,6,28,0.214,21,25,0.84,13,42,55,23,6,6,19,16,10.0,2014-15
22014,1610612763,MEM,Memphis Grizzlies,0021400918,2015-03-06,MEM vs. LAL,W,240,97,34,77,0.442,1,11,0.091,28,33,0.848,7,35,42,18,7,1,8,12,7.0,2014-15
22014,1610612741,CHI,Chicago Bulls,0021400912,2015-03-06,CHI @ IND,L,240,84,31,86,0.36,5,23,0.217,17,19,0.895,14,30,44,20,5,3,11,25,-14.0,2014-15
22014,1610612757,POR,Portland Trail Blazers,0021400910,2015-03-05,POR vs. DAL,W,239,94,34,82,0.415,7,22,0.318,19,21,0.905,8,48,56,20,7,5,16,15,19.0,2014-15
22014,1610612760,OKC,Oklahoma City Thunder,0021400909,2015-03-05,OKC @ CHI,L,239,105,41,88,0.466,8,20,0.4,15,19,0.789,8,33,41,20,8,4,9,18,-3.0,2014-15
22014,1610612742,DAL,Dallas Mavericks,0021400910,2015-03-05,DAL @ POR,L,240,75,33,88,0.375,2,16,0.125,7,8,0.875,6,35,41,17,10,3,13,16,-19.0,2014-15
22014,1610612741,CHI,Chicago Bulls,0021400909,2015-03-05,CHI vs. OKC,W,241,108,40,87,0.46,7,25,0.28,21,26,0.808,12,36,48,26,4,3,10,15,3.0,2014-15
22014,1610612758,SAC,Sacramento Kings,0021400906,2015-03-04,SAC @ SAS,L,241,85,29,78,0.372,3,9,0.333,24,34,0.706,8,27,35,15,14,4,17,13,-27.0,2014-15
22014,1610612751,BKN,Brooklyn Nets,0021400899,2015-03-04,BKN vs. CHA,L,240,91,35,88,0.398,3,16,0.188,18,24,0.75,12,26,38,15,6,1,9,24,-24.0,2014-15
22014,1610612749,MIL,Milwaukee Bucks,0021400907,2015-03-04,MIL @ GSW,L,240,93,34,80,0.425,5,14,0.357,20,25,0.8,16,31,47,17,11,1,23,19,-9.0,2014-15
22014,1610612740,NOP,New Orleans Pelicans,0021400903,2015-03-04,NOP vs. DET,W,239,88,37,90,0.411,2,12,0.167,12,16,0.75,15,31,46,18,7,12,14,15,3.0,2014-15
22014,1610612746,LAC,Los Angeles Clippers,0021400908,2015-03-04,LAC vs. POR,L,264,93,37,96,0.385,11,31,0.355,8,18,0.444,9,42,51,25,6,4,9,26,-5.0,2014-15
22014,1610612762,UTA,Utah Jazz,0021400898,2015-03-04,UTA @ BOS,L,241,84,34,75,0.453,3,19,0.158,13,21,0.619,11,40,51,21,1,4,13,19,-1.0,2014-15
22014,1610612759,SAS,San Antonio Spurs,0021400906,2015-03-04,SAS vs. SAC,W,240,112,45,85,0.529,10,23,0.435,12,16,0.75,8,36,44,23,13,10,17,23,27.0,2014-15
22014,1610612748,MIA,Miami Heat,0021400905,2015-03-04,MIA vs. LAL,W,238,100,32,79,0.405,3,16,0.188,33,43,0.767,13,42,55,16,8,7,15,15,6.0,2014-15
22014,1610612765,DET,Detroit Pistons,0021400903,2015-03-04,DET @ NOP,L,240,85,38,93,0.409,2,14,0.143,7,9,0.778,16,36,52,25,8,7,18,19,-3.0,2014-15
22014,1610612766,CHA,Charlotte Hornets,0021400899,2015-03-04,CHA @ BKN,W,239,115,42,85,0.494,8,19,0.421,23,28,0.821,12,37,49,24,5,2,11,20,24.0,2014-15
22014,1610612755,PHI,Philadelphia 76ers,0021400904,2015-03-04,PHI @ OKC,L,266,118,34,96,0.354,15,35,0.429,35,44,0.795,16,42,58,20,8,8,17,26,-5.0,2014-15
22014,1610612763,MEM,Memphis Grizzlies,0021400901,2015-03-04,MEM @ HOU,W,241,102,42,83,0.506,4,16,0.25,14,17,0.824,7,31,38,27,11,3,9,15,2.0,2014-15
22014,1610612743,DEN,Denver Nuggets,0021400902,2015-03-04,DEN @ MIN,W,240,100,42,92,0.457,8,20,0.4,8,10,0.8,14,37,51,27,8,3,13,21,15.0,2014-15
22014,1610612747,LAL,Los Angeles Lakers,0021400905,2015-03-04,LAL @ MIA,L,240,94,38,88,0.432,7,18,0.389,11,17,0.647,7,35,42,23,11,1,14,26,-6.0,2014-15
22014,1610612761,TOR,Toronto Raptors,0021400900,2015-03-04,TOR vs. CLE,L,240,112,43,79,0.544,10,21,0.476,16,17,0.941,7,27,34,24,5,3,8,24,-8.0,2014-15
22014,1610612738,BOS,Boston Celtics,0021400898,2015-03-04,BOS vs. UTA,W,239,85,33,88,0.375,8,27,0.296,11,20,0.55,12,27,39,21,5,3,3,20,1.0,2014-15
22014,1610612745,HOU,Houston Rockets,0021400901,2015-03-04,HOU vs. MEM,L,238,100,42,86,0.488,11,28,0.393,5,5,1.0,12,28,40,24,7,5,12,12,-2.0,2014-15
22014,1610612754,IND,Indiana Pacers,0021400896,2015-03-04,IND vs. NYK,W,240,105,38,80,0.475,10,22,0.455,19,24,0.792,8,32,40,21,8,8,11,21,23.0,2014-15
22014,1610612750,MIN,Minnesota Timberwolves,0021400902,2015-03-04,MIN vs. DEN,L,240,85,32,82,0.39,3,18,0.167,18,25,0.72,12,31,43,18,7,5,12,16,-15.0,2014-15
22014,1610612753,ORL,Orlando Magic,0021400897,2015-03-04,ORL vs. PHX,L,240,100,41,87,0.471,5,20,0.25,13,15,0.867,9,33,42,21,13,5,20,26,-5.0,2014-15
22014,1610612752,NYK,New York Knicks,0021400896,2015-03-04,NYK @ IND,L,240,82,30,76,0.395,6,16,0.375,16,23,0.696,11,34,45,16,6,4,19,20,-23.0,2014-15
22014,1610612756,PHX,Phoenix Suns,0021400897,2015-03-04,PHX @ ORL,W,241,105,37,79,0.468,8,21,0.381,23,27,0.852,9,25,34,22,10,3,19,15,5.0,2014-15
22014,1610612760,OKC,Oklahoma City Thunder,0021400904,2015-03-04,OKC vs. PHI,W,265,123,44,96,0.458,7,21,0.333,28,34,0.824,9,45,54,19,9,9,14,31,5.0,2014-15
22014,1610612744,GSW,Golden State Warriors,0021400907,2015-03-04,GSW vs. MIL,W,240,102,37,73,0.507,14,34,0.412,14,25,0.56,4,30,34,30,16,8,16,24,9.0,2014-15
22014,1610612757,POR,Portland Trail Blazers,0021400908,2015-03-04,POR @ LAC,W,265,98,34,87,0.391,8,32,0.25,22,29,0.759,10,51,61,19,3,4,15,21,5.0,2014-15
22014,1610612739,CLE,Cleveland Cavaliers,0021400900,2015-03-04,CLE @ TOR,W,242,120,40,78,0.513,15,36,0.417,25,34,0.735,9,26,35,27,7,3,9,16,8.0,2014-15
22014,1610612738,BOS,Boston Celtics,0021400891,2015-03-03,BOS @ CLE,L,240,79,31,88,0.352,7,28,0.25,10,13,0.769,11,31,42,23,4,3,14,21,-31.0,2014-15
22014,1610612743,DEN,Denver Nuggets,0021400895,2015-03-03,DEN vs. MIL,W,240,106,39,86,0.453,12,34,0.353,16,20,0.8,8,35,43,26,8,5,13,24,11.0,2014-15
22014,1610612763,MEM,Memphis Grizzlies,0021400894,2015-03-03,MEM vs. UTA,L,241,82,33,82,0.402,3,11,0.273,13,19,0.684,11,26,37,15,7,4,11,12,-11.0,2014-15
22014,1610612764,WAS,Washington Wizards,0021400893,2015-03-03,WAS @ CHI,L,240,92,35,84,0.417,8,22,0.364,14,19,0.737,10,29,39,23,10,11,11,23,-5.0,2014-15
22014,1610612745,HOU,Houston Rockets,0021400892,2015-03-03,HOU @ ATL,L,240,96,39,90,0.433,14,41,0.341,4,9,0.444,8,33,41,30,6,6,12,21,-8.0,2014-15
22014,1610612762,UTA,Utah Jazz,0021400894,2015-03-03,UTA @ MEM,W,240,93,36,80,0.45,5,25,0.2,16,19,0.842,14,41,55,22,7,7,15,17,11.0,2014-15
22014,1610612737,ATL,Atlanta Hawks,0021400892,2015-03-03,ATL vs. HOU,W,240,104,39,86,0.453,8,29,0.276,18,21,0.857,9,40,49,23,3,6,15,13,8.0,2014-15
22014,1610612766,CHA,Charlotte Hornets,0021400890,2015-03-03,CHA vs. LAL,W,239,104,39,79,0.494,5,13,0.385,21,31,0.677,5,37,42,30,10,5,11,17,1.0,2014-15
22014,1610612758,SAC,Sacramento Kings,0021400669,2015-03-03,SAC @ NYK,W,239,124,41,83,0.494,10,18,0.556,32,37,0.865,8,38,46,26,9,2,14,20,38.0,2014-15
22014,1610612749,MIL,Milwaukee Bucks,0021400895,2015-03-03,MIL @ DEN,L,239,95,35,86,0.407,10,24,0.417,15,22,0.682,8,33,41,21,6,7,14,25,-11.0,2014-15
22014,1610612739,CLE,Cleveland Cavaliers,0021400891,2015-03-03,CLE vs. BOS,W,239,110,43,89,0.483,10,28,0.357,14,14,1.0,12,40,52,28,10,6,11,18,31.0,2014-15
22014,1610612752,NYK,New York Knicks,0021400669,2015-03-03,NYK vs. SAC,L,239,86,30,82,0.366,4,22,0.182,22,30,0.733,9,29,38,16,8,9,15,27,-38.0,2014-15
22014,1610612741,CHI,Chicago Bulls,0021400893,2015-03-03,CHI vs. WAS,W,239,97,33,78,0.423,9,29,0.31,22,30,0.733,10,37,47,20,5,7,16,16,5.0,2014-15
22014,1610612747,LAL,Los Angeles Lakers,0021400890,2015-03-03,LAL @ CHA,L,240,103,39,86,0.453,6,17,0.353,19,21,0.905,6,35,41,24,6,4,11,21,-1.0,2014-15
22014,1610612740,NOP,New Orleans Pelicans,0021400889,2015-03-02,NOP @ DAL,L,240,93,35,74,0.473,10,21,0.476,13,16,0.813,10,27,37,19,4,4,13,18,-9.0,2014-15
22014,1610612751,BKN,Brooklyn Nets,0021400886,2015-03-02,BKN vs. GSW,W,241,110,44,89,0.494,10,21,0.476,12,16,0.75,11,27,38,20,7,1,13,12,2.0,2014-15
22014,1610612746,LAC,Los Angeles Clippers,0021400888,2015-03-02,LAC @ MIN,W,239,110,44,92,0.478,12,33,0.364,10,19,0.526,9,34,43,24,7,3,11,26,5.0,2014-15
22014,1610612756,PHX,Phoenix Suns,0021400887,2015-03-02,PHX @ MIA,L,241,98,33,78,0.423,7,31,0.226,25,38,0.658,14,29,43,17,7,2,19,27,-17.0,2014-15
22014,1610612750,MIN,Minnesota Timberwolves,0021400888,2015-03-02,MIN vs. LAC,L,241,105,36,82,0.439,4,15,0.267,29,35,0.829,8,39,47,25,6,4,11,22,-5.0,2014-15
22014,1610612742,DAL,Dallas Mavericks,0021400889,2015-03-02,DAL vs. NOP,W,240,102,38,79,0.481,6,16,0.375,20,22,0.909,9,29,38,11,7,6,5,14,9.0,2014-15
22014,1610612755,PHI,Philadelphia 76ers,0021400885,2015-03-02,PHI vs. TOR,L,239,103,41,78,0.526,8,20,0.4,13,19,0.684,10,26,36,32,6,6,15,18,-11.0,2014-15
22014,1610612744,GSW,Golden State Warriors,0021400886,2015-03-02,GSW @ BKN,L,239,108,42,90,0.467,11,30,0.367,13,18,0.722,17,33,50,26,11,7,15,20,-2.0,2014-15
22014,1610612761,TOR,Toronto Raptors,0021400885,2015-03-02,TOR @ PHI,W,240,114,41,80,0.513,11,27,0.407,21,24,0.875,10,26,36,24,6,6,9,16,11.0,2014-15
22014,1610612748,MIA,Miami Heat,0021400887,2015-03-02,MIA vs. PHX,W,240,115,43,82,0.524,7,14,0.5,22,30,0.733,12,33,45,19,14,4,14,31,17.0,2014-15
22014,1610612766,CHA,Charlotte Hornets,0021400882,2015-03-01,CHA @ ORL,W,241,98,40,80,0.5,8,18,0.444,10,14,0.714,7,40,47,22,5,4,16,17,15.0,2014-15
22014,1610612746,LAC,Los Angeles Clippers,0021400877,2015-03-01,LAC @ CHI,W,240,96,38,87,0.437,7,27,0.259,13,24,0.542,13,42,55,15,6,12,8,23,10.0,2014-15
22014,1610612760,OKC,Oklahoma City Thunder,0021400878,2015-03-01,OKC @ LAL,W,239,108,40,97,0.412,11,32,0.344,17,23,0.739,16,39,55,21,5,6,9,16,7.0,2014-15
22014,1610612743,DEN,Denver Nuggets,0021400884,2015-03-01,DEN vs. NOP,L,241,92,37,92,0.402,9,33,0.273,9,17,0.529,16,28,44,17,10,3,11,25,-7.0,2014-15
22014,1610612738,BOS,Boston Celtics,0021400880,2015-03-01,BOS vs. GSW,L,240,101,40,109,0.367,8,31,0.258,13,17,0.765,21,39,60,21,4,3,8,17,-5.0,2014-15
22014,1610612758,SAC,Sacramento Kings,0021400879,2015-03-01,SAC vs. POR,L,240,99,39,86,0.453,3,12,0.25,18,23,0.783,7,26,33,24,8,2,12,18,-11.0,2014-15
22014,1610612755,PHI,Philadelphia 76ers,0021400881,2015-03-01,PHI @ IND,L,240,74,29,84,0.345,5,24,0.208,11,17,0.647,10,37,47,10,8,6,16,25,-20.0,2014-15
22014,1610612757,POR,Portland Trail Blazers,0021400879,2015-03-01,POR @ SAC,W,242,110,41,83,0.494,10,24,0.417,18,20,0.9,11,32,43,19,5,3,17,20,11.0,2014-15
22014,1610612754,IND,Indiana Pacers,0021400881,2015-03-01,IND vs. PHI,W,240,94,36,88,0.409,3,18,0.167,19,25,0.76,13,40,53,17,11,9,12,15,20.0,2014-15
22014,1610612740,NOP,New Orleans Pelicans,0021400884,2015-03-01,NOP @ DEN,W,241,99,36,74,0.486,5,22,0.227,22,30,0.733,9,35,44,22,7,4,16,19,7.0,2014-15
22014,1610612747,LAL,Los Angeles Lakers,0021400878,2015-03-01,LAL vs. OKC,L,239,101,40,90,0.444,9,25,0.36,12,18,0.667,9,40,49,25,6,6,9,20,-7.0,2014-15
22014,1610612739,CLE,Cleveland Cavaliers,0021400883,2015-03-01,CLE @ HOU,L,264,103,40,98,0.408,12,40,0.3,11,21,0.524,22,31,53,19,11,5,15,29,-2.0,2014-15
22014,1610612744,GSW,Golden State Warriors,0021400880,2015-03-01,GSW @ BOS,W,241,106,40,95,0.421,12,34,0.353,14,17,0.824,15,40,55,19,4,8,10,18,5.0,2014-15
22014,1610612741,CHI,Chicago Bulls,0021400877,2015-03-01,CHI vs. LAC,L,239,86,27,87,0.31,10,26,0.385,22,30,0.733,17,34,51,18,2,1,11,17,-10.0,2014-15
22014,1610612753,ORL,Orlando Magic,0021400882,2015-03-01,ORL vs. CHA,L,239,83,31,85,0.365,6,15,0.4,15,20,0.75,10,34,44,16,8,3,11,19,-15.0,2014-15
22014,1610612745,HOU,Houston Rockets,0021400883,2015-03-01,HOU vs. CLE,W,264,105,34,74,0.459,11,30,0.367,26,33,0.788,8,28,36,21,11,5,19,20,2.0,2014-15
22014,1610612750,MIN,Minnesota Timberwolves,0021400873,2015-02-28,MIN vs. MEM,L,241,97,34,88,0.386,7,19,0.368,22,27,0.815,16,19,35,22,12,1,12,22,-4.0,2014-15
22014,1610612759,SAS,San Antonio Spurs,0021400875,2015-02-28,SAS @ PHX,W,240,101,41,92,0.446,4,19,0.211,15,17,0.882,10,46,56,18,7,6,14,24,27.0,2014-15
22014,1610612737,ATL,Atlanta Hawks,0021400871,2015-02-28,ATL @ MIA,W,241,93,34,79,0.43,10,25,0.4,15,20,0.75,8,29,37,23,12,5,18,19,2.0,2014-15
22014,1610612752,NYK,New York Knicks,0021400872,2015-02-28,NYK vs. TOR,W,239,103,33,75,0.44,7,19,0.368,30,38,0.789,8,36,44,21,8,5,11,21,5.0,2014-15
22014,1610612742,DAL,Dallas Mavericks,0021400874,2015-02-28,DAL vs. BKN,L,240,94,35,82,0.427,9,28,0.321,15,18,0.833,8,29,37,23,10,3,12,19,-10.0,2014-15
22014,1610612761,TOR,Toronto Raptors,0021400872,2015-02-28,TOR @ NYK,L,241,98,34,81,0.42,8,29,0.276,22,28,0.786,10,30,40,16,7,4,12,27,-5.0,2014-15
22014,1610612765,DET,Detroit Pistons,0021400870,2015-02-28,DET @ WAS,L,240,95,38,79,0.481,8,26,0.308,11,21,0.524,9,31,40,18,8,2,17,22,-4.0,2014-15
22014,1610612749,MIL,Milwaukee Bucks,0021400876,2015-02-28,MIL @ UTA,L,239,75,29,74,0.392,5,15,0.333,12,14,0.857,8,31,39,18,15,4,23,23,-7.0,2014-15
22014,1610612764,WAS,Washington Wizards,0021400870,2015-02-28,WAS vs. DET,W,241,99,37,78,0.474,7,20,0.35,18,25,0.72,12,31,43,21,14,2,12,16,4.0,2014-15
22014,1610612751,BKN,Brooklyn Nets,0021400874,2015-02-28,BKN @ DAL,W,240,104,40,77,0.519,10,23,0.435,14,23,0.609,12,36,48,20,5,4,14,21,10.0,2014-15
22014,1610612762,UTA,Utah Jazz,0021400876,2015-02-28,UTA vs. MIL,W,241,82,29,76,0.382,6,22,0.273,18,23,0.783,13,33,46,18,16,7,22,18,7.0,2014-15
22014,1610612748,MIA,Miami Heat,0021400871,2015-02-28,MIA vs. ATL,L,240,91,32,81,0.395,7,26,0.269,20,21,0.952,14,33,47,17,12,3,23,16,-2.0,2014-15
22014,1610612756,PHX,Phoenix Suns,0021400875,2015-02-28,PHX vs. SAS,L,241,74,25,84,0.298,5,16,0.313,19,24,0.792,8,34,42,13,7,4,18,22,-27.0,2014-15
22014,1610612763,MEM,Memphis Grizzlies,0021400873,2015-02-28,MEM @ MIN,W,239,101,38,64,0.594,4,11,0.364,21,29,0.724,6,37,43,21,7,7,24,24,4.0,2014-15
22014,1610612737,ATL,Atlanta Hawks,0021400858,2015-02-27,ATL vs. ORL,W,240,95,36,81,0.444,14,31,0.452,9,12,0.75,11,31,42,27,11,5,18,12,7.0,2014-15
22014,1610612762,UTA,Utah Jazz,0021400866,2015-02-27,UTA @ DEN,W,239,104,39,68,0.574,9,21,0.429,17,21,0.81,8,35,43,24,13,15,20,23,22.0,2014-15
22014,1610612751,BKN,Brooklyn Nets,0021400863,2015-02-27,BKN @ HOU,L,239,98,38,85,0.447,4,17,0.235,18,20,0.9,12,32,44,17,8,4,16,21,-4.0,2014-15
22014,1610612750,MIN,Minnesota Timberwolves,0021400862,2015-02-27,MIN @ CHI,L,240,89,33,77,0.429,2,14,0.143,21,31,0.677,10,35,45,17,7,2,11,18,-7.0,2014-15
22014,1610612745,HOU,Houston Rockets,0021400863,2015-02-27,HOU vs. BKN,W,240,102,39,84,0.464,9,32,0.281,15,17,0.882,8,33,41,26,9,5,13,25,4.0,2014-15
22014,1610612738,BOS,Boston Celtics,0021400859,2015-02-27,BOS vs. CHA,W,240,106,40,96,0.417,14,35,0.4,12,15,0.8,14,33,47,24,8,5,8,15,8.0,2014-15
22014,1610612759,SAS,San Antonio Spurs,0021400867,2015-02-27,SAS @ SAC,W,241,107,35,88,0.398,8,23,0.348,29,32,0.906,10,32,42,18,8,7,5,16,11.0,2014-15
22014,1610612743,DEN,Denver Nuggets,0021400866,2015-02-27,DEN vs. UTA,L,241,82,28,84,0.333,8,32,0.25,18,29,0.621,16,20,36,22,9,3,15,13,-22.0,2014-15
22014,1610612747,LAL,Los Angeles Lakers,0021400868,2015-02-27,LAL vs. MIL,W,239,101,40,85,0.471,6,18,0.333,15,22,0.682,9,41,50,23,7,5,12,21,8.0,2014-15
22014,1610612765,DET,Detroit Pistons,0021400860,2015-02-27,DET vs. NYK,L,289,115,39,97,0.402,8,31,0.258,29,40,0.725,16,38,54,22,3,10,15,26,-6.0,2014-15
22014,1610612763,MEM,Memphis Grizzlies,0021400864,2015-02-27,MEM vs. LAC,L,241,79,33,87,0.379,3,12,0.25,10,15,0.667,11,30,41,19,6,4,14,27,-18.0,2014-15
22014,1610612761,TOR,Toronto Raptors,0021400861,2015-02-27,TOR vs. GSW,L,240,89,31,77,0.403,4,22,0.182,23,28,0.821,8,34,42,15,6,3,19,17,-24.0,2014-15
22014,1610612760,OKC,Oklahoma City Thunder,0021400869,2015-02-27,OKC @ POR,L,240,112,45,94,0.479,4,14,0.286,18,22,0.818,13,34,47,24,5,4,11,23,-3.0,2014-15
22014,1610612749,MIL,Milwaukee Bucks,0021400868,2015-02-27,MIL @ LAL,L,240,93,34,87,0.391,4,17,0.235,21,29,0.724,13,36,49,18,7,6,11,17,-8.0,2014-15
22014,1610612757,POR,Portland Trail Blazers,0021400869,2015-02-27,POR vs. OKC,W,242,115,39,89,0.438,10,26,0.385,27,31,0.871,12,31,43,20,7,4,9,14,3.0,2014-15
22014,1610612752,NYK,New York Knicks,0021400860,2015-02-27,NYK @ DET,W,289,121,45,109,0.413,6,18,0.333,25,26,0.962,18,40,58,28,6,9,10,35,6.0,2014-15
22014,1610612753,ORL,Orlando Magic,0021400858,2015-02-27,ORL @ ATL,L,239,88,36,80,0.45,9,26,0.346,7,13,0.538,10,30,40,22,10,7,17,17,-7.0,2014-15
22014,1610612754,IND,Indiana Pacers,0021400856,2015-02-27,IND vs. CLE,W,241,93,34,80,0.425,6,17,0.353,19,29,0.655,8,40,48,23,8,7,8,17,7.0,2014-15
22014,1610612764,WAS,Washington Wizards,0021400857,2015-02-27,WAS @ PHI,L,239,81,30,93,0.323,4,17,0.235,17,22,0.773,13,38,51,20,4,5,13,25,-8.0,2014-15
22014,1610612741,CHI,Chicago Bulls,0021400862,2015-02-27,CHI vs. MIN,W,241,96,37,96,0.385,9,31,0.29,13,16,0.813,22,31,53,24,5,5,9,24,7.0,2014-15
22014,1610612746,LAC,Los Angeles Clippers,0021400864,2015-02-27,LAC @ MEM,W,242,97,36,78,0.462,9,26,0.346,16,28,0.571,9,38,47,20,9,10,11,19,18.0,2014-15
22014,1610612744,GSW,Golden State Warriors,0021400861,2015-02-27,GSW @ TOR,W,240,113,42,87,0.483,13,28,0.464,16,19,0.842,9,38,47,31,11,5,12,22,24.0,2014-15
22014,1610612748,MIA,Miami Heat,0021400865,2015-02-27,MIA @ NOP,L,240,102,41,84,0.488,8,21,0.381,12,16,0.75,6,25,31,21,3,7,6,23,-2.0,2014-15
22014,1610612740,NOP,New Orleans Pelicans,0021400865,2015-02-27,NOP vs. MIA,W,241,104,39,76,0.513,6,16,0.375,20,27,0.741,7,30,37,26,3,6,10,19,2.0,2014-15
22014,1610612758,SAC,Sacramento Kings,0021400867,2015-02-27,SAC vs. SAS,L,240,96,38,79,0.481,1,4,0.25,19,23,0.826,7,40,47,15,3,2,17,28,-11.0,2014-15
22014,1610612739,CLE,Cleveland Cavaliers,0021400856,2015-02-27,CLE @ IND,L,239,86,33,92,0.359,9,29,0.31,11,14,0.786,14,35,49,20,3,7,15,23,-7.0,2014-15
22014,1610612755,PHI,Philadelphia 76ers,0021400857,2015-02-27,PHI vs. WAS,W,239,89,28,80,0.35,12,33,0.364,21,34,0.618,12,41,53,21,7,4,15,20,8.0,2014-15
22014,1610612766,CHA,Charlotte Hornets,0021400859,2015-02-27,CHA @ BOS,L,240,98,37,82,0.451,10,21,0.476,14,17,0.824,8,40,48,19,8,7,16,18,-8.0,2014-15
22014,1610612760,OKC,Oklahoma City Thunder,0021400855,2015-02-26,OKC @ PHX,L,266,113,39,101,0.386,8,24,0.333,27,30,0.9,13,37,50,17,6,4,10,24,-4.0,2014-15
22014,1610612744,GSW,Golden State Warriors,0021400854,2015-02-26,GSW @ CLE,L,243,99,39,92,0.424,11,29,0.379,10,19,0.526,14,30,44,32,10,6,14,24,-11.0,2014-15
22014,1610612756,PHX,Phoenix Suns,0021400855,2015-02-26,PHX vs. OKC,W,266,117,48,97,0.495,9,26,0.346,12,21,0.571,10,42,52,21,4,9,13,24,4.0,2014-15
22014,1610612739,CLE,Cleveland Cavaliers,0021400854,2015-02-26,CLE vs. GSW,W,241,110,36,77,0.468,9,28,0.321,29,35,0.829,8,43,51,15,10,2,16,19,11.0,2014-15
22014,1610612759,SAS,San Antonio Spurs,0021400853,2015-02-25,SAS @ POR,L,240,95,37,85,0.435,8,21,0.381,13,14,0.929,10,27,37,20,8,5,13,16,-16.0,2014-15
22014,1610612755,PHI,Philadelphia 76ers,0021400847,2015-02-25,PHI @ MIL,L,240,88,31,75,0.413,11,25,0.44,15,19,0.789,12,26,38,21,13,3,28,22,-16.0,2014-15
22014,1610612743,DEN,Denver Nuggets,0021400850,2015-02-25,DEN vs. PHX,L,239,96,31,81,0.383,12,34,0.353,22,33,0.667,10,30,40,22,11,5,15,19,-14.0,2014-15
22014,1610612741,CHI,Chicago Bulls,0021400845,2015-02-25,CHI vs. CHA,L,241,86,34,77,0.442,3,17,0.176,15,23,0.652,9,34,43,24,6,11,12,17,-12.0,2014-15
22014,1610612747,LAL,Los Angeles Lakers,0021400851,2015-02-25,LAL @ UTA,W,240,100,40,89,0.449,2,11,0.182,18,21,0.857,14,28,42,17,12,8,9,25,3.0,2014-15
22014,1610612746,LAC,Los Angeles Clippers,0021400846,2015-02-25,LAC @ HOU,L,241,105,40,91,0.44,11,32,0.344,14,19,0.737,12,37,49,18,1,4,15,22,-5.0,2014-15
22014,1610612737,ATL,Atlanta Hawks,0021400843,2015-02-25,ATL vs. DAL,W,239,104,39,85,0.459,13,35,0.371,13,16,0.813,10,31,41,28,7,2,11,18,17.0,2014-15
22014,1610612751,BKN,Brooklyn Nets,0021400849,2015-02-25,BKN @ NOP,L,240,96,39,92,0.424,7,21,0.333,11,15,0.733,8,29,37,13,6,6,12,16,-6.0,2014-15
22014,1610612756,PHX,Phoenix Suns,0021400850,2015-02-25,PHX @ DEN,W,240,110,39,91,0.429,8,24,0.333,24,32,0.75,23,42,65,19,9,7,19,25,14.0,2014-15
22014,1610612752,NYK,New York Knicks,0021400844,2015-02-25,NYK @ BOS,L,239,94,34,82,0.415,2,21,0.095,24,31,0.774,9,32,41,19,6,4,13,20,-21.0,2014-15
22014,1610612749,MIL,Milwaukee Bucks,0021400847,2015-02-25,MIL vs. PHI,W,242,104,44,82,0.537,5,15,0.333,11,16,0.688,12,31,43,32,16,5,22,19,16.0,2014-15
22014,1610612764,WAS,Washington Wizards,0021400848,2015-02-25,WAS @ MIN,L,238,77,33,87,0.379,4,18,0.222,7,8,0.875,10,33,43,21,5,3,19,27,-20.0,2014-15
22014,1610612758,SAC,Sacramento Kings,0021400852,2015-02-25,SAC vs. MEM,W,240,102,39,80,0.488,6,16,0.375,18,25,0.72,13,34,47,24,10,6,20,18,12.0,2014-15
22014,1610612745,HOU,Houston Rockets,0021400846,2015-02-25,HOU vs. LAC,W,240,110,36,88,0.409,17,44,0.386,21,30,0.7,12,34,46,27,7,9,9,20,5.0,2014-15
22014,1610612742,DAL,Dallas Mavericks,0021400843,2015-02-25,DAL @ ATL,L,239,87,34,80,0.425,5,31,0.161,14,18,0.778,13,31,44,20,0,3,15,18,-17.0,2014-15
22014,1610612753,ORL,Orlando Magic,0021400842,2015-02-25,ORL vs. MIA,L,265,90,33,78,0.423,6,22,0.273,18,31,0.581,12,38,50,17,4,1,18,28,-3.0,2014-15
22014,1610612748,MIA,Miami Heat,0021400842,2015-02-25,MIA @ ORL,W,264,93,32,84,0.381,6,31,0.194,23,32,0.719,8,34,42,17,8,5,12,24,3.0,2014-15
22014,1610612762,UTA,Utah Jazz,0021400851,2015-02-25,UTA vs. LAL,L,240,97,34,73,0.466,7,12,0.583,22,34,0.647,13,34,47,18,3,5,20,19,-3.0,2014-15
22014,1610612750,MIN,Minnesota Timberwolves,0021400848,2015-02-25,MIN vs. WAS,W,241,97,35,81,0.432,4,13,0.308,23,28,0.821,10,43,53,17,10,4,16,15,20.0,2014-15
22014,1610612757,POR,Portland Trail Blazers,0021400853,2015-02-25,POR vs. SAS,W,241,111,43,85,0.506,13,26,0.5,12,15,0.8,12,33,45,25,9,4,13,16,16.0,2014-15
22014,1610612763,MEM,Memphis Grizzlies,0021400852,2015-02-25,MEM @ SAC,L,240,90,34,84,0.405,4,16,0.25,18,23,0.783,14,24,38,22,12,5,17,21,-12.0,2014-15
22014,1610612738,BOS,Boston Celtics,0021400844,2015-02-25,BOS vs. NYK,W,240,115,42,83,0.506,14,31,0.452,17,20,0.85,8,38,46,29,6,1,13,26,21.0,2014-15
22014,1610612740,NOP,New Orleans Pelicans,0021400849,2015-02-25,NOP vs. BKN,W,240,102,38,74,0.514,11,25,0.44,15,19,0.789,6,37,43,26,6,6,20,21,6.0,2014-15
22014,1610612766,CHA,Charlotte Hornets,0021400845,2015-02-25,CHA @ CHI,W,241,98,39,84,0.464,4,14,0.286,16,21,0.762,12,33,45,16,8,3,9,18,12.0,2014-15
22014,1610612765,DET,Detroit Pistons,0021400839,2015-02-24,DET vs. CLE,L,240,93,33,82,0.402,9,24,0.375,18,30,0.6,11,35,46,16,5,3,13,21,-9.0,2014-15
22014,1610612744,GSW,Golden State Warriors,0021400838,2015-02-24,GSW @ WAS,W,240,114,45,90,0.5,12,23,0.522,12,17,0.706,4,25,29,27,12,1,9,17,7.0,2014-15
22014,1610612754,IND,Indiana Pacers,0021400840,2015-02-24,IND @ OKC,L,240,92,38,88,0.432,9,26,0.346,7,11,0.636,9,39,48,26,5,3,13,17,-13.0,2014-15
22014,1610612739,CLE,Cleveland Cavaliers,0021400839,2015-02-24,CLE @ DET,W,238,102,34,77,0.442,14,37,0.378,20,24,0.833,4,36,40,22,9,5,14,25,9.0,2014-15
22014,1610612760,OKC,Oklahoma City Thunder,0021400840,2015-02-24,OKC vs. IND,W,240,105,40,96,0.417,9,24,0.375,16,18,0.889,15,42,57,23,10,8,10,16,13.0,2014-15
22014,1610612761,TOR,Toronto Raptors,0021400841,2015-02-24,TOR @ DAL,L,240,92,38,84,0.452,9,26,0.346,7,11,0.636,7,30,37,17,10,4,18,20,-7.0,2014-15
22014,1610612764,WAS,Washington Wizards,0021400838,2015-02-24,WAS vs. GSW,L,240,107,42,79,0.532,5,18,0.278,18,21,0.857,9,36,45,23,4,4,26,20,-7.0,2014-15
22014,1610612742,DAL,Dallas Mavericks,0021400841,2015-02-24,DAL vs. TOR,W,240,99,38,79,0.481,8,19,0.421,15,18,0.833,8,32,40,17,13,4,19,13,7.0,2014-15
22014,1610612762,UTA,Utah Jazz,0021400836,2015-02-23,UTA vs. SAS,W,240,90,34,83,0.41,4,15,0.267,18,23,0.783,11,38,49,14,14,5,13,24,9.0,2014-15
22014,1610612741,CHI,Chicago Bulls,0021400831,2015-02-23,CHI vs. MIL,W,241,87,27,76,0.355,8,26,0.308,25,32,0.781,18,44,62,20,4,7,18,16,16.0,2014-15
22014,1610612761,TOR,Toronto Raptors,0021400833,2015-02-23,TOR @ NOP,L,240,97,35,84,0.417,5,23,0.217,22,31,0.71,16,24,40,13,12,2,8,15,-3.0,2014-15
22014,1610612750,MIN,Minnesota Timberwolves,0021400832,2015-02-23,MIN @ HOU,L,240,102,31,93,0.333,5,18,0.278,35,39,0.897,20,38,58,17,9,3,20,22,-11.0,2014-15
22014,1610612759,SAS,San Antonio Spurs,0021400836,2015-02-23,SAS @ UTA,L,239,81,32,79,0.405,5,19,0.263,12,21,0.571,12,32,44,17,7,7,22,21,-9.0,2014-15
22014,1610612740,NOP,New Orleans Pelicans,0021400833,2015-02-23,NOP vs. TOR,W,239,100,40,78,0.513,10,22,0.455,10,16,0.625,12,36,48,27,6,7,17,20,3.0,2014-15
22014,1610612749,MIL,Milwaukee Bucks,0021400831,2015-02-23,MIL @ CHI,L,240,71,30,89,0.337,4,18,0.222,7,13,0.538,12,29,41,16,9,4,10,21,-16.0,2014-15
22014,1610612755,PHI,Philadelphia 76ers,0021400830,2015-02-23,PHI @ MIA,L,241,108,40,84,0.476,13,31,0.419,15,28,0.536,9,24,33,27,10,8,12,18,-11.0,2014-15
22014,1610612743,DEN,Denver Nuggets,0021400834,2015-02-23,DEN vs. BKN,L,238,82,31,94,0.33,7,27,0.259,13,22,0.591,19,30,49,18,6,3,13,24,-28.0,2014-15
22014,1610612746,LAC,Los Angeles Clippers,0021400837,2015-02-23,LAC vs. MEM,L,239,87,35,79,0.443,9,27,0.333,8,12,0.667,5,35,40,21,6,10,13,16,-3.0,2014-15
22014,1610612745,HOU,Houston Rockets,0021400832,2015-02-23,HOU vs. MIN,W,240,113,39,94,0.415,12,38,0.316,23,34,0.676,22,34,56,23,11,8,16,28,11.0,2014-15
22014,1610612751,BKN,Brooklyn Nets,0021400834,2015-02-23,BKN @ DEN,W,240,110,43,92,0.467,4,21,0.19,20,23,0.87,14,43,57,21,7,9,10,17,28.0,2014-15
22014,1610612763,MEM,Memphis Grizzlies,0021400837,2015-02-23,MEM @ LAC,W,241,90,33,81,0.407,5,15,0.333,19,26,0.731,8,34,42,22,10,4,10,13,3.0,2014-15
22014,1610612738,BOS,Boston Celtics,0021400835,2015-02-23,BOS @ PHX,W,241,115,39,89,0.438,14,29,0.483,23,30,0.767,9,33,42,26,13,1,15,14,5.0,2014-15
22014,1610612756,PHX,Phoenix Suns,0021400835,2015-02-23,PHX vs. BOS,L,240,110,44,97,0.454,9,32,0.281,13,16,0.813,15,35,50,25,9,7,17,24,-5.0,2014-15
22014,1610612748,MIA,Miami Heat,0021400830,2015-02-23,MIA vs. PHI,W,240,119,46,83,0.554,11,21,0.524,16,22,0.727,11,34,45,27,6,3,16,20,11.0,2014-15
22014,1610612752,NYK,New York Knicks,0021400821,2015-02-22,NYK vs. CLE,L,239,83,37,99,0.374,3,19,0.158,6,7,0.857,19,31,50,16,8,2,11,16,-18.0,2014-15
22014,1610612753,ORL,Orlando Magic,0021400825,2015-02-22,ORL vs. PHI,W,240,103,39,82,0.476,6,23,0.261,19,26,0.731,12,26,38,19,9,2,15,21,5.0,2014-15
22014,1610612743,DEN,Denver Nuggets,0021400826,2015-02-22,DEN @ OKC,L,240,94,35,97,0.361,7,27,0.259,17,20,0.85,16,26,42,19,13,5,12,19,-25.0,2014-15
22014,1610612754,IND,Indiana Pacers,0021400824,2015-02-22,IND vs. GSW,W,239,104,39,81,0.481,8,19,0.421,18,23,0.783,7,39,46,20,3,4,15,23,6.0,2014-15
22014,1610612760,OKC,Oklahoma City Thunder,0021400826,2015-02-22,OKC vs. DEN,W,241,119,48,92,0.522,8,20,0.4,15,23,0.652,15,45,60,31,8,10,18,19,25.0,2014-15
22014,1610612738,BOS,Boston Celtics,0021400829,2015-02-22,BOS @ LAL,L,264,111,42,98,0.429,8,33,0.242,19,27,0.704,13,35,48,27,9,5,16,31,-7.0,2014-15
22014,1610612742,DAL,Dallas Mavericks,0021400827,2015-02-22,DAL vs. CHA,W,240,92,36,78,0.462,5,18,0.278,15,19,0.789,6,43,49,20,7,6,15,16,11.0,2014-15
22014,1610612766,CHA,Charlotte Hornets,0021400827,2015-02-22,CHA @ DAL,L,240,81,33,90,0.367,6,19,0.316,9,13,0.692,13,34,47,20,10,2,14,20,-11.0,2014-15
22014,1610612757,POR,Portland Trail Blazers,0021400828,2015-02-22,POR vs. MEM,L,240,92,33,82,0.402,13,33,0.394,13,16,0.813,8,38,46,24,4,4,15,15,-6.0,2014-15
22014,1610612747,LAL,Los Angeles Lakers,0021400829,2015-02-22,LAL vs. BOS,W,264,118,43,84,0.512,7,18,0.389,25,38,0.658,6,40,46,22,8,4,17,27,7.0,2014-15
22014,1610612764,WAS,Washington Wizards,0021400823,2015-02-22,WAS @ DET,L,238,89,37,85,0.435,6,17,0.353,9,14,0.643,11,32,43,28,4,2,12,22,-17.0,2014-15
22014,1610612739,CLE,Cleveland Cavaliers,0021400821,2015-02-22,CLE @ NYK,W,239,101,40,79,0.506,12,33,0.364,9,15,0.6,7,40,47,22,5,3,15,14,18.0,2014-15
22014,1610612763,MEM,Memphis Grizzlies,0021400828,2015-02-22,MEM @ POR,W,241,98,42,89,0.472,3,9,0.333,11,13,0.846,8,36,44,20,13,4,6,15,6.0,2014-15
22014,1610612765,DET,Detroit Pistons,0021400823,2015-02-22,DET vs. WAS,W,240,106,37,89,0.416,13,32,0.406,19,25,0.76,17,34,51,22,8,1,12,19,17.0,2014-15
22014,1610612744,GSW,Golden State Warriors,0021400824,2015-02-22,GSW @ IND,L,238,98,34,89,0.382,9,26,0.346,21,22,0.955,13,32,45,19,9,5,9,25,-6.0,2014-15
22014,1610612755,PHI,Philadelphia 76ers,0021400825,2015-02-22,PHI @ ORL,L,238,98,36,78,0.462,13,34,0.382,13,17,0.765,11,30,41,21,8,5,21,26,-5.0,2014-15
22014,1610612749,MIL,Milwaukee Bucks,0021400822,2015-02-22,MIL vs. ATL,L,240,86,32,72,0.444,4,16,0.25,18,18,1.0,8,30,38,19,10,7,24,24,-11.0,2014-15
22014,1610612737,ATL,Atlanta Hawks,0021400822,2015-02-22,ATL @ MIL,W,239,97,35,87,0.402,9,30,0.3,18,21,0.857,16,27,43,23,10,7,20,17,11.0,2014-15
22014,1610612746,LAC,Los Angeles Clippers,0021400820,2015-02-21,LAC vs. SAC,W,239,126,46,95,0.484,14,35,0.4,20,28,0.714,11,43,54,31,9,11,11,29,27.0,2014-15
22014,1610612756,PHX,Phoenix Suns,0021400818,2015-02-21,PHX @ CHI,L,240,107,47,88,0.534,10,25,0.4,3,8,0.375,8,28,36,25,10,2,13,15,-5.0,2014-15
22014,1610612761,TOR,Toronto Raptors,0021400819,2015-02-21,TOR @ HOU,L,241,76,25,77,0.325,4,18,0.222,22,28,0.786,7,32,39,12,17,5,23,24,-22.0,2014-15
22014,1610612748,MIA,Miami Heat,0021400817,2015-02-21,MIA vs. NOP,L,240,91,33,79,0.418,5,17,0.294,20,27,0.741,13,32,45,15,5,7,17,23,-14.0,2014-15
22014,1610612760,OKC,Oklahoma City Thunder,0021400816,2015-02-21,OKC @ CHA,W,240,110,42,95,0.442,5,18,0.278,21,26,0.808,19,40,59,21,7,7,14,20,7.0,2014-15
22014,1610612758,SAC,Sacramento Kings,0021400820,2015-02-21,SAC @ LAC,L,240,99,30,88,0.341,4,16,0.25,35,46,0.761,14,41,55,18,4,7,17,17,-27.0,2014-15
22014,1610612766,CHA,Charlotte Hornets,0021400816,2015-02-21,CHA vs. OKC,L,239,103,40,93,0.43,7,24,0.292,16,20,0.8,11,30,41,28,9,10,9,18,-7.0,2014-15
22014,1610612740,NOP,New Orleans Pelicans,0021400817,2015-02-21,NOP @ MIA,W,241,105,35,83,0.422,8,21,0.381,27,31,0.871,11,30,41,22,8,3,12,25,14.0,2014-15
22014,1610612741,CHI,Chicago Bulls,0021400818,2015-02-21,CHI vs. PHX,W,241,112,43,89,0.483,12,24,0.5,14,16,0.875,14,33,47,27,5,3,17,14,5.0,2014-15
22014,1610612745,HOU,Houston Rockets,0021400819,2015-02-21,HOU vs. TOR,W,241,98,35,84,0.417,6,29,0.207,22,31,0.71,11,41,52,22,17,9,23,23,22.0,2014-15
22014,1610612749,MIL,Milwaukee Bucks,0021400811,2015-02-20,MIL vs. DEN,W,240,89,33,78,0.423,5,15,0.333,18,22,0.818,7,39,46,22,6,5,16,21,8.0,2014-15
22014,1610612759,SAS,San Antonio Spurs,0021400814,2015-02-20,SAS @ GSW,L,240,99,39,81,0.481,6,19,0.316,15,20,0.75,10,34,44,25,6,4,16,20,-11.0,2014-15
22014,1610612751,BKN,Brooklyn Nets,0021400815,2015-02-20,BKN @ LAL,W,239,114,42,89,0.472,10,21,0.476,20,24,0.833,13,33,46,29,7,2,11,20,9.0,2014-15
22014,1610612764,WAS,Washington Wizards,0021400809,2015-02-20,WAS vs. CLE,L,239,89,38,86,0.442,1,16,0.063,12,16,0.75,12,31,43,22,7,7,17,23,-38.0,2014-15
22014,1610612754,IND,Indiana Pacers,0021400804,2015-02-20,IND @ PHI,W,240,106,40,83,0.482,8,22,0.364,18,22,0.818,9,35,44,24,13,1,15,23,11.0,2014-15
22014,1610612757,POR,Portland Trail Blazers,0021400812,2015-02-20,POR @ UTA,L,241,76,26,72,0.361,4,22,0.182,20,22,0.909,3,34,37,12,5,5,13,13,-16.0,2014-15
22014,1610612752,NYK,New York Knicks,0021400807,2015-02-20,NYK vs. MIA,L,241,87,35,82,0.427,6,18,0.333,11,16,0.688,7,25,32,28,10,6,20,26,-24.0,2014-15
22014,1610612741,CHI,Chicago Bulls,0021400806,2015-02-20,CHI @ DET,L,240,91,33,78,0.423,5,16,0.313,20,22,0.909,13,30,43,16,2,7,20,23,-9.0,2014-15
22014,1610612743,DEN,Denver Nuggets,0021400811,2015-02-20,DEN @ MIL,L,242,81,30,84,0.357,7,26,0.269,14,21,0.667,14,31,45,18,11,7,15,19,-8.0,2014-15
22014,1610612750,MIN,Minnesota Timberwolves,0021400808,2015-02-20,MIN vs. PHX,W,241,111,40,86,0.465,4,15,0.267,27,38,0.711,17,34,51,24,7,7,14,28,2.0,2014-15
22014,1610612748,MIA,Miami Heat,0021400807,2015-02-20,MIA @ NYK,W,240,111,38,79,0.481,9,20,0.45,26,35,0.743,11,39,50,28,12,4,21,18,24.0,2014-15
22014,1610612753,ORL,Orlando Magic,0021400803,2015-02-20,ORL vs. NOP,W,240,95,44,88,0.5,4,18,0.222,3,6,0.5,9,33,42,22,4,3,9,21,11.0,2014-15
22014,1610612756,PHX,Phoenix Suns,0021400808,2015-02-20,PHX @ MIN,L,239,109,40,89,0.449,7,17,0.412,22,31,0.71,17,31,48,23,8,9,13,28,-2.0,2014-15
22014,1610612747,LAL,Los Angeles Lakers,0021400815,2015-02-20,LAL vs. BKN,L,240,105,41,89,0.461,4,23,0.174,19,29,0.655,14,32,46,22,10,4,10,18,-9.0,2014-15
22014,1610612738,BOS,Boston Celtics,0021400813,2015-02-20,BOS @ SAC,L,240,101,40,100,0.4,6,22,0.273,15,26,0.577,19,21,40,24,14,3,11,23,-8.0,2014-15
22014,1610612742,DAL,Dallas Mavericks,0021400810,2015-02-20,DAL vs. HOU,W,241,111,44,93,0.473,9,24,0.375,14,18,0.778,12,38,50,26,10,2,17,19,11.0,2014-15
22014,1610612737,ATL,Atlanta Hawks,0021400805,2015-02-20,ATL vs. TOR,L,238,80,29,88,0.33,8,38,0.211,14,21,0.667,17,35,52,19,6,8,22,10,-25.0,2014-15
22014,1610612744,GSW,Golden State Warriors,0021400814,2015-02-20,GSW vs. SAS,W,240,110,41,84,0.488,17,33,0.515,11,18,0.611,7,33,40,29,10,5,12,18,11.0,2014-15
22014,1610612740,NOP,New Orleans Pelicans,0021400803,2015-02-20,NOP @ ORL,L,239,84,29,69,0.42,5,19,0.263,21,28,0.75,7,33,40,21,6,6,11,11,-11.0,2014-15
22014,1610612755,PHI,Philadelphia 76ers,0021400804,2015-02-20,PHI vs. IND,L,241,95,34,84,0.405,8,25,0.32,19,29,0.655,15,32,47,18,11,11,17,20,-11.0,2014-15
22014,1610612765,DET,Detroit Pistons,0021400806,2015-02-20,DET vs. CHI,W,241,100,38,84,0.452,6,22,0.273,18,33,0.545,11,31,42,19,12,1,10,23,9.0,2014-15
22014,1610612762,UTA,Utah Jazz,0021400812,2015-02-20,UTA vs. POR,W,240,92,37,83,0.446,10,25,0.4,8,17,0.471,13,35,48,18,11,7,8,21,16.0,2014-15
22014,1610612745,HOU,Houston Rockets,0021400810,2015-02-20,HOU @ DAL,L,240,100,36,87,0.414,12,37,0.324,16,26,0.615,14,33,47,20,8,9,21,22,-11.0,2014-15
22014,1610612761,TOR,Toronto Raptors,0021400805,2015-02-20,TOR @ ATL,W,239,105,43,96,0.448,13,30,0.433,6,8,0.75,15,37,52,27,15,9,13,20,25.0,2014-15
22014,1610612739,CLE,Cleveland Cavaliers,0021400809,2015-02-20,CLE @ WAS,W,240,127,46,90,0.511,14,33,0.424,21,28,0.75,10,32,42,28,12,4,10,17,38.0,2014-15
22014,1610612758,SAC,Sacramento Kings,0021400813,2015-02-20,SAC vs. BOS,W,241,109,40,83,0.482,8,22,0.364,21,26,0.808,17,40,57,26,6,5,24,19,8.0,2014-15
22014,1610612760,OKC,Oklahoma City Thunder,0021400801,2015-02-19,OKC vs. DAL,W,241,104,38,91,0.418,7,22,0.318,21,26,0.808,21,41,62,20,8,0,22,20,15.0,2014-15
22014,1610612746,LAC,Los Angeles Clippers,0021400802,2015-02-19,LAC vs. SAS,W,241,119,42,77,0.545,8,19,0.421,27,52,0.519,10,33,43,26,10,4,12,22,4.0,2014-15
22014,1610612759,SAS,San Antonio Spurs,0021400802,2015-02-19,SAS @ LAC,L,241,115,43,84,0.512,10,28,0.357,19,23,0.826,5,33,38,34,6,2,16,32,-4.0,2014-15
22014,1610612742,DAL,Dallas Mavericks,0021400801,2015-02-19,DAL @ OKC,L,241,89,33,91,0.363,9,27,0.333,14,17,0.824,14,25,39,16,14,3,17,20,-15.0,2014-15
22014,1610612739,CLE,Cleveland Cavaliers,0021400800,2015-02-12,CLE @ CHI,L,240,98,37,85,0.435,8,31,0.258,16,22,0.727,10,33,43,20,5,3,16,23,-15.0,2014-15
22014,1610612741,CHI,Chicago Bulls,0021400800,2015-02-12,CHI vs. CLE,W,241,113,42,92,0.457,9,23,0.391,20,26,0.769,13,34,47,29,10,3,8,23,15.0,2014-15
22014,1610612742,DAL,Dallas Mavericks,0021400797,2015-02-11,DAL vs. UTA,W,240,87,28,75,0.373,10,28,0.357,21,26,0.808,7,31,38,18,11,3,11,21,5.0,2014-15
22014,1610612740,NOP,New Orleans Pelicans,0021400794,2015-02-11,NOP vs. IND,L,240,93,34,74,0.459,7,15,0.467,18,25,0.72,7,25,32,22,5,3,13,17,-13.0,2014-15
22014,1610612757,POR,Portland Trail Blazers,0021400798,2015-02-11,POR vs. LAL,W,240,102,35,86,0.407,10,30,0.333,22,23,0.957,15,37,52,27,5,5,10,11,16.0,2014-15
22014,1610612762,UTA,Utah Jazz,0021400797,2015-02-11,UTA @ DAL,L,239,82,30,80,0.375,11,29,0.379,11,21,0.524,14,38,52,19,9,7,18,21,-5.0,2014-15
22014,1610612754,IND,Indiana Pacers,0021400794,2015-02-11,IND @ NOP,W,240,106,40,75,0.533,9,20,0.45,17,18,0.944,7,30,37,28,7,2,13,24,13.0,2014-15
22014,1610612761,TOR,Toronto Raptors,0021400791,2015-02-11,TOR vs. WAS,W,239,95,31,76,0.408,11,26,0.423,22,26,0.846,9,28,37,17,9,5,13,13,2.0,2014-15
22014,1610612745,HOU,Houston Rockets,0021400799,2015-02-11,HOU @ LAC,L,239,95,34,87,0.391,9,45,0.2,18,22,0.818,14,27,41,26,6,6,17,33,-15.0,2014-15
22014,1610612759,SAS,San Antonio Spurs,0021400790,2015-02-11,SAS @ DET,W,241,104,42,88,0.477,10,27,0.37,10,11,0.909,14,31,45,26,8,6,10,16,17.0,2014-15
22014,1610612746,LAC,Los Angeles Clippers,0021400799,2015-02-11,LAC vs. HOU,W,239,110,39,81,0.481,4,22,0.182,28,45,0.622,12,37,49,25,13,3,15,24,15.0,2014-15
22014,1610612744,GSW,Golden State Warriors,0021400793,2015-02-11,GSW @ MIN,W,241,94,40,90,0.444,7,27,0.259,7,9,0.778,10,39,49,26,7,6,15,18,3.0,2014-15
22014,1610612758,SAC,Sacramento Kings,0021400792,2015-02-11,SAC @ MIL,L,241,103,36,84,0.429,8,22,0.364,23,30,0.767,16,32,48,24,7,5,18,23,-8.0,2014-15
22014,1610612760,OKC,Oklahoma City Thunder,0021400795,2015-02-11,OKC vs. MEM,W,239,105,37,83,0.446,7,20,0.35,24,25,0.96,11,38,49,24,7,9,13,23,16.0,2014-15
22014,1610612752,NYK,New York Knicks,0021400788,2015-02-11,NYK @ ORL,L,240,83,25,73,0.342,5,15,0.333,28,36,0.778,8,31,39,19,7,4,12,21,-6.0,2014-15
22014,1610612737,ATL,Atlanta Hawks,0021400789,2015-02-11,ATL @ BOS,L,241,88,33,78,0.423,7,29,0.241,15,23,0.652,5,39,44,23,6,5,12,17,-1.0,2014-15
22014,1610612747,LAL,Los Angeles Lakers,0021400798,2015-02-11,LAL @ POR,L,241,86,34,93,0.366,7,16,0.438,11,11,1.0,14,34,48,17,4,5,10,23,-16.0,2014-15
22014,1610612738,BOS,Boston Celtics,0021400789,2015-02-11,BOS vs. ATL,W,239,89,30,93,0.323,10,31,0.323,19,20,0.95,16,40,56,21,7,4,10,23,1.0,2014-15
22014,1610612753,ORL,Orlando Magic,0021400788,2015-02-11,ORL vs. NYK,W,241,89,31,67,0.463,4,11,0.364,23,28,0.821,7,37,44,13,6,9,16,26,6.0,2014-15
22014,1610612763,MEM,Memphis Grizzlies,0021400795,2015-02-11,MEM @ OKC,L,241,89,32,86,0.372,2,12,0.167,23,30,0.767,11,31,42,13,7,2,13,21,-16.0,2014-15
22014,1610612739,CLE,Cleveland Cavaliers,0021400796,2015-02-11,CLE vs. MIA,W,239,113,44,78,0.564,10,25,0.4,15,19,0.789,10,33,43,32,9,3,15,19,20.0,2014-15
22014,1610612748,MIA,Miami Heat,0021400796,2015-02-11,MIA @ CLE,L,241,93,34,84,0.405,9,24,0.375,16,20,0.8,12,24,36,21,10,4,14,19,-20.0,2014-15
22014,1610612764,WAS,Washington Wizards,0021400791,2015-02-11,WAS @ TOR,L,240,93,39,85,0.459,5,21,0.238,10,16,0.625,15,35,50,25,7,6,16,15,-2.0,2014-15
22014,1610612749,MIL,Milwaukee Bucks,0021400792,2015-02-11,MIL vs. SAC,W,240,111,39,80,0.488,7,15,0.467,26,32,0.813,10,35,45,23,11,5,14,24,8.0,2014-15
22014,1610612765,DET,Detroit Pistons,0021400790,2015-02-11,DET vs. SAS,L,241,87,33,81,0.407,9,21,0.429,12,17,0.706,10,26,36,17,4,4,10,14,-17.0,2014-15
22014,1610612750,MIN,Minnesota Timberwolves,0021400793,2015-02-11,MIN vs. GSW,L,240,91,33,86,0.384,5,14,0.357,20,27,0.741,11,39,50,18,7,2,12,14,-3.0,2014-15
22014,1610612745,HOU,Houston Rockets,0021400784,2015-02-10,HOU @ PHX,W,241,127,48,95,0.505,15,37,0.405,16,23,0.696,15,32,47,28,9,3,13,24,9.0,2014-15
22014,1610612747,LAL,Los Angeles Lakers,0021400787,2015-02-10,LAL vs. DEN,L,240,96,37,85,0.435,6,18,0.333,16,27,0.593,14,29,43,23,3,2,10,24,-10.0,2014-15
22014,1610612751,BKN,Brooklyn Nets,0021400786,2015-02-10,BKN @ MEM,L,241,86,35,81,0.432,3,12,0.25,13,17,0.765,14,32,46,14,7,5,20,24,-9.0,2014-15
22014,1610612763,MEM,Memphis Grizzlies,0021400786,2015-02-10,MEM vs. BKN,W,239,95,36,81,0.444,6,19,0.316,17,25,0.68,12,33,45,24,14,9,12,19,9.0,2014-15
22014,1610612765,DET,Detroit Pistons,0021400783,2015-02-10,DET @ CHA,W,241,106,37,83,0.446,5,19,0.263,27,30,0.9,10,38,48,21,8,5,8,18,28.0,2014-15
22014,1610612743,DEN,Denver Nuggets,0021400787,2015-02-10,DEN @ LAL,W,239,106,43,79,0.544,4,16,0.25,16,23,0.696,4,31,35,25,9,8,7,22,10.0,2014-15
22014,1610612766,CHA,Charlotte Hornets,0021400783,2015-02-10,CHA vs. DET,L,240,78,29,81,0.358,9,24,0.375,11,14,0.786,10,28,38,21,1,9,11,21,-28.0,2014-15
22014,1610612758,SAC,Sacramento Kings,0021400785,2015-02-10,SAC @ CHI,L,241,86,35,75,0.467,2,12,0.167,14,27,0.519,13,32,45,23,3,3,13,15,-18.0,2014-15
22014,1610612756,PHX,Phoenix Suns,0021400784,2015-02-10,PHX vs. HOU,L,240,118,41,87,0.471,12,26,0.462,24,30,0.8,13,26,39,18,9,5,14,18,-9.0,2014-15
22014,1610612741,CHI,Chicago Bulls,0021400785,2015-02-10,CHI vs. SAC,W,239,104,42,80,0.525,7,20,0.35,13,15,0.867,5,28,33,26,8,3,7,21,18.0,2014-15
22014,1610612755,PHI,Philadelphia 76ers,0021400775,2015-02-09,PHI vs. GSW,L,241,84,33,79,0.418,7,24,0.292,11,14,0.786,10,42,52,21,9,4,27,19,-5.0,2014-15
22014,1610612742,DAL,Dallas Mavericks,0021400781,2015-02-09,DAL vs. LAC,L,240,98,33,81,0.407,10,34,0.294,22,30,0.733,14,33,47,19,2,3,12,26,-17.0,2014-15
22014,1610612750,MIN,Minnesota Timberwolves,0021400779,2015-02-09,MIN vs. ATL,L,240,105,42,93,0.452,5,16,0.313,16,22,0.727,23,27,50,24,6,8,16,19,-12.0,2014-15
22014,1610612760,OKC,Oklahoma City Thunder,0021400782,2015-02-09,OKC @ DEN,W,239,124,43,80,0.538,12,24,0.5,26,35,0.743,9,31,40,24,4,5,12,23,10.0,2014-15
22014,1610612754,IND,Indiana Pacers,0021400774,2015-02-09,IND vs. SAS,L,241,93,36,88,0.409,8,21,0.381,13,13,1.0,11,39,50,24,4,6,12,15,-2.0,2014-15
22014,1610612764,WAS,Washington Wizards,0021400776,2015-02-09,WAS vs. ORL,W,240,96,33,77,0.429,7,25,0.28,23,27,0.852,13,40,53,25,7,3,20,14,16.0,2014-15
22014,1610612749,MIL,Milwaukee Bucks,0021400778,2015-02-09,MIL vs. BKN,W,240,103,37,89,0.416,7,18,0.389,22,25,0.88,14,30,44,25,14,4,9,14,6.0,2014-15
22014,1610612748,MIA,Miami Heat,0021400777,2015-02-09,MIA vs. NYK,W,240,109,36,74,0.486,12,22,0.545,25,29,0.862,7,28,35,28,9,5,12,19,14.0,2014-15
22014,1610612753,ORL,Orlando Magic,0021400776,2015-02-09,ORL @ WAS,L,240,80,33,83,0.398,4,22,0.182,10,15,0.667,8,25,33,18,13,6,11,24,-16.0,2014-15
22014,1610612762,UTA,Utah Jazz,0021400780,2015-02-09,UTA @ NOP,W,239,100,39,93,0.419,9,21,0.429,13,19,0.684,21,26,47,23,11,9,10,17,4.0,2014-15
22014,1610612737,ATL,Atlanta Hawks,0021400779,2015-02-09,ATL @ MIN,W,240,117,44,86,0.512,10,21,0.476,19,20,0.95,10,26,36,26,14,6,10,21,12.0,2014-15
22014,1610612751,BKN,Brooklyn Nets,0021400778,2015-02-09,BKN @ MIL,L,241,97,38,76,0.5,9,25,0.36,12,19,0.632,8,30,38,25,3,8,15,17,-6.0,2014-15
22014,1610612740,NOP,New Orleans Pelicans,0021400780,2015-02-09,NOP vs. UTA,L,240,96,33,79,0.418,13,22,0.591,17,20,0.85,15,25,40,20,5,17,15,19,-4.0,2014-15
22014,1610612759,SAS,San Antonio Spurs,0021400774,2015-02-09,SAS @ IND,W,240,95,37,89,0.416,6,25,0.24,15,17,0.882,8,34,42,18,8,7,7,13,2.0,2014-15
22014,1610612752,NYK,New York Knicks,0021400777,2015-02-09,NYK @ MIA,L,241,95,36,84,0.429,7,20,0.35,16,19,0.842,11,24,35,22,8,8,13,22,-14.0,2014-15
22014,1610612744,GSW,Golden State Warriors,0021400775,2015-02-09,GSW @ PHI,W,240,89,34,85,0.4,7,29,0.241,14,19,0.737,6,34,40,26,15,5,14,14,5.0,2014-15
22014,1610612743,DEN,Denver Nuggets,0021400782,2015-02-09,DEN vs. OKC,L,238,114,42,87,0.483,9,28,0.321,21,29,0.724,12,26,38,20,7,4,10,25,-10.0,2014-15
22014,1610612746,LAC,Los Angeles Clippers,0021400781,2015-02-09,LAC @ DAL,W,240,115,41,92,0.446,9,27,0.333,24,29,0.828,17,36,53,21,8,3,6,25,17.0,2014-15
22014,1610612759,SAS,San Antonio Spurs,0021400772,2015-02-08,SAS @ TOR,L,240,82,31,93,0.333,7,28,0.25,13,16,0.813,20,32,52,23,10,6,14,18,-5.0,2014-15
22014,1610612761,TOR,Toronto Raptors,0021400772,2015-02-08,TOR vs. SAS,W,240,87,32,74,0.432,4,13,0.308,19,24,0.792,6,42,48,18,11,7,14,15,5.0,2014-15
22014,1610612754,IND,Indiana Pacers,0021400768,2015-02-08,IND @ CHA,W,240,103,37,84,0.44,7,19,0.368,22,25,0.88,8,32,40,19,4,2,12,25,1.0,2014-15
22014,1610612746,LAC,Los Angeles Clippers,0021400765,2015-02-08,LAC @ OKC,L,240,108,42,90,0.467,12,32,0.375,12,17,0.706,8,21,29,28,9,2,13,26,-23.0,2014-15
22014,1610612737,ATL,Atlanta Hawks,0021400767,2015-02-08,ATL @ MEM,L,241,88,33,80,0.413,12,30,0.4,10,11,0.909,3,34,37,17,6,5,14,16,-6.0,2014-15
22014,1610612756,PHX,Phoenix Suns,0021400773,2015-02-08,PHX @ SAC,L,240,83,33,91,0.363,5,28,0.179,12,17,0.706,11,32,43,17,9,4,10,25,-2.0,2014-15
22014,1610612741,CHI,Chicago Bulls,0021400770,2015-02-08,CHI @ ORL,W,240,98,37,77,0.481,8,22,0.364,16,18,0.889,7,28,35,27,11,1,15,11,1.0,2014-15
22014,1610612758,SAC,Sacramento Kings,0021400773,2015-02-08,SAC vs. PHX,W,241,85,34,75,0.453,4,12,0.333,13,21,0.619,4,39,43,20,1,5,15,17,2.0,2014-15
22014,1610612753,ORL,Orlando Magic,0021400770,2015-02-08,ORL vs. CHI,L,239,97,39,83,0.47,9,25,0.36,10,13,0.769,13,32,45,21,9,4,16,21,-1.0,2014-15
22014,1610612747,LAL,Los Angeles Lakers,0021400766,2015-02-08,LAL @ CLE,L,239,105,41,100,0.41,7,23,0.304,16,19,0.842,19,27,46,22,11,5,7,18,-15.0,2014-15
22014,1610612739,CLE,Cleveland Cavaliers,0021400766,2015-02-08,CLE vs. LAL,W,242,120,45,82,0.549,18,33,0.545,12,20,0.6,6,40,46,31,6,7,14,15,15.0,2014-15
22014,1610612765,DET,Detroit Pistons,0021400769,2015-02-08,DET vs. MIN,L,240,101,37,79,0.468,10,31,0.323,17,22,0.773,12,23,35,18,8,4,15,25,-11.0,2014-15
22014,1610612757,POR,Portland Trail Blazers,0021400771,2015-02-08,POR @ HOU,W,240,109,40,76,0.526,9,29,0.31,20,23,0.87,4,35,39,20,8,5,11,19,11.0,2014-15
22014,1610612745,HOU,Houston Rockets,0021400771,2015-02-08,HOU vs. POR,L,239,98,31,82,0.378,13,35,0.371,23,34,0.676,15,25,40,24,7,1,11,24,-11.0,2014-15
22014,1610612766,CHA,Charlotte Hornets,0021400768,2015-02-08,CHA vs. IND,L,240,102,36,77,0.468,8,14,0.571,22,28,0.786,4,31,35,24,5,4,10,23,-1.0,2014-15
22014,1610612760,OKC,Oklahoma City Thunder,0021400765,2015-02-08,OKC vs. LAC,W,240,131,46,88,0.523,8,20,0.4,31,38,0.816,16,38,54,26,8,6,11,21,23.0,2014-15
22014,1610612750,MIN,Minnesota Timberwolves,0021400769,2015-02-08,MIN @ DET,W,239,112,39,76,0.513,5,12,0.417,29,34,0.853,9,31,40,26,6,1,15,20,11.0,2014-15
22014,1610612763,MEM,Memphis Grizzlies,0021400767,2015-02-08,MEM vs. ATL,W,241,94,36,92,0.391,3,13,0.231,19,21,0.905,17,38,55,18,8,4,11,12,6.0,2014-15
22014,1610612757,POR,Portland Trail Blazers,0021400762,2015-02-07,POR @ DAL,L,266,101,37,89,0.416,10,32,0.313,17,24,0.708,17,41,58,24,11,4,22,21,-10.0,2014-15
22014,1610612766,CHA,Charlotte Hornets,0021400761,2015-02-07,CHA @ PHI,L,240,81,29,84,0.345,6,23,0.261,17,20,0.85,5,38,43,24,9,5,12,20,-8.0,2014-15
22014,1610612752,NYK,New York Knicks,0021400760,2015-02-07,NYK vs. GSW,L,241,92,35,87,0.402,8,18,0.444,14,17,0.824,15,29,44,23,7,1,13,20,-14.0,2014-15
22014,1610612740,NOP,New Orleans Pelicans,0021400758,2015-02-07,NOP vs. CHI,L,240,72,32,86,0.372,4,17,0.235,4,7,0.571,12,26,38,16,8,6,11,13,-35.0,2014-15
22014,1610612755,PHI,Philadelphia 76ers,0021400761,2015-02-07,PHI vs. CHA,W,240,89,29,74,0.392,9,23,0.391,22,30,0.733,5,42,47,19,6,5,15,22,8.0,2014-15
22014,1610612744,GSW,Golden State Warriors,0021400760,2015-02-07,GSW @ NYK,W,240,106,37,81,0.457,12,25,0.48,20,24,0.833,12,36,48,21,8,5,14,19,14.0,2014-15
22014,1610612764,WAS,Washington Wizards,0021400759,2015-02-07,WAS vs. BKN,W,239,114,44,87,0.506,9,20,0.45,17,23,0.739,16,35,51,31,9,3,14,24,37.0,2014-15
22014,1610612749,MIL,Milwaukee Bucks,0021400763,2015-02-07,MIL vs. BOS,W,240,96,37,75,0.493,8,20,0.4,14,19,0.737,6,34,40,21,6,6,12,20,3.0,2014-15
22014,1610612751,BKN,Brooklyn Nets,0021400759,2015-02-07,BKN @ WAS,L,240,77,26,77,0.338,4,18,0.222,21,31,0.677,13,25,38,17,8,4,15,20,-37.0,2014-15
22014,1610612742,DAL,Dallas Mavericks,0021400762,2015-02-07,DAL vs. POR,W,264,111,43,105,0.41,14,36,0.389,11,16,0.688,20,35,55,21,11,7,15,20,10.0,2014-15
22014,1610612762,UTA,Utah Jazz,0021400764,2015-02-07,UTA vs. SAC,W,240,102,43,86,0.5,5,19,0.263,11,17,0.647,14,29,43,21,6,6,9,28,12.0,2014-15
22014,1610612758,SAC,Sacramento Kings,0021400764,2015-02-07,SAC @ UTA,L,241,90,32,82,0.39,3,13,0.231,23,33,0.697,14,26,40,15,3,5,12,19,-12.0,2014-15
22014,1610612738,BOS,Boston Celtics,0021400763,2015-02-07,BOS @ MIL,L,240,93,36,86,0.419,7,29,0.241,14,20,0.7,11,33,44,20,7,1,11,19,-3.0,2014-15
22014,1610612741,CHI,Chicago Bulls,0021400758,2015-02-07,CHI @ NOP,W,242,107,43,84,0.512,10,22,0.455,11,13,0.846,8,37,45,18,6,4,11,7,35.0,2014-15
22014,1610612738,BOS,Boston Celtics,0021400750,2015-02-06,BOS vs. PHI,W,241,107,39,86,0.453,10,27,0.37,19,25,0.76,11,42,53,27,8,4,10,24,11.0,2014-15
22014,1610612747,LAL,Los Angeles Lakers,0021400748,2015-02-06,LAL @ ORL,L,264,97,39,97,0.402,11,26,0.423,8,13,0.615,15,28,43,27,12,8,14,13,-6.0,2014-15
22014,1610612759,SAS,San Antonio Spurs,0021400757,2015-02-06,SAS vs. MIA,W,239,98,40,83,0.482,11,29,0.379,7,9,0.778,14,29,43,31,12,4,16,18,13.0,2014-15
22014,1610612744,GSW,Golden State Warriors,0021400749,2015-02-06,GSW @ ATL,L,239,116,47,103,0.456,12,33,0.364,10,15,0.667,19,32,51,31,7,7,14,24,-8.0,2014-15
22014,1610612739,CLE,Cleveland Cavaliers,0021400747,2015-02-06,CLE @ IND,L,241,99,40,89,0.449,11,35,0.314,8,12,0.667,15,28,43,18,6,3,15,20,-4.0,2014-15
22014,1610612751,BKN,Brooklyn Nets,0021400746,2015-02-06,BKN vs. NYK,W,240,92,37,74,0.5,3,11,0.273,15,22,0.682,10,37,47,23,1,10,14,19,4.0,2014-15
22014,1610612746,LAC,Los Angeles Clippers,0021400752,2015-02-06,LAC @ TOR,L,240,107,38,78,0.487,6,23,0.261,25,31,0.806,7,23,30,21,8,4,8,21,-16.0,2014-15
22014,1610612760,OKC,Oklahoma City Thunder,0021400755,2015-02-06,OKC vs. NOP,L,242,113,40,89,0.449,8,24,0.333,25,28,0.893,10,30,40,19,11,8,13,23,-3.0,2014-15
22014,1610612763,MEM,Memphis Grizzlies,0021400754,2015-02-06,MEM @ MIN,L,239,89,36,69,0.522,2,12,0.167,15,20,0.75,2,28,30,19,11,5,18,19,-1.0,2014-15
22014,1610612740,NOP,New Orleans Pelicans,0021400755,2015-02-06,NOP @ OKC,W,240,116,40,83,0.482,11,20,0.55,25,30,0.833,11,35,46,26,5,5,17,22,3.0,2014-15
22014,1610612755,PHI,Philadelphia 76ers,0021400750,2015-02-06,PHI @ BOS,L,241,96,35,79,0.443,11,25,0.44,15,31,0.484,11,33,44,22,6,3,17,19,-11.0,2014-15
22014,1610612754,IND,Indiana Pacers,0021400747,2015-02-06,IND vs. CLE,W,241,103,37,79,0.468,8,21,0.381,21,26,0.808,9,32,41,26,9,2,8,14,4.0,2014-15
22014,1610612745,HOU,Houston Rockets,0021400753,2015-02-06,HOU vs. MIL,W,240,117,41,81,0.506,15,32,0.469,20,29,0.69,10,32,42,32,11,5,17,17,6.0,2014-15
22014,1610612756,PHX,Phoenix Suns,0021400756,2015-02-06,PHX vs. UTA,W,240,100,38,84,0.452,14,27,0.519,10,14,0.714,10,34,44,20,10,5,11,16,7.0,2014-15
22014,1610612750,MIN,Minnesota Timberwolves,0021400754,2015-02-06,MIN vs. MEM,W,239,90,35,81,0.432,5,17,0.294,15,17,0.882,12,31,43,17,8,1,16,21,1.0,2014-15
22014,1610612765,DET,Detroit Pistons,0021400751,2015-02-06,DET vs. DEN,W,240,98,37,82,0.451,4,24,0.167,20,26,0.769,11,40,51,23,4,4,16,16,10.0,2014-15
22014,1610612737,ATL,Atlanta Hawks,0021400749,2015-02-06,ATL vs. GSW,W,240,124,38,77,0.494,15,27,0.556,33,37,0.892,4,34,38,28,13,4,13,19,8.0,2014-15
22014,1610612762,UTA,Utah Jazz,0021400756,2015-02-06,UTA @ PHX,L,240,93,37,80,0.463,7,20,0.35,12,18,0.667,6,37,43,23,8,4,14,16,-7.0,2014-15
22014,1610612743,DEN,Denver Nuggets,0021400751,2015-02-06,DEN @ DET,L,241,88,33,85,0.388,5,22,0.227,17,22,0.773,11,32,43,22,7,5,13,24,-10.0,2014-15
22014,1610612748,MIA,Miami Heat,0021400757,2015-02-06,MIA @ SAS,L,241,85,36,80,0.45,5,16,0.313,8,9,0.889,10,27,37,23,7,3,16,10,-13.0,2014-15
22014,1610612761,TOR,Toronto Raptors,0021400752,2015-02-06,TOR vs. LAC,W,241,123,40,75,0.533,13,30,0.433,30,37,0.811,10,32,42,25,7,1,11,19,16.0,2014-15
22014,1610612749,MIL,Milwaukee Bucks,0021400753,2015-02-06,MIL @ HOU,L,239,111,48,95,0.505,4,17,0.235,11,15,0.733,11,30,41,29,10,3,13,23,-6.0,2014-15
22014,1610612752,NYK,New York Knicks,0021400746,2015-02-06,NYK @ BKN,L,238,88,34,89,0.382,6,24,0.25,14,17,0.824,13,27,40,23,8,3,5,22,-4.0,2014-15
22014,1610612753,ORL,Orlando Magic,0021400748,2015-02-06,ORL vs. LAL,W,264,103,43,83,0.518,5,15,0.333,12,14,0.857,10,38,48,26,9,6,18,13,6.0,2014-15
22014,1610612756,PHX,Phoenix Suns,0021400745,2015-02-05,PHX @ POR,L,240,87,34,88,0.386,6,23,0.261,13,17,0.765,11,31,42,20,11,2,16,21,-21.0,2014-15
22014,1610612757,POR,Portland Trail Blazers,0021400745,2015-02-05,POR vs. PHX,W,242,108,40,90,0.444,8,31,0.258,20,23,0.87,13,44,57,21,7,7,14,14,21.0,2014-15
22014,1610612746,LAC,Los Angeles Clippers,0021400743,2015-02-05,LAC @ CLE,L,240,94,38,91,0.418,5,22,0.227,13,20,0.65,14,29,43,24,9,1,12,29,-11.0,2014-15
22014,1610612766,CHA,Charlotte Hornets,0021400742,2015-02-05,CHA vs. WAS,W,240,94,33,76,0.434,6,25,0.24,22,27,0.815,12,38,50,15,5,15,14,19,7.0,2014-15
22014,1610612758,SAC,Sacramento Kings,0021400744,2015-02-05,SAC vs. DAL,L,239,78,29,79,0.367,3,21,0.143,17,22,0.773,7,42,49,13,5,8,17,18,-23.0,2014-15
22014,1610612739,CLE,Cleveland Cavaliers,0021400743,2015-02-05,CLE vs. LAC,W,239,105,31,72,0.431,8,30,0.267,35,44,0.795,14,38,52,23,10,4,18,21,11.0,2014-15
22014,1610612742,DAL,Dallas Mavericks,0021400744,2015-02-05,DAL @ SAC,W,239,101,41,96,0.427,12,34,0.353,7,10,0.7,8,40,48,25,9,7,9,19,23.0,2014-15
22014,1610612764,WAS,Washington Wizards,0021400742,2015-02-05,WAS @ CHA,L,239,87,35,84,0.417,5,10,0.5,12,17,0.706,9,28,37,20,2,5,12,26,-7.0,2014-15
22014,1610612765,DET,Detroit Pistons,0021400731,2015-02-04,DET @ IND,L,240,109,43,87,0.494,12,24,0.5,11,15,0.733,12,23,35,23,7,2,10,18,-5.0,2014-15
22014,1610612737,ATL,Atlanta Hawks,0021400732,2015-02-04,ATL vs. WAS,W,239,105,38,80,0.475,11,25,0.44,18,27,0.667,9,37,46,24,7,2,14,22,9.0,2014-15
22014,1610612754,IND,Indiana Pacers,0021400731,2015-02-04,IND vs. DET,W,239,114,46,77,0.597,12,21,0.571,10,18,0.556,8,29,37,28,5,4,11,15,5.0,2014-15
22014,1610612759,SAS,San Antonio Spurs,0021400739,2015-02-04,SAS vs. ORL,W,241,110,44,84,0.524,14,32,0.438,8,14,0.571,6,35,41,32,7,4,11,12,7.0,2014-15
22014,1610612748,MIA,Miami Heat,0021400737,2015-02-04,MIA @ MIN,L,239,101,39,80,0.488,7,16,0.438,16,24,0.667,15,32,47,18,11,3,18,23,-1.0,2014-15
22014,1610612750,MIN,Minnesota Timberwolves,0021400737,2015-02-04,MIN vs. MIA,W,241,102,37,72,0.514,6,11,0.545,22,27,0.815,3,29,32,27,10,3,14,24,1.0,2014-15
22014,1610612760,OKC,Oklahoma City Thunder,0021400738,2015-02-04,OKC @ NOP,W,241,102,45,85,0.529,5,15,0.333,7,11,0.636,12,36,48,21,3,11,14,20,11.0,2014-15
22014,1610612753,ORL,Orlando Magic,0021400739,2015-02-04,ORL @ SAS,L,241,103,42,84,0.5,10,21,0.476,9,14,0.643,5,34,39,27,6,1,12,16,-7.0,2014-15
22014,1610612763,MEM,Memphis Grizzlies,0021400740,2015-02-04,MEM @ UTA,W,240,100,38,80,0.475,6,13,0.462,18,22,0.818,11,27,38,26,7,4,9,21,10.0,2014-15
22014,1610612738,BOS,Boston Celtics,0021400733,2015-02-04,BOS vs. DEN,W,240,104,40,99,0.404,12,28,0.429,12,17,0.706,19,32,51,27,10,3,13,21,4.0,2014-15
22014,1610612744,GSW,Golden State Warriors,0021400741,2015-02-04,GSW vs. DAL,W,240,128,45,86,0.523,19,38,0.5,19,25,0.76,10,36,46,29,5,5,13,22,14.0,2014-15
22014,1610612743,DEN,Denver Nuggets,0021400733,2015-02-04,DEN @ BOS,L,240,100,33,80,0.413,4,24,0.167,30,33,0.909,14,34,48,18,9,6,15,19,-4.0,2014-15
22014,1610612745,HOU,Houston Rockets,0021400735,2015-02-04,HOU vs. CHI,W,240,101,38,92,0.413,8,27,0.296,17,23,0.739,11,36,47,18,6,8,6,19,11.0,2014-15
22014,1610612742,DAL,Dallas Mavericks,0021400741,2015-02-04,DAL @ GSW,L,240,114,41,98,0.418,10,30,0.333,22,28,0.786,14,28,42,24,8,1,8,19,-14.0,2014-15
22014,1610612762,UTA,Utah Jazz,0021400740,2015-02-04,UTA vs. MEM,L,240,90,33,73,0.452,7,23,0.304,17,26,0.654,9,31,40,15,6,3,12,19,-10.0,2014-15
22014,1610612740,NOP,New Orleans Pelicans,0021400738,2015-02-04,NOP vs. OKC,L,241,91,37,97,0.381,7,25,0.28,10,13,0.769,19,29,48,23,7,3,10,14,-11.0,2014-15
22014,1610612761,TOR,Toronto Raptors,0021400734,2015-02-04,TOR vs. BKN,L,241,93,35,79,0.443,10,33,0.303,13,18,0.722,9,29,38,22,3,4,9,16,-16.0,2014-15
22014,1610612741,CHI,Chicago Bulls,0021400735,2015-02-04,CHI @ HOU,L,240,90,31,89,0.348,8,25,0.32,20,26,0.769,18,42,60,16,3,5,12,17,-11.0,2014-15
22014,1610612747,LAL,Los Angeles Lakers,0021400736,2015-02-04,LAL @ MIL,L,266,105,39,93,0.419,9,28,0.321,18,25,0.72,18,35,53,22,3,2,16,25,-8.0,2014-15
22014,1610612751,BKN,Brooklyn Nets,0021400734,2015-02-04,BKN @ TOR,W,240,109,40,81,0.494,9,19,0.474,20,23,0.87,10,29,39,24,7,1,8,17,16.0,2014-15
22014,1610612764,WAS,Washington Wizards,0021400732,2015-02-04,WAS @ ATL,L,242,96,34,77,0.442,4,16,0.25,24,30,0.8,5,36,41,19,7,2,12,24,-9.0,2014-15
22014,1610612749,MIL,Milwaukee Bucks,0021400736,2015-02-04,MIL vs. LAL,W,264,113,41,82,0.5,11,26,0.423,20,22,0.909,5,30,35,25,10,7,11,22,8.0,2014-15
22014,1610612757,POR,Portland Trail Blazers,0021400729,2015-02-03,POR vs. UTA,W,239,103,36,76,0.474,7,23,0.304,24,34,0.706,12,33,45,18,8,6,14,20,1.0,2014-15
22014,1610612744,GSW,Golden State Warriors,0021400730,2015-02-03,GSW @ SAC,W,240,121,46,91,0.505,10,23,0.435,19,26,0.731,14,35,49,33,13,5,11,23,25.0,2014-15
22014,1610612758,SAC,Sacramento Kings,0021400730,2015-02-03,SAC vs. GSW,L,238,96,35,79,0.443,7,16,0.438,19,24,0.792,6,28,34,17,7,4,18,21,-25.0,2014-15
22014,1610612748,MIA,Miami Heat,0021400727,2015-02-03,MIA @ DET,L,240,91,35,74,0.473,6,14,0.429,15,23,0.652,8,27,35,23,1,6,8,14,-17.0,2014-15
22014,1610612765,DET,Detroit Pistons,0021400727,2015-02-03,DET vs. MIA,W,240,108,42,88,0.477,9,20,0.45,15,18,0.833,14,31,45,27,7,5,6,17,17.0,2014-15
22014,1610612738,BOS,Boston Celtics,0021400728,2015-02-03,BOS @ NYK,W,241,108,42,77,0.545,6,24,0.25,18,23,0.783,11,28,39,23,6,0,15,11,11.0,2014-15
22014,1610612752,NYK,New York Knicks,0021400728,2015-02-03,NYK vs. BOS,L,241,97,41,83,0.494,7,20,0.35,8,11,0.727,12,23,35,22,7,2,13,18,-11.0,2014-15
22014,1610612755,PHI,Philadelphia 76ers,0021400726,2015-02-03,PHI vs. DEN,W,240,105,31,70,0.443,11,27,0.407,32,42,0.762,7,42,49,26,10,9,20,22,7.0,2014-15
22014,1610612762,UTA,Utah Jazz,0021400729,2015-02-03,UTA @ POR,L,241,102,39,85,0.459,6,13,0.462,18,26,0.692,14,27,41,18,8,4,10,23,-1.0,2014-15
22014,1610612743,DEN,Denver Nuggets,0021400726,2015-02-03,DEN @ PHI,L,239,98,33,85,0.388,12,31,0.387,20,28,0.714,8,29,37,26,13,3,14,29,-7.0,2014-15
22014,1610612760,OKC,Oklahoma City Thunder,0021400723,2015-02-02,OKC vs. ORL,W,241,104,37,75,0.493,8,20,0.4,22,26,0.846,8,32,40,25,10,5,13,20,7.0,2014-15
22014,1610612766,CHA,Charlotte Hornets,0021400719,2015-02-02,CHA @ WAS,W,239,92,37,79,0.468,4,15,0.267,14,19,0.737,6,36,42,21,6,3,11,18,4.0,2014-15
22014,1610612739,CLE,Cleveland Cavaliers,0021400718,2015-02-02,CLE vs. PHI,W,240,97,35,78,0.449,12,27,0.444,15,22,0.682,11,32,43,22,8,6,18,17,13.0,2014-15
22014,1610612746,LAC,Los Angeles Clippers,0021400720,2015-02-02,LAC @ BKN,L,241,100,42,89,0.472,8,23,0.348,8,25,0.32,15,37,52,23,6,1,12,22,-2.0,2014-15
22014,1610612737,ATL,Atlanta Hawks,0021400722,2015-02-02,ATL @ NOP,L,240,100,40,89,0.449,7,22,0.318,13,17,0.765,9,23,32,19,6,3,6,15,-15.0,2014-15
22014,1610612749,MIL,Milwaukee Bucks,0021400721,2015-02-02,MIL @ TOR,W,241,82,33,80,0.413,7,16,0.438,9,17,0.529,7,37,44,24,8,6,12,18,7.0,2014-15
22014,1610612751,BKN,Brooklyn Nets,0021400720,2015-02-02,BKN vs. LAC,W,240,102,41,83,0.494,12,27,0.444,8,18,0.444,10,35,45,21,4,0,16,27,2.0,2014-15
22014,1610612755,PHI,Philadelphia 76ers,0021400718,2015-02-02,PHI @ CLE,L,241,84,31,78,0.397,12,33,0.364,10,14,0.714,11,26,37,23,16,7,21,22,-13.0,2014-15
22014,1610612753,ORL,Orlando Magic,0021400723,2015-02-02,ORL @ OKC,L,240,97,38,90,0.422,6,23,0.261,15,18,0.833,14,30,44,23,5,1,13,21,-7.0,2014-15
22014,1610612750,MIN,Minnesota Timberwolves,0021400724,2015-02-02,MIN @ DAL,L,240,94,34,82,0.415,3,13,0.231,23,26,0.885,16,31,47,18,10,2,15,22,-6.0,2014-15
22014,1610612740,NOP,New Orleans Pelicans,0021400722,2015-02-02,NOP vs. ATL,W,240,115,43,86,0.5,9,23,0.391,20,23,0.87,17,35,52,30,5,10,13,15,15.0,2014-15
22014,1610612761,TOR,Toronto Raptors,0021400721,2015-02-02,TOR vs. MIL,L,240,75,25,78,0.321,7,27,0.259,18,22,0.818,13,33,46,14,7,3,15,19,-7.0,2014-15
22014,1610612763,MEM,Memphis Grizzlies,0021400725,2015-02-02,MEM @ PHX,W,240,102,36,83,0.434,3,11,0.273,27,34,0.794,16,30,46,19,12,4,14,17,1.0,2014-15
22014,1610612756,PHX,Phoenix Suns,0021400725,2015-02-02,PHX vs. MEM,L,240,101,42,84,0.5,6,16,0.375,11,18,0.611,11,27,38,18,12,6,16,25,-1.0,2014-15
22014,1610612764,WAS,Washington Wizards,0021400719,2015-02-02,WAS vs. CHA,L,242,88,33,81,0.407,6,15,0.4,16,19,0.842,10,33,43,19,7,3,12,23,-4.0,2014-15
22014,1610612742,DAL,Dallas Mavericks,0021400724,2015-02-02,DAL vs. MIN,W,240,100,39,84,0.464,10,31,0.323,12,18,0.667,12,31,43,27,11,10,15,18,6.0,2014-15
22014,1610612752,NYK,New York Knicks,0021400717,2015-02-01,NYK vs. LAL,W,240,92,37,84,0.44,10,22,0.455,8,13,0.615,11,30,41,18,7,3,10,21,12.0,2014-15
22014,1610612748,MIA,Miami Heat,0021400716,2015-02-01,MIA @ BOS,W,239,83,32,77,0.416,4,21,0.19,15,21,0.714,10,36,46,18,7,9,16,18,8.0,2014-15
22014,1610612738,BOS,Boston Celtics,0021400716,2015-02-01,BOS vs. MIA,L,241,75,30,81,0.37,4,19,0.211,11,18,0.611,8,32,40,24,7,3,13,19,-8.0,2014-15
22014,1610612747,LAL,Los Angeles Lakers,0021400717,2015-02-01,LAL @ NYK,L,241,80,27,76,0.355,7,16,0.438,19,23,0.826,10,36,46,15,7,3,14,15,-12.0,2014-15
22014,1610612757,POR,Portland Trail Blazers,0021400712,2015-01-31,POR @ MIL,L,239,88,33,89,0.371,9,31,0.29,13,18,0.722,11,33,44,19,11,3,16,15,-7.0,2014-15
22014,1610612760,OKC,Oklahoma City Thunder,0021400710,2015-01-31,OKC @ MEM,L,240,74,27,78,0.346,6,20,0.3,14,18,0.778,12,35,47,15,5,4,17,19,-11.0,2014-15
22014,1610612764,WAS,Washington Wizards,0021400707,2015-01-31,WAS vs. TOR,L,267,116,37,79,0.468,10,24,0.417,32,41,0.78,12,28,40,26,8,6,22,24,-4.0,2014-15
22014,1610612750,MIN,Minnesota Timberwolves,0021400711,2015-01-31,MIN vs. CLE,L,240,90,34,82,0.415,6,13,0.462,16,21,0.762,12,23,35,19,6,1,12,14,-16.0,2014-15
22014,1610612758,SAC,Sacramento Kings,0021400705,2015-01-31,SAC @ IND,W,239,99,34,80,0.425,5,15,0.333,26,29,0.897,9,37,46,16,8,1,12,27,5.0,2014-15
22014,1610612749,MIL,Milwaukee Bucks,0021400712,2015-01-31,MIL vs. POR,W,241,95,37,82,0.451,8,21,0.381,13,14,0.929,9,41,50,22,12,8,17,19,7.0,2014-15
22014,1610612744,GSW,Golden State Warriors,0021400715,2015-01-31,GSW vs. PHX,W,241,106,40,87,0.46,12,32,0.375,14,18,0.778,9,35,44,27,11,8,15,20,19.0,2014-15
22014,1610612742,DAL,Dallas Mavericks,0021400706,2015-01-31,DAL @ ORL,W,240,108,42,74,0.568,11,21,0.524,13,22,0.591,3,33,36,26,9,4,12,20,15.0,2014-15
22014,1610612754,IND,Indiana Pacers,0021400705,2015-01-31,IND vs. SAC,L,241,94,33,80,0.413,5,25,0.2,23,25,0.92,9,31,40,22,8,5,14,22,-5.0,2014-15
22014,1610612753,ORL,Orlando Magic,0021400706,2015-01-31,ORL vs. DAL,L,240,93,33,78,0.423,8,24,0.333,19,24,0.792,11,31,42,21,9,3,15,24,-15.0,2014-15
22014,1610612737,ATL,Atlanta Hawks,0021400708,2015-01-31,ATL vs. PHI,W,241,91,34,78,0.436,10,28,0.357,13,18,0.722,8,36,44,20,6,5,12,16,6.0,2014-15
22014,1610612755,PHI,Philadelphia 76ers,0021400708,2015-01-31,PHI @ ATL,L,241,85,31,81,0.383,14,35,0.4,9,15,0.6,10,34,44,21,7,4,14,26,-6.0,2014-15
22014,1610612746,LAC,Los Angeles Clippers,0021400714,2015-01-31,LAC @ SAS,W,240,105,40,91,0.44,8,22,0.364,17,18,0.944,16,40,56,20,12,7,15,23,20.0,2014-15
22014,1610612743,DEN,Denver Nuggets,0021400713,2015-01-31,DEN vs. CHA,L,240,86,33,92,0.359,5,24,0.208,15,20,0.75,8,36,44,21,2,8,12,19,-18.0,2014-15
22014,1610612766,CHA,Charlotte Hornets,0021400713,2015-01-31,CHA @ DEN,W,240,104,44,93,0.473,0,11,0.0,16,25,0.64,10,47,57,32,10,11,10,18,18.0,2014-15
22014,1610612759,SAS,San Antonio Spurs,0021400714,2015-01-31,SAS vs. LAC,L,239,85,28,75,0.373,10,30,0.333,19,28,0.679,4,32,36,18,11,3,17,17,-20.0,2014-15
22014,1610612756,PHX,Phoenix Suns,0021400715,2015-01-31,PHX @ GSW,L,239,87,33,91,0.363,9,26,0.346,12,17,0.706,15,37,52,22,10,5,20,17,-19.0,2014-15
22014,1610612745,HOU,Houston Rockets,0021400709,2015-01-31,HOU @ DET,L,240,101,39,87,0.448,11,32,0.344,12,19,0.632,11,28,39,23,10,3,13,29,-13.0,2014-15
22014,1610612765,DET,Detroit Pistons,0021400709,2015-01-31,DET vs. HOU,W,238,114,41,82,0.5,10,25,0.4,22,35,0.629,12,32,44,28,8,8,12,11,13.0,2014-15
22014,1610612761,TOR,Toronto Raptors,0021400707,2015-01-31,TOR @ WAS,W,265,120,44,88,0.5,11,26,0.423,21,30,0.7,6,28,34,26,7,8,13,29,4.0,2014-15
22014,1610612739,CLE,Cleveland Cavaliers,0021400711,2015-01-31,CLE @ MIN,W,241,106,42,87,0.483,10,32,0.313,12,19,0.632,18,34,52,16,8,6,13,19,16.0,2014-15
22014,1610612763,MEM,Memphis Grizzlies,0021400710,2015-01-31,MEM vs. OKC,W,241,85,34,91,0.374,3,11,0.273,14,17,0.824,20,34,54,22,11,5,11,18,11.0,2014-15
22014,1610612757,POR,Portland Trail Blazers,0021400697,2015-01-30,POR @ ATL,L,241,99,39,87,0.448,11,30,0.367,10,11,0.909,9,37,46,25,7,3,17,20,-6.0,2014-15
22014,1610612737,ATL,Atlanta Hawks,0021400697,2015-01-30,ATL vs. POR,W,239,105,40,84,0.476,11,23,0.478,14,22,0.636,7,35,42,26,12,4,13,17,6.0,2014-15
22014,1610612751,BKN,Brooklyn Nets,0021400699,2015-01-30,BKN vs. TOR,L,265,122,49,101,0.485,4,19,0.211,20,26,0.769,14,36,50,19,7,4,7,20,-5.0,2014-15
22014,1610612739,CLE,Cleveland Cavaliers,0021400700,2015-01-30,CLE vs. SAC,W,240,101,38,80,0.475,11,31,0.355,14,22,0.636,7,37,44,22,11,5,17,24,11.0,2014-15
22014,1610612761,TOR,Toronto Raptors,0021400699,2015-01-30,TOR @ BKN,W,264,127,47,92,0.511,7,26,0.269,26,30,0.867,9,36,45,22,5,3,9,21,5.0,2014-15
22014,1610612746,LAC,Los Angeles Clippers,0021400701,2015-01-30,LAC @ NOP,L,240,103,42,92,0.457,7,28,0.25,12,17,0.706,9,29,38,20,5,4,5,21,-5.0,2014-15
22014,1610612741,CHI,Chicago Bulls,0021400704,2015-01-30,CHI @ PHX,L,240,93,36,87,0.414,4,18,0.222,17,27,0.63,12,37,49,20,6,3,11,18,-6.0,2014-15
22014,1610612748,MIA,Miami Heat,0021400702,2015-01-30,MIA vs. DAL,L,240,72,29,88,0.33,9,29,0.31,5,10,0.5,17,35,52,18,6,3,16,17,-21.0,2014-15
22014,1610612750,MIN,Minnesota Timberwolves,0021400696,2015-01-30,MIN @ PHI,L,239,94,34,76,0.447,5,14,0.357,21,25,0.84,11,27,38,24,8,4,21,18,-9.0,2014-15
22014,1610612744,GSW,Golden State Warriors,0021400703,2015-01-30,GSW @ UTA,L,237,100,37,86,0.43,8,27,0.296,18,25,0.72,11,30,41,21,8,2,13,19,-10.0,2014-15
22014,1610612755,PHI,Philadelphia 76ers,0021400696,2015-01-30,PHI vs. MIN,W,238,103,37,74,0.5,8,23,0.348,21,25,0.84,7,27,34,27,13,9,14,16,9.0,2014-15
22014,1610612738,BOS,Boston Celtics,0021400698,2015-01-30,BOS vs. HOU,L,240,87,32,90,0.356,7,24,0.292,16,23,0.696,14,34,48,14,8,5,11,23,-6.0,2014-15
22014,1610612762,UTA,Utah Jazz,0021400703,2015-01-30,UTA vs. GSW,W,240,110,42,94,0.447,9,25,0.36,17,28,0.607,17,38,55,21,10,6,11,20,10.0,2014-15
22014,1610612758,SAC,Sacramento Kings,0021400700,2015-01-30,SAC @ CLE,L,244,90,30,84,0.357,3,18,0.167,27,32,0.844,14,36,50,15,10,3,16,19,-11.0,2014-15
22014,1610612756,PHX,Phoenix Suns,0021400704,2015-01-30,PHX vs. CHI,W,241,99,39,90,0.433,6,22,0.273,15,17,0.882,11,39,50,16,7,5,13,21,6.0,2014-15
22014,1610612740,NOP,New Orleans Pelicans,0021400701,2015-01-30,NOP vs. LAC,W,239,108,36,86,0.419,13,25,0.52,23,26,0.885,14,37,51,26,5,3,8,15,5.0,2014-15
22014,1610612742,DAL,Dallas Mavericks,0021400702,2015-01-30,DAL @ MIA,W,241,93,34,82,0.415,13,29,0.448,12,20,0.6,13,36,49,24,10,4,10,13,21.0,2014-15
22014,1610612745,HOU,Houston Rockets,0021400698,2015-01-30,HOU @ BOS,W,240,93,35,84,0.417,8,30,0.267,15,20,0.75,12,38,50,22,6,4,16,18,6.0,2014-15
22014,1610612754,IND,Indiana Pacers,0021400694,2015-01-29,IND vs. NYK,W,241,103,42,79,0.532,6,18,0.333,13,18,0.722,8,41,49,25,4,4,11,16,21.0,2014-15
22014,1610612752,NYK,New York Knicks,0021400694,2015-01-29,NYK @ IND,L,240,82,34,81,0.42,5,16,0.313,9,13,0.692,6,27,33,22,3,6,10,18,-21.0,2014-15
22014,1610612747,LAL,Los Angeles Lakers,0021400695,2015-01-29,LAL vs. CHI,W,289,123,50,106,0.472,3,9,0.333,20,25,0.8,18,36,54,26,5,8,13,27,5.0,2014-15
22014,1610612763,MEM,Memphis Grizzlies,0021400693,2015-01-29,MEM vs. DEN,W,239,99,39,88,0.443,3,16,0.188,18,27,0.667,13,44,57,17,8,4,9,11,30.0,2014-15
22014,1610612743,DEN,Denver Nuggets,0021400693,2015-01-29,DEN @ MEM,L,240,69,29,87,0.333,2,26,0.077,9,10,0.9,10,37,47,19,6,5,16,19,-30.0,2014-15
22014,1610612749,MIL,Milwaukee Bucks,0021400692,2015-01-29,MIL @ ORL,W,239,115,45,87,0.517,12,25,0.48,13,18,0.722,7,31,38,29,16,8,15,24,15.0,2014-15
22014,1610612753,ORL,Orlando Magic,0021400692,2015-01-29,ORL vs. MIL,L,239,100,37,82,0.451,5,18,0.278,21,30,0.7,14,35,49,14,8,4,23,18,-15.0,2014-15
22014,1610612741,CHI,Chicago Bulls,0021400695,2015-01-29,CHI @ LAL,L,287,118,43,104,0.413,6,25,0.24,26,32,0.813,17,32,49,26,9,6,11,21,-5.0,2014-15
22014,1610612750,MIN,Minnesota Timberwolves,0021400686,2015-01-28,MIN vs. BOS,W,241,110,38,77,0.494,6,16,0.375,28,32,0.875,6,39,45,18,6,4,11,11,12.0,2014-15
22014,1610612742,DAL,Dallas Mavericks,0021400685,2015-01-28,DAL @ HOU,L,239,94,35,82,0.427,10,25,0.4,14,16,0.875,10,36,46,16,10,7,23,16,-5.0,2014-15
22014,1610612755,PHI,Philadelphia 76ers,0021400682,2015-01-28,PHI vs. DET,W,240,89,37,78,0.474,7,21,0.333,8,12,0.667,13,35,48,27,11,10,19,19,20.0,2014-15
22014,1610612739,CLE,Cleveland Cavaliers,0021400681,2015-01-28,CLE vs. POR,W,240,99,34,85,0.4,15,37,0.405,16,18,0.889,14,32,46,16,3,1,8,15,5.0,2014-15
22014,1610612737,ATL,Atlanta Hawks,0021400683,2015-01-28,ATL vs. BKN,W,240,113,38,82,0.463,12,33,0.364,25,26,0.962,12,33,45,29,4,4,11,18,11.0,2014-15
22014,1610612764,WAS,Washington Wizards,0021400691,2015-01-28,WAS @ PHX,L,239,98,37,88,0.42,8,18,0.444,16,23,0.696,15,35,50,13,2,3,13,16,-8.0,2014-15
22014,1610612765,DET,Detroit Pistons,0021400682,2015-01-28,DET @ PHI,L,240,69,23,75,0.307,2,20,0.1,21,23,0.913,14,24,38,15,12,5,17,16,-20.0,2014-15
22014,1610612745,HOU,Houston Rockets,0021400685,2015-01-28,HOU vs. DAL,W,241,99,36,88,0.409,14,35,0.4,13,15,0.867,11,28,39,21,14,7,16,19,5.0,2014-15
22014,1610612758,SAC,Sacramento Kings,0021400684,2015-01-28,SAC @ TOR,L,237,102,35,73,0.479,7,17,0.412,25,29,0.862,6,25,31,17,6,4,17,18,-17.0,2014-15
22014,1610612757,POR,Portland Trail Blazers,0021400681,2015-01-28,POR @ CLE,L,239,94,35,80,0.438,10,31,0.323,14,17,0.824,11,28,39,18,5,5,8,20,-5.0,2014-15
22014,1610612738,BOS,Boston Celtics,0021400686,2015-01-28,BOS @ MIN,L,240,98,42,91,0.462,7,23,0.304,7,9,0.778,9,30,39,22,9,4,13,22,-12.0,2014-15
22014,1610612761,TOR,Toronto Raptors,0021400684,2015-01-28,TOR vs. SAC,W,241,119,43,84,0.512,17,34,0.5,16,19,0.842,11,28,39,29,12,4,16,24,17.0,2014-15
22014,1610612746,LAC,Los Angeles Clippers,0021400690,2015-01-28,LAC @ UTA,W,240,94,34,76,0.447,9,26,0.346,17,25,0.68,10,27,37,13,7,6,8,20,5.0,2014-15
22014,1610612759,SAS,San Antonio Spurs,0021400689,2015-01-28,SAS vs. CHA,W,240,95,35,83,0.422,10,29,0.345,15,18,0.833,10,39,49,23,7,8,14,14,9.0,2014-15
22014,1610612766,CHA,Charlotte Hornets,0021400689,2015-01-28,CHA @ SAS,L,241,86,34,83,0.41,6,18,0.333,12,14,0.857,8,35,43,23,7,4,12,17,-9.0,2014-15
22014,1610612762,UTA,Utah Jazz,0021400690,2015-01-28,UTA vs. LAC,L,241,89,35,81,0.432,5,24,0.208,14,20,0.7,16,31,47,17,2,6,9,18,-5.0,2014-15
22014,1610612752,NYK,New York Knicks,0021400688,2015-01-28,NYK vs. OKC,W,239,100,40,91,0.44,8,17,0.471,12,17,0.706,11,40,51,29,8,6,10,17,8.0,2014-15
22014,1610612760,OKC,Oklahoma City Thunder,0021400688,2015-01-28,OKC @ NYK,L,241,92,34,85,0.4,5,22,0.227,19,22,0.864,10,37,47,10,7,7,13,22,-8.0,2014-15
22014,1610612743,DEN,Denver Nuggets,0021400687,2015-01-28,DEN @ NOP,W,239,93,39,85,0.459,10,17,0.588,5,7,0.714,8,31,39,30,4,7,8,22,8.0,2014-15
22014,1610612740,NOP,New Orleans Pelicans,0021400687,2015-01-28,NOP vs. DEN,L,240,85,32,82,0.39,3,15,0.2,18,24,0.75,17,31,48,15,2,6,9,15,-8.0,2014-15
22014,1610612751,BKN,Brooklyn Nets,0021400683,2015-01-28,BKN @ ATL,L,240,102,39,87,0.448,9,24,0.375,15,18,0.833,9,26,35,26,6,5,8,20,-11.0,2014-15
22014,1610612756,PHX,Phoenix Suns,0021400691,2015-01-28,PHX vs. WAS,W,240,106,40,88,0.455,11,29,0.379,15,18,0.833,7,34,41,23,10,2,9,16,8.0,2014-15
22014,1610612765,DET,Detroit Pistons,0021400676,2015-01-27,DET vs. CLE,L,241,95,35,83,0.422,8,24,0.333,17,23,0.739,16,35,51,21,4,8,18,17,-8.0,2014-15
22014,1610612748,MIA,Miami Heat,0021400677,2015-01-27,MIA vs. MIL,L,238,102,38,75,0.507,7,20,0.35,19,26,0.731,5,28,33,20,5,1,12,23,-7.0,2014-15
22014,1610612764,WAS,Washington Wizards,0021400680,2015-01-27,WAS @ LAL,W,240,98,38,78,0.487,4,16,0.25,18,27,0.667,9,42,51,19,8,2,16,18,6.0,2014-15
22014,1610612754,IND,Indiana Pacers,0021400675,2015-01-27,IND vs. TOR,L,240,91,34,82,0.415,7,18,0.389,16,23,0.696,11,32,43,22,4,3,14,22,-13.0,2014-15
22014,1610612747,LAL,Los Angeles Lakers,0021400680,2015-01-27,LAL vs. WAS,L,240,92,37,87,0.425,5,20,0.25,13,16,0.813,8,30,38,17,9,4,11,19,-6.0,2014-15
22014,1610612761,TOR,Toronto Raptors,0021400675,2015-01-27,TOR @ IND,W,239,104,34,73,0.466,9,26,0.346,27,34,0.794,8,34,42,21,9,6,10,27,13.0,2014-15
22014,1610612742,DAL,Dallas Mavericks,0021400678,2015-01-27,DAL vs. MEM,L,240,90,38,78,0.487,7,26,0.269,7,10,0.7,8,27,35,20,8,3,16,20,-19.0,2014-15
22014,1610612744,GSW,Golden State Warriors,0021400679,2015-01-27,GSW vs. CHI,L,264,111,48,113,0.425,9,33,0.273,6,12,0.5,15,33,48,31,9,2,13,15,-2.0,2014-15
22014,1610612739,CLE,Cleveland Cavaliers,0021400676,2015-01-27,CLE @ DET,W,239,103,39,93,0.419,9,34,0.265,16,17,0.941,13,34,47,19,9,4,9,20,8.0,2014-15
22014,1610612741,CHI,Chicago Bulls,0021400679,2015-01-27,CHI @ GSW,W,265,113,42,98,0.429,8,29,0.276,21,23,0.913,19,42,61,19,6,6,21,18,2.0,2014-15
22014,1610612749,MIL,Milwaukee Bucks,0021400677,2015-01-27,MIL @ MIA,W,240,109,39,71,0.549,9,16,0.563,22,30,0.733,4,30,34,25,7,3,12,22,7.0,2014-15
22014,1610612763,MEM,Memphis Grizzlies,0021400678,2015-01-27,MEM @ DAL,W,240,109,42,79,0.532,10,21,0.476,15,20,0.75,9,31,40,23,6,0,13,17,19.0,2014-15
22014,1610612746,LAC,Los Angeles Clippers,0021400674,2015-01-26,LAC vs. DEN,W,240,102,38,80,0.475,7,19,0.368,19,22,0.864,10,35,45,25,10,8,13,17,4.0,2014-15
22014,1610612760,OKC,Oklahoma City Thunder,0021400672,2015-01-26,OKC vs. MIN,W,240,92,36,86,0.419,4,20,0.2,16,24,0.667,14,38,52,17,9,11,15,23,8.0,2014-15
22014,1610612743,DEN,Denver Nuggets,0021400674,2015-01-26,DEN @ LAC,L,240,98,40,83,0.482,8,21,0.381,10,15,0.667,8,30,38,26,7,4,10,15,-4.0,2014-15
22014,1610612738,BOS,Boston Celtics,0021400673,2015-01-26,BOS @ UTA,W,239,99,35,74,0.473,8,19,0.421,21,23,0.913,5,32,37,18,8,3,14,15,9.0,2014-15
22014,1610612763,MEM,Memphis Grizzlies,0021400670,2015-01-26,MEM vs. ORL,W,240,103,36,76,0.474,7,18,0.389,24,26,0.923,7,32,39,25,11,6,15,17,9.0,2014-15
22014,1610612740,NOP,New Orleans Pelicans,0021400671,2015-01-26,NOP vs. PHI,W,240,99,39,86,0.453,7,16,0.438,14,19,0.737,17,35,52,28,10,11,11,17,25.0,2014-15
22014,1610612755,PHI,Philadelphia 76ers,0021400671,2015-01-26,PHI @ NOP,L,240,74,28,81,0.346,2,15,0.133,16,21,0.762,13,25,38,15,7,9,12,19,-25.0,2014-15
22014,1610612762,UTA,Utah Jazz,0021400673,2015-01-26,UTA vs. BOS,L,239,90,35,82,0.427,9,24,0.375,11,19,0.579,10,29,39,18,9,10,14,23,-9.0,2014-15
22014,1610612750,MIN,Minnesota Timberwolves,0021400672,2015-01-26,MIN @ OKC,L,239,84,29,85,0.341,2,13,0.154,24,32,0.75,15,35,50,13,9,5,13,17,-8.0,2014-15
22014,1610612753,ORL,Orlando Magic,0021400670,2015-01-26,ORL @ MEM,L,242,94,37,78,0.474,4,12,0.333,16,25,0.64,13,31,44,14,8,3,17,22,-9.0,2014-15
22014,1610612760,OKC,Oklahoma City Thunder,0021400658,2015-01-25,OKC @ CLE,L,241,98,37,94,0.394,10,30,0.333,14,18,0.778,10,32,42,26,6,6,8,23,-10.0,2014-15
22014,1610612744,GSW,Golden State Warriors,0021400665,2015-01-25,GSW vs. BOS,W,238,114,42,89,0.472,8,23,0.348,22,25,0.88,9,38,47,29,9,3,13,20,3.0,2014-15
22014,1610612756,PHX,Phoenix Suns,0021400659,2015-01-25,PHX vs. LAC,L,242,100,34,80,0.425,10,29,0.345,22,27,0.815,5,26,31,23,5,8,11,25,-20.0,2014-15
22014,1610612750,MIN,Minnesota Timberwolves,0021400661,2015-01-25,MIN @ ATL,L,241,100,37,71,0.521,6,16,0.375,20,25,0.8,11,26,37,24,4,2,13,18,-12.0,2014-15
22014,1610612761,TOR,Toronto Raptors,0021400664,2015-01-25,TOR vs. DET,W,240,114,43,81,0.531,5,15,0.333,23,29,0.793,6,31,37,23,9,5,8,21,4.0,2014-15
22014,1610612764,WAS,Washington Wizards,0021400666,2015-01-25,WAS @ DEN,W,264,117,48,90,0.533,4,14,0.286,17,23,0.739,10,40,50,29,5,2,17,27,2.0,2014-15
22014,1610612748,MIA,Miami Heat,0021400657,2015-01-25,MIA @ CHI,W,240,96,38,84,0.452,1,13,0.077,19,23,0.826,13,41,54,19,6,13,10,15,12.0,2014-15
22014,1610612741,CHI,Chicago Bulls,0021400657,2015-01-25,CHI vs. MIA,L,239,84,31,87,0.356,7,24,0.292,15,19,0.789,14,29,43,15,5,10,9,16,-12.0,2014-15
22014,1610612743,DEN,Denver Nuggets,0021400666,2015-01-25,DEN vs. WAS,L,266,115,41,101,0.406,12,29,0.414,21,28,0.75,14,31,45,26,7,3,9,24,-2.0,2014-15
22014,1610612749,MIL,Milwaukee Bucks,0021400663,2015-01-25,MIL @ SAS,L,240,95,39,82,0.476,8,17,0.471,9,13,0.692,13,29,42,29,12,5,17,26,-6.0,2014-15
22014,1610612745,HOU,Houston Rockets,0021400667,2015-01-25,HOU @ LAL,W,241,99,35,87,0.402,13,44,0.295,16,21,0.762,11,35,46,22,13,4,14,23,12.0,2014-15
22014,1610612742,DAL,Dallas Mavericks,0021400660,2015-01-25,DAL @ NOP,L,240,106,39,81,0.481,9,24,0.375,19,25,0.76,13,25,38,20,5,6,9,19,-3.0,2014-15
22014,1610612747,LAL,Los Angeles Lakers,0021400667,2015-01-25,LAL vs. HOU,L,240,87,34,79,0.43,1,13,0.077,18,25,0.72,13,40,53,20,4,2,21,18,-12.0,2014-15
22014,1610612759,SAS,San Antonio Spurs,0021400663,2015-01-25,SAS vs. MIL,W,239,101,35,83,0.422,5,22,0.227,26,30,0.867,14,27,41,22,9,6,15,17,6.0,2014-15
22014,1610612737,ATL,Atlanta Hawks,0021400661,2015-01-25,ATL vs. MIN,W,240,112,45,80,0.563,10,28,0.357,12,18,0.667,8,21,29,30,8,5,10,20,12.0,2014-15
22014,1610612740,NOP,New Orleans Pelicans,0021400660,2015-01-25,NOP vs. DAL,W,239,109,40,79,0.506,8,17,0.471,21,25,0.84,11,29,40,27,9,3,9,25,3.0,2014-15
22014,1610612739,CLE,Cleveland Cavaliers,0021400658,2015-01-25,CLE vs. OKC,W,240,108,36,82,0.439,16,36,0.444,20,29,0.69,11,37,48,17,5,8,11,14,10.0,2014-15
22014,1610612746,LAC,Los Angeles Clippers,0021400659,2015-01-25,LAC @ PHX,W,241,120,43,87,0.494,10,23,0.435,24,36,0.667,14,36,50,28,7,5,11,20,20.0,2014-15
22014,1610612738,BOS,Boston Celtics,0021400665,2015-01-25,BOS @ GSW,L,242,111,41,95,0.432,10,28,0.357,19,27,0.704,13,35,48,23,5,3,14,21,-3.0,2014-15
22014,1610612754,IND,Indiana Pacers,0021400662,2015-01-25,IND @ ORL,W,239,106,43,83,0.518,8,20,0.4,12,18,0.667,9,38,47,27,8,5,14,23,7.0,2014-15
22014,1610612753,ORL,Orlando Magic,0021400662,2015-01-25,ORL vs. IND,L,240,99,38,78,0.487,6,17,0.353,17,23,0.739,3,30,33,22,7,5,12,21,-7.0,2014-15
22014,1610612765,DET,Detroit Pistons,0021400664,2015-01-25,DET @ TOR,L,239,110,41,90,0.456,12,34,0.353,16,23,0.696,14,30,44,24,5,2,14,21,-4.0,2014-15
22014,1610612757,POR,Portland Trail Blazers,0021400656,2015-01-24,POR vs. WAS,W,240,103,35,87,0.402,13,31,0.419,20,20,1.0,8,36,44,22,8,1,12,14,7.0,2014-15
22014,1610612751,BKN,Brooklyn Nets,0021400655,2015-01-24,BKN @ UTA,L,240,73,29,75,0.387,5,15,0.333,10,16,0.625,8,21,29,17,10,9,17,17,-35.0,2014-15
22014,1610612749,MIL,Milwaukee Bucks,0021400653,2015-01-24,MIL vs. DET,W,240,101,41,81,0.506,11,17,0.647,8,10,0.8,9,36,45,33,6,6,20,21,15.0,2014-15
22014,1610612764,WAS,Washington Wizards,0021400656,2015-01-24,WAS @ POR,L,240,96,40,82,0.488,5,15,0.333,11,14,0.786,2,39,41,24,8,3,12,19,-7.0,2014-15
22014,1610612765,DET,Detroit Pistons,0021400653,2015-01-24,DET @ MIL,L,241,86,31,86,0.36,6,25,0.24,18,25,0.72,16,30,46,14,11,2,19,14,-15.0,2014-15
22014,1610612752,NYK,New York Knicks,0021400652,2015-01-24,NYK @ CHA,L,239,71,28,79,0.354,6,15,0.4,9,18,0.5,14,40,54,20,4,6,14,28,-5.0,2014-15
22014,1610612762,UTA,Utah Jazz,0021400655,2015-01-24,UTA vs. BKN,W,239,108,42,79,0.532,13,29,0.448,11,14,0.786,6,37,43,23,9,5,15,13,35.0,2014-15
22014,1610612766,CHA,Charlotte Hornets,0021400652,2015-01-24,CHA vs. NYK,W,241,76,25,76,0.329,2,7,0.286,24,37,0.649,10,31,41,9,7,13,9,19,5.0,2014-15
22014,1610612763,MEM,Memphis Grizzlies,0021400654,2015-01-24,MEM vs. PHI,W,241,101,37,79,0.468,6,14,0.429,21,25,0.84,9,38,47,24,10,7,18,20,18.0,2014-15
22014,1610612755,PHI,Philadelphia 76ers,0021400654,2015-01-24,PHI @ MEM,L,241,83,31,81,0.383,9,24,0.375,12,22,0.545,15,33,48,18,7,2,23,19,-18.0,2014-15
22014,1610612750,MIN,Minnesota Timberwolves,0021400647,2015-01-23,MIN vs. NOP,L,240,84,35,84,0.417,2,9,0.222,12,17,0.706,9,29,38,27,3,4,13,18,-8.0,2014-15
22014,1610612748,MIA,Miami Heat,0021400644,2015-01-23,MIA vs. IND,W,239,89,36,75,0.48,4,17,0.235,13,15,0.867,4,32,36,20,8,0,16,25,2.0,2014-15
22014,1610612741,CHI,Chicago Bulls,0021400646,2015-01-23,CHI @ DAL,W,240,102,38,78,0.487,9,16,0.563,17,20,0.85,15,32,47,22,8,5,21,18,4.0,2014-15
22014,1610612758,SAC,Sacramento Kings,0021400651,2015-01-23,SAC @ GSW,L,239,101,34,82,0.415,4,17,0.235,29,34,0.853,11,32,43,19,12,3,19,17,-25.0,2014-15
22014,1610612754,IND,Indiana Pacers,0021400644,2015-01-23,IND @ MIA,L,242,87,32,78,0.41,3,15,0.2,20,23,0.87,8,29,37,14,9,3,18,22,-2.0,2014-15
22014,1610612766,CHA,Charlotte Hornets,0021400643,2015-01-23,CHA @ CLE,L,240,90,36,89,0.404,2,16,0.125,16,24,0.667,12,30,42,27,6,5,11,22,-39.0,2014-15
22014,1610612743,DEN,Denver Nuggets,0021400649,2015-01-23,DEN vs. BOS,L,240,99,37,89,0.416,6,21,0.286,19,26,0.731,17,31,48,20,8,2,12,19,-1.0,2014-15
22014,1610612759,SAS,San Antonio Spurs,0021400648,2015-01-23,SAS vs. LAL,W,241,99,36,84,0.429,7,24,0.292,20,27,0.741,12,40,52,19,5,4,10,16,14.0,2014-15
22014,1610612752,NYK,New York Knicks,0021400645,2015-01-23,NYK vs. ORL,W,241,113,43,91,0.473,10,25,0.4,17,21,0.81,12,37,49,29,6,4,14,18,7.0,2014-15
22014,1610612738,BOS,Boston Celtics,0021400649,2015-01-23,BOS @ DEN,W,240,100,37,75,0.493,9,21,0.429,17,27,0.63,8,33,41,20,8,6,14,24,1.0,2014-15
22014,1610612742,DAL,Dallas Mavericks,0021400646,2015-01-23,DAL vs. CHI,L,240,98,37,82,0.451,6,18,0.333,18,18,1.0,9,21,30,16,12,8,12,16,-4.0,2014-15
22014,1610612753,ORL,Orlando Magic,0021400645,2015-01-23,ORL @ NYK,L,240,106,44,87,0.506,7,27,0.259,11,19,0.579,8,31,39,27,10,4,14,19,-7.0,2014-15
22014,1610612737,ATL,Atlanta Hawks,0021400642,2015-01-23,ATL vs. OKC,W,241,103,40,83,0.482,10,25,0.4,13,13,1.0,10,37,47,27,6,5,16,13,10.0,2014-15
22014,1610612747,LAL,Los Angeles Lakers,0021400648,2015-01-23,LAL @ SAS,L,241,85,33,83,0.398,5,13,0.385,14,20,0.7,8,32,40,18,4,4,8,21,-14.0,2014-15
22014,1610612739,CLE,Cleveland Cavaliers,0021400643,2015-01-23,CLE vs. CHA,W,242,129,46,89,0.517,15,28,0.536,22,28,0.786,11,45,56,29,7,5,11,19,39.0,2014-15
22014,1610612760,OKC,Oklahoma City Thunder,0021400642,2015-01-23,OKC @ ATL,L,242,93,36,87,0.414,10,26,0.385,11,18,0.611,9,27,36,23,11,7,11,16,-10.0,2014-15
22014,1610612755,PHI,Philadelphia 76ers,0021400641,2015-01-23,PHI vs. TOR,L,241,86,31,81,0.383,9,29,0.31,15,18,0.833,15,33,48,21,9,6,18,19,-5.0,2014-15
22014,1610612745,HOU,Houston Rockets,0021400650,2015-01-23,HOU @ PHX,W,240,113,44,84,0.524,10,27,0.37,15,20,0.75,6,35,41,24,7,6,14,21,2.0,2014-15
22014,1610612756,PHX,Phoenix Suns,0021400650,2015-01-23,PHX vs. HOU,L,240,111,42,91,0.462,10,30,0.333,17,24,0.708,13,31,44,21,4,6,12,23,-2.0,2014-15
22014,1610612761,TOR,Toronto Raptors,0021400641,2015-01-23,TOR @ PHI,W,241,91,33,80,0.413,6,24,0.25,19,24,0.792,13,29,42,19,11,5,14,17,5.0,2014-15
22014,1610612744,GSW,Golden State Warriors,0021400651,2015-01-23,GSW vs. SAC,W,241,126,45,94,0.479,17,40,0.425,19,22,0.864,12,34,46,32,13,8,17,22,25.0,2014-15
22014,1610612740,NOP,New Orleans Pelicans,0021400647,2015-01-23,NOP @ MIN,W,241,92,40,80,0.5,3,4,0.75,9,14,0.643,6,31,37,17,7,9,13,16,8.0,2014-15
22014,1610612751,BKN,Brooklyn Nets,0021400640,2015-01-22,BKN @ LAC,L,239,84,33,88,0.375,4,21,0.19,14,25,0.56,15,25,40,17,11,3,12,14,-39.0,2014-15
22014,1610612762,UTA,Utah Jazz,0021400638,2015-01-22,UTA @ MIL,W,240,101,32,71,0.451,14,31,0.452,23,28,0.821,12,31,43,25,9,3,22,15,2.0,2014-15
22014,1610612749,MIL,Milwaukee Bucks,0021400638,2015-01-22,MIL vs. UTA,L,240,99,42,92,0.457,5,13,0.385,10,12,0.833,15,25,40,26,11,5,12,25,-2.0,2014-15
22014,1610612738,BOS,Boston Celtics,0021400639,2015-01-22,BOS @ POR,W,240,90,39,87,0.448,7,19,0.368,5,7,0.714,10,37,47,23,8,5,16,19,1.0,2014-15
22014,1610612759,SAS,San Antonio Spurs,0021400637,2015-01-22,SAS @ CHI,L,240,81,30,81,0.37,6,21,0.286,15,18,0.833,9,30,39,17,4,5,12,24,-23.0,2014-15
22014,1610612757,POR,Portland Trail Blazers,0021400639,2015-01-22,POR vs. BOS,L,239,89,33,89,0.371,9,28,0.321,14,19,0.737,13,32,45,16,8,6,10,13,-1.0,2014-15
22014,1610612746,LAC,Los Angeles Clippers,0021400640,2015-01-22,LAC vs. BKN,W,241,123,49,83,0.59,11,25,0.44,14,21,0.667,9,39,48,41,8,9,14,17,39.0,2014-15
22014,1610612741,CHI,Chicago Bulls,0021400637,2015-01-22,CHI vs. SAS,W,240,104,36,76,0.474,6,19,0.316,26,32,0.813,8,38,46,19,7,8,10,16,23.0,2014-15
22014,1610612739,CLE,Cleveland Cavaliers,0021400626,2015-01-21,CLE vs. UTA,W,239,106,42,81,0.519,5,24,0.208,17,25,0.68,15,30,45,24,15,4,13,12,14.0,2014-15
22014,1610612762,UTA,Utah Jazz,0021400626,2015-01-21,UTA @ CLE,L,241,92,35,84,0.417,8,22,0.364,14,18,0.778,16,26,42,24,9,1,17,22,-14.0,2014-15
22014,1610612765,DET,Detroit Pistons,0021400629,2015-01-21,DET vs. ORL,W,239,128,49,94,0.521,10,24,0.417,20,24,0.833,11,34,45,35,10,5,15,17,10.0,2014-15
22014,1610612748,MIA,Miami Heat,0021400625,2015-01-21,MIA @ CHA,L,239,76,29,84,0.345,5,18,0.278,13,15,0.867,10,31,41,14,7,8,7,22,-2.0,2014-15
22014,1610612763,MEM,Memphis Grizzlies,0021400630,2015-01-21,MEM vs. TOR,W,240,92,34,74,0.459,1,7,0.143,23,29,0.793,9,36,45,15,6,8,13,24,6.0,2014-15
22014,1610612747,LAL,Los Angeles Lakers,0021400632,2015-01-21,LAL @ NOP,L,239,80,28,77,0.364,6,20,0.3,18,21,0.857,10,31,41,16,12,4,16,21,-16.0,2014-15
22014,1610612752,NYK,New York Knicks,0021400627,2015-01-21,NYK @ PHI,W,240,98,37,91,0.407,7,20,0.35,17,20,0.85,18,34,52,26,6,6,11,22,7.0,2014-15
22014,1610612737,ATL,Atlanta Hawks,0021400628,2015-01-21,ATL vs. IND,W,242,110,39,78,0.5,13,29,0.448,19,26,0.731,9,34,43,30,12,3,16,23,19.0,2014-15
22014,1610612756,PHX,Phoenix Suns,0021400634,2015-01-21,PHX vs. POR,W,240,118,47,92,0.511,9,27,0.333,15,24,0.625,11,39,50,24,11,1,13,21,5.0,2014-15
22014,1610612740,NOP,New Orleans Pelicans,0021400632,2015-01-21,NOP vs. LAL,W,240,96,38,83,0.458,3,16,0.188,17,21,0.81,10,35,45,21,8,5,15,12,16.0,2014-15
22014,1610612744,GSW,Golden State Warriors,0021400636,2015-01-21,GSW vs. HOU,W,240,126,49,98,0.5,13,29,0.448,15,18,0.833,16,30,46,26,13,9,16,23,13.0,2014-15
22014,1610612745,HOU,Houston Rockets,0021400636,2015-01-21,HOU @ GSW,L,241,113,37,87,0.425,13,32,0.406,26,31,0.839,17,29,46,23,9,3,19,22,-13.0,2014-15
22014,1610612750,MIN,Minnesota Timberwolves,0021400631,2015-01-21,MIN vs. DAL,L,238,75,31,89,0.348,2,15,0.133,11,15,0.733,16,27,43,22,6,1,10,11,-23.0,2014-15
22014,1610612751,BKN,Brooklyn Nets,0021400635,2015-01-21,BKN @ SAC,W,240,103,37,79,0.468,5,20,0.25,24,30,0.8,10,33,43,22,7,6,14,24,3.0,2014-15
22014,1610612760,OKC,Oklahoma City Thunder,0021400633,2015-01-21,OKC @ WAS,W,264,105,40,102,0.392,6,29,0.207,19,23,0.826,11,46,57,21,5,5,10,21,2.0,2014-15
22014,1610612764,WAS,Washington Wizards,0021400633,2015-01-21,WAS vs. OKC,L,265,103,38,100,0.38,7,30,0.233,20,26,0.769,13,45,58,23,8,3,9,20,-2.0,2014-15
22014,1610612758,SAC,Sacramento Kings,0021400635,2015-01-21,SAC vs. BKN,L,241,100,39,84,0.464,5,18,0.278,17,24,0.708,10,32,42,22,5,2,14,19,-3.0,2014-15
22014,1610612753,ORL,Orlando Magic,0021400629,2015-01-21,ORL @ DET,L,239,118,48,97,0.495,6,15,0.4,16,16,1.0,13,29,42,29,9,5,14,21,-10.0,2014-15
22014,1610612757,POR,Portland Trail Blazers,0021400634,2015-01-21,POR @ PHX,L,241,113,39,87,0.448,13,32,0.406,22,28,0.786,10,34,44,21,8,4,14,18,-5.0,2014-15
22014,1610612755,PHI,Philadelphia 76ers,0021400627,2015-01-21,PHI vs. NYK,L,241,91,29,79,0.367,8,23,0.348,25,32,0.781,15,28,43,20,7,13,14,19,-7.0,2014-15
22014,1610612761,TOR,Toronto Raptors,0021400630,2015-01-21,TOR @ MEM,L,241,86,27,85,0.318,5,28,0.179,27,32,0.844,21,29,50,14,6,6,14,25,-6.0,2014-15
22014,1610612754,IND,Indiana Pacers,0021400628,2015-01-21,IND @ ATL,L,241,91,31,78,0.397,5,25,0.2,24,26,0.923,10,32,42,22,7,2,18,21,-19.0,2014-15
22014,1610612766,CHA,Charlotte Hornets,0021400625,2015-01-21,CHA vs. MIA,W,240,78,27,80,0.338,4,19,0.211,20,30,0.667,20,36,56,19,3,8,14,16,2.0,2014-15
22014,1610612742,DAL,Dallas Mavericks,0021400631,2015-01-21,DAL @ MIN,W,241,98,39,76,0.513,11,27,0.407,9,14,0.643,6,36,42,26,6,3,10,13,23.0,2014-15
22014,1610612743,DEN,Denver Nuggets,0021400624,2015-01-20,DEN vs. SAS,L,241,99,37,79,0.468,5,14,0.357,20,29,0.69,12,30,42,26,7,0,16,23,-10.0,2014-15
22014,1610612748,MIA,Miami Heat,0021400623,2015-01-20,MIA vs. OKC,L,240,86,32,68,0.471,8,22,0.364,14,19,0.737,4,32,36,20,4,2,19,16,-8.0,2014-15
22014,1610612759,SAS,San Antonio Spurs,0021400624,2015-01-20,SAS @ DEN,W,241,109,38,84,0.452,11,27,0.407,22,27,0.815,14,30,44,27,10,6,16,27,10.0,2014-15
22014,1610612760,OKC,Oklahoma City Thunder,0021400623,2015-01-20,OKC @ MIA,W,239,94,41,92,0.446,6,26,0.231,6,10,0.6,12,30,42,15,11,3,11,23,8.0,2014-15
22014,1610612737,ATL,Atlanta Hawks,0021400613,2015-01-19,ATL vs. DET,W,240,93,37,84,0.44,9,30,0.3,10,14,0.714,5,37,42,31,8,1,10,19,11.0,2014-15
22014,1610612755,PHI,Philadelphia 76ers,0021400612,2015-01-19,PHI @ WAS,L,241,76,28,85,0.329,6,24,0.25,14,23,0.609,10,20,30,19,11,4,16,17,-35.0,2014-15
22014,1610612742,DAL,Dallas Mavericks,0021400616,2015-01-19,DAL @ MEM,W,241,103,34,76,0.447,10,25,0.4,25,33,0.758,12,30,42,17,6,3,13,22,8.0,2014-15
22014,1610612750,MIN,Minnesota Timberwolves,0021400611,2015-01-19,MIN @ CHA,L,241,80,29,80,0.363,6,19,0.316,16,20,0.8,10,32,42,16,7,6,16,20,-25.0,2014-15
22014,1610612758,SAC,Sacramento Kings,0021400621,2015-01-19,SAC @ POR,L,239,94,34,76,0.447,4,12,0.333,22,30,0.733,11,42,53,13,8,5,21,22,-4.0,2014-15
22014,1610612757,POR,Portland Trail Blazers,0021400621,2015-01-19,POR vs. SAC,W,240,98,35,88,0.398,11,36,0.306,17,26,0.654,9,26,35,21,16,3,13,21,4.0,2014-15
22014,1610612761,TOR,Toronto Raptors,0021400619,2015-01-19,TOR @ MIL,W,240,92,36,90,0.4,6,24,0.25,14,24,0.583,20,34,54,17,9,5,15,20,3.0,2014-15
22014,1610612763,MEM,Memphis Grizzlies,0021400616,2015-01-19,MEM vs. DAL,L,239,95,36,85,0.424,3,22,0.136,20,22,0.909,9,33,42,17,8,4,13,23,-8.0,2014-15
22014,1610612766,CHA,Charlotte Hornets,0021400611,2015-01-19,CHA vs. MIN,W,241,105,40,89,0.449,12,22,0.545,13,19,0.684,10,37,47,27,8,3,10,20,25.0,2014-15
22014,1610612745,HOU,Houston Rockets,0021400617,2015-01-19,HOU vs. IND,W,240,110,37,72,0.514,12,31,0.387,24,33,0.727,7,32,39,26,13,2,19,19,12.0,2014-15
22014,1610612740,NOP,New Orleans Pelicans,0021400618,2015-01-19,NOP @ NYK,L,240,92,35,84,0.417,8,27,0.296,14,20,0.7,20,30,50,13,1,1,9,17,-7.0,2014-15
22014,1610612754,IND,Indiana Pacers,0021400617,2015-01-19,IND @ HOU,L,240,98,39,85,0.459,6,27,0.222,14,18,0.778,11,32,43,21,12,0,19,21,-12.0,2014-15
22014,1610612743,DEN,Denver Nuggets,0021400615,2015-01-19,DEN @ GSW,L,242,79,30,87,0.345,7,24,0.292,12,19,0.632,8,31,39,17,9,3,16,19,-43.0,2014-15
22014,1610612738,BOS,Boston Celtics,0021400614,2015-01-19,BOS @ LAC,L,240,93,33,84,0.393,12,29,0.414,15,21,0.714,12,31,43,24,6,2,13,14,-9.0,2014-15
22014,1610612744,GSW,Golden State Warriors,0021400615,2015-01-19,GSW vs. DEN,W,239,122,44,81,0.543,13,27,0.481,21,27,0.778,7,46,53,30,10,6,13,14,43.0,2014-15
22014,1610612746,LAC,Los Angeles Clippers,0021400614,2015-01-19,LAC vs. BOS,W,239,102,39,82,0.476,9,21,0.429,15,19,0.789,10,34,44,27,6,10,11,14,9.0,2014-15
22014,1610612752,NYK,New York Knicks,0021400618,2015-01-19,NYK vs. NOP,W,241,99,38,78,0.487,10,23,0.435,13,17,0.765,9,25,34,22,2,8,4,14,7.0,2014-15
22014,1610612765,DET,Detroit Pistons,0021400613,2015-01-19,DET @ ATL,L,240,82,29,82,0.354,9,35,0.257,15,26,0.577,20,41,61,17,6,2,18,17,-11.0,2014-15
22014,1610612739,CLE,Cleveland Cavaliers,0021400620,2015-01-19,CLE vs. CHI,W,240,108,41,90,0.456,8,18,0.444,18,25,0.72,20,34,54,20,5,4,12,19,14.0,2014-15
22014,1610612756,PHX,Phoenix Suns,0021400622,2015-01-19,PHX vs. LAL,W,240,115,43,86,0.5,13,32,0.406,16,22,0.727,10,31,41,23,16,7,15,22,15.0,2014-15
22014,1610612764,WAS,Washington Wizards,0021400612,2015-01-19,WAS vs. PHI,W,239,111,45,81,0.556,7,13,0.538,14,18,0.778,13,40,53,26,8,5,22,22,35.0,2014-15
22014,1610612749,MIL,Milwaukee Bucks,0021400619,2015-01-19,MIL vs. TOR,L,241,89,34,76,0.447,5,18,0.278,16,25,0.64,11,32,43,22,12,5,16,22,-3.0,2014-15
22014,1610612741,CHI,Chicago Bulls,0021400620,2015-01-19,CHI @ CLE,L,242,94,30,80,0.375,8,16,0.5,26,32,0.813,11,29,40,12,5,9,8,16,-14.0,2014-15
22014,1610612747,LAL,Los Angeles Lakers,0021400622,2015-01-19,LAL @ PHX,L,240,100,34,75,0.453,8,17,0.471,24,35,0.686,13,33,46,24,9,3,23,20,-15.0,2014-15
22014,1610612761,TOR,Toronto Raptors,0021400608,2015-01-18,TOR vs. NOP,L,241,93,31,72,0.431,7,25,0.28,24,29,0.828,7,30,37,18,9,5,15,18,-2.0,2014-15
22014,1610612759,SAS,San Antonio Spurs,0021400610,2015-01-18,SAS vs. UTA,W,242,89,31,80,0.388,8,17,0.471,19,23,0.826,11,38,49,23,8,6,10,14,20.0,2014-15
22014,1610612762,UTA,Utah Jazz,0021400610,2015-01-18,UTA @ SAS,L,241,69,28,84,0.333,3,10,0.3,10,16,0.625,12,36,48,23,7,13,12,17,-20.0,2014-15
22014,1610612753,ORL,Orlando Magic,0021400609,2015-01-18,ORL vs. OKC,L,241,99,35,88,0.398,8,23,0.348,21,27,0.778,10,23,33,18,9,2,18,29,-28.0,2014-15
22014,1610612740,NOP,New Orleans Pelicans,0021400608,2015-01-18,NOP @ TOR,W,239,95,39,82,0.476,5,17,0.294,12,20,0.6,11,30,41,19,8,2,17,20,2.0,2014-15
22014,1610612760,OKC,Oklahoma City Thunder,0021400609,2015-01-18,OKC @ ORL,W,241,127,48,83,0.578,9,25,0.36,22,32,0.688,10,44,54,28,12,5,20,24,28.0,2014-15
22014,1610612758,SAC,Sacramento Kings,0021400607,2015-01-17,SAC vs. LAC,L,240,108,41,89,0.461,5,18,0.278,21,26,0.808,22,32,54,18,3,2,17,25,-9.0,2014-15
22014,1610612741,CHI,Chicago Bulls,0021400602,2015-01-17,CHI vs. ATL,L,239,99,37,80,0.463,9,26,0.346,16,20,0.8,7,36,43,25,5,5,13,21,-8.0,2014-15
22014,1610612751,BKN,Brooklyn Nets,0021400605,2015-01-17,BKN vs. WAS,L,240,90,36,82,0.439,4,17,0.235,14,18,0.778,11,29,40,17,6,0,10,20,-9.0,2014-15
22014,1610612764,WAS,Washington Wizards,0021400605,2015-01-17,WAS @ BKN,W,240,99,40,77,0.519,5,16,0.313,14,27,0.519,13,36,49,23,7,5,13,15,9.0,2014-15
22014,1610612757,POR,Portland Trail Blazers,0021400604,2015-01-17,POR @ MEM,L,240,98,36,93,0.387,13,36,0.361,13,15,0.867,15,25,40,20,7,5,7,22,-4.0,2014-15
22014,1610612763,MEM,Memphis Grizzlies,0021400604,2015-01-17,MEM vs. POR,W,239,102,39,77,0.506,8,15,0.533,16,24,0.667,11,39,50,21,4,4,14,18,4.0,2014-15
22014,1610612750,MIN,Minnesota Timberwolves,0021400606,2015-01-17,MIN @ DEN,W,240,113,43,80,0.538,8,19,0.421,19,21,0.905,8,35,43,24,6,5,15,18,8.0,2014-15
22014,1610612745,HOU,Houston Rockets,0021400603,2015-01-17,HOU vs. GSW,L,239,106,37,88,0.42,7,23,0.304,25,34,0.735,10,29,39,22,10,2,17,24,-25.0,2014-15
22014,1610612754,IND,Indiana Pacers,0021400600,2015-01-17,IND @ CHA,L,267,71,30,84,0.357,2,21,0.095,9,13,0.692,7,49,56,18,5,10,19,23,-9.0,2014-15
22014,1610612765,DET,Detroit Pistons,0021400601,2015-01-17,DET vs. PHI,W,240,107,38,88,0.432,15,35,0.429,16,19,0.842,18,29,47,27,16,5,16,16,18.0,2014-15
22014,1610612755,PHI,Philadelphia 76ers,0021400601,2015-01-17,PHI @ DET,L,241,89,38,82,0.463,7,28,0.25,6,7,0.857,10,32,42,24,10,5,22,16,-18.0,2014-15
22014,1610612744,GSW,Golden State Warriors,0021400603,2015-01-17,GSW @ HOU,W,241,131,50,91,0.549,9,22,0.409,22,33,0.667,12,37,49,32,11,11,14,21,25.0,2014-15
22014,1610612737,ATL,Atlanta Hawks,0021400602,2015-01-17,ATL @ CHI,W,240,107,40,84,0.476,11,26,0.423,16,21,0.762,9,31,40,31,10,7,9,19,8.0,2014-15
22014,1610612746,LAC,Los Angeles Clippers,0021400607,2015-01-17,LAC @ SAC,W,241,117,44,92,0.478,9,28,0.321,20,31,0.645,11,23,34,24,7,6,5,22,9.0,2014-15
22014,1610612766,CHA,Charlotte Hornets,0021400600,2015-01-17,CHA vs. IND,W,265,80,31,101,0.307,2,15,0.133,16,25,0.64,14,44,58,16,7,5,7,16,9.0,2014-15
22014,1610612743,DEN,Denver Nuggets,0021400606,2015-01-17,DEN vs. MIN,L,242,105,38,92,0.413,10,31,0.323,19,22,0.864,13,26,39,21,10,4,10,20,-8.0,2014-15
22014,1610612751,BKN,Brooklyn Nets,0021400590,2015-01-16,BKN @ WAS,W,239,102,37,81,0.457,4,12,0.333,24,31,0.774,8,31,39,18,12,4,10,19,22.0,2014-15
22014,1610612750,MIN,Minnesota Timberwolves,0021400596,2015-01-16,MIN @ PHX,L,240,99,42,91,0.462,8,22,0.364,7,12,0.583,13,23,36,26,6,3,10,14,-11.0,2014-15
22014,1610612738,BOS,Boston Celtics,0021400591,2015-01-16,BOS vs. CHI,L,240,103,42,85,0.494,5,16,0.313,14,16,0.875,11,34,45,29,5,4,13,16,-16.0,2014-15
22014,1610612741,CHI,Chicago Bulls,0021400591,2015-01-16,CHI @ BOS,W,240,119,48,89,0.539,13,25,0.52,10,12,0.833,8,28,36,28,12,6,7,14,16.0,2014-15
22014,1610612764,WAS,Washington Wizards,0021400590,2015-01-16,WAS vs. BKN,L,239,80,31,73,0.425,4,17,0.235,14,16,0.875,8,29,37,23,6,5,19,26,-22.0,2014-15
22014,1610612756,PHX,Phoenix Suns,0021400596,2015-01-16,PHX vs. MIN,W,241,110,48,87,0.552,5,15,0.333,9,11,0.818,15,31,46,18,5,5,16,16,11.0,2014-15
22014,1610612743,DEN,Denver Nuggets,0021400594,2015-01-16,DEN @ DAL,L,239,89,34,83,0.41,9,25,0.36,12,25,0.48,13,39,52,23,6,3,15,27,-8.0,2014-15
22014,1610612746,LAC,Los Angeles Clippers,0021400599,2015-01-16,LAC vs. CLE,L,240,121,43,91,0.473,10,29,0.345,25,36,0.694,17,26,43,26,9,1,13,21,-5.0,2014-15
22014,1610612765,DET,Detroit Pistons,0021400587,2015-01-16,DET @ IND,W,240,98,32,85,0.376,13,31,0.419,21,24,0.875,15,34,49,17,6,5,15,17,2.0,2014-15
22014,1610612754,IND,Indiana Pacers,0021400587,2015-01-16,IND vs. DET,L,240,96,40,89,0.449,6,18,0.333,10,12,0.833,12,32,44,22,8,4,12,20,-2.0,2014-15
22014,1610612759,SAS,San Antonio Spurs,0021400595,2015-01-16,SAS vs. POR,W,241,110,42,94,0.447,11,29,0.379,15,17,0.882,15,34,49,34,12,4,12,18,14.0,2014-15
22014,1610612747,LAL,Los Angeles Lakers,0021400597,2015-01-16,LAL @ UTA,L,239,85,31,65,0.477,3,7,0.429,20,27,0.741,8,34,42,7,6,5,19,9,-9.0,2014-15
22014,1610612762,UTA,Utah Jazz,0021400597,2015-01-16,UTA vs. LAL,W,242,94,36,85,0.424,12,31,0.387,10,10,1.0,12,26,38,24,11,7,12,21,9.0,2014-15
22014,1610612760,OKC,Oklahoma City Thunder,0021400593,2015-01-16,OKC vs. GSW,W,240,127,51,97,0.526,10,22,0.455,15,19,0.789,16,38,54,27,8,2,14,21,12.0,2014-15
22014,1610612758,SAC,Sacramento Kings,0021400598,2015-01-16,SAC vs. MIA,L,240,83,32,75,0.427,7,16,0.438,12,14,0.857,6,29,35,20,3,1,15,20,-12.0,2014-15
22014,1610612753,ORL,Orlando Magic,0021400588,2015-01-16,ORL vs. MEM,L,240,96,36,79,0.456,9,24,0.375,15,20,0.75,5,34,39,22,5,4,15,22,-10.0,2014-15
22014,1610612757,POR,Portland Trail Blazers,0021400595,2015-01-16,POR @ SAS,L,238,96,37,74,0.5,6,19,0.316,16,20,0.8,2,30,32,20,6,6,16,15,-14.0,2014-15
22014,1610612763,MEM,Memphis Grizzlies,0021400588,2015-01-16,MEM @ ORL,W,239,106,40,87,0.46,3,14,0.214,23,29,0.793,9,38,47,27,8,5,11,19,10.0,2014-15
22014,1610612761,TOR,Toronto Raptors,0021400592,2015-01-16,TOR vs. ATL,L,241,89,35,82,0.427,6,25,0.24,13,17,0.765,12,23,35,20,7,3,17,16,-21.0,2014-15
22014,1610612740,NOP,New Orleans Pelicans,0021400589,2015-01-16,NOP @ PHI,L,239,81,29,75,0.387,4,17,0.235,19,29,0.655,15,40,55,17,5,6,18,19,-15.0,2014-15
22014,1610612737,ATL,Atlanta Hawks,0021400592,2015-01-16,ATL @ TOR,W,239,110,42,69,0.609,12,23,0.522,14,16,0.875,4,28,32,30,7,6,17,17,21.0,2014-15
22014,1610612742,DAL,Dallas Mavericks,0021400594,2015-01-16,DAL vs. DEN,W,241,97,33,79,0.418,8,25,0.32,23,29,0.793,10,42,52,22,7,2,14,23,8.0,2014-15
22014,1610612755,PHI,Philadelphia 76ers,0021400589,2015-01-16,PHI vs. NOP,W,240,96,36,80,0.45,7,22,0.318,17,27,0.63,9,30,39,22,12,10,8,20,15.0,2014-15
22014,1610612744,GSW,Golden State Warriors,0021400593,2015-01-16,GSW @ OKC,L,239,115,42,92,0.457,9,24,0.375,22,28,0.786,13,30,43,24,10,2,14,14,-12.0,2014-15
22014,1610612739,CLE,Cleveland Cavaliers,0021400599,2015-01-16,CLE @ LAC,W,240,126,46,83,0.554,10,23,0.435,24,31,0.774,12,32,44,23,9,3,19,30,5.0,2014-15
22014,1610612748,MIA,Miami Heat,0021400598,2015-01-16,MIA @ SAC,W,240,95,35,74,0.473,8,17,0.471,17,21,0.81,6,32,38,26,9,6,9,15,12.0,2014-15
22014,1610612752,NYK,New York Knicks,0021400585,2015-01-15,NYK @ MIL,L,240,79,28,68,0.412,8,22,0.364,15,20,0.75,5,31,36,22,5,6,21,32,-16.0,2014-15
22014,1610612745,HOU,Houston Rockets,0021400584,2015-01-15,HOU vs. OKC,W,241,112,41,86,0.477,16,36,0.444,14,19,0.737,11,30,41,25,12,3,12,19,11.0,2014-15
22014,1610612760,OKC,Oklahoma City Thunder,0021400584,2015-01-15,OKC @ HOU,L,240,101,35,81,0.432,11,29,0.379,20,28,0.714,10,33,43,25,8,9,17,19,-11.0,2014-15
22014,1610612739,CLE,Cleveland Cavaliers,0021400586,2015-01-15,CLE @ LAL,W,240,109,37,78,0.474,9,30,0.3,26,36,0.722,12,26,38,14,8,3,9,15,7.0,2014-15
22014,1610612747,LAL,Los Angeles Lakers,0021400586,2015-01-15,LAL vs. CLE,L,239,102,39,76,0.513,8,24,0.333,16,23,0.696,8,27,35,26,4,1,11,26,-7.0,2014-15
22014,1610612749,MIL,Milwaukee Bucks,0021400585,2015-01-15,MIL vs. NYK,W,240,95,28,72,0.389,8,18,0.444,31,42,0.738,14,30,44,21,13,2,15,17,16.0,2014-15
22014,1610612741,CHI,Chicago Bulls,0021400579,2015-01-14,CHI vs. WAS,L,241,99,34,79,0.43,13,27,0.481,18,24,0.75,8,25,33,18,10,5,12,21,-6.0,2014-15
22014,1610612755,PHI,Philadelphia 76ers,0021400578,2015-01-14,PHI @ TOR,L,240,84,31,80,0.388,3,19,0.158,19,31,0.613,11,34,45,13,10,8,12,22,-16.0,2014-15
22014,1610612746,LAC,Los Angeles Clippers,0021400583,2015-01-14,LAC @ POR,W,242,100,37,88,0.42,8,23,0.348,18,19,0.947,7,37,44,20,9,2,7,22,6.0,2014-15
22014,1610612737,ATL,Atlanta Hawks,0021400580,2015-01-14,ATL @ BOS,W,239,105,36,73,0.493,10,29,0.345,23,27,0.852,6,29,35,23,13,7,12,12,14.0,2014-15
22014,1610612765,DET,Detroit Pistons,0021400577,2015-01-14,DET vs. NOP,L,240,94,34,73,0.466,8,22,0.364,18,23,0.783,3,27,30,23,8,10,7,16,-11.0,2014-15
22014,1610612757,POR,Portland Trail Blazers,0021400583,2015-01-14,POR vs. LAC,L,241,94,35,87,0.402,6,26,0.231,18,20,0.9,11,37,48,22,5,1,12,18,-6.0,2014-15
22014,1610612738,BOS,Boston Celtics,0021400580,2015-01-14,BOS vs. ATL,L,240,91,34,83,0.41,11,33,0.333,12,14,0.857,13,27,40,22,5,2,16,23,-14.0,2014-15
22014,1610612742,DAL,Dallas Mavericks,0021400581,2015-01-14,DAL @ DEN,L,241,107,41,100,0.41,9,37,0.243,16,20,0.8,10,29,39,24,8,5,8,25,-7.0,2014-15
22014,1610612764,WAS,Washington Wizards,0021400579,2015-01-14,WAS @ CHI,W,240,105,40,78,0.513,5,15,0.333,20,25,0.8,10,33,43,29,4,4,15,24,6.0,2014-15
22014,1610612751,BKN,Brooklyn Nets,0021400576,2015-01-14,BKN vs. MEM,L,240,92,36,75,0.48,10,26,0.385,10,12,0.833,6,30,36,19,5,1,18,25,-11.0,2014-15
22014,1610612748,MIA,Miami Heat,0021400582,2015-01-14,MIA @ GSW,L,241,89,30,71,0.423,6,18,0.333,23,27,0.852,11,30,41,19,5,4,17,19,-15.0,2014-15
22014,1610612763,MEM,Memphis Grizzlies,0021400576,2015-01-14,MEM @ BKN,W,238,103,39,83,0.47,3,17,0.176,22,29,0.759,14,27,41,18,13,3,9,19,11.0,2014-15
22014,1610612740,NOP,New Orleans Pelicans,0021400577,2015-01-14,NOP @ DET,W,240,105,39,80,0.488,8,21,0.381,19,23,0.826,11,36,47,23,4,7,12,18,11.0,2014-15
22014,1610612761,TOR,Toronto Raptors,0021400578,2015-01-14,TOR vs. PHI,W,241,100,38,82,0.463,10,29,0.345,14,22,0.636,10,39,49,26,7,2,17,24,16.0,2014-15
22014,1610612759,SAS,San Antonio Spurs,0021400574,2015-01-14,SAS @ CHA,W,239,98,37,85,0.435,8,21,0.381,16,20,0.8,6,36,42,27,7,11,12,27,5.0,2014-15
22014,1610612745,HOU,Houston Rockets,0021400575,2015-01-14,HOU @ ORL,L,240,113,42,83,0.506,9,26,0.346,20,23,0.87,10,28,38,26,11,6,20,19,-7.0,2014-15
22014,1610612766,CHA,Charlotte Hornets,0021400574,2015-01-14,CHA vs. SAS,L,240,93,33,86,0.384,4,13,0.308,23,35,0.657,15,33,48,15,4,10,10,18,-5.0,2014-15
22014,1610612743,DEN,Denver Nuggets,0021400581,2015-01-14,DEN vs. DAL,W,241,114,41,82,0.5,4,19,0.211,28,35,0.8,11,40,51,25,6,7,16,25,7.0,2014-15
22014,1610612753,ORL,Orlando Magic,0021400575,2015-01-14,ORL vs. HOU,W,240,120,44,90,0.489,9,26,0.346,23,26,0.885,10,29,39,22,14,1,15,19,7.0,2014-15
22014,1610612744,GSW,Golden State Warriors,0021400582,2015-01-14,GSW vs. MIA,W,240,104,38,81,0.469,13,29,0.448,15,19,0.789,10,26,36,29,5,5,13,21,15.0,2014-15
22014,1610612764,WAS,Washington Wizards,0021400569,2015-01-13,WAS vs. SAS,W,241,101,37,75,0.493,6,12,0.5,21,24,0.875,8,40,48,20,4,7,15,14,8.0,2014-15
22014,1610612755,PHI,Philadelphia 76ers,0021400568,2015-01-13,PHI vs. ATL,L,240,87,31,76,0.408,9,25,0.36,16,25,0.64,12,23,35,20,8,6,18,22,-18.0,2014-15
22014,1610612748,MIA,Miami Heat,0021400573,2015-01-13,MIA @ LAL,W,240,78,33,78,0.423,2,16,0.125,10,15,0.667,9,43,52,23,7,11,18,16,3.0,2014-15
22014,1610612759,SAS,San Antonio Spurs,0021400569,2015-01-13,SAS @ WAS,L,242,93,38,96,0.396,9,29,0.31,8,12,0.667,8,26,34,26,3,4,7,17,-8.0,2014-15
22014,1610612737,ATL,Atlanta Hawks,0021400568,2015-01-13,ATL @ PHI,W,242,105,42,87,0.483,12,23,0.522,9,16,0.563,15,32,47,34,6,3,16,17,18.0,2014-15
22014,1610612742,DAL,Dallas Mavericks,0021400572,2015-01-13,DAL @ SAC,W,265,108,43,100,0.43,6,24,0.25,16,23,0.696,12,32,44,23,12,4,10,25,4.0,2014-15
22014,1610612762,UTA,Utah Jazz,0021400571,2015-01-13,UTA vs. GSW,L,240,105,39,81,0.481,7,21,0.333,20,24,0.833,11,33,44,14,7,7,15,18,-11.0,2014-15
22014,1610612750,MIN,Minnesota Timberwolves,0021400567,2015-01-13,MIN @ IND,W,242,110,41,87,0.471,10,20,0.5,18,19,0.947,7,27,34,22,11,3,15,23,9.0,2014-15
22014,1610612754,IND,Indiana Pacers,0021400567,2015-01-13,IND vs. MIN,L,241,101,39,80,0.488,5,18,0.278,18,30,0.6,10,31,41,22,9,5,17,19,-9.0,2014-15
22014,1610612747,LAL,Los Angeles Lakers,0021400573,2015-01-13,LAL vs. MIA,L,239,75,29,92,0.315,4,23,0.174,13,18,0.722,13,33,46,20,10,3,12,14,-3.0,2014-15
22014,1610612739,CLE,Cleveland Cavaliers,0021400570,2015-01-13,CLE @ PHX,L,242,100,36,82,0.439,13,35,0.371,15,20,0.75,16,26,42,16,7,1,19,21,-7.0,2014-15
22014,1610612758,SAC,Sacramento Kings,0021400572,2015-01-13,SAC vs. DAL,L,265,104,38,86,0.442,1,18,0.056,27,34,0.794,12,47,59,22,7,2,20,26,-4.0,2014-15
22014,1610612744,GSW,Golden State Warriors,0021400571,2015-01-13,GSW @ UTA,W,240,116,46,91,0.505,13,25,0.52,11,13,0.846,6,25,31,32,10,5,9,16,11.0,2014-15
22014,1610612756,PHX,Phoenix Suns,0021400570,2015-01-13,PHX vs. CLE,W,239,107,40,76,0.526,7,20,0.35,20,27,0.741,9,25,34,23,10,2,11,20,7.0,2014-15
22014,1610612738,BOS,Boston Celtics,0021400563,2015-01-12,BOS vs. NOP,W,241,108,37,88,0.42,8,24,0.333,26,31,0.839,17,27,44,24,8,5,11,23,8.0,2014-15
22014,1610612745,HOU,Houston Rockets,0021400564,2015-01-12,HOU @ BKN,W,241,113,41,86,0.477,16,40,0.4,15,20,0.75,12,30,42,22,9,2,14,18,14.0,2014-15
22014,1610612741,CHI,Chicago Bulls,0021400566,2015-01-12,CHI vs. ORL,L,240,114,41,84,0.488,8,27,0.296,24,33,0.727,11,32,43,25,6,5,14,20,-7.0,2014-15
22014,1610612751,BKN,Brooklyn Nets,0021400564,2015-01-12,BKN vs. HOU,L,239,99,39,84,0.464,5,21,0.238,16,18,0.889,11,30,41,18,7,4,16,18,-14.0,2014-15
22014,1610612740,NOP,New Orleans Pelicans,0021400563,2015-01-12,NOP @ BOS,L,239,100,31,75,0.413,6,15,0.4,32,37,0.865,16,29,45,20,7,6,18,23,-8.0,2014-15
22014,1610612753,ORL,Orlando Magic,0021400566,2015-01-12,ORL @ CHI,W,239,121,48,81,0.593,7,18,0.389,18,29,0.621,2,32,34,28,10,3,10,25,7.0,2014-15
22014,1610612765,DET,Detroit Pistons,0021400565,2015-01-12,DET @ TOR,W,240,114,41,96,0.427,7,21,0.333,25,31,0.806,17,29,46,24,10,4,8,15,3.0,2014-15
22014,1610612761,TOR,Toronto Raptors,0021400565,2015-01-12,TOR vs. DET,L,240,111,47,87,0.54,7,27,0.259,10,14,0.714,10,32,42,29,4,7,18,20,-3.0,2014-15
22014,1610612748,MIA,Miami Heat,0021400559,2015-01-11,MIA @ LAC,W,240,104,39,81,0.481,6,21,0.286,20,24,0.833,15,31,46,28,8,5,12,20,14.0,2014-15
22014,1610612763,MEM,Memphis Grizzlies,0021400560,2015-01-11,MEM vs. PHX,W,289,122,48,100,0.48,9,21,0.429,17,24,0.708,11,43,54,24,7,8,24,25,12.0,2014-15
22014,1610612746,LAC,Los Angeles Clippers,0021400559,2015-01-11,LAC vs. MIA,L,240,90,34,75,0.453,9,26,0.346,13,18,0.722,6,21,27,17,4,2,13,24,-14.0,2014-15
22014,1610612747,LAL,Los Angeles Lakers,0021400562,2015-01-11,LAL vs. POR,L,241,94,36,81,0.444,7,22,0.318,15,19,0.789,7,38,45,29,2,4,13,22,-12.0,2014-15
22014,1610612757,POR,Portland Trail Blazers,0021400562,2015-01-11,POR @ LAL,W,241,106,41,86,0.477,13,31,0.419,11,17,0.647,6,37,43,28,5,0,11,18,12.0,2014-15
22014,1610612737,ATL,Atlanta Hawks,0021400558,2015-01-11,ATL vs. WAS,W,241,120,42,89,0.472,16,31,0.516,20,24,0.833,13,29,42,34,14,3,8,15,31.0,2014-15
22014,1610612764,WAS,Washington Wizards,0021400558,2015-01-11,WAS @ ATL,L,239,89,36,76,0.474,5,20,0.25,12,15,0.8,8,31,39,25,5,7,19,16,-31.0,2014-15
22014,1610612739,CLE,Cleveland Cavaliers,0021400561,2015-01-11,CLE @ SAC,L,242,84,33,78,0.423,11,32,0.344,7,12,0.583,6,35,41,18,2,6,14,18,-19.0,2014-15
22014,1610612758,SAC,Sacramento Kings,0021400561,2015-01-11,SAC vs. CLE,W,241,103,42,86,0.488,6,17,0.353,13,17,0.765,7,38,45,20,8,4,4,11,19.0,2014-15
22014,1610612756,PHX,Phoenix Suns,0021400560,2015-01-11,PHX @ MEM,L,291,110,42,100,0.42,8,35,0.229,18,23,0.783,9,37,46,20,14,7,20,27,-12.0,2014-15
22014,1610612755,PHI,Philadelphia 76ers,0021400552,2015-01-10,PHI vs. IND,W,241,93,32,80,0.4,11,24,0.458,18,25,0.72,12,32,44,21,4,12,16,31,1.0,2014-15
22014,1610612759,SAS,San Antonio Spurs,0021400556,2015-01-10,SAS @ MIN,W,240,108,41,84,0.488,9,24,0.375,17,20,0.85,9,36,45,21,9,2,11,19,15.0,2014-15
22014,1610612762,UTA,Utah Jazz,0021400555,2015-01-10,UTA @ HOU,L,241,82,29,70,0.414,5,17,0.294,19,21,0.905,9,32,41,20,15,6,27,17,-15.0,2014-15
22014,1610612766,CHA,Charlotte Hornets,0021400549,2015-01-10,CHA @ NYK,W,240,110,39,78,0.5,7,16,0.438,25,33,0.758,11,40,51,18,8,5,15,14,30.0,2014-15
22014,1610612749,MIL,Milwaukee Bucks,0021400554,2015-01-10,MIL @ CHI,L,240,87,36,81,0.444,3,11,0.273,12,16,0.75,12,25,37,19,9,10,11,24,-8.0,2014-15
22014,1610612738,BOS,Boston Celtics,0021400553,2015-01-10,BOS @ TOR,L,240,96,39,83,0.47,6,18,0.333,12,20,0.6,9,34,43,23,7,3,18,21,-13.0,2014-15
22014,1610612746,LAC,Los Angeles Clippers,0021400550,2015-01-10,LAC vs. DAL,W,240,120,46,88,0.523,13,31,0.419,15,21,0.714,9,38,47,31,8,5,10,17,20.0,2014-15
22014,1610612752,NYK,New York Knicks,0021400549,2015-01-10,NYK vs. CHA,L,239,82,33,85,0.388,8,29,0.276,8,9,0.889,4,25,29,17,9,4,12,24,-30.0,2014-15
22014,1610612761,TOR,Toronto Raptors,0021400553,2015-01-10,TOR vs. BOS,W,240,109,41,91,0.451,13,30,0.433,14,19,0.737,15,33,48,23,8,10,13,20,13.0,2014-15
22014,1610612742,DAL,Dallas Mavericks,0021400550,2015-01-10,DAL @ LAC,L,241,100,38,86,0.442,12,30,0.4,12,17,0.706,8,32,40,29,4,2,11,18,-20.0,2014-15
22014,1610612750,MIN,Minnesota Timberwolves,0021400556,2015-01-10,MIN vs. SAS,L,240,93,32,81,0.395,3,15,0.2,26,26,1.0,7,35,42,17,7,4,13,18,-15.0,2014-15
22014,1610612751,BKN,Brooklyn Nets,0021400551,2015-01-10,BKN @ DET,L,240,93,37,88,0.42,9,31,0.29,10,10,1.0,9,37,46,25,6,2,13,23,-5.0,2014-15
22014,1610612765,DET,Detroit Pistons,0021400551,2015-01-10,DET vs. BKN,W,239,98,34,80,0.425,11,33,0.333,19,26,0.731,9,35,44,27,8,3,10,10,5.0,2014-15
22014,1610612753,ORL,Orlando Magic,0021400557,2015-01-10,ORL @ POR,L,240,92,37,92,0.402,3,21,0.143,15,20,0.75,17,32,49,22,10,0,16,22,-11.0,2014-15
22014,1610612741,CHI,Chicago Bulls,0021400554,2015-01-10,CHI vs. MIL,W,241,95,35,88,0.398,4,17,0.235,21,24,0.875,22,29,51,24,5,5,12,18,8.0,2014-15
22014,1610612754,IND,Indiana Pacers,0021400552,2015-01-10,IND @ PHI,L,240,92,29,87,0.333,4,18,0.222,30,42,0.714,19,35,54,16,9,5,13,27,-1.0,2014-15
22014,1610612757,POR,Portland Trail Blazers,0021400557,2015-01-10,POR vs. ORL,W,240,103,36,76,0.474,10,26,0.385,21,26,0.808,6,37,43,22,6,8,20,17,11.0,2014-15
22014,1610612745,HOU,Houston Rockets,0021400555,2015-01-10,HOU vs. UTA,W,240,97,33,77,0.429,13,34,0.382,18,21,0.857,8,25,33,24,16,3,20,20,15.0,2014-15
22014,1610612751,BKN,Brooklyn Nets,0021400539,2015-01-09,BKN vs. PHI,L,239,88,33,73,0.452,3,16,0.188,19,27,0.704,9,33,42,21,8,3,17,19,-2.0,2014-15
22014,1610612744,GSW,Golden State Warriors,0021400547,2015-01-09,GSW vs. CLE,W,240,112,43,86,0.5,10,30,0.333,16,17,0.941,9,35,44,35,9,8,13,20,18.0,2014-15
22014,1610612756,PHX,Phoenix Suns,0021400545,2015-01-09,PHX @ SAS,L,241,95,37,83,0.446,7,26,0.269,14,21,0.667,9,39,48,23,10,6,19,20,-5.0,2014-15
22014,1610612739,CLE,Cleveland Cavaliers,0021400547,2015-01-09,CLE @ GSW,L,240,94,35,86,0.407,7,23,0.304,17,23,0.739,14,31,45,13,8,1,14,14,-18.0,2014-15
22014,1610612759,SAS,San Antonio Spurs,0021400545,2015-01-09,SAS vs. PHX,W,239,100,38,89,0.427,11,23,0.478,13,18,0.722,7,33,40,28,12,2,15,20,5.0,2014-15
22014,1610612749,MIL,Milwaukee Bucks,0021400544,2015-01-09,MIL vs. MIN,W,241,98,39,75,0.52,12,19,0.632,8,10,0.8,9,30,39,30,13,4,22,21,14.0,2014-15
22014,1610612762,UTA,Utah Jazz,0021400542,2015-01-09,UTA @ OKC,L,241,94,36,74,0.486,7,21,0.333,15,22,0.682,9,35,44,22,12,11,20,14,-5.0,2014-15
22014,1610612747,LAL,Los Angeles Lakers,0021400548,2015-01-09,LAL vs. ORL,W,240,101,36,90,0.4,7,21,0.333,22,31,0.71,18,42,60,16,8,7,12,21,17.0,2014-15
22014,1610612753,ORL,Orlando Magic,0021400548,2015-01-09,ORL @ LAL,L,239,84,30,76,0.395,6,14,0.429,18,23,0.783,4,32,36,19,8,7,15,27,-17.0,2014-15
22014,1610612755,PHI,Philadelphia 76ers,0021400539,2015-01-09,PHI @ BKN,W,240,90,36,79,0.456,8,17,0.471,10,17,0.588,11,27,38,22,15,4,14,22,2.0,2014-15
22014,1610612754,IND,Indiana Pacers,0021400538,2015-01-09,IND vs. BOS,W,266,107,34,92,0.37,9,23,0.391,30,34,0.882,16,40,56,21,5,9,16,18,4.0,2014-15
22014,1610612758,SAC,Sacramento Kings,0021400546,2015-01-09,SAC vs. DEN,L,242,108,42,86,0.488,6,19,0.316,18,24,0.75,12,26,38,19,5,6,14,17,-10.0,2014-15
22014,1610612760,OKC,Oklahoma City Thunder,0021400542,2015-01-09,OKC vs. UTA,W,239,99,42,91,0.462,7,21,0.333,8,9,0.889,9,29,38,25,12,5,14,18,5.0,2014-15
22014,1610612743,DEN,Denver Nuggets,0021400546,2015-01-09,DEN @ SAC,W,240,118,47,85,0.553,5,17,0.294,19,28,0.679,10,29,39,27,10,6,11,25,10.0,2014-15
22014,1610612750,MIN,Minnesota Timberwolves,0021400544,2015-01-09,MIN @ MIL,L,240,84,32,79,0.405,6,22,0.273,14,17,0.824,13,27,40,22,13,3,19,14,-14.0,2014-15
22014,1610612741,CHI,Chicago Bulls,0021400543,2015-01-09,CHI @ WAS,L,239,86,32,83,0.386,10,26,0.385,12,19,0.632,11,35,46,16,9,8,16,15,-16.0,2014-15
22014,1610612764,WAS,Washington Wizards,0021400543,2015-01-09,WAS vs. CHI,W,239,102,41,86,0.477,8,15,0.533,12,19,0.632,12,36,48,27,9,7,13,18,16.0,2014-15
22014,1610612737,ATL,Atlanta Hawks,0021400540,2015-01-09,ATL @ DET,W,241,106,40,82,0.488,10,23,0.435,16,24,0.667,6,43,49,27,3,3,14,13,3.0,2014-15
22014,1610612763,MEM,Memphis Grizzlies,0021400541,2015-01-09,MEM @ NOP,L,240,95,36,82,0.439,6,17,0.353,17,22,0.773,13,31,44,17,7,4,10,18,-11.0,2014-15
22014,1610612738,BOS,Boston Celtics,0021400538,2015-01-09,BOS @ IND,L,264,103,41,103,0.398,10,34,0.294,11,16,0.688,13,37,50,25,10,7,10,27,-4.0,2014-15
22014,1610612740,NOP,New Orleans Pelicans,0021400541,2015-01-09,NOP vs. MEM,W,241,106,37,81,0.457,10,20,0.5,22,26,0.846,13,34,47,21,3,10,10,20,11.0,2014-15
22014,1610612765,DET,Detroit Pistons,0021400540,2015-01-09,DET vs. ATL,L,240,103,38,96,0.396,13,43,0.302,14,18,0.778,11,35,46,24,9,3,7,19,-3.0,2014-15
22014,1610612748,MIA,Miami Heat,0021400537,2015-01-08,MIA @ POR,L,241,83,29,77,0.377,3,14,0.214,22,30,0.733,10,32,42,15,6,7,9,13,-16.0,2014-15
22014,1610612745,HOU,Houston Rockets,0021400536,2015-01-08,HOU @ NYK,W,241,120,41,77,0.532,16,36,0.444,22,32,0.688,7,29,36,25,14,5,19,23,24.0,2014-15
22014,1610612752,NYK,New York Knicks,0021400536,2015-01-08,NYK vs. HOU,L,241,96,37,80,0.463,11,26,0.423,11,21,0.524,10,28,38,22,12,1,21,22,-24.0,2014-15
22014,1610612761,TOR,Toronto Raptors,0021400535,2015-01-08,TOR vs. CHA,L,240,95,33,83,0.398,10,31,0.323,19,25,0.76,8,34,42,20,2,7,14,21,-8.0,2014-15
22014,1610612757,POR,Portland Trail Blazers,0021400537,2015-01-08,POR vs. MIA,W,240,99,40,95,0.421,8,27,0.296,11,15,0.733,15,35,50,19,5,6,7,21,16.0,2014-15
22014,1610612766,CHA,Charlotte Hornets,0021400535,2015-01-08,CHA @ TOR,W,240,103,42,88,0.477,4,16,0.25,15,22,0.682,9,37,46,21,5,3,8,18,8.0,2014-15
22014,1610612743,DEN,Denver Nuggets,0021400530,2015-01-07,DEN vs. ORL,W,240,93,33,74,0.446,7,17,0.412,20,26,0.769,6,41,47,22,5,4,21,17,3.0,2014-15
22014,1610612741,CHI,Chicago Bulls,0021400528,2015-01-07,CHI vs. UTA,L,239,77,28,84,0.333,6,20,0.3,15,20,0.75,16,27,43,17,5,5,15,20,-20.0,2014-15
22014,1610612739,CLE,Cleveland Cavaliers,0021400523,2015-01-07,CLE vs. HOU,L,240,93,34,82,0.415,10,29,0.345,15,19,0.789,13,24,37,16,9,4,15,18,-12.0,2014-15
22014,1610612753,ORL,Orlando Magic,0021400530,2015-01-07,ORL @ DEN,L,241,90,35,88,0.398,8,22,0.364,12,16,0.75,10,32,42,21,11,2,14,24,-3.0,2014-15
22014,1610612756,PHX,Phoenix Suns,0021400531,2015-01-07,PHX @ MIN,W,240,113,46,96,0.479,5,26,0.192,16,19,0.842,14,27,41,12,14,8,13,20,2.0,2014-15
22014,1610612763,MEM,Memphis Grizzlies,0021400526,2015-01-07,MEM @ ATL,L,240,86,35,79,0.443,5,17,0.294,11,11,1.0,8,31,39,20,10,4,21,21,-10.0,2014-15
22014,1610612746,LAC,Los Angeles Clippers,0021400534,2015-01-07,LAC vs. LAL,W,240,114,40,85,0.471,12,33,0.364,22,30,0.733,8,34,42,29,9,5,6,16,25.0,2014-15
22014,1610612760,OKC,Oklahoma City Thunder,0021400532,2015-01-07,OKC @ SAC,L,240,83,29,89,0.326,9,30,0.3,16,23,0.696,15,39,54,16,7,13,24,25,-21.0,2014-15
22014,1610612750,MIN,Minnesota Timberwolves,0021400531,2015-01-07,MIN vs. PHX,L,240,111,44,92,0.478,7,17,0.412,16,19,0.842,16,30,46,30,8,3,19,17,-2.0,2014-15
22014,1610612747,LAL,Los Angeles Lakers,0021400534,2015-01-07,LAL @ LAC,L,239,89,37,85,0.435,5,20,0.25,10,17,0.588,9,37,46,21,3,1,12,20,-25.0,2014-15
22014,1610612758,SAC,Sacramento Kings,0021400532,2015-01-07,SAC vs. OKC,W,240,104,36,92,0.391,10,19,0.526,22,28,0.786,13,39,52,18,12,4,16,17,21.0,2014-15
22014,1610612740,NOP,New Orleans Pelicans,0021400522,2015-01-07,NOP @ CHA,L,239,94,36,80,0.45,6,18,0.333,16,24,0.667,9,34,43,19,6,8,14,20,-4.0,2014-15
22014,1610612744,GSW,Golden State Warriors,0021400533,2015-01-07,GSW vs. IND,W,240,117,45,91,0.495,12,28,0.429,15,20,0.75,10,29,39,30,11,3,11,23,15.0,2014-15
22014,1610612755,PHI,Philadelphia 76ers,0021400524,2015-01-07,PHI vs. MIL,L,240,77,25,83,0.301,2,25,0.08,25,29,0.862,15,29,44,14,11,6,24,19,-20.0,2014-15
22014,1610612754,IND,Indiana Pacers,0021400533,2015-01-07,IND @ GSW,L,240,102,37,81,0.457,6,26,0.231,22,23,0.957,5,36,41,24,4,2,17,19,-15.0,2014-15
22014,1610612749,MIL,Milwaukee Bucks,0021400524,2015-01-07,MIL @ PHI,W,240,97,41,76,0.539,8,17,0.471,7,11,0.636,7,36,43,32,14,4,24,26,20.0,2014-15
22014,1610612737,ATL,Atlanta Hawks,0021400526,2015-01-07,ATL vs. MEM,W,240,96,32,72,0.444,13,25,0.52,19,23,0.826,8,29,37,21,17,4,17,15,10.0,2014-15
22014,1610612764,WAS,Washington Wizards,0021400525,2015-01-07,WAS vs. NYK,W,241,101,39,76,0.513,8,16,0.5,15,21,0.714,9,35,44,28,9,4,16,13,10.0,2014-15
22014,1610612742,DAL,Dallas Mavericks,0021400529,2015-01-07,DAL vs. DET,L,240,95,38,87,0.437,6,22,0.273,13,18,0.722,9,34,43,24,9,4,14,15,-13.0,2014-15
22014,1610612765,DET,Detroit Pistons,0021400529,2015-01-07,DET @ DAL,W,239,108,43,97,0.443,10,21,0.476,12,14,0.857,18,42,60,22,9,2,15,17,13.0,2014-15
22014,1610612738,BOS,Boston Celtics,0021400527,2015-01-07,BOS @ BKN,W,240,89,35,88,0.398,5,18,0.278,14,17,0.824,11,30,41,22,8,2,6,26,8.0,2014-15
22014,1610612751,BKN,Brooklyn Nets,0021400527,2015-01-07,BKN vs. BOS,L,240,81,30,74,0.405,3,14,0.214,18,26,0.692,11,39,50,18,3,6,17,18,-8.0,2014-15
22014,1610612745,HOU,Houston Rockets,0021400523,2015-01-07,HOU @ CLE,W,240,105,39,86,0.453,12,34,0.353,15,24,0.625,19,31,50,26,9,3,17,22,12.0,2014-15
22014,1610612766,CHA,Charlotte Hornets,0021400522,2015-01-07,CHA vs. NOP,W,241,98,37,86,0.43,4,14,0.286,20,26,0.769,9,34,43,18,9,4,10,18,4.0,2014-15
22014,1610612752,NYK,New York Knicks,0021400525,2015-01-07,NYK @ WAS,L,240,91,34,82,0.415,11,26,0.423,12,16,0.75,10,31,41,18,11,0,15,22,-10.0,2014-15
22014,1610612762,UTA,Utah Jazz,0021400528,2015-01-07,UTA @ CHI,W,240,97,37,78,0.474,5,16,0.313,18,24,0.75,14,34,48,21,8,8,15,20,20.0,2014-15
22014,1610612759,SAS,San Antonio Spurs,0021400521,2015-01-06,SAS vs. DET,L,242,104,36,79,0.456,9,21,0.429,23,34,0.676,13,28,41,24,6,6,17,21,-1.0,2014-15
22014,1610612756,PHX,Phoenix Suns,0021400520,2015-01-06,PHX @ MIL,W,240,102,37,81,0.457,7,25,0.28,21,27,0.778,12,34,46,19,7,6,19,16,6.0,2014-15
22014,1610612765,DET,Detroit Pistons,0021400521,2015-01-06,DET @ SAS,W,241,105,41,87,0.471,3,19,0.158,20,28,0.714,15,30,45,19,10,3,14,28,1.0,2014-15
22014,1610612749,MIL,Milwaukee Bucks,0021400520,2015-01-06,MIL vs. PHX,L,240,96,37,88,0.42,3,20,0.15,19,22,0.864,13,31,44,22,9,5,17,21,-6.0,2014-15
22014,1610612750,MIN,Minnesota Timberwolves,0021400514,2015-01-05,MIN vs. DEN,L,240,101,38,89,0.427,10,24,0.417,15,18,0.833,15,27,42,21,7,4,12,17,-9.0,2014-15
22014,1610612763,MEM,Memphis Grizzlies,0021400513,2015-01-05,MEM vs. NYK,W,239,105,43,82,0.524,7,15,0.467,12,19,0.632,11,34,45,25,14,5,17,15,22.0,2014-15
22014,1610612741,CHI,Chicago Bulls,0021400512,2015-01-05,CHI vs. HOU,W,238,114,41,85,0.482,5,17,0.294,27,30,0.9,17,30,47,27,10,12,17,13,9.0,2014-15
22014,1610612766,CHA,Charlotte Hornets,0021400510,2015-01-05,CHA @ BOS,W,241,104,38,78,0.487,6,19,0.316,22,23,0.957,12,36,48,22,2,10,15,22,9.0,2014-15
22014,1610612745,HOU,Houston Rockets,0021400512,2015-01-05,HOU @ CHI,L,240,105,47,102,0.461,8,25,0.32,3,5,0.6,16,25,41,25,9,8,16,27,-9.0,2014-15
22014,1610612747,LAL,Los Angeles Lakers,0021400517,2015-01-05,LAL @ POR,L,241,94,37,88,0.42,4,14,0.286,16,20,0.8,11,38,49,20,5,0,10,20,-4.0,2014-15
22014,1610612744,GSW,Golden State Warriors,0021400518,2015-01-05,GSW vs. OKC,W,241,117,41,88,0.466,15,28,0.536,20,32,0.625,10,44,54,27,8,4,12,22,26.0,2014-15
22014,1610612757,POR,Portland Trail Blazers,0021400517,2015-01-05,POR vs. LAL,W,239,98,33,83,0.398,11,26,0.423,21,24,0.875,10,35,45,18,7,4,9,12,4.0,2014-15
22014,1610612740,NOP,New Orleans Pelicans,0021400515,2015-01-05,NOP vs. WAS,L,240,85,33,74,0.446,6,19,0.316,13,17,0.765,10,29,39,19,8,5,18,18,-7.0,2014-15
22014,1610612738,BOS,Boston Celtics,0021400510,2015-01-05,BOS vs. CHA,L,243,95,36,91,0.396,7,18,0.389,16,23,0.696,10,23,33,22,8,7,6,23,-9.0,2014-15
22014,1610612760,OKC,Oklahoma City Thunder,0021400518,2015-01-05,OKC @ GSW,L,239,91,30,98,0.306,5,28,0.179,26,34,0.765,20,39,59,19,10,5,11,25,-26.0,2014-15
22014,1610612762,UTA,Utah Jazz,0021400516,2015-01-05,UTA vs. IND,L,239,101,35,81,0.432,4,23,0.174,27,34,0.794,14,27,41,16,6,6,10,24,-4.0,2014-15
22014,1610612742,DAL,Dallas Mavericks,0021400511,2015-01-05,DAL @ BKN,W,266,96,37,94,0.394,10,27,0.37,12,19,0.632,14,37,51,24,8,6,10,17,8.0,2014-15
22014,1610612764,WAS,Washington Wizards,0021400515,2015-01-05,WAS @ NOP,W,239,92,38,79,0.481,2,10,0.2,14,17,0.824,11,29,40,23,10,7,10,15,7.0,2014-15
22014,1610612751,BKN,Brooklyn Nets,0021400511,2015-01-05,BKN vs. DAL,L,265,88,33,84,0.393,3,25,0.12,19,23,0.826,7,45,52,20,5,7,14,21,-8.0,2014-15
22014,1610612752,NYK,New York Knicks,0021400513,2015-01-05,NYK @ MEM,L,241,83,33,76,0.434,8,26,0.308,9,13,0.692,7,30,37,25,9,5,20,17,-22.0,2014-15
22014,1610612754,IND,Indiana Pacers,0021400516,2015-01-05,IND @ UTA,W,241,105,35,74,0.473,7,13,0.538,28,30,0.933,8,27,35,20,8,3,10,24,4.0,2014-15
22014,1610612737,ATL,Atlanta Hawks,0021400519,2015-01-05,ATL @ LAC,W,239,107,36,81,0.444,13,27,0.481,22,33,0.667,7,34,41,25,13,2,12,23,9.0,2014-15
22014,1610612743,DEN,Denver Nuggets,0021400514,2015-01-05,DEN @ MIN,W,240,110,46,84,0.548,7,19,0.368,11,16,0.688,9,32,41,26,8,6,12,22,9.0,2014-15
22014,1610612755,PHI,Philadelphia 76ers,0021400509,2015-01-05,PHI vs. CLE,W,242,95,38,79,0.481,7,23,0.304,12,15,0.8,8,35,43,31,5,8,17,24,3.0,2014-15
22014,1610612746,LAC,Los Angeles Clippers,0021400519,2015-01-05,LAC vs. ATL,L,239,98,33,74,0.446,7,25,0.28,25,33,0.758,8,37,45,23,5,5,21,25,-9.0,2014-15
22014,1610612739,CLE,Cleveland Cavaliers,0021400509,2015-01-05,CLE @ PHI,L,240,92,33,85,0.388,11,30,0.367,15,22,0.682,13,30,43,23,8,1,11,13,-3.0,2014-15
22014,1610612747,LAL,Los Angeles Lakers,0021400508,2015-01-04,LAL vs. IND,W,241,88,27,71,0.38,6,18,0.333,28,30,0.933,5,32,37,14,8,3,11,20,1.0,2014-15
22014,1610612748,MIA,Miami Heat,0021400505,2015-01-04,MIA vs. BKN,W,240,88,31,67,0.463,5,14,0.357,21,28,0.75,8,34,42,21,8,9,14,20,4.0,2014-15
22014,1610612754,IND,Indiana Pacers,0021400508,2015-01-04,IND @ LAL,L,240,87,33,90,0.367,8,28,0.286,13,18,0.722,16,34,50,21,5,2,14,21,-1.0,2014-15
22014,1610612751,BKN,Brooklyn Nets,0021400505,2015-01-04,BKN @ MIA,L,242,84,34,86,0.395,7,24,0.292,9,13,0.692,10,28,38,18,9,6,11,23,-4.0,2014-15
22014,1610612739,CLE,Cleveland Cavaliers,0021400503,2015-01-04,CLE vs. DAL,L,241,90,35,86,0.407,8,25,0.32,12,17,0.706,12,26,38,26,6,3,12,14,-19.0,2014-15
22014,1610612758,SAC,Sacramento Kings,0021400504,2015-01-04,SAC @ DET,L,240,95,32,75,0.427,3,15,0.2,28,36,0.778,5,36,41,18,9,4,15,15,-19.0,2014-15
22014,1610612761,TOR,Toronto Raptors,0021400507,2015-01-04,TOR @ PHX,L,240,109,38,83,0.458,9,26,0.346,24,29,0.828,9,34,43,22,9,4,20,24,-16.0,2014-15
22014,1610612742,DAL,Dallas Mavericks,0021400503,2015-01-04,DAL @ CLE,W,241,109,44,78,0.564,12,26,0.462,9,11,0.818,4,32,36,30,7,8,10,20,19.0,2014-15
22014,1610612749,MIL,Milwaukee Bucks,0021400506,2015-01-04,MIL @ NYK,W,240,95,35,77,0.455,4,16,0.25,21,27,0.778,14,34,48,23,10,4,18,20,13.0,2014-15
22014,1610612752,NYK,New York Knicks,0021400506,2015-01-04,NYK vs. MIL,L,240,82,31,76,0.408,9,25,0.36,11,14,0.786,7,29,36,23,8,2,16,20,-13.0,2014-15
22014,1610612756,PHX,Phoenix Suns,0021400507,2015-01-04,PHX vs. TOR,W,240,125,48,89,0.539,8,23,0.348,21,28,0.75,8,33,41,26,15,2,16,29,16.0,2014-15
22014,1610612765,DET,Detroit Pistons,0021400504,2015-01-04,DET vs. SAC,W,240,114,45,91,0.495,12,31,0.387,12,16,0.75,8,41,49,21,8,3,13,27,19.0,2014-15
22014,1610612741,CHI,Chicago Bulls,0021400496,2015-01-03,CHI vs. BOS,W,264,109,37,100,0.37,6,28,0.214,29,40,0.725,24,35,59,19,10,9,16,14,5.0,2014-15
22014,1610612738,BOS,Boston Celtics,0021400496,2015-01-03,BOS @ CHI,L,266,104,45,100,0.45,5,17,0.294,9,11,0.818,10,35,45,26,9,6,20,28,-5.0,2014-15
22014,1610612753,ORL,Orlando Magic,0021400495,2015-01-03,ORL vs. CHA,L,239,90,33,87,0.379,4,19,0.211,20,21,0.952,12,32,44,18,9,3,7,24,-8.0,2014-15
22014,1610612755,PHI,Philadelphia 76ers,0021400502,2015-01-03,PHI @ LAC,L,240,91,32,79,0.405,9,25,0.36,18,26,0.692,15,30,45,17,7,1,21,19,-36.0,2014-15
22014,1610612750,MIN,Minnesota Timberwolves,0021400498,2015-01-03,MIN vs. UTA,L,241,89,34,86,0.395,6,19,0.316,15,18,0.833,14,23,37,17,8,5,8,15,-12.0,2014-15
22014,1610612748,MIA,Miami Heat,0021400497,2015-01-03,MIA @ HOU,L,239,79,30,68,0.441,4,17,0.235,15,25,0.6,8,25,33,20,6,3,21,18,-36.0,2014-15
22014,1610612745,HOU,Houston Rockets,0021400497,2015-01-03,HOU vs. MIA,W,238,115,41,83,0.494,13,31,0.419,20,28,0.714,17,31,48,21,13,1,16,18,36.0,2014-15
22014,1610612737,ATL,Atlanta Hawks,0021400501,2015-01-03,ATL @ POR,W,241,115,43,84,0.512,6,17,0.353,23,31,0.742,10,36,46,17,9,5,14,15,8.0,2014-15
22014,1610612746,LAC,Los Angeles Clippers,0021400502,2015-01-03,LAC vs. PHI,W,241,127,46,85,0.541,15,37,0.405,20,26,0.769,9,34,43,33,13,3,8,19,36.0,2014-15
22014,1610612762,UTA,Utah Jazz,0021400498,2015-01-03,UTA @ MIN,W,240,101,38,75,0.507,11,20,0.55,14,21,0.667,11,36,47,23,6,10,12,16,12.0,2014-15
22014,1610612757,POR,Portland Trail Blazers,0021400501,2015-01-03,POR vs. ATL,L,241,107,42,93,0.452,13,33,0.394,10,12,0.833,11,33,44,24,6,7,18,23,-8.0,2014-15
22014,1610612743,DEN,Denver Nuggets,0021400500,2015-01-03,DEN vs. MEM,W,239,114,41,79,0.519,7,15,0.467,25,31,0.806,8,40,48,21,6,8,13,14,29.0,2014-15
22014,1610612763,MEM,Memphis Grizzlies,0021400500,2015-01-03,MEM @ DEN,L,240,85,37,86,0.43,2,14,0.143,9,13,0.692,8,29,37,20,6,8,12,20,-29.0,2014-15
22014,1610612759,SAS,San Antonio Spurs,0021400499,2015-01-03,SAS vs. WAS,W,240,101,43,78,0.551,4,16,0.25,11,18,0.611,9,29,38,27,4,5,10,16,9.0,2014-15
22014,1610612764,WAS,Washington Wizards,0021400499,2015-01-03,WAS @ SAS,L,240,92,40,82,0.488,4,14,0.286,8,13,0.615,9,22,31,23,6,6,6,18,-9.0,2014-15
22014,1610612766,CHA,Charlotte Hornets,0021400495,2015-01-03,CHA @ ORL,W,239,98,35,78,0.449,4,16,0.25,24,32,0.75,16,37,53,16,4,4,14,15,8.0,2014-15
22014,1610612762,UTA,Utah Jazz,0021400492,2015-01-02,UTA vs. ATL,L,238,92,32,86,0.372,10,31,0.323,18,24,0.75,17,30,47,18,6,9,14,18,-6.0,2014-15
22014,1610612763,MEM,Memphis Grizzlies,0021400494,2015-01-02,MEM @ LAL,W,240,109,41,84,0.488,6,14,0.429,21,31,0.677,13,33,46,27,7,4,12,15,3.0,2014-15
22014,1610612761,TOR,Toronto Raptors,0021400493,2015-01-02,TOR @ GSW,L,240,105,40,86,0.465,10,25,0.4,15,20,0.75,11,26,37,23,7,1,15,16,-21.0,2014-15
22014,1610612747,LAL,Los Angeles Lakers,0021400494,2015-01-02,LAL vs. MEM,L,240,106,43,81,0.531,6,19,0.316,14,19,0.737,5,33,38,24,10,8,13,28,-3.0,2014-15
22014,1610612753,ORL,Orlando Magic,0021400485,2015-01-02,ORL vs. BKN,L,239,98,37,88,0.42,11,22,0.5,13,20,0.65,8,29,37,22,13,3,11,18,-2.0,2014-15
22014,1610612740,NOP,New Orleans Pelicans,0021400488,2015-01-02,NOP vs. HOU,W,239,111,44,83,0.53,7,15,0.467,16,20,0.8,12,37,49,24,12,8,18,13,28.0,2014-15
22014,1610612738,BOS,Boston Celtics,0021400486,2015-01-02,BOS vs. DAL,L,239,101,38,89,0.427,12,34,0.353,13,19,0.684,9,29,38,22,6,2,12,21,-18.0,2014-15
22014,1610612745,HOU,Houston Rockets,0021400488,2015-01-02,HOU @ NOP,L,240,83,35,88,0.398,6,29,0.207,7,11,0.636,13,25,38,22,13,3,19,22,-28.0,2014-15
22014,1610612742,DAL,Dallas Mavericks,0021400486,2015-01-02,DAL @ BOS,W,237,119,45,96,0.469,13,27,0.481,16,17,0.941,16,36,52,24,8,1,11,21,18.0,2014-15
22014,1610612760,OKC,Oklahoma City Thunder,0021400489,2015-01-02,OKC vs. WAS,W,239,109,44,83,0.53,8,19,0.421,13,19,0.684,6,32,38,21,8,4,10,20,7.0,2014-15
22014,1610612751,BKN,Brooklyn Nets,0021400485,2015-01-02,BKN @ ORL,W,242,100,41,72,0.569,7,20,0.35,11,18,0.611,4,41,45,26,7,5,22,16,2.0,2014-15
22014,1610612755,PHI,Philadelphia 76ers,0021400491,2015-01-02,PHI @ PHX,L,239,96,37,87,0.425,7,26,0.269,15,25,0.6,16,25,41,20,12,7,16,15,-16.0,2014-15
22014,1610612764,WAS,Washington Wizards,0021400489,2015-01-02,WAS @ OKC,L,241,102,39,84,0.464,11,21,0.524,13,15,0.867,8,31,39,27,3,1,15,19,-7.0,2014-15
22014,1610612754,IND,Indiana Pacers,0021400490,2015-01-02,IND @ MIL,W,240,94,35,81,0.432,8,20,0.4,16,20,0.8,10,35,45,24,7,3,15,12,3.0,2014-15
22014,1610612739,CLE,Cleveland Cavaliers,0021400484,2015-01-02,CLE @ CHA,W,241,91,33,87,0.379,4,15,0.267,21,30,0.7,13,33,46,16,8,5,7,23,4.0,2014-15
22014,1610612752,NYK,New York Knicks,0021400487,2015-01-02,NYK vs. DET,L,240,81,32,91,0.352,10,24,0.417,7,14,0.5,17,30,47,18,13,4,11,15,-16.0,2014-15
22014,1610612756,PHX,Phoenix Suns,0021400491,2015-01-02,PHX vs. PHI,W,240,112,42,84,0.5,14,32,0.438,14,16,0.875,13,35,48,24,9,12,19,24,16.0,2014-15
22014,1610612766,CHA,Charlotte Hornets,0021400484,2015-01-02,CHA vs. CLE,L,240,87,32,87,0.368,6,28,0.214,17,26,0.654,15,35,50,20,5,6,14,24,-4.0,2014-15
22014,1610612765,DET,Detroit Pistons,0021400487,2015-01-02,DET @ NYK,W,240,97,38,76,0.5,13,33,0.394,8,14,0.571,9,40,49,24,10,3,16,16,16.0,2014-15
22014,1610612737,ATL,Atlanta Hawks,0021400492,2015-01-02,ATL @ UTA,W,240,98,33,81,0.407,6,23,0.261,26,30,0.867,11,36,47,24,9,3,10,17,6.0,2014-15
22014,1610612749,MIL,Milwaukee Bucks,0021400490,2015-01-02,MIL vs. IND,L,240,91,38,89,0.427,7,24,0.292,8,10,0.8,10,33,43,28,10,7,12,18,-3.0,2014-15
22014,1610612744,GSW,Golden State Warriors,0021400493,2015-01-02,GSW vs. TOR,W,240,126,49,92,0.533,12,28,0.429,16,20,0.8,14,31,45,35,8,8,9,18,21.0,2014-15
22014,1610612743,DEN,Denver Nuggets,0021400482,2015-01-01,DEN @ CHI,L,241,101,37,92,0.402,5,14,0.357,22,27,0.815,17,40,57,19,4,7,12,27,-5.0,2014-15
22014,1610612758,SAC,Sacramento Kings,0021400483,2015-01-01,SAC @ MIN,W,241,110,40,74,0.541,5,12,0.417,25,29,0.862,10,32,42,23,7,7,20,26,3.0,2014-15
22014,1610612750,MIN,Minnesota Timberwolves,0021400483,2015-01-01,MIN vs. SAC,L,239,107,42,91,0.462,7,24,0.292,16,22,0.727,15,23,38,22,12,6,14,24,-3.0,2014-15
22014,1610612741,CHI,Chicago Bulls,0021400482,2015-01-01,CHI vs. DEN,W,240,106,38,91,0.418,8,15,0.533,22,25,0.88,13,33,46,22,7,18,7,19,5.0,2014-15
22014,1610612739,CLE,Cleveland Cavaliers,0021400479,2014-12-31,CLE vs. MIL,L,241,80,29,85,0.341,8,31,0.258,14,16,0.875,13,36,49,19,5,5,12,16,-16.0,2014-15
22014,1610612758,SAC,Sacramento Kings,0021400475,2014-12-31,SAC @ BOS,L,238,84,32,87,0.368,2,15,0.133,18,28,0.643,11,35,46,12,9,5,16,17,-22.0,2014-15
22014,1610612746,LAC,Los Angeles Clippers,0021400477,2014-12-31,LAC vs. NYK,W,240,99,36,82,0.439,15,34,0.441,12,20,0.6,5,45,50,28,6,3,10,13,21.0,2014-15
22014,1610612760,OKC,Oklahoma City Thunder,0021400480,2014-12-31,OKC vs. PHX,W,266,137,41,99,0.414,11,35,0.314,44,49,0.898,19,31,50,22,6,4,12,27,3.0,2014-15
22014,1610612756,PHX,Phoenix Suns,0021400480,2014-12-31,PHX @ OKC,L,265,134,46,90,0.511,13,27,0.481,29,35,0.829,7,32,39,17,7,3,13,35,-3.0,2014-15
22014,1610612752,NYK,New York Knicks,0021400477,2014-12-31,NYK @ LAC,L,241,78,32,84,0.381,4,17,0.235,10,15,0.667,7,33,40,24,6,2,7,19,-21.0,2014-15
22014,1610612754,IND,Indiana Pacers,0021400476,2014-12-31,IND vs. MIA,W,240,106,35,79,0.443,10,18,0.556,26,30,0.867,11,28,39,23,4,4,10,18,11.0,2014-15
22014,1610612745,HOU,Houston Rockets,0021400478,2014-12-31,HOU vs. CHA,W,239,102,38,88,0.432,17,43,0.395,9,14,0.643,10,31,41,22,10,7,14,25,19.0,2014-15
22014,1610612748,MIA,Miami Heat,0021400476,2014-12-31,MIA @ IND,L,240,95,38,77,0.494,5,16,0.313,14,18,0.778,8,28,36,20,5,8,11,24,-11.0,2014-15
22014,1610612766,CHA,Charlotte Hornets,0021400478,2014-12-31,CHA @ HOU,L,239,83,29,76,0.382,3,18,0.167,22,26,0.846,7,34,41,15,6,9,16,17,-19.0,2014-15
22014,1610612740,NOP,New Orleans Pelicans,0021400481,2014-12-31,NOP @ SAS,L,265,93,34,89,0.382,8,28,0.286,17,20,0.85,11,41,52,15,8,1,13,20,-2.0,2014-15
22014,1610612738,BOS,Boston Celtics,0021400475,2014-12-31,BOS vs. SAC,W,240,106,44,94,0.468,5,21,0.238,13,15,0.867,9,40,49,32,9,7,11,23,22.0,2014-15
22014,1610612759,SAS,San Antonio Spurs,0021400481,2014-12-31,SAS vs. NOP,W,265,95,39,89,0.438,6,24,0.25,11,18,0.611,8,40,48,24,5,7,14,19,2.0,2014-15
22014,1610612749,MIL,Milwaukee Bucks,0021400479,2014-12-31,MIL @ CLE,W,240,96,40,90,0.444,11,25,0.44,5,10,0.5,13,41,54,25,10,6,10,18,16.0,2014-15
22014,1610612756,PHX,Phoenix Suns,0021400469,2014-12-30,PHX @ NOP,L,240,106,41,86,0.477,9,21,0.429,15,19,0.789,11,27,38,17,7,6,6,21,-4.0,2014-15
22014,1610612761,TOR,Toronto Raptors,0021400473,2014-12-30,TOR @ POR,L,264,97,40,99,0.404,4,22,0.182,13,15,0.867,13,36,49,14,10,2,10,21,-5.0,2014-15
22014,1610612740,NOP,New Orleans Pelicans,0021400469,2014-12-30,NOP vs. PHX,W,240,110,42,81,0.519,8,18,0.444,18,29,0.621,13,36,49,19,4,2,10,18,4.0,2014-15
22014,1610612755,PHI,Philadelphia 76ers,0021400474,2014-12-30,PHI @ GSW,L,240,86,33,86,0.384,6,20,0.3,14,23,0.609,18,30,48,16,11,2,27,16,-40.0,2014-15
22014,1610612737,ATL,Atlanta Hawks,0021400466,2014-12-30,ATL vs. CLE,W,239,109,40,79,0.506,10,29,0.345,19,26,0.731,7,37,44,23,13,5,15,19,8.0,2014-15
22014,1610612741,CHI,Chicago Bulls,0021400467,2014-12-30,CHI vs. BKN,L,242,82,33,86,0.384,8,25,0.32,8,15,0.533,13,35,48,22,5,11,12,18,-14.0,2014-15
22014,1610612763,MEM,Memphis Grizzlies,0021400468,2014-12-30,MEM vs. SAS,W,241,95,35,72,0.486,7,15,0.467,18,22,0.818,7,32,39,25,10,5,20,18,8.0,2014-15
22014,1610612764,WAS,Washington Wizards,0021400470,2014-12-30,WAS @ DAL,L,240,87,33,74,0.446,4,12,0.333,17,27,0.63,10,38,48,22,5,3,22,26,-27.0,2014-15
22014,1610612742,DAL,Dallas Mavericks,0021400470,2014-12-30,DAL vs. WAS,W,243,114,43,82,0.524,8,15,0.533,20,29,0.69,3,31,34,21,11,5,7,22,27.0,2014-15
22014,1610612759,SAS,San Antonio Spurs,0021400468,2014-12-30,SAS @ MEM,L,241,87,35,78,0.449,5,22,0.227,12,17,0.706,10,27,37,17,9,4,16,18,-8.0,2014-15
22014,1610612744,GSW,Golden State Warriors,0021400474,2014-12-30,GSW vs. PHI,W,242,126,46,82,0.561,12,28,0.429,22,27,0.815,8,34,42,38,19,11,14,20,40.0,2014-15
22014,1610612747,LAL,Los Angeles Lakers,0021400471,2014-12-30,LAL @ DEN,W,240,111,40,76,0.526,14,25,0.56,17,26,0.654,4,38,42,31,6,4,18,20,8.0,2014-15
22014,1610612751,BKN,Brooklyn Nets,0021400467,2014-12-30,BKN @ CHI,W,241,96,36,83,0.434,6,14,0.429,18,21,0.857,10,36,46,21,9,5,10,17,14.0,2014-15
22014,1610612739,CLE,Cleveland Cavaliers,0021400466,2014-12-30,CLE @ ATL,L,240,101,37,84,0.44,13,31,0.419,14,21,0.667,11,31,42,23,10,2,18,24,-8.0,2014-15
22014,1610612750,MIN,Minnesota Timberwolves,0021400472,2014-12-30,MIN @ UTA,L,240,94,38,82,0.463,8,17,0.471,10,14,0.714,8,26,34,26,7,4,10,23,-6.0,2014-15
22014,1610612753,ORL,Orlando Magic,0021400465,2014-12-30,ORL vs. DET,L,241,86,38,85,0.447,4,20,0.2,6,10,0.6,7,35,42,19,7,3,15,21,-23.0,2014-15
22014,1610612743,DEN,Denver Nuggets,0021400471,2014-12-30,DEN vs. LAL,L,240,103,39,87,0.448,8,26,0.308,17,27,0.63,11,28,39,25,13,7,11,24,-8.0,2014-15
22014,1610612762,UTA,Utah Jazz,0021400472,2014-12-30,UTA vs. MIN,W,242,100,38,79,0.481,7,19,0.368,17,22,0.773,11,32,43,16,5,3,13,19,6.0,2014-15
22014,1610612765,DET,Detroit Pistons,0021400465,2014-12-30,DET @ ORL,W,240,109,40,86,0.465,14,33,0.424,15,29,0.517,16,38,54,22,9,9,11,14,23.0,2014-15
22014,1610612757,POR,Portland Trail Blazers,0021400473,2014-12-30,POR vs. TOR,W,265,102,38,95,0.4,12,36,0.333,14,18,0.778,15,36,51,21,5,8,14,17,5.0,2014-15
22014,1610612741,CHI,Chicago Bulls,0021400460,2014-12-29,CHI @ IND,W,240,92,29,84,0.345,5,13,0.385,29,33,0.879,14,32,46,17,8,7,10,16,2.0,2014-15
22014,1610612758,SAC,Sacramento Kings,0021400461,2014-12-29,SAC @ BKN,L,240,99,37,76,0.487,9,20,0.45,16,20,0.8,11,33,44,22,5,3,21,26,-8.0,2014-15
22014,1610612766,CHA,Charlotte Hornets,0021400459,2014-12-29,CHA vs. MIL,L,264,94,33,90,0.367,7,25,0.28,21,26,0.808,9,39,48,20,13,9,17,20,-10.0,2014-15
22014,1610612751,BKN,Brooklyn Nets,0021400461,2014-12-29,BKN vs. SAC,W,240,107,36,80,0.45,8,21,0.381,27,39,0.692,14,26,40,20,12,3,9,18,8.0,2014-15
22014,1610612749,MIL,Milwaukee Bucks,0021400459,2014-12-29,MIL @ CHA,W,265,104,40,85,0.471,6,21,0.286,18,21,0.857,2,40,42,21,8,10,19,25,10.0,2014-15
22014,1610612753,ORL,Orlando Magic,0021400462,2014-12-29,ORL @ MIA,W,239,102,41,77,0.532,11,25,0.44,9,13,0.692,8,26,34,21,9,2,14,25,1.0,2014-15
22014,1610612748,MIA,Miami Heat,0021400462,2014-12-29,MIA vs. ORL,L,240,101,33,63,0.524,7,14,0.5,28,40,0.7,6,30,36,18,9,3,14,15,-1.0,2014-15
22014,1610612762,UTA,Utah Jazz,0021400464,2014-12-29,UTA @ LAC,L,241,97,38,92,0.413,8,19,0.421,13,22,0.591,18,34,52,26,7,3,13,22,-4.0,2014-15
22014,1610612764,WAS,Washington Wizards,0021400463,2014-12-29,WAS @ HOU,W,240,104,35,73,0.479,8,18,0.444,26,28,0.929,6,29,35,21,11,4,18,21,1.0,2014-15
22014,1610612746,LAC,Los Angeles Clippers,0021400464,2014-12-29,LAC vs. UTA,W,242,101,37,81,0.457,10,23,0.435,17,22,0.773,7,34,41,24,7,12,14,16,4.0,2014-15
22014,1610612745,HOU,Houston Rockets,0021400463,2014-12-29,HOU vs. WAS,L,241,103,40,86,0.465,9,29,0.31,14,23,0.609,12,26,38,19,11,1,18,20,-1.0,2014-15
22014,1610612754,IND,Indiana Pacers,0021400460,2014-12-29,IND vs. CHI,L,241,90,36,83,0.434,5,13,0.385,13,21,0.619,7,37,44,18,5,8,13,25,-2.0,2014-15
22014,1610612739,CLE,Cleveland Cavaliers,0021400453,2014-12-28,CLE vs. DET,L,240,80,31,82,0.378,5,29,0.172,13,17,0.765,10,36,46,25,4,5,17,15,-23.0,2014-15
22014,1610612759,SAS,San Antonio Spurs,0021400454,2014-12-28,SAS vs. HOU,W,239,110,39,83,0.47,11,30,0.367,21,24,0.875,11,27,38,22,12,6,19,28,4.0,2014-15
22014,1610612742,DAL,Dallas Mavericks,0021400455,2014-12-28,DAL vs. OKC,W,241,112,39,88,0.443,10,31,0.323,24,28,0.857,7,30,37,26,8,6,12,16,5.0,2014-15
22014,1610612756,PHX,Phoenix Suns,0021400458,2014-12-28,PHX @ LAL,W,238,116,44,87,0.506,9,22,0.409,19,24,0.792,8,37,45,24,12,5,12,15,9.0,2014-15
22014,1610612761,TOR,Toronto Raptors,0021400457,2014-12-28,TOR @ DEN,W,241,116,43,88,0.489,10,23,0.435,20,32,0.625,13,31,44,23,4,5,6,23,16.0,2014-15
22014,1610612760,OKC,Oklahoma City Thunder,0021400455,2014-12-28,OKC @ DAL,L,239,107,45,90,0.5,5,14,0.357,12,21,0.571,14,39,53,21,8,2,18,25,-5.0,2014-15
22014,1610612752,NYK,New York Knicks,0021400456,2014-12-28,NYK @ POR,L,240,79,31,93,0.333,7,27,0.259,10,15,0.667,15,34,49,19,6,1,11,13,-22.0,2014-15
22014,1610612757,POR,Portland Trail Blazers,0021400456,2014-12-28,POR vs. NYK,W,242,101,38,81,0.469,16,36,0.444,9,12,0.75,7,41,48,25,8,7,11,15,22.0,2014-15
22014,1610612745,HOU,Houston Rockets,0021400454,2014-12-28,HOU @ SAS,L,242,106,38,77,0.494,12,33,0.364,18,31,0.581,12,30,42,20,15,1,24,24,-4.0,2014-15
22014,1610612747,LAL,Los Angeles Lakers,0021400458,2014-12-28,LAL vs. PHX,L,240,107,42,81,0.519,12,20,0.6,11,20,0.55,4,31,35,22,8,6,17,19,-9.0,2014-15
22014,1610612765,DET,Detroit Pistons,0021400453,2014-12-28,DET @ CLE,W,240,103,41,91,0.451,17,31,0.548,4,9,0.444,14,33,47,21,12,6,10,21,23.0,2014-15
22014,1610612743,DEN,Denver Nuggets,0021400457,2014-12-28,DEN vs. TOR,L,240,102,37,87,0.425,4,17,0.235,24,34,0.706,15,34,49,18,3,2,10,24,-16.0,2014-15
22014,1610612746,LAC,Los Angeles Clippers,0021400443,2014-12-27,LAC vs. TOR,L,241,98,37,81,0.457,12,25,0.48,12,15,0.8,9,34,43,26,4,7,14,19,-12.0,2014-15
22014,1610612763,MEM,Memphis Grizzlies,0021400446,2014-12-27,MEM @ MIA,W,241,103,34,73,0.466,7,16,0.438,28,37,0.757,9,23,32,22,10,5,13,22,8.0,2014-15
22014,1610612766,CHA,Charlotte Hornets,0021400444,2014-12-27,CHA vs. ORL,L,240,94,36,86,0.419,8,24,0.333,14,18,0.778,9,32,41,18,2,8,10,19,-8.0,2014-15
22014,1610612761,TOR,Toronto Raptors,0021400443,2014-12-27,TOR @ LAC,W,240,110,41,86,0.477,13,34,0.382,15,19,0.789,12,31,43,25,7,1,9,17,12.0,2014-15
22014,1610612753,ORL,Orlando Magic,0021400444,2014-12-27,ORL @ CHA,W,238,102,38,83,0.458,8,20,0.4,18,24,0.75,5,35,40,22,6,4,6,18,8.0,2014-15
22014,1610612740,NOP,New Orleans Pelicans,0021400447,2014-12-27,NOP @ CHI,L,240,100,41,88,0.466,4,14,0.286,14,16,0.875,10,27,37,18,9,8,15,19,-7.0,2014-15
22014,1610612737,ATL,Atlanta Hawks,0021400449,2014-12-27,ATL @ MIL,W,238,90,33,90,0.367,9,29,0.31,15,19,0.789,17,34,51,25,9,4,11,17,5.0,2014-15
22014,1610612741,CHI,Chicago Bulls,0021400447,2014-12-27,CHI vs. NOP,W,239,107,41,89,0.461,6,20,0.3,19,22,0.864,15,30,45,19,8,6,13,17,7.0,2014-15
22014,1610612762,UTA,Utah Jazz,0021400450,2014-12-27,UTA vs. PHI,W,241,88,30,84,0.357,4,23,0.174,24,28,0.857,14,41,55,17,11,10,12,23,17.0,2014-15
22014,1610612744,GSW,Golden State Warriors,0021400452,2014-12-27,GSW vs. MIN,W,241,110,41,88,0.466,11,28,0.393,17,21,0.81,9,34,43,32,17,6,16,21,13.0,2014-15
22014,1610612754,IND,Indiana Pacers,0021400448,2014-12-27,IND @ BKN,W,240,110,44,86,0.512,9,18,0.5,13,18,0.722,7,38,45,33,11,5,10,25,25.0,2014-15
22014,1610612749,MIL,Milwaukee Bucks,0021400449,2014-12-27,MIL vs. ATL,L,240,85,31,80,0.388,12,30,0.4,11,14,0.786,13,34,47,21,5,10,19,18,-5.0,2014-15
22014,1610612755,PHI,Philadelphia 76ers,0021400450,2014-12-27,PHI @ UTA,L,242,71,24,74,0.324,5,26,0.192,18,28,0.643,10,34,44,11,8,5,16,20,-17.0,2014-15
22014,1610612751,BKN,Brooklyn Nets,0021400448,2014-12-27,BKN vs. IND,L,240,85,28,77,0.364,7,25,0.28,22,27,0.815,5,30,35,15,2,4,15,20,-25.0,2014-15
22014,1610612750,MIN,Minnesota Timberwolves,0021400452,2014-12-27,MIN @ GSW,L,239,97,34,77,0.442,8,19,0.421,21,36,0.583,13,34,47,29,10,5,24,18,-13.0,2014-15
22014,1610612738,BOS,Boston Celtics,0021400445,2014-12-27,BOS @ WAS,L,239,88,32,79,0.405,6,24,0.25,18,24,0.75,8,28,36,17,10,2,18,15,-13.0,2014-15
22014,1610612764,WAS,Washington Wizards,0021400445,2014-12-27,WAS vs. BOS,W,242,101,45,90,0.5,5,13,0.385,6,10,0.6,9,39,48,28,11,4,18,24,13.0,2014-15
22014,1610612748,MIA,Miami Heat,0021400446,2014-12-27,MIA vs. MEM,L,241,95,37,72,0.514,6,20,0.3,15,21,0.714,7,26,33,18,10,4,13,26,-8.0,2014-15
22014,1610612752,NYK,New York Knicks,0021400451,2014-12-27,NYK @ SAC,L,266,129,48,97,0.495,6,20,0.3,27,32,0.844,16,27,43,30,10,10,15,29,-6.0,2014-15
22014,1610612758,SAC,Sacramento Kings,0021400451,2014-12-27,SAC vs. NYK,W,265,135,49,89,0.551,8,16,0.5,29,33,0.879,10,29,39,23,9,7,17,27,6.0,2014-15
22014,1610612747,LAL,Los Angeles Lakers,0021400439,2014-12-26,LAL @ DAL,L,240,98,36,99,0.364,11,29,0.379,15,20,0.75,24,39,63,20,8,6,16,23,-4.0,2014-15
22014,1610612759,SAS,San Antonio Spurs,0021400437,2014-12-26,SAS @ NOP,L,240,90,37,75,0.493,6,14,0.429,10,14,0.714,1,38,39,25,2,4,17,17,-7.0,2014-15
22014,1610612750,MIN,Minnesota Timberwolves,0021400440,2014-12-26,MIN @ DEN,L,239,102,41,103,0.398,3,15,0.2,17,24,0.708,14,30,44,29,5,9,7,24,-4.0,2014-15
22014,1610612745,HOU,Houston Rockets,0021400436,2014-12-26,HOU @ MEM,W,267,117,41,91,0.451,14,34,0.412,21,28,0.75,13,41,54,25,2,7,14,23,6.0,2014-15
22014,1610612737,ATL,Atlanta Hawks,0021400434,2014-12-26,ATL vs. MIL,L,240,77,31,76,0.408,4,23,0.174,11,14,0.786,8,30,38,20,8,4,22,19,-30.0,2014-15
22014,1610612743,DEN,Denver Nuggets,0021400440,2014-12-26,DEN vs. MIN,W,241,106,39,95,0.411,3,19,0.158,25,32,0.781,22,40,62,18,1,6,18,23,4.0,2014-15
22014,1610612749,MIL,Milwaukee Bucks,0021400434,2014-12-26,MIL @ ATL,W,239,107,40,79,0.506,8,19,0.421,19,23,0.826,6,34,40,28,15,6,15,19,30.0,2014-15
22014,1610612763,MEM,Memphis Grizzlies,0021400436,2014-12-26,MEM vs. HOU,L,265,111,43,104,0.413,7,24,0.292,18,23,0.783,15,29,44,31,8,4,6,23,-6.0,2014-15
22014,1610612765,DET,Detroit Pistons,0021400435,2014-12-26,DET vs. IND,W,240,119,47,86,0.547,10,26,0.385,15,29,0.517,12,30,42,25,11,6,9,22,10.0,2014-15
22014,1610612753,ORL,Orlando Magic,0021400433,2014-12-26,ORL vs. CLE,L,240,89,36,73,0.493,9,21,0.429,8,12,0.667,5,31,36,25,8,4,16,25,-9.0,2014-15
22014,1610612755,PHI,Philadelphia 76ers,0021400441,2014-12-26,PHI @ POR,L,239,93,36,81,0.444,3,14,0.214,18,33,0.545,9,33,42,16,13,7,18,14,-21.0,2014-15
22014,1610612758,SAC,Sacramento Kings,0021400442,2014-12-26,SAC vs. PHX,L,239,106,41,93,0.441,7,20,0.35,17,24,0.708,18,30,48,18,8,2,12,15,-9.0,2014-15
22014,1610612751,BKN,Brooklyn Nets,0021400432,2014-12-26,BKN @ BOS,W,242,109,41,83,0.494,7,21,0.333,20,28,0.714,13,30,43,19,9,3,15,10,2.0,2014-15
22014,1610612756,PHX,Phoenix Suns,0021400442,2014-12-26,PHX @ SAC,W,239,115,46,94,0.489,14,33,0.424,9,12,0.75,16,30,46,25,6,11,14,17,9.0,2014-15
22014,1610612739,CLE,Cleveland Cavaliers,0021400433,2014-12-26,CLE @ ORL,W,238,98,33,80,0.413,8,30,0.267,24,26,0.923,8,29,37,19,10,5,9,14,9.0,2014-15
22014,1610612738,BOS,Boston Celtics,0021400432,2014-12-26,BOS vs. BKN,L,241,107,45,87,0.517,9,24,0.375,8,11,0.727,5,32,37,32,8,3,14,23,-2.0,2014-15
22014,1610612766,CHA,Charlotte Hornets,0021400438,2014-12-26,CHA @ OKC,L,240,75,25,87,0.287,5,24,0.208,20,26,0.769,15,37,52,12,8,2,15,20,-23.0,2014-15
22014,1610612757,POR,Portland Trail Blazers,0021400441,2014-12-26,POR vs. PHI,W,242,114,42,88,0.477,18,43,0.419,12,14,0.857,9,39,48,25,10,8,19,22,21.0,2014-15
22014,1610612754,IND,Indiana Pacers,0021400435,2014-12-26,IND @ DET,L,240,109,42,83,0.506,9,20,0.45,16,22,0.727,11,33,44,25,3,4,18,22,-10.0,2014-15
22014,1610612740,NOP,New Orleans Pelicans,0021400437,2014-12-26,NOP vs. SAS,W,239,97,35,84,0.417,6,17,0.353,21,24,0.875,7,37,44,25,8,7,8,15,7.0,2014-15
22014,1610612760,OKC,Oklahoma City Thunder,0021400438,2014-12-26,OKC vs. CHA,W,240,98,36,88,0.409,8,27,0.296,18,21,0.857,13,44,57,18,6,10,11,25,23.0,2014-15
22014,1610612742,DAL,Dallas Mavericks,0021400439,2014-12-26,DAL vs. LAL,W,241,102,42,83,0.506,5,18,0.278,13,24,0.542,6,34,40,20,9,6,13,21,4.0,2014-15
22014,1610612739,CLE,Cleveland Cavaliers,0021400429,2014-12-25,CLE @ MIA,L,239,91,32,72,0.444,6,26,0.231,21,33,0.636,11,26,37,16,8,4,15,15,-10.0,2014-15
22014,1610612744,GSW,Golden State Warriors,0021400431,2014-12-25,GSW @ LAC,L,240,86,34,80,0.425,6,28,0.214,12,22,0.545,8,36,44,24,11,4,16,21,-14.0,2014-15
22014,1610612746,LAC,Los Angeles Clippers,0021400431,2014-12-25,LAC vs. GSW,W,239,100,34,87,0.391,9,32,0.281,23,31,0.742,11,39,50,18,10,4,13,20,14.0,2014-15
22014,1610612748,MIA,Miami Heat,0021400429,2014-12-25,MIA vs. CLE,W,240,101,40,84,0.476,7,21,0.333,14,17,0.824,12,31,43,27,8,3,11,26,10.0,2014-15
22014,1610612747,LAL,Los Angeles Lakers,0021400430,2014-12-25,LAL @ CHI,L,241,93,36,92,0.391,5,16,0.313,16,21,0.762,16,23,39,18,9,8,4,21,-20.0,2014-15
22014,1610612741,CHI,Chicago Bulls,0021400430,2014-12-25,CHI vs. LAL,W,240,113,42,86,0.488,10,24,0.417,19,25,0.76,20,37,57,27,1,7,13,12,20.0,2014-15
22014,1610612760,OKC,Oklahoma City Thunder,0021400428,2014-12-25,OKC @ SAS,W,239,114,42,81,0.519,9,15,0.6,21,38,0.553,16,31,47,25,9,6,14,20,8.0,2014-15
22014,1610612764,WAS,Washington Wizards,0021400427,2014-12-25,WAS @ NYK,W,240,102,44,86,0.512,7,16,0.438,7,10,0.7,13,32,45,25,4,3,10,20,11.0,2014-15
22014,1610612759,SAS,San Antonio Spurs,0021400428,2014-12-25,SAS vs. OKC,L,240,106,42,81,0.519,7,23,0.304,15,21,0.714,10,28,38,33,8,5,16,26,-8.0,2014-15
22014,1610612752,NYK,New York Knicks,0021400427,2014-12-25,NYK vs. WAS,L,242,91,36,80,0.45,4,22,0.182,15,19,0.789,6,30,36,17,5,4,7,15,-11.0,2014-15
22014,1610612740,NOP,New Orleans Pelicans,0021400417,2014-12-23,NOP @ IND,L,240,84,33,83,0.398,4,20,0.2,14,19,0.737,9,37,46,15,4,2,15,18,-12.0,2014-15
22014,1610612764,WAS,Washington Wizards,0021400419,2014-12-23,WAS vs. CHI,L,242,91,38,89,0.427,5,9,0.556,10,16,0.625,7,34,41,21,7,5,8,17,-8.0,2014-15
22014,1610612744,GSW,Golden State Warriors,0021400426,2014-12-23,GSW @ LAL,L,239,105,39,84,0.464,12,26,0.462,15,17,0.882,11,28,39,20,8,2,19,18,-10.0,2014-15
22014,1610612737,ATL,Atlanta Hawks,0021400420,2014-12-23,ATL vs. LAC,W,240,107,34,76,0.447,12,23,0.522,27,35,0.771,9,34,43,28,6,3,14,21,3.0,2014-15
22014,1610612742,DAL,Dallas Mavericks,0021400425,2014-12-23,DAL @ PHX,L,241,115,41,88,0.466,9,25,0.36,24,29,0.828,14,35,49,22,4,1,20,27,-9.0,2014-15
22014,1610612747,LAL,Los Angeles Lakers,0021400426,2014-12-23,LAL vs. GSW,W,239,115,46,89,0.517,12,26,0.462,11,17,0.647,13,29,42,28,11,10,16,15,10.0,2014-15
22014,1610612760,OKC,Oklahoma City Thunder,0021400424,2014-12-23,OKC vs. POR,L,266,111,46,101,0.455,6,19,0.316,13,15,0.867,13,40,53,20,8,5,11,28,-4.0,2014-15
22014,1610612751,BKN,Brooklyn Nets,0021400421,2014-12-23,BKN vs. DEN,W,239,102,43,91,0.473,6,23,0.261,10,14,0.714,12,27,39,21,10,3,9,19,6.0,2014-15
22014,1610612756,PHX,Phoenix Suns,0021400425,2014-12-23,PHX vs. DAL,W,242,124,44,97,0.454,13,33,0.394,23,32,0.719,14,30,44,30,12,3,12,26,9.0,2014-15
22014,1610612757,POR,Portland Trail Blazers,0021400424,2014-12-23,POR @ OKC,W,266,115,38,91,0.418,17,31,0.548,22,24,0.917,9,37,46,22,6,2,14,20,4.0,2014-15
22014,1610612738,BOS,Boston Celtics,0021400418,2014-12-23,BOS @ ORL,L,241,95,33,85,0.388,7,23,0.304,22,29,0.759,9,36,45,22,10,4,12,21,-5.0,2014-15
22014,1610612766,CHA,Charlotte Hornets,0021400423,2014-12-23,CHA @ MIL,W,239,108,36,82,0.439,8,21,0.381,28,36,0.778,11,32,43,21,6,5,12,21,7.0,2014-15
22014,1610612755,PHI,Philadelphia 76ers,0021400422,2014-12-23,PHI @ MIA,W,240,91,33,77,0.429,5,19,0.263,20,27,0.741,14,28,42,11,13,11,16,20,4.0,2014-15
22014,1610612743,DEN,Denver Nuggets,0021400421,2014-12-23,DEN @ BKN,L,241,96,36,82,0.439,7,25,0.28,17,22,0.773,14,37,51,15,4,4,18,15,-6.0,2014-15
22014,1610612753,ORL,Orlando Magic,0021400418,2014-12-23,ORL vs. BOS,W,241,100,39,83,0.47,7,18,0.389,15,23,0.652,7,38,45,23,7,4,14,21,5.0,2014-15
22014,1610612749,MIL,Milwaukee Bucks,0021400423,2014-12-23,MIL vs. CHA,L,240,101,39,82,0.476,8,21,0.381,15,20,0.75,9,31,40,25,7,6,20,25,-7.0,2014-15
22014,1610612748,MIA,Miami Heat,0021400422,2014-12-23,MIA vs. PHI,L,241,87,33,80,0.413,8,26,0.308,13,18,0.722,14,25,39,13,10,6,20,19,-4.0,2014-15
22014,1610612739,CLE,Cleveland Cavaliers,0021400416,2014-12-23,CLE vs. MIN,W,240,125,44,84,0.524,12,24,0.5,25,31,0.806,12,26,38,24,11,6,17,23,21.0,2014-15
22014,1610612754,IND,Indiana Pacers,0021400417,2014-12-23,IND vs. NOP,W,239,96,39,78,0.5,5,15,0.333,13,18,0.722,3,35,38,24,9,12,9,19,12.0,2014-15
22014,1610612741,CHI,Chicago Bulls,0021400419,2014-12-23,CHI @ WAS,W,240,99,39,85,0.459,5,17,0.294,16,24,0.667,8,44,52,20,5,7,10,14,8.0,2014-15
22014,1610612750,MIN,Minnesota Timberwolves,0021400416,2014-12-23,MIN @ CLE,L,242,104,39,88,0.443,4,13,0.308,22,29,0.759,16,24,40,25,13,9,18,23,-21.0,2014-15
22014,1610612746,LAC,Los Angeles Clippers,0021400420,2014-12-23,LAC @ ATL,L,238,104,37,92,0.402,11,29,0.379,19,28,0.679,16,35,51,26,10,5,10,23,-3.0,2014-15
22014,1610612741,CHI,Chicago Bulls,0021400410,2014-12-22,CHI vs. TOR,W,239,129,40,74,0.541,6,12,0.5,43,47,0.915,12,29,41,20,4,13,15,20,9.0,2014-15
22014,1610612746,LAC,Los Angeles Clippers,0021400414,2014-12-22,LAC @ SAS,L,242,118,43,86,0.5,10,24,0.417,22,29,0.759,11,25,36,23,10,5,10,22,-7.0,2014-15
22014,1610612757,POR,Portland Trail Blazers,0021400411,2014-12-22,POR @ HOU,L,241,95,34,76,0.447,10,27,0.37,17,18,0.944,5,30,35,19,9,5,22,23,-15.0,2014-15
22014,1610612759,SAS,San Antonio Spurs,0021400414,2014-12-22,SAS vs. LAC,W,239,125,49,77,0.636,13,23,0.565,14,22,0.636,2,31,33,37,6,2,11,19,7.0,2014-15
22014,1610612761,TOR,Toronto Raptors,0021400410,2014-12-22,TOR @ CHI,L,240,120,44,100,0.44,9,30,0.3,23,32,0.719,18,19,37,15,10,3,7,30,-9.0,2014-15
22014,1610612743,DEN,Denver Nuggets,0021400409,2014-12-22,DEN @ CHA,L,240,82,31,82,0.378,2,18,0.111,18,24,0.75,9,28,37,11,6,4,13,20,-28.0,2014-15
22014,1610612744,GSW,Golden State Warriors,0021400415,2014-12-22,GSW vs. SAC,W,241,128,49,91,0.538,9,25,0.36,21,24,0.875,10,35,45,36,9,6,12,19,20.0,2014-15
22014,1610612762,UTA,Utah Jazz,0021400412,2014-12-22,UTA @ MEM,W,239,97,34,75,0.453,9,19,0.474,20,27,0.741,10,39,49,20,0,5,11,15,6.0,2014-15
22014,1610612758,SAC,Sacramento Kings,0021400415,2014-12-22,SAC @ GSW,L,241,108,43,90,0.478,8,17,0.471,14,21,0.667,9,30,39,31,5,5,13,17,-20.0,2014-15
22014,1610612763,MEM,Memphis Grizzlies,0021400412,2014-12-22,MEM vs. UTA,L,241,91,38,86,0.442,7,23,0.304,8,9,0.889,5,29,34,22,4,3,4,18,-6.0,2014-15
22014,1610612766,CHA,Charlotte Hornets,0021400409,2014-12-22,CHA vs. DEN,W,242,110,43,80,0.538,8,19,0.421,16,24,0.667,6,38,44,23,6,6,12,21,28.0,2014-15
22014,1610612737,ATL,Atlanta Hawks,0021400413,2014-12-22,ATL @ DAL,W,240,105,40,81,0.494,7,19,0.368,18,27,0.667,6,37,43,26,6,6,17,21,3.0,2014-15
22014,1610612742,DAL,Dallas Mavericks,0021400413,2014-12-22,DAL vs. ATL,L,239,102,39,90,0.433,11,28,0.393,13,20,0.65,13,34,47,23,12,5,15,23,-3.0,2014-15
22014,1610612745,HOU,Houston Rockets,0021400411,2014-12-22,HOU vs. POR,W,240,110,41,87,0.471,13,36,0.361,15,20,0.75,7,35,42,22,14,3,16,22,15.0,2014-15
22014,1610612739,CLE,Cleveland Cavaliers,0021400401,2014-12-21,CLE vs. MEM,W,239,105,46,76,0.605,7,14,0.5,6,10,0.6,4,29,33,34,2,4,14,19,14.0,2014-15
22014,1610612763,MEM,Memphis Grizzlies,0021400401,2014-12-21,MEM @ CLE,L,239,91,39,86,0.453,1,16,0.063,12,15,0.8,12,26,38,25,8,3,9,16,-14.0,2014-15
22014,1610612752,NYK,New York Knicks,0021400400,2014-12-21,NYK @ TOR,L,240,108,40,82,0.488,5,14,0.357,23,26,0.885,8,24,32,27,6,5,11,22,-10.0,2014-15
22014,1610612747,LAL,Los Angeles Lakers,0021400402,2014-12-21,LAL @ SAC,L,239,101,33,87,0.379,10,26,0.385,25,30,0.833,18,29,47,14,8,2,16,29,-7.0,2014-15
22014,1610612755,PHI,Philadelphia 76ers,0021400405,2014-12-21,PHI @ ORL,W,240,96,35,82,0.427,6,23,0.261,20,25,0.8,15,37,52,20,8,6,19,19,8.0,2014-15
22014,1610612761,TOR,Toronto Raptors,0021400400,2014-12-21,TOR vs. NYK,W,240,118,42,86,0.488,14,33,0.424,20,27,0.741,16,27,43,24,7,4,10,24,10.0,2014-15
22014,1610612758,SAC,Sacramento Kings,0021400402,2014-12-21,SAC vs. LAL,W,240,108,38,79,0.481,7,23,0.304,25,36,0.694,10,34,44,15,8,7,14,25,7.0,2014-15
22014,1610612756,PHX,Phoenix Suns,0021400406,2014-12-21,PHX @ WAS,W,241,104,40,78,0.513,6,17,0.353,18,25,0.72,12,33,45,13,3,8,17,24,12.0,2014-15
22014,1610612764,WAS,Washington Wizards,0021400406,2014-12-21,WAS vs. PHX,L,241,92,34,83,0.41,3,14,0.214,21,29,0.724,15,27,42,11,11,4,11,23,-12.0,2014-15
22014,1610612751,BKN,Brooklyn Nets,0021400403,2014-12-21,BKN vs. DET,W,239,110,40,76,0.526,8,20,0.4,22,29,0.759,3,34,37,29,9,4,15,18,5.0,2014-15
22014,1610612740,NOP,New Orleans Pelicans,0021400408,2014-12-21,NOP @ OKC,W,241,101,43,90,0.478,7,20,0.35,8,10,0.8,10,29,39,33,11,7,9,17,2.0,2014-15
22014,1610612750,MIN,Minnesota Timberwolves,0021400407,2014-12-21,MIN vs. IND,L,240,96,36,77,0.468,5,11,0.455,19,24,0.792,9,34,43,23,8,1,16,19,-4.0,2014-15
22014,1610612753,ORL,Orlando Magic,0021400405,2014-12-21,ORL vs. PHI,L,239,88,35,84,0.417,7,23,0.304,11,20,0.55,13,30,43,21,11,6,14,22,-8.0,2014-15
22014,1610612738,BOS,Boston Celtics,0021400404,2014-12-21,BOS @ MIA,L,239,84,33,83,0.398,6,23,0.261,12,15,0.8,14,28,42,22,6,4,15,18,-16.0,2014-15
22014,1610612760,OKC,Oklahoma City Thunder,0021400408,2014-12-21,OKC vs. NOP,L,241,99,38,83,0.458,5,20,0.25,18,24,0.75,16,31,47,17,7,5,16,13,-2.0,2014-15
22014,1610612754,IND,Indiana Pacers,0021400407,2014-12-21,IND @ MIN,W,240,100,42,84,0.5,6,19,0.316,10,14,0.714,8,28,36,25,9,6,13,17,4.0,2014-15
22014,1610612765,DET,Detroit Pistons,0021400403,2014-12-21,DET @ BKN,L,240,105,40,91,0.44,9,27,0.333,16,26,0.615,18,32,50,26,10,6,13,22,-5.0,2014-15
22014,1610612748,MIA,Miami Heat,0021400404,2014-12-21,MIA vs. BOS,W,239,100,37,78,0.474,6,21,0.286,20,26,0.769,6,32,38,18,9,3,8,14,16.0,2014-15
22014,1610612759,SAS,San Antonio Spurs,0021400397,2014-12-20,SAS @ DAL,L,240,93,32,77,0.416,3,13,0.231,26,26,1.0,12,36,48,10,6,2,19,20,-6.0,2014-15
22014,1610612762,UTA,Utah Jazz,0021400395,2014-12-20,UTA @ CHA,L,239,86,33,85,0.388,8,31,0.258,12,15,0.8,13,26,39,18,3,5,9,15,-18.0,2014-15
22014,1610612754,IND,Indiana Pacers,0021400398,2014-12-20,IND @ DEN,L,241,73,27,88,0.307,7,23,0.304,12,17,0.706,11,39,50,17,5,2,14,24,-3.0,2014-15
22014,1610612766,CHA,Charlotte Hornets,0021400395,2014-12-20,CHA vs. UTA,W,240,104,42,87,0.483,9,22,0.409,11,16,0.688,15,34,49,21,8,3,5,14,18.0,2014-15
22014,1610612737,ATL,Atlanta Hawks,0021400396,2014-12-20,ATL @ HOU,W,240,104,38,74,0.514,10,26,0.385,18,24,0.75,4,33,37,26,7,9,15,15,7.0,2014-15
22014,1610612745,HOU,Houston Rockets,0021400396,2014-12-20,HOU vs. ATL,L,241,97,34,86,0.395,15,43,0.349,14,18,0.778,15,28,43,27,8,4,16,25,-7.0,2014-15
22014,1610612752,NYK,New York Knicks,0021400393,2014-12-20,NYK vs. PHX,L,240,90,35,88,0.398,7,22,0.318,13,16,0.813,17,28,45,17,11,4,14,21,-9.0,2014-15
22014,1610612756,PHX,Phoenix Suns,0021400393,2014-12-20,PHX @ NYK,W,239,99,35,78,0.449,10,25,0.4,19,23,0.826,12,31,43,15,10,3,14,12,9.0,2014-15
22014,1610612746,LAC,Los Angeles Clippers,0021400399,2014-12-20,LAC vs. MIL,W,238,106,37,81,0.457,12,26,0.462,20,27,0.741,11,30,41,29,10,4,12,18,4.0,2014-15
22014,1610612749,MIL,Milwaukee Bucks,0021400399,2014-12-20,MIL @ LAC,L,240,102,43,81,0.531,8,24,0.333,8,15,0.533,10,36,46,29,6,1,18,26,-4.0,2014-15
22014,1610612743,DEN,Denver Nuggets,0021400398,2014-12-20,DEN vs. IND,W,242,76,30,82,0.366,2,16,0.125,14,19,0.737,9,40,49,14,7,7,16,20,3.0,2014-15
22014,1610612740,NOP,New Orleans Pelicans,0021400394,2014-12-20,NOP vs. POR,L,241,88,30,85,0.353,3,15,0.2,25,28,0.893,20,28,48,15,7,6,16,11,-26.0,2014-15
22014,1610612742,DAL,Dallas Mavericks,0021400397,2014-12-20,DAL vs. SAS,W,240,99,37,86,0.43,9,26,0.346,16,20,0.8,13,27,40,18,10,3,12,24,6.0,2014-15
22014,1610612757,POR,Portland Trail Blazers,0021400394,2014-12-20,POR @ NOP,W,240,114,48,90,0.533,9,25,0.36,9,15,0.6,10,35,45,25,11,3,13,25,26.0,2014-15
22014,1610612747,LAL,Los Angeles Lakers,0021400392,2014-12-19,LAL vs. OKC,L,239,103,41,85,0.482,10,25,0.4,11,15,0.733,5,38,43,28,3,5,10,21,-1.0,2014-15
22014,1610612760,OKC,Oklahoma City Thunder,0021400392,2014-12-19,OKC @ LAL,W,240,104,37,86,0.43,8,21,0.381,22,29,0.759,11,31,42,21,5,8,7,16,1.0,2014-15
22014,1610612746,LAC,Los Angeles Clippers,0021400391,2014-12-19,LAC @ DEN,L,241,106,39,85,0.459,3,18,0.167,25,33,0.758,13,26,39,21,14,4,11,22,-3.0,2014-15
22014,1610612741,CHI,Chicago Bulls,0021400389,2014-12-19,CHI @ MEM,W,241,103,32,73,0.438,10,26,0.385,29,33,0.879,8,43,51,17,2,3,9,18,6.0,2014-15
22014,1610612753,ORL,Orlando Magic,0021400383,2014-12-19,ORL vs. UTA,L,240,94,37,83,0.446,12,22,0.545,8,12,0.667,9,25,34,28,6,2,12,22,-7.0,2014-15
22014,1610612762,UTA,Utah Jazz,0021400383,2014-12-19,UTA @ ORL,W,240,101,39,73,0.534,4,11,0.364,19,24,0.792,7,35,42,24,4,5,15,14,7.0,2014-15
22014,1610612743,DEN,Denver Nuggets,0021400391,2014-12-19,DEN vs. LAC,W,239,109,38,80,0.475,11,29,0.379,22,30,0.733,9,31,40,30,6,1,21,24,3.0,2014-15
22014,1610612763,MEM,Memphis Grizzlies,0021400389,2014-12-19,MEM vs. CHI,L,241,97,37,94,0.394,2,13,0.154,21,24,0.875,14,31,45,12,4,6,4,25,-6.0,2014-15
22014,1610612748,MIA,Miami Heat,0021400388,2014-12-19,MIA vs. WAS,L,241,103,40,75,0.533,9,19,0.474,14,19,0.737,5,29,34,22,7,3,15,27,-2.0,2014-15
22014,1610612765,DET,Detroit Pistons,0021400387,2014-12-19,DET vs. TOR,L,241,100,41,94,0.436,8,25,0.32,10,15,0.667,14,35,49,28,5,7,11,20,-10.0,2014-15
22014,1610612739,CLE,Cleveland Cavaliers,0021400386,2014-12-19,CLE vs. BKN,W,241,95,31,77,0.403,9,24,0.375,24,29,0.828,11,33,44,22,7,4,16,16,4.0,2014-15
22014,1610612751,BKN,Brooklyn Nets,0021400386,2014-12-19,BKN @ CLE,L,240,91,37,78,0.474,9,24,0.375,8,12,0.667,4,33,37,23,8,8,16,26,-4.0,2014-15
22014,1610612766,CHA,Charlotte Hornets,0021400384,2014-12-19,CHA @ PHI,W,241,109,43,98,0.439,10,24,0.417,13,17,0.765,17,28,45,25,10,3,14,17,18.0,2014-15
22014,1610612738,BOS,Boston Celtics,0021400385,2014-12-19,BOS vs. MIN,W,240,114,48,85,0.565,8,23,0.348,10,14,0.714,12,31,43,29,9,6,13,20,16.0,2014-15
22014,1610612764,WAS,Washington Wizards,0021400388,2014-12-19,WAS @ MIA,W,240,105,39,79,0.494,3,14,0.214,24,33,0.727,13,23,36,24,6,3,9,17,2.0,2014-15
22014,1610612750,MIN,Minnesota Timberwolves,0021400385,2014-12-19,MIN @ BOS,L,240,98,42,93,0.452,6,12,0.5,8,16,0.5,15,22,37,23,8,5,13,13,-16.0,2014-15
22014,1610612755,PHI,Philadelphia 76ers,0021400384,2014-12-19,PHI vs. CHA,L,240,91,32,71,0.451,12,26,0.462,15,17,0.882,2,33,35,23,6,12,24,17,-18.0,2014-15
22014,1610612757,POR,Portland Trail Blazers,0021400390,2014-12-19,POR @ SAS,W,314,129,47,110,0.427,13,35,0.371,22,23,0.957,15,43,58,18,12,5,14,24,10.0,2014-15
22014,1610612759,SAS,San Antonio Spurs,0021400390,2014-12-19,SAS vs. POR,L,314,119,45,109,0.413,8,20,0.4,21,26,0.808,17,43,60,24,8,4,16,22,-10.0,2014-15
22014,1610612761,TOR,Toronto Raptors,0021400387,2014-12-19,TOR @ DET,W,240,110,42,88,0.477,8,27,0.296,18,24,0.75,9,38,47,24,4,5,8,16,10.0,2014-15
22014,1610612740,NOP,New Orleans Pelicans,0021400380,2014-12-18,NOP @ HOU,W,239,99,38,82,0.463,5,18,0.278,18,22,0.818,12,33,45,21,4,8,12,17,9.0,2014-15
22014,1610612745,HOU,Houston Rockets,0021400380,2014-12-18,HOU vs. NOP,L,240,90,33,86,0.384,6,25,0.24,18,23,0.783,12,31,43,19,8,4,11,18,-9.0,2014-15
22014,1610612744,GSW,Golden State Warriors,0021400382,2014-12-18,GSW vs. OKC,W,240,114,48,94,0.511,12,31,0.387,6,10,0.6,10,29,39,32,9,7,9,15,5.0,2014-15
22014,1610612741,CHI,Chicago Bulls,0021400379,2014-12-18,CHI vs. NYK,W,241,103,34,75,0.453,12,23,0.522,23,30,0.767,11,21,32,23,9,8,11,17,6.0,2014-15
22014,1610612758,SAC,Sacramento Kings,0021400381,2014-12-18,SAC vs. MIL,L,240,107,38,67,0.567,6,14,0.429,25,33,0.758,4,31,35,24,5,0,21,23,-1.0,2014-15
22014,1610612749,MIL,Milwaukee Bucks,0021400381,2014-12-18,MIL @ SAC,W,240,108,37,75,0.493,13,23,0.565,21,27,0.778,5,22,27,24,7,2,16,26,1.0,2014-15
22014,1610612752,NYK,New York Knicks,0021400379,2014-12-18,NYK @ CHI,L,241,97,38,82,0.463,6,9,0.667,15,19,0.789,14,27,41,19,7,6,16,24,-6.0,2014-15
22014,1610612760,OKC,Oklahoma City Thunder,0021400382,2014-12-18,OKC @ GSW,L,240,109,41,86,0.477,11,25,0.44,16,24,0.667,8,35,43,17,5,4,15,15,-5.0,2014-15
22014,1610612738,BOS,Boston Celtics,0021400371,2014-12-17,BOS vs. ORL,W,239,109,44,80,0.55,7,19,0.368,14,18,0.778,7,35,42,25,9,8,14,16,17.0,2014-15
22014,1610612753,ORL,Orlando Magic,0021400371,2014-12-17,ORL @ BOS,L,240,92,37,85,0.435,5,19,0.263,13,15,0.867,10,26,36,17,8,1,12,16,-17.0,2014-15
22014,1610612761,TOR,Toronto Raptors,0021400374,2014-12-17,TOR vs. BKN,W,240,105,41,80,0.513,10,20,0.5,13,19,0.684,11,31,42,24,6,4,9,21,16.0,2014-15
22014,1610612748,MIA,Miami Heat,0021400373,2014-12-17,MIA vs. UTA,L,239,87,27,70,0.386,4,17,0.235,29,40,0.725,8,23,31,10,10,0,11,24,-18.0,2014-15
22014,1610612745,HOU,Houston Rockets,0021400378,2014-12-17,HOU @ DEN,W,266,115,35,85,0.412,8,28,0.286,37,48,0.771,10,45,55,17,7,5,16,23,4.0,2014-15
22014,1610612763,MEM,Memphis Grizzlies,0021400375,2014-12-17,MEM @ SAS,W,314,117,48,107,0.449,10,27,0.37,11,14,0.786,13,45,58,29,12,6,12,27,1.0,2014-15
22014,1610612754,IND,Indiana Pacers,0021400377,2014-12-17,IND @ LAC,L,240,100,40,90,0.444,4,19,0.211,16,23,0.696,14,29,43,27,6,4,12,30,-2.0,2014-15
22014,1610612737,ATL,Atlanta Hawks,0021400370,2014-12-17,ATL @ CLE,W,241,127,49,76,0.645,16,28,0.571,13,16,0.813,6,34,40,36,3,5,9,17,29.0,2014-15
22014,1610612762,UTA,Utah Jazz,0021400373,2014-12-17,UTA @ MIA,W,238,105,35,66,0.53,14,25,0.56,21,24,0.875,6,32,38,23,4,5,18,26,18.0,2014-15
22014,1610612756,PHX,Phoenix Suns,0021400369,2014-12-17,PHX @ CHA,W,240,111,43,82,0.524,9,25,0.36,16,21,0.762,8,35,43,22,4,7,8,15,5.0,2014-15
22014,1610612766,CHA,Charlotte Hornets,0021400369,2014-12-17,CHA vs. PHX,L,240,106,40,86,0.465,10,24,0.417,16,22,0.727,8,27,35,22,6,3,6,16,-5.0,2014-15
22014,1610612743,DEN,Denver Nuggets,0021400378,2014-12-17,DEN vs. HOU,L,266,111,40,99,0.404,13,30,0.433,18,23,0.783,16,35,51,30,8,1,15,36,-4.0,2014-15
22014,1610612739,CLE,Cleveland Cavaliers,0021400370,2014-12-17,CLE vs. ATL,L,242,98,37,82,0.451,8,30,0.267,16,21,0.762,10,23,33,24,3,0,8,17,-29.0,2014-15
22014,1610612757,POR,Portland Trail Blazers,0021400376,2014-12-17,POR vs. MIL,W,241,104,41,87,0.471,7,23,0.304,15,29,0.517,16,36,52,25,4,3,14,19,7.0,2014-15
22014,1610612742,DAL,Dallas Mavericks,0021400372,2014-12-17,DAL @ DET,W,239,117,40,79,0.506,10,22,0.455,27,35,0.771,9,36,45,29,9,4,14,15,11.0,2014-15
22014,1610612749,MIL,Milwaukee Bucks,0021400376,2014-12-17,MIL @ POR,L,240,97,37,77,0.481,7,19,0.368,16,22,0.727,5,27,32,16,8,0,13,25,-7.0,2014-15
22014,1610612746,LAC,Los Angeles Clippers,0021400377,2014-12-17,LAC vs. IND,W,240,102,34,78,0.436,6,18,0.333,28,45,0.622,14,37,51,20,7,4,12,15,2.0,2014-15
22014,1610612765,DET,Detroit Pistons,0021400372,2014-12-17,DET vs. DAL,L,238,106,40,89,0.449,13,33,0.394,13,19,0.684,10,32,42,22,9,4,11,27,-11.0,2014-15
22014,1610612759,SAS,San Antonio Spurs,0021400375,2014-12-17,SAS vs. MEM,L,314,116,43,105,0.41,17,35,0.486,13,27,0.481,19,41,60,31,6,11,14,16,-1.0,2014-15
22014,1610612751,BKN,Brooklyn Nets,0021400374,2014-12-17,BKN @ TOR,L,240,89,35,81,0.432,9,27,0.333,10,22,0.455,14,29,43,20,3,8,13,16,-16.0,2014-15
22014,1610612762,UTA,Utah Jazz,0021400366,2014-12-16,UTA @ NOP,L,240,111,45,90,0.5,5,15,0.333,16,19,0.842,18,19,37,19,6,7,15,18,-8.0,2014-15
22014,1610612750,MIN,Minnesota Timberwolves,0021400363,2014-12-16,MIN @ WAS,L,239,95,36,81,0.444,3,8,0.375,20,35,0.571,11,30,41,17,7,5,9,18,-14.0,2014-15
22014,1610612742,DAL,Dallas Mavericks,0021400367,2014-12-16,DAL @ NYK,W,240,107,42,83,0.506,15,33,0.455,8,8,1.0,10,31,41,30,9,4,17,14,20.0,2014-15
22014,1610612752,NYK,New York Knicks,0021400367,2014-12-16,NYK vs. DAL,L,240,87,37,84,0.44,5,21,0.238,8,10,0.8,10,25,35,23,11,5,12,13,-20.0,2014-15
22014,1610612763,MEM,Memphis Grizzlies,0021400365,2014-12-16,MEM vs. GSW,W,240,105,42,92,0.457,5,14,0.357,16,19,0.842,10,38,48,24,9,4,12,16,7.0,2014-15
22014,1610612748,MIA,Miami Heat,0021400364,2014-12-16,MIA @ BKN,W,241,95,33,72,0.458,9,24,0.375,20,26,0.769,7,34,41,20,9,2,18,23,4.0,2014-15
22014,1610612758,SAC,Sacramento Kings,0021400368,2014-12-16,SAC vs. OKC,L,240,92,36,84,0.429,5,18,0.278,15,17,0.882,13,35,48,21,7,3,17,21,-12.0,2014-15
22014,1610612744,GSW,Golden State Warriors,0021400365,2014-12-16,GSW @ MEM,L,240,98,39,95,0.411,9,31,0.29,11,12,0.917,15,34,49,18,9,11,14,19,-7.0,2014-15
22014,1610612751,BKN,Brooklyn Nets,0021400364,2014-12-16,BKN vs. MIA,L,239,91,30,77,0.39,8,28,0.286,23,32,0.719,11,26,37,25,9,2,17,26,-4.0,2014-15
22014,1610612764,WAS,Washington Wizards,0021400363,2014-12-16,WAS vs. MIN,W,239,109,43,86,0.5,10,17,0.588,13,18,0.722,10,36,46,29,7,8,10,25,14.0,2014-15
22014,1610612760,OKC,Oklahoma City Thunder,0021400368,2014-12-16,OKC @ SAC,W,239,104,41,87,0.471,6,20,0.3,16,24,0.667,12,29,41,18,9,9,10,20,12.0,2014-15
22014,1610612740,NOP,New Orleans Pelicans,0021400366,2014-12-16,NOP vs. UTA,W,241,119,47,79,0.595,8,16,0.5,17,18,0.944,9,23,32,24,9,9,16,20,8.0,2014-15
22014,1610612747,LAL,Los Angeles Lakers,0021400356,2014-12-15,LAL @ IND,L,242,91,29,88,0.33,10,26,0.385,23,29,0.793,11,27,38,14,10,5,9,20,-19.0,2014-15
22014,1610612756,PHX,Phoenix Suns,0021400360,2014-12-15,PHX vs. MIL,L,241,94,30,75,0.4,12,38,0.316,22,27,0.815,16,26,42,17,12,5,20,24,-2.0,2014-15
22014,1610612749,MIL,Milwaukee Bucks,0021400360,2014-12-15,MIL @ PHX,W,240,96,35,73,0.479,8,16,0.5,18,22,0.818,5,28,33,23,10,1,21,27,2.0,2014-15
22014,1610612754,IND,Indiana Pacers,0021400356,2014-12-15,IND vs. LAL,W,239,110,40,83,0.482,7,17,0.412,23,27,0.852,11,42,53,21,7,2,13,20,19.0,2014-15
22014,1610612765,DET,Detroit Pistons,0021400362,2014-12-15,DET @ LAC,L,240,91,35,83,0.422,8,27,0.296,13,22,0.591,17,24,41,23,10,3,17,19,-22.0,2014-15
22014,1610612753,ORL,Orlando Magic,0021400359,2014-12-15,ORL @ TOR,L,241,82,36,74,0.486,4,15,0.267,6,8,0.75,6,30,36,13,5,7,19,19,-13.0,2014-15
22014,1610612741,CHI,Chicago Bulls,0021400358,2014-12-15,CHI @ ATL,L,241,86,35,93,0.376,6,29,0.207,10,14,0.714,15,42,57,18,3,6,14,17,-7.0,2014-15
22014,1610612737,ATL,Atlanta Hawks,0021400358,2014-12-15,ATL vs. CHI,W,240,93,36,83,0.434,7,21,0.333,14,17,0.824,5,35,40,26,10,7,9,17,7.0,2014-15
22014,1610612761,TOR,Toronto Raptors,0021400359,2014-12-15,TOR vs. ORL,W,240,95,37,83,0.446,11,30,0.367,10,15,0.667,12,27,39,25,8,4,11,14,13.0,2014-15
22014,1610612746,LAC,Los Angeles Clippers,0021400362,2014-12-15,LAC vs. DET,W,239,113,43,80,0.538,12,24,0.5,15,20,0.75,12,29,41,35,9,3,14,21,22.0,2014-15
22014,1610612738,BOS,Boston Celtics,0021400357,2014-12-15,BOS @ PHI,W,239,105,38,86,0.442,6,25,0.24,23,35,0.657,16,36,52,26,15,5,22,23,18.0,2014-15
22014,1610612739,CLE,Cleveland Cavaliers,0021400355,2014-12-15,CLE vs. CHA,W,241,97,38,83,0.458,9,24,0.375,12,17,0.706,8,35,43,28,10,5,10,14,9.0,2014-15
22014,1610612766,CHA,Charlotte Hornets,0021400355,2014-12-15,CHA @ CLE,L,240,88,38,83,0.458,5,16,0.313,7,14,0.5,5,32,37,22,4,5,10,14,-9.0,2014-15
22014,1610612755,PHI,Philadelphia 76ers,0021400357,2014-12-15,PHI vs. BOS,L,240,87,33,93,0.355,4,28,0.143,17,21,0.81,16,32,48,19,11,9,22,28,-18.0,2014-15
22014,1610612757,POR,Portland Trail Blazers,0021400361,2014-12-15,POR vs. SAS,W,240,108,41,89,0.461,7,18,0.389,19,22,0.864,11,35,46,18,8,2,11,19,13.0,2014-15
22014,1610612759,SAS,San Antonio Spurs,0021400361,2014-12-15,SAS @ POR,L,240,95,38,78,0.487,4,11,0.364,15,22,0.682,9,33,42,19,5,4,15,21,-13.0,2014-15
22014,1610612740,NOP,New Orleans Pelicans,0021400348,2014-12-14,NOP vs. GSW,L,266,122,47,101,0.465,8,27,0.296,20,25,0.8,12,32,44,22,14,6,13,27,-6.0,2014-15
22014,1610612744,GSW,Golden State Warriors,0021400348,2014-12-14,GSW @ NOP,W,266,128,44,86,0.512,11,24,0.458,29,35,0.829,8,38,46,22,7,9,19,19,6.0,2014-15
22014,1610612752,NYK,New York Knicks,0021400353,2014-12-14,NYK vs. TOR,L,265,90,29,78,0.372,9,29,0.31,23,28,0.821,12,31,43,15,11,4,22,22,-5.0,2014-15
22014,1610612761,TOR,Toronto Raptors,0021400353,2014-12-14,TOR @ NYK,W,265,95,36,78,0.462,9,24,0.375,14,18,0.778,9,33,42,24,14,2,23,25,5.0,2014-15
22014,1610612762,UTA,Utah Jazz,0021400350,2014-12-14,UTA @ WAS,L,240,84,30,78,0.385,5,17,0.294,19,28,0.679,12,33,45,13,8,7,17,18,-9.0,2014-15
22014,1610612764,WAS,Washington Wizards,0021400350,2014-12-14,WAS vs. UTA,W,241,93,41,84,0.488,4,13,0.308,7,12,0.583,10,31,41,20,11,9,15,21,9.0,2014-15
22014,1610612743,DEN,Denver Nuggets,0021400354,2014-12-14,DEN vs. SAS,L,240,91,34,83,0.41,8,16,0.5,15,21,0.714,15,30,45,20,10,4,21,29,-8.0,2014-15
22014,1610612750,MIN,Minnesota Timberwolves,0021400351,2014-12-14,MIN vs. LAL,L,240,94,38,90,0.422,3,10,0.3,15,20,0.75,14,32,46,25,6,3,14,21,-6.0,2014-15
22014,1610612759,SAS,San Antonio Spurs,0021400354,2014-12-14,SAS @ DEN,W,240,99,34,74,0.459,5,16,0.313,26,35,0.743,11,32,43,26,9,11,13,20,8.0,2014-15
22014,1610612748,MIA,Miami Heat,0021400349,2014-12-14,MIA vs. CHI,L,240,75,28,80,0.35,4,22,0.182,15,18,0.833,13,27,40,12,13,5,13,22,-18.0,2014-15
22014,1610612747,LAL,Los Angeles Lakers,0021400351,2014-12-14,LAL @ MIN,W,240,100,34,81,0.42,5,17,0.294,27,34,0.794,11,34,45,22,10,5,11,17,6.0,2014-15
22014,1610612741,CHI,Chicago Bulls,0021400349,2014-12-14,CHI @ MIA,W,239,93,33,71,0.465,9,18,0.5,18,21,0.857,8,36,44,21,4,8,19,18,18.0,2014-15
22014,1610612756,PHX,Phoenix Suns,0021400352,2014-12-14,PHX @ OKC,L,240,88,34,99,0.343,7,31,0.226,13,18,0.722,14,26,40,21,11,3,10,22,-24.0,2014-15
22014,1610612760,OKC,Oklahoma City Thunder,0021400352,2014-12-14,OKC vs. PHX,W,240,112,39,80,0.488,4,18,0.222,30,34,0.882,14,49,63,20,7,5,18,19,24.0,2014-15
22014,1610612751,BKN,Brooklyn Nets,0021400341,2014-12-13,BKN @ CHA,W,238,114,42,72,0.583,16,23,0.696,14,20,0.7,4,39,43,29,4,4,13,24,27.0,2014-15
22014,1610612746,LAC,Los Angeles Clippers,0021400344,2014-12-13,LAC @ MIL,L,240,106,39,91,0.429,14,29,0.483,14,19,0.737,10,25,35,24,8,3,12,24,-5.0,2014-15
22014,1610612754,IND,Indiana Pacers,0021400342,2014-12-13,IND vs. POR,L,241,85,34,88,0.386,4,15,0.267,13,16,0.813,12,37,49,16,8,2,13,18,-10.0,2014-15
22014,1610612766,CHA,Charlotte Hornets,0021400341,2014-12-13,CHA vs. BKN,L,239,87,31,79,0.392,8,22,0.364,17,27,0.63,9,25,34,16,3,4,6,19,-27.0,2014-15
22014,1610612757,POR,Portland Trail Blazers,0021400342,2014-12-13,POR @ IND,W,240,95,40,90,0.444,5,17,0.294,10,12,0.833,11,35,46,21,9,5,12,21,10.0,2014-15
22014,1610612749,MIL,Milwaukee Bucks,0021400344,2014-12-13,MIL vs. LAC,W,240,111,43,76,0.566,7,11,0.636,18,24,0.75,6,33,39,25,3,4,15,19,5.0,2014-15
22014,1610612737,ATL,Atlanta Hawks,0021400343,2014-12-13,ATL @ ORL,L,240,99,35,84,0.417,8,27,0.296,21,24,0.875,9,32,41,24,4,4,10,19,-1.0,2014-15
22014,1610612758,SAC,Sacramento Kings,0021400347,2014-12-13,SAC vs. DET,L,240,90,33,93,0.355,11,29,0.379,13,19,0.684,22,33,55,21,4,7,16,18,-5.0,2014-15
22014,1610612755,PHI,Philadelphia 76ers,0021400345,2014-12-13,PHI vs. MEM,L,264,115,40,82,0.488,11,28,0.393,24,34,0.706,10,35,45,22,11,4,16,24,-5.0,2014-15
22014,1610612753,ORL,Orlando Magic,0021400343,2014-12-13,ORL vs. ATL,W,241,100,37,74,0.5,10,21,0.476,16,21,0.762,7,29,36,26,6,6,15,15,1.0,2014-15
22014,1610612763,MEM,Memphis Grizzlies,0021400345,2014-12-13,MEM @ PHI,W,266,120,45,93,0.484,11,26,0.423,19,27,0.704,9,33,42,33,9,4,14,24,5.0,2014-15
22014,1610612765,DET,Detroit Pistons,0021400347,2014-12-13,DET @ SAC,W,240,95,35,79,0.443,6,20,0.3,19,23,0.826,8,35,43,22,10,9,13,18,5.0,2014-15
22014,1610612742,DAL,Dallas Mavericks,0021400340,2014-12-13,DAL vs. GSW,L,242,98,36,89,0.404,5,25,0.2,21,30,0.7,17,36,53,14,11,0,15,23,-7.0,2014-15
22014,1610612744,GSW,Golden State Warriors,0021400340,2014-12-13,GSW @ DAL,W,239,105,37,83,0.446,10,32,0.313,21,27,0.778,9,36,45,21,7,7,13,24,7.0,2014-15
22014,1610612743,DEN,Denver Nuggets,0021400346,2014-12-13,DEN @ HOU,L,238,96,36,96,0.375,7,28,0.25,17,26,0.654,15,36,51,24,7,7,15,26,-12.0,2014-15
22014,1610612745,HOU,Houston Rockets,0021400346,2014-12-13,HOU vs. DEN,W,240,108,39,88,0.443,10,34,0.294,20,34,0.588,13,39,52,20,8,7,14,21,12.0,2014-15
22014,1610612753,ORL,Orlando Magic,0021400330,2014-12-12,ORL @ ATL,L,240,81,30,77,0.39,9,26,0.346,12,16,0.75,9,37,46,14,3,4,18,27,-6.0,2014-15
22014,1610612748,MIA,Miami Heat,0021400338,2014-12-12,MIA @ UTA,W,240,100,36,72,0.5,7,20,0.35,21,31,0.677,7,28,35,19,6,3,9,16,5.0,2014-15
22014,1610612751,BKN,Brooklyn Nets,0021400332,2014-12-12,BKN vs. PHI,W,238,88,36,81,0.444,5,20,0.25,11,17,0.647,13,34,47,25,16,5,17,15,18.0,2014-15
22014,1610612741,CHI,Chicago Bulls,0021400328,2014-12-12,CHI vs. POR,W,242,115,44,88,0.5,5,15,0.333,22,28,0.786,14,33,47,18,5,3,7,11,9.0,2014-15
22014,1610612740,NOP,New Orleans Pelicans,0021400336,2014-12-12,NOP vs. CLE,W,240,119,44,79,0.557,12,28,0.429,19,25,0.76,6,33,39,21,5,6,7,15,5.0,2014-15
22014,1610612755,PHI,Philadelphia 76ers,0021400332,2014-12-12,PHI @ BKN,L,240,70,22,69,0.319,11,28,0.393,15,20,0.75,10,27,37,18,10,4,23,20,-18.0,2014-15
22014,1610612747,LAL,Los Angeles Lakers,0021400339,2014-12-12,LAL @ SAS,W,265,112,44,96,0.458,12,24,0.5,12,15,0.8,14,35,49,27,11,4,14,19,2.0,2014-15
22014,1610612750,MIN,Minnesota Timberwolves,0021400335,2014-12-12,MIN vs. OKC,L,241,92,36,78,0.462,1,7,0.143,19,29,0.655,9,22,31,21,11,9,15,16,-19.0,2014-15
22014,1610612760,OKC,Oklahoma City Thunder,0021400335,2014-12-12,OKC @ MIN,W,240,111,45,88,0.511,6,24,0.25,15,20,0.75,16,31,47,23,11,6,17,23,19.0,2014-15
22014,1610612761,TOR,Toronto Raptors,0021400333,2014-12-12,TOR vs. IND,W,240,106,38,91,0.418,10,26,0.385,20,22,0.909,16,36,52,21,2,3,10,23,12.0,2014-15
22014,1610612756,PHX,Phoenix Suns,0021400337,2014-12-12,PHX vs. DET,L,241,103,39,83,0.47,10,31,0.323,15,19,0.789,10,27,37,16,11,5,17,24,-2.0,2014-15
22014,1610612764,WAS,Washington Wizards,0021400329,2014-12-12,WAS vs. LAC,W,239,104,39,80,0.488,9,16,0.563,17,21,0.81,9,28,37,28,10,6,14,25,8.0,2014-15
22014,1610612765,DET,Detroit Pistons,0021400337,2014-12-12,DET @ PHX,W,241,105,40,84,0.476,4,15,0.267,21,27,0.778,13,34,47,17,11,3,18,18,2.0,2014-15
22014,1610612738,BOS,Boston Celtics,0021400331,2014-12-12,BOS vs. NYK,L,240,95,37,85,0.435,7,22,0.318,14,18,0.778,12,29,41,28,3,3,17,18,-6.0,2014-15
22014,1610612759,SAS,San Antonio Spurs,0021400339,2014-12-12,SAS vs. LAL,L,264,110,42,90,0.467,12,31,0.387,14,21,0.667,12,35,47,23,10,5,19,16,-2.0,2014-15
22014,1610612746,LAC,Los Angeles Clippers,0021400329,2014-12-12,LAC @ WAS,L,240,96,32,75,0.427,6,20,0.3,26,31,0.839,12,25,37,14,7,2,18,20,-8.0,2014-15
22014,1610612754,IND,Indiana Pacers,0021400333,2014-12-12,IND @ TOR,L,240,94,33,80,0.413,8,22,0.364,20,23,0.87,6,33,39,24,4,7,12,22,-12.0,2014-15
22014,1610612766,CHA,Charlotte Hornets,0021400334,2014-12-12,CHA @ MEM,L,289,107,41,98,0.418,6,17,0.353,19,27,0.704,13,36,49,16,8,11,14,29,-6.0,2014-15
22014,1610612739,CLE,Cleveland Cavaliers,0021400336,2014-12-12,CLE @ NOP,L,241,114,44,89,0.494,8,22,0.364,18,23,0.783,11,29,40,22,6,6,6,19,-5.0,2014-15
22014,1610612763,MEM,Memphis Grizzlies,0021400334,2014-12-12,MEM vs. CHA,W,290,113,39,85,0.459,6,13,0.462,29,38,0.763,7,40,47,21,7,9,20,22,6.0,2014-15
22014,1610612752,NYK,New York Knicks,0021400331,2014-12-12,NYK @ BOS,W,239,101,40,81,0.494,6,16,0.375,15,18,0.833,11,29,40,26,13,5,13,20,6.0,2014-15
22014,1610612737,ATL,Atlanta Hawks,0021400330,2014-12-12,ATL vs. ORL,W,241,87,29,78,0.372,9,29,0.31,20,27,0.741,5,37,42,24,12,3,12,12,6.0,2014-15
22014,1610612757,POR,Portland Trail Blazers,0021400328,2014-12-12,POR @ CHI,L,239,106,43,88,0.489,12,24,0.5,8,11,0.727,11,26,37,20,3,5,10,17,-9.0,2014-15
22014,1610612762,UTA,Utah Jazz,0021400338,2014-12-12,UTA vs. MIA,L,241,95,34,77,0.442,8,28,0.286,19,22,0.864,12,32,44,16,4,6,11,18,-5.0,2014-15
22014,1610612758,SAC,Sacramento Kings,0021400327,2014-12-11,SAC vs. HOU,L,265,109,39,84,0.464,8,18,0.444,23,34,0.676,11,33,44,22,8,4,21,23,-4.0,2014-15
22014,1610612739,CLE,Cleveland Cavaliers,0021400326,2014-12-11,CLE @ OKC,L,240,94,31,85,0.365,9,28,0.321,23,30,0.767,15,33,48,20,5,4,14,20,-9.0,2014-15
22014,1610612760,OKC,Oklahoma City Thunder,0021400326,2014-12-11,OKC vs. CLE,W,240,103,38,87,0.437,7,26,0.269,20,22,0.909,11,35,46,22,9,11,11,23,9.0,2014-15
22014,1610612745,HOU,Houston Rockets,0021400327,2014-12-11,HOU @ SAC,W,265,113,38,95,0.4,15,44,0.341,22,31,0.71,14,28,42,18,13,3,14,27,4.0,2014-15
22014,1610612752,NYK,New York Knicks,0021400322,2014-12-10,NYK @ SAS,L,241,95,37,76,0.487,6,15,0.4,15,17,0.882,10,26,36,22,4,1,17,25,-14.0,2014-15
22014,1610612738,BOS,Boston Celtics,0021400316,2014-12-10,BOS @ CHA,L,243,87,38,87,0.437,5,23,0.217,6,10,0.6,6,39,45,26,3,1,14,27,-9.0,2014-15
22014,1610612743,DEN,Denver Nuggets,0021400325,2014-12-10,DEN vs. MIA,W,240,102,38,85,0.447,8,23,0.348,18,27,0.667,17,33,50,21,7,4,10,18,20.0,2014-15
22014,1610612759,SAS,San Antonio Spurs,0021400322,2014-12-10,SAS vs. NYK,W,239,109,37,73,0.507,10,19,0.526,25,30,0.833,8,27,35,22,10,4,9,16,14.0,2014-15
22014,1610612766,CHA,Charlotte Hornets,0021400316,2014-12-10,CHA vs. BOS,W,240,96,35,84,0.417,3,14,0.214,23,29,0.793,7,37,44,18,5,3,10,14,9.0,2014-15
22014,1610612755,PHI,Philadelphia 76ers,0021400319,2014-12-10,PHI @ ATL,L,240,79,30,72,0.417,6,25,0.24,13,22,0.591,7,32,39,21,10,10,18,18,-16.0,2014-15
22014,1610612741,CHI,Chicago Bulls,0021400320,2014-12-10,CHI vs. BKN,W,240,105,37,79,0.468,8,22,0.364,23,32,0.719,15,42,57,21,6,11,15,18,25.0,2014-15
22014,1610612751,BKN,Brooklyn Nets,0021400320,2014-12-10,BKN @ CHI,L,241,80,29,88,0.33,3,14,0.214,19,24,0.792,15,29,44,16,9,5,11,25,-25.0,2014-15
22014,1610612744,GSW,Golden State Warriors,0021400324,2014-12-10,GSW vs. HOU,W,239,105,40,81,0.494,8,23,0.348,17,20,0.85,6,37,43,21,9,5,15,16,12.0,2014-15
22014,1610612745,HOU,Houston Rockets,0021400324,2014-12-10,HOU @ GSW,L,239,93,37,90,0.411,9,35,0.257,10,15,0.667,12,32,44,15,9,2,15,17,-12.0,2014-15
22014,1610612754,IND,Indiana Pacers,0021400317,2014-12-10,IND vs. LAC,L,240,96,35,89,0.393,9,27,0.333,17,22,0.773,12,31,43,27,6,1,11,18,-7.0,2014-15
22014,1610612746,LAC,Los Angeles Clippers,0021400317,2014-12-10,LAC @ IND,W,239,103,42,88,0.477,7,24,0.292,12,14,0.857,10,40,50,25,7,7,12,17,7.0,2014-15
22014,1610612750,MIN,Minnesota Timberwolves,0021400321,2014-12-10,MIN vs. POR,W,241,90,32,81,0.395,1,12,0.083,25,33,0.758,20,36,56,22,13,3,18,19,8.0,2014-15
22014,1610612740,NOP,New Orleans Pelicans,0021400323,2014-12-10,NOP @ DAL,L,240,107,40,88,0.455,7,18,0.389,20,24,0.833,16,29,45,16,5,3,11,20,-5.0,2014-15
22014,1610612753,ORL,Orlando Magic,0021400318,2014-12-10,ORL vs. WAS,L,239,89,38,84,0.452,7,15,0.467,6,9,0.667,8,31,39,13,7,7,8,12,-2.0,2014-15
22014,1610612757,POR,Portland Trail Blazers,0021400321,2014-12-10,POR @ MIN,L,241,82,31,80,0.388,10,35,0.286,10,12,0.833,11,27,38,20,7,10,20,25,-8.0,2014-15
22014,1610612764,WAS,Washington Wizards,0021400318,2014-12-10,WAS @ ORL,W,241,91,41,81,0.506,5,12,0.417,4,9,0.444,8,33,41,26,5,5,9,13,2.0,2014-15
22014,1610612742,DAL,Dallas Mavericks,0021400323,2014-12-10,DAL vs. NOP,W,241,112,44,83,0.53,9,21,0.429,15,17,0.882,5,24,29,17,5,5,8,18,5.0,2014-15
22014,1610612737,ATL,Atlanta Hawks,0021400319,2014-12-10,ATL vs. PHI,W,241,95,38,91,0.418,10,30,0.333,9,13,0.692,16,36,52,26,15,1,14,16,16.0,2014-15
22014,1610612748,MIA,Miami Heat,0021400325,2014-12-10,MIA @ DEN,L,239,82,30,82,0.366,7,22,0.318,15,21,0.714,16,26,42,18,1,6,10,20,-20.0,2014-15
22014,1610612757,POR,Portland Trail Blazers,0021400309,2014-12-09,POR @ DET,W,240,98,41,84,0.488,9,21,0.429,7,8,0.875,10,37,47,25,4,7,13,12,12.0,2014-15
22014,1610612748,MIA,Miami Heat,0021400313,2014-12-09,MIA @ PHX,W,241,103,43,80,0.538,9,17,0.529,8,12,0.667,9,25,34,25,14,4,11,14,6.0,2014-15
22014,1610612758,SAC,Sacramento Kings,0021400315,2014-12-09,SAC @ LAL,L,239,95,32,70,0.457,7,15,0.467,24,37,0.649,9,39,48,20,3,3,16,25,-3.0,2014-15
22014,1610612756,PHX,Phoenix Suns,0021400313,2014-12-09,PHX vs. MIA,L,241,97,37,77,0.481,17,35,0.486,6,9,0.667,10,27,37,24,7,5,22,20,-6.0,2014-15
22014,1610612765,DET,Detroit Pistons,0021400309,2014-12-09,DET vs. POR,L,239,86,34,97,0.351,5,22,0.227,13,16,0.813,17,30,47,23,7,2,6,8,-12.0,2014-15
22014,1610612739,CLE,Cleveland Cavaliers,0021400308,2014-12-09,CLE vs. TOR,W,239,105,39,79,0.494,9,26,0.346,18,21,0.857,12,19,31,27,4,5,11,17,4.0,2014-15
22014,1610612740,NOP,New Orleans Pelicans,0021400311,2014-12-09,NOP vs. NYK,W,242,104,40,80,0.5,4,15,0.267,20,26,0.769,12,31,43,22,7,8,11,14,11.0,2014-15
22014,1610612749,MIL,Milwaukee Bucks,0021400312,2014-12-09,MIL @ OKC,L,239,101,34,84,0.405,4,21,0.19,29,35,0.829,9,22,31,19,8,2,14,25,-13.0,2014-15
22014,1610612761,TOR,Toronto Raptors,0021400308,2014-12-09,TOR @ CLE,L,241,101,42,82,0.512,7,23,0.304,10,10,1.0,12,23,35,26,4,3,15,24,-4.0,2014-15
22014,1610612760,OKC,Oklahoma City Thunder,0021400312,2014-12-09,OKC vs. MIL,W,241,114,41,82,0.5,4,21,0.19,28,34,0.824,15,39,54,23,10,6,20,28,13.0,2014-15
22014,1610612763,MEM,Memphis Grizzlies,0021400310,2014-12-09,MEM vs. DAL,W,239,114,41,85,0.482,7,14,0.5,25,29,0.862,12,29,41,20,10,1,5,17,9.0,2014-15
22014,1610612762,UTA,Utah Jazz,0021400314,2014-12-09,UTA vs. SAS,W,240,100,40,80,0.5,4,14,0.286,16,22,0.727,8,35,43,18,5,7,18,23,4.0,2014-15
22014,1610612752,NYK,New York Knicks,0021400311,2014-12-09,NYK @ NOP,L,239,93,37,78,0.474,9,19,0.474,10,13,0.769,6,24,30,19,8,8,13,20,-11.0,2014-15
22014,1610612759,SAS,San Antonio Spurs,0021400314,2014-12-09,SAS @ UTA,L,241,96,39,84,0.464,4,20,0.2,14,23,0.609,11,26,37,23,12,8,13,21,-4.0,2014-15
22014,1610612747,LAL,Los Angeles Lakers,0021400315,2014-12-09,LAL vs. SAC,W,240,98,38,96,0.396,5,25,0.2,17,25,0.68,14,31,45,27,9,6,5,23,3.0,2014-15
22014,1610612742,DAL,Dallas Mavericks,0021400310,2014-12-09,DAL @ MEM,L,241,105,38,85,0.447,18,40,0.45,11,14,0.786,12,31,43,19,4,7,16,22,-9.0,2014-15
22014,1610612744,GSW,Golden State Warriors,0021400305,2014-12-08,GSW @ MIN,W,238,102,42,91,0.462,5,22,0.227,13,14,0.929,15,36,51,24,15,6,17,18,16.0,2014-15
22014,1610612743,DEN,Denver Nuggets,0021400304,2014-12-08,DEN @ TOR,L,266,107,43,104,0.413,10,30,0.333,11,15,0.733,19,30,49,21,7,2,13,28,-5.0,2014-15
22014,1610612738,BOS,Boston Celtics,0021400302,2014-12-08,BOS @ WAS,L,288,132,47,102,0.461,9,22,0.409,29,32,0.906,14,32,46,27,17,4,17,30,-1.0,2014-15
22014,1610612750,MIN,Minnesota Timberwolves,0021400305,2014-12-08,MIN vs. GSW,L,238,86,32,88,0.364,2,11,0.182,20,29,0.69,18,31,49,22,12,4,19,10,-16.0,2014-15
22014,1610612746,LAC,Los Angeles Clippers,0021400307,2014-12-08,LAC vs. PHX,W,267,121,44,96,0.458,9,31,0.29,24,30,0.8,10,35,45,27,7,5,11,22,1.0,2014-15
22014,1610612751,BKN,Brooklyn Nets,0021400303,2014-12-08,BKN vs. CLE,L,239,88,36,81,0.444,4,19,0.211,12,19,0.632,10,23,33,25,6,2,12,18,-22.0,2014-15
22014,1610612754,IND,Indiana Pacers,0021400301,2014-12-08,IND vs. ATL,L,240,92,37,84,0.44,9,27,0.333,9,17,0.529,8,34,42,23,6,2,17,22,-16.0,2014-15
22014,1610612739,CLE,Cleveland Cavaliers,0021400303,2014-12-08,CLE @ BKN,W,239,110,43,90,0.478,9,25,0.36,15,22,0.682,20,35,55,25,10,5,13,17,22.0,2014-15
22014,1610612758,SAC,Sacramento Kings,0021400306,2014-12-08,SAC vs. UTA,W,240,101,35,74,0.473,3,8,0.375,28,36,0.778,10,35,45,18,8,2,16,24,9.0,2014-15
22014,1610612762,UTA,Utah Jazz,0021400306,2014-12-08,UTA @ SAC,L,240,92,32,79,0.405,3,17,0.176,25,37,0.676,11,24,35,20,7,7,13,26,-9.0,2014-15
22014,1610612761,TOR,Toronto Raptors,0021400304,2014-12-08,TOR vs. DEN,W,265,112,41,81,0.506,9,33,0.273,21,29,0.724,8,36,44,21,4,10,14,16,5.0,2014-15
22014,1610612737,ATL,Atlanta Hawks,0021400301,2014-12-08,ATL @ IND,W,241,108,40,77,0.519,9,21,0.429,19,27,0.704,6,41,47,27,11,7,16,20,16.0,2014-15
22014,1610612764,WAS,Washington Wizards,0021400302,2014-12-08,WAS vs. BOS,W,290,133,49,94,0.521,7,16,0.438,28,34,0.824,11,38,49,32,10,3,23,26,1.0,2014-15
22014,1610612756,PHX,Phoenix Suns,0021400307,2014-12-08,PHX @ LAC,L,266,120,44,91,0.484,16,37,0.432,16,20,0.8,7,36,43,32,9,3,16,28,-1.0,2014-15
22014,1610612752,NYK,New York Knicks,0021400299,2014-12-07,NYK vs. POR,L,240,99,41,79,0.519,5,19,0.263,12,14,0.857,4,33,37,20,6,4,13,23,-4.0,2014-15
22014,1610612757,POR,Portland Trail Blazers,0021400299,2014-12-07,POR @ NYK,W,240,103,36,85,0.424,10,28,0.357,21,29,0.724,16,28,44,21,8,2,9,17,4.0,2014-15
22014,1610612764,WAS,Washington Wizards,0021400294,2014-12-07,WAS @ BOS,L,240,93,34,93,0.366,11,27,0.407,14,21,0.667,16,36,52,21,5,8,19,20,-8.0,2014-15
22014,1610612760,OKC,Oklahoma City Thunder,0021400297,2014-12-07,OKC @ DET,W,239,96,39,87,0.448,6,21,0.286,12,17,0.706,16,34,50,20,5,7,15,24,2.0,2014-15
22014,1610612765,DET,Detroit Pistons,0021400297,2014-12-07,DET vs. OKC,L,240,94,34,76,0.447,7,23,0.304,19,28,0.679,8,31,39,25,5,1,12,21,-2.0,2014-15
22014,1610612740,NOP,New Orleans Pelicans,0021400300,2014-12-07,NOP @ LAL,W,239,104,43,83,0.518,8,18,0.444,10,15,0.667,9,41,50,28,2,4,15,14,17.0,2014-15
22014,1610612747,LAL,Los Angeles Lakers,0021400300,2014-12-07,LAL vs. NOP,L,241,87,36,90,0.4,5,19,0.263,10,15,0.667,7,27,34,18,4,6,7,15,-17.0,2014-15
22014,1610612749,MIL,Milwaukee Bucks,0021400298,2014-12-07,MIL @ DAL,L,243,102,42,84,0.5,4,15,0.267,14,17,0.824,11,25,36,17,7,4,17,18,-23.0,2014-15
22014,1610612748,MIA,Miami Heat,0021400296,2014-12-07,MIA @ MEM,L,239,87,39,80,0.488,5,16,0.313,4,8,0.5,10,20,30,21,10,2,11,12,-16.0,2014-15
22014,1610612742,DAL,Dallas Mavericks,0021400298,2014-12-07,DAL vs. MIL,W,241,125,49,84,0.583,12,31,0.387,15,19,0.789,8,28,36,29,14,8,11,14,23.0,2014-15
22014,1610612763,MEM,Memphis Grizzlies,0021400296,2014-12-07,MEM vs. MIA,W,240,103,43,73,0.589,8,13,0.615,9,11,0.818,7,31,38,24,7,4,12,14,16.0,2014-15
22014,1610612738,BOS,Boston Celtics,0021400294,2014-12-07,BOS vs. WAS,W,240,101,36,88,0.409,8,17,0.471,21,26,0.808,9,40,49,20,10,7,15,21,8.0,2014-15
22014,1610612743,DEN,Denver Nuggets,0021400295,2014-12-07,DEN @ ATL,L,239,84,34,93,0.366,6,35,0.171,10,13,0.769,16,36,52,25,9,4,14,22,-12.0,2014-15
22014,1610612737,ATL,Atlanta Hawks,0021400295,2014-12-07,ATL vs. DEN,W,240,96,36,87,0.414,10,27,0.37,14,19,0.737,11,32,43,26,9,4,12,15,12.0,2014-15
22014,1610612741,CHI,Chicago Bulls,0021400289,2014-12-06,CHI vs. GSW,L,239,102,36,83,0.434,7,21,0.333,23,27,0.852,17,33,50,24,6,3,22,23,-10.0,2014-15
22014,1610612746,LAC,Los Angeles Clippers,0021400293,2014-12-06,LAC vs. NOP,W,239,120,43,78,0.551,17,32,0.531,17,24,0.708,6,32,38,34,7,6,7,20,20.0,2014-15
22014,1610612740,NOP,New Orleans Pelicans,0021400293,2014-12-06,NOP @ LAC,L,242,100,38,80,0.475,8,23,0.348,16,25,0.64,12,33,45,26,4,2,11,18,-20.0,2014-15
22014,1610612750,MIN,Minnesota Timberwolves,0021400291,2014-12-06,MIN @ SAS,L,240,101,35,83,0.422,6,16,0.375,25,32,0.781,8,25,33,20,10,2,8,22,-22.0,2014-15
22014,1610612753,ORL,Orlando Magic,0021400292,2014-12-06,ORL @ SAC,W,240,105,42,83,0.506,9,26,0.346,12,14,0.857,10,30,40,26,4,5,10,25,9.0,2014-15
22014,1610612758,SAC,Sacramento Kings,0021400292,2014-12-06,SAC vs. ORL,L,241,96,35,79,0.443,4,15,0.267,22,28,0.786,9,26,35,22,5,2,11,16,-9.0,2014-15
22014,1610612759,SAS,San Antonio Spurs,0021400291,2014-12-06,SAS vs. MIN,W,239,123,47,82,0.573,7,18,0.389,22,25,0.88,8,35,43,30,5,6,16,24,22.0,2014-15
22014,1610612755,PHI,Philadelphia 76ers,0021400288,2014-12-06,PHI @ DET,W,267,108,40,87,0.46,7,23,0.304,21,30,0.7,12,41,53,27,12,8,18,27,7.0,2014-15
22014,1610612745,HOU,Houston Rockets,0021400290,2014-12-06,HOU vs. PHX,W,241,100,33,81,0.407,11,27,0.407,23,31,0.742,19,38,57,16,7,7,22,23,5.0,2014-15
22014,1610612765,DET,Detroit Pistons,0021400288,2014-12-06,DET vs. PHI,L,265,101,34,87,0.391,6,23,0.261,27,35,0.771,12,35,47,22,11,6,19,24,-7.0,2014-15
22014,1610612756,PHX,Phoenix Suns,0021400290,2014-12-06,PHX @ HOU,L,240,95,34,93,0.366,7,28,0.25,20,26,0.769,16,24,40,16,14,8,12,20,-5.0,2014-15
22014,1610612744,GSW,Golden State Warriors,0021400289,2014-12-06,GSW @ CHI,W,239,112,40,89,0.449,12,30,0.4,20,25,0.8,15,25,40,27,14,6,11,21,10.0,2014-15
22014,1610612760,OKC,Oklahoma City Thunder,0021400277,2014-12-05,OKC @ PHI,W,242,103,35,71,0.493,9,23,0.391,24,31,0.774,6,34,40,27,7,8,16,24,12.0,2014-15
22014,1610612747,LAL,Los Angeles Lakers,0021400279,2014-12-05,LAL @ BOS,L,241,96,38,92,0.413,6,16,0.375,14,19,0.737,7,31,38,14,2,4,12,18,-17.0,2014-15
22014,1610612755,PHI,Philadelphia 76ers,0021400277,2014-12-05,PHI vs. OKC,L,239,91,32,84,0.381,8,28,0.286,19,30,0.633,19,25,44,25,13,2,17,24,-12.0,2014-15
22014,1610612753,ORL,Orlando Magic,0021400286,2014-12-05,ORL @ UTA,W,240,98,37,74,0.5,7,17,0.412,17,20,0.85,9,29,38,15,6,3,8,20,5.0,2014-15
22014,1610612743,DEN,Denver Nuggets,0021400278,2014-12-05,DEN @ WAS,L,239,89,31,82,0.378,5,22,0.227,22,30,0.733,10,26,36,16,8,7,19,22,-30.0,2014-15
22014,1610612751,BKN,Brooklyn Nets,0021400280,2014-12-05,BKN vs. ATL,L,240,75,30,80,0.375,3,18,0.167,12,19,0.632,9,42,51,16,4,2,17,21,-23.0,2014-15
22014,1610612763,MEM,Memphis Grizzlies,0021400282,2014-12-05,MEM vs. SAS,L,240,101,37,80,0.463,5,12,0.417,22,26,0.846,7,30,37,19,4,7,10,19,-6.0,2014-15
22014,1610612762,UTA,Utah Jazz,0021400286,2014-12-05,UTA vs. ORL,L,242,93,36,79,0.456,8,16,0.5,13,21,0.619,13,28,41,23,4,6,11,21,-5.0,2014-15
22014,1610612764,WAS,Washington Wizards,0021400278,2014-12-05,WAS vs. DEN,W,241,119,45,85,0.529,7,20,0.35,22,27,0.815,14,38,52,35,12,11,15,20,30.0,2014-15
22014,1610612761,TOR,Toronto Raptors,0021400281,2014-12-05,TOR vs. CLE,L,241,91,35,86,0.407,8,24,0.333,13,20,0.65,14,26,40,25,4,4,11,17,-14.0,2014-15
22014,1610612752,NYK,New York Knicks,0021400276,2014-12-05,NYK @ CHA,L,240,102,37,79,0.468,10,22,0.455,18,22,0.818,4,30,34,23,5,4,6,21,-1.0,2014-15
22014,1610612739,CLE,Cleveland Cavaliers,0021400281,2014-12-05,CLE @ TOR,W,239,105,41,84,0.488,9,20,0.45,14,21,0.667,15,33,48,28,7,2,13,21,14.0,2014-15
22014,1610612766,CHA,Charlotte Hornets,0021400276,2014-12-05,CHA vs. NYK,W,240,103,42,88,0.477,4,18,0.222,15,18,0.833,10,31,41,19,2,7,7,20,1.0,2014-15
22014,1610612759,SAS,San Antonio Spurs,0021400282,2014-12-05,SAS @ MEM,W,240,107,40,84,0.476,14,25,0.56,13,16,0.813,12,32,44,25,5,8,14,22,6.0,2014-15
22014,1610612745,HOU,Houston Rockets,0021400283,2014-12-05,HOU @ MIN,W,265,114,38,78,0.487,12,32,0.375,26,31,0.839,7,35,42,19,3,3,22,28,2.0,2014-15
22014,1610612750,MIN,Minnesota Timberwolves,0021400283,2014-12-05,MIN vs. HOU,L,265,112,45,97,0.464,3,10,0.3,19,27,0.704,14,29,43,23,12,5,14,26,-2.0,2014-15
22014,1610612748,MIA,Miami Heat,0021400285,2014-12-05,MIA @ MIL,L,240,85,30,68,0.441,7,18,0.389,18,27,0.667,3,17,20,21,16,3,18,22,-24.0,2014-15
22014,1610612738,BOS,Boston Celtics,0021400279,2014-12-05,BOS vs. LAL,W,240,113,46,90,0.511,8,20,0.4,13,22,0.591,10,44,54,29,6,2,16,19,17.0,2014-15
22014,1610612756,PHX,Phoenix Suns,0021400284,2014-12-05,PHX @ DAL,W,239,118,45,80,0.563,13,26,0.5,15,17,0.882,7,34,41,27,5,3,13,25,12.0,2014-15
22014,1610612754,IND,Indiana Pacers,0021400287,2014-12-05,IND @ SAC,L,264,101,36,96,0.375,6,26,0.231,23,29,0.793,9,34,43,18,10,5,8,33,-1.0,2014-15
22014,1610612742,DAL,Dallas Mavericks,0021400284,2014-12-05,DAL vs. PHX,L,241,106,40,88,0.455,4,19,0.211,22,30,0.733,16,28,44,13,5,1,11,16,-12.0,2014-15
22014,1610612737,ATL,Atlanta Hawks,0021400280,2014-12-05,ATL @ BKN,W,239,98,35,81,0.432,13,34,0.382,15,24,0.625,6,40,46,22,12,4,10,22,23.0,2014-15
22014,1610612749,MIL,Milwaukee Bucks,0021400285,2014-12-05,MIL vs. MIA,W,240,109,39,69,0.565,9,16,0.563,22,26,0.846,12,33,45,21,11,3,24,26,24.0,2014-15
22014,1610612758,SAC,Sacramento Kings,0021400287,2014-12-05,SAC vs. IND,W,265,102,36,83,0.434,2,10,0.2,28,40,0.7,11,38,49,16,6,2,14,24,1.0,2014-15
22014,1610612740,NOP,New Orleans Pelicans,0021400275,2014-12-04,NOP @ GSW,L,241,85,37,89,0.416,3,15,0.2,8,13,0.615,10,37,47,23,8,4,17,15,-27.0,2014-15
22014,1610612739,CLE,Cleveland Cavaliers,0021400273,2014-12-04,CLE @ NYK,W,241,90,32,70,0.457,5,18,0.278,21,26,0.808,6,27,33,19,8,1,17,16,3.0,2014-15
22014,1610612754,IND,Indiana Pacers,0021400274,2014-12-04,IND @ POR,L,241,82,36,91,0.396,5,18,0.278,5,8,0.625,11,40,51,19,5,5,17,19,-6.0,2014-15
22014,1610612752,NYK,New York Knicks,0021400273,2014-12-04,NYK vs. CLE,L,240,87,37,88,0.42,8,26,0.308,5,6,0.833,17,30,47,26,11,3,21,25,-3.0,2014-15
22014,1610612757,POR,Portland Trail Blazers,0021400274,2014-12-04,POR vs. IND,W,239,88,33,83,0.398,4,21,0.19,18,23,0.783,5,43,48,20,9,5,12,16,6.0,2014-15
22014,1610612744,GSW,Golden State Warriors,0021400275,2014-12-04,GSW vs. NOP,W,239,112,47,100,0.47,10,22,0.455,8,17,0.471,18,38,56,31,11,8,9,8,27.0,2014-15
22014,1610612748,MIA,Miami Heat,0021400267,2014-12-03,MIA vs. ATL,L,240,102,36,64,0.563,6,16,0.375,24,32,0.75,4,26,30,25,10,5,18,24,-10.0,2014-15
22014,1610612755,PHI,Philadelphia 76ers,0021400270,2014-12-03,PHI @ MIN,W,240,85,32,82,0.39,5,24,0.208,16,25,0.64,13,36,49,15,12,7,18,17,8.0,2014-15
22014,1610612759,SAS,San Antonio Spurs,0021400266,2014-12-03,SAS @ BKN,L,265,93,36,101,0.356,12,32,0.375,9,12,0.75,18,40,58,23,5,6,8,19,-2.0,2014-15
22014,1610612761,TOR,Toronto Raptors,0021400271,2014-12-03,TOR @ UTA,W,241,123,45,79,0.57,12,21,0.571,21,24,0.875,8,29,37,15,7,3,9,16,19.0,2014-15
22014,1610612738,BOS,Boston Celtics,0021400265,2014-12-03,BOS vs. DET,W,265,109,37,93,0.398,13,30,0.433,22,27,0.815,8,41,49,28,8,6,12,21,7.0,2014-15
22014,1610612746,LAC,Los Angeles Clippers,0021400272,2014-12-03,LAC vs. ORL,W,241,114,42,78,0.538,12,31,0.387,18,25,0.72,6,38,44,32,11,6,17,17,28.0,2014-15
22014,1610612763,MEM,Memphis Grizzlies,0021400268,2014-12-03,MEM @ HOU,L,239,96,39,76,0.513,2,13,0.154,16,27,0.593,10,29,39,26,9,7,20,15,-9.0,2014-15
22014,1610612742,DAL,Dallas Mavericks,0021400269,2014-12-03,DAL @ MIL,W,240,107,42,92,0.457,8,27,0.296,15,22,0.682,17,29,46,20,8,6,16,23,2.0,2014-15
22014,1610612749,MIL,Milwaukee Bucks,0021400269,2014-12-03,MIL vs. DAL,L,240,105,38,73,0.521,7,11,0.636,22,32,0.688,8,31,39,24,11,2,18,24,-2.0,2014-15
22014,1610612745,HOU,Houston Rockets,0021400268,2014-12-03,HOU vs. MEM,W,239,105,41,93,0.441,10,28,0.357,13,20,0.65,23,29,52,22,14,8,19,26,9.0,2014-15
22014,1610612762,UTA,Utah Jazz,0021400271,2014-12-03,UTA vs. TOR,L,241,104,42,87,0.483,8,28,0.286,12,15,0.8,13,22,35,21,7,5,8,15,-19.0,2014-15
22014,1610612753,ORL,Orlando Magic,0021400272,2014-12-03,ORL @ LAC,L,240,86,33,79,0.418,7,20,0.35,13,25,0.52,6,28,34,21,11,2,16,24,-28.0,2014-15
22014,1610612765,DET,Detroit Pistons,0021400265,2014-12-03,DET @ BOS,L,265,102,37,102,0.363,8,27,0.296,20,29,0.69,16,39,55,20,7,7,11,23,-7.0,2014-15
22014,1610612751,BKN,Brooklyn Nets,0021400266,2014-12-03,BKN vs. SAS,W,265,95,37,90,0.411,9,19,0.474,12,18,0.667,9,45,54,20,2,2,10,10,2.0,2014-15
22014,1610612737,ATL,Atlanta Hawks,0021400267,2014-12-03,ATL @ MIA,W,239,112,40,74,0.541,12,25,0.48,20,23,0.87,5,25,30,25,9,1,16,24,10.0,2014-15
22014,1610612741,CHI,Chicago Bulls,0021400263,2014-12-03,CHI @ CHA,W,240,102,37,80,0.463,12,28,0.429,16,21,0.762,4,45,49,27,4,1,11,18,7.0,2014-15
22014,1610612747,LAL,Los Angeles Lakers,0021400264,2014-12-03,LAL @ WAS,L,239,95,33,85,0.388,12,29,0.414,17,21,0.81,9,34,43,16,8,6,13,20,-16.0,2014-15
22014,1610612750,MIN,Minnesota Timberwolves,0021400270,2014-12-03,MIN vs. PHI,L,240,77,30,84,0.357,3,17,0.176,14,17,0.824,11,39,50,17,8,5,18,21,-8.0,2014-15
22014,1610612764,WAS,Washington Wizards,0021400264,2014-12-03,WAS vs. LAL,W,240,111,45,93,0.484,6,19,0.316,15,19,0.789,12,41,53,33,6,3,11,15,16.0,2014-15
22014,1610612766,CHA,Charlotte Hornets,0021400263,2014-12-03,CHA vs. CHI,L,239,95,36,90,0.4,2,15,0.133,21,23,0.913,7,35,42,17,5,3,5,21,-7.0,2014-15
22014,1610612741,CHI,Chicago Bulls,0021400257,2014-12-02,CHI vs. DAL,L,291,129,47,103,0.456,8,26,0.308,27,34,0.794,15,37,52,38,5,6,18,22,-3.0,2014-15
22014,1610612761,TOR,Toronto Raptors,0021400261,2014-12-02,TOR @ SAC,W,240,117,44,88,0.5,10,23,0.435,19,21,0.905,13,22,35,22,8,3,13,29,8.0,2014-15
22014,1610612751,BKN,Brooklyn Nets,0021400256,2014-12-02,BKN @ NYK,W,240,98,39,89,0.438,6,17,0.353,14,20,0.7,21,28,49,22,7,5,14,20,5.0,2014-15
22014,1610612739,CLE,Cleveland Cavaliers,0021400253,2014-12-02,CLE vs. MIL,W,241,111,39,73,0.534,6,21,0.286,27,38,0.711,7,33,40,22,5,5,19,17,3.0,2014-15
22014,1610612756,PHX,Phoenix Suns,0021400260,2014-12-02,PHX vs. IND,W,240,116,43,86,0.5,12,25,0.48,18,26,0.692,9,35,44,18,13,5,12,19,17.0,2014-15
22014,1610612749,MIL,Milwaukee Bucks,0021400253,2014-12-02,MIL @ CLE,L,240,108,45,92,0.489,7,20,0.35,11,13,0.846,12,28,40,31,11,3,13,26,-3.0,2014-15
22014,1610612752,NYK,New York Knicks,0021400256,2014-12-02,NYK vs. BKN,L,239,93,35,81,0.432,11,28,0.393,12,14,0.857,13,27,40,22,8,3,14,21,-5.0,2014-15
22014,1610612737,ATL,Atlanta Hawks,0021400254,2014-12-02,ATL vs. BOS,W,239,109,43,82,0.524,11,24,0.458,12,14,0.857,4,27,31,36,8,8,16,14,4.0,2014-15
22014,1610612740,NOP,New Orleans Pelicans,0021400258,2014-12-02,NOP vs. OKC,W,240,112,39,88,0.443,5,17,0.294,29,45,0.644,16,33,49,23,13,11,13,21,8.0,2014-15
22014,1610612754,IND,Indiana Pacers,0021400260,2014-12-02,IND @ PHX,L,240,99,41,85,0.482,4,13,0.308,13,17,0.765,8,33,41,20,8,3,19,24,-17.0,2014-15
22014,1610612738,BOS,Boston Celtics,0021400254,2014-12-02,BOS @ ATL,L,240,105,41,84,0.488,12,23,0.522,11,13,0.846,9,33,42,33,10,3,21,20,-4.0,2014-15
22014,1610612760,OKC,Oklahoma City Thunder,0021400258,2014-12-02,OKC @ NOP,L,241,104,37,84,0.44,7,24,0.292,23,27,0.852,9,36,45,16,7,6,17,32,-8.0,2014-15
22014,1610612743,DEN,Denver Nuggets,0021400259,2014-12-02,DEN vs. POR,L,241,103,41,81,0.506,7,20,0.35,14,19,0.737,7,34,41,21,8,2,14,19,-2.0,2014-15
22014,1610612742,DAL,Dallas Mavericks,0021400257,2014-12-02,DAL @ CHI,W,290,132,47,102,0.461,15,30,0.5,23,27,0.852,12,34,46,30,9,6,14,28,3.0,2014-15
22014,1610612744,GSW,Golden State Warriors,0021400262,2014-12-02,GSW vs. ORL,W,240,98,38,82,0.463,8,27,0.296,14,18,0.778,13,36,49,25,8,5,15,15,1.0,2014-15
22014,1610612747,LAL,Los Angeles Lakers,0021400255,2014-12-02,LAL @ DET,W,240,106,39,81,0.481,10,17,0.588,18,24,0.75,12,35,47,25,9,6,14,26,10.0,2014-15
22014,1610612753,ORL,Orlando Magic,0021400262,2014-12-02,ORL @ GSW,L,240,97,39,87,0.448,6,17,0.353,13,14,0.929,8,32,40,19,11,3,11,17,-1.0,2014-15
22014,1610612765,DET,Detroit Pistons,0021400255,2014-12-02,DET vs. LAL,L,240,96,33,90,0.367,6,21,0.286,24,31,0.774,16,33,49,20,6,5,14,16,-10.0,2014-15
22014,1610612758,SAC,Sacramento Kings,0021400261,2014-12-02,SAC vs. TOR,L,240,109,39,75,0.52,3,10,0.3,28,37,0.757,13,21,34,28,5,3,15,23,-8.0,2014-15
22014,1610612757,POR,Portland Trail Blazers,0021400259,2014-12-02,POR @ DEN,W,240,105,43,86,0.5,5,22,0.227,14,17,0.824,4,33,37,26,7,5,12,19,2.0,2014-15
22014,1610612755,PHI,Philadelphia 76ers,0021400249,2014-12-01,PHI vs. SAS,L,240,103,38,89,0.427,12,29,0.414,15,25,0.6,8,34,42,22,9,3,10,29,-6.0,2014-15
22014,1610612743,DEN,Denver Nuggets,0021400251,2014-12-01,DEN @ UTA,W,240,103,41,87,0.471,9,26,0.346,12,17,0.706,8,31,39,23,7,6,10,22,2.0,2014-15
22014,1610612759,SAS,San Antonio Spurs,0021400249,2014-12-01,SAS @ PHI,W,240,109,36,83,0.434,9,26,0.346,28,35,0.8,11,41,52,25,6,3,14,20,6.0,2014-15
22014,1610612764,WAS,Washington Wizards,0021400250,2014-12-01,WAS vs. MIA,W,242,107,39,72,0.542,10,19,0.526,19,24,0.792,7,35,42,29,7,3,12,23,21.0,2014-15
22014,1610612746,LAC,Los Angeles Clippers,0021400252,2014-12-01,LAC vs. MIN,W,240,127,41,80,0.513,15,34,0.441,30,36,0.833,9,41,50,33,5,7,14,26,26.0,2014-15
22014,1610612748,MIA,Miami Heat,0021400250,2014-12-01,MIA @ WAS,L,240,86,33,72,0.458,2,22,0.091,18,30,0.6,7,26,33,12,5,2,11,20,-21.0,2014-15
22014,1610612750,MIN,Minnesota Timberwolves,0021400252,2014-12-01,MIN @ LAC,L,239,101,35,82,0.427,2,12,0.167,29,40,0.725,6,26,32,26,9,3,10,27,-26.0,2014-15
22014,1610612762,UTA,Utah Jazz,0021400251,2014-12-01,UTA vs. DEN,L,240,101,36,84,0.429,7,18,0.389,22,30,0.733,14,34,48,18,3,6,14,15,-2.0,2014-15
22014,1610612748,MIA,Miami Heat,0021400245,2014-11-30,MIA @ NYK,W,240,86,30,72,0.417,7,23,0.304,19,31,0.613,10,31,41,20,8,1,14,20,7.0,2014-15
22014,1610612741,CHI,Chicago Bulls,0021400242,2014-11-30,CHI @ BKN,W,238,102,34,69,0.493,7,24,0.292,27,34,0.794,7,43,50,19,6,5,19,24,18.0,2014-15
22014,1610612738,BOS,Boston Celtics,0021400241,2014-11-30,BOS vs. SAS,L,240,89,36,87,0.414,6,18,0.333,11,15,0.733,12,30,42,21,5,5,15,21,-22.0,2014-15
22014,1610612759,SAS,San Antonio Spurs,0021400241,2014-11-30,SAS @ BOS,W,240,111,41,85,0.482,11,26,0.423,18,20,0.9,10,35,45,25,9,5,14,11,22.0,2014-15
22014,1610612751,BKN,Brooklyn Nets,0021400242,2014-11-30,BKN vs. CHI,L,238,84,32,86,0.372,2,14,0.143,18,24,0.75,7,27,34,16,9,0,10,25,-18.0,2014-15
22014,1610612752,NYK,New York Knicks,0021400245,2014-11-30,NYK vs. MIA,L,241,79,31,88,0.352,3,24,0.125,14,20,0.7,20,30,50,14,6,3,12,22,-7.0,2014-15
22014,1610612747,LAL,Los Angeles Lakers,0021400248,2014-11-30,LAL vs. TOR,W,265,129,47,96,0.49,10,24,0.417,25,34,0.735,12,42,54,24,4,7,10,21,7.0,2014-15
22014,1610612758,SAC,Sacramento Kings,0021400244,2014-11-30,SAC vs. MEM,L,241,85,33,70,0.471,1,11,0.091,18,27,0.667,11,31,42,16,7,4,23,25,-12.0,2014-15
22014,1610612761,TOR,Toronto Raptors,0021400248,2014-11-30,TOR @ LAL,L,264,122,45,104,0.433,9,34,0.265,23,31,0.742,14,39,53,25,6,6,8,28,-7.0,2014-15
22014,1610612744,GSW,Golden State Warriors,0021400243,2014-11-30,GSW @ DET,W,240,104,37,79,0.468,9,21,0.429,21,27,0.778,9,40,49,24,5,8,16,19,11.0,2014-15
22014,1610612765,DET,Detroit Pistons,0021400243,2014-11-30,DET vs. GSW,L,240,93,33,91,0.363,11,23,0.478,16,24,0.667,15,29,44,25,11,5,13,20,-11.0,2014-15
22014,1610612763,MEM,Memphis Grizzlies,0021400244,2014-11-30,MEM @ SAC,W,239,97,38,79,0.481,3,13,0.231,18,28,0.643,10,25,35,25,13,4,13,27,12.0,2014-15
22014,1610612756,PHX,Phoenix Suns,0021400246,2014-11-30,PHX vs. ORL,L,241,90,34,85,0.4,7,26,0.269,15,18,0.833,11,32,43,22,5,3,19,18,-3.0,2014-15
22014,1610612753,ORL,Orlando Magic,0021400246,2014-11-30,ORL @ PHX,W,240,93,35,76,0.461,5,15,0.333,18,25,0.72,10,37,47,14,8,3,22,22,3.0,2014-15
22014,1610612750,MIN,Minnesota Timberwolves,0021400247,2014-11-30,MIN @ POR,L,241,93,39,90,0.433,2,9,0.222,13,20,0.65,11,32,43,24,12,4,14,23,-14.0,2014-15
22014,1610612757,POR,Portland Trail Blazers,0021400247,2014-11-30,POR vs. MIN,W,240,107,39,86,0.453,12,33,0.364,17,25,0.68,15,39,54,27,8,9,18,17,14.0,2014-15
22014,1610612739,CLE,Cleveland Cavaliers,0021400238,2014-11-29,CLE vs. IND,W,241,109,41,78,0.526,7,16,0.438,20,32,0.625,9,35,44,20,4,6,9,20,12.0,2014-15
22014,1610612749,MIL,Milwaukee Bucks,0021400240,2014-11-29,MIL vs. HOU,L,240,103,33,74,0.446,6,19,0.316,31,35,0.886,8,24,32,23,7,5,10,16,-14.0,2014-15
22014,1610612762,UTA,Utah Jazz,0021400239,2014-11-29,UTA vs. LAC,L,240,96,34,75,0.453,7,21,0.333,21,33,0.636,12,25,37,19,6,2,13,15,-16.0,2014-15
22014,1610612754,IND,Indiana Pacers,0021400238,2014-11-29,IND @ CLE,L,240,97,35,89,0.393,7,22,0.318,20,26,0.769,15,33,48,26,2,1,7,23,-12.0,2014-15
22014,1610612737,ATL,Atlanta Hawks,0021400237,2014-11-29,ATL vs. CHA,W,241,105,40,75,0.533,12,23,0.522,13,16,0.813,5,39,44,31,8,5,12,17,30.0,2014-15
22014,1610612766,CHA,Charlotte Hornets,0021400237,2014-11-29,CHA @ ATL,L,240,75,29,88,0.33,5,23,0.217,12,16,0.75,13,25,38,20,3,4,12,16,-30.0,2014-15
22014,1610612742,DAL,Dallas Mavericks,0021400235,2014-11-29,DAL @ PHI,W,242,110,40,89,0.449,8,30,0.267,22,30,0.733,13,27,40,28,13,5,12,22,7.0,2014-15
22014,1610612764,WAS,Washington Wizards,0021400236,2014-11-29,WAS vs. NOP,W,241,83,35,76,0.461,5,12,0.417,8,12,0.667,12,34,46,21,9,9,14,18,3.0,2014-15
22014,1610612755,PHI,Philadelphia 76ers,0021400235,2014-11-29,PHI vs. DAL,L,240,103,36,85,0.424,6,21,0.286,25,31,0.806,22,33,55,26,10,4,24,26,-7.0,2014-15
22014,1610612740,NOP,New Orleans Pelicans,0021400236,2014-11-29,NOP @ WAS,L,240,80,30,81,0.37,6,17,0.353,14,21,0.667,13,29,42,12,8,1,12,14,-3.0,2014-15
22014,1610612745,HOU,Houston Rockets,0021400240,2014-11-29,HOU @ MIL,W,241,117,44,87,0.506,15,38,0.395,14,16,0.875,13,31,44,26,7,5,13,24,14.0,2014-15
22014,1610612746,LAC,Los Angeles Clippers,0021400239,2014-11-29,LAC @ UTA,W,240,112,45,80,0.563,11,28,0.393,11,15,0.733,9,28,37,21,6,5,11,25,16.0,2014-15
22014,1610612763,MEM,Memphis Grizzlies,0021400233,2014-11-28,MEM @ POR,W,240,112,45,84,0.536,6,13,0.462,16,26,0.615,8,38,46,28,7,4,9,14,13.0,2014-15
22014,1610612753,ORL,Orlando Magic,0021400230,2014-11-28,ORL @ IND,L,239,83,31,70,0.443,7,18,0.389,14,16,0.875,2,30,32,16,7,5,18,17,-15.0,2014-15
22014,1610612740,NOP,New Orleans Pelicans,0021400225,2014-11-28,NOP @ ATL,L,239,91,36,89,0.404,7,24,0.292,12,16,0.75,16,26,42,23,8,4,12,19,-9.0,2014-15
22014,1610612757,POR,Portland Trail Blazers,0021400233,2014-11-28,POR vs. MEM,L,241,99,39,97,0.402,8,28,0.286,13,18,0.722,15,30,45,22,6,6,7,18,-13.0,2014-15
22014,1610612754,IND,Indiana Pacers,0021400230,2014-11-28,IND vs. ORL,W,238,98,41,94,0.436,4,16,0.25,12,14,0.857,17,36,53,25,7,3,11,17,15.0,2014-15
22014,1610612737,ATL,Atlanta Hawks,0021400225,2014-11-28,ATL vs. NOP,W,241,100,38,76,0.5,5,17,0.294,19,22,0.864,11,31,42,26,6,7,18,14,9.0,2014-15
22014,1610612765,DET,Detroit Pistons,0021400226,2014-11-28,DET vs. MIL,L,239,88,34,83,0.41,6,23,0.261,14,25,0.56,14,25,39,25,8,5,14,19,-16.0,2014-15
22014,1610612746,LAC,Los Angeles Clippers,0021400228,2014-11-28,LAC @ HOU,W,240,102,38,81,0.469,9,25,0.36,17,22,0.773,8,37,45,23,8,4,10,18,17.0,2014-15
22014,1610612758,SAC,Sacramento Kings,0021400231,2014-11-28,SAC @ SAS,L,240,104,38,75,0.507,6,10,0.6,22,26,0.846,8,38,46,22,4,4,14,20,-8.0,2014-15
22014,1610612743,DEN,Denver Nuggets,0021400232,2014-11-28,DEN vs. PHX,W,240,122,41,88,0.466,8,21,0.381,32,36,0.889,16,42,58,20,10,3,18,27,25.0,2014-15
22014,1610612759,SAS,San Antonio Spurs,0021400231,2014-11-28,SAS vs. SAC,W,239,112,42,82,0.512,12,24,0.5,16,20,0.8,4,29,33,29,8,9,6,19,8.0,2014-15
22014,1610612756,PHX,Phoenix Suns,0021400232,2014-11-28,PHX @ DEN,L,238,97,33,85,0.388,8,23,0.348,23,29,0.793,9,25,34,14,4,5,15,27,-25.0,2014-15
22014,1610612741,CHI,Chicago Bulls,0021400223,2014-11-28,CHI @ BOS,W,240,109,37,90,0.411,5,17,0.294,30,37,0.811,18,34,52,18,5,13,13,21,7.0,2014-15
22014,1610612747,LAL,Los Angeles Lakers,0021400234,2014-11-28,LAL vs. MIN,L,240,119,48,89,0.539,8,21,0.381,15,22,0.682,12,23,35,27,12,1,14,22,-1.0,2014-15
22014,1610612766,CHA,Charlotte Hornets,0021400224,2014-11-28,CHA vs. GSW,L,241,101,38,87,0.437,6,19,0.316,19,23,0.826,8,36,44,27,4,8,13,14,-5.0,2014-15
22014,1610612761,TOR,Toronto Raptors,0021400227,2014-11-28,TOR vs. DAL,L,240,102,38,91,0.418,14,33,0.424,12,16,0.75,15,40,55,17,7,1,17,23,-4.0,2014-15
22014,1610612744,GSW,Golden State Warriors,0021400224,2014-11-28,GSW @ CHA,W,240,106,42,99,0.424,7,26,0.269,15,16,0.938,16,30,46,28,7,8,12,26,5.0,2014-15
22014,1610612750,MIN,Minnesota Timberwolves,0021400234,2014-11-28,MIN @ LAL,W,242,120,45,79,0.57,10,18,0.556,20,24,0.833,6,25,31,37,8,1,18,20,1.0,2014-15
22014,1610612742,DAL,Dallas Mavericks,0021400227,2014-11-28,DAL @ TOR,W,239,106,40,86,0.465,11,26,0.423,15,22,0.682,6,31,37,27,7,9,8,17,4.0,2014-15
22014,1610612738,BOS,Boston Celtics,0021400223,2014-11-28,BOS vs. CHI,L,241,102,37,92,0.402,6,22,0.273,22,29,0.759,12,30,42,20,7,2,13,30,-7.0,2014-15
22014,1610612760,OKC,Oklahoma City Thunder,0021400229,2014-11-28,OKC vs. NYK,W,241,105,38,86,0.442,10,24,0.417,19,23,0.826,18,39,57,20,9,0,14,30,27.0,2014-15
22014,1610612749,MIL,Milwaukee Bucks,0021400226,2014-11-28,MIL @ DET,W,241,104,39,77,0.506,13,29,0.448,13,16,0.813,10,34,44,30,9,6,19,20,16.0,2014-15
22014,1610612752,NYK,New York Knicks,0021400229,2014-11-28,NYK @ OKC,L,239,78,29,75,0.387,2,19,0.105,18,24,0.75,7,26,33,17,3,6,12,22,-27.0,2014-15
22014,1610612745,HOU,Houston Rockets,0021400228,2014-11-28,HOU vs. LAC,L,241,85,32,82,0.39,10,37,0.27,11,15,0.733,8,32,40,17,7,6,14,27,-17.0,2014-15
22014,1610612756,PHX,Phoenix Suns,0021400221,2014-11-26,PHX vs. DEN,W,241,120,45,88,0.511,13,25,0.52,17,21,0.81,13,28,41,27,9,8,16,22,8.0,2014-15
22014,1610612763,MEM,Memphis Grizzlies,0021400222,2014-11-26,MEM @ LAL,W,241,99,36,80,0.45,5,22,0.227,22,25,0.88,10,35,45,25,7,6,14,20,6.0,2014-15
22014,1610612739,CLE,Cleveland Cavaliers,0021400211,2014-11-26,CLE vs. WAS,W,241,113,38,74,0.514,6,20,0.3,31,38,0.816,7,25,32,23,13,2,9,18,26.0,2014-15
22014,1610612755,PHI,Philadelphia 76ers,0021400213,2014-11-26,PHI vs. BKN,L,241,91,34,85,0.4,9,24,0.375,14,17,0.824,13,29,42,23,11,5,20,24,-8.0,2014-15
22014,1610612757,POR,Portland Trail Blazers,0021400210,2014-11-26,POR @ CHA,W,241,105,39,92,0.424,12,27,0.444,15,20,0.75,10,40,50,21,4,7,8,18,8.0,2014-15
22014,1610612746,LAC,Los Angeles Clippers,0021400216,2014-11-26,LAC @ DET,W,241,104,37,78,0.474,12,28,0.429,18,19,0.947,9,30,39,21,9,3,15,19,6.0,2014-15
22014,1610612764,WAS,Washington Wizards,0021400211,2014-11-26,WAS @ CLE,L,240,87,33,71,0.465,5,13,0.385,16,22,0.727,7,19,26,24,5,5,18,28,-26.0,2014-15
22014,1610612754,IND,Indiana Pacers,0021400220,2014-11-26,IND @ SAS,L,241,100,40,87,0.46,10,21,0.476,10,18,0.556,7,29,36,23,9,1,12,23,-6.0,2014-15
22014,1610612765,DET,Detroit Pistons,0021400216,2014-11-26,DET vs. LAC,L,240,98,35,78,0.449,10,27,0.37,18,24,0.75,12,26,38,18,8,4,15,17,-6.0,2014-15
22014,1610612759,SAS,San Antonio Spurs,0021400220,2014-11-26,SAS vs. IND,W,239,106,41,74,0.554,5,15,0.333,19,29,0.655,8,37,45,21,8,5,15,20,6.0,2014-15
22014,1610612742,DAL,Dallas Mavericks,0021400214,2014-11-26,DAL vs. NYK,W,267,109,38,95,0.4,4,31,0.129,29,38,0.763,20,36,56,20,12,5,11,16,7.0,2014-15
22014,1610612753,ORL,Orlando Magic,0021400212,2014-11-26,ORL vs. GSW,L,239,96,36,87,0.414,6,20,0.3,18,24,0.75,12,34,46,21,8,1,14,18,-15.0,2014-15
22014,1610612752,NYK,New York Knicks,0021400214,2014-11-26,NYK @ DAL,L,264,102,39,92,0.424,14,28,0.5,10,16,0.625,15,38,53,21,7,3,21,32,-7.0,2014-15
22014,1610612744,GSW,Golden State Warriors,0021400212,2014-11-26,GSW @ ORL,W,239,111,44,85,0.518,12,26,0.462,11,19,0.579,8,39,47,30,7,6,15,19,15.0,2014-15
22014,1610612737,ATL,Atlanta Hawks,0021400215,2014-11-26,ATL vs. TOR,L,241,115,42,82,0.512,10,24,0.417,21,24,0.875,9,23,32,31,2,4,13,24,-11.0,2014-15
22014,1610612760,OKC,Oklahoma City Thunder,0021400219,2014-11-26,OKC vs. UTA,W,241,97,40,83,0.482,12,26,0.462,5,10,0.5,12,33,45,21,9,7,16,26,15.0,2014-15
22014,1610612758,SAC,Sacramento Kings,0021400217,2014-11-26,SAC @ HOU,L,240,89,31,71,0.437,5,16,0.313,22,28,0.786,10,38,48,16,2,8,20,19,-13.0,2014-15
22014,1610612762,UTA,Utah Jazz,0021400219,2014-11-26,UTA @ OKC,L,240,82,31,70,0.443,3,16,0.188,17,28,0.607,8,30,38,11,9,2,19,16,-15.0,2014-15
22014,1610612745,HOU,Houston Rockets,0021400217,2014-11-26,HOU vs. SAC,W,240,102,42,94,0.447,12,35,0.343,6,15,0.4,13,28,41,26,13,5,4,25,13.0,2014-15
22014,1610612749,MIL,Milwaukee Bucks,0021400218,2014-11-26,MIL @ MIN,W,240,103,40,85,0.471,5,16,0.313,18,19,0.947,13,30,43,22,12,7,17,22,17.0,2014-15
22014,1610612751,BKN,Brooklyn Nets,0021400213,2014-11-26,BKN @ PHI,W,239,99,35,71,0.493,8,24,0.333,21,28,0.75,4,36,40,25,10,7,24,19,8.0,2014-15
22014,1610612750,MIN,Minnesota Timberwolves,0021400218,2014-11-26,MIN vs. MIL,L,242,86,31,81,0.383,3,14,0.214,21,34,0.618,14,24,38,19,11,6,19,22,-17.0,2014-15
22014,1610612761,TOR,Toronto Raptors,0021400215,2014-11-26,TOR @ ATL,W,241,126,42,82,0.512,14,29,0.483,28,33,0.848,11,25,36,24,7,7,11,24,11.0,2014-15
22014,1610612743,DEN,Denver Nuggets,0021400221,2014-11-26,DEN @ PHX,L,240,112,39,90,0.433,8,25,0.32,26,34,0.765,20,27,47,19,10,4,17,22,-8.0,2014-15
22014,1610612766,CHA,Charlotte Hornets,0021400210,2014-11-26,CHA vs. POR,L,241,97,41,94,0.436,5,15,0.333,10,15,0.667,10,37,47,29,3,5,6,20,-8.0,2014-15
22014,1610612747,LAL,Los Angeles Lakers,0021400222,2014-11-26,LAL vs. MEM,L,241,93,33,81,0.407,8,19,0.421,19,24,0.792,12,30,42,16,6,9,11,18,-6.0,2014-15
22014,1610612741,CHI,Chicago Bulls,0021400209,2014-11-25,CHI @ DEN,L,240,109,35,82,0.427,7,21,0.333,32,37,0.865,11,26,37,20,9,4,12,22,-5.0,2014-15
22014,1610612740,NOP,New Orleans Pelicans,0021400208,2014-11-25,NOP vs. SAC,L,239,89,33,79,0.418,3,17,0.176,20,29,0.69,14,26,40,15,3,6,10,23,-10.0,2014-15
22014,1610612743,DEN,Denver Nuggets,0021400209,2014-11-25,DEN vs. CHI,W,241,114,43,85,0.506,8,16,0.5,20,27,0.741,14,31,45,22,5,7,14,25,5.0,2014-15
22014,1610612749,MIL,Milwaukee Bucks,0021400207,2014-11-25,MIL vs. DET,W,241,98,39,90,0.433,10,22,0.455,10,13,0.769,19,31,50,22,9,2,16,24,12.0,2014-15
22014,1610612758,SAC,Sacramento Kings,0021400208,2014-11-25,SAC @ NOP,W,241,99,37,77,0.481,5,14,0.357,20,24,0.833,7,31,38,16,9,4,9,22,10.0,2014-15
22014,1610612765,DET,Detroit Pistons,0021400207,2014-11-25,DET @ MIL,L,240,86,36,78,0.462,7,20,0.35,7,17,0.412,8,28,36,23,7,5,19,18,-12.0,2014-15
22014,1610612744,GSW,Golden State Warriors,0021400206,2014-11-25,GSW @ MIA,W,240,114,43,75,0.573,13,28,0.464,15,23,0.652,5,40,45,21,6,9,11,24,17.0,2014-15
22014,1610612748,MIA,Miami Heat,0021400206,2014-11-25,MIA vs. GSW,L,241,97,33,85,0.388,10,23,0.435,21,27,0.778,12,28,40,16,7,4,9,22,-17.0,2014-15
22014,1610612737,ATL,Atlanta Hawks,0021400205,2014-11-25,ATL @ WAS,W,239,106,36,85,0.424,7,25,0.28,27,34,0.794,12,31,43,17,16,6,10,23,4.0,2014-15
22014,1610612764,WAS,Washington Wizards,0021400205,2014-11-25,WAS vs. ATL,L,240,102,36,84,0.429,9,20,0.45,21,29,0.724,16,31,47,25,2,3,20,25,-4.0,2014-15
22014,1610612742,DAL,Dallas Mavericks,0021400203,2014-11-24,DAL vs. IND,L,240,100,40,80,0.5,8,24,0.333,12,21,0.571,6,31,37,21,6,6,12,28,-11.0,2014-15
22014,1610612746,LAC,Los Angeles Clippers,0021400198,2014-11-24,LAC @ CHA,W,240,113,45,88,0.511,15,32,0.469,8,10,0.8,8,35,43,28,2,2,8,24,21.0,2014-15
22014,1610612754,IND,Indiana Pacers,0021400203,2014-11-24,IND @ DAL,W,241,111,37,77,0.481,13,26,0.5,24,36,0.667,8,36,44,20,6,4,12,21,11.0,2014-15
22014,1610612755,PHI,Philadelphia 76ers,0021400200,2014-11-24,PHI vs. POR,L,240,104,42,84,0.5,0,8,0.0,20,24,0.833,7,22,29,28,11,6,10,20,-10.0,2014-15
22014,1610612757,POR,Portland Trail Blazers,0021400200,2014-11-24,POR @ PHI,W,241,114,44,89,0.494,7,27,0.259,19,23,0.826,18,34,52,30,6,5,15,19,10.0,2014-15
22014,1610612756,PHX,Phoenix Suns,0021400201,2014-11-24,PHX @ TOR,L,240,100,39,84,0.464,14,33,0.424,8,11,0.727,11,31,42,22,6,3,20,26,-4.0,2014-15
22014,1610612761,TOR,Toronto Raptors,0021400201,2014-11-24,TOR vs. PHX,W,240,104,37,82,0.451,4,17,0.235,26,32,0.813,8,29,37,21,9,3,12,20,4.0,2014-15
22014,1610612766,CHA,Charlotte Hornets,0021400198,2014-11-24,CHA vs. LAC,L,240,92,31,75,0.413,2,20,0.1,28,35,0.8,5,28,33,21,6,4,5,17,-21.0,2014-15
22014,1610612741,CHI,Chicago Bulls,0021400204,2014-11-24,CHI @ UTA,W,239,97,36,72,0.5,9,20,0.45,16,23,0.696,7,28,35,20,9,3,16,14,2.0,2014-15
22014,1610612739,CLE,Cleveland Cavaliers,0021400199,2014-11-24,CLE vs. ORL,W,240,106,42,81,0.519,6,16,0.375,16,22,0.727,12,32,44,30,14,9,12,23,32.0,2014-15
22014,1610612762,UTA,Utah Jazz,0021400204,2014-11-24,UTA vs. CHI,L,241,95,42,86,0.488,3,9,0.333,8,10,0.8,11,30,41,22,9,6,13,20,-2.0,2014-15
22014,1610612753,ORL,Orlando Magic,0021400199,2014-11-24,ORL @ CLE,L,239,74,29,80,0.363,5,17,0.294,11,15,0.733,13,27,40,14,5,3,17,17,-32.0,2014-15
22014,1610612745,HOU,Houston Rockets,0021400202,2014-11-24,HOU vs. NYK,W,240,91,32,76,0.421,14,36,0.389,13,19,0.684,10,28,38,19,13,4,16,19,5.0,2014-15
22014,1610612752,NYK,New York Knicks,0021400202,2014-11-24,NYK @ HOU,L,241,86,35,76,0.461,6,22,0.273,10,15,0.667,9,31,40,25,8,5,17,20,-5.0,2014-15
22014,1610612757,POR,Portland Trail Blazers,0021400194,2014-11-23,POR @ BOS,W,240,94,37,86,0.43,7,19,0.368,13,15,0.867,10,45,55,20,7,3,16,13,6.0,2014-15
22014,1610612766,CHA,Charlotte Hornets,0021400195,2014-11-23,CHA @ MIA,L,240,93,37,79,0.468,7,21,0.333,12,16,0.75,5,28,33,18,9,1,11,19,-1.0,2014-15
22014,1610612748,MIA,Miami Heat,0021400195,2014-11-23,MIA vs. CHA,W,241,94,33,66,0.5,11,23,0.478,17,19,0.895,3,33,36,19,4,5,16,16,1.0,2014-15
22014,1610612747,LAL,Los Angeles Lakers,0021400197,2014-11-23,LAL vs. DEN,L,265,94,33,89,0.371,3,24,0.125,25,34,0.735,9,41,50,15,10,6,13,28,-7.0,2014-15
22014,1610612744,GSW,Golden State Warriors,0021400196,2014-11-23,GSW @ OKC,W,238,91,33,93,0.355,7,25,0.28,18,24,0.75,13,39,52,26,7,8,9,18,5.0,2014-15
22014,1610612760,OKC,Oklahoma City Thunder,0021400196,2014-11-23,OKC vs. GSW,L,239,86,32,90,0.356,3,17,0.176,19,27,0.704,13,44,57,13,3,12,11,23,-5.0,2014-15
22014,1610612746,LAC,Los Angeles Clippers,0021400193,2014-11-23,LAC @ MEM,L,239,91,32,77,0.416,7,25,0.28,20,28,0.714,5,27,32,14,10,1,10,27,-16.0,2014-15
22014,1610612763,MEM,Memphis Grizzlies,0021400193,2014-11-23,MEM vs. LAC,W,240,107,42,85,0.494,7,21,0.333,16,23,0.696,12,40,52,20,3,3,17,21,16.0,2014-15
22014,1610612743,DEN,Denver Nuggets,0021400197,2014-11-23,DEN @ LAL,W,264,101,34,90,0.378,10,37,0.27,23,38,0.605,14,43,57,20,7,2,16,28,7.0,2014-15
22014,1610612738,BOS,Boston Celtics,0021400194,2014-11-23,BOS vs. POR,L,239,88,37,95,0.389,5,23,0.217,9,12,0.75,12,34,46,17,12,1,8,15,-6.0,2014-15
22014,1610612756,PHX,Phoenix Suns,0021400184,2014-11-22,PHX @ IND,W,239,106,38,85,0.447,12,31,0.387,18,20,0.9,13,38,51,17,10,4,12,19,23.0,2014-15
22014,1610612745,HOU,Houston Rockets,0021400188,2014-11-22,HOU vs. DAL,W,242,95,30,82,0.366,15,46,0.326,20,23,0.87,14,33,47,17,8,0,17,23,3.0,2014-15
22014,1610612752,NYK,New York Knicks,0021400187,2014-11-22,NYK vs. PHI,W,242,91,33,66,0.5,6,17,0.353,19,21,0.905,6,34,40,15,7,2,18,22,8.0,2014-15
22014,1610612755,PHI,Philadelphia 76ers,0021400187,2014-11-22,PHI @ NYK,L,242,83,30,75,0.4,8,26,0.308,15,25,0.6,10,26,36,13,8,1,18,21,-8.0,2014-15
22014,1610612739,CLE,Cleveland Cavaliers,0021400186,2014-11-22,CLE vs. TOR,L,240,93,35,81,0.432,3,16,0.188,20,29,0.69,11,35,46,24,4,6,18,28,-17.0,2014-15
22014,1610612761,TOR,Toronto Raptors,0021400186,2014-11-22,TOR @ CLE,W,239,110,32,80,0.4,8,24,0.333,38,42,0.905,8,26,34,20,8,6,8,26,17.0,2014-15
22014,1610612749,MIL,Milwaukee Bucks,0021400190,2014-11-22,MIL vs. WAS,L,241,100,36,84,0.429,5,15,0.333,23,26,0.885,8,28,36,21,11,7,14,20,-11.0,2014-15
22014,1610612740,NOP,New Orleans Pelicans,0021400192,2014-11-22,NOP @ UTA,W,241,106,42,93,0.452,4,17,0.235,18,22,0.818,18,26,44,19,11,7,9,22,12.0,2014-15
22014,1610612764,WAS,Washington Wizards,0021400190,2014-11-22,WAS @ MIL,W,239,111,43,93,0.462,8,18,0.444,17,22,0.773,20,33,53,27,7,6,14,24,11.0,2014-15
22014,1610612748,MIA,Miami Heat,0021400185,2014-11-22,MIA @ ORL,W,241,99,37,71,0.521,12,26,0.462,13,18,0.722,7,26,33,17,7,5,16,20,7.0,2014-15
22014,1610612753,ORL,Orlando Magic,0021400185,2014-11-22,ORL vs. MIA,L,241,92,35,78,0.449,3,16,0.188,19,27,0.704,18,26,44,18,10,2,14,20,-7.0,2014-15
22014,1610612750,MIN,Minnesota Timberwolves,0021400189,2014-11-22,MIN vs. SAC,L,240,101,37,90,0.411,6,17,0.353,21,27,0.778,15,22,37,23,10,7,10,24,-12.0,2014-15
22014,1610612762,UTA,Utah Jazz,0021400192,2014-11-22,UTA vs. NOP,L,241,94,33,71,0.465,5,14,0.357,23,29,0.793,11,31,42,15,6,8,18,25,-12.0,2014-15
22014,1610612758,SAC,Sacramento Kings,0021400189,2014-11-22,SAC @ MIN,W,240,113,40,81,0.494,8,26,0.308,25,30,0.833,14,36,50,24,4,2,18,19,12.0,2014-15
22014,1610612759,SAS,San Antonio Spurs,0021400191,2014-11-22,SAS vs. BKN,W,240,99,41,79,0.519,8,21,0.381,9,11,0.818,6,42,48,29,7,9,14,9,12.0,2014-15
22014,1610612751,BKN,Brooklyn Nets,0021400191,2014-11-22,BKN @ SAS,L,240,87,34,91,0.374,9,27,0.333,10,10,1.0,13,31,44,24,5,5,11,14,-12.0,2014-15
22014,1610612742,DAL,Dallas Mavericks,0021400188,2014-11-22,DAL @ HOU,L,240,92,35,88,0.398,6,35,0.171,16,22,0.727,16,34,50,17,6,5,14,22,-3.0,2014-15
22014,1610612754,IND,Indiana Pacers,0021400184,2014-11-22,IND vs. PHX,L,241,83,31,84,0.369,7,23,0.304,14,20,0.7,15,32,47,18,9,5,14,20,-23.0,2014-15
22014,1610612751,BKN,Brooklyn Nets,0021400178,2014-11-21,BKN @ OKC,W,240,94,31,67,0.463,5,15,0.333,27,30,0.9,10,28,38,17,2,6,18,17,2.0,2014-15
22014,1610612759,SAS,San Antonio Spurs,0021400177,2014-11-21,SAS @ MIN,W,240,121,46,84,0.548,13,21,0.619,16,18,0.889,14,39,53,26,6,11,20,22,29.0,2014-15
22014,1610612760,OKC,Oklahoma City Thunder,0021400178,2014-11-21,OKC vs. BKN,L,240,92,38,85,0.447,4,20,0.2,12,19,0.632,13,23,36,18,9,9,13,25,-2.0,2014-15
22014,1610612738,BOS,Boston Celtics,0021400176,2014-11-21,BOS @ MEM,L,240,100,38,88,0.432,9,27,0.333,15,21,0.714,9,29,38,22,7,7,12,14,-17.0,2014-15
22014,1610612740,NOP,New Orleans Pelicans,0021400181,2014-11-21,NOP @ DEN,L,240,97,31,78,0.397,5,16,0.313,30,34,0.882,8,32,40,19,7,3,12,22,-20.0,2014-15
22014,1610612743,DEN,Denver Nuggets,0021400181,2014-11-21,DEN vs. NOP,W,242,117,43,82,0.524,11,24,0.458,20,25,0.8,8,33,41,24,8,10,10,24,20.0,2014-15
22014,1610612763,MEM,Memphis Grizzlies,0021400176,2014-11-21,MEM vs. BOS,W,240,117,48,91,0.527,8,16,0.5,13,14,0.929,9,41,50,31,4,4,14,16,17.0,2014-15
22014,1610612755,PHI,Philadelphia 76ers,0021400173,2014-11-21,PHI vs. PHX,L,241,96,36,78,0.462,4,23,0.174,20,33,0.606,10,29,39,18,10,1,17,23,-26.0,2014-15
22014,1610612744,GSW,Golden State Warriors,0021400182,2014-11-21,GSW vs. UTA,W,242,101,41,82,0.5,6,23,0.261,13,19,0.684,6,34,40,28,10,5,13,18,13.0,2014-15
22014,1610612764,WAS,Washington Wizards,0021400179,2014-11-21,WAS vs. CLE,W,242,91,41,84,0.488,4,10,0.4,5,9,0.556,10,35,45,24,10,5,17,21,13.0,2014-15
22014,1610612739,CLE,Cleveland Cavaliers,0021400179,2014-11-21,CLE @ WAS,L,239,78,27,75,0.36,6,27,0.222,18,23,0.783,9,32,41,13,12,4,19,21,-13.0,2014-15
22014,1610612762,UTA,Utah Jazz,0021400182,2014-11-21,UTA @ GSW,L,240,88,35,82,0.427,6,17,0.353,12,19,0.632,14,31,45,26,12,5,19,16,-13.0,2014-15
22014,1610612756,PHX,Phoenix Suns,0021400173,2014-11-21,PHX @ PHI,W,242,122,44,86,0.512,13,31,0.419,21,23,0.913,11,35,46,24,11,0,13,25,26.0,2014-15
22014,1610612737,ATL,Atlanta Hawks,0021400174,2014-11-21,ATL vs. DET,W,240,99,38,80,0.475,5,24,0.208,18,26,0.692,8,38,46,20,7,5,9,18,10.0,2014-15
22014,1610612766,CHA,Charlotte Hornets,0021400172,2014-11-21,CHA vs. ORL,L,240,100,42,91,0.462,7,20,0.35,9,15,0.6,10,35,45,22,4,7,7,26,-5.0,2014-15
22014,1610612747,LAL,Los Angeles Lakers,0021400180,2014-11-21,LAL @ DAL,L,239,106,44,85,0.518,5,13,0.385,13,21,0.619,13,20,33,24,3,4,10,24,-34.0,2014-15
22014,1610612765,DET,Detroit Pistons,0021400174,2014-11-21,DET @ ATL,L,240,89,31,83,0.373,4,21,0.19,23,24,0.958,13,32,45,12,6,3,12,20,-10.0,2014-15
22014,1610612742,DAL,Dallas Mavericks,0021400180,2014-11-21,DAL vs. LAL,W,241,140,51,82,0.622,18,35,0.514,20,28,0.714,11,28,39,37,4,2,9,16,34.0,2014-15
22014,1610612749,MIL,Milwaukee Bucks,0021400175,2014-11-21,MIL @ TOR,L,240,82,27,74,0.365,6,20,0.3,22,32,0.688,8,22,30,19,11,1,12,18,-42.0,2014-15
22014,1610612741,CHI,Chicago Bulls,0021400183,2014-11-21,CHI @ POR,L,240,87,30,83,0.361,8,22,0.364,19,28,0.679,11,37,48,14,9,2,14,18,-18.0,2014-15
22014,1610612761,TOR,Toronto Raptors,0021400175,2014-11-21,TOR vs. MIL,W,241,124,45,86,0.523,15,25,0.6,19,24,0.792,15,42,57,27,8,4,16,24,42.0,2014-15
22014,1610612757,POR,Portland Trail Blazers,0021400183,2014-11-21,POR vs. CHI,W,240,105,39,79,0.494,9,16,0.563,18,22,0.818,6,40,46,26,8,5,17,19,18.0,2014-15
22014,1610612753,ORL,Orlando Magic,0021400172,2014-11-21,ORL @ CHA,W,241,105,39,82,0.476,4,16,0.25,23,32,0.719,6,37,43,12,2,5,8,15,5.0,2014-15
22014,1610612750,MIN,Minnesota Timberwolves,0021400177,2014-11-21,MIN vs. SAS,L,240,92,37,90,0.411,4,13,0.308,14,22,0.636,11,23,34,16,12,3,11,17,-29.0,2014-15
22014,1610612748,MIA,Miami Heat,0021400170,2014-11-20,MIA vs. LAC,L,238,93,30,67,0.448,6,26,0.231,27,31,0.871,6,24,30,11,10,3,12,15,-17.0,2014-15
22014,1610612746,LAC,Los Angeles Clippers,0021400170,2014-11-20,LAC @ MIA,W,239,110,43,77,0.558,13,31,0.419,11,17,0.647,4,31,35,31,6,0,13,21,17.0,2014-15
22014,1610612741,CHI,Chicago Bulls,0021400171,2014-11-20,CHI @ SAC,L,241,88,36,84,0.429,5,19,0.263,11,16,0.688,13,29,42,23,6,4,14,26,-15.0,2014-15
22014,1610612758,SAC,Sacramento Kings,0021400171,2014-11-20,SAC vs. CHI,W,238,103,38,74,0.514,4,6,0.667,23,27,0.852,7,33,40,26,5,4,13,21,15.0,2014-15
22014,1610612743,DEN,Denver Nuggets,0021400168,2014-11-19,DEN vs. OKC,W,240,107,40,82,0.488,10,29,0.345,17,22,0.773,12,30,42,25,6,5,8,20,7.0,2014-15
22014,1610612749,MIL,Milwaukee Bucks,0021400164,2014-11-19,MIL @ BKN,W,315,122,48,108,0.444,5,24,0.208,21,28,0.75,16,35,51,23,12,4,13,28,4.0,2014-15
22014,1610612751,BKN,Brooklyn Nets,0021400164,2014-11-19,BKN vs. MIL,L,314,118,44,92,0.478,9,31,0.29,21,29,0.724,10,39,49,26,7,6,20,25,-4.0,2014-15
22014,1610612739,CLE,Cleveland Cavaliers,0021400159,2014-11-19,CLE vs. SAS,L,239,90,37,83,0.446,7,18,0.389,9,13,0.692,10,28,38,23,7,5,16,21,-2.0,2014-15
22014,1610612763,MEM,Memphis Grizzlies,0021400166,2014-11-19,MEM @ TOR,L,240,92,35,80,0.438,3,10,0.3,19,26,0.731,15,35,50,16,8,4,13,16,-4.0,2014-15
22014,1610612765,DET,Detroit Pistons,0021400165,2014-11-19,DET vs. PHX,L,241,86,33,87,0.379,7,25,0.28,13,19,0.684,15,28,43,21,9,1,14,16,-2.0,2014-15
22014,1610612759,SAS,San Antonio Spurs,0021400159,2014-11-19,SAS @ CLE,W,241,92,35,74,0.473,5,16,0.313,17,25,0.68,10,32,42,26,11,4,15,20,2.0,2014-15
22014,1610612747,LAL,Los Angeles Lakers,0021400169,2014-11-19,LAL @ HOU,W,241,98,37,91,0.407,5,20,0.25,19,23,0.826,14,33,47,17,8,3,13,18,6.0,2014-15
22014,1610612754,IND,Indiana Pacers,0021400160,2014-11-19,IND vs. CHA,W,241,88,35,78,0.449,2,15,0.133,16,24,0.667,14,37,51,15,3,3,11,13,2.0,2014-15
22014,1610612760,OKC,Oklahoma City Thunder,0021400168,2014-11-19,OKC @ DEN,L,241,100,36,79,0.456,10,23,0.435,18,25,0.72,13,26,39,21,5,0,10,24,-7.0,2014-15
22014,1610612761,TOR,Toronto Raptors,0021400166,2014-11-19,TOR vs. MEM,W,240,96,38,83,0.458,9,26,0.346,11,13,0.846,7,28,35,24,9,6,8,20,4.0,2014-15
22014,1610612742,DAL,Dallas Mavericks,0021400163,2014-11-19,DAL @ WAS,W,239,105,34,82,0.415,12,28,0.429,25,29,0.862,10,34,44,18,5,5,12,19,3.0,2014-15
22014,1610612753,ORL,Orlando Magic,0021400161,2014-11-19,ORL vs. LAC,L,241,90,34,86,0.395,8,24,0.333,14,18,0.778,11,37,48,21,5,1,13,17,-24.0,2014-15
22014,1610612756,PHX,Phoenix Suns,0021400165,2014-11-19,PHX @ DET,W,238,88,37,75,0.493,4,15,0.267,10,13,0.769,5,36,41,21,10,4,17,22,2.0,2014-15
22014,1610612755,PHI,Philadelphia 76ers,0021400162,2014-11-19,PHI vs. BOS,L,240,90,34,86,0.395,7,21,0.333,15,21,0.714,9,35,44,22,10,2,15,20,-11.0,2014-15
22014,1610612764,WAS,Washington Wizards,0021400163,2014-11-19,WAS vs. DAL,L,240,102,37,84,0.44,10,22,0.455,18,21,0.857,9,33,42,25,8,3,13,27,-3.0,2014-15
22014,1610612746,LAC,Los Angeles Clippers,0021400161,2014-11-19,LAC @ ORL,W,240,114,45,84,0.536,12,21,0.571,12,16,0.75,2,37,39,24,8,9,7,19,24.0,2014-15
22014,1610612738,BOS,Boston Celtics,0021400162,2014-11-19,BOS @ PHI,W,240,101,41,83,0.494,6,20,0.3,13,21,0.619,7,37,44,32,11,4,15,19,11.0,2014-15
22014,1610612752,NYK,New York Knicks,0021400167,2014-11-19,NYK @ MIN,L,239,99,34,69,0.493,9,16,0.563,22,28,0.786,8,25,33,19,6,3,22,22,-16.0,2014-15
22014,1610612750,MIN,Minnesota Timberwolves,0021400167,2014-11-19,MIN vs. NYK,W,240,115,44,89,0.494,11,22,0.5,16,22,0.727,15,20,35,26,15,2,14,23,16.0,2014-15
22014,1610612745,HOU,Houston Rockets,0021400169,2014-11-19,HOU vs. LAL,L,241,92,30,74,0.405,15,38,0.395,17,23,0.739,6,32,38,20,8,6,17,25,-6.0,2014-15
22014,1610612766,CHA,Charlotte Hornets,0021400160,2014-11-19,CHA @ IND,L,242,86,37,86,0.43,5,14,0.357,7,12,0.583,12,29,41,18,6,6,5,21,-2.0,2014-15
22014,1610612749,MIL,Milwaukee Bucks,0021400156,2014-11-18,MIL vs. NYK,W,240,117,43,78,0.551,9,17,0.529,22,27,0.815,17,27,44,30,5,0,16,24,4.0,2014-15
22014,1610612752,NYK,New York Knicks,0021400156,2014-11-18,NYK @ MIL,L,239,113,44,80,0.55,11,25,0.44,14,19,0.737,11,17,28,30,9,3,12,22,-4.0,2014-15
22014,1610612737,ATL,Atlanta Hawks,0021400155,2014-11-18,ATL vs. LAL,L,239,109,41,85,0.482,9,27,0.333,18,23,0.783,13,25,38,22,7,3,10,17,-5.0,2014-15
22014,1610612762,UTA,Utah Jazz,0021400157,2014-11-18,UTA vs. OKC,W,239,98,35,81,0.432,10,24,0.417,18,26,0.692,12,43,55,22,8,4,13,17,17.0,2014-15
22014,1610612760,OKC,Oklahoma City Thunder,0021400157,2014-11-18,OKC @ UTA,L,240,81,30,84,0.357,8,23,0.348,13,19,0.684,12,32,44,17,8,6,13,22,-17.0,2014-15
22014,1610612740,NOP,New Orleans Pelicans,0021400158,2014-11-18,NOP @ SAC,W,239,106,39,79,0.494,9,24,0.375,19,24,0.792,4,28,32,21,6,6,6,25,6.0,2014-15
22014,1610612758,SAC,Sacramento Kings,0021400158,2014-11-18,SAC vs. NOP,L,240,100,38,86,0.442,4,11,0.364,20,29,0.69,17,35,52,23,3,2,15,15,-6.0,2014-15
22014,1610612747,LAL,Los Angeles Lakers,0021400155,2014-11-18,LAL @ ATL,W,240,114,47,87,0.54,6,17,0.353,14,22,0.636,13,31,44,24,7,0,11,24,5.0,2014-15
22014,1610612742,DAL,Dallas Mavericks,0021400146,2014-11-17,DAL @ CHA,W,239,107,43,84,0.512,10,28,0.357,11,16,0.688,10,40,50,32,7,4,7,18,27.0,2014-15
22014,1610612765,DET,Detroit Pistons,0021400150,2014-11-17,DET vs. ORL,L,240,93,32,80,0.4,11,24,0.458,18,24,0.75,10,31,41,17,5,4,14,19,-14.0,2014-15
22014,1610612740,NOP,New Orleans Pelicans,0021400153,2014-11-17,NOP @ POR,L,241,93,38,85,0.447,5,19,0.263,12,19,0.632,13,28,41,16,11,4,11,23,-9.0,2014-15
22014,1610612738,BOS,Boston Celtics,0021400148,2014-11-17,BOS vs. PHX,L,241,114,45,87,0.517,4,10,0.4,20,31,0.645,11,33,44,28,10,4,18,19,-4.0,2014-15
22014,1610612739,CLE,Cleveland Cavaliers,0021400147,2014-11-17,CLE vs. DEN,L,239,97,34,79,0.43,10,29,0.345,19,23,0.826,9,33,42,18,7,8,15,15,-9.0,2014-15
22014,1610612756,PHX,Phoenix Suns,0021400148,2014-11-17,PHX @ BOS,W,239,118,48,93,0.516,9,21,0.429,13,16,0.813,8,32,40,30,11,2,18,23,4.0,2014-15
22014,1610612743,DEN,Denver Nuggets,0021400147,2014-11-17,DEN @ CLE,W,240,106,41,85,0.482,12,31,0.387,12,15,0.8,9,30,39,25,10,4,15,18,9.0,2014-15
22014,1610612748,MIA,Miami Heat,0021400149,2014-11-17,MIA @ BKN,W,240,95,31,72,0.431,9,27,0.333,24,27,0.889,10,31,41,19,6,2,14,24,12.0,2014-15
22014,1610612757,POR,Portland Trail Blazers,0021400153,2014-11-17,POR vs. NOP,W,241,102,38,76,0.5,7,19,0.368,19,23,0.826,10,33,43,20,7,1,18,21,9.0,2014-15
22014,1610612751,BKN,Brooklyn Nets,0021400149,2014-11-17,BKN vs. MIA,L,240,83,29,70,0.414,9,23,0.391,16,26,0.615,11,24,35,18,10,5,12,19,-12.0,2014-15
22014,1610612763,MEM,Memphis Grizzlies,0021400151,2014-11-17,MEM vs. HOU,W,239,119,46,86,0.535,7,17,0.412,20,22,0.909,10,28,38,27,14,5,10,19,26.0,2014-15
22014,1610612741,CHI,Chicago Bulls,0021400154,2014-11-17,CHI @ LAC,W,239,105,39,80,0.488,10,26,0.385,17,25,0.68,9,36,45,28,7,2,8,24,16.0,2014-15
22014,1610612766,CHA,Charlotte Hornets,0021400146,2014-11-17,CHA vs. DAL,L,240,80,32,80,0.4,10,22,0.455,6,13,0.462,7,28,35,22,1,3,11,17,-27.0,2014-15
22014,1610612745,HOU,Houston Rockets,0021400151,2014-11-17,HOU @ MEM,L,240,93,34,78,0.436,8,34,0.235,17,21,0.81,10,25,35,24,6,4,21,19,-26.0,2014-15
22014,1610612746,LAC,Los Angeles Clippers,0021400154,2014-11-17,LAC vs. CHI,L,240,89,36,81,0.444,7,23,0.304,10,22,0.455,9,31,40,20,2,5,12,21,-16.0,2014-15
22014,1610612759,SAS,San Antonio Spurs,0021400152,2014-11-17,SAS vs. PHI,W,240,100,36,81,0.444,10,26,0.385,18,21,0.857,6,46,52,27,9,8,17,17,25.0,2014-15
22014,1610612753,ORL,Orlando Magic,0021400150,2014-11-17,ORL @ DET,W,241,107,41,79,0.519,13,26,0.5,12,15,0.8,6,33,39,33,9,2,11,21,14.0,2014-15
22014,1610612755,PHI,Philadelphia 76ers,0021400152,2014-11-17,PHI @ SAS,L,241,75,27,83,0.325,4,26,0.154,17,24,0.708,5,34,39,15,11,4,13,18,-25.0,2014-15
22014,1610612748,MIA,Miami Heat,0021400143,2014-11-16,MIA vs. MIL,L,240,84,30,73,0.411,11,25,0.44,13,22,0.591,6,34,40,19,10,6,17,20,-7.0,2014-15
22014,1610612749,MIL,Milwaukee Bucks,0021400143,2014-11-16,MIL @ MIA,W,239,91,35,74,0.473,5,18,0.278,16,26,0.615,5,35,40,16,11,1,16,24,7.0,2014-15
22014,1610612752,NYK,New York Knicks,0021400142,2014-11-16,NYK vs. DEN,W,240,109,41,76,0.539,6,14,0.429,21,27,0.778,8,35,43,16,9,3,15,22,16.0,2014-15
22014,1610612744,GSW,Golden State Warriors,0021400145,2014-11-16,GSW @ LAL,W,240,136,46,86,0.535,14,28,0.5,30,34,0.882,11,40,51,32,4,5,16,26,21.0,2014-15
22014,1610612747,LAL,Los Angeles Lakers,0021400145,2014-11-16,LAL vs. GSW,L,240,115,39,99,0.394,3,16,0.188,34,43,0.791,20,28,48,17,9,4,7,27,-21.0,2014-15
22014,1610612745,HOU,Houston Rockets,0021400144,2014-11-16,HOU @ OKC,W,239,69,23,80,0.288,7,35,0.2,16,30,0.533,22,32,54,11,5,6,14,23,4.0,2014-15
22014,1610612760,OKC,Oklahoma City Thunder,0021400144,2014-11-16,OKC vs. HOU,L,241,65,20,68,0.294,3,19,0.158,22,28,0.786,11,34,45,14,6,15,15,30,-4.0,2014-15
22014,1610612743,DEN,Denver Nuggets,0021400142,2014-11-16,DEN @ NYK,L,239,93,32,82,0.39,13,34,0.382,16,26,0.615,10,29,39,20,9,0,17,21,-16.0,2014-15
22014,1610612746,LAC,Los Angeles Clippers,0021400141,2014-11-15,LAC vs. PHX,W,239,120,36,68,0.529,14,29,0.483,34,43,0.791,4,43,47,24,5,12,20,26,13.0,2014-15
22014,1610612756,PHX,Phoenix Suns,0021400141,2014-11-15,PHX @ LAC,L,240,107,38,99,0.384,11,30,0.367,20,23,0.87,16,27,43,26,9,3,10,30,-13.0,2014-15
22014,1610612764,WAS,Washington Wizards,0021400132,2014-11-15,WAS vs. ORL,W,240,98,42,84,0.5,3,10,0.3,11,16,0.688,9,31,40,31,5,8,11,16,5.0,2014-15
22014,1610612751,BKN,Brooklyn Nets,0021400138,2014-11-15,BKN @ POR,L,239,87,35,89,0.393,1,19,0.053,16,17,0.941,12,31,43,15,7,2,9,24,-10.0,2014-15
22014,1610612753,ORL,Orlando Magic,0021400132,2014-11-15,ORL @ WAS,L,239,93,37,78,0.474,7,17,0.412,12,18,0.667,9,31,40,14,5,2,15,21,-5.0,2014-15
22014,1610612762,UTA,Utah Jazz,0021400134,2014-11-15,UTA @ TOR,L,241,93,33,75,0.44,5,16,0.313,22,30,0.733,10,28,38,22,5,3,11,21,-18.0,2014-15
22014,1610612763,MEM,Memphis Grizzlies,0021400136,2014-11-15,MEM vs. DET,W,240,95,32,86,0.372,4,15,0.267,27,33,0.818,18,35,53,18,5,4,8,18,7.0,2014-15
22014,1610612742,DAL,Dallas Mavericks,0021400137,2014-11-15,DAL vs. MIN,W,241,131,52,94,0.553,8,26,0.308,19,23,0.826,12,28,40,31,5,10,7,24,14.0,2014-15
22014,1610612761,TOR,Toronto Raptors,0021400134,2014-11-15,TOR vs. UTA,W,240,111,43,84,0.512,8,21,0.381,17,23,0.739,13,29,42,15,6,5,8,19,18.0,2014-15
22014,1610612750,MIN,Minnesota Timberwolves,0021400137,2014-11-15,MIN @ DAL,L,241,117,43,86,0.5,7,17,0.412,24,29,0.828,12,29,41,24,2,2,17,30,-14.0,2014-15
22014,1610612739,CLE,Cleveland Cavaliers,0021400133,2014-11-15,CLE vs. ATL,W,239,127,49,90,0.544,19,31,0.613,10,13,0.769,12,35,47,39,12,2,13,14,33.0,2014-15
22014,1610612757,POR,Portland Trail Blazers,0021400138,2014-11-15,POR vs. BKN,W,240,97,33,78,0.423,11,26,0.423,20,27,0.741,13,34,47,26,6,3,14,16,10.0,2014-15
22014,1610612765,DET,Detroit Pistons,0021400136,2014-11-15,DET @ MEM,L,240,88,34,82,0.415,10,26,0.385,10,17,0.588,9,34,43,15,4,6,9,22,-7.0,2014-15
22014,1610612744,GSW,Golden State Warriors,0021400140,2014-11-15,GSW vs. CHA,W,240,112,45,87,0.517,11,26,0.423,11,14,0.786,11,40,51,30,7,3,14,25,25.0,2014-15
22014,1610612741,CHI,Chicago Bulls,0021400135,2014-11-15,CHI vs. IND,L,240,90,35,83,0.422,4,17,0.235,16,23,0.696,10,24,34,18,6,7,13,19,-9.0,2014-15
22014,1610612754,IND,Indiana Pacers,0021400135,2014-11-15,IND @ CHI,W,241,99,37,77,0.481,7,18,0.389,18,25,0.72,10,36,46,18,5,6,14,22,9.0,2014-15
22014,1610612766,CHA,Charlotte Hornets,0021400140,2014-11-15,CHA @ GSW,L,241,87,32,84,0.381,7,17,0.412,16,28,0.571,10,31,41,14,5,2,12,13,-25.0,2014-15
22014,1610612737,ATL,Atlanta Hawks,0021400133,2014-11-15,ATL @ CLE,L,241,94,40,90,0.444,3,22,0.136,11,13,0.846,11,26,37,26,6,8,18,12,-33.0,2014-15
22014,1610612758,SAC,Sacramento Kings,0021400139,2014-11-15,SAC vs. SAS,W,240,94,37,86,0.43,0,12,0.0,20,24,0.833,8,34,42,19,5,6,9,18,3.0,2014-15
22014,1610612759,SAS,San Antonio Spurs,0021400139,2014-11-15,SAS @ SAC,L,240,91,34,80,0.425,7,24,0.292,16,18,0.889,7,31,38,24,6,8,14,25,-3.0,2014-15
22014,1610612753,ORL,Orlando Magic,0021400123,2014-11-14,ORL vs. MIL,W,240,101,35,80,0.438,10,24,0.417,21,27,0.778,10,35,45,22,7,3,15,15,16.0,2014-15
22014,1610612752,NYK,New York Knicks,0021400126,2014-11-14,NYK vs. UTA,L,240,100,39,82,0.476,5,8,0.625,17,20,0.85,7,24,31,15,12,1,8,26,-2.0,2014-15
22014,1610612765,DET,Detroit Pistons,0021400129,2014-11-14,DET @ OKC,W,265,96,38,89,0.427,11,31,0.355,9,15,0.6,14,41,55,18,8,5,16,17,7.0,2014-15
22014,1610612743,DEN,Denver Nuggets,0021400122,2014-11-14,DEN @ IND,W,240,108,43,87,0.494,8,23,0.348,14,25,0.56,13,33,46,20,8,5,8,25,21.0,2014-15
22014,1610612760,OKC,Oklahoma City Thunder,0021400129,2014-11-14,OKC vs. DET,L,266,89,38,96,0.396,12,36,0.333,1,6,0.167,10,32,42,23,9,7,14,23,-7.0,2014-15
22014,1610612745,HOU,Houston Rockets,0021400127,2014-11-14,HOU vs. PHI,W,240,88,29,78,0.372,7,34,0.206,23,37,0.622,13,34,47,16,17,11,21,25,1.0,2014-15
22014,1610612747,LAL,Los Angeles Lakers,0021400131,2014-11-14,LAL vs. SAS,L,239,80,28,75,0.373,2,12,0.167,22,31,0.71,11,35,46,17,6,5,13,13,-13.0,2014-15
22014,1610612737,ATL,Atlanta Hawks,0021400124,2014-11-14,ATL vs. MIA,W,240,114,42,75,0.56,11,28,0.393,19,23,0.826,3,33,36,33,10,5,13,20,11.0,2014-15
22014,1610612759,SAS,San Antonio Spurs,0021400131,2014-11-14,SAS @ LAL,W,240,93,33,80,0.413,10,23,0.435,17,20,0.85,7,37,44,28,9,2,10,23,13.0,2014-15
22014,1610612755,PHI,Philadelphia 76ers,0021400127,2014-11-14,PHI @ HOU,L,240,87,34,80,0.425,7,21,0.333,12,18,0.667,14,32,46,19,10,5,23,28,-1.0,2014-15
22014,1610612750,MIN,Minnesota Timberwolves,0021400128,2014-11-14,MIN @ NOP,L,240,91,29,72,0.403,3,14,0.214,30,41,0.732,11,26,37,13,5,3,22,17,-48.0,2014-15
22014,1610612739,CLE,Cleveland Cavaliers,0021400125,2014-11-14,CLE @ BOS,W,240,122,43,85,0.506,8,23,0.348,28,37,0.757,8,32,40,22,5,5,11,21,1.0,2014-15
22014,1610612756,PHX,Phoenix Suns,0021400130,2014-11-14,PHX vs. CHA,L,240,95,37,86,0.43,8,29,0.276,13,14,0.929,11,34,45,16,3,6,11,23,-8.0,2014-15
22014,1610612738,BOS,Boston Celtics,0021400125,2014-11-14,BOS vs. CLE,L,240,121,48,88,0.545,6,20,0.3,19,23,0.826,8,31,39,32,7,1,14,26,-1.0,2014-15
22014,1610612766,CHA,Charlotte Hornets,0021400130,2014-11-14,CHA @ PHX,W,239,103,39,91,0.429,7,16,0.438,18,19,0.947,14,32,46,21,5,3,7,15,8.0,2014-15
22014,1610612740,NOP,New Orleans Pelicans,0021400128,2014-11-14,NOP vs. MIN,W,240,139,56,84,0.667,15,20,0.75,12,16,0.75,3,31,34,31,13,3,13,30,48.0,2014-15
22014,1610612748,MIA,Miami Heat,0021400124,2014-11-14,MIA @ ATL,L,240,103,35,74,0.473,10,21,0.476,23,25,0.92,5,27,32,27,10,3,14,20,-11.0,2014-15
22014,1610612749,MIL,Milwaukee Bucks,0021400123,2014-11-14,MIL @ ORL,L,240,85,36,80,0.45,2,19,0.105,11,14,0.786,5,33,38,19,8,4,16,25,-16.0,2014-15
22014,1610612754,IND,Indiana Pacers,0021400122,2014-11-14,IND vs. DEN,L,240,87,34,84,0.405,8,22,0.364,11,22,0.5,11,31,42,17,2,7,13,19,-21.0,2014-15
22014,1610612762,UTA,Utah Jazz,0021400126,2014-11-14,UTA @ NYK,W,240,102,36,70,0.514,10,22,0.455,20,25,0.8,11,28,39,25,6,8,18,20,2.0,2014-15
22014,1610612758,SAC,Sacramento Kings,0021400118,2014-11-13,SAC @ MEM,L,240,110,37,77,0.481,7,13,0.538,29,34,0.853,13,31,44,12,6,5,14,26,-1.0,2014-15
22014,1610612763,MEM,Memphis Grizzlies,0021400118,2014-11-13,MEM vs. SAC,W,240,111,39,77,0.506,6,9,0.667,27,34,0.794,8,22,30,24,9,4,9,25,1.0,2014-15
22014,1610612741,CHI,Chicago Bulls,0021400119,2014-11-13,CHI @ TOR,W,240,100,37,77,0.481,4,15,0.267,22,32,0.688,13,35,48,26,7,7,19,18,7.0,2014-15
22014,1610612744,GSW,Golden State Warriors,0021400121,2014-11-13,GSW vs. BKN,W,240,107,41,90,0.456,11,34,0.324,14,21,0.667,14,31,45,30,7,10,10,16,8.0,2014-15
22014,1610612751,BKN,Brooklyn Nets,0021400121,2014-11-13,BKN @ GSW,L,239,99,39,89,0.438,3,16,0.188,18,20,0.9,7,34,41,19,5,2,12,22,-8.0,2014-15
22014,1610612761,TOR,Toronto Raptors,0021400119,2014-11-13,TOR vs. CHI,L,240,93,35,89,0.393,8,25,0.32,15,21,0.714,13,25,38,17,11,7,14,28,-7.0,2014-15
22014,1610612742,DAL,Dallas Mavericks,0021400120,2014-11-13,DAL vs. PHI,W,239,123,41,80,0.513,11,32,0.344,30,36,0.833,9,42,51,33,14,5,15,25,53.0,2014-15
22014,1610612755,PHI,Philadelphia 76ers,0021400120,2014-11-13,PHI @ DAL,L,240,70,23,77,0.299,7,27,0.259,17,33,0.515,18,28,46,9,7,4,27,24,-53.0,2014-15
22014,1610612750,MIN,Minnesota Timberwolves,0021400117,2014-11-12,MIN vs. HOU,L,240,101,36,81,0.444,6,12,0.5,23,30,0.767,9,32,41,22,6,6,13,17,-12.0,2014-15
22014,1610612753,ORL,Orlando Magic,0021400113,2014-11-12,ORL @ NYK,W,240,97,33,70,0.471,6,12,0.5,25,32,0.781,4,33,37,20,4,1,10,19,2.0,2014-15
22014,1610612765,DET,Detroit Pistons,0021400109,2014-11-12,DET @ WAS,L,240,103,38,81,0.469,9,22,0.409,18,22,0.818,7,32,39,19,5,6,13,25,-4.0,2014-15
22014,1610612752,NYK,New York Knicks,0021400113,2014-11-12,NYK vs. ORL,L,239,95,37,86,0.43,8,23,0.348,13,14,0.929,11,29,40,17,2,6,7,27,-2.0,2014-15
22014,1610612760,OKC,Oklahoma City Thunder,0021400111,2014-11-12,OKC @ BOS,W,240,109,40,82,0.488,10,24,0.417,19,22,0.864,8,33,41,23,1,3,8,13,15.0,2014-15
22014,1610612748,MIA,Miami Heat,0021400112,2014-11-12,MIA vs. IND,L,241,75,29,68,0.426,9,20,0.45,8,18,0.444,6,22,28,18,11,5,9,18,-6.0,2014-15
22014,1610612764,WAS,Washington Wizards,0021400109,2014-11-12,WAS vs. DET,W,240,107,40,83,0.482,3,11,0.273,24,33,0.727,11,35,46,27,10,6,11,22,4.0,2014-15
22014,1610612738,BOS,Boston Celtics,0021400111,2014-11-12,BOS vs. OKC,L,241,94,37,83,0.446,9,33,0.273,11,13,0.846,7,28,35,28,5,3,8,20,-15.0,2014-15
22014,1610612754,IND,Indiana Pacers,0021400112,2014-11-12,IND @ MIA,W,239,81,30,80,0.375,8,26,0.308,13,15,0.867,16,37,53,13,5,5,15,17,6.0,2014-15
22014,1610612747,LAL,Los Angeles Lakers,0021400114,2014-11-12,LAL @ NOP,L,240,102,35,84,0.417,7,21,0.333,25,32,0.781,11,27,38,15,8,5,9,14,-7.0,2014-15
22014,1610612757,POR,Portland Trail Blazers,0021400115,2014-11-12,POR @ DEN,W,240,130,45,88,0.511,16,33,0.485,24,29,0.828,12,34,46,30,7,9,14,21,17.0,2014-15
22014,1610612751,BKN,Brooklyn Nets,0021400116,2014-11-12,BKN @ PHX,L,240,104,35,74,0.473,9,21,0.429,25,32,0.781,8,29,37,17,9,4,19,25,-8.0,2014-15
22014,1610612740,NOP,New Orleans Pelicans,0021400114,2014-11-12,NOP vs. LAL,W,241,109,45,82,0.549,8,19,0.421,11,18,0.611,8,36,44,27,3,12,13,24,7.0,2014-15
22014,1610612756,PHX,Phoenix Suns,0021400116,2014-11-12,PHX vs. BKN,W,241,112,39,81,0.481,8,24,0.333,26,29,0.897,12,32,44,20,10,2,20,22,8.0,2014-15
22014,1610612743,DEN,Denver Nuggets,0021400115,2014-11-12,DEN vs. POR,L,240,113,39,90,0.433,8,23,0.348,27,33,0.818,15,32,47,21,10,2,12,24,-17.0,2014-15
22014,1610612737,ATL,Atlanta Hawks,0021400110,2014-11-12,ATL vs. UTA,W,240,100,39,76,0.513,9,20,0.45,13,18,0.722,13,33,46,23,8,4,18,12,3.0,2014-15
22014,1610612745,HOU,Houston Rockets,0021400117,2014-11-12,HOU @ MIN,W,240,113,43,89,0.483,13,28,0.464,14,19,0.737,13,27,40,25,7,7,13,29,12.0,2014-15
22014,1610612762,UTA,Utah Jazz,0021400110,2014-11-12,UTA @ ATL,L,240,97,43,86,0.5,5,23,0.217,6,12,0.5,8,22,30,28,12,8,11,17,-3.0,2014-15
22014,1610612757,POR,Portland Trail Blazers,0021400107,2014-11-11,POR vs. CHA,W,241,102,40,93,0.43,8,25,0.32,14,16,0.875,15,33,48,25,6,4,12,21,2.0,2014-15
22014,1610612742,DAL,Dallas Mavericks,0021400106,2014-11-11,DAL vs. SAC,W,240,106,38,80,0.475,10,27,0.37,20,24,0.833,9,24,33,23,8,8,11,29,8.0,2014-15
22014,1610612766,CHA,Charlotte Hornets,0021400107,2014-11-11,CHA @ POR,L,239,100,35,75,0.467,7,16,0.438,23,27,0.852,6,32,38,16,5,3,13,16,-2.0,2014-15
22014,1610612758,SAC,Sacramento Kings,0021400106,2014-11-11,SAC @ DAL,L,241,98,32,72,0.444,9,19,0.474,25,32,0.781,12,31,43,17,5,1,20,32,-8.0,2014-15
22014,1610612761,TOR,Toronto Raptors,0021400103,2014-11-11,TOR vs. ORL,W,240,104,35,77,0.455,9,21,0.429,25,30,0.833,5,35,40,16,9,1,12,17,4.0,2014-15
22014,1610612760,OKC,Oklahoma City Thunder,0021400105,2014-11-11,OKC @ MIL,L,239,78,29,87,0.333,6,20,0.3,14,19,0.737,13,33,46,15,6,5,15,22,-7.0,2014-15
22014,1610612749,MIL,Milwaukee Bucks,0021400105,2014-11-11,MIL vs. OKC,W,240,85,33,81,0.407,3,15,0.2,16,24,0.667,14,37,51,18,5,6,16,22,7.0,2014-15
22014,1610612744,GSW,Golden State Warriors,0021400108,2014-11-11,GSW vs. SAS,L,241,100,38,70,0.543,7,20,0.35,17,20,0.85,1,37,38,23,5,4,19,16,-13.0,2014-15
22014,1610612763,MEM,Memphis Grizzlies,0021400104,2014-11-11,MEM vs. LAL,W,240,107,41,78,0.526,4,11,0.364,21,26,0.808,12,26,38,21,8,2,13,18,5.0,2014-15
22014,1610612759,SAS,San Antonio Spurs,0021400108,2014-11-11,SAS @ GSW,W,240,113,46,93,0.495,10,25,0.4,11,15,0.733,8,28,36,28,9,1,8,19,13.0,2014-15
22014,1610612747,LAL,Los Angeles Lakers,0021400104,2014-11-11,LAL @ MEM,L,239,102,41,87,0.471,7,22,0.318,13,17,0.765,15,23,38,22,8,6,13,22,-5.0,2014-15
22014,1610612753,ORL,Orlando Magic,0021400103,2014-11-11,ORL @ TOR,L,240,100,39,81,0.481,12,25,0.48,10,16,0.625,6,33,39,26,8,5,16,24,-4.0,2014-15
22014,1610612759,SAS,San Antonio Spurs,0021400102,2014-11-10,SAS @ LAC,W,240,89,33,83,0.398,2,19,0.105,21,27,0.778,10,29,39,20,11,4,8,17,4.0,2014-15
22014,1610612741,CHI,Chicago Bulls,0021400101,2014-11-10,CHI vs. DET,W,240,102,39,88,0.443,7,20,0.35,17,20,0.85,9,40,49,22,6,8,10,19,11.0,2014-15
22014,1610612765,DET,Detroit Pistons,0021400101,2014-11-10,DET @ CHI,L,241,91,34,80,0.425,7,14,0.5,16,25,0.64,9,37,46,19,5,6,15,21,-11.0,2014-15
22014,1610612752,NYK,New York Knicks,0021400100,2014-11-10,NYK vs. ATL,L,239,85,36,83,0.434,6,26,0.231,7,12,0.583,11,29,40,23,4,2,15,26,-6.0,2014-15
22014,1610612737,ATL,Atlanta Hawks,0021400100,2014-11-10,ATL @ NYK,W,239,91,27,71,0.38,10,27,0.37,27,28,0.964,9,29,38,20,7,3,15,16,6.0,2014-15
22014,1610612762,UTA,Utah Jazz,0021400099,2014-11-10,UTA @ IND,L,240,86,32,74,0.432,6,21,0.286,16,21,0.762,5,32,37,18,5,6,11,18,-11.0,2014-15
22014,1610612754,IND,Indiana Pacers,0021400099,2014-11-10,IND vs. UTA,W,241,97,39,90,0.433,6,15,0.4,13,15,0.867,13,31,44,16,3,3,7,19,11.0,2014-15
22014,1610612739,CLE,Cleveland Cavaliers,0021400098,2014-11-10,CLE vs. NOP,W,241,118,40,81,0.494,13,27,0.481,25,30,0.833,12,33,45,26,3,5,9,13,7.0,2014-15
22014,1610612740,NOP,New Orleans Pelicans,0021400098,2014-11-10,NOP @ CLE,L,240,111,41,93,0.441,12,27,0.444,17,20,0.85,14,26,40,31,8,5,5,20,-7.0,2014-15
22014,1610612746,LAC,Los Angeles Clippers,0021400102,2014-11-10,LAC vs. SAS,L,240,85,33,74,0.446,5,22,0.227,14,17,0.824,8,36,44,26,6,8,15,20,-4.0,2014-15
22014,1610612758,SAC,Sacramento Kings,0021400092,2014-11-09,SAC @ OKC,L,241,93,36,80,0.45,6,24,0.25,15,22,0.682,9,28,37,23,11,2,10,24,-8.0,2014-15
22014,1610612760,OKC,Oklahoma City Thunder,0021400092,2014-11-09,OKC vs. SAC,W,240,101,36,78,0.462,6,18,0.333,23,27,0.852,11,29,40,16,5,6,14,22,8.0,2014-15
22014,1610612742,DAL,Dallas Mavericks,0021400094,2014-11-09,DAL vs. MIA,L,240,96,35,83,0.422,9,29,0.31,17,24,0.708,15,26,41,22,8,7,13,15,-9.0,2014-15
22014,1610612744,GSW,Golden State Warriors,0021400095,2014-11-09,GSW @ PHX,L,240,95,33,69,0.478,11,24,0.458,18,21,0.857,3,33,36,16,9,7,26,26,-12.0,2014-15
22014,1610612755,PHI,Philadelphia 76ers,0021400093,2014-11-09,PHI @ TOR,L,242,88,33,87,0.379,10,34,0.294,12,18,0.667,11,20,31,19,11,6,17,23,-32.0,2014-15
22014,1610612766,CHA,Charlotte Hornets,0021400097,2014-11-09,CHA @ LAL,L,241,92,35,79,0.443,3,14,0.214,19,27,0.704,12,27,39,15,5,0,11,18,-15.0,2014-15
22014,1610612748,MIA,Miami Heat,0021400094,2014-11-09,MIA @ DAL,W,242,105,42,76,0.553,9,23,0.391,12,20,0.6,6,32,38,31,7,3,13,23,9.0,2014-15
22014,1610612757,POR,Portland Trail Blazers,0021400096,2014-11-09,POR vs. DEN,W,240,116,45,100,0.45,16,31,0.516,10,14,0.714,16,35,51,27,7,11,10,21,16.0,2014-15
22014,1610612743,DEN,Denver Nuggets,0021400096,2014-11-09,DEN @ POR,L,241,100,36,91,0.396,5,13,0.385,23,30,0.767,18,37,55,14,5,7,15,22,-16.0,2014-15
22014,1610612756,PHX,Phoenix Suns,0021400095,2014-11-09,PHX vs. GSW,W,240,107,34,79,0.43,12,30,0.4,27,33,0.818,9,30,39,17,9,2,21,19,12.0,2014-15
22014,1610612762,UTA,Utah Jazz,0021400091,2014-11-09,UTA @ DET,W,240,97,33,72,0.458,6,15,0.4,25,35,0.714,9,34,43,20,7,2,11,18,1.0,2014-15
22014,1610612761,TOR,Toronto Raptors,0021400093,2014-11-09,TOR vs. PHI,W,241,120,43,76,0.566,7,17,0.412,27,30,0.9,4,35,39,23,12,8,20,17,32.0,2014-15
22014,1610612765,DET,Detroit Pistons,0021400091,2014-11-09,DET vs. UTA,L,241,96,36,93,0.387,6,23,0.261,18,25,0.72,18,33,51,19,6,2,11,22,-1.0,2014-15
22014,1610612753,ORL,Orlando Magic,0021400090,2014-11-09,ORL @ BKN,L,239,96,39,75,0.52,8,15,0.533,10,16,0.625,5,26,31,25,7,2,17,24,-8.0,2014-15
22014,1610612751,BKN,Brooklyn Nets,0021400090,2014-11-09,BKN vs. ORL,W,240,104,40,83,0.482,4,14,0.286,20,23,0.87,14,31,45,23,10,5,14,21,8.0,2014-15
22014,1610612747,LAL,Los Angeles Lakers,0021400097,2014-11-09,LAL vs. CHA,W,239,107,42,82,0.512,6,17,0.353,17,22,0.773,8,30,38,28,8,2,11,23,15.0,2014-15
22014,1610612757,POR,Portland Trail Blazers,0021400082,2014-11-08,POR @ LAC,L,240,102,36,80,0.45,10,25,0.4,20,25,0.8,9,34,43,25,2,3,16,26,-4.0,2014-15
22014,1610612749,MIL,Milwaukee Bucks,0021400088,2014-11-08,MIL vs. MEM,W,239,93,40,88,0.455,5,18,0.278,8,11,0.727,16,27,43,24,7,4,16,24,1.0,2014-15
22014,1610612744,GSW,Golden State Warriors,0021400087,2014-11-08,GSW @ HOU,W,239,98,39,87,0.448,9,28,0.321,11,17,0.647,15,39,54,22,11,8,26,19,11.0,2014-15
22014,1610612763,MEM,Memphis Grizzlies,0021400088,2014-11-08,MEM @ MIL,L,240,92,29,82,0.354,3,14,0.214,31,34,0.912,15,25,40,15,9,2,13,18,-1.0,2014-15
22014,1610612748,MIA,Miami Heat,0021400085,2014-11-08,MIA vs. MIN,W,242,102,41,78,0.526,5,13,0.385,15,17,0.882,6,34,40,26,8,2,14,19,10.0,2014-15
22014,1610612750,MIN,Minnesota Timberwolves,0021400085,2014-11-08,MIN @ MIA,L,240,92,35,87,0.402,4,16,0.25,18,23,0.783,17,32,49,13,9,2,16,17,-10.0,2014-15
22014,1610612740,NOP,New Orleans Pelicans,0021400089,2014-11-08,NOP @ SAS,W,241,100,40,85,0.471,8,21,0.381,12,14,0.857,6,24,30,22,11,9,11,20,1.0,2014-15
22014,1610612738,BOS,Boston Celtics,0021400086,2014-11-08,BOS @ CHI,W,240,106,42,81,0.519,7,19,0.368,15,20,0.75,7,38,45,25,6,3,12,17,5.0,2014-15
22014,1610612741,CHI,Chicago Bulls,0021400086,2014-11-08,CHI vs. BOS,L,239,101,42,92,0.457,8,18,0.444,9,15,0.6,11,27,38,26,5,2,8,16,-5.0,2014-15
22014,1610612759,SAS,San Antonio Spurs,0021400089,2014-11-08,SAS vs. NOP,L,243,99,36,80,0.45,5,18,0.278,22,29,0.759,17,32,49,15,4,7,18,17,-1.0,2014-15
22014,1610612754,IND,Indiana Pacers,0021400083,2014-11-08,IND vs. WAS,L,240,90,33,77,0.429,8,24,0.333,16,25,0.64,8,30,38,11,5,3,18,24,-7.0,2014-15
22014,1610612752,NYK,New York Knicks,0021400084,2014-11-08,NYK @ ATL,L,241,96,40,84,0.476,8,21,0.381,8,11,0.727,13,31,44,26,2,6,15,29,-7.0,2014-15
22014,1610612737,ATL,Atlanta Hawks,0021400084,2014-11-08,ATL vs. NYK,W,240,103,33,81,0.407,9,22,0.409,28,36,0.778,12,29,41,18,10,5,8,17,7.0,2014-15
22014,1610612764,WAS,Washington Wizards,0021400083,2014-11-08,WAS @ IND,W,241,97,39,81,0.481,2,11,0.182,17,23,0.739,13,36,49,23,8,4,14,25,7.0,2014-15
22014,1610612746,LAC,Los Angeles Clippers,0021400082,2014-11-08,LAC vs. POR,W,239,106,40,81,0.494,5,12,0.417,21,30,0.7,8,29,37,17,8,4,7,19,4.0,2014-15
22014,1610612745,HOU,Houston Rockets,0021400087,2014-11-08,HOU vs. GSW,L,239,87,30,86,0.349,10,42,0.238,17,21,0.81,16,30,46,13,14,0,22,17,-11.0,2014-15
22014,1610612753,ORL,Orlando Magic,0021400072,2014-11-07,ORL vs. MIN,W,266,112,46,91,0.505,5,10,0.5,15,19,0.789,12,40,52,19,5,6,21,27,9.0,2014-15
22014,1610612765,DET,Detroit Pistons,0021400076,2014-11-07,DET vs. MIL,W,240,98,37,75,0.493,11,23,0.478,13,24,0.542,12,28,40,18,7,5,18,24,3.0,2014-15
22014,1610612742,DAL,Dallas Mavericks,0021400080,2014-11-07,DAL @ UTA,W,241,105,42,88,0.477,9,24,0.375,12,14,0.857,13,29,42,23,12,3,8,22,23.0,2014-15
22014,1610612741,CHI,Chicago Bulls,0021400073,2014-11-07,CHI @ PHI,W,241,118,40,78,0.513,12,24,0.5,26,34,0.765,12,28,40,25,4,6,17,21,3.0,2014-15
22014,1610612738,BOS,Boston Celtics,0021400074,2014-11-07,BOS vs. IND,W,240,101,39,85,0.459,9,27,0.333,14,16,0.875,9,29,38,26,6,3,12,19,3.0,2014-15
22014,1610612762,UTA,Utah Jazz,0021400080,2014-11-07,UTA vs. DAL,L,242,82,29,68,0.426,9,28,0.321,15,19,0.789,9,32,41,19,4,6,21,17,-23.0,2014-15
22014,1610612752,NYK,New York Knicks,0021400075,2014-11-07,NYK @ BKN,L,239,99,37,90,0.411,8,19,0.421,17,21,0.81,15,28,43,22,7,2,14,24,-11.0,2014-15
22014,1610612755,PHI,Philadelphia 76ers,0021400073,2014-11-07,PHI vs. CHI,L,240,115,43,91,0.473,12,30,0.4,17,25,0.68,17,25,42,29,7,2,12,29,-3.0,2014-15
22014,1610612756,PHX,Phoenix Suns,0021400079,2014-11-07,PHX vs. SAC,L,289,112,42,98,0.429,10,31,0.323,18,25,0.72,9,33,42,19,7,7,12,33,-2.0,2014-15
22014,1610612751,BKN,Brooklyn Nets,0021400075,2014-11-07,BKN vs. NYK,W,240,110,38,74,0.514,14,24,0.583,20,26,0.769,7,35,42,18,6,6,16,24,11.0,2014-15
22014,1610612758,SAC,Sacramento Kings,0021400079,2014-11-07,SAC @ PHX,W,291,114,39,91,0.429,3,16,0.188,33,39,0.846,13,47,60,16,6,4,15,27,2.0,2014-15
22014,1610612739,CLE,Cleveland Cavaliers,0021400081,2014-11-07,CLE @ DEN,W,240,110,40,84,0.476,6,23,0.261,24,33,0.727,6,36,42,25,5,3,8,14,9.0,2014-15
22014,1610612754,IND,Indiana Pacers,0021400074,2014-11-07,IND @ BOS,L,240,98,40,88,0.455,5,19,0.263,13,13,1.0,14,28,42,18,2,6,13,17,-3.0,2014-15
22014,1610612743,DEN,Denver Nuggets,0021400081,2014-11-07,DEN vs. CLE,L,242,101,40,85,0.471,11,29,0.379,10,15,0.667,8,34,42,22,5,5,13,22,-9.0,2014-15
22014,1610612764,WAS,Washington Wizards,0021400077,2014-11-07,WAS @ TOR,L,239,84,30,83,0.361,3,19,0.158,21,32,0.656,16,34,50,19,7,5,13,29,-19.0,2014-15
22014,1610612737,ATL,Atlanta Hawks,0021400071,2014-11-07,ATL @ CHA,L,289,119,43,93,0.462,13,33,0.394,20,26,0.769,7,31,38,28,8,3,19,33,-3.0,2014-15
22014,1610612761,TOR,Toronto Raptors,0021400077,2014-11-07,TOR vs. WAS,W,240,103,35,80,0.438,9,22,0.409,24,31,0.774,10,39,49,19,5,3,13,27,19.0,2014-15
22014,1610612766,CHA,Charlotte Hornets,0021400071,2014-11-07,CHA vs. ATL,W,289,122,48,97,0.495,6,21,0.286,20,27,0.741,11,40,51,31,6,7,19,30,3.0,2014-15
22014,1610612749,MIL,Milwaukee Bucks,0021400076,2014-11-07,MIL @ DET,L,240,95,36,77,0.468,5,20,0.25,18,23,0.783,9,26,35,26,10,6,13,19,-3.0,2014-15
22014,1610612760,OKC,Oklahoma City Thunder,0021400078,2014-11-07,OKC vs. MEM,L,239,89,37,79,0.468,12,25,0.48,3,11,0.273,10,34,44,16,3,1,17,18,-2.0,2014-15
22014,1610612763,MEM,Memphis Grizzlies,0021400078,2014-11-07,MEM @ OKC,W,239,91,34,81,0.42,9,18,0.5,14,17,0.824,9,29,38,21,10,4,8,14,2.0,2014-15
22014,1610612750,MIN,Minnesota Timberwolves,0021400072,2014-11-07,MIN @ ORL,L,264,103,40,93,0.43,4,18,0.222,19,25,0.76,9,29,38,24,9,7,12,22,-9.0,2014-15
22014,1610612742,DAL,Dallas Mavericks,0021400070,2014-11-06,DAL @ POR,L,239,87,33,90,0.367,5,23,0.217,16,16,1.0,8,26,34,14,6,4,7,17,-21.0,2014-15
22014,1610612745,HOU,Houston Rockets,0021400069,2014-11-06,HOU vs. SAS,W,239,98,34,72,0.472,10,27,0.37,20,33,0.606,8,36,44,18,7,6,21,20,17.0,2014-15
22014,1610612759,SAS,San Antonio Spurs,0021400069,2014-11-06,SAS @ HOU,L,240,81,31,90,0.344,2,20,0.1,17,19,0.895,12,29,41,17,12,1,14,24,-17.0,2014-15
22014,1610612757,POR,Portland Trail Blazers,0021400070,2014-11-06,POR vs. DAL,W,239,108,40,77,0.519,12,30,0.4,16,19,0.842,12,41,53,25,3,6,17,21,21.0,2014-15
22014,1610612744,GSW,Golden State Warriors,0021400068,2014-11-05,GSW vs. LAC,W,241,121,43,74,0.581,15,25,0.6,20,20,1.0,4,35,39,29,7,3,23,22,17.0,2014-15
22014,1610612751,BKN,Brooklyn Nets,0021400060,2014-11-05,BKN vs. MIN,L,241,91,36,82,0.439,8,21,0.381,11,17,0.647,7,35,42,17,6,5,18,22,-7.0,2014-15
22014,1610612746,LAC,Los Angeles Clippers,0021400068,2014-11-05,LAC @ GSW,L,240,104,38,82,0.463,7,19,0.368,21,27,0.778,5,25,30,26,12,2,14,14,-17.0,2014-15
22014,1610612741,CHI,Chicago Bulls,0021400062,2014-11-05,CHI @ MIL,W,239,95,34,73,0.466,5,16,0.313,22,30,0.733,7,35,42,24,8,3,16,18,9.0,2014-15
22014,1610612743,DEN,Denver Nuggets,0021400067,2014-11-05,DEN @ SAC,L,241,109,37,82,0.451,9,28,0.321,26,31,0.839,7,25,32,24,4,5,14,37,-22.0,2014-15
22014,1610612738,BOS,Boston Celtics,0021400059,2014-11-05,BOS vs. TOR,L,240,107,40,78,0.513,10,26,0.385,17,18,0.944,17,38,55,22,5,3,27,25,-3.0,2014-15
22014,1610612739,CLE,Cleveland Cavaliers,0021400066,2014-11-05,CLE @ UTA,L,241,100,30,72,0.417,6,16,0.375,34,40,0.85,7,23,30,6,8,4,12,22,-2.0,2014-15
22014,1610612752,NYK,New York Knicks,0021400061,2014-11-05,NYK @ DET,L,239,95,39,90,0.433,9,20,0.45,8,10,0.8,11,32,43,25,3,9,9,23,-3.0,2014-15
22014,1610612762,UTA,Utah Jazz,0021400066,2014-11-05,UTA vs. CLE,W,241,102,39,77,0.506,7,21,0.333,17,22,0.773,13,28,41,26,3,8,12,26,2.0,2014-15
22014,1610612758,SAC,Sacramento Kings,0021400067,2014-11-05,SAC vs. DEN,W,240,131,42,76,0.553,8,20,0.4,39,50,0.78,9,31,40,21,8,3,13,30,22.0,2014-15
22014,1610612765,DET,Detroit Pistons,0021400061,2014-11-05,DET vs. NYK,W,241,98,32,87,0.368,11,23,0.478,23,33,0.697,19,36,55,17,5,4,8,16,3.0,2014-15
22014,1610612766,CHA,Charlotte Hornets,0021400057,2014-11-05,CHA vs. MIA,W,239,96,35,82,0.427,5,18,0.278,21,29,0.724,13,36,49,23,4,9,12,24,7.0,2014-15
22014,1610612763,MEM,Memphis Grizzlies,0021400065,2014-11-05,MEM @ PHX,W,239,102,40,80,0.5,9,17,0.529,13,17,0.765,8,29,37,25,10,1,16,21,11.0,2014-15
22014,1610612761,TOR,Toronto Raptors,0021400059,2014-11-05,TOR @ BOS,W,241,110,42,87,0.483,7,16,0.438,19,23,0.826,6,18,24,18,11,4,7,18,3.0,2014-15
22014,1610612748,MIA,Miami Heat,0021400057,2014-11-05,MIA @ CHA,L,241,89,30,77,0.39,4,22,0.182,25,31,0.806,6,30,36,19,6,4,8,25,-7.0,2014-15
22014,1610612756,PHX,Phoenix Suns,0021400065,2014-11-05,PHX vs. MEM,L,241,91,32,69,0.464,8,21,0.381,19,21,0.905,5,30,35,13,11,4,18,20,-11.0,2014-15
22014,1610612755,PHI,Philadelphia 76ers,0021400058,2014-11-05,PHI vs. ORL,L,240,89,33,77,0.429,8,25,0.32,15,23,0.652,6,32,38,22,12,12,20,18,-2.0,2014-15
22014,1610612753,ORL,Orlando Magic,0021400058,2014-11-05,ORL @ PHI,W,238,91,39,88,0.443,3,20,0.15,10,12,0.833,14,37,51,14,11,3,24,20,2.0,2014-15
22014,1610612754,IND,Indiana Pacers,0021400063,2014-11-05,IND @ WAS,L,265,94,35,90,0.389,8,27,0.296,16,20,0.8,14,43,57,22,3,9,18,27,-2.0,2014-15
22014,1610612764,WAS,Washington Wizards,0021400063,2014-11-05,WAS vs. IND,W,265,96,34,91,0.374,7,17,0.412,21,23,0.913,7,36,43,24,7,7,12,22,2.0,2014-15
22014,1610612749,MIL,Milwaukee Bucks,0021400062,2014-11-05,MIL vs. CHI,L,241,86,33,89,0.371,3,15,0.2,17,20,0.85,18,32,50,19,10,3,14,28,-9.0,2014-15
22014,1610612737,ATL,Atlanta Hawks,0021400064,2014-11-05,ATL @ SAS,L,239,92,38,92,0.413,8,25,0.32,8,11,0.727,10,27,37,26,14,5,13,25,-2.0,2014-15
22014,1610612750,MIN,Minnesota Timberwolves,0021400060,2014-11-05,MIN @ BKN,W,240,98,37,90,0.411,7,17,0.412,17,22,0.773,13,38,51,22,9,4,11,21,7.0,2014-15
22014,1610612759,SAS,San Antonio Spurs,0021400064,2014-11-05,SAS vs. ATL,W,241,94,31,69,0.449,5,17,0.294,27,38,0.711,11,39,50,25,7,9,19,15,2.0,2014-15
22014,1610612757,POR,Portland Trail Blazers,0021400055,2014-11-04,POR vs. CLE,W,238,101,37,75,0.493,8,25,0.32,19,25,0.76,9,39,48,21,7,4,11,20,19.0,2014-15
22014,1610612740,NOP,New Orleans Pelicans,0021400054,2014-11-04,NOP vs. CHA,W,240,100,38,81,0.469,5,18,0.278,19,19,1.0,11,36,47,26,5,6,12,19,9.0,2014-15
22014,1610612766,CHA,Charlotte Hornets,0021400054,2014-11-04,CHA @ NOP,L,240,91,37,80,0.463,6,21,0.286,11,13,0.846,6,28,34,23,6,1,12,15,-9.0,2014-15
22014,1610612745,HOU,Houston Rockets,0021400050,2014-11-04,HOU @ MIA,W,239,108,35,68,0.515,17,37,0.459,21,27,0.778,9,29,38,22,8,5,16,26,17.0,2014-15
22014,1610612748,MIA,Miami Heat,0021400050,2014-11-04,MIA vs. HOU,L,238,91,31,74,0.419,12,28,0.429,17,27,0.63,13,21,34,16,7,2,15,21,-17.0,2014-15
22014,1610612753,ORL,Orlando Magic,0021400053,2014-11-04,ORL @ CHI,L,239,90,38,88,0.432,6,14,0.429,8,14,0.571,14,34,48,21,6,6,11,22,-8.0,2014-15
22014,1610612741,CHI,Chicago Bulls,0021400053,2014-11-04,CHI vs. ORL,W,240,98,35,75,0.467,7,15,0.467,21,27,0.778,10,34,44,23,6,9,12,18,8.0,2014-15
22014,1610612752,NYK,New York Knicks,0021400051,2014-11-04,NYK vs. WAS,L,240,83,30,81,0.37,8,15,0.533,15,19,0.789,15,28,43,16,5,4,18,23,-15.0,2014-15
22014,1610612764,WAS,Washington Wizards,0021400051,2014-11-04,WAS @ NYK,W,240,98,39,80,0.488,8,18,0.444,12,19,0.632,10,31,41,26,8,4,12,25,15.0,2014-15
22014,1610612760,OKC,Oklahoma City Thunder,0021400052,2014-11-04,OKC @ TOR,L,241,88,34,65,0.523,6,21,0.286,14,25,0.56,6,35,41,23,4,3,19,27,-12.0,2014-15
22014,1610612749,MIL,Milwaukee Bucks,0021400049,2014-11-04,MIL @ IND,W,240,87,37,83,0.446,7,21,0.333,6,7,0.857,9,30,39,20,12,5,12,22,6.0,2014-15
22014,1610612747,LAL,Los Angeles Lakers,0021400056,2014-11-04,LAL vs. PHX,L,239,106,35,88,0.398,6,16,0.375,30,41,0.732,18,31,49,16,7,8,12,25,-6.0,2014-15
22014,1610612761,TOR,Toronto Raptors,0021400052,2014-11-04,TOR vs. OKC,W,241,100,32,81,0.395,8,31,0.258,28,33,0.848,12,27,39,23,6,3,10,24,12.0,2014-15
22014,1610612754,IND,Indiana Pacers,0021400049,2014-11-04,IND vs. MIL,L,241,81,31,78,0.397,6,24,0.25,13,22,0.591,15,32,47,14,4,9,17,17,-6.0,2014-15
22014,1610612756,PHX,Phoenix Suns,0021400056,2014-11-04,PHX @ LAL,W,239,112,41,91,0.451,6,18,0.333,24,31,0.774,13,39,52,28,6,7,13,29,6.0,2014-15
22014,1610612739,CLE,Cleveland Cavaliers,0021400055,2014-11-04,CLE @ POR,L,241,82,31,85,0.365,9,21,0.429,11,14,0.786,13,28,41,18,5,3,14,19,-19.0,2014-15
22014,1610612740,NOP,New Orleans Pelicans,0021400045,2014-11-03,NOP @ MEM,L,239,81,29,86,0.337,4,24,0.167,19,29,0.655,14,35,49,14,5,3,12,30,-12.0,2014-15
22014,1610612743,DEN,Denver Nuggets,0021400047,2014-11-03,DEN vs. SAC,L,240,105,36,93,0.387,5,24,0.208,28,33,0.848,15,27,42,22,4,7,15,35,-5.0,2014-15
22014,1610612760,OKC,Oklahoma City Thunder,0021400044,2014-11-03,OKC @ BKN,L,240,85,32,82,0.39,8,23,0.348,13,21,0.619,15,29,44,14,3,3,17,17,-31.0,2014-15
22014,1610612763,MEM,Memphis Grizzlies,0021400045,2014-11-03,MEM vs. NOP,W,239,93,31,76,0.408,4,14,0.286,27,37,0.73,9,43,52,19,5,6,11,24,12.0,2014-15
22014,1610612742,DAL,Dallas Mavericks,0021400046,2014-11-03,DAL vs. BOS,W,242,118,44,82,0.537,14,25,0.56,16,20,0.8,7,29,36,24,5,9,17,17,5.0,2014-15
22014,1610612738,BOS,Boston Celtics,0021400046,2014-11-03,BOS @ DAL,L,241,113,45,102,0.441,11,31,0.355,12,16,0.75,22,27,49,29,9,6,17,21,-5.0,2014-15
22014,1610612745,HOU,Houston Rockets,0021400043,2014-11-03,HOU @ PHI,W,241,104,32,75,0.427,16,34,0.471,24,30,0.8,13,34,47,27,12,6,21,20,11.0,2014-15
22014,1610612755,PHI,Philadelphia 76ers,0021400043,2014-11-03,PHI vs. HOU,L,239,93,33,74,0.446,11,22,0.5,16,23,0.696,6,25,31,19,12,4,17,20,-11.0,2014-15
22014,1610612762,UTA,Utah Jazz,0021400048,2014-11-03,UTA @ LAC,L,239,101,36,77,0.468,10,27,0.37,19,24,0.792,9,34,43,24,4,2,17,20,-6.0,2014-15
22014,1610612758,SAC,Sacramento Kings,0021400047,2014-11-03,SAC @ DEN,W,240,110,34,81,0.42,2,9,0.222,40,47,0.851,14,36,50,21,8,5,15,28,5.0,2014-15
22014,1610612746,LAC,Los Angeles Clippers,0021400048,2014-11-03,LAC vs. UTA,W,240,107,41,81,0.506,10,23,0.435,15,17,0.882,5,30,35,28,6,6,10,17,6.0,2014-15
22014,1610612751,BKN,Brooklyn Nets,0021400044,2014-11-03,BKN vs. OKC,W,243,116,44,84,0.524,11,23,0.478,17,19,0.895,9,33,42,25,11,3,8,21,31.0,2014-15
22014,1610612757,POR,Portland Trail Blazers,0021400042,2014-11-02,POR vs. GSW,L,240,90,37,92,0.402,7,27,0.259,9,14,0.643,17,39,56,20,9,2,19,19,-5.0,2014-15
22014,1610612761,TOR,Toronto Raptors,0021400040,2014-11-02,TOR @ MIA,L,241,102,37,79,0.468,4,16,0.25,24,39,0.615,9,19,28,11,8,5,10,28,-5.0,2014-15
22014,1610612752,NYK,New York Knicks,0021400041,2014-11-02,NYK vs. CHA,W,240,96,39,78,0.5,8,16,0.5,10,17,0.588,8,27,35,23,5,0,12,26,3.0,2014-15
22014,1610612744,GSW,Golden State Warriors,0021400042,2014-11-02,GSW @ POR,W,241,95,36,81,0.444,6,19,0.316,17,21,0.81,7,34,41,22,11,7,17,16,5.0,2014-15
22014,1610612766,CHA,Charlotte Hornets,0021400041,2014-11-02,CHA @ NYK,L,241,93,33,70,0.471,6,15,0.4,21,29,0.724,8,30,38,20,7,2,12,16,-3.0,2014-15
22014,1610612746,LAC,Los Angeles Clippers,0021400039,2014-11-02,LAC vs. SAC,L,241,92,33,88,0.375,9,31,0.29,17,21,0.81,11,24,35,23,10,7,8,25,-6.0,2014-15
22014,1610612748,MIA,Miami Heat,0021400040,2014-11-02,MIA vs. TOR,W,239,107,35,70,0.5,9,24,0.375,28,38,0.737,11,32,43,22,6,6,16,29,5.0,2014-15
22014,1610612758,SAC,Sacramento Kings,0021400039,2014-11-02,SAC @ LAC,W,239,98,34,68,0.5,3,10,0.3,27,33,0.818,9,37,46,21,4,11,19,22,6.0,2014-15
22014,1610612763,MEM,Memphis Grizzlies,0021400028,2014-11-01,MEM @ CHA,W,242,71,29,80,0.363,3,11,0.273,10,13,0.769,9,36,45,16,8,0,18,22,2.0,2014-15
22014,1610612743,DEN,Denver Nuggets,0021400036,2014-11-01,DEN @ OKC,L,239,91,35,80,0.438,7,26,0.269,14,20,0.7,11,30,41,19,4,10,17,26,-11.0,2014-15
22014,1610612749,MIL,Milwaukee Bucks,0021400031,2014-11-01,MIL @ WAS,L,241,97,34,80,0.425,9,22,0.409,20,24,0.833,16,26,42,18,11,3,27,28,-11.0,2014-15
22014,1610612766,CHA,Charlotte Hornets,0021400028,2014-11-01,CHA vs. MEM,L,240,69,26,72,0.361,4,14,0.286,13,18,0.722,5,39,44,17,10,4,20,16,-2.0,2014-15
22014,1610612764,WAS,Washington Wizards,0021400031,2014-11-01,WAS vs. MIL,W,241,108,40,73,0.548,4,13,0.308,24,33,0.727,6,28,34,28,18,5,19,21,11.0,2014-15
22014,1610612742,DAL,Dallas Mavericks,0021400027,2014-11-01,DAL @ NOP,W,240,109,46,89,0.517,6,25,0.24,11,19,0.579,11,33,44,25,4,6,12,25,5.0,2014-15
22014,1610612756,PHX,Phoenix Suns,0021400037,2014-11-01,PHX @ UTA,L,241,91,36,87,0.414,7,31,0.226,12,15,0.8,6,28,34,17,8,7,11,22,-27.0,2014-15
22014,1610612737,ATL,Atlanta Hawks,0021400032,2014-11-01,ATL vs. IND,W,240,102,35,69,0.507,7,20,0.35,25,33,0.758,3,34,37,26,10,6,12,20,10.0,2014-15
22014,1610612748,MIA,Miami Heat,0021400030,2014-11-01,MIA @ PHI,W,240,114,41,83,0.494,12,24,0.5,20,29,0.69,9,26,35,33,16,0,16,20,18.0,2014-15
22014,1610612740,NOP,New Orleans Pelicans,0021400027,2014-11-01,NOP vs. DAL,L,240,104,38,89,0.427,7,19,0.368,21,28,0.75,14,33,47,24,8,4,13,19,-5.0,2014-15
22014,1610612762,UTA,Utah Jazz,0021400037,2014-11-01,UTA vs. PHX,W,241,118,42,88,0.477,7,26,0.269,27,33,0.818,13,39,52,19,10,6,13,15,27.0,2014-15
22014,1610612753,ORL,Orlando Magic,0021400029,2014-11-01,ORL vs. TOR,L,240,95,38,81,0.469,7,20,0.35,12,24,0.5,9,31,40,25,3,7,14,37,-13.0,2014-15
22014,1610612750,MIN,Minnesota Timberwolves,0021400035,2014-11-01,MIN vs. CHI,L,242,105,38,85,0.447,4,12,0.333,25,31,0.806,13,29,42,26,9,4,10,29,-1.0,2014-15
22014,1610612755,PHI,Philadelphia 76ers,0021400030,2014-11-01,PHI vs. MIA,L,239,96,35,67,0.522,7,23,0.304,19,26,0.731,4,33,37,28,9,10,24,21,-18.0,2014-15
22014,1610612754,IND,Indiana Pacers,0021400032,2014-11-01,IND @ ATL,L,240,92,31,81,0.383,12,32,0.375,18,21,0.857,11,33,44,25,5,5,18,26,-10.0,2014-15
22014,1610612744,GSW,Golden State Warriors,0021400038,2014-11-01,GSW vs. LAL,W,239,127,46,83,0.554,11,23,0.478,24,28,0.857,12,31,43,30,10,4,20,26,23.0,2014-15
22014,1610612761,TOR,Toronto Raptors,0021400029,2014-11-01,TOR @ ORL,W,240,108,33,83,0.398,4,21,0.19,38,48,0.792,15,35,50,13,4,4,7,21,13.0,2014-15
22014,1610612741,CHI,Chicago Bulls,0021400035,2014-11-01,CHI @ MIN,W,239,106,33,69,0.478,9,23,0.391,31,40,0.775,5,33,38,15,3,8,14,24,1.0,2014-15
22014,1610612747,LAL,Los Angeles Lakers,0021400038,2014-11-01,LAL @ GSW,L,240,104,41,88,0.466,4,14,0.286,18,25,0.72,17,20,37,21,9,3,22,27,-23.0,2014-15
22014,1610612765,DET,Detroit Pistons,0021400033,2014-11-01,DET vs. BKN,L,241,90,32,76,0.421,1,17,0.059,25,35,0.714,10,31,41,21,3,3,7,15,-12.0,2014-15
22014,1610612738,BOS,Boston Celtics,0021400034,2014-11-01,BOS @ HOU,L,239,90,37,98,0.378,1,25,0.04,15,18,0.833,14,30,44,20,10,8,10,26,-14.0,2014-15
22014,1610612745,HOU,Houston Rockets,0021400034,2014-11-01,HOU vs. BOS,W,241,104,32,76,0.421,12,34,0.353,28,40,0.7,10,39,49,20,9,8,17,24,14.0,2014-15
22014,1610612751,BKN,Brooklyn Nets,0021400033,2014-11-01,BKN @ DET,W,240,102,42,87,0.483,7,26,0.269,11,13,0.846,12,36,48,18,3,3,8,23,12.0,2014-15
22014,1610612760,OKC,Oklahoma City Thunder,0021400036,2014-11-01,OKC vs. DEN,W,241,102,37,80,0.463,6,20,0.3,22,31,0.71,6,35,41,24,8,6,13,20,11.0,2014-15
22014,1610612756,PHX,Phoenix Suns,0021400024,2014-10-31,PHX vs. SAS,W,240,94,35,87,0.402,2,18,0.111,22,26,0.846,12,38,50,15,2,5,7,21,5.0,2014-15
22014,1610612754,IND,Indiana Pacers,0021400021,2014-10-31,IND vs. MEM,L,241,89,34,74,0.459,8,21,0.381,13,16,0.813,11,35,46,19,5,3,18,15,-8.0,2014-15
22014,1610612759,SAS,San Antonio Spurs,0021400024,2014-10-31,SAS @ PHX,L,239,89,32,78,0.41,8,25,0.32,17,23,0.739,5,40,45,20,3,3,12,25,-5.0,2014-15
22014,1610612758,SAC,Sacramento Kings,0021400025,2014-10-31,SAC vs. POR,W,240,103,34,81,0.42,4,10,0.4,31,35,0.886,14,35,49,14,6,2,10,24,9.0,2014-15
22014,1610612755,PHI,Philadelphia 76ers,0021400023,2014-10-31,PHI @ MIL,L,240,81,32,86,0.372,5,23,0.217,12,22,0.545,12,30,42,20,9,5,16,18,-12.0,2014-15
22014,1610612749,MIL,Milwaukee Bucks,0021400023,2014-10-31,MIL vs. PHI,W,240,93,36,88,0.409,9,24,0.375,12,21,0.571,15,40,55,25,10,11,18,19,12.0,2014-15
22014,1610612739,CLE,Cleveland Cavaliers,0021400022,2014-10-31,CLE @ CHI,W,265,114,41,104,0.394,3,15,0.2,29,33,0.879,20,32,52,18,8,4,9,18,6.0,2014-15
22014,1610612763,MEM,Memphis Grizzlies,0021400021,2014-10-31,MEM @ IND,W,241,97,35,79,0.443,7,19,0.368,20,27,0.741,11,29,40,20,11,2,9,21,8.0,2014-15
22014,1610612757,POR,Portland Trail Blazers,0021400025,2014-10-31,POR @ SAC,L,240,94,34,83,0.41,9,26,0.346,17,19,0.895,10,28,38,20,5,8,10,26,-9.0,2014-15
22014,1610612741,CHI,Chicago Bulls,0021400022,2014-10-31,CHI vs. CLE,L,265,108,41,90,0.456,13,31,0.419,13,17,0.765,11,31,42,25,4,14,19,28,-6.0,2014-15
22014,1610612746,LAC,Los Angeles Clippers,0021400026,2014-10-31,LAC @ LAL,W,239,118,34,71,0.479,12,33,0.364,38,44,0.864,6,30,36,25,6,2,14,26,7.0,2014-15
22014,1610612747,LAL,Los Angeles Lakers,0021400026,2014-10-31,LAL vs. LAC,L,240,111,42,82,0.512,7,20,0.35,20,28,0.714,9,31,40,24,5,2,14,35,-7.0,2014-15
22014,1610612750,MIN,Minnesota Timberwolves,0021400017,2014-10-30,MIN vs. DET,W,239,97,37,76,0.487,4,10,0.4,19,28,0.679,10,33,43,18,8,3,12,21,6.0,2014-15
22014,1610612765,DET,Detroit Pistons,0021400017,2014-10-30,DET @ MIN,L,241,91,38,91,0.418,7,21,0.333,8,13,0.615,14,32,46,20,3,5,12,24,-6.0,2014-15
22014,1610612760,OKC,Oklahoma City Thunder,0021400020,2014-10-30,OKC @ LAC,L,241,90,28,65,0.431,6,21,0.286,28,34,0.824,8,39,47,23,5,2,22,27,-3.0,2014-15
22014,1610612752,NYK,New York Knicks,0021400018,2014-10-30,NYK @ CLE,W,239,95,37,69,0.536,6,12,0.5,15,18,0.833,9,26,35,30,9,1,15,26,5.0,2014-15
22014,1610612746,LAC,Los Angeles Clippers,0021400020,2014-10-30,LAC vs. OKC,W,240,93,34,87,0.391,7,30,0.233,18,25,0.72,14,19,33,17,10,4,11,27,3.0,2014-15
22014,1610612742,DAL,Dallas Mavericks,0021400019,2014-10-30,DAL vs. UTA,W,241,120,47,85,0.553,8,21,0.381,18,23,0.783,13,31,44,25,8,5,9,15,18.0,2014-15
22014,1610612739,CLE,Cleveland Cavaliers,0021400018,2014-10-30,CLE vs. NYK,L,240,90,32,70,0.457,9,24,0.375,17,20,0.85,11,22,33,22,5,2,19,15,-5.0,2014-15
22014,1610612762,UTA,Utah Jazz,0021400019,2014-10-30,UTA @ DAL,L,241,102,36,83,0.434,14,35,0.4,16,18,0.889,15,25,40,22,6,0,16,21,-18.0,2014-15
22014,1610612753,ORL,Orlando Magic,0021400016,2014-10-30,ORL vs. WAS,L,241,98,37,72,0.514,6,15,0.4,18,24,0.75,3,30,33,20,4,1,18,23,-7.0,2014-15
22014,1610612764,WAS,Washington Wizards,0021400016,2014-10-30,WAS @ ORL,W,240,105,39,80,0.488,7,13,0.538,20,26,0.769,6,31,37,22,10,0,12,25,7.0,2014-15
22014,1610612758,SAC,Sacramento Kings,0021400014,2014-10-29,SAC vs. GSW,L,240,77,24,78,0.308,3,18,0.167,26,35,0.743,15,35,50,13,11,3,26,26,-18.0,2014-15
22014,1610612741,CHI,Chicago Bulls,0021400010,2014-10-29,CHI @ NYK,W,240,104,36,71,0.507,7,24,0.292,25,30,0.833,10,37,47,21,9,4,15,18,24.0,2014-15
22014,1610612744,GSW,Golden State Warriors,0021400014,2014-10-29,GSW @ SAC,W,239,95,33,75,0.44,6,27,0.222,23,32,0.719,7,37,44,21,12,8,22,32,18.0,2014-15
22014,1610612750,MIN,Minnesota Timberwolves,0021400009,2014-10-29,MIN @ MEM,L,242,101,39,86,0.453,6,12,0.5,17,23,0.739,19,28,47,20,8,4,23,21,-4.0,2014-15
22014,1610612749,MIL,Milwaukee Bucks,0021400004,2014-10-29,MIL @ CHA,L,264,106,39,80,0.488,7,14,0.5,21,24,0.875,3,32,35,25,9,10,14,25,-2.0,2014-15
22014,1610612748,MIA,Miami Heat,0021400007,2014-10-29,MIA vs. WAS,W,239,107,39,81,0.481,9,28,0.321,20,23,0.87,12,32,44,20,9,3,14,17,12.0,2014-15
22014,1610612756,PHX,Phoenix Suns,0021400013,2014-10-29,PHX vs. LAL,W,241,119,45,82,0.549,16,32,0.5,13,18,0.722,9,31,40,23,5,3,14,25,20.0,2014-15
22014,1610612747,LAL,Los Angeles Lakers,0021400013,2014-10-29,LAL @ PHX,L,240,99,37,86,0.43,4,13,0.308,21,25,0.84,12,26,38,20,9,3,13,18,-20.0,2014-15
22014,1610612763,MEM,Memphis Grizzlies,0021400009,2014-10-29,MEM vs. MIN,W,240,105,43,82,0.524,4,15,0.267,15,20,0.75,10,23,33,21,10,5,17,21,4.0,2014-15
22014,1610612762,UTA,Utah Jazz,0021400012,2014-10-29,UTA vs. HOU,L,239,93,38,81,0.469,3,18,0.167,14,17,0.824,13,21,34,16,8,6,13,16,-11.0,2014-15
22014,1610612766,CHA,Charlotte Hornets,0021400004,2014-10-29,CHA vs. MIL,W,266,108,41,101,0.406,6,21,0.286,20,29,0.69,15,35,50,27,8,9,10,20,2.0,2014-15
22014,1610612745,HOU,Houston Rockets,0021400012,2014-10-29,HOU @ UTA,W,240,104,40,77,0.519,14,27,0.519,10,14,0.714,8,27,35,18,7,6,18,23,11.0,2014-15
22014,1610612757,POR,Portland Trail Blazers,0021400015,2014-10-29,POR vs. OKC,W,240,106,39,87,0.448,11,29,0.379,17,22,0.773,13,29,42,23,4,9,10,19,17.0,2014-15
22014,1610612751,BKN,Brooklyn Nets,0021400006,2014-10-29,BKN @ BOS,L,239,105,39,80,0.488,7,19,0.368,20,26,0.769,9,30,39,20,6,7,20,21,-16.0,2014-15
22014,1610612760,OKC,Oklahoma City Thunder,0021400015,2014-10-29,OKC @ POR,L,241,89,33,81,0.407,2,16,0.125,21,26,0.808,14,29,43,19,9,5,13,28,-17.0,2014-15
22014,1610612764,WAS,Washington Wizards,0021400007,2014-10-29,WAS @ MIA,L,240,95,36,75,0.48,6,19,0.316,17,24,0.708,7,29,36,20,7,2,14,20,-12.0,2014-15
22014,1610612737,ATL,Atlanta Hawks,0021400008,2014-10-29,ATL @ TOR,L,240,102,40,80,0.5,13,22,0.591,9,17,0.529,10,32,42,26,6,8,17,24,-7.0,2014-15
22014,1610612743,DEN,Denver Nuggets,0021400011,2014-10-29,DEN vs. DET,W,239,89,30,85,0.353,6,24,0.25,23,31,0.742,14,37,51,17,7,4,15,21,10.0,2014-15
22014,1610612752,NYK,New York Knicks,0021400010,2014-10-29,NYK vs. CHI,L,241,80,31,85,0.365,3,17,0.176,15,17,0.882,14,24,38,19,9,5,11,22,-24.0,2014-15
22014,1610612754,IND,Indiana Pacers,0021400005,2014-10-29,IND vs. PHI,W,240,103,38,81,0.469,8,25,0.32,19,28,0.679,14,36,50,22,5,13,17,24,12.0,2014-15
22014,1610612765,DET,Detroit Pistons,0021400011,2014-10-29,DET @ DEN,L,241,79,31,84,0.369,6,26,0.231,11,19,0.579,8,37,45,15,4,5,15,27,-10.0,2014-15
22014,1610612738,BOS,Boston Celtics,0021400006,2014-10-29,BOS vs. BKN,W,241,121,49,88,0.557,8,22,0.364,15,23,0.652,9,26,35,28,11,5,12,25,16.0,2014-15
22014,1610612761,TOR,Toronto Raptors,0021400008,2014-10-29,TOR vs. ATL,W,239,109,37,90,0.411,8,26,0.308,27,33,0.818,16,32,48,26,13,9,9,22,7.0,2014-15
22014,1610612755,PHI,Philadelphia 76ers,0021400005,2014-10-29,PHI @ IND,L,240,91,34,89,0.382,6,21,0.286,17,30,0.567,15,27,42,17,10,5,11,29,-12.0,2014-15
22014,1610612740,NOP,New Orleans Pelicans,0021400001,2014-10-28,NOP vs. ORL,W,240,101,41,101,0.406,4,17,0.235,15,31,0.484,26,36,62,20,10,17,9,17,17.0,2014-15
22014,1610612742,DAL,Dallas Mavericks,0021400002,2014-10-28,DAL @ SAS,L,239,100,38,78,0.487,8,21,0.381,16,19,0.842,9,24,33,17,9,3,10,20,-1.0,2014-15
22014,1610612753,ORL,Orlando Magic,0021400001,2014-10-28,ORL @ NOP,L,239,84,32,84,0.381,4,11,0.364,16,21,0.762,16,40,56,17,5,9,18,25,-17.0,2014-15
22014,1610612759,SAS,San Antonio Spurs,0021400002,2014-10-28,SAS vs. DAL,W,241,101,37,70,0.529,14,28,0.5,13,16,0.813,9,29,38,23,5,3,20,20,1.0,2014-15
22014,1610612747,LAL,Los Angeles Lakers,0021400003,2014-10-28,LAL vs. HOU,L,240,90,28,79,0.354,3,10,0.3,31,39,0.795,11,25,36,16,7,3,11,32,-18.0,2014-15
22014,1610612745,HOU,Houston Rockets,0021400003,2014-10-28,HOU @ LAL,W,241,108,31,73,0.425,12,29,0.414,34,50,0.68,14,33,47,22,7,3,13,30,18.0,2014-15
