SEASON_YEAR,PLAYER_ID,PLAYER_NAME,NICKNAME,TEAM_ID,TEAM_ABBREVIATION,TEAM_NAME,GAME_ID,GAME_DATE,MATCHUP,WL,MIN,FGM,FGA,FG_PCT,FG3M,FG3A,FG3_PCT,FTM,FTA,FT_PCT,OREB,DREB,REB,AST,TOV,STL,BLK,BLKA,PF,PFD,PTS,PLUS_MINUS,NBA_FANTASY_PTS,DD2,TD3,WNBA_FANTASY_PTS,GP_RANK,W_RANK,L_RANK,W_PCT_RANK,MIN_RANK,FGM_RANK,FGA_RANK,FG_PCT_RANK,FG3M_RANK,FG3A_RANK,FG3_PCT_RANK,FTM_RANK,FTA_RANK,FT_PCT_RANK,OREB_RANK,DREB_RANK,REB_RANK,AST_RANK,TOV_RANK,STL_RANK,BLK_RANK,BLKA_RANK,PF_RANK,PFD_RANK,PTS_RANK,PLUS_MINUS_RANK,NBA_FANTASY_PTS_RANK,DD2_RANK,TD3_RANK,WNBA_FANTASY_PTS_RANK,AVAILABLE_FLAG,MIN_SEC,TEAM_COUNT
2005-06,2548,Dwyane Wade,Dwyane,1610612748,MIA,Miami Heat,0040500406,2006-06-20T00:00:00,MIA @ DAL,W,45.4,10,18,0.556,0,0,0.0,16,21,0.762,3,7,10,5,5,4,3,1,4,14,36,9,71.5,1,0,65.0,1,1,1,1,89,84,129,412,587,938,587,6,4,565,128,144,114,141,36,5,25,1178,1222,3,18,285,2,1,4,5,,45:24,1
2005-06,1717,Dirk Nowitzki,Dirk,1610612742,DAL,Dallas Mavericks,0040500406,2006-06-20T00:00:00,DAL vs. MIA,L,47.03333333333333,10,22,0.455,1,2,0.5,8,8,1.0,3,12,15,2,1,0,2,2,5,8,29,-3,55.0,1,0,51.0,1,851,851,851,46,84,55,751,284,529,183,69,129,1,128,20,19,491,614,742,67,1566,1489,70,83,1032,49,1,4,52,,47:02,1
2005-06,2572,Josh Howard,Josh,1610612742,DAL,Dallas Mavericks,0040500406,2006-06-20T00:00:00,DAL vs. MIA,L,30.266666666666666,5,16,0.313,0,2,0.0,4,4,1.0,3,9,12,0,1,4,1,3,5,3,14,10,42.4,1,0,36.0,1,851,851,851,722,456,208,1159,587,529,587,284,399,1,128,63,60,1087,614,5,157,1679,1489,471,478,252,162,1,4,228,,30:16,1
2005-06,2617,Udonis Haslem,Udonis,1610612748,MIA,Miami Heat,0040500406,2006-06-20T00:00:00,MIA @ DAL,W,40.5,8,13,0.615,0,0,0.0,1,4,0.25,4,6,10,1,3,2,0,2,3,3,17,12,33.5,1,0,32.0,1,1,1,1,262,178,359,299,587,938,587,793,399,968,55,208,114,731,164,82,500,1566,893,471,353,186,338,1,4,315,,40:30,1
2005-06,952,Antoine Walker,Antoine,1610612748,MIA,Miami Heat,0040500406,2006-06-20T00:00:00,MIA @ DAL,W,33.49333333333333,6,17,0.353,0,6,0.0,2,3,0.667,3,8,11,2,0,1,1,3,2,3,14,-4,36.2,1,0,31.0,1,1,1,1,595,351,166,1039,587,84,587,530,561,657,128,100,82,491,1060,274,157,1679,542,471,478,1108,273,1,4,346,,33:30,1
2005-06,1891,Jason Terry,Jason,1610612742,DAL,Dallas Mavericks,0040500406,2006-06-20T00:00:00,DAL vs. MIA,L,43.0,7,25,0.28,2,11,0.182,0,0,0.0,0,1,1,5,2,2,0,2,1,1,16,-3,28.7,0,0,28.0,1,851,851,851,169,269,16,1219,125,5,561,990,1042,990,896,1103,1241,141,358,82,500,1566,248,926,399,1032,463,151,4,435,,43:00,1
2005-06,711,Jerry Stackhouse,Jerry,1610612742,DAL,Dallas Mavericks,0040500406,2006-06-20T00:00:00,DAL vs. MIA,L,29.283333333333335,5,13,0.385,2,6,0.333,0,0,0.0,1,3,4,3,3,2,1,0,5,0,12,-14,27.3,0,0,27.0,1,851,851,851,755,456,359,965,125,84,369,990,1042,990,478,615,647,335,164,82,157,1,1489,1252,571,1574,506,151,4,472,,29:17,1
2005-06,297,Alonzo Mourning,Alonzo,1610612748,MIA,Miami Heat,0040500406,2006-06-20T00:00:00,MIA @ DAL,W,14.053333333333333,3,4,0.75,0,0,0.0,2,3,0.667,1,5,6,0,1,0,5,0,4,2,8,11,29.2,0,0,24.0,1,1,1,1,1262,742,1052,133,587,938,587,530,561,657,478,311,386,1087,614,742,4,1,1222,675,812,217,446,151,4,562,,14:03,1
2005-06,406,Shaquille O'Neal,Shaquille,1610612748,MIA,Miami Heat,0040500406,2006-06-20T00:00:00,MIA @ DAL,W,30.321666666666665,4,11,0.364,0,0,0.0,1,4,0.25,3,9,12,1,2,0,1,1,5,4,9,-7,25.9,0,0,24.0,1,1,1,1,720,580,490,1010,587,938,587,793,399,968,128,63,60,731,358,742,157,1178,1489,316,763,1313,554,151,4,562,,30:19,1
2005-06,2734,Devin Harris,Devin,1610612742,DAL,Dallas Mavericks,0040500406,2006-06-20T00:00:00,DAL vs. MIA,L,25.878333333333334,2,4,0.5,0,0,0.0,2,3,0.667,3,0,3,4,4,2,0,0,5,4,6,-3,17.6,0,0,17.0,1,851,851,851,893,933,1052,488,587,938,587,530,561,657,128,1386,832,208,71,82,500,1,1489,316,957,1032,865,151,4,827,,25:53,1
2005-06,1899,James Posey,James,1610612748,MIA,Miami Heat,0040500406,2006-06-20T00:00:00,MIA @ DAL,W,25.216666666666665,2,5,0.4,1,4,0.25,1,2,0.5,0,5,5,0,3,2,0,0,2,2,6,0,15.0,0,0,16.0,1,1,1,1,915,933,962,896,284,234,480,793,647,768,896,311,510,1087,164,82,500,1,542,675,957,762,953,151,4,871,,25:13,1
2005-06,2605,Marquis Daniels,Marquis,1610612742,DAL,Dallas Mavericks,0040500406,2006-06-20T00:00:00,DAL vs. MIA,L,18.033333333333335,4,6,0.667,0,1,0.0,4,5,0.8,2,0,2,1,0,0,0,0,2,4,12,3,15.9,0,0,15.0,1,851,851,851,1142,580,878,197,587,709,587,284,332,518,252,1386,1021,731,1060,742,500,1,542,316,571,567,921,151,4,904,,18:02,1
2005-06,956,Erick Dampier,Erick,1610612742,DAL,Dallas Mavericks,0040500406,2006-06-20T00:00:00,DAL vs. MIA,L,24.871666666666666,0,1,0.0,0,0,0.0,1,2,0.5,3,5,8,0,2,1,1,1,2,2,1,-8,14.6,0,0,13.0,1,851,851,851,927,1368,1422,1368,587,938,587,793,647,768,128,311,214,1087,358,274,157,1178,542,675,1415,1363,965,151,4,985,,24:52,1
2005-06,1715,Jason Williams,Jason,1610612748,MIA,Miami Heat,0040500406,2006-06-20T00:00:00,MIA @ DAL,W,30.451666666666668,1,7,0.143,1,7,0.143,0,0,0.0,0,1,1,7,2,0,0,0,0,0,3,9,12.7,0,0,12.0,1,1,1,1,715,1118,786,1351,284,42,577,990,1042,990,896,1103,1241,67,358,742,500,1,1,1252,1180,285,1044,151,4,1038,,30:27,1
2005-06,2205,DeSagana Diop,DeSagana,1610612742,DAL,Dallas Mavericks,0040500406,2006-06-20T00:00:00,DAL vs. MIA,L,16.083333333333332,1,3,0.333,0,0,0.0,0,1,0.0,0,4,4,1,0,0,2,1,3,1,2,7,14.3,0,0,11.0,1,851,851,851,1200,1118,1167,1051,587,938,587,990,974,990,896,431,647,731,1060,742,67,1178,893,926,1253,352,979,151,4,1087,,16:05,1
2005-06,56,Gary Payton,Gary,1610612748,MIA,Miami Heat,0040500406,2006-06-20T00:00:00,MIA @ DAL,W,17.85333333333333,1,3,0.333,0,1,0.0,0,0,0.0,0,1,1,2,2,0,0,0,3,0,2,-6,4.2,0,0,5.0,1,1,1,1,1147,1118,1167,1051,587,709,587,990,1042,990,896,1103,1241,491,358,742,500,1,893,1252,1253,1251,1407,151,4,1338,,17:51,1
2005-06,1559,Adrian Griffin,Adrian,1610612742,DAL,Dallas Mavericks,0040500406,2006-06-20T00:00:00,DAL vs. MIA,L,4.333333333333333,0,2,0.0,0,0,0.0,0,0,0.0,1,0,1,0,0,1,0,1,0,0,0,-1,4.2,0,0,3.0,1,851,851,851,1554,1368,1280,1368,587,938,587,990,1042,990,478,1386,1241,1087,1060,274,500,1178,1,1252,1439,859,1407,151,4,1449,,4:20,1
2005-06,2788,DJ Mbenga,DJ,1610612742,DAL,Dallas Mavericks,0040500406,2006-06-20T00:00:00,DAL vs. MIA,L,1.2166666666666666,0,0,0.0,0,0,0.0,0,0,0.0,0,0,0,0,0,0,0,0,0,0,0,-3,0.0,0,0,0.0,1,851,851,851,1660,1368,1565,1368,587,938,587,990,1042,990,896,1386,1473,1087,1060,742,500,1,1,1252,1439,1032,1605,151,4,1610,,1:13,1
2005-06,1000,Shandon Anderson,Shandon,1610612748,MIA,Miami Heat,0040500406,2006-06-20T00:00:00,MIA @ DAL,W,2.71,0,0,0.0,0,0,0.0,0,0,0.0,0,0,0,0,1,0,0,0,0,0,0,-9,-1.0,0,0,0.0,1,1,1,1,1603,1368,1565,1368,587,938,587,990,1042,990,896,1386,1473,1087,614,742,500,1,1,1252,1439,1409,1708,151,4,1610,,2:43,1
2005-06,2548,Dwyane Wade,Dwyane,1610612748,MIA,Miami Heat,0040500405,2006-06-18T00:00:00,MIA vs. DAL,W,50.093333333333334,11,28,0.393,0,2,0.0,21,25,0.84,0,4,4,4,3,3,0,0,1,14,43,1,59.8,0,0,57.0,1,1,1,1,14,62,6,957,587,529,587,1,1,478,896,431,647,208,164,32,500,1,248,3,5,689,28,151,4,22,,50:06,1
2005-06,1891,Jason Terry,Jason,1610612742,DAL,Dallas Mavericks,0040500405,2006-06-18T00:00:00,DAL @ MIA,L,50.28333333333333,13,23,0.565,4,9,0.444,5,5,1.0,1,4,5,1,4,1,0,0,2,5,35,4,41.5,0,0,47.0,1,851,851,851,13,18,39,400,17,10,312,203,332,1,478,431,510,731,71,274,500,1,542,217,25,504,170,151,4,91,,50:17,1
2005-06,2572,Josh Howard,Josh,1610612742,DAL,Dallas Mavericks,0040500405,2006-06-18T00:00:00,DAL @ MIA,L,50.05166666666667,8,17,0.471,0,3,0.0,9,11,0.818,5,5,10,3,3,0,0,0,4,8,25,4,38.5,1,0,38.0,1,851,851,851,15,178,166,720,587,362,587,49,50,514,26,311,114,335,164,742,500,1,1222,70,130,504,228,1,4,188,,50:03,1
2005-06,406,Shaquille O'Neal,Shaquille,1610612748,MIA,Miami Heat,0040500405,2006-06-18T00:00:00,MIA vs. DAL,W,47.36666666666667,8,12,0.667,0,0,0.0,2,12,0.167,2,10,12,1,3,2,0,0,5,15,18,-7,36.9,1,0,35.0,1,1,1,1,43,178,425,197,587,938,587,530,41,983,252,44,60,731,164,82,500,1,1489,2,328,1313,261,1,4,250,,47:22,1
2005-06,1717,Dirk Nowitzki,Dirk,1610612742,DAL,Dallas Mavericks,0040500405,2006-06-18T00:00:00,DAL @ MIA,L,49.028333333333336,8,19,0.421,0,4,0.0,4,5,0.8,2,6,8,3,2,0,0,0,4,6,20,-1,32.1,0,0,31.0,1,851,851,851,23,178,108,865,587,234,587,284,332,518,252,208,214,335,358,742,500,1,1222,145,258,859,364,151,4,346,,49:02,1
2005-06,1899,James Posey,James,1610612748,MIA,Miami Heat,0040500405,2006-06-18T00:00:00,MIA vs. DAL,W,44.31666666666667,2,6,0.333,2,5,0.4,4,4,1.0,2,4,6,0,1,2,0,0,5,3,10,4,22.2,0,0,22.0,1,1,1,1,116,933,878,1051,125,141,327,284,399,1,252,431,386,1087,614,82,500,1,1489,471,683,504,667,151,4,628,,44:19,1
2005-06,1715,Jason Williams,Jason,1610612748,MIA,Miami Heat,0040500405,2006-06-18T00:00:00,MIA vs. DAL,W,26.023333333333333,3,6,0.5,3,5,0.6,0,1,0.0,0,1,1,4,1,0,0,0,1,0,9,1,15.2,0,0,17.0,1,1,1,1,889,742,878,488,57,141,149,990,974,990,896,1103,1241,208,614,742,500,1,248,1252,763,689,943,151,4,827,,26:01,1
2005-06,56,Gary Payton,Gary,1610612748,MIA,Miami Heat,0040500405,2006-06-18T00:00:00,MIA vs. DAL,W,30.15,3,5,0.6,1,1,1.0,1,1,1.0,0,2,2,2,0,0,0,0,4,1,8,0,13.4,0,0,13.0,1,1,1,1,726,742,962,311,284,709,1,793,974,1,896,827,1021,491,1060,742,500,1,1222,926,812,762,1018,151,4,985,,30:09,1
2005-06,956,Erick Dampier,Erick,1610612742,DAL,Dallas Mavericks,0040500405,2006-06-18T00:00:00,DAL @ MIA,L,19.333333333333332,2,2,1.0,0,0,0.0,1,2,0.5,0,8,8,0,2,0,0,0,5,1,5,-1,12.6,0,0,13.0,1,851,851,851,1103,933,1280,1,587,938,587,793,647,768,896,100,214,1087,358,742,500,1,1489,926,1046,859,1049,151,4,985,,19:20,1
2005-06,952,Antoine Walker,Antoine,1610612748,MIA,Miami Heat,0040500405,2006-06-18T00:00:00,MIA vs. DAL,W,26.155,2,7,0.286,1,4,0.25,1,2,0.5,0,2,2,2,2,0,0,0,4,2,6,10,9.4,0,0,11.0,1,1,1,1,885,933,786,1192,284,234,480,793,647,768,896,827,1021,491,358,742,500,1,1222,675,957,252,1185,151,4,1087,,26:09,1
2005-06,2734,Devin Harris,Devin,1610612742,DAL,Dallas Mavericks,0040500405,2006-06-18T00:00:00,DAL @ MIA,L,33.961666666666666,2,12,0.167,0,1,0.0,2,2,1.0,0,1,1,1,0,1,0,0,5,4,6,-2,11.7,0,0,10.0,1,851,851,851,572,933,425,1337,587,709,587,530,647,1,896,1103,1241,731,1060,274,500,1,1489,316,957,943,1084,151,4,1125,,33:58,1
2005-06,2605,Marquis Daniels,Marquis,1610612742,DAL,Dallas Mavericks,0040500405,2006-06-18T00:00:00,DAL @ MIA,L,13.966666666666667,2,3,0.667,1,1,1.0,0,0,0.0,0,0,0,4,1,0,0,0,3,0,5,8,10.0,0,0,10.0,1,851,851,851,1265,933,1167,197,284,709,1,990,1042,990,896,1386,1473,208,614,742,500,1,893,1252,1046,318,1169,151,4,1125,,13:58,1
2005-06,1559,Adrian Griffin,Adrian,1610612742,DAL,Dallas Mavericks,0040500405,2006-06-18T00:00:00,DAL @ MIA,L,15.341666666666667,1,2,0.5,0,0,0.0,0,0,0.0,1,1,2,1,1,1,0,0,3,1,2,-17,7.9,0,0,7.0,1,851,851,851,1226,1118,1280,488,587,938,587,990,1042,990,478,1103,1021,731,614,274,500,1,893,926,1253,1630,1252,151,4,1252,,15:21,1
2005-06,2205,DeSagana Diop,DeSagana,1610612742,DAL,Dallas Mavericks,0040500405,2006-06-18T00:00:00,DAL @ MIA,L,20.783333333333335,1,2,0.5,0,0,0.0,0,0,0.0,1,3,4,0,0,0,0,0,6,1,2,7,6.8,0,0,6.0,1,851,851,851,1065,1118,1280,488,587,938,587,990,1042,990,478,615,647,1087,1060,742,500,1,1663,926,1253,352,1296,151,4,1292,,20:47,1
2005-06,1000,Shandon Anderson,Shandon,1610612748,MIA,Miami Heat,0040500405,2006-06-18T00:00:00,MIA vs. DAL,W,7.2716666666666665,1,2,0.5,0,0,0.0,2,2,1.0,1,0,1,1,0,0,0,0,0,1,4,8,6.7,0,0,6.0,1,1,1,1,1457,1118,1280,488,587,938,587,530,647,1,478,1386,1241,731,1060,742,500,1,1,926,1100,318,1299,151,4,1292,,7:16,1
2005-06,2617,Udonis Haslem,Udonis,1610612748,MIA,Miami Heat,0040500405,2006-06-18T00:00:00,MIA vs. DAL,W,29.435,1,3,0.333,0,0,0.0,0,0,0.0,2,2,4,0,1,0,0,0,6,0,2,-16,5.8,0,0,6.0,1,1,1,1,749,1118,1167,1051,587,938,587,990,1042,990,252,827,647,1087,614,742,500,1,1663,1252,1253,1605,1333,151,4,1292,,29:26,1
2005-06,2788,DJ Mbenga,DJ,1610612742,DAL,Dallas Mavericks,0040500405,2006-06-18T00:00:00,DAL @ MIA,L,7.726666666666667,0,0,0.0,0,0,0.0,0,0,0.0,0,3,3,0,1,0,0,0,4,0,0,0,2.6,0,0,3.0,1,851,851,851,1447,1368,1565,1368,587,938,587,990,1042,990,896,615,832,1087,614,742,500,1,1222,1252,1439,762,1491,151,4,1449,,7:44,1
2005-06,297,Alonzo Mourning,Alonzo,1610612748,MIA,Miami Heat,0040500405,2006-06-18T00:00:00,MIA vs. DAL,W,4.1883333333333335,0,0,0.0,0,0,0.0,1,2,0.5,0,1,1,0,0,0,0,0,0,2,1,4,2.2,0,0,2.0,1,1,1,1,1560,1368,1565,1368,587,938,587,793,647,768,896,1103,1241,1087,1060,742,500,1,1,675,1415,504,1512,151,4,1498,,4:11,1
2005-06,1496,Keith Van Horn,Keith,1610612742,DAL,Dallas Mavericks,0040500405,2006-06-18T00:00:00,DAL @ MIA,L,4.523333333333333,0,1,0.0,0,1,0.0,0,0,0.0,1,0,1,0,0,0,0,0,2,0,0,-7,1.2,0,0,1.0,1,851,851,851,1548,1368,1422,1368,587,709,587,990,1042,990,478,1386,1241,1087,1060,742,500,1,542,1252,1439,1313,1554,151,4,1557,,4:31,1
2005-06,2548,Dwyane Wade,Dwyane,1610612748,MIA,Miami Heat,0040500404,2006-06-15T00:00:00,MIA vs. DAL,W,39.63333333333333,13,23,0.565,2,5,0.4,8,9,0.889,0,6,6,3,4,1,1,1,4,8,36,14,49.7,0,0,51.0,1,1,1,1,312,18,39,400,125,141,327,69,93,425,896,208,386,335,71,274,157,1178,1222,70,18,146,86,151,4,52,,39:38,1
2005-06,406,Shaquille O'Neal,Shaquille,1610612748,MIA,Miami Heat,0040500404,2006-06-15T00:00:00,MIA vs. DAL,W,29.983333333333334,6,8,0.75,0,0,0.0,5,10,0.5,3,10,13,3,3,0,2,0,4,7,17,22,40.1,1,0,37.0,1,1,1,1,733,351,699,133,587,938,587,203,66,768,128,44,45,335,164,742,67,1,1222,106,353,48,195,1,4,208,,29:59,1
2005-06,1899,James Posey,James,1610612748,MIA,Miami Heat,0040500404,2006-06-15T00:00:00,MIA vs. DAL,W,26.366666666666667,5,9,0.556,2,4,0.5,3,4,0.75,1,9,10,1,1,1,0,0,3,3,15,22,30.5,1,0,30.0,1,1,1,1,880,456,639,412,125,234,183,405,399,566,478,63,114,731,614,274,500,1,893,471,442,48,401,1,4,374,,26:22,1
2005-06,711,Jerry Stackhouse,Jerry,1610612742,DAL,Dallas Mavericks,0040500404,2006-06-15T00:00:00,DAL @ MIA,L,30.0,6,18,0.333,1,5,0.2,3,3,1.0,3,1,4,4,0,1,1,1,1,1,16,-9,32.8,0,0,29.0,1,851,851,851,731,351,129,1051,284,141,535,405,561,1,128,1103,647,208,1060,274,157,1178,248,926,399,1409,352,151,4,401,,30:00,1
2005-06,1717,Dirk Nowitzki,Dirk,1610612742,DAL,Dallas Mavericks,0040500404,2006-06-15T00:00:00,DAL @ MIA,L,41.12,2,14,0.143,1,5,0.2,11,13,0.846,1,8,9,1,4,1,0,2,2,10,16,-19,27.3,0,0,29.0,1,851,851,851,235,933,306,1351,284,141,535,28,34,474,478,100,161,731,71,274,500,1566,542,24,399,1656,506,151,4,401,,41:07,1
2005-06,952,Antoine Walker,Antoine,1610612748,MIA,Miami Heat,0040500404,2006-06-15T00:00:00,MIA vs. DAL,W,39.2,5,11,0.455,2,6,0.333,2,2,1.0,0,3,3,2,0,2,1,1,2,1,14,19,29.6,0,0,27.0,1,1,1,1,339,456,490,751,125,84,369,530,647,1,896,615,832,491,1060,82,157,1178,542,926,478,76,436,151,4,472,,39:12,1
2005-06,1891,Jason Terry,Jason,1610612742,DAL,Dallas Mavericks,0040500404,2006-06-15T00:00:00,DAL @ MIA,L,32.86666666666667,8,18,0.444,1,5,0.2,0,1,0.0,0,1,1,0,3,1,0,1,2,2,17,-28,18.2,0,0,21.0,1,851,851,851,627,178,129,780,284,141,535,990,974,990,896,1103,1241,1087,164,274,500,1178,542,675,353,1709,835,151,4,659,,32:52,1
2005-06,1715,Jason Williams,Jason,1610612748,MIA,Miami Heat,0040500404,2006-06-15T00:00:00,MIA vs. DAL,W,31.3,1,5,0.2,1,3,0.333,3,5,0.6,0,2,2,6,1,1,0,0,0,2,6,10,19.4,0,0,17.0,1,1,1,1,684,1118,962,1304,284,362,369,405,332,740,896,827,1021,97,614,274,500,1,1,675,957,252,779,151,4,827,,31:18,1
2005-06,2572,Josh Howard,Josh,1610612742,DAL,Dallas Mavericks,0040500404,2006-06-15T00:00:00,DAL @ MIA,L,35.75,1,8,0.125,0,4,0.0,1,2,0.5,1,6,7,2,1,2,0,0,4,4,3,-18,19.4,0,0,16.0,1,851,851,851,487,1118,699,1362,587,234,587,793,647,768,478,208,284,491,614,82,500,1,1222,316,1180,1648,779,151,4,871,,35:45,1
2005-06,297,Alonzo Mourning,Alonzo,1610612748,MIA,Miami Heat,0040500404,2006-06-15T00:00:00,MIA vs. DAL,W,13.9,1,2,0.5,0,0,0.0,2,2,1.0,1,5,6,0,1,0,3,0,3,1,4,6,19.2,0,0,16.0,1,1,1,1,1266,1118,1280,488,587,938,587,530,647,1,478,311,386,1087,614,742,25,1,893,926,1100,391,789,151,4,871,,13:54,1
2005-06,2734,Devin Harris,Devin,1610612742,DAL,Dallas Mavericks,0040500404,2006-06-15T00:00:00,DAL @ MIA,L,27.566666666666666,4,8,0.5,0,0,0.0,3,3,1.0,0,0,0,2,3,0,0,2,3,4,11,-5,11.0,0,0,13.0,1,851,851,851,825,580,699,488,587,938,587,405,561,1,896,1386,1473,491,164,742,500,1566,893,316,622,1189,1116,151,4,985,,27:34,1
2005-06,1559,Adrian Griffin,Adrian,1610612742,DAL,Dallas Mavericks,0040500404,2006-06-15T00:00:00,DAL @ MIA,L,16.8,3,3,1.0,0,0,0.0,0,0,0.0,3,3,6,0,0,0,0,0,2,0,6,6,13.2,0,0,12.0,1,851,851,851,1180,742,1167,1,587,938,587,990,1042,990,128,615,386,1087,1060,742,500,1,542,1252,957,391,1025,151,4,1038,,16:48,1
2005-06,956,Erick Dampier,Erick,1610612742,DAL,Dallas Mavericks,0040500404,2006-06-15T00:00:00,DAL @ MIA,L,18.416666666666668,0,1,0.0,0,0,0.0,0,0,0.0,1,3,4,1,1,1,1,1,5,0,0,-16,11.3,0,0,9.0,1,851,851,851,1135,1368,1422,1368,587,938,587,990,1042,990,478,615,647,731,614,274,157,1178,1489,1252,1439,1605,1104,151,4,1164,,18:25,1
2005-06,2205,DeSagana Diop,DeSagana,1610612742,DAL,Dallas Mavericks,0040500404,2006-06-15T00:00:00,DAL @ MIA,L,17.7,1,1,1.0,0,0,0.0,3,5,0.6,1,1,2,0,0,0,1,0,3,3,5,-8,10.4,0,0,9.0,1,851,851,851,1155,1118,1422,1,587,938,587,405,332,740,478,1103,1021,1087,1060,742,157,1,893,471,1046,1363,1145,151,4,1164,,17:42,1
2005-06,1000,Shandon Anderson,Shandon,1610612748,MIA,Miami Heat,0040500404,2006-06-15T00:00:00,MIA vs. DAL,W,19.416666666666668,1,4,0.25,0,1,0.0,0,2,0.0,1,4,5,2,2,0,0,1,1,1,2,9,9.0,0,0,9.0,1,1,1,1,1100,1118,1052,1236,587,709,587,990,647,990,478,431,510,491,358,742,500,1178,248,926,1253,285,1207,151,4,1164,,19:25,1
2005-06,2617,Udonis Haslem,Udonis,1610612748,MIA,Miami Heat,0040500404,2006-06-15T00:00:00,MIA vs. DAL,W,17.933333333333334,1,2,0.5,0,0,0.0,0,0,0.0,0,2,2,1,4,2,0,0,5,0,2,-1,7.9,0,0,9.0,1,1,1,1,1145,1118,1280,488,587,938,587,990,1042,990,896,827,1021,731,71,82,500,1,1489,1252,1253,859,1252,151,4,1164,,17:56,1
2005-06,56,Gary Payton,Gary,1610612748,MIA,Miami Heat,0040500404,2006-06-15T00:00:00,MIA vs. DAL,W,19.583333333333332,1,2,0.5,0,0,0.0,0,2,0.0,0,1,1,1,2,0,0,0,4,1,2,19,2.7,0,0,4.0,1,1,1,1,1095,1118,1280,488,587,938,587,990,647,990,896,1103,1241,731,358,742,500,1,1222,926,1253,76,1482,151,4,1384,,19:35,1
2005-06,2694,Josh Powell,Josh,1610612742,DAL,Dallas Mavericks,0040500404,2006-06-15T00:00:00,DAL @ MIA,L,3.6333333333333333,0,1,0.0,0,0,0.0,0,0,0.0,1,0,1,0,0,0,0,0,2,0,0,-2,1.2,0,0,1.0,1,851,851,851,1574,1368,1422,1368,587,938,587,990,1042,990,478,1386,1241,1087,1060,742,500,1,542,1252,1439,943,1554,151,4,1557,,3:38,1
2005-06,353,Darrell Armstrong,Darrell,1610612742,DAL,Dallas Mavericks,0040500404,2006-06-15T00:00:00,DAL @ MIA,L,6.246666666666667,0,2,0.0,0,1,0.0,0,0,0.0,0,1,1,0,0,0,0,0,0,2,0,-7,1.2,0,0,1.0,1,851,851,851,1490,1368,1280,1368,587,709,587,990,1042,990,896,1103,1241,1087,1060,742,500,1,1,675,1439,1313,1554,151,4,1557,,6:15,1
2005-06,1496,Keith Van Horn,Keith,1610612742,DAL,Dallas Mavericks,0040500404,2006-06-15T00:00:00,DAL @ MIA,L,4.95,0,3,0.0,0,1,0.0,0,0,0.0,0,1,1,0,0,0,0,0,0,0,0,-7,1.2,0,0,1.0,1,851,851,851,1530,1368,1167,1368,587,709,587,990,1042,990,896,1103,1241,1087,1060,742,500,1,1,1252,1439,1313,1554,151,4,1557,,4:57,1
2005-06,2574,Jason Kapono,Jason,1610612748,MIA,Miami Heat,0040500404,2006-06-15T00:00:00,MIA vs. DAL,W,1.5333333333333334,0,0,0.0,0,0,0.0,0,0,0.0,0,0,0,0,0,0,0,0,0,0,0,0,0.0,0,0,0.0,1,1,1,1,1646,1368,1565,1368,587,938,587,990,1042,990,896,1386,1473,1087,1060,742,500,1,1,1252,1439,762,1605,151,4,1610,,1:32,1
2005-06,1720,Michael Doleac,Michael,1610612748,MIA,Miami Heat,0040500404,2006-06-15T00:00:00,MIA vs. DAL,W,1.15,0,0,0.0,0,0,0.0,0,0,0.0,0,0,0,0,0,0,0,0,0,0,0,0,0.0,0,0,0.0,1,1,1,1,1662,1368,1565,1368,587,938,587,990,1042,990,896,1386,1473,1087,1060,742,500,1,1,1252,1439,762,1605,151,4,1610,,1:09,1
2005-06,2605,Marquis Daniels,Marquis,1610612742,DAL,Dallas Mavericks,0040500404,2006-06-15T00:00:00,DAL @ MIA,L,4.95,0,2,0.0,0,1,0.0,0,0,0.0,0,0,0,0,1,0,0,0,0,0,0,-7,-1.0,0,0,0.0,1,851,851,851,1530,1368,1280,1368,587,709,587,990,1042,990,896,1386,1473,1087,614,742,500,1,1,1252,1439,1313,1708,151,4,1610,,4:57,1
2005-06,2548,Dwyane Wade,Dwyane,1610612748,MIA,Miami Heat,0040500403,2006-06-13T00:00:00,MIA vs. DAL,W,43.08833333333333,14,26,0.538,1,2,0.5,13,18,0.722,2,11,13,2,1,2,0,1,5,10,42,6,65.6,1,0,62.0,1,1,1,1,164,11,12,446,284,529,183,17,8,643,252,30,45,491,614,82,500,1178,1489,24,7,391,13,1,4,9,,43:05,1
2005-06,1717,Dirk Nowitzki,Dirk,1610612742,DAL,Dallas Mavericks,0040500403,2006-06-13T00:00:00,DAL @ MIA,L,44.735,9,20,0.45,2,7,0.286,10,12,0.833,0,7,7,1,3,0,0,0,5,8,30,5,36.9,0,0,40.0,1,851,851,851,105,116,82,774,125,42,469,40,41,479,896,144,284,731,164,742,500,1,1489,70,67,444,261,151,4,161,,44:44,1
2005-06,406,Shaquille O'Neal,Shaquille,1610612748,MIA,Miami Heat,0040500403,2006-06-13T00:00:00,MIA vs. DAL,W,37.1,6,9,0.667,0,0,0.0,4,6,0.667,3,8,11,5,7,1,2,0,3,10,16,-5,38.7,1,0,38.0,1,1,1,1,426,351,639,197,587,938,587,284,232,657,128,100,82,141,4,274,67,1,893,24,399,1189,223,1,4,188,,37:06,1
2005-06,2572,Josh Howard,Josh,1610612742,DAL,Dallas Mavericks,0040500403,2006-06-13T00:00:00,DAL @ MIA,L,42.36333333333334,8,13,0.615,3,3,1.0,2,2,1.0,0,5,5,1,1,0,1,1,4,4,21,4,30.5,0,0,32.0,1,851,851,851,184,178,359,299,57,362,1,530,647,1,896,311,510,731,614,742,157,1178,1222,316,222,504,401,151,4,315,,42:22,1
2005-06,956,Erick Dampier,Erick,1610612742,DAL,Dallas Mavericks,0040500403,2006-06-13T00:00:00,DAL @ MIA,L,29.406666666666666,6,7,0.857,0,0,0.0,2,5,0.4,5,4,9,0,1,3,1,1,4,3,14,9,35.8,0,0,31.0,1,851,851,851,752,351,786,103,587,938,587,530,332,940,26,431,161,1087,614,32,157,1178,1222,471,478,285,285,151,4,346,,29:24,1
2005-06,1891,Jason Terry,Jason,1610612742,DAL,Dallas Mavericks,0040500403,2006-06-13T00:00:00,DAL @ MIA,L,35.55,7,14,0.5,1,3,0.333,1,2,0.5,0,1,1,5,2,2,0,0,2,2,16,-2,28.7,0,0,27.0,1,851,851,851,490,269,306,488,284,362,369,793,647,768,896,1103,1241,141,358,82,500,1,542,675,399,943,463,151,4,472,,35:33,1
2005-06,2617,Udonis Haslem,Udonis,1610612748,MIA,Miami Heat,0040500403,2006-06-13T00:00:00,MIA vs. DAL,W,34.21666666666667,3,8,0.375,0,0,0.0,2,6,0.333,8,3,11,0,3,3,0,1,4,5,8,12,27.2,0,0,25.0,1,1,1,1,561,742,699,980,587,938,587,530,232,943,2,615,82,1087,164,32,500,1178,1222,217,812,186,513,151,4,532,,34:13,1
2005-06,952,Antoine Walker,Antoine,1610612748,MIA,Miami Heat,0040500403,2006-06-13T00:00:00,MIA vs. DAL,W,35.38333333333333,6,17,0.353,0,5,0.0,0,2,0.0,1,6,7,1,2,0,0,0,3,1,12,-14,19.9,0,0,20.0,1,1,1,1,498,351,166,1039,587,141,587,990,647,990,478,208,284,731,358,742,500,1,893,926,571,1574,753,151,4,704,,35:23,1
2005-06,1715,Jason Williams,Jason,1610612748,MIA,Miami Heat,0040500403,2006-06-13T00:00:00,MIA vs. DAL,W,34.81166666666667,5,11,0.455,2,5,0.4,0,0,0.0,0,1,1,3,3,0,0,0,3,1,12,5,14.7,0,0,18.0,1,1,1,1,528,456,490,751,125,141,327,990,1042,990,896,1103,1241,335,164,742,500,1,893,926,571,444,962,151,4,772,,34:49,1
2005-06,2734,Devin Harris,Devin,1610612742,DAL,Dallas Mavericks,0040500403,2006-06-13T00:00:00,DAL @ MIA,L,18.326666666666668,4,7,0.571,0,0,0.0,1,3,0.333,0,0,0,4,2,1,0,0,3,5,9,-8,16.0,0,0,15.0,1,851,851,851,1137,580,786,369,587,938,587,793,561,943,896,1386,1473,208,358,274,500,1,893,217,763,1363,912,151,4,904,,18:20,1
2005-06,1559,Adrian Griffin,Adrian,1610612742,DAL,Dallas Mavericks,0040500403,2006-06-13T00:00:00,DAL @ MIA,L,14.261666666666667,1,3,0.333,0,0,0.0,0,0,0.0,1,4,5,3,1,2,0,0,3,0,2,6,17.5,0,0,14.0,1,851,851,851,1251,1118,1167,1051,587,938,587,990,1042,990,478,431,510,335,614,82,500,1,893,1252,1253,391,872,151,4,939,,14:16,1
2005-06,56,Gary Payton,Gary,1610612748,MIA,Miami Heat,0040500403,2006-06-13T00:00:00,MIA vs. DAL,W,19.15,1,1,1.0,0,0,0.0,0,0,0.0,1,1,2,2,2,1,0,0,1,0,2,-6,8.4,0,0,8.0,1,1,1,1,1108,1118,1422,1,587,938,587,990,1042,990,478,1103,1021,491,358,274,500,1,248,1252,1253,1251,1232,151,4,1212,,19:09,1
2005-06,711,Jerry Stackhouse,Jerry,1610612742,DAL,Dallas Mavericks,0040500403,2006-06-13T00:00:00,DAL @ MIA,L,31.433333333333334,1,9,0.111,0,1,0.0,2,2,1.0,0,1,1,1,2,1,0,0,2,1,4,-6,7.7,0,0,8.0,1,851,851,851,675,1118,639,1365,587,709,587,530,647,1,896,1103,1241,731,358,274,500,1,542,926,1100,1251,1261,151,4,1212,,31:26,1
2005-06,1899,James Posey,James,1610612748,MIA,Miami Heat,0040500403,2006-06-13T00:00:00,MIA vs. DAL,W,27.666666666666668,1,2,0.5,1,2,0.5,1,2,0.5,0,3,3,0,1,0,0,0,1,2,4,8,6.6,0,0,8.0,1,1,1,1,821,1118,1280,488,284,529,183,793,647,768,896,615,832,1087,614,742,500,1,248,675,1100,318,1301,151,4,1212,,27:40,1
2005-06,297,Alonzo Mourning,Alonzo,1610612748,MIA,Miami Heat,0040500403,2006-06-13T00:00:00,MIA vs. DAL,W,8.583333333333334,1,2,0.5,0,0,0.0,0,0,0.0,1,0,1,0,1,2,0,0,3,0,2,4,8.2,0,0,7.0,1,1,1,1,1425,1118,1280,488,587,938,587,990,1042,990,478,1386,1241,1087,614,82,500,1,893,1252,1253,504,1243,151,4,1252,,8:35,1
2005-06,2205,DeSagana Diop,DeSagana,1610612742,DAL,Dallas Mavericks,0040500403,2006-06-13T00:00:00,DAL @ MIA,L,10.9,0,0,0.0,0,0,0.0,0,0,0.0,1,3,4,0,0,0,0,0,4,0,0,-1,4.8,0,0,4.0,1,851,851,851,1351,1368,1565,1368,587,938,587,990,1042,990,478,615,647,1087,1060,742,500,1,1222,1252,1439,859,1374,151,4,1384,,10:54,1
2005-06,1496,Keith Van Horn,Keith,1610612742,DAL,Dallas Mavericks,0040500403,2006-06-13T00:00:00,DAL @ MIA,L,8.536666666666667,0,2,0.0,0,2,0.0,0,0,0.0,0,2,2,0,2,0,0,0,2,0,0,-10,0.4,0,0,2.0,1,851,851,851,1427,1368,1280,1368,587,529,587,990,1042,990,896,827,1021,1087,358,742,500,1,542,1252,1439,1457,1593,151,4,1498,,8:32,1
2005-06,2605,Marquis Daniels,Marquis,1610612742,DAL,Dallas Mavericks,0040500403,2006-06-13T00:00:00,DAL @ MIA,L,4.486666666666666,0,0,0.0,0,0,0.0,0,0,0.0,0,0,0,0,1,0,0,0,0,0,0,-7,-1.0,0,0,0.0,1,851,851,851,1549,1368,1565,1368,587,938,587,990,1042,990,896,1386,1473,1087,614,742,500,1,1,1252,1439,1313,1708,151,4,1610,,4:29,1
2005-06,1717,Dirk Nowitzki,Dirk,1610612742,DAL,Dallas Mavericks,0040500402,2006-06-11T00:00:00,DAL vs. MIA,W,41.03666666666667,8,16,0.5,0,2,0.0,10,11,0.909,1,15,16,4,1,0,2,0,2,7,26,19,56.2,1,0,50.0,1,1,1,1,240,178,208,488,587,529,587,40,50,415,478,2,13,208,614,742,67,1,542,106,118,76,44,1,4,60,,41:02,1
2005-06,2548,Dwyane Wade,Dwyane,1610612748,MIA,Miami Heat,0040500402,2006-06-11T00:00:00,MIA @ DAL,L,39.986666666666665,6,19,0.316,0,0,0.0,11,14,0.786,4,4,8,3,4,2,1,1,4,10,23,-6,42.1,0,0,40.0,1,851,851,851,288,351,108,1157,587,938,587,28,26,556,55,431,214,335,71,82,157,1178,1222,24,173,1251,164,151,4,161,,39:59,1
2005-06,952,Antoine Walker,Antoine,1610612748,MIA,Miami Heat,0040500402,2006-06-11T00:00:00,MIA @ DAL,L,42.9,8,16,0.5,4,7,0.571,0,0,0.0,0,4,4,2,2,0,1,3,3,0,20,-7,28.8,0,0,32.0,1,851,851,851,171,178,208,488,17,42,171,990,1042,990,896,431,647,491,358,742,157,1679,893,1252,258,1313,456,151,4,315,,42:54,1
2005-06,1891,Jason Terry,Jason,1610612742,DAL,Dallas Mavericks,0040500402,2006-06-11T00:00:00,DAL vs. MIA,W,41.28333333333333,6,15,0.4,1,6,0.167,3,5,0.6,0,1,1,9,3,2,0,1,2,4,16,6,33.7,0,0,31.0,1,1,1,1,224,351,255,896,284,84,562,405,332,740,896,1103,1241,34,164,82,500,1178,542,316,399,391,328,151,4,346,,41:17,1
2005-06,711,Jerry Stackhouse,Jerry,1610612742,DAL,Dallas Mavericks,0040500402,2006-06-11T00:00:00,DAL vs. MIA,W,30.116666666666667,6,11,0.545,4,5,0.8,3,3,1.0,1,2,3,3,3,0,0,0,1,3,19,9,24.1,0,0,29.0,1,1,1,1,729,351,490,433,17,141,84,405,561,1,478,827,832,335,164,742,500,1,248,471,298,285,605,151,4,401,,30:07,1
2005-06,2572,Josh Howard,Josh,1610612742,DAL,Dallas Mavericks,0040500402,2006-06-11T00:00:00,DAL vs. MIA,W,28.55,6,12,0.5,2,3,0.667,1,1,1.0,1,2,3,1,4,0,2,0,5,1,15,14,22.1,0,0,25.0,1,1,1,1,785,351,425,488,125,362,108,793,974,1,478,827,832,731,71,742,67,1,1489,926,442,146,672,151,4,532,,28:33,1
2005-06,956,Erick Dampier,Erick,1610612742,DAL,Dallas Mavericks,0040500402,2006-06-11T00:00:00,DAL vs. MIA,W,28.816666666666666,2,3,0.667,0,0,0.0,2,3,0.667,4,9,13,1,2,1,1,0,2,3,6,25,27.1,0,0,24.0,1,1,1,1,776,933,1167,197,587,938,587,530,561,657,55,63,45,731,358,274,157,1,542,471,957,28,516,151,4,562,,28:49,1
2005-06,1715,Jason Williams,Jason,1610612748,MIA,Miami Heat,0040500402,2006-06-11T00:00:00,MIA @ DAL,L,30.983333333333334,3,10,0.3,1,4,0.25,4,5,0.8,0,2,2,4,0,1,0,1,2,3,11,-24,22.4,0,0,20.0,1,851,851,851,700,742,572,1178,284,234,480,284,332,518,896,827,1021,208,1060,274,500,1178,542,471,622,1697,658,151,4,704,,30:59,1
2005-06,2734,Devin Harris,Devin,1610612742,DAL,Dallas Mavericks,0040500402,2006-06-11T00:00:00,DAL vs. MIA,W,23.183333333333334,4,10,0.4,0,1,0.0,3,3,1.0,0,1,1,4,1,1,0,2,4,4,11,6,20.2,0,0,18.0,1,1,1,1,995,580,572,896,587,709,587,405,561,1,896,1103,1241,208,614,274,500,1566,1222,316,622,391,744,151,4,772,,23:11,1
2005-06,297,Alonzo Mourning,Alonzo,1610612748,MIA,Miami Heat,0040500402,2006-06-11T00:00:00,MIA @ DAL,L,20.066666666666666,4,4,1.0,0,0,0.0,3,5,0.6,1,3,4,0,1,0,1,0,3,3,11,13,17.8,0,0,17.0,1,851,851,851,1084,580,1052,1,587,938,587,405,332,740,478,615,647,1087,614,742,157,1,893,471,622,166,857,151,4,827,,20:04,1
2005-06,1899,James Posey,James,1610612748,MIA,Miami Heat,0040500402,2006-06-11T00:00:00,MIA @ DAL,L,28.45,2,6,0.333,2,4,0.5,1,1,1.0,2,3,5,1,1,0,0,0,6,4,7,3,13.5,0,0,15.0,1,851,851,851,790,933,878,1051,125,234,183,793,974,1,252,615,510,731,614,742,500,1,1663,316,897,567,1013,151,4,904,,28:27,1
2005-06,406,Shaquille O'Neal,Shaquille,1610612748,MIA,Miami Heat,0040500402,2006-06-11T00:00:00,MIA @ DAL,L,27.933333333333334,2,5,0.4,0,0,0.0,1,7,0.143,1,5,6,2,2,0,0,0,1,7,5,-27,13.2,0,0,13.0,1,851,851,851,810,933,962,896,587,938,587,793,195,987,478,311,386,491,358,742,500,1,248,106,1046,1707,1025,151,4,985,,27:56,1
2005-06,56,Gary Payton,Gary,1610612748,MIA,Miami Heat,0040500402,2006-06-11T00:00:00,MIA @ DAL,L,27.996666666666666,1,4,0.25,0,2,0.0,0,0,0.0,0,1,1,4,0,2,0,0,2,0,2,1,15.2,0,0,11.0,1,851,851,851,808,1118,1052,1236,587,529,587,990,1042,990,896,1103,1241,208,1060,82,500,1,542,1252,1253,689,943,151,4,1087,,27:60,1
2005-06,2205,DeSagana Diop,DeSagana,1610612742,DAL,Dallas Mavericks,0040500402,2006-06-11T00:00:00,DAL vs. MIA,W,12.283333333333333,0,0,0.0,0,0,0.0,1,2,0.5,1,3,4,0,1,1,0,0,5,1,1,-9,7.8,0,0,7.0,1,1,1,1,1316,1368,1565,1368,587,938,587,793,647,768,478,615,647,1087,614,274,500,1,1489,926,1415,1409,1257,151,4,1252,,12:17,1
2005-06,2617,Udonis Haslem,Udonis,1610612748,MIA,Miami Heat,0040500402,2006-06-11T00:00:00,MIA @ DAL,L,20.116666666666667,3,6,0.5,0,0,0.0,0,0,0.0,0,1,1,0,2,0,0,0,2,0,6,-23,5.2,0,0,7.0,1,851,851,851,1082,742,878,488,587,938,587,990,1042,990,896,1103,1241,1087,358,742,500,1,542,1252,957,1691,1358,151,4,1252,,20:07,1
2005-06,1496,Keith Van Horn,Keith,1610612742,DAL,Dallas Mavericks,0040500402,2006-06-11T00:00:00,DAL vs. MIA,W,10.313333333333333,2,3,0.667,1,2,0.5,0,0,0.0,0,0,0,0,1,0,0,0,1,0,5,-8,4.0,0,0,6.0,1,1,1,1,1371,933,1167,197,284,529,183,990,1042,990,896,1386,1473,1087,614,742,500,1,248,1252,1046,1363,1417,151,4,1292,,10:19,1
2005-06,1559,Adrian Griffin,Adrian,1610612742,DAL,Dallas Mavericks,0040500402,2006-06-11T00:00:00,DAL vs. MIA,W,18.266666666666666,0,0,0.0,0,0,0.0,0,0,0.0,1,3,4,0,1,0,0,0,4,0,0,8,3.8,0,0,4.0,1,1,1,1,1138,1368,1565,1368,587,938,587,990,1042,990,478,615,647,1087,614,742,500,1,1222,1252,1439,318,1430,151,4,1384,,18:16,1
2005-06,2605,Marquis Daniels,Marquis,1610612742,DAL,Dallas Mavericks,0040500402,2006-06-11T00:00:00,DAL vs. MIA,W,6.15,0,0,0.0,0,0,0.0,0,0,0.0,0,1,1,1,1,0,0,0,1,0,0,0,1.7,0,0,2.0,1,1,1,1,1492,1368,1565,1368,587,938,587,990,1042,990,896,1103,1241,731,614,742,500,1,248,1252,1439,762,1536,151,4,1498,,6:09,1
2005-06,1000,Shandon Anderson,Shandon,1610612748,MIA,Miami Heat,0040500402,2006-06-11T00:00:00,MIA @ DAL,L,1.5666666666666667,0,0,0.0,0,0,0.0,0,0,0.0,0,1,1,0,1,0,0,0,0,0,0,0,0.2,0,0,1.0,1,851,851,851,1643,1368,1565,1368,587,938,587,990,1042,990,896,1103,1241,1087,614,742,500,1,1,1252,1439,762,1599,151,4,1557,,1:34,1
2005-06,2548,Dwyane Wade,Dwyane,1610612748,MIA,Miami Heat,0040500401,2006-06-08T00:00:00,MIA @ DAL,L,43.03333333333333,11,25,0.44,0,2,0.0,6,10,0.6,3,3,6,6,5,4,1,1,4,7,28,-2,54.2,0,0,50.0,1,851,851,851,166,62,16,809,587,529,587,142,66,740,128,615,386,97,36,5,157,1178,1222,106,94,943,54,151,4,60,,43:02,1
2005-06,1891,Jason Terry,Jason,1610612742,DAL,Dallas Mavericks,0040500401,2006-06-08T00:00:00,DAL vs. MIA,W,37.21,13,18,0.722,4,7,0.571,2,2,1.0,0,4,4,1,1,3,0,0,2,2,32,12,46.3,0,0,47.0,1,1,1,1,421,18,129,177,17,42,171,530,647,1,896,431,647,731,614,32,500,1,542,675,43,186,113,151,4,91,,37:13,1
2005-06,1717,Dirk Nowitzki,Dirk,1610612742,DAL,Dallas Mavericks,0040500401,2006-06-08T00:00:00,DAL vs. MIA,W,39.17666666666667,4,14,0.286,2,4,0.5,6,6,1.0,2,8,10,4,2,3,0,1,2,8,16,7,41.0,1,0,38.0,1,1,1,1,341,580,306,1192,125,234,183,142,232,1,252,100,114,208,358,32,500,1178,542,70,399,352,182,1,4,188,,39:11,1
2005-06,952,Antoine Walker,Antoine,1610612748,MIA,Miami Heat,0040500401,2006-06-08T00:00:00,MIA @ DAL,L,42.251666666666665,7,19,0.368,3,9,0.333,0,0,0.0,0,6,6,4,6,1,0,1,3,1,17,-2,27.2,0,0,32.0,1,851,851,851,186,269,108,1008,57,10,369,990,1042,990,896,208,386,208,15,274,500,1178,893,926,353,943,513,151,4,315,,42:15,1
2005-06,406,Shaquille O'Neal,Shaquille,1610612748,MIA,Miami Heat,0040500401,2006-06-08T00:00:00,MIA @ DAL,L,38.25,8,11,0.727,0,0,0.0,1,9,0.111,3,4,7,5,2,0,0,0,4,9,17,-4,30.9,0,0,29.0,1,851,851,851,387,178,490,170,587,938,587,793,93,989,128,431,284,141,358,742,500,1,1222,40,353,1108,395,151,4,401,,38:15,1
2005-06,2572,Josh Howard,Josh,1610612742,DAL,Dallas Mavericks,0040500401,2006-06-08T00:00:00,DAL vs. MIA,W,43.695,3,14,0.214,0,4,0.0,4,6,0.667,0,12,12,4,5,1,0,0,4,4,10,11,28.4,1,0,28.0,1,1,1,1,134,742,306,1301,587,234,587,284,232,657,896,20,60,208,36,274,500,1,1222,316,683,217,471,1,4,435,,43:42,1
2005-06,711,Jerry Stackhouse,Jerry,1610612742,DAL,Dallas Mavericks,0040500401,2006-06-08T00:00:00,DAL vs. MIA,W,29.0,4,11,0.364,0,2,0.0,5,6,0.833,0,5,5,4,3,0,1,0,1,5,13,-9,25.0,0,0,24.0,1,1,1,1,764,580,490,1010,587,529,587,203,232,479,896,311,510,208,164,742,157,1,248,217,534,1409,582,151,4,562,,29:00,1
2005-06,1715,Jason Williams,Jason,1610612748,MIA,Miami Heat,0040500401,2006-06-08T00:00:00,MIA @ DAL,L,34.20666666666666,5,11,0.455,2,5,0.4,0,0,0.0,0,4,4,4,1,1,0,1,3,0,12,-10,24.8,0,0,24.0,1,851,851,851,562,456,490,751,125,141,327,990,1042,990,896,431,647,208,614,274,500,1178,893,1252,571,1457,587,151,4,562,,34:12,1
2005-06,956,Erick Dampier,Erick,1610612742,DAL,Dallas Mavericks,0040500401,2006-06-08T00:00:00,DAL vs. MIA,W,27.023333333333333,3,4,0.75,0,0,0.0,2,4,0.5,3,4,7,0,0,0,0,0,4,2,8,12,16.4,0,0,15.0,1,1,1,1,850,742,1052,133,587,938,587,530,399,768,128,431,284,1087,1060,742,500,1,1222,675,812,186,898,151,4,904,,27:01,1
2005-06,2617,Udonis Haslem,Udonis,1610612748,MIA,Miami Heat,0040500401,2006-06-08T00:00:00,MIA @ DAL,L,33.233333333333334,2,4,0.5,0,0,0.0,0,0,0.0,3,6,9,0,1,0,0,0,5,1,4,-7,13.8,0,0,13.0,1,851,851,851,605,933,1052,488,587,938,587,990,1042,990,128,208,161,1087,614,742,500,1,1489,926,1100,1313,997,151,4,985,,33:14,1
2005-06,56,Gary Payton,Gary,1610612748,MIA,Miami Heat,0040500401,2006-06-08T00:00:00,MIA @ DAL,L,18.76,0,4,0.0,0,3,0.0,0,0,0.0,2,3,5,1,0,3,0,0,0,0,0,-8,16.5,0,0,12.0,1,851,851,851,1123,1368,1052,1368,587,362,587,990,1042,990,252,615,510,731,1060,32,500,1,1,1252,1439,1363,896,151,4,1038,,18:46,1
2005-06,1559,Adrian Griffin,Adrian,1610612742,DAL,Dallas Mavericks,0040500401,2006-06-08T00:00:00,DAL vs. MIA,W,13.305,4,6,0.667,0,0,0.0,0,0,0.0,1,0,1,1,0,1,0,0,1,0,8,3,13.7,0,0,12.0,1,1,1,1,1280,580,878,197,587,938,587,990,1042,990,478,1386,1241,731,1060,274,500,1,248,1252,812,567,1003,151,4,1038,,13:18,1
2005-06,1899,James Posey,James,1610612748,MIA,Miami Heat,0040500401,2006-06-08T00:00:00,MIA @ DAL,L,24.926666666666666,1,3,0.333,0,1,0.0,0,0,0.0,1,6,7,0,0,1,0,0,5,0,2,-11,13.4,0,0,11.0,1,851,851,851,926,1118,1167,1051,587,709,587,990,1042,990,478,208,284,1087,1060,274,500,1,1489,1252,1253,1501,1018,151,4,1087,,24:56,1
2005-06,2205,DeSagana Diop,DeSagana,1610612742,DAL,Dallas Mavericks,0040500401,2006-06-08T00:00:00,DAL vs. MIA,W,16.415,0,0,0.0,0,0,0.0,0,0,0.0,1,1,2,0,2,1,2,0,2,0,0,-2,9.4,0,0,8.0,1,1,1,1,1193,1368,1565,1368,587,938,587,990,1042,990,478,1103,1021,1087,358,274,67,1,542,1252,1439,943,1185,151,4,1212,,16:25,1
2005-06,1496,Keith Van Horn,Keith,1610612742,DAL,Dallas Mavericks,0040500401,2006-06-08T00:00:00,DAL vs. MIA,W,10.885,1,2,0.5,0,0,0.0,0,0,0.0,0,2,2,0,0,0,0,0,0,1,2,3,4.4,0,0,4.0,1,1,1,1,1352,1118,1280,488,587,938,587,990,1042,990,896,827,1021,1087,1060,742,500,1,1,926,1253,567,1394,151,4,1384,,10:53,1
2005-06,2734,Devin Harris,Devin,1610612742,DAL,Dallas Mavericks,0040500401,2006-06-08T00:00:00,DAL vs. MIA,W,17.973333333333333,0,3,0.0,0,1,0.0,1,2,0.5,0,0,0,2,1,0,0,0,1,3,1,10,3.0,0,0,3.0,1,1,1,1,1143,1368,1167,1368,587,709,587,793,647,768,896,1386,1473,491,614,742,500,1,248,471,1415,252,1467,151,4,1449,,17:58,1
2005-06,2605,Marquis Daniels,Marquis,1610612742,DAL,Dallas Mavericks,0040500401,2006-06-08T00:00:00,DAL vs. MIA,W,5.316666666666666,0,0,0.0,0,0,0.0,0,0,0.0,0,0,0,2,0,0,0,0,1,0,0,3,3.0,0,0,2.0,1,1,1,1,1521,1368,1565,1368,587,938,587,990,1042,990,896,1386,1473,491,1060,742,500,1,248,1252,1439,567,1467,151,4,1498,,5:19,1
2005-06,297,Alonzo Mourning,Alonzo,1610612748,MIA,Miami Heat,0040500401,2006-06-08T00:00:00,MIA @ DAL,L,5.338333333333333,0,1,0.0,0,0,0.0,0,0,0.0,0,1,1,0,0,0,0,0,1,0,0,-6,1.2,0,0,1.0,1,851,851,851,1520,1368,1422,1368,587,938,587,990,1042,990,896,1103,1241,1087,1060,742,500,1,248,1252,1439,1251,1554,151,4,1557,,5:20,1
2005-06,1717,Dirk Nowitzki,Dirk,1610612742,DAL,Dallas Mavericks,0040500316,2006-06-03T00:00:00,DAL @ PHX,W,44.03333333333333,8,20,0.4,0,5,0.0,8,9,0.889,1,9,10,3,2,3,3,0,2,8,24,11,56.5,1,0,49.0,1,1,1,1,126,178,82,896,587,141,587,69,93,425,478,63,114,335,358,32,25,1,542,70,149,217,41,1,4,71,,44:02,1
2005-06,2564,Boris Diaw,Boris,1610612756,PHX,Phoenix Suns,0040500316,2006-06-03T00:00:00,PHX vs. DAL,L,40.06666666666667,11,16,0.688,0,0,0.0,8,10,0.8,2,9,11,2,6,1,1,1,5,9,30,-6,46.2,1,0,47.0,1,851,851,851,282,62,208,193,587,938,587,69,66,518,252,63,82,491,15,274,157,1178,1489,40,67,1251,114,1,4,91,,40:04,1
2005-06,2572,Josh Howard,Josh,1610612742,DAL,Dallas Mavericks,0040500316,2006-06-03T00:00:00,DAL @ PHX,W,45.516666666666666,7,16,0.438,1,4,0.25,5,6,0.833,5,10,15,1,4,3,0,0,3,6,20,11,44.5,1,0,43.0,1,1,1,1,84,269,208,811,284,234,480,203,232,479,26,44,19,731,71,32,500,1,893,145,258,217,136,1,4,124,,45:31,1
2005-06,959,Steve Nash,Steve,1610612756,PHX,Phoenix Suns,0040500316,2006-06-03T00:00:00,PHX vs. DAL,L,41.833333333333336,7,13,0.538,1,2,0.5,4,4,1.0,0,6,6,9,3,1,0,0,2,2,19,-7,39.7,0,0,37.0,1,851,851,851,202,269,359,446,284,529,183,284,399,1,896,208,386,34,164,274,500,1,542,675,298,1313,202,151,4,208,,41:50,1
2005-06,711,Jerry Stackhouse,Jerry,1610612742,DAL,Dallas Mavericks,0040500316,2006-06-03T00:00:00,DAL @ PHX,W,39.9,6,13,0.462,1,5,0.2,6,6,1.0,0,1,1,2,2,3,0,1,3,6,19,12,30.2,0,0,29.0,1,1,1,1,296,351,359,732,284,141,535,142,232,1,896,1103,1241,491,358,32,500,1178,893,145,298,186,418,151,4,401,,39:54,1
2005-06,1890,Shawn Marion,Shawn,1610612756,PHX,Phoenix Suns,0040500316,2006-06-03T00:00:00,PHX vs. DAL,L,46.3,5,10,0.5,1,2,0.5,2,2,1.0,1,10,11,0,1,1,0,0,3,2,13,-5,28.2,1,0,27.0,1,851,851,851,60,456,572,488,284,529,183,530,647,1,478,44,82,1087,614,274,500,1,893,675,534,1189,476,1,4,472,,46:18,1
2005-06,1891,Jason Terry,Jason,1610612742,DAL,Dallas Mavericks,0040500316,2006-06-03T00:00:00,DAL @ PHX,W,26.4,6,13,0.462,1,5,0.2,4,6,0.667,1,2,3,3,1,0,0,0,4,3,17,22,24.1,0,0,24.0,1,1,1,1,879,351,359,732,284,141,535,284,232,657,478,827,832,335,614,742,500,1,1222,471,353,48,605,151,4,562,,26:24,1
2005-06,2571,Leandro Barbosa,Leandro,1610612756,PHX,Phoenix Suns,0040500316,2006-06-03T00:00:00,PHX vs. DAL,L,26.996666666666666,6,12,0.5,2,4,0.5,0,0,0.0,0,2,2,3,1,0,0,1,6,2,14,-11,19.9,0,0,21.0,1,851,851,851,852,351,425,488,125,234,183,990,1042,990,896,827,1021,335,614,742,500,1178,1663,675,478,1501,753,151,4,659,,26:60,1
2005-06,1952,Raja Bell,Raja,1610612756,PHX,Phoenix Suns,0040500316,2006-06-03T00:00:00,PHX vs. DAL,L,34.983333333333334,2,6,0.333,2,6,0.333,0,0,0.0,0,2,2,2,1,2,0,0,5,4,6,-2,16.4,0,0,16.0,1,851,851,851,518,933,878,1051,125,84,369,990,1042,990,896,827,1021,491,614,82,500,1,1489,316,957,943,898,151,4,871,,34:59,1
2005-06,1559,Adrian Griffin,Adrian,1610612742,DAL,Dallas Mavericks,0040500316,2006-06-03T00:00:00,DAL @ PHX,W,36.166666666666664,3,4,0.75,0,0,0.0,0,0,0.0,1,4,5,1,2,1,0,1,2,1,6,15,14.5,0,0,14.0,1,1,1,1,468,742,1052,133,587,938,587,990,1042,990,478,431,510,731,358,274,500,1178,542,926,957,124,971,151,4,939,,36:10,1
2005-06,1501,Tim Thomas,Tim,1610612756,PHX,Phoenix Suns,0040500316,2006-06-03T00:00:00,PHX vs. DAL,L,30.483333333333334,4,11,0.364,0,3,0.0,0,2,0.0,2,2,4,2,2,0,0,2,6,2,8,-6,13.8,0,0,14.0,1,851,851,851,713,580,490,1010,587,362,587,990,647,990,252,827,647,491,358,742,500,1566,1663,675,812,1251,997,151,4,939,,30:29,1
2005-06,2205,DeSagana Diop,DeSagana,1610612742,DAL,Dallas Mavericks,0040500316,2006-06-03T00:00:00,DAL @ PHX,W,20.916666666666668,2,2,1.0,0,0,0.0,0,0,0.0,2,2,4,0,0,0,1,0,5,0,4,-6,11.8,0,0,10.0,1,1,1,1,1061,933,1280,1,587,938,587,990,1042,990,252,827,647,1087,1060,742,157,1,1489,1252,1100,1251,1080,151,4,1125,,20:55,1
2005-06,2734,Devin Harris,Devin,1610612742,DAL,Dallas Mavericks,0040500316,2006-06-03T00:00:00,DAL @ PHX,W,11.616666666666667,4,5,0.8,0,0,0.0,0,0,0.0,0,0,0,0,1,0,0,0,3,0,8,-13,7.0,0,0,8.0,1,1,1,1,1332,580,962,113,587,938,587,990,1042,990,896,1386,1473,1087,614,742,500,1,893,1252,812,1559,1290,151,4,1212,,11:37,1
2005-06,2605,Marquis Daniels,Marquis,1610612742,DAL,Dallas Mavericks,0040500316,2006-06-03T00:00:00,DAL @ PHX,W,11.85,1,4,0.25,0,0,0.0,2,4,0.5,0,0,0,0,0,1,0,0,0,3,4,-1,7.0,0,0,6.0,1,1,1,1,1326,1118,1052,1236,587,938,587,530,399,768,896,1386,1473,1087,1060,274,500,1,1,471,1100,859,1290,151,4,1292,,11:51,1
2005-06,2592,James Jones,James,1610612756,PHX,Phoenix Suns,0040500316,2006-06-03T00:00:00,PHX vs. DAL,L,19.336666666666666,1,4,0.25,0,0,0.0,1,2,0.5,0,0,0,0,2,0,1,0,0,1,3,-8,4.0,0,0,5.0,1,851,851,851,1102,1118,1052,1236,587,938,587,793,647,768,896,1386,1473,1087,358,742,157,1,1,926,1180,1363,1417,151,4,1338,,19:20,1
2005-06,1496,Keith Van Horn,Keith,1610612742,DAL,Dallas Mavericks,0040500316,2006-06-03T00:00:00,DAL @ PHX,W,3.6,0,1,0.0,0,1,0.0,0,0,0.0,0,1,1,0,0,0,0,0,0,0,0,-6,1.2,0,0,1.0,1,1,1,1,1576,1368,1422,1368,587,709,587,990,1042,990,896,1103,1241,1087,1060,742,500,1,1,1252,1439,1251,1554,151,4,1557,,3:36,1
2005-06,406,Shaquille O'Neal,Shaquille,1610612748,MIA,Miami Heat,0040500306,2006-06-02T00:00:00,MIA vs. DET,W,33.845,12,14,0.857,0,0,0.0,4,9,0.444,3,13,16,1,5,0,5,0,5,6,28,9,58.7,1,0,55.0,1,1,1,1,576,37,306,103,587,938,587,284,93,938,128,14,13,731,36,742,4,1,1489,145,94,285,31,1,4,33,,33:51,1
2005-06,1888,Richard Hamilton,Richard,1610612765,DET,Detroit Pistons,0040500306,2006-06-02T00:00:00,DET @ MIA,L,39.30833333333333,12,28,0.429,2,7,0.286,7,8,0.875,3,0,3,1,1,2,0,6,4,4,33,-6,43.1,0,0,43.0,1,851,851,851,333,37,6,821,125,42,469,101,129,437,128,1386,832,731,614,82,500,1719,1222,316,35,1251,155,151,4,124,,39:19,1
2005-06,2548,Dwyane Wade,Dwyane,1610612748,MIA,Miami Heat,0040500306,2006-06-02T00:00:00,MIA vs. DET,W,37.36666666666667,6,15,0.4,0,1,0.0,2,2,1.0,1,3,4,10,3,1,1,0,2,3,14,11,36.8,1,0,32.0,1,1,1,1,415,351,255,896,587,709,587,530,647,1,478,615,647,25,164,274,157,1,542,471,478,217,265,1,4,315,,37:22,1
2005-06,1715,Jason Williams,Jason,1610612748,MIA,Miami Heat,0040500306,2006-06-02T00:00:00,MIA vs. DET,W,31.753333333333334,10,12,0.833,1,2,0.5,0,0,0.0,0,1,1,6,1,1,0,0,4,0,21,20,33.2,0,0,31.0,1,1,1,1,663,84,425,107,284,529,183,990,1042,990,896,1103,1241,97,614,274,500,1,1222,1252,222,69,344,151,4,346,,31:45,1
2005-06,2419,Tayshaun Prince,Tayshaun,1610612765,DET,Detroit Pistons,0040500306,2006-06-02T00:00:00,DET @ MIA,L,38.49166666666667,3,9,0.333,2,4,0.5,2,2,1.0,3,4,7,1,0,2,0,1,0,1,10,-17,25.9,0,0,24.0,1,851,851,851,376,742,639,1051,125,234,183,530,647,1,128,431,284,731,1060,82,500,1178,1,926,683,1630,554,151,4,562,,38:30,1
2005-06,2617,Udonis Haslem,Udonis,1610612748,MIA,Miami Heat,0040500306,2006-06-02T00:00:00,MIA vs. DET,W,42.03333333333333,4,9,0.444,0,0,0.0,0,0,0.0,1,7,8,3,2,0,2,0,2,0,8,25,26.1,0,0,23.0,1,1,1,1,195,580,639,780,587,938,587,990,1042,990,478,144,214,335,358,742,67,1,542,1252,812,28,546,151,4,596,,42:02,1
2005-06,1497,Chauncey Billups,Chauncey,1610612765,DET,Detroit Pistons,0040500306,2006-06-02T00:00:00,DET @ MIA,L,40.63666666666666,3,14,0.214,0,3,0.0,3,4,0.75,0,5,5,8,2,0,0,0,2,4,9,-16,25.0,0,0,22.0,1,851,851,851,260,742,306,1301,587,362,587,405,399,566,896,311,510,49,358,742,500,1,542,316,763,1605,582,151,4,628,,40:38,1
2005-06,739,Rasheed Wallace,Rasheed,1610612765,DET,Detroit Pistons,0040500306,2006-06-02T00:00:00,DET @ MIA,L,41.70333333333333,4,12,0.333,2,5,0.4,0,0,0.0,1,7,8,2,1,0,0,0,3,0,10,-19,21.6,0,0,22.0,1,851,851,851,213,580,425,1051,125,141,327,990,1042,990,478,144,214,491,614,742,500,1,893,1252,683,1656,699,151,4,628,,41:42,1
2005-06,952,Antoine Walker,Antoine,1610612748,MIA,Miami Heat,0040500306,2006-06-02T00:00:00,MIA vs. DET,W,38.45,3,7,0.429,3,5,0.6,2,2,1.0,0,4,4,2,0,0,0,0,1,5,11,14,18.8,0,0,20.0,1,1,1,1,378,742,786,821,57,141,149,530,647,1,896,431,647,491,1060,742,500,1,248,217,622,146,806,151,4,704,,38:27,1
2005-06,1112,Ben Wallace,Ben,1610612765,DET,Detroit Pistons,0040500306,2006-06-02T00:00:00,DET @ MIA,L,31.183333333333334,2,5,0.4,0,0,0.0,3,4,0.75,3,4,7,1,0,0,0,1,1,4,7,-12,16.9,0,0,15.0,1,851,851,851,689,933,962,896,587,938,587,405,399,566,128,431,284,731,1060,742,500,1178,248,316,897,1528,883,151,4,904,,31:11,1
2005-06,1899,James Posey,James,1610612748,MIA,Miami Heat,0040500306,2006-06-02T00:00:00,MIA vs. DET,W,24.096666666666668,1,5,0.2,1,5,0.2,0,0,0.0,0,11,11,0,0,0,0,0,1,0,3,4,16.2,0,0,15.0,1,1,1,1,966,1118,962,1304,284,141,535,990,1042,990,896,30,82,1087,1060,742,500,1,248,1252,1180,504,907,151,4,904,,24:06,1
2005-06,960,Tony Delk,Tony,1610612765,DET,Detroit Pistons,0040500306,2006-06-02T00:00:00,DET @ MIA,L,15.4,3,7,0.429,0,1,0.0,1,2,0.5,2,1,3,0,0,0,0,0,1,3,7,-9,10.6,0,0,10.0,1,851,851,851,1224,742,786,821,587,709,587,793,647,768,252,1103,832,1087,1060,742,500,1,248,471,897,1409,1136,151,4,1125,,15:24,1
2005-06,686,Antonio McDyess,Antonio,1610612765,DET,Detroit Pistons,0040500306,2006-06-02T00:00:00,DET @ MIA,L,17.633333333333333,0,3,0.0,0,0,0.0,0,2,0.0,1,4,5,1,1,1,0,0,2,1,0,1,9.5,0,0,8.0,1,851,851,851,1157,1368,1167,1368,587,938,587,990,647,990,478,431,510,731,614,274,500,1,542,926,1439,689,1181,151,4,1212,,17:38,1
2005-06,56,Gary Payton,Gary,1610612748,MIA,Miami Heat,0040500306,2006-06-02T00:00:00,MIA vs. DET,W,18.946666666666665,2,5,0.4,0,2,0.0,2,2,1.0,0,0,0,0,1,1,0,0,2,1,6,-2,8.0,0,0,8.0,1,1,1,1,1119,933,962,896,587,529,587,530,647,1,896,1386,1473,1087,614,274,500,1,542,926,957,943,1248,151,4,1212,,18:57,1
2005-06,1000,Shandon Anderson,Shandon,1610612748,MIA,Miami Heat,0040500306,2006-06-02T00:00:00,MIA vs. DET,W,6.6883333333333335,1,2,0.5,1,1,1.0,0,0,0.0,0,2,2,0,0,0,0,0,0,0,3,1,5.4,0,0,6.0,1,1,1,1,1479,1118,1280,488,284,709,1,990,1042,990,896,827,1021,1087,1060,742,500,1,1,1252,1180,689,1351,151,4,1292,,6:41,1
2005-06,297,Alonzo Mourning,Alonzo,1610612748,MIA,Miami Heat,0040500306,2006-06-02T00:00:00,MIA vs. DET,W,6.82,0,1,0.0,0,0,0.0,1,2,0.5,1,1,2,0,0,0,1,0,3,1,1,3,6.4,0,0,5.0,1,1,1,1,1474,1368,1422,1368,587,938,587,793,647,768,478,1103,1021,1087,1060,742,157,1,893,926,1415,567,1304,151,4,1338,,6:49,1
2005-06,283,Lindsey Hunter,Lindsey,1610612765,DET,Detroit Pistons,0040500306,2006-06-02T00:00:00,DET @ MIA,L,9.863333333333333,0,3,0.0,0,1,0.0,2,2,1.0,0,1,1,1,1,0,0,1,2,3,2,-4,3.7,0,0,4.0,1,851,851,851,1386,1368,1167,1368,587,709,587,530,647,1,896,1103,1241,731,614,742,500,1178,542,471,1253,1108,1434,151,4,1384,,9:52,1
2005-06,2230,Maurice Evans,Maurice,1610612765,DET,Detroit Pistons,0040500306,2006-06-02T00:00:00,DET @ MIA,L,5.78,0,0,0.0,0,0,0.0,0,0,0.0,0,0,0,0,0,0,0,0,1,0,0,-3,0.0,0,0,0.0,1,851,851,851,1508,1368,1565,1368,587,938,587,990,1042,990,896,1386,1473,1087,1060,742,500,1,248,1252,1439,1032,1605,151,4,1610,,5:47,1
2005-06,1717,Dirk Nowitzki,Dirk,1610612742,DAL,Dallas Mavericks,0040500315,2006-06-01T00:00:00,DAL vs. PHX,W,43.483333333333334,14,26,0.538,5,6,0.833,17,18,0.944,1,11,12,3,1,1,0,0,2,10,50,22,70.9,1,0,72.0,1,1,1,1,140,11,12,446,5,84,82,3,8,405,478,30,60,335,614,274,500,1,542,24,1,48,4,1,4,2,,43:29,1
2005-06,959,Steve Nash,Steve,1610612756,PHX,Phoenix Suns,0040500315,2006-06-01T00:00:00,PHX @ DAL,L,39.11666666666667,5,17,0.294,1,6,0.167,9,9,1.0,0,6,6,11,3,1,1,2,3,9,20,-9,46.7,1,0,42.0,1,851,851,851,346,456,166,1188,284,84,562,49,93,1,896,208,386,12,164,274,157,1566,893,40,258,1409,111,1,4,136,,39:07,1
2005-06,2572,Josh Howard,Josh,1610612742,DAL,Dallas Mavericks,0040500315,2006-06-01T00:00:00,DAL vs. PHX,W,31.116666666666667,9,15,0.6,2,5,0.4,3,4,0.75,1,6,7,2,3,2,1,0,5,5,23,15,40.4,0,0,40.0,1,1,1,1,694,116,255,311,125,141,327,405,399,566,478,208,284,491,164,82,157,1,1489,217,173,124,190,151,4,161,,31:07,1
2005-06,1501,Tim Thomas,Tim,1610612756,PHX,Phoenix Suns,0040500315,2006-06-01T00:00:00,PHX @ DAL,L,41.46666666666667,9,14,0.643,6,8,0.75,2,2,1.0,0,3,3,1,1,0,0,0,5,4,26,-12,30.1,0,0,36.0,1,851,851,851,219,116,306,259,3,19,93,530,647,1,896,615,832,731,614,742,500,1,1489,316,118,1528,421,151,4,228,,41:28,1
2005-06,1890,Shawn Marion,Shawn,1610612756,PHX,Phoenix Suns,0040500315,2006-06-01T00:00:00,PHX @ DAL,L,38.36666666666667,9,13,0.692,1,3,0.333,1,1,1.0,0,10,10,0,1,1,0,0,5,2,20,-13,34.0,1,0,33.0,1,851,851,851,380,116,359,192,284,362,369,793,974,1,896,44,114,1087,614,274,500,1,1489,675,258,1559,318,1,4,291,,38:22,1
2005-06,2564,Boris Diaw,Boris,1610612756,PHX,Phoenix Suns,0040500315,2006-06-01T00:00:00,PHX @ DAL,L,38.865,6,14,0.429,1,1,1.0,3,4,0.75,4,5,9,1,3,1,2,2,4,4,16,-14,34.3,0,0,33.0,1,851,851,851,356,351,306,821,284,709,1,405,399,566,55,311,161,731,164,274,67,1566,1222,316,399,1574,313,151,4,291,,38:52,1
2005-06,1891,Jason Terry,Jason,1610612742,DAL,Dallas Mavericks,0040500315,2006-06-01T00:00:00,DAL vs. PHX,W,33.555,6,13,0.462,1,2,0.5,1,2,0.5,2,1,3,9,3,0,1,0,5,4,14,16,31.1,0,0,29.0,1,1,1,1,593,351,359,732,284,529,183,793,647,768,252,1103,832,34,164,742,157,1,1489,316,478,106,391,151,4,401,,33:33,1
2005-06,711,Jerry Stackhouse,Jerry,1610612742,DAL,Dallas Mavericks,0040500315,2006-06-01T00:00:00,DAL vs. PHX,W,38.95666666666666,7,18,0.389,1,3,0.333,1,2,0.5,2,1,3,5,2,0,0,1,2,1,16,18,25.1,0,0,25.0,1,1,1,1,351,269,129,958,284,362,369,793,647,768,252,1103,832,141,358,742,500,1178,542,926,399,91,580,151,4,532,,38:57,1
2005-06,2205,DeSagana Diop,DeSagana,1610612742,DAL,Dallas Mavericks,0040500315,2006-06-01T00:00:00,DAL vs. PHX,W,29.733333333333334,3,5,0.6,0,0,0.0,1,1,1.0,5,4,9,1,0,1,2,1,2,2,7,10,28.3,0,0,23.0,1,1,1,1,740,742,962,311,587,938,587,793,974,1,26,431,161,731,1060,274,67,1178,542,675,897,252,474,151,4,596,,29:44,1
2005-06,2571,Leandro Barbosa,Leandro,1610612756,PHX,Phoenix Suns,0040500315,2006-06-01T00:00:00,PHX @ DAL,L,29.235,5,12,0.417,0,0,0.0,4,4,1.0,0,1,1,3,1,0,0,0,3,2,14,-18,18.7,0,0,18.0,1,851,851,851,756,456,425,871,587,938,587,284,399,1,896,1103,1241,335,614,742,500,1,893,675,478,1648,812,151,4,772,,29:14,1
2005-06,1559,Adrian Griffin,Adrian,1610612742,DAL,Dallas Mavericks,0040500315,2006-06-01T00:00:00,DAL vs. PHX,W,23.39666666666667,0,3,0.0,0,0,0.0,0,0,0.0,1,6,7,3,0,1,1,1,2,1,0,13,18.9,0,0,14.0,1,1,1,1,989,1368,1167,1368,587,938,587,990,1042,990,478,208,284,335,1060,274,157,1178,542,926,1439,166,801,151,4,939,,23:24,1
2005-06,2734,Devin Harris,Devin,1610612742,DAL,Dallas Mavericks,0040500315,2006-06-01T00:00:00,DAL vs. PHX,W,18.44333333333333,1,3,0.333,0,0,0.0,1,1,1.0,3,2,5,1,0,0,0,0,3,2,3,-1,10.5,0,0,9.0,1,1,1,1,1134,1118,1167,1051,587,938,587,793,974,1,128,827,510,731,1060,742,500,1,893,675,1180,859,1144,151,4,1164,,18:27,1
2005-06,1952,Raja Bell,Raja,1610612756,PHX,Phoenix Suns,0040500315,2006-06-01T00:00:00,PHX @ DAL,L,28.933333333333334,1,5,0.2,1,4,0.25,0,0,0.0,2,0,2,3,0,0,0,1,4,2,3,1,9.9,0,0,9.0,1,851,851,851,768,1118,962,1304,284,234,480,990,1042,990,252,1386,1021,335,1060,742,500,1178,1222,675,1180,689,1173,151,4,1164,,28:56,1
2005-06,2592,James Jones,James,1610612756,PHX,Phoenix Suns,0040500315,2006-06-01T00:00:00,PHX @ DAL,L,13.833333333333334,1,1,1.0,0,0,0.0,0,0,0.0,0,3,3,1,1,0,1,0,1,0,2,-8,9.1,0,0,8.0,1,851,851,851,1269,1118,1422,1,587,938,587,990,1042,990,896,615,832,731,614,742,157,1,248,1252,1253,1363,1204,151,4,1212,,13:50,1
2005-06,1496,Keith Van Horn,Keith,1610612742,DAL,Dallas Mavericks,0040500315,2006-06-01T00:00:00,DAL vs. PHX,W,15.316666666666666,2,4,0.5,0,0,0.0,0,0,0.0,1,2,3,0,0,0,0,0,1,0,4,-1,7.6,0,0,7.0,1,1,1,1,1227,933,1052,488,587,938,587,990,1042,990,478,827,832,1087,1060,742,500,1,248,1252,1100,859,1264,151,4,1252,,15:19,1
2005-06,2067,Eddie House,Eddie,1610612756,PHX,Phoenix Suns,0040500315,2006-06-01T00:00:00,PHX @ DAL,L,10.183333333333334,0,3,0.0,0,2,0.0,0,0,0.0,0,1,1,1,0,0,0,0,0,0,0,-7,2.7,0,0,2.0,1,851,851,851,1375,1368,1167,1368,587,529,587,990,1042,990,896,1103,1241,731,1060,742,500,1,1,1252,1439,1313,1482,151,4,1498,,10:11,1
2005-06,2605,Marquis Daniels,Marquis,1610612742,DAL,Dallas Mavericks,0040500315,2006-06-01T00:00:00,DAL vs. PHX,W,0.91,0,0,0.0,0,0,0.0,0,0,0.0,0,0,0,0,0,0,0,0,0,0,0,-3,0.0,0,0,0.0,1,1,1,1,1670,1368,1565,1368,587,938,587,990,1042,990,896,1386,1473,1087,1060,742,500,1,1,1252,1439,1032,1605,151,4,1610,,0:55,1
2005-06,2694,Josh Powell,Josh,1610612742,DAL,Dallas Mavericks,0040500315,2006-06-01T00:00:00,DAL vs. PHX,W,0.91,0,1,0.0,0,0,0.0,0,0,0.0,0,0,0,0,0,0,0,1,0,0,0,-3,0.0,0,0,0.0,1,1,1,1,1670,1368,1422,1368,587,938,587,990,1042,990,896,1386,1473,1087,1060,742,500,1178,1,1252,1439,1032,1605,151,4,1610,,0:55,1
2005-06,353,Darrell Armstrong,Darrell,1610612742,DAL,Dallas Mavericks,0040500315,2006-06-01T00:00:00,DAL vs. PHX,W,4.178333333333334,0,1,0.0,0,1,0.0,0,0,0.0,0,0,0,0,0,0,0,0,1,0,0,-6,0.0,0,0,0.0,1,1,1,1,1561,1368,1422,1368,587,709,587,990,1042,990,896,1386,1473,1087,1060,742,500,1,248,1252,1439,1251,1605,151,4,1610,,4:11,1
2005-06,2419,Tayshaun Prince,Tayshaun,1610612765,DET,Detroit Pistons,0040500305,2006-05-31T00:00:00,DET vs. MIA,W,43.11666666666667,11,17,0.647,2,5,0.4,5,5,1.0,2,5,7,3,0,1,1,0,1,4,29,17,47.9,0,0,45.0,1,1,1,1,161,62,166,257,125,141,327,203,332,1,252,311,284,335,1060,274,157,1,248,316,83,98,93,151,4,107,,43:07,1
2005-06,2548,Dwyane Wade,Dwyane,1610612748,MIA,Miami Heat,0040500305,2006-05-31T00:00:00,MIA @ DET,L,44.641666666666666,11,20,0.55,0,3,0.0,1,3,0.333,0,3,3,4,5,2,3,1,3,5,23,-5,42.6,0,0,40.0,1,851,851,851,109,62,82,429,587,362,587,793,561,943,896,615,832,208,36,82,25,1178,893,217,173,1189,161,151,4,161,,44:39,1
2005-06,1497,Chauncey Billups,Chauncey,1610612765,DET,Detroit Pistons,0040500305,2006-05-31T00:00:00,DET vs. MIA,W,41.93333333333333,3,12,0.25,0,4,0.0,11,11,1.0,2,3,5,10,1,0,0,0,3,6,17,10,37.0,1,0,32.0,1,1,1,1,196,742,425,1236,587,234,587,28,50,1,252,615,510,25,614,742,500,1,893,145,353,252,259,1,4,315,,41:56,1
2005-06,1888,Richard Hamilton,Richard,1610612765,DET,Detroit Pistons,0040500305,2006-05-31T00:00:00,DET vs. MIA,W,38.03333333333333,7,21,0.333,0,0,0.0,2,2,1.0,3,7,10,2,4,1,1,6,3,5,16,14,33.0,1,0,32.0,1,1,1,1,394,269,67,1051,587,938,587,530,647,1,128,144,114,491,71,274,157,1719,893,217,399,146,348,1,4,315,,38:02,1
2005-06,406,Shaquille O'Neal,Shaquille,1610612748,MIA,Miami Heat,0040500305,2006-05-31T00:00:00,MIA @ DET,L,30.95,9,15,0.6,0,0,0.0,1,5,0.2,3,3,6,0,5,0,3,1,3,6,19,-5,30.2,0,0,31.0,1,851,851,851,701,116,255,311,587,938,587,793,332,981,128,615,386,1087,36,742,25,1178,893,145,298,1189,418,151,4,346,,30:57,1
2005-06,952,Antoine Walker,Antoine,1610612748,MIA,Miami Heat,0040500305,2006-05-31T00:00:00,MIA @ DET,L,36.833333333333336,4,12,0.333,2,7,0.286,0,0,0.0,3,5,8,4,3,1,0,1,4,0,10,-5,25.6,0,0,26.0,1,851,851,851,439,580,425,1051,125,42,469,990,1042,990,128,311,214,208,164,274,500,1178,1222,1252,683,1189,562,151,4,498,,36:50,1
2005-06,1112,Ben Wallace,Ben,1610612765,DET,Detroit Pistons,0040500305,2006-05-31T00:00:00,DET vs. MIA,W,34.458333333333336,3,4,0.75,0,0,0.0,2,4,0.5,4,3,7,0,0,2,3,1,3,6,8,-3,31.4,0,0,25.0,1,1,1,1,551,742,1052,133,587,938,587,530,399,768,55,615,284,1087,1060,82,25,1178,893,145,812,1032,381,151,4,532,,34:28,1
2005-06,2617,Udonis Haslem,Udonis,1610612748,MIA,Miami Heat,0040500305,2006-05-31T00:00:00,MIA @ DET,L,31.4,5,14,0.357,0,1,0.0,0,3,0.0,4,6,10,2,0,0,0,0,4,2,10,-19,25.0,1,0,22.0,1,851,851,851,677,456,306,1032,587,709,587,990,561,990,55,208,114,491,1060,742,500,1,1222,675,683,1656,582,1,4,628,,31:24,1
2005-06,739,Rasheed Wallace,Rasheed,1610612765,DET,Detroit Pistons,0040500305,2006-05-31T00:00:00,DET vs. MIA,W,41.11666666666667,3,11,0.273,0,4,0.0,1,2,0.5,0,5,5,1,3,1,2,0,3,2,7,11,20.5,0,0,19.0,1,1,1,1,236,742,490,1223,587,234,587,793,647,768,896,311,510,731,164,274,67,1,893,675,897,217,735,151,4,745,,41:07,1
2005-06,686,Antonio McDyess,Antonio,1610612765,DET,Detroit Pistons,0040500305,2006-05-31T00:00:00,DET vs. MIA,W,18.683333333333334,5,5,1.0,0,0,0.0,2,2,1.0,2,4,6,0,1,0,0,0,3,2,12,14,18.2,0,0,18.0,1,1,1,1,1124,456,962,1,587,938,587,530,647,1,252,431,386,1087,614,742,500,1,893,675,571,146,835,151,4,772,,18:41,1
2005-06,1715,Jason Williams,Jason,1610612748,MIA,Miami Heat,0040500305,2006-05-31T00:00:00,MIA @ DET,L,28.891666666666666,2,7,0.286,1,4,0.25,1,1,1.0,0,4,4,6,0,0,0,1,3,0,6,-6,19.8,0,0,17.0,1,851,851,851,772,933,786,1192,284,234,480,793,974,1,896,431,647,97,1060,742,500,1178,893,1252,957,1251,760,151,4,827,,28:54,1
2005-06,1899,James Posey,James,1610612748,MIA,Miami Heat,0040500305,2006-05-31T00:00:00,MIA @ DET,L,30.366666666666667,2,4,0.5,1,2,0.5,0,0,0.0,1,1,2,3,0,1,0,1,1,1,5,-8,14.9,0,0,13.0,1,851,851,851,718,933,1052,488,284,529,183,990,1042,990,478,1103,1021,335,1060,274,500,1178,248,926,1046,1363,956,151,4,985,,30:22,1
2005-06,283,Lindsey Hunter,Lindsey,1610612765,DET,Detroit Pistons,0040500305,2006-05-31T00:00:00,DET vs. MIA,W,19.758333333333333,1,6,0.167,0,2,0.0,0,0,0.0,0,1,1,3,0,3,0,0,3,0,2,6,16.7,0,0,12.0,1,1,1,1,1089,1118,878,1337,587,529,587,990,1042,990,896,1103,1241,335,1060,32,500,1,893,1252,1253,391,890,151,4,1038,,19:46,1
2005-06,297,Alonzo Mourning,Alonzo,1610612748,MIA,Miami Heat,0040500305,2006-05-31T00:00:00,MIA @ DET,L,14.258333333333333,1,2,0.5,0,0,0.0,3,6,0.5,2,3,5,0,0,0,1,1,2,4,5,0,14.0,0,0,12.0,1,851,851,851,1252,1118,1280,488,587,938,587,405,232,768,252,615,510,1087,1060,742,157,1178,542,316,1046,762,991,151,4,1038,,14:16,1
2005-06,56,Gary Payton,Gary,1610612748,MIA,Miami Heat,0040500305,2006-05-31T00:00:00,MIA @ DET,L,20.633333333333333,0,3,0.0,0,2,0.0,0,2,0.0,0,2,2,2,1,0,0,1,5,1,0,-13,4.4,0,0,4.0,1,851,851,851,1068,1368,1167,1368,587,529,587,990,647,990,896,827,1021,491,614,742,500,1178,1489,926,1439,1559,1394,151,4,1384,,20:38,1
2005-06,2230,Maurice Evans,Maurice,1610612765,DET,Detroit Pistons,0040500305,2006-05-31T00:00:00,DET vs. MIA,W,2.9,0,1,0.0,0,0,0.0,0,0,0.0,0,1,1,0,0,0,0,0,0,0,0,-4,1.2,0,0,1.0,1,1,1,1,1594,1368,1422,1368,587,938,587,990,1042,990,896,1103,1241,1087,1060,742,500,1,1,1252,1439,1108,1554,151,4,1557,,2:54,1
2005-06,1000,Shandon Anderson,Shandon,1610612748,MIA,Miami Heat,0040500305,2006-05-31T00:00:00,MIA @ DET,L,2.025,0,0,0.0,0,0,0.0,0,0,0.0,0,0,0,0,0,0,0,0,0,0,0,-4,0.0,0,0,0.0,1,851,851,851,1625,1368,1565,1368,587,938,587,990,1042,990,896,1386,1473,1087,1060,742,500,1,1,1252,1439,1108,1605,151,4,1610,,2:02,1
2005-06,1890,Shawn Marion,Shawn,1610612756,PHX,Phoenix Suns,0040500314,2006-05-30T00:00:00,PHX vs. DAL,W,37.416666666666664,6,11,0.545,1,1,1.0,2,4,0.5,4,4,8,2,1,3,3,0,2,2,15,14,44.6,0,0,38.0,1,1,1,1,414,351,490,433,284,709,1,530,399,768,55,431,214,491,614,32,25,1,542,675,442,146,135,151,4,188,,37:25,1
2005-06,2564,Boris Diaw,Boris,1610612756,PHX,Phoenix Suns,0040500314,2006-05-30T00:00:00,PHX vs. DAL,W,38.916666666666664,9,21,0.429,0,2,0.0,2,4,0.5,2,7,9,4,1,0,2,1,3,3,20,29,41.8,0,0,37.0,1,1,1,1,352,116,67,821,587,529,587,530,399,768,252,144,161,208,614,742,67,1178,893,471,258,12,169,151,4,208,,38:55,1
2005-06,2571,Leandro Barbosa,Leandro,1610612756,PHX,Phoenix Suns,0040500314,2006-05-30T00:00:00,PHX vs. DAL,W,33.81666666666667,10,13,0.769,4,6,0.667,0,0,0.0,0,4,4,2,1,1,0,0,4,2,24,19,33.8,0,0,36.0,1,1,1,1,579,84,359,130,17,84,108,990,1042,990,896,431,647,491,614,274,500,1,1222,675,149,76,325,151,4,228,,33:49,1
2005-06,959,Steve Nash,Steve,1610612756,PHX,Phoenix Suns,0040500314,2006-05-30T00:00:00,PHX vs. DAL,W,32.93333333333333,8,13,0.615,1,1,1.0,4,4,1.0,0,0,0,7,2,0,1,0,1,3,21,14,32.5,0,0,31.0,1,1,1,1,624,178,359,299,284,709,1,284,399,1,896,1386,1473,67,358,742,157,1,248,471,222,146,359,151,4,346,,32:56,1
2005-06,2572,Josh Howard,Josh,1610612742,DAL,Dallas Mavericks,0040500314,2006-05-30T00:00:00,DAL @ PHX,L,37.97666666666667,7,15,0.467,0,1,0.0,2,2,1.0,2,7,9,1,3,0,0,0,3,3,16,-15,25.3,0,0,26.0,1,851,851,851,396,269,255,724,587,709,587,530,647,1,252,144,161,731,164,742,500,1,893,471,399,1591,575,151,4,498,,37:59,1
2005-06,1717,Dirk Nowitzki,Dirk,1610612742,DAL,Dallas Mavericks,0040500314,2006-05-30T00:00:00,DAL @ PHX,L,33.093333333333334,3,13,0.231,1,1,1.0,4,5,0.8,1,6,7,2,2,1,0,2,3,6,11,-17,23.4,0,0,23.0,1,851,851,851,616,742,359,1294,284,709,1,284,332,518,478,208,284,491,358,274,500,1566,893,145,622,1630,626,151,4,596,,33:06,1
2005-06,1891,Jason Terry,Jason,1610612742,DAL,Dallas Mavericks,0040500314,2006-05-30T00:00:00,DAL @ PHX,L,33.10666666666667,4,11,0.364,2,4,0.5,3,4,0.75,1,1,2,0,2,2,0,0,1,4,13,-21,19.4,0,0,21.0,1,851,851,851,615,580,490,1010,125,234,183,405,399,566,478,1103,1021,1087,358,82,500,1,248,316,534,1675,779,151,4,659,,33:06,1
2005-06,1559,Adrian Griffin,Adrian,1610612742,DAL,Dallas Mavericks,0040500314,2006-05-30T00:00:00,DAL @ PHX,L,17.85,6,8,0.75,0,0,0.0,1,1,1.0,2,5,7,0,1,0,0,1,2,1,13,-8,20.4,0,0,20.0,1,851,851,851,1148,351,699,133,587,938,587,793,974,1,252,311,284,1087,614,742,500,1178,542,926,534,1363,736,151,4,704,,17:51,1
2005-06,2734,Devin Harris,Devin,1610612742,DAL,Dallas Mavericks,0040500314,2006-05-30T00:00:00,DAL @ PHX,L,28.583333333333332,4,9,0.444,0,1,0.0,2,4,0.5,0,1,1,5,2,1,0,2,3,2,10,-12,19.7,0,0,18.0,1,851,851,851,783,580,639,780,587,709,587,530,399,768,896,1103,1241,141,358,274,500,1566,893,675,683,1528,766,151,4,772,,28:35,1
2005-06,2592,James Jones,James,1610612756,PHX,Phoenix Suns,0040500314,2006-05-30T00:00:00,PHX vs. DAL,W,18.466666666666665,1,4,0.25,1,2,0.5,0,0,0.0,1,7,8,0,0,1,1,0,2,3,3,8,18.6,0,0,16.0,1,1,1,1,1133,1118,1052,1236,284,529,183,990,1042,990,478,144,214,1087,1060,274,157,1,542,471,1180,318,815,151,4,871,,18:28,1
2005-06,1952,Raja Bell,Raja,1610612756,PHX,Phoenix Suns,0040500314,2006-05-30T00:00:00,PHX vs. DAL,W,30.92,4,7,0.571,0,2,0.0,1,1,1.0,1,3,4,3,0,0,0,0,4,4,9,19,18.3,0,0,16.0,1,1,1,1,702,580,786,369,587,529,587,793,974,1,478,615,647,335,1060,742,500,1,1222,316,763,76,829,151,4,871,,30:55,1
2005-06,1496,Keith Van Horn,Keith,1610612742,DAL,Dallas Mavericks,0040500314,2006-05-30T00:00:00,DAL @ PHX,L,23.633333333333333,3,7,0.429,1,2,0.5,0,0,0.0,0,5,5,0,0,0,1,2,1,0,7,-10,16.0,0,0,15.0,1,851,851,851,980,742,786,821,284,529,183,990,1042,990,896,311,510,1087,1060,742,157,1566,248,1252,897,1457,912,151,4,904,,23:38,1
2005-06,711,Jerry Stackhouse,Jerry,1610612742,DAL,Dallas Mavericks,0040500314,2006-05-30T00:00:00,DAL @ PHX,L,24.743333333333332,4,10,0.4,0,2,0.0,2,2,1.0,0,1,1,2,2,0,0,1,4,4,10,-19,12.2,0,0,13.0,1,851,851,851,931,580,572,896,587,529,587,530,647,1,896,1103,1241,491,358,742,500,1178,1222,316,683,1656,1066,151,4,985,,24:45,1
2005-06,2067,Eddie House,Eddie,1610612756,PHX,Phoenix Suns,0040500314,2006-05-30T00:00:00,PHX vs. DAL,W,12.083333333333334,3,6,0.5,0,0,0.0,2,2,1.0,0,0,0,2,0,0,1,0,1,1,8,0,14.0,0,0,12.0,1,1,1,1,1319,742,878,488,587,938,587,530,647,1,896,1386,1473,491,1060,742,157,1,248,926,812,762,991,151,4,1038,,12:05,1
2005-06,2205,DeSagana Diop,DeSagana,1610612742,DAL,Dallas Mavericks,0040500314,2006-05-30T00:00:00,DAL @ PHX,L,20.313333333333333,1,1,1.0,0,0,0.0,0,0,0.0,3,2,5,0,1,1,1,0,2,0,2,-6,13.0,0,0,11.0,1,851,851,851,1077,1118,1422,1,587,938,587,990,1042,990,128,827,510,1087,614,274,157,1,542,1252,1253,1251,1034,151,4,1087,,20:19,1
2005-06,1501,Tim Thomas,Tim,1610612756,PHX,Phoenix Suns,0040500314,2006-05-30T00:00:00,PHX vs. DAL,W,25.38,2,2,1.0,0,0,0.0,1,4,0.25,1,2,3,1,2,0,0,0,4,3,5,8,8.1,0,0,9.0,1,1,1,1,909,933,1280,1,587,938,587,793,399,968,478,827,832,731,358,742,500,1,1222,471,1046,318,1247,151,4,1164,,25:23,1
2005-06,353,Darrell Armstrong,Darrell,1610612742,DAL,Dallas Mavericks,0040500314,2006-05-30T00:00:00,DAL @ PHX,L,5.783333333333333,1,4,0.25,0,2,0.0,0,0,0.0,0,1,1,0,0,0,0,0,1,0,2,5,3.2,0,0,3.0,1,851,851,851,1506,1118,1052,1236,587,529,587,990,1042,990,896,1103,1241,1087,1060,742,500,1,248,1252,1253,444,1451,151,4,1449,,5:47,1
2005-06,956,Erick Dampier,Erick,1610612742,DAL,Dallas Mavericks,0040500314,2006-05-30T00:00:00,DAL @ PHX,L,6.9,0,0,0.0,0,0,0.0,2,4,0.5,0,1,1,0,0,0,0,0,2,2,2,0,3.2,0,0,3.0,1,851,851,851,1471,1368,1565,1368,587,938,587,530,399,768,896,1103,1241,1087,1060,742,500,1,542,675,1253,762,1451,151,4,1449,,6:54,1
2005-06,2694,Josh Powell,Josh,1610612742,DAL,Dallas Mavericks,0040500314,2006-05-30T00:00:00,DAL @ PHX,L,1.4,0,0,0.0,0,0,0.0,0,0,0.0,1,0,1,1,0,0,0,0,0,0,0,3,2.7,0,0,2.0,1,851,851,851,1656,1368,1565,1368,587,938,587,990,1042,990,478,1386,1241,731,1060,742,500,1,1,1252,1439,567,1482,151,4,1498,,1:24,1
2005-06,703,Kurt Thomas,Kurt,1610612756,PHX,Phoenix Suns,0040500314,2006-05-30T00:00:00,PHX vs. DAL,W,5.783333333333333,0,0,0.0,0,0,0.0,1,2,0.5,0,1,1,0,0,0,0,0,2,1,1,-5,2.2,0,0,2.0,1,1,1,1,1506,1368,1565,1368,587,938,587,793,647,768,896,1103,1241,1087,1060,742,500,1,542,926,1415,1189,1512,151,4,1498,,5:47,1
2005-06,2605,Marquis Daniels,Marquis,1610612742,DAL,Dallas Mavericks,0040500314,2006-05-30T00:00:00,DAL @ PHX,L,6.616666666666666,0,1,0.0,0,0,0.0,0,0,0.0,1,0,1,0,1,0,0,0,0,1,0,0,0.2,0,0,1.0,1,851,851,851,1483,1368,1422,1368,587,938,587,990,1042,990,478,1386,1241,1087,614,742,500,1,1,926,1439,762,1599,151,4,1557,,6:37,1
2005-06,2401,Nikoloz Tskitishvili,Nikoloz,1610612756,PHX,Phoenix Suns,0040500314,2006-05-30T00:00:00,PHX vs. DAL,W,1.4,0,0,0.0,0,0,0.0,0,0,0.0,0,0,0,0,0,0,0,0,0,0,0,-3,0.0,0,0,0.0,1,1,1,1,1656,1368,1565,1368,587,938,587,990,1042,990,896,1386,1473,1087,1060,742,500,1,1,1252,1439,1032,1605,151,4,1610,,1:24,1
2005-06,2469,Pat Burke,Pat,1610612756,PHX,Phoenix Suns,0040500314,2006-05-30T00:00:00,PHX vs. DAL,W,2.8833333333333333,0,2,0.0,0,1,0.0,0,0,0.0,0,0,0,0,0,0,0,1,0,0,0,-3,0.0,0,0,0.0,1,1,1,1,1596,1368,1280,1368,587,709,587,990,1042,990,896,1386,1473,1087,1060,742,500,1178,1,1252,1439,1032,1605,151,4,1610,,2:53,1
2005-06,2548,Dwyane Wade,Dwyane,1610612748,MIA,Miami Heat,0040500304,2006-05-29T00:00:00,MIA vs. DET,W,44.315,8,11,0.727,0,0,0.0,15,19,0.789,0,6,6,5,2,2,2,1,1,10,31,8,55.7,0,0,50.0,1,1,1,1,118,178,490,170,587,938,587,8,5,554,896,208,386,141,358,82,67,1178,248,24,55,318,46,151,4,60,,44:19,1
2005-06,406,Shaquille O'Neal,Shaquille,1610612748,MIA,Miami Heat,0040500304,2006-05-29T00:00:00,MIA vs. DET,W,36.416666666666664,8,12,0.667,0,0,0.0,5,15,0.333,2,7,9,0,3,1,1,0,2,9,21,16,34.8,0,0,34.0,1,1,1,1,457,178,425,197,587,938,587,203,18,943,252,144,161,1087,164,274,157,1,542,40,222,106,304,151,4,267,,36:25,1
2005-06,1497,Chauncey Billups,Chauncey,1610612765,DET,Detroit Pistons,0040500304,2006-05-29T00:00:00,DET @ MIA,L,39.775,6,12,0.5,0,2,0.0,2,4,0.5,1,1,2,7,2,3,0,0,5,2,14,-11,33.9,0,0,29.0,1,851,851,851,300,351,425,488,587,529,587,530,399,768,478,1103,1021,67,358,32,500,1,1489,675,478,1501,321,151,4,401,,39:47,1
2005-06,2419,Tayshaun Prince,Tayshaun,1610612765,DET,Detroit Pistons,0040500304,2006-05-29T00:00:00,DET @ MIA,L,41.09,6,16,0.375,1,3,0.333,2,2,1.0,1,3,4,3,1,0,1,0,0,2,15,-9,26.3,0,0,25.0,1,851,851,851,237,351,208,980,284,362,369,530,647,1,478,615,647,335,614,742,157,1,1,675,442,1409,541,151,4,532,,41:05,1
2005-06,2617,Udonis Haslem,Udonis,1610612748,MIA,Miami Heat,0040500304,2006-05-29T00:00:00,MIA vs. DET,W,33.233333333333334,6,10,0.6,0,0,0.0,4,6,0.667,2,3,5,1,3,0,1,1,4,3,16,1,23.5,0,0,24.0,1,1,1,1,605,351,572,311,587,938,587,284,232,657,252,615,510,731,164,742,157,1178,1222,471,399,689,623,151,4,562,,33:14,1
2005-06,1899,James Posey,James,1610612748,MIA,Miami Heat,0040500304,2006-05-29T00:00:00,MIA vs. DET,W,30.766666666666666,2,4,0.5,2,4,0.5,1,2,0.5,0,6,6,1,1,2,0,0,2,2,7,15,20.7,0,0,20.0,1,1,1,1,707,933,1052,488,125,234,183,793,647,768,896,208,386,731,614,82,500,1,542,675,897,124,723,151,4,704,,30:46,1
2005-06,1112,Ben Wallace,Ben,1610612765,DET,Detroit Pistons,0040500304,2006-05-29T00:00:00,DET @ MIA,L,30.383333333333333,2,4,0.5,0,0,0.0,0,2,0.0,6,5,11,2,0,1,0,2,4,1,4,-8,23.2,0,0,19.0,1,851,851,851,717,933,1052,488,587,938,587,990,647,990,10,311,82,491,1060,274,500,1566,1222,926,1100,1363,636,151,4,745,,30:23,1
2005-06,739,Rasheed Wallace,Rasheed,1610612765,DET,Detroit Pistons,0040500304,2006-05-29T00:00:00,DET @ MIA,L,28.85,5,13,0.385,1,3,0.333,1,2,0.5,1,4,5,1,1,0,0,0,6,2,12,-9,18.5,0,0,19.0,1,851,851,851,774,456,359,965,284,362,369,793,647,768,478,431,510,731,614,742,500,1,1663,675,571,1409,818,151,4,745,,28:51,1
2005-06,952,Antoine Walker,Antoine,1610612748,MIA,Miami Heat,0040500304,2006-05-29T00:00:00,MIA vs. DET,W,35.15,2,5,0.4,1,4,0.25,2,3,0.667,0,6,6,4,2,0,0,0,5,4,7,5,18.2,0,0,18.0,1,1,1,1,507,933,962,896,284,234,480,530,561,657,896,208,386,208,358,742,500,1,1489,316,897,444,835,151,4,772,,35:09,1
2005-06,56,Gary Payton,Gary,1610612748,MIA,Miami Heat,0040500304,2006-05-29T00:00:00,MIA vs. DET,W,24.653333333333332,2,5,0.4,2,4,0.5,0,0,0.0,0,1,1,4,0,0,0,0,1,1,6,14,13.2,0,0,13.0,1,1,1,1,936,933,962,896,125,234,183,990,1042,990,896,1103,1241,208,1060,742,500,1,248,926,957,146,1025,151,4,985,,24:39,1
2005-06,283,Lindsey Hunter,Lindsey,1610612765,DET,Detroit Pistons,0040500304,2006-05-29T00:00:00,DET @ MIA,L,17.783333333333335,4,8,0.5,2,4,0.5,0,0,0.0,1,0,1,0,1,0,0,1,4,0,10,-3,10.2,0,0,13.0,1,851,851,851,1152,580,699,488,125,234,183,990,1042,990,478,1386,1241,1087,614,742,500,1178,1222,1252,683,1032,1156,151,4,985,,17:47,1
2005-06,1888,Richard Hamilton,Richard,1610612765,DET,Detroit Pistons,0040500304,2006-05-29T00:00:00,DET @ MIA,L,42.38166666666667,4,15,0.267,0,1,0.0,3,4,0.75,1,0,1,1,5,0,0,1,3,2,11,-9,8.7,0,0,13.0,1,851,851,851,183,580,255,1232,587,709,587,405,399,566,478,1386,1241,731,36,742,500,1178,893,675,622,1409,1221,151,4,985,,42:23,1
2005-06,2230,Maurice Evans,Maurice,1610612765,DET,Detroit Pistons,0040500304,2006-05-29T00:00:00,DET @ MIA,L,8.003333333333334,2,4,0.5,2,3,0.667,2,2,1.0,0,2,2,0,0,0,0,0,1,1,8,-1,10.4,0,0,12.0,1,851,851,851,1440,933,1052,488,125,362,108,530,647,1,896,827,1021,1087,1060,742,500,1,248,926,812,859,1145,151,4,1038,,8:00,1
2005-06,686,Antonio McDyess,Antonio,1610612765,DET,Detroit Pistons,0040500304,2006-05-29T00:00:00,DET @ MIA,L,22.35,1,3,0.333,0,0,0.0,0,2,0.0,2,5,7,0,0,0,1,0,5,4,2,-1,13.4,0,0,11.0,1,851,851,851,1026,1118,1167,1051,587,938,587,990,647,990,252,311,284,1087,1060,742,157,1,1489,316,1253,859,1018,151,4,1087,,22:21,1
2005-06,1715,Jason Williams,Jason,1610612748,MIA,Miami Heat,0040500304,2006-05-29T00:00:00,MIA vs. DET,W,27.451666666666668,0,4,0.0,0,3,0.0,0,0,0.0,0,0,0,2,1,2,0,0,1,0,0,-2,8.0,0,0,6.0,1,1,1,1,829,1368,1052,1368,587,362,587,990,1042,990,896,1386,1473,491,614,82,500,1,248,1252,1439,943,1248,151,4,1292,,27:27,1
2005-06,905,Dale Davis,Dale,1610612765,DET,Detroit Pistons,0040500304,2006-05-29T00:00:00,DET @ MIA,L,7.6466666666666665,0,2,0.0,0,0,0.0,2,4,0.5,1,2,3,0,0,0,0,1,2,4,2,-4,5.6,0,0,5.0,1,851,851,851,1449,1368,1280,1368,587,938,587,530,399,768,478,827,832,1087,1060,742,500,1178,542,316,1253,1108,1341,151,4,1338,,7:39,1
2005-06,297,Alonzo Mourning,Alonzo,1610612748,MIA,Miami Heat,0040500304,2006-05-29T00:00:00,MIA vs. DET,W,8.013333333333334,0,0,0.0,0,0,0.0,1,2,0.5,0,2,2,0,1,0,1,0,3,1,1,-2,5.4,0,0,5.0,1,1,1,1,1439,1368,1565,1368,587,938,587,793,647,768,896,827,1021,1087,614,742,157,1,893,926,1415,943,1351,151,4,1338,,8:01,1
2005-06,2568,Carlos Delfino,Carlos,1610612765,DET,Detroit Pistons,0040500304,2006-05-29T00:00:00,DET @ MIA,L,0.8683333333333333,0,0,0.0,0,0,0.0,0,0,0.0,0,0,0,0,0,0,0,0,0,1,0,0,0.0,0,0,0.0,1,851,851,851,1672,1368,1565,1368,587,938,587,990,1042,990,896,1386,1473,1087,1060,742,500,1,1,926,1439,762,1605,151,4,1610,,0:52,1
2005-06,960,Tony Delk,Tony,1610612765,DET,Detroit Pistons,0040500304,2006-05-29T00:00:00,DET @ MIA,L,0.8683333333333333,0,0,0.0,0,0,0.0,0,0,0.0,0,0,0,0,0,0,0,0,0,0,0,0,0.0,0,0,0.0,1,851,851,851,1672,1368,1565,1368,587,938,587,990,1042,990,896,1386,1473,1087,1060,742,500,1,1,1252,1439,762,1605,151,4,1610,,0:52,1
2005-06,1717,Dirk Nowitzki,Dirk,1610612742,DAL,Dallas Mavericks,0040500313,2006-05-28T00:00:00,DAL @ PHX,W,40.68333333333333,10,23,0.435,2,4,0.5,6,6,1.0,6,11,17,5,1,1,2,2,3,5,28,13,63.9,1,0,58.0,1,1,1,1,257,84,39,818,125,234,183,142,232,1,10,30,9,141,614,274,67,1566,893,217,94,166,21,1,4,19,,40:41,1
2005-06,2572,Josh Howard,Josh,1610612742,DAL,Dallas Mavericks,0040500313,2006-05-28T00:00:00,DAL @ PHX,W,43.75666666666667,9,22,0.409,2,5,0.4,2,2,1.0,4,8,12,2,1,3,0,1,3,1,22,7,47.4,1,0,44.0,1,1,1,1,131,116,55,890,125,141,327,530,647,1,55,100,60,491,614,32,500,1178,893,926,190,352,101,1,4,114,,43:45,1
2005-06,2564,Boris Diaw,Boris,1610612756,PHX,Phoenix Suns,0040500313,2006-05-28T00:00:00,PHX vs. DAL,L,37.30166666666667,10,22,0.455,0,1,0.0,0,0,0.0,3,3,6,4,5,0,3,1,4,1,20,-8,37.2,0,0,36.0,1,851,851,851,417,84,55,751,587,709,587,990,1042,990,128,615,386,208,36,742,25,1178,1222,926,258,1363,252,151,4,228,,37:18,1
2005-06,1501,Tim Thomas,Tim,1610612756,PHX,Phoenix Suns,0040500313,2006-05-28T00:00:00,PHX vs. DAL,L,36.08833333333333,4,8,0.5,3,5,0.6,3,4,0.75,0,10,10,1,2,0,3,0,6,3,14,-5,34.5,1,0,34.0,1,851,851,851,472,580,699,488,57,141,149,405,399,566,896,44,114,731,358,742,25,1,1663,471,478,1189,310,1,4,267,,36:05,1
2005-06,959,Steve Nash,Steve,1610612756,PHX,Phoenix Suns,0040500313,2006-05-28T00:00:00,PHX vs. DAL,L,36.833333333333336,9,18,0.5,3,7,0.429,0,0,0.0,0,1,1,7,4,0,1,0,1,3,21,-5,31.7,0,0,34.0,1,851,851,851,439,116,129,488,57,42,317,990,1042,990,896,1103,1241,67,71,742,157,1,248,471,222,1189,372,151,4,267,,36:50,1
2005-06,1890,Shawn Marion,Shawn,1610612756,PHX,Phoenix Suns,0040500313,2006-05-28T00:00:00,PHX vs. DAL,L,47.016666666666666,4,12,0.333,0,2,0.0,2,2,1.0,6,12,18,0,0,0,1,0,2,3,10,-7,34.6,1,0,30.0,1,851,851,851,48,580,425,1051,587,529,587,530,647,1,10,20,8,1087,1060,742,157,1,542,471,683,1313,307,1,4,374,,47:01,1
2005-06,1891,Jason Terry,Jason,1610612742,DAL,Dallas Mavericks,0040500313,2006-05-28T00:00:00,DAL @ PHX,W,38.59,9,20,0.45,0,3,0.0,1,1,1.0,0,2,2,2,1,2,0,1,3,3,19,6,29.4,0,0,27.0,1,1,1,1,361,116,82,774,587,362,587,793,974,1,896,827,1021,491,614,82,500,1178,893,471,298,391,442,151,4,472,,38:35,1
2005-06,2571,Leandro Barbosa,Leandro,1610612756,PHX,Phoenix Suns,0040500313,2006-05-28T00:00:00,PHX vs. DAL,L,41.416666666666664,6,14,0.429,1,1,1.0,4,5,0.8,0,3,3,0,1,0,0,3,2,3,17,-12,19.6,0,0,21.0,1,851,851,851,221,351,306,821,284,709,1,284,332,518,896,615,832,1087,614,742,500,1679,542,471,353,1528,768,151,4,659,,41:25,1
2005-06,2205,DeSagana Diop,DeSagana,1610612742,DAL,Dallas Mavericks,0040500313,2006-05-28T00:00:00,DAL @ PHX,W,25.1,2,4,0.5,0,0,0.0,0,0,0.0,3,3,6,0,0,1,1,0,0,1,4,-5,17.2,0,0,14.0,1,1,1,1,919,933,1052,488,587,938,587,990,1042,990,128,615,386,1087,1060,274,157,1,1,926,1100,1189,881,151,4,939,,25:06,1
2005-06,2734,Devin Harris,Devin,1610612742,DAL,Dallas Mavericks,0040500313,2006-05-28T00:00:00,DAL @ PHX,W,24.143333333333334,3,7,0.429,0,0,0.0,0,1,0.0,1,1,2,4,1,1,0,1,3,2,6,11,16.4,0,0,14.0,1,1,1,1,962,742,786,821,587,938,587,990,974,990,478,1103,1021,208,614,274,500,1178,893,675,957,217,898,151,4,939,,24:09,1
2005-06,2592,James Jones,James,1610612756,PHX,Phoenix Suns,0040500313,2006-05-28T00:00:00,PHX vs. DAL,L,29.19333333333333,1,5,0.2,0,1,0.0,2,2,1.0,3,3,6,1,0,0,1,0,1,2,4,4,15.7,0,0,13.0,1,851,851,851,758,1118,962,1304,587,709,587,530,647,1,128,615,386,731,1060,742,157,1,248,675,1100,504,926,151,4,985,,29:12,1
2005-06,711,Jerry Stackhouse,Jerry,1610612742,DAL,Dallas Mavericks,0040500313,2006-05-28T00:00:00,DAL @ PHX,W,31.173333333333332,2,8,0.25,0,1,0.0,3,6,0.5,1,1,2,2,0,0,1,1,1,3,7,1,15.4,0,0,13.0,1,1,1,1,691,933,699,1236,587,709,587,405,232,768,478,1103,1021,491,1060,742,157,1178,248,471,897,689,936,151,4,985,,31:10,1
2005-06,1496,Keith Van Horn,Keith,1610612742,DAL,Dallas Mavericks,0040500313,2006-05-28T00:00:00,DAL @ PHX,W,21.791666666666668,2,7,0.286,0,1,0.0,1,1,1.0,4,3,7,0,1,0,0,3,0,1,5,5,12.4,0,0,12.0,1,1,1,1,1041,933,786,1192,587,709,587,793,974,1,55,615,284,1087,614,742,500,1679,1,926,1046,444,1059,151,4,1038,,21:48,1
2005-06,353,Darrell Armstrong,Darrell,1610612742,DAL,Dallas Mavericks,0040500313,2006-05-28T00:00:00,DAL @ PHX,W,4.243333333333333,1,2,0.5,0,1,0.0,0,0,0.0,0,0,0,1,0,0,0,0,1,0,2,-4,3.5,0,0,3.0,1,1,1,1,1558,1118,1280,488,587,709,587,990,1042,990,896,1386,1473,731,1060,742,500,1,248,1252,1253,1108,1442,151,4,1449,,4:15,1
2005-06,2067,Eddie House,Eddie,1610612756,PHX,Phoenix Suns,0040500313,2006-05-28T00:00:00,PHX vs. DAL,L,12.15,1,3,0.333,0,2,0.0,0,0,0.0,0,1,1,0,0,0,0,0,0,1,2,-2,3.2,0,0,3.0,1,851,851,851,1318,1118,1167,1051,587,529,587,990,1042,990,896,1103,1241,1087,1060,742,500,1,1,926,1253,943,1451,151,4,1449,,12:09,1
2005-06,1559,Adrian Griffin,Adrian,1610612742,DAL,Dallas Mavericks,0040500313,2006-05-28T00:00:00,DAL @ PHX,W,10.518333333333333,1,2,0.5,0,0,0.0,0,0,0.0,0,0,0,0,0,0,0,0,2,0,2,1,2.0,0,0,2.0,1,1,1,1,1363,1118,1280,488,587,938,587,990,1042,990,896,1386,1473,1087,1060,742,500,1,542,1252,1253,689,1516,151,4,1498,,10:31,1
2005-06,2548,Dwyane Wade,Dwyane,1610612748,MIA,Miami Heat,0040500303,2006-05-27T00:00:00,MIA vs. DET,W,43.221666666666664,13,17,0.765,0,0,0.0,9,11,0.818,2,6,8,4,4,2,1,0,4,9,35,19,55.6,0,0,53.0,1,1,1,1,152,18,166,132,587,938,587,49,50,514,252,208,214,208,71,82,157,1,1222,40,25,76,47,151,4,43,,43:13,1
2005-06,406,Shaquille O'Neal,Shaquille,1610612748,MIA,Miami Heat,0040500303,2006-05-27T00:00:00,MIA vs. DET,W,36.833333333333336,11,15,0.733,0,0,0.0,5,10,0.5,6,6,12,0,4,2,0,0,2,9,27,7,43.4,1,0,43.0,1,1,1,1,439,62,255,168,587,938,587,203,66,768,10,208,60,1087,71,82,500,1,542,40,105,352,152,1,4,124,,36:50,1
2005-06,1497,Chauncey Billups,Chauncey,1610612765,DET,Detroit Pistons,0040500303,2006-05-27T00:00:00,DET @ MIA,L,45.233333333333334,11,17,0.647,4,5,0.8,5,6,0.833,1,1,2,3,1,0,1,0,1,4,31,-9,39.9,0,0,42.0,1,851,851,851,95,62,166,257,17,141,84,203,232,479,478,1103,1021,335,614,742,157,1,248,316,55,1409,199,151,4,136,,45:14,1
2005-06,952,Antoine Walker,Antoine,1610612748,MIA,Miami Heat,0040500303,2006-05-27T00:00:00,MIA vs. DET,W,38.57,5,11,0.455,1,3,0.333,0,0,0.0,1,3,4,4,4,2,0,2,4,0,11,19,23.8,0,0,24.0,1,1,1,1,363,456,490,751,284,362,369,990,1042,990,478,615,647,208,71,82,500,1566,1222,1252,622,76,613,151,4,562,,38:34,1
2005-06,1888,Richard Hamilton,Richard,1610612765,DET,Detroit Pistons,0040500303,2006-05-27T00:00:00,DET @ MIA,L,35.145,6,15,0.4,0,2,0.0,8,8,1.0,1,1,2,2,3,0,0,0,6,5,20,-18,22.4,0,0,24.0,1,851,851,851,508,351,255,896,587,529,587,69,129,1,478,1103,1021,491,164,742,500,1,1663,217,258,1648,658,151,4,562,,35:09,1
2005-06,739,Rasheed Wallace,Rasheed,1610612765,DET,Detroit Pistons,0040500303,2006-05-27T00:00:00,DET @ MIA,L,35.13333333333333,4,11,0.364,1,5,0.2,2,3,0.667,2,8,10,0,1,0,0,0,5,4,11,-4,22.0,1,0,22.0,1,851,851,851,510,580,490,1010,284,141,535,530,561,657,252,100,114,1087,614,742,500,1,1489,316,622,1108,683,1,4,628,,35:08,1
2005-06,2617,Udonis Haslem,Udonis,1610612748,MIA,Miami Heat,0040500303,2006-05-27T00:00:00,MIA vs. DET,W,35.43,5,10,0.5,0,0,0.0,0,0,0.0,1,6,7,1,1,0,0,0,4,1,10,9,18.9,0,0,18.0,1,1,1,1,497,456,572,488,587,938,587,990,1042,990,478,208,284,731,614,742,500,1,1222,926,683,285,801,151,4,772,,35:26,1
2005-06,686,Antonio McDyess,Antonio,1610612765,DET,Detroit Pistons,0040500303,2006-05-27T00:00:00,DET @ MIA,L,22.666666666666668,3,6,0.5,0,1,0.0,3,4,0.75,0,4,4,1,2,1,0,1,4,3,9,-7,16.3,0,0,16.0,1,851,851,851,1015,742,878,488,587,709,587,405,399,566,896,431,647,731,358,274,500,1178,1222,471,763,1313,903,151,4,871,,22:40,1
2005-06,2419,Tayshaun Prince,Tayshaun,1610612765,DET,Detroit Pistons,0040500303,2006-05-27T00:00:00,DET @ MIA,L,45.8,1,7,0.143,1,1,1.0,0,0,0.0,1,1,2,4,4,1,1,0,0,1,3,-15,13.4,0,0,14.0,1,851,851,851,76,1118,786,1351,284,709,1,990,1042,990,478,1103,1021,208,71,274,157,1,1,926,1180,1591,1018,151,4,939,,45:48,1
2005-06,1112,Ben Wallace,Ben,1610612765,DET,Detroit Pistons,0040500303,2006-05-27T00:00:00,DET @ MIA,L,33.91,0,1,0.0,0,0,0.0,2,10,0.2,2,4,6,1,1,2,0,0,3,6,2,-9,15.7,0,0,13.0,1,851,851,851,574,1368,1422,1368,587,938,587,530,66,981,252,431,386,731,614,82,500,1,893,145,1253,1409,926,151,4,985,,33:55,1
2005-06,1715,Jason Williams,Jason,1610612748,MIA,Miami Heat,0040500303,2006-05-27T00:00:00,MIA vs. DET,W,22.083333333333332,3,4,0.75,1,2,0.5,0,0,0.0,0,1,1,2,3,0,0,0,3,0,7,2,8.2,0,0,11.0,1,1,1,1,1033,742,1052,133,284,529,183,990,1042,990,896,1103,1241,491,164,742,500,1,893,1252,897,625,1243,151,4,1087,,22:05,1
2005-06,1899,James Posey,James,1610612748,MIA,Miami Heat,0040500303,2006-05-27T00:00:00,MIA vs. DET,W,26.416666666666668,1,2,0.5,0,1,0.0,2,2,1.0,1,3,4,0,0,1,0,0,2,1,4,9,11.8,0,0,10.0,1,1,1,1,878,1118,1280,488,587,709,587,530,647,1,478,615,647,1087,1060,274,500,1,542,926,1100,285,1080,151,4,1125,,26:25,1
2005-06,56,Gary Payton,Gary,1610612748,MIA,Miami Heat,0040500303,2006-05-27T00:00:00,MIA vs. DET,W,28.566666666666666,1,7,0.143,0,3,0.0,2,2,1.0,0,2,2,0,1,1,0,0,3,3,4,12,8.4,0,0,8.0,1,1,1,1,784,1118,786,1351,587,362,587,530,647,1,896,827,1021,1087,614,274,500,1,893,471,1100,186,1232,151,4,1212,,28:34,1
2005-06,960,Tony Delk,Tony,1610612765,DET,Detroit Pistons,0040500303,2006-05-27T00:00:00,DET @ MIA,L,10.085,1,4,0.25,0,1,0.0,2,2,1.0,1,0,1,0,0,1,0,1,1,3,4,2,8.2,0,0,7.0,1,851,851,851,1378,1118,1052,1236,587,709,587,530,647,1,478,1386,1241,1087,1060,274,500,1178,248,471,1100,625,1243,151,4,1252,,10:05,1
2005-06,297,Alonzo Mourning,Alonzo,1610612748,MIA,Miami Heat,0040500303,2006-05-27T00:00:00,MIA vs. DET,W,6.75,0,0,0.0,0,0,0.0,0,0,0.0,0,2,2,0,1,0,1,0,2,0,0,1,4.4,0,0,4.0,1,1,1,1,1476,1368,1565,1368,587,938,587,990,1042,990,896,827,1021,1087,614,742,157,1,542,1252,1439,689,1394,151,4,1384,,6:45,1
2005-06,283,Lindsey Hunter,Lindsey,1610612765,DET,Detroit Pistons,0040500303,2006-05-27T00:00:00,DET @ MIA,L,5.536666666666667,1,1,1.0,1,1,1.0,0,0,0.0,0,0,0,0,2,0,0,0,0,0,3,-5,1.0,0,0,4.0,1,851,851,851,1514,1118,1422,1,284,709,1,990,1042,990,896,1386,1473,1087,358,742,500,1,1,1252,1180,1189,1588,151,4,1384,,5:32,1
2005-06,2568,Carlos Delfino,Carlos,1610612765,DET,Detroit Pistons,0040500303,2006-05-27T00:00:00,DET @ MIA,L,2.2,0,2,0.0,0,0,0.0,0,0,0.0,0,0,0,0,0,0,0,0,1,0,0,0,0.0,0,0,0.0,1,851,851,851,1621,1368,1280,1368,587,938,587,990,1042,990,896,1386,1473,1087,1060,742,500,1,248,1252,1439,762,1605,151,4,1610,,2:12,1
2005-06,1507,Derek Anderson,Derek,1610612748,MIA,Miami Heat,0040500303,2006-05-27T00:00:00,MIA vs. DET,W,2.1283333333333334,0,1,0.0,0,0,0.0,0,0,0.0,0,0,0,0,0,0,0,0,2,0,0,-3,0.0,0,0,0.0,1,1,1,1,1623,1368,1422,1368,587,938,587,990,1042,990,896,1386,1473,1087,1060,742,500,1,542,1252,1439,1032,1605,151,4,1610,,2:08,1
2005-06,905,Dale Davis,Dale,1610612765,DET,Detroit Pistons,0040500303,2006-05-27T00:00:00,DET @ MIA,L,4.29,0,0,0.0,0,0,0.0,0,0,0.0,0,0,0,0,0,0,0,0,2,0,0,-10,0.0,0,0,0.0,1,851,851,851,1556,1368,1565,1368,587,938,587,990,1042,990,896,1386,1473,1087,1060,742,500,1,542,1252,1439,1457,1605,151,4,1610,,4:17,1
2005-06,1717,Dirk Nowitzki,Dirk,1610612742,DAL,Dallas Mavericks,0040500312,2006-05-26T00:00:00,DAL vs. PHX,W,44.071666666666665,12,21,0.571,0,0,0.0,6,8,0.75,2,12,14,6,1,1,0,1,0,7,30,12,57.8,1,0,52.0,1,1,1,1,125,37,67,369,587,938,587,142,129,566,252,20,32,97,614,274,500,1178,1,106,67,186,34,1,4,48,,44:04,1
2005-06,1890,Shawn Marion,Shawn,1610612756,PHX,Phoenix Suns,0040500312,2006-05-26T00:00:00,PHX @ DAL,L,42.1,9,20,0.45,1,3,0.333,0,0,0.0,4,15,19,2,1,3,0,0,3,2,19,-8,52.8,1,0,47.0,1,851,851,851,193,116,82,774,284,362,369,990,1042,990,55,2,5,491,614,32,500,1,893,675,298,1363,63,1,4,91,,42:06,1
2005-06,2564,Boris Diaw,Boris,1610612756,PHX,Phoenix Suns,0040500312,2006-05-26T00:00:00,PHX @ DAL,L,43.03333333333333,10,17,0.588,0,0,0.0,5,6,0.833,2,8,10,6,2,1,1,0,2,5,25,-1,50.0,1,0,45.0,1,851,851,851,166,84,166,353,587,938,587,203,232,479,252,100,114,97,358,274,157,1,542,217,130,859,83,1,4,107,,43:02,1
2005-06,2572,Josh Howard,Josh,1610612742,DAL,Dallas Mavericks,0040500312,2006-05-26T00:00:00,DAL vs. PHX,W,39.805,10,19,0.526,3,5,0.6,6,10,0.6,2,5,7,0,2,1,2,0,4,7,29,21,44.4,0,0,45.0,1,1,1,1,299,84,108,478,57,141,149,142,66,740,252,311,284,1087,358,274,67,1,1222,106,83,62,138,151,4,107,,39:48,1
2005-06,959,Steve Nash,Steve,1610612756,PHX,Phoenix Suns,0040500312,2006-05-26T00:00:00,PHX @ DAL,L,39.166666666666664,6,10,0.6,2,2,1.0,2,3,0.667,0,2,2,11,4,0,0,1,4,2,16,1,30.9,1,0,31.0,1,851,851,851,342,351,572,311,125,529,1,530,561,657,896,827,1021,12,71,742,500,1178,1222,675,399,689,395,1,4,346,,39:10,1
2005-06,1501,Tim Thomas,Tim,1610612756,PHX,Phoenix Suns,0040500312,2006-05-26T00:00:00,PHX @ DAL,L,40.26,8,18,0.444,4,10,0.4,0,0,0.0,0,1,1,0,1,1,0,2,6,0,20,-3,23.2,0,0,27.0,1,851,851,851,273,178,129,780,17,6,327,990,1042,990,896,1103,1241,1087,614,274,500,1566,1663,1252,258,1032,636,151,4,472,,40:16,1
2005-06,1891,Jason Terry,Jason,1610612742,DAL,Dallas Mavericks,0040500312,2006-05-26T00:00:00,DAL vs. PHX,W,42.12,6,15,0.4,0,1,0.0,6,7,0.857,0,4,4,4,1,0,0,0,1,4,18,3,27.8,0,0,26.0,1,1,1,1,190,351,255,896,587,709,587,142,195,459,896,431,647,208,614,742,500,1,248,316,328,567,488,151,4,498,,42:07,1
2005-06,2205,DeSagana Diop,DeSagana,1610612742,DAL,Dallas Mavericks,0040500312,2006-05-26T00:00:00,DAL vs. PHX,W,31.801666666666666,2,3,0.667,0,0,0.0,0,0,0.0,2,9,11,0,0,1,2,1,5,0,4,10,26.2,0,0,21.0,1,1,1,1,662,933,1167,197,587,938,587,990,1042,990,252,63,82,1087,1060,274,67,1178,1489,1252,1100,252,543,151,4,659,,31:48,1
2005-06,711,Jerry Stackhouse,Jerry,1610612742,DAL,Dallas Mavericks,0040500312,2006-05-26T00:00:00,DAL vs. PHX,W,28.733333333333334,3,7,0.429,1,2,0.5,4,5,0.8,2,5,7,2,3,0,0,1,0,3,11,6,19.4,0,0,21.0,1,1,1,1,779,742,786,821,284,529,183,284,332,518,252,311,284,491,164,742,500,1178,1,471,622,391,779,151,4,659,,28:44,1
2005-06,2592,James Jones,James,1610612756,PHX,Phoenix Suns,0040500312,2006-05-26T00:00:00,PHX @ DAL,L,22.723333333333333,1,2,0.5,0,0,0.0,1,2,0.5,1,2,3,0,0,0,6,1,3,3,3,2,24.6,0,0,18.0,1,851,851,851,1010,1118,1280,488,587,938,587,793,647,768,478,827,832,1087,1060,742,1,1178,893,471,1180,625,593,151,4,772,,22:43,1
2005-06,2571,Leandro Barbosa,Leandro,1610612756,PHX,Phoenix Suns,0040500312,2006-05-26T00:00:00,PHX @ DAL,L,38.56666666666667,3,15,0.2,2,6,0.333,0,0,0.0,0,2,2,4,1,1,0,0,5,0,8,-21,18.4,0,0,18.0,1,851,851,851,365,742,255,1304,125,84,369,990,1042,990,896,827,1021,208,614,274,500,1,1489,1252,812,1675,826,151,4,772,,38:34,1
2005-06,2734,Devin Harris,Devin,1610612742,DAL,Dallas Mavericks,0040500312,2006-05-26T00:00:00,DAL vs. PHX,W,24.336666666666666,4,7,0.571,0,1,0.0,1,4,0.25,0,1,1,2,1,1,0,1,0,2,9,-10,15.2,0,0,14.0,1,1,1,1,951,580,786,369,587,709,587,793,399,968,896,1103,1241,491,614,274,500,1178,1,675,763,1457,943,151,4,939,,24:20,1
2005-06,2067,Eddie House,Eddie,1610612756,PHX,Phoenix Suns,0040500312,2006-05-26T00:00:00,PHX @ DAL,L,14.15,3,7,0.429,1,2,0.5,0,0,0.0,0,2,2,0,0,0,0,0,1,0,7,-5,9.4,0,0,10.0,1,851,851,851,1256,742,786,821,284,529,183,990,1042,990,896,827,1021,1087,1060,742,500,1,248,1252,897,1189,1185,151,4,1125,,14:09,1
2005-06,1496,Keith Van Horn,Keith,1610612742,DAL,Dallas Mavericks,0040500312,2006-05-26T00:00:00,DAL vs. PHX,W,15.701666666666666,1,4,0.25,0,2,0.0,0,0,0.0,0,1,1,2,0,0,0,0,0,0,2,-7,6.2,0,0,5.0,1,1,1,1,1212,1118,1052,1236,587,529,587,990,1042,990,896,1103,1241,491,1060,742,500,1,1,1252,1253,1313,1311,151,4,1338,,15:42,1
2005-06,1559,Adrian Griffin,Adrian,1610612742,DAL,Dallas Mavericks,0040500312,2006-05-26T00:00:00,DAL vs. PHX,W,11.97,0,2,0.0,0,0,0.0,2,2,1.0,2,0,2,1,0,0,0,1,2,1,2,3,5.9,0,0,5.0,1,1,1,1,1322,1368,1280,1368,587,938,587,530,647,1,252,1386,1021,731,1060,742,500,1178,542,926,1253,567,1329,151,4,1338,,11:58,1
2005-06,2605,Marquis Daniels,Marquis,1610612742,DAL,Dallas Mavericks,0040500312,2006-05-26T00:00:00,DAL vs. PHX,W,1.46,0,2,0.0,0,0,0.0,0,0,0.0,1,0,1,0,0,0,0,2,0,0,0,-3,1.2,0,0,1.0,1,1,1,1,1654,1368,1280,1368,587,938,587,990,1042,990,478,1386,1241,1087,1060,742,500,1566,1,1252,1439,1032,1554,151,4,1557,,1:28,1
2005-06,2548,Dwyane Wade,Dwyane,1610612748,MIA,Miami Heat,0040500302,2006-05-25T00:00:00,MIA @ DET,L,46.266666666666666,11,20,0.55,2,4,0.5,8,8,1.0,1,6,7,5,9,2,1,1,2,7,32,-2,47.9,0,0,52.0,1,851,851,851,61,62,82,429,125,234,183,69,129,1,478,208,284,141,2,82,157,1178,542,106,43,943,93,151,4,48,,46:16,1
2005-06,406,Shaquille O'Neal,Shaquille,1610612748,MIA,Miami Heat,0040500302,2006-05-25T00:00:00,MIA @ DET,L,39.7,9,16,0.563,0,0,0.0,3,5,0.6,4,8,12,0,4,0,4,0,3,7,21,-10,43.4,1,0,41.0,1,851,851,851,305,116,208,404,587,938,587,405,332,740,55,100,60,1087,71,742,12,1,893,106,222,1457,152,1,4,146,,39:42,1
2005-06,2419,Tayshaun Prince,Tayshaun,1610612765,DET,Detroit Pistons,0040500302,2006-05-25T00:00:00,DET vs. MIA,W,39.21666666666667,10,20,0.5,1,4,0.25,3,5,0.6,6,5,11,3,2,0,1,2,0,4,24,5,42.7,1,0,41.0,1,1,1,1,337,84,82,488,284,234,480,405,332,740,10,311,82,335,358,742,157,1566,1,316,149,444,160,1,4,146,,39:13,1
2005-06,1888,Richard Hamilton,Richard,1610612765,DET,Detroit Pistons,0040500302,2006-05-25T00:00:00,DET vs. MIA,W,43.483333333333334,7,18,0.389,2,4,0.5,6,7,0.857,0,3,3,3,0,4,0,2,4,4,22,12,42.1,0,0,38.0,1,1,1,1,140,269,129,958,125,234,183,142,195,459,896,615,832,335,1060,5,500,1566,1222,316,190,186,164,151,4,188,,43:29,1
2005-06,1497,Chauncey Billups,Chauncey,1610612765,DET,Detroit Pistons,0040500302,2006-05-25T00:00:00,DET vs. MIA,W,39.645,5,13,0.385,1,5,0.2,7,7,1.0,0,2,2,8,6,2,0,2,3,7,18,9,32.4,0,0,33.0,1,1,1,1,311,456,359,965,284,141,535,101,195,1,896,827,1021,49,15,82,500,1566,893,106,328,285,360,151,4,291,,39:39,1
2005-06,739,Rasheed Wallace,Rasheed,1610612765,DET,Detroit Pistons,0040500302,2006-05-25T00:00:00,DET vs. MIA,W,38.515,6,12,0.5,2,6,0.333,2,2,1.0,0,7,7,3,3,1,0,0,6,1,16,13,28.9,0,0,30.0,1,1,1,1,372,351,425,488,125,84,369,530,647,1,896,144,284,335,164,274,500,1,1663,926,399,166,454,151,4,374,,38:31,1
2005-06,1112,Ben Wallace,Ben,1610612765,DET,Detroit Pistons,0040500302,2006-05-25T00:00:00,DET vs. MIA,W,36.74166666666667,4,4,1.0,0,0,0.0,1,2,0.5,3,9,12,3,3,1,1,0,3,6,9,5,30.9,0,0,28.0,1,1,1,1,443,580,1052,1,587,938,587,793,647,768,128,63,60,335,164,274,157,1,893,145,763,444,395,151,4,435,,36:45,1
2005-06,952,Antoine Walker,Antoine,1610612748,MIA,Miami Heat,0040500302,2006-05-25T00:00:00,MIA @ DET,L,41.263333333333335,3,12,0.25,1,7,0.143,4,4,1.0,1,3,4,2,3,2,0,1,3,4,11,-8,21.8,0,0,22.0,1,851,851,851,227,742,425,1236,284,42,577,284,399,1,478,615,647,491,164,82,500,1178,893,316,622,1363,691,151,4,628,,41:16,1
2005-06,56,Gary Payton,Gary,1610612748,MIA,Miami Heat,0040500302,2006-05-25T00:00:00,MIA @ DET,L,30.7,1,6,0.167,0,3,0.0,5,6,0.833,0,3,3,5,1,3,0,1,2,3,7,5,26.1,0,0,21.0,1,851,851,851,709,1118,878,1337,587,362,587,203,232,479,896,615,832,141,614,32,500,1178,542,471,897,444,546,151,4,659,,30:42,1
2005-06,1715,Jason Williams,Jason,1610612748,MIA,Miami Heat,0040500302,2006-05-25T00:00:00,MIA @ DET,L,25.561666666666667,3,8,0.375,1,5,0.2,0,0,0.0,0,1,1,3,0,0,0,0,1,1,7,-11,12.7,0,0,12.0,1,851,851,851,907,742,699,980,284,141,535,990,1042,990,896,1103,1241,335,1060,742,500,1,248,926,897,1501,1044,151,4,1038,,25:34,1
2005-06,297,Alonzo Mourning,Alonzo,1610612748,MIA,Miami Heat,0040500302,2006-05-25T00:00:00,MIA @ DET,L,10.436666666666667,1,2,0.5,0,0,0.0,0,0,0.0,2,4,6,1,0,0,1,0,3,0,2,-1,13.7,0,0,11.0,1,851,851,851,1366,1118,1280,488,587,938,587,990,1042,990,252,431,386,731,1060,742,157,1,893,1252,1253,859,1003,151,4,1087,,10:26,1
2005-06,1899,James Posey,James,1610612748,MIA,Miami Heat,0040500302,2006-05-25T00:00:00,MIA @ DET,L,24.243333333333332,2,4,0.5,2,3,0.667,0,0,0.0,1,2,3,0,0,0,0,0,5,3,6,8,9.6,0,0,11.0,1,851,851,851,955,933,1052,488,125,362,108,990,1042,990,478,827,832,1087,1060,742,500,1,1489,471,957,318,1178,151,4,1087,,24:15,1
2005-06,686,Antonio McDyess,Antonio,1610612765,DET,Detroit Pistons,0040500302,2006-05-25T00:00:00,DET vs. MIA,W,12.963333333333333,1,4,0.25,0,0,0.0,1,4,0.25,2,2,4,0,1,0,1,1,3,2,3,-10,9.8,0,0,9.0,1,1,1,1,1299,1118,1052,1236,587,938,587,793,399,968,252,827,647,1087,614,742,157,1178,893,675,1180,1457,1176,151,4,1164,,12:58,1
2005-06,2617,Udonis Haslem,Udonis,1610612748,MIA,Miami Heat,0040500302,2006-05-25T00:00:00,MIA @ DET,L,16.921666666666667,1,5,0.2,0,0,0.0,0,0,0.0,0,4,4,0,0,1,0,0,4,0,2,-2,9.8,0,0,8.0,1,851,851,851,1178,1118,962,1304,587,938,587,990,1042,990,896,431,647,1087,1060,274,500,1,1222,1252,1253,943,1176,151,4,1212,,16:55,1
2005-06,283,Lindsey Hunter,Lindsey,1610612765,DET,Detroit Pistons,0040500302,2006-05-25T00:00:00,DET vs. MIA,W,13.718333333333334,0,3,0.0,0,3,0.0,0,0,0.0,0,0,0,0,1,2,0,0,3,0,0,-16,5.0,0,0,4.0,1,1,1,1,1274,1368,1167,1368,587,362,587,990,1042,990,896,1386,1473,1087,614,82,500,1,893,1252,1439,1605,1364,151,4,1384,,13:43,1
2005-06,1000,Shandon Anderson,Shandon,1610612748,MIA,Miami Heat,0040500302,2006-05-25T00:00:00,MIA @ DET,L,4.906666666666666,0,0,0.0,0,0,0.0,0,0,0.0,0,0,0,0,1,0,1,0,1,0,0,1,2.0,0,0,2.0,1,851,851,851,1532,1368,1565,1368,587,938,587,990,1042,990,896,1386,1473,1087,614,742,157,1,248,1252,1439,689,1516,151,4,1498,,4:54,1
2005-06,960,Tony Delk,Tony,1610612765,DET,Detroit Pistons,0040500302,2006-05-25T00:00:00,DET vs. MIA,W,0.16,0,0,0.0,0,0,0.0,0,0,0.0,0,0,0,0,0,0,0,0,0,0,0,2,0.0,0,0,0.0,1,1,1,1,1709,1368,1565,1368,587,938,587,990,1042,990,896,1386,1473,1087,1060,742,500,1,1,1252,1439,625,1605,151,4,1610,,0:10,1
2005-06,905,Dale Davis,Dale,1610612765,DET,Detroit Pistons,0040500302,2006-05-25T00:00:00,DET vs. MIA,W,6.773333333333333,0,0,0.0,0,0,0.0,0,0,0.0,0,0,0,0,0,0,0,0,2,0,0,1,0.0,0,0,0.0,1,1,1,1,1475,1368,1565,1368,587,938,587,990,1042,990,896,1386,1473,1087,1060,742,500,1,542,1252,1439,689,1605,151,4,1610,,6:46,1
2005-06,2568,Carlos Delfino,Carlos,1610612765,DET,Detroit Pistons,0040500302,2006-05-25T00:00:00,DET vs. MIA,W,8.783333333333333,0,1,0.0,0,0,0.0,0,0,0.0,0,0,0,0,0,0,0,0,1,0,0,-1,0.0,0,0,0.0,1,1,1,1,1417,1368,1422,1368,587,938,587,990,1042,990,896,1386,1473,1087,1060,742,500,1,248,1252,1439,859,1605,151,4,1610,,8:47,1
2005-06,959,Steve Nash,Steve,1610612756,PHX,Phoenix Suns,0040500311,2006-05-24T00:00:00,PHX @ DAL,W,39.516666666666666,11,18,0.611,2,5,0.4,3,3,1.0,1,4,5,16,3,0,0,0,2,6,27,6,54.0,1,0,50.0,1,1,1,1,320,62,129,309,125,141,327,405,561,1,478,431,510,1,164,742,500,1,542,145,105,391,55,1,4,60,,39:31,1
2005-06,1890,Shawn Marion,Shawn,1610612756,PHX,Phoenix Suns,0040500311,2006-05-24T00:00:00,PHX @ DAL,W,39.263333333333335,10,15,0.667,0,1,0.0,4,4,1.0,4,9,13,0,3,3,3,0,3,2,24,6,54.6,1,0,49.0,1,1,1,1,336,84,255,197,587,709,587,284,399,1,55,63,45,1087,164,32,25,1,893,675,149,391,51,1,4,71,,39:16,1
2005-06,1717,Dirk Nowitzki,Dirk,1610612742,DAL,Dallas Mavericks,0040500311,2006-05-24T00:00:00,DAL vs. PHX,L,40.766666666666666,8,18,0.444,0,0,0.0,9,10,0.9,8,11,19,2,3,1,0,2,2,8,25,-14,50.8,1,0,48.0,1,851,851,851,253,178,129,780,587,938,587,49,66,419,2,30,5,491,164,274,500,1566,542,70,130,1574,80,1,4,79,,40:46,1
2005-06,2564,Boris Diaw,Boris,1610612756,PHX,Phoenix Suns,0040500311,2006-05-24T00:00:00,PHX @ DAL,W,38.28333333333333,13,23,0.565,0,0,0.0,8,10,0.8,4,2,6,2,3,1,1,1,4,10,34,5,47.2,0,0,46.0,1,1,1,1,385,18,39,400,587,938,587,69,66,518,55,827,386,491,164,274,157,1178,1222,24,29,444,105,151,4,101,,38:17,1
2005-06,2734,Devin Harris,Devin,1610612742,DAL,Dallas Mavericks,0040500311,2006-05-24T00:00:00,DAL vs. PHX,L,30.15,12,17,0.706,0,0,0.0,6,7,0.857,2,0,2,2,3,5,0,0,5,6,30,-17,47.4,0,0,44.0,1,851,851,851,726,37,166,186,587,938,587,142,195,459,252,1386,1021,491,164,3,500,1,1489,145,67,1630,101,151,4,114,,30:09,1
2005-06,1501,Tim Thomas,Tim,1610612756,PHX,Phoenix Suns,0040500311,2006-05-24T00:00:00,PHX @ DAL,W,34.333333333333336,5,11,0.455,2,3,0.667,5,6,0.833,1,6,7,0,1,2,0,0,5,3,17,16,30.4,0,0,30.0,1,1,1,1,557,456,490,751,125,362,108,203,232,479,478,208,284,1087,614,82,500,1,1489,471,353,106,406,151,4,374,,34:20,1
2005-06,711,Jerry Stackhouse,Jerry,1610612742,DAL,Dallas Mavericks,0040500311,2006-05-24T00:00:00,DAL vs. PHX,L,34.53333333333333,7,13,0.538,1,2,0.5,1,1,1.0,1,3,4,3,3,1,0,1,4,1,16,9,25.3,0,0,26.0,1,851,851,851,549,269,359,446,284,529,183,793,974,1,478,615,647,335,164,274,500,1178,1222,926,399,285,575,151,4,498,,34:32,1
2005-06,1891,Jason Terry,Jason,1610612742,DAL,Dallas Mavericks,0040500311,2006-05-24T00:00:00,DAL vs. PHX,L,39.89333333333333,6,17,0.353,1,5,0.2,2,2,1.0,0,4,4,3,3,1,0,0,4,1,15,-6,24.3,0,0,25.0,1,851,851,851,297,351,166,1039,284,141,535,530,647,1,896,431,647,335,164,274,500,1,1222,926,442,1251,600,151,4,532,,39:54,1
2005-06,1496,Keith Van Horn,Keith,1610612742,DAL,Dallas Mavericks,0040500311,2006-05-24T00:00:00,DAL vs. PHX,L,23.051666666666666,3,11,0.273,1,7,0.143,0,0,0.0,2,3,5,0,0,0,1,1,3,0,7,-1,16.0,0,0,15.0,1,851,851,851,1001,742,490,1223,284,42,577,990,1042,990,252,615,510,1087,1060,742,157,1178,893,1252,897,859,912,151,4,904,,23:03,1
2005-06,1559,Adrian Griffin,Adrian,1610612742,DAL,Dallas Mavericks,0040500311,2006-05-24T00:00:00,DAL vs. PHX,L,26.906666666666666,2,3,0.667,0,0,0.0,0,0,0.0,1,5,6,2,2,1,0,0,3,1,4,0,15.2,0,0,14.0,1,851,851,851,857,933,1167,197,587,938,587,990,1042,990,478,311,386,491,358,274,500,1,893,926,1100,762,943,151,4,939,,26:54,1
2005-06,956,Erick Dampier,Erick,1610612742,DAL,Dallas Mavericks,0040500311,2006-05-24T00:00:00,DAL vs. PHX,L,16.7,3,4,0.75,0,0,0.0,0,0,0.0,3,2,5,1,0,0,0,0,2,0,6,10,13.5,0,0,12.0,1,851,851,851,1185,742,1052,133,587,938,587,990,1042,990,128,827,510,731,1060,742,500,1,542,1252,957,252,1013,151,4,1038,,16:42,1
2005-06,2571,Leandro Barbosa,Leandro,1610612756,PHX,Phoenix Suns,0040500311,2006-05-24T00:00:00,PHX @ DAL,W,34.7,1,7,0.143,0,3,0.0,1,4,0.25,2,1,3,3,4,1,0,0,2,2,3,4,10.1,0,0,11.0,1,1,1,1,536,1118,786,1351,587,362,587,793,399,968,252,1103,832,335,71,274,500,1,542,675,1180,504,1167,151,4,1087,,34:42,1
2005-06,1952,Raja Bell,Raja,1610612756,PHX,Phoenix Suns,0040500311,2006-05-24T00:00:00,PHX @ DAL,W,35.2,3,5,0.6,1,1,1.0,1,2,0.5,0,1,1,0,0,0,0,1,3,3,8,-7,9.2,0,0,10.0,1,1,1,1,504,742,962,311,284,709,1,793,647,768,896,1103,1241,1087,1060,742,500,1178,893,471,812,1313,1193,151,4,1125,,35:12,1
2005-06,2605,Marquis Daniels,Marquis,1610612742,DAL,Dallas Mavericks,0040500311,2006-05-24T00:00:00,DAL vs. PHX,L,14.498333333333333,3,4,0.75,0,0,0.0,3,3,1.0,1,0,1,0,2,0,0,0,0,2,9,5,8.2,0,0,10.0,1,851,851,851,1245,742,1052,133,587,938,587,405,561,1,478,1386,1241,1087,358,742,500,1,1,675,763,444,1243,151,4,1125,,14:30,1
2005-06,2067,Eddie House,Eddie,1610612756,PHX,Phoenix Suns,0040500311,2006-05-24T00:00:00,PHX @ DAL,W,8.483333333333333,3,5,0.6,0,2,0.0,0,0,0.0,0,1,1,2,1,0,0,0,1,0,6,-3,9.2,0,0,9.0,1,1,1,1,1429,742,962,311,587,529,587,990,1042,990,896,1103,1241,491,614,742,500,1,248,1252,957,1032,1193,151,4,1164,,8:29,1
2005-06,2572,Josh Howard,Josh,1610612742,DAL,Dallas Mavericks,0040500311,2006-05-24T00:00:00,DAL vs. PHX,L,5.983333333333333,3,4,0.75,0,1,0.0,0,0,0.0,0,0,0,0,0,0,0,0,1,1,6,-3,6.0,0,0,6.0,1,851,851,851,1501,742,1052,133,587,709,587,990,1042,990,896,1386,1473,1087,1060,742,500,1,248,926,957,1032,1321,151,4,1292,,5:59,1
2005-06,2592,James Jones,James,1610612756,PHX,Phoenix Suns,0040500311,2006-05-24T00:00:00,PHX @ DAL,W,10.22,1,1,1.0,0,0,0.0,0,0,0.0,0,2,2,1,0,0,0,0,0,0,2,-12,5.9,0,0,5.0,1,1,1,1,1373,1118,1422,1,587,938,587,990,1042,990,896,827,1021,731,1060,742,500,1,1,1252,1253,1528,1329,151,4,1338,,10:13,1
2005-06,353,Darrell Armstrong,Darrell,1610612742,DAL,Dallas Mavericks,0040500311,2006-05-24T00:00:00,DAL vs. PHX,L,7.516666666666667,0,2,0.0,0,1,0.0,0,0,0.0,0,2,2,0,0,0,1,0,2,0,0,2,5.4,0,0,4.0,1,851,851,851,1453,1368,1280,1368,587,709,587,990,1042,990,896,827,1021,1087,1060,742,157,1,542,1252,1439,625,1351,151,4,1384,,7:31,1
2005-06,2548,Dwyane Wade,Dwyane,1610612748,MIA,Miami Heat,0040500301,2006-05-23T00:00:00,MIA @ DET,W,26.71,9,11,0.818,0,0,0.0,7,9,0.778,0,3,3,5,5,2,1,0,4,7,25,3,40.1,0,0,39.0,1,1,1,1,864,116,490,110,587,938,587,101,93,558,896,615,832,141,36,82,157,1,1222,106,130,567,195,151,4,175,,26:43,1
2005-06,1888,Richard Hamilton,Richard,1610612765,DET,Detroit Pistons,0040500301,2006-05-23T00:00:00,DET vs. MIA,L,41.178333333333335,9,22,0.409,1,3,0.333,3,3,1.0,1,3,4,3,3,0,1,5,5,1,22,-11,31.3,0,0,32.0,1,851,851,851,231,116,55,890,284,362,369,405,561,1,478,615,647,335,164,742,157,1715,1489,926,190,1501,383,151,4,315,,41:11,1
2005-06,1112,Ben Wallace,Ben,1610612765,DET,Detroit Pistons,0040500301,2006-05-23T00:00:00,DET vs. MIA,L,39.461666666666666,3,3,1.0,0,0,0.0,0,2,0.0,3,11,14,3,0,3,0,0,2,4,6,-9,36.3,0,0,29.0,1,851,851,851,322,742,1167,1,587,938,587,990,647,990,128,30,32,335,1060,32,500,1,542,316,957,1409,270,151,4,401,,39:28,1
2005-06,1497,Chauncey Billups,Chauncey,1610612765,DET,Detroit Pistons,0040500301,2006-05-23T00:00:00,DET vs. MIA,L,39.43333333333333,6,19,0.316,2,8,0.25,5,5,1.0,0,1,1,7,1,0,0,1,3,3,19,-3,29.7,0,0,29.0,1,851,851,851,324,351,108,1157,125,19,480,203,332,1,896,1103,1241,67,614,742,500,1178,893,471,298,1032,432,151,4,401,,39:26,1
2005-06,952,Antoine Walker,Antoine,1610612748,MIA,Miami Heat,0040500301,2006-05-23T00:00:00,MIA @ DET,W,37.55,6,12,0.5,2,6,0.333,3,6,0.5,0,7,7,1,3,1,0,0,3,3,17,8,26.9,0,0,29.0,1,1,1,1,412,351,425,488,125,84,369,405,232,768,896,144,284,731,164,274,500,1,893,471,353,318,525,151,4,401,,37:33,1
2005-06,2419,Tayshaun Prince,Tayshaun,1610612765,DET,Detroit Pistons,0040500301,2006-05-23T00:00:00,DET vs. MIA,L,40.443333333333335,5,13,0.385,1,3,0.333,5,6,0.833,3,3,6,2,2,0,0,0,2,4,16,-9,24.2,0,0,25.0,1,851,851,851,265,456,359,965,284,362,369,203,232,479,128,615,386,491,358,742,500,1,542,316,399,1409,601,151,4,532,,40:27,1
2005-06,406,Shaquille O'Neal,Shaquille,1610612748,MIA,Miami Heat,0040500301,2006-05-23T00:00:00,MIA @ DET,W,29.166666666666668,6,12,0.5,0,0,0.0,2,4,0.5,5,3,8,1,5,0,1,1,4,5,14,-5,23.1,0,0,25.0,1,1,1,1,759,351,425,488,587,938,587,530,399,768,26,615,214,731,36,742,157,1178,1222,217,478,1189,639,151,4,532,,29:10,1
2005-06,56,Gary Payton,Gary,1610612748,MIA,Miami Heat,0040500301,2006-05-23T00:00:00,MIA @ DET,W,34.733333333333334,6,8,0.75,2,3,0.667,0,0,0.0,0,3,3,1,0,0,1,0,1,0,14,1,22.1,0,0,22.0,1,1,1,1,533,351,699,133,125,362,108,990,1042,990,896,615,832,731,1060,742,157,1,248,1252,478,689,672,151,4,628,,34:44,1
2005-06,1715,Jason Williams,Jason,1610612748,MIA,Miami Heat,0040500301,2006-05-23T00:00:00,MIA @ DET,W,31.523333333333333,5,7,0.714,0,2,0.0,0,0,0.0,0,4,4,3,1,0,0,0,1,0,10,7,18.3,0,0,17.0,1,1,1,1,673,456,786,178,587,529,587,990,1042,990,896,431,647,335,614,742,500,1,248,1252,683,352,829,151,4,827,,31:31,1
2005-06,297,Alonzo Mourning,Alonzo,1610612748,MIA,Miami Heat,0040500301,2006-05-23T00:00:00,MIA @ DET,W,16.433333333333334,3,3,1.0,0,0,0.0,0,0,0.0,0,4,4,0,0,1,2,0,1,0,6,14,19.8,0,0,16.0,1,1,1,1,1190,742,1167,1,587,938,587,990,1042,990,896,431,647,1087,1060,274,67,1,248,1252,957,146,760,151,4,871,,16:26,1
2005-06,686,Antonio McDyess,Antonio,1610612765,DET,Detroit Pistons,0040500301,2006-05-23T00:00:00,DET vs. MIA,L,23.9,3,7,0.429,0,0,0.0,4,4,1.0,1,3,4,0,0,1,0,0,1,5,10,-3,17.8,0,0,16.0,1,851,851,851,974,742,786,821,587,938,587,284,399,1,478,615,647,1087,1060,274,500,1,248,217,683,1032,857,151,4,871,,23:54,1
2005-06,2617,Udonis Haslem,Udonis,1610612748,MIA,Miami Heat,0040500301,2006-05-23T00:00:00,MIA @ DET,W,37.665,0,7,0.0,0,0,0.0,0,0,0.0,0,9,9,0,1,1,1,0,5,1,0,-1,15.8,0,0,13.0,1,1,1,1,408,1368,786,1368,587,938,587,990,1042,990,896,63,161,1087,614,274,157,1,1489,926,1439,859,922,151,4,985,,37:40,1
2005-06,1899,James Posey,James,1610612748,MIA,Miami Heat,0040500301,2006-05-23T00:00:00,MIA @ DET,W,18.951666666666668,1,3,0.333,1,2,0.5,2,2,1.0,0,5,5,2,0,0,0,0,2,1,5,-2,14.0,0,0,13.0,1,1,1,1,1118,1118,1167,1051,284,529,183,530,647,1,896,311,510,491,1060,742,500,1,542,926,1046,943,991,151,4,985,,18:57,1
2005-06,739,Rasheed Wallace,Rasheed,1610612765,DET,Detroit Pistons,0040500301,2006-05-23T00:00:00,DET vs. MIA,L,32.05,3,10,0.3,1,4,0.25,0,0,0.0,0,3,3,0,0,1,0,0,3,2,7,0,13.6,0,0,13.0,1,851,851,851,655,742,572,1178,284,234,480,990,1042,990,896,615,832,1087,1060,274,500,1,893,675,897,762,1007,151,4,985,,32:03,1
2005-06,283,Lindsey Hunter,Lindsey,1610612765,DET,Detroit Pistons,0040500301,2006-05-23T00:00:00,DET vs. MIA,L,12.505,1,7,0.143,0,3,0.0,2,2,1.0,1,0,1,0,0,2,0,0,1,2,4,5,11.2,0,0,9.0,1,851,851,851,1309,1118,786,1351,587,362,587,530,647,1,478,1386,1241,1087,1060,82,500,1,248,675,1100,444,1106,151,4,1164,,12:30,1
2005-06,2230,Maurice Evans,Maurice,1610612765,DET,Detroit Pistons,0040500301,2006-05-23T00:00:00,DET vs. MIA,L,4.956666666666667,1,1,1.0,0,0,0.0,0,0,0.0,0,0,0,0,0,0,0,0,0,0,2,6,2.0,0,0,2.0,1,851,851,851,1529,1118,1422,1,587,938,587,990,1042,990,896,1386,1473,1087,1060,742,500,1,1,1252,1253,391,1516,151,4,1498,,4:57,1
2005-06,960,Tony Delk,Tony,1610612765,DET,Detroit Pistons,0040500301,2006-05-23T00:00:00,DET vs. MIA,L,5.483333333333333,0,0,0.0,0,0,0.0,0,0,0.0,0,0,0,1,0,0,0,0,0,0,0,-3,1.5,0,0,1.0,1,851,851,851,1519,1368,1565,1368,587,938,587,990,1042,990,896,1386,1473,731,1060,742,500,1,1,1252,1439,1032,1539,151,4,1557,,5:29,1
2005-06,905,Dale Davis,Dale,1610612765,DET,Detroit Pistons,0040500301,2006-05-23T00:00:00,DET vs. MIA,L,0.5883333333333334,0,0,0.0,0,0,0.0,0,0,0.0,0,0,0,0,0,0,0,0,0,0,0,2,0.0,0,0,0.0,1,851,851,851,1687,1368,1565,1368,587,938,587,990,1042,990,896,1386,1473,1087,1060,742,500,1,1,1252,1439,625,1605,151,4,1610,,0:35,1
2005-06,1000,Shandon Anderson,Shandon,1610612748,MIA,Miami Heat,0040500301,2006-05-23T00:00:00,MIA @ DET,W,4.233333333333333,0,0,0.0,0,0,0.0,0,0,0.0,0,0,0,0,0,0,0,0,0,0,0,1,0.0,0,0,0.0,1,1,1,1,1559,1368,1565,1368,587,938,587,990,1042,990,896,1386,1473,1087,1060,742,500,1,1,1252,1439,689,1605,151,4,1610,,4:14,1
2005-06,1507,Derek Anderson,Derek,1610612748,MIA,Miami Heat,0040500301,2006-05-23T00:00:00,MIA @ DET,W,3.033333333333333,0,1,0.0,0,1,0.0,0,0,0.0,0,0,0,0,0,0,0,0,0,0,0,-1,0.0,0,0,0.0,1,1,1,1,1589,1368,1422,1368,587,709,587,990,1042,990,896,1386,1473,1087,1060,742,500,1,1,1252,1439,859,1605,151,4,1610,,3:02,1
2005-06,1495,Tim Duncan,Tim,1610612759,SAS,San Antonio Spurs,0040500227,2006-05-22T00:00:00,SAS vs. DAL,L,49.55,12,24,0.5,0,1,0.0,17,23,0.739,6,9,15,6,3,1,3,5,4,17,41,-7,77.0,1,0,70.0,1,851,851,851,20,37,25,488,587,709,587,3,3,639,10,63,19,97,164,274,25,1715,1222,1,8,1313,1,1,4,3,,49:33,1
2005-06,1717,Dirk Nowitzki,Dirk,1610612742,DAL,Dallas Mavericks,0040500227,2006-05-22T00:00:00,DAL @ SAS,W,49.56666666666667,11,20,0.55,0,1,0.0,15,16,0.938,2,13,15,3,0,1,1,1,3,11,37,0,65.5,1,0,59.0,1,1,1,1,19,62,82,429,587,709,587,8,15,407,252,14,19,335,1060,274,157,1178,893,16,16,762,14,1,4,17,,49:34,1
2005-06,1890,Shawn Marion,Shawn,1610612756,PHX,Phoenix Suns,0040500237,2006-05-22T00:00:00,PHX vs. LAC,W,45.0,12,20,0.6,5,9,0.556,1,1,1.0,2,7,9,0,0,1,2,0,3,1,30,20,49.8,0,0,50.0,1,1,1,1,99,37,82,311,5,10,182,793,974,1,252,144,161,1087,1060,274,67,1,893,926,67,69,85,151,4,60,,45:00,1
2005-06,959,Steve Nash,Steve,1610612756,PHX,Phoenix Suns,0040500237,2006-05-22T00:00:00,PHX vs. LAC,W,38.35,11,16,0.688,4,5,0.8,3,4,0.75,0,2,2,11,4,1,0,1,2,3,29,12,46.9,1,0,48.0,1,1,1,1,381,62,208,193,17,141,84,405,399,566,896,827,1021,12,71,274,500,1178,542,471,83,186,109,1,4,79,,38:21,1
2005-06,1882,Elton Brand,Elton,1610612746,LAC,Los Angeles Clippers,0040500237,2006-05-22T00:00:00,LAC @ PHX,L,47.91833333333334,16,26,0.615,0,0,0.0,4,4,1.0,7,2,9,1,1,0,1,1,2,4,36,-20,50.3,0,0,48.0,1,851,851,851,37,4,12,299,587,938,587,284,399,1,6,827,161,731,614,742,157,1178,542,316,18,1669,82,151,4,79,,47:55,1
2005-06,1938,Manu Ginobili,Manu,1610612759,SAS,San Antonio Spurs,0040500227,2006-05-22T00:00:00,SAS vs. DAL,L,42.11666666666667,6,11,0.545,2,3,0.667,9,9,1.0,0,2,2,2,4,3,2,0,5,8,23,-3,39.4,0,0,39.0,1,851,851,851,191,351,490,433,125,362,108,49,93,1,896,827,1021,491,71,32,67,1,1489,70,173,1032,209,151,4,175,,42:07,1
2005-06,1891,Jason Terry,Jason,1610612742,DAL,Dallas Mavericks,0040500227,2006-05-22T00:00:00,DAL @ SAS,W,48.766666666666666,9,20,0.45,3,6,0.5,6,6,1.0,1,5,6,1,1,1,0,3,1,3,27,13,37.7,0,0,39.0,1,1,1,1,25,116,82,774,57,84,183,142,232,1,478,311,386,731,614,274,500,1679,248,471,105,166,241,151,4,175,,48:46,1
2005-06,2225,Tony Parker,Tony,1610612759,SAS,San Antonio Spurs,0040500227,2006-05-22T00:00:00,SAS vs. DAL,L,44.70666666666666,9,18,0.5,0,0,0.0,6,6,1.0,0,4,4,5,1,1,1,0,5,3,24,-4,41.3,0,0,37.0,1,851,851,851,108,116,129,488,587,938,587,142,232,1,896,431,647,141,614,274,157,1,1489,471,149,1108,173,151,4,208,,44:42,1
2005-06,2564,Boris Diaw,Boris,1610612756,PHX,Phoenix Suns,0040500237,2006-05-22T00:00:00,PHX vs. LAC,W,39.166666666666664,6,10,0.6,0,0,0.0,2,2,1.0,4,4,8,5,3,2,1,0,4,4,14,20,37.1,0,0,33.0,1,1,1,1,342,351,572,311,587,938,587,530,647,1,55,431,214,141,164,82,157,1,1222,316,478,69,257,151,4,291,,39:10,1
2005-06,1894,Corey Maggette,Corey,1610612746,LAC,Los Angeles Clippers,0040500237,2006-05-22T00:00:00,LAC @ PHX,L,31.316666666666666,5,13,0.385,0,3,0.0,8,8,1.0,0,9,9,1,3,2,0,1,4,4,18,-10,33.3,0,0,32.0,1,851,851,851,683,456,359,965,587,362,587,69,129,1,896,63,161,731,164,82,500,1178,1222,316,328,1457,341,151,4,315,,31:19,1
2005-06,1501,Tim Thomas,Tim,1610612756,PHX,Phoenix Suns,0040500237,2006-05-22T00:00:00,PHX vs. LAC,W,41.833333333333336,5,11,0.455,2,6,0.333,4,4,1.0,1,5,6,6,1,0,0,0,5,3,16,18,31.2,0,0,30.0,1,1,1,1,202,456,490,751,125,84,369,284,399,1,478,311,386,97,614,742,500,1,1489,471,399,91,386,151,4,374,,41:50,1
2005-06,2572,Josh Howard,Josh,1610612742,DAL,Dallas Mavericks,0040500227,2006-05-22T00:00:00,DAL @ SAS,W,35.78333333333333,7,12,0.583,1,3,0.333,3,4,0.75,1,5,6,3,3,0,0,1,6,2,18,7,26.7,0,0,28.0,1,1,1,1,485,269,425,359,284,362,369,405,399,566,478,311,386,335,164,742,500,1178,1663,675,328,352,533,151,4,435,,35:47,1
2005-06,2571,Leandro Barbosa,Leandro,1610612756,PHX,Phoenix Suns,0040500237,2006-05-22T00:00:00,PHX vs. LAC,W,24.566666666666666,8,10,0.8,2,2,1.0,0,0,0.0,1,0,1,3,3,0,0,0,4,0,18,10,20.7,0,0,24.0,1,1,1,1,944,178,572,113,125,529,1,990,1042,990,478,1386,1241,335,164,742,500,1,1222,1252,328,252,723,151,4,562,,24:34,1
2005-06,1477,Bruce Bowen,Bruce,1610612759,SAS,San Antonio Spurs,0040500227,2006-05-22T00:00:00,SAS vs. DAL,L,47.76,4,9,0.444,1,5,0.2,0,0,0.0,0,3,3,1,0,1,3,0,5,1,9,-2,26.1,0,0,22.0,1,851,851,851,39,580,639,780,284,141,535,990,1042,990,896,615,832,731,1060,274,25,1,1489,926,763,943,546,151,4,628,,47:46,1
2005-06,1952,Raja Bell,Raja,1610612756,PHX,Phoenix Suns,0040500237,2006-05-22T00:00:00,PHX vs. LAC,W,35.5,3,7,0.429,1,2,0.5,3,4,0.75,0,2,2,6,1,1,0,1,4,4,10,13,23.4,0,0,21.0,1,1,1,1,494,742,786,821,284,529,183,405,399,566,896,827,1021,97,614,274,500,1178,1222,316,683,166,626,151,4,659,,35:30,1
2005-06,711,Jerry Stackhouse,Jerry,1610612742,DAL,Dallas Mavericks,0040500227,2006-05-22T00:00:00,DAL @ SAS,W,40.38333333333333,6,13,0.462,0,2,0.0,1,1,1.0,1,1,2,6,1,0,0,1,2,2,13,7,23.4,0,0,21.0,1,1,1,1,269,351,359,732,587,529,587,793,974,1,478,1103,1021,97,614,742,500,1178,542,675,534,352,626,151,4,659,,40:23,1
2005-06,714,Michael Finley,Michael,1610612759,SAS,San Antonio Spurs,0040500227,2006-05-22T00:00:00,SAS vs. DAL,L,46.733333333333334,4,8,0.5,3,7,0.429,1,1,1.0,0,5,5,1,1,0,0,0,4,2,12,-5,18.5,0,0,21.0,1,851,851,851,57,580,699,488,57,42,317,793,974,1,896,311,510,731,614,742,500,1,1222,675,571,1189,818,151,4,659,,46:44,1
2005-06,208,Sam Cassell,Sam,1610612746,LAC,Los Angeles Clippers,0040500237,2006-05-22T00:00:00,LAC @ PHX,L,39.266666666666666,4,11,0.364,0,0,0.0,3,4,0.75,0,1,1,6,3,1,0,1,2,6,11,-16,21.2,0,0,20.0,1,851,851,851,335,580,490,1010,587,938,587,405,399,566,896,1103,1241,97,164,274,500,1178,542,145,622,1605,708,151,4,704,,39:16,1
2005-06,1749,Cuttino Mobley,Cuttino,1610612746,LAC,Los Angeles Clippers,0040500237,2006-05-22T00:00:00,LAC @ PHX,L,39.31666666666667,4,10,0.4,0,1,0.0,2,2,1.0,0,5,5,0,0,2,0,0,2,1,10,-17,22.0,0,0,19.0,1,851,851,851,332,580,572,896,587,709,587,530,647,1,896,311,510,1087,1060,82,500,1,542,926,683,1630,683,151,4,745,,39:19,1
2005-06,2733,Shaun Livingston,Shaun,1610612746,LAC,Los Angeles Clippers,0040500237,2006-05-22T00:00:00,LAC @ PHX,L,27.366666666666667,4,6,0.667,0,0,0.0,6,6,1.0,2,0,2,3,0,0,0,0,0,4,14,-16,20.9,0,0,19.0,1,851,851,851,835,580,878,197,587,938,587,142,232,1,252,1386,1021,335,1060,742,500,1,1,316,478,1605,719,151,4,745,,27:22,1
2005-06,2592,James Jones,James,1610612756,PHX,Phoenix Suns,0040500237,2006-05-22T00:00:00,PHX vs. LAC,W,15.583333333333334,3,6,0.5,1,3,0.333,3,4,0.75,1,3,4,1,0,0,0,0,0,2,10,7,16.3,0,0,16.0,1,1,1,1,1220,742,878,488,284,362,369,405,399,566,478,615,647,731,1060,742,500,1,1,675,683,352,903,151,4,871,,15:35,1
2005-06,1496,Keith Van Horn,Keith,1610612742,DAL,Dallas Mavericks,0040500227,2006-05-22T00:00:00,DAL @ SAS,W,13.283333333333333,3,7,0.429,3,5,0.6,0,0,0.0,0,2,2,0,1,0,1,1,6,1,9,-3,13.4,0,0,16.0,1,1,1,1,1281,742,786,821,57,141,149,990,1042,990,896,827,1021,1087,614,742,157,1178,1663,926,763,1032,1018,151,4,871,,13:17,1
2005-06,2205,DeSagana Diop,DeSagana,1610612742,DAL,Dallas Mavericks,0040500227,2006-05-22T00:00:00,DAL @ SAS,W,10.011666666666667,3,3,1.0,0,0,0.0,1,2,0.5,3,1,4,0,0,0,2,0,1,1,7,4,17.8,0,0,15.0,1,1,1,1,1381,742,1167,1,587,938,587,793,647,768,128,1103,647,1087,1060,742,67,1,248,926,897,504,857,151,4,904,,10:01,1
2005-06,2624,Quinton Ross,Quinton,1610612746,LAC,Los Angeles Clippers,0040500237,2006-05-22T00:00:00,LAC @ PHX,L,24.55,4,7,0.571,0,0,0.0,0,0,0.0,0,1,1,0,1,1,1,0,3,0,8,2,14.2,0,0,13.0,1,851,851,851,945,580,786,369,587,938,587,990,1042,990,896,1103,1241,1087,614,274,157,1,893,1252,812,625,982,151,4,985,,24:33,1
2005-06,2549,Chris Kaman,Chris,1610612746,LAC,Los Angeles Clippers,0040500237,2006-05-22T00:00:00,LAC @ PHX,L,19.75,4,4,1.0,0,0,0.0,2,2,1.0,2,1,3,0,3,0,0,0,3,3,10,-15,10.6,0,0,13.0,1,851,851,851,1090,580,1052,1,587,938,587,530,647,1,252,1103,832,1087,164,742,500,1,893,471,683,1591,1136,151,4,985,,19:45,1
2005-06,956,Erick Dampier,Erick,1610612742,DAL,Dallas Mavericks,0040500227,2006-05-22T00:00:00,DAL @ SAS,W,25.866666666666667,2,2,1.0,0,0,0.0,2,2,1.0,0,3,3,1,0,0,1,0,6,1,6,1,14.1,0,0,12.0,1,1,1,1,894,933,1280,1,587,938,587,530,647,1,896,615,832,731,1060,742,157,1,1663,926,957,689,988,151,4,1038,,25:52,1
2005-06,353,Darrell Armstrong,Darrell,1610612742,DAL,Dallas Mavericks,0040500227,2006-05-22T00:00:00,DAL @ SAS,W,7.983333333333333,0,1,0.0,0,0,0.0,0,0,0.0,1,0,1,1,0,1,0,1,2,0,0,2,5.7,0,0,4.0,1,1,1,1,1442,1368,1422,1368,587,938,587,990,1042,990,478,1386,1241,731,1060,274,500,1178,542,1252,1439,625,1337,151,4,1384,,7:59,1
2005-06,2209,Vladimir Radmanovic,Vladimir,1610612746,LAC,Los Angeles Clippers,0040500237,2006-05-22T00:00:00,LAC @ PHX,L,10.433333333333334,0,0,0.0,0,0,0.0,0,0,0.0,0,2,2,0,0,1,0,0,1,0,0,-8,5.4,0,0,4.0,1,851,851,851,1367,1368,1565,1368,587,938,587,990,1042,990,896,827,1021,1087,1060,274,500,1,248,1252,1439,1363,1351,151,4,1384,,10:26,1
2005-06,109,Robert Horry,Robert,1610612759,SAS,San Antonio Spurs,0040500227,2006-05-22T00:00:00,SAS vs. DAL,L,9.173333333333334,1,2,0.5,0,1,0.0,0,0,0.0,1,1,2,0,0,0,0,0,1,1,2,-2,4.4,0,0,4.0,1,851,851,851,1404,1118,1280,488,587,709,587,990,1042,990,478,1103,1021,1087,1060,742,500,1,248,926,1253,943,1394,151,4,1384,,9:10,1
2005-06,89,Nick Van Exel,Nick,1610612759,SAS,San Antonio Spurs,0040500227,2006-05-22T00:00:00,SAS vs. DAL,L,7.933333333333334,0,2,0.0,0,0,0.0,0,0,0.0,0,2,2,1,0,0,0,0,0,0,0,-4,3.9,0,0,3.0,1,851,851,851,1445,1368,1280,1368,587,938,587,990,1042,990,896,827,1021,731,1060,742,500,1,1,1252,1439,1108,1425,151,4,1449,,7:56,1
2005-06,699,Brent Barry,Brent,1610612759,SAS,San Antonio Spurs,0040500227,2006-05-22T00:00:00,SAS vs. DAL,L,17.026666666666667,0,2,0.0,0,2,0.0,0,0,0.0,0,1,1,0,1,0,1,0,1,0,0,-13,3.2,0,0,3.0,1,851,851,851,1176,1368,1280,1368,587,529,587,990,1042,990,896,1103,1241,1087,614,742,157,1,248,1252,1439,1559,1451,151,4,1449,,17:02,1
2005-06,2734,Devin Harris,Devin,1610612742,DAL,Dallas Mavericks,0040500227,2006-05-22T00:00:00,DAL @ SAS,W,33.09,1,3,0.333,0,0,0.0,0,0,0.0,0,1,1,0,5,0,0,2,5,4,2,7,-1.8,0,0,3.0,1,1,1,1,617,1118,1167,1051,587,938,587,990,1042,990,896,1103,1241,1087,36,742,500,1566,1489,316,1253,352,1720,151,4,1449,,33:05,1
2005-06,1559,Adrian Griffin,Adrian,1610612742,DAL,Dallas Mavericks,0040500227,2006-05-22T00:00:00,DAL @ SAS,W,0.265,0,0,0.0,0,0,0.0,0,0,0.0,0,1,1,0,0,0,0,0,0,0,0,2,1.2,0,0,1.0,1,1,1,1,1703,1368,1565,1368,587,938,587,990,1042,990,896,1103,1241,1087,1060,742,500,1,1,1252,1439,625,1554,151,4,1557,,0:16,1
2005-06,962,Walter McCarty,Walter,1610612746,LAC,Los Angeles Clippers,0040500237,2006-05-22T00:00:00,LAC @ PHX,L,0.08166666666666667,0,1,0.0,0,0,0.0,0,0,0.0,0,0,0,0,0,0,0,0,0,0,0,0,0.0,0,0,0.0,1,851,851,851,1711,1368,1422,1368,587,938,587,990,1042,990,896,1386,1473,1087,1060,742,500,1,1,1252,1439,762,1605,151,4,1610,,0:05,1
2005-06,2544,LeBron James,LeBron,1610612739,CLE,Cleveland Cavaliers,0040500207,2006-05-21T00:00:00,CLE @ DET,L,46.74666666666667,11,24,0.458,0,4,0.0,5,8,0.625,3,5,8,2,3,1,0,0,2,9,27,-16,39.6,0,0,39.0,1,851,851,851,56,62,25,748,587,234,587,203,129,725,128,311,214,491,164,274,500,1,542,40,105,1605,206,151,4,175,,46:45,1
2005-06,2419,Tayshaun Prince,Tayshaun,1610612765,DET,Detroit Pistons,0040500207,2006-05-21T00:00:00,DET vs. CLE,W,47.03,7,16,0.438,1,1,1.0,5,6,0.833,4,3,7,3,0,0,1,0,3,7,20,16,35.9,0,0,33.0,1,1,1,1,47,269,208,811,284,709,1,203,232,479,55,615,284,335,1060,742,157,1,893,106,258,106,281,151,4,291,,47:02,1
2005-06,1112,Ben Wallace,Ben,1610612765,DET,Detroit Pistons,0040500207,2006-05-21T00:00:00,DET vs. CLE,W,37.11333333333334,3,4,0.75,0,0,0.0,0,4,0.0,2,7,9,2,2,2,3,0,2,4,6,22,32.8,0,0,27.0,1,1,1,1,425,742,1052,133,587,938,587,990,399,990,252,144,161,491,358,82,25,1,542,316,957,48,352,151,4,472,,37:07,1
2005-06,1716,Larry Hughes,Larry,1610612739,CLE,Cleveland Cavaliers,0040500207,2006-05-21T00:00:00,CLE @ DET,L,25.633333333333333,2,6,0.333,1,1,1.0,5,6,0.833,1,5,6,5,2,2,0,1,3,3,10,-6,28.7,0,0,26.0,1,851,851,851,903,933,878,1051,284,709,1,203,232,479,478,311,386,141,358,82,500,1178,893,471,683,1251,463,151,4,498,,25:38,1
2005-06,1497,Chauncey Billups,Chauncey,1610612765,DET,Detroit Pistons,0040500207,2006-05-21T00:00:00,DET vs. CLE,W,44.105,4,10,0.4,1,5,0.2,3,4,0.75,0,8,8,3,3,1,0,0,2,4,12,16,26.1,0,0,26.0,1,1,1,1,124,580,572,896,284,141,535,405,399,566,896,100,214,335,164,274,500,1,542,316,571,106,546,151,4,498,,44:06,1
2005-06,1888,Richard Hamilton,Richard,1610612765,DET,Detroit Pistons,0040500207,2006-05-21T00:00:00,DET vs. CLE,W,34.94166666666667,5,10,0.5,0,2,0.0,5,8,0.625,0,4,4,2,3,1,1,0,4,5,15,21,25.8,0,0,25.0,1,1,1,1,521,456,572,488,587,529,587,203,129,725,896,431,647,491,164,274,157,1,1222,217,442,62,558,151,4,532,,34:57,1
2005-06,739,Rasheed Wallace,Rasheed,1610612765,DET,Detroit Pistons,0040500207,2006-05-21T00:00:00,DET vs. CLE,W,41.0,4,16,0.25,0,2,0.0,5,8,0.625,2,6,8,1,0,0,1,1,5,6,13,11,27.1,0,0,24.0,1,1,1,1,243,580,208,1236,587,529,587,203,129,725,252,208,214,731,1060,742,157,1178,1489,145,534,217,516,151,4,562,,41:00,1
2005-06,980,Zydrunas Ilgauskas,Zydrunas,1610612739,CLE,Cleveland Cavaliers,0040500207,2006-05-21T00:00:00,CLE @ DET,L,33.36666666666667,3,8,0.375,0,0,0.0,2,2,1.0,0,3,3,0,0,1,1,0,6,1,8,-17,17.6,0,0,15.0,1,851,851,851,600,742,699,980,587,938,587,530,647,1,896,615,832,1087,1060,274,157,1,1663,926,812,1630,865,151,4,904,,33:22,1
2005-06,686,Antonio McDyess,Antonio,1610612765,DET,Detroit Pistons,0040500207,2006-05-21T00:00:00,DET vs. CLE,W,16.916666666666668,3,4,0.75,0,0,0.0,0,2,0.0,3,5,8,0,0,0,0,0,2,1,6,1,15.6,0,0,14.0,1,1,1,1,1179,742,1052,133,587,938,587,990,647,990,128,311,214,1087,1060,742,500,1,542,926,957,689,930,151,4,939,,16:55,1
2005-06,283,Lindsey Hunter,Lindsey,1610612765,DET,Detroit Pistons,0040500207,2006-05-21T00:00:00,DET vs. CLE,W,13.203333333333333,3,5,0.6,1,3,0.333,0,0,0.0,2,2,4,0,1,0,0,0,4,1,7,8,10.8,0,0,12.0,1,1,1,1,1286,742,962,311,284,362,369,990,1042,990,252,827,647,1087,614,742,500,1,1222,926,897,318,1127,151,4,1038,,13:12,1
2005-06,2760,Anderson Varejao,Anderson,1610612739,CLE,Cleveland Cavaliers,0040500207,2006-05-21T00:00:00,CLE @ DET,L,15.383333333333333,2,4,0.5,0,0,0.0,2,3,0.667,1,1,2,0,0,1,0,0,5,3,6,-3,11.4,0,0,10.0,1,851,851,851,1225,933,1052,488,587,938,587,530,561,657,478,1103,1021,1087,1060,274,500,1,1489,471,957,1032,1096,151,4,1125,,15:23,1
2005-06,727,Eric Snow,Eric,1610612739,CLE,Cleveland Cavaliers,0040500207,2006-05-21T00:00:00,CLE @ DET,L,25.148333333333333,1,5,0.2,0,0,0.0,2,4,0.5,1,3,4,0,3,1,0,1,2,3,4,-17,8.8,0,0,10.0,1,851,851,851,916,1118,962,1304,587,938,587,530,399,768,478,615,647,1087,164,274,500,1178,542,471,1100,1630,1216,151,4,1125,,25:09,1
2005-06,2400,Drew Gooden,Drew,1610612739,CLE,Cleveland Cavaliers,0040500207,2006-05-21T00:00:00,CLE @ DET,L,17.5,0,4,0.0,0,0,0.0,2,2,1.0,2,3,5,0,3,0,0,2,3,2,2,-12,5.0,0,0,7.0,1,851,851,851,1163,1368,1052,1368,587,938,587,530,647,1,252,615,510,1087,164,742,500,1566,893,675,1253,1528,1364,151,4,1252,,17:30,1
2005-06,1800,Damon Jones,Damon,1610612739,CLE,Cleveland Cavaliers,0040500207,2006-05-21T00:00:00,CLE @ DET,L,28.018333333333334,0,5,0.0,0,3,0.0,0,0,0.0,0,4,4,2,0,0,0,1,2,0,0,-5,7.8,0,0,6.0,1,851,851,851,805,1368,962,1368,587,362,587,990,1042,990,896,431,647,491,1060,742,500,1178,542,1252,1439,1189,1257,151,4,1292,,28:01,1
2005-06,923,Donyell Marshall,Donyell,1610612739,CLE,Cleveland Cavaliers,0040500207,2006-05-21T00:00:00,CLE @ DET,L,28.116666666666667,0,5,0.0,0,3,0.0,2,2,1.0,1,2,3,0,1,0,0,1,3,1,2,0,4.6,0,0,5.0,1,851,851,851,802,1368,962,1368,587,362,587,530,647,1,478,827,832,1087,614,742,500,1178,893,926,1253,762,1386,151,4,1338,,28:07,1
2005-06,2436,Flip Murray,Flip,1610612739,CLE,Cleveland Cavaliers,0040500207,2006-05-21T00:00:00,CLE @ DET,L,19.116666666666667,1,4,0.25,0,1,0.0,0,0,0.0,0,1,1,0,0,0,0,0,2,0,2,-12,3.2,0,0,3.0,1,851,851,851,1110,1118,1052,1236,587,709,587,990,1042,990,896,1103,1241,1087,1060,742,500,1,542,1252,1253,1528,1451,151,4,1449,,19:07,1
2005-06,2230,Maurice Evans,Maurice,1610612765,DET,Detroit Pistons,0040500207,2006-05-21T00:00:00,DET vs. CLE,W,0.97,0,1,0.0,0,0,0.0,0,0,0.0,0,0,0,0,0,0,0,0,0,0,0,2,0.0,0,0,0.0,1,1,1,1,1665,1368,1422,1368,587,938,587,990,1042,990,896,1386,1473,1087,1060,742,500,1,1,1252,1439,625,1605,151,4,1610,,0:58,1
2005-06,2562,Sasha Pavlovic,Sasha,1610612739,CLE,Cleveland Cavaliers,0040500207,2006-05-21T00:00:00,CLE @ DET,L,0.97,0,0,0.0,0,0,0.0,0,0,0.0,0,0,0,0,0,0,0,0,0,0,0,-2,0.0,0,0,0.0,1,851,851,851,1665,1368,1565,1368,587,938,587,990,1042,990,896,1386,1473,1087,1060,742,500,1,1,1252,1439,943,1605,151,4,1610,,0:58,1
2005-06,960,Tony Delk,Tony,1610612765,DET,Detroit Pistons,0040500207,2006-05-21T00:00:00,DET vs. CLE,W,4.72,0,2,0.0,0,0,0.0,0,0,0.0,0,0,0,0,0,0,0,0,0,0,0,-7,0.0,0,0,0.0,1,1,1,1,1536,1368,1280,1368,587,938,587,990,1042,990,896,1386,1473,1087,1060,742,500,1,1,1252,1439,1313,1605,151,4,1610,,4:43,1
2005-06,1717,Dirk Nowitzki,Dirk,1610612742,DAL,Dallas Mavericks,0040500226,2006-05-19T00:00:00,DAL vs. SAS,L,45.93,9,16,0.563,0,1,0.0,8,8,1.0,2,19,21,5,3,1,0,0,1,8,26,-7,58.7,1,0,54.0,1,851,851,851,73,116,208,404,587,709,587,69,129,1,252,1,1,141,164,274,500,1,248,70,118,1313,31,1,4,40,,45:56,1
2005-06,2544,LeBron James,LeBron,1610612739,CLE,Cleveland Cavaliers,0040500206,2006-05-19T00:00:00,CLE vs. DET,L,47.82666666666667,8,20,0.4,1,5,0.2,15,18,0.833,0,11,11,5,7,1,1,0,2,14,32,-2,51.7,1,0,53.0,1,851,851,851,38,178,82,896,284,141,535,8,8,479,896,30,82,141,4,274,157,1,542,3,43,943,72,1,4,43,,47:50,1
2005-06,1938,Manu Ginobili,Manu,1610612759,SAS,San Antonio Spurs,0040500226,2006-05-19T00:00:00,SAS @ DAL,W,38.03333333333333,8,14,0.571,2,5,0.4,12,13,0.923,2,8,10,2,3,3,1,0,3,12,30,17,54.0,1,0,52.0,1,1,1,1,394,178,306,369,125,141,327,23,34,412,252,100,114,491,164,32,157,1,893,12,67,98,55,1,4,48,,38:02,1
2005-06,739,Rasheed Wallace,Rasheed,1610612765,DET,Detroit Pistons,0040500206,2006-05-19T00:00:00,DET @ CLE,W,45.55166666666667,9,17,0.529,4,8,0.5,2,7,0.286,0,2,2,4,0,0,2,0,1,5,24,3,38.4,0,0,38.0,1,1,1,1,83,116,166,471,17,19,183,530,195,967,896,827,1021,208,1060,742,67,1,248,217,149,567,230,151,4,188,,45:33,1
2005-06,1495,Tim Duncan,Tim,1610612759,SAS,San Antonio Spurs,0040500226,2006-05-19T00:00:00,SAS @ DAL,W,32.67166666666667,8,21,0.381,0,0,0.0,8,10,0.8,2,6,8,1,3,1,1,3,5,9,24,-4,38.1,0,0,37.0,1,1,1,1,635,178,67,976,587,938,587,69,66,518,252,208,214,731,164,274,157,1679,1489,40,149,1108,235,151,4,208,,32:40,1
2005-06,2419,Tayshaun Prince,Tayshaun,1610612765,DET,Detroit Pistons,0040500206,2006-05-19T00:00:00,DET @ CLE,W,48.0,6,12,0.5,0,0,0.0,3,4,0.75,3,5,8,3,1,2,3,1,1,2,15,2,43.1,0,0,36.0,1,1,1,1,29,351,425,488,587,938,587,405,399,566,128,311,214,335,614,82,25,1178,248,675,442,625,155,151,4,228,,48:00,1
2005-06,714,Michael Finley,Michael,1610612759,SAS,San Antonio Spurs,0040500226,2006-05-19T00:00:00,SAS @ DAL,W,45.00833333333333,6,10,0.6,2,3,0.667,2,2,1.0,0,6,6,2,2,2,1,2,0,2,16,6,33.2,0,0,32.0,1,1,1,1,98,351,572,311,125,362,108,530,647,1,896,208,386,491,358,82,157,1566,1,675,399,391,344,151,4,315,,45:01,1
2005-06,1497,Chauncey Billups,Chauncey,1610612765,DET,Detroit Pistons,0040500206,2006-05-19T00:00:00,DET @ CLE,W,40.083333333333336,3,8,0.375,1,4,0.25,8,9,0.889,0,3,3,4,3,4,0,1,1,7,15,5,33.6,0,0,31.0,1,1,1,1,281,742,699,980,284,234,480,69,93,425,896,615,832,208,164,5,500,1178,248,106,442,444,333,151,4,346,,40:05,1
2005-06,2572,Josh Howard,Josh,1610612742,DAL,Dallas Mavericks,0040500226,2006-05-19T00:00:00,DAL vs. SAS,L,41.65,7,17,0.412,1,2,0.5,2,2,1.0,2,4,6,1,3,1,2,1,3,2,17,-9,31.7,0,0,31.0,1,851,851,851,215,269,166,883,284,529,183,530,647,1,252,431,386,731,164,274,67,1178,893,675,353,1409,372,151,4,346,,41:39,1
2005-06,980,Zydrunas Ilgauskas,Zydrunas,1610612739,CLE,Cleveland Cavaliers,0040500206,2006-05-19T00:00:00,CLE vs. DET,L,27.483333333333334,8,11,0.727,0,0,0.0,0,0,0.0,4,2,6,2,0,0,2,0,2,0,16,-5,32.2,0,0,28.0,1,851,851,851,828,178,490,170,587,938,587,990,1042,990,55,827,386,491,1060,742,67,1,542,1252,399,1189,362,151,4,435,,27:29,1
2005-06,1888,Richard Hamilton,Richard,1610612765,DET,Detroit Pistons,0040500206,2006-05-19T00:00:00,DET @ CLE,W,34.605,8,16,0.5,1,1,1.0,0,0,0.0,3,1,4,1,0,0,0,1,5,2,17,6,23.3,0,0,23.0,1,1,1,1,543,178,208,488,284,709,1,990,1042,990,128,1103,647,731,1060,742,500,1178,1489,675,353,391,631,151,4,596,,34:36,1
2005-06,2400,Drew Gooden,Drew,1610612739,CLE,Cleveland Cavaliers,0040500206,2006-05-19T00:00:00,CLE vs. DET,L,24.241666666666667,6,11,0.545,0,0,0.0,1,2,0.5,2,6,8,0,2,0,0,0,3,1,13,1,20.6,0,0,21.0,1,851,851,851,956,351,490,433,587,938,587,793,647,768,252,208,214,1087,358,742,500,1,893,926,534,689,729,151,4,659,,24:15,1
2005-06,711,Jerry Stackhouse,Jerry,1610612742,DAL,Dallas Mavericks,0040500226,2006-05-19T00:00:00,DAL vs. SAS,L,39.36666666666667,4,15,0.267,2,6,0.333,0,2,0.0,1,2,3,4,3,0,1,1,1,1,10,1,19.6,0,0,21.0,1,851,851,851,329,580,255,1232,125,84,369,990,647,990,478,827,832,208,164,742,157,1178,248,926,683,689,768,151,4,659,,39:22,1
2005-06,1112,Ben Wallace,Ben,1610612765,DET,Detroit Pistons,0040500206,2006-05-19T00:00:00,DET @ CLE,W,41.166666666666664,1,4,0.25,0,0,0.0,2,6,0.333,3,7,10,2,1,1,0,1,3,4,4,6,21.0,0,0,18.0,1,1,1,1,232,1118,1052,1236,587,938,587,530,232,943,128,144,114,491,614,274,500,1178,893,316,1100,391,713,151,4,772,,41:10,1
2005-06,923,Donyell Marshall,Donyell,1610612739,CLE,Cleveland Cavaliers,0040500206,2006-05-19T00:00:00,CLE vs. DET,L,23.5,3,6,0.5,1,2,0.5,2,2,1.0,1,3,4,0,1,1,1,0,1,2,9,3,18.8,0,0,18.0,1,851,851,851,985,742,878,488,284,529,183,530,647,1,478,615,647,1087,614,274,157,1,248,675,763,567,806,151,4,772,,23:30,1
2005-06,956,Erick Dampier,Erick,1610612742,DAL,Dallas Mavericks,0040500226,2006-05-19T00:00:00,DAL vs. SAS,L,26.285,2,4,0.5,0,0,0.0,2,2,1.0,4,1,5,0,0,1,2,1,5,2,6,-8,21.0,0,0,17.0,1,851,851,851,882,933,1052,488,587,938,587,530,647,1,55,1103,510,1087,1060,274,67,1178,1489,675,957,1363,713,151,4,827,,26:17,1
2005-06,109,Robert Horry,Robert,1610612759,SAS,San Antonio Spurs,0040500226,2006-05-19T00:00:00,SAS @ DAL,W,17.826666666666668,1,2,0.5,0,0,0.0,4,6,0.667,0,4,4,0,0,1,2,1,4,3,6,4,19.8,0,0,16.0,1,1,1,1,1150,1118,1280,488,587,938,587,284,232,657,896,431,647,1087,1060,274,67,1178,1222,471,957,504,760,151,4,871,,17:50,1
2005-06,727,Eric Snow,Eric,1610612739,CLE,Cleveland Cavaliers,0040500206,2006-05-19T00:00:00,CLE vs. DET,L,36.785,1,3,0.333,0,0,0.0,0,0,0.0,3,2,5,6,2,0,1,1,2,0,2,-5,18.0,0,0,15.0,1,851,851,851,442,1118,1167,1051,587,938,587,990,1042,990,128,827,510,97,358,742,157,1178,542,1252,1253,1189,848,151,4,904,,36:47,1
2005-06,2225,Tony Parker,Tony,1610612759,SAS,San Antonio Spurs,0040500226,2006-05-19T00:00:00,SAS @ DAL,W,34.568333333333335,3,15,0.2,0,2,0.0,2,2,1.0,0,4,4,3,3,0,0,2,1,1,8,5,14.3,0,0,15.0,1,1,1,1,546,742,255,1304,587,529,587,530,647,1,896,431,647,335,164,742,500,1566,248,926,812,444,979,151,4,904,,34:34,1
2005-06,2436,Flip Murray,Flip,1610612739,CLE,Cleveland Cavaliers,0040500206,2006-05-19T00:00:00,CLE vs. DET,L,41.9,2,10,0.2,0,2,0.0,0,0,0.0,1,2,3,3,0,2,0,3,3,0,4,-6,18.1,0,0,14.0,1,851,851,851,198,933,572,1304,587,529,587,990,1042,990,478,827,832,335,1060,82,500,1679,893,1252,1100,1251,843,151,4,939,,41:54,1
2005-06,283,Lindsey Hunter,Lindsey,1610612765,DET,Detroit Pistons,0040500206,2006-05-19T00:00:00,DET @ CLE,W,15.84,1,4,0.25,0,1,0.0,0,0,0.0,2,3,5,3,1,2,0,0,4,1,2,-5,17.5,0,0,14.0,1,1,1,1,1209,1118,1052,1236,587,709,587,990,1042,990,252,615,510,335,614,82,500,1,1222,926,1253,1189,872,151,4,939,,15:50,1
2005-06,2605,Marquis Daniels,Marquis,1610612742,DAL,Dallas Mavericks,0040500226,2006-05-19T00:00:00,DAL vs. SAS,L,18.536666666666665,3,7,0.429,0,0,0.0,2,2,1.0,0,1,1,1,1,1,1,1,4,3,8,-9,15.7,0,0,14.0,1,851,851,851,1131,742,786,821,587,938,587,530,647,1,896,1103,1241,731,614,274,157,1178,1222,471,812,1409,926,151,4,939,,18:32,1
2005-06,1496,Keith Van Horn,Keith,1610612742,DAL,Dallas Mavericks,0040500226,2006-05-19T00:00:00,DAL vs. SAS,L,13.741666666666667,3,7,0.429,2,4,0.5,2,2,1.0,0,1,1,0,0,0,0,1,4,1,10,6,11.2,0,0,13.0,1,851,851,851,1273,742,786,821,125,234,183,530,647,1,896,1103,1241,1087,1060,742,500,1178,1222,926,683,391,1106,151,4,985,,13:45,1
2005-06,2734,Devin Harris,Devin,1610612742,DAL,Dallas Mavericks,0040500226,2006-05-19T00:00:00,DAL vs. SAS,L,31.175,3,14,0.214,0,1,0.0,1,2,0.5,0,1,1,3,4,0,0,2,5,1,7,-4,8.7,0,0,11.0,1,851,851,851,690,742,306,1301,587,709,587,793,647,768,896,1103,1241,335,71,742,500,1566,1489,926,897,1108,1221,151,4,1087,,31:11,1
2005-06,2760,Anderson Varejao,Anderson,1610612739,CLE,Cleveland Cavaliers,0040500206,2006-05-19T00:00:00,CLE vs. DET,L,20.766666666666666,2,3,0.667,0,0,0.0,2,2,1.0,1,3,4,0,0,0,0,0,6,2,6,-3,10.8,0,0,10.0,1,851,851,851,1066,933,1167,197,587,938,587,530,647,1,478,615,647,1087,1060,742,500,1,1663,675,957,1032,1127,151,4,1125,,20:46,1
2005-06,699,Brent Barry,Brent,1610612759,SAS,San Antonio Spurs,0040500226,2006-05-19T00:00:00,SAS @ DAL,W,21.876666666666665,2,2,1.0,0,0,0.0,1,1,1.0,0,3,3,2,3,0,0,0,2,2,5,-4,8.6,0,0,10.0,1,1,1,1,1036,933,1280,1,587,938,587,793,974,1,896,615,832,491,164,742,500,1,542,675,1046,1108,1228,151,4,1125,,21:53,1
2005-06,2205,DeSagana Diop,DeSagana,1610612742,DAL,Dallas Mavericks,0040500226,2006-05-19T00:00:00,DAL vs. SAS,L,6.0,1,2,0.5,0,0,0.0,0,0,0.0,2,1,3,0,1,1,1,0,4,0,2,5,10.6,0,0,9.0,1,851,851,851,1496,1118,1280,488,587,938,587,990,1042,990,252,1103,832,1087,614,274,157,1,1222,1252,1253,444,1136,151,4,1164,,6:00,1
2005-06,686,Antonio McDyess,Antonio,1610612765,DET,Detroit Pistons,0040500206,2006-05-19T00:00:00,DET @ CLE,W,9.25,3,6,0.5,0,0,0.0,1,2,0.5,0,1,1,0,3,0,0,1,3,1,7,-5,5.2,0,0,8.0,1,1,1,1,1402,742,878,488,587,938,587,793,647,768,896,1103,1241,1087,164,742,500,1178,893,926,897,1189,1358,151,4,1212,,9:15,1
2005-06,89,Nick Van Exel,Nick,1610612759,SAS,San Antonio Spurs,0040500226,2006-05-19T00:00:00,SAS @ DAL,W,14.291666666666666,1,2,0.5,0,0,0.0,0,0,0.0,0,2,2,1,0,0,1,0,0,0,2,0,8.9,0,0,7.0,1,1,1,1,1249,1118,1280,488,587,938,587,990,1042,990,896,827,1021,731,1060,742,157,1,1,1252,1253,762,1211,151,4,1252,,14:18,1
2005-06,1559,Adrian Griffin,Adrian,1610612742,DAL,Dallas Mavericks,0040500226,2006-05-19T00:00:00,DAL vs. SAS,L,15.898333333333333,0,1,0.0,0,0,0.0,0,0,0.0,1,0,1,1,0,1,1,0,2,0,0,-2,8.7,0,0,6.0,1,851,851,851,1207,1368,1422,1368,587,938,587,990,1042,990,478,1386,1241,731,1060,274,157,1,542,1252,1439,943,1221,151,4,1292,,15:54,1
2005-06,1477,Bruce Bowen,Bruce,1610612759,SAS,San Antonio Spurs,0040500226,2006-05-19T00:00:00,SAS @ DAL,W,34.95666666666666,0,1,0.0,0,0,0.0,0,0,0.0,0,2,2,0,2,0,1,0,4,0,0,1,3.4,0,0,4.0,1,1,1,1,520,1368,1422,1368,587,938,587,990,1042,990,896,827,1021,1087,358,742,157,1,1222,1252,1439,689,1446,151,4,1384,,34:57,1
2005-06,353,Darrell Armstrong,Darrell,1610612742,DAL,Dallas Mavericks,0040500226,2006-05-19T00:00:00,DAL vs. SAS,L,1.4166666666666667,0,0,0.0,0,0,0.0,0,0,0.0,0,0,0,0,0,1,0,0,0,1,0,2,3.0,0,0,2.0,1,851,851,851,1655,1368,1565,1368,587,938,587,990,1042,990,896,1386,1473,1087,1060,274,500,1,1,926,1439,625,1467,151,4,1498,,1:25,1
2005-06,1800,Damon Jones,Damon,1610612739,CLE,Cleveland Cavaliers,0040500206,2006-05-19T00:00:00,CLE vs. DET,L,17.323333333333334,0,3,0.0,0,3,0.0,0,0,0.0,0,1,1,1,1,0,0,1,3,0,0,7,1.7,0,0,2.0,1,851,851,851,1168,1368,1167,1368,587,362,587,990,1042,990,896,1103,1241,731,614,742,500,1178,893,1252,1439,352,1536,151,4,1498,,17:19,1
2005-06,960,Tony Delk,Tony,1610612765,DET,Detroit Pistons,0040500206,2006-05-19T00:00:00,DET @ CLE,W,5.485,0,1,0.0,0,0,0.0,0,0,0.0,0,2,2,0,1,0,0,0,1,0,0,-2,1.4,0,0,2.0,1,1,1,1,1518,1368,1422,1368,587,938,587,990,1042,990,896,827,1021,1087,614,742,500,1,248,1252,1439,943,1551,151,4,1498,,5:29,1
2005-06,101177,Fabricio Oberto,Fabricio,1610612759,SAS,San Antonio Spurs,0040500226,2006-05-19T00:00:00,SAS @ DAL,W,0.44333333333333336,0,0,0.0,0,0,0.0,0,0,0.0,0,0,0,0,0,0,0,0,0,0,0,0,0.0,0,0,0.0,1,1,1,1,1699,1368,1565,1368,587,938,587,990,1042,990,896,1386,1473,1087,1060,742,500,1,1,1252,1439,762,1605,151,4,1610,,0:27,1
2005-06,2757,Beno Udrih,Beno,1610612759,SAS,San Antonio Spurs,0040500226,2006-05-19T00:00:00,SAS @ DAL,W,0.3233333333333333,0,0,0.0,0,0,0.0,0,0,0.0,0,0,0,0,0,0,0,0,0,0,0,0,0.0,0,0,0.0,1,1,1,1,1702,1368,1565,1368,587,938,587,990,1042,990,896,1386,1473,1087,1060,742,500,1,1,1252,1439,762,1605,151,4,1610,,0:19,1
2005-06,1956,Ira Newble,Ira,1610612739,CLE,Cleveland Cavaliers,0040500206,2006-05-19T00:00:00,CLE vs. DET,L,0.17333333333333334,0,0,0.0,0,0,0.0,0,0,0.0,0,0,0,0,0,0,0,0,0,0,0,0,0.0,0,0,0.0,1,851,851,851,1708,1368,1565,1368,587,938,587,990,1042,990,896,1386,1473,1087,1060,742,500,1,1,1252,1439,762,1605,151,4,1610,,0:10,1
2005-06,2230,Maurice Evans,Maurice,1610612765,DET,Detroit Pistons,0040500206,2006-05-19T00:00:00,DET @ CLE,W,0.018333333333333333,0,0,0.0,0,0,0.0,0,0,0.0,0,0,0,0,0,0,0,0,0,0,0,0,0.0,0,0,0.0,1,1,1,1,1715,1368,1565,1368,587,938,587,990,1042,990,896,1386,1473,1087,1060,742,500,1,1,1252,1439,762,1605,151,4,1610,,0:01,1
2005-06,1890,Shawn Marion,Shawn,1610612756,PHX,Phoenix Suns,0040500236,2006-05-18T00:00:00,PHX @ LAC,L,42.766666666666666,13,22,0.591,4,7,0.571,4,4,1.0,4,5,9,1,1,6,1,1,2,3,34,-16,66.3,0,0,62.0,1,851,851,851,174,18,55,350,17,42,171,284,399,1,55,311,161,731,614,1,157,1178,542,471,29,1605,11,151,4,9,,42:46,1
2005-06,1882,Elton Brand,Elton,1610612746,LAC,Los Angeles Clippers,0040500236,2006-05-18T00:00:00,LAC vs. PHX,W,42.56666666666667,14,21,0.667,0,0,0.0,2,3,0.667,2,10,12,3,2,1,5,1,2,3,30,6,64.9,1,0,57.0,1,1,1,1,177,11,67,197,587,938,587,530,561,657,252,44,60,335,358,274,4,1178,542,471,67,391,16,1,4,22,,42:34,1
2005-06,1894,Corey Maggette,Corey,1610612746,LAC,Los Angeles Clippers,0040500236,2006-05-18T00:00:00,LAC vs. PHX,W,27.033333333333335,7,8,0.875,2,3,0.667,9,9,1.0,0,8,8,4,1,0,0,0,3,9,25,4,39.6,0,0,39.0,1,1,1,1,849,269,699,99,125,362,108,49,93,1,896,100,214,208,614,742,500,1,893,40,130,504,206,151,4,175,,27:02,1
2005-06,2564,Boris Diaw,Boris,1610612756,PHX,Phoenix Suns,0040500236,2006-05-18T00:00:00,PHX @ LAC,L,39.38333333333333,6,12,0.5,1,1,1.0,1,3,0.333,3,6,9,7,3,2,1,3,5,2,14,-2,41.3,0,0,37.0,1,851,851,851,328,351,425,488,284,709,1,793,561,943,128,208,161,67,164,82,157,1679,1489,675,478,943,173,151,4,208,,39:23,1
2005-06,959,Steve Nash,Steve,1610612756,PHX,Phoenix Suns,0040500236,2006-05-18T00:00:00,PHX @ LAC,L,39.13333333333333,6,16,0.375,2,5,0.4,3,3,1.0,1,1,2,11,1,1,0,0,2,5,17,-22,37.9,1,0,34.0,1,851,851,851,345,351,208,980,125,141,327,405,561,1,478,1103,1021,12,614,274,500,1,542,217,353,1685,238,1,4,267,,39:08,1
2005-06,2571,Leandro Barbosa,Leandro,1610612756,PHX,Phoenix Suns,0040500236,2006-05-18T00:00:00,PHX @ LAC,L,35.36666666666667,10,20,0.5,4,8,0.5,1,3,0.333,0,0,0,2,1,1,0,4,5,2,25,-11,30.0,0,0,33.0,1,851,851,851,499,84,82,488,17,19,183,793,561,943,896,1386,1473,491,614,274,500,1710,1489,675,130,1501,424,151,4,291,,35:22,1
2005-06,2549,Chris Kaman,Chris,1610612746,LAC,Los Angeles Clippers,0040500236,2006-05-18T00:00:00,LAC vs. PHX,W,29.75,7,8,0.875,0,0,0.0,1,1,1.0,1,9,10,1,4,0,1,0,3,2,15,9,27.5,1,0,28.0,1,1,1,1,738,269,699,99,587,938,587,793,974,1,478,63,114,731,71,742,157,1,893,675,442,285,502,1,4,435,,29:45,1
2005-06,208,Sam Cassell,Sam,1610612746,LAC,Los Angeles Clippers,0040500236,2006-05-18T00:00:00,LAC vs. PHX,W,30.783333333333335,5,11,0.455,0,0,0.0,5,6,0.833,1,2,3,8,6,0,0,0,5,4,15,9,24.6,0,0,26.0,1,1,1,1,706,456,490,751,587,938,587,203,232,479,478,827,832,49,15,742,500,1,1489,316,442,285,593,151,4,498,,30:47,1
2005-06,2624,Quinton Ross,Quinton,1610612746,LAC,Los Angeles Clippers,0040500236,2006-05-18T00:00:00,LAC vs. PHX,W,39.54666666666667,9,14,0.643,0,0,0.0,0,0,0.0,0,5,5,1,2,0,0,1,4,2,18,2,23.5,0,0,24.0,1,1,1,1,315,116,306,259,587,938,587,990,1042,990,896,311,510,731,358,742,500,1178,1222,675,328,625,623,151,4,562,,39:33,1
2005-06,1749,Cuttino Mobley,Cuttino,1610612746,LAC,Los Angeles Clippers,0040500236,2006-05-18T00:00:00,LAC vs. PHX,W,41.43666666666667,3,8,0.375,0,2,0.0,3,4,0.75,1,3,4,6,3,0,1,0,3,3,9,22,22.8,0,0,21.0,1,1,1,1,220,742,699,980,587,529,587,405,399,566,478,615,647,97,164,742,157,1,893,471,763,48,650,151,4,659,,41:26,1
2005-06,1952,Raja Bell,Raja,1610612756,PHX,Phoenix Suns,0040500236,2006-05-18T00:00:00,PHX @ LAC,L,46.0,2,9,0.222,1,6,0.167,8,10,0.8,0,1,1,3,1,0,0,0,4,10,13,-9,17.7,0,0,18.0,1,851,851,851,70,933,639,1298,284,84,562,69,66,518,896,1103,1241,335,614,742,500,1,1222,24,534,1409,863,151,4,772,,46:00,1
2005-06,2733,Shaun Livingston,Shaun,1610612746,LAC,Los Angeles Clippers,0040500236,2006-05-18T00:00:00,LAC vs. PHX,W,19.05,2,7,0.286,0,0,0.0,0,0,0.0,2,3,5,4,1,0,1,0,1,0,4,4,18.0,0,0,15.0,1,1,1,1,1113,933,786,1192,587,938,587,990,1042,990,252,615,510,208,614,742,157,1,248,1252,1100,504,848,151,4,904,,19:03,1
2005-06,1501,Tim Thomas,Tim,1610612756,PHX,Phoenix Suns,0040500236,2006-05-18T00:00:00,PHX @ LAC,L,26.483333333333334,1,6,0.167,1,4,0.25,0,0,0.0,0,5,5,2,1,0,0,0,4,0,3,-7,11.0,0,0,11.0,1,851,851,851,875,1118,878,1337,284,234,480,990,1042,990,896,311,510,491,614,742,500,1,1222,1252,1180,1313,1116,151,4,1087,,26:29,1
2005-06,2209,Vladimir Radmanovic,Vladimir,1610612746,LAC,Los Angeles Clippers,0040500236,2006-05-18T00:00:00,LAC vs. PHX,W,9.833333333333334,1,1,1.0,0,0,0.0,0,0,0.0,0,1,1,1,0,0,0,0,1,0,2,4,4.7,0,0,4.0,1,1,1,1,1387,1118,1422,1,587,938,587,990,1042,990,896,1103,1241,731,1060,742,500,1,248,1252,1253,504,1380,151,4,1384,,9:50,1
2005-06,2592,James Jones,James,1610612756,PHX,Phoenix Suns,0040500236,2006-05-18T00:00:00,PHX @ LAC,L,10.866666666666667,0,2,0.0,0,0,0.0,0,0,0.0,1,1,2,0,2,0,0,0,1,0,0,7,0.4,0,0,2.0,1,851,851,851,1353,1368,1280,1368,587,938,587,990,1042,990,478,1103,1021,1087,358,742,500,1,248,1252,1439,352,1593,151,4,1498,,10:52,1
2005-06,1495,Tim Duncan,Tim,1610612759,SAS,San Antonio Spurs,0040500225,2006-05-17T00:00:00,SAS vs. DAL,W,44.47,13,19,0.684,0,0,0.0,10,15,0.667,4,8,12,4,3,1,3,2,2,14,36,3,65.4,1,0,60.0,1,1,1,1,114,18,108,196,587,938,587,40,18,657,55,100,60,208,164,274,25,1566,542,3,18,567,15,1,4,14,,44:28,1
2005-06,1717,Dirk Nowitzki,Dirk,1610612742,DAL,Dallas Mavericks,0040500225,2006-05-17T00:00:00,DAL @ SAS,L,44.00666666666667,13,22,0.591,1,2,0.5,4,4,1.0,1,9,10,4,4,2,0,1,4,7,31,0,51.0,1,0,50.0,1,851,851,851,127,18,55,350,284,529,183,284,399,1,478,63,114,208,71,82,500,1178,1222,106,55,762,76,1,4,60,,44:00,1
2005-06,2544,LeBron James,LeBron,1610612739,CLE,Cleveland Cavaliers,0040500205,2006-05-17T00:00:00,CLE @ DET,W,46.836666666666666,13,30,0.433,1,4,0.25,5,7,0.714,3,2,5,5,2,2,1,0,3,7,32,2,52.5,0,0,49.0,1,1,1,1,52,18,5,820,284,234,480,203,195,644,128,827,510,141,358,82,157,1,893,106,43,625,65,151,4,71,,46:50,1
2005-06,980,Zydrunas Ilgauskas,Zydrunas,1610612739,CLE,Cleveland Cavaliers,0040500205,2006-05-17T00:00:00,CLE @ DET,W,27.531666666666666,6,13,0.462,0,0,0.0,2,2,1.0,5,5,10,1,3,1,6,0,6,2,14,-3,45.5,1,0,39.0,1,1,1,1,826,351,359,732,587,938,587,530,647,1,26,311,114,731,164,274,1,1,1663,675,478,1032,128,1,4,175,,27:32,1
2005-06,2419,Tayshaun Prince,Tayshaun,1610612765,DET,Detroit Pistons,0040500205,2006-05-17T00:00:00,DET vs. CLE,L,48.0,7,13,0.538,1,1,1.0,6,6,1.0,4,4,8,2,2,0,2,2,0,4,21,-2,37.6,0,0,36.0,1,851,851,851,29,269,359,446,284,709,1,142,232,1,55,431,214,491,358,742,67,1566,1,316,222,943,243,151,4,228,,48:00,1
2005-06,2225,Tony Parker,Tony,1610612759,SAS,San Antonio Spurs,0040500225,2006-05-17T00:00:00,SAS vs. DAL,W,36.95,11,24,0.458,0,0,0.0,5,6,0.833,0,2,2,4,5,1,0,3,3,5,27,5,33.4,0,0,35.0,1,1,1,1,431,62,25,748,587,938,587,203,232,479,896,827,1021,208,36,274,500,1679,893,217,105,444,340,151,4,250,,36:57,1
2005-06,1938,Manu Ginobili,Manu,1610612759,SAS,San Antonio Spurs,0040500225,2006-05-17T00:00:00,SAS vs. DAL,W,39.43333333333333,6,13,0.462,1,3,0.333,5,8,0.625,1,3,4,5,3,2,1,0,3,4,18,-3,36.3,0,0,34.0,1,1,1,1,324,351,359,732,284,362,369,203,129,725,478,615,647,141,164,82,157,1,893,316,328,1032,270,151,4,267,,39:26,1
2005-06,923,Donyell Marshall,Donyell,1610612739,CLE,Cleveland Cavaliers,0040500205,2006-05-17T00:00:00,CLE @ DET,W,34.61666666666667,5,9,0.556,2,4,0.5,2,2,1.0,5,8,13,0,3,0,2,1,2,1,14,3,32.6,1,0,33.0,1,1,1,1,541,456,639,412,125,234,183,530,647,1,26,100,45,1087,164,742,67,1178,542,926,478,567,356,1,4,291,,34:37,1
2005-06,686,Antonio McDyess,Antonio,1610612765,DET,Detroit Pistons,0040500205,2006-05-17T00:00:00,DET vs. CLE,L,27.085,5,9,0.556,0,0,0.0,1,2,0.5,4,7,11,1,1,0,3,0,3,2,11,2,33.7,1,0,29.0,1,851,851,851,845,456,639,412,587,938,587,793,647,768,55,144,82,731,614,742,25,1,893,675,622,625,328,1,4,401,,27:05,1
2005-06,1112,Ben Wallace,Ben,1610612765,DET,Detroit Pistons,0040500205,2006-05-17T00:00:00,DET vs. CLE,L,41.81666666666667,4,9,0.444,0,0,0.0,0,7,0.0,4,9,13,1,0,1,2,3,2,6,8,5,34.1,0,0,28.0,1,851,851,851,204,580,639,780,587,938,587,990,195,990,55,63,45,731,1060,274,67,1679,542,145,812,444,316,151,4,435,,41:49,1
2005-06,1497,Chauncey Billups,Chauncey,1610612765,DET,Detroit Pistons,0040500205,2006-05-17T00:00:00,DET vs. CLE,L,37.11666666666667,6,16,0.375,1,6,0.167,4,4,1.0,1,2,3,5,6,0,0,1,6,7,17,-6,22.1,0,0,26.0,1,851,851,851,423,351,208,980,284,84,562,284,399,1,478,827,832,141,15,742,500,1178,1663,106,353,1251,672,151,4,498,,37:07,1
2005-06,2572,Josh Howard,Josh,1610612742,DAL,Dallas Mavericks,0040500225,2006-05-17T00:00:00,DAL @ SAS,L,36.88333333333333,7,12,0.583,1,2,0.5,1,3,0.333,2,6,8,0,0,0,0,1,2,2,16,-3,25.6,0,0,25.0,1,851,851,851,437,269,425,359,284,529,183,793,561,943,252,208,214,1087,1060,742,500,1178,542,675,399,1032,562,151,4,532,,36:53,1
2005-06,1891,Jason Terry,Jason,1610612742,DAL,Dallas Mavericks,0040500225,2006-05-17T00:00:00,DAL @ SAS,L,43.266666666666666,6,14,0.429,1,4,0.25,2,2,1.0,2,2,4,5,4,0,0,0,3,1,15,0,23.3,0,0,25.0,1,851,851,851,151,351,306,821,284,234,480,530,647,1,252,827,647,141,71,742,500,1,893,926,442,762,631,151,4,532,,43:16,1
2005-06,1888,Richard Hamilton,Richard,1610612765,DET,Detroit Pistons,0040500205,2006-05-17T00:00:00,DET vs. CLE,L,45.983333333333334,5,16,0.313,0,1,0.0,5,7,0.714,1,0,1,3,4,1,1,4,2,5,15,-1,22.7,0,0,23.0,1,851,851,851,72,456,208,1159,587,709,587,203,195,644,478,1386,1241,335,71,274,157,1710,542,217,442,859,651,151,4,596,,45:59,1
2005-06,714,Michael Finley,Michael,1610612759,SAS,San Antonio Spurs,0040500225,2006-05-17T00:00:00,SAS vs. DAL,W,43.70666666666666,5,8,0.625,0,3,0.0,2,2,1.0,0,7,7,0,1,1,0,0,2,1,12,2,22.4,0,0,21.0,1,1,1,1,133,456,699,280,587,362,587,530,647,1,896,144,284,1087,614,274,500,1,542,926,571,625,658,151,4,659,,43:42,1
2005-06,2436,Flip Murray,Flip,1610612739,CLE,Cleveland Cavaliers,0040500205,2006-05-17T00:00:00,CLE @ DET,W,39.07333333333333,2,10,0.2,0,1,0.0,4,6,0.667,1,1,2,0,2,4,1,1,1,3,8,-4,23.4,0,0,20.0,1,1,1,1,347,933,572,1304,587,709,587,284,232,657,478,1103,1021,1087,358,5,157,1178,248,471,812,1108,626,151,4,704,,39:04,1
2005-06,2734,Devin Harris,Devin,1610612742,DAL,Dallas Mavericks,0040500225,2006-05-17T00:00:00,DAL @ SAS,L,31.4,5,12,0.417,0,0,0.0,5,6,0.833,1,0,1,0,2,1,1,1,4,5,15,-4,20.2,0,0,20.0,1,851,851,851,677,456,425,871,587,938,587,203,232,479,478,1386,1241,1087,358,274,157,1178,1222,217,442,1108,744,151,4,704,,31:24,1
2005-06,739,Rasheed Wallace,Rasheed,1610612765,DET,Detroit Pistons,0040500205,2006-05-17T00:00:00,DET vs. CLE,L,22.415,5,9,0.556,0,1,0.0,0,0,0.0,1,8,9,1,4,0,0,0,5,1,10,-9,18.3,0,0,20.0,1,851,851,851,1021,456,639,412,587,709,587,990,1042,990,478,100,161,731,71,742,500,1,1489,926,683,1409,829,151,4,704,,22:25,1
2005-06,2205,DeSagana Diop,DeSagana,1610612742,DAL,Dallas Mavericks,0040500225,2006-05-17T00:00:00,DAL @ SAS,L,24.16,3,3,1.0,0,0,0.0,2,2,1.0,2,5,7,0,1,1,1,0,3,1,8,-4,21.4,0,0,19.0,1,851,851,851,960,742,1167,1,587,938,587,530,647,1,252,311,284,1087,614,274,157,1,893,926,812,1108,704,151,4,745,,24:10,1
2005-06,711,Jerry Stackhouse,Jerry,1610612742,DAL,Dallas Mavericks,0040500225,2006-05-17T00:00:00,DAL @ SAS,L,32.666666666666664,4,12,0.333,0,3,0.0,2,2,1.0,1,4,5,2,0,0,0,2,0,3,10,5,19.0,0,0,17.0,1,851,851,851,636,580,425,1051,587,362,587,530,647,1,478,431,510,491,1060,742,500,1566,1,471,683,444,796,151,4,827,,32:40,1
2005-06,1800,Damon Jones,Damon,1610612739,CLE,Cleveland Cavaliers,0040500205,2006-05-17T00:00:00,CLE @ DET,W,23.686666666666667,3,5,0.6,2,4,0.5,0,1,0.0,1,2,3,1,0,0,0,1,3,2,8,8,13.1,0,0,14.0,1,1,1,1,979,742,962,311,125,234,183,990,974,990,478,827,832,731,1060,742,500,1178,893,675,812,318,1028,151,4,939,,23:41,1
2005-06,2760,Anderson Varejao,Anderson,1610612739,CLE,Cleveland Cavaliers,0040500205,2006-05-17T00:00:00,CLE @ DET,W,19.081666666666667,0,4,0.0,0,0,0.0,6,8,0.75,1,2,3,0,1,2,0,2,6,6,6,3,14.6,0,0,13.0,1,1,1,1,1111,1368,1052,1368,587,938,587,142,129,566,478,827,832,1087,614,82,500,1566,1663,145,957,567,965,151,4,985,,19:05,1
2005-06,727,Eric Snow,Eric,1610612739,CLE,Cleveland Cavaliers,0040500205,2006-05-17T00:00:00,CLE @ DET,W,33.696666666666665,0,5,0.0,0,0,0.0,0,0,0.0,2,1,3,7,1,0,0,1,3,0,0,0,13.1,0,0,10.0,1,1,1,1,585,1368,962,1368,587,938,587,990,1042,990,252,1103,832,67,614,742,500,1178,893,1252,1439,762,1028,151,4,1125,,33:42,1
2005-06,283,Lindsey Hunter,Lindsey,1610612765,DET,Detroit Pistons,0040500205,2006-05-17T00:00:00,DET vs. CLE,L,12.9,0,2,0.0,0,1,0.0,0,0,0.0,1,1,2,3,0,2,0,0,3,1,0,3,12.9,0,0,9.0,1,851,851,851,1300,1368,1280,1368,587,709,587,990,1042,990,478,1103,1021,335,1060,82,500,1,893,926,1439,567,1037,151,4,1164,,12:54,1
2005-06,2400,Drew Gooden,Drew,1610612739,CLE,Cleveland Cavaliers,0040500205,2006-05-17T00:00:00,CLE @ DET,W,14.77,2,5,0.4,0,0,0.0,0,0,0.0,1,3,4,1,0,0,0,2,3,0,4,1,10.3,0,0,9.0,1,1,1,1,1236,933,962,896,587,938,587,990,1042,990,478,615,647,731,1060,742,500,1566,893,1252,1100,689,1153,151,4,1164,,14:46,1
2005-06,956,Erick Dampier,Erick,1610612742,DAL,Dallas Mavericks,0040500225,2006-05-17T00:00:00,DAL @ SAS,L,16.743333333333332,0,1,0.0,0,1,0.0,0,0,0.0,0,1,1,0,0,1,2,0,5,0,0,1,10.2,0,0,7.0,1,851,851,851,1183,1368,1422,1368,587,709,587,990,1042,990,896,1103,1241,1087,1060,274,67,1,1489,1252,1439,689,1156,151,4,1252,,16:45,1
2005-06,1477,Bruce Bowen,Bruce,1610612759,SAS,San Antonio Spurs,0040500225,2006-05-17T00:00:00,SAS vs. DAL,W,33.61666666666667,0,0,0.0,0,0,0.0,0,0,0.0,0,1,1,1,0,1,1,0,3,1,0,-2,8.7,0,0,6.0,1,1,1,1,588,1368,1565,1368,587,938,587,990,1042,990,896,1103,1241,731,1060,274,157,1,893,926,1439,943,1221,151,4,1292,,33:37,1
2005-06,699,Brent Barry,Brent,1610612759,SAS,San Antonio Spurs,0040500225,2006-05-17T00:00:00,SAS vs. DAL,W,17.8,2,2,1.0,1,1,1.0,0,0,0.0,0,0,0,0,0,0,0,0,5,1,5,6,5.0,0,0,6.0,1,1,1,1,1151,933,1280,1,284,709,1,990,1042,990,896,1386,1473,1087,1060,742,500,1,1489,926,1046,391,1364,151,4,1292,,17:48,1
2005-06,89,Nick Van Exel,Nick,1610612759,SAS,San Antonio Spurs,0040500225,2006-05-17T00:00:00,SAS vs. DAL,W,13.033333333333333,0,2,0.0,0,1,0.0,0,0,0.0,0,0,0,4,0,0,0,0,0,0,0,-6,6.0,0,0,4.0,1,1,1,1,1296,1368,1280,1368,587,709,587,990,1042,990,896,1386,1473,208,1060,742,500,1,1,1252,1439,1251,1321,151,4,1384,,13:02,1
2005-06,109,Robert Horry,Robert,1610612759,SAS,San Antonio Spurs,0040500225,2006-05-17T00:00:00,SAS vs. DAL,W,10.99,0,1,0.0,0,1,0.0,0,0,0.0,1,3,4,0,0,0,0,0,1,0,0,0,4.8,0,0,4.0,1,1,1,1,1350,1368,1422,1368,587,709,587,990,1042,990,478,615,647,1087,1060,742,500,1,248,1252,1439,762,1374,151,4,1384,,10:59,1
2005-06,2605,Marquis Daniels,Marquis,1610612742,DAL,Dallas Mavericks,0040500225,2006-05-17T00:00:00,DAL @ SAS,L,6.973333333333334,1,1,1.0,0,0,0.0,0,0,0.0,1,0,1,1,0,0,0,0,1,0,2,-2,4.7,0,0,4.0,1,851,851,851,1469,1118,1422,1,587,938,587,990,1042,990,478,1386,1241,731,1060,742,500,1,248,1252,1253,943,1380,151,4,1384,,6:58,1
2005-06,1496,Keith Van Horn,Keith,1610612742,DAL,Dallas Mavericks,0040500225,2006-05-17T00:00:00,DAL @ SAS,L,2.9,0,0,0.0,0,0,0.0,0,0,0.0,0,1,1,0,1,0,1,0,4,0,0,2,3.2,0,0,3.0,1,851,851,851,1594,1368,1565,1368,587,938,587,990,1042,990,896,1103,1241,1087,614,742,157,1,1222,1252,1439,625,1451,151,4,1449,,2:54,1
2005-06,2230,Maurice Evans,Maurice,1610612765,DET,Detroit Pistons,0040500205,2006-05-17T00:00:00,DET vs. CLE,L,4.683333333333334,0,1,0.0,0,0,0.0,2,2,1.0,0,0,0,0,0,0,0,0,0,1,2,-2,2.0,0,0,2.0,1,851,851,851,1537,1368,1422,1368,587,938,587,530,647,1,896,1386,1473,1087,1060,742,500,1,1,926,1253,943,1516,151,4,1498,,4:41,1
2005-06,1956,Ira Newble,Ira,1610612739,CLE,Cleveland Cavaliers,0040500205,2006-05-17T00:00:00,CLE @ DET,W,0.7066666666666667,0,0,0.0,0,0,0.0,0,0,0.0,0,1,1,0,0,0,0,0,0,0,0,0,1.2,0,0,1.0,1,1,1,1,1682,1368,1565,1368,587,938,587,990,1042,990,896,1103,1241,1087,1060,742,500,1,1,1252,1439,762,1554,151,4,1557,,0:42,1
2005-06,2788,DJ Mbenga,DJ,1610612742,DAL,Dallas Mavericks,0040500225,2006-05-17T00:00:00,DAL @ SAS,L,1.0,0,0,0.0,0,0,0.0,0,0,0.0,0,0,0,0,0,0,0,0,0,0,0,0,0.0,0,0,0.0,1,851,851,851,1664,1368,1565,1368,587,938,587,990,1042,990,896,1386,1473,1087,1060,742,500,1,1,1252,1439,762,1605,151,4,1610,,1:00,1
2005-06,1882,Elton Brand,Elton,1610612746,LAC,Los Angeles Clippers,0040500235,2006-05-16T00:00:00,LAC @ PHX,L,54.663333333333334,10,23,0.435,0,0,0.0,13,17,0.765,7,8,15,5,4,0,5,1,4,9,33,-4,69.5,1,0,63.0,1,851,851,851,1,84,39,818,587,938,587,17,13,564,6,100,19,141,71,742,4,1178,1222,40,35,1108,6,1,4,7,,54:40,1
2005-06,1890,Shawn Marion,Shawn,1610612756,PHX,Phoenix Suns,0040500235,2006-05-16T00:00:00,PHX vs. LAC,W,54.61666666666667,16,33,0.485,0,5,0.0,4,6,0.667,6,14,20,3,1,0,1,3,4,4,36,11,66.5,1,0,61.0,1,1,1,1,2,4,3,711,587,141,587,284,232,657,10,7,2,335,614,742,157,1679,1222,316,18,217,10,1,4,12,,54:37,1
2005-06,2210,Richard Jefferson,Richard,1610612751,NJN,New Jersey Nets,0040500215,2006-05-16T00:00:00,NJN @ MIA,L,36.733333333333334,13,22,0.591,3,4,0.75,4,5,0.8,0,7,7,5,1,3,0,2,3,3,33,2,56.9,0,0,54.0,1,851,851,851,444,18,55,350,57,234,93,284,332,518,896,144,284,141,614,32,500,1566,893,471,35,625,39,151,4,40,,36:44,1
2005-06,208,Sam Cassell,Sam,1610612746,LAC,Los Angeles Clippers,0040500235,2006-05-16T00:00:00,LAC @ PHX,L,50.035,11,24,0.458,5,13,0.385,5,6,0.833,0,3,3,5,4,2,0,1,3,5,32,-2,45.1,0,0,49.0,1,851,851,851,16,62,25,748,5,1,362,203,232,479,896,615,832,141,71,82,500,1178,893,217,43,943,130,151,4,71,,50:02,1
2005-06,1713,Vince Carter,Vince,1610612751,NJN,New Jersey Nets,0040500215,2006-05-16T00:00:00,NJN @ MIA,L,46.333333333333336,13,25,0.52,1,7,0.143,6,9,0.667,1,6,7,5,2,1,0,0,4,8,33,5,49.9,0,0,48.0,1,851,851,851,59,18,16,486,284,42,577,142,93,657,478,208,284,141,358,274,500,1,1222,70,35,444,84,151,4,79,,46:20,1
2005-06,467,Jason Kidd,Jason,1610612751,NJN,New Jersey Nets,0040500215,2006-05-16T00:00:00,NJN @ MIA,L,46.38333333333333,7,11,0.636,2,4,0.5,4,4,1.0,0,6,6,8,4,4,0,0,4,3,20,-1,47.2,0,0,44.0,1,851,851,851,58,269,490,268,125,234,183,284,399,1,896,208,386,49,71,5,500,1,1222,471,258,859,105,151,4,114,,46:23,1
2005-06,952,Antoine Walker,Antoine,1610612748,MIA,Miami Heat,0040500215,2006-05-16T00:00:00,MIA vs. NJN,W,45.42166666666667,9,17,0.529,4,9,0.444,1,2,0.5,1,6,7,4,0,2,0,0,3,2,23,1,43.4,0,0,42.0,1,1,1,1,88,116,166,471,17,10,312,793,647,768,478,208,284,208,1060,82,500,1,893,675,173,689,152,151,4,136,,45:25,1
2005-06,959,Steve Nash,Steve,1610612756,PHX,Phoenix Suns,0040500235,2006-05-16T00:00:00,PHX vs. LAC,W,49.7,7,17,0.412,0,5,0.0,3,3,1.0,0,7,7,13,5,0,2,2,4,5,17,15,45.9,1,0,41.0,1,1,1,1,18,269,166,883,587,141,587,405,561,1,896,144,284,5,36,742,67,1566,1222,217,353,124,122,1,4,146,,49:42,1
2005-06,1952,Raja Bell,Raja,1610612756,PHX,Phoenix Suns,0040500235,2006-05-16T00:00:00,PHX vs. LAC,W,52.03333333333333,8,13,0.615,5,7,0.714,1,2,0.5,1,4,5,1,1,4,0,1,5,2,22,-1,40.5,0,0,41.0,1,1,1,1,8,178,359,299,5,42,106,793,647,768,478,431,510,731,614,5,500,1178,1489,675,190,859,189,151,4,146,,52:02,1
2005-06,2548,Dwyane Wade,Dwyane,1610612748,MIA,Miami Heat,0040500215,2006-05-16T00:00:00,MIA vs. NJN,W,43.916666666666664,7,19,0.368,1,1,1.0,6,9,0.667,0,6,6,6,7,1,1,0,4,6,21,0,36.2,0,0,38.0,1,1,1,1,129,269,108,1008,284,709,1,142,93,657,896,208,386,97,4,274,157,1,1222,145,222,762,273,151,4,188,,43:55,1
2005-06,1501,Tim Thomas,Tim,1610612756,PHX,Phoenix Suns,0040500235,2006-05-16T00:00:00,PHX vs. LAC,W,45.25,10,17,0.588,5,8,0.625,0,0,0.0,2,2,4,1,2,0,0,2,6,2,25,5,29.3,0,0,35.0,1,1,1,1,93,84,166,353,5,19,145,990,1042,990,252,827,647,731,358,742,500,1566,1663,675,130,444,444,151,4,250,,45:15,1
2005-06,2571,Leandro Barbosa,Leandro,1610612756,PHX,Phoenix Suns,0040500235,2006-05-16T00:00:00,PHX vs. LAC,W,40.666666666666664,4,12,0.333,1,3,0.333,6,6,1.0,0,3,3,5,2,1,1,0,3,5,15,2,30.1,0,0,28.0,1,1,1,1,258,580,425,1051,284,362,369,142,232,1,896,615,832,141,358,274,157,1,893,217,442,625,421,151,4,435,,40:40,1
2005-06,2209,Vladimir Radmanovic,Vladimir,1610612746,LAC,Los Angeles Clippers,0040500235,2006-05-16T00:00:00,LAC @ PHX,L,36.5,4,7,0.571,4,7,0.571,1,2,0.5,0,7,7,0,0,0,2,0,4,2,13,18,27.4,0,0,28.0,1,851,851,851,453,580,786,369,17,42,171,793,647,768,896,144,284,1087,1060,742,67,1,1222,675,534,91,503,151,4,435,,36:30,1
2005-06,2549,Chris Kaman,Chris,1610612746,LAC,Los Angeles Clippers,0040500235,2006-05-16T00:00:00,LAC @ PHX,L,19.596666666666668,5,9,0.556,0,0,0.0,1,2,0.5,7,3,10,0,0,1,0,0,0,1,11,-12,26.0,1,0,23.0,1,851,851,851,1094,456,639,412,587,938,587,793,647,768,6,615,114,1087,1060,274,500,1,1,926,622,1528,553,1,4,596,,19:36,1
2005-06,441,Lamond Murray,Lamond,1610612751,NJN,New Jersey Nets,0040500215,2006-05-16T00:00:00,NJN @ MIA,L,30.0,6,11,0.545,1,4,0.25,1,2,0.5,2,5,7,0,0,0,0,0,2,2,14,-1,22.4,0,0,22.0,1,851,851,851,731,351,490,433,284,234,480,793,647,768,252,311,284,1087,1060,742,500,1,542,675,478,859,658,151,4,628,,30:00,1
2005-06,297,Alonzo Mourning,Alonzo,1610612748,MIA,Miami Heat,0040500215,2006-05-16T00:00:00,MIA vs. NJN,W,21.233333333333334,4,4,1.0,0,0,0.0,3,4,0.75,2,2,4,0,1,2,1,0,3,5,11,12,23.8,0,0,21.0,1,1,1,1,1052,580,1052,1,587,938,587,405,399,566,252,827,647,1087,614,82,157,1,893,217,622,186,613,151,4,659,,21:14,1
2005-06,406,Shaquille O'Neal,Shaquille,1610612748,MIA,Miami Heat,0040500215,2006-05-16T00:00:00,MIA vs. NJN,W,25.666666666666668,8,10,0.8,0,0,0.0,1,7,0.143,1,2,3,0,4,0,0,0,4,7,17,-7,16.6,0,0,20.0,1,1,1,1,902,178,572,113,587,938,587,793,195,987,478,827,832,1087,71,742,500,1,1222,106,353,1313,894,151,4,704,,25:40,1
2005-06,1749,Cuttino Mobley,Cuttino,1610612746,LAC,Los Angeles Clippers,0040500235,2006-05-16T00:00:00,LAC @ PHX,L,51.05,5,17,0.294,0,0,0.0,0,0,0.0,3,4,7,0,2,1,0,0,3,0,10,-1,19.4,0,0,19.0,1,851,851,851,10,456,166,1188,587,938,587,990,1042,990,128,431,284,1087,358,274,500,1,893,1252,683,859,779,151,4,745,,51:03,1
2005-06,2624,Quinton Ross,Quinton,1610612746,LAC,Los Angeles Clippers,0040500235,2006-05-16T00:00:00,LAC @ PHX,L,25.13,3,7,0.429,0,0,0.0,3,3,1.0,1,1,2,1,0,2,1,2,3,2,9,-5,21.9,0,0,18.0,1,851,851,851,918,742,786,821,587,938,587,405,561,1,478,1103,1021,731,1060,82,157,1566,893,675,763,1189,689,151,4,772,,25:08,1
2005-06,1715,Jason Williams,Jason,1610612748,MIA,Miami Heat,0040500215,2006-05-16T00:00:00,MIA vs. NJN,W,28.9,5,9,0.556,0,2,0.0,2,2,1.0,0,2,2,4,1,0,0,0,1,1,12,-3,19.4,0,0,18.0,1,1,1,1,769,456,639,412,587,529,587,530,647,1,896,827,1021,208,614,742,500,1,248,926,571,1032,779,151,4,772,,28:54,1
2005-06,2617,Udonis Haslem,Udonis,1610612748,MIA,Miami Heat,0040500215,2006-05-16T00:00:00,MIA vs. NJN,W,28.245,4,6,0.667,0,0,0.0,0,2,0.0,3,7,10,0,1,0,0,0,3,3,8,-11,19.0,0,0,18.0,1,1,1,1,798,580,878,197,587,938,587,990,647,990,128,144,114,1087,614,742,500,1,893,471,812,1501,796,151,4,772,,28:15,1
2005-06,2564,Boris Diaw,Boris,1610612756,PHX,Phoenix Suns,0040500235,2006-05-16T00:00:00,PHX vs. LAC,W,31.333333333333332,4,10,0.4,0,0,0.0,0,2,0.0,0,3,3,6,1,0,0,1,0,2,8,7,19.6,0,0,17.0,1,1,1,1,680,580,572,896,587,938,587,990,647,990,896,615,832,97,614,742,500,1178,1,675,812,352,768,151,4,827,,31:20,1
2005-06,2592,James Jones,James,1610612756,PHX,Phoenix Suns,0040500235,2006-05-16T00:00:00,PHX vs. LAC,W,16.4,0,5,0.0,0,1,0.0,2,2,1.0,5,3,8,0,0,2,1,0,0,3,2,-4,20.6,0,0,16.0,1,1,1,1,1194,1368,962,1368,587,709,587,530,647,1,26,615,214,1087,1060,82,157,1,1,471,1253,1108,729,151,4,871,,16:24,1
2005-06,1894,Corey Maggette,Corey,1610612746,LAC,Los Angeles Clippers,0040500235,2006-05-16T00:00:00,LAC @ PHX,L,17.25,3,11,0.273,0,0,0.0,2,2,1.0,1,5,6,0,3,0,1,1,1,2,8,-13,15.2,0,0,16.0,1,851,851,851,1170,742,490,1223,587,938,587,530,647,1,478,311,386,1087,164,742,157,1178,248,675,812,1559,943,151,4,871,,17:15,1
2005-06,56,Gary Payton,Gary,1610612748,MIA,Miami Heat,0040500215,2006-05-16T00:00:00,MIA vs. NJN,W,23.183333333333334,4,7,0.571,1,2,0.5,1,1,1.0,0,1,1,1,0,0,0,0,3,2,10,5,12.7,0,0,13.0,1,1,1,1,995,580,786,369,284,529,183,793,974,1,896,1103,1241,731,1060,742,500,1,893,675,683,444,1044,151,4,985,,23:11,1
2005-06,1899,James Posey,James,1610612748,MIA,Miami Heat,0040500215,2006-05-16T00:00:00,MIA vs. NJN,W,23.433333333333334,1,3,0.333,1,2,0.5,1,2,0.5,0,5,5,0,0,1,0,0,1,1,4,8,13.0,0,0,12.0,1,1,1,1,988,1118,1167,1051,284,529,183,793,647,768,896,311,510,1087,1060,274,500,1,248,926,1100,318,1034,151,4,1038,,23:26,1
2005-06,2733,Shaun Livingston,Shaun,1610612746,LAC,Los Angeles Clippers,0040500235,2006-05-16T00:00:00,LAC @ PHX,L,35.195,1,5,0.2,0,0,0.0,0,0,0.0,1,6,7,3,3,0,0,0,5,1,2,-6,11.9,0,0,12.0,1,851,851,851,505,1118,962,1304,587,938,587,990,1042,990,478,208,284,335,164,742,500,1,1489,926,1253,1251,1077,151,4,1038,,35:12,1
2005-06,1521,Jacque Vaughn,Jacque,1610612751,NJN,New Jersey Nets,0040500215,2006-05-16T00:00:00,NJN @ MIA,L,11.611666666666666,1,1,1.0,0,0,0.0,1,2,0.5,0,0,0,2,0,0,0,0,1,1,3,-5,6.0,0,0,5.0,1,851,851,851,1333,1118,1422,1,587,938,587,793,647,768,896,1386,1473,491,1060,742,500,1,248,926,1180,1189,1321,151,4,1338,,11:37,1
2005-06,2215,Jason Collins,Jason,1610612751,NJN,New Jersey Nets,0040500215,2006-05-16T00:00:00,NJN @ MIA,L,33.58166666666666,0,1,0.0,0,0,0.0,1,2,0.5,0,4,4,0,2,0,0,0,5,4,1,1,3.8,0,0,5.0,1,851,851,851,591,1368,1422,1368,587,938,587,793,647,768,896,431,647,1087,358,742,500,1,1489,316,1415,689,1430,151,4,1338,,33:35,1
2005-06,2420,Nenad Krstic,Nenad,1610612751,NJN,New Jersey Nets,0040500215,2006-05-16T00:00:00,NJN @ MIA,L,28.628333333333334,0,3,0.0,0,0,0.0,1,2,0.5,0,2,2,0,4,1,0,0,5,1,1,-5,2.4,0,0,5.0,1,851,851,851,781,1368,1167,1368,587,938,587,793,647,768,896,827,1021,1087,71,274,500,1,1489,926,1415,1189,1497,151,4,1338,,28:38,1
2005-06,1519,John Thomas,John,1610612751,NJN,New Jersey Nets,0040500215,2006-05-16T00:00:00,NJN @ MIA,L,6.7283333333333335,0,0,0.0,0,0,0.0,0,0,0.0,0,1,1,1,1,0,0,0,3,0,0,-1,1.7,0,0,2.0,1,851,851,851,1478,1368,1565,1368,587,938,587,990,1042,990,896,1103,1241,731,614,742,500,1,893,1252,1439,859,1536,151,4,1498,,6:44,1
2005-06,101189,James Singleton,James,1610612746,LAC,Los Angeles Clippers,0040500235,2006-05-16T00:00:00,LAC @ PHX,L,0.19166666666666668,0,0,0.0,0,0,0.0,0,0,0.0,0,0,0,0,0,0,0,0,0,0,0,-2,0.0,0,0,0.0,1,851,851,851,1707,1368,1565,1368,587,938,587,990,1042,990,896,1386,1473,1087,1060,742,500,1,1,1252,1439,943,1605,151,4,1610,,0:12,1
2005-06,962,Walter McCarty,Walter,1610612746,LAC,Los Angeles Clippers,0040500235,2006-05-16T00:00:00,LAC @ PHX,L,0.041666666666666664,0,0,0.0,0,0,0.0,0,0,0.0,0,0,0,0,0,0,0,0,0,0,0,-3,0.0,0,0,0.0,1,851,851,851,1714,1368,1565,1368,587,938,587,990,1042,990,896,1386,1473,1087,1060,742,500,1,1,1252,1439,1032,1605,151,4,1610,,0:03,1
2005-06,101137,Daniel Ewing,Daniel,1610612746,LAC,Los Angeles Clippers,0040500235,2006-05-16T00:00:00,LAC @ PHX,L,0.3466666666666667,0,0,0.0,0,0,0.0,0,0,0.0,0,0,0,0,0,0,0,0,0,0,0,-5,0.0,0,0,0.0,1,851,851,851,1701,1368,1565,1368,587,938,587,990,1042,990,896,1386,1473,1087,1060,742,500,1,1,1252,1439,1189,1605,151,4,1610,,0:21,1
2005-06,1495,Tim Duncan,Tim,1610612759,SAS,San Antonio Spurs,0040500224,2006-05-15T00:00:00,SAS @ DAL,L,46.776666666666664,12,23,0.522,0,0,0.0,7,8,0.875,2,11,13,6,3,1,3,3,4,10,31,6,64.6,1,0,58.0,1,851,851,851,53,37,39,483,587,938,587,101,129,437,252,30,45,97,164,274,25,1679,1222,24,55,391,17,1,4,19,,46:47,1
2005-06,2544,LeBron James,LeBron,1610612739,CLE,Cleveland Cavaliers,0040500204,2006-05-15T00:00:00,CLE vs. DET,W,48.0,8,23,0.348,1,2,0.5,5,10,0.5,1,7,8,9,8,2,2,0,3,11,22,2,49.1,0,0,48.0,1,1,1,1,29,178,39,1048,284,529,183,203,66,768,478,144,214,34,3,82,67,1,893,16,190,625,88,151,4,79,,48:00,1
2005-06,1891,Jason Terry,Jason,1610612742,DAL,Dallas Mavericks,0040500224,2006-05-15T00:00:00,DAL vs. SAS,W,50.666666666666664,12,25,0.48,2,6,0.333,6,6,1.0,0,2,2,5,1,2,0,0,2,5,32,11,46.9,0,0,45.0,1,1,1,1,11,37,16,712,125,84,369,142,232,1,896,827,1021,141,614,82,500,1,542,217,43,217,109,151,4,107,,50:40,1
2005-06,1938,Manu Ginobili,Manu,1610612759,SAS,San Antonio Spurs,0040500224,2006-05-15T00:00:00,SAS @ DAL,L,26.701666666666668,8,11,0.727,4,4,1.0,6,6,1.0,3,0,3,2,1,4,0,0,6,3,26,8,43.6,0,0,43.0,1,851,851,851,865,178,490,170,17,234,1,142,232,1,128,1386,832,491,614,5,500,1,1663,471,118,318,147,151,4,124,,26:42,1
2005-06,1717,Dirk Nowitzki,Dirk,1610612742,DAL,Dallas Mavericks,0040500224,2006-05-15T00:00:00,DAL vs. SAS,W,46.775,7,12,0.583,0,1,0.0,14,15,0.933,0,9,9,3,6,0,1,0,4,11,28,3,40.3,0,0,42.0,1,1,1,1,54,269,425,359,587,709,587,13,18,408,896,63,161,335,15,742,157,1,1222,16,94,567,191,151,4,136,,46:47,1
2005-06,2225,Tony Parker,Tony,1610612759,SAS,San Antonio Spurs,0040500224,2006-05-15T00:00:00,SAS @ DAL,L,45.61666666666667,12,23,0.522,0,1,0.0,9,14,0.643,1,2,3,1,5,2,0,2,2,8,33,-1,39.1,0,0,41.0,1,851,851,851,81,37,39,483,587,709,587,49,26,721,478,827,832,731,36,82,500,1566,542,70,35,859,217,151,4,146,,45:37,1
2005-06,2734,Devin Harris,Devin,1610612742,DAL,Dallas Mavericks,0040500224,2006-05-15T00:00:00,DAL vs. SAS,W,40.455,7,10,0.7,0,0,0.0,4,6,0.667,2,4,6,6,3,0,2,0,4,6,18,12,37.2,0,0,34.0,1,1,1,1,264,269,572,188,587,938,587,284,232,657,252,431,386,97,164,742,67,1,1222,145,328,186,252,151,4,267,,40:27,1
2005-06,711,Jerry Stackhouse,Jerry,1610612742,DAL,Dallas Mavericks,0040500224,2006-05-15T00:00:00,DAL vs. SAS,W,38.54833333333333,10,19,0.526,3,3,1.0,3,4,0.75,1,2,3,2,0,0,0,1,0,4,26,14,32.6,0,0,34.0,1,1,1,1,369,84,108,478,57,362,1,405,399,566,478,827,832,491,1060,742,500,1178,1,316,118,146,356,151,4,267,,38:33,1
2005-06,1888,Richard Hamilton,Richard,1610612765,DET,Detroit Pistons,0040500204,2006-05-15T00:00:00,DET @ CLE,L,39.333333333333336,11,25,0.44,1,3,0.333,7,7,1.0,0,2,2,0,2,0,0,2,4,4,30,4,30.4,0,0,33.0,1,851,851,851,331,62,16,809,284,362,369,101,195,1,896,827,1021,1087,358,742,500,1566,1222,316,67,504,406,151,4,291,,39:20,1
2005-06,1497,Chauncey Billups,Chauncey,1610612765,DET,Detroit Pistons,0040500204,2006-05-15T00:00:00,DET @ CLE,L,41.88333333333333,3,10,0.3,2,5,0.4,3,4,0.75,0,3,3,7,1,3,0,1,2,3,11,-3,33.1,0,0,29.0,1,851,851,851,199,742,572,1178,125,141,327,405,399,566,896,615,832,67,614,32,500,1178,542,471,622,1032,347,151,4,401,,41:53,1
2005-06,714,Michael Finley,Michael,1610612759,SAS,San Antonio Spurs,0040500224,2006-05-15T00:00:00,SAS @ DAL,L,46.75,5,10,0.5,2,4,0.5,2,2,1.0,0,6,6,2,1,1,0,0,2,2,14,-3,26.2,0,0,26.0,1,851,851,851,55,456,572,488,125,234,183,530,647,1,896,208,386,491,614,274,500,1,542,675,478,1032,543,151,4,498,,46:45,1
2005-06,2419,Tayshaun Prince,Tayshaun,1610612765,DET,Detroit Pistons,0040500204,2006-05-15T00:00:00,DET @ CLE,L,42.25,6,15,0.4,1,2,0.5,3,4,0.75,0,5,5,1,4,1,0,1,3,4,16,-4,22.5,0,0,25.0,1,851,851,851,187,351,255,896,284,529,183,405,399,566,896,311,510,731,71,274,500,1178,893,316,399,1108,655,151,4,532,,42:15,1
2005-06,1112,Ben Wallace,Ben,1610612765,DET,Detroit Pistons,0040500204,2006-05-15T00:00:00,DET @ CLE,L,43.2,0,2,0.0,0,0,0.0,1,2,0.5,6,4,10,1,2,1,3,1,3,4,1,5,24.5,0,0,20.0,1,851,851,851,153,1368,1280,1368,587,938,587,793,647,768,10,431,114,731,358,274,25,1178,893,316,1415,444,597,151,4,704,,43:12,1
2005-06,980,Zydrunas Ilgauskas,Zydrunas,1610612739,CLE,Cleveland Cavaliers,0040500204,2006-05-15T00:00:00,CLE vs. DET,W,23.25,3,9,0.333,0,0,0.0,0,0,0.0,1,6,7,1,2,0,3,1,4,1,6,-1,22.9,0,0,20.0,1,1,1,1,992,742,639,1051,587,938,587,990,1042,990,478,208,284,731,358,742,25,1178,1222,926,957,859,645,151,4,704,,23:15,1
2005-06,727,Eric Snow,Eric,1610612739,CLE,Cleveland Cavaliers,0040500204,2006-05-15T00:00:00,CLE vs. DET,W,36.38333333333333,5,7,0.714,0,0,0.0,2,3,0.667,1,2,3,1,1,2,0,0,2,3,12,5,22.1,0,0,20.0,1,1,1,1,460,456,786,178,587,938,587,530,561,657,478,827,832,731,614,82,500,1,542,471,571,444,672,151,4,704,,36:23,1
2005-06,739,Rasheed Wallace,Rasheed,1610612765,DET,Detroit Pistons,0040500204,2006-05-15T00:00:00,DET @ CLE,L,33.96666666666667,3,13,0.231,0,2,0.0,1,2,0.5,2,4,6,3,3,1,1,0,3,3,7,-6,21.7,0,0,20.0,1,851,851,851,571,742,359,1294,587,529,587,793,647,768,252,431,386,335,164,274,157,1,893,471,897,1251,695,151,4,704,,33:58,1
2005-06,956,Erick Dampier,Erick,1610612742,DAL,Dallas Mavericks,0040500224,2006-05-15T00:00:00,DAL vs. SAS,W,36.17666666666667,4,6,0.667,0,0,0.0,0,0,0.0,6,3,9,0,0,0,1,1,6,0,8,4,21.8,0,0,19.0,1,1,1,1,467,580,878,197,587,938,587,990,1042,990,10,615,161,1087,1060,742,157,1178,1663,1252,812,504,691,151,4,745,,36:11,1
2005-06,2760,Anderson Varejao,Anderson,1610612739,CLE,Cleveland Cavaliers,0040500204,2006-05-15T00:00:00,CLE vs. DET,W,28.338333333333335,4,7,0.571,0,0,0.0,2,2,1.0,1,5,6,0,1,1,0,2,2,3,10,3,19.2,0,0,18.0,1,1,1,1,794,580,786,369,587,938,587,530,647,1,478,311,386,1087,614,274,500,1566,542,471,683,567,789,151,4,772,,28:20,1
2005-06,699,Brent Barry,Brent,1610612759,SAS,San Antonio Spurs,0040500224,2006-05-15T00:00:00,SAS @ DAL,L,38.11666666666667,2,4,0.5,1,2,0.5,0,0,0.0,0,7,7,3,3,1,0,1,3,1,5,-11,17.9,0,0,18.0,1,851,851,851,389,933,1052,488,284,529,183,990,1042,990,896,144,284,335,164,274,500,1178,893,926,1046,1501,854,151,4,772,,38:07,1
2005-06,923,Donyell Marshall,Donyell,1610612739,CLE,Cleveland Cavaliers,0040500204,2006-05-15T00:00:00,CLE vs. DET,W,27.523333333333333,3,9,0.333,3,6,0.5,0,0,0.0,0,3,3,0,2,1,0,0,5,0,9,3,13.6,0,0,17.0,1,1,1,1,827,742,639,1051,57,84,183,990,1042,990,896,615,832,1087,358,274,500,1,1489,1252,763,567,1007,151,4,827,,27:31,1
2005-06,1477,Bruce Bowen,Bruce,1610612759,SAS,San Antonio Spurs,0040500224,2006-05-15T00:00:00,SAS @ DAL,L,44.276666666666664,2,6,0.333,1,3,0.333,0,0,0.0,1,3,4,2,1,1,1,1,5,1,5,-9,17.8,0,0,16.0,1,851,851,851,120,933,878,1051,284,362,369,990,1042,990,478,615,647,491,614,274,157,1178,1489,926,1046,1409,857,151,4,871,,44:17,1
2005-06,2572,Josh Howard,Josh,1610612742,DAL,Dallas Mavericks,0040500224,2006-05-15T00:00:00,DAL vs. SAS,W,31.19,4,13,0.308,0,1,0.0,0,0,0.0,1,4,5,2,2,0,0,1,4,1,8,-15,15.0,0,0,15.0,1,1,1,1,688,580,359,1165,587,709,587,990,1042,990,478,431,510,491,358,742,500,1178,1222,926,812,1591,953,151,4,904,,31:11,1
2005-06,2436,Flip Murray,Flip,1610612739,CLE,Cleveland Cavaliers,0040500204,2006-05-15T00:00:00,CLE vs. DET,W,34.78333333333333,3,7,0.429,1,3,0.333,0,0,0.0,0,2,2,2,3,0,0,1,2,0,7,-7,9.4,0,0,12.0,1,1,1,1,530,742,786,821,284,362,369,990,1042,990,896,827,1021,491,164,742,500,1178,542,1252,897,1313,1185,151,4,1038,,34:47,1
2005-06,2400,Drew Gooden,Drew,1610612739,CLE,Cleveland Cavaliers,0040500204,2006-05-15T00:00:00,CLE vs. DET,W,15.405,2,3,0.667,0,0,0.0,2,2,1.0,3,2,5,0,1,0,0,1,2,1,6,-1,11.0,0,0,11.0,1,1,1,1,1223,933,1167,197,587,938,587,530,647,1,128,827,510,1087,614,742,500,1178,542,926,957,859,1116,151,4,1087,,15:24,1
2005-06,2205,DeSagana Diop,DeSagana,1610612742,DAL,Dallas Mavericks,0040500224,2006-05-15T00:00:00,DAL vs. SAS,W,12.688333333333333,0,1,0.0,0,0,0.0,0,0,0.0,3,1,4,0,0,0,3,0,6,1,0,-10,13.8,0,0,10.0,1,1,1,1,1303,1368,1422,1368,587,938,587,990,1042,990,128,1103,647,1087,1060,742,25,1,1663,926,1439,1457,997,151,4,1125,,12:41,1
2005-06,2230,Maurice Evans,Maurice,1610612765,DET,Detroit Pistons,0040500204,2006-05-15T00:00:00,DET @ CLE,L,10.195,0,1,0.0,0,0,0.0,3,4,0.75,1,1,2,0,0,1,1,0,0,2,3,4,11.4,0,0,9.0,1,851,851,851,1374,1368,1422,1368,587,938,587,405,399,566,478,1103,1021,1087,1060,274,157,1,1,675,1180,504,1096,151,4,1164,,10:12,1
2005-06,960,Tony Delk,Tony,1610612765,DET,Detroit Pistons,0040500204,2006-05-15T00:00:00,DET @ CLE,L,8.688333333333333,2,5,0.4,0,2,0.0,0,0,0.0,0,3,3,0,0,1,0,0,0,0,4,-6,10.6,0,0,9.0,1,851,851,851,1419,933,962,896,587,529,587,990,1042,990,896,615,832,1087,1060,274,500,1,1,1252,1100,1251,1136,151,4,1164,,8:41,1
2005-06,1800,Damon Jones,Damon,1610612739,CLE,Cleveland Cavaliers,0040500204,2006-05-15T00:00:00,CLE vs. DET,W,26.316666666666666,1,3,0.333,0,0,0.0,0,0,0.0,0,2,2,0,0,1,0,0,2,0,2,6,7.4,0,0,6.0,1,1,1,1,881,1118,1167,1051,587,938,587,990,1042,990,896,827,1021,1087,1060,274,500,1,542,1252,1253,391,1271,151,4,1292,,26:19,1
2005-06,2605,Marquis Daniels,Marquis,1610612742,DAL,Dallas Mavericks,0040500224,2006-05-15T00:00:00,DAL vs. SAS,W,8.5,1,4,0.25,0,1,0.0,1,1,1.0,0,1,1,0,0,0,0,1,0,1,3,6,4.2,0,0,4.0,1,1,1,1,1428,1118,1052,1236,587,709,587,793,974,1,896,1103,1241,1087,1060,742,500,1178,1,926,1180,391,1407,151,4,1384,,8:30,1
2005-06,686,Antonio McDyess,Antonio,1610612765,DET,Detroit Pistons,0040500204,2006-05-15T00:00:00,DET @ CLE,L,14.366666666666667,0,2,0.0,0,0,0.0,0,0,0.0,2,2,4,0,1,0,0,0,4,1,0,-5,3.8,0,0,4.0,1,851,851,851,1247,1368,1280,1368,587,938,587,990,1042,990,252,827,647,1087,614,742,500,1,1222,926,1439,1189,1430,151,4,1384,,14:22,1
2005-06,283,Lindsey Hunter,Lindsey,1610612765,DET,Detroit Pistons,0040500204,2006-05-15T00:00:00,DET @ CLE,L,6.116666666666666,0,2,0.0,0,1,0.0,0,0,0.0,0,1,1,0,1,1,0,0,0,1,0,1,3.2,0,0,3.0,1,851,851,851,1493,1368,1280,1368,587,709,587,990,1042,990,896,1103,1241,1087,614,274,500,1,1,926,1439,689,1451,151,4,1449,,6:07,1
2005-06,89,Nick Van Exel,Nick,1610612759,SAS,San Antonio Spurs,0040500224,2006-05-15T00:00:00,SAS @ DAL,L,7.383333333333334,1,2,0.5,0,0,0.0,0,0,0.0,0,1,1,0,0,0,0,0,5,0,2,-4,3.2,0,0,3.0,1,851,851,851,1454,1118,1280,488,587,938,587,990,1042,990,896,1103,1241,1087,1060,742,500,1,1489,1252,1253,1108,1451,151,4,1449,,7:23,1
2005-06,109,Robert Horry,Robert,1610612759,SAS,San Antonio Spurs,0040500224,2006-05-15T00:00:00,SAS @ DAL,L,9.366666666666667,0,0,0.0,0,0,0.0,2,2,1.0,0,0,0,0,0,0,0,0,2,1,2,-11,2.0,0,0,2.0,1,851,851,851,1399,1368,1565,1368,587,938,587,530,647,1,896,1386,1473,1087,1060,742,500,1,542,926,1253,1501,1516,151,4,1498,,9:22,1
2005-06,1725,Rasho Nesterovic,Rasho,1610612759,SAS,San Antonio Spurs,0040500224,2006-05-15T00:00:00,SAS @ DAL,L,0.011666666666666667,0,0,0.0,0,0,0.0,0,0,0.0,0,0,0,0,0,0,0,0,0,0,0,0,0.0,0,0,0.0,1,851,851,851,1718,1368,1565,1368,587,938,587,990,1042,990,896,1386,1473,1087,1060,742,500,1,1,1252,1439,762,1605,151,4,1610,,0:01,1
2005-06,208,Sam Cassell,Sam,1610612746,LAC,Los Angeles Clippers,0040500234,2006-05-14T00:00:00,LAC vs. PHX,W,39.54666666666667,9,20,0.45,3,5,0.6,7,10,0.7,3,8,11,9,1,0,0,1,4,6,28,7,53.7,1,0,51.0,1,1,1,1,315,116,82,774,57,141,149,101,66,653,128,100,82,34,614,742,500,1178,1222,145,94,352,57,1,4,52,,39:33,1
2005-06,1882,Elton Brand,Elton,1610612746,LAC,Los Angeles Clippers,0040500234,2006-05-14T00:00:00,LAC vs. PHX,W,45.79666666666667,13,24,0.542,0,1,0.0,4,5,0.8,5,4,9,8,2,1,1,1,0,6,30,7,56.8,0,0,51.0,1,1,1,1,77,18,25,442,587,709,587,284,332,518,26,431,161,49,358,274,157,1178,1,145,67,352,40,151,4,52,,45:48,1
2005-06,1952,Raja Bell,Raja,1610612756,PHX,Phoenix Suns,0040500234,2006-05-14T00:00:00,PHX @ LAC,L,45.56666666666667,13,20,0.65,7,12,0.583,0,0,0.0,2,5,7,4,1,0,0,1,2,2,33,-4,46.4,0,0,51.0,1,851,851,851,82,18,82,255,1,2,169,990,1042,990,252,311,284,208,614,742,500,1178,542,675,35,1108,112,151,4,52,,45:34,1
2005-06,2548,Dwyane Wade,Dwyane,1610612748,MIA,Miami Heat,0040500214,2006-05-14T00:00:00,MIA @ NJN,W,45.2,11,19,0.579,0,0,0.0,9,10,0.9,0,7,7,8,4,2,0,0,2,8,31,11,53.4,0,0,50.0,1,1,1,1,96,62,108,368,587,938,587,49,66,419,896,144,284,49,71,82,500,1,542,70,55,217,61,151,4,60,,45:12,1
2005-06,467,Jason Kidd,Jason,1610612751,NJN,New Jersey Nets,0040500214,2006-05-14T00:00:00,NJN vs. MIA,L,44.31666666666667,5,16,0.313,1,6,0.167,6,6,1.0,3,10,13,12,2,0,0,1,3,3,17,-8,48.6,1,1,43.0,1,851,851,851,116,456,208,1159,284,84,562,142,232,1,128,44,45,8,358,742,500,1178,893,471,353,1363,91,1,1,124,,44:19,1
2005-06,2564,Boris Diaw,Boris,1610612756,PHX,Phoenix Suns,0040500234,2006-05-14T00:00:00,PHX @ LAC,L,39.583333333333336,8,14,0.571,0,0,0.0,5,7,0.714,2,5,7,8,0,2,0,0,2,6,21,-9,47.4,0,0,40.0,1,851,851,851,314,178,306,369,587,938,587,203,195,644,252,311,284,49,1060,82,500,1,542,145,222,1409,101,151,4,161,,39:35,1
2005-06,2617,Udonis Haslem,Udonis,1610612748,MIA,Miami Heat,0040500214,2006-05-14T00:00:00,MIA @ NJN,W,36.63333333333333,8,11,0.727,0,0,0.0,4,5,0.8,1,10,11,1,1,2,0,1,3,4,20,11,39.7,1,0,36.0,1,1,1,1,448,178,490,170,587,938,587,284,332,518,478,44,82,731,614,82,500,1178,893,316,258,217,202,1,4,228,,36:38,1
2005-06,2420,Nenad Krstic,Nenad,1610612751,NJN,New Jersey Nets,0040500214,2006-05-14T00:00:00,NJN vs. MIA,L,44.85,9,16,0.563,0,0,0.0,2,2,1.0,5,9,14,0,1,0,1,2,3,1,20,-12,38.8,1,0,36.0,1,851,851,851,102,116,208,404,587,938,587,530,647,1,26,63,32,1087,614,742,157,1566,893,926,258,1528,222,1,4,228,,44:51,1
2005-06,1894,Corey Maggette,Corey,1610612746,LAC,Los Angeles Clippers,0040500234,2006-05-14T00:00:00,LAC vs. PHX,W,33.91166666666667,5,9,0.556,0,1,0.0,8,8,1.0,0,15,15,1,3,0,0,0,5,5,18,13,34.5,1,0,34.0,1,1,1,1,573,456,639,412,587,709,587,69,129,1,896,2,19,731,164,742,500,1,1489,217,328,166,310,1,4,267,,33:55,1
2005-06,1713,Vince Carter,Vince,1610612751,NJN,New Jersey Nets,0040500214,2006-05-14T00:00:00,NJN vs. MIA,L,45.666666666666664,12,28,0.429,0,7,0.0,2,4,0.5,1,1,2,5,3,0,0,0,2,4,26,-11,32.9,0,0,33.0,1,851,851,851,78,37,6,821,587,42,587,530,399,768,478,1103,1021,141,164,742,500,1,542,316,118,1501,350,151,4,291,,45:40,1
2005-06,1501,Tim Thomas,Tim,1610612756,PHX,Phoenix Suns,0040500234,2006-05-14T00:00:00,PHX @ LAC,L,34.55,3,12,0.25,2,10,0.2,5,6,0.833,2,4,6,1,0,2,2,0,4,3,13,-1,33.7,0,0,30.0,1,851,851,851,547,742,425,1236,125,6,535,203,232,479,252,431,386,731,1060,82,67,1,1222,471,534,859,328,151,4,374,,34:33,1
2005-06,952,Antoine Walker,Antoine,1610612748,MIA,Miami Heat,0040500214,2006-05-14T00:00:00,MIA @ NJN,W,35.655,7,11,0.636,5,8,0.625,1,2,0.5,0,2,2,1,0,1,0,0,3,2,20,9,26.9,0,0,30.0,1,1,1,1,488,269,490,268,5,19,145,793,647,768,896,827,1021,731,1060,274,500,1,893,675,258,285,525,151,4,374,,35:39,1
2005-06,1890,Shawn Marion,Shawn,1610612756,PHX,Phoenix Suns,0040500234,2006-05-14T00:00:00,PHX @ LAC,L,35.3,5,11,0.455,0,4,0.0,4,4,1.0,1,9,10,2,0,0,1,1,5,2,14,-12,32.0,1,0,28.0,1,851,851,851,501,456,490,751,587,234,587,284,399,1,478,63,114,491,1060,742,157,1178,1489,675,478,1528,367,1,4,435,,35:18,1
2005-06,406,Shaquille O'Neal,Shaquille,1610612748,MIA,Miami Heat,0040500214,2006-05-14T00:00:00,MIA @ NJN,W,35.11,7,13,0.538,0,0,0.0,2,8,0.25,4,4,8,2,3,0,1,0,3,8,16,11,28.6,0,0,28.0,1,1,1,1,513,269,359,446,587,938,587,530,129,968,55,431,214,491,164,742,157,1,893,70,399,217,467,151,4,435,,35:07,1
2005-06,2733,Shaun Livingston,Shaun,1610612746,LAC,Los Angeles Clippers,0040500234,2006-05-14T00:00:00,LAC vs. PHX,W,34.61666666666667,4,10,0.4,1,1,1.0,2,2,1.0,4,1,5,4,0,0,2,0,4,1,11,5,29.0,0,0,25.0,1,1,1,1,541,580,572,896,284,709,1,530,647,1,55,1103,510,208,1060,742,67,1,1222,926,622,444,451,151,4,532,,34:37,1
2005-06,2210,Richard Jefferson,Richard,1610612751,NJN,New Jersey Nets,0040500214,2006-05-14T00:00:00,NJN vs. MIA,L,35.78333333333333,7,13,0.538,2,3,0.667,1,2,0.5,0,3,3,3,3,0,0,0,5,5,17,-8,22.1,0,0,25.0,1,851,851,851,485,269,359,446,125,362,108,793,647,768,896,615,832,335,164,742,500,1,1489,217,353,1363,672,151,4,532,,35:47,1
2005-06,2571,Leandro Barbosa,Leandro,1610612756,PHX,Phoenix Suns,0040500234,2006-05-14T00:00:00,PHX @ LAC,L,30.333333333333332,7,15,0.467,1,6,0.167,0,0,0.0,0,2,2,4,2,1,0,0,5,2,15,-4,24.4,0,0,24.0,1,851,851,851,719,269,255,724,284,84,562,990,1042,990,896,827,1021,208,358,274,500,1,1489,675,442,1108,598,151,4,562,,30:20,1
2005-06,959,Steve Nash,Steve,1610612756,PHX,Phoenix Suns,0040500234,2006-05-14T00:00:00,PHX @ LAC,L,38.916666666666664,3,11,0.273,0,2,0.0,2,3,0.667,2,1,3,11,2,0,0,3,2,3,8,-2,26.1,0,0,22.0,1,851,851,851,352,742,490,1223,587,529,587,530,561,657,252,1103,832,12,358,742,500,1679,542,471,812,943,546,151,4,628,,38:55,1
2005-06,2209,Vladimir Radmanovic,Vladimir,1610612746,LAC,Los Angeles Clippers,0040500234,2006-05-14T00:00:00,LAC vs. PHX,W,24.933333333333334,5,10,0.5,1,4,0.25,2,2,1.0,1,0,1,2,1,1,1,1,3,2,13,-9,22.2,0,0,21.0,1,1,1,1,925,456,572,488,284,234,480,530,647,1,478,1386,1241,491,614,274,157,1178,893,675,534,1409,667,151,4,659,,24:56,1
2005-06,1749,Cuttino Mobley,Cuttino,1610612746,LAC,Los Angeles Clippers,0040500234,2006-05-14T00:00:00,LAC vs. PHX,W,40.93333333333333,4,10,0.4,0,4,0.0,2,2,1.0,2,6,8,1,2,0,1,0,2,1,10,4,22.1,0,0,21.0,1,1,1,1,244,580,572,896,587,234,587,530,647,1,252,208,214,731,358,742,157,1,542,926,683,504,672,151,4,659,,40:56,1
2005-06,1899,James Posey,James,1610612748,MIA,Miami Heat,0040500214,2006-05-14T00:00:00,MIA @ NJN,W,24.651666666666667,1,4,0.25,1,3,0.333,4,6,0.667,0,6,6,1,0,0,0,0,3,4,7,3,15.7,0,0,15.0,1,1,1,1,937,1118,1052,1236,284,362,369,284,232,657,896,208,386,731,1060,742,500,1,893,316,897,567,926,151,4,904,,24:39,1
2005-06,1715,Jason Williams,Jason,1610612748,MIA,Miami Heat,0040500214,2006-05-14T00:00:00,MIA @ NJN,W,28.43166666666667,1,6,0.167,1,4,0.25,0,0,0.0,0,2,2,4,0,2,0,0,2,0,3,5,17.4,0,0,14.0,1,1,1,1,791,1118,878,1337,284,234,480,990,1042,990,896,827,1021,208,1060,82,500,1,542,1252,1180,444,877,151,4,939,,28:26,1
2005-06,441,Lamond Murray,Lamond,1610612751,NJN,New Jersey Nets,0040500214,2006-05-14T00:00:00,NJN vs. MIA,L,23.45,1,5,0.2,1,4,0.25,1,2,0.5,2,7,9,0,0,0,0,0,5,1,4,-3,14.8,0,0,14.0,1,851,851,851,987,1118,962,1304,284,234,480,793,647,768,252,144,161,1087,1060,742,500,1,1489,926,1100,1032,959,151,4,939,,23:27,1
2005-06,2215,Jason Collins,Jason,1610612751,NJN,New Jersey Nets,0040500214,2006-05-14T00:00:00,NJN vs. MIA,L,32.43333333333333,2,3,0.667,0,0,0.0,3,6,0.5,2,2,4,1,1,0,0,0,6,5,7,-6,12.3,0,0,12.0,1,851,851,851,645,933,1167,197,587,938,587,405,232,768,252,827,647,731,614,742,500,1,1663,217,897,1251,1065,151,4,1038,,32:26,1
2005-06,297,Alonzo Mourning,Alonzo,1610612748,MIA,Miami Heat,0040500214,2006-05-14T00:00:00,MIA @ NJN,W,11.95,1,2,0.5,0,0,0.0,0,0,0.0,1,0,1,1,1,0,3,0,2,0,2,-4,12.7,0,0,10.0,1,1,1,1,1323,1118,1280,488,587,938,587,990,1042,990,478,1386,1241,731,614,742,25,1,542,1252,1253,1108,1044,151,4,1125,,11:57,1
2005-06,2624,Quinton Ross,Quinton,1610612746,LAC,Los Angeles Clippers,0040500234,2006-05-14T00:00:00,LAC vs. PHX,W,16.071666666666665,2,3,0.667,0,0,0.0,0,0,0.0,1,3,4,1,0,0,0,0,1,0,4,9,10.3,0,0,9.0,1,1,1,1,1202,933,1167,197,587,938,587,990,1042,990,478,615,647,731,1060,742,500,1,248,1252,1100,285,1153,151,4,1164,,16:04,1
2005-06,56,Gary Payton,Gary,1610612748,MIA,Miami Heat,0040500214,2006-05-14T00:00:00,MIA @ NJN,W,22.368333333333332,1,4,0.25,1,4,0.25,0,0,0.0,1,1,2,1,1,1,0,0,3,1,3,4,8.9,0,0,9.0,1,1,1,1,1024,1118,1052,1236,284,234,480,990,1042,990,478,1103,1021,731,614,274,500,1,893,926,1180,504,1211,151,4,1164,,22:22,1
2005-06,1519,John Thomas,John,1610612751,NJN,New Jersey Nets,0040500214,2006-05-14T00:00:00,NJN vs. MIA,L,7.55,0,2,0.0,0,0,0.0,1,2,0.5,3,0,3,0,0,1,0,1,1,1,1,-4,7.6,0,0,6.0,1,851,851,851,1452,1368,1280,1368,587,938,587,793,647,768,128,1386,832,1087,1060,274,500,1178,248,926,1415,1108,1264,151,4,1292,,7:33,1
2005-06,2592,James Jones,James,1610612756,PHX,Phoenix Suns,0040500234,2006-05-14T00:00:00,PHX @ LAC,L,15.75,1,5,0.2,0,2,0.0,1,2,0.5,0,2,2,0,0,0,0,0,1,1,3,-3,5.4,0,0,5.0,1,851,851,851,1211,1118,962,1304,587,529,587,793,647,768,896,827,1021,1087,1060,742,500,1,248,926,1180,1032,1351,151,4,1338,,15:45,1
2005-06,962,Walter McCarty,Walter,1610612746,LAC,Los Angeles Clippers,0040500234,2006-05-14T00:00:00,LAC vs. PHX,W,0.20333333333333334,0,0,0.0,0,0,0.0,0,0,0.0,0,1,1,0,0,0,0,0,0,0,0,0,1.2,0,0,1.0,1,1,1,1,1705,1368,1565,1368,587,938,587,990,1042,990,896,1103,1241,1087,1060,742,500,1,1,1252,1439,762,1554,151,4,1557,,0:12,1
2005-06,101189,James Singleton,James,1610612746,LAC,Los Angeles Clippers,0040500234,2006-05-14T00:00:00,LAC vs. PHX,W,3.783333333333333,0,0,0.0,0,0,0.0,0,0,0.0,0,1,1,0,0,0,0,0,0,0,0,-1,1.2,0,0,1.0,1,1,1,1,1568,1368,1565,1368,587,938,587,990,1042,990,896,1103,1241,1087,1060,742,500,1,1,1252,1439,859,1554,151,4,1557,,3:47,1
2005-06,1521,Jacque Vaughn,Jacque,1610612751,NJN,New Jersey Nets,0040500214,2006-05-14T00:00:00,NJN vs. MIA,L,5.8,0,1,0.0,0,0,0.0,0,0,0.0,0,0,0,0,0,0,0,0,2,1,0,4,0.0,0,0,0.0,1,851,851,851,1505,1368,1422,1368,587,938,587,990,1042,990,896,1386,1473,1087,1060,742,500,1,542,926,1439,504,1605,151,4,1610,,5:48,1
2005-06,101137,Daniel Ewing,Daniel,1610612746,LAC,Los Angeles Clippers,0040500234,2006-05-14T00:00:00,LAC vs. PHX,W,0.20333333333333334,0,0,0.0,0,0,0.0,0,0,0.0,0,0,0,0,0,0,0,0,0,0,0,0,0.0,0,0,0.0,1,1,1,1,1705,1368,1565,1368,587,938,587,990,1042,990,896,1386,1473,1087,1060,742,500,1,1,1252,1439,762,1605,151,4,1610,,0:12,1
2005-06,101120,Antoine Wright,Antoine,1610612751,NJN,New Jersey Nets,0040500214,2006-05-14T00:00:00,NJN vs. MIA,L,0.15,0,0,0.0,0,0,0.0,0,0,0.0,0,0,0,0,0,0,0,0,0,0,0,-2,0.0,0,0,0.0,1,851,851,851,1710,1368,1565,1368,587,938,587,990,1042,990,896,1386,1473,1087,1060,742,500,1,1,1252,1439,943,1605,151,4,1610,,0:09,1
2005-06,1495,Tim Duncan,Tim,1610612759,SAS,San Antonio Spurs,0040500223,2006-05-13T00:00:00,SAS @ DAL,L,41.2,15,23,0.652,0,1,0.0,5,8,0.625,3,9,12,2,1,1,2,1,6,9,35,4,60.4,1,0,55.0,1,851,851,851,229,8,39,253,587,709,587,203,129,725,128,63,60,491,614,274,67,1178,1663,40,25,504,27,1,4,33,,41:12,1
2005-06,2544,LeBron James,LeBron,1610612739,CLE,Cleveland Cavaliers,0040500203,2006-05-13T00:00:00,CLE vs. DET,W,48.0,9,18,0.5,1,4,0.25,2,2,1.0,0,10,10,10,4,4,1,0,2,5,21,9,59.0,1,1,52.0,1,1,1,1,29,116,129,488,284,234,480,530,647,1,896,44,114,25,71,5,157,1,542,217,222,285,30,1,1,48,,48:00,1
2005-06,1717,Dirk Nowitzki,Dirk,1610612742,DAL,Dallas Mavericks,0040500223,2006-05-13T00:00:00,DAL vs. SAS,W,43.34166666666667,3,9,0.333,0,0,0.0,21,24,0.875,4,11,15,3,3,1,1,0,2,14,27,3,52.5,1,0,49.0,1,1,1,1,146,742,639,1051,587,938,587,1,2,437,55,30,19,335,164,274,157,1,542,3,105,567,65,1,4,71,,43:21,1
2005-06,1497,Chauncey Billups,Chauncey,1610612765,DET,Detroit Pistons,0040500203,2006-05-13T00:00:00,DET @ CLE,L,39.916666666666664,6,15,0.4,3,6,0.5,5,5,1.0,1,2,3,5,4,3,0,1,1,6,20,1,36.1,0,0,37.0,1,851,851,851,294,351,255,896,57,84,183,203,332,1,478,827,832,141,71,32,500,1178,248,145,258,689,278,151,4,208,,39:55,1
2005-06,1888,Richard Hamilton,Richard,1610612765,DET,Detroit Pistons,0040500203,2006-05-13T00:00:00,DET @ CLE,L,43.333333333333336,9,18,0.5,2,2,1.0,2,2,1.0,0,2,2,5,2,2,0,1,3,2,22,-12,35.9,0,0,35.0,1,851,851,851,147,116,129,488,125,529,1,530,647,1,896,827,1021,141,358,82,500,1178,893,675,190,1528,281,151,4,250,,43:20,1
2005-06,1891,Jason Terry,Jason,1610612742,DAL,Dallas Mavericks,0040500223,2006-05-13T00:00:00,DAL vs. SAS,W,40.62,8,15,0.533,1,2,0.5,2,2,1.0,1,2,3,4,3,1,0,0,3,2,19,0,28.6,0,0,29.0,1,1,1,1,261,178,255,458,284,529,183,530,647,1,478,827,832,208,164,274,500,1,893,675,298,762,467,151,4,401,,40:37,1
2005-06,1938,Manu Ginobili,Manu,1610612759,SAS,San Antonio Spurs,0040500223,2006-05-13T00:00:00,SAS @ DAL,L,32.06666666666667,7,16,0.438,0,2,0.0,10,11,0.909,0,4,4,1,2,0,0,0,4,8,24,5,28.3,0,0,29.0,1,851,851,851,654,269,208,811,587,529,587,40,50,415,896,431,647,731,358,742,500,1,1222,70,149,444,474,151,4,401,,32:04,1
2005-06,2734,Devin Harris,Devin,1610612742,DAL,Dallas Mavericks,0040500223,2006-05-13T00:00:00,DAL vs. SAS,W,36.931666666666665,7,14,0.5,0,1,0.0,10,11,0.909,1,1,2,0,4,1,0,1,2,8,24,14,25.4,0,0,28.0,1,1,1,1,434,269,306,488,587,709,587,40,50,415,478,1103,1021,1087,71,274,500,1178,542,70,149,146,572,151,4,435,,36:56,1
2005-06,2225,Tony Parker,Tony,1610612759,SAS,San Antonio Spurs,0040500223,2006-05-13T00:00:00,SAS @ DAL,L,38.485,6,16,0.375,0,0,0.0,3,4,0.75,2,2,4,4,2,2,0,1,4,2,15,2,29.8,0,0,27.0,1,851,851,851,377,351,208,980,587,938,587,405,399,566,252,827,647,208,358,82,500,1178,1222,675,442,625,427,151,4,472,,38:29,1
2005-06,2436,Flip Murray,Flip,1610612739,CLE,Cleveland Cavaliers,0040500203,2006-05-13T00:00:00,CLE vs. DET,W,45.46666666666667,4,13,0.308,1,4,0.25,4,4,1.0,2,5,7,3,1,1,0,1,2,3,13,12,27.9,0,0,26.0,1,1,1,1,87,580,359,1165,284,234,480,284,399,1,252,311,284,335,614,274,500,1178,542,471,534,186,485,151,4,498,,45:28,1
2005-06,1112,Ben Wallace,Ben,1610612765,DET,Detroit Pistons,0040500203,2006-05-13T00:00:00,DET @ CLE,L,37.63333333333333,2,4,0.5,0,0,0.0,1,3,0.333,5,8,13,2,1,1,0,0,1,4,5,0,25.6,0,0,22.0,1,851,851,851,409,933,1052,488,587,938,587,793,561,943,26,100,45,491,614,274,500,1,248,316,1046,762,562,151,4,628,,37:38,1
2005-06,699,Brent Barry,Brent,1610612759,SAS,San Antonio Spurs,0040500223,2006-05-13T00:00:00,SAS @ DAL,L,27.051666666666666,2,4,0.5,2,4,0.5,2,3,0.667,1,4,5,2,2,2,0,1,4,1,8,-2,21.0,0,0,21.0,1,851,851,851,848,933,1052,488,125,234,183,530,561,657,478,431,510,491,358,82,500,1178,1222,926,812,943,713,151,4,659,,27:03,1
2005-06,739,Rasheed Wallace,Rasheed,1610612765,DET,Detroit Pistons,0040500203,2006-05-13T00:00:00,DET @ CLE,L,36.13,3,11,0.273,1,5,0.2,4,4,1.0,1,5,6,1,2,0,1,0,5,3,11,-8,20.7,0,0,21.0,1,851,851,851,471,742,490,1223,284,141,535,284,399,1,478,311,386,731,358,742,157,1,1489,471,622,1363,723,151,4,659,,36:08,1
2005-06,2572,Josh Howard,Josh,1610612742,DAL,Dallas Mavericks,0040500223,2006-05-13T00:00:00,DAL vs. SAS,W,34.858333333333334,4,10,0.4,0,1,0.0,4,6,0.667,1,6,7,0,3,0,1,2,5,3,12,7,20.4,0,0,21.0,1,1,1,1,522,580,572,896,587,709,587,284,232,657,478,208,284,1087,164,742,157,1566,1489,471,571,352,736,151,4,659,,34:52,1
2005-06,727,Eric Snow,Eric,1610612739,CLE,Cleveland Cavaliers,0040500203,2006-05-13T00:00:00,CLE vs. DET,W,27.078333333333333,3,7,0.429,0,0,0.0,2,2,1.0,1,1,2,4,2,2,0,0,1,1,8,-1,20.4,0,0,18.0,1,1,1,1,847,742,786,821,587,938,587,530,647,1,478,1103,1021,208,358,82,500,1,248,926,812,859,736,151,4,772,,27:05,1
2005-06,923,Donyell Marshall,Donyell,1610612739,CLE,Cleveland Cavaliers,0040500203,2006-05-13T00:00:00,CLE vs. DET,W,28.083333333333332,3,8,0.375,0,3,0.0,3,3,1.0,1,4,5,0,2,0,2,0,2,2,9,13,19.0,0,0,18.0,1,1,1,1,803,742,699,980,587,362,587,405,561,1,478,431,510,1087,358,742,67,1,542,675,763,166,796,151,4,772,,28:05,1
2005-06,2419,Tayshaun Prince,Tayshaun,1610612765,DET,Detroit Pistons,0040500203,2006-05-13T00:00:00,DET @ CLE,L,41.88333333333333,4,10,0.4,0,2,0.0,2,2,1.0,1,3,4,4,2,0,0,0,2,1,10,-5,18.8,0,0,18.0,1,851,851,851,199,580,572,896,587,529,587,530,647,1,478,615,647,208,358,742,500,1,542,926,683,1189,806,151,4,772,,41:53,1
2005-06,2760,Anderson Varejao,Anderson,1610612739,CLE,Cleveland Cavaliers,0040500203,2006-05-13T00:00:00,CLE vs. DET,W,21.905,6,7,0.857,0,0,0.0,4,5,0.8,1,1,2,0,0,0,0,0,3,5,16,7,18.4,0,0,18.0,1,1,1,1,1035,351,786,103,587,938,587,284,332,518,478,1103,1021,1087,1060,742,500,1,893,217,399,352,826,151,4,772,,21:54,1
2005-06,686,Antonio McDyess,Antonio,1610612765,DET,Detroit Pistons,0040500203,2006-05-13T00:00:00,DET @ CLE,L,22.216666666666665,3,6,0.5,0,0,0.0,0,0,0.0,4,4,8,1,2,1,0,0,3,1,6,-8,18.1,0,0,17.0,1,851,851,851,1031,742,878,488,587,938,587,990,1042,990,55,431,214,731,358,274,500,1,893,926,957,1363,843,151,4,827,,22:13,1
2005-06,980,Zydrunas Ilgauskas,Zydrunas,1610612739,CLE,Cleveland Cavaliers,0040500203,2006-05-13T00:00:00,CLE vs. DET,W,22.366666666666667,4,6,0.667,0,0,0.0,0,0,0.0,3,3,6,1,2,0,1,1,2,0,8,2,17.7,0,0,17.0,1,1,1,1,1025,580,878,197,587,938,587,990,1042,990,128,615,386,731,358,742,157,1178,542,1252,812,625,863,151,4,827,,22:22,1
2005-06,2400,Drew Gooden,Drew,1610612739,CLE,Cleveland Cavaliers,0040500203,2006-05-13T00:00:00,CLE vs. DET,W,23.033333333333335,4,6,0.667,0,0,0.0,0,0,0.0,1,4,5,1,2,1,0,0,3,1,8,-6,16.5,0,0,16.0,1,1,1,1,1002,580,878,197,587,938,587,990,1042,990,478,431,510,731,358,274,500,1,893,926,812,1251,896,151,4,871,,23:02,1
2005-06,2205,DeSagana Diop,DeSagana,1610612742,DAL,Dallas Mavericks,0040500223,2006-05-13T00:00:00,DAL vs. SAS,W,19.075,1,2,0.5,0,0,0.0,1,1,1.0,1,4,5,0,0,0,3,0,4,1,3,8,18.0,0,0,14.0,1,1,1,1,1112,1118,1280,488,587,938,587,793,974,1,478,431,510,1087,1060,742,25,1,1222,926,1180,318,848,151,4,939,,19:05,1
2005-06,711,Jerry Stackhouse,Jerry,1610612742,DAL,Dallas Mavericks,0040500223,2006-05-13T00:00:00,DAL vs. SAS,W,27.633333333333333,5,11,0.455,0,1,0.0,0,2,0.0,1,0,1,2,0,0,0,0,2,3,10,-8,14.2,0,0,13.0,1,1,1,1,823,456,490,751,587,709,587,990,647,990,478,1386,1241,491,1060,742,500,1,542,471,683,1363,982,151,4,985,,27:38,1
2005-06,1477,Bruce Bowen,Bruce,1610612759,SAS,San Antonio Spurs,0040500223,2006-05-13T00:00:00,SAS @ DAL,L,38.9,3,5,0.6,1,1,1.0,0,0,0.0,1,1,2,1,2,1,0,0,5,0,7,-10,11.9,0,0,13.0,1,851,851,851,354,742,962,311,284,709,1,990,1042,990,478,1103,1021,731,358,274,500,1,1489,1252,897,1457,1077,151,4,985,,38:54,1
2005-06,956,Erick Dampier,Erick,1610612742,DAL,Dallas Mavericks,0040500223,2006-05-13T00:00:00,DAL vs. SAS,W,24.07,2,2,1.0,0,0,0.0,1,2,0.5,3,3,6,0,1,0,0,0,5,1,5,-3,11.2,0,0,11.0,1,1,1,1,967,933,1280,1,587,938,587,793,647,768,128,615,386,1087,614,742,500,1,1489,926,1046,1032,1106,151,4,1087,,24:04,1
2005-06,714,Michael Finley,Michael,1610612759,SAS,San Antonio Spurs,0040500223,2006-05-13T00:00:00,SAS @ DAL,L,27.398333333333333,3,7,0.429,0,1,0.0,0,0,0.0,0,2,2,0,0,1,0,0,0,1,6,15,11.4,0,0,10.0,1,851,851,851,834,742,786,821,587,709,587,990,1042,990,896,827,1021,1087,1060,274,500,1,1,926,957,124,1096,151,4,1125,,27:24,1
2005-06,101177,Fabricio Oberto,Fabricio,1610612759,SAS,San Antonio Spurs,0040500223,2006-05-13T00:00:00,SAS @ DAL,L,10.69,2,5,0.4,0,0,0.0,0,2,0.0,3,0,3,0,0,0,1,2,4,3,4,-8,10.6,0,0,9.0,1,851,851,851,1358,933,962,896,587,938,587,990,647,990,128,1386,832,1087,1060,742,157,1566,1222,471,1100,1363,1136,151,4,1164,,10:41,1
2005-06,2605,Marquis Daniels,Marquis,1610612742,DAL,Dallas Mavericks,0040500223,2006-05-13T00:00:00,DAL vs. SAS,W,13.016666666666667,2,3,0.667,0,0,0.0,0,2,0.0,0,0,0,3,0,0,0,0,2,1,4,-14,8.5,0,0,7.0,1,1,1,1,1298,933,1167,197,587,938,587,990,647,990,896,1386,1473,335,1060,742,500,1,542,926,1100,1574,1231,151,4,1252,,13:01,1
2005-06,109,Robert Horry,Robert,1610612759,SAS,San Antonio Spurs,0040500223,2006-05-13T00:00:00,SAS @ DAL,L,11.383333333333333,0,5,0.0,0,1,0.0,2,4,0.5,3,1,4,1,0,0,0,0,4,2,2,-10,8.3,0,0,7.0,1,851,851,851,1339,1368,962,1368,587,709,587,530,399,768,128,1103,647,731,1060,742,500,1,1222,675,1253,1457,1239,151,4,1252,,11:23,1
2005-06,1800,Damon Jones,Damon,1610612739,CLE,Cleveland Cavaliers,0040500203,2006-05-13T00:00:00,CLE vs. DET,W,24.066666666666666,1,3,0.333,1,3,0.333,0,0,0.0,0,0,0,2,0,0,0,0,2,2,3,9,6.0,0,0,6.0,1,1,1,1,968,1118,1167,1051,284,362,369,990,1042,990,896,1386,1473,491,1060,742,500,1,542,675,1180,285,1321,151,4,1292,,24:04,1
2005-06,283,Lindsey Hunter,Lindsey,1610612765,DET,Detroit Pistons,0040500203,2006-05-13T00:00:00,DET @ CLE,L,8.103333333333333,1,3,0.333,1,2,0.5,0,0,0.0,0,0,0,0,2,0,1,0,3,0,3,-12,4.0,0,0,6.0,1,851,851,851,1436,1118,1167,1051,284,529,183,990,1042,990,896,1386,1473,1087,358,742,157,1,893,1252,1180,1528,1417,151,4,1292,,8:06,1
2005-06,89,Nick Van Exel,Nick,1610612759,SAS,San Antonio Spurs,0040500223,2006-05-13T00:00:00,SAS @ DAL,L,11.658333333333333,1,1,1.0,0,0,0.0,0,0,0.0,0,0,0,1,0,1,0,0,1,0,2,5,6.5,0,0,5.0,1,851,851,851,1330,1118,1422,1,587,938,587,990,1042,990,896,1386,1473,731,1060,274,500,1,248,1252,1253,444,1302,151,4,1338,,11:40,1
2005-06,960,Tony Delk,Tony,1610612765,DET,Detroit Pistons,0040500203,2006-05-13T00:00:00,DET @ CLE,L,4.666666666666667,0,2,0.0,0,0,0.0,0,0,0.0,0,0,0,1,0,1,0,0,0,0,0,3,4.5,0,0,3.0,1,851,851,851,1538,1368,1280,1368,587,938,587,990,1042,990,896,1386,1473,731,1060,274,500,1,1,1252,1439,567,1389,151,4,1449,,4:40,1
2005-06,2230,Maurice Evans,Maurice,1610612765,DET,Detroit Pistons,0040500203,2006-05-13T00:00:00,DET @ CLE,L,6.116666666666666,0,2,0.0,0,1,0.0,0,0,0.0,1,0,1,2,1,0,0,2,1,0,0,-4,3.2,0,0,3.0,1,851,851,851,1493,1368,1280,1368,587,709,587,990,1042,990,478,1386,1241,491,614,742,500,1566,248,1252,1439,1108,1451,151,4,1449,,6:07,1
2005-06,353,Darrell Armstrong,Darrell,1610612742,DAL,Dallas Mavericks,0040500223,2006-05-13T00:00:00,DAL vs. SAS,W,0.4533333333333333,0,0,0.0,0,0,0.0,0,0,0.0,0,0,0,0,0,0,0,0,1,0,0,-2,0.0,0,0,0.0,1,1,1,1,1696,1368,1565,1368,587,938,587,990,1042,990,896,1386,1473,1087,1060,742,500,1,248,1252,1439,943,1605,151,4,1610,,0:27,1
2005-06,1737,Nazr Mohammed,Nazr,1610612759,SAS,San Antonio Spurs,0040500223,2006-05-13T00:00:00,SAS @ DAL,L,1.1666666666666667,0,0,0.0,0,0,0.0,0,0,0.0,0,0,0,0,0,0,0,0,1,0,0,-6,0.0,0,0,0.0,1,851,851,851,1661,1368,1565,1368,587,938,587,990,1042,990,896,1386,1473,1087,1060,742,500,1,248,1252,1439,1251,1605,151,4,1610,,1:10,1
2005-06,1890,Shawn Marion,Shawn,1610612756,PHX,Phoenix Suns,0040500233,2006-05-12T00:00:00,PHX @ LAC,W,47.166666666666664,12,24,0.5,3,7,0.429,5,5,1.0,4,15,19,3,3,4,1,2,1,5,32,4,71.3,1,0,67.0,1,1,1,1,45,37,25,488,57,42,317,203,332,1,55,2,5,335,164,5,157,1566,248,217,43,504,3,1,4,4,,47:10,1
2005-06,2548,Dwyane Wade,Dwyane,1610612748,MIA,Miami Heat,0040500213,2006-05-12T00:00:00,MIA @ NJN,W,41.766666666666666,7,16,0.438,2,3,0.667,14,15,0.933,2,5,7,10,6,2,1,0,4,11,30,21,56.4,1,0,55.0,1,1,1,1,210,269,208,811,125,362,108,13,18,408,252,311,284,25,15,82,157,1,1222,16,67,62,42,1,4,33,,41:46,1
2005-06,1713,Vince Carter,Vince,1610612751,NJN,New Jersey Nets,0040500213,2006-05-12T00:00:00,NJN vs. MIA,L,41.18333333333333,17,34,0.5,3,6,0.5,6,9,0.667,2,4,6,3,3,0,0,2,4,7,43,-23,51.7,0,0,55.0,1,851,851,851,230,3,2,488,57,84,183,142,93,657,252,431,386,335,164,742,500,1566,1222,106,5,1691,72,151,4,33,,41:11,1
2005-06,1882,Elton Brand,Elton,1610612746,LAC,Los Angeles Clippers,0040500233,2006-05-12T00:00:00,LAC vs. PHX,L,42.41,7,17,0.412,0,0,0.0,6,7,0.857,3,6,9,8,1,2,5,2,4,6,20,-7,62.8,0,0,51.0,1,851,851,851,181,269,166,883,587,938,587,142,195,459,128,208,161,49,614,82,4,1566,1222,145,258,1313,23,151,4,52,,42:25,1
2005-06,1501,Tim Thomas,Tim,1610612756,PHX,Phoenix Suns,0040500233,2006-05-12T00:00:00,PHX @ LAC,W,40.915,7,18,0.389,2,7,0.286,3,3,1.0,2,12,14,2,1,2,0,2,2,4,19,4,43.8,1,0,41.0,1,1,1,1,246,269,129,958,125,42,469,405,561,1,252,20,32,491,614,82,500,1566,542,316,298,504,144,1,4,146,,40:55,1
2005-06,406,Shaquille O'Neal,Shaquille,1610612748,MIA,Miami Heat,0040500213,2006-05-12T00:00:00,MIA @ NJN,W,36.263333333333335,8,15,0.533,0,0,0.0,3,5,0.6,2,7,9,3,4,2,0,0,4,6,19,3,36.3,0,0,35.0,1,1,1,1,464,178,255,458,587,938,587,405,332,740,252,144,161,335,71,82,500,1,1222,145,298,567,270,151,4,250,,36:16,1
2005-06,2564,Boris Diaw,Boris,1610612756,PHX,Phoenix Suns,0040500233,2006-05-12T00:00:00,PHX @ LAC,W,38.985,4,13,0.308,0,0,0.0,3,5,0.6,1,5,6,7,3,1,4,4,4,6,11,4,40.7,0,0,34.0,1,1,1,1,350,580,359,1165,587,938,587,405,332,740,478,311,386,67,164,274,12,1710,1222,145,622,504,187,151,4,267,,38:59,1
2005-06,467,Jason Kidd,Jason,1610612751,NJN,New Jersey Nets,0040500213,2006-05-12T00:00:00,NJN vs. MIA,L,43.583333333333336,4,12,0.333,1,6,0.167,1,2,0.5,4,4,8,12,2,0,0,2,3,1,10,6,35.6,1,0,31.0,1,851,851,851,136,580,425,1051,284,84,562,793,647,768,55,431,214,8,358,742,500,1566,893,926,683,391,289,1,4,346,,43:35,1
2005-06,952,Antoine Walker,Antoine,1610612748,MIA,Miami Heat,0040500213,2006-05-12T00:00:00,MIA @ NJN,W,34.45,5,11,0.455,4,9,0.444,2,2,1.0,0,4,4,2,1,1,1,0,1,1,16,0,28.8,0,0,30.0,1,1,1,1,554,456,490,751,17,10,312,530,647,1,896,431,647,491,614,274,157,1,248,926,399,762,456,151,4,374,,34:27,1
2005-06,2210,Richard Jefferson,Richard,1610612751,NJN,New Jersey Nets,0040500213,2006-05-12T00:00:00,NJN vs. MIA,L,44.416666666666664,7,13,0.538,1,2,0.5,2,3,0.667,0,4,4,6,5,1,0,0,5,5,17,-8,28.8,0,0,30.0,1,851,851,851,115,269,359,446,284,529,183,530,561,657,896,431,647,97,36,274,500,1,1489,217,353,1363,456,151,4,374,,44:25,1
2005-06,2549,Chris Kaman,Chris,1610612746,LAC,Los Angeles Clippers,0040500233,2006-05-12T00:00:00,LAC vs. PHX,L,33.821666666666665,5,11,0.455,0,0,0.0,1,3,0.333,0,7,7,1,2,1,4,2,6,2,11,15,33.9,0,0,29.0,1,851,851,851,578,456,490,751,587,938,587,793,561,943,896,144,284,731,358,274,12,1566,1663,675,622,124,321,151,4,401,,33:49,1
2005-06,1899,James Posey,James,1610612748,MIA,Miami Heat,0040500213,2006-05-12T00:00:00,MIA @ NJN,W,35.46666666666667,3,4,0.75,2,3,0.667,0,0,0.0,1,9,10,2,0,2,1,0,5,2,8,22,32.0,0,0,28.0,1,1,1,1,495,742,1052,133,125,362,108,990,1042,990,478,63,114,491,1060,82,157,1,1489,675,812,48,367,151,4,435,,35:28,1
2005-06,1894,Corey Maggette,Corey,1610612746,LAC,Los Angeles Clippers,0040500233,2006-05-12T00:00:00,LAC vs. PHX,L,27.645,3,10,0.3,0,1,0.0,1,2,0.5,1,13,14,5,3,1,0,1,4,1,7,-1,31.3,0,0,28.0,1,851,851,851,822,742,572,1178,587,709,587,793,647,768,478,14,32,141,164,274,500,1178,1222,926,897,859,383,151,4,435,,27:39,1
2005-06,959,Steve Nash,Steve,1610612756,PHX,Phoenix Suns,0040500233,2006-05-12T00:00:00,PHX @ LAC,W,43.166666666666664,3,9,0.333,0,4,0.0,6,6,1.0,0,3,3,10,4,1,0,0,2,6,12,6,29.6,1,0,27.0,1,1,1,1,157,742,639,1051,587,234,587,142,232,1,896,615,832,25,71,274,500,1,542,145,571,391,436,1,4,472,,43:10,1
2005-06,2209,Vladimir Radmanovic,Vladimir,1610612746,LAC,Los Angeles Clippers,0040500233,2006-05-12T00:00:00,LAC vs. PHX,L,21.80666666666667,6,8,0.75,5,6,0.833,1,2,0.5,2,2,4,0,1,0,0,0,4,2,18,-3,21.8,0,0,27.0,1,851,851,851,1040,351,699,133,5,84,82,793,647,768,252,827,647,1087,614,742,500,1,1222,675,328,1032,691,151,4,472,,21:48,1
2005-06,1749,Cuttino Mobley,Cuttino,1610612746,LAC,Los Angeles Clippers,0040500233,2006-05-12T00:00:00,LAC vs. PHX,L,41.266666666666666,6,14,0.429,2,2,1.0,0,0,0.0,0,2,2,2,4,1,0,0,0,1,14,-13,18.4,0,0,22.0,1,851,851,851,225,351,306,821,125,529,1,990,1042,990,896,827,1021,491,71,274,500,1,1,926,478,1559,826,151,4,628,,41:16,1
2005-06,2420,Nenad Krstic,Nenad,1610612751,NJN,New Jersey Nets,0040500213,2006-05-12T00:00:00,NJN vs. MIA,L,33.565,4,14,0.286,0,0,0.0,0,2,0.0,1,7,8,3,0,0,1,1,2,2,8,-4,25.1,0,0,21.0,1,851,851,851,592,580,306,1192,587,938,587,990,647,990,478,144,214,335,1060,742,157,1178,542,675,812,1108,580,151,4,659,,33:34,1
2005-06,1952,Raja Bell,Raja,1610612756,PHX,Phoenix Suns,0040500233,2006-05-12T00:00:00,PHX @ LAC,W,33.75,4,9,0.444,2,5,0.4,4,5,0.8,1,1,2,2,0,0,0,0,6,3,14,-10,19.4,0,0,20.0,1,1,1,1,584,580,639,780,125,141,327,284,332,518,478,1103,1021,491,1060,742,500,1,1663,471,478,1457,779,151,4,704,,33:45,1
2005-06,208,Sam Cassell,Sam,1610612746,LAC,Los Angeles Clippers,0040500233,2006-05-12T00:00:00,LAC vs. PHX,L,32.94166666666667,2,10,0.2,0,4,0.0,2,2,1.0,1,5,6,4,2,1,0,0,2,2,6,-3,20.2,0,0,18.0,1,851,851,851,623,933,572,1304,587,234,587,530,647,1,478,311,386,208,358,274,500,1,542,675,957,1032,744,151,4,772,,32:57,1
2005-06,56,Gary Payton,Gary,1610612748,MIA,Miami Heat,0040500213,2006-05-12T00:00:00,MIA @ NJN,W,28.233333333333334,3,8,0.375,1,5,0.2,0,0,0.0,0,2,2,1,0,2,1,0,3,1,7,22,19.9,0,0,17.0,1,1,1,1,799,742,699,980,284,141,535,990,1042,990,896,827,1021,731,1060,82,157,1,893,926,897,48,753,151,4,827,,28:14,1
2005-06,2215,Jason Collins,Jason,1610612751,NJN,New Jersey Nets,0040500213,2006-05-12T00:00:00,NJN vs. MIA,L,36.53333333333333,0,3,0.0,0,0,0.0,2,2,1.0,4,7,11,0,2,1,0,0,6,6,2,-4,16.2,0,0,15.0,1,851,851,851,450,1368,1167,1368,587,938,587,530,647,1,55,144,82,1087,358,274,500,1,1663,145,1253,1108,907,151,4,904,,36:32,1
2005-06,297,Alonzo Mourning,Alonzo,1610612748,MIA,Miami Heat,0040500213,2006-05-12T00:00:00,MIA @ NJN,W,10.75,1,2,0.5,0,0,0.0,5,8,0.625,2,2,4,0,2,0,1,1,1,4,7,5,12.8,0,0,13.0,1,1,1,1,1357,1118,1280,488,587,938,587,203,129,725,252,827,647,1087,358,742,157,1178,248,316,897,444,1040,151,4,985,,10:45,1
2005-06,2617,Udonis Haslem,Udonis,1610612748,MIA,Miami Heat,0040500213,2006-05-12T00:00:00,MIA @ NJN,W,22.716666666666665,2,4,0.5,0,0,0.0,5,5,1.0,0,3,3,0,0,0,0,0,4,2,9,-5,12.6,0,0,12.0,1,1,1,1,1011,933,1052,488,587,938,587,203,332,1,896,615,832,1087,1060,742,500,1,1222,675,763,1189,1049,151,4,1038,,22:43,1
2005-06,2624,Quinton Ross,Quinton,1610612746,LAC,Los Angeles Clippers,0040500233,2006-05-12T00:00:00,LAC vs. PHX,L,17.283333333333335,4,7,0.571,0,0,0.0,2,2,1.0,0,2,2,0,0,0,0,0,3,3,10,-6,12.4,0,0,12.0,1,851,851,851,1169,580,786,369,587,938,587,530,647,1,896,827,1021,1087,1060,742,500,1,893,471,683,1251,1059,151,4,1038,,17:17,1
2005-06,441,Lamond Murray,Lamond,1610612751,NJN,New Jersey Nets,0040500213,2006-05-12T00:00:00,NJN vs. MIA,L,17.466666666666665,4,8,0.5,1,4,0.25,0,0,0.0,1,1,2,0,0,0,0,0,2,0,9,-4,11.4,0,0,12.0,1,851,851,851,1165,580,699,488,284,234,480,990,1042,990,478,1103,1021,1087,1060,742,500,1,542,1252,763,1108,1096,151,4,1038,,17:28,1
2005-06,1715,Jason Williams,Jason,1610612748,MIA,Miami Heat,0040500213,2006-05-12T00:00:00,MIA @ NJN,W,26.95,1,7,0.143,0,3,0.0,5,5,1.0,0,3,3,1,0,0,0,0,1,4,7,-9,12.1,0,0,11.0,1,1,1,1,855,1118,786,1351,587,362,587,203,332,1,896,615,832,731,1060,742,500,1,248,316,897,1409,1071,151,4,1087,,26:57,1
2005-06,2733,Shaun Livingston,Shaun,1610612746,LAC,Los Angeles Clippers,0040500233,2006-05-12T00:00:00,LAC vs. PHX,L,22.3,1,5,0.2,0,0,0.0,1,2,0.5,1,2,3,3,2,0,0,1,3,2,3,1,9.1,0,0,9.0,1,851,851,851,1029,1118,962,1304,587,938,587,793,647,768,478,827,832,335,358,742,500,1178,893,675,1180,689,1204,151,4,1164,,22:18,1
2005-06,1521,Jacque Vaughn,Jacque,1610612751,NJN,New Jersey Nets,0040500213,2006-05-12T00:00:00,NJN vs. MIA,L,15.685,1,1,1.0,0,0,0.0,1,2,0.5,1,2,3,2,0,0,0,0,5,2,3,-11,9.6,0,0,8.0,1,851,851,851,1213,1118,1422,1,587,938,587,793,647,768,478,827,832,491,1060,742,500,1,1489,675,1180,1501,1178,151,4,1212,,15:41,1
2005-06,2571,Leandro Barbosa,Leandro,1610612756,PHX,Phoenix Suns,0040500233,2006-05-12T00:00:00,PHX @ LAC,W,23.333333333333332,2,8,0.25,0,3,0.0,2,2,1.0,0,1,1,1,1,0,0,1,3,1,6,9,7.7,0,0,8.0,1,1,1,1,990,933,699,1236,587,362,587,530,647,1,896,1103,1241,731,614,742,500,1178,893,926,957,285,1261,151,4,1212,,23:20,1
2005-06,2592,James Jones,James,1610612756,PHX,Phoenix Suns,0040500233,2006-05-12T00:00:00,PHX @ LAC,W,10.866666666666667,0,3,0.0,0,1,0.0,0,0,0.0,0,1,1,0,0,0,1,0,0,1,0,3,4.2,0,0,3.0,1,1,1,1,1353,1368,1167,1368,587,709,587,990,1042,990,896,1103,1241,1087,1060,742,157,1,1,926,1439,567,1407,151,4,1449,,10:52,1
2005-06,962,Walter McCarty,Walter,1610612746,LAC,Los Angeles Clippers,0040500233,2006-05-12T00:00:00,LAC vs. PHX,L,0.525,1,1,1.0,0,0,0.0,0,0,0.0,0,0,0,0,0,0,0,0,0,0,2,2,2.0,0,0,2.0,1,851,851,851,1690,1118,1422,1,587,938,587,990,1042,990,896,1386,1473,1087,1060,742,500,1,1,1252,1253,625,1516,151,4,1498,,0:32,1
2005-06,1519,John Thomas,John,1610612751,NJN,New Jersey Nets,0040500213,2006-05-12T00:00:00,NJN vs. MIA,L,7.566666666666666,0,0,0.0,0,0,0.0,0,0,0.0,0,0,0,0,1,1,0,0,4,1,0,-7,2.0,0,0,2.0,1,851,851,851,1450,1368,1565,1368,587,938,587,990,1042,990,896,1386,1473,1087,614,274,500,1,1222,926,1439,1313,1516,151,4,1498,,7:34,1
2005-06,258,Brian Grant,Brian,1610612756,PHX,Phoenix Suns,0040500233,2006-05-12T00:00:00,PHX @ LAC,W,1.8166666666666667,0,2,0.0,0,0,0.0,0,0,0.0,0,0,0,0,0,0,0,0,1,0,0,-5,0.0,0,0,0.0,1,1,1,1,1638,1368,1280,1368,587,938,587,990,1042,990,896,1386,1473,1087,1060,742,500,1,248,1252,1439,1189,1605,151,4,1610,,1:49,1
2005-06,1000,Shandon Anderson,Shandon,1610612748,MIA,Miami Heat,0040500213,2006-05-12T00:00:00,MIA @ NJN,W,3.4033333333333333,0,0,0.0,0,0,0.0,0,0,0.0,0,0,0,0,1,0,0,0,1,0,0,-4,-1.0,0,0,0.0,1,1,1,1,1578,1368,1565,1368,587,938,587,990,1042,990,896,1386,1473,1087,614,742,500,1,248,1252,1439,1108,1708,151,4,1610,,3:24,1
2005-06,2548,Dwyane Wade,Dwyane,1610612748,MIA,Miami Heat,0040500212,2006-05-10T00:00:00,MIA vs. NJN,W,37.81666666666667,12,19,0.632,3,3,1.0,4,4,1.0,1,4,5,6,1,4,0,2,4,5,31,25,57.0,0,0,53.0,1,1,1,1,404,37,108,278,57,362,1,284,399,1,478,431,510,97,614,5,500,1566,1222,217,55,28,38,151,4,43,,37:49,1
2005-06,1882,Elton Brand,Elton,1610612746,LAC,Los Angeles Clippers,0040500232,2006-05-10T00:00:00,LAC @ PHX,W,43.276666666666664,10,16,0.625,0,0,0.0,7,10,0.7,6,4,10,2,3,3,1,1,3,7,27,24,51.0,1,0,47.0,1,1,1,1,150,84,208,280,587,938,587,101,66,653,10,431,114,491,164,32,157,1178,893,106,105,39,76,1,4,91,,43:17,1
2005-06,208,Sam Cassell,Sam,1610612746,LAC,Los Angeles Clippers,0040500232,2006-05-10T00:00:00,LAC @ PHX,W,34.31666666666667,8,12,0.667,2,2,1.0,5,7,0.714,1,4,5,6,0,0,1,0,2,4,23,26,41.0,0,0,38.0,1,1,1,1,558,178,425,197,125,529,1,203,195,644,478,431,510,97,1060,742,157,1,542,316,173,22,182,151,4,188,,34:19,1
2005-06,1713,Vince Carter,Vince,1610612751,NJN,New Jersey Nets,0040500212,2006-05-10T00:00:00,NJN @ MIA,L,33.53333333333333,5,11,0.455,1,2,0.5,11,12,0.917,2,3,5,5,2,1,1,0,2,7,22,-25,39.5,0,0,37.0,1,851,851,851,594,456,490,751,284,529,183,28,41,413,252,615,510,141,358,274,157,1,542,106,190,1700,208,151,4,208,,33:32,1
2005-06,1749,Cuttino Mobley,Cuttino,1610612746,LAC,Los Angeles Clippers,0040500232,2006-05-10T00:00:00,LAC @ PHX,W,39.71666666666667,9,16,0.563,1,2,0.5,4,4,1.0,2,6,8,3,1,1,0,1,3,3,23,17,39.1,0,0,37.0,1,1,1,1,304,116,208,404,284,529,183,284,399,1,252,208,214,335,614,274,500,1178,893,471,173,98,217,151,4,208,,39:43,1
2005-06,2549,Chris Kaman,Chris,1610612746,LAC,Los Angeles Clippers,0040500232,2006-05-10T00:00:00,LAC @ PHX,W,23.25,6,8,0.75,0,0,0.0,2,2,1.0,4,12,16,2,4,1,0,0,5,2,14,24,35.2,1,0,34.0,1,1,1,1,992,351,699,133,587,938,587,530,647,1,55,20,13,491,71,274,500,1,1489,675,478,39,297,1,4,267,,23:15,1
2005-06,1890,Shawn Marion,Shawn,1610612756,PHX,Phoenix Suns,0040500232,2006-05-10T00:00:00,PHX vs. LAC,L,34.65,5,12,0.417,0,2,0.0,3,6,0.5,3,3,6,3,1,1,4,0,3,6,13,-16,38.7,0,0,32.0,1,851,851,851,539,456,425,871,587,529,587,405,232,768,128,615,386,335,614,274,12,1,893,145,534,1605,223,151,4,315,,34:39,1
2005-06,406,Shaquille O'Neal,Shaquille,1610612748,MIA,Miami Heat,0040500212,2006-05-10T00:00:00,MIA vs. NJN,W,28.85333333333333,9,17,0.529,0,0,0.0,3,10,0.3,4,2,6,3,0,0,0,1,2,9,21,22,32.7,0,0,30.0,1,1,1,1,773,116,166,471,587,938,587,405,66,966,55,827,386,335,1060,742,500,1178,542,40,222,48,354,151,4,374,,28:51,1
2005-06,467,Jason Kidd,Jason,1610612751,NJN,New Jersey Nets,0040500212,2006-05-10T00:00:00,NJN @ MIA,L,34.835,5,11,0.455,2,6,0.333,3,3,1.0,1,2,3,6,1,1,0,0,3,4,15,-19,29.6,0,0,28.0,1,851,851,851,525,456,490,751,125,84,369,405,561,1,478,827,832,97,614,274,500,1,893,316,442,1656,436,151,4,435,,34:50,1
2005-06,2571,Leandro Barbosa,Leandro,1610612756,PHX,Phoenix Suns,0040500232,2006-05-10T00:00:00,PHX vs. LAC,L,34.68333333333333,6,13,0.462,2,6,0.333,4,5,0.8,0,2,2,4,0,0,1,1,1,4,18,-4,29.4,0,0,28.0,1,851,851,851,537,351,359,732,125,84,369,284,332,518,896,827,1021,208,1060,742,157,1178,248,316,328,1108,442,151,4,435,,34:41,1
2005-06,1501,Tim Thomas,Tim,1610612756,PHX,Phoenix Suns,0040500232,2006-05-10T00:00:00,PHX vs. LAC,L,23.516666666666666,5,9,0.556,3,5,0.6,2,2,1.0,0,4,4,2,0,1,1,0,5,2,15,5,28.8,0,0,28.0,1,851,851,851,983,456,639,412,57,141,149,530,647,1,896,431,647,491,1060,274,157,1,1489,675,442,444,456,151,4,435,,23:31,1
2005-06,1952,Raja Bell,Raja,1610612756,PHX,Phoenix Suns,0040500232,2006-05-10T00:00:00,PHX vs. LAC,L,38.3,7,15,0.467,4,7,0.571,2,2,1.0,0,1,1,1,1,0,1,1,4,3,20,-22,24.7,0,0,28.0,1,851,851,851,384,269,255,724,17,42,171,530,647,1,896,1103,1241,731,614,742,157,1178,1222,471,258,1685,590,151,4,435,,38:18,1
2005-06,959,Steve Nash,Steve,1610612756,PHX,Phoenix Suns,0040500232,2006-05-10T00:00:00,PHX vs. LAC,L,33.666666666666664,6,12,0.5,0,2,0.0,2,3,0.667,0,3,3,8,1,1,0,0,1,3,14,-16,31.6,0,0,27.0,1,851,851,851,587,351,425,488,587,529,587,530,561,657,896,615,832,49,614,274,500,1,248,471,478,1605,375,151,4,472,,33:40,1
2005-06,2617,Udonis Haslem,Udonis,1610612748,MIA,Miami Heat,0040500212,2006-05-10T00:00:00,MIA vs. NJN,W,32.5,4,7,0.571,0,0,0.0,3,3,1.0,2,8,10,4,2,0,0,0,2,3,11,12,27.0,1,0,25.0,1,1,1,1,643,580,786,369,587,938,587,405,561,1,252,100,114,208,358,742,500,1,542,471,622,186,520,1,4,532,,32:30,1
2005-06,2420,Nenad Krstic,Nenad,1610612751,NJN,New Jersey Nets,0040500212,2006-05-10T00:00:00,NJN @ MIA,L,26.883333333333333,4,10,0.4,0,0,0.0,6,8,0.75,2,5,7,0,3,0,2,0,4,5,14,-21,25.4,0,0,25.0,1,851,851,851,860,580,572,896,587,938,587,142,129,566,252,311,284,1087,164,742,67,1,1222,217,478,1675,572,151,4,532,,26:53,1
2005-06,2210,Richard Jefferson,Richard,1610612751,NJN,New Jersey Nets,0040500212,2006-05-10T00:00:00,NJN @ MIA,L,35.93333333333333,8,16,0.5,0,2,0.0,0,0,0.0,0,3,3,1,3,2,0,0,4,0,16,-21,24.1,0,0,24.0,1,851,851,851,480,178,208,488,587,529,587,990,1042,990,896,615,832,731,164,82,500,1,1222,1252,399,1675,605,151,4,562,,35:56,1
2005-06,2564,Boris Diaw,Boris,1610612756,PHX,Phoenix Suns,0040500232,2006-05-10T00:00:00,PHX vs. LAC,L,38.583333333333336,6,8,0.75,0,0,0.0,2,3,0.667,0,3,3,5,6,0,1,0,2,3,14,-29,22.1,0,0,24.0,1,851,851,851,362,351,699,133,587,938,587,530,561,657,896,615,832,141,15,742,157,1,542,471,478,1712,672,151,4,562,,38:35,1
2005-06,1715,Jason Williams,Jason,1610612748,MIA,Miami Heat,0040500212,2006-05-10T00:00:00,MIA vs. NJN,W,35.21666666666667,4,9,0.444,1,4,0.25,5,6,0.833,0,2,2,5,7,0,0,0,3,4,14,17,16.9,0,0,22.0,1,1,1,1,503,580,639,780,284,234,480,203,232,479,896,827,1021,141,4,742,500,1,893,316,478,98,883,151,4,628,,35:13,1
2005-06,2209,Vladimir Radmanovic,Vladimir,1610612746,LAC,Los Angeles Clippers,0040500232,2006-05-10T00:00:00,LAC @ PHX,W,29.516666666666666,4,12,0.333,1,3,0.333,1,1,1.0,3,6,9,1,0,0,0,2,3,1,10,10,22.3,0,0,21.0,1,1,1,1,745,580,425,1051,284,362,369,793,974,1,128,208,161,731,1060,742,500,1566,893,926,683,252,664,151,4,659,,29:31,1
2005-06,2733,Shaun Livingston,Shaun,1610612746,LAC,Los Angeles Clippers,0040500232,2006-05-10T00:00:00,LAC @ PHX,W,26.483333333333334,4,8,0.5,0,0,0.0,0,0,0.0,2,3,5,1,0,1,0,1,2,2,8,8,18.5,0,0,16.0,1,1,1,1,875,580,699,488,587,938,587,990,1042,990,252,615,510,731,1060,274,500,1178,542,675,812,318,818,151,4,871,,26:29,1
2005-06,441,Lamond Murray,Lamond,1610612751,NJN,New Jersey Nets,0040500212,2006-05-10T00:00:00,NJN @ MIA,L,22.25,2,6,0.333,2,4,0.5,5,5,1.0,0,1,1,0,1,1,0,0,1,2,11,1,14.2,0,0,16.0,1,851,851,851,1030,933,878,1051,125,234,183,203,332,1,896,1103,1241,1087,614,274,500,1,248,675,622,689,982,151,4,871,,22:15,1
2005-06,952,Antoine Walker,Antoine,1610612748,MIA,Miami Heat,0040500212,2006-05-10T00:00:00,MIA vs. NJN,W,31.933333333333334,2,6,0.333,2,4,0.5,0,0,0.0,0,6,6,1,1,0,0,1,1,1,6,22,13.7,0,0,15.0,1,1,1,1,659,933,878,1051,125,234,183,990,1042,990,896,208,386,731,614,742,500,1178,248,926,957,48,1003,151,4,904,,31:56,1
2005-06,361,Clifford Robinson,Clifford,1610612751,NJN,New Jersey Nets,0040500212,2006-05-10T00:00:00,NJN @ MIA,L,28.416666666666668,1,4,0.25,0,2,0.0,1,2,0.5,0,4,4,1,1,2,1,0,3,1,3,2,17.3,0,0,14.0,1,851,851,851,792,1118,1052,1236,587,529,587,793,647,768,896,431,647,731,614,82,157,1,893,926,1180,625,880,151,4,939,,28:25,1
2005-06,1899,James Posey,James,1610612748,MIA,Miami Heat,0040500212,2006-05-10T00:00:00,MIA vs. NJN,W,29.633333333333333,1,4,0.25,1,4,0.25,2,2,1.0,0,4,4,2,0,1,0,0,4,1,5,6,15.8,0,0,14.0,1,1,1,1,742,1118,1052,1236,284,234,480,530,647,1,896,431,647,491,1060,274,500,1,1222,926,1046,391,922,151,4,939,,29:38,1
2005-06,2624,Quinton Ross,Quinton,1610612746,LAC,Los Angeles Clippers,0040500232,2006-05-10T00:00:00,LAC @ PHX,W,18.983333333333334,5,10,0.5,0,0,0.0,1,1,1.0,1,2,3,0,1,0,0,2,2,1,11,16,13.6,0,0,14.0,1,1,1,1,1116,456,572,488,587,938,587,793,974,1,478,827,832,1087,614,742,500,1566,542,926,622,106,1007,151,4,939,,18:59,1
2005-06,56,Gary Payton,Gary,1610612748,MIA,Miami Heat,0040500212,2006-05-10T00:00:00,MIA vs. NJN,W,15.6,4,4,1.0,3,3,1.0,0,0,0.0,0,0,0,0,0,0,0,0,1,0,11,4,11.0,0,0,14.0,1,1,1,1,1219,580,1052,1,57,362,1,990,1042,990,896,1386,1473,1087,1060,742,500,1,248,1252,622,504,1116,151,4,939,,15:36,1
2005-06,297,Alonzo Mourning,Alonzo,1610612748,MIA,Miami Heat,0040500212,2006-05-10T00:00:00,MIA vs. NJN,W,10.43,1,2,0.5,0,0,0.0,5,6,0.833,1,1,2,1,0,0,0,0,5,4,7,7,10.9,0,0,10.0,1,1,1,1,1368,1118,1280,488,587,938,587,203,232,479,478,1103,1021,731,1060,742,500,1,1489,316,897,352,1124,151,4,1125,,10:26,1
2005-06,2215,Jason Collins,Jason,1610612751,NJN,New Jersey Nets,0040500212,2006-05-10T00:00:00,NJN @ MIA,L,21.016666666666666,2,3,0.667,0,0,0.0,1,3,0.333,1,1,2,0,1,0,0,0,5,5,5,-23,6.4,0,0,7.0,1,851,851,851,1057,933,1167,197,587,938,587,793,561,943,478,1103,1021,1087,614,742,500,1,1489,217,1046,1691,1304,151,4,1252,,21:01,1
2005-06,2592,James Jones,James,1610612756,PHX,Phoenix Suns,0040500232,2006-05-10T00:00:00,PHX vs. LAC,L,19.05,0,4,0.0,0,2,0.0,0,0,0.0,0,4,4,0,0,0,1,0,2,0,0,-27,7.8,0,0,6.0,1,851,851,851,1113,1368,1052,1368,587,529,587,990,1042,990,896,431,647,1087,1060,742,157,1,542,1252,1439,1707,1257,151,4,1292,,19:03,1
2005-06,1909,Scott Padgett,Scott,1610612751,NJN,New Jersey Nets,0040500212,2006-05-10T00:00:00,NJN @ MIA,L,6.0,1,1,1.0,0,0,0.0,1,2,0.5,2,0,2,0,0,0,0,0,1,1,3,2,5.4,0,0,5.0,1,851,851,851,1496,1118,1422,1,587,938,587,793,647,768,252,1386,1021,1087,1060,742,500,1,248,926,1180,625,1351,151,4,1338,,6:00,1
2005-06,1894,Corey Maggette,Corey,1610612746,LAC,Los Angeles Clippers,0040500232,2006-05-10T00:00:00,LAC @ PHX,W,16.683333333333334,1,4,0.25,0,1,0.0,0,0,0.0,0,1,1,0,3,0,1,2,3,1,2,0,3.2,0,0,5.0,1,1,1,1,1186,1118,1052,1236,587,709,587,990,1042,990,896,1103,1241,1087,164,742,157,1566,893,926,1253,762,1451,151,4,1338,,16:41,1
2005-06,1720,Michael Doleac,Michael,1610612748,MIA,Miami Heat,0040500212,2006-05-10T00:00:00,MIA vs. NJN,W,6.0,1,2,0.5,0,0,0.0,0,0,0.0,0,2,2,0,0,0,0,0,0,0,2,-2,4.4,0,0,4.0,1,1,1,1,1496,1118,1280,488,587,938,587,990,1042,990,896,827,1021,1087,1060,742,500,1,1,1252,1253,943,1394,151,4,1384,,6:00,1
2005-06,258,Brian Grant,Brian,1610612756,PHX,Phoenix Suns,0040500232,2006-05-10T00:00:00,PHX vs. LAC,L,5.733333333333333,1,1,1.0,0,0,0.0,0,0,0.0,2,0,2,0,0,0,0,0,3,0,2,-6,4.4,0,0,4.0,1,851,851,851,1509,1118,1422,1,587,938,587,990,1042,990,252,1386,1021,1087,1060,742,500,1,893,1252,1253,1251,1394,151,4,1384,,5:44,1
2005-06,1507,Derek Anderson,Derek,1610612748,MIA,Miami Heat,0040500212,2006-05-10T00:00:00,MIA vs. NJN,W,7.366666666666666,1,3,0.333,1,2,0.5,0,0,0.0,0,0,0,0,0,0,0,0,3,0,3,-2,3.0,0,0,4.0,1,1,1,1,1455,1118,1167,1051,284,529,183,990,1042,990,896,1386,1473,1087,1060,742,500,1,893,1252,1180,943,1467,151,4,1384,,7:22,1
2005-06,1521,Jacque Vaughn,Jacque,1610612751,NJN,New Jersey Nets,0040500212,2006-05-10T00:00:00,NJN @ MIA,L,13.231666666666667,0,5,0.0,0,0,0.0,0,0,0.0,0,2,2,1,0,0,0,0,1,0,0,-8,3.9,0,0,3.0,1,851,851,851,1285,1368,962,1368,587,938,587,990,1042,990,896,827,1021,731,1060,742,500,1,248,1252,1439,1363,1425,151,4,1449,,13:14,1
2005-06,2401,Nikoloz Tskitishvili,Nikoloz,1610612756,PHX,Phoenix Suns,0040500232,2006-05-10T00:00:00,PHX vs. LAC,L,2.533333333333333,0,2,0.0,0,0,0.0,1,2,0.5,0,1,1,1,0,0,0,0,0,1,1,-1,3.7,0,0,3.0,1,851,851,851,1606,1368,1280,1368,587,938,587,793,647,768,896,1103,1241,731,1060,742,500,1,1,926,1415,859,1434,151,4,1449,,2:32,1
2005-06,2565,Zoran Planinic,Zoran,1610612751,NJN,New Jersey Nets,0040500212,2006-05-10T00:00:00,NJN @ MIA,L,2.9166666666666665,0,0,0.0,0,0,0.0,0,0,0.0,0,0,0,1,1,1,0,0,1,0,0,1,3.5,0,0,3.0,1,851,851,851,1593,1368,1565,1368,587,938,587,990,1042,990,896,1386,1473,731,614,274,500,1,248,1252,1439,689,1442,151,4,1449,,2:55,1
2005-06,101137,Daniel Ewing,Daniel,1610612746,LAC,Los Angeles Clippers,0040500232,2006-05-10T00:00:00,LAC @ PHX,W,2.533333333333333,1,1,1.0,0,0,0.0,0,0,0.0,0,0,0,0,0,0,0,0,0,0,2,1,2.0,0,0,2.0,1,1,1,1,1606,1118,1422,1,587,938,587,990,1042,990,896,1386,1473,1087,1060,742,500,1,1,1252,1253,689,1516,151,4,1498,,2:32,1
2005-06,101189,James Singleton,James,1610612746,LAC,Los Angeles Clippers,0040500232,2006-05-10T00:00:00,LAC @ PHX,W,2.533333333333333,1,1,1.0,0,0,0.0,0,0,0.0,0,0,0,0,0,0,0,0,0,0,2,1,2.0,0,0,2.0,1,1,1,1,1606,1118,1422,1,587,938,587,990,1042,990,896,1386,1473,1087,1060,742,500,1,1,1252,1253,689,1516,151,4,1498,,2:32,1
2005-06,2067,Eddie House,Eddie,1610612756,PHX,Phoenix Suns,0040500232,2006-05-10T00:00:00,PHX vs. LAC,L,9.283333333333333,0,3,0.0,0,2,0.0,0,0,0.0,0,0,0,0,1,1,0,1,0,1,0,-9,2.0,0,0,2.0,1,851,851,851,1401,1368,1167,1368,587,529,587,990,1042,990,896,1386,1473,1087,614,274,500,1178,1,926,1439,1409,1516,151,4,1498,,9:17,1
2005-06,1519,John Thomas,John,1610612751,NJN,New Jersey Nets,0040500212,2006-05-10T00:00:00,NJN @ MIA,L,8.983333333333333,0,1,0.0,0,0,0.0,0,0,0.0,1,0,1,0,0,0,0,0,2,0,0,-1,1.2,0,0,1.0,1,851,851,851,1409,1368,1422,1368,587,938,587,990,1042,990,478,1386,1241,1087,1060,742,500,1,542,1252,1439,859,1554,151,4,1557,,8:59,1
2005-06,101134,Wayne Simien,Wayne,1610612748,MIA,Miami Heat,0040500212,2006-05-10T00:00:00,MIA vs. NJN,W,4.65,0,1,0.0,0,0,0.0,0,0,0.0,1,0,1,0,1,0,0,0,0,0,0,-1,0.2,0,0,1.0,1,1,1,1,1542,1368,1422,1368,587,938,587,990,1042,990,478,1386,1241,1087,614,742,500,1,1,1252,1439,859,1599,151,4,1557,,4:39,1
2005-06,101120,Antoine Wright,Antoine,1610612751,NJN,New Jersey Nets,0040500212,2006-05-10T00:00:00,NJN @ MIA,L,6.0,0,2,0.0,0,0,0.0,0,0,0.0,0,0,0,0,0,0,0,0,0,0,0,2,0.0,0,0,0.0,1,851,851,851,1496,1368,1280,1368,587,938,587,990,1042,990,896,1386,1473,1087,1060,742,500,1,1,1252,1439,625,1605,151,4,1610,,6:00,1
2005-06,962,Walter McCarty,Walter,1610612746,LAC,Los Angeles Clippers,0040500232,2006-05-10T00:00:00,LAC @ PHX,W,2.7066666666666666,0,2,0.0,0,1,0.0,0,0,0.0,0,0,0,0,0,0,0,0,0,0,0,-2,0.0,0,0,0.0,1,1,1,1,1604,1368,1280,1368,587,709,587,990,1042,990,896,1386,1473,1087,1060,742,500,1,1,1252,1439,943,1605,151,4,1610,,2:42,1
2005-06,2544,LeBron James,LeBron,1610612739,CLE,Cleveland Cavaliers,0040500202,2006-05-09T00:00:00,CLE @ DET,L,47.53333333333333,11,23,0.478,2,5,0.4,6,8,0.75,2,12,14,7,3,0,0,0,4,9,30,-4,54.3,1,0,53.0,1,851,851,851,41,62,39,715,125,141,327,142,129,566,252,20,32,67,164,742,500,1,1222,40,67,1108,52,1,4,43,,47:32,1
2005-06,739,Rasheed Wallace,Rasheed,1610612765,DET,Detroit Pistons,0040500202,2006-05-09T00:00:00,DET vs. CLE,W,40.666666666666664,10,17,0.588,5,8,0.625,4,9,0.444,0,9,9,2,0,1,2,0,3,5,29,-3,51.8,0,0,51.0,1,1,1,1,258,84,166,353,5,19,145,284,93,938,896,63,161,491,1060,274,67,1,893,217,83,1032,71,151,4,52,,40:40,1
2005-06,1495,Tim Duncan,Tim,1610612759,SAS,San Antonio Spurs,0040500222,2006-05-09T00:00:00,SAS vs. DAL,L,35.083333333333336,8,10,0.8,0,0,0.0,12,14,0.857,2,7,9,3,4,1,4,0,4,11,28,-6,54.3,0,0,50.0,1,851,851,851,515,178,572,113,587,938,587,23,26,459,252,144,161,335,71,274,12,1,1222,16,94,1251,52,151,4,60,,35:05,1
2005-06,2572,Josh Howard,Josh,1610612742,DAL,Dallas Mavericks,0040500222,2006-05-09T00:00:00,DAL @ SAS,W,41.59,7,17,0.412,2,4,0.5,11,11,1.0,4,5,9,2,1,1,1,0,1,8,27,26,45.8,0,0,44.0,1,1,1,1,216,269,166,883,125,234,183,28,50,1,55,311,161,491,614,274,157,1,248,70,105,22,124,151,4,114,,41:35,1
2005-06,1717,Dirk Nowitzki,Dirk,1610612742,DAL,Dallas Mavericks,0040500222,2006-05-09T00:00:00,DAL @ SAS,W,38.083333333333336,7,11,0.636,0,2,0.0,7,7,1.0,0,9,9,1,3,3,0,0,4,3,21,21,39.3,0,0,37.0,1,1,1,1,391,269,490,268,587,529,587,101,195,1,896,63,161,731,164,32,500,1,1222,471,222,62,213,151,4,208,,38:05,1
2005-06,1497,Chauncey Billups,Chauncey,1610612765,DET,Detroit Pistons,0040500202,2006-05-09T00:00:00,DET vs. CLE,W,43.333333333333336,4,13,0.308,3,8,0.375,4,4,1.0,0,5,5,7,4,1,0,0,1,1,15,8,30.5,0,0,32.0,1,1,1,1,147,580,359,1165,57,19,363,284,399,1,896,311,510,67,71,274,500,1,248,926,442,318,401,151,4,315,,43:20,1
2005-06,1112,Ben Wallace,Ben,1610612765,DET,Detroit Pistons,0040500202,2006-05-09T00:00:00,DET vs. CLE,W,42.483333333333334,4,7,0.571,0,0,0.0,2,4,0.5,4,11,15,1,0,2,0,1,2,5,10,13,35.5,1,0,30.0,1,1,1,1,179,580,786,369,587,938,587,530,399,768,55,30,19,731,1060,82,500,1178,542,217,683,166,290,1,4,374,,42:29,1
2005-06,2734,Devin Harris,Devin,1610612742,DAL,Dallas Mavericks,0040500222,2006-05-09T00:00:00,DAL @ SAS,W,32.71666666666667,7,12,0.583,0,1,0.0,6,9,0.667,0,4,4,3,0,1,0,1,2,5,20,12,32.3,0,0,29.0,1,1,1,1,633,269,425,359,587,709,587,142,93,657,896,431,647,335,1060,274,500,1178,542,217,258,186,361,151,4,401,,32:43,1
2005-06,2419,Tayshaun Prince,Tayshaun,1610612765,DET,Detroit Pistons,0040500202,2006-05-09T00:00:00,DET vs. CLE,W,43.38333333333333,6,15,0.4,2,5,0.4,6,7,0.857,1,2,3,4,2,0,0,0,1,4,20,4,27.6,0,0,29.0,1,1,1,1,145,351,255,896,125,141,327,142,195,459,478,827,832,208,358,742,500,1,248,316,258,504,496,151,4,401,,43:23,1
2005-06,2400,Drew Gooden,Drew,1610612739,CLE,Cleveland Cavaliers,0040500202,2006-05-09T00:00:00,CLE @ DET,L,27.45,7,9,0.778,0,0,0.0,3,3,1.0,2,6,8,2,1,0,0,0,4,2,17,-1,28.6,0,0,27.0,1,851,851,851,830,269,639,126,587,938,587,405,561,1,252,208,214,491,614,742,500,1,1222,675,353,859,467,151,4,472,,27:27,1
2005-06,1888,Richard Hamilton,Richard,1610612765,DET,Detroit Pistons,0040500202,2006-05-09T00:00:00,DET vs. CLE,W,38.56666666666667,1,7,0.143,0,2,0.0,15,18,0.833,0,1,1,3,1,2,0,0,2,10,17,4,27.7,0,0,25.0,1,1,1,1,365,1118,786,1351,587,529,587,8,8,479,896,1103,1241,335,614,82,500,1,542,24,353,504,489,151,4,532,,38:34,1
2005-06,711,Jerry Stackhouse,Jerry,1610612742,DAL,Dallas Mavericks,0040500222,2006-05-09T00:00:00,DAL @ SAS,W,31.283333333333335,6,12,0.5,3,4,0.75,4,6,0.667,0,1,1,0,1,0,1,0,0,4,19,19,22.2,0,0,25.0,1,1,1,1,685,351,425,488,57,234,93,284,232,657,896,1103,1241,1087,614,742,157,1,1,316,298,76,667,151,4,532,,31:17,1
2005-06,923,Donyell Marshall,Donyell,1610612739,CLE,Cleveland Cavaliers,0040500202,2006-05-09T00:00:00,CLE @ DET,L,24.583333333333332,3,8,0.375,3,6,0.5,0,0,0.0,1,5,6,1,0,1,1,0,1,0,9,6,23.7,0,0,23.0,1,851,851,851,942,742,699,980,57,84,183,990,1042,990,478,311,386,731,1060,274,157,1,248,1252,763,391,619,151,4,596,,24:35,1
2005-06,2225,Tony Parker,Tony,1610612759,SAS,San Antonio Spurs,0040500222,2006-05-09T00:00:00,SAS vs. DAL,L,31.43166666666667,6,14,0.429,0,0,0.0,3,6,0.5,1,4,5,1,4,0,0,0,2,4,15,-17,18.5,0,0,21.0,1,851,851,851,676,351,306,821,587,938,587,405,232,768,478,431,510,731,71,742,500,1,542,316,442,1630,818,151,4,659,,31:26,1
2005-06,699,Brent Barry,Brent,1610612759,SAS,San Antonio Spurs,0040500222,2006-05-09T00:00:00,SAS vs. DAL,L,24.716666666666665,4,8,0.5,2,4,0.5,2,2,1.0,0,2,2,2,0,1,0,1,5,1,12,-12,20.4,0,0,20.0,1,851,851,851,933,580,699,488,125,234,183,530,647,1,896,827,1021,491,1060,274,500,1178,1489,926,571,1528,736,151,4,704,,24:43,1
2005-06,1716,Larry Hughes,Larry,1610612739,CLE,Cleveland Cavaliers,0040500202,2006-05-09T00:00:00,CLE @ DET,L,32.95,4,11,0.364,0,1,0.0,0,0,0.0,1,2,3,5,1,1,0,0,6,0,8,-11,21.1,0,0,18.0,1,851,851,851,622,580,490,1010,587,709,587,990,1042,990,478,827,832,141,614,274,500,1,1663,1252,812,1501,709,151,4,772,,32:57,1
2005-06,1938,Manu Ginobili,Manu,1610612759,SAS,San Antonio Spurs,0040500222,2006-05-09T00:00:00,SAS vs. DAL,L,27.8,4,11,0.364,0,3,0.0,5,7,0.714,0,2,2,1,0,0,1,1,2,5,13,-6,19.9,0,0,18.0,1,851,851,851,818,580,490,1010,587,362,587,203,195,644,896,827,1021,731,1060,742,157,1178,542,217,534,1251,753,151,4,772,,27:48,1
2005-06,1891,Jason Terry,Jason,1610612742,DAL,Dallas Mavericks,0040500222,2006-05-09T00:00:00,DAL @ SAS,W,25.616666666666667,5,13,0.385,1,2,0.5,0,0,0.0,0,1,1,3,1,1,0,1,3,0,11,9,18.7,0,0,18.0,1,1,1,1,904,456,359,965,284,529,183,990,1042,990,896,1103,1241,335,614,274,500,1178,893,1252,622,285,812,151,4,772,,25:37,1
2005-06,980,Zydrunas Ilgauskas,Zydrunas,1610612739,CLE,Cleveland Cavaliers,0040500202,2006-05-09T00:00:00,CLE @ DET,L,27.316666666666666,4,9,0.444,0,0,0.0,2,2,1.0,3,5,8,0,4,0,0,1,2,1,10,-10,15.6,0,0,18.0,1,851,851,851,840,580,639,780,587,938,587,530,647,1,128,311,214,1087,71,742,500,1178,542,926,683,1457,930,151,4,772,,27:19,1
2005-06,2205,DeSagana Diop,DeSagana,1610612742,DAL,Dallas Mavericks,0040500222,2006-05-09T00:00:00,DAL @ SAS,W,20.066666666666666,1,2,0.5,0,0,0.0,1,2,0.5,2,5,7,0,0,2,1,0,5,1,3,0,20.4,0,0,16.0,1,1,1,1,1084,1118,1280,488,587,938,587,793,647,768,252,311,284,1087,1060,82,157,1,1489,926,1180,762,736,151,4,871,,20:04,1
2005-06,2605,Marquis Daniels,Marquis,1610612742,DAL,Dallas Mavericks,0040500222,2006-05-09T00:00:00,DAL @ SAS,W,22.85,2,6,0.333,0,0,0.0,4,4,1.0,3,0,3,3,0,1,0,3,4,2,8,9,19.1,0,0,16.0,1,1,1,1,1006,933,878,1051,587,938,587,284,399,1,128,1386,832,335,1060,274,500,1679,1222,675,812,285,793,151,4,871,,22:51,1
2005-06,2760,Anderson Varejao,Anderson,1610612739,CLE,Cleveland Cavaliers,0040500202,2006-05-09T00:00:00,CLE @ DET,L,16.433333333333334,4,8,0.5,0,0,0.0,2,3,0.667,2,3,5,0,0,0,0,1,3,2,10,-6,16.0,0,0,15.0,1,851,851,851,1190,580,699,488,587,938,587,530,561,657,252,615,510,1087,1060,742,500,1178,893,675,683,1251,912,151,4,904,,16:26,1
2005-06,1477,Bruce Bowen,Bruce,1610612759,SAS,San Antonio Spurs,0040500222,2006-05-09T00:00:00,SAS vs. DAL,L,36.153333333333336,2,4,0.5,2,3,0.667,0,0,0.0,0,2,2,2,0,1,0,0,1,1,6,-21,14.4,0,0,14.0,1,851,851,851,470,933,1052,488,125,362,108,990,1042,990,896,827,1021,491,1060,274,500,1,248,926,957,1675,975,151,4,939,,36:09,1
2005-06,714,Michael Finley,Michael,1610612759,SAS,San Antonio Spurs,0040500222,2006-05-09T00:00:00,SAS vs. DAL,L,26.683333333333334,3,7,0.429,0,1,0.0,1,1,1.0,1,3,4,1,2,0,0,1,2,0,7,-12,11.3,0,0,12.0,1,851,851,851,866,742,786,821,587,709,587,793,974,1,478,615,647,731,358,742,500,1178,542,1252,897,1528,1104,151,4,1038,,26:41,1
2005-06,686,Antonio McDyess,Antonio,1610612765,DET,Detroit Pistons,0040500202,2006-05-09T00:00:00,DET vs. CLE,W,12.65,1,2,0.5,0,0,0.0,0,0,0.0,0,1,1,1,0,2,0,0,5,0,2,2,10.7,0,0,8.0,1,1,1,1,1306,1118,1280,488,587,938,587,990,1042,990,896,1103,1241,731,1060,82,500,1,1489,1252,1253,625,1133,151,4,1212,,12:39,1
2005-06,1737,Nazr Mohammed,Nazr,1610612759,SAS,San Antonio Spurs,0040500222,2006-05-09T00:00:00,SAS vs. DAL,L,11.98,0,0,0.0,0,0,0.0,1,2,0.5,2,3,5,0,0,1,0,0,4,1,1,-8,10.0,0,0,8.0,1,851,851,851,1321,1368,1565,1368,587,938,587,793,647,768,252,615,510,1087,1060,274,500,1,1222,926,1415,1363,1169,151,4,1212,,11:59,1
2005-06,2757,Beno Udrih,Beno,1610612759,SAS,San Antonio Spurs,0040500222,2006-05-09T00:00:00,SAS vs. DAL,L,11.45,2,8,0.25,0,1,0.0,3,4,0.75,0,1,1,0,2,0,0,0,2,3,7,0,6.2,0,0,8.0,1,851,851,851,1338,933,699,1236,587,709,587,405,399,566,896,1103,1241,1087,358,742,500,1,542,471,897,762,1311,151,4,1212,,11:27,1
2005-06,1800,Damon Jones,Damon,1610612739,CLE,Cleveland Cavaliers,0040500202,2006-05-09T00:00:00,CLE @ DET,L,19.583333333333332,1,2,0.5,1,2,0.5,0,0,0.0,0,1,1,2,0,0,0,0,1,1,3,15,7.2,0,0,7.0,1,851,851,851,1095,1118,1280,488,284,529,183,990,1042,990,896,1103,1241,491,1060,742,500,1,248,926,1180,124,1281,151,4,1252,,19:35,1
2005-06,727,Eric Snow,Eric,1610612739,CLE,Cleveland Cavaliers,0040500202,2006-05-09T00:00:00,CLE @ DET,L,21.416666666666668,1,5,0.2,0,0,0.0,0,2,0.0,1,2,3,1,3,0,0,0,3,1,2,-18,4.1,0,0,6.0,1,851,851,851,1050,1118,962,1304,587,938,587,990,647,990,478,827,832,731,164,742,500,1,893,926,1253,1648,1416,151,4,1292,,21:25,1
2005-06,960,Tony Delk,Tony,1610612765,DET,Detroit Pistons,0040500202,2006-05-09T00:00:00,DET vs. CLE,W,9.633333333333333,1,2,0.5,0,0,0.0,0,0,0.0,0,3,3,0,0,0,0,0,2,0,2,2,5.6,0,0,5.0,1,1,1,1,1394,1118,1280,488,587,938,587,990,1042,990,896,615,832,1087,1060,742,500,1,542,1252,1253,625,1341,151,4,1338,,9:38,1
2005-06,2436,Flip Murray,Flip,1610612739,CLE,Cleveland Cavaliers,0040500202,2006-05-09T00:00:00,CLE @ DET,L,22.716666666666665,0,4,0.0,0,0,0.0,2,4,0.5,1,2,3,0,0,0,0,0,1,2,2,0,5.6,0,0,5.0,1,851,851,851,1011,1368,1052,1368,587,938,587,530,399,768,478,827,832,1087,1060,742,500,1,248,675,1253,762,1341,151,4,1338,,22:43,1
2005-06,109,Robert Horry,Robert,1610612759,SAS,San Antonio Spurs,0040500222,2006-05-09T00:00:00,SAS vs. DAL,L,19.483333333333334,1,2,0.5,0,0,0.0,0,1,0.0,0,3,3,0,2,0,0,0,3,1,2,-19,3.6,0,0,5.0,1,851,851,851,1099,1118,1280,488,587,938,587,990,974,990,896,615,832,1087,358,742,500,1,893,926,1253,1656,1437,151,4,1338,,19:29,1
2005-06,353,Darrell Armstrong,Darrell,1610612742,DAL,Dallas Mavericks,0040500222,2006-05-09T00:00:00,DAL @ SAS,W,2.966666666666667,1,1,1.0,0,0,0.0,0,0,0.0,0,0,0,0,0,1,0,0,0,0,2,4,5.0,0,0,4.0,1,1,1,1,1592,1118,1422,1,587,938,587,990,1042,990,896,1386,1473,1087,1060,274,500,1,1,1252,1253,504,1364,151,4,1384,,2:58,1
2005-06,1559,Adrian Griffin,Adrian,1610612742,DAL,Dallas Mavericks,0040500222,2006-05-09T00:00:00,DAL @ SAS,W,4.476666666666667,0,1,0.0,0,0,0.0,2,2,1.0,0,2,2,0,0,0,0,0,3,1,2,-2,4.4,0,0,4.0,1,1,1,1,1551,1368,1422,1368,587,938,587,530,647,1,896,827,1021,1087,1060,742,500,1,893,926,1253,943,1394,151,4,1384,,4:29,1
2005-06,956,Erick Dampier,Erick,1610612742,DAL,Dallas Mavericks,0040500222,2006-05-09T00:00:00,DAL @ SAS,W,14.65,0,1,0.0,0,0,0.0,0,2,0.0,1,2,3,0,0,0,0,0,5,2,0,5,3.6,0,0,3.0,1,1,1,1,1239,1368,1422,1368,587,938,587,990,647,990,478,827,832,1087,1060,742,500,1,1489,675,1439,444,1437,151,4,1449,,14:39,1
2005-06,2230,Maurice Evans,Maurice,1610612765,DET,Detroit Pistons,0040500202,2006-05-09T00:00:00,DET vs. CLE,W,4.616666666666666,1,2,0.5,0,0,0.0,0,0,0.0,0,1,1,0,1,0,0,0,2,0,2,2,2.2,0,0,3.0,1,1,1,1,1545,1118,1280,488,587,938,587,990,1042,990,896,1103,1241,1087,614,742,500,1,542,1252,1253,625,1512,151,4,1449,,4:37,1
2005-06,283,Lindsey Hunter,Lindsey,1610612765,DET,Detroit Pistons,0040500202,2006-05-09T00:00:00,DET vs. CLE,W,4.666666666666667,0,3,0.0,0,2,0.0,0,0,0.0,0,0,0,2,0,0,0,0,0,1,0,-2,3.0,0,0,2.0,1,1,1,1,1538,1368,1167,1368,587,529,587,990,1042,990,896,1386,1473,491,1060,742,500,1,1,926,1439,943,1467,151,4,1498,,4:40,1
2005-06,89,Nick Van Exel,Nick,1610612759,SAS,San Antonio Spurs,0040500222,2006-05-09T00:00:00,SAS vs. DAL,L,5.118333333333333,0,1,0.0,0,1,0.0,0,0,0.0,0,0,0,1,0,0,0,0,0,0,0,-5,1.5,0,0,1.0,1,851,851,851,1523,1368,1422,1368,587,709,587,990,1042,990,896,1386,1473,731,1060,742,500,1,1,1252,1439,1189,1539,151,4,1557,,5:07,1
2005-06,1725,Rasho Nesterovic,Rasho,1610612759,SAS,San Antonio Spurs,0040500222,2006-05-09T00:00:00,SAS vs. DAL,L,3.716666666666667,0,0,0.0,0,0,0.0,0,0,0.0,0,1,1,0,0,0,0,0,0,0,0,-2,1.2,0,0,1.0,1,851,851,851,1569,1368,1565,1368,587,938,587,990,1042,990,896,1103,1241,1087,1060,742,500,1,1,1252,1439,943,1554,151,4,1557,,3:43,1
2005-06,2788,DJ Mbenga,DJ,1610612742,DAL,Dallas Mavericks,0040500222,2006-05-09T00:00:00,DAL @ SAS,W,1.0333333333333334,0,1,0.0,0,0,0.0,0,0,0.0,0,0,0,0,0,0,0,0,0,0,0,4,0.0,0,0,0.0,1,1,1,1,1663,1368,1422,1368,587,938,587,990,1042,990,896,1386,1473,1087,1060,742,500,1,1,1252,1439,504,1605,151,4,1610,,1:02,1
2005-06,2694,Josh Powell,Josh,1610612742,DAL,Dallas Mavericks,0040500222,2006-05-09T00:00:00,DAL @ SAS,W,4.666666666666667,0,1,0.0,0,0,0.0,0,0,0.0,0,0,0,0,0,0,0,0,0,0,0,3,0.0,0,0,0.0,1,1,1,1,1538,1368,1422,1368,587,938,587,990,1042,990,896,1386,1473,1087,1060,742,500,1,1,1252,1439,567,1605,151,4,1610,,4:40,1
2005-06,673,Alan Henderson,Alan,1610612739,CLE,Cleveland Cavaliers,0040500202,2006-05-09T00:00:00,CLE @ DET,L,0.016666666666666666,0,0,0.0,0,0,0.0,0,0,0.0,0,0,0,0,0,0,0,0,1,0,0,-1,0.0,0,0,0.0,1,851,851,851,1716,1368,1565,1368,587,938,587,990,1042,990,896,1386,1473,1087,1060,742,500,1,248,1252,1439,859,1605,151,4,1610,,0:01,1
2005-06,101177,Fabricio Oberto,Fabricio,1610612759,SAS,San Antonio Spurs,0040500222,2006-05-09T00:00:00,SAS vs. DAL,L,6.383333333333334,0,1,0.0,0,0,0.0,0,0,0.0,0,0,0,0,0,0,0,0,1,0,0,-2,0.0,0,0,0.0,1,851,851,851,1487,1368,1422,1368,587,938,587,990,1042,990,896,1386,1473,1087,1060,742,500,1,248,1252,1439,943,1605,151,4,1610,,6:23,1
2005-06,1882,Elton Brand,Elton,1610612746,LAC,Los Angeles Clippers,0040500231,2006-05-08T00:00:00,LAC @ PHX,L,42.15,18,22,0.818,0,0,0.0,4,6,0.667,5,4,9,3,1,0,4,0,2,5,40,-2,66.3,0,0,60.0,1,851,851,851,189,2,55,110,587,938,587,284,232,657,26,431,161,335,614,742,12,1,542,217,10,943,11,151,4,14,,42:09,1
2005-06,467,Jason Kidd,Jason,1610612751,NJN,New Jersey Nets,0040500211,2006-05-08T00:00:00,NJN @ MIA,W,43.175,9,17,0.529,4,6,0.667,0,0,0.0,2,7,9,7,3,4,0,1,3,1,22,12,52.3,0,0,50.0,1,1,1,1,155,116,166,471,17,84,108,990,1042,990,252,144,161,67,164,5,500,1178,893,926,190,186,68,151,4,60,,43:11,1
2005-06,959,Steve Nash,Steve,1610612756,PHX,Phoenix Suns,0040500231,2006-05-08T00:00:00,PHX vs. LAC,W,41.25,10,15,0.667,3,5,0.6,8,9,0.889,2,1,3,12,4,0,0,0,3,7,31,14,48.6,1,0,49.0,1,1,1,1,228,84,255,197,57,141,149,69,93,425,252,1103,832,8,71,742,500,1,893,106,55,146,91,1,4,71,,41:15,1
2005-06,1713,Vince Carter,Vince,1610612751,NJN,New Jersey Nets,0040500211,2006-05-08T00:00:00,NJN @ MIA,W,39.281666666666666,6,15,0.4,0,3,0.0,15,19,0.789,1,7,8,6,4,3,1,0,3,12,27,24,53.6,0,0,49.0,1,1,1,1,334,351,255,896,587,362,587,8,5,554,478,144,214,97,71,32,157,1,893,12,105,39,58,151,4,71,,39:17,1
2005-06,2548,Dwyane Wade,Dwyane,1610612748,MIA,Miami Heat,0040500211,2006-05-08T00:00:00,MIA vs. NJN,L,40.903333333333336,8,19,0.421,0,2,0.0,9,15,0.6,1,4,5,3,0,3,1,1,2,10,25,-14,47.5,0,0,41.0,1,851,851,851,247,178,108,865,587,529,587,49,18,740,478,431,510,335,1060,32,157,1178,542,24,130,1574,98,151,4,146,,40:54,1
2005-06,1890,Shawn Marion,Shawn,1610612756,PHX,Phoenix Suns,0040500231,2006-05-08T00:00:00,PHX vs. LAC,W,38.495,5,13,0.385,0,4,0.0,10,10,1.0,1,14,15,3,2,1,0,0,4,6,20,11,43.5,1,0,40.0,1,1,1,1,374,456,359,965,587,234,587,40,66,1,478,7,19,335,358,274,500,1,1222,145,258,217,149,1,4,161,,38:30,1
2005-06,208,Sam Cassell,Sam,1610612746,LAC,Los Angeles Clippers,0040500231,2006-05-08T00:00:00,LAC @ PHX,L,32.545,10,19,0.526,1,3,0.333,7,8,0.875,2,2,4,4,2,0,0,0,5,6,28,-6,36.8,0,0,37.0,1,851,851,851,641,84,108,478,284,362,369,101,129,437,252,827,647,208,358,742,500,1,1489,145,94,1251,265,151,4,208,,32:33,1
2005-06,2564,Boris Diaw,Boris,1610612756,PHX,Phoenix Suns,0040500231,2006-05-08T00:00:00,PHX vs. LAC,W,44.3,9,16,0.563,1,1,1.0,0,0,0.0,1,4,5,5,3,2,1,3,2,3,19,3,38.5,0,0,36.0,1,1,1,1,119,116,208,404,284,709,1,990,1042,990,478,431,510,141,164,82,157,1679,542,471,298,567,228,151,4,228,,44:18,1
2005-06,2210,Richard Jefferson,Richard,1610612751,NJN,New Jersey Nets,0040500211,2006-05-08T00:00:00,NJN @ MIA,W,22.833333333333332,7,11,0.636,2,3,0.667,4,5,0.8,2,2,4,5,1,2,0,1,0,4,20,12,37.3,0,0,35.0,1,1,1,1,1007,269,490,268,125,362,108,284,332,518,252,827,647,141,614,82,500,1178,1,316,258,186,248,151,4,250,,22:50,1
2005-06,406,Shaquille O'Neal,Shaquille,1610612748,MIA,Miami Heat,0040500211,2006-05-08T00:00:00,MIA vs. NJN,L,29.383333333333333,6,12,0.5,0,0,0.0,8,14,0.571,4,6,10,0,4,1,1,0,5,10,20,-6,34.0,1,0,34.0,1,851,851,851,754,351,425,488,587,938,587,69,26,761,55,208,114,1087,71,274,157,1,1489,24,258,1251,318,1,4,267,,29:23,1
2005-06,1894,Corey Maggette,Corey,1610612746,LAC,Los Angeles Clippers,0040500231,2006-05-08T00:00:00,LAC @ PHX,L,28.533333333333335,7,11,0.636,2,5,0.4,4,5,0.8,0,5,5,1,2,2,0,1,1,5,20,3,31.5,0,0,32.0,1,851,851,851,786,269,490,268,125,141,327,284,332,518,896,311,510,731,358,82,500,1178,248,217,258,567,379,151,4,315,,28:32,1
2005-06,1952,Raja Bell,Raja,1610612756,PHX,Phoenix Suns,0040500231,2006-05-08T00:00:00,PHX vs. LAC,W,45.2,8,15,0.533,4,8,0.5,2,2,1.0,1,1,2,2,0,1,0,1,2,2,22,10,30.4,0,0,32.0,1,1,1,1,96,178,255,458,17,19,183,530,647,1,478,1103,1021,491,1060,274,500,1178,542,675,190,252,406,151,4,315,,45:12,1
2005-06,2571,Leandro Barbosa,Leandro,1610612756,PHX,Phoenix Suns,0040500231,2006-05-08T00:00:00,PHX vs. LAC,W,33.2,6,12,0.5,2,4,0.5,3,3,1.0,1,1,2,4,2,1,0,1,5,3,17,4,26.4,0,0,27.0,1,1,1,1,608,351,425,488,125,234,183,405,561,1,478,1103,1021,208,358,274,500,1178,1489,471,353,504,538,151,4,472,,33:12,1
2005-06,2733,Shaun Livingston,Shaun,1610612746,LAC,Los Angeles Clippers,0040500231,2006-05-08T00:00:00,LAC @ PHX,L,32.7,5,8,0.625,0,0,0.0,0,0,0.0,0,6,6,9,3,0,0,0,2,3,10,2,27.7,0,0,25.0,1,851,851,851,634,456,699,280,587,938,587,990,1042,990,896,208,386,34,164,742,500,1,542,471,683,625,489,151,4,532,,32:42,1
2005-06,1715,Jason Williams,Jason,1610612748,MIA,Miami Heat,0040500211,2006-05-08T00:00:00,MIA vs. NJN,L,31.233333333333334,5,13,0.385,2,7,0.286,0,0,0.0,1,2,3,3,4,2,0,1,1,0,12,-12,22.1,0,0,24.0,1,851,851,851,687,456,359,965,125,42,469,990,1042,990,478,827,832,335,71,82,500,1178,248,1252,571,1528,672,151,4,562,,31:14,1
2005-06,2617,Udonis Haslem,Udonis,1610612748,MIA,Miami Heat,0040500211,2006-05-08T00:00:00,MIA vs. NJN,L,27.366666666666667,2,3,0.667,0,0,0.0,6,6,1.0,2,3,5,1,1,1,1,0,3,3,10,-1,22.5,0,0,20.0,1,851,851,851,835,933,1167,197,587,938,587,142,232,1,252,615,510,731,614,274,157,1,893,471,683,859,655,151,4,704,,27:22,1
2005-06,441,Lamond Murray,Lamond,1610612751,NJN,New Jersey Nets,0040500211,2006-05-08T00:00:00,NJN @ MIA,W,33.86666666666667,2,10,0.2,2,8,0.25,2,2,1.0,0,7,7,1,1,1,0,1,4,1,8,-4,19.9,0,0,20.0,1,1,1,1,575,933,572,1304,125,19,480,530,647,1,896,144,284,731,614,274,500,1178,1222,926,812,1108,753,151,4,704,,33:52,1
2005-06,1501,Tim Thomas,Tim,1610612756,PHX,Phoenix Suns,0040500231,2006-05-08T00:00:00,PHX vs. LAC,W,14.583333333333334,5,8,0.625,2,5,0.4,0,0,0.0,0,4,4,0,0,1,0,1,5,0,12,-1,19.8,0,0,20.0,1,1,1,1,1242,456,699,280,125,141,327,990,1042,990,896,431,647,1087,1060,274,500,1178,1489,1252,571,859,760,151,4,704,,14:35,1
2005-06,2624,Quinton Ross,Quinton,1610612746,LAC,Los Angeles Clippers,0040500231,2006-05-08T00:00:00,LAC @ PHX,L,20.133333333333333,3,5,0.6,0,0,0.0,3,4,0.75,1,2,3,1,1,2,0,0,4,4,9,-15,19.1,0,0,17.0,1,851,851,851,1081,742,962,311,587,938,587,405,399,566,478,827,832,731,614,82,500,1,1222,316,763,1591,793,151,4,827,,20:08,1
2005-06,952,Antoine Walker,Antoine,1610612748,MIA,Miami Heat,0040500211,2006-05-08T00:00:00,MIA vs. NJN,L,31.333333333333332,2,7,0.286,0,4,0.0,0,0,0.0,3,5,8,1,5,1,0,0,2,1,4,-26,13.1,0,0,15.0,1,851,851,851,680,933,786,1192,587,234,587,990,1042,990,128,311,214,731,36,274,500,1,542,926,1100,1705,1028,151,4,904,,31:20,1
2005-06,2549,Chris Kaman,Chris,1610612746,LAC,Los Angeles Clippers,0040500231,2006-05-08T00:00:00,LAC @ PHX,L,30.166666666666668,3,7,0.429,0,0,0.0,2,2,1.0,1,6,7,0,4,0,0,0,3,1,8,-25,12.4,0,0,15.0,1,851,851,851,724,742,786,821,587,938,587,530,647,1,478,208,284,1087,71,742,500,1,893,926,812,1700,1059,151,4,904,,30:10,1
2005-06,2420,Nenad Krstic,Nenad,1610612751,NJN,New Jersey Nets,0040500211,2006-05-08T00:00:00,NJN @ MIA,W,25.916666666666668,5,8,0.625,0,0,0.0,1,2,0.5,0,1,1,0,3,0,1,0,5,1,11,20,12.2,0,0,14.0,1,1,1,1,891,456,699,280,587,938,587,793,647,768,896,1103,1241,1087,164,742,157,1,1489,926,622,69,1066,151,4,939,,25:55,1
2005-06,2209,Vladimir Radmanovic,Vladimir,1610612746,LAC,Los Angeles Clippers,0040500231,2006-05-08T00:00:00,LAC @ PHX,L,19.85,1,3,0.333,1,3,0.333,2,3,0.667,0,2,2,1,0,0,2,0,4,1,5,4,14.9,0,0,13.0,1,851,851,851,1087,1118,1167,1051,284,362,369,530,561,657,896,827,1021,731,1060,742,67,1,1222,926,1046,504,956,151,4,985,,19:51,1
2005-06,1507,Derek Anderson,Derek,1610612748,MIA,Miami Heat,0040500211,2006-05-08T00:00:00,MIA vs. NJN,L,15.27,0,3,0.0,0,2,0.0,7,8,0.875,0,5,5,1,1,0,0,1,4,4,7,7,13.5,0,0,13.0,1,851,851,851,1228,1368,1167,1368,587,529,587,101,129,437,896,311,510,731,614,742,500,1178,1222,316,897,352,1013,151,4,985,,15:16,1
2005-06,2592,James Jones,James,1610612756,PHX,Phoenix Suns,0040500231,2006-05-08T00:00:00,PHX vs. LAC,W,19.171666666666667,4,5,0.8,0,0,0.0,1,1,1.0,2,1,3,0,0,0,0,0,3,1,9,-1,12.6,0,0,12.0,1,1,1,1,1106,580,962,113,587,938,587,793,974,1,252,1103,832,1087,1060,742,500,1,893,926,763,859,1049,151,4,1038,,19:10,1
2005-06,1519,John Thomas,John,1610612751,NJN,New Jersey Nets,0040500211,2006-05-08T00:00:00,NJN @ MIA,W,16.148333333333333,1,1,1.0,0,0,0.0,0,0,0.0,0,5,5,0,2,1,1,0,4,1,2,0,12.0,0,0,11.0,1,1,1,1,1198,1118,1422,1,587,938,587,990,1042,990,896,311,510,1087,358,274,157,1,1222,926,1253,762,1073,151,4,1087,,16:09,1
2005-06,56,Gary Payton,Gary,1610612748,MIA,Miami Heat,0040500211,2006-05-08T00:00:00,MIA vs. NJN,L,23.166666666666668,2,6,0.333,1,3,0.333,0,0,0.0,0,0,0,1,1,2,0,0,1,0,5,2,11.5,0,0,11.0,1,851,851,851,997,933,878,1051,284,362,369,990,1042,990,896,1386,1473,731,614,82,500,1,248,1252,1046,625,1092,151,4,1087,,23:10,1
2005-06,2215,Jason Collins,Jason,1610612751,NJN,New Jersey Nets,0040500211,2006-05-08T00:00:00,NJN @ MIA,W,24.501666666666665,2,2,1.0,0,0,0.0,1,2,0.5,1,4,5,0,0,0,0,0,5,3,5,6,11.0,0,0,10.0,1,1,1,1,947,933,1280,1,587,938,587,793,647,768,478,431,510,1087,1060,742,500,1,1489,471,1046,391,1116,151,4,1125,,24:30,1
2005-06,361,Clifford Robinson,Clifford,1610612751,NJN,New Jersey Nets,0040500211,2006-05-08T00:00:00,NJN @ MIA,W,19.533333333333335,1,2,0.5,1,2,0.5,0,0,0.0,0,3,3,0,2,1,0,0,4,0,3,1,7.6,0,0,9.0,1,1,1,1,1098,1118,1280,488,284,529,183,990,1042,990,896,615,832,1087,358,274,500,1,1222,1252,1180,689,1264,151,4,1164,,19:32,1
2005-06,1749,Cuttino Mobley,Cuttino,1610612746,LAC,Los Angeles Clippers,0040500231,2006-05-08T00:00:00,LAC @ PHX,L,33.416666666666664,1,6,0.167,0,1,0.0,1,1,1.0,0,3,3,1,1,0,0,0,1,0,3,2,7.1,0,0,7.0,1,851,851,851,597,1118,878,1337,587,709,587,793,974,1,896,615,832,731,614,742,500,1,248,1252,1180,625,1285,151,4,1252,,33:25,1
2005-06,1899,James Posey,James,1610612748,MIA,Miami Heat,0040500211,2006-05-08T00:00:00,MIA vs. NJN,L,24.216666666666665,1,5,0.2,1,4,0.25,0,0,0.0,0,2,2,1,1,0,0,0,4,1,3,-5,5.9,0,0,7.0,1,851,851,851,959,1118,962,1304,284,234,480,990,1042,990,896,827,1021,731,614,742,500,1,1222,926,1180,1189,1329,151,4,1252,,24:13,1
2005-06,297,Alonzo Mourning,Alonzo,1610612748,MIA,Miami Heat,0040500211,2006-05-08T00:00:00,MIA vs. NJN,L,6.73,1,1,1.0,0,0,0.0,0,0,0.0,0,2,2,0,0,0,0,0,0,1,2,-4,4.4,0,0,4.0,1,851,851,851,1477,1118,1422,1,587,938,587,990,1042,990,896,827,1021,1087,1060,742,500,1,1,926,1253,1108,1394,151,4,1384,,6:44,1
2005-06,1521,Jacque Vaughn,Jacque,1610612751,NJN,New Jersey Nets,0040500211,2006-05-08T00:00:00,NJN @ MIA,W,14.046666666666667,1,4,0.25,0,0,0.0,0,0,0.0,0,0,0,1,2,0,0,0,2,0,2,-11,1.5,0,0,3.0,1,1,1,1,1263,1118,1052,1236,587,938,587,990,1042,990,896,1386,1473,731,358,742,500,1,542,1252,1253,1501,1539,151,4,1449,,14:03,1
2005-06,1720,Michael Doleac,Michael,1610612748,MIA,Miami Heat,0040500211,2006-05-08T00:00:00,MIA vs. NJN,L,10.396666666666667,0,0,0.0,0,0,0.0,0,0,0.0,0,2,2,0,0,0,0,0,1,0,0,-1,2.4,0,0,2.0,1,851,851,851,1370,1368,1565,1368,587,938,587,990,1042,990,896,827,1021,1087,1060,742,500,1,248,1252,1439,859,1497,151,4,1498,,10:24,1
2005-06,101137,Daniel Ewing,Daniel,1610612746,LAC,Los Angeles Clippers,0040500231,2006-05-08T00:00:00,LAC @ PHX,L,0.48833333333333334,0,0,0.0,0,0,0.0,0,0,0.0,0,0,0,0,0,0,0,0,0,0,0,2,0.0,0,0,0.0,1,851,851,851,1692,1368,1565,1368,587,938,587,990,1042,990,896,1386,1473,1087,1060,742,500,1,1,1252,1439,625,1605,151,4,1610,,0:29,1
2005-06,101120,Antoine Wright,Antoine,1610612751,NJN,New Jersey Nets,0040500211,2006-05-08T00:00:00,NJN @ MIA,W,0.6966666666666667,0,0,0.0,0,0,0.0,0,0,0.0,0,0,0,0,0,0,0,0,0,0,0,0,0.0,0,0,0.0,1,1,1,1,1683,1368,1565,1368,587,938,587,990,1042,990,896,1386,1473,1087,1060,742,500,1,1,1252,1439,762,1605,151,4,1610,,0:42,1
2005-06,962,Walter McCarty,Walter,1610612746,LAC,Los Angeles Clippers,0040500231,2006-05-08T00:00:00,LAC @ PHX,L,0.016666666666666666,0,0,0.0,0,0,0.0,0,0,0.0,0,0,0,0,0,0,0,0,0,0,0,0,0.0,0,0,0.0,1,851,851,851,1716,1368,1565,1368,587,938,587,990,1042,990,896,1386,1473,1087,1060,742,500,1,1,1252,1439,762,1605,151,4,1610,,0:01,1
2005-06,2067,Eddie House,Eddie,1610612756,PHX,Phoenix Suns,0040500231,2006-05-08T00:00:00,PHX vs. LAC,W,3.8,0,2,0.0,0,0,0.0,0,0,0.0,0,0,0,0,0,0,0,0,1,0,0,-5,0.0,0,0,0.0,1,1,1,1,1567,1368,1280,1368,587,938,587,990,1042,990,896,1386,1473,1087,1060,742,500,1,248,1252,1439,1189,1605,151,4,1610,,3:48,1
2005-06,1495,Tim Duncan,Tim,1610612759,SAS,San Antonio Spurs,0040500221,2006-05-07T00:00:00,SAS vs. DAL,W,41.266666666666666,12,24,0.5,0,0,0.0,7,12,0.583,5,8,13,4,4,1,2,2,3,9,31,6,57.6,1,0,54.0,1,1,1,1,225,37,25,488,587,938,587,101,41,760,26,100,45,208,71,274,67,1566,893,40,55,391,36,1,4,40,,41:16,1
2005-06,1717,Dirk Nowitzki,Dirk,1610612742,DAL,Dallas Mavericks,0040500221,2006-05-07T00:00:00,DAL @ SAS,L,41.85,8,20,0.4,0,1,0.0,4,6,0.667,4,10,14,0,2,2,0,0,2,6,20,-3,40.8,1,0,38.0,1,851,851,851,201,178,82,896,587,709,587,284,232,657,55,44,32,1087,358,82,500,1,542,145,258,1032,186,1,4,188,,41:51,1
2005-06,2419,Tayshaun Prince,Tayshaun,1610612765,DET,Detroit Pistons,0040500201,2006-05-07T00:00:00,DET vs. CLE,W,32.123333333333335,8,16,0.5,4,4,1.0,4,6,0.667,3,0,3,2,1,0,1,1,3,3,24,29,32.6,0,0,35.0,1,1,1,1,652,178,208,488,17,234,1,284,232,657,128,1386,832,491,614,742,157,1178,893,471,149,12,356,151,4,250,,32:07,1
2005-06,1497,Chauncey Billups,Chauncey,1610612765,DET,Detroit Pistons,0040500201,2006-05-07T00:00:00,DET vs. CLE,W,30.566666666666666,3,5,0.6,2,2,1.0,6,6,1.0,0,2,2,10,1,2,1,0,2,3,14,27,39.4,1,0,34.0,1,1,1,1,711,742,962,311,125,529,1,142,232,1,896,827,1021,25,614,82,157,1,542,471,478,16,209,1,4,267,,30:34,1
2005-06,711,Jerry Stackhouse,Jerry,1610612742,DAL,Dallas Mavericks,0040500221,2006-05-07T00:00:00,DAL @ SAS,L,35.038333333333334,10,21,0.476,1,3,0.333,3,4,0.75,0,2,2,1,1,2,0,0,3,2,24,0,32.9,0,0,32.0,1,851,851,851,516,84,67,716,284,362,369,405,399,566,896,827,1021,731,614,82,500,1,893,675,149,762,350,151,4,315,,35:02,1
2005-06,2572,Josh Howard,Josh,1610612742,DAL,Dallas Mavericks,0040500221,2006-05-07T00:00:00,DAL @ SAS,L,40.733333333333334,5,10,0.5,0,0,0.0,7,8,0.875,2,7,9,0,5,1,2,0,3,5,17,4,31.8,0,0,32.0,1,851,851,851,256,456,572,488,587,938,587,101,129,437,252,144,161,1087,36,274,67,1,893,217,353,504,371,151,4,315,,40:44,1
2005-06,2544,LeBron James,LeBron,1610612739,CLE,Cleveland Cavaliers,0040500201,2006-05-07T00:00:00,CLE @ DET,L,36.0,9,18,0.5,2,5,0.4,2,2,1.0,1,3,4,4,4,0,0,1,3,6,22,-31,28.8,0,0,32.0,1,851,851,851,478,116,129,488,125,141,327,530,647,1,478,615,647,208,71,742,500,1178,893,145,190,1716,456,151,4,315,,36:00,1
2005-06,1888,Richard Hamilton,Richard,1610612765,DET,Detroit Pistons,0040500201,2006-05-07T00:00:00,DET vs. CLE,W,33.8,9,18,0.5,0,1,0.0,2,2,1.0,0,3,3,3,2,2,0,2,2,2,20,33,32.1,0,0,30.0,1,1,1,1,580,116,129,488,587,709,587,530,647,1,896,615,832,335,358,82,500,1566,542,675,258,6,364,151,4,374,,33:48,1
2005-06,2225,Tony Parker,Tony,1610612759,SAS,San Antonio Spurs,0040500221,2006-05-07T00:00:00,SAS vs. DAL,W,36.45,7,18,0.389,0,0,0.0,5,6,0.833,1,3,4,4,2,1,0,4,1,4,19,-2,30.8,0,0,29.0,1,1,1,1,456,269,129,958,587,938,587,203,232,479,478,615,647,208,358,274,500,1710,248,316,298,943,398,151,4,401,,36:27,1
2005-06,1938,Manu Ginobili,Manu,1610612759,SAS,San Antonio Spurs,0040500221,2006-05-07T00:00:00,SAS vs. DAL,W,36.516666666666666,5,14,0.357,0,2,0.0,5,6,0.833,1,4,5,0,4,4,0,0,4,6,15,5,29.0,0,0,28.0,1,1,1,1,451,456,306,1032,587,529,587,203,232,479,478,431,510,1087,71,5,500,1,1222,145,442,444,451,151,4,435,,36:31,1
2005-06,1112,Ben Wallace,Ben,1610612765,DET,Detroit Pistons,0040500201,2006-05-07T00:00:00,DET vs. CLE,W,37.21666666666667,1,4,0.25,0,0,0.0,0,2,0.0,3,8,11,2,0,0,4,0,0,5,2,38,30.2,0,0,23.0,1,1,1,1,420,1118,1052,1236,587,938,587,990,647,990,128,100,82,491,1060,742,12,1,1,217,1253,1,418,151,4,596,,37:13,1
2005-06,686,Antonio McDyess,Antonio,1610612765,DET,Detroit Pistons,0040500201,2006-05-07T00:00:00,DET vs. CLE,W,22.383333333333333,5,7,0.714,0,0,0.0,2,2,1.0,2,2,4,1,0,0,3,0,2,2,12,28,27.3,0,0,23.0,1,1,1,1,1023,456,786,178,587,938,587,530,647,1,252,827,647,731,1060,742,25,1,542,675,571,14,506,151,4,596,,22:23,1
2005-06,2760,Anderson Varejao,Anderson,1610612739,CLE,Cleveland Cavaliers,0040500201,2006-05-07T00:00:00,CLE @ DET,L,21.0,4,5,0.8,0,0,0.0,3,3,1.0,2,6,8,0,0,1,1,0,2,3,11,-7,26.6,0,0,23.0,1,851,851,851,1058,580,962,113,587,938,587,405,561,1,252,208,214,1087,1060,274,157,1,542,471,622,1313,536,151,4,596,,21:00,1
2005-06,956,Erick Dampier,Erick,1610612742,DAL,Dallas Mavericks,0040500221,2006-05-07T00:00:00,DAL @ SAS,L,27.966666666666665,0,2,0.0,0,0,0.0,2,4,0.5,3,7,10,0,1,0,5,0,3,3,2,0,28.0,0,0,22.0,1,851,851,851,809,1368,1280,1368,587,938,587,530,399,768,128,144,114,1087,614,742,4,1,893,471,1253,762,484,151,4,628,,27:58,1
2005-06,980,Zydrunas Ilgauskas,Zydrunas,1610612739,CLE,Cleveland Cavaliers,0040500201,2006-05-07T00:00:00,CLE @ DET,L,24.816666666666666,5,14,0.357,0,0,0.0,4,6,0.667,3,2,5,1,1,1,0,1,1,3,14,-16,23.5,0,0,22.0,1,851,851,851,929,456,306,1032,587,938,587,284,232,657,128,827,510,731,614,274,500,1178,248,471,478,1605,623,151,4,628,,24:49,1
2005-06,1891,Jason Terry,Jason,1610612742,DAL,Dallas Mavericks,0040500221,2006-05-07T00:00:00,DAL @ SAS,L,34.748333333333335,6,18,0.333,1,3,0.333,1,2,0.5,0,2,2,1,1,2,0,2,2,1,14,-7,22.9,0,0,22.0,1,851,851,851,532,351,129,1051,284,362,369,793,647,768,896,827,1021,731,614,82,500,1566,542,926,478,1313,645,151,4,628,,34:45,1
2005-06,109,Robert Horry,Robert,1610612759,SAS,San Antonio Spurs,0040500221,2006-05-07T00:00:00,SAS vs. DAL,W,32.93333333333333,1,4,0.25,1,4,0.25,2,2,1.0,3,6,9,1,1,1,1,0,3,2,5,2,22.3,0,0,20.0,1,1,1,1,624,1118,1052,1236,284,234,480,530,647,1,128,208,161,731,614,274,157,1,893,675,1046,625,664,151,4,704,,32:56,1
2005-06,739,Rasheed Wallace,Rasheed,1610612765,DET,Detroit Pistons,0040500201,2006-05-07T00:00:00,DET vs. CLE,W,22.333333333333332,4,8,0.5,2,2,1.0,0,0,0.0,1,6,7,1,1,0,0,0,2,0,10,8,18.9,0,0,20.0,1,1,1,1,1027,580,699,488,125,529,1,990,1042,990,478,208,284,731,614,742,500,1,542,1252,683,318,801,151,4,704,,22:20,1
2005-06,283,Lindsey Hunter,Lindsey,1610612765,DET,Detroit Pistons,0040500201,2006-05-07T00:00:00,DET vs. CLE,W,17.433333333333334,4,7,0.571,4,7,0.571,0,0,0.0,0,1,1,2,0,0,0,0,1,0,12,0,16.2,0,0,19.0,1,1,1,1,1167,580,786,369,17,42,171,990,1042,990,896,1103,1241,491,1060,742,500,1,248,1252,571,762,907,151,4,745,,17:26,1
2005-06,923,Donyell Marshall,Donyell,1610612739,CLE,Cleveland Cavaliers,0040500201,2006-05-07T00:00:00,CLE @ DET,L,17.683333333333334,4,6,0.667,0,0,0.0,0,0,0.0,2,1,3,0,0,0,2,1,0,1,8,-17,17.6,0,0,15.0,1,851,851,851,1156,580,878,197,587,938,587,990,1042,990,252,1103,832,1087,1060,742,67,1178,1,926,812,1630,865,151,4,904,,17:41,1
2005-06,714,Michael Finley,Michael,1610612759,SAS,San Antonio Spurs,0040500221,2006-05-07T00:00:00,SAS vs. DAL,W,22.866666666666667,3,6,0.5,1,3,0.333,0,0,0.0,0,3,3,0,0,0,1,1,1,0,7,-6,13.6,0,0,13.0,1,1,1,1,1005,742,878,488,284,362,369,990,1042,990,896,615,832,1087,1060,742,157,1178,248,1252,897,1251,1007,151,4,985,,22:52,1
2005-06,2400,Drew Gooden,Drew,1610612739,CLE,Cleveland Cavaliers,0040500201,2006-05-07T00:00:00,CLE @ DET,L,20.716666666666665,2,7,0.286,0,0,0.0,0,0,0.0,4,3,7,1,1,0,0,1,1,1,4,-15,12.9,0,0,12.0,1,851,851,851,1067,933,786,1192,587,938,587,990,1042,990,55,615,284,731,614,742,500,1178,248,926,1100,1591,1037,151,4,1038,,20:43,1
2005-06,2436,Flip Murray,Flip,1610612739,CLE,Cleveland Cavaliers,0040500201,2006-05-07T00:00:00,CLE @ DET,L,25.45,0,7,0.0,0,1,0.0,3,4,0.75,1,3,4,4,1,0,0,1,3,2,3,-10,12.8,0,0,11.0,1,851,851,851,908,1368,786,1368,587,709,587,405,399,566,478,615,647,208,614,742,500,1178,893,675,1180,1457,1040,151,4,1087,,25:27,1
2005-06,1716,Larry Hughes,Larry,1610612739,CLE,Cleveland Cavaliers,0040500201,2006-05-07T00:00:00,CLE @ DET,L,33.45,4,13,0.308,0,1,0.0,0,0,0.0,1,0,1,2,0,0,0,2,3,1,8,-29,12.2,0,0,11.0,1,851,851,851,596,580,359,1165,587,709,587,990,1042,990,478,1386,1241,491,1060,742,500,1566,893,926,812,1712,1066,151,4,1087,,33:27,1
2005-06,1477,Bruce Bowen,Bruce,1610612759,SAS,San Antonio Spurs,0040500221,2006-05-07T00:00:00,SAS vs. DAL,W,33.583333333333336,2,5,0.4,1,3,0.333,1,2,0.5,1,1,2,0,0,1,0,0,4,2,6,3,11.4,0,0,11.0,1,1,1,1,590,933,962,896,284,362,369,793,647,768,478,1103,1021,1087,1060,274,500,1,1222,675,957,567,1096,151,4,1087,,33:35,1
2005-06,2230,Maurice Evans,Maurice,1610612765,DET,Detroit Pistons,0040500201,2006-05-07T00:00:00,DET vs. CLE,W,8.843333333333334,3,4,0.75,1,2,0.5,0,0,0.0,2,1,3,0,0,0,0,0,0,0,7,8,10.6,0,0,11.0,1,1,1,1,1413,742,1052,133,284,529,183,990,1042,990,252,1103,832,1087,1060,742,500,1,1,1252,897,318,1136,151,4,1087,,8:51,1
2005-06,1956,Ira Newble,Ira,1610612739,CLE,Cleveland Cavaliers,0040500201,2006-05-07T00:00:00,CLE @ DET,L,8.816666666666666,3,3,1.0,1,1,1.0,0,0,0.0,1,0,1,0,1,1,0,0,1,0,7,5,10.2,0,0,11.0,1,851,851,851,1415,742,1167,1,284,709,1,990,1042,990,478,1386,1241,1087,614,274,500,1,248,1252,897,444,1156,151,4,1087,,8:49,1
2005-06,2205,DeSagana Diop,DeSagana,1610612742,DAL,Dallas Mavericks,0040500221,2006-05-07T00:00:00,DAL @ SAS,L,15.633333333333333,1,3,0.333,0,0,0.0,0,0,0.0,2,2,4,0,1,2,0,2,5,0,2,-4,11.8,0,0,10.0,1,851,851,851,1216,1118,1167,1051,587,938,587,990,1042,990,252,827,647,1087,614,82,500,1566,1489,1252,1253,1108,1080,151,4,1125,,15:38,1
2005-06,2734,Devin Harris,Devin,1610612742,DAL,Dallas Mavericks,0040500221,2006-05-07T00:00:00,DAL @ SAS,L,15.663333333333334,1,1,1.0,0,0,0.0,1,2,0.5,1,3,4,2,0,0,0,0,1,2,3,3,10.8,0,0,9.0,1,851,851,851,1215,1118,1422,1,587,938,587,793,647,768,478,615,647,491,1060,742,500,1,248,675,1180,567,1127,151,4,1164,,15:40,1
2005-06,960,Tony Delk,Tony,1610612765,DET,Detroit Pistons,0040500201,2006-05-07T00:00:00,DET vs. CLE,W,14.2,2,5,0.4,1,3,0.333,0,0,0.0,0,1,1,2,0,0,0,0,2,1,5,-6,9.2,0,0,9.0,1,1,1,1,1254,933,962,896,284,362,369,990,1042,990,896,1103,1241,491,1060,742,500,1,542,926,1046,1251,1193,151,4,1164,,14:12,1
2005-06,727,Eric Snow,Eric,1610612739,CLE,Cleveland Cavaliers,0040500201,2006-05-07T00:00:00,CLE @ DET,L,22.55,3,3,1.0,0,0,0.0,0,0,0.0,0,0,0,2,1,0,0,0,3,0,6,-17,8.0,0,0,8.0,1,851,851,851,1020,742,1167,1,587,938,587,990,1042,990,896,1386,1473,491,614,742,500,1,893,1252,957,1630,1248,151,4,1212,,22:33,1
2005-06,1509,Kelvin Cato,Kelvin,1610612765,DET,Detroit Pistons,0040500201,2006-05-07T00:00:00,DET vs. CLE,W,7.033333333333333,2,3,0.667,0,0,0.0,0,0,0.0,1,1,2,0,0,0,0,0,1,0,4,-10,6.4,0,0,6.0,1,1,1,1,1466,933,1167,197,587,938,587,990,1042,990,478,1103,1021,1087,1060,742,500,1,248,1252,1100,1457,1304,151,4,1292,,7:02,1
2005-06,1559,Adrian Griffin,Adrian,1610612742,DAL,Dallas Mavericks,0040500221,2006-05-07T00:00:00,DAL @ SAS,L,19.563333333333333,1,1,1.0,0,0,0.0,1,2,0.5,1,0,1,1,0,0,0,0,2,1,3,-2,5.7,0,0,5.0,1,851,851,851,1097,1118,1422,1,587,938,587,793,647,768,478,1386,1241,731,1060,742,500,1,542,926,1180,943,1337,151,4,1338,,19:34,1
2005-06,2568,Carlos Delfino,Carlos,1610612765,DET,Detroit Pistons,0040500201,2006-05-07T00:00:00,DET vs. CLE,W,7.033333333333333,1,1,1.0,1,1,1.0,0,0,0.0,0,1,1,0,3,0,0,0,0,1,3,-10,1.2,0,0,5.0,1,1,1,1,1466,1118,1422,1,284,709,1,990,1042,990,896,1103,1241,1087,164,742,500,1,1,926,1180,1457,1554,151,4,1338,,7:02,1
2005-06,699,Brent Barry,Brent,1610612759,SAS,San Antonio Spurs,0040500221,2006-05-07T00:00:00,SAS vs. DAL,W,14.416666666666666,0,2,0.0,0,1,0.0,2,2,1.0,0,1,1,1,0,0,0,0,1,1,2,-1,4.7,0,0,4.0,1,1,1,1,1246,1368,1280,1368,587,709,587,530,647,1,896,1103,1241,731,1060,742,500,1,248,926,1253,859,1380,151,4,1384,,14:25,1
2005-06,2605,Marquis Daniels,Marquis,1610612742,DAL,Dallas Mavericks,0040500221,2006-05-07T00:00:00,DAL @ SAS,L,6.37,0,1,0.0,0,0,0.0,0,0,0.0,0,1,1,3,1,0,0,0,1,0,0,-1,4.7,0,0,4.0,1,851,851,851,1488,1368,1422,1368,587,938,587,990,1042,990,896,1103,1241,335,614,742,500,1,248,1252,1439,859,1380,151,4,1384,,6:22,1
2005-06,1800,Damon Jones,Damon,1610612739,CLE,Cleveland Cavaliers,0040500201,2006-05-07T00:00:00,CLE @ DET,L,18.416666666666668,0,2,0.0,0,1,0.0,3,3,1.0,0,1,1,0,1,0,0,0,0,1,3,-3,3.2,0,0,4.0,1,851,851,851,1135,1368,1280,1368,587,709,587,405,561,1,896,1103,1241,1087,614,742,500,1,1,926,1180,1032,1451,151,4,1384,,18:25,1
2005-06,89,Nick Van Exel,Nick,1610612759,SAS,San Antonio Spurs,0040500221,2006-05-07T00:00:00,SAS vs. DAL,W,11.55,1,2,0.5,0,0,0.0,0,0,0.0,0,0,0,1,1,0,0,0,0,0,2,4,2.5,0,0,3.0,1,1,1,1,1337,1118,1280,488,587,938,587,990,1042,990,896,1386,1473,731,614,742,500,1,1,1252,1253,504,1494,151,4,1449,,11:33,1
2005-06,673,Alan Henderson,Alan,1610612739,CLE,Cleveland Cavaliers,0040500201,2006-05-07T00:00:00,CLE @ DET,L,8.833333333333334,0,2,0.0,0,0,0.0,0,0,0.0,1,1,2,0,0,0,0,2,0,1,0,5,2.4,0,0,2.0,1,851,851,851,1414,1368,1280,1368,587,938,587,990,1042,990,478,1103,1021,1087,1060,742,500,1566,1,926,1439,444,1497,151,4,1498,,8:50,1
2005-06,1725,Rasho Nesterovic,Rasho,1610612759,SAS,San Antonio Spurs,0040500221,2006-05-07T00:00:00,SAS vs. DAL,W,8.733333333333333,0,0,0.0,0,0,0.0,0,0,0.0,0,2,2,0,0,0,0,0,2,0,0,0,2.4,0,0,2.0,1,1,1,1,1418,1368,1565,1368,587,938,587,990,1042,990,896,827,1021,1087,1060,742,500,1,542,1252,1439,762,1497,151,4,1498,,8:44,1
2005-06,905,Dale Davis,Dale,1610612765,DET,Detroit Pistons,0040500201,2006-05-07T00:00:00,DET vs. CLE,W,7.033333333333333,0,3,0.0,0,0,0.0,0,0,0.0,0,2,2,0,2,0,0,0,4,0,0,-10,0.4,0,0,2.0,1,1,1,1,1466,1368,1167,1368,587,938,587,990,1042,990,896,827,1021,1087,358,742,500,1,1222,1252,1439,1457,1593,151,4,1498,,7:02,1
2005-06,2562,Sasha Pavlovic,Sasha,1610612739,CLE,Cleveland Cavaliers,0040500201,2006-05-07T00:00:00,CLE @ DET,L,2.2666666666666666,0,2,0.0,0,1,0.0,0,0,0.0,0,1,1,0,0,0,0,0,0,0,0,0,1.2,0,0,1.0,1,851,851,851,1618,1368,1280,1368,587,709,587,990,1042,990,896,1103,1241,1087,1060,742,500,1,1,1252,1439,762,1554,151,4,1557,,2:16,1
2005-06,1737,Nazr Mohammed,Nazr,1610612759,SAS,San Antonio Spurs,0040500221,2006-05-07T00:00:00,SAS vs. DAL,W,1.6833333333333333,0,0,0.0,0,0,0.0,0,0,0.0,0,1,1,0,0,0,0,0,1,0,0,-1,1.2,0,0,1.0,1,1,1,1,1641,1368,1565,1368,587,938,587,990,1042,990,896,1103,1241,1087,1060,742,500,1,248,1252,1439,859,1554,151,4,1557,,1:41,1
2005-06,2788,DJ Mbenga,DJ,1610612742,DAL,Dallas Mavericks,0040500221,2006-05-07T00:00:00,DAL @ SAS,L,2.433333333333333,0,0,0.0,0,0,0.0,0,0,0.0,0,0,0,0,0,0,0,0,2,0,0,0,0.0,0,0,0.0,1,851,851,851,1611,1368,1565,1368,587,938,587,990,1042,990,896,1386,1473,1087,1060,742,500,1,542,1252,1439,762,1605,151,4,1610,,2:26,1
2005-06,2564,Boris Diaw,Boris,1610612756,PHX,Phoenix Suns,0040500157,2006-05-06T00:00:00,PHX vs. LAL,W,38.55,8,14,0.571,0,0,0.0,5,5,1.0,0,6,6,9,0,1,0,0,0,7,21,10,44.7,0,0,38.0,1,1,1,1,368,178,306,369,587,938,587,203,332,1,896,208,386,34,1060,274,500,1,1,106,222,252,134,151,4,188,,38:33,1
2005-06,977,Kobe Bryant,Kobe,1610612747,LAL,Los Angeles Lakers,0040500157,2006-05-06T00:00:00,LAL @ PHX,L,43.1,8,16,0.5,4,8,0.5,4,5,0.8,0,4,4,1,3,0,1,0,4,3,24,-28,30.3,0,0,35.0,1,851,851,851,163,178,208,488,17,19,183,284,332,518,896,431,647,731,164,742,157,1,1222,471,149,1709,414,151,4,250,,43:06,1
2005-06,1890,Shawn Marion,Shawn,1610612756,PHX,Phoenix Suns,0040500157,2006-05-06T00:00:00,PHX vs. LAL,W,35.833333333333336,6,13,0.462,0,1,0.0,2,2,1.0,1,9,10,2,2,2,1,1,1,3,14,27,36.0,1,0,32.0,1,1,1,1,484,351,359,732,587,709,587,530,647,1,478,63,114,491,358,82,157,1178,248,471,478,16,280,1,4,315,,35:50,1
2005-06,2571,Leandro Barbosa,Leandro,1610612756,PHX,Phoenix Suns,0040500157,2006-05-06T00:00:00,PHX vs. LAL,W,30.998333333333335,10,12,0.833,1,1,1.0,5,5,1.0,0,1,1,2,2,1,0,0,1,3,26,15,31.2,0,0,32.0,1,1,1,1,699,84,425,107,284,709,1,203,332,1,896,1103,1241,491,358,274,500,1,248,471,118,124,386,151,4,315,,30:60,1
2005-06,959,Steve Nash,Steve,1610612756,PHX,Phoenix Suns,0040500157,2006-05-06T00:00:00,PHX vs. LAL,W,35.151666666666664,6,12,0.5,1,5,0.2,0,0,0.0,0,6,6,9,6,0,0,0,1,2,13,35,27.7,0,0,29.0,1,1,1,1,506,351,425,488,284,141,535,990,1042,990,896,208,386,34,15,742,500,1,248,675,534,4,489,151,4,401,,35:09,1
2005-06,2575,Luke Walton,Luke,1610612747,LAL,Los Angeles Lakers,0040500157,2006-05-06T00:00:00,LAL @ PHX,L,32.233333333333334,6,13,0.462,2,3,0.667,2,2,1.0,0,5,5,1,1,1,0,1,2,1,16,-25,25.5,0,0,26.0,1,851,851,851,647,351,359,732,125,362,108,530,647,1,896,311,510,731,614,274,500,1178,542,926,399,1700,567,151,4,498,,32:14,1
2005-06,2470,Smush Parker,Smush,1610612747,LAL,Los Angeles Lakers,0040500157,2006-05-06T00:00:00,LAL @ PHX,L,36.166666666666664,4,13,0.308,1,6,0.167,0,0,0.0,3,2,5,4,3,3,0,0,3,1,9,-36,27.0,0,0,25.0,1,851,851,851,468,580,359,1165,284,84,562,990,1042,990,128,827,510,208,164,32,500,1,893,926,763,1720,520,151,4,532,,36:10,1
2005-06,2756,Sasha Vujacic,Sasha,1610612747,LAL,Los Angeles Lakers,0040500157,2006-05-06T00:00:00,LAL @ PHX,L,21.816666666666666,2,6,0.333,1,1,1.0,6,6,1.0,2,4,6,0,0,2,0,1,1,3,11,0,24.2,0,0,22.0,1,851,851,851,1039,933,878,1051,284,709,1,142,232,1,252,431,386,1087,1060,82,500,1178,248,471,622,762,601,151,4,628,,21:49,1
2005-06,1885,Lamar Odom,Lamar,1610612747,LAL,Los Angeles Lakers,0040500157,2006-05-06T00:00:00,LAL @ PHX,L,41.81666666666667,5,14,0.357,0,4,0.0,2,2,1.0,2,3,5,2,1,0,1,1,4,1,12,-23,23.0,0,0,21.0,1,851,851,851,204,456,306,1032,587,234,587,530,647,1,252,615,510,491,614,742,157,1178,1222,926,571,1691,641,151,4,659,,41:49,1
2005-06,1952,Raja Bell,Raja,1610612756,PHX,Phoenix Suns,0040500157,2006-05-06T00:00:00,PHX vs. LAL,W,40.4,5,7,0.714,3,5,0.6,0,0,0.0,0,3,3,0,0,1,0,1,2,3,13,25,19.6,0,0,21.0,1,1,1,1,268,456,786,178,57,141,149,990,1042,990,896,615,832,1087,1060,274,500,1178,542,471,534,28,768,151,4,659,,40:24,1
2005-06,1501,Tim Thomas,Tim,1610612756,PHX,Phoenix Suns,0040500157,2006-05-06T00:00:00,PHX vs. LAL,W,27.366666666666667,6,10,0.6,0,3,0.0,0,0,0.0,0,6,6,1,0,0,0,0,4,0,12,19,20.7,0,0,19.0,1,1,1,1,835,351,572,311,587,362,587,990,1042,990,896,208,386,731,1060,742,500,1,1222,1252,571,76,723,151,4,745,,27:22,1
2005-06,2592,James Jones,James,1610612756,PHX,Phoenix Suns,0040500157,2006-05-06T00:00:00,PHX vs. LAL,W,18.65,2,4,0.5,2,3,0.667,4,4,1.0,0,3,3,0,0,0,1,0,1,2,10,15,16.6,0,0,17.0,1,1,1,1,1126,933,1052,488,125,362,108,284,399,1,896,615,832,1087,1060,742,157,1,248,675,683,124,894,151,4,827,,18:39,1
2005-06,2198,Kwame Brown,Kwame,1610612747,LAL,Los Angeles Lakers,0040500157,2006-05-06T00:00:00,LAL @ PHX,L,22.4,2,10,0.2,0,0,0.0,4,4,1.0,2,3,5,1,1,0,0,0,2,3,8,-29,14.5,0,0,14.0,1,851,851,851,1022,933,572,1304,587,938,587,284,399,1,252,615,510,731,614,742,500,1,542,471,812,1712,971,151,4,939,,22:24,1
2005-06,2567,Brian Cook,Brian,1610612747,LAL,Los Angeles Lakers,0040500157,2006-05-06T00:00:00,LAL @ PHX,L,13.2,4,11,0.364,0,3,0.0,0,0,0.0,2,2,4,1,0,0,0,0,1,0,8,5,14.3,0,0,13.0,1,851,851,851,1287,580,490,1010,587,362,587,990,1042,990,252,827,647,731,1060,742,500,1,248,1252,812,444,979,151,4,985,,13:12,1
2005-06,2067,Eddie House,Eddie,1610612756,PHX,Phoenix Suns,0040500157,2006-05-06T00:00:00,PHX vs. LAL,W,9.316666666666666,3,4,0.75,2,2,1.0,1,2,0.5,0,0,0,0,0,0,0,0,2,1,9,-3,9.0,0,0,11.0,1,1,1,1,1400,742,1052,133,125,529,1,793,647,768,896,1386,1473,1087,1060,742,500,1,542,926,763,1032,1207,151,4,1087,,9:19,1
2005-06,2469,Pat Burke,Pat,1610612756,PHX,Phoenix Suns,0040500157,2006-05-06T00:00:00,PHX vs. LAL,W,1.8666666666666667,1,1,1.0,1,1,1.0,0,0,0.0,0,2,2,0,0,0,1,0,0,0,3,6,8.4,0,0,8.0,1,1,1,1,1635,1118,1422,1,284,709,1,990,1042,990,896,827,1021,1087,1060,742,157,1,1,1252,1180,391,1232,151,4,1212,,1:52,1
2005-06,101142,Ronny Turiaf,Ronny,1610612747,LAL,Los Angeles Lakers,0040500157,2006-05-06T00:00:00,LAL @ PHX,L,12.4,1,3,0.333,0,0,0.0,0,0,0.0,3,1,4,0,1,0,0,0,2,1,2,-7,5.8,0,0,6.0,1,851,851,851,1314,1118,1167,1051,587,938,587,990,1042,990,128,1103,647,1087,614,742,500,1,542,926,1253,1313,1333,151,4,1292,,12:24,1
2005-06,1904,Devean George,Devean,1610612747,LAL,Los Angeles Lakers,0040500157,2006-05-06T00:00:00,LAL @ PHX,L,15.0,0,4,0.0,0,2,0.0,0,0,0.0,1,2,3,0,0,0,0,0,2,0,0,-6,3.6,0,0,3.0,1,851,851,851,1234,1368,1052,1368,587,529,587,990,1042,990,478,827,832,1087,1060,742,500,1,542,1252,1439,1251,1437,151,4,1449,,15:00,1
2005-06,2401,Nikoloz Tskitishvili,Nikoloz,1610612756,PHX,Phoenix Suns,0040500157,2006-05-06T00:00:00,PHX vs. LAL,W,1.8666666666666667,0,0,0.0,0,0,0.0,0,0,0.0,0,0,0,1,0,0,0,0,1,0,0,6,1.5,0,0,1.0,1,1,1,1,1635,1368,1565,1368,587,938,587,990,1042,990,896,1386,1473,731,1060,742,500,1,248,1252,1439,391,1539,151,4,1557,,1:52,1
2005-06,101115,Andrew Bynum,Andrew,1610612747,LAL,Los Angeles Lakers,0040500157,2006-05-06T00:00:00,LAL @ PHX,L,1.8666666666666667,0,1,0.0,0,0,0.0,0,0,0.0,0,0,0,0,0,0,0,0,0,0,0,-6,0.0,0,0,0.0,1,851,851,851,1635,1368,1422,1368,587,938,587,990,1042,990,896,1386,1473,1087,1060,742,500,1,1,1252,1439,1251,1605,151,4,1610,,1:52,1
2005-06,2240,Gilbert Arenas,Gilbert,1610612764,WAS,Washington Wizards,0040500136,2006-05-05T00:00:00,WAS vs. CLE,L,53.0,14,27,0.519,4,8,0.5,4,8,0.5,1,4,5,11,3,2,0,0,2,8,36,-1,61.5,1,0,60.0,1,851,851,851,3,11,10,487,17,19,183,284,129,768,478,431,510,12,164,82,500,1,542,70,18,859,26,1,4,14,,53:00,1
2005-06,2544,LeBron James,LeBron,1610612739,CLE,Cleveland Cavaliers,0040500136,2006-05-05T00:00:00,CLE @ WAS,W,53.0,15,25,0.6,1,6,0.167,1,3,0.333,0,7,7,7,5,2,1,0,4,5,32,1,54.9,0,0,53.0,1,1,1,1,3,8,16,311,284,84,562,793,561,943,896,144,284,67,36,82,157,1,1222,217,43,689,50,151,4,43,,53:00,1
2005-06,2406,Caron Butler,Caron,1610612764,WAS,Washington Wizards,0040500136,2006-05-05T00:00:00,WAS vs. CLE,L,52.25,5,18,0.278,0,2,0.0,8,8,1.0,6,14,20,5,3,1,0,1,5,6,18,-4,49.5,1,0,45.0,1,851,851,851,6,456,129,1221,587,529,587,69,129,1,10,7,2,141,164,274,500,1178,1489,145,328,1108,87,1,4,107,,52:15,1
2005-06,2225,Tony Parker,Tony,1610612759,SAS,San Antonio Spurs,0040500146,2006-05-05T00:00:00,SAS @ SAC,W,34.458333333333336,11,20,0.55,1,1,1.0,8,9,0.889,1,4,5,4,2,1,0,1,2,7,31,25,44.0,0,0,43.0,1,1,1,1,551,62,82,429,284,709,1,69,93,425,478,431,510,208,358,274,500,1178,542,106,55,28,141,151,4,124,,34:28,1
2005-06,923,Donyell Marshall,Donyell,1610612739,CLE,Cleveland Cavaliers,0040500136,2006-05-05T00:00:00,CLE @ WAS,W,39.498333333333335,11,15,0.733,4,7,0.571,2,4,0.5,1,7,8,1,1,0,0,0,2,1,28,16,38.1,0,0,41.0,1,1,1,1,321,62,255,168,17,42,171,530,399,768,478,144,214,731,614,742,500,1,542,926,94,106,235,151,4,146,,39:30,1
2005-06,1716,Larry Hughes,Larry,1610612739,CLE,Cleveland Cavaliers,0040500136,2006-05-05T00:00:00,CLE @ WAS,W,50.36666666666667,3,17,0.176,1,4,0.25,2,2,1.0,1,2,3,12,4,4,0,3,5,2,9,3,38.6,0,0,33.0,1,1,1,1,12,742,166,1336,284,234,480,530,647,1,478,827,832,8,71,5,500,1679,1489,675,763,567,226,151,4,291,,50:22,1
2005-06,1710,Mike Bibby,Mike,1610612758,SAC,Sacramento Kings,0040500146,2006-05-05T00:00:00,SAC vs. SAS,L,43.03333333333333,7,18,0.389,1,3,0.333,4,4,1.0,0,4,4,3,1,2,0,0,3,5,19,-20,33.3,0,0,31.0,1,851,851,851,166,269,129,958,284,362,369,284,399,1,896,431,647,335,614,82,500,1,893,217,298,1669,341,151,4,346,,43:02,1
2005-06,1498,Antonio Daniels,Antonio,1610612764,WAS,Washington Wizards,0040500136,2006-05-05T00:00:00,WAS vs. CLE,L,41.31666666666667,8,15,0.533,2,4,0.5,4,4,1.0,1,2,3,2,4,1,0,1,2,4,22,-10,27.6,0,0,31.0,1,851,851,851,222,178,255,458,125,234,183,284,399,1,478,827,832,491,71,274,500,1178,542,316,190,1457,496,151,4,346,,41:19,1
2005-06,1719,Bonzi Wells,Bonzi,1610612758,SAC,Sacramento Kings,0040500146,2006-05-05T00:00:00,SAC vs. SAS,L,41.66166666666667,6,9,0.667,1,3,0.333,4,6,0.667,2,9,11,1,4,0,0,1,4,3,17,-16,27.7,1,0,30.0,1,851,851,851,214,351,639,197,284,362,369,284,232,657,252,63,82,731,71,742,500,1178,1222,471,353,1605,489,1,4,374,,41:40,1
2005-06,1712,Antawn Jamison,Antawn,1610612764,WAS,Washington Wizards,0040500136,2006-05-05T00:00:00,WAS vs. CLE,L,40.1,6,17,0.353,1,6,0.167,2,2,1.0,2,2,4,5,2,2,0,1,5,1,15,8,31.3,0,0,29.0,1,851,851,851,279,351,166,1039,284,84,562,530,647,1,252,827,647,141,358,82,500,1178,1489,926,442,318,383,151,4,401,,40:06,1
2005-06,2436,Flip Murray,Flip,1610612739,CLE,Cleveland Cavaliers,0040500136,2006-05-05T00:00:00,CLE @ WAS,W,38.05,7,12,0.583,1,1,1.0,6,6,1.0,1,3,4,2,0,0,0,0,4,3,21,16,28.8,0,0,28.0,1,1,1,1,392,269,425,359,284,709,1,142,232,1,478,615,647,491,1060,742,500,1,1222,471,222,106,456,151,4,435,,38:03,1
2005-06,1477,Bruce Bowen,Bruce,1610612759,SAS,San Antonio Spurs,0040500146,2006-05-05T00:00:00,SAS @ SAC,W,39.446666666666665,6,10,0.6,4,5,0.8,0,0,0.0,2,2,4,1,0,1,0,0,2,2,16,14,25.3,0,0,27.0,1,1,1,1,323,351,572,311,17,141,84,990,1042,990,252,827,647,731,1060,274,500,1,542,675,399,146,575,151,4,472,,39:27,1
2005-06,109,Robert Horry,Robert,1610612759,SAS,San Antonio Spurs,0040500146,2006-05-05T00:00:00,SAS @ SAC,W,28.316666666666666,3,7,0.429,1,3,0.333,1,1,1.0,3,4,7,4,1,2,1,0,5,4,8,27,30.4,0,0,26.0,1,1,1,1,796,742,786,821,284,362,369,793,974,1,128,431,284,208,614,82,157,1,1489,316,812,16,406,151,4,498,,28:19,1
2005-06,1938,Manu Ginobili,Manu,1610612759,SAS,San Antonio Spurs,0040500146,2006-05-05T00:00:00,SAS @ SAC,W,32.2,4,10,0.4,1,4,0.25,1,3,0.333,0,6,6,5,1,2,0,1,3,3,10,27,29.7,0,0,26.0,1,1,1,1,649,580,572,896,284,234,480,793,561,943,896,208,386,141,614,82,500,1178,893,471,683,16,432,151,4,498,,32:12,1
2005-06,1495,Tim Duncan,Tim,1610612759,SAS,San Antonio Spurs,0040500146,2006-05-05T00:00:00,SAS @ SAC,W,34.458333333333336,6,8,0.75,0,0,0.0,3,5,0.6,1,5,6,3,2,1,0,0,4,4,15,16,27.7,0,0,26.0,1,1,1,1,551,351,699,133,587,938,587,405,332,740,478,311,386,335,358,274,500,1,1222,316,442,106,489,151,4,498,,34:28,1
2005-06,2217,Brendan Haywood,Brendan,1610612764,WAS,Washington Wizards,0040500136,2006-05-05T00:00:00,WAS vs. CLE,L,27.833333333333332,7,8,0.875,0,0,0.0,3,5,0.6,4,0,4,1,2,0,2,0,3,7,17,9,27.3,0,0,26.0,1,851,851,851,815,269,699,99,587,938,587,405,332,740,55,1386,647,731,358,742,67,1,893,106,353,285,506,151,4,498,,27:50,1
2005-06,949,Shareef Abdur-Rahim,Shareef,1610612758,SAC,Sacramento Kings,0040500146,2006-05-05T00:00:00,SAC vs. SAS,L,27.25,3,5,0.6,0,1,0.0,3,6,0.5,5,3,8,3,6,1,0,0,4,4,9,-2,20.1,0,0,22.0,1,851,851,851,842,742,962,311,587,709,587,405,232,768,26,615,214,335,15,274,500,1,1222,316,763,943,752,151,4,628,,27:15,1
2005-06,2760,Anderson Varejao,Anderson,1610612739,CLE,Cleveland Cavaliers,0040500136,2006-05-05T00:00:00,CLE @ WAS,W,17.601666666666667,2,2,1.0,0,0,0.0,2,3,0.667,2,8,10,1,0,2,0,0,5,4,6,1,25.5,0,0,21.0,1,1,1,1,1158,933,1280,1,587,938,587,530,561,657,252,100,114,731,1060,82,500,1,1489,316,957,689,567,151,4,659,,17:36,1
2005-06,1897,Metta World Peace,Metta,1610612758,SAC,Sacramento Kings,0040500146,2006-05-05T00:00:00,SAC vs. SAS,L,39.205,2,11,0.182,0,4,0.0,7,8,0.875,1,2,3,4,3,0,1,1,5,4,11,-18,20.6,0,0,20.0,1,851,851,851,338,933,490,1333,587,234,587,101,129,437,478,827,832,208,164,742,157,1178,1489,316,622,1648,729,151,4,704,,39:12,1
2005-06,2755,Kevin Martin,Kevin,1610612758,SAC,Sacramento Kings,0040500146,2006-05-05T00:00:00,SAC vs. SAS,L,32.016666666666666,4,9,0.444,1,3,0.333,2,2,1.0,1,3,4,0,0,0,1,1,1,2,11,-6,18.8,0,0,18.0,1,851,851,851,658,580,639,780,284,362,369,530,647,1,478,615,647,1087,1060,742,157,1178,248,675,622,1251,806,151,4,772,,32:01,1
2005-06,980,Zydrunas Ilgauskas,Zydrunas,1610612739,CLE,Cleveland Cavaliers,0040500136,2006-05-05T00:00:00,CLE @ WAS,W,21.0,2,4,0.5,0,0,0.0,2,2,1.0,3,2,5,0,2,1,2,0,4,3,6,-14,19.0,0,0,17.0,1,1,1,1,1058,933,1052,488,587,938,587,530,647,1,128,827,510,1087,358,274,67,1,1222,471,957,1574,796,151,4,827,,21:00,1
2005-06,727,Eric Snow,Eric,1610612739,CLE,Cleveland Cavaliers,0040500136,2006-05-05T00:00:00,CLE @ WAS,W,32.165,2,8,0.25,0,1,0.0,4,4,1.0,0,4,4,1,2,2,0,1,4,3,8,-9,18.3,0,0,17.0,1,1,1,1,651,933,699,1236,587,709,587,284,399,1,896,431,647,731,358,82,500,1178,1222,471,812,1409,829,151,4,827,,32:10,1
2005-06,699,Brent Barry,Brent,1610612759,SAS,San Antonio Spurs,0040500146,2006-05-05T00:00:00,SAS @ SAC,W,16.083333333333332,4,6,0.667,2,2,1.0,2,2,1.0,1,0,1,0,0,0,1,0,1,1,12,-4,16.2,0,0,17.0,1,1,1,1,1200,580,878,197,125,529,1,530,647,1,478,1386,1241,1087,1060,742,157,1,248,926,571,1108,907,151,4,827,,16:05,1
2005-06,2407,Jared Jeffries,Jared,1610612764,WAS,Washington Wizards,0040500136,2006-05-05T00:00:00,WAS vs. CLE,L,36.266666666666666,0,3,0.0,0,0,0.0,3,4,0.75,3,3,6,3,1,0,1,0,4,3,3,5,16.7,0,0,14.0,1,851,851,851,462,1368,1167,1368,587,938,587,405,399,566,128,615,386,335,614,742,157,1,1222,471,1180,444,890,151,4,939,,36:16,1
2005-06,1903,Kenny Thomas,Kenny,1610612758,SAC,Sacramento Kings,0040500146,2006-05-05T00:00:00,SAC vs. SAS,L,15.966666666666667,2,2,1.0,0,0,0.0,2,3,0.667,1,2,3,0,3,2,0,0,2,2,6,-16,12.6,0,0,13.0,1,851,851,851,1204,933,1280,1,587,938,587,530,561,657,478,827,832,1087,164,82,500,1,542,675,957,1605,1049,151,4,985,,15:58,1
2005-06,714,Michael Finley,Michael,1610612759,SAS,San Antonio Spurs,0040500146,2006-05-05T00:00:00,SAS @ SAC,W,23.736666666666668,5,11,0.455,0,3,0.0,0,0,0.0,0,1,1,1,2,0,0,0,2,1,10,-6,10.7,0,0,12.0,1,1,1,1,977,456,490,751,587,362,587,990,1042,990,896,1103,1241,731,358,742,500,1,542,926,683,1251,1133,151,4,1038,,23:44,1
2005-06,101128,Francisco Garcia,Francisco,1610612758,SAC,Sacramento Kings,0040500146,2006-05-05T00:00:00,SAC vs. SAS,L,11.183333333333334,1,2,0.5,1,1,1.0,0,0,0.0,0,1,1,1,0,2,0,0,3,0,3,-2,11.7,0,0,10.0,1,851,851,851,1344,1118,1280,488,284,709,1,990,1042,990,896,1103,1241,731,1060,82,500,1,893,1252,1180,943,1084,151,4,1125,,11:11,1
2005-06,1802,Brad Miller,Brad,1610612758,SAC,Sacramento Kings,0040500146,2006-05-05T00:00:00,SAC vs. SAS,L,18.766666666666666,1,6,0.167,0,1,0.0,1,1,1.0,0,4,4,1,3,0,0,0,3,1,3,-16,6.3,0,0,8.0,1,851,851,851,1122,1118,878,1337,587,709,587,793,974,1,896,431,647,731,164,742,500,1,893,926,1180,1605,1310,151,4,1212,,18:46,1
2005-06,89,Nick Van Exel,Nick,1610612759,SAS,San Antonio Spurs,0040500146,2006-05-05T00:00:00,SAS @ SAC,W,11.558333333333334,0,2,0.0,0,1,0.0,2,2,1.0,0,2,2,1,1,1,0,0,1,2,2,-7,7.9,0,0,7.0,1,1,1,1,1336,1368,1280,1368,587,709,587,530,647,1,896,827,1021,731,614,274,500,1,248,675,1253,1313,1252,151,4,1252,,11:34,1
2005-06,2041,Etan Thomas,Etan,1610612764,WAS,Washington Wizards,0040500136,2006-05-05T00:00:00,WAS vs. CLE,L,4.483333333333333,1,2,0.5,0,0,0.0,0,0,0.0,0,2,2,0,0,0,1,0,1,0,2,0,7.4,0,0,6.0,1,851,851,851,1550,1118,1280,488,587,938,587,990,1042,990,896,827,1021,1087,1060,742,157,1,248,1252,1253,762,1271,151,4,1292,,4:29,1
2005-06,2078,Jason Hart,Jason,1610612758,SAC,Sacramento Kings,0040500146,2006-05-05T00:00:00,SAC vs. SAS,L,4.966666666666667,1,3,0.333,0,0,0.0,0,0,0.0,0,1,1,0,0,1,0,0,0,0,2,-2,6.2,0,0,5.0,1,851,851,851,1528,1118,1167,1051,587,938,587,990,1042,990,896,1103,1241,1087,1060,274,500,1,1,1252,1253,943,1311,151,4,1338,,4:58,1
2005-06,2400,Drew Gooden,Drew,1610612739,CLE,Cleveland Cavaliers,0040500136,2006-05-05T00:00:00,CLE @ WAS,W,13.083333333333334,0,1,0.0,0,0,0.0,2,2,1.0,1,2,3,0,0,0,0,0,2,1,2,-11,5.6,0,0,5.0,1,1,1,1,1293,1368,1422,1368,587,938,587,530,647,1,478,827,832,1087,1060,742,500,1,542,926,1253,1501,1341,151,4,1338,,13:05,1
2005-06,1737,Nazr Mohammed,Nazr,1610612759,SAS,San Antonio Spurs,0040500146,2006-05-05T00:00:00,SAS @ SAC,W,1.9833333333333334,0,0,0.0,0,0,0.0,1,2,0.5,1,3,4,0,1,0,0,0,0,1,1,4,4.8,0,0,5.0,1,1,1,1,1626,1368,1565,1368,587,938,587,793,647,768,478,615,647,1087,614,742,500,1,1,926,1415,504,1374,151,4,1338,,1:59,1
2005-06,958,Vitaly Potapenko,Vitaly,1610612758,SAC,Sacramento Kings,0040500146,2006-05-05T00:00:00,SAC vs. SAS,L,1.9833333333333334,1,1,1.0,0,0,0.0,0,0,0.0,0,0,0,0,0,1,0,0,0,0,2,-4,5.0,0,0,4.0,1,851,851,851,1626,1118,1422,1,587,938,587,990,1042,990,896,1386,1473,1087,1060,274,500,1,1,1252,1253,1108,1364,151,4,1384,,1:59,1
2005-06,1725,Rasho Nesterovic,Rasho,1610612759,SAS,San Antonio Spurs,0040500146,2006-05-05T00:00:00,SAS @ SAC,W,13.791666666666666,0,2,0.0,0,0,0.0,0,0,0.0,0,2,2,0,1,0,1,0,1,1,0,6,4.4,0,0,4.0,1,1,1,1,1271,1368,1280,1368,587,938,587,990,1042,990,896,827,1021,1087,614,742,157,1,248,926,1439,391,1394,151,4,1384,,13:48,1
2005-06,101177,Fabricio Oberto,Fabricio,1610612759,SAS,San Antonio Spurs,0040500146,2006-05-05T00:00:00,SAS @ SAC,W,1.9833333333333334,0,1,0.0,0,0,0.0,0,0,0.0,0,0,0,1,0,0,1,0,0,0,0,4,4.5,0,0,3.0,1,1,1,1,1626,1368,1422,1368,587,938,587,990,1042,990,896,1386,1473,731,1060,742,157,1,1,1252,1439,504,1389,151,4,1449,,1:59,1
2005-06,1800,Damon Jones,Damon,1610612739,CLE,Cleveland Cavaliers,0040500136,2006-05-05T00:00:00,CLE @ WAS,W,0.235,1,1,1.0,0,0,0.0,0,0,0.0,0,0,0,0,0,0,0,0,0,0,2,2,2.0,0,0,2.0,1,1,1,1,1704,1118,1422,1,587,938,587,990,1042,990,896,1386,1473,1087,1060,742,500,1,1,1252,1253,625,1516,151,4,1498,,0:14,1
2005-06,101179,Ronnie Price,Ronnie,1610612758,SAC,Sacramento Kings,0040500146,2006-05-05T00:00:00,SAC vs. SAS,L,1.9833333333333334,0,1,0.0,0,0,0.0,0,0,0.0,0,0,0,1,0,0,0,1,0,0,0,-4,1.5,0,0,1.0,1,851,851,851,1626,1368,1422,1368,587,938,587,990,1042,990,896,1386,1473,731,1060,742,500,1178,1,1252,1439,1108,1539,151,4,1557,,1:59,1
2005-06,1913,Michael Ruffin,Michael,1610612764,WAS,Washington Wizards,0040500136,2006-05-05T00:00:00,WAS vs. CLE,L,9.75,0,0,0.0,0,0,0.0,0,2,0.0,0,1,1,0,0,0,0,0,0,1,0,-12,1.2,0,0,1.0,1,851,851,851,1391,1368,1565,1368,587,938,587,990,647,990,896,1103,1241,1087,1060,742,500,1,1,926,1439,1528,1554,151,4,1557,,9:45,1
2005-06,2757,Beno Udrih,Beno,1610612759,SAS,San Antonio Spurs,0040500146,2006-05-05T00:00:00,SAS @ SAC,W,1.9833333333333334,0,0,0.0,0,0,0.0,0,0,0.0,0,0,0,0,0,0,0,0,0,0,0,4,0.0,0,0,0.0,1,1,1,1,1626,1368,1565,1368,587,938,587,990,1042,990,896,1386,1473,1087,1060,742,500,1,1,1252,1439,504,1605,151,4,1610,,1:59,1
2005-06,722,Corliss Williamson,Corliss,1610612758,SAC,Sacramento Kings,0040500146,2006-05-05T00:00:00,SAC vs. SAS,L,1.9833333333333334,0,1,0.0,0,0,0.0,0,0,0.0,0,0,0,0,0,0,0,0,1,0,0,-4,0.0,0,0,0.0,1,851,851,851,1626,1368,1422,1368,587,938,587,990,1042,990,896,1386,1473,1087,1060,742,500,1,248,1252,1439,1108,1605,151,4,1610,,1:59,1
2005-06,977,Kobe Bryant,Kobe,1610612747,LAL,Los Angeles Lakers,0040500156,2006-05-04T00:00:00,LAL vs. PHX,L,52.1,20,35,0.571,5,8,0.625,5,6,0.833,1,7,8,5,7,3,0,0,4,5,50,-6,69.1,0,0,74.0,1,851,851,851,7,1,1,369,5,19,145,203,232,479,478,144,214,141,4,32,500,1,1222,217,1,1251,7,151,4,1,,52:06,1
2005-06,406,Shaquille O'Neal,Shaquille,1610612748,MIA,Miami Heat,0040500116,2006-05-04T00:00:00,MIA @ CHI,W,38.55166666666667,13,24,0.542,0,0,0.0,4,8,0.5,8,12,20,5,4,0,2,1,3,7,30,12,63.5,1,0,59.0,1,1,1,1,367,18,25,442,587,938,587,284,129,768,2,20,2,141,71,742,67,1178,893,106,67,186,22,1,4,17,,38:33,1
2005-06,1533,Anthony Johnson,Anthony,1610612754,IND,Indiana Pacers,0040500126,2006-05-04T00:00:00,IND vs. NJN,L,45.48833333333334,16,23,0.696,3,5,0.6,5,9,0.556,1,4,5,5,2,2,0,0,2,7,40,-8,57.5,0,0,57.0,1,851,851,851,86,4,39,191,57,141,149,203,93,764,478,431,510,141,358,82,500,1,542,106,10,1363,37,151,4,22,,45:29,1
2005-06,959,Steve Nash,Steve,1610612756,PHX,Phoenix Suns,0040500156,2006-05-04T00:00:00,PHX @ LAL,W,46.1,9,14,0.643,1,3,0.333,13,13,1.0,0,2,2,13,3,0,0,0,1,8,32,6,50.9,1,0,48.0,1,1,1,1,66,116,306,259,284,362,369,17,34,1,896,827,1021,5,164,742,500,1,248,70,43,391,78,1,4,79,,46:06,1
2005-06,1890,Shawn Marion,Shawn,1610612756,PHX,Phoenix Suns,0040500156,2006-05-04T00:00:00,PHX @ LAL,W,50.03333333333333,9,20,0.45,2,4,0.5,0,0,0.0,4,8,12,4,0,4,0,1,5,4,20,8,52.4,1,0,46.0,1,1,1,1,17,116,82,774,125,234,183,990,1042,990,55,100,60,208,1060,5,500,1178,1489,316,258,318,67,1,4,101,,50:02,1
2005-06,2210,Richard Jefferson,Richard,1610612751,NJN,New Jersey Nets,0040500126,2006-05-04T00:00:00,NJN @ IND,W,46.88333333333333,10,13,0.769,2,4,0.5,8,9,0.889,0,6,6,4,3,1,1,0,3,6,30,4,46.2,0,0,46.0,1,1,1,1,49,84,359,130,125,234,183,69,93,425,896,208,386,208,164,274,157,1,893,145,67,504,114,151,4,101,,46:53,1
2005-06,1885,Lamar Odom,Lamar,1610612747,LAL,Los Angeles Lakers,0040500156,2006-05-04T00:00:00,LAL vs. PHX,L,51.38333333333333,8,14,0.571,1,5,0.2,5,8,0.625,1,10,11,9,5,0,0,0,3,6,22,-8,43.7,1,0,43.0,1,851,851,851,9,178,306,369,284,141,535,203,129,725,478,44,82,34,36,742,500,1,893,145,190,1363,146,1,4,124,,51:23,1
2005-06,1713,Vince Carter,Vince,1610612751,NJN,New Jersey Nets,0040500126,2006-05-04T00:00:00,NJN @ IND,W,39.355,6,18,0.333,3,7,0.429,9,10,0.9,0,5,5,7,3,2,0,1,1,6,24,10,43.5,0,0,43.0,1,1,1,1,330,351,129,1051,57,42,317,49,66,419,896,311,510,67,164,82,500,1178,248,145,149,252,149,151,4,124,,39:21,1
2005-06,2617,Udonis Haslem,Udonis,1610612748,MIA,Miami Heat,0040500116,2006-05-04T00:00:00,MIA @ CHI,W,31.831666666666667,4,7,0.571,0,0,0.0,9,9,1.0,4,10,14,1,1,0,2,0,2,5,17,10,40.3,1,0,36.0,1,1,1,1,661,580,786,369,587,938,587,49,93,1,55,44,32,731,614,742,67,1,542,217,353,252,191,1,4,228,,31:50,1
2005-06,2550,Kirk Hinrich,Kirk,1610612741,CHI,Chicago Bulls,0040500116,2006-05-04T00:00:00,CHI vs. MIA,L,41.016666666666666,7,17,0.412,1,5,0.2,8,9,0.889,0,4,4,6,3,1,0,3,1,9,23,-17,36.8,0,0,36.0,1,851,851,851,242,269,166,883,284,141,535,69,93,425,896,431,647,97,164,274,500,1679,248,40,173,1630,265,151,4,228,,41:01,1
2005-06,2548,Dwyane Wade,Dwyane,1610612748,MIA,Miami Heat,0040500116,2006-05-04T00:00:00,MIA @ CHI,W,37.583333333333336,7,12,0.583,2,3,0.667,7,8,0.875,0,3,3,6,2,1,0,0,6,6,23,16,36.6,0,0,36.0,1,1,1,1,410,269,425,359,125,362,108,101,129,437,896,615,832,97,358,274,500,1,1663,145,173,106,269,151,4,228,,37:35,1
2005-06,467,Jason Kidd,Jason,1610612751,NJN,New Jersey Nets,0040500126,2006-05-04T00:00:00,NJN @ IND,W,38.26,3,12,0.25,2,6,0.333,0,0,0.0,5,7,12,11,1,0,0,0,3,1,8,3,37.9,1,0,33.0,1,1,1,1,386,742,425,1236,125,84,369,990,1042,990,26,144,60,12,614,742,500,1,893,926,812,567,238,1,4,291,,38:16,1
2005-06,1501,Tim Thomas,Tim,1610612756,PHX,Phoenix Suns,0040500156,2006-05-04T00:00:00,PHX @ LAL,W,36.4,7,15,0.467,2,5,0.4,5,5,1.0,1,9,10,0,3,0,0,0,5,4,21,-2,30.0,1,0,33.0,1,1,1,1,459,269,255,724,125,141,327,203,332,1,478,63,114,1087,164,742,500,1,1489,316,222,943,424,1,4,291,,36:24,1
2005-06,2564,Boris Diaw,Boris,1610612756,PHX,Phoenix Suns,0040500156,2006-05-04T00:00:00,PHX @ LAL,W,49.21666666666667,9,14,0.643,0,0,0.0,1,2,0.5,1,1,2,7,4,1,1,0,4,3,19,11,33.9,0,0,32.0,1,1,1,1,22,116,306,259,587,938,587,793,647,768,478,1103,1021,67,71,274,157,1,1222,471,298,217,321,151,4,315,,49:13,1
2005-06,1899,James Posey,James,1610612748,MIA,Miami Heat,0040500116,2006-05-04T00:00:00,MIA @ CHI,W,32.81666666666667,6,10,0.6,5,7,0.714,1,2,0.5,1,6,7,0,1,1,0,0,4,1,18,10,28.4,0,0,32.0,1,1,1,1,629,351,572,311,5,42,106,793,647,768,478,208,284,1087,614,274,500,1,1222,926,328,252,471,151,4,315,,32:49,1
2005-06,2732,Ben Gordon,Ben,1610612741,CHI,Chicago Bulls,0040500116,2006-05-04T00:00:00,CHI vs. MIA,L,35.55,7,18,0.389,2,6,0.333,5,9,0.556,1,2,3,3,4,1,0,0,2,7,21,-18,28.1,0,0,31.0,1,851,851,851,490,269,129,958,125,84,369,203,93,764,478,827,832,335,71,274,500,1,542,106,222,1648,479,151,4,346,,35:33,1
2005-06,2571,Leandro Barbosa,Leandro,1610612756,PHX,Phoenix Suns,0040500156,2006-05-04T00:00:00,PHX @ LAL,W,47.36666666666667,7,9,0.778,2,4,0.5,6,7,0.857,0,0,0,2,2,2,0,0,5,5,22,17,29.0,0,0,30.0,1,1,1,1,43,269,639,126,125,234,183,142,195,459,896,1386,1473,491,358,82,500,1,1489,217,190,98,451,151,4,374,,47:22,1
2005-06,2198,Kwame Brown,Kwame,1610612747,LAL,Los Angeles Lakers,0040500156,2006-05-04T00:00:00,LAL vs. PHX,L,40.303333333333335,8,9,0.889,0,0,0.0,1,1,1.0,5,4,9,1,2,0,1,0,4,3,17,-14,30.3,0,0,29.0,1,851,851,851,271,178,639,98,587,938,587,793,974,1,26,431,161,731,358,742,157,1,1222,471,353,1574,414,151,4,401,,40:18,1
2005-06,2804,Andres Nocioni,Andres,1610612741,CHI,Chicago Bulls,0040500116,2006-05-04T00:00:00,CHI vs. MIA,L,33.12166666666667,7,10,0.7,2,5,0.4,4,5,0.8,0,5,5,1,2,0,0,0,3,5,20,-19,25.5,0,0,28.0,1,851,851,851,612,269,572,188,125,141,327,284,332,518,896,311,510,731,358,742,500,1,893,217,258,1656,567,151,4,435,,33:07,1
2005-06,979,Jermaine O'Neal,Jermaine,1610612754,IND,Indiana Pacers,0040500126,2006-05-04T00:00:00,IND vs. NJN,L,39.75333333333333,8,14,0.571,0,0,0.0,5,9,0.556,2,4,6,0,3,0,0,2,5,7,21,-5,25.2,0,0,27.0,1,851,851,851,301,178,306,369,587,938,587,203,93,764,252,431,386,1087,164,742,500,1566,1489,106,222,1189,579,151,4,472,,39:45,1
2005-06,2420,Nenad Krstic,Nenad,1610612751,NJN,New Jersey Nets,0040500126,2006-05-04T00:00:00,NJN @ IND,W,25.14,7,11,0.636,0,0,0.0,3,3,1.0,3,1,4,1,2,2,0,0,4,3,17,-2,27.3,0,0,26.0,1,1,1,1,917,269,490,268,587,938,587,405,561,1,128,1103,647,731,358,82,500,1,1222,471,353,943,506,151,4,498,,25:08,1
2005-06,101122,Danny Granger,Danny,1610612754,IND,Indiana Pacers,0040500126,2006-05-04T00:00:00,IND vs. NJN,L,36.03333333333333,5,8,0.625,3,4,0.75,0,0,0.0,3,2,5,1,2,1,0,0,2,1,13,-12,21.5,0,0,24.0,1,851,851,851,476,456,699,280,57,234,93,990,1042,990,128,827,510,731,358,274,500,1,542,926,534,1528,702,151,4,562,,36:02,1
2005-06,1536,Stephen Jackson,Stephen,1610612754,IND,Indiana Pacers,0040500126,2006-05-04T00:00:00,IND vs. NJN,L,37.5,2,10,0.2,0,3,0.0,5,5,1.0,0,4,4,4,0,2,1,0,4,3,9,-8,28.8,0,0,23.0,1,851,851,851,413,933,572,1304,587,362,587,203,332,1,896,431,647,208,1060,82,157,1,1222,471,763,1363,456,151,4,596,,37:30,1
2005-06,952,Antoine Walker,Antoine,1610612748,MIA,Miami Heat,0040500116,2006-05-04T00:00:00,MIA @ CHI,W,37.083333333333336,4,11,0.364,3,9,0.333,1,2,0.5,0,3,3,3,1,1,0,0,3,2,12,16,22.1,0,0,23.0,1,1,1,1,427,580,490,1010,57,10,369,793,647,768,896,615,832,335,614,274,500,1,893,675,571,106,672,151,4,596,,37:05,1
2005-06,2736,Luol Deng,Luol,1610612741,CHI,Chicago Bulls,0040500116,2006-05-04T00:00:00,CHI vs. MIA,L,40.76833333333333,5,10,0.5,1,3,0.333,1,2,0.5,2,4,6,1,0,1,0,1,4,2,12,-8,23.7,0,0,22.0,1,851,851,851,252,456,572,488,284,362,369,793,647,768,252,431,386,731,1060,274,500,1178,1222,675,571,1363,619,151,4,628,,40:46,1
2005-06,1904,Devean George,Devean,1610612747,LAL,Los Angeles Lakers,0040500156,2006-05-04T00:00:00,LAL vs. PHX,L,24.633333333333333,5,8,0.625,3,5,0.6,1,3,0.333,1,1,2,1,0,1,0,0,1,2,14,2,20.9,0,0,22.0,1,851,851,851,938,456,699,280,57,141,149,793,561,943,478,1103,1021,731,1060,274,500,1,248,675,478,625,719,151,4,628,,24:38,1
2005-06,56,Gary Payton,Gary,1610612748,MIA,Miami Heat,0040500116,2006-05-04T00:00:00,MIA @ CHI,W,31.698333333333334,3,6,0.5,1,4,0.25,2,2,1.0,1,2,3,2,3,2,1,0,4,2,9,7,21.6,0,0,21.0,1,1,1,1,665,742,878,488,284,234,480,530,647,1,478,827,832,491,164,82,157,1,1222,675,763,352,699,151,4,659,,31:42,1
2005-06,2592,James Jones,James,1610612756,PHX,Phoenix Suns,0040500156,2006-05-04T00:00:00,PHX @ LAL,W,26.133333333333333,4,6,0.667,2,3,0.667,0,0,0.0,0,5,5,0,1,1,0,0,2,3,10,-3,18.0,0,0,19.0,1,1,1,1,886,580,878,197,125,362,108,990,1042,990,896,311,510,1087,614,274,500,1,542,471,683,1032,848,151,4,745,,26:08,1
2005-06,2575,Luke Walton,Luke,1610612747,LAL,Los Angeles Lakers,0040500156,2006-05-04T00:00:00,LAL vs. PHX,L,29.983333333333334,5,11,0.455,0,1,0.0,0,0,0.0,3,2,5,1,2,1,0,0,4,2,10,-10,18.5,0,0,18.0,1,851,851,851,733,456,490,751,587,709,587,990,1042,990,128,827,510,731,358,274,500,1,1222,675,683,1457,818,151,4,772,,29:59,1
2005-06,441,Lamond Murray,Lamond,1610612751,NJN,New Jersey Nets,0040500126,2006-05-04T00:00:00,NJN @ IND,W,22.595,3,4,0.75,2,3,0.667,0,0,0.0,0,4,4,1,1,1,0,0,3,1,8,10,16.3,0,0,17.0,1,1,1,1,1017,742,1052,133,125,362,108,990,1042,990,896,431,647,731,614,274,500,1,893,926,812,252,903,151,4,827,,22:36,1
2005-06,2457,Jannero Pargo,Jannero,1610612741,CHI,Chicago Bulls,0040500116,2006-05-04T00:00:00,CHI vs. MIA,L,9.25,2,6,0.333,2,4,0.5,4,5,0.8,1,1,2,2,0,0,0,0,0,2,10,-1,15.4,0,0,16.0,1,851,851,851,1402,933,878,1051,125,234,183,284,332,518,478,1103,1021,491,1060,742,500,1,1,675,683,859,936,151,4,871,,9:15,1
2005-06,2124,Malik Allen,Malik,1610612741,CHI,Chicago Bulls,0040500116,2006-05-04T00:00:00,CHI vs. MIA,L,23.765,1,4,0.25,0,0,0.0,0,0,0.0,1,4,5,3,1,1,1,0,3,0,2,-3,17.5,0,0,14.0,1,851,851,851,975,1118,1052,1236,587,938,587,990,1042,990,478,431,510,335,614,274,157,1,893,1252,1253,1032,872,151,4,939,,23:46,1
2005-06,1506,Austin Croshere,Austin,1610612754,IND,Indiana Pacers,0040500126,2006-05-04T00:00:00,IND vs. NJN,L,38.9,2,8,0.25,1,4,0.25,2,2,1.0,0,4,4,0,2,1,0,0,2,2,7,-3,12.8,0,0,14.0,1,851,851,851,354,933,699,1236,284,234,480,530,647,1,896,431,647,1087,358,274,500,1,542,675,897,1032,1040,151,4,939,,38:54,1
2005-06,361,Clifford Robinson,Clifford,1610612751,NJN,New Jersey Nets,0040500126,2006-05-04T00:00:00,NJN @ IND,W,27.323333333333334,3,8,0.375,1,2,0.5,0,0,0.0,1,2,3,0,2,0,1,0,3,0,7,16,11.6,0,0,13.0,1,1,1,1,838,742,699,980,284,529,183,990,1042,990,478,827,832,1087,358,742,157,1,893,1252,897,106,1090,151,4,985,,27:19,1
2005-06,2768,Chris Duhon,Chris,1610612741,CHI,Chicago Bulls,0040500116,2006-05-04T00:00:00,CHI vs. MIA,L,21.1,2,5,0.4,2,4,0.5,0,0,0.0,0,1,1,3,0,0,0,0,2,0,6,-3,11.7,0,0,12.0,1,851,851,851,1056,933,962,896,125,234,183,990,1042,990,896,1103,1241,335,1060,742,500,1,542,1252,957,1032,1084,151,4,1038,,21:06,1
2005-06,2470,Smush Parker,Smush,1610612747,LAL,Los Angeles Lakers,0040500156,2006-05-04T00:00:00,LAL vs. PHX,L,41.49333333333333,0,5,0.0,0,2,0.0,2,2,1.0,0,0,0,2,3,3,0,1,6,3,2,-5,11.0,0,0,10.0,1,851,851,851,218,1368,962,1368,587,529,587,530,647,1,896,1386,1473,491,164,32,500,1178,1663,471,1253,1189,1116,151,4,1125,,41:30,1
2005-06,2215,Jason Collins,Jason,1610612751,NJN,New Jersey Nets,0040500126,2006-05-04T00:00:00,NJN @ IND,W,26.988333333333333,0,0,0.0,0,0,0.0,0,0,0.0,3,4,7,0,2,1,0,0,4,1,0,-13,9.4,0,0,9.0,1,1,1,1,853,1368,1565,1368,587,938,587,990,1042,990,128,431,284,1087,358,274,500,1,1222,926,1439,1559,1185,151,4,1164,,26:59,1
2005-06,2410,Fred Jones,Fred,1610612754,IND,Indiana Pacers,0040500126,2006-05-04T00:00:00,IND vs. NJN,L,26.621666666666666,0,4,0.0,0,2,0.0,0,0,0.0,0,4,4,2,2,1,0,0,2,1,0,5,8.8,0,0,8.0,1,851,851,851,870,1368,1052,1368,587,529,587,990,1042,990,896,431,647,491,358,274,500,1,542,926,1439,444,1216,151,4,1212,,26:37,1
2005-06,2756,Sasha Vujacic,Sasha,1610612747,LAL,Los Angeles Lakers,0040500156,2006-05-04T00:00:00,LAL vs. PHX,L,15.623333333333333,1,3,0.333,0,2,0.0,0,0,0.0,0,1,1,3,0,0,0,0,5,0,2,-3,7.7,0,0,6.0,1,851,851,851,1217,1118,1167,1051,587,529,587,990,1042,990,896,1103,1241,335,1060,742,500,1,1489,1252,1253,1032,1261,151,4,1292,,15:37,1
2005-06,1715,Jason Williams,Jason,1610612748,MIA,Miami Heat,0040500116,2006-05-04T00:00:00,MIA @ CHI,W,22.56833333333333,0,6,0.0,0,2,0.0,0,1,0.0,0,0,0,4,2,1,0,0,3,1,0,12,7.0,0,0,6.0,1,1,1,1,1019,1368,878,1368,587,529,587,990,974,990,896,1386,1473,208,358,274,500,1,893,926,1439,186,1290,151,4,1292,,22:34,1
2005-06,1521,Jacque Vaughn,Jacque,1610612751,NJN,New Jersey Nets,0040500126,2006-05-04T00:00:00,NJN @ IND,W,12.876666666666667,1,5,0.2,0,0,0.0,0,1,0.0,1,2,3,0,1,0,0,0,1,1,2,4,4.6,0,0,5.0,1,1,1,1,1301,1118,962,1304,587,938,587,990,974,990,478,827,832,1087,614,742,500,1,248,926,1253,504,1386,151,4,1338,,12:53,1
2005-06,101142,Ronny Turiaf,Ronny,1610612747,LAL,Los Angeles Lakers,0040500156,2006-05-04T00:00:00,LAL vs. PHX,L,3.95,0,0,0.0,0,0,0.0,1,2,0.5,1,2,3,0,0,0,0,0,1,2,1,0,4.6,0,0,4.0,1,851,851,851,1566,1368,1565,1368,587,938,587,793,647,768,478,827,832,1087,1060,742,500,1,248,675,1415,762,1386,151,4,1384,,3:57,1
2005-06,15,Eric Piatkowski,Eric,1610612741,CHI,Chicago Bulls,0040500116,2006-05-04T00:00:00,CHI vs. MIA,L,6.295,0,3,0.0,0,3,0.0,2,2,1.0,1,1,2,0,0,0,0,0,0,1,2,4,4.4,0,0,4.0,1,851,851,851,1489,1368,1167,1368,587,362,587,530,647,1,478,1103,1021,1087,1060,742,500,1,1,926,1253,504,1394,151,4,1384,,6:18,1
2005-06,297,Alonzo Mourning,Alonzo,1610612748,MIA,Miami Heat,0040500116,2006-05-04T00:00:00,MIA @ CHI,W,3.716666666666667,1,1,1.0,0,0,0.0,2,2,1.0,0,0,0,0,0,0,0,0,1,2,4,3,4.0,0,0,4.0,1,1,1,1,1569,1118,1422,1,587,938,587,530,647,1,896,1386,1473,1087,1060,742,500,1,248,675,1100,567,1417,151,4,1384,,3:43,1
2005-06,2199,Tyson Chandler,Tyson,1610612741,CHI,Chicago Bulls,0040500116,2006-05-04T00:00:00,CHI vs. MIA,L,17.968333333333334,0,1,0.0,0,0,0.0,0,0,0.0,1,2,3,0,1,0,0,0,5,0,0,-17,2.6,0,0,3.0,1,851,851,851,1144,1368,1422,1368,587,938,587,990,1042,990,478,827,832,1087,614,742,500,1,1489,1252,1439,1630,1491,151,4,1449,,17:58,1
2005-06,2552,Michael Sweetney,Michael,1610612741,CHI,Chicago Bulls,0040500116,2006-05-04T00:00:00,CHI vs. MIA,L,10.6,0,1,0.0,0,0,0.0,0,0,0.0,0,2,2,0,0,0,0,1,6,0,0,-3,2.4,0,0,2.0,1,851,851,851,1361,1368,1422,1368,587,938,587,990,1042,990,896,827,1021,1087,1060,742,500,1178,1663,1252,1439,1032,1497,151,4,1498,,10:36,1
2005-06,2067,Eddie House,Eddie,1610612756,PHX,Phoenix Suns,0040500156,2006-05-04T00:00:00,PHX @ LAL,W,6.9,1,3,0.333,0,1,0.0,0,0,0.0,0,0,0,0,0,0,0,0,0,1,2,2,2.0,0,0,2.0,1,1,1,1,1471,1118,1167,1051,587,709,587,990,1042,990,896,1386,1473,1087,1060,742,500,1,1,926,1253,625,1516,151,4,1498,,6:54,1
2005-06,101180,Sarunas Jasikevicius,Sarunas,1610612754,IND,Indiana Pacers,0040500126,2006-05-04T00:00:00,IND vs. NJN,L,12.528333333333334,0,2,0.0,0,1,0.0,0,0,0.0,0,2,2,0,1,0,0,0,1,0,0,2,1.4,0,0,2.0,1,851,851,851,1308,1368,1280,1368,587,709,587,990,1042,990,896,827,1021,1087,614,742,500,1,248,1252,1439,625,1551,151,4,1498,,12:32,1
2005-06,101195,Luke Schenscher,Luke,1610612741,CHI,Chicago Bulls,0040500116,2006-05-04T00:00:00,CHI vs. MIA,L,0.565,0,0,0.0,0,0,0.0,0,0,0.0,1,0,1,0,0,0,0,0,0,0,0,0,1.2,0,0,1.0,1,851,851,851,1689,1368,1565,1368,587,938,587,990,1042,990,478,1386,1241,1087,1060,742,500,1,1,1252,1439,762,1554,151,4,1557,,0:34,1
2005-06,1507,Derek Anderson,Derek,1610612748,MIA,Miami Heat,0040500116,2006-05-04T00:00:00,MIA @ CHI,W,4.15,0,0,0.0,0,0,0.0,0,0,0.0,0,1,1,0,0,0,0,0,0,0,0,-1,1.2,0,0,1.0,1,1,1,1,1562,1368,1565,1368,587,938,587,990,1042,990,896,1103,1241,1087,1060,742,500,1,1,1252,1439,859,1554,151,4,1557,,4:09,1
2005-06,2567,Brian Cook,Brian,1610612747,LAL,Los Angeles Lakers,0040500156,2006-05-04T00:00:00,LAL vs. PHX,L,5.53,0,0,0.0,0,0,0.0,0,0,0.0,0,0,0,1,1,0,0,0,2,0,0,4,0.5,0,0,1.0,1,851,851,851,1515,1368,1565,1368,587,938,587,990,1042,990,896,1386,1473,731,614,742,500,1,542,1252,1439,504,1591,151,4,1557,,5:32,1
2005-06,258,Brian Grant,Brian,1610612756,PHX,Phoenix Suns,0040500156,2006-05-04T00:00:00,PHX @ LAL,W,2.85,0,0,0.0,0,0,0.0,0,2,0.0,0,0,0,0,0,0,0,0,1,2,0,1,0.0,0,0,0.0,1,1,1,1,1600,1368,1565,1368,587,938,587,990,647,990,896,1386,1473,1087,1060,742,500,1,248,675,1439,689,1605,151,4,1610,,2:51,1
2005-06,2758,David Harrison,David,1610612754,IND,Indiana Pacers,0040500126,2006-05-04T00:00:00,IND vs. NJN,L,3.175,0,1,0.0,0,0,0.0,0,0,0.0,0,0,0,0,0,0,0,0,1,1,0,-1,0.0,0,0,0.0,1,851,851,851,1588,1368,1422,1368,587,938,587,990,1042,990,896,1386,1473,1087,1060,742,500,1,248,926,1439,859,1605,151,4,1610,,3:11,1
2005-06,1519,John Thomas,John,1610612751,NJN,New Jersey Nets,0040500126,2006-05-04T00:00:00,NJN @ IND,W,0.5783333333333334,0,0,0.0,0,0,0.0,0,0,0.0,0,0,0,0,0,0,0,0,0,0,0,-2,0.0,0,0,0.0,1,1,1,1,1688,1368,1565,1368,587,938,587,990,1042,990,896,1386,1473,1087,1060,742,500,1,1,1252,1439,943,1605,151,4,1610,,0:35,1
2005-06,2544,LeBron James,LeBron,1610612739,CLE,Cleveland Cavaliers,0040500135,2006-05-03T00:00:00,CLE vs. WAS,W,46.11666666666667,14,23,0.609,0,1,0.0,17,18,0.944,5,2,7,6,4,2,0,0,5,13,45,-4,64.4,0,0,62.0,1,1,1,1,65,11,39,310,587,709,587,3,8,405,26,827,284,97,71,82,500,1,1489,9,3,1108,19,151,4,9,,46:07,1
2005-06,2240,Gilbert Arenas,Gilbert,1610612764,WAS,Washington Wizards,0040500135,2006-05-03T00:00:00,WAS @ CLE,L,52.625,14,24,0.583,6,9,0.667,10,10,1.0,1,4,5,4,3,1,0,2,4,8,44,1,56.0,0,0,61.0,1,851,851,851,5,11,25,359,3,10,108,40,66,1,478,431,510,208,164,274,500,1566,1222,70,4,689,45,151,4,12,,52:38,1
2005-06,1888,Richard Hamilton,Richard,1610612765,DET,Detroit Pistons,0040500105,2006-05-03T00:00:00,DET vs. MIL,W,35.85,15,23,0.652,2,2,1.0,8,9,0.889,1,2,3,3,3,0,0,0,2,6,40,28,45.1,0,0,48.0,1,1,1,1,483,8,39,253,125,529,1,69,93,425,478,827,832,335,164,742,500,1,542,145,10,14,130,151,4,79,,35:51,1
2005-06,2406,Caron Butler,Caron,1610612764,WAS,Washington Wizards,0040500135,2006-05-03T00:00:00,WAS @ CLE,L,48.00833333333333,8,16,0.5,0,0,0.0,4,6,0.667,3,8,11,5,1,4,0,0,6,5,20,1,51.7,1,0,44.0,1,851,851,851,27,178,208,488,587,938,587,284,232,657,128,100,82,141,614,5,500,1,1663,217,258,689,72,1,4,114,,48:01,1
2005-06,1712,Antawn Jamison,Antawn,1610612764,WAS,Washington Wizards,0040500135,2006-05-03T00:00:00,WAS @ CLE,L,48.766666666666666,13,24,0.542,3,7,0.429,3,6,0.5,1,4,5,2,2,0,0,1,5,5,32,2,39.0,0,0,42.0,1,851,851,851,25,18,25,442,57,42,317,405,232,768,478,431,510,491,358,742,500,1178,1489,217,43,625,220,151,4,136,,48:46,1
2005-06,739,Rasheed Wallace,Rasheed,1610612765,DET,Detroit Pistons,0040500105,2006-05-03T00:00:00,DET vs. MIL,W,27.45,8,11,0.727,4,5,0.8,2,4,0.5,2,5,7,4,2,1,0,0,1,2,22,26,37.4,0,0,39.0,1,1,1,1,830,178,490,170,17,141,84,530,399,768,252,311,284,208,358,274,500,1,248,675,190,22,246,151,4,175,,27:27,1
2005-06,1716,Larry Hughes,Larry,1610612739,CLE,Cleveland Cavaliers,0040500135,2006-05-03T00:00:00,CLE vs. WAS,W,47.94833333333333,8,19,0.421,1,3,0.333,7,10,0.7,1,2,3,3,3,2,1,1,2,5,24,4,38.1,0,0,37.0,1,1,1,1,36,178,108,865,284,362,369,101,66,653,478,827,832,335,164,82,157,1178,542,217,149,504,235,151,4,208,,47:57,1
2005-06,2072,Michael Redd,Michael,1610612749,MIL,Milwaukee Bucks,0040500105,2006-05-03T00:00:00,MIL @ DET,L,34.85,6,13,0.462,0,1,0.0,11,13,0.846,8,1,9,1,4,2,0,1,1,11,23,-34,37.3,0,0,37.0,1,851,851,851,523,351,359,732,587,709,587,28,34,474,2,1103,161,731,71,82,500,1178,248,16,173,1719,248,151,4,208,,34:51,1
2005-06,1497,Chauncey Billups,Chauncey,1610612765,DET,Detroit Pistons,0040500105,2006-05-03T00:00:00,DET vs. MIL,W,29.966666666666665,3,5,0.6,3,3,1.0,8,8,1.0,0,5,5,8,0,0,0,0,1,5,17,33,35.0,0,0,33.0,1,1,1,1,735,742,962,311,57,362,1,69,129,1,896,311,510,49,1060,742,500,1,248,217,353,6,300,151,4,291,,29:58,1
2005-06,727,Eric Snow,Eric,1610612739,CLE,Cleveland Cavaliers,0040500135,2006-05-03T00:00:00,CLE vs. WAS,W,44.49166666666667,8,12,0.667,0,0,0.0,2,3,0.667,0,3,3,3,1,0,1,0,3,3,18,-4,28.1,0,0,26.0,1,1,1,1,112,178,425,197,587,938,587,530,561,657,896,615,832,335,614,742,157,1,893,471,328,1108,479,151,4,498,,44:30,1
2005-06,1112,Ben Wallace,Ben,1610612765,DET,Detroit Pistons,0040500105,2006-05-03T00:00:00,DET vs. MIL,W,34.1,1,3,0.333,0,0,0.0,0,2,0.0,4,10,14,3,2,2,1,0,4,2,2,33,30.3,0,0,25.0,1,1,1,1,568,1118,1167,1051,587,938,587,990,647,990,55,44,32,335,358,82,157,1,1222,675,1253,6,414,151,4,532,,34:06,1
2005-06,1498,Antonio Daniels,Antonio,1610612764,WAS,Washington Wizards,0040500135,2006-05-03T00:00:00,WAS @ CLE,L,37.916666666666664,5,11,0.455,0,3,0.0,3,3,1.0,0,2,2,7,1,0,1,0,0,3,13,4,27.9,0,0,24.0,1,851,851,851,399,456,490,751,587,362,587,405,561,1,896,827,1021,67,614,742,157,1,1,471,534,504,485,151,4,562,,37:55,1
2005-06,2419,Tayshaun Prince,Tayshaun,1610612765,DET,Detroit Pistons,0040500105,2006-05-03T00:00:00,DET vs. MIL,W,28.9,3,8,0.375,1,2,0.5,5,6,0.833,1,2,3,3,4,1,1,0,2,5,12,36,22.1,0,0,23.0,1,1,1,1,769,742,699,980,284,529,183,203,232,479,478,827,832,335,71,274,157,1,542,217,571,2,672,151,4,596,,28:54,1
2005-06,2551,T.J. Ford,T.J.,1610612749,MIL,Milwaukee Bucks,0040500105,2006-05-03T00:00:00,MIL @ DET,L,29.216666666666665,5,8,0.625,0,0,0.0,0,0,0.0,0,3,3,6,2,0,0,0,4,2,10,-10,20.6,0,0,19.0,1,851,851,851,757,456,699,280,587,938,587,990,1042,990,896,615,832,97,358,742,500,1,1222,675,683,1457,729,151,4,745,,29:13,1
2005-06,2436,Flip Murray,Flip,1610612739,CLE,Cleveland Cavaliers,0040500135,2006-05-03T00:00:00,CLE vs. WAS,W,34.20166666666667,5,9,0.556,0,1,0.0,2,2,1.0,0,4,4,2,0,0,0,0,2,1,12,-1,19.8,0,0,18.0,1,1,1,1,563,456,639,412,587,709,587,530,647,1,896,431,647,491,1060,742,500,1,542,926,571,859,760,151,4,772,,34:12,1
2005-06,2429,Dan Gadzuric,Dan,1610612749,MIL,Milwaukee Bucks,0040500105,2006-05-03T00:00:00,MIL @ DET,L,9.0,6,7,0.857,0,0,0.0,1,2,0.5,2,1,3,0,0,0,1,0,3,2,13,8,19.6,0,0,18.0,1,851,851,851,1408,351,786,103,587,938,587,793,647,768,252,1103,832,1087,1060,742,157,1,893,675,534,318,768,151,4,772,,9:00,1
2005-06,2400,Drew Gooden,Drew,1610612739,CLE,Cleveland Cavaliers,0040500135,2006-05-03T00:00:00,CLE vs. WAS,W,27.32,3,7,0.429,0,0,0.0,0,0,0.0,2,9,11,0,1,0,0,0,6,2,6,-5,18.2,0,0,17.0,1,1,1,1,839,742,786,821,587,938,587,990,1042,990,252,63,82,1087,614,742,500,1,1663,675,957,1189,835,151,4,827,,27:19,1
2005-06,686,Antonio McDyess,Antonio,1610612765,DET,Detroit Pistons,0040500105,2006-05-03T00:00:00,DET vs. MIL,W,21.45,5,8,0.625,0,0,0.0,1,2,0.5,2,4,6,0,0,0,0,0,1,3,11,-7,18.2,0,0,17.0,1,1,1,1,1047,456,699,280,587,938,587,793,647,768,252,431,386,1087,1060,742,500,1,248,471,622,1313,835,151,4,827,,21:27,1
2005-06,101106,Andrew Bogut,Andrew,1610612749,MIL,Milwaukee Bucks,0040500105,2006-05-03T00:00:00,MIL @ DET,L,31.873333333333335,5,9,0.556,0,0,0.0,0,0,0.0,0,3,3,2,2,0,0,0,5,0,10,-9,14.6,0,0,15.0,1,851,851,851,660,456,639,412,587,938,587,990,1042,990,896,615,832,491,358,742,500,1,1489,1252,683,1409,965,151,4,904,,31:52,1
2005-06,2250,Bobby Simmons,Bobby,1610612749,MIL,Milwaukee Bucks,0040500105,2006-05-03T00:00:00,MIL @ DET,L,28.0,2,7,0.286,0,1,0.0,0,0,0.0,0,1,1,1,0,4,0,0,2,0,4,-9,18.7,0,0,14.0,1,851,851,851,806,933,786,1192,587,709,587,990,1042,990,896,1103,1241,731,1060,5,500,1,542,1252,1100,1409,812,151,4,939,,28:00,1
2005-06,923,Donyell Marshall,Donyell,1610612739,CLE,Cleveland Cavaliers,0040500135,2006-05-03T00:00:00,CLE vs. WAS,W,24.588333333333335,2,3,0.667,0,0,0.0,2,2,1.0,2,4,6,0,0,1,0,0,1,3,6,9,16.2,0,0,14.0,1,1,1,1,941,933,1167,197,587,938,587,530,647,1,252,431,386,1087,1060,274,500,1,248,471,957,285,907,151,4,939,,24:35,1
2005-06,2407,Jared Jeffries,Jared,1610612764,WAS,Washington Wizards,0040500135,2006-05-03T00:00:00,WAS @ CLE,L,34.795,4,7,0.571,0,1,0.0,0,0,0.0,3,1,4,2,2,0,0,0,6,2,8,-9,13.8,0,0,14.0,1,851,851,851,529,580,786,369,587,709,587,990,1042,990,128,1103,647,491,358,742,500,1,1663,675,812,1409,997,151,4,939,,34:48,1
2005-06,2048,Jamaal Magloire,Jamaal,1610612749,MIL,Milwaukee Bucks,0040500105,2006-05-03T00:00:00,MIL @ DET,L,22.766666666666666,3,9,0.333,0,0,0.0,2,2,1.0,0,4,4,1,1,0,0,0,2,1,8,-26,13.3,0,0,13.0,1,851,851,851,1008,742,639,1051,587,938,587,530,647,1,896,431,647,731,614,742,500,1,542,926,812,1705,1023,151,4,985,,22:46,1
2005-06,980,Zydrunas Ilgauskas,Zydrunas,1610612739,CLE,Cleveland Cavaliers,0040500135,2006-05-03T00:00:00,CLE vs. WAS,W,21.115,3,6,0.5,0,0,0.0,0,2,0.0,1,4,5,0,3,0,1,0,4,1,6,1,12.0,0,0,13.0,1,1,1,1,1055,742,878,488,587,938,587,990,647,990,478,431,510,1087,164,742,157,1,1222,926,957,689,1073,151,4,985,,21:07,1
2005-06,2760,Anderson Varejao,Anderson,1610612739,CLE,Cleveland Cavaliers,0040500135,2006-05-03T00:00:00,CLE vs. WAS,W,19.158333333333335,1,2,0.5,0,0,0.0,2,6,0.333,4,3,7,1,0,0,0,0,3,3,4,3,13.9,0,0,12.0,1,1,1,1,1107,1118,1280,488,587,938,587,530,232,943,55,615,284,731,1060,742,500,1,893,471,1100,567,996,151,4,1038,,19:10,1
2005-06,389,Toni Kukoc,Toni,1610612749,MIL,Milwaukee Bucks,0040500105,2006-05-03T00:00:00,MIL @ DET,L,19.026666666666667,3,6,0.5,1,3,0.333,0,0,0.0,0,1,1,2,0,0,0,0,2,0,7,-21,11.2,0,0,11.0,1,851,851,851,1115,742,878,488,284,362,369,990,1042,990,896,1103,1241,491,1060,742,500,1,542,1252,897,1675,1106,151,4,1087,,19:02,1
2005-06,960,Tony Delk,Tony,1610612765,DET,Detroit Pistons,0040500105,2006-05-03T00:00:00,DET vs. MIL,W,14.133333333333333,3,7,0.429,0,3,0.0,2,2,1.0,0,2,2,0,0,0,0,1,2,1,8,-3,10.4,0,0,10.0,1,1,1,1,1259,742,786,821,587,362,587,530,647,1,896,827,1021,1087,1060,742,500,1178,542,926,812,1032,1145,151,4,1125,,14:08,1
2005-06,2294,Charlie Bell,Charlie,1610612749,MIL,Milwaukee Bucks,0040500105,2006-05-03T00:00:00,MIL @ DET,L,17.916666666666668,3,8,0.375,0,0,0.0,2,2,1.0,0,0,0,1,0,0,0,1,1,1,8,-3,9.5,0,0,9.0,1,851,851,851,1146,742,699,980,587,938,587,530,647,1,896,1386,1473,731,1060,742,500,1178,248,926,812,1032,1181,151,4,1164,,17:55,1
2005-06,2590,Mo Williams,Mo,1610612749,MIL,Milwaukee Bucks,0040500105,2006-05-03T00:00:00,MIL @ DET,L,18.783333333333335,2,8,0.25,0,5,0.0,0,0,0.0,0,0,0,3,2,1,0,0,3,0,4,-19,9.5,0,0,9.0,1,851,851,851,1121,933,699,1236,587,141,587,990,1042,990,896,1386,1473,335,358,274,500,1,893,1252,1100,1656,1181,151,4,1164,,18:47,1
2005-06,283,Lindsey Hunter,Lindsey,1610612765,DET,Detroit Pistons,0040500105,2006-05-03T00:00:00,DET vs. MIL,W,15.033333333333333,0,2,0.0,0,1,0.0,0,0,0.0,1,0,1,7,0,0,0,0,3,0,0,-10,11.7,0,0,8.0,1,1,1,1,1233,1368,1280,1368,587,709,587,990,1042,990,478,1386,1241,67,1060,742,500,1,893,1252,1439,1457,1084,151,4,1212,,15:02,1
2005-06,2230,Maurice Evans,Maurice,1610612765,DET,Detroit Pistons,0040500105,2006-05-03T00:00:00,DET vs. MIL,W,17.116666666666667,1,2,0.5,0,0,0.0,4,4,1.0,1,1,2,0,0,0,0,0,2,2,6,-3,8.4,0,0,8.0,1,1,1,1,1173,1118,1280,488,587,938,587,284,399,1,478,1103,1021,1087,1060,742,500,1,542,675,957,1032,1232,151,4,1212,,17:07,1
2005-06,911,Ervin Johnson,Ervin,1610612749,MIL,Milwaukee Bucks,0040500105,2006-05-03T00:00:00,MIL @ DET,L,6.5,0,0,0.0,0,0,0.0,2,2,1.0,0,2,2,0,0,1,0,0,1,1,2,-3,7.4,0,0,6.0,1,851,851,851,1484,1368,1565,1368,587,938,587,530,647,1,896,827,1021,1087,1060,274,500,1,248,926,1253,1032,1271,151,4,1292,,6:30,1
2005-06,2041,Etan Thomas,Etan,1610612764,WAS,Washington Wizards,0040500135,2006-05-03T00:00:00,WAS @ CLE,L,6.65,0,1,0.0,0,0,0.0,2,2,1.0,1,1,2,0,0,1,0,0,2,1,2,-6,7.4,0,0,6.0,1,851,851,851,1481,1368,1422,1368,587,938,587,530,647,1,478,1103,1021,1087,1060,274,500,1,542,926,1253,1251,1271,151,4,1292,,6:39,1
2005-06,693,Joe Smith,Joe,1610612749,MIL,Milwaukee Bucks,0040500105,2006-05-03T00:00:00,MIL @ DET,L,13.433333333333334,1,5,0.2,0,0,0.0,0,0,0.0,0,2,2,0,0,1,0,0,2,1,2,-16,7.4,0,0,6.0,1,851,851,851,1278,1118,962,1304,587,938,587,990,1042,990,896,827,1021,1087,1060,274,500,1,542,926,1253,1605,1271,151,4,1292,,13:26,1
2005-06,1913,Michael Ruffin,Michael,1610612764,WAS,Washington Wizards,0040500135,2006-05-03T00:00:00,WAS @ CLE,L,13.036666666666667,0,0,0.0,0,0,0.0,0,0,0.0,2,1,3,3,1,0,0,0,2,0,0,5,7.1,0,0,6.0,1,851,851,851,1295,1368,1565,1368,587,938,587,990,1042,990,252,1103,832,335,614,742,500,1,542,1252,1439,444,1285,151,4,1292,,13:02,1
2005-06,2412,Jiri Welsch,Jiri,1610612749,MIL,Milwaukee Bucks,0040500105,2006-05-03T00:00:00,MIL @ DET,L,8.633333333333333,0,2,0.0,0,0,0.0,2,2,1.0,0,1,1,1,0,0,0,0,1,2,2,-3,4.7,0,0,4.0,1,851,851,851,1423,1368,1280,1368,587,938,587,530,647,1,896,1103,1241,731,1060,742,500,1,248,675,1253,1032,1380,151,4,1384,,8:38,1
2005-06,1509,Kelvin Cato,Kelvin,1610612765,DET,Detroit Pistons,0040500105,2006-05-03T00:00:00,DET vs. MIL,W,3.0,1,2,0.5,0,0,0.0,0,0,0.0,1,1,2,0,0,0,0,0,1,0,2,6,4.4,0,0,4.0,1,1,1,1,1590,1118,1280,488,587,938,587,990,1042,990,478,1103,1021,1087,1060,742,500,1,248,1252,1253,391,1394,151,4,1384,,3:00,1
2005-06,2568,Carlos Delfino,Carlos,1610612765,DET,Detroit Pistons,0040500105,2006-05-03T00:00:00,DET vs. MIL,W,6.5,0,2,0.0,0,1,0.0,2,2,1.0,0,1,1,1,2,0,0,0,1,1,2,3,2.7,0,0,4.0,1,1,1,1,1484,1368,1280,1368,587,709,587,530,647,1,896,1103,1241,731,358,742,500,1,248,926,1253,567,1482,151,4,1384,,6:30,1
2005-06,905,Dale Davis,Dale,1610612765,DET,Detroit Pistons,0040500105,2006-05-03T00:00:00,DET vs. MIL,W,6.5,0,1,0.0,0,0,0.0,0,0,0.0,0,2,2,1,1,0,0,0,1,0,0,3,2.9,0,0,3.0,1,1,1,1,1484,1368,1422,1368,587,938,587,990,1042,990,896,827,1021,731,614,742,500,1,248,1252,1439,567,1481,151,4,1449,,6:30,1
2005-06,2217,Brendan Haywood,Brendan,1610612764,WAS,Washington Wizards,0040500135,2006-05-03T00:00:00,WAS @ CLE,L,20.526666666666667,0,1,0.0,0,0,0.0,1,2,0.5,0,2,2,0,1,0,0,0,5,2,1,-1,2.4,0,0,3.0,1,851,851,851,1070,1368,1422,1368,587,938,587,793,647,768,896,827,1021,1087,614,742,500,1,1489,675,1415,859,1497,151,4,1449,,20:32,1
2005-06,1800,Damon Jones,Damon,1610612739,CLE,Cleveland Cavaliers,0040500135,2006-05-03T00:00:00,CLE vs. WAS,W,0.06,0,0,0.0,0,0,0.0,0,0,0.0,0,0,0,0,0,0,0,0,0,0,0,2,0.0,0,0,0.0,1,1,1,1,1713,1368,1565,1368,587,938,587,990,1042,990,896,1386,1473,1087,1060,742,500,1,1,1252,1439,625,1605,151,4,1610,,0:04,1
2005-06,2873,Billy Thomas,Billy,1610612764,WAS,Washington Wizards,0040500135,2006-05-03T00:00:00,WAS @ CLE,L,2.675,0,0,0.0,0,0,0.0,0,0,0.0,0,0,0,0,0,0,0,0,1,0,0,-2,0.0,0,0,0.0,1,851,851,851,1605,1368,1565,1368,587,938,587,990,1042,990,896,1386,1473,1087,1060,742,500,1,248,1252,1439,943,1605,151,4,1610,,2:41,1
2005-06,1713,Vince Carter,Vince,1610612751,NJN,New Jersey Nets,0040500125,2006-05-02T00:00:00,NJN vs. IND,W,41.78333333333333,13,24,0.542,1,4,0.25,7,7,1.0,1,14,15,7,4,2,1,3,5,9,34,11,67.5,1,0,63.0,1,1,1,1,208,18,25,442,284,234,480,101,195,1,478,7,19,67,71,82,157,1679,1489,40,29,217,8,1,4,7,,41:47,1
2005-06,1719,Bonzi Wells,Bonzi,1610612758,SAC,Sacramento Kings,0040500145,2006-05-02T00:00:00,SAC @ SAS,L,46.031666666666666,13,20,0.65,3,3,1.0,9,12,0.75,3,9,12,2,3,1,0,0,4,10,38,-5,55.4,1,0,57.0,1,851,851,851,68,18,82,255,57,362,1,49,41,566,128,63,60,491,164,274,500,1,1222,24,14,1189,48,1,4,22,,46:02,1
2005-06,1897,Metta World Peace,Metta,1610612758,SAC,Sacramento Kings,0040500145,2006-05-02T00:00:00,SAC @ SAS,L,46.19833333333333,8,21,0.381,4,8,0.5,4,4,1.0,1,3,4,4,0,5,1,1,2,3,24,-5,52.8,0,0,48.0,1,851,851,851,63,178,67,976,17,19,183,284,399,1,478,615,647,208,1060,3,157,1178,542,471,149,1189,63,151,4,79,,46:12,1
2005-06,2564,Boris Diaw,Boris,1610612756,PHX,Phoenix Suns,0040500155,2006-05-02T00:00:00,PHX vs. LAL,W,38.05,7,12,0.583,0,0,0.0,11,11,1.0,4,6,10,9,0,1,0,1,3,8,25,36,53.5,1,0,46.0,1,1,1,1,392,269,425,359,587,938,587,28,50,1,55,208,114,34,1060,274,500,1178,893,70,130,2,59,1,4,101,,38:03,1
2005-06,977,Kobe Bryant,Kobe,1610612747,LAL,Los Angeles Lakers,0040500155,2006-05-02T00:00:00,LAL @ PHX,L,43.05,10,17,0.588,3,8,0.375,6,9,0.667,0,7,7,5,5,0,1,0,3,5,29,-19,42.9,0,0,46.0,1,851,851,851,165,84,166,353,57,19,363,142,93,657,896,144,284,141,36,742,157,1,893,217,83,1656,157,151,4,101,,43:03,1
2005-06,1938,Manu Ginobili,Manu,1610612759,SAS,San Antonio Spurs,0040500145,2006-05-02T00:00:00,SAS vs. SAC,W,36.016666666666666,9,14,0.643,1,2,0.5,8,8,1.0,0,9,9,4,4,0,2,1,2,7,27,12,45.8,0,0,45.0,1,1,1,1,477,116,306,259,284,529,183,69,129,1,896,63,161,208,71,742,67,1178,542,106,105,186,124,151,4,107,,36:01,1
2005-06,2548,Dwyane Wade,Dwyane,1610612748,MIA,Miami Heat,0040500115,2006-05-02T00:00:00,MIA vs. CHI,W,33.21666666666667,9,18,0.5,1,1,1.0,9,10,0.9,1,4,5,5,3,1,1,2,1,5,28,24,44.5,0,0,43.0,1,1,1,1,607,116,129,488,284,709,1,49,66,419,478,431,510,141,164,274,157,1566,248,217,94,39,136,151,4,124,,33:13,1
2005-06,1885,Lamar Odom,Lamar,1610612747,LAL,Los Angeles Lakers,0040500155,2006-05-02T00:00:00,LAL @ PHX,L,41.78333333333333,7,14,0.5,0,2,0.0,4,5,0.8,2,13,15,6,2,0,1,1,3,3,18,-21,46.0,1,0,41.0,1,851,851,851,208,269,306,488,587,529,587,284,332,518,252,14,19,97,358,742,157,1178,893,471,328,1675,119,1,4,146,,41:47,1
2005-06,1890,Shawn Marion,Shawn,1610612756,PHX,Phoenix Suns,0040500155,2006-05-02T00:00:00,PHX vs. LAL,W,42.85,9,22,0.409,2,5,0.4,1,1,1.0,5,4,9,2,0,1,2,2,2,3,21,25,43.8,0,0,40.0,1,1,1,1,172,116,55,890,125,141,327,793,974,1,26,431,161,491,1060,274,67,1566,542,471,222,28,144,151,4,161,,42:51,1
2005-06,979,Jermaine O'Neal,Jermaine,1610612754,IND,Indiana Pacers,0040500125,2006-05-02T00:00:00,IND @ NJN,L,42.38333333333333,8,18,0.444,0,1,0.0,3,8,0.375,2,5,7,2,4,1,4,1,4,12,19,1,41.4,0,0,38.0,1,851,851,851,182,178,129,780,587,709,587,405,129,942,252,311,284,491,71,274,12,1178,1222,12,298,689,172,151,4,188,,42:23,1
2005-06,1495,Tim Duncan,Tim,1610612759,SAS,San Antonio Spurs,0040500145,2006-05-02T00:00:00,SAS vs. SAC,W,36.08,9,12,0.75,0,0,0.0,6,7,0.857,2,7,9,5,3,0,0,0,4,9,24,14,39.3,0,0,38.0,1,1,1,1,473,116,425,133,587,938,587,142,195,459,252,144,161,141,164,742,500,1,1222,40,149,146,213,151,4,188,,36:05,1
2005-06,2420,Nenad Krstic,Nenad,1610612751,NJN,New Jersey Nets,0040500125,2006-05-02T00:00:00,NJN vs. IND,W,42.611666666666665,7,14,0.5,0,0,0.0,5,6,0.833,2,9,11,1,1,0,2,3,4,6,19,9,38.7,1,0,35.0,1,1,1,1,176,269,306,488,587,938,587,203,232,479,252,63,82,731,614,742,67,1679,1222,145,298,285,223,1,4,250,,42:37,1
2005-06,2804,Andres Nocioni,Andres,1610612741,CHI,Chicago Bulls,0040500115,2006-05-02T00:00:00,CHI @ MIA,L,36.06666666666667,6,11,0.545,2,3,0.667,9,11,0.818,1,9,10,0,3,0,0,2,5,8,23,-15,32.0,1,0,35.0,1,851,851,851,474,351,490,433,125,362,108,49,50,514,478,63,114,1087,164,742,500,1566,1489,70,173,1591,367,1,4,250,,36:04,1
2005-06,406,Shaquille O'Neal,Shaquille,1610612748,MIA,Miami Heat,0040500115,2006-05-02T00:00:00,MIA vs. CHI,W,26.616666666666667,7,9,0.778,0,0,0.0,2,12,0.167,4,6,10,2,3,0,3,0,4,8,16,22,37.0,1,0,34.0,1,1,1,1,871,269,639,126,587,938,587,530,41,983,55,208,114,491,164,742,25,1,1222,70,399,48,259,1,4,267,,26:37,1
2005-06,2210,Richard Jefferson,Richard,1610612751,NJN,New Jersey Nets,0040500125,2006-05-02T00:00:00,NJN vs. IND,W,43.4,10,19,0.526,1,3,0.333,3,5,0.6,2,1,3,4,3,0,1,0,3,4,24,6,33.6,0,0,34.0,1,1,1,1,144,84,108,478,284,362,369,405,332,740,252,1103,832,208,164,742,157,1,893,316,149,391,333,151,4,267,,43:24,1
2005-06,952,Antoine Walker,Antoine,1610612748,MIA,Miami Heat,0040500115,2006-05-02T00:00:00,MIA vs. CHI,W,42.483333333333334,5,16,0.313,1,8,0.125,6,13,0.462,0,7,7,4,2,0,2,1,3,8,17,15,35.4,0,0,33.0,1,1,1,1,179,456,208,1159,284,19,585,142,34,937,896,144,284,208,358,742,67,1178,893,70,353,124,293,151,4,291,,42:29,1
2005-06,101122,Danny Granger,Danny,1610612754,IND,Indiana Pacers,0040500125,2006-05-02T00:00:00,IND @ NJN,L,33.84,4,8,0.5,1,3,0.333,0,0,0.0,2,10,12,2,0,2,2,0,4,2,9,-12,38.4,0,0,32.0,1,851,851,851,577,580,699,488,284,362,369,990,1042,990,252,44,60,491,1060,82,67,1,1222,675,763,1528,230,151,4,315,,33:50,1
2005-06,959,Steve Nash,Steve,1610612756,PHX,Phoenix Suns,0040500155,2006-05-02T00:00:00,PHX vs. LAL,W,40.0,8,13,0.615,1,2,0.5,5,6,0.833,0,3,3,4,4,0,0,0,1,3,22,27,27.6,0,0,30.0,1,1,1,1,286,178,359,299,284,529,183,203,232,479,896,615,832,208,71,742,500,1,248,471,190,16,496,151,4,374,,40:00,1
2005-06,1533,Anthony Johnson,Anthony,1610612754,IND,Indiana Pacers,0040500125,2006-05-02T00:00:00,IND @ NJN,L,43.11666666666667,5,15,0.333,1,4,0.25,3,4,0.75,2,4,6,4,1,2,0,1,4,3,14,-2,32.2,0,0,29.0,1,851,851,851,161,456,255,1051,284,234,480,405,399,566,252,431,386,208,614,82,500,1178,1222,471,478,943,362,151,4,401,,43:07,1
2005-06,2552,Michael Sweetney,Michael,1610612741,CHI,Chicago Bulls,0040500115,2006-05-02T00:00:00,CHI @ MIA,L,26.9,5,9,0.556,0,0,0.0,6,6,1.0,4,5,9,0,3,0,2,1,5,4,16,0,29.8,0,0,29.0,1,851,851,851,858,456,639,412,587,938,587,142,232,1,55,311,161,1087,164,742,67,1178,1489,316,399,762,427,151,4,401,,26:54,1
2005-06,2225,Tony Parker,Tony,1610612759,SAS,San Antonio Spurs,0040500145,2006-05-02T00:00:00,SAS vs. SAC,W,38.31666666666667,8,14,0.571,1,2,0.5,4,6,0.667,0,4,4,3,3,0,0,0,2,4,21,10,27.3,0,0,29.0,1,1,1,1,382,178,306,369,284,529,183,284,232,657,896,431,647,335,164,742,500,1,542,316,222,252,506,151,4,401,,38:19,1
2005-06,467,Jason Kidd,Jason,1610612751,NJN,New Jersey Nets,0040500125,2006-05-02T00:00:00,NJN vs. IND,W,39.666666666666664,2,6,0.333,0,2,0.0,1,2,0.5,2,4,6,15,4,0,1,1,1,3,5,2,33.7,0,0,28.0,1,1,1,1,306,933,878,1051,587,529,587,793,647,768,252,431,386,2,71,742,157,1178,248,471,1046,625,328,151,4,435,,39:40,1
2005-06,2410,Fred Jones,Fred,1610612754,IND,Indiana Pacers,0040500125,2006-05-02T00:00:00,IND @ NJN,L,28.0,5,9,0.556,1,2,0.5,3,3,1.0,0,3,3,2,1,3,1,0,5,2,14,1,31.6,0,0,28.0,1,851,851,851,806,456,639,412,284,529,183,405,561,1,896,615,832,491,614,32,157,1,1489,675,478,689,375,151,4,435,,28:00,1
2005-06,1899,James Posey,James,1610612748,MIA,Miami Heat,0040500115,2006-05-02T00:00:00,MIA vs. CHI,W,34.06666666666667,5,11,0.455,2,7,0.286,0,1,0.0,3,5,8,2,0,0,1,1,3,3,12,20,27.6,0,0,26.0,1,1,1,1,569,456,490,751,125,42,469,990,974,990,128,311,214,491,1060,742,157,1178,893,471,571,69,496,151,4,498,,34:04,1
2005-06,1536,Stephen Jackson,Stephen,1610612754,IND,Indiana Pacers,0040500125,2006-05-02T00:00:00,IND @ NJN,L,37.36666666666667,6,16,0.375,1,7,0.143,0,0,0.0,2,3,5,7,3,0,0,3,4,2,13,-9,26.5,0,0,26.0,1,851,851,851,415,351,208,980,284,42,577,990,1042,990,252,615,510,67,164,742,500,1679,1222,675,534,1409,537,151,4,498,,37:22,1
2005-06,2550,Kirk Hinrich,Kirk,1610612741,CHI,Chicago Bulls,0040500115,2006-05-02T00:00:00,CHI @ MIA,L,39.81666666666667,3,13,0.231,0,4,0.0,3,4,0.75,0,5,5,5,6,2,1,2,3,4,9,-9,25.5,0,0,25.0,1,851,851,851,298,742,359,1294,587,234,587,405,399,566,896,311,510,141,15,82,157,1566,893,316,763,1409,567,151,4,532,,39:49,1
2005-06,1506,Austin Croshere,Austin,1610612754,IND,Indiana Pacers,0040500125,2006-05-02T00:00:00,IND @ NJN,L,32.876666666666665,3,8,0.375,3,7,0.429,2,2,1.0,0,4,4,2,1,2,0,0,2,3,11,-2,23.8,0,0,24.0,1,851,851,851,626,742,699,980,57,42,317,530,647,1,896,431,647,491,614,82,500,1,542,471,622,943,613,151,4,562,,32:53,1
2005-06,2592,James Jones,James,1610612756,PHX,Phoenix Suns,0040500155,2006-05-02T00:00:00,PHX vs. LAL,W,28.283333333333335,4,10,0.4,1,3,0.333,0,0,0.0,2,7,9,0,2,1,1,1,4,1,9,25,23.8,0,0,23.0,1,1,1,1,797,580,572,896,284,362,369,990,1042,990,252,144,161,1087,358,274,157,1178,1222,926,763,28,613,151,4,596,,28:17,1
2005-06,1802,Brad Miller,Brad,1610612758,SAC,Sacramento Kings,0040500145,2006-05-02T00:00:00,SAC @ SAS,L,31.003333333333334,4,9,0.444,0,3,0.0,2,3,0.667,2,0,2,4,1,2,1,1,4,3,10,-20,26.4,0,0,22.0,1,851,851,851,698,580,639,780,587,362,587,530,561,657,252,1386,1021,208,614,82,157,1178,1222,471,683,1669,538,151,4,628,,31:00,1
2005-06,2755,Kevin Martin,Kevin,1610612758,SAC,Sacramento Kings,0040500145,2006-05-02T00:00:00,SAC @ SAS,L,37.93333333333333,3,7,0.429,1,3,0.333,4,4,1.0,2,3,5,2,0,0,1,0,1,2,11,-1,23.0,0,0,21.0,1,851,851,851,398,742,786,821,284,362,369,284,399,1,252,615,510,491,1060,742,157,1,248,675,622,859,641,151,4,659,,37:56,1
2005-06,1501,Tim Thomas,Tim,1610612756,PHX,Phoenix Suns,0040500155,2006-05-02T00:00:00,PHX vs. LAL,W,16.35,5,8,0.625,1,3,0.333,2,4,0.5,0,2,2,1,0,2,0,0,2,3,13,-4,22.9,0,0,21.0,1,1,1,1,1195,456,699,280,284,362,369,530,399,768,896,827,1021,731,1060,82,500,1,542,471,534,1108,645,151,4,659,,16:21,1
2005-06,1477,Bruce Bowen,Bruce,1610612759,SAS,San Antonio Spurs,0040500145,2006-05-02T00:00:00,SAS vs. SAC,W,31.658333333333335,7,9,0.778,2,4,0.5,0,0,0.0,0,0,0,1,2,0,1,0,5,0,16,11,18.5,0,0,21.0,1,1,1,1,666,269,639,126,125,234,183,990,1042,990,896,1386,1473,731,358,742,157,1,1489,1252,399,217,818,151,4,659,,31:40,1
2005-06,361,Clifford Robinson,Clifford,1610612751,NJN,New Jersey Nets,0040500125,2006-05-02T00:00:00,NJN vs. IND,W,31.583333333333332,1,6,0.167,1,3,0.333,0,0,0.0,0,7,7,3,2,2,1,0,3,1,3,-3,22.9,0,0,20.0,1,1,1,1,669,1118,878,1337,284,362,369,990,1042,990,896,144,284,335,358,82,157,1,893,926,1180,1032,645,151,4,704,,31:35,1
2005-06,714,Michael Finley,Michael,1610612759,SAS,San Antonio Spurs,0040500145,2006-05-02T00:00:00,SAS vs. SAC,W,30.716666666666665,3,9,0.333,2,5,0.4,2,2,1.0,0,3,3,3,0,1,0,0,1,3,10,1,21.1,0,0,20.0,1,1,1,1,708,742,639,1051,125,141,327,530,647,1,896,615,832,335,1060,274,500,1,248,471,683,689,709,151,4,704,,30:43,1
2005-06,1710,Mike Bibby,Mike,1610612758,SAC,Sacramento Kings,0040500145,2006-05-02T00:00:00,SAC @ SAS,L,42.92166666666667,3,12,0.25,2,5,0.4,0,0,0.0,1,1,2,4,2,2,0,1,4,2,8,-7,20.4,0,0,20.0,1,851,851,851,170,742,425,1236,125,141,327,990,1042,990,478,1103,1021,208,358,82,500,1178,1222,675,812,1313,736,151,4,704,,42:55,1
2005-06,2575,Luke Walton,Luke,1610612747,LAL,Los Angeles Lakers,0040500155,2006-05-02T00:00:00,LAL @ PHX,L,33.11666666666667,4,11,0.364,1,2,0.5,0,0,0.0,2,4,6,2,4,1,0,2,1,1,9,-16,18.2,0,0,20.0,1,851,851,851,613,580,490,1010,284,529,183,990,1042,990,252,431,386,491,71,274,500,1566,248,926,763,1605,835,151,4,704,,33:07,1
2005-06,2732,Ben Gordon,Ben,1610612741,CHI,Chicago Bulls,0040500115,2006-05-02T00:00:00,CHI @ MIA,L,38.81666666666667,3,16,0.188,1,7,0.143,3,3,1.0,0,3,3,3,3,1,0,1,2,5,10,-19,18.1,0,0,19.0,1,851,851,851,357,742,208,1331,284,42,577,405,561,1,896,615,832,335,164,274,500,1178,542,217,683,1656,843,151,4,745,,38:49,1
2005-06,2198,Kwame Brown,Kwame,1610612747,LAL,Los Angeles Lakers,0040500155,2006-05-02T00:00:00,LAL @ PHX,L,24.4,6,6,1.0,0,0,0.0,2,4,0.5,1,2,3,0,3,1,0,0,5,4,14,-24,17.6,0,0,19.0,1,851,851,851,950,351,878,1,587,938,587,530,399,768,478,827,832,1087,164,274,500,1,1489,316,478,1697,865,151,4,745,,24:24,1
2005-06,699,Brent Barry,Brent,1610612759,SAS,San Antonio Spurs,0040500145,2006-05-02T00:00:00,SAS vs. SAC,W,22.875,2,4,0.5,1,2,0.5,2,2,1.0,1,2,3,3,0,1,0,1,2,1,7,1,18.1,0,0,16.0,1,1,1,1,1004,933,1052,488,284,529,183,530,647,1,478,827,832,335,1060,274,500,1178,542,926,897,689,843,151,4,871,,22:53,1
2005-06,56,Gary Payton,Gary,1610612748,MIA,Miami Heat,0040500115,2006-05-02T00:00:00,MIA vs. CHI,W,32.35,3,7,0.429,0,3,0.0,3,3,1.0,0,2,2,1,1,2,0,1,3,2,9,5,17.9,0,0,16.0,1,1,1,1,646,742,786,821,587,362,587,405,561,1,896,827,1021,731,614,82,500,1178,893,675,763,444,854,151,4,871,,32:21,1
2005-06,2571,Leandro Barbosa,Leandro,1610612756,PHX,Phoenix Suns,0040500155,2006-05-02T00:00:00,PHX vs. LAL,W,24.785,4,9,0.444,1,4,0.25,2,2,1.0,0,0,0,2,1,1,0,0,2,2,11,-13,16.0,0,0,16.0,1,1,1,1,930,580,639,780,284,234,480,530,647,1,896,1386,1473,491,614,274,500,1,542,675,622,1559,912,151,4,871,,24:47,1
2005-06,109,Robert Horry,Robert,1610612759,SAS,San Antonio Spurs,0040500145,2006-05-02T00:00:00,SAS vs. SAC,W,18.58,1,3,0.333,0,1,0.0,0,0,0.0,2,2,4,4,0,1,1,0,1,1,2,3,18.8,0,0,14.0,1,1,1,1,1130,1118,1167,1051,587,709,587,990,1042,990,252,827,647,208,1060,274,157,1,248,926,1253,567,806,151,4,939,,18:35,1
2005-06,2567,Brian Cook,Brian,1610612747,LAL,Los Angeles Lakers,0040500155,2006-05-02T00:00:00,LAL @ PHX,L,14.586666666666666,4,5,0.8,1,1,1.0,0,0,0.0,0,2,2,2,0,0,0,0,1,0,9,7,14.4,0,0,14.0,1,851,851,851,1241,580,962,113,284,709,1,990,1042,990,896,827,1021,491,1060,742,500,1,248,1252,763,352,975,151,4,939,,14:35,1
2005-06,1952,Raja Bell,Raja,1610612756,PHX,Phoenix Suns,0040500155,2006-05-02T00:00:00,PHX vs. LAL,W,37.781666666666666,4,9,0.444,2,5,0.4,1,1,1.0,0,1,1,0,0,0,0,0,5,3,11,11,12.2,0,0,14.0,1,1,1,1,406,580,639,780,125,141,327,793,974,1,896,1103,1241,1087,1060,742,500,1,1489,471,622,217,1066,151,4,939,,37:47,1
2005-06,2736,Luol Deng,Luol,1610612741,CHI,Chicago Bulls,0040500115,2006-05-02T00:00:00,CHI @ MIA,L,29.52,2,8,0.25,0,0,0.0,0,2,0.0,2,5,7,0,1,0,1,1,4,1,4,-12,14.4,0,0,13.0,1,851,851,851,744,933,699,1236,587,938,587,990,647,990,252,311,284,1087,614,742,157,1178,1222,926,1100,1528,975,151,4,985,,29:31,1
2005-06,2124,Malik Allen,Malik,1610612741,CHI,Chicago Bulls,0040500115,2006-05-02T00:00:00,CHI @ MIA,L,18.666666666666668,3,8,0.375,0,0,0.0,0,0,0.0,2,3,5,0,1,0,1,1,2,1,6,-10,14.0,0,0,13.0,1,851,851,851,1125,742,699,980,587,938,587,990,1042,990,252,615,510,1087,614,742,157,1178,542,926,957,1457,991,151,4,985,,18:40,1
2005-06,2470,Smush Parker,Smush,1610612747,LAL,Los Angeles Lakers,0040500155,2006-05-02T00:00:00,LAL @ PHX,L,26.916666666666668,1,7,0.143,1,3,0.333,2,2,1.0,0,3,3,0,1,1,1,0,2,2,5,-5,13.6,0,0,13.0,1,851,851,851,856,1118,786,1351,284,362,369,530,647,1,896,615,832,1087,614,274,157,1,542,675,1046,1189,1007,151,4,985,,26:55,1
2005-06,1715,Jason Williams,Jason,1610612748,MIA,Miami Heat,0040500115,2006-05-02T00:00:00,MIA vs. CHI,W,28.85,1,5,0.2,0,3,0.0,2,2,1.0,0,3,3,4,1,0,0,0,0,1,4,2,12.6,0,0,11.0,1,1,1,1,774,1118,962,1304,587,362,587,530,647,1,896,615,832,208,614,742,500,1,1,926,1100,625,1049,151,4,1087,,28:51,1
2005-06,89,Nick Van Exel,Nick,1610612759,SAS,San Antonio Spurs,0040500145,2006-05-02T00:00:00,SAS vs. SAC,W,14.316666666666666,0,2,0.0,0,0,0.0,2,2,1.0,1,3,4,4,2,0,0,0,2,1,2,6,10.8,0,0,10.0,1,1,1,1,1248,1368,1280,1368,587,938,587,530,647,1,478,615,647,208,358,742,500,1,542,926,1253,391,1127,151,4,1125,,14:19,1
2005-06,101142,Ronny Turiaf,Ronny,1610612747,LAL,Los Angeles Lakers,0040500155,2006-05-02T00:00:00,LAL @ PHX,L,8.983333333333333,2,2,1.0,0,0,0.0,4,4,1.0,0,0,0,0,1,0,1,0,2,3,8,0,10.0,0,0,10.0,1,851,851,851,1409,933,1280,1,587,938,587,284,399,1,896,1386,1473,1087,614,742,157,1,542,471,812,762,1169,151,4,1125,,8:59,1
2005-06,1904,Devean George,Devean,1610612747,LAL,Los Angeles Lakers,0040500155,2006-05-02T00:00:00,LAL @ PHX,L,15.68,2,6,0.333,1,3,0.333,0,0,0.0,0,1,1,0,0,1,0,0,3,1,5,-5,9.2,0,0,9.0,1,851,851,851,1214,933,878,1051,284,362,369,990,1042,990,896,1103,1241,1087,1060,274,500,1,893,926,1046,1189,1193,151,4,1164,,15:41,1
2005-06,101195,Luke Schenscher,Luke,1610612741,CHI,Chicago Bulls,0040500115,2006-05-02T00:00:00,CHI @ MIA,L,10.166666666666666,1,1,1.0,0,0,0.0,3,4,0.75,1,3,4,0,1,0,0,0,2,2,5,6,8.8,0,0,9.0,1,851,851,851,1376,1118,1422,1,587,938,587,405,399,566,478,615,647,1087,614,742,500,1,542,675,1046,391,1216,151,4,1164,,10:10,1
2005-06,441,Lamond Murray,Lamond,1610612751,NJN,New Jersey Nets,0040500125,2006-05-02T00:00:00,NJN vs. IND,W,14.0,1,5,0.2,1,3,0.333,0,0,0.0,3,1,4,0,0,0,0,0,1,0,3,-2,7.8,0,0,8.0,1,1,1,1,1264,1118,962,1304,284,362,369,990,1042,990,128,1103,647,1087,1060,742,500,1,248,1252,1180,943,1257,151,4,1212,,14:00,1
2005-06,1903,Kenny Thomas,Kenny,1610612758,SAC,Sacramento Kings,0040500145,2006-05-02T00:00:00,SAC @ SAS,L,10.066666666666666,1,3,0.333,0,0,0.0,0,0,0.0,1,2,3,0,1,1,0,0,4,0,2,-10,7.6,0,0,7.0,1,851,851,851,1379,1118,1167,1051,587,938,587,990,1042,990,478,827,832,1087,614,274,500,1,1222,1252,1253,1457,1264,151,4,1252,,10:04,1
2005-06,949,Shareef Abdur-Rahim,Shareef,1610612758,SAC,Sacramento Kings,0040500145,2006-05-02T00:00:00,SAC @ SAS,L,16.511666666666667,2,3,0.667,0,0,0.0,1,2,0.5,0,1,1,1,2,0,0,0,5,3,5,11,5.7,0,0,7.0,1,851,851,851,1187,933,1167,197,587,938,587,793,647,768,896,1103,1241,731,358,742,500,1,1489,471,1046,217,1337,151,4,1252,,16:31,1
2005-06,2617,Udonis Haslem,Udonis,1610612748,MIA,Miami Heat,0040500115,2006-05-02T00:00:00,MIA vs. CHI,W,16.716666666666665,1,3,0.333,0,0,0.0,0,0,0.0,1,2,3,1,0,0,0,0,3,0,2,-5,7.1,0,0,6.0,1,1,1,1,1184,1118,1167,1051,587,938,587,990,1042,990,478,827,832,731,1060,742,500,1,893,1252,1253,1189,1285,151,4,1292,,16:43,1
2005-06,2768,Chris Duhon,Chris,1610612741,CHI,Chicago Bulls,0040500115,2006-05-02T00:00:00,CHI @ MIA,L,21.65,1,3,0.333,0,1,0.0,0,0,0.0,0,3,3,1,0,0,0,0,1,0,2,-10,7.1,0,0,6.0,1,851,851,851,1044,1118,1167,1051,587,709,587,990,1042,990,896,615,832,731,1060,742,500,1,248,1252,1253,1457,1285,151,4,1292,,21:39,1
2005-06,2215,Jason Collins,Jason,1610612751,NJN,New Jersey Nets,0040500125,2006-05-02T00:00:00,NJN vs. IND,W,14.5,1,2,0.5,0,0,0.0,0,0,0.0,0,4,4,0,1,0,0,0,5,0,2,11,5.8,0,0,6.0,1,1,1,1,1244,1118,1280,488,587,938,587,990,1042,990,896,431,647,1087,614,742,500,1,1489,1252,1253,217,1333,151,4,1292,,14:30,1
2005-06,101180,Sarunas Jasikevicius,Sarunas,1610612754,IND,Indiana Pacers,0040500125,2006-05-02T00:00:00,IND @ NJN,L,16.8,3,5,0.6,0,1,0.0,0,0,0.0,0,0,0,0,1,0,0,0,0,0,6,0,5.0,0,0,6.0,1,851,851,851,1180,742,962,311,587,709,587,990,1042,990,896,1386,1473,1087,614,742,500,1,1,1252,957,762,1364,151,4,1292,,16:48,1
2005-06,297,Alonzo Mourning,Alonzo,1610612748,MIA,Miami Heat,0040500115,2006-05-02T00:00:00,MIA vs. CHI,W,9.588333333333333,2,2,1.0,0,0,0.0,0,0,0.0,0,0,0,0,2,0,1,0,4,0,4,-2,5.0,0,0,6.0,1,1,1,1,1396,933,1280,1,587,938,587,990,1042,990,896,1386,1473,1087,358,742,157,1,1222,1252,1100,943,1364,151,4,1292,,9:35,1
2005-06,2758,David Harrison,David,1610612754,IND,Indiana Pacers,0040500125,2006-05-02T00:00:00,IND @ NJN,L,5.616666666666666,0,2,0.0,0,0,0.0,0,0,0.0,0,0,0,0,0,1,1,1,0,0,0,-7,6.0,0,0,4.0,1,851,851,851,1511,1368,1280,1368,587,938,587,990,1042,990,896,1386,1473,1087,1060,274,157,1178,1,1252,1439,1313,1321,151,4,1384,,5:37,1
2005-06,1725,Rasho Nesterovic,Rasho,1610612759,SAS,San Antonio Spurs,0040500145,2006-05-02T00:00:00,SAS vs. SAC,W,10.54,0,1,0.0,0,0,0.0,0,0,0.0,1,3,4,0,0,0,0,1,4,1,0,-3,4.8,0,0,4.0,1,1,1,1,1362,1368,1422,1368,587,938,587,990,1042,990,478,615,647,1087,1060,742,500,1178,1222,926,1439,1032,1374,151,4,1384,,10:32,1
2005-06,1521,Jacque Vaughn,Jacque,1610612751,NJN,New Jersey Nets,0040500125,2006-05-02T00:00:00,NJN vs. IND,W,12.455,1,2,0.5,0,1,0.0,0,0,0.0,0,0,0,2,1,0,0,1,2,0,2,-4,4.0,0,0,4.0,1,1,1,1,1312,1118,1280,488,587,709,587,990,1042,990,896,1386,1473,491,614,742,500,1178,542,1252,1253,1108,1417,151,4,1384,,12:27,1
2005-06,2457,Jannero Pargo,Jannero,1610612741,CHI,Chicago Bulls,0040500115,2006-05-02T00:00:00,CHI @ MIA,L,1.6666666666666667,1,2,0.5,1,1,1.0,0,0,0.0,0,0,0,0,0,0,0,0,0,0,3,5,3.0,0,0,4.0,1,851,851,851,1642,1118,1280,488,284,709,1,990,1042,990,896,1386,1473,1087,1060,742,500,1,1,1252,1180,444,1467,151,4,1384,,1:40,1
2005-06,15,Eric Piatkowski,Eric,1610612741,CHI,Chicago Bulls,0040500115,2006-05-02T00:00:00,CHI @ MIA,L,8.366666666666667,0,0,0.0,0,0,0.0,0,0,0.0,0,2,2,1,0,0,0,0,0,0,0,-4,3.9,0,0,3.0,1,851,851,851,1431,1368,1565,1368,587,938,587,990,1042,990,896,827,1021,731,1060,742,500,1,1,1252,1439,1108,1425,151,4,1449,,8:22,1
2005-06,2469,Pat Burke,Pat,1610612756,PHX,Phoenix Suns,0040500155,2006-05-02T00:00:00,PHX vs. LAL,W,1.95,1,1,1.0,0,0,0.0,0,1,0.0,1,0,1,0,0,0,0,0,0,1,2,-6,3.2,0,0,3.0,1,1,1,1,1632,1118,1422,1,587,938,587,990,974,990,478,1386,1241,1087,1060,742,500,1,1,926,1253,1251,1451,151,4,1449,,1:57,1
2005-06,1507,Derek Anderson,Derek,1610612748,MIA,Miami Heat,0040500115,2006-05-02T00:00:00,MIA vs. CHI,W,4.316666666666666,0,2,0.0,0,1,0.0,0,0,0.0,0,0,0,0,0,1,0,0,0,0,0,-5,3.0,0,0,2.0,1,1,1,1,1555,1368,1280,1368,587,709,587,990,1042,990,896,1386,1473,1087,1060,274,500,1,1,1252,1439,1189,1467,151,4,1498,,4:19,1
2005-06,970,Othella Harrington,Othella,1610612741,CHI,Chicago Bulls,0040500115,2006-05-02T00:00:00,CHI @ MIA,L,3.48,0,1,0.0,0,0,0.0,0,0,0.0,0,2,2,0,0,0,0,0,0,0,0,3,2.4,0,0,2.0,1,851,851,851,1577,1368,1422,1368,587,938,587,990,1042,990,896,827,1021,1087,1060,742,500,1,1,1252,1439,567,1497,151,4,1498,,3:29,1
2005-06,1720,Michael Doleac,Michael,1610612748,MIA,Miami Heat,0040500115,2006-05-02T00:00:00,MIA vs. CHI,W,11.795,0,0,0.0,0,0,0.0,0,0,0.0,0,2,2,0,0,0,0,0,4,2,0,-6,2.4,0,0,2.0,1,1,1,1,1327,1368,1565,1368,587,938,587,990,1042,990,896,827,1021,1087,1060,742,500,1,1222,675,1439,1251,1497,151,4,1498,,11:48,1
2005-06,2756,Sasha Vujacic,Sasha,1610612747,LAL,Los Angeles Lakers,0040500155,2006-05-02T00:00:00,LAL @ PHX,L,16.0,0,1,0.0,0,1,0.0,0,0,0.0,0,0,0,0,1,1,0,0,3,0,0,12,2.0,0,0,2.0,1,851,851,851,1203,1368,1422,1368,587,709,587,990,1042,990,896,1386,1473,1087,614,274,500,1,893,1252,1439,186,1516,151,4,1498,,16:00,1
2005-06,958,Vitaly Potapenko,Vitaly,1610612758,SAC,Sacramento Kings,0040500145,2006-05-02T00:00:00,SAC @ SAS,L,0.485,0,0,0.0,0,0,0.0,0,0,0.0,1,0,1,0,0,0,0,0,0,0,0,-2,1.2,0,0,1.0,1,851,851,851,1693,1368,1565,1368,587,938,587,990,1042,990,478,1386,1241,1087,1060,742,500,1,1,1252,1439,943,1554,151,4,1557,,0:29,1
2005-06,2067,Eddie House,Eddie,1610612756,PHX,Phoenix Suns,0040500155,2006-05-02T00:00:00,PHX vs. LAL,W,8.0,0,1,0.0,0,0,0.0,0,0,0.0,0,1,1,0,0,0,0,0,0,0,0,-10,1.2,0,0,1.0,1,1,1,1,1441,1368,1422,1368,587,938,587,990,1042,990,896,1103,1241,1087,1060,742,500,1,1,1252,1439,1457,1554,151,4,1557,,8:00,1
2005-06,754,Jim Jackson,Jim,1610612747,LAL,Los Angeles Lakers,0040500155,2006-05-02T00:00:00,LAL @ PHX,L,7.333333333333333,0,1,0.0,0,1,0.0,0,0,0.0,0,0,0,1,1,0,0,0,1,0,0,-4,0.5,0,0,1.0,1,851,851,851,1456,1368,1422,1368,587,709,587,990,1042,990,896,1386,1473,731,614,742,500,1,248,1252,1439,1108,1591,151,4,1557,,7:20,1
2005-06,2757,Beno Udrih,Beno,1610612759,SAS,San Antonio Spurs,0040500145,2006-05-02T00:00:00,SAS vs. SAC,W,0.45,0,0,0.0,0,0,0.0,0,0,0.0,0,0,0,0,0,0,0,0,0,0,0,0,0.0,0,0,0.0,1,1,1,1,1697,1368,1565,1368,587,938,587,990,1042,990,896,1386,1473,1087,1060,742,500,1,1,1252,1439,762,1605,151,4,1610,,0:27,1
2005-06,101177,Fabricio Oberto,Fabricio,1610612759,SAS,San Antonio Spurs,0040500145,2006-05-02T00:00:00,SAS vs. SAC,W,0.45,0,0,0.0,0,0,0.0,0,0,0.0,0,0,0,0,0,0,0,0,0,0,0,0,0.0,0,0,0.0,1,1,1,1,1697,1368,1565,1368,587,938,587,990,1042,990,896,1386,1473,1087,1060,742,500,1,1,1252,1439,762,1605,151,4,1610,,0:27,1
2005-06,101179,Ronnie Price,Ronnie,1610612758,SAC,Sacramento Kings,0040500145,2006-05-02T00:00:00,SAC @ SAS,L,0.485,0,0,0.0,0,0,0.0,0,0,0.0,0,0,0,0,0,0,0,0,1,0,0,-2,0.0,0,0,0.0,1,851,851,851,1693,1368,1565,1368,587,938,587,990,1042,990,896,1386,1473,1087,1060,742,500,1,248,1252,1439,943,1605,151,4,1610,,0:29,1
2005-06,2078,Jason Hart,Jason,1610612758,SAC,Sacramento Kings,0040500145,2006-05-02T00:00:00,SAC @ SAS,L,5.078333333333333,0,2,0.0,0,0,0.0,0,0,0.0,0,0,0,0,0,0,0,1,1,0,0,-4,0.0,0,0,0.0,1,851,851,851,1526,1368,1280,1368,587,938,587,990,1042,990,896,1386,1473,1087,1060,742,500,1178,248,1252,1439,1108,1605,151,4,1610,,5:05,1
2005-06,243,Aaron McKie,Aaron,1610612747,LAL,Los Angeles Lakers,0040500155,2006-05-02T00:00:00,LAL @ PHX,L,8.15,0,0,0.0,0,0,0.0,0,0,0.0,0,0,0,0,0,0,0,0,0,0,0,-10,0.0,0,0,0.0,1,851,851,851,1433,1368,1565,1368,587,938,587,990,1042,990,896,1386,1473,1087,1060,742,500,1,1,1252,1439,1457,1605,151,4,1610,,8:09,1
2005-06,101128,Francisco Garcia,Francisco,1610612758,SAC,Sacramento Kings,0040500145,2006-05-02T00:00:00,SAC @ SAS,L,3.285,0,0,0.0,0,0,0.0,0,0,0.0,0,0,0,0,0,0,0,0,1,0,0,-10,0.0,0,0,0.0,1,851,851,851,1582,1368,1565,1368,587,938,587,990,1042,990,896,1386,1473,1087,1060,742,500,1,248,1252,1439,1457,1605,151,4,1610,,3:17,1
2005-06,2199,Tyson Chandler,Tyson,1610612741,CHI,Chicago Bulls,0040500115,2006-05-02T00:00:00,CHI @ MIA,L,4.883333333333334,0,0,0.0,0,0,0.0,0,0,0.0,0,0,0,0,1,0,0,0,5,0,0,-5,-1.0,0,0,0.0,1,851,851,851,1533,1368,1565,1368,587,938,587,990,1042,990,896,1386,1473,1087,614,742,500,1,1489,1252,1439,1189,1708,151,4,1610,,4:53,1
2005-06,2401,Nikoloz Tskitishvili,Nikoloz,1610612756,PHX,Phoenix Suns,0040500155,2006-05-02T00:00:00,PHX vs. LAL,W,1.95,0,1,0.0,0,1,0.0,0,0,0.0,0,0,0,0,1,0,0,0,0,0,0,-6,-1.0,0,0,0.0,1,1,1,1,1632,1368,1422,1368,587,709,587,990,1042,990,896,1386,1473,1087,614,742,500,1,1,1252,1439,1251,1708,151,4,1610,,1:57,1
2005-06,1497,Chauncey Billups,Chauncey,1610612765,DET,Detroit Pistons,0040500104,2006-05-01T00:00:00,DET @ MIL,W,42.20333333333333,8,18,0.444,2,7,0.286,16,16,1.0,1,2,3,6,2,1,0,1,2,9,34,8,47.6,0,0,47.0,1,1,1,1,188,178,129,780,125,42,469,6,15,1,478,827,832,97,358,274,500,1178,542,40,29,318,97,151,4,91,,42:12,1
2005-06,1717,Dirk Nowitzki,Dirk,1610612742,DAL,Dallas Mavericks,0040500174,2006-05-01T00:00:00,DAL @ MEM,W,35.115,12,21,0.571,3,3,1.0,0,0,0.0,0,7,7,3,2,2,0,0,2,4,27,26,43.9,0,0,44.0,1,1,1,1,512,37,67,369,57,362,1,990,1042,990,896,144,284,335,358,82,500,1,542,316,105,22,142,151,4,114,,35:07,1
2005-06,1882,Elton Brand,Elton,1610612746,LAC,Los Angeles Clippers,0040500165,2006-05-01T00:00:00,LAC vs. DEN,W,41.81,9,17,0.529,0,0,0.0,3,4,0.75,2,11,13,3,2,1,1,0,2,3,21,13,45.1,1,0,41.0,1,1,1,1,206,116,166,471,587,938,587,405,399,566,252,30,45,335,358,274,157,1,542,471,222,166,130,1,4,146,,41:49,1
2005-06,2419,Tayshaun Prince,Tayshaun,1610612765,DET,Detroit Pistons,0040500104,2006-05-01T00:00:00,DET @ MIL,W,46.016666666666666,7,11,0.636,1,3,0.333,3,5,0.6,3,5,8,7,1,3,0,1,2,3,18,13,46.1,0,0,40.0,1,1,1,1,69,269,490,268,284,362,369,405,332,740,128,311,214,67,614,32,500,1178,542,471,328,166,117,151,4,161,,46:01,1
2005-06,2572,Josh Howard,Josh,1610612742,DAL,Dallas Mavericks,0040500174,2006-05-01T00:00:00,DAL @ MEM,W,38.1,9,17,0.529,3,4,0.75,3,3,1.0,1,8,9,2,1,0,1,0,4,4,24,31,39.8,0,0,40.0,1,1,1,1,390,116,166,471,57,234,93,405,561,1,478,100,161,491,614,742,157,1,1222,316,149,9,200,151,4,161,,38:06,1
2005-06,2072,Michael Redd,Michael,1610612749,MIL,Milwaukee Bucks,0040500104,2006-05-01T00:00:00,MIL vs. DET,L,42.35666666666667,10,17,0.588,1,5,0.2,12,15,0.8,1,3,4,2,1,0,0,1,4,9,33,-2,39.8,0,0,40.0,1,851,851,851,185,84,166,353,284,141,535,23,18,518,478,615,647,491,614,742,500,1178,1222,40,35,943,200,151,4,161,,42:21,1
2005-06,1894,Corey Maggette,Corey,1610612746,LAC,Los Angeles Clippers,0040500165,2006-05-01T00:00:00,LAC vs. DEN,W,26.986666666666668,8,17,0.471,2,3,0.667,5,5,1.0,2,3,5,1,1,0,2,1,4,4,23,30,35.5,0,0,35.0,1,1,1,1,854,178,166,720,125,362,108,203,332,1,252,615,510,731,614,742,67,1178,1222,316,173,11,290,151,4,250,,26:59,1
2005-06,2546,Carmelo Anthony,Carmelo,1610612743,DEN,Denver Nuggets,0040500165,2006-05-01T00:00:00,DEN @ LAC,L,40.25,8,24,0.333,0,1,0.0,7,8,0.875,3,1,4,1,4,2,1,1,3,7,23,-7,34.3,0,0,34.0,1,851,851,851,274,178,25,1051,587,709,587,101,129,437,128,1103,647,731,71,82,157,1178,893,106,173,1313,313,151,4,267,,40:15,1
2005-06,2200,Pau Gasol,Pau,1610612763,MEM,Memphis Grizzlies,0040500174,2006-05-01T00:00:00,MEM vs. DAL,L,39.14666666666667,9,19,0.474,0,0,0.0,7,8,0.875,1,5,6,0,4,1,0,2,2,5,25,-23,31.2,0,0,33.0,1,851,851,851,344,116,108,717,587,938,587,101,129,437,478,311,386,1087,71,274,500,1566,542,217,130,1691,386,151,4,291,,39:09,1
2005-06,1749,Cuttino Mobley,Cuttino,1610612746,LAC,Los Angeles Clippers,0040500165,2006-05-01T00:00:00,LAC vs. DEN,W,43.75,8,15,0.533,1,4,0.25,6,6,1.0,0,4,4,1,5,2,0,0,3,3,23,17,30.3,0,0,33.0,1,1,1,1,132,178,255,458,284,234,480,142,232,1,896,431,647,731,36,82,500,1,893,471,173,98,414,151,4,291,,43:45,1
2005-06,1761,Greg Buckner,Greg,1610612743,DEN,Denver Nuggets,0040500165,2006-05-01T00:00:00,DEN @ LAC,L,32.61666666666667,8,13,0.615,4,5,0.8,0,0,0.0,1,2,3,3,1,1,0,2,2,1,20,-11,30.1,0,0,32.0,1,851,851,851,637,178,359,299,17,141,84,990,1042,990,478,827,832,335,614,274,500,1566,542,926,258,1501,421,151,4,315,,32:37,1
2005-06,2551,T.J. Ford,T.J.,1610612749,MIL,Milwaukee Bucks,0040500104,2006-05-01T00:00:00,MIL vs. DET,L,35.538333333333334,9,14,0.643,1,2,0.5,2,3,0.667,0,5,5,5,6,0,0,0,5,3,21,0,28.5,0,0,32.0,1,851,851,851,493,116,306,259,284,529,183,530,561,657,896,311,510,141,15,742,500,1,1489,471,222,762,470,151,4,315,,35:32,1
2005-06,1889,Andre Miller,Andre,1610612743,DEN,Denver Nuggets,0040500165,2006-05-01T00:00:00,DEN @ LAC,L,30.833333333333332,7,18,0.389,0,0,0.0,1,2,0.5,2,4,6,8,1,1,0,1,3,2,15,-15,36.2,0,0,31.0,1,851,851,851,704,269,129,958,587,938,587,793,647,768,252,431,386,49,614,274,500,1178,893,675,442,1591,273,151,4,346,,30:50,1
2005-06,686,Antonio McDyess,Antonio,1610612765,DET,Detroit Pistons,0040500104,2006-05-01T00:00:00,DET @ MIL,W,28.15,5,8,0.625,0,0,0.0,1,4,0.25,6,5,11,1,0,1,2,0,4,5,11,14,34.7,1,0,29.0,1,1,1,1,801,456,699,280,587,938,587,793,399,968,10,311,82,731,1060,274,67,1,1222,217,622,146,305,1,4,401,,28:09,1
2005-06,948,Marcus Camby,Marcus,1610612743,DEN,Denver Nuggets,0040500165,2006-05-01T00:00:00,DEN @ LAC,L,28.981666666666666,3,10,0.3,0,0,0.0,0,0,0.0,3,8,11,2,1,3,2,0,2,2,6,-11,36.2,0,0,29.0,1,851,851,851,766,742,572,1178,587,938,587,990,1042,990,128,100,82,491,614,32,67,1,542,675,957,1501,273,151,4,401,,28:59,1
2005-06,711,Jerry Stackhouse,Jerry,1610612742,DAL,Dallas Mavericks,0040500174,2006-05-01T00:00:00,DAL @ MEM,W,27.433333333333334,6,12,0.5,1,3,0.333,6,6,1.0,0,1,1,5,1,1,0,0,0,4,19,25,29.7,0,0,28.0,1,1,1,1,832,351,425,488,284,362,369,142,232,1,896,1103,1241,141,614,274,500,1,1,316,298,28,432,151,4,435,,27:26,1
2005-06,1888,Richard Hamilton,Richard,1610612765,DET,Detroit Pistons,0040500104,2006-05-01T00:00:00,DET @ MIL,W,40.05,4,14,0.286,1,2,0.5,9,10,0.9,1,2,3,4,1,1,0,0,1,8,18,3,29.6,0,0,28.0,1,1,1,1,284,580,306,1192,284,529,183,49,66,419,478,827,832,208,614,274,500,1,248,70,328,567,436,151,4,435,,40:03,1
2005-06,2733,Shaun Livingston,Shaun,1610612746,LAC,Los Angeles Clippers,0040500165,2006-05-01T00:00:00,LAC vs. DEN,W,28.9,2,3,0.667,0,0,0.0,4,4,1.0,3,2,5,14,2,0,0,0,3,2,8,34,33.0,0,0,27.0,1,1,1,1,769,933,1167,197,587,938,587,284,399,1,128,827,510,4,358,742,500,1,893,675,812,5,348,151,4,472,,28:54,1
2005-06,2048,Jamaal Magloire,Jamaal,1610612749,MIL,Milwaukee Bucks,0040500104,2006-05-01T00:00:00,MIL vs. DET,L,26.805,3,4,0.75,0,0,0.0,0,0,0.0,3,9,12,1,1,0,3,0,2,4,6,1,29.9,0,0,25.0,1,851,851,851,862,742,1052,133,587,938,587,990,1042,990,128,63,60,731,614,742,25,1,542,316,957,689,426,151,4,532,,26:48,1
2005-06,208,Sam Cassell,Sam,1610612746,LAC,Los Angeles Clippers,0040500165,2006-05-01T00:00:00,LAC vs. DEN,W,23.16,4,10,0.4,0,2,0.0,2,2,1.0,0,7,7,4,2,0,1,0,1,2,10,-12,25.4,0,0,23.0,1,1,1,1,999,580,572,896,587,529,587,530,647,1,896,144,284,208,358,742,157,1,248,675,683,1528,572,151,4,596,,23:10,1
2005-06,1891,Jason Terry,Jason,1610612742,DAL,Dallas Mavericks,0040500174,2006-05-01T00:00:00,DAL @ MEM,W,27.616666666666667,4,11,0.364,0,2,0.0,4,4,1.0,0,2,2,5,2,1,0,0,4,4,12,10,22.9,0,0,21.0,1,1,1,1,824,580,490,1010,587,529,587,284,399,1,896,827,1021,141,358,274,500,1,1222,316,571,252,645,151,4,659,,27:37,1
2005-06,739,Rasheed Wallace,Rasheed,1610612765,DET,Detroit Pistons,0040500104,2006-05-01T00:00:00,DET @ MIL,W,37.89666666666667,5,14,0.357,1,2,0.5,1,2,0.5,1,3,4,2,1,1,0,2,4,4,12,10,21.8,0,0,21.0,1,1,1,1,400,456,306,1032,284,529,183,793,647,768,478,615,647,491,614,274,500,1566,1222,316,571,252,691,151,4,659,,37:54,1
2005-06,2294,Charlie Bell,Charlie,1610612749,MIL,Milwaukee Bucks,0040500104,2006-05-01T00:00:00,MIL vs. DET,L,21.616666666666667,4,7,0.571,0,0,0.0,4,4,1.0,2,0,2,2,1,2,0,1,3,2,12,-8,22.4,0,0,20.0,1,851,851,851,1045,580,786,369,587,938,587,284,399,1,252,1386,1021,491,614,82,500,1178,893,675,571,1363,658,151,4,704,,21:37,1
2005-06,956,Erick Dampier,Erick,1610612742,DAL,Dallas Mavericks,0040500174,2006-05-01T00:00:00,DAL @ MEM,W,23.75,1,5,0.2,0,0,0.0,2,2,1.0,4,4,8,1,1,0,3,1,3,1,4,25,23.1,0,0,19.0,1,1,1,1,976,1118,962,1304,587,938,587,530,647,1,55,431,214,731,614,742,25,1178,893,926,1100,28,639,151,4,745,,23:45,1
2005-06,101106,Andrew Bogut,Andrew,1610612749,MIL,Milwaukee Bucks,0040500104,2006-05-01T00:00:00,MIL vs. DET,L,36.473333333333336,3,5,0.6,0,0,0.0,1,6,0.167,2,4,6,6,1,0,0,0,6,3,7,-3,22.2,0,0,19.0,1,851,851,851,454,742,962,311,587,938,587,793,232,983,252,431,386,97,614,742,500,1,1663,471,897,1032,667,151,4,745,,36:28,1
2005-06,2549,Chris Kaman,Chris,1610612746,LAC,Los Angeles Clippers,0040500165,2006-05-01T00:00:00,LAC vs. DEN,W,36.56333333333333,5,6,0.833,0,0,0.0,0,0,0.0,1,6,7,1,3,0,0,1,2,2,10,7,16.9,0,0,18.0,1,1,1,1,449,456,878,107,587,938,587,990,1042,990,478,208,284,731,164,742,500,1178,542,675,683,352,883,151,4,772,,36:34,1
2005-06,2034,Mike Miller,Mike,1610612763,MEM,Memphis Grizzlies,0040500174,2006-05-01T00:00:00,MEM vs. DAL,L,38.43333333333333,4,11,0.364,0,2,0.0,2,2,1.0,0,3,3,2,2,1,0,1,1,4,10,-33,17.6,0,0,17.0,1,851,851,851,379,580,490,1010,587,529,587,530,647,1,896,615,832,491,358,274,500,1178,248,316,683,1718,865,151,4,827,,38:26,1
2005-06,2205,DeSagana Diop,DeSagana,1610612742,DAL,Dallas Mavericks,0040500174,2006-05-01T00:00:00,DAL @ MEM,W,24.25,0,1,0.0,0,0,0.0,0,0,0.0,4,4,8,0,1,2,2,0,3,0,0,1,20.6,0,0,16.0,1,1,1,1,954,1368,1422,1368,587,938,587,990,1042,990,55,431,214,1087,614,82,67,1,893,1252,1439,689,729,151,4,871,,24:15,1
2005-06,1088,Chucky Atkins,Chucky,1610612763,MEM,Memphis Grizzlies,0040500174,2006-05-01T00:00:00,MEM vs. DAL,L,25.766666666666666,3,8,0.375,0,1,0.0,2,2,1.0,0,1,1,4,0,1,0,0,2,3,8,-12,18.2,0,0,15.0,1,851,851,851,900,742,699,980,587,709,587,530,647,1,896,1103,1241,208,1060,274,500,1,542,471,812,1528,835,151,4,904,,25:46,1
2005-06,1863,Earl Boykins,Earl,1610612743,DEN,Denver Nuggets,0040500165,2006-05-01T00:00:00,DEN @ LAC,L,29.833333333333332,4,10,0.4,0,3,0.0,3,5,0.6,0,0,0,2,1,1,0,0,1,4,11,-15,16.0,0,0,15.0,1,851,851,851,737,580,572,896,587,362,587,405,332,740,896,1386,1473,491,614,274,500,1,248,316,622,1591,912,151,4,904,,29:50,1
2005-06,2250,Bobby Simmons,Bobby,1610612749,MIL,Milwaukee Bucks,0040500104,2006-05-01T00:00:00,MIL vs. DET,L,31.25,1,5,0.2,1,1,1.0,0,0,0.0,1,2,3,3,3,1,1,0,4,0,3,-10,14.1,0,0,14.0,1,851,851,851,686,1118,962,1304,284,709,1,990,1042,990,478,827,832,335,164,274,157,1,1222,1252,1180,1457,988,151,4,939,,31:15,1
2005-06,1559,Adrian Griffin,Adrian,1610612742,DAL,Dallas Mavericks,0040500174,2006-05-01T00:00:00,DAL @ MEM,W,26.21,3,6,0.5,0,0,0.0,0,0,0.0,3,2,5,2,1,0,0,0,3,1,6,0,14.0,0,0,13.0,1,1,1,1,884,742,878,488,587,938,587,990,1042,990,128,827,510,491,614,742,500,1,893,926,957,762,991,151,4,985,,26:13,1
2005-06,1922,Francisco Elson,Francisco,1610612743,DEN,Denver Nuggets,0040500165,2006-05-01T00:00:00,DEN @ LAC,L,26.566666666666666,1,2,0.5,0,0,0.0,0,0,0.0,4,2,6,2,1,1,0,0,4,4,2,-12,14.2,0,0,12.0,1,851,851,851,873,1118,1280,488,587,938,587,990,1042,990,55,827,386,491,614,274,500,1,1222,316,1253,1528,982,151,4,1038,,26:34,1
2005-06,2563,Dahntay Jones,Dahntay,1610612763,MEM,Memphis Grizzlies,0040500174,2006-05-01T00:00:00,MEM vs. DAL,L,18.07,2,4,0.5,0,0,0.0,3,6,0.5,1,2,3,0,1,1,0,1,2,5,7,-11,12.6,0,0,12.0,1,851,851,851,1141,933,1052,488,587,938,587,405,232,768,478,827,832,1087,614,274,500,1178,542,217,897,1501,1049,151,4,1038,,18:04,1
2005-06,2203,Shane Battier,Shane,1610612763,MEM,Memphis Grizzlies,0040500174,2006-05-01T00:00:00,MEM vs. DAL,L,30.283333333333335,2,5,0.4,0,2,0.0,1,3,0.333,4,3,7,0,1,0,0,1,3,4,5,-12,12.4,0,0,12.0,1,851,851,851,721,933,962,896,587,529,587,793,561,943,55,615,284,1087,614,742,500,1178,893,316,1046,1528,1059,151,4,1038,,30:17,1
2005-06,693,Joe Smith,Joe,1610612749,MIL,Milwaukee Bucks,0040500104,2006-05-01T00:00:00,MIL vs. DET,L,20.106666666666666,4,6,0.667,0,0,0.0,0,0,0.0,2,1,3,0,1,0,0,0,4,0,8,-17,10.6,0,0,11.0,1,851,851,851,1083,580,878,197,587,938,587,990,1042,990,252,1103,832,1087,614,742,500,1,1222,1252,812,1630,1136,151,4,1087,,20:06,1
2005-06,2734,Devin Harris,Devin,1610612742,DAL,Dallas Mavericks,0040500174,2006-05-01T00:00:00,DAL @ MEM,W,18.516666666666666,3,3,1.0,0,0,0.0,0,0,0.0,0,1,1,3,0,0,0,0,3,0,6,22,11.7,0,0,10.0,1,1,1,1,1132,742,1167,1,587,938,587,990,1042,990,896,1103,1241,335,1060,742,500,1,893,1252,957,48,1084,151,4,1125,,18:31,1
2005-06,2624,Quinton Ross,Quinton,1610612746,LAC,Los Angeles Clippers,0040500165,2006-05-01T00:00:00,LAC vs. DEN,W,24.55,1,2,0.5,0,0,0.0,3,4,0.75,2,1,3,0,2,0,1,0,4,4,5,-17,9.6,0,0,10.0,1,1,1,1,945,1118,1280,488,587,938,587,405,399,566,252,1103,832,1087,358,742,157,1,1222,316,1046,1630,1178,151,4,1125,,24:33,1
2005-06,953,Lorenzen Wright,Lorenzen,1610612763,MEM,Memphis Grizzlies,0040500174,2006-05-01T00:00:00,MEM vs. DAL,L,19.333333333333332,2,5,0.4,0,0,0.0,0,0,0.0,2,2,4,1,1,0,0,0,1,0,4,-12,9.3,0,0,9.0,1,851,851,851,1103,933,962,896,587,938,587,990,1042,990,252,827,647,731,614,742,500,1,248,1252,1100,1528,1192,151,4,1164,,19:20,1
2005-06,389,Toni Kukoc,Toni,1610612749,MIL,Milwaukee Bucks,0040500104,2006-05-01T00:00:00,MIL vs. DET,L,12.578333333333333,2,4,0.5,1,1,1.0,0,0,0.0,0,2,2,1,1,0,0,0,3,0,5,-1,7.9,0,0,9.0,1,851,851,851,1307,933,1052,488,284,709,1,990,1042,990,896,827,1021,731,614,742,500,1,893,1252,1046,859,1252,151,4,1164,,12:35,1
2005-06,1517,Bobby Jackson,Bobby,1610612763,MEM,Memphis Grizzlies,0040500174,2006-05-01T00:00:00,MEM vs. DAL,L,22.316666666666666,3,7,0.429,0,1,0.0,2,3,0.667,0,1,1,0,2,0,0,0,1,2,8,-19,7.2,0,0,9.0,1,851,851,851,1028,742,786,821,587,709,587,530,561,657,896,1103,1241,1087,358,742,500,1,248,675,812,1656,1281,151,4,1164,,22:19,1
2005-06,1112,Ben Wallace,Ben,1610612765,DET,Detroit Pistons,0040500104,2006-05-01T00:00:00,DET @ MIL,W,27.0,0,2,0.0,0,0,0.0,1,4,0.25,1,3,4,1,0,0,1,0,4,3,1,1,10.3,0,0,8.0,1,1,1,1,851,1368,1280,1368,587,938,587,793,399,968,478,615,647,731,1060,742,157,1,1222,471,1415,689,1153,151,4,1212,,27:00,1
2005-06,101132,Linas Kleiza,Linas,1610612743,DEN,Denver Nuggets,0040500165,2006-05-01T00:00:00,DEN @ LAC,L,9.783333333333333,2,5,0.4,0,0,0.0,0,0,0.0,1,2,3,1,0,0,0,2,1,0,4,0,9.1,0,0,8.0,1,851,851,851,1390,933,962,896,587,938,587,990,1042,990,478,827,832,731,1060,742,500,1566,248,1252,1100,762,1204,151,4,1212,,9:47,1
2005-06,101124,Hakim Warrick,Hakim,1610612763,MEM,Memphis Grizzlies,0040500174,2006-05-01T00:00:00,MEM vs. DAL,L,17.5,1,6,0.167,0,1,0.0,2,2,1.0,0,4,4,0,2,0,0,1,3,1,4,-2,6.8,0,0,8.0,1,851,851,851,1163,1118,878,1337,587,709,587,530,647,1,896,431,647,1087,358,742,500,1178,893,926,1100,943,1296,151,4,1212,,17:30,1
2005-06,283,Lindsey Hunter,Lindsey,1610612765,DET,Detroit Pistons,0040500104,2006-05-01T00:00:00,DET @ MIL,W,7.1466666666666665,3,4,0.75,1,1,1.0,0,0,0.0,0,0,0,0,1,0,0,0,1,0,7,4,6.0,0,0,8.0,1,1,1,1,1463,742,1052,133,284,709,1,990,1042,990,896,1386,1473,1087,614,742,500,1,248,1252,897,504,1321,151,4,1212,,7:09,1
2005-06,2209,Vladimir Radmanovic,Vladimir,1610612746,LAC,Los Angeles Clippers,0040500165,2006-05-01T00:00:00,LAC vs. DEN,W,13.066666666666666,0,4,0.0,0,3,0.0,1,2,0.5,0,4,4,0,0,0,1,1,1,1,1,12,8.8,0,0,7.0,1,1,1,1,1294,1368,1052,1368,587,362,587,793,647,768,896,431,647,1087,1060,742,157,1178,248,926,1415,186,1216,151,4,1252,,13:04,1
2005-06,2766,Antonio Burks,Antonio,1610612763,MEM,Memphis Grizzlies,0040500174,2006-05-01T00:00:00,MEM vs. DAL,L,4.633333333333334,1,1,1.0,0,0,0.0,1,2,0.5,0,1,1,1,0,1,0,0,1,1,3,4,8.7,0,0,7.0,1,851,851,851,1543,1118,1422,1,587,938,587,793,647,768,896,1103,1241,731,1060,274,500,1,248,926,1180,504,1221,151,4,1252,,4:38,1
2005-06,2059,Eduardo Najera,Eduardo,1610612743,DEN,Denver Nuggets,0040500165,2006-05-01T00:00:00,DEN @ LAC,L,25.798333333333332,0,6,0.0,0,0,0.0,0,0,0.0,0,4,4,1,1,1,0,0,4,0,0,-14,8.3,0,0,7.0,1,851,851,851,899,1368,878,1368,587,938,587,990,1042,990,896,431,647,731,614,274,500,1,1222,1252,1439,1574,1239,151,4,1252,,25:48,1
2005-06,2590,Mo Williams,Mo,1610612749,MIL,Milwaukee Bucks,0040500104,2006-05-01T00:00:00,MIL vs. DET,L,13.275,2,7,0.286,0,1,0.0,0,0,0.0,0,0,0,3,1,0,0,1,2,0,4,-10,7.5,0,0,7.0,1,851,851,851,1283,933,786,1192,587,709,587,990,1042,990,896,1386,1473,335,614,742,500,1178,542,1252,1100,1457,1269,151,4,1252,,13:17,1
2005-06,960,Tony Delk,Tony,1610612765,DET,Detroit Pistons,0040500104,2006-05-01T00:00:00,DET @ MIL,W,7.95,2,2,1.0,1,1,1.0,0,0,0.0,0,0,0,1,0,0,0,0,3,0,5,7,6.5,0,0,7.0,1,1,1,1,1444,933,1280,1,284,709,1,990,1042,990,896,1386,1473,731,1060,742,500,1,893,1252,1046,352,1302,151,4,1252,,7:57,1
2005-06,2054,Jake Tsakalidis,Jake,1610612763,MEM,Memphis Grizzlies,0040500174,2006-05-01T00:00:00,MEM vs. DAL,L,10.1,1,1,1.0,0,0,0.0,0,0,0.0,0,0,0,0,1,0,1,0,2,0,2,-6,4.0,0,0,4.0,1,851,851,851,1377,1118,1422,1,587,938,587,990,1042,990,896,1386,1473,1087,614,742,157,1,542,1252,1253,1251,1417,151,4,1384,,10:06,1
2005-06,353,Darrell Armstrong,Darrell,1610612742,DAL,Dallas Mavericks,0040500174,2006-05-01T00:00:00,DAL @ MEM,W,4.633333333333334,0,1,0.0,0,0,0.0,2,2,1.0,0,2,2,0,1,0,0,0,1,1,2,-4,3.4,0,0,4.0,1,1,1,1,1543,1368,1422,1368,587,938,587,530,647,1,896,827,1021,1087,614,742,500,1,248,926,1253,1108,1446,151,4,1384,,4:38,1
2005-06,2788,DJ Mbenga,DJ,1610612742,DAL,Dallas Mavericks,0040500174,2006-05-01T00:00:00,DAL @ MEM,W,4.366666666666666,1,1,1.0,0,0,0.0,0,0,0.0,0,2,2,0,1,0,0,0,1,0,2,-4,3.4,0,0,4.0,1,1,1,1,1553,1118,1422,1,587,938,587,990,1042,990,896,827,1021,1087,614,742,500,1,248,1252,1253,1108,1446,151,4,1384,,4:22,1
2005-06,2230,Maurice Evans,Maurice,1610612765,DET,Detroit Pistons,0040500104,2006-05-01T00:00:00,DET @ MIL,W,2.0966666666666667,1,1,1.0,1,1,1.0,0,0,0.0,0,0,0,0,0,0,0,0,0,1,3,-6,3.0,0,0,4.0,1,1,1,1,1624,1118,1422,1,284,709,1,990,1042,990,896,1386,1473,1087,1060,742,500,1,1,926,1180,1251,1467,151,4,1384,,2:06,1
2005-06,2035,DerMarr Johnson,DerMarr,1610612743,DEN,Denver Nuggets,0040500165,2006-05-01T00:00:00,DEN @ LAC,L,11.086666666666666,0,3,0.0,0,3,0.0,0,0,0.0,0,3,3,0,0,0,0,0,1,0,0,-4,3.6,0,0,3.0,1,851,851,851,1348,1368,1167,1368,587,362,587,990,1042,990,896,615,832,1087,1060,742,500,1,248,1252,1439,1108,1437,151,4,1449,,11:05,1
2005-06,2501,Reggie Evans,Reggie,1610612743,DEN,Denver Nuggets,0040500165,2006-05-01T00:00:00,DEN @ LAC,L,4.25,1,1,1.0,0,0,0.0,0,0,0.0,0,1,1,0,0,0,0,0,0,0,2,-1,3.2,0,0,3.0,1,851,851,851,1557,1118,1422,1,587,938,587,990,1042,990,896,1103,1241,1087,1060,742,500,1,1,1252,1253,859,1451,151,4,1449,,4:15,1
2005-06,224,Eddie Jones,Eddie,1610612763,MEM,Memphis Grizzlies,0040500174,2006-05-01T00:00:00,MEM vs. DAL,L,4.733333333333333,0,0,0.0,0,0,0.0,0,0,0.0,0,1,1,1,0,0,0,0,0,0,0,0,2.7,0,0,2.0,1,851,851,851,1535,1368,1565,1368,587,938,587,990,1042,990,896,1103,1241,731,1060,742,500,1,1,1252,1439,762,1482,151,4,1498,,4:44,1
2005-06,101189,James Singleton,James,1610612746,LAC,Los Angeles Clippers,0040500165,2006-05-01T00:00:00,LAC vs. DEN,W,0.6066666666666667,0,0,0.0,0,0,0.0,0,0,0.0,0,0,0,1,0,0,0,0,0,0,0,3,1.5,0,0,1.0,1,1,1,1,1685,1368,1565,1368,587,938,587,990,1042,990,896,1386,1473,731,1060,742,500,1,1,1252,1439,567,1539,151,4,1557,,0:36,1
2005-06,2073,Brian Cardinal,Brian,1610612763,MEM,Memphis Grizzlies,0040500174,2006-05-01T00:00:00,MEM vs. DAL,L,9.683333333333334,0,0,0.0,0,0,0.0,0,0,0.0,0,1,1,0,0,0,0,0,1,1,0,-4,1.2,0,0,1.0,1,851,851,851,1393,1368,1565,1368,587,938,587,990,1042,990,896,1103,1241,1087,1060,742,500,1,248,926,1439,1108,1554,151,4,1557,,9:41,1
2005-06,101137,Daniel Ewing,Daniel,1610612746,LAC,Los Angeles Clippers,0040500165,2006-05-01T00:00:00,LAC vs. DEN,W,0.6066666666666667,0,0,0.0,0,0,0.0,0,0,0.0,0,0,0,0,0,0,0,0,0,0,0,3,0.0,0,0,0.0,1,1,1,1,1685,1368,1565,1368,587,938,587,990,1042,990,896,1386,1473,1087,1060,742,500,1,1,1252,1439,567,1605,151,4,1610,,0:36,1
2005-06,905,Dale Davis,Dale,1610612765,DET,Detroit Pistons,0040500104,2006-05-01T00:00:00,DET @ MIL,W,1.49,0,0,0.0,0,0,0.0,0,0,0.0,0,0,0,0,0,0,0,0,0,0,0,-4,0.0,0,0,0.0,1,1,1,1,1653,1368,1565,1368,587,938,587,990,1042,990,896,1386,1473,1087,1060,742,500,1,1,1252,1439,1108,1605,151,4,1610,,1:29,1
2005-06,2694,Josh Powell,Josh,1610612742,DAL,Dallas Mavericks,0040500174,2006-05-01T00:00:00,DAL @ MEM,W,10.008333333333333,0,1,0.0,0,0,0.0,0,0,0.0,0,0,0,0,1,0,0,0,2,0,0,-2,-1.0,0,0,0.0,1,1,1,1,1382,1368,1422,1368,587,938,587,990,1042,990,896,1386,1473,1087,614,742,500,1,542,1252,1439,943,1708,151,4,1610,,10:01,1
2005-06,2240,Gilbert Arenas,Gilbert,1610612764,WAS,Washington Wizards,0040500134,2006-04-30T00:00:00,WAS vs. CLE,W,48.0,8,20,0.4,4,7,0.571,14,17,0.824,2,3,5,6,3,3,1,1,5,13,34,10,58.0,0,0,57.0,1,1,1,1,29,178,82,896,17,42,171,13,13,513,252,615,510,97,164,32,157,1178,1489,9,29,252,33,151,4,22,,48:00,1
2005-06,2544,LeBron James,LeBron,1610612739,CLE,Cleveland Cavaliers,0040500134,2006-04-30T00:00:00,CLE @ WAS,L,45.333333333333336,13,23,0.565,7,12,0.583,5,7,0.714,1,5,6,5,7,0,0,0,5,5,38,-16,45.7,0,0,56.0,1,851,851,851,90,18,39,400,1,2,169,203,195,644,478,311,386,141,4,742,500,1,1489,217,14,1605,126,151,4,29,,45:20,1
2005-06,1719,Bonzi Wells,Bonzi,1610612758,SAC,Sacramento Kings,0040500144,2006-04-30T00:00:00,SAC vs. SAS,W,40.06666666666667,9,11,0.818,1,1,1.0,6,11,0.545,3,14,17,1,3,3,0,0,4,9,25,25,52.9,1,0,50.0,1,1,1,1,282,116,490,110,284,709,1,142,50,767,128,7,9,731,164,32,500,1,1222,40,130,28,62,1,4,60,,40:04,1
2005-06,2548,Dwyane Wade,Dwyane,1610612748,MIA,Miami Heat,0040500114,2006-04-30T00:00:00,MIA @ CHI,L,45.28,8,23,0.348,0,1,0.0,4,4,1.0,4,2,6,10,5,3,2,3,3,5,20,-2,52.2,1,0,46.0,1,851,851,851,92,178,39,1048,587,709,587,284,399,1,55,827,386,25,36,32,67,1679,893,217,258,943,69,1,4,101,,45:17,1
2005-06,1885,Lamar Odom,Lamar,1610612747,LAL,Los Angeles Lakers,0040500154,2006-04-30T00:00:00,LAL vs. PHX,W,49.28333333333333,7,16,0.438,0,4,0.0,11,14,0.786,2,6,8,5,4,1,1,0,5,11,25,4,44.1,0,0,42.0,1,1,1,1,21,269,208,811,587,234,587,28,26,556,252,208,214,141,71,274,157,1,1489,16,130,504,140,151,4,136,,49:17,1
2005-06,1712,Antawn Jamison,Antawn,1610612764,WAS,Washington Wizards,0040500134,2006-04-30T00:00:00,WAS vs. CLE,W,43.31666666666667,8,18,0.444,2,6,0.333,4,4,1.0,3,7,10,5,1,1,0,1,2,3,22,17,43.5,1,0,41.0,1,1,1,1,149,178,129,780,125,84,369,284,399,1,128,144,114,141,614,274,500,1178,542,471,190,98,149,1,4,146,,43:19,1
2005-06,959,Steve Nash,Steve,1610612756,PHX,Phoenix Suns,0040500154,2006-04-30T00:00:00,PHX @ LAL,L,43.45,9,22,0.409,3,8,0.375,1,2,0.5,0,3,3,11,2,0,0,1,0,3,22,-1,40.1,1,0,39.0,1,851,851,851,143,116,55,890,57,19,363,793,647,768,896,615,832,12,358,742,500,1178,1,471,190,859,195,1,4,175,,43:27,1
2005-06,2550,Kirk Hinrich,Kirk,1610612741,CHI,Chicago Bulls,0040500114,2006-04-30T00:00:00,CHI vs. MIA,W,40.46,7,15,0.467,1,4,0.25,6,8,0.75,0,4,4,9,4,1,1,0,2,7,21,15,41.3,0,0,39.0,1,1,1,1,263,269,255,724,284,234,480,142,129,566,896,431,647,34,71,274,157,1,542,106,222,124,173,151,4,175,,40:28,1
2005-06,2804,Andres Nocioni,Andres,1610612741,CHI,Chicago Bulls,0040500114,2006-04-30T00:00:00,CHI vs. MIA,W,45.806666666666665,8,17,0.471,1,3,0.333,7,8,0.875,1,6,7,1,2,3,0,1,2,6,24,12,40.9,0,0,39.0,1,1,1,1,75,178,166,720,284,362,369,101,129,437,478,208,284,731,358,32,500,1178,542,145,149,186,184,151,4,175,,45:48,1
2005-06,2564,Boris Diaw,Boris,1610612756,PHX,Phoenix Suns,0040500154,2006-04-30T00:00:00,PHX @ LAL,L,46.12166666666667,9,16,0.563,0,0,0.0,3,4,0.75,1,7,8,7,5,0,1,0,5,3,21,6,39.1,0,0,38.0,1,851,851,851,64,116,208,404,587,938,587,405,399,566,478,144,214,67,36,742,157,1,1489,471,222,391,217,151,4,188,,46:07,1
2005-06,2732,Ben Gordon,Ben,1610612741,CHI,Chicago Bulls,0040500114,2006-04-30T00:00:00,CHI vs. MIA,W,43.181666666666665,8,15,0.533,4,9,0.444,3,4,0.75,1,4,5,2,3,2,0,1,2,4,23,12,35.0,0,0,38.0,1,1,1,1,154,178,255,458,17,10,312,405,399,566,478,431,510,491,164,82,500,1178,542,316,173,186,300,151,4,188,,43:11,1
2005-06,1890,Shawn Marion,Shawn,1610612756,PHX,Phoenix Suns,0040500154,2006-04-30T00:00:00,PHX @ LAL,L,44.483333333333334,7,13,0.538,0,1,0.0,6,6,1.0,4,8,12,1,0,2,0,0,6,4,20,3,41.9,1,0,37.0,1,851,851,851,113,269,359,446,587,709,587,142,232,1,55,100,60,731,1060,82,500,1,1663,316,258,567,166,1,4,208,,44:29,1
2005-06,977,Kobe Bryant,Kobe,1610612747,LAL,Los Angeles Lakers,0040500154,2006-04-30T00:00:00,LAL vs. PHX,W,38.495,9,14,0.643,0,1,0.0,6,8,0.75,1,3,4,8,7,0,0,1,5,6,24,-1,33.8,0,0,36.0,1,1,1,1,374,116,306,259,587,709,587,142,129,566,478,615,647,49,4,742,500,1178,1489,145,149,859,325,151,4,228,,38:30,1
2005-06,952,Antoine Walker,Antoine,1610612748,MIA,Miami Heat,0040500114,2006-04-30T00:00:00,MIA @ CHI,L,38.693333333333335,8,19,0.421,5,12,0.417,0,0,0.0,2,3,5,3,3,0,1,1,4,2,21,-6,31.5,0,0,36.0,1,851,851,851,360,178,108,865,5,2,326,990,1042,990,252,615,510,335,164,742,157,1178,1222,675,222,1251,379,151,4,228,,38:42,1
2005-06,2406,Caron Butler,Caron,1610612764,WAS,Washington Wizards,0040500134,2006-04-30T00:00:00,WAS vs. CLE,W,39.92,8,18,0.444,1,2,0.5,4,5,0.8,1,5,6,1,2,1,1,1,5,3,21,7,33.7,0,0,33.0,1,1,1,1,293,178,129,780,284,529,183,284,332,518,478,311,386,731,358,274,157,1178,1489,471,222,352,328,151,4,291,,39:55,1
2005-06,1802,Brad Miller,Brad,1610612758,SAC,Sacramento Kings,0040500144,2006-04-30T00:00:00,SAC vs. SAS,W,26.65,8,11,0.727,0,1,0.0,3,3,1.0,0,2,2,4,1,1,2,0,3,2,19,15,35.4,0,0,31.0,1,1,1,1,868,178,490,170,587,709,587,405,561,1,896,827,1021,208,614,274,67,1,893,675,298,124,293,151,4,346,,26:39,1
2005-06,980,Zydrunas Ilgauskas,Zydrunas,1610612739,CLE,Cleveland Cavaliers,0040500134,2006-04-30T00:00:00,CLE @ WAS,L,34.763333333333335,5,7,0.714,0,0,0.0,3,6,0.5,1,5,6,1,5,1,4,0,4,5,13,-3,31.7,0,0,30.0,1,851,851,851,531,456,786,178,587,938,587,405,232,768,478,311,386,731,36,274,12,1,1222,217,534,1032,372,151,4,374,,34:46,1
2005-06,1710,Mike Bibby,Mike,1610612758,SAC,Sacramento Kings,0040500144,2006-04-30T00:00:00,SAC vs. SAS,W,39.983333333333334,6,17,0.353,2,6,0.333,2,2,1.0,0,3,3,7,2,0,0,0,2,3,16,24,28.1,0,0,28.0,1,1,1,1,289,351,166,1039,125,84,369,530,647,1,896,615,832,67,358,742,500,1,542,471,399,39,479,151,4,435,,39:59,1
2005-06,2225,Tony Parker,Tony,1610612759,SAS,San Antonio Spurs,0040500144,2006-04-30T00:00:00,SAS @ SAC,L,34.193333333333335,10,20,0.5,0,1,0.0,2,2,1.0,0,1,1,1,3,2,0,1,1,1,22,-18,27.7,0,0,28.0,1,851,851,851,564,84,82,488,587,709,587,530,647,1,896,1103,1241,731,164,82,500,1178,248,926,190,1648,489,151,4,435,,34:12,1
2005-06,1495,Tim Duncan,Tim,1610612759,SAS,San Antonio Spurs,0040500144,2006-04-30T00:00:00,SAS @ SAC,L,32.16833333333334,7,11,0.636,0,0,0.0,3,6,0.5,0,8,8,2,4,0,0,0,4,8,17,-9,25.6,0,0,27.0,1,851,851,851,650,269,490,268,587,938,587,405,232,768,896,100,214,491,71,742,500,1,1222,70,353,1409,562,151,4,472,,32:10,1
2005-06,2407,Jared Jeffries,Jared,1610612764,WAS,Washington Wizards,0040500134,2006-04-30T00:00:00,WAS vs. CLE,W,40.93333333333333,2,9,0.222,0,2,0.0,5,8,0.625,6,5,11,2,2,1,0,1,3,7,9,9,26.2,0,0,24.0,1,1,1,1,244,933,639,1298,587,529,587,203,129,725,10,311,82,491,358,274,500,1178,893,106,763,285,543,151,4,562,,40:56,1
2005-06,2755,Kevin Martin,Kevin,1610612758,SAC,Sacramento Kings,0040500144,2006-04-30T00:00:00,SAC vs. SAS,W,33.278333333333336,3,9,0.333,1,4,0.25,7,7,1.0,1,4,5,0,1,2,0,0,3,4,14,9,25.0,0,0,24.0,1,1,1,1,603,742,639,1051,284,234,480,101,195,1,478,431,510,1087,614,82,500,1,893,316,478,285,582,151,4,562,,33:17,1
2005-06,1501,Tim Thomas,Tim,1610612756,PHX,Phoenix Suns,0040500154,2006-04-30T00:00:00,PHX @ LAL,L,25.25,5,10,0.5,2,3,0.667,0,0,0.0,2,5,7,1,1,1,0,0,4,2,12,-5,23.9,0,0,24.0,1,851,851,851,914,456,572,488,125,362,108,990,1042,990,252,311,284,731,614,274,500,1,1222,675,571,1189,612,151,4,562,,25:15,1
2005-06,1897,Metta World Peace,Metta,1610612758,SAC,Sacramento Kings,0040500144,2006-04-30T00:00:00,SAC vs. SAS,W,33.13333333333333,6,13,0.462,2,5,0.4,0,0,0.0,3,1,4,2,1,1,0,0,2,0,14,26,23.8,0,0,24.0,1,1,1,1,610,351,359,732,125,141,327,990,1042,990,128,1103,647,491,614,274,500,1,542,1252,478,22,613,151,4,562,,33:08,1
2005-06,406,Shaquille O'Neal,Shaquille,1610612748,MIA,Miami Heat,0040500114,2006-04-30T00:00:00,MIA @ CHI,L,23.956666666666667,8,13,0.615,0,0,0.0,0,1,0.0,3,5,8,0,3,0,0,1,4,6,16,-11,22.6,0,0,24.0,1,851,851,851,971,178,359,299,587,938,587,990,974,990,128,311,214,1087,164,742,500,1178,1222,145,399,1501,653,151,4,562,,23:57,1
2005-06,2617,Udonis Haslem,Udonis,1610612748,MIA,Miami Heat,0040500114,2006-04-30T00:00:00,MIA @ CHI,L,34.016666666666666,6,10,0.6,0,0,0.0,0,0,0.0,4,5,9,0,0,1,0,1,6,1,12,-5,25.8,0,0,23.0,1,851,851,851,570,351,572,311,587,938,587,990,1042,990,55,311,161,1087,1060,274,500,1178,1663,926,571,1189,558,151,4,596,,34:01,1
2005-06,2198,Kwame Brown,Kwame,1610612747,LAL,Los Angeles Lakers,0040500154,2006-04-30T00:00:00,LAL vs. PHX,W,34.81666666666667,4,12,0.333,0,0,0.0,4,6,0.667,2,8,10,0,2,0,0,2,2,3,12,2,22.0,1,0,22.0,1,1,1,1,527,580,425,1051,587,938,587,284,232,657,252,100,114,1087,358,742,500,1566,542,471,571,625,683,1,4,628,,34:49,1
2005-06,2436,Flip Murray,Flip,1610612739,CLE,Cleveland Cavaliers,0040500134,2006-04-30T00:00:00,CLE @ WAS,L,34.583333333333336,7,13,0.538,1,3,0.333,4,5,0.8,1,0,1,1,0,0,0,1,3,4,19,-7,21.7,0,0,22.0,1,851,851,851,544,269,359,446,284,362,369,284,332,518,478,1386,1241,731,1060,742,500,1178,893,316,298,1313,695,151,4,628,,34:35,1
2005-06,2575,Luke Walton,Luke,1610612747,LAL,Los Angeles Lakers,0040500154,2006-04-30T00:00:00,LAL vs. PHX,W,39.52166666666667,3,5,0.6,0,0,0.0,0,0,0.0,1,8,9,4,1,1,0,0,0,2,6,-3,24.8,0,0,21.0,1,1,1,1,319,742,962,311,587,938,587,990,1042,990,478,100,161,208,614,274,500,1,1,675,957,1032,587,151,4,659,,39:31,1
2005-06,923,Donyell Marshall,Donyell,1610612739,CLE,Cleveland Cavaliers,0040500134,2006-04-30T00:00:00,CLE @ WAS,L,28.355,1,6,0.167,1,3,0.333,0,0,0.0,3,8,11,2,2,2,0,0,4,0,3,-13,23.2,0,0,21.0,1,851,851,851,793,1118,878,1337,284,362,369,990,1042,990,128,100,82,491,358,82,500,1,1222,1252,1180,1559,636,151,4,659,,28:21,1
2005-06,2768,Chris Duhon,Chris,1610612741,CHI,Chicago Bulls,0040500114,2006-04-30T00:00:00,CHI vs. MIA,W,24.733333333333334,2,4,0.5,1,1,1.0,2,2,1.0,0,6,6,2,1,2,0,1,0,1,7,-6,22.2,0,0,20.0,1,1,1,1,932,933,1052,488,284,709,1,530,647,1,896,208,386,491,614,82,500,1178,1,926,897,1251,667,151,4,704,,24:44,1
2005-06,2552,Michael Sweetney,Michael,1610612741,CHI,Chicago Bulls,0040500114,2006-04-30T00:00:00,CHI vs. MIA,W,21.826666666666668,2,6,0.333,0,0,0.0,5,5,1.0,3,3,6,0,2,1,1,1,5,7,9,2,20.2,0,0,19.0,1,1,1,1,1038,933,878,1051,587,938,587,203,332,1,128,615,386,1087,358,274,157,1178,1489,106,763,625,744,151,4,745,,21:50,1
2005-06,1498,Antonio Daniels,Antonio,1610612764,WAS,Washington Wizards,0040500134,2006-04-30T00:00:00,WAS vs. CLE,W,35.45,4,8,0.5,1,3,0.333,4,4,1.0,0,2,2,1,2,1,0,0,0,5,13,11,17.9,0,0,19.0,1,1,1,1,496,580,699,488,284,362,369,284,399,1,896,827,1021,731,358,274,500,1,1,217,534,217,854,151,4,745,,35:27,1
2005-06,1952,Raja Bell,Raja,1610612756,PHX,Phoenix Suns,0040500154,2006-04-30T00:00:00,PHX @ LAL,L,44.733333333333334,3,7,0.429,1,3,0.333,0,0,0.0,0,5,5,3,1,0,1,0,4,4,7,-2,19.5,0,0,18.0,1,851,851,851,106,742,786,821,284,362,369,990,1042,990,896,311,510,335,614,742,157,1,1222,316,897,943,776,151,4,772,,44:44,1
2005-06,699,Brent Barry,Brent,1610612759,SAS,San Antonio Spurs,0040500144,2006-04-30T00:00:00,SAS @ SAC,L,25.283333333333335,2,3,0.667,1,2,0.5,3,6,0.5,0,2,2,2,0,2,0,0,1,4,8,-19,19.4,0,0,17.0,1,851,851,851,913,933,1167,197,284,529,183,405,232,768,896,827,1021,491,1060,82,500,1,248,316,812,1656,779,151,4,827,,25:17,1
2005-06,2592,James Jones,James,1610612756,PHX,Phoenix Suns,0040500154,2006-04-30T00:00:00,PHX @ LAL,L,34.62833333333333,3,10,0.3,1,3,0.333,1,1,1.0,0,5,5,1,0,0,1,0,2,3,8,3,18.5,0,0,17.0,1,851,851,851,540,742,572,1178,284,362,369,793,974,1,896,311,510,731,1060,742,157,1,542,471,812,567,818,151,4,827,,34:38,1
2005-06,2756,Sasha Vujacic,Sasha,1610612747,LAL,Los Angeles Lakers,0040500154,2006-04-30T00:00:00,LAL vs. PHX,W,29.1,2,3,0.667,2,3,0.667,3,3,1.0,0,5,5,1,1,0,0,0,2,1,9,10,15.5,0,0,17.0,1,1,1,1,762,933,1167,197,125,362,108,405,561,1,896,311,510,731,614,742,500,1,542,926,763,252,934,151,4,827,,29:06,1
2005-06,1904,Devean George,Devean,1610612747,LAL,Los Angeles Lakers,0040500154,2006-04-30T00:00:00,LAL vs. PHX,W,20.816666666666666,4,7,0.571,3,5,0.6,0,0,0.0,0,1,1,2,0,0,0,0,1,0,11,6,15.2,0,0,17.0,1,1,1,1,1063,580,786,369,57,141,149,990,1042,990,896,1103,1241,491,1060,742,500,1,248,1252,622,391,943,151,4,827,,20:49,1
2005-06,1507,Derek Anderson,Derek,1610612748,MIA,Miami Heat,0040500114,2006-04-30T00:00:00,MIA @ CHI,L,18.586666666666666,2,4,0.5,2,4,0.5,0,0,0.0,0,2,2,4,2,1,0,0,3,0,6,1,15.4,0,0,16.0,1,851,851,851,1128,933,1052,488,125,234,183,990,1042,990,896,827,1021,208,358,274,500,1,893,1252,957,689,936,151,4,871,,18:35,1
2005-06,1477,Bruce Bowen,Bruce,1610612759,SAS,San Antonio Spurs,0040500144,2006-04-30T00:00:00,SAS @ SAC,L,29.9,2,6,0.333,1,3,0.333,0,0,0.0,0,2,2,3,1,2,0,1,3,0,5,-9,16.9,0,0,15.0,1,851,851,851,736,933,878,1051,284,362,369,990,1042,990,896,827,1021,335,614,82,500,1178,893,1252,1046,1409,883,151,4,904,,29:54,1
2005-06,1737,Nazr Mohammed,Nazr,1610612759,SAS,San Antonio Spurs,0040500144,2006-04-30T00:00:00,SAS @ SAC,L,17.75,1,3,0.333,0,0,0.0,6,8,0.75,4,3,7,0,0,0,0,0,5,4,8,0,16.4,0,0,15.0,1,851,851,851,1154,1118,1167,1051,587,938,587,142,129,566,55,615,284,1087,1060,742,500,1,1489,316,812,762,898,151,4,904,,17:45,1
2005-06,2470,Smush Parker,Smush,1610612747,LAL,Los Angeles Lakers,0040500154,2006-04-30T00:00:00,LAL vs. PHX,W,41.05,2,12,0.167,1,5,0.2,0,0,0.0,2,1,3,1,1,2,0,0,5,2,5,-11,15.1,0,0,14.0,1,1,1,1,239,933,425,1337,284,141,535,990,1042,990,252,1103,832,731,614,82,500,1,1489,675,1046,1501,951,151,4,939,,41:03,1
2005-06,2400,Drew Gooden,Drew,1610612739,CLE,Cleveland Cavaliers,0040500134,2006-04-30T00:00:00,CLE @ WAS,L,16.48,2,3,0.667,0,0,0.0,2,2,1.0,2,6,8,0,1,0,0,0,3,2,6,3,14.6,0,0,14.0,1,851,851,851,1189,933,1167,197,587,938,587,530,647,1,252,208,214,1087,614,742,500,1,893,675,957,567,965,151,4,939,,16:29,1
2005-06,2217,Brendan Haywood,Brendan,1610612764,WAS,Washington Wizards,0040500134,2006-04-30T00:00:00,WAS vs. CLE,W,19.7,3,5,0.6,0,0,0.0,1,2,0.5,1,3,4,0,1,0,1,0,3,2,7,-5,13.8,0,0,13.0,1,1,1,1,1091,742,962,311,587,938,587,793,647,768,478,615,647,1087,614,742,157,1,893,675,897,1189,997,151,4,985,,19:42,1
2005-06,2124,Malik Allen,Malik,1610612741,CHI,Chicago Bulls,0040500114,2006-04-30T00:00:00,CHI vs. MIA,W,19.4,2,5,0.4,0,0,0.0,0,0,0.0,0,2,2,2,0,0,2,0,1,0,4,-3,15.4,0,0,12.0,1,1,1,1,1101,933,962,896,587,938,587,990,1042,990,896,827,1021,491,1060,742,67,1,248,1252,1100,1032,936,151,4,1038,,19:24,1
2005-06,2571,Leandro Barbosa,Leandro,1610612756,PHX,Phoenix Suns,0040500154,2006-04-30T00:00:00,PHX @ LAL,L,15.833333333333334,2,7,0.286,0,1,0.0,2,2,1.0,0,1,1,1,1,2,0,0,4,2,6,-7,13.7,0,0,12.0,1,851,851,851,1210,933,786,1192,587,709,587,530,647,1,896,1103,1241,731,614,82,500,1,1222,675,957,1313,1003,151,4,1038,,15:50,1
2005-06,297,Alonzo Mourning,Alonzo,1610612748,MIA,Miami Heat,0040500114,2006-04-30T00:00:00,MIA @ CHI,L,14.15,1,2,0.5,0,0,0.0,0,0,0.0,1,5,6,0,3,0,2,0,3,0,2,-2,12.2,0,0,12.0,1,851,851,851,1256,1118,1280,488,587,938,587,990,1042,990,478,311,386,1087,164,742,67,1,893,1252,1253,943,1066,151,4,1038,,14:09,1
2005-06,2760,Anderson Varejao,Anderson,1610612739,CLE,Cleveland Cavaliers,0040500134,2006-04-30T00:00:00,CLE @ WAS,L,11.631666666666666,3,3,1.0,0,0,0.0,0,0,0.0,0,3,3,1,2,1,0,0,4,0,6,-4,12.1,0,0,12.0,1,851,851,851,1331,742,1167,1,587,938,587,990,1042,990,896,615,832,731,358,274,500,1,1222,1252,957,1108,1071,151,4,1038,,11:38,1
2005-06,56,Gary Payton,Gary,1610612748,MIA,Miami Heat,0040500114,2006-04-30T00:00:00,MIA @ CHI,L,26.428333333333335,2,5,0.4,2,5,0.4,0,0,0.0,0,1,1,1,0,1,0,0,2,2,6,0,11.7,0,0,12.0,1,851,851,851,877,933,962,896,125,141,327,990,1042,990,896,1103,1241,731,1060,274,500,1,542,675,957,762,1084,151,4,1038,,26:26,1
2005-06,1716,Larry Hughes,Larry,1610612739,CLE,Cleveland Cavaliers,0040500134,2006-04-30T00:00:00,CLE @ WAS,L,34.983333333333334,3,7,0.429,0,3,0.0,1,1,1.0,0,0,0,3,3,1,0,1,6,1,7,-3,11.5,0,0,12.0,1,851,851,851,518,742,786,821,587,362,587,793,974,1,896,1386,1473,335,164,274,500,1178,1663,926,897,1032,1092,151,4,1038,,34:59,1
2005-06,2567,Brian Cook,Brian,1610612747,LAL,Los Angeles Lakers,0040500154,2006-04-30T00:00:00,LAL vs. PHX,W,11.916666666666666,3,8,0.375,1,3,0.333,0,0,0.0,1,1,2,0,1,1,0,0,2,0,7,-2,11.4,0,0,12.0,1,1,1,1,1325,742,699,980,284,362,369,990,1042,990,478,1103,1021,1087,614,274,500,1,542,1252,897,943,1096,151,4,1038,,11:55,1
2005-06,2757,Beno Udrih,Beno,1610612759,SAS,San Antonio Spurs,0040500144,2006-04-30T00:00:00,SAS @ SAC,L,13.806666666666667,3,10,0.3,1,2,0.5,1,1,1.0,1,0,1,2,1,0,0,1,1,1,8,0,11.2,0,0,12.0,1,851,851,851,1270,742,572,1178,284,529,183,793,974,1,478,1386,1241,491,614,742,500,1178,248,926,812,762,1106,151,4,1038,,13:48,1
2005-06,727,Eric Snow,Eric,1610612739,CLE,Cleveland Cavaliers,0040500134,2006-04-30T00:00:00,CLE @ WAS,L,26.775,0,5,0.0,0,0,0.0,4,4,1.0,0,3,3,2,1,1,0,1,2,4,4,-5,12.6,0,0,11.0,1,851,851,851,863,1368,962,1368,587,938,587,284,399,1,896,615,832,491,614,274,500,1178,542,316,1100,1189,1049,151,4,1087,,26:47,1
2005-06,1725,Rasho Nesterovic,Rasho,1610612759,SAS,San Antonio Spurs,0040500144,2006-04-30T00:00:00,SAS @ SAC,L,23.165,3,4,0.75,0,0,0.0,0,0,0.0,1,1,2,0,0,0,1,0,3,1,6,-8,11.4,0,0,10.0,1,851,851,851,998,742,1052,133,587,938,587,990,1042,990,478,1103,1021,1087,1060,742,157,1,893,926,957,1363,1096,151,4,1125,,23:10,1
2005-06,1903,Kenny Thomas,Kenny,1610612758,SAC,Sacramento Kings,0040500144,2006-04-30T00:00:00,SAC vs. SAS,W,26.616666666666667,2,4,0.5,0,0,0.0,0,0,0.0,3,2,5,0,0,0,0,0,3,0,4,4,10.0,0,0,9.0,1,1,1,1,871,933,1052,488,587,938,587,990,1042,990,128,827,510,1087,1060,742,500,1,893,1252,1100,504,1169,151,4,1164,,26:37,1
2005-06,949,Shareef Abdur-Rahim,Shareef,1610612758,SAC,Sacramento Kings,0040500144,2006-04-30T00:00:00,SAC vs. SAS,W,21.433333333333334,2,6,0.333,0,1,0.0,2,4,0.5,1,0,1,2,1,0,0,1,4,3,6,14,9.2,0,0,9.0,1,1,1,1,1049,933,878,1051,587,709,587,530,399,768,478,1386,1241,491,614,742,500,1178,1222,471,957,146,1193,151,4,1164,,21:26,1
2005-06,1715,Jason Williams,Jason,1610612748,MIA,Miami Heat,0040500114,2006-04-30T00:00:00,MIA @ CHI,L,24.121666666666666,1,9,0.111,0,4,0.0,0,0,0.0,0,1,1,4,3,1,0,1,5,0,2,-12,9.2,0,0,9.0,1,851,851,851,963,1118,639,1365,587,234,587,990,1042,990,896,1103,1241,208,164,274,500,1178,1489,1252,1253,1528,1193,151,4,1164,,24:07,1
2005-06,2736,Luol Deng,Luol,1610612741,CHI,Chicago Bulls,0040500114,2006-04-30T00:00:00,CHI vs. MIA,W,20.505,2,6,0.333,0,0,0.0,0,0,0.0,1,0,1,1,1,0,1,1,1,1,4,-11,8.7,0,0,8.0,1,1,1,1,1071,933,878,1051,587,938,587,990,1042,990,478,1386,1241,731,614,742,157,1178,248,926,1100,1501,1221,151,4,1212,,20:30,1
2005-06,1938,Manu Ginobili,Manu,1610612759,SAS,San Antonio Spurs,0040500144,2006-04-30T00:00:00,SAS @ SAC,L,24.666666666666668,1,4,0.25,0,2,0.0,1,1,1.0,1,2,3,2,1,0,0,0,2,2,3,-12,8.6,0,0,8.0,1,851,851,851,934,1118,1052,1236,587,529,587,793,974,1,478,827,832,491,614,742,500,1,542,675,1180,1528,1228,151,4,1212,,24:40,1
2005-06,714,Michael Finley,Michael,1610612759,SAS,San Antonio Spurs,0040500144,2006-04-30T00:00:00,SAS @ SAC,L,17.583333333333332,1,7,0.143,0,3,0.0,1,3,0.333,0,1,1,1,0,1,0,0,0,2,3,-13,8.7,0,0,7.0,1,851,851,851,1159,1118,786,1351,587,362,587,793,561,943,896,1103,1241,731,1060,274,500,1,1,675,1180,1559,1221,151,4,1252,,17:35,1
2005-06,2199,Tyson Chandler,Tyson,1610612741,CHI,Chicago Bulls,0040500114,2006-04-30T00:00:00,CHI vs. MIA,W,21.835,0,0,0.0,0,0,0.0,1,4,0.25,2,1,3,1,3,0,1,0,4,5,1,13,6.1,0,0,7.0,1,1,1,1,1037,1368,1565,1368,587,938,587,793,399,968,252,1103,832,731,164,742,157,1,1222,217,1415,166,1320,151,4,1252,,21:50,1
2005-06,109,Robert Horry,Robert,1610612759,SAS,San Antonio Spurs,0040500144,2006-04-30T00:00:00,SAS @ SAC,L,15.916666666666666,2,2,1.0,0,0,0.0,0,0,0.0,0,2,2,0,3,0,0,0,1,2,4,-6,3.4,0,0,6.0,1,851,851,851,1206,933,1280,1,587,938,587,990,1042,990,896,827,1021,1087,164,742,500,1,248,675,1100,1251,1446,151,4,1292,,15:55,1
2005-06,1720,Michael Doleac,Michael,1610612748,MIA,Miami Heat,0040500114,2006-04-30T00:00:00,MIA @ CHI,L,9.05,1,2,0.5,0,0,0.0,0,0,0.0,1,2,3,0,0,0,0,0,0,1,2,7,5.6,0,0,5.0,1,851,851,851,1406,1118,1280,488,587,938,587,990,1042,990,478,827,832,1087,1060,742,500,1,1,926,1253,352,1341,151,4,1338,,9:03,1
2005-06,101128,Francisco Garcia,Francisco,1610612758,SAC,Sacramento Kings,0040500144,2006-04-30T00:00:00,SAC vs. SAS,W,3.6333333333333333,1,2,0.5,0,0,0.0,0,0,0.0,0,0,0,0,0,0,1,0,0,0,2,-8,5.0,0,0,4.0,1,1,1,1,1574,1118,1280,488,587,938,587,990,1042,990,896,1386,1473,1087,1060,742,157,1,1,1252,1253,1363,1364,151,4,1384,,3:38,1
2005-06,15,Eric Piatkowski,Eric,1610612741,CHI,Chicago Bulls,0040500114,2006-04-30T00:00:00,CHI vs. MIA,W,1.3166666666666667,0,0,0.0,0,0,0.0,0,0,0.0,0,0,0,0,0,0,1,0,0,0,0,-2,3.0,0,0,2.0,1,1,1,1,1658,1368,1565,1368,587,938,587,990,1042,990,896,1386,1473,1087,1060,742,157,1,1,1252,1439,943,1467,151,4,1498,,1:19,1
2005-06,1913,Michael Ruffin,Michael,1610612764,WAS,Washington Wizards,0040500134,2006-04-30T00:00:00,WAS vs. CLE,W,12.68,0,0,0.0,0,0,0.0,0,0,0.0,1,0,1,1,0,0,0,0,3,1,0,1,2.7,0,0,2.0,1,1,1,1,1305,1368,1565,1368,587,938,587,990,1042,990,478,1386,1241,731,1060,742,500,1,893,926,1439,689,1482,151,4,1498,,12:41,1
2005-06,722,Corliss Williamson,Corliss,1610612758,SAC,Sacramento Kings,0040500144,2006-04-30T00:00:00,SAC vs. SAS,W,0.6716666666666666,1,1,1.0,0,0,0.0,0,0,0.0,0,0,0,0,0,0,0,0,1,0,2,0,2.0,0,0,2.0,1,1,1,1,1684,1118,1422,1,587,938,587,990,1042,990,896,1386,1473,1087,1060,742,500,1,248,1252,1253,762,1516,151,4,1498,,0:40,1
2005-06,101177,Fabricio Oberto,Fabricio,1610612759,SAS,San Antonio Spurs,0040500144,2006-04-30T00:00:00,SAS @ SAC,L,5.566666666666666,0,1,0.0,0,0,0.0,0,0,0.0,0,2,2,0,1,0,0,0,0,0,0,4,1.4,0,0,2.0,1,851,851,851,1512,1368,1422,1368,587,938,587,990,1042,990,896,827,1021,1087,614,742,500,1,1,1252,1439,504,1551,151,4,1498,,5:34,1
2005-06,2067,Eddie House,Eddie,1610612756,PHX,Phoenix Suns,0040500154,2006-04-30T00:00:00,PHX @ LAL,L,10.5,1,4,0.25,0,1,0.0,0,0,0.0,0,0,0,0,1,0,0,0,0,1,2,-2,1.0,0,0,2.0,1,851,851,851,1364,1118,1052,1236,587,709,587,990,1042,990,896,1386,1473,1087,614,742,500,1,1,926,1253,943,1588,151,4,1498,,10:30,1
2005-06,1000,Shandon Anderson,Shandon,1610612748,MIA,Miami Heat,0040500114,2006-04-30T00:00:00,MIA @ CHI,L,5.716666666666667,0,2,0.0,0,0,0.0,0,0,0.0,0,0,0,1,0,0,0,0,1,0,0,0,1.5,0,0,1.0,1,851,851,851,1510,1368,1280,1368,587,938,587,990,1042,990,896,1386,1473,731,1060,742,500,1,248,1252,1439,762,1539,151,4,1557,,5:43,1
2005-06,1800,Damon Jones,Damon,1610612739,CLE,Cleveland Cavaliers,0040500134,2006-04-30T00:00:00,CLE @ WAS,L,5.805,0,1,0.0,0,1,0.0,0,0,0.0,1,0,1,0,1,0,0,0,3,0,0,1,0.2,0,0,1.0,1,851,851,851,1504,1368,1422,1368,587,709,587,990,1042,990,478,1386,1241,1087,614,742,500,1,893,1252,1439,689,1599,151,4,1557,,5:48,1
2005-06,1956,Ira Newble,Ira,1610612739,CLE,Cleveland Cavaliers,0040500134,2006-04-30T00:00:00,CLE @ WAS,L,0.8616666666666667,0,0,0.0,0,0,0.0,0,0,0.0,0,0,0,0,0,0,0,0,0,0,0,-1,0.0,0,0,0.0,1,851,851,851,1674,1368,1565,1368,587,938,587,990,1042,990,896,1386,1473,1087,1060,742,500,1,1,1252,1439,859,1605,151,4,1610,,0:52,1
2005-06,2562,Sasha Pavlovic,Sasha,1610612739,CLE,Cleveland Cavaliers,0040500134,2006-04-30T00:00:00,CLE @ WAS,L,0.42833333333333334,0,0,0.0,0,0,0.0,0,0,0.0,0,0,0,0,0,0,0,0,0,0,0,-2,0.0,0,0,0.0,1,851,851,851,1700,1368,1565,1368,587,938,587,990,1042,990,896,1386,1473,1087,1060,742,500,1,1,1252,1439,943,1605,151,4,1610,,0:26,1
2005-06,101179,Ronnie Price,Ronnie,1610612758,SAC,Sacramento Kings,0040500144,2006-04-30T00:00:00,SAC vs. SAS,W,3.2,0,1,0.0,0,0,0.0,0,0,0.0,0,0,0,0,0,0,0,0,0,0,0,-5,0.0,0,0,0.0,1,1,1,1,1585,1368,1422,1368,587,938,587,990,1042,990,896,1386,1473,1087,1060,742,500,1,1,1252,1439,1189,1605,151,4,1610,,3:12,1
2005-06,958,Vitaly Potapenko,Vitaly,1610612758,SAC,Sacramento Kings,0040500144,2006-04-30T00:00:00,SAC vs. SAS,W,3.316666666666667,0,1,0.0,0,0,0.0,0,0,0.0,0,0,0,0,0,0,0,0,2,0,0,-8,0.0,0,0,0.0,1,1,1,1,1581,1368,1422,1368,587,938,587,990,1042,990,896,1386,1473,1087,1060,742,500,1,542,1252,1439,1363,1605,151,4,1610,,3:19,1
2005-06,2457,Jannero Pargo,Jannero,1610612741,CHI,Chicago Bulls,0040500114,2006-04-30T00:00:00,CHI vs. MIA,W,0.935,0,0,0.0,0,0,0.0,0,0,0.0,0,0,0,0,1,0,0,0,0,0,0,-2,-1.0,0,0,0.0,1,1,1,1,1668,1368,1565,1368,587,938,587,990,1042,990,896,1386,1473,1087,614,742,500,1,1,1252,1439,943,1708,151,4,1610,,0:56,1
2005-06,2078,Jason Hart,Jason,1610612758,SAC,Sacramento Kings,0040500144,2006-04-30T00:00:00,SAC vs. SAS,W,8.016666666666667,0,0,0.0,0,0,0.0,0,0,0.0,0,0,0,0,1,0,0,0,1,0,0,-6,-1.0,0,0,0.0,1,1,1,1,1438,1368,1565,1368,587,938,587,990,1042,990,896,1386,1473,1087,614,742,500,1,248,1252,1439,1251,1708,151,4,1610,,8:01,1
2005-06,1713,Vince Carter,Vince,1610612751,NJN,New Jersey Nets,0040500124,2006-04-29T00:00:00,NJN @ IND,W,38.31666666666667,9,15,0.6,1,2,0.5,9,12,0.75,2,4,6,7,0,6,1,0,5,8,28,20,66.7,0,0,56.0,1,1,1,1,382,116,255,311,284,529,183,49,41,566,252,431,386,67,1060,1,157,1,1489,70,94,69,9,151,4,29,,38:19,1
2005-06,1717,Dirk Nowitzki,Dirk,1610612742,DAL,Dallas Mavericks,0040500173,2006-04-29T00:00:00,DAL @ MEM,W,48.005,12,25,0.48,4,10,0.4,8,9,0.889,2,7,9,5,1,0,1,1,2,9,36,4,56.3,0,0,56.0,1,1,1,1,28,37,16,712,17,6,327,69,93,425,252,144,161,141,614,742,157,1178,542,40,18,504,43,151,4,29,,48:00,1
2005-06,2072,Michael Redd,Michael,1610612749,MIL,Milwaukee Bucks,0040500103,2006-04-29T00:00:00,MIL vs. DET,W,34.55,14,21,0.667,4,5,0.8,8,8,1.0,3,2,5,2,0,0,0,0,1,7,40,31,49.0,0,0,51.0,1,1,1,1,547,11,67,197,17,141,84,69,129,1,128,827,510,491,1060,742,500,1,248,106,10,9,89,151,4,52,,34:33,1
2005-06,1497,Chauncey Billups,Chauncey,1610612765,DET,Detroit Pistons,0040500103,2006-04-29T00:00:00,DET @ MIL,L,36.95,7,16,0.438,2,7,0.286,10,11,0.909,0,6,6,6,4,2,0,1,3,6,26,-24,44.2,0,0,44.0,1,851,851,851,431,269,208,811,125,42,469,40,50,415,896,208,386,97,71,82,500,1178,893,145,118,1697,139,151,4,114,,36:57,1
2005-06,979,Jermaine O'Neal,Jermaine,1610612754,IND,Indiana Pacers,0040500124,2006-04-29T00:00:00,IND vs. NJN,L,31.583333333333332,8,15,0.533,0,0,0.0,6,9,0.667,1,6,7,2,5,1,2,0,6,6,22,1,37.4,0,0,37.0,1,851,851,851,669,178,255,458,587,938,587,142,93,657,478,208,284,491,36,274,67,1,1663,145,190,689,246,151,4,208,,31:35,1
2005-06,1889,Andre Miller,Andre,1610612743,DEN,Denver Nuggets,0040500164,2006-04-29T00:00:00,DEN vs. LAC,L,38.51166666666666,7,13,0.538,0,0,0.0,0,0,0.0,1,3,4,9,7,3,1,2,2,1,14,-1,37.3,0,0,35.0,1,851,851,851,373,269,359,446,587,938,587,990,1042,990,478,615,647,34,4,32,157,1566,542,926,478,859,248,151,4,250,,38:31,1
2005-06,2546,Carmelo Anthony,Carmelo,1610612743,DEN,Denver Nuggets,0040500164,2006-04-29T00:00:00,DEN vs. LAC,L,34.43333333333333,5,17,0.294,0,2,0.0,7,8,0.875,3,8,11,4,4,1,0,0,6,9,17,-8,35.2,1,0,34.0,1,851,851,851,555,456,166,1188,587,529,587,101,129,437,128,100,82,208,71,274,500,1,1663,40,353,1363,297,1,4,267,,34:26,1
2005-06,2733,Shaun Livingston,Shaun,1610612746,LAC,Los Angeles Clippers,0040500164,2006-04-29T00:00:00,LAC @ DEN,W,32.115,7,10,0.7,0,0,0.0,2,2,1.0,0,6,6,6,4,3,0,0,1,3,16,18,37.2,0,0,34.0,1,1,1,1,653,269,572,188,587,938,587,530,647,1,896,208,386,97,71,32,500,1,248,471,399,91,252,151,4,267,,32:07,1
2005-06,2551,T.J. Ford,T.J.,1610612749,MIL,Milwaukee Bucks,0040500103,2006-04-29T00:00:00,MIL vs. DET,W,30.166666666666668,2,5,0.4,0,0,0.0,3,3,1.0,0,7,7,15,1,2,0,0,4,2,7,23,42.9,0,0,33.0,1,1,1,1,724,933,962,896,587,938,587,405,561,1,896,144,284,2,614,82,500,1,1222,675,897,44,157,151,4,291,,30:10,1
2005-06,1891,Jason Terry,Jason,1610612742,DAL,Dallas Mavericks,0040500173,2006-04-29T00:00:00,DAL @ MEM,W,45.82333333333333,9,22,0.409,0,5,0.0,4,5,0.8,1,3,4,4,0,1,0,1,3,6,22,15,35.8,0,0,32.0,1,1,1,1,74,116,55,890,587,141,587,284,332,518,478,615,647,208,1060,274,500,1178,893,145,190,124,285,151,4,315,,45:49,1
2005-06,2210,Richard Jefferson,Richard,1610612751,NJN,New Jersey Nets,0040500124,2006-04-29T00:00:00,NJN @ IND,W,43.5,9,17,0.529,1,4,0.25,3,4,0.75,0,3,3,4,3,1,0,1,2,4,22,4,31.6,0,0,32.0,1,1,1,1,139,116,166,471,284,234,480,405,399,566,896,615,832,208,164,274,500,1178,542,316,190,504,375,151,4,315,,43:30,1
2005-06,224,Eddie Jones,Eddie,1610612763,MEM,Memphis Grizzlies,0040500173,2006-04-29T00:00:00,MEM vs. DAL,L,47.52,4,11,0.364,0,2,0.0,6,7,0.857,2,4,6,5,0,2,1,0,3,6,14,-5,37.7,0,0,31.0,1,851,851,851,42,580,490,1010,587,529,587,142,195,459,252,431,386,141,1060,82,157,1,893,145,478,1189,241,151,4,346,,47:31,1
2005-06,467,Jason Kidd,Jason,1610612751,NJN,New Jersey Nets,0040500124,2006-04-29T00:00:00,NJN @ IND,W,42.06666666666667,4,14,0.286,0,4,0.0,2,2,1.0,0,6,6,8,2,3,0,2,3,4,10,7,36.2,0,0,30.0,1,1,1,1,194,580,306,1192,587,234,587,530,647,1,896,208,386,49,358,32,500,1566,893,316,683,352,273,151,4,374,,42:04,1
2005-06,1894,Corey Maggette,Corey,1610612746,LAC,Los Angeles Clippers,0040500164,2006-04-29T00:00:00,LAC @ DEN,W,28.995,4,9,0.444,0,1,0.0,11,12,0.917,0,6,6,3,1,0,1,1,5,5,19,16,32.7,0,0,30.0,1,1,1,1,765,580,639,780,587,709,587,28,41,413,896,208,386,335,614,742,157,1178,1489,217,298,106,354,151,4,374,,28:60,1
2005-06,2209,Vladimir Radmanovic,Vladimir,1610612746,LAC,Los Angeles Clippers,0040500164,2006-04-29T00:00:00,LAC @ DEN,W,26.89666666666667,5,7,0.714,4,5,0.8,0,0,0.0,0,4,4,4,1,2,0,0,3,0,14,1,29.8,0,0,30.0,1,1,1,1,859,456,786,178,17,141,84,990,1042,990,896,431,647,208,614,82,500,1,893,1252,478,689,427,151,4,374,,26:54,1
2005-06,739,Rasheed Wallace,Rasheed,1610612765,DET,Detroit Pistons,0040500103,2006-04-29T00:00:00,DET @ MIL,L,35.983333333333334,7,11,0.636,3,6,0.5,1,6,0.167,2,4,6,1,0,0,1,0,4,4,18,-28,29.7,0,0,30.0,1,851,851,851,479,269,490,268,57,84,183,793,232,983,252,431,386,731,1060,742,157,1,1222,316,328,1709,432,151,4,374,,35:59,1
2005-06,1088,Chucky Atkins,Chucky,1610612763,MEM,Memphis Grizzlies,0040500173,2006-04-29T00:00:00,MEM vs. DAL,L,35.56666666666667,8,16,0.5,3,5,0.6,1,2,0.5,0,2,2,3,1,1,0,0,5,2,20,-3,28.9,0,0,30.0,1,851,851,851,489,178,208,488,57,141,149,793,647,768,896,827,1021,335,614,274,500,1,1489,675,258,1032,454,151,4,374,,35:34,1
2005-06,2420,Nenad Krstic,Nenad,1610612751,NJN,New Jersey Nets,0040500124,2006-04-29T00:00:00,NJN @ IND,W,34.71666666666667,10,16,0.625,0,0,0.0,1,2,0.5,2,6,8,0,3,0,0,0,4,3,21,5,27.6,0,0,29.0,1,1,1,1,535,84,208,280,587,938,587,793,647,768,252,208,214,1087,164,742,500,1,1222,471,222,444,496,151,4,401,,34:43,1
2005-06,953,Lorenzen Wright,Lorenzen,1610612763,MEM,Memphis Grizzlies,0040500173,2006-04-29T00:00:00,MEM vs. DAL,L,39.945,3,6,0.5,0,0,0.0,4,4,1.0,5,5,10,2,0,0,3,1,2,2,10,-9,34.0,1,0,28.0,1,851,851,851,292,742,878,488,587,938,587,284,399,1,26,311,114,491,1060,742,25,1178,542,675,683,1409,318,1,4,435,,39:57,1
2005-06,948,Marcus Camby,Marcus,1610612743,DEN,Denver Nuggets,0040500164,2006-04-29T00:00:00,DEN vs. LAC,L,38.568333333333335,7,14,0.5,0,0,0.0,0,0,0.0,0,6,6,2,0,0,3,0,2,3,14,-7,33.2,0,0,28.0,1,851,851,851,364,269,306,488,587,938,587,990,1042,990,896,208,386,491,1060,742,25,1,542,471,478,1313,344,151,4,435,,38:34,1
2005-06,2200,Pau Gasol,Pau,1610612763,MEM,Memphis Grizzlies,0040500173,2006-04-29T00:00:00,MEM vs. DAL,L,39.91,6,17,0.353,0,0,0.0,4,6,0.667,1,6,7,3,4,0,1,1,5,6,16,3,27.9,0,0,28.0,1,851,851,851,295,351,166,1039,587,938,587,284,232,657,478,208,284,335,71,742,157,1178,1489,145,399,567,485,151,4,435,,39:55,1
2005-06,693,Joe Smith,Joe,1610612749,MIL,Milwaukee Bucks,0040500103,2006-04-29T00:00:00,MIL vs. DET,W,21.25,4,5,0.8,0,0,0.0,5,5,1.0,0,7,7,2,0,1,1,0,5,4,13,4,30.4,0,0,26.0,1,1,1,1,1051,580,962,113,587,938,587,203,332,1,896,144,284,491,1060,274,157,1,1489,316,534,504,406,151,4,498,,21:15,1
2005-06,2572,Josh Howard,Josh,1610612742,DAL,Dallas Mavericks,0040500173,2006-04-29T00:00:00,DAL @ MEM,W,33.79333333333334,6,13,0.462,1,3,0.333,3,4,0.75,2,4,6,1,3,1,0,1,5,5,16,12,24.7,0,0,26.0,1,1,1,1,581,351,359,732,284,362,369,405,399,566,252,431,386,731,164,274,500,1178,1489,217,399,186,590,151,4,498,,33:48,1
2005-06,1506,Austin Croshere,Austin,1610612754,IND,Indiana Pacers,0040500124,2006-04-29T00:00:00,IND vs. NJN,L,40.3,4,7,0.571,4,6,0.667,3,4,0.75,1,2,3,4,1,0,0,0,4,2,15,0,23.6,0,0,26.0,1,851,851,851,272,580,786,369,17,84,108,405,399,566,478,827,832,208,614,742,500,1,1222,675,442,762,622,151,4,498,,40:18,1
2005-06,1882,Elton Brand,Elton,1610612746,LAC,Los Angeles Clippers,0040500164,2006-04-29T00:00:00,LAC @ DEN,W,37.195,5,14,0.357,0,0,0.0,1,1,1.0,3,7,10,4,5,0,0,1,3,5,11,13,24.0,1,0,25.0,1,1,1,1,422,456,306,1032,587,938,587,793,974,1,128,144,114,208,36,742,500,1178,893,217,622,166,608,1,4,532,,37:12,1
2005-06,2549,Chris Kaman,Chris,1610612746,LAC,Los Angeles Clippers,0040500164,2006-04-29T00:00:00,LAC @ DEN,W,31.061666666666667,6,9,0.667,0,0,0.0,0,0,0.0,0,5,5,2,3,1,2,0,2,2,12,16,27.0,0,0,25.0,1,1,1,1,697,351,639,197,587,938,587,990,1042,990,896,311,510,491,164,274,67,1,542,675,571,106,520,151,4,532,,31:04,1
2005-06,2048,Jamaal Magloire,Jamaal,1610612749,MIL,Milwaukee Bucks,0040500103,2006-04-29T00:00:00,MIL vs. DET,W,28.785,5,8,0.625,0,0,0.0,2,4,0.5,2,5,7,1,1,0,2,0,3,4,12,19,26.9,0,0,24.0,1,1,1,1,777,456,699,280,587,938,587,530,399,768,252,311,284,731,614,742,67,1,893,316,571,76,525,151,4,562,,28:47,1
2005-06,2590,Mo Williams,Mo,1610612749,MIL,Milwaukee Bucks,0040500103,2006-04-29T00:00:00,MIL vs. DET,W,17.833333333333332,9,10,0.9,2,3,0.667,0,0,0.0,0,0,0,2,0,0,0,0,4,0,20,-3,23.0,0,0,24.0,1,1,1,1,1149,116,572,97,125,362,108,990,1042,990,896,1386,1473,491,1060,742,500,1,1222,1252,258,1032,641,151,4,562,,17:50,1
2005-06,686,Antonio McDyess,Antonio,1610612765,DET,Detroit Pistons,0040500103,2006-04-29T00:00:00,DET @ MIL,L,25.05,4,5,0.8,0,0,0.0,5,6,0.833,3,5,8,2,1,0,0,0,2,4,13,-10,24.6,0,0,23.0,1,851,851,851,921,580,962,113,587,938,587,203,232,479,128,311,214,491,614,742,500,1,542,316,534,1457,593,151,4,596,,25:03,1
2005-06,2250,Bobby Simmons,Bobby,1610612749,MIL,Milwaukee Bucks,0040500103,2006-04-29T00:00:00,MIL vs. DET,W,34.833333333333336,4,11,0.364,2,4,0.5,0,0,0.0,1,3,4,3,2,2,0,1,1,1,10,23,23.3,0,0,23.0,1,1,1,1,526,580,490,1010,125,234,183,990,1042,990,478,615,647,335,358,82,500,1178,248,926,683,44,631,151,4,596,,34:50,1
2005-06,389,Toni Kukoc,Toni,1610612749,MIL,Milwaukee Bucks,0040500103,2006-04-29T00:00:00,MIL vs. DET,W,21.116666666666667,3,4,0.75,3,4,0.75,1,2,0.5,0,2,2,6,2,1,0,0,3,2,10,12,22.4,0,0,23.0,1,1,1,1,1053,742,1052,133,57,234,93,793,647,768,896,827,1021,97,358,274,500,1,893,675,683,186,658,151,4,596,,21:07,1
2005-06,101122,Danny Granger,Danny,1610612754,IND,Indiana Pacers,0040500124,2006-04-29T00:00:00,IND vs. NJN,L,31.133333333333333,3,5,0.6,2,2,1.0,2,2,1.0,0,8,8,1,2,0,1,0,2,1,10,5,22.1,0,0,23.0,1,851,851,851,693,742,962,311,125,529,1,530,647,1,896,100,214,731,358,742,157,1,542,926,683,444,672,151,4,596,,31:08,1
2005-06,1536,Stephen Jackson,Stephen,1610612754,IND,Indiana Pacers,0040500124,2006-04-29T00:00:00,IND vs. NJN,L,41.733333333333334,4,14,0.286,1,4,0.25,4,5,0.8,0,3,3,3,6,1,0,1,4,5,13,-4,18.1,0,0,22.0,1,851,851,851,212,580,306,1192,284,234,480,284,332,518,896,615,832,335,15,274,500,1178,1222,217,534,1108,843,151,4,628,,41:44,1
2005-06,283,Lindsey Hunter,Lindsey,1610612765,DET,Detroit Pistons,0040500103,2006-04-29T00:00:00,DET @ MIL,L,13.9,4,8,0.5,2,6,0.333,4,4,1.0,0,0,0,3,0,1,0,0,3,3,14,-3,21.5,0,0,21.0,1,851,851,851,1266,580,699,488,125,84,369,284,399,1,896,1386,1473,335,1060,274,500,1,893,471,478,1032,702,151,4,659,,13:54,1
2005-06,1533,Anthony Johnson,Anthony,1610612754,IND,Indiana Pacers,0040500124,2006-04-29T00:00:00,IND vs. NJN,L,34.14833333333333,5,9,0.556,1,3,0.333,1,2,0.5,2,2,4,4,6,0,0,0,4,3,12,-1,16.8,0,0,21.0,1,851,851,851,567,456,639,412,284,362,369,793,647,768,252,827,647,208,15,742,500,1,1222,471,571,859,887,151,4,659,,34:09,1
2005-06,2203,Shane Battier,Shane,1610612763,MEM,Memphis Grizzlies,0040500173,2006-04-29T00:00:00,MEM vs. DAL,L,43.13333333333333,4,8,0.5,1,3,0.333,1,3,0.333,1,5,6,1,0,1,0,0,4,5,10,-3,21.7,0,0,20.0,1,851,851,851,159,580,699,488,284,362,369,793,561,943,478,311,386,731,1060,274,500,1,1222,217,683,1032,695,151,4,704,,43:08,1
2005-06,1863,Earl Boykins,Earl,1610612743,DEN,Denver Nuggets,0040500164,2006-04-29T00:00:00,DEN vs. LAC,L,18.955,4,11,0.364,3,7,0.429,0,0,0.0,2,0,2,4,0,0,0,1,1,0,11,-22,19.4,0,0,20.0,1,851,851,851,1117,580,490,1010,57,42,317,990,1042,990,252,1386,1021,208,1060,742,500,1178,248,1252,622,1685,779,151,4,704,,18:57,1
2005-06,2624,Quinton Ross,Quinton,1610612746,LAC,Los Angeles Clippers,0040500164,2006-04-29T00:00:00,LAC @ DEN,W,25.583333333333332,3,5,0.6,0,0,0.0,0,0,0.0,1,4,5,4,0,1,1,1,3,1,6,14,24.0,0,0,19.0,1,1,1,1,905,742,962,311,587,938,587,990,1042,990,478,431,510,208,1060,274,157,1178,893,926,957,146,608,151,4,745,,25:35,1
2005-06,1559,Adrian Griffin,Adrian,1610612742,DAL,Dallas Mavericks,0040500173,2006-04-29T00:00:00,DAL @ MEM,W,30.905,2,4,0.5,0,0,0.0,0,0,0.0,6,3,9,4,0,1,0,0,4,2,4,-6,23.8,0,0,19.0,1,1,1,1,703,933,1052,488,587,938,587,990,1042,990,10,615,161,208,1060,274,500,1,1222,675,1100,1251,613,151,4,745,,30:54,1
2005-06,1761,Greg Buckner,Greg,1610612743,DEN,Denver Nuggets,0040500164,2006-04-29T00:00:00,DEN vs. LAC,L,34.99,5,13,0.385,1,7,0.143,0,0,0.0,0,3,3,2,0,1,0,0,4,2,11,2,20.6,0,0,19.0,1,851,851,851,517,456,359,965,284,42,577,990,1042,990,896,615,832,491,1060,274,500,1,1222,675,622,625,729,151,4,745,,34:59,1
2005-06,956,Erick Dampier,Erick,1610612742,DAL,Dallas Mavericks,0040500173,2006-04-29T00:00:00,DAL @ MEM,W,28.591666666666665,1,3,0.333,0,0,0.0,0,0,0.0,4,5,9,1,0,1,2,1,4,0,2,8,23.3,0,0,18.0,1,1,1,1,782,1118,1167,1051,587,938,587,990,1042,990,55,311,161,731,1060,274,67,1178,1222,1252,1253,318,631,151,4,772,,28:36,1
2005-06,208,Sam Cassell,Sam,1610612746,LAC,Los Angeles Clippers,0040500164,2006-04-29T00:00:00,LAC @ DEN,W,20.446666666666665,4,11,0.364,1,1,1.0,2,3,0.667,0,1,1,2,3,1,0,2,2,4,11,0,15.2,0,0,17.0,1,1,1,1,1073,580,490,1010,284,709,1,530,561,657,896,1103,1241,491,164,274,500,1566,542,316,622,762,943,151,4,827,,20:27,1
2005-06,711,Jerry Stackhouse,Jerry,1610612742,DAL,Dallas Mavericks,0040500173,2006-04-29T00:00:00,DAL @ MEM,W,33.68666666666667,4,12,0.333,0,2,0.0,2,2,1.0,2,3,5,1,3,0,0,0,5,3,10,8,14.5,0,0,16.0,1,1,1,1,586,580,425,1051,587,529,587,530,647,1,252,615,510,731,164,742,500,1,1489,471,683,318,971,151,4,871,,33:41,1
2005-06,2215,Jason Collins,Jason,1610612751,NJN,New Jersey Nets,0040500124,2006-04-29T00:00:00,NJN @ IND,W,32.72666666666667,1,4,0.25,0,0,0.0,4,5,0.8,3,2,5,0,0,2,0,1,5,6,6,21,18.0,0,0,15.0,1,1,1,1,632,1118,1052,1236,587,938,587,284,332,518,128,827,510,1087,1060,82,500,1178,1489,145,957,62,848,151,4,904,,32:44,1
2005-06,960,Tony Delk,Tony,1610612765,DET,Detroit Pistons,0040500103,2006-04-29T00:00:00,DET @ MIL,L,14.083333333333334,2,3,0.667,1,2,0.5,1,2,0.5,0,1,1,3,1,2,0,0,0,1,6,9,16.7,0,0,15.0,1,851,851,851,1260,933,1167,197,284,529,183,793,647,768,896,1103,1241,335,614,82,500,1,1,926,957,285,890,151,4,904,,14:05,1
2005-06,2035,DerMarr Johnson,DerMarr,1610612743,DEN,Denver Nuggets,0040500164,2006-04-29T00:00:00,DEN vs. LAC,L,13.283333333333333,2,5,0.4,1,4,0.25,0,0,0.0,0,4,4,2,1,0,1,0,0,1,5,1,14.8,0,0,14.0,1,851,851,851,1281,933,962,896,284,234,480,990,1042,990,896,431,647,491,614,742,157,1,1,926,1046,689,959,151,4,939,,13:17,1
2005-06,101106,Andrew Bogut,Andrew,1610612749,MIL,Milwaukee Bucks,0040500103,2006-04-29T00:00:00,MIL vs. DET,W,25.731666666666666,4,9,0.444,0,0,0.0,0,0,0.0,2,0,2,2,2,1,0,2,3,0,8,10,14.4,0,0,14.0,1,1,1,1,901,580,639,780,587,938,587,990,1042,990,252,1386,1021,491,358,274,500,1566,893,1252,812,252,975,151,4,939,,25:44,1
2005-06,101124,Hakim Warrick,Hakim,1610612763,MEM,Memphis Grizzlies,0040500173,2006-04-29T00:00:00,MEM vs. DAL,L,13.2,2,7,0.286,0,0,0.0,7,8,0.875,1,0,1,0,1,1,0,1,1,6,11,-5,14.2,0,0,14.0,1,851,851,851,1287,933,786,1192,587,938,587,101,129,437,478,1386,1241,1087,614,274,500,1178,248,145,622,1189,982,151,4,939,,13:12,1
2005-06,1888,Richard Hamilton,Richard,1610612765,DET,Detroit Pistons,0040500103,2006-04-29T00:00:00,DET @ MIL,L,31.066666666666666,4,14,0.286,2,4,0.5,0,0,0.0,0,0,0,2,2,0,0,1,5,3,10,-22,11.0,0,0,14.0,1,851,851,851,696,580,306,1192,125,234,183,990,1042,990,896,1386,1473,491,358,742,500,1178,1489,471,683,1685,1116,151,4,939,,31:04,1
2005-06,101180,Sarunas Jasikevicius,Sarunas,1610612754,IND,Indiana Pacers,0040500124,2006-04-29T00:00:00,IND vs. NJN,L,13.851666666666667,1,4,0.25,1,4,0.25,0,0,0.0,0,3,3,4,0,0,1,0,1,4,3,-8,15.6,0,0,13.0,1,851,851,851,1268,1118,1052,1236,284,234,480,990,1042,990,896,615,832,208,1060,742,157,1,248,316,1180,1363,930,151,4,985,,13:51,1
2005-06,1749,Cuttino Mobley,Cuttino,1610612746,LAC,Los Angeles Clippers,0040500164,2006-04-29T00:00:00,LAC @ DEN,W,35.25,3,11,0.273,0,2,0.0,5,6,0.833,1,0,1,1,1,0,0,0,2,3,11,-2,12.7,0,0,13.0,1,1,1,1,502,742,490,1223,587,529,587,203,232,479,478,1386,1241,731,614,742,500,1,542,471,622,943,1044,151,4,985,,35:15,1
2005-06,2758,David Harrison,David,1610612754,IND,Indiana Pacers,0040500124,2006-04-29T00:00:00,IND vs. NJN,L,9.718333333333334,2,3,0.667,0,0,0.0,6,10,0.6,1,2,3,0,1,0,0,0,3,5,10,-1,12.6,0,0,13.0,1,851,851,851,1392,933,1167,197,587,938,587,142,66,740,478,827,832,1087,614,742,500,1,893,217,683,859,1049,151,4,985,,9:43,1
2005-06,2034,Mike Miller,Mike,1610612763,MEM,Memphis Grizzlies,0040500173,2006-04-29T00:00:00,MEM vs. DAL,L,16.75,3,7,0.429,0,2,0.0,0,0,0.0,1,3,4,2,1,0,0,1,4,0,6,-5,12.8,0,0,12.0,1,851,851,851,1182,742,786,821,587,529,587,990,1042,990,478,615,647,491,614,742,500,1178,1222,1252,957,1189,1040,151,4,1038,,16:45,1
2005-06,2230,Maurice Evans,Maurice,1610612765,DET,Detroit Pistons,0040500103,2006-04-29T00:00:00,DET @ MIL,L,11.05,4,5,0.8,1,1,1.0,1,2,0.5,0,0,0,1,0,0,0,1,1,1,10,9,11.5,0,0,12.0,1,851,851,851,1349,580,962,113,284,709,1,793,647,768,896,1386,1473,731,1060,742,500,1178,248,926,683,285,1092,151,4,1038,,11:03,1
2005-06,1112,Ben Wallace,Ben,1610612765,DET,Detroit Pistons,0040500103,2006-04-29T00:00:00,DET @ MIL,L,28.533333333333335,0,1,0.0,0,0,0.0,1,4,0.25,1,4,5,1,1,1,1,0,2,2,1,-14,13.5,0,0,11.0,1,851,851,851,786,1368,1422,1368,587,938,587,793,399,968,478,431,510,731,614,274,157,1,542,675,1415,1574,1013,151,4,1087,,28:32,1
2005-06,2419,Tayshaun Prince,Tayshaun,1610612765,DET,Detroit Pistons,0040500103,2006-04-29T00:00:00,DET @ MIL,L,36.95,2,7,0.286,0,2,0.0,2,2,1.0,1,0,1,2,2,0,1,0,1,3,6,-29,11.2,0,0,11.0,1,851,851,851,431,933,786,1192,587,529,587,530,647,1,478,1386,1241,491,358,742,157,1,248,471,957,1712,1106,151,4,1087,,36:57,1
2005-06,361,Clifford Robinson,Clifford,1610612751,NJN,New Jersey Nets,0040500124,2006-04-29T00:00:00,NJN @ IND,W,25.356666666666666,2,5,0.4,1,2,0.5,0,0,0.0,0,4,4,0,1,0,0,0,6,0,5,-9,8.8,0,0,10.0,1,1,1,1,910,933,962,896,284,529,183,990,1042,990,896,431,647,1087,614,742,500,1,1663,1252,1046,1409,1216,151,4,1125,,25:21,1
2005-06,1739,Ruben Patterson,Ruben,1610612743,DEN,Denver Nuggets,0040500164,2006-04-29T00:00:00,DEN vs. LAC,L,8.193333333333333,3,4,0.75,0,0,0.0,0,0,0.0,1,1,2,1,0,0,0,1,2,0,6,-10,9.9,0,0,9.0,1,851,851,851,1432,742,1052,133,587,938,587,990,1042,990,478,1103,1021,731,1060,742,500,1178,542,1252,957,1457,1173,151,4,1164,,8:12,1
2005-06,2410,Fred Jones,Fred,1610612754,IND,Indiana Pacers,0040500124,2006-04-29T00:00:00,IND vs. NJN,L,24.015,1,3,0.333,1,2,0.5,0,0,0.0,0,0,0,3,1,1,0,0,0,2,3,-20,9.5,0,0,9.0,1,851,851,851,970,1118,1167,1051,284,529,183,990,1042,990,896,1386,1473,335,614,274,500,1,1,675,1180,1669,1181,151,4,1164,,24:01,1
2005-06,2205,DeSagana Diop,DeSagana,1610612742,DAL,Dallas Mavericks,0040500173,2006-04-29T00:00:00,DAL @ MEM,W,23.928333333333335,0,0,0.0,0,0,0.0,0,0,0.0,0,6,6,0,0,0,1,0,3,1,0,-4,10.2,0,0,8.0,1,1,1,1,972,1368,1565,1368,587,938,587,990,1042,990,896,208,386,1087,1060,742,157,1,893,926,1439,1108,1156,151,4,1212,,23:56,1
2005-06,1902,Jeff Foster,Jeff,1610612754,IND,Indiana Pacers,0040500124,2006-04-29T00:00:00,IND vs. NJN,L,11.266666666666667,0,2,0.0,0,0,0.0,0,0,0.0,2,3,5,0,0,1,0,0,2,1,0,-10,9.0,0,0,7.0,1,851,851,851,1342,1368,1280,1368,587,938,587,990,1042,990,252,615,510,1087,1060,274,500,1,542,926,1439,1457,1207,151,4,1252,,11:16,1
2005-06,1517,Bobby Jackson,Bobby,1610612763,MEM,Memphis Grizzlies,0040500173,2006-04-29T00:00:00,MEM vs. DAL,L,17.445,1,3,0.333,0,1,0.0,0,0,0.0,0,4,4,0,2,0,0,0,0,0,2,-2,4.8,0,0,6.0,1,851,851,851,1166,1118,1167,1051,587,709,587,990,1042,990,896,431,647,1087,358,742,500,1,1,1252,1253,943,1374,151,4,1292,,17:27,1
2005-06,2568,Carlos Delfino,Carlos,1610612765,DET,Detroit Pistons,0040500103,2006-04-29T00:00:00,DET @ MIL,L,3.216666666666667,0,0,0.0,0,0,0.0,0,0,0.0,0,2,2,1,0,1,0,0,0,0,0,6,6.9,0,0,5.0,1,851,851,851,1583,1368,1565,1368,587,938,587,990,1042,990,896,827,1021,731,1060,274,500,1,1,1252,1439,391,1295,151,4,1338,,3:13,1
2005-06,2734,Devin Harris,Devin,1610612742,DAL,Dallas Mavericks,0040500173,2006-04-29T00:00:00,DAL @ MEM,W,7.176666666666667,1,4,0.25,0,0,0.0,2,2,1.0,0,1,1,0,1,0,0,1,1,1,4,-10,4.2,0,0,5.0,1,1,1,1,1462,1118,1052,1236,587,938,587,530,647,1,896,1103,1241,1087,614,742,500,1178,248,926,1100,1457,1407,151,4,1338,,7:11,1
2005-06,1521,Jacque Vaughn,Jacque,1610612751,NJN,New Jersey Nets,0040500124,2006-04-29T00:00:00,NJN @ IND,W,11.948333333333334,1,4,0.25,0,0,0.0,0,0,0.0,0,0,0,2,0,0,0,0,3,1,2,-2,5.0,0,0,4.0,1,1,1,1,1324,1118,1052,1236,587,938,587,990,1042,990,896,1386,1473,491,1060,742,500,1,893,926,1253,943,1364,151,4,1384,,11:57,1
2005-06,101132,Linas Kleiza,Linas,1610612743,DEN,Denver Nuggets,0040500164,2006-04-29T00:00:00,DEN vs. LAC,L,4.1,1,3,0.333,0,1,0.0,0,0,0.0,0,1,1,1,0,0,0,0,2,0,2,3,4.7,0,0,4.0,1,851,851,851,1565,1118,1167,1051,587,709,587,990,1042,990,896,1103,1241,731,1060,742,500,1,542,1252,1253,567,1380,151,4,1384,,4:06,1
2005-06,441,Lamond Murray,Lamond,1610612751,NJN,New Jersey Nets,0040500124,2006-04-29T00:00:00,NJN @ IND,W,9.05,1,1,1.0,1,1,1.0,0,0,0.0,0,0,0,0,0,0,0,0,1,0,3,-1,3.0,0,0,4.0,1,1,1,1,1406,1118,1422,1,284,709,1,990,1042,990,896,1386,1473,1087,1060,742,500,1,248,1252,1180,859,1467,151,4,1384,,9:03,1
2005-06,1922,Francisco Elson,Francisco,1610612743,DEN,Denver Nuggets,0040500164,2006-04-29T00:00:00,DEN vs. LAC,L,13.681666666666667,2,2,1.0,0,0,0.0,0,0,0.0,0,0,0,0,1,0,0,0,1,1,4,-14,3.0,0,0,4.0,1,851,851,851,1275,933,1280,1,587,938,587,990,1042,990,896,1386,1473,1087,614,742,500,1,248,926,1100,1574,1467,151,4,1384,,13:41,1
2005-06,2059,Eduardo Najera,Eduardo,1610612743,DEN,Denver Nuggets,0040500164,2006-04-29T00:00:00,DEN vs. LAC,L,24.666666666666668,0,1,0.0,0,0,0.0,1,2,0.5,0,2,2,0,1,0,0,0,1,3,1,-4,2.4,0,0,3.0,1,851,851,851,934,1368,1422,1368,587,938,587,793,647,768,896,827,1021,1087,614,742,500,1,248,471,1415,1108,1497,151,4,1449,,24:40,1
2005-06,2501,Reggie Evans,Reggie,1610612743,DEN,Denver Nuggets,0040500164,2006-04-29T00:00:00,DEN vs. LAC,L,10.616666666666667,0,2,0.0,0,1,0.0,1,2,0.5,1,1,2,0,1,0,0,0,2,1,1,-10,2.4,0,0,3.0,1,851,851,851,1359,1368,1280,1368,587,709,587,793,647,768,478,1103,1021,1087,614,742,500,1,542,926,1415,1457,1497,151,4,1449,,10:37,1
2005-06,2294,Charlie Bell,Charlie,1610612749,MIL,Milwaukee Bucks,0040500103,2006-04-29T00:00:00,MIL vs. DET,W,17.083333333333332,1,3,0.333,0,1,0.0,0,0,0.0,0,0,0,1,2,0,0,0,3,1,2,-7,1.5,0,0,3.0,1,1,1,1,1175,1118,1167,1051,587,709,587,990,1042,990,896,1386,1473,731,358,742,500,1,893,926,1253,1313,1539,151,4,1449,,17:05,1
2005-06,2412,Jiri Welsch,Jiri,1610612749,MIL,Milwaukee Bucks,0040500103,2006-04-29T00:00:00,MIL vs. DET,W,2.8833333333333333,1,1,1.0,0,0,0.0,0,0,0.0,0,0,0,0,0,0,0,0,0,0,2,-4,2.0,0,0,2.0,1,1,1,1,1596,1118,1422,1,587,938,587,990,1042,990,896,1386,1473,1087,1060,742,500,1,1,1252,1253,1108,1516,151,4,1498,,2:53,1
2005-06,2605,Marquis Daniels,Marquis,1610612742,DAL,Dallas Mavericks,0040500173,2006-04-29T00:00:00,DAL @ MEM,W,13.09,0,2,0.0,0,0,0.0,0,0,0.0,0,1,1,1,2,0,0,0,1,1,0,-2,0.7,0,0,2.0,1,1,1,1,1292,1368,1280,1368,587,938,587,990,1042,990,896,1103,1241,731,358,742,500,1,248,926,1439,943,1590,151,4,1498,,13:05,1
2005-06,1509,Kelvin Cato,Kelvin,1610612765,DET,Detroit Pistons,0040500103,2006-04-29T00:00:00,DET @ MIL,L,3.216666666666667,0,0,0.0,0,0,0.0,0,0,0.0,1,0,1,0,0,0,0,0,0,0,0,6,1.2,0,0,1.0,1,851,851,851,1583,1368,1565,1368,587,938,587,990,1042,990,478,1386,1241,1087,1060,742,500,1,1,1252,1439,391,1554,151,4,1557,,3:13,1
2005-06,2563,Dahntay Jones,Dahntay,1610612763,MEM,Memphis Grizzlies,0040500173,2006-04-29T00:00:00,MEM vs. DAL,L,5.53,0,0,0.0,0,0,0.0,0,0,0.0,0,1,1,0,0,0,0,0,1,1,0,0,1.2,0,0,1.0,1,851,851,851,1515,1368,1565,1368,587,938,587,990,1042,990,896,1103,1241,1087,1060,742,500,1,248,926,1439,762,1554,151,4,1557,,5:32,1
2005-06,101189,James Singleton,James,1610612746,LAC,Los Angeles Clippers,0040500164,2006-04-29T00:00:00,LAC @ DEN,W,0.805,0,0,0.0,0,0,0.0,0,0,0.0,0,1,1,0,0,0,0,0,0,0,0,-2,1.2,0,0,1.0,1,1,1,1,1676,1368,1565,1368,587,938,587,990,1042,990,896,1103,1241,1087,1060,742,500,1,1,1252,1439,943,1554,151,4,1557,,0:48,1
2005-06,1513,Scot Pollard,Scot,1610612754,IND,Indiana Pacers,0040500124,2006-04-29T00:00:00,IND vs. NJN,L,2.25,0,1,0.0,0,0,0.0,0,0,0.0,1,0,1,0,0,0,0,0,0,0,0,-7,1.2,0,0,1.0,1,851,851,851,1619,1368,1422,1368,587,938,587,990,1042,990,478,1386,1241,1087,1060,742,500,1,1,1252,1439,1313,1554,151,4,1557,,2:15,1
2005-06,911,Ervin Johnson,Ervin,1610612749,MIL,Milwaukee Bucks,0040500103,2006-04-29T00:00:00,MIL vs. DET,W,2.8833333333333333,0,1,0.0,0,0,0.0,0,0,0.0,0,1,1,0,1,0,0,0,0,0,0,-4,0.2,0,0,1.0,1,1,1,1,1596,1368,1422,1368,587,938,587,990,1042,990,896,1103,1241,1087,614,742,500,1,1,1252,1439,1108,1599,151,4,1557,,2:53,1
2005-06,2054,Jake Tsakalidis,Jake,1610612763,MEM,Memphis Grizzlies,0040500173,2006-04-29T00:00:00,MEM vs. DAL,L,6.0,0,1,0.0,0,0,0.0,0,0,0.0,0,1,1,0,2,0,0,0,3,0,0,4,-0.8,0,0,1.0,1,851,851,851,1496,1368,1422,1368,587,938,587,990,1042,990,896,1103,1241,1087,358,742,500,1,893,1252,1439,504,1707,151,4,1557,,6:00,1
2005-06,101137,Daniel Ewing,Daniel,1610612746,LAC,Los Angeles Clippers,0040500164,2006-04-29T00:00:00,LAC @ DEN,W,0.8466666666666667,0,0,0.0,0,0,0.0,0,0,0.0,0,0,0,0,0,0,0,0,0,0,0,-2,0.0,0,0,0.0,1,1,1,1,1675,1368,1565,1368,587,938,587,990,1042,990,896,1386,1473,1087,1060,742,500,1,1,1252,1439,943,1605,151,4,1610,,0:51,1
2005-06,962,Walter McCarty,Walter,1610612746,LAC,Los Angeles Clippers,0040500164,2006-04-29T00:00:00,LAC @ DEN,W,0.805,0,0,0.0,0,0,0.0,0,0,0.0,0,0,0,0,0,0,0,0,0,0,0,-2,0.0,0,0,0.0,1,1,1,1,1676,1368,1565,1368,587,938,587,990,1042,990,896,1386,1473,1087,1060,742,500,1,1,1252,1439,943,1605,151,4,1610,,0:48,1
2005-06,2429,Dan Gadzuric,Dan,1610612749,MIL,Milwaukee Bucks,0040500103,2006-04-29T00:00:00,MIL vs. DET,W,2.8833333333333333,0,0,0.0,0,0,0.0,0,0,0.0,0,0,0,0,0,0,0,0,0,0,0,-4,0.0,0,0,0.0,1,1,1,1,1596,1368,1565,1368,587,938,587,990,1042,990,896,1386,1473,1087,1060,742,500,1,1,1252,1439,1108,1605,151,4,1610,,2:53,1
2005-06,1519,John Thomas,John,1610612751,NJN,New Jersey Nets,0040500124,2006-04-29T00:00:00,NJN @ IND,W,2.3183333333333334,0,0,0.0,0,0,0.0,0,0,0.0,0,0,0,0,1,0,0,0,0,0,0,0,-1.0,0,0,0.0,1,1,1,1,1617,1368,1565,1368,587,938,587,990,1042,990,896,1386,1473,1087,614,742,500,1,1,1252,1439,762,1708,151,4,1610,,2:19,1
2005-06,1495,Tim Duncan,Tim,1610612759,SAS,San Antonio Spurs,0040500143,2006-04-28T00:00:00,SAS @ SAC,L,39.4,12,20,0.6,0,0,0.0,5,8,0.625,4,8,12,2,3,1,6,0,3,10,29,-2,64.4,1,0,57.0,1,851,851,851,327,37,82,311,587,938,587,203,129,725,55,100,60,491,164,274,1,1,893,24,83,943,19,1,4,22,,39:24,1
2005-06,2544,LeBron James,LeBron,1610612739,CLE,Cleveland Cavaliers,0040500133,2006-04-28T00:00:00,CLE @ WAS,W,47.623333333333335,16,28,0.571,3,5,0.6,6,9,0.667,1,4,5,3,4,2,0,3,3,7,41,1,53.5,0,0,56.0,1,1,1,1,40,4,6,369,57,141,149,142,93,657,478,431,510,335,71,82,500,1679,893,106,8,689,59,151,4,29,,47:37,1
2005-06,2240,Gilbert Arenas,Gilbert,1610612764,WAS,Washington Wizards,0040500133,2006-04-28T00:00:00,WAS vs. CLE,L,46.06666666666667,12,25,0.48,2,7,0.286,8,11,0.727,2,4,6,2,6,2,1,0,3,8,34,-5,47.2,0,0,50.0,1,851,851,851,67,37,16,712,125,42,469,69,50,641,252,431,386,491,15,82,157,1,893,70,29,1189,105,151,4,60,,46:04,1
2005-06,1710,Mike Bibby,Mike,1610612758,SAC,Sacramento Kings,0040500143,2006-04-28T00:00:00,SAC vs. SAS,W,48.0,7,17,0.412,2,5,0.4,9,9,1.0,1,2,3,8,6,3,0,1,3,7,25,1,43.6,0,0,44.0,1,1,1,1,29,269,166,883,125,141,327,49,93,1,478,827,832,49,15,32,500,1178,893,106,130,689,147,151,4,114,,48:00,1
2005-06,1885,Lamar Odom,Lamar,1610612747,LAL,Los Angeles Lakers,0040500153,2006-04-28T00:00:00,LAL vs. PHX,W,39.666666666666664,5,14,0.357,1,6,0.167,4,8,0.5,4,13,17,4,3,0,3,1,2,4,15,10,47.4,1,0,43.0,1,1,1,1,306,456,306,1032,284,84,562,284,129,768,55,14,9,208,164,742,25,1178,542,316,442,252,101,1,4,124,,39:40,1
2005-06,1897,Metta World Peace,Metta,1610612758,SAC,Sacramento Kings,0040500143,2006-04-28T00:00:00,SAC vs. SAS,W,43.68333333333333,8,15,0.533,1,4,0.25,5,10,0.5,3,9,12,1,1,1,2,1,2,6,22,6,45.9,1,0,42.0,1,1,1,1,135,178,255,458,284,234,480,203,66,768,128,63,60,731,614,274,67,1178,542,145,190,391,122,1,4,136,,43:41,1
2005-06,959,Steve Nash,Steve,1610612756,PHX,Phoenix Suns,0040500153,2006-04-28T00:00:00,PHX @ LAL,L,40.9,7,16,0.438,3,6,0.5,0,1,0.0,0,7,7,11,4,1,0,2,1,0,17,-11,40.9,1,0,40.0,1,851,851,851,248,269,208,811,57,84,183,990,974,990,896,144,284,12,71,274,500,1566,248,1252,353,1501,184,1,4,161,,40:54,1
2005-06,1719,Bonzi Wells,Bonzi,1610612758,SAC,Sacramento Kings,0040500143,2006-04-28T00:00:00,SAC vs. SAS,W,43.81666666666667,9,21,0.429,0,1,0.0,1,2,0.5,10,4,14,1,2,1,1,5,4,4,19,6,41.3,1,0,38.0,1,1,1,1,130,116,67,821,587,709,587,793,647,768,1,431,32,731,358,274,157,1715,1222,316,298,391,173,1,4,188,,43:49,1
2005-06,1501,Tim Thomas,Tim,1610612756,PHX,Phoenix Suns,0040500153,2006-04-28T00:00:00,PHX @ LAL,L,31.4,5,10,0.5,4,7,0.571,4,4,1.0,1,5,6,2,1,4,0,0,4,2,18,-1,39.2,0,0,38.0,1,851,851,851,677,456,572,488,17,42,171,284,399,1,478,311,386,491,614,5,500,1,1222,675,328,859,216,151,4,188,,31:24,1
2005-06,2198,Kwame Brown,Kwame,1610612747,LAL,Los Angeles Lakers,0040500153,2006-04-28T00:00:00,LAL vs. PHX,W,36.515,5,8,0.625,0,0,0.0,3,4,0.75,3,8,11,5,0,1,3,0,4,6,13,4,45.7,1,0,37.0,1,1,1,1,452,456,699,280,587,938,587,405,399,566,128,100,82,141,1060,274,25,1,1222,145,534,504,126,1,4,208,,36:31,1
2005-06,2406,Caron Butler,Caron,1610612764,WAS,Washington Wizards,0040500133,2006-04-28T00:00:00,WAS vs. CLE,L,46.21666666666667,8,16,0.5,0,2,0.0,4,4,1.0,1,10,11,2,2,1,1,0,4,2,20,-2,40.2,1,0,37.0,1,851,851,851,62,178,208,488,587,529,587,284,399,1,478,44,82,491,358,274,157,1,1222,675,258,943,194,1,4,208,,46:13,1
2005-06,977,Kobe Bryant,Kobe,1610612747,LAL,Los Angeles Lakers,0040500153,2006-04-28T00:00:00,LAL vs. PHX,W,45.666666666666664,6,18,0.333,0,3,0.0,5,6,0.833,1,4,5,7,4,4,0,2,2,5,17,11,41.5,0,0,37.0,1,1,1,1,78,351,129,1051,587,362,587,203,232,479,478,431,510,67,71,5,500,1566,542,217,353,217,170,151,4,208,,45:40,1
2005-06,1890,Shawn Marion,Shawn,1610612756,PHX,Phoenix Suns,0040500153,2006-04-28T00:00:00,PHX @ LAL,L,41.025,8,19,0.421,0,2,0.0,4,5,0.8,0,7,7,1,3,1,2,3,6,6,20,-8,35.9,0,0,34.0,1,851,851,851,241,178,108,865,587,529,587,284,332,518,896,144,284,731,164,274,67,1679,1663,145,258,1363,281,151,4,267,,41:02,1
2005-06,1712,Antawn Jamison,Antawn,1610612764,WAS,Washington Wizards,0040500133,2006-04-28T00:00:00,WAS vs. CLE,L,40.855,4,13,0.308,0,4,0.0,6,6,1.0,1,9,10,3,1,1,1,0,3,5,14,9,35.5,1,0,31.0,1,851,851,851,249,580,359,1165,587,234,587,142,232,1,478,63,114,335,614,274,157,1,893,217,478,285,290,1,4,346,,40:51,1
2005-06,1716,Larry Hughes,Larry,1610612739,CLE,Cleveland Cavaliers,0040500133,2006-04-28T00:00:00,CLE @ WAS,W,40.18333333333333,6,15,0.4,1,2,0.5,3,4,0.75,2,1,3,2,3,4,0,2,1,5,16,3,31.6,0,0,30.0,1,1,1,1,276,351,255,896,284,529,183,405,399,566,252,1103,832,491,164,5,500,1566,248,217,399,567,375,151,4,374,,40:11,1
2005-06,714,Michael Finley,Michael,1610612759,SAS,San Antonio Spurs,0040500143,2006-04-28T00:00:00,SAS @ SAC,L,30.2,5,8,0.625,4,7,0.571,3,3,1.0,0,2,2,2,0,1,1,0,0,1,17,6,28.4,0,0,29.0,1,851,851,851,723,456,699,280,17,42,171,405,561,1,896,827,1021,491,1060,274,157,1,1,926,353,391,471,151,4,401,,30:12,1
2005-06,2575,Luke Walton,Luke,1610612747,LAL,Los Angeles Lakers,0040500153,2006-04-28T00:00:00,LAL vs. PHX,W,40.1,8,19,0.421,0,2,0.0,1,1,1.0,2,8,10,1,1,0,0,0,2,2,17,-9,29.5,1,0,28.0,1,1,1,1,279,178,108,865,587,529,587,793,974,1,252,100,114,731,614,742,500,1,542,675,353,1409,441,1,4,435,,40:06,1
2005-06,2564,Boris Diaw,Boris,1610612756,PHX,Phoenix Suns,0040500153,2006-04-28T00:00:00,PHX @ LAL,L,36.86666666666667,6,11,0.545,0,0,0.0,2,3,0.667,2,3,5,4,1,1,1,1,4,2,14,-17,31.0,0,0,27.0,1,851,851,851,438,351,490,433,587,938,587,530,561,657,252,615,510,208,614,274,157,1178,1222,675,478,1630,394,151,4,472,,36:52,1
2005-06,1802,Brad Miller,Brad,1610612758,SAC,Sacramento Kings,0040500143,2006-04-28T00:00:00,SAC vs. SAS,W,36.233333333333334,4,10,0.4,0,0,0.0,4,4,1.0,1,5,6,4,0,1,1,1,4,2,12,10,31.2,0,0,26.0,1,1,1,1,465,580,572,896,587,938,587,284,399,1,478,311,386,208,1060,274,157,1178,1222,675,571,252,386,151,4,498,,36:14,1
2005-06,980,Zydrunas Ilgauskas,Zydrunas,1610612739,CLE,Cleveland Cavaliers,0040500133,2006-04-28T00:00:00,CLE @ WAS,W,31.483333333333334,4,12,0.333,0,0,0.0,7,8,0.875,2,6,8,0,0,0,1,2,6,4,15,-2,27.6,0,0,25.0,1,1,1,1,674,580,425,1051,587,938,587,101,129,437,252,208,214,1087,1060,742,157,1566,1663,316,442,943,496,151,4,532,,31:29,1
2005-06,2217,Brendan Haywood,Brendan,1610612764,WAS,Washington Wizards,0040500133,2006-04-28T00:00:00,WAS vs. CLE,L,28.33,2,4,0.5,0,0,0.0,2,6,0.333,1,3,4,1,1,1,5,0,5,3,6,-1,29.3,0,0,23.0,1,851,851,851,795,933,1052,488,587,938,587,530,232,943,478,615,647,731,614,274,4,1,1489,471,957,859,444,151,4,596,,28:20,1
2005-06,2225,Tony Parker,Tony,1610612759,SAS,San Antonio Spurs,0040500143,2006-04-28T00:00:00,SAS @ SAC,L,31.738333333333333,4,13,0.308,0,0,0.0,4,4,1.0,0,2,2,6,2,1,0,1,4,3,12,-9,24.4,0,0,22.0,1,851,851,851,664,580,359,1165,587,938,587,284,399,1,896,827,1021,97,358,274,500,1178,1222,471,571,1409,598,151,4,628,,31:44,1
2005-06,1725,Rasho Nesterovic,Rasho,1610612759,SAS,San Antonio Spurs,0040500143,2006-04-28T00:00:00,SAS @ SAC,L,17.783333333333335,2,4,0.5,1,1,1.0,0,0,0.0,4,6,10,0,1,2,0,1,3,0,5,0,22.0,0,0,20.0,1,851,851,851,1152,933,1052,488,284,709,1,990,1042,990,55,208,114,1087,614,82,500,1178,893,1252,1046,762,683,151,4,704,,17:47,1
2005-06,2470,Smush Parker,Smush,1610612747,LAL,Los Angeles Lakers,0040500153,2006-04-28T00:00:00,LAL vs. PHX,W,39.666666666666664,9,16,0.563,0,4,0.0,0,0,0.0,0,0,0,0,0,1,0,1,0,2,18,10,21.0,0,0,20.0,1,1,1,1,306,116,208,404,587,234,587,990,1042,990,896,1386,1473,1087,1060,274,500,1178,1,675,328,252,713,151,4,704,,39:40,1
2005-06,1952,Raja Bell,Raja,1610612756,PHX,Phoenix Suns,0040500153,2006-04-28T00:00:00,PHX @ LAL,L,45.666666666666664,3,9,0.333,2,5,0.4,2,2,1.0,0,4,4,2,3,0,1,0,5,1,10,-11,17.8,0,0,20.0,1,851,851,851,78,742,639,1051,125,141,327,530,647,1,896,431,647,491,164,742,157,1,1489,926,683,1501,857,151,4,704,,45:40,1
2005-06,2755,Kevin Martin,Kevin,1610612758,SAC,Sacramento Kings,0040500143,2006-04-28T00:00:00,SAC vs. SAS,W,27.866666666666667,3,7,0.429,0,2,0.0,4,4,1.0,0,6,6,0,0,1,0,1,1,3,10,-7,20.2,0,0,18.0,1,1,1,1,813,742,786,821,587,529,587,284,399,1,896,208,386,1087,1060,274,500,1178,248,471,683,1313,744,151,4,772,,27:52,1
2005-06,2407,Jared Jeffries,Jared,1610612764,WAS,Washington Wizards,0040500133,2006-04-28T00:00:00,WAS vs. CLE,L,30.45,4,6,0.667,0,0,0.0,1,1,1.0,1,4,5,0,3,0,2,1,3,2,9,-4,18.0,0,0,18.0,1,851,851,851,716,580,878,197,587,938,587,793,974,1,478,431,510,1087,164,742,67,1178,893,675,763,1108,848,151,4,772,,30:27,1
2005-06,699,Brent Barry,Brent,1610612759,SAS,San Antonio Spurs,0040500143,2006-04-28T00:00:00,SAS @ SAC,L,25.8,4,6,0.667,1,3,0.333,0,1,0.0,0,3,3,0,0,1,1,0,1,0,9,13,18.6,0,0,17.0,1,851,851,851,898,580,878,197,284,362,369,990,974,990,896,615,832,1087,1060,274,157,1,248,1252,763,166,815,151,4,827,,25:48,1
2005-06,2571,Leandro Barbosa,Leandro,1610612756,PHX,Phoenix Suns,0040500153,2006-04-28T00:00:00,PHX @ LAL,L,30.5,3,7,0.429,1,3,0.333,2,2,1.0,0,1,1,4,1,1,0,0,1,1,9,6,18.2,0,0,17.0,1,851,851,851,712,742,786,821,284,362,369,530,647,1,896,1103,1241,208,614,274,500,1,248,926,763,391,835,151,4,827,,30:30,1
2005-06,2567,Brian Cook,Brian,1610612747,LAL,Los Angeles Lakers,0040500153,2006-04-28T00:00:00,LAL vs. PHX,W,11.116666666666667,3,11,0.273,1,1,1.0,2,2,1.0,6,1,7,0,0,0,0,1,3,2,9,2,17.4,0,0,17.0,1,1,1,1,1347,742,490,1223,284,709,1,530,647,1,10,1103,284,1087,1060,742,500,1178,893,675,763,625,877,151,4,827,,11:07,1
2005-06,2400,Drew Gooden,Drew,1610612739,CLE,Cleveland Cavaliers,0040500133,2006-04-28T00:00:00,CLE @ WAS,W,24.15,3,8,0.375,0,0,0.0,2,2,1.0,2,6,8,1,2,0,0,1,4,2,8,-3,17.1,0,0,17.0,1,1,1,1,961,742,699,980,587,938,587,530,647,1,252,208,214,731,358,742,500,1178,1222,675,812,1032,882,151,4,827,,24:09,1
2005-06,1938,Manu Ginobili,Manu,1610612759,SAS,San Antonio Spurs,0040500143,2006-04-28T00:00:00,SAS @ SAC,L,32.05,3,9,0.333,0,3,0.0,2,3,0.667,0,4,4,4,7,0,0,1,3,5,8,-4,11.8,0,0,16.0,1,851,851,851,655,742,639,1051,587,362,587,530,561,657,896,431,647,208,4,742,500,1178,893,217,812,1108,1080,151,4,871,,32:03,1
2005-06,1498,Antonio Daniels,Antonio,1610612764,WAS,Washington Wizards,0040500133,2006-04-28T00:00:00,WAS vs. CLE,L,31.65,3,5,0.6,0,0,0.0,5,5,1.0,0,0,0,3,3,0,0,0,0,4,11,-1,12.5,0,0,14.0,1,851,851,851,667,742,962,311,587,938,587,203,332,1,896,1386,1473,335,164,742,500,1,1,316,622,859,1057,151,4,939,,31:39,1
2005-06,923,Donyell Marshall,Donyell,1610612739,CLE,Cleveland Cavaliers,0040500133,2006-04-28T00:00:00,CLE @ WAS,W,28.955,1,8,0.125,0,3,0.0,2,2,1.0,1,3,4,1,0,1,1,2,1,1,4,5,16.3,0,0,13.0,1,1,1,1,767,1118,699,1362,587,362,587,530,647,1,478,615,647,731,1060,274,157,1566,248,926,1100,444,903,151,4,985,,28:57,1
2005-06,727,Eric Snow,Eric,1610612739,CLE,Cleveland Cavaliers,0040500133,2006-04-28T00:00:00,CLE @ WAS,W,36.916666666666664,1,3,0.333,0,0,0.0,2,2,1.0,1,3,4,3,3,1,0,0,4,1,4,2,13.3,0,0,13.0,1,1,1,1,435,1118,1167,1051,587,938,587,530,647,1,478,615,647,335,164,274,500,1,1222,926,1100,625,1023,151,4,985,,36:55,1
2005-06,2756,Sasha Vujacic,Sasha,1610612747,LAL,Los Angeles Lakers,0040500153,2006-04-28T00:00:00,LAL vs. PHX,W,14.15,2,4,0.5,2,2,1.0,0,0,0.0,0,2,2,0,1,1,0,0,0,0,6,2,10.4,0,0,12.0,1,1,1,1,1256,933,1052,488,125,529,1,990,1042,990,896,827,1021,1087,614,274,500,1,1,1252,957,625,1145,151,4,1038,,14:09,1
2005-06,1913,Michael Ruffin,Michael,1610612764,WAS,Washington Wizards,0040500133,2006-04-28T00:00:00,WAS vs. CLE,L,16.43166666666667,1,2,0.5,0,0,0.0,0,0,0.0,1,4,5,0,1,0,2,1,3,0,2,-1,13.0,0,0,11.0,1,851,851,851,1192,1118,1280,488,587,938,587,990,1042,990,478,431,510,1087,614,742,67,1178,893,1252,1253,859,1034,151,4,1087,,16:26,1
2005-06,1904,Devean George,Devean,1610612747,LAL,Los Angeles Lakers,0040500153,2006-04-28T00:00:00,LAL vs. PHX,W,13.118333333333334,1,4,0.25,1,3,0.333,1,2,0.5,0,1,1,0,0,2,0,0,1,1,4,5,11.2,0,0,10.0,1,1,1,1,1290,1118,1052,1236,284,362,369,793,647,768,896,1103,1241,1087,1060,82,500,1,248,926,1100,444,1106,151,4,1125,,13:07,1
2005-06,2436,Flip Murray,Flip,1610612739,CLE,Cleveland Cavaliers,0040500133,2006-04-28T00:00:00,CLE @ WAS,W,12.405,1,6,0.167,0,3,0.0,0,0,0.0,1,2,3,2,0,1,0,1,1,1,2,-4,11.6,0,0,9.0,1,1,1,1,1313,1118,878,1337,587,362,587,990,1042,990,478,827,832,491,1060,274,500,1178,248,926,1253,1108,1090,151,4,1164,,12:24,1
2005-06,1800,Damon Jones,Damon,1610612739,CLE,Cleveland Cavaliers,0040500133,2006-04-28T00:00:00,CLE @ WAS,W,7.116666666666666,1,1,1.0,1,1,1.0,0,0,0.0,0,1,1,2,0,1,0,0,1,0,3,1,10.2,0,0,9.0,1,1,1,1,1464,1118,1422,1,284,709,1,990,1042,990,896,1103,1241,491,1060,274,500,1,248,1252,1180,689,1156,151,4,1164,,7:07,1
2005-06,2757,Beno Udrih,Beno,1610612759,SAS,San Antonio Spurs,0040500143,2006-04-28T00:00:00,SAS @ SAC,L,10.048333333333334,3,8,0.375,0,3,0.0,0,0,0.0,0,0,0,2,0,0,0,0,4,1,6,12,9.0,0,0,8.0,1,851,851,851,1380,742,699,980,587,362,587,990,1042,990,896,1386,1473,491,1060,742,500,1,1222,926,957,186,1207,151,4,1212,,10:03,1
2005-06,1903,Kenny Thomas,Kenny,1610612758,SAC,Sacramento Kings,0040500143,2006-04-28T00:00:00,SAC vs. SAS,W,22.6,1,1,1.0,0,0,0.0,2,4,0.5,0,2,2,2,1,0,0,0,6,2,4,3,8.4,0,0,8.0,1,1,1,1,1016,1118,1422,1,587,938,587,530,399,768,896,827,1021,491,614,742,500,1,1663,675,1100,567,1232,151,4,1212,,22:36,1
2005-06,109,Robert Horry,Robert,1610612759,SAS,San Antonio Spurs,0040500143,2006-04-28T00:00:00,SAS @ SAC,L,14.25,0,1,0.0,0,1,0.0,3,4,0.75,1,1,2,0,0,0,1,0,2,2,3,7,8.4,0,0,7.0,1,851,851,851,1253,1368,1422,1368,587,709,587,405,399,566,478,1103,1021,1087,1060,742,157,1,542,675,1180,352,1232,151,4,1252,,14:15,1
2005-06,1477,Bruce Bowen,Bruce,1610612759,SAS,San Antonio Spurs,0040500143,2006-04-28T00:00:00,SAS @ SAC,L,19.7,1,2,0.5,0,1,0.0,0,0,0.0,1,2,3,1,0,0,0,0,1,1,2,-18,7.1,0,0,6.0,1,851,851,851,1091,1118,1280,488,587,709,587,990,1042,990,478,827,832,731,1060,742,500,1,248,926,1253,1648,1285,151,4,1292,,19:42,1
2005-06,2760,Anderson Varejao,Anderson,1610612739,CLE,Cleveland Cavaliers,0040500133,2006-04-28T00:00:00,CLE @ WAS,W,11.166666666666666,2,4,0.5,0,0,0.0,0,0,0.0,1,1,2,0,0,0,0,1,3,0,4,2,6.4,0,0,6.0,1,1,1,1,1345,933,1052,488,587,938,587,990,1042,990,478,1103,1021,1087,1060,742,500,1178,893,1252,1100,625,1304,151,4,1292,,11:10,1
2005-06,2592,James Jones,James,1610612756,PHX,Phoenix Suns,0040500153,2006-04-28T00:00:00,PHX @ LAL,L,8.125,1,3,0.333,0,0,0.0,0,0,0.0,0,2,2,0,1,0,1,0,1,2,2,0,6.4,0,0,6.0,1,851,851,851,1434,1118,1167,1051,587,938,587,990,1042,990,896,827,1021,1087,614,742,157,1,248,675,1253,762,1304,151,4,1292,,8:08,1
2005-06,2067,Eddie House,Eddie,1610612756,PHX,Phoenix Suns,0040500153,2006-04-28T00:00:00,PHX @ LAL,L,5.516666666666667,1,3,0.333,0,0,0.0,0,0,0.0,0,2,2,1,0,0,0,0,0,0,2,7,5.9,0,0,5.0,1,851,851,851,1517,1118,1167,1051,587,938,587,990,1042,990,896,827,1021,731,1060,742,500,1,1,1252,1253,352,1329,151,4,1338,,5:31,1
2005-06,89,Nick Van Exel,Nick,1610612759,SAS,San Antonio Spurs,0040500143,2006-04-28T00:00:00,SAS @ SAC,L,9.13,0,3,0.0,0,1,0.0,0,0,0.0,0,1,1,1,0,0,1,0,1,0,0,-3,5.7,0,0,4.0,1,851,851,851,1405,1368,1167,1368,587,709,587,990,1042,990,896,1103,1241,731,1060,742,157,1,248,1252,1439,1032,1337,151,4,1384,,9:08,1
2005-06,949,Shareef Abdur-Rahim,Shareef,1610612758,SAC,Sacramento Kings,0040500143,2006-04-28T00:00:00,SAC vs. SAS,W,11.766666666666667,1,4,0.25,0,0,0.0,0,0,0.0,0,2,2,0,2,0,0,1,4,0,2,-9,2.4,0,0,4.0,1,1,1,1,1328,1118,1052,1236,587,938,587,990,1042,990,896,827,1021,1087,358,742,500,1178,1222,1252,1253,1409,1497,151,4,1384,,11:46,1
2005-06,1737,Nazr Mohammed,Nazr,1610612759,SAS,San Antonio Spurs,0040500143,2006-04-28T00:00:00,SAS @ SAC,L,9.9,1,2,0.5,0,0,0.0,0,0,0.0,0,0,0,0,2,0,0,1,2,1,2,-7,0.0,0,0,2.0,1,851,851,851,1384,1118,1280,488,587,938,587,990,1042,990,896,1386,1473,1087,358,742,500,1178,542,926,1253,1313,1605,151,4,1498,,9:54,1
2005-06,101128,Francisco Garcia,Francisco,1610612758,SAC,Sacramento Kings,0040500143,2006-04-28T00:00:00,SAC vs. SAS,W,6.033333333333333,0,2,0.0,0,2,0.0,0,0,0.0,0,0,0,0,0,0,0,0,0,0,0,-5,0.0,0,0,0.0,1,1,1,1,1495,1368,1280,1368,587,529,587,990,1042,990,896,1386,1473,1087,1060,742,500,1,1,1252,1439,1189,1605,151,4,1610,,6:02,1
2005-06,979,Jermaine O'Neal,Jermaine,1610612754,IND,Indiana Pacers,0040500123,2006-04-27T00:00:00,IND vs. NJN,W,40.785,12,15,0.8,0,0,0.0,13,14,0.929,4,11,15,2,3,1,4,0,3,14,37,26,70.0,1,0,64.0,1,1,1,1,251,37,255,113,587,938,587,17,26,410,55,30,19,491,164,274,12,1,893,3,16,22,5,1,4,6,,40:47,1
2005-06,2550,Kirk Hinrich,Kirk,1610612741,CHI,Chicago Bulls,0040500113,2006-04-27T00:00:00,CHI vs. MIA,W,39.983333333333334,6,17,0.353,2,6,0.333,8,9,0.889,0,2,2,11,1,3,0,1,5,8,22,19,48.9,1,0,43.0,1,1,1,1,289,351,166,1039,125,84,369,69,93,425,896,827,1021,12,614,32,500,1178,1489,70,190,76,90,1,4,124,,39:59,1
2005-06,1533,Anthony Johnson,Anthony,1610612754,IND,Indiana Pacers,0040500123,2006-04-27T00:00:00,IND vs. NJN,W,39.53666666666667,8,13,0.615,2,3,0.667,7,9,0.778,1,4,5,8,0,1,0,1,3,6,25,23,46.0,0,0,42.0,1,1,1,1,318,178,359,299,125,362,108,101,93,558,478,431,510,49,1060,274,500,1178,893,145,130,44,119,151,4,136,,39:32,1
2005-06,2210,Richard Jefferson,Richard,1610612751,NJN,New Jersey Nets,0040500123,2006-04-27T00:00:00,NJN @ IND,L,44.833333333333336,6,13,0.462,0,1,0.0,13,14,0.929,2,2,4,7,3,0,1,2,2,6,25,-21,40.3,0,0,38.0,1,851,851,851,103,351,359,732,587,709,587,17,26,410,252,827,647,67,164,742,157,1566,542,145,130,1675,191,151,4,188,,44:50,1
2005-06,1713,Vince Carter,Vince,1610612751,NJN,New Jersey Nets,0040500123,2006-04-27T00:00:00,NJN @ IND,L,41.8,8,21,0.381,2,6,0.333,7,9,0.778,2,3,5,2,0,2,0,1,3,9,25,-21,40.0,0,0,38.0,1,851,851,851,207,178,67,976,125,84,369,101,93,558,252,615,510,491,1060,82,500,1178,893,40,130,1675,198,151,4,188,,41:48,1
2005-06,2546,Carmelo Anthony,Carmelo,1610612743,DEN,Denver Nuggets,0040500163,2006-04-27T00:00:00,DEN vs. LAC,W,44.96666666666667,6,17,0.353,0,0,0.0,12,19,0.632,1,6,7,4,2,1,0,2,3,12,24,9,39.4,0,0,37.0,1,1,1,1,100,351,166,1039,587,938,587,23,5,724,478,208,284,208,358,274,500,1566,893,12,149,285,209,151,4,208,,44:58,1
2005-06,2736,Luol Deng,Luol,1610612741,CHI,Chicago Bulls,0040500113,2006-04-27T00:00:00,CHI vs. MIA,W,32.96666666666667,8,16,0.5,0,0,0.0,5,8,0.625,2,6,8,1,0,2,1,0,1,4,21,11,41.1,0,0,36.0,1,1,1,1,620,178,208,488,587,938,587,203,129,725,252,208,214,731,1060,82,157,1,248,316,222,217,181,151,4,228,,32:58,1
2005-06,2548,Dwyane Wade,Dwyane,1610612748,MIA,Miami Heat,0040500113,2006-04-27T00:00:00,MIA @ CHI,L,41.13333333333333,9,22,0.409,0,2,0.0,8,9,0.889,0,4,4,4,4,0,1,0,1,9,26,-15,35.8,0,0,36.0,1,851,851,851,234,116,55,890,587,529,587,69,93,425,896,431,647,208,71,742,157,1,248,40,118,1591,285,151,4,228,,41:08,1
2005-06,1882,Elton Brand,Elton,1610612746,LAC,Los Angeles Clippers,0040500163,2006-04-27T00:00:00,LAC @ DEN,L,40.10166666666667,6,15,0.4,0,0,0.0,5,6,0.833,2,6,8,4,3,2,1,3,6,9,17,-2,38.6,0,0,35.0,1,851,851,851,278,351,255,896,587,938,587,203,232,479,252,208,214,208,164,82,157,1679,1663,40,353,943,226,151,4,250,,40:06,1
2005-06,948,Marcus Camby,Marcus,1610612743,DEN,Denver Nuggets,0040500163,2006-04-27T00:00:00,DEN vs. LAC,W,31.6,5,12,0.417,0,0,0.0,2,2,1.0,2,12,14,3,2,0,2,0,4,5,12,14,37.3,1,0,33.0,1,1,1,1,668,456,425,871,587,938,587,530,647,1,252,20,32,335,358,742,67,1,1222,217,571,146,248,1,4,291,,31:36,1
2005-06,2804,Andres Nocioni,Andres,1610612741,CHI,Chicago Bulls,0040500113,2006-04-27T00:00:00,CHI vs. MIA,W,33.28333333333333,5,11,0.455,0,2,0.0,9,10,0.9,1,8,9,3,2,0,1,0,4,5,19,15,35.3,0,0,33.0,1,1,1,1,601,456,490,751,587,529,587,49,66,419,478,100,161,335,358,742,157,1,1222,217,298,124,296,151,4,291,,33:17,1
2005-06,467,Jason Kidd,Jason,1610612751,NJN,New Jersey Nets,0040500123,2006-04-27T00:00:00,NJN @ IND,L,39.013333333333335,5,12,0.417,3,5,0.6,1,2,0.5,0,6,6,6,2,2,0,0,2,3,14,-15,34.2,0,0,33.0,1,851,851,851,349,456,425,871,57,141,149,793,647,768,896,208,386,97,358,82,500,1,542,471,478,1591,315,151,4,291,,39:01,1
2005-06,2732,Ben Gordon,Ben,1610612741,CHI,Chicago Bulls,0040500113,2006-04-27T00:00:00,CHI vs. MIA,W,43.16833333333334,8,18,0.444,3,6,0.5,5,8,0.625,1,2,3,3,3,0,0,0,1,4,24,21,29.1,0,0,33.0,1,1,1,1,156,178,129,780,57,84,183,203,129,725,478,827,832,335,164,742,500,1,248,316,149,62,449,151,4,291,,43:10,1
2005-06,208,Sam Cassell,Sam,1610612746,LAC,Los Angeles Clippers,0040500163,2006-04-27T00:00:00,LAC @ DEN,L,33.4,6,13,0.462,1,5,0.2,7,9,0.778,0,3,3,3,3,2,0,0,4,6,20,-15,31.1,0,0,31.0,1,851,851,851,598,351,359,732,284,141,535,101,93,558,896,615,832,335,164,82,500,1,1222,145,258,1591,391,151,4,346,,33:24,1
2005-06,1894,Corey Maggette,Corey,1610612746,LAC,Los Angeles Clippers,0040500163,2006-04-27T00:00:00,LAC @ DEN,L,21.116666666666667,8,13,0.615,1,3,0.333,6,8,0.75,0,5,5,0,5,1,0,0,5,4,23,8,27.0,0,0,31.0,1,851,851,851,1053,178,359,299,284,362,369,142,129,566,896,311,510,1087,36,274,500,1,1489,316,173,318,520,151,4,346,,21:07,1
2005-06,2733,Shaun Livingston,Shaun,1610612746,LAC,Los Angeles Clippers,0040500163,2006-04-27T00:00:00,LAC @ DEN,L,31.15,3,7,0.429,0,0,0.0,1,2,0.5,1,7,8,4,4,3,2,0,6,2,7,-5,33.6,0,0,29.0,1,851,851,851,692,742,786,821,587,938,587,793,647,768,478,144,214,208,71,32,67,1,1663,675,897,1189,333,151,4,401,,31:09,1
2005-06,1715,Jason Williams,Jason,1610612748,MIA,Miami Heat,0040500113,2006-04-27T00:00:00,MIA @ CHI,L,34.848333333333336,5,9,0.556,3,5,0.6,4,4,1.0,0,2,2,4,1,1,0,0,2,3,17,-16,27.4,0,0,28.0,1,851,851,851,524,456,639,412,57,141,149,284,399,1,896,827,1021,208,614,274,500,1,542,471,353,1605,503,151,4,435,,34:51,1
2005-06,1536,Stephen Jackson,Stephen,1610612754,IND,Indiana Pacers,0040500123,2006-04-27T00:00:00,IND vs. NJN,W,39.75,6,13,0.462,2,6,0.333,3,4,0.75,1,2,3,3,1,1,0,0,2,2,17,15,27.1,0,0,27.0,1,1,1,1,302,351,359,732,125,84,369,405,399,566,478,827,832,335,614,274,500,1,542,675,353,124,516,151,4,472,,39:45,1
2005-06,1889,Andre Miller,Andre,1610612743,DEN,Denver Nuggets,0040500163,2006-04-27T00:00:00,DEN vs. LAC,W,39.545,6,14,0.429,0,0,0.0,2,4,0.5,2,1,3,7,2,1,0,1,5,5,14,14,29.1,0,0,26.0,1,1,1,1,317,351,306,821,587,938,587,530,399,768,252,1103,832,67,358,274,500,1178,1489,217,478,146,449,151,4,498,,39:33,1
2005-06,952,Antoine Walker,Antoine,1610612748,MIA,Miami Heat,0040500113,2006-04-27T00:00:00,MIA @ CHI,L,30.691666666666666,4,11,0.364,2,6,0.333,1,2,0.5,0,6,6,3,2,2,0,0,6,1,11,-16,26.7,0,0,26.0,1,851,851,851,710,580,490,1010,125,84,369,793,647,768,896,208,386,335,358,82,500,1,1663,926,622,1605,533,151,4,498,,30:42,1
2005-06,2552,Michael Sweetney,Michael,1610612741,CHI,Chicago Bulls,0040500113,2006-04-27T00:00:00,CHI vs. MIA,W,27.766666666666666,4,5,0.8,0,0,0.0,2,6,0.333,2,5,7,1,1,1,1,0,5,5,10,11,24.9,0,0,22.0,1,1,1,1,819,580,962,113,587,938,587,530,232,943,252,311,284,731,614,274,157,1,1489,217,683,217,586,151,4,628,,27:46,1
2005-06,2617,Udonis Haslem,Udonis,1610612748,MIA,Miami Heat,0040500113,2006-04-27T00:00:00,MIA @ CHI,L,32.56666666666667,2,5,0.4,0,0,0.0,6,10,0.6,5,5,10,0,1,0,0,0,3,6,10,-10,21.0,1,0,20.0,1,851,851,851,640,933,962,896,587,938,587,142,66,740,26,311,114,1087,614,742,500,1,893,145,683,1457,713,1,4,704,,32:34,1
2005-06,1899,James Posey,James,1610612748,MIA,Miami Heat,0040500113,2006-04-27T00:00:00,MIA @ CHI,L,20.383333333333333,2,6,0.333,1,4,0.25,2,2,1.0,1,6,7,2,0,1,0,0,4,3,7,-7,21.4,0,0,19.0,1,851,851,851,1075,933,878,1051,284,234,480,530,647,1,478,208,284,491,1060,274,500,1,1222,471,897,1313,704,151,4,745,,20:23,1
2005-06,1761,Greg Buckner,Greg,1610612743,DEN,Denver Nuggets,0040500163,2006-04-27T00:00:00,DEN vs. LAC,W,25.355,3,12,0.25,0,8,0.0,7,8,0.875,1,2,3,0,0,0,1,0,1,4,13,4,19.6,0,0,18.0,1,1,1,1,911,742,425,1236,587,19,587,101,129,437,478,827,832,1087,1060,742,157,1,248,316,534,504,768,151,4,772,,25:21,1
2005-06,1863,Earl Boykins,Earl,1610612743,DEN,Denver Nuggets,0040500163,2006-04-27T00:00:00,DEN vs. LAC,W,26.65,4,13,0.308,0,2,0.0,5,7,0.714,0,0,0,5,1,0,0,1,1,5,13,2,19.5,0,0,18.0,1,1,1,1,868,580,359,1165,587,529,587,203,195,644,896,1386,1473,141,614,742,500,1178,248,217,534,625,776,151,4,772,,26:39,1
2005-06,1749,Cuttino Mobley,Cuttino,1610612746,LAC,Los Angeles Clippers,0040500163,2006-04-27T00:00:00,LAC @ DEN,L,32.21666666666667,3,8,0.375,2,2,1.0,0,0,0.0,1,4,5,1,3,0,1,0,4,2,8,-23,15.5,0,0,18.0,1,851,851,851,648,742,699,980,125,529,1,990,1042,990,478,431,510,731,164,742,157,1,1222,675,812,1691,934,151,4,772,,32:13,1
2005-06,978,Peja Stojakovic,Peja,1610612754,IND,Indiana Pacers,0040500123,2006-04-27T00:00:00,IND vs. NJN,W,24.85,3,7,0.429,0,1,0.0,4,5,0.8,0,4,4,3,1,0,0,0,2,3,10,15,18.3,0,0,17.0,1,1,1,1,928,742,786,821,587,709,587,284,332,518,896,431,647,335,614,742,500,1,542,471,683,124,829,151,4,827,,24:51,1
2005-06,2059,Eduardo Najera,Eduardo,1610612743,DEN,Denver Nuggets,0040500163,2006-04-27T00:00:00,DEN vs. LAC,W,21.916666666666668,2,5,0.4,0,0,0.0,1,2,0.5,4,1,5,1,1,2,0,2,4,2,5,15,17.5,0,0,15.0,1,1,1,1,1034,933,962,896,587,938,587,793,647,768,55,1103,510,731,614,82,500,1566,1222,675,1046,124,872,151,4,904,,21:55,1
2005-06,2420,Nenad Krstic,Nenad,1610612751,NJN,New Jersey Nets,0040500123,2006-04-27T00:00:00,NJN @ IND,L,28.218333333333334,3,9,0.333,0,0,0.0,3,4,0.75,3,1,4,0,2,1,0,1,6,6,9,-14,14.8,0,0,15.0,1,851,851,851,800,742,639,1051,587,938,587,405,399,566,128,1103,647,1087,358,274,500,1178,1663,145,763,1574,959,151,4,904,,28:13,1
2005-06,361,Clifford Robinson,Clifford,1610612751,NJN,New Jersey Nets,0040500123,2006-04-27T00:00:00,NJN @ IND,L,18.905,2,5,0.4,2,3,0.667,2,2,1.0,0,1,1,0,1,2,0,0,5,1,8,-8,14.2,0,0,15.0,1,851,851,851,1120,933,962,896,125,362,108,530,647,1,896,1103,1241,1087,614,82,500,1,1489,926,812,1363,982,151,4,904,,18:54,1
2005-06,2209,Vladimir Radmanovic,Vladimir,1610612746,LAC,Los Angeles Clippers,0040500163,2006-04-27T00:00:00,LAC @ DEN,L,19.131666666666668,2,6,0.333,1,4,0.25,3,4,0.75,1,2,3,1,2,0,0,0,5,3,8,3,11.1,0,0,13.0,1,851,851,851,1109,933,878,1051,284,234,480,405,399,566,478,827,832,731,358,742,500,1,1489,471,812,567,1114,151,4,985,,19:08,1
2005-06,2501,Reggie Evans,Reggie,1610612743,DEN,Denver Nuggets,0040500163,2006-04-27T00:00:00,DEN vs. LAC,W,21.75,1,2,0.5,0,1,0.0,3,4,0.75,0,4,4,0,5,1,1,0,3,4,5,-10,10.8,0,0,13.0,1,1,1,1,1042,1118,1280,488,587,709,587,405,399,566,896,431,647,1087,36,274,157,1,893,316,1046,1457,1127,151,4,985,,21:45,1
2005-06,406,Shaquille O'Neal,Shaquille,1610612748,MIA,Miami Heat,0040500113,2006-04-27T00:00:00,MIA @ CHI,L,24.483333333333334,4,8,0.5,0,0,0.0,0,6,0.0,2,2,4,1,7,0,0,2,5,5,8,-16,7.3,0,0,13.0,1,851,851,851,948,580,699,488,587,938,587,990,232,990,252,827,647,731,4,742,500,1566,1489,217,812,1605,1278,151,4,985,,24:29,1
2005-06,1739,Ruben Patterson,Ruben,1610612743,DEN,Denver Nuggets,0040500163,2006-04-27T00:00:00,DEN vs. LAC,W,17.116666666666667,4,6,0.667,0,0,0.0,0,0,0.0,3,0,3,1,2,0,0,1,1,3,8,-4,11.1,0,0,12.0,1,1,1,1,1173,580,878,197,587,938,587,990,1042,990,128,1386,832,731,358,742,500,1178,248,471,812,1108,1114,151,4,1038,,17:07,1
2005-06,1506,Austin Croshere,Austin,1610612754,IND,Indiana Pacers,0040500123,2006-04-27T00:00:00,IND vs. NJN,W,15.116666666666667,0,3,0.0,0,1,0.0,5,6,0.833,2,1,3,1,0,1,0,0,2,3,5,-1,13.1,0,0,11.0,1,1,1,1,1231,1368,1167,1368,587,709,587,203,232,479,252,1103,832,731,1060,274,500,1,542,471,1046,859,1028,151,4,1087,,15:07,1
2005-06,101122,Danny Granger,Danny,1610612754,IND,Indiana Pacers,0040500123,2006-04-27T00:00:00,IND vs. NJN,W,20.998333333333335,3,4,0.75,0,1,0.0,0,0,0.0,0,2,2,1,2,0,1,0,4,0,6,2,10.9,0,0,11.0,1,1,1,1,1060,742,1052,133,587,709,587,990,1042,990,896,827,1021,731,358,742,157,1,1222,1252,957,625,1124,151,4,1087,,20:60,1
2005-06,1507,Derek Anderson,Derek,1610612748,MIA,Miami Heat,0040500113,2006-04-27T00:00:00,MIA @ CHI,L,10.751666666666667,3,6,0.5,2,4,0.5,0,0,0.0,0,1,1,0,0,0,0,0,1,0,8,1,9.2,0,0,11.0,1,851,851,851,1356,742,878,488,125,234,183,990,1042,990,896,1103,1241,1087,1060,742,500,1,248,1252,812,689,1193,151,4,1087,,10:45,1
2005-06,1521,Jacque Vaughn,Jacque,1610612751,NJN,New Jersey Nets,0040500123,2006-04-27T00:00:00,NJN @ IND,L,25.566666666666666,2,4,0.5,0,0,0.0,2,2,1.0,1,0,1,0,0,1,0,1,3,3,6,5,10.2,0,0,9.0,1,851,851,851,906,933,1052,488,587,938,587,530,647,1,478,1386,1241,1087,1060,274,500,1178,893,471,957,444,1156,151,4,1164,,25:34,1
2005-06,2457,Jannero Pargo,Jannero,1610612741,CHI,Chicago Bulls,0040500113,2006-04-27T00:00:00,CHI vs. MIA,W,6.183333333333334,2,4,0.5,0,0,0.0,0,0,0.0,0,4,4,1,2,0,0,0,0,0,4,0,8.3,0,0,9.0,1,1,1,1,1491,933,1052,488,587,938,587,990,1042,990,896,431,647,731,358,742,500,1,1,1252,1100,762,1239,151,4,1164,,6:11,1
2005-06,2549,Chris Kaman,Chris,1610612746,LAC,Los Angeles Clippers,0040500163,2006-04-27T00:00:00,LAC @ DEN,L,29.116666666666667,1,6,0.167,0,0,0.0,0,0,0.0,0,4,4,1,4,0,1,0,5,0,2,-11,7.3,0,0,9.0,1,851,851,851,761,1118,878,1337,587,938,587,990,1042,990,896,431,647,731,71,742,157,1,1489,1252,1253,1501,1278,151,4,1164,,29:07,1
2005-06,1902,Jeff Foster,Jeff,1610612754,IND,Indiana Pacers,0040500123,2006-04-27T00:00:00,IND vs. NJN,W,15.616666666666667,1,2,0.5,0,0,0.0,0,0,0.0,0,2,2,0,0,2,0,0,4,0,2,-2,10.4,0,0,8.0,1,1,1,1,1218,1118,1280,488,587,938,587,990,1042,990,896,827,1021,1087,1060,82,500,1,1222,1252,1253,943,1145,151,4,1212,,15:37,1
2005-06,2215,Jason Collins,Jason,1610612751,NJN,New Jersey Nets,0040500123,2006-04-27T00:00:00,NJN @ IND,L,22.683333333333334,0,4,0.0,0,0,0.0,0,0,0.0,3,3,6,0,0,0,1,0,5,2,0,-7,10.2,0,0,8.0,1,851,851,851,1013,1368,1052,1368,587,938,587,990,1042,990,128,615,386,1087,1060,742,157,1,1489,675,1439,1313,1156,151,4,1212,,22:41,1
2005-06,1922,Francisco Elson,Francisco,1610612743,DEN,Denver Nuggets,0040500163,2006-04-27T00:00:00,DEN vs. LAC,W,10.605,0,1,0.0,0,0,0.0,0,0,0.0,0,1,1,0,0,3,0,0,6,0,0,-10,10.2,0,0,7.0,1,1,1,1,1360,1368,1422,1368,587,938,587,990,1042,990,896,1103,1241,1087,1060,32,500,1,1663,1252,1439,1457,1156,151,4,1252,,10:36,1
2005-06,2199,Tyson Chandler,Tyson,1610612741,CHI,Chicago Bulls,0040500113,2006-04-27T00:00:00,CHI vs. MIA,W,10.3,1,1,1.0,0,0,0.0,0,1,0.0,1,4,5,0,0,0,0,0,5,1,2,5,8.0,0,0,7.0,1,1,1,1,1372,1118,1422,1,587,938,587,990,974,990,478,431,510,1087,1060,742,500,1,1489,926,1253,444,1248,151,4,1252,,10:18,1
2005-06,2768,Chris Duhon,Chris,1610612741,CHI,Chicago Bulls,0040500113,2006-04-27T00:00:00,CHI vs. MIA,W,12.166666666666666,0,3,0.0,0,2,0.0,3,4,0.75,1,1,2,2,1,0,0,0,3,2,3,4,7.4,0,0,7.0,1,1,1,1,1317,1368,1167,1368,587,529,587,405,399,566,478,1103,1021,491,614,742,500,1,893,675,1180,504,1271,151,4,1252,,12:10,1
2005-06,56,Gary Payton,Gary,1610612748,MIA,Miami Heat,0040500113,2006-04-27T00:00:00,MIA @ CHI,L,15.118333333333334,1,2,0.5,1,1,1.0,0,0,0.0,0,1,1,2,2,0,0,1,2,0,3,-12,5.2,0,0,7.0,1,851,851,851,1230,1118,1280,488,284,709,1,990,1042,990,896,1103,1241,491,358,742,500,1178,542,1252,1180,1528,1358,151,4,1252,,15:07,1
2005-06,1513,Scot Pollard,Scot,1610612754,IND,Indiana Pacers,0040500123,2006-04-27T00:00:00,IND vs. NJN,W,5.3,0,0,0.0,0,0,0.0,0,0,0.0,0,4,4,0,1,1,0,0,4,0,0,9,6.8,0,0,6.0,1,1,1,1,1522,1368,1565,1368,587,938,587,990,1042,990,896,431,647,1087,614,274,500,1,1222,1252,1439,285,1296,151,4,1292,,5:18,1
2005-06,2624,Quinton Ross,Quinton,1610612746,LAC,Los Angeles Clippers,0040500163,2006-04-27T00:00:00,LAC @ DEN,L,27.933333333333334,0,3,0.0,0,0,0.0,2,2,1.0,0,1,1,0,0,0,1,1,3,2,2,6,6.2,0,0,5.0,1,851,851,851,810,1368,1167,1368,587,938,587,530,647,1,896,1103,1241,1087,1060,742,157,1178,893,675,1253,391,1311,151,4,1338,,27:56,1
2005-06,1519,John Thomas,John,1610612751,NJN,New Jersey Nets,0040500123,2006-04-27T00:00:00,NJN @ IND,L,5.841666666666667,2,2,1.0,0,0,0.0,0,0,0.0,0,0,0,1,0,0,0,0,1,0,4,7,5.5,0,0,5.0,1,851,851,851,1502,933,1280,1,587,938,587,990,1042,990,896,1386,1473,731,1060,742,500,1,248,1252,1100,352,1349,151,4,1338,,5:51,1
2005-06,1720,Michael Doleac,Michael,1610612748,MIA,Miami Heat,0040500113,2006-04-27T00:00:00,MIA @ CHI,L,14.281666666666666,0,1,0.0,0,0,0.0,0,0,0.0,1,3,4,0,0,0,0,0,3,0,0,0,4.8,0,0,4.0,1,851,851,851,1250,1368,1422,1368,587,938,587,990,1042,990,478,615,647,1087,1060,742,500,1,893,1252,1439,762,1374,151,4,1384,,14:17,1
2005-06,101195,Luke Schenscher,Luke,1610612741,CHI,Chicago Bulls,0040500113,2006-04-27T00:00:00,CHI vs. MIA,W,6.64,1,1,1.0,0,0,0.0,0,0,0.0,1,1,2,0,0,0,0,0,0,2,2,2,4.4,0,0,4.0,1,1,1,1,1482,1118,1422,1,587,938,587,990,1042,990,478,1103,1021,1087,1060,742,500,1,1,675,1253,625,1394,151,4,1384,,6:38,1
2005-06,101120,Antoine Wright,Antoine,1610612751,NJN,New Jersey Nets,0040500123,2006-04-27T00:00:00,NJN @ IND,L,2.3366666666666664,1,2,0.5,0,0,0.0,2,3,0.667,0,0,0,0,0,0,0,0,0,2,4,5,4.0,0,0,4.0,1,851,851,851,1616,1118,1280,488,587,938,587,530,561,657,896,1386,1473,1087,1060,742,500,1,1,675,1100,444,1417,151,4,1384,,2:20,1
2005-06,2410,Fred Jones,Fred,1610612754,IND,Indiana Pacers,0040500123,2006-04-27T00:00:00,IND vs. NJN,W,23.5,0,3,0.0,0,2,0.0,2,2,1.0,0,2,2,0,1,0,0,0,3,1,2,-2,3.4,0,0,4.0,1,1,1,1,985,1368,1167,1368,587,529,587,530,647,1,896,827,1021,1087,614,742,500,1,893,926,1253,943,1446,151,4,1384,,23:30,1
2005-06,101180,Sarunas Jasikevicius,Sarunas,1610612754,IND,Indiana Pacers,0040500123,2006-04-27T00:00:00,IND vs. NJN,W,9.93,1,4,0.25,0,1,0.0,1,2,0.5,1,0,1,0,2,0,0,1,1,1,3,-10,2.2,0,0,4.0,1,1,1,1,1383,1118,1052,1236,587,709,587,793,647,768,478,1386,1241,1087,358,742,500,1178,248,926,1180,1457,1512,151,4,1384,,9:56,1
2005-06,1909,Scott Padgett,Scott,1610612751,NJN,New Jersey Nets,0040500123,2006-04-27T00:00:00,NJN @ IND,L,2.2,0,1,0.0,0,1,0.0,0,0,0.0,0,1,1,0,0,1,0,0,1,0,0,5,4.2,0,0,3.0,1,851,851,851,1621,1368,1422,1368,587,709,587,990,1042,990,896,1103,1241,1087,1060,274,500,1,248,1252,1439,444,1407,151,4,1449,,2:12,1
2005-06,1442,Zeljko Rebraca,Zeljko,1610612746,LAC,Los Angeles Clippers,0040500163,2006-04-27T00:00:00,LAC @ DEN,L,5.833333333333333,0,1,0.0,0,0,0.0,0,0,0.0,0,1,1,0,0,0,1,0,2,0,0,4,4.2,0,0,3.0,1,851,851,851,1503,1368,1422,1368,587,938,587,990,1042,990,896,1103,1241,1087,1060,742,157,1,542,1252,1439,504,1407,151,4,1449,,5:50,1
2005-06,2124,Malik Allen,Malik,1610612741,CHI,Chicago Bulls,0040500113,2006-04-27T00:00:00,CHI vs. MIA,W,17.216666666666665,1,1,1.0,0,0,0.0,0,0,0.0,0,0,0,1,1,0,0,0,2,0,2,8,2.5,0,0,3.0,1,1,1,1,1171,1118,1422,1,587,938,587,990,1042,990,896,1386,1473,731,614,742,500,1,542,1252,1253,318,1494,151,4,1449,,17:13,1
2005-06,970,Othella Harrington,Othella,1610612741,CHI,Chicago Bulls,0040500113,2006-04-27T00:00:00,CHI vs. MIA,W,8.091666666666667,0,1,0.0,0,0,0.0,0,0,0.0,0,0,0,0,0,1,0,0,1,0,0,0,3.0,0,0,2.0,1,1,1,1,1437,1368,1422,1368,587,938,587,990,1042,990,896,1386,1473,1087,1060,274,500,1,248,1252,1439,762,1467,151,4,1498,,8:06,1
2005-06,2565,Zoran Planinic,Zoran,1610612751,NJN,New Jersey Nets,0040500123,2006-04-27T00:00:00,NJN @ IND,L,1.95,0,1,0.0,0,0,0.0,0,0,0.0,0,1,1,1,0,0,0,0,0,0,0,5,2.7,0,0,2.0,1,851,851,851,1632,1368,1422,1368,587,938,587,990,1042,990,896,1103,1241,731,1060,742,500,1,1,1252,1439,444,1482,151,4,1498,,1:57,1
2005-06,297,Alonzo Mourning,Alonzo,1610612748,MIA,Miami Heat,0040500113,2006-04-27T00:00:00,MIA @ CHI,L,8.118333333333334,0,0,0.0,0,0,0.0,0,0,0.0,1,1,2,0,2,0,0,0,2,0,0,-2,0.4,0,0,2.0,1,851,851,851,1435,1368,1565,1368,587,938,587,990,1042,990,478,1103,1021,1087,358,742,500,1,542,1252,1439,943,1593,151,4,1498,,8:07,1
2005-06,2758,David Harrison,David,1610612754,IND,Indiana Pacers,0040500123,2006-04-27T00:00:00,IND vs. NJN,W,4.133333333333334,0,1,0.0,0,0,0.0,0,0,0.0,0,2,2,0,2,0,0,0,4,1,0,-9,0.4,0,0,2.0,1,1,1,1,1563,1368,1422,1368,587,938,587,990,1042,990,896,827,1021,1087,358,742,500,1,1222,926,1439,1409,1593,151,4,1498,,4:08,1
2005-06,441,Lamond Murray,Lamond,1610612751,NJN,New Jersey Nets,0040500123,2006-04-27T00:00:00,NJN @ IND,L,6.651666666666666,0,1,0.0,0,0,0.0,0,0,0.0,0,1,1,0,0,0,0,0,3,0,0,-1,1.2,0,0,1.0,1,851,851,851,1480,1368,1422,1368,587,938,587,990,1042,990,896,1103,1241,1087,1060,742,500,1,893,1252,1439,859,1554,151,4,1557,,6:39,1
2005-06,101134,Wayne Simien,Wayne,1610612748,MIA,Miami Heat,0040500113,2006-04-27T00:00:00,MIA @ CHI,L,2.8333333333333335,0,2,0.0,0,0,0.0,0,0,0.0,0,0,0,0,0,0,0,0,1,0,0,2,0.0,0,0,0.0,1,851,851,851,1602,1368,1280,1368,587,938,587,990,1042,990,896,1386,1473,1087,1060,742,500,1,248,1252,1439,625,1605,151,4,1610,,2:50,1
2005-06,101132,Linas Kleiza,Linas,1610612743,DEN,Denver Nuggets,0040500163,2006-04-27T00:00:00,DEN vs. LAC,W,0.495,0,0,0.0,0,0,0.0,0,0,0.0,0,0,0,0,0,0,0,0,0,0,0,1,0.0,0,0,0.0,1,1,1,1,1691,1368,1565,1368,587,938,587,990,1042,990,896,1386,1473,1087,1060,742,500,1,1,1252,1439,689,1605,151,4,1610,,0:30,1
2005-06,101189,James Singleton,James,1610612746,LAC,Los Angeles Clippers,0040500163,2006-04-27T00:00:00,LAC @ DEN,L,0.0,0,0,0.0,0,0,0.0,0,0,0.0,0,0,0,0,0,0,0,0,0,0,0,0,0.0,0,0,0.0,1,851,851,851,1720,1368,1565,1368,587,938,587,990,1042,990,896,1386,1473,1087,1060,742,500,1,1,1252,1439,762,1605,151,4,1610,,0:00,1
2005-06,15,Eric Piatkowski,Eric,1610612741,CHI,Chicago Bulls,0040500113,2006-04-27T00:00:00,CHI vs. MIA,W,2.2333333333333334,0,0,0.0,0,0,0.0,0,0,0.0,0,0,0,0,0,0,0,0,0,0,0,-1,0.0,0,0,0.0,1,1,1,1,1620,1368,1565,1368,587,938,587,990,1042,990,896,1386,1473,1087,1060,742,500,1,1,1252,1439,859,1605,151,4,1610,,2:14,1
2005-06,1000,Shandon Anderson,Shandon,1610612748,MIA,Miami Heat,0040500113,2006-04-27T00:00:00,MIA @ CHI,L,4.79,0,0,0.0,0,0,0.0,0,0,0.0,0,0,0,0,0,0,0,0,1,0,0,-4,0.0,0,0,0.0,1,851,851,851,1534,1368,1565,1368,587,938,587,990,1042,990,896,1386,1473,1087,1060,742,500,1,248,1252,1439,1108,1605,151,4,1610,,4:47,1
2005-06,2109,Eddie Gill,Eddie,1610612754,IND,Indiana Pacers,0040500123,2006-04-27T00:00:00,IND vs. NJN,W,0.48333333333333334,0,0,0.0,0,0,0.0,0,0,0.0,0,0,0,0,1,0,0,0,0,0,0,-6,-1.0,0,0,0.0,1,1,1,1,1695,1368,1565,1368,587,938,587,990,1042,990,896,1386,1473,1087,614,742,500,1,1,1252,1439,1251,1708,151,4,1610,,0:29,1
2005-06,959,Steve Nash,Steve,1610612756,PHX,Phoenix Suns,0040500152,2006-04-26T00:00:00,PHX vs. LAL,L,40.18333333333333,10,17,0.588,2,7,0.286,7,7,1.0,2,5,7,9,6,1,0,0,4,7,29,3,47.9,0,0,49.0,1,851,851,851,276,84,166,353,125,42,469,101,195,1,252,311,284,34,15,274,500,1,1222,106,83,567,93,151,4,71,,40:11,1
2005-06,977,Kobe Bryant,Kobe,1610612747,LAL,Los Angeles Lakers,0040500152,2006-04-26T00:00:00,LAL @ PHX,W,44.96666666666667,12,24,0.5,1,1,1.0,4,6,0.667,0,10,10,5,4,1,0,1,4,6,29,2,47.5,1,0,47.0,1,1,1,1,100,37,25,488,284,709,1,284,232,657,896,44,114,141,71,274,500,1178,1222,145,83,625,98,1,4,91,,44:58,1
2005-06,1885,Lamar Odom,Lamar,1610612747,LAL,Los Angeles Lakers,0040500152,2006-04-26T00:00:00,LAL @ PHX,W,44.11666666666667,9,12,0.75,3,5,0.6,0,0,0.0,1,6,7,5,4,2,1,0,3,1,21,-3,41.9,0,0,42.0,1,1,1,1,123,116,425,133,57,141,149,990,1042,990,478,208,284,141,71,82,157,1,893,926,222,1032,166,151,4,136,,44:07,1
2005-06,1717,Dirk Nowitzki,Dirk,1610612742,DAL,Dallas Mavericks,0040500172,2006-04-26T00:00:00,DAL vs. MEM,W,36.916666666666664,9,19,0.474,1,3,0.333,12,14,0.857,2,2,4,1,1,0,1,0,5,8,31,16,39.3,0,0,39.0,1,1,1,1,435,116,108,717,284,362,369,23,26,459,252,827,647,731,614,742,157,1,1489,70,55,106,213,151,4,175,,36:55,1
2005-06,2072,Michael Redd,Michael,1610612749,MIL,Milwaukee Bucks,0040500102,2006-04-26T00:00:00,MIL @ DET,L,37.266666666666666,10,18,0.556,2,3,0.667,7,7,1.0,2,2,4,2,3,0,0,3,1,6,29,-14,33.8,0,0,37.0,1,851,851,851,418,84,129,412,125,362,108,101,195,1,252,827,647,491,164,742,500,1679,248,145,83,1574,325,151,4,208,,37:16,1
2005-06,2419,Tayshaun Prince,Tayshaun,1610612765,DET,Detroit Pistons,0040500102,2006-04-26T00:00:00,DET vs. MIL,W,41.5,9,14,0.643,1,2,0.5,3,3,1.0,3,4,7,4,0,1,0,0,0,3,22,6,39.4,0,0,36.0,1,1,1,1,217,116,306,259,284,529,183,405,561,1,128,431,284,208,1060,274,500,1,1,471,190,391,209,151,4,228,,41:30,1
2005-06,1952,Raja Bell,Raja,1610612756,PHX,Phoenix Suns,0040500152,2006-04-26T00:00:00,PHX vs. LAL,L,45.285,8,15,0.533,3,5,0.6,4,4,1.0,0,3,3,3,0,1,1,1,6,7,23,1,37.1,0,0,36.0,1,851,851,851,91,178,255,458,57,141,149,284,399,1,896,615,832,335,1060,274,157,1178,1663,106,173,689,257,151,4,228,,45:17,1
2005-06,1891,Jason Terry,Jason,1610612742,DAL,Dallas Mavericks,0040500172,2006-04-26T00:00:00,DAL vs. MEM,W,37.03333333333333,6,14,0.429,3,6,0.5,1,1,1.0,1,5,6,9,2,0,0,1,3,2,16,15,34.7,0,0,34.0,1,1,1,1,429,351,306,821,57,84,183,793,974,1,478,311,386,34,358,742,500,1178,893,675,399,124,305,151,4,267,,37:02,1
2005-06,2200,Pau Gasol,Pau,1610612763,MEM,Memphis Grizzlies,0040500172,2006-04-26T00:00:00,MEM @ DAL,L,37.958333333333336,6,13,0.462,0,0,0.0,4,5,0.8,1,6,7,5,1,0,2,1,1,7,16,-15,36.9,0,0,32.0,1,851,851,851,397,351,359,732,587,938,587,284,332,518,478,208,284,141,614,742,67,1178,248,106,399,1591,261,151,4,315,,37:58,1
2005-06,1497,Chauncey Billups,Chauncey,1610612765,DET,Detroit Pistons,0040500102,2006-04-26T00:00:00,DET vs. MIL,W,34.666666666666664,8,15,0.533,4,9,0.444,0,0,0.0,0,2,2,6,1,0,0,0,3,3,20,11,30.4,0,0,32.0,1,1,1,1,538,178,255,458,17,10,312,990,1042,990,896,827,1021,97,614,742,500,1,893,471,258,217,406,151,4,315,,34:40,1
2005-06,1888,Richard Hamilton,Richard,1610612765,DET,Detroit Pistons,0040500102,2006-04-26T00:00:00,DET vs. MIL,W,32.96666666666667,7,12,0.583,0,1,0.0,4,6,0.667,0,1,1,8,0,1,1,1,2,5,18,19,37.2,0,0,31.0,1,1,1,1,620,269,425,359,587,709,587,284,232,657,896,1103,1241,49,1060,274,157,1178,542,217,328,76,252,151,4,346,,32:58,1
2005-06,2572,Josh Howard,Josh,1610612742,DAL,Dallas Mavericks,0040500172,2006-04-26T00:00:00,DAL vs. MEM,W,36.178333333333335,5,10,0.5,0,3,0.0,7,8,0.875,0,6,6,2,1,3,0,0,3,9,17,6,35.2,0,0,31.0,1,1,1,1,466,456,572,488,587,362,587,101,129,437,896,208,386,491,614,32,500,1,893,40,353,391,297,151,4,346,,36:11,1
2005-06,739,Rasheed Wallace,Rasheed,1610612765,DET,Detroit Pistons,0040500102,2006-04-26T00:00:00,DET vs. MIL,W,37.86666666666667,4,13,0.308,1,5,0.2,3,4,0.75,0,8,8,4,2,0,3,0,2,3,12,23,34.6,0,0,31.0,1,1,1,1,402,580,359,1165,284,141,535,405,399,566,896,100,214,208,358,742,25,1,542,471,571,44,307,151,4,346,,37:52,1
2005-06,101106,Andrew Bogut,Andrew,1610612749,MIL,Milwaukee Bucks,0040500102,2006-04-26T00:00:00,MIL @ DET,L,38.516666666666666,3,10,0.3,0,0,0.0,2,2,1.0,5,8,13,4,2,2,0,0,3,2,8,-12,33.6,0,0,29.0,1,851,851,851,371,742,572,1178,587,938,587,530,647,1,26,100,45,208,358,82,500,1,893,675,812,1528,333,151,4,401,,38:31,1
2005-06,1501,Tim Thomas,Tim,1610612756,PHX,Phoenix Suns,0040500152,2006-04-26T00:00:00,PHX vs. LAL,L,29.496666666666666,4,12,0.333,3,8,0.375,0,0,0.0,1,8,9,1,0,0,1,1,3,2,11,-7,26.3,0,0,26.0,1,851,851,851,747,580,425,1051,57,19,363,990,1042,990,478,100,161,731,1060,742,157,1178,893,675,622,1313,541,151,4,498,,29:30,1
2005-06,1112,Ben Wallace,Ben,1610612765,DET,Detroit Pistons,0040500102,2006-04-26T00:00:00,DET vs. MIL,W,32.05,2,7,0.286,0,0,0.0,0,0,0.0,3,8,11,4,1,2,1,1,1,1,4,6,31.2,0,0,25.0,1,1,1,1,655,933,786,1192,587,938,587,990,1042,990,128,100,82,208,614,82,157,1178,248,926,1100,391,386,151,4,532,,32:03,1
2005-06,1890,Shawn Marion,Shawn,1610612756,PHX,Phoenix Suns,0040500152,2006-04-26T00:00:00,PHX vs. LAL,L,40.31666666666667,5,15,0.333,1,4,0.25,2,2,1.0,2,7,9,0,1,1,0,0,1,2,13,1,25.8,0,0,25.0,1,851,851,851,270,456,255,1051,284,234,480,530,647,1,252,144,161,1087,614,274,500,1,248,675,534,689,558,151,4,532,,40:19,1
2005-06,2551,T.J. Ford,T.J.,1610612749,MIL,Milwaukee Bucks,0040500102,2006-04-26T00:00:00,MIL @ DET,L,34.15,5,10,0.5,1,2,0.5,6,6,1.0,1,2,3,3,4,0,0,0,5,3,17,-3,21.1,0,0,24.0,1,851,851,851,566,456,572,488,284,529,183,142,232,1,478,827,832,335,71,742,500,1,1489,471,353,1032,709,151,4,562,,34:09,1
2005-06,686,Antonio McDyess,Antonio,1610612765,DET,Detroit Pistons,0040500102,2006-04-26T00:00:00,DET vs. MIL,W,23.083333333333332,6,8,0.75,0,0,0.0,1,2,0.5,3,4,7,1,0,0,1,0,5,2,13,-1,25.9,0,0,23.0,1,1,1,1,1000,351,699,133,587,938,587,793,647,768,128,431,284,731,1060,742,157,1,1489,675,534,859,554,151,4,596,,23:05,1
2005-06,2470,Smush Parker,Smush,1610612747,LAL,Los Angeles Lakers,0040500152,2006-04-26T00:00:00,LAL @ PHX,W,30.483333333333334,3,6,0.5,0,1,0.0,2,2,1.0,1,3,4,3,3,3,0,1,4,3,8,4,23.3,0,0,21.0,1,1,1,1,713,742,878,488,587,709,587,530,647,1,478,615,647,335,164,32,500,1178,1222,471,812,504,631,151,4,659,,30:29,1
2005-06,2564,Boris Diaw,Boris,1610612756,PHX,Phoenix Suns,0040500152,2006-04-26T00:00:00,PHX vs. LAL,L,38.766666666666666,5,10,0.5,0,0,0.0,3,3,1.0,0,4,4,2,4,0,1,0,3,4,13,1,19.8,0,0,21.0,1,851,851,851,358,456,572,488,587,938,587,405,561,1,896,431,647,491,71,742,157,1,893,316,534,689,760,151,4,659,,38:46,1
2005-06,2034,Mike Miller,Mike,1610612763,MEM,Memphis Grizzlies,0040500172,2006-04-26T00:00:00,MEM @ DAL,L,24.266666666666666,2,7,0.286,0,3,0.0,5,5,1.0,0,5,5,2,2,0,2,0,4,4,9,-14,22.0,0,0,20.0,1,851,851,851,953,933,786,1192,587,362,587,203,332,1,896,311,510,491,358,742,67,1,1222,316,763,1574,683,151,4,704,,24:16,1
2005-06,2048,Jamaal Magloire,Jamaal,1610612749,MIL,Milwaukee Bucks,0040500102,2006-04-26T00:00:00,MIL @ DET,L,28.066666666666666,3,9,0.333,0,0,0.0,2,5,0.4,2,6,8,0,2,1,1,0,2,3,8,-13,21.6,0,0,20.0,1,851,851,851,804,742,639,1051,587,938,587,530,332,940,252,208,214,1087,358,274,157,1,542,471,812,1559,699,151,4,704,,28:04,1
2005-06,283,Lindsey Hunter,Lindsey,1610612765,DET,Detroit Pistons,0040500102,2006-04-26T00:00:00,DET vs. MIL,W,13.333333333333334,3,6,0.5,2,3,0.667,2,2,1.0,0,0,0,3,2,2,0,1,3,3,10,0,18.5,0,0,19.0,1,1,1,1,1279,742,878,488,125,362,108,530,647,1,896,1386,1473,335,358,82,500,1178,893,471,683,762,818,151,4,745,,13:20,1
2005-06,2250,Bobby Simmons,Bobby,1610612749,MIL,Milwaukee Bucks,0040500102,2006-04-26T00:00:00,MIL @ DET,L,31.566666666666666,5,11,0.455,0,2,0.0,0,0,0.0,2,2,4,2,0,1,0,1,2,1,10,-9,20.8,0,0,18.0,1,851,851,851,671,456,490,751,587,529,587,990,1042,990,252,827,647,491,1060,274,500,1178,542,926,683,1409,721,151,4,772,,31:34,1
2005-06,956,Erick Dampier,Erick,1610612742,DAL,Dallas Mavericks,0040500172,2006-04-26T00:00:00,DAL vs. MEM,W,25.866666666666667,2,8,0.25,0,0,0.0,4,6,0.667,4,2,6,0,1,0,2,4,3,4,8,0,20.2,0,0,18.0,1,1,1,1,894,933,699,1236,587,938,587,284,232,657,55,827,386,1087,614,742,67,1710,893,316,812,762,744,151,4,772,,25:52,1
2005-06,224,Eddie Jones,Eddie,1610612763,MEM,Memphis Grizzlies,0040500172,2006-04-26T00:00:00,MEM @ DAL,L,32.86666666666667,5,10,0.5,1,2,0.5,0,2,0.0,1,3,4,2,1,0,0,2,3,2,11,-13,17.8,0,0,18.0,1,851,851,851,627,456,572,488,284,529,183,990,647,990,478,615,647,491,614,742,500,1566,893,675,622,1559,857,151,4,772,,32:52,1
2005-06,2198,Kwame Brown,Kwame,1610612747,LAL,Los Angeles Lakers,0040500152,2006-04-26T00:00:00,LAL @ PHX,W,36.36333333333334,4,8,0.5,0,0,0.0,4,7,0.571,1,1,2,0,3,0,2,1,1,5,12,-6,17.4,0,0,18.0,1,1,1,1,461,580,699,488,587,938,587,284,195,761,478,1103,1021,1087,164,742,67,1178,248,217,571,1251,877,151,4,772,,36:22,1
2005-06,2756,Sasha Vujacic,Sasha,1610612747,LAL,Los Angeles Lakers,0040500152,2006-04-26T00:00:00,LAL @ PHX,W,20.55,3,6,0.5,3,4,0.75,2,2,1.0,0,2,2,2,0,0,0,1,1,2,11,6,16.4,0,0,18.0,1,1,1,1,1069,742,878,488,57,234,93,530,647,1,896,827,1021,491,1060,742,500,1178,248,675,622,391,898,151,4,772,,20:33,1
2005-06,2294,Charlie Bell,Charlie,1610612749,MIL,Milwaukee Bucks,0040500102,2006-04-26T00:00:00,MIL @ DET,L,27.083333333333332,4,13,0.308,3,4,0.75,0,0,0.0,0,0,0,2,1,0,1,2,5,1,11,-2,16.0,0,0,18.0,1,851,851,851,846,580,359,1165,57,234,93,990,1042,990,896,1386,1473,491,614,742,157,1566,1489,926,622,943,912,151,4,772,,27:05,1
2005-06,1517,Bobby Jackson,Bobby,1610612763,MEM,Memphis Grizzlies,0040500172,2006-04-26T00:00:00,MEM @ DAL,L,27.9,5,11,0.455,2,4,0.5,0,0,0.0,0,0,0,1,5,1,0,2,4,2,12,2,11.5,0,0,17.0,1,851,851,851,812,456,490,751,125,234,183,990,1042,990,896,1386,1473,731,36,274,500,1566,1222,675,571,625,1092,151,4,827,,27:54,1
2005-06,693,Joe Smith,Joe,1610612749,MIL,Milwaukee Bucks,0040500102,2006-04-26T00:00:00,MIL @ DET,L,25.0,3,6,0.5,0,0,0.0,0,2,0.0,2,5,7,1,0,0,1,0,2,1,6,-3,18.9,0,0,16.0,1,851,851,851,924,742,878,488,587,938,587,990,647,990,252,311,284,731,1060,742,157,1,542,926,957,1032,801,151,4,871,,25:00,1
2005-06,2575,Luke Walton,Luke,1610612747,LAL,Los Angeles Lakers,0040500152,2006-04-26T00:00:00,LAL @ PHX,W,25.033333333333335,3,8,0.375,0,1,0.0,2,2,1.0,0,4,4,1,2,1,0,1,4,6,8,4,15.3,0,0,15.0,1,1,1,1,923,742,699,980,587,709,587,530,647,1,896,431,647,731,358,274,500,1178,1222,145,812,504,942,151,4,904,,25:02,1
2005-06,953,Lorenzen Wright,Lorenzen,1610612763,MEM,Memphis Grizzlies,0040500172,2006-04-26T00:00:00,MEM @ DAL,L,14.583333333333334,3,3,1.0,0,0,0.0,2,4,0.5,3,1,4,0,2,0,1,0,3,4,8,1,13.8,0,0,14.0,1,851,851,851,1242,742,1167,1,587,938,587,530,399,768,128,1103,647,1087,358,742,157,1,893,316,812,689,997,151,4,939,,14:35,1
2005-06,1904,Devean George,Devean,1610612747,LAL,Los Angeles Lakers,0040500152,2006-04-26T00:00:00,LAL @ PHX,W,22.185,1,4,0.25,1,3,0.333,0,0,0.0,0,6,6,1,0,0,1,0,2,2,3,15,14.7,0,0,13.0,1,1,1,1,1032,1118,1052,1236,284,362,369,990,1042,990,896,208,386,731,1060,742,157,1,542,675,1180,124,962,151,4,985,,22:11,1
2005-06,1559,Adrian Griffin,Adrian,1610612742,DAL,Dallas Mavericks,0040500172,2006-04-26T00:00:00,DAL vs. MEM,W,20.058333333333334,3,3,1.0,0,0,0.0,0,0,0.0,2,1,3,2,1,1,0,0,2,0,6,10,14.6,0,0,13.0,1,1,1,1,1086,742,1167,1,587,938,587,990,1042,990,252,1103,832,491,614,274,500,1,542,1252,957,252,965,151,4,985,,20:04,1
2005-06,1088,Chucky Atkins,Chucky,1610612763,MEM,Memphis Grizzlies,0040500172,2006-04-26T00:00:00,MEM @ DAL,L,26.116666666666667,2,8,0.25,1,3,0.333,2,4,0.5,0,0,0,4,1,0,0,0,2,4,7,-20,12.0,0,0,12.0,1,851,851,851,887,933,699,1236,284,362,369,530,399,768,896,1386,1473,208,614,742,500,1,542,316,897,1669,1073,151,4,1038,,26:07,1
2005-06,2230,Maurice Evans,Maurice,1610612765,DET,Detroit Pistons,0040500102,2006-04-26T00:00:00,DET vs. MIL,W,11.133333333333333,2,4,0.5,2,3,0.667,2,2,1.0,1,1,2,0,0,0,0,0,2,2,8,3,10.4,0,0,12.0,1,1,1,1,1346,933,1052,488,125,362,108,530,647,1,478,1103,1021,1087,1060,742,500,1,542,675,812,567,1145,151,4,1038,,11:08,1
2005-06,2563,Dahntay Jones,Dahntay,1610612763,MEM,Memphis Grizzlies,0040500172,2006-04-26T00:00:00,MEM @ DAL,L,19.766666666666666,3,3,1.0,0,0,0.0,2,2,1.0,0,3,3,0,1,0,0,0,4,4,8,-7,10.6,0,0,11.0,1,851,851,851,1088,742,1167,1,587,938,587,530,647,1,896,615,832,1087,614,742,500,1,1222,316,812,1313,1136,151,4,1087,,19:46,1
2005-06,2571,Leandro Barbosa,Leandro,1610612756,PHX,Phoenix Suns,0040500152,2006-04-26T00:00:00,PHX vs. LAL,L,27.316666666666666,0,5,0.0,0,2,0.0,0,0,0.0,1,1,2,4,2,1,1,2,2,1,0,-6,12.4,0,0,10.0,1,851,851,851,840,1368,962,1368,587,529,587,990,1042,990,478,1103,1021,208,358,274,157,1566,542,926,1439,1251,1059,151,4,1125,,27:19,1
2005-06,711,Jerry Stackhouse,Jerry,1610612742,DAL,Dallas Mavericks,0040500172,2006-04-26T00:00:00,DAL vs. MEM,W,24.408333333333335,2,7,0.286,0,1,0.0,0,0,0.0,1,2,3,1,2,1,0,0,3,0,4,7,10.1,0,0,10.0,1,1,1,1,949,933,786,1192,587,709,587,990,1042,990,478,827,832,731,358,274,500,1,893,1252,1100,352,1167,151,4,1125,,24:25,1
2005-06,2567,Brian Cook,Brian,1610612747,LAL,Los Angeles Lakers,0040500152,2006-04-26T00:00:00,LAL @ PHX,W,11.185,2,4,0.5,1,1,1.0,0,0,0.0,1,1,2,2,1,0,0,1,4,0,5,12,9.4,0,0,10.0,1,1,1,1,1343,933,1052,488,284,709,1,990,1042,990,478,1103,1021,491,614,742,500,1178,1222,1252,1046,186,1185,151,4,1125,,11:11,1
2005-06,2590,Mo Williams,Mo,1610612749,MIL,Milwaukee Bucks,0040500102,2006-04-26T00:00:00,MIL @ DET,L,12.35,3,6,0.5,0,1,0.0,0,0,0.0,0,2,2,1,1,0,0,0,2,2,6,-11,8.9,0,0,9.0,1,851,851,851,1315,742,878,488,587,709,587,990,1042,990,896,827,1021,731,614,742,500,1,542,675,957,1501,1211,151,4,1164,,12:21,1
2005-06,2734,Devin Harris,Devin,1610612742,DAL,Dallas Mavericks,0040500172,2006-04-26T00:00:00,DAL vs. MEM,W,14.766666666666667,3,4,0.75,0,0,0.0,1,3,0.333,0,1,1,0,1,0,0,0,2,4,7,3,7.2,0,0,8.0,1,1,1,1,1237,742,1052,133,587,938,587,793,561,943,896,1103,1241,1087,614,742,500,1,542,316,897,567,1281,151,4,1212,,14:46,1
2005-06,2203,Shane Battier,Shane,1610612763,MEM,Memphis Grizzlies,0040500172,2006-04-26T00:00:00,MEM @ DAL,L,15.483333333333333,1,3,0.333,1,2,0.5,0,0,0.0,0,4,4,0,4,0,0,0,4,0,3,-6,3.8,0,0,8.0,1,851,851,851,1222,1118,1167,1051,284,529,183,990,1042,990,896,431,647,1087,71,742,500,1,1222,1252,1180,1251,1430,151,4,1212,,15:29,1
2005-06,754,Jim Jackson,Jim,1610612747,LAL,Los Angeles Lakers,0040500152,2006-04-26T00:00:00,LAL @ PHX,W,5.116666666666666,1,3,0.333,0,0,0.0,0,0,0.0,1,1,2,1,0,1,0,0,1,0,2,-4,8.9,0,0,7.0,1,1,1,1,1524,1118,1167,1051,587,938,587,990,1042,990,478,1103,1021,731,1060,274,500,1,248,1252,1253,1108,1211,151,4,1252,,5:07,1
2005-06,2605,Marquis Daniels,Marquis,1610612742,DAL,Dallas Mavericks,0040500172,2006-04-26T00:00:00,DAL vs. MEM,W,18.183333333333334,0,1,0.0,0,0,0.0,0,0,0.0,0,4,4,3,1,0,0,0,2,3,0,2,8.3,0,0,7.0,1,1,1,1,1139,1368,1422,1368,587,938,587,990,1042,990,896,431,647,335,614,742,500,1,542,471,1439,625,1239,151,4,1252,,18:11,1
2005-06,2788,DJ Mbenga,DJ,1610612742,DAL,Dallas Mavericks,0040500172,2006-04-26T00:00:00,DAL vs. MEM,W,7.1,0,1,0.0,0,0,0.0,2,2,1.0,1,2,3,0,1,0,1,0,2,1,2,10,7.6,0,0,7.0,1,1,1,1,1465,1368,1422,1368,587,938,587,530,647,1,478,827,832,1087,614,742,157,1,542,926,1253,252,1264,151,4,1252,,7:06,1
2005-06,101124,Hakim Warrick,Hakim,1610612763,MEM,Memphis Grizzlies,0040500172,2006-04-26T00:00:00,MEM @ DAL,L,12.0,1,3,0.333,0,0,0.0,3,4,0.75,0,2,2,0,1,0,0,0,3,4,5,5,6.4,0,0,7.0,1,851,851,851,1320,1118,1167,1051,587,938,587,405,399,566,896,827,1021,1087,614,742,500,1,893,316,1046,444,1304,151,4,1252,,12:00,1
2005-06,2205,DeSagana Diop,DeSagana,1610612742,DAL,Dallas Mavericks,0040500172,2006-04-26T00:00:00,DAL vs. MEM,W,14.083333333333334,1,1,1.0,0,0,0.0,1,2,0.5,0,1,1,0,1,0,1,0,5,1,3,7,6.2,0,0,6.0,1,1,1,1,1260,1118,1422,1,587,938,587,793,647,768,896,1103,1241,1087,614,742,157,1,1489,926,1180,352,1311,151,4,1292,,14:05,1
2005-06,2592,James Jones,James,1610612756,PHX,Phoenix Suns,0040500152,2006-04-26T00:00:00,PHX vs. LAL,L,7.185,0,1,0.0,0,1,0.0,2,2,1.0,0,1,1,0,0,0,1,0,1,1,2,-9,6.2,0,0,5.0,1,851,851,851,1461,1368,1422,1368,587,709,587,530,647,1,896,1103,1241,1087,1060,742,157,1,248,926,1253,1409,1311,151,4,1338,,7:11,1
2005-06,2412,Jiri Welsch,Jiri,1610612749,MIL,Milwaukee Bucks,0040500102,2006-04-26T00:00:00,MIL @ DET,L,1.5,1,1,1.0,0,0,0.0,1,2,0.5,0,0,0,0,0,1,0,0,0,1,3,3,6.0,0,0,5.0,1,851,851,851,1647,1118,1422,1,587,938,587,793,647,768,896,1386,1473,1087,1060,274,500,1,1,926,1180,567,1321,151,4,1338,,1:30,1
2005-06,2067,Eddie House,Eddie,1610612756,PHX,Phoenix Suns,0040500152,2006-04-26T00:00:00,PHX vs. LAL,L,9.633333333333333,1,3,0.333,0,0,0.0,0,0,0.0,0,0,0,0,1,0,1,0,3,0,2,-8,4.0,0,0,4.0,1,851,851,851,1394,1118,1167,1051,587,938,587,990,1042,990,896,1386,1473,1087,614,742,157,1,893,1252,1253,1363,1417,151,4,1384,,9:38,1
2005-06,2073,Brian Cardinal,Brian,1610612763,MEM,Memphis Grizzlies,0040500172,2006-04-26T00:00:00,MEM @ DAL,L,5.041666666666667,0,0,0.0,0,0,0.0,0,0,0.0,1,2,3,0,0,0,0,0,0,0,0,2,3.6,0,0,3.0,1,851,851,851,1527,1368,1565,1368,587,938,587,990,1042,990,478,827,832,1087,1060,742,500,1,1,1252,1439,625,1437,151,4,1449,,5:03,1
2005-06,960,Tony Delk,Tony,1610612765,DET,Detroit Pistons,0040500102,2006-04-26T00:00:00,DET vs. MIL,W,10.4,1,4,0.25,0,2,0.0,0,0,0.0,0,1,1,0,2,0,0,0,1,0,2,-6,1.2,0,0,3.0,1,1,1,1,1369,1118,1052,1236,587,529,587,990,1042,990,896,1103,1241,1087,358,742,500,1,248,1252,1253,1251,1554,151,4,1449,,10:24,1
2005-06,905,Dale Davis,Dale,1610612765,DET,Detroit Pistons,0040500102,2006-04-26T00:00:00,DET vs. MIL,W,1.5,0,0,0.0,0,0,0.0,0,0,0.0,0,2,2,0,0,0,0,0,0,0,0,-3,2.4,0,0,2.0,1,1,1,1,1647,1368,1565,1368,587,938,587,990,1042,990,896,827,1021,1087,1060,742,500,1,1,1252,1439,1032,1497,151,4,1498,,1:30,1
2005-06,2054,Jake Tsakalidis,Jake,1610612763,MEM,Memphis Grizzlies,0040500172,2006-04-26T00:00:00,MEM @ DAL,L,16.1,0,0,0.0,0,0,0.0,0,0,0.0,1,1,2,0,2,0,0,0,3,0,0,-15,0.4,0,0,2.0,1,851,851,851,1199,1368,1565,1368,587,938,587,990,1042,990,478,1103,1021,1087,358,742,500,1,893,1252,1439,1591,1593,151,4,1498,,16:06,1
2005-06,2766,Antonio Burks,Antonio,1610612763,MEM,Memphis Grizzlies,0040500172,2006-04-26T00:00:00,MEM @ DAL,L,7.916666666666667,0,0,0.0,0,0,0.0,0,0,0.0,0,0,0,1,0,0,0,0,1,0,0,5,1.5,0,0,1.0,1,851,851,851,1446,1368,1565,1368,587,938,587,990,1042,990,896,1386,1473,731,1060,742,500,1,248,1252,1439,444,1539,151,4,1557,,7:55,1
2005-06,1983,Jermaine Jackson,Jermaine,1610612749,MIL,Milwaukee Bucks,0040500102,2006-04-26T00:00:00,MIL @ DET,L,1.5,0,1,0.0,0,0,0.0,0,0,0.0,0,0,0,1,0,0,0,0,0,0,0,3,1.5,0,0,1.0,1,851,851,851,1647,1368,1422,1368,587,938,587,990,1042,990,896,1386,1473,731,1060,742,500,1,1,1252,1439,567,1539,151,4,1557,,1:30,1
2005-06,911,Ervin Johnson,Ervin,1610612749,MIL,Milwaukee Bucks,0040500102,2006-04-26T00:00:00,MIL @ DET,L,1.5,0,0,0.0,0,0,0.0,0,0,0.0,0,1,1,0,0,0,0,0,0,0,0,3,1.2,0,0,1.0,1,851,851,851,1647,1368,1565,1368,587,938,587,990,1042,990,896,1103,1241,1087,1060,742,500,1,1,1252,1439,567,1554,151,4,1557,,1:30,1
2005-06,2429,Dan Gadzuric,Dan,1610612749,MIL,Milwaukee Bucks,0040500102,2006-04-26T00:00:00,MIL @ DET,L,1.5,0,0,0.0,0,0,0.0,0,0,0.0,0,0,0,0,0,0,0,0,0,0,0,3,0.0,0,0,0.0,1,851,851,851,1647,1368,1565,1368,587,938,587,990,1042,990,896,1386,1473,1087,1060,742,500,1,1,1252,1439,567,1605,151,4,1610,,1:30,1
2005-06,353,Darrell Armstrong,Darrell,1610612742,DAL,Dallas Mavericks,0040500172,2006-04-26T00:00:00,DAL vs. MEM,W,1.3,0,1,0.0,0,1,0.0,0,0,0.0,0,0,0,0,0,0,0,0,0,0,0,0,0.0,0,0,0.0,1,1,1,1,1659,1368,1422,1368,587,709,587,990,1042,990,896,1386,1473,1087,1060,742,500,1,1,1252,1439,762,1605,151,4,1610,,1:18,1
2005-06,2694,Josh Powell,Josh,1610612742,DAL,Dallas Mavericks,0040500172,2006-04-26T00:00:00,DAL vs. MEM,W,4.105,0,0,0.0,0,0,0.0,0,0,0.0,0,0,0,0,0,0,0,0,1,0,0,-1,0.0,0,0,0.0,1,1,1,1,1564,1368,1565,1368,587,938,587,990,1042,990,896,1386,1473,1087,1060,742,500,1,248,1252,1439,859,1605,151,4,1610,,4:06,1
2005-06,258,Brian Grant,Brian,1610612756,PHX,Phoenix Suns,0040500152,2006-04-26T00:00:00,PHX vs. LAL,L,1.8166666666666667,0,0,0.0,0,0,0.0,0,0,0.0,0,0,0,0,0,0,0,0,2,0,0,-6,0.0,0,0,0.0,1,851,851,851,1638,1368,1565,1368,587,938,587,990,1042,990,896,1386,1473,1087,1060,742,500,1,542,1252,1439,1251,1605,151,4,1610,,1:49,1
2005-06,2568,Carlos Delfino,Carlos,1610612765,DET,Detroit Pistons,0040500102,2006-04-26T00:00:00,DET vs. MIL,W,1.5,0,0,0.0,0,0,0.0,0,0,0.0,0,0,0,0,1,0,0,0,1,0,0,-3,-1.0,0,0,0.0,1,1,1,1,1647,1368,1565,1368,587,938,587,990,1042,990,896,1386,1473,1087,614,742,500,1,248,1252,1439,1032,1708,151,4,1610,,1:30,1
2005-06,2240,Gilbert Arenas,Gilbert,1610612764,WAS,Washington Wizards,0040500132,2006-04-25T00:00:00,WAS @ CLE,W,46.86666666666667,10,24,0.417,3,8,0.375,7,11,0.636,1,5,6,6,2,4,1,0,1,6,30,7,59.2,0,0,55.0,1,1,1,1,50,84,25,871,57,19,363,101,50,722,478,311,386,97,358,5,157,1,248,145,67,352,29,151,4,33,,46:52,1
2005-06,2400,Drew Gooden,Drew,1610612739,CLE,Cleveland Cavaliers,0040500132,2006-04-25T00:00:00,CLE vs. WAS,L,39.038333333333334,11,12,0.917,0,0,0.0,2,2,1.0,5,11,16,2,3,1,2,0,3,4,24,12,52.2,1,0,48.0,1,851,851,851,348,62,425,96,587,938,587,530,647,1,26,30,13,491,164,274,67,1,893,316,149,186,69,1,4,79,,39:02,1
2005-06,1938,Manu Ginobili,Manu,1610612759,SAS,San Antonio Spurs,0040500142,2006-04-25T00:00:00,SAS vs. SAC,W,35.9,10,20,0.5,3,8,0.375,9,12,0.75,0,2,2,9,0,1,0,1,4,11,32,19,50.9,0,0,48.0,1,1,1,1,482,84,82,488,57,19,363,49,41,566,896,827,1021,34,1060,274,500,1178,1222,16,43,76,78,151,4,79,,35:54,1
2005-06,1713,Vince Carter,Vince,1610612751,NJN,New Jersey Nets,0040500122,2006-04-25T00:00:00,NJN vs. IND,W,40.815,12,20,0.6,1,6,0.167,8,9,0.889,0,5,5,5,5,1,1,0,3,8,33,22,47.5,0,0,48.0,1,1,1,1,250,37,82,311,284,84,562,69,93,425,896,311,510,141,36,274,157,1,893,70,35,48,98,151,4,79,,40:49,1
2005-06,2544,LeBron James,LeBron,1610612739,CLE,Cleveland Cavaliers,0040500132,2006-04-25T00:00:00,CLE vs. WAS,L,43.46666666666667,7,25,0.28,1,6,0.167,11,15,0.733,2,7,9,2,10,2,3,1,5,9,26,-2,44.8,0,0,48.0,1,851,851,851,142,269,16,1219,284,84,562,28,18,640,252,144,161,491,1,82,25,1178,1489,40,118,943,133,151,4,79,,43:28,1
2005-06,1719,Bonzi Wells,Bonzi,1610612758,SAC,Sacramento Kings,0040500142,2006-04-25T00:00:00,SAC @ SAS,L,44.265,12,17,0.706,0,0,0.0,4,8,0.5,5,7,12,1,3,0,1,2,6,5,28,-2,43.9,1,0,43.0,1,851,851,851,121,37,166,186,587,938,587,284,129,768,26,144,60,731,164,742,157,1566,1663,217,94,943,142,1,4,124,,44:16,1
2005-06,2406,Caron Butler,Caron,1610612764,WAS,Washington Wizards,0040500132,2006-04-25T00:00:00,WAS @ CLE,W,35.33833333333333,9,19,0.474,2,5,0.4,1,2,0.5,3,6,9,1,1,2,1,5,6,2,21,7,41.3,0,0,39.0,1,1,1,1,500,116,108,717,125,141,327,793,647,768,128,208,161,731,614,82,157,1715,1663,675,222,352,173,151,4,175,,35:20,1
2005-06,949,Shareef Abdur-Rahim,Shareef,1610612758,SAC,Sacramento Kings,0040500142,2006-04-25T00:00:00,SAC @ SAS,L,34.57666666666667,12,19,0.632,0,1,0.0,3,3,1.0,0,9,9,1,1,1,0,1,5,4,27,-5,41.3,0,0,39.0,1,851,851,851,545,37,108,278,587,709,587,405,561,1,896,63,161,731,614,274,500,1178,1489,316,105,1189,173,151,4,175,,34:35,1
2005-06,2225,Tony Parker,Tony,1610612759,SAS,San Antonio Spurs,0040500142,2006-04-25T00:00:00,SAS vs. SAC,W,43.166666666666664,8,16,0.5,0,1,0.0,6,7,0.857,1,3,4,10,7,1,0,0,3,5,22,15,37.8,1,0,38.0,1,1,1,1,157,178,208,488,587,709,587,142,195,459,478,615,647,25,4,274,500,1,893,217,190,124,240,1,4,188,,43:10,1
2005-06,2755,Kevin Martin,Kevin,1610612758,SAC,Sacramento Kings,0040500142,2006-04-25T00:00:00,SAC @ SAS,L,45.25,7,15,0.467,2,4,0.5,10,10,1.0,4,4,8,0,1,0,0,0,4,6,26,-4,34.6,0,0,36.0,1,851,851,851,93,269,255,724,125,234,183,40,66,1,55,431,214,1087,614,742,500,1,1222,145,118,1108,307,151,4,228,,45:15,1
2005-06,1712,Antawn Jamison,Antawn,1610612764,WAS,Washington Wizards,0040500132,2006-04-25T00:00:00,WAS @ CLE,W,37.01,7,14,0.5,3,4,0.75,4,5,0.8,0,7,7,1,3,2,0,1,4,4,21,-8,33.9,0,0,36.0,1,1,1,1,430,269,306,488,57,234,93,284,332,518,896,144,284,731,164,82,500,1178,1222,316,222,1363,321,151,4,228,,37:01,1
2005-06,2420,Nenad Krstic,Nenad,1610612751,NJN,New Jersey Nets,0040500122,2006-04-25T00:00:00,NJN vs. IND,W,35.916666666666664,7,13,0.538,0,0,0.0,6,7,0.857,3,7,10,0,3,0,2,0,4,5,20,18,35.0,1,0,34.0,1,1,1,1,481,269,359,446,587,938,587,142,195,459,128,144,114,1087,164,742,67,1,1222,217,258,91,300,1,4,267,,35:55,1
2005-06,1495,Tim Duncan,Tim,1610612759,SAS,San Antonio Spurs,0040500142,2006-04-25T00:00:00,SAS vs. SAC,W,35.096666666666664,4,10,0.4,0,0,0.0,6,8,0.75,1,12,13,2,1,1,1,0,5,5,14,14,37.6,1,0,33.0,1,1,1,1,514,580,572,896,587,938,587,142,129,566,478,20,45,491,614,274,157,1,1489,217,478,146,243,1,4,291,,35:06,1
2005-06,467,Jason Kidd,Jason,1610612751,NJN,New Jersey Nets,0040500122,2006-04-25T00:00:00,NJN vs. IND,W,37.88166666666667,3,10,0.3,0,2,0.0,0,0,0.0,4,7,11,13,2,0,1,3,3,0,6,8,39.7,1,0,32.0,1,1,1,1,401,742,572,1178,587,529,587,990,1042,990,55,144,82,5,358,742,157,1679,893,1252,957,318,202,1,4,315,,37:53,1
2005-06,1716,Larry Hughes,Larry,1610612739,CLE,Cleveland Cavaliers,0040500132,2006-04-25T00:00:00,CLE vs. WAS,L,43.56666666666667,5,16,0.313,1,3,0.333,5,8,0.625,1,3,4,2,0,4,0,1,3,4,16,2,35.8,0,0,31.0,1,851,851,851,137,456,208,1159,284,362,369,203,129,725,478,615,647,491,1060,5,500,1178,893,316,399,625,285,151,4,346,,43:34,1
2005-06,1710,Mike Bibby,Mike,1610612758,SAC,Sacramento Kings,0040500142,2006-04-25T00:00:00,SAC @ SAS,L,48.916666666666664,3,16,0.188,0,4,0.0,9,11,0.818,1,6,7,6,5,1,0,2,2,8,15,-16,30.4,0,0,30.0,1,851,851,851,24,742,208,1331,587,234,587,49,50,514,478,208,284,97,36,274,500,1566,542,70,442,1605,406,151,4,374,,48:55,1
2005-06,2210,Richard Jefferson,Richard,1610612751,NJN,New Jersey Nets,0040500122,2006-04-25T00:00:00,NJN vs. IND,W,42.115,7,17,0.412,0,2,0.0,7,8,0.875,0,4,4,2,2,0,1,1,2,5,21,11,29.8,0,0,29.0,1,1,1,1,192,269,166,883,587,529,587,101,129,437,896,431,647,491,358,742,157,1178,542,217,222,217,427,151,4,401,,42:07,1
2005-06,699,Brent Barry,Brent,1610612759,SAS,San Antonio Spurs,0040500142,2006-04-25T00:00:00,SAS vs. SAC,W,26.268333333333334,8,12,0.667,4,7,0.571,2,2,1.0,0,2,2,1,0,0,0,0,3,3,22,-2,25.9,0,0,29.0,1,1,1,1,883,178,425,197,17,42,171,530,647,1,896,827,1021,731,1060,742,500,1,893,471,190,943,554,151,4,401,,26:16,1
2005-06,1533,Anthony Johnson,Anthony,1610612754,IND,Indiana Pacers,0040500122,2006-04-25T00:00:00,IND @ NJN,L,39.998333333333335,8,17,0.471,1,4,0.25,0,1,0.0,1,5,6,4,3,0,0,0,0,3,17,0,27.2,0,0,28.0,1,851,851,851,287,178,166,720,284,234,480,990,974,990,478,311,386,208,164,742,500,1,1,471,353,762,513,151,4,435,,39:60,1
2005-06,979,Jermaine O'Neal,Jermaine,1610612754,IND,Indiana Pacers,0040500122,2006-04-25T00:00:00,IND @ NJN,L,32.48166666666667,3,12,0.25,0,1,0.0,6,6,1.0,0,7,7,2,6,0,3,1,5,8,12,-6,26.4,0,0,27.0,1,851,851,851,644,742,425,1236,587,709,587,142,232,1,896,144,284,491,15,742,25,1178,1489,70,571,1251,538,151,4,472,,32:29,1
2005-06,980,Zydrunas Ilgauskas,Zydrunas,1610612739,CLE,Cleveland Cavaliers,0040500132,2006-04-25T00:00:00,CLE vs. WAS,L,29.666666666666668,3,13,0.231,0,0,0.0,3,4,0.75,5,2,7,2,1,0,4,1,2,2,9,11,31.4,0,0,26.0,1,851,851,851,741,742,359,1294,587,938,587,405,399,566,26,827,284,491,614,742,12,1178,542,675,763,217,381,151,4,498,,29:40,1
2005-06,2410,Fred Jones,Fred,1610612754,IND,Indiana Pacers,0040500122,2006-04-25T00:00:00,IND @ NJN,L,38.54833333333333,5,10,0.5,1,4,0.25,2,3,0.667,1,5,6,4,0,1,0,1,2,2,13,-16,29.2,0,0,26.0,1,851,851,851,369,456,572,488,284,234,480,530,561,657,478,311,386,208,1060,274,500,1178,542,675,534,1605,446,151,4,498,,38:33,1
2005-06,101122,Danny Granger,Danny,1610612754,IND,Indiana Pacers,0040500122,2006-04-25T00:00:00,IND @ NJN,L,31.116666666666667,3,8,0.375,3,5,0.6,2,2,1.0,1,2,3,3,0,1,2,1,5,2,11,-12,28.1,0,0,26.0,1,851,851,851,694,742,699,980,57,141,149,530,647,1,478,827,832,335,1060,274,67,1178,1489,675,622,1528,479,151,4,498,,31:07,1
2005-06,1903,Kenny Thomas,Kenny,1610612758,SAC,Sacramento Kings,0040500142,2006-04-25T00:00:00,SAC @ SAS,L,43.93833333333333,4,8,0.5,0,0,0.0,4,4,1.0,4,4,8,5,3,0,0,2,4,3,12,-12,26.1,0,0,25.0,1,851,851,851,128,580,699,488,587,938,587,284,399,1,55,431,214,141,164,742,500,1566,1222,471,571,1528,546,151,4,532,,43:56,1
2005-06,1737,Nazr Mohammed,Nazr,1610612759,SAS,San Antonio Spurs,0040500142,2006-04-25T00:00:00,SAS vs. SAC,W,24.22,3,4,0.75,0,0,0.0,0,0,0.0,3,3,6,1,2,2,3,1,2,0,6,2,27.7,0,0,23.0,1,1,1,1,958,742,1052,133,587,938,587,990,1042,990,128,615,386,731,358,82,25,1178,542,1252,957,625,489,151,4,596,,24:13,1
2005-06,714,Michael Finley,Michael,1610612759,SAS,San Antonio Spurs,0040500142,2006-04-25T00:00:00,SAS vs. SAC,W,29.398333333333333,4,8,0.5,2,4,0.5,2,2,1.0,0,2,2,3,0,0,0,0,3,2,12,17,18.9,0,0,19.0,1,1,1,1,753,580,699,488,125,234,183,530,647,1,896,827,1021,335,1060,742,500,1,893,675,571,98,801,151,4,745,,29:24,1
2005-06,2407,Jared Jeffries,Jared,1610612764,WAS,Washington Wizards,0040500132,2006-04-25T00:00:00,WAS @ CLE,W,37.11666666666667,2,11,0.182,0,1,0.0,0,0,0.0,3,3,6,2,3,0,3,3,2,1,4,-5,20.2,0,0,18.0,1,1,1,1,423,933,490,1333,587,709,587,990,1042,990,128,615,386,491,164,742,25,1679,542,926,1100,1189,744,151,4,772,,37:07,1
2005-06,109,Robert Horry,Robert,1610612759,SAS,San Antonio Spurs,0040500142,2006-04-25T00:00:00,SAS vs. SAC,W,20.19333333333333,3,5,0.6,3,4,0.75,2,2,1.0,2,0,2,0,1,0,1,1,2,2,11,-8,15.4,0,0,18.0,1,1,1,1,1079,742,962,311,57,234,93,530,647,1,252,1386,1021,1087,614,742,157,1178,542,675,622,1363,936,151,4,772,,20:12,1
2005-06,1902,Jeff Foster,Jeff,1610612754,IND,Indiana Pacers,0040500122,2006-04-25T00:00:00,IND @ NJN,L,23.916666666666668,2,5,0.4,0,0,0.0,0,0,0.0,4,4,8,1,0,1,1,0,1,1,4,-3,21.1,0,0,17.0,1,851,851,851,973,933,962,896,587,938,587,990,1042,990,55,431,214,731,1060,274,157,1,248,926,1100,1032,709,151,4,827,,23:55,1
2005-06,1802,Brad Miller,Brad,1610612758,SAC,Sacramento Kings,0040500142,2006-04-25T00:00:00,SAC @ SAS,L,27.241666666666667,2,8,0.25,1,1,1.0,2,2,1.0,0,3,3,2,2,1,1,2,3,2,7,2,17.6,0,0,17.0,1,851,851,851,844,933,699,1236,284,709,1,530,647,1,896,615,832,491,358,274,157,1566,893,675,897,625,865,151,4,827,,27:15,1
2005-06,1536,Stephen Jackson,Stephen,1610612754,IND,Indiana Pacers,0040500122,2006-04-25T00:00:00,IND @ NJN,L,30.8,4,14,0.286,1,4,0.25,1,3,0.333,2,2,4,2,2,0,0,2,6,2,10,0,15.8,0,0,17.0,1,851,851,851,705,580,306,1192,284,234,480,793,561,943,252,827,647,491,358,742,500,1566,1663,675,683,762,922,151,4,827,,30:48,1
2005-06,727,Eric Snow,Eric,1610612739,CLE,Cleveland Cavaliers,0040500132,2006-04-25T00:00:00,CLE vs. WAS,L,33.115,2,6,0.333,0,0,0.0,0,0,0.0,0,5,5,4,0,1,0,1,4,0,4,13,19.0,0,0,15.0,1,851,851,851,614,933,878,1051,587,938,587,990,1042,990,896,311,510,208,1060,274,500,1178,1222,1252,1100,166,796,151,4,904,,33:07,1
2005-06,1725,Rasho Nesterovic,Rasho,1610612759,SAS,San Antonio Spurs,0040500142,2006-04-25T00:00:00,SAS vs. SAC,W,13.1,2,2,1.0,0,0,0.0,0,0,0.0,0,2,2,0,0,0,3,0,2,0,4,-1,15.4,0,0,12.0,1,1,1,1,1291,933,1280,1,587,938,587,990,1042,990,896,827,1021,1087,1060,742,25,1,542,1252,1100,859,936,151,4,1038,,13:06,1
2005-06,1498,Antonio Daniels,Antonio,1610612764,WAS,Washington Wizards,0040500132,2006-04-25T00:00:00,WAS @ CLE,W,36.68333333333333,2,7,0.286,0,1,0.0,2,3,0.667,1,4,5,1,0,0,0,0,1,5,6,16,13.5,0,0,12.0,1,1,1,1,445,933,786,1192,587,709,587,530,561,657,478,431,510,731,1060,742,500,1,248,217,957,106,1013,151,4,1038,,36:41,1
2005-06,1477,Bruce Bowen,Bruce,1610612759,SAS,San Antonio Spurs,0040500142,2006-04-25T00:00:00,SAS vs. SAC,W,27.823333333333334,1,2,0.5,0,0,0.0,0,0,0.0,0,1,1,2,0,2,1,0,3,0,2,-5,15.2,0,0,11.0,1,1,1,1,817,1118,1280,488,587,938,587,990,1042,990,896,1103,1241,491,1060,82,157,1,893,1252,1253,1189,943,151,4,1087,,27:49,1
2005-06,1521,Jacque Vaughn,Jacque,1610612751,NJN,New Jersey Nets,0040500122,2006-04-25T00:00:00,NJN vs. IND,W,22.583333333333332,3,4,0.75,0,0,0.0,0,0,0.0,0,2,2,0,0,1,0,0,0,0,6,5,11.4,0,0,10.0,1,1,1,1,1018,742,1052,133,587,938,587,990,1042,990,896,827,1021,1087,1060,274,500,1,1,1252,957,444,1096,151,4,1125,,22:35,1
2005-06,2217,Brendan Haywood,Brendan,1610612764,WAS,Washington Wizards,0040500132,2006-04-25T00:00:00,WAS @ CLE,W,29.416666666666668,1,1,1.0,0,0,0.0,3,4,0.75,1,0,1,2,2,1,0,0,4,2,5,-10,10.2,0,0,10.0,1,1,1,1,751,1118,1422,1,587,938,587,405,399,566,478,1386,1241,491,358,274,500,1,1222,675,1046,1457,1156,151,4,1125,,29:25,1
2005-06,1913,Michael Ruffin,Michael,1610612764,WAS,Washington Wizards,0040500132,2006-04-25T00:00:00,WAS @ CLE,W,14.723333333333333,0,0,0.0,0,0,0.0,0,0,0.0,2,4,6,0,0,1,0,0,1,0,0,11,10.2,0,0,8.0,1,1,1,1,1238,1368,1565,1368,587,938,587,990,1042,990,252,431,386,1087,1060,274,500,1,248,1252,1439,217,1156,151,4,1212,,14:43,1
2005-06,361,Clifford Robinson,Clifford,1610612751,NJN,New Jersey Nets,0040500122,2006-04-25T00:00:00,NJN vs. IND,W,23.516666666666666,0,3,0.0,0,3,0.0,0,0,0.0,1,1,2,1,0,2,0,0,2,3,0,-4,9.9,0,0,7.0,1,1,1,1,983,1368,1167,1368,587,362,587,990,1042,990,478,1103,1021,731,1060,82,500,1,542,471,1439,1108,1173,151,4,1252,,23:31,1
2005-06,2215,Jason Collins,Jason,1610612751,NJN,New Jersey Nets,0040500122,2006-04-25T00:00:00,NJN vs. IND,W,24.281666666666666,0,2,0.0,0,0,0.0,1,2,0.5,3,1,4,1,0,0,0,2,3,2,1,13,7.3,0,0,6.0,1,1,1,1,952,1368,1280,1368,587,938,587,793,647,768,128,1103,647,731,1060,742,500,1566,893,675,1415,166,1278,151,4,1292,,24:17,1
2005-06,2078,Jason Hart,Jason,1610612758,SAC,Sacramento Kings,0040500142,2006-04-25T00:00:00,SAC @ SAS,L,17.118333333333332,2,4,0.5,0,0,0.0,0,0,0.0,0,0,0,0,1,1,0,0,5,0,4,-8,6.0,0,0,6.0,1,851,851,851,1172,933,1052,488,587,938,587,990,1042,990,896,1386,1473,1087,614,274,500,1,1489,1252,1100,1363,1321,151,4,1292,,17:07,1
2005-06,441,Lamond Murray,Lamond,1610612751,NJN,New Jersey Nets,0040500122,2006-04-25T00:00:00,NJN vs. IND,W,9.883333333333333,1,2,0.5,1,2,0.5,0,0,0.0,1,1,2,0,0,0,0,0,1,0,3,6,5.4,0,0,6.0,1,1,1,1,1385,1118,1280,488,284,529,183,990,1042,990,478,1103,1021,1087,1060,742,500,1,248,1252,1180,391,1351,151,4,1292,,9:53,1
2005-06,1506,Austin Croshere,Austin,1610612754,IND,Indiana Pacers,0040500122,2006-04-25T00:00:00,IND @ NJN,L,24.595,1,6,0.167,0,3,0.0,0,0,0.0,1,2,3,0,0,0,0,0,0,0,2,-7,5.6,0,0,5.0,1,851,851,851,940,1118,878,1337,587,362,587,990,1042,990,478,827,832,1087,1060,742,500,1,1,1252,1253,1313,1341,151,4,1338,,24:36,1
2005-06,2436,Flip Murray,Flip,1610612739,CLE,Cleveland Cavaliers,0040500132,2006-04-25T00:00:00,CLE vs. WAS,L,17.018333333333334,1,8,0.125,0,1,0.0,0,0,0.0,0,3,3,0,0,0,0,1,1,0,2,-25,5.6,0,0,5.0,1,851,851,851,1177,1118,699,1362,587,709,587,990,1042,990,896,615,832,1087,1060,742,500,1178,248,1252,1253,1700,1341,151,4,1338,,17:01,1
2005-06,2224,Jamaal Tinsley,Jamaal,1610612754,IND,Indiana Pacers,0040500122,2006-04-25T00:00:00,IND @ NJN,L,7.25,1,3,0.333,0,2,0.0,0,0,0.0,0,0,0,1,1,1,0,0,1,0,2,-16,5.5,0,0,5.0,1,851,851,851,1458,1118,1167,1051,587,529,587,990,1042,990,896,1386,1473,731,614,274,500,1,248,1252,1253,1605,1349,151,4,1338,,7:15,1
2005-06,101180,Sarunas Jasikevicius,Sarunas,1610612754,IND,Indiana Pacers,0040500122,2006-04-25T00:00:00,IND @ NJN,L,4.451666666666667,1,3,0.333,1,2,0.5,0,0,0.0,0,0,0,1,0,0,0,0,1,0,3,-4,4.5,0,0,5.0,1,851,851,851,1552,1118,1167,1051,284,529,183,990,1042,990,896,1386,1473,731,1060,742,500,1,248,1252,1180,1108,1389,151,4,1338,,4:27,1
2005-06,923,Donyell Marshall,Donyell,1610612739,CLE,Cleveland Cavaliers,0040500132,2006-04-25T00:00:00,CLE vs. WAS,L,15.966666666666667,1,3,0.333,1,2,0.5,0,0,0.0,0,0,0,1,1,0,0,0,0,0,3,-17,3.5,0,0,5.0,1,851,851,851,1204,1118,1167,1051,284,529,183,990,1042,990,896,1386,1473,731,614,742,500,1,1,1252,1180,1630,1442,151,4,1338,,15:58,1
2005-06,89,Nick Van Exel,Nick,1610612759,SAS,San Antonio Spurs,0040500142,2006-04-25T00:00:00,SAS vs. SAC,W,9.833333333333334,0,5,0.0,0,2,0.0,3,3,1.0,0,0,0,1,0,0,0,0,1,1,3,-6,4.5,0,0,4.0,1,1,1,1,1387,1368,962,1368,587,529,587,405,561,1,896,1386,1473,731,1060,742,500,1,248,926,1180,1251,1389,151,4,1384,,9:50,1
2005-06,1800,Damon Jones,Damon,1610612739,CLE,Cleveland Cavaliers,0040500132,2006-04-25T00:00:00,CLE vs. WAS,L,6.851666666666667,0,0,0.0,0,0,0.0,0,0,0.0,0,2,2,1,0,0,0,0,0,0,0,-3,3.9,0,0,3.0,1,851,851,851,1473,1368,1565,1368,587,938,587,990,1042,990,896,827,1021,731,1060,742,500,1,1,1252,1439,1032,1425,151,4,1449,,6:51,1
2005-06,2760,Anderson Varejao,Anderson,1610612739,CLE,Cleveland Cavaliers,0040500132,2006-04-25T00:00:00,CLE vs. WAS,L,11.31,0,0,0.0,0,0,0.0,0,0,0.0,0,1,1,0,1,0,1,0,4,1,0,-16,3.2,0,0,3.0,1,851,851,851,1341,1368,1565,1368,587,938,587,990,1042,990,896,1103,1241,1087,614,742,157,1,1222,926,1439,1605,1451,151,4,1449,,11:19,1
2005-06,101128,Francisco Garcia,Francisco,1610612758,SAC,Sacramento Kings,0040500142,2006-04-25T00:00:00,SAC @ SAS,L,3.6933333333333334,0,0,0.0,0,0,0.0,0,0,0.0,0,0,0,0,0,0,1,0,0,0,0,0,3.0,0,0,2.0,1,851,851,851,1571,1368,1565,1368,587,938,587,990,1042,990,896,1386,1473,1087,1060,742,157,1,1,1252,1439,762,1467,151,4,1498,,3:42,1
2005-06,2873,Billy Thomas,Billy,1610612764,WAS,Washington Wizards,0040500132,2006-04-25T00:00:00,WAS @ CLE,W,2.845,0,2,0.0,0,1,0.0,2,4,0.5,0,0,0,0,0,0,0,1,1,2,2,7,2.0,0,0,2.0,1,1,1,1,1601,1368,1280,1368,587,709,587,530,399,768,896,1386,1473,1087,1060,742,500,1178,248,675,1253,352,1516,151,4,1498,,2:51,1
2005-06,2758,David Harrison,David,1610612754,IND,Indiana Pacers,0040500122,2006-04-25T00:00:00,IND @ NJN,L,3.3516666666666666,0,1,0.0,0,0,0.0,1,2,0.5,0,0,0,0,1,0,0,0,2,1,1,-3,0.0,0,0,1.0,1,851,851,851,1580,1368,1422,1368,587,938,587,793,647,768,896,1386,1473,1087,614,742,500,1,542,926,1415,1032,1605,151,4,1557,,3:21,1
2005-06,2109,Eddie Gill,Eddie,1610612754,IND,Indiana Pacers,0040500122,2006-04-25T00:00:00,IND @ NJN,L,0.9566666666666667,0,0,0.0,0,0,0.0,0,0,0.0,0,0,0,0,0,0,0,0,0,0,0,1,0.0,0,0,0.0,1,851,851,851,1667,1368,1565,1368,587,938,587,990,1042,990,896,1386,1473,1087,1060,742,500,1,1,1252,1439,689,1605,151,4,1610,,0:57,1
2005-06,2565,Zoran Planinic,Zoran,1610612751,NJN,New Jersey Nets,0040500122,2006-04-25T00:00:00,NJN vs. IND,W,0.7516666666666667,0,0,0.0,0,0,0.0,0,2,0.0,0,0,0,0,0,0,0,0,0,1,0,-1,0.0,0,0,0.0,1,1,1,1,1678,1368,1565,1368,587,938,587,990,647,990,896,1386,1473,1087,1060,742,500,1,1,926,1439,859,1605,151,4,1610,,0:45,1
2005-06,101120,Antoine Wright,Antoine,1610612751,NJN,New Jersey Nets,0040500122,2006-04-25T00:00:00,NJN vs. IND,W,0.7516666666666667,0,0,0.0,0,0,0.0,0,0,0.0,0,0,0,0,0,0,0,0,0,0,0,-1,0.0,0,0,0.0,1,1,1,1,1678,1368,1565,1368,587,938,587,990,1042,990,896,1386,1473,1087,1060,742,500,1,1,1252,1439,859,1605,151,4,1610,,0:45,1
2005-06,2411,Bostjan Nachbar,Bostjan,1610612751,NJN,New Jersey Nets,0040500122,2006-04-25T00:00:00,NJN vs. IND,W,0.7516666666666667,0,0,0.0,0,0,0.0,0,0,0.0,0,0,0,0,0,0,0,0,0,0,0,-1,0.0,0,0,0.0,1,1,1,1,1678,1368,1565,1368,587,938,587,990,1042,990,896,1386,1473,1087,1060,742,500,1,1,1252,1439,859,1605,151,4,1610,,0:45,1
2005-06,1909,Scott Padgett,Scott,1610612751,NJN,New Jersey Nets,0040500122,2006-04-25T00:00:00,NJN vs. IND,W,0.7516666666666667,0,0,0.0,0,0,0.0,0,0,0.0,0,0,0,0,0,0,0,0,1,0,0,-1,0.0,0,0,0.0,1,1,1,1,1678,1368,1565,1368,587,938,587,990,1042,990,896,1386,1473,1087,1060,742,500,1,248,1252,1439,859,1605,151,4,1610,,0:45,1
2005-06,1513,Scot Pollard,Scot,1610612754,IND,Indiana Pacers,0040500122,2006-04-25T00:00:00,IND @ NJN,L,2.533333333333333,0,0,0.0,0,0,0.0,0,0,0.0,0,0,0,0,0,0,0,0,1,0,0,-9,0.0,0,0,0.0,1,851,851,851,1606,1368,1565,1368,587,938,587,990,1042,990,896,1386,1473,1087,1060,742,500,1,248,1252,1439,1409,1605,151,4,1610,,2:32,1
2005-06,2548,Dwyane Wade,Dwyane,1610612748,MIA,Miami Heat,0040500112,2006-04-24T00:00:00,MIA vs. CHI,W,44.13333333333333,10,20,0.5,0,1,0.0,1,1,1.0,2,3,5,7,4,4,2,1,3,5,21,6,51.5,0,0,45.0,1,1,1,1,122,84,82,488,587,709,587,793,974,1,252,615,510,67,71,5,67,1178,893,217,222,391,75,151,4,107,,44:08,1
2005-06,2550,Kirk Hinrich,Kirk,1610612741,CHI,Chicago Bulls,0040500112,2006-04-24T00:00:00,CHI @ MIA,L,34.25,10,18,0.556,2,2,1.0,7,8,0.875,0,4,4,7,6,1,0,2,5,6,29,-4,41.3,0,0,44.0,1,851,851,851,559,84,129,412,125,529,1,101,129,437,896,431,647,67,15,274,500,1566,1489,145,83,1108,173,151,4,114,,34:15,1
2005-06,2804,Andres Nocioni,Andres,1610612741,CHI,Chicago Bulls,0040500112,2006-04-24T00:00:00,CHI @ MIA,L,39.723333333333336,13,15,0.867,3,3,1.0,1,1,1.0,0,6,6,0,3,1,0,0,4,2,30,-2,37.2,0,0,41.0,1,851,851,851,303,18,255,102,57,362,1,793,974,1,896,208,386,1087,164,274,500,1,1222,675,67,943,252,151,4,146,,39:43,1
2005-06,948,Marcus Camby,Marcus,1610612743,DEN,Denver Nuggets,0040500162,2006-04-24T00:00:00,DEN @ LAC,L,36.45333333333333,7,14,0.5,0,0,0.0,2,4,0.5,4,10,14,2,0,0,4,0,4,6,16,-8,47.8,1,0,40.0,1,851,851,851,455,269,306,488,587,938,587,530,399,768,55,44,32,491,1060,742,12,1,1222,145,399,1363,96,1,4,161,,36:27,1
2005-06,1882,Elton Brand,Elton,1610612746,LAC,Los Angeles Clippers,0040500162,2006-04-24T00:00:00,LAC vs. DEN,W,37.836666666666666,8,14,0.571,0,0,0.0,3,5,0.6,5,6,11,2,1,1,3,0,2,7,19,13,46.2,1,0,40.0,1,1,1,1,403,178,306,369,587,938,587,405,332,740,26,208,82,491,614,274,25,1,542,106,298,166,114,1,4,161,,37:50,1
2005-06,406,Shaquille O'Neal,Shaquille,1610612748,MIA,Miami Heat,0040500112,2006-04-24T00:00:00,MIA vs. CHI,W,35.13666666666666,8,14,0.571,0,0,0.0,6,7,0.857,2,5,7,3,2,0,3,0,4,6,22,11,41.9,0,0,38.0,1,1,1,1,509,178,306,369,587,938,587,142,195,459,252,311,284,335,358,742,25,1,1222,145,190,217,166,151,4,188,,35:08,1
2005-06,1715,Jason Williams,Jason,1610612748,MIA,Miami Heat,0040500112,2006-04-24T00:00:00,MIA vs. CHI,W,36.65,7,11,0.636,3,7,0.429,5,6,0.833,2,0,2,4,2,2,0,0,2,3,22,11,34.4,0,0,35.0,1,1,1,1,446,269,490,268,57,42,317,203,232,479,252,1386,1021,208,358,82,500,1,542,471,190,217,312,151,4,250,,36:39,1
2005-06,952,Antoine Walker,Antoine,1610612748,MIA,Miami Heat,0040500112,2006-04-24T00:00:00,MIA vs. CHI,W,44.733333333333334,7,15,0.467,2,6,0.333,1,4,0.25,1,9,10,3,3,1,0,2,3,3,17,11,33.5,1,0,34.0,1,1,1,1,106,269,255,724,125,84,369,793,399,968,478,63,114,335,164,274,500,1566,893,471,353,217,338,1,4,267,,44:44,1
2005-06,1749,Cuttino Mobley,Cuttino,1610612746,LAC,Los Angeles Clippers,0040500162,2006-04-24T00:00:00,LAC vs. DEN,W,36.65,9,18,0.5,2,6,0.333,1,2,0.5,0,4,4,5,0,0,0,0,5,1,21,8,33.3,0,0,32.0,1,1,1,1,446,116,129,488,125,84,369,793,647,768,896,431,647,141,1060,742,500,1,1489,926,222,318,341,151,4,315,,36:39,1
2005-06,208,Sam Cassell,Sam,1610612746,LAC,Los Angeles Clippers,0040500162,2006-04-24T00:00:00,LAC vs. DEN,W,33.766666666666666,4,15,0.267,1,4,0.25,4,4,1.0,0,3,3,11,2,1,0,0,3,2,13,10,34.1,1,0,30.0,1,1,1,1,583,580,255,1232,284,234,480,284,399,1,896,615,832,12,358,274,500,1,893,675,534,252,316,1,4,374,,33:46,1
2005-06,1889,Andre Miller,Andre,1610612743,DEN,Denver Nuggets,0040500162,2006-04-24T00:00:00,DEN @ LAC,L,37.083333333333336,3,11,0.273,0,0,0.0,8,8,1.0,2,4,6,6,6,0,0,3,2,4,14,-4,24.2,0,0,26.0,1,851,851,851,427,742,490,1223,587,938,587,69,129,1,252,431,386,97,15,742,500,1679,542,316,478,1108,601,151,4,498,,37:05,1
2005-06,1863,Earl Boykins,Earl,1610612743,DEN,Denver Nuggets,0040500162,2006-04-24T00:00:00,DEN @ LAC,L,33.263333333333335,5,17,0.294,1,6,0.167,3,3,1.0,0,3,3,5,0,1,0,0,1,3,14,-9,28.1,0,0,25.0,1,851,851,851,604,456,166,1188,284,84,562,405,561,1,896,615,832,141,1060,274,500,1,248,471,478,1409,479,151,4,532,,33:16,1
2005-06,2736,Luol Deng,Luol,1610612741,CHI,Chicago Bulls,0040500112,2006-04-24T00:00:00,CHI @ MIA,L,34.733333333333334,5,12,0.417,0,0,0.0,4,5,0.8,1,3,4,0,2,2,1,0,2,4,14,-10,25.8,0,0,24.0,1,851,851,851,533,456,425,871,587,938,587,284,332,518,478,615,647,1087,358,82,157,1,542,316,478,1457,558,151,4,562,,34:44,1
2005-06,1899,James Posey,James,1610612748,MIA,Miami Heat,0040500112,2006-04-24T00:00:00,MIA vs. CHI,W,29.74,4,8,0.5,3,6,0.5,1,1,1.0,0,6,6,1,1,1,0,0,4,3,12,3,22.7,0,0,24.0,1,1,1,1,739,580,699,488,57,84,183,793,974,1,896,208,386,731,614,274,500,1,1222,471,571,567,651,151,4,562,,29:44,1
2005-06,2732,Ben Gordon,Ben,1610612741,CHI,Chicago Bulls,0040500112,2006-04-24T00:00:00,CHI @ MIA,L,40.00333333333333,5,16,0.313,0,3,0.0,3,6,0.5,2,2,4,4,2,1,0,2,3,3,13,-9,24.8,0,0,23.0,1,851,851,851,285,456,208,1159,587,362,587,405,232,768,252,827,647,208,358,274,500,1566,893,471,534,1409,587,151,4,596,,40:00,1
2005-06,1761,Greg Buckner,Greg,1610612743,DEN,Denver Nuggets,0040500162,2006-04-24T00:00:00,DEN @ LAC,L,24.02,5,10,0.5,4,8,0.5,0,0,0.0,1,3,4,1,0,0,0,0,2,0,14,-8,20.3,0,0,23.0,1,851,851,851,969,456,572,488,17,19,183,990,1042,990,478,615,647,731,1060,742,500,1,542,1252,478,1363,743,151,4,596,,24:01,1
2005-06,2546,Carmelo Anthony,Carmelo,1610612743,DEN,Denver Nuggets,0040500162,2006-04-24T00:00:00,DEN @ LAC,L,29.42,5,15,0.333,0,0,0.0,6,8,0.75,1,3,4,2,3,0,0,2,5,8,16,1,20.8,0,0,22.0,1,851,851,851,750,456,255,1051,587,938,587,142,129,566,478,615,647,491,164,742,500,1566,1489,70,399,689,721,151,4,628,,29:25,1
2005-06,2624,Quinton Ross,Quinton,1610612746,LAC,Los Angeles Clippers,0040500162,2006-04-24T00:00:00,LAC vs. DEN,W,29.468333333333334,5,8,0.625,0,0,0.0,0,0,0.0,1,2,3,0,0,1,3,2,4,1,10,9,25.6,0,0,21.0,1,1,1,1,748,456,699,280,587,938,587,990,1042,990,478,827,832,1087,1060,274,25,1566,1222,926,683,285,562,151,4,659,,29:28,1
2005-06,2209,Vladimir Radmanovic,Vladimir,1610612746,LAC,Los Angeles Clippers,0040500162,2006-04-24T00:00:00,LAC vs. DEN,W,20.813333333333333,2,5,0.4,1,4,0.25,3,5,0.6,0,6,6,2,0,2,0,0,3,3,8,7,24.2,0,0,21.0,1,1,1,1,1064,933,962,896,284,234,480,405,332,740,896,208,386,491,1060,82,500,1,893,471,812,352,601,151,4,659,,20:49,1
2005-06,2549,Chris Kaman,Chris,1610612746,LAC,Los Angeles Clippers,0040500162,2006-04-24T00:00:00,LAC vs. DEN,W,27.825,4,6,0.667,0,0,0.0,2,4,0.5,2,4,6,1,5,1,1,1,5,2,10,11,19.7,0,0,21.0,1,1,1,1,816,580,878,197,587,938,587,530,399,768,252,431,386,731,36,274,157,1178,1489,675,683,217,766,151,4,659,,27:50,1
2005-06,1894,Corey Maggette,Corey,1610612746,LAC,Los Angeles Clippers,0040500162,2006-04-24T00:00:00,LAC vs. DEN,W,17.566666666666666,4,9,0.444,0,1,0.0,4,4,1.0,1,5,6,0,0,0,0,0,2,4,12,-2,19.2,0,0,18.0,1,1,1,1,1160,580,639,780,587,709,587,284,399,1,478,311,386,1087,1060,742,500,1,542,316,571,943,789,151,4,772,,17:34,1
2005-06,56,Gary Payton,Gary,1610612748,MIA,Miami Heat,0040500112,2006-04-24T00:00:00,MIA vs. CHI,W,23.733333333333334,4,8,0.5,1,3,0.333,2,4,0.5,1,2,3,1,0,1,0,0,4,3,11,-11,19.1,0,0,18.0,1,1,1,1,978,580,699,488,284,362,369,530,399,768,478,827,832,731,1060,274,500,1,1222,471,622,1501,793,151,4,772,,23:44,1
2005-06,2501,Reggie Evans,Reggie,1610612743,DEN,Denver Nuggets,0040500162,2006-04-24T00:00:00,DEN @ LAC,L,18.583333333333332,0,0,0.0,0,0,0.0,7,10,0.7,3,5,8,0,0,1,0,0,3,5,7,1,19.6,0,0,17.0,1,851,851,851,1129,1368,1565,1368,587,938,587,101,66,653,128,311,214,1087,1060,274,500,1,893,217,897,689,768,151,4,827,,18:35,1
2005-06,2552,Michael Sweetney,Michael,1610612741,CHI,Chicago Bulls,0040500112,2006-04-24T00:00:00,CHI @ MIA,L,19.268333333333334,1,4,0.25,0,0,0.0,2,2,1.0,2,2,4,3,1,1,1,1,1,4,4,-7,18.3,0,0,15.0,1,851,851,851,1105,1118,1052,1236,587,938,587,530,647,1,252,827,647,335,614,274,157,1178,248,316,1100,1313,829,151,4,904,,19:16,1
2005-06,2199,Tyson Chandler,Tyson,1610612741,CHI,Chicago Bulls,0040500112,2006-04-24T00:00:00,CHI @ MIA,L,21.55,1,1,1.0,0,0,0.0,1,4,0.25,2,7,9,2,0,0,0,0,4,3,3,9,16.8,0,0,14.0,1,851,851,851,1046,1118,1422,1,587,938,587,793,399,968,252,144,161,491,1060,742,500,1,1222,471,1180,285,887,151,4,939,,21:33,1
2005-06,2733,Shaun Livingston,Shaun,1610612746,LAC,Los Angeles Clippers,0040500162,2006-04-24T00:00:00,LAC vs. DEN,W,21.45,2,3,0.667,0,0,0.0,1,1,1.0,0,3,3,3,3,0,1,1,2,2,5,7,13.1,0,0,13.0,1,1,1,1,1047,933,1167,197,587,938,587,793,974,1,896,615,832,335,164,742,157,1178,542,675,1046,352,1028,151,4,985,,21:27,1
2005-06,1720,Michael Doleac,Michael,1610612748,MIA,Miami Heat,0040500112,2006-04-24T00:00:00,MIA vs. CHI,W,11.706666666666667,3,6,0.5,0,0,0.0,2,2,1.0,2,3,5,0,2,0,0,0,2,3,8,-9,12.0,0,0,13.0,1,1,1,1,1329,742,878,488,587,938,587,530,647,1,252,615,510,1087,358,742,500,1,542,471,812,1409,1073,151,4,985,,11:42,1
2005-06,2768,Chris Duhon,Chris,1610612741,CHI,Chicago Bulls,0040500112,2006-04-24T00:00:00,CHI @ MIA,L,25.083333333333332,2,5,0.4,2,5,0.4,0,0,0.0,0,2,2,3,1,0,0,0,2,1,6,5,11.9,0,0,13.0,1,851,851,851,920,933,962,896,125,141,327,990,1042,990,896,827,1021,335,614,742,500,1,542,926,957,444,1077,151,4,985,,25:05,1
2005-06,2124,Malik Allen,Malik,1610612741,CHI,Chicago Bulls,0040500112,2006-04-24T00:00:00,CHI @ MIA,L,16.481666666666666,2,4,0.5,0,0,0.0,0,0,0.0,1,1,2,1,3,0,1,0,4,1,4,-10,7.9,0,0,9.0,1,851,851,851,1188,933,1052,488,587,938,587,990,1042,990,478,1103,1021,731,164,742,157,1,1222,926,1100,1457,1252,151,4,1164,,16:29,1
2005-06,15,Eric Piatkowski,Eric,1610612741,CHI,Chicago Bulls,0040500112,2006-04-24T00:00:00,CHI @ MIA,L,7.976666666666667,2,2,1.0,1,1,1.0,0,0,0.0,0,1,1,0,0,0,0,0,1,0,5,-5,6.2,0,0,7.0,1,851,851,851,1443,933,1280,1,284,709,1,990,1042,990,896,1103,1241,1087,1060,742,500,1,248,1252,1046,1189,1311,151,4,1252,,7:59,1
2005-06,2059,Eduardo Najera,Eduardo,1610612743,DEN,Denver Nuggets,0040500162,2006-04-24T00:00:00,DEN @ LAC,L,16.266666666666666,1,2,0.5,0,0,0.0,0,0,0.0,0,4,4,0,1,0,0,1,4,2,2,15,5.8,0,0,6.0,1,851,851,851,1197,1118,1280,488,587,938,587,990,1042,990,896,431,647,1087,614,742,500,1178,1222,675,1253,124,1333,151,4,1292,,16:16,1
2005-06,2035,DerMarr Johnson,DerMarr,1610612743,DEN,Denver Nuggets,0040500162,2006-04-24T00:00:00,DEN @ LAC,L,9.396666666666667,1,5,0.2,0,3,0.0,0,0,0.0,2,1,3,0,0,0,0,0,0,1,2,-8,5.6,0,0,5.0,1,851,851,851,1397,1118,962,1304,587,362,587,990,1042,990,252,1103,832,1087,1060,742,500,1,1,926,1253,1363,1341,151,4,1338,,9:24,1
2005-06,1000,Shandon Anderson,Shandon,1610612748,MIA,Miami Heat,0040500112,2006-04-24T00:00:00,MIA vs. CHI,W,14.166666666666666,1,2,0.5,0,1,0.0,0,0,0.0,0,2,2,0,0,0,0,0,2,0,2,13,4.4,0,0,4.0,1,1,1,1,1255,1118,1280,488,587,709,587,990,1042,990,896,827,1021,1087,1060,742,500,1,542,1252,1253,166,1394,151,4,1384,,14:10,1
2005-06,1739,Ruben Patterson,Ruben,1610612743,DEN,Denver Nuggets,0040500162,2006-04-24T00:00:00,DEN @ LAC,L,19.7,0,3,0.0,0,0,0.0,2,4,0.5,1,0,1,1,1,0,0,1,1,2,2,-11,3.7,0,0,4.0,1,851,851,851,1091,1368,1167,1368,587,938,587,530,399,768,478,1386,1241,731,614,742,500,1178,248,675,1253,1501,1434,151,4,1384,,19:42,1
2005-06,101189,James Singleton,James,1610612746,LAC,Los Angeles Clippers,0040500162,2006-04-24T00:00:00,LAC vs. DEN,W,4.548333333333333,0,2,0.0,0,2,0.0,0,0,0.0,0,1,1,1,0,0,0,0,3,0,0,-7,2.7,0,0,2.0,1,1,1,1,1546,1368,1280,1368,587,529,587,990,1042,990,896,1103,1241,731,1060,742,500,1,893,1252,1439,1313,1482,151,4,1498,,4:33,1
2005-06,1442,Zeljko Rebraca,Zeljko,1610612746,LAC,Los Angeles Clippers,0040500162,2006-04-24T00:00:00,LAC vs. DEN,W,4.533333333333333,0,0,0.0,0,0,0.0,0,0,0.0,1,0,1,0,0,0,0,0,1,0,0,-5,1.2,0,0,1.0,1,1,1,1,1547,1368,1565,1368,587,938,587,990,1042,990,478,1386,1241,1087,1060,742,500,1,248,1252,1439,1189,1554,151,4,1557,,4:32,1
2005-06,1922,Francisco Elson,Francisco,1610612743,DEN,Denver Nuggets,0040500162,2006-04-24T00:00:00,DEN @ LAC,L,8.896666666666667,0,0,0.0,0,0,0.0,0,0,0.0,1,0,1,0,0,0,0,0,0,0,0,-13,1.2,0,0,1.0,1,851,851,851,1412,1368,1565,1368,587,938,587,990,1042,990,478,1386,1241,1087,1060,742,500,1,1,1252,1439,1559,1554,151,4,1557,,8:54,1
2005-06,2030,Kenyon Martin,Kenyon,1610612743,DEN,Denver Nuggets,0040500162,2006-04-24T00:00:00,DEN @ LAC,L,6.916666666666667,0,2,0.0,0,0,0.0,0,0,0.0,1,0,1,0,1,0,0,1,1,1,0,-11,0.2,0,0,1.0,1,851,851,851,1470,1368,1280,1368,587,938,587,990,1042,990,478,1386,1241,1087,614,742,500,1178,248,926,1439,1501,1599,151,4,1557,,6:55,1
2005-06,962,Walter McCarty,Walter,1610612746,LAC,Los Angeles Clippers,0040500162,2006-04-24T00:00:00,LAC vs. DEN,W,5.541666666666667,0,0,0.0,0,0,0.0,0,0,0.0,0,0,0,0,0,0,0,0,2,1,0,4,0.0,0,0,0.0,1,1,1,1,1513,1368,1565,1368,587,938,587,990,1042,990,896,1386,1473,1087,1060,742,500,1,542,926,1439,504,1605,151,4,1610,,5:33,1
2005-06,2457,Jannero Pargo,Jannero,1610612741,CHI,Chicago Bulls,0040500112,2006-04-24T00:00:00,CHI @ MIA,L,0.93,0,0,0.0,0,0,0.0,0,0,0.0,0,0,0,0,0,0,0,0,0,0,0,-2,0.0,0,0,0.0,1,851,851,851,1669,1368,1565,1368,587,938,587,990,1042,990,896,1386,1473,1087,1060,742,500,1,1,1252,1439,943,1605,151,4,1610,,0:56,1
2005-06,1713,Vince Carter,Vince,1610612751,NJN,New Jersey Nets,0040500121,2006-04-23T00:00:00,NJN vs. IND,L,41.75,12,33,0.364,1,8,0.125,6,8,0.75,4,9,13,6,0,2,1,0,2,9,31,-4,64.6,1,0,57.0,1,851,851,851,211,37,3,1010,284,19,585,142,129,566,55,63,45,97,1060,82,157,1,542,40,55,1108,17,1,4,22,,41:45,1
2005-06,1717,Dirk Nowitzki,Dirk,1610612742,DAL,Dallas Mavericks,0040500171,2006-04-23T00:00:00,DAL vs. MEM,W,44.81666666666667,9,18,0.5,0,3,0.0,13,15,0.867,2,9,11,3,1,1,0,1,3,8,31,10,50.7,1,0,47.0,1,1,1,1,104,116,129,488,587,362,587,17,18,458,252,63,82,335,614,274,500,1178,893,70,55,252,81,1,4,91,,44:49,1
2005-06,1501,Tim Thomas,Tim,1610612756,PHX,Phoenix Suns,0040500151,2006-04-23T00:00:00,PHX vs. LAL,W,34.18333333333333,8,10,0.8,4,5,0.8,2,3,0.667,0,15,15,0,3,2,1,1,5,2,22,10,46.0,1,0,47.0,1,1,1,1,565,178,572,113,17,141,84,530,561,657,896,2,19,1087,164,82,157,1178,1489,675,190,252,119,1,4,91,,34:11,1
2005-06,1885,Lamar Odom,Lamar,1610612747,LAL,Los Angeles Lakers,0040500151,2006-04-23T00:00:00,LAL @ PHX,L,45.516666666666666,8,15,0.533,1,4,0.25,4,8,0.5,3,11,14,3,4,0,1,1,3,5,21,-5,41.3,1,0,41.0,1,851,851,851,84,178,255,458,284,234,480,284,129,768,128,30,32,335,71,742,157,1178,893,217,222,1189,173,1,4,146,,45:31,1
2005-06,2200,Pau Gasol,Pau,1610612763,MEM,Memphis Grizzlies,0040500171,2006-04-23T00:00:00,MEM @ DAL,L,40.766666666666666,8,18,0.444,0,1,0.0,8,11,0.727,1,6,7,4,2,1,2,1,3,10,24,-2,45.4,0,0,41.0,1,851,851,851,253,178,129,780,587,709,587,69,50,641,478,208,284,208,358,274,67,1178,893,24,149,943,129,151,4,146,,40:46,1
2005-06,739,Rasheed Wallace,Rasheed,1610612765,DET,Detroit Pistons,0040500101,2006-04-23T00:00:00,DET vs. MIL,W,29.516666666666666,9,14,0.643,4,6,0.667,0,0,0.0,1,3,4,1,1,3,2,0,4,1,22,19,42.3,0,0,41.0,1,1,1,1,745,116,306,259,17,84,108,990,1042,990,478,615,647,731,614,32,67,1,1222,926,190,76,163,151,4,146,,29:31,1
2005-06,977,Kobe Bryant,Kobe,1610612747,LAL,Los Angeles Lakers,0040500151,2006-04-23T00:00:00,LAL @ PHX,L,46.85,7,21,0.333,1,6,0.167,7,8,0.875,1,5,6,5,3,0,1,0,3,5,22,-7,36.7,0,0,36.0,1,851,851,851,51,269,67,1051,284,84,562,101,129,437,478,311,386,141,164,742,157,1,893,217,190,1313,268,151,4,228,,46:51,1
2005-06,2420,Nenad Krstic,Nenad,1610612751,NJN,New Jersey Nets,0040500121,2006-04-23T00:00:00,NJN vs. IND,L,39.623333333333335,9,15,0.6,0,0,0.0,4,7,0.571,4,2,6,3,0,1,1,0,5,5,22,0,39.7,0,0,35.0,1,851,851,851,313,116,255,311,587,938,587,284,195,761,55,827,386,335,1060,274,157,1,1489,217,190,762,202,151,4,250,,39:37,1
2005-06,1890,Shawn Marion,Shawn,1610612756,PHX,Phoenix Suns,0040500151,2006-04-23T00:00:00,PHX vs. LAL,W,46.0,8,15,0.533,1,3,0.333,2,2,1.0,1,6,7,2,1,2,1,0,4,4,19,1,38.4,0,0,35.0,1,1,1,1,70,178,255,458,284,362,369,530,647,1,478,208,284,491,614,82,157,1,1222,316,298,689,230,151,4,250,,46:00,1
2005-06,959,Steve Nash,Steve,1610612756,PHX,Phoenix Suns,0040500151,2006-04-23T00:00:00,PHX vs. LAL,W,38.2,5,12,0.417,2,5,0.4,8,8,1.0,1,1,2,10,2,0,0,0,1,4,20,5,35.4,1,0,34.0,1,1,1,1,388,456,425,871,125,141,327,69,129,1,478,1103,1021,25,358,742,500,1,248,316,258,444,293,1,4,267,,38:12,1
2005-06,2575,Luke Walton,Luke,1610612747,LAL,Los Angeles Lakers,0040500151,2006-04-23T00:00:00,LAL @ PHX,L,34.51833333333333,9,16,0.563,1,2,0.5,0,0,0.0,2,4,6,2,0,2,1,0,3,0,19,2,38.2,0,0,34.0,1,851,851,851,550,116,208,404,284,529,183,990,1042,990,252,431,386,491,1060,82,157,1,893,1252,298,625,234,151,4,267,,34:31,1
2005-06,956,Erick Dampier,Erick,1610612742,DAL,Dallas Mavericks,0040500171,2006-04-23T00:00:00,DAL vs. MEM,W,33.03333333333333,4,7,0.571,0,0,0.0,4,4,1.0,7,5,12,0,0,2,2,0,4,4,12,0,38.4,1,0,32.0,1,1,1,1,619,580,786,369,587,938,587,284,399,1,6,311,60,1087,1060,82,67,1,1222,316,571,762,230,1,4,315,,33:02,1
2005-06,2419,Tayshaun Prince,Tayshaun,1610612765,DET,Detroit Pistons,0040500101,2006-04-23T00:00:00,DET vs. MIL,W,41.166666666666664,5,12,0.417,1,2,0.5,4,5,0.8,3,5,8,3,3,0,2,0,2,4,15,20,32.1,0,0,31.0,1,1,1,1,232,456,425,871,284,529,183,284,332,518,128,311,214,335,164,742,67,1,542,316,442,69,364,151,4,346,,41:10,1
2005-06,1112,Ben Wallace,Ben,1610612765,DET,Detroit Pistons,0040500101,2006-04-23T00:00:00,DET vs. MIL,W,33.78333333333333,1,3,0.333,0,1,0.0,2,4,0.5,3,14,17,1,1,2,2,0,1,4,4,7,36.9,0,0,30.0,1,1,1,1,582,1118,1167,1051,587,709,587,530,399,768,128,7,9,731,614,82,67,1,248,316,1100,352,261,151,4,374,,33:47,1
2005-06,1891,Jason Terry,Jason,1610612742,DAL,Dallas Mavericks,0040500171,2006-04-23T00:00:00,DAL vs. MEM,W,36.416666666666664,7,15,0.467,1,4,0.25,5,6,0.833,1,2,3,4,3,1,0,2,2,4,20,13,29.6,0,0,30.0,1,1,1,1,457,269,255,724,284,234,480,203,232,479,478,827,832,208,164,274,500,1566,542,316,258,166,436,151,4,374,,36:25,1
2005-06,1888,Richard Hamilton,Richard,1610612765,DET,Detroit Pistons,0040500101,2006-04-23T00:00:00,DET vs. MIL,W,39.96666666666667,5,18,0.278,0,2,0.0,11,13,0.846,1,4,5,2,3,0,0,0,2,8,21,9,27.0,0,0,28.0,1,1,1,1,291,456,129,1221,587,529,587,28,34,474,478,431,510,491,164,742,500,1,542,70,222,285,520,151,4,435,,39:58,1
2005-06,1536,Stephen Jackson,Stephen,1610612754,IND,Indiana Pacers,0040500121,2006-04-23T00:00:00,IND @ NJN,W,40.205,8,15,0.533,1,2,0.5,1,1,1.0,0,8,8,1,3,0,0,0,3,3,18,10,26.1,0,0,28.0,1,1,1,1,275,178,255,458,284,529,183,793,974,1,896,100,214,731,164,742,500,1,893,471,328,252,546,151,4,435,,40:12,1
2005-06,2564,Boris Diaw,Boris,1610612756,PHX,Phoenix Suns,0040500151,2006-04-23T00:00:00,PHX vs. LAL,W,41.085,6,16,0.375,0,1,0.0,3,4,0.75,3,3,6,4,2,1,0,0,4,3,15,-2,29.2,0,0,27.0,1,1,1,1,238,351,208,980,587,709,587,405,399,566,128,615,386,208,358,274,500,1,1222,471,442,943,446,151,4,472,,41:05,1
2005-06,2470,Smush Parker,Smush,1610612747,LAL,Los Angeles Lakers,0040500151,2006-04-23T00:00:00,LAL @ PHX,L,42.61666666666667,5,13,0.385,1,5,0.2,4,4,1.0,3,3,6,1,1,2,0,0,4,4,15,-4,28.7,0,0,27.0,1,851,851,851,175,456,359,965,284,141,535,284,399,1,128,615,386,731,614,82,500,1,1222,316,442,1108,463,151,4,472,,42:37,1
2005-06,2210,Richard Jefferson,Richard,1610612751,NJN,New Jersey Nets,0040500121,2006-04-23T00:00:00,NJN vs. IND,L,40.75,6,11,0.545,0,1,0.0,7,8,0.875,1,3,4,4,3,0,0,2,3,6,19,5,26.8,0,0,27.0,1,851,851,851,255,351,490,433,587,709,587,101,129,437,478,615,647,208,164,742,500,1566,893,145,298,444,529,151,4,472,,40:45,1
2005-06,2410,Fred Jones,Fred,1610612754,IND,Indiana Pacers,0040500121,2006-04-23T00:00:00,IND @ NJN,W,26.683333333333334,4,7,0.571,3,4,0.75,4,4,1.0,1,4,5,4,3,0,0,0,1,4,15,5,24.0,0,0,27.0,1,1,1,1,866,580,786,369,57,234,93,284,399,1,478,431,510,208,164,742,500,1,248,316,442,444,608,151,4,472,,26:41,1
2005-06,686,Antonio McDyess,Antonio,1610612765,DET,Detroit Pistons,0040500101,2006-04-23T00:00:00,DET vs. MIL,W,29.6,4,9,0.444,0,0,0.0,1,2,0.5,2,8,10,1,1,1,2,0,2,2,9,12,30.5,0,0,26.0,1,1,1,1,743,580,639,780,587,938,587,793,647,768,252,100,114,731,614,274,67,1,542,675,763,186,401,151,4,498,,29:36,1
2005-06,2605,Marquis Daniels,Marquis,1610612742,DAL,Dallas Mavericks,0040500171,2006-04-23T00:00:00,DAL vs. MEM,W,25.833333333333332,6,9,0.667,1,1,1.0,0,0,0.0,1,2,3,3,0,2,0,0,4,5,13,21,27.1,0,0,24.0,1,1,1,1,897,351,639,197,284,709,1,990,1042,990,478,827,832,335,1060,82,500,1,1222,217,534,62,516,151,4,562,,25:50,1
2005-06,1533,Anthony Johnson,Anthony,1610612754,IND,Indiana Pacers,0040500121,2006-04-23T00:00:00,IND @ NJN,W,39.416666666666664,3,10,0.3,0,1,0.0,6,8,0.75,1,3,4,6,2,1,0,1,4,5,12,5,26.8,0,0,24.0,1,1,1,1,326,742,572,1178,587,709,587,142,129,566,478,615,647,97,358,274,500,1178,1222,217,571,444,529,151,4,562,,39:25,1
2005-06,2048,Jamaal Magloire,Jamaal,1610612749,MIL,Milwaukee Bucks,0040500101,2006-04-23T00:00:00,MIL @ DET,L,28.483333333333334,4,8,0.5,0,0,0.0,3,4,0.75,4,5,9,2,1,1,0,0,5,2,11,-10,26.8,0,0,24.0,1,851,851,851,788,580,699,488,587,938,587,405,399,566,55,311,161,491,614,274,500,1,1489,675,622,1457,529,151,4,562,,28:29,1
2005-06,467,Jason Kidd,Jason,1610612751,NJN,New Jersey Nets,0040500121,2006-04-23T00:00:00,NJN vs. IND,L,40.43333333333333,2,11,0.182,0,3,0.0,1,2,0.5,1,3,4,8,1,3,0,1,3,1,5,1,29.8,0,0,23.0,1,851,851,851,266,933,490,1333,587,362,587,793,647,768,478,615,647,49,614,32,500,1178,893,926,1046,689,427,151,4,596,,40:26,1
2005-06,2203,Shane Battier,Shane,1610612763,MEM,Memphis Grizzlies,0040500171,2006-04-23T00:00:00,MEM @ DAL,L,39.65,3,4,0.75,0,0,0.0,0,0,0.0,2,4,6,1,3,3,2,0,5,4,6,5,26.7,0,0,23.0,1,851,851,851,310,742,1052,133,587,938,587,990,1042,990,252,431,386,731,164,32,67,1,1489,316,957,444,533,151,4,596,,39:39,1
2005-06,1497,Chauncey Billups,Chauncey,1610612765,DET,Detroit Pistons,0040500101,2006-04-23T00:00:00,DET vs. MIL,W,37.56166666666667,4,11,0.364,1,5,0.2,5,8,0.625,0,1,1,7,1,0,0,1,2,4,14,27,24.7,0,0,23.0,1,1,1,1,411,580,490,1010,284,141,535,203,129,725,896,1103,1241,67,614,742,500,1178,542,316,478,16,590,151,4,596,,37:34,1
2005-06,2054,Jake Tsakalidis,Jake,1610612763,MEM,Memphis Grizzlies,0040500171,2006-04-23T00:00:00,MEM @ DAL,L,27.25,5,8,0.625,0,0,0.0,1,2,0.5,3,5,8,2,2,1,0,0,5,1,11,-14,24.6,0,0,23.0,1,851,851,851,842,456,699,280,587,938,587,793,647,768,128,311,214,491,358,274,500,1,1489,926,622,1574,593,151,4,596,,27:15,1
2005-06,978,Peja Stojakovic,Peja,1610612754,IND,Indiana Pacers,0040500121,2006-04-23T00:00:00,IND @ NJN,W,25.866666666666667,5,11,0.455,0,2,0.0,2,2,1.0,0,5,5,1,0,1,1,1,2,1,12,-6,25.5,0,0,22.0,1,1,1,1,894,456,490,751,587,529,587,530,647,1,896,311,510,731,1060,274,157,1178,542,926,571,1251,567,151,4,628,,25:52,1
2005-06,224,Eddie Jones,Eddie,1610612763,MEM,Memphis Grizzlies,0040500171,2006-04-23T00:00:00,MEM @ DAL,L,34.25,5,8,0.625,2,3,0.667,4,6,0.667,0,0,0,2,0,1,0,0,4,5,16,-1,22.0,0,0,22.0,1,851,851,851,559,456,699,280,125,362,108,284,232,657,896,1386,1473,491,1060,274,500,1,1222,217,399,859,683,151,4,628,,34:15,1
2005-06,979,Jermaine O'Neal,Jermaine,1610612754,IND,Indiana Pacers,0040500121,2006-04-23T00:00:00,IND @ NJN,W,29.15,5,10,0.5,0,0,0.0,5,7,0.714,0,3,3,2,5,0,1,0,5,6,15,6,19.6,0,0,22.0,1,1,1,1,760,456,572,488,587,938,587,203,195,644,896,615,832,491,36,742,157,1,1489,145,442,391,768,151,4,628,,29:09,1
2005-06,2072,Michael Redd,Michael,1610612749,MIL,Milwaukee Bucks,0040500101,2006-04-23T00:00:00,MIL @ DET,L,36.266666666666666,4,15,0.267,0,1,0.0,3,3,1.0,2,3,5,1,2,2,0,1,4,5,11,-19,22.5,0,0,21.0,1,851,851,851,462,580,255,1232,587,709,587,405,561,1,252,615,510,731,358,82,500,1178,1222,217,622,1656,655,151,4,659,,36:16,1
2005-06,2294,Charlie Bell,Charlie,1610612749,MIL,Milwaukee Bucks,0040500101,2006-04-23T00:00:00,MIL @ DET,L,24.241666666666667,5,12,0.417,2,6,0.333,1,1,1.0,0,1,1,1,0,1,1,1,3,2,13,-1,21.7,0,0,21.0,1,851,851,851,956,456,425,871,125,84,369,793,974,1,896,1103,1241,731,1060,274,157,1178,893,675,534,859,695,151,4,659,,24:15,1
2005-06,101106,Andrew Bogut,Andrew,1610612749,MIL,Milwaukee Bucks,0040500101,2006-04-23T00:00:00,MIL @ DET,L,39.18333333333333,5,13,0.385,0,0,0.0,0,0,0.0,0,7,7,3,1,0,0,2,4,3,10,-21,21.9,0,0,20.0,1,851,851,851,340,456,359,965,587,938,587,990,1042,990,896,144,284,335,614,742,500,1566,1222,471,683,1675,689,151,4,704,,39:11,1
2005-06,2571,Leandro Barbosa,Leandro,1610612756,PHX,Phoenix Suns,0040500151,2006-04-23T00:00:00,PHX vs. LAL,W,28.483333333333334,3,7,0.429,1,2,0.5,8,8,1.0,0,1,1,1,0,0,1,1,3,6,15,-1,20.7,0,0,20.0,1,1,1,1,788,742,786,821,284,529,183,69,129,1,896,1103,1241,731,1060,742,157,1178,893,145,442,859,723,151,4,704,,28:29,1
2005-06,2198,Kwame Brown,Kwame,1610612747,LAL,Los Angeles Lakers,0040500151,2006-04-23T00:00:00,LAL @ PHX,L,30.148333333333333,5,12,0.417,0,0,0.0,4,5,0.8,3,3,6,0,1,0,0,2,3,6,14,-3,20.2,0,0,20.0,1,851,851,851,728,456,425,871,587,938,587,284,332,518,128,615,386,1087,614,742,500,1566,893,145,478,1032,744,151,4,704,,30:09,1
2005-06,1517,Bobby Jackson,Bobby,1610612763,MEM,Memphis Grizzlies,0040500171,2006-04-23T00:00:00,MEM @ DAL,L,32.78333333333333,3,8,0.375,2,5,0.4,3,4,0.75,0,3,3,4,5,0,0,0,2,2,11,-4,15.6,0,0,20.0,1,851,851,851,630,742,699,980,125,141,327,405,399,566,896,615,832,208,36,742,500,1,542,675,622,1108,930,151,4,704,,32:47,1
2005-06,1559,Adrian Griffin,Adrian,1610612742,DAL,Dallas Mavericks,0040500171,2006-04-23T00:00:00,DAL vs. MEM,W,22.75,2,5,0.4,0,0,0.0,1,1,1.0,0,3,3,2,1,4,0,0,0,1,5,-2,22.6,0,0,18.0,1,1,1,1,1009,933,962,896,587,938,587,793,974,1,896,615,832,491,614,5,500,1,1,926,1046,943,653,151,4,772,,22:45,1
2005-06,693,Joe Smith,Joe,1610612749,MIL,Milwaukee Bucks,0040500101,2006-04-23T00:00:00,MIL @ DET,L,25.966666666666665,4,11,0.364,0,0,0.0,1,2,0.5,2,6,8,0,0,0,0,1,3,3,9,-6,18.6,0,0,17.0,1,851,851,851,890,580,490,1010,587,938,587,793,647,768,252,208,214,1087,1060,742,500,1178,893,471,763,1251,815,151,4,827,,25:58,1
2005-06,2250,Bobby Simmons,Bobby,1610612749,MIL,Milwaukee Bucks,0040500101,2006-04-23T00:00:00,MIL @ DET,L,33.125,2,8,0.25,2,4,0.5,0,0,0.0,0,6,6,1,1,1,0,1,2,1,6,-17,16.7,0,0,17.0,1,851,851,851,611,933,699,1236,125,234,183,990,1042,990,896,208,386,731,614,274,500,1178,542,926,957,1630,890,151,4,827,,33:08,1
2005-06,1506,Austin Croshere,Austin,1610612754,IND,Indiana Pacers,0040500121,2006-04-23T00:00:00,IND @ NJN,W,22.94,2,6,0.333,1,2,0.5,4,4,1.0,1,4,5,0,2,1,0,0,1,2,9,8,16.0,0,0,17.0,1,1,1,1,1003,933,878,1051,284,529,183,284,399,1,478,431,510,1087,358,274,500,1,248,675,763,318,912,151,4,827,,22:56,1
2005-06,711,Jerry Stackhouse,Jerry,1610612742,DAL,Dallas Mavericks,0040500171,2006-04-23T00:00:00,DAL vs. MEM,W,32.516666666666666,3,11,0.273,1,3,0.333,7,9,0.778,1,0,1,1,2,0,0,0,3,5,14,5,14.7,0,0,17.0,1,1,1,1,642,742,490,1223,284,362,369,101,93,558,478,1386,1241,731,358,742,500,1,893,217,478,444,962,151,4,827,,32:31,1
2005-06,1902,Jeff Foster,Jeff,1610612754,IND,Indiana Pacers,0040500121,2006-04-23T00:00:00,IND @ NJN,W,28.743333333333332,1,2,0.5,0,0,0.0,3,4,0.75,5,4,9,2,0,0,0,1,2,4,5,-8,18.8,0,0,16.0,1,1,1,1,778,1118,1280,488,587,938,587,405,399,566,26,431,161,491,1060,742,500,1178,542,316,1046,1363,806,151,4,871,,28:45,1
2005-06,1952,Raja Bell,Raja,1610612756,PHX,Phoenix Suns,0040500151,2006-04-23T00:00:00,PHX vs. LAL,W,33.2,1,7,0.143,1,3,0.333,5,6,0.833,0,3,3,2,0,1,0,2,5,3,8,11,17.6,0,0,16.0,1,1,1,1,608,1118,786,1351,284,362,369,203,232,479,896,615,832,491,1060,274,500,1566,1489,471,812,217,865,151,4,871,,33:12,1
2005-06,2034,Mike Miller,Mike,1610612763,MEM,Memphis Grizzlies,0040500171,2006-04-23T00:00:00,MEM @ DAL,L,27.85,3,5,0.6,1,1,1.0,2,2,1.0,0,3,3,1,3,1,0,0,2,1,9,-14,14.1,0,0,16.0,1,851,851,851,814,742,962,311,284,709,1,530,647,1,896,615,832,731,164,274,500,1,542,926,763,1574,988,151,4,871,,27:51,1
2005-06,2551,T.J. Ford,T.J.,1610612749,MIL,Milwaukee Bucks,0040500101,2006-04-23T00:00:00,MIL @ DET,L,32.6,4,14,0.286,0,1,0.0,0,0,0.0,2,0,2,3,3,1,0,1,2,1,8,-10,14.9,0,0,15.0,1,851,851,851,639,580,306,1192,587,709,587,990,1042,990,252,1386,1021,335,164,274,500,1178,542,926,812,1457,956,151,4,904,,32:36,1
2005-06,2567,Brian Cook,Brian,1610612747,LAL,Los Angeles Lakers,0040500151,2006-04-23T00:00:00,LAL @ PHX,L,10.816666666666666,2,7,0.286,0,2,0.0,2,2,1.0,1,4,5,2,0,0,0,0,2,1,6,0,15.0,0,0,13.0,1,851,851,851,1355,933,786,1192,587,529,587,530,647,1,478,431,510,491,1060,742,500,1,542,926,957,762,953,151,4,985,,10:49,1
2005-06,2572,Josh Howard,Josh,1610612742,DAL,Dallas Mavericks,0040500171,2006-04-23T00:00:00,DAL vs. MEM,W,18.083333333333332,3,7,0.429,2,2,1.0,0,0,0.0,1,0,1,2,2,0,0,1,4,1,8,-4,10.2,0,0,13.0,1,1,1,1,1140,742,786,821,125,529,1,990,1042,990,478,1386,1241,491,358,742,500,1178,1222,926,812,1108,1156,151,4,985,,18:05,1
2005-06,2215,Jason Collins,Jason,1610612751,NJN,New Jersey Nets,0040500121,2006-04-23T00:00:00,NJN vs. IND,L,33.06,1,1,1.0,0,0,0.0,0,0,0.0,0,3,3,1,0,1,1,0,6,1,2,0,13.1,0,0,10.0,1,851,851,851,618,1118,1422,1,587,938,587,990,1042,990,896,615,832,731,1060,274,157,1,1663,926,1253,762,1028,151,4,1125,,33:04,1
2005-06,361,Clifford Robinson,Clifford,1610612751,NJN,New Jersey Nets,0040500121,2006-04-23T00:00:00,NJN vs. IND,L,23.233333333333334,3,6,0.5,0,2,0.0,1,1,1.0,0,2,2,0,1,0,0,0,2,1,7,-4,8.4,0,0,9.0,1,851,851,851,994,742,878,488,587,529,587,793,974,1,896,827,1021,1087,614,742,500,1,542,926,897,1108,1232,151,4,1164,,23:14,1
2005-06,953,Lorenzen Wright,Lorenzen,1610612763,MEM,Memphis Grizzlies,0040500171,2006-04-23T00:00:00,MEM @ DAL,L,12.483333333333333,3,4,0.75,0,0,0.0,1,2,0.5,1,1,2,0,2,0,0,1,3,2,7,-7,7.4,0,0,9.0,1,851,851,851,1311,742,1052,133,587,938,587,793,647,768,478,1103,1021,1087,358,742,500,1178,893,675,897,1313,1271,151,4,1164,,12:29,1
2005-06,960,Tony Delk,Tony,1610612765,DET,Detroit Pistons,0040500101,2006-04-23T00:00:00,DET vs. MIL,W,12.5,2,3,0.667,0,0,0.0,1,2,0.5,1,0,1,0,0,1,0,0,1,1,5,8,9.2,0,0,8.0,1,1,1,1,1310,933,1167,197,587,938,587,793,647,768,478,1386,1241,1087,1060,274,500,1,248,926,1046,318,1193,151,4,1212,,12:30,1
2005-06,2073,Brian Cardinal,Brian,1610612763,MEM,Memphis Grizzlies,0040500171,2006-04-23T00:00:00,MEM @ DAL,L,7.233333333333333,1,2,0.5,1,2,0.5,0,0,0.0,0,0,0,1,0,1,0,0,1,1,3,-8,7.5,0,0,7.0,1,851,851,851,1459,1118,1280,488,284,529,183,990,1042,990,896,1386,1473,731,1060,274,500,1,248,926,1180,1363,1269,151,4,1252,,7:14,1
2005-06,2734,Devin Harris,Devin,1610612742,DAL,Dallas Mavericks,0040500171,2006-04-23T00:00:00,DAL vs. MEM,W,11.583333333333334,0,2,0.0,0,0,0.0,0,0,0.0,1,0,1,2,3,2,0,0,2,3,0,-3,7.2,0,0,7.0,1,1,1,1,1334,1368,1280,1368,587,938,587,990,1042,990,478,1386,1241,491,164,82,500,1,542,471,1439,1032,1281,151,4,1252,,11:35,1
2005-06,2205,DeSagana Diop,DeSagana,1610612742,DAL,Dallas Mavericks,0040500171,2006-04-23T00:00:00,DAL vs. MEM,W,14.966666666666667,0,0,0.0,0,0,0.0,0,0,0.0,1,4,5,0,2,0,1,0,5,0,0,10,7.0,0,0,7.0,1,1,1,1,1235,1368,1565,1368,587,938,587,990,1042,990,478,431,510,1087,358,742,157,1,1489,1252,1439,252,1290,151,4,1252,,14:58,1
2005-06,101122,Danny Granger,Danny,1610612754,IND,Indiana Pacers,0040500121,2006-04-23T00:00:00,IND @ NJN,W,8.628333333333334,0,1,0.0,0,1,0.0,0,0,0.0,1,0,1,2,1,0,1,0,3,0,0,-7,6.2,0,0,5.0,1,1,1,1,1424,1368,1422,1368,587,709,587,990,1042,990,478,1386,1241,491,614,742,157,1,893,1252,1439,1313,1311,151,4,1338,,8:38,1
2005-06,754,Jim Jackson,Jim,1610612747,LAL,Los Angeles Lakers,0040500151,2006-04-23T00:00:00,LAL @ PHX,L,8.785,1,2,0.5,0,0,0.0,0,0,0.0,1,0,1,0,1,0,1,0,2,0,2,4,5.2,0,0,5.0,1,851,851,851,1416,1118,1280,488,587,938,587,990,1042,990,478,1386,1241,1087,614,742,157,1,542,1252,1253,504,1358,151,4,1338,,8:47,1
2005-06,2592,James Jones,James,1610612756,PHX,Phoenix Suns,0040500151,2006-04-23T00:00:00,PHX vs. LAL,W,8.983333333333333,0,1,0.0,0,1,0.0,4,4,1.0,0,1,1,0,0,0,0,0,0,2,4,1,5.2,0,0,5.0,1,1,1,1,1409,1368,1422,1368,587,709,587,284,399,1,896,1103,1241,1087,1060,742,500,1,1,675,1100,689,1358,151,4,1338,,8:59,1
2005-06,2429,Dan Gadzuric,Dan,1610612749,MIL,Milwaukee Bucks,0040500101,2006-04-23T00:00:00,MIL @ DET,L,2.3666666666666667,2,2,1.0,0,0,0.0,0,0,0.0,0,1,1,0,0,0,0,0,0,0,4,1,5.2,0,0,5.0,1,851,851,851,1612,933,1280,1,587,938,587,990,1042,990,896,1103,1241,1087,1060,742,500,1,1,1252,1100,689,1358,151,4,1338,,2:22,1
2005-06,2067,Eddie House,Eddie,1610612756,PHX,Phoenix Suns,0040500151,2006-04-23T00:00:00,PHX vs. LAL,W,9.8,2,5,0.4,0,0,0.0,0,0,0.0,0,1,1,0,1,0,0,0,1,1,4,0,4.2,0,0,5.0,1,1,1,1,1389,933,962,896,587,938,587,990,1042,990,896,1103,1241,1087,614,742,500,1,248,926,1100,762,1407,151,4,1338,,9:48,1
2005-06,2756,Sasha Vujacic,Sasha,1610612747,LAL,Los Angeles Lakers,0040500151,2006-04-23T00:00:00,LAL @ PHX,L,11.366666666666667,1,3,0.333,1,2,0.5,0,0,0.0,1,0,1,0,0,0,0,0,2,1,3,-5,4.2,0,0,5.0,1,851,851,851,1340,1118,1167,1051,284,529,183,990,1042,990,478,1386,1241,1087,1060,742,500,1,542,926,1180,1189,1407,151,4,1338,,11:22,1
2005-06,1088,Chucky Atkins,Chucky,1610612763,MEM,Memphis Grizzlies,0040500171,2006-04-23T00:00:00,MEM @ DAL,L,15.216666666666667,2,5,0.4,0,2,0.0,0,0,0.0,0,0,0,1,2,0,0,1,6,0,4,-6,3.5,0,0,5.0,1,851,851,851,1229,933,962,896,587,529,587,990,1042,990,896,1386,1473,731,358,742,500,1178,1663,1252,1100,1251,1442,151,4,1338,,15:13,1
2005-06,1521,Jacque Vaughn,Jacque,1610612751,NJN,New Jersey Nets,0040500121,2006-04-23T00:00:00,NJN vs. IND,L,13.466666666666667,1,2,0.5,0,0,0.0,0,0,0.0,0,0,0,2,0,0,0,0,3,2,2,-4,5.0,0,0,4.0,1,851,851,851,1277,1118,1280,488,587,938,587,990,1042,990,896,1386,1473,491,1060,742,500,1,893,675,1253,1108,1364,151,4,1384,,13:28,1
2005-06,2590,Mo Williams,Mo,1610612749,MIL,Milwaukee Bucks,0040500101,2006-04-23T00:00:00,MIL @ DET,L,13.033333333333333,1,3,0.333,0,1,0.0,0,0,0.0,0,1,1,1,2,0,0,1,1,0,2,-9,2.7,0,0,4.0,1,851,851,851,1296,1118,1167,1051,587,709,587,990,1042,990,896,1103,1241,731,358,742,500,1178,248,1252,1253,1409,1482,151,4,1384,,13:02,1
2005-06,2412,Jiri Welsch,Jiri,1610612749,MIL,Milwaukee Bucks,0040500101,2006-04-23T00:00:00,MIL @ DET,L,2.3666666666666667,0,0,0.0,0,0,0.0,0,0,0.0,0,2,2,1,0,0,0,0,0,0,0,1,3.9,0,0,3.0,1,851,851,851,1612,1368,1565,1368,587,938,587,990,1042,990,896,827,1021,731,1060,742,500,1,1,1252,1439,689,1425,151,4,1449,,2:22,1
2005-06,283,Lindsey Hunter,Lindsey,1610612765,DET,Detroit Pistons,0040500101,2006-04-23T00:00:00,DET vs. MIL,W,10.438333333333333,0,4,0.0,0,2,0.0,0,0,0.0,0,1,1,2,1,0,0,0,3,1,0,-9,3.2,0,0,3.0,1,1,1,1,1365,1368,1052,1368,587,529,587,990,1042,990,896,1103,1241,491,614,742,500,1,893,926,1439,1409,1451,151,4,1449,,10:26,1
2005-06,101180,Sarunas Jasikevicius,Sarunas,1610612754,IND,Indiana Pacers,0040500121,2006-04-23T00:00:00,IND @ NJN,W,8.583333333333334,1,1,1.0,0,0,0.0,0,0,0.0,0,0,0,1,1,0,0,0,3,1,2,-3,2.5,0,0,3.0,1,1,1,1,1425,1118,1422,1,587,938,587,990,1042,990,896,1386,1473,731,614,742,500,1,893,926,1253,1032,1494,151,4,1449,,8:35,1
2005-06,1509,Kelvin Cato,Kelvin,1610612765,DET,Detroit Pistons,0040500101,2006-04-23T00:00:00,DET vs. MIL,W,1.55,0,0,0.0,0,0,0.0,0,0,0.0,0,2,2,0,0,0,0,0,0,0,0,-1,2.4,0,0,2.0,1,1,1,1,1644,1368,1565,1368,587,938,587,990,1042,990,896,827,1021,1087,1060,742,500,1,1,1252,1439,859,1497,151,4,1498,,1:33,1
2005-06,1904,Devean George,Devean,1610612747,LAL,Los Angeles Lakers,0040500151,2006-04-23T00:00:00,LAL @ PHX,L,9.381666666666666,0,1,0.0,0,0,0.0,0,0,0.0,0,2,2,0,0,0,0,0,3,1,0,-7,2.4,0,0,2.0,1,851,851,851,1398,1368,1422,1368,587,938,587,990,1042,990,896,827,1021,1087,1060,742,500,1,893,926,1439,1313,1497,151,4,1498,,9:23,1
2005-06,2563,Dahntay Jones,Dahntay,1610612763,MEM,Memphis Grizzlies,0040500171,2006-04-23T00:00:00,MEM @ DAL,L,2.5166666666666666,0,0,0.0,0,0,0.0,2,2,1.0,0,0,0,0,0,0,0,0,0,1,2,1,2.0,0,0,2.0,1,851,851,851,1610,1368,1565,1368,587,938,587,530,647,1,896,1386,1473,1087,1060,742,500,1,1,926,1253,689,1516,151,4,1498,,2:31,1
2005-06,2758,David Harrison,David,1610612754,IND,Indiana Pacers,0040500121,2006-04-23T00:00:00,IND @ NJN,W,5.116666666666666,1,1,1.0,0,0,0.0,0,0,0.0,0,0,0,0,0,0,0,0,1,0,2,1,2.0,0,0,2.0,1,1,1,1,1524,1118,1422,1,587,938,587,990,1042,990,896,1386,1473,1087,1060,742,500,1,248,1252,1253,689,1516,151,4,1498,,5:07,1
2005-06,2230,Maurice Evans,Maurice,1610612765,DET,Detroit Pistons,0040500101,2006-04-23T00:00:00,DET vs. MIL,W,2.3666666666666667,1,1,1.0,0,0,0.0,0,0,0.0,0,0,0,0,0,0,0,0,0,0,2,-1,2.0,0,0,2.0,1,1,1,1,1612,1118,1422,1,587,938,587,990,1042,990,896,1386,1473,1087,1060,742,500,1,1,1252,1253,859,1516,151,4,1498,,2:22,1
2005-06,1983,Jermaine Jackson,Jermaine,1610612749,MIL,Milwaukee Bucks,0040500101,2006-04-23T00:00:00,MIL @ DET,L,2.3666666666666667,0,1,0.0,0,0,0.0,0,0,0.0,0,0,0,1,0,0,0,0,1,0,0,1,1.5,0,0,1.0,1,851,851,851,1612,1368,1422,1368,587,938,587,990,1042,990,896,1386,1473,731,1060,742,500,1,248,1252,1439,689,1539,151,4,1557,,2:22,1
2005-06,441,Lamond Murray,Lamond,1610612751,NJN,New Jersey Nets,0040500121,2006-04-23T00:00:00,NJN vs. IND,L,7.683333333333334,0,1,0.0,0,1,0.0,0,0,0.0,0,1,1,0,0,0,0,0,2,0,0,-4,1.2,0,0,1.0,1,851,851,851,1448,1368,1422,1368,587,709,587,990,1042,990,896,1103,1241,1087,1060,742,500,1,542,1252,1439,1108,1554,151,4,1557,,7:41,1
2005-06,258,Brian Grant,Brian,1610612756,PHX,Phoenix Suns,0040500151,2006-04-23T00:00:00,PHX vs. LAL,W,0.065,0,0,0.0,0,0,0.0,0,0,0.0,0,0,0,0,0,0,0,0,0,0,0,0,0.0,0,0,0.0,1,1,1,1,1712,1368,1565,1368,587,938,587,990,1042,990,896,1386,1473,1087,1060,742,500,1,1,1252,1439,762,1605,151,4,1610,,0:04,1
2005-06,1513,Scot Pollard,Scot,1610612754,IND,Indiana Pacers,0040500121,2006-04-23T00:00:00,IND @ NJN,W,4.666666666666667,0,0,0.0,0,0,0.0,0,0,0.0,0,0,0,0,0,0,0,0,0,0,0,-1,0.0,0,0,0.0,1,1,1,1,1538,1368,1565,1368,587,938,587,990,1042,990,896,1386,1473,1087,1060,742,500,1,1,1252,1439,859,1605,151,4,1610,,4:40,1
2005-06,2568,Carlos Delfino,Carlos,1610612765,DET,Detroit Pistons,0040500101,2006-04-23T00:00:00,DET vs. MIL,W,1.55,0,0,0.0,0,0,0.0,0,0,0.0,0,0,0,0,0,0,0,0,0,0,0,-1,0.0,0,0,0.0,1,1,1,1,1644,1368,1565,1368,587,938,587,990,1042,990,896,1386,1473,1087,1060,742,500,1,1,1252,1439,859,1605,151,4,1610,,1:33,1
2005-06,406,Shaquille O'Neal,Shaquille,1610612748,MIA,Miami Heat,0040500111,2006-04-22T00:00:00,MIA vs. CHI,W,37.245,11,16,0.688,0,0,0.0,5,8,0.625,3,13,16,1,6,2,5,0,5,8,27,0,62.7,1,0,58.0,1,1,1,1,419,62,208,193,587,938,587,203,129,725,128,14,13,731,15,82,4,1,1489,70,105,762,24,1,4,19,,37:15,1
2005-06,2544,LeBron James,LeBron,1610612739,CLE,Cleveland Cavaliers,0040500131,2006-04-22T00:00:00,CLE vs. WAS,W,47.995,12,27,0.444,1,4,0.25,7,11,0.636,3,8,11,11,4,0,0,0,3,10,32,11,57.7,1,1,55.0,1,1,1,1,35,37,10,780,284,234,480,101,50,722,128,100,82,12,71,742,500,1,893,24,43,217,35,1,1,33,,47:60,1
2005-06,2548,Dwyane Wade,Dwyane,1610612748,MIA,Miami Heat,0040500111,2006-04-22T00:00:00,MIA vs. CHI,W,44.555,8,21,0.381,0,1,0.0,14,16,0.875,1,3,4,11,4,3,2,2,3,13,30,6,62.3,1,0,55.0,1,1,1,1,110,178,67,976,587,709,587,13,15,437,478,615,647,12,71,32,67,1566,893,9,67,391,25,1,4,33,,44:33,1
2005-06,2732,Ben Gordon,Ben,1610612741,CHI,Chicago Bulls,0040500111,2006-04-22T00:00:00,CHI @ MIA,L,44.55,12,23,0.522,5,10,0.5,6,7,0.857,0,2,2,3,2,1,0,1,2,4,35,0,42.9,0,0,47.0,1,851,851,851,111,37,39,483,5,6,183,142,195,459,896,827,1021,335,358,274,500,1178,542,316,25,762,157,151,4,91,,44:33,1
2005-06,2804,Andres Nocioni,Andres,1610612741,CHI,Chicago Bulls,0040500111,2006-04-22T00:00:00,CHI @ MIA,L,41.915,8,20,0.4,2,5,0.4,0,0,0.0,2,14,16,4,2,1,1,1,3,3,18,-1,47.2,1,0,44.0,1,851,851,851,197,178,82,896,125,141,327,990,1042,990,252,7,13,208,358,274,157,1178,893,471,328,859,105,1,4,114,,41:55,1
2005-06,1882,Elton Brand,Elton,1610612746,LAC,Los Angeles Clippers,0040500161,2006-04-22T00:00:00,LAC vs. DEN,W,41.3,8,16,0.5,0,0,0.0,5,8,0.625,4,4,8,5,4,0,4,0,4,5,21,0,46.1,0,0,42.0,1,1,1,1,223,178,208,488,587,938,587,203,129,725,55,431,214,141,71,742,12,1,1222,217,222,762,117,151,4,136,,41:18,1
2005-06,2240,Gilbert Arenas,Gilbert,1610612764,WAS,Washington Wizards,0040500131,2006-04-22T00:00:00,WAS @ CLE,L,37.81,7,20,0.35,1,7,0.143,11,13,0.846,0,6,6,3,3,1,1,1,6,9,26,-13,40.7,0,0,40.0,1,851,851,851,405,269,82,1047,284,42,577,28,34,474,896,208,386,335,164,274,157,1178,1663,40,118,1559,187,151,4,161,,37:49,1
2005-06,2225,Tony Parker,Tony,1610612759,SAS,San Antonio Spurs,0040500141,2006-04-22T00:00:00,SAS vs. SAC,W,25.05,9,15,0.6,0,1,0.0,7,7,1.0,1,4,5,4,1,1,0,0,1,6,25,18,39.0,0,0,36.0,1,1,1,1,921,116,255,311,587,709,587,101,195,1,478,431,510,208,614,274,500,1,248,145,130,91,220,151,4,228,,25:03,1
2005-06,2546,Carmelo Anthony,Carmelo,1610612743,DEN,Denver Nuggets,0040500161,2006-04-22T00:00:00,DEN @ LAC,L,43.55,9,26,0.346,0,1,0.0,7,9,0.778,4,3,7,3,2,0,0,2,3,9,25,-3,35.9,0,0,35.0,1,851,851,851,138,116,12,1050,587,709,587,101,93,558,55,615,284,335,358,742,500,1566,893,40,130,1032,281,151,4,250,,43:33,1
2005-06,1889,Andre Miller,Andre,1610612743,DEN,Denver Nuggets,0040500161,2006-04-22T00:00:00,DEN @ LAC,L,36.05,11,21,0.524,0,0,0.0,3,3,1.0,1,2,3,6,0,0,0,0,0,2,25,-9,37.6,0,0,34.0,1,851,851,851,475,62,67,482,587,938,587,405,561,1,478,827,832,97,1060,742,500,1,1,675,130,1409,243,151,4,267,,36:03,1
2005-06,1737,Nazr Mohammed,Nazr,1610612759,SAS,San Antonio Spurs,0040500141,2006-04-22T00:00:00,SAS vs. SAC,W,25.333333333333332,6,6,1.0,1,1,1.0,5,6,0.833,5,3,8,0,3,0,3,0,2,3,18,15,33.6,0,0,33.0,1,1,1,1,912,351,878,1,284,709,1,203,232,479,26,615,214,1087,164,742,25,1,542,471,328,124,333,151,4,291,,25:20,1
2005-06,1749,Cuttino Mobley,Cuttino,1610612746,LAC,Los Angeles Clippers,0040500161,2006-04-22T00:00:00,LAC vs. DEN,W,37.71666666666667,6,10,0.6,3,4,0.75,2,2,1.0,0,6,6,3,1,1,0,0,0,2,17,13,30.7,0,0,31.0,1,1,1,1,407,351,572,311,57,234,93,530,647,1,896,208,386,335,614,274,500,1,1,675,353,166,399,151,4,346,,37:43,1
2005-06,923,Donyell Marshall,Donyell,1610612739,CLE,Cleveland Cavaliers,0040500131,2006-04-22T00:00:00,CLE vs. WAS,W,23.283333333333335,8,18,0.444,3,7,0.429,0,0,0.0,6,1,7,2,0,0,0,2,2,0,19,8,30.4,0,0,31.0,1,1,1,1,991,178,129,780,57,42,317,990,1042,990,10,1103,284,491,1060,742,500,1566,542,1252,298,318,406,151,4,346,,23:17,1
2005-06,2550,Kirk Hinrich,Kirk,1610612741,CHI,Chicago Bulls,0040500111,2006-04-22T00:00:00,CHI @ MIA,L,38.76166666666666,6,14,0.429,3,5,0.6,4,4,1.0,0,1,1,8,4,0,0,2,6,3,19,-5,28.2,0,0,31.0,1,851,851,851,359,351,306,821,57,141,149,284,399,1,896,1103,1241,49,71,742,500,1566,1663,471,298,1189,476,151,4,346,,38:46,1
2005-06,2030,Kenyon Martin,Kenyon,1610612743,DEN,Denver Nuggets,0040500161,2006-04-22T00:00:00,DEN @ LAC,L,27.733333333333334,4,11,0.364,0,0,0.0,1,2,0.5,5,3,8,1,2,4,2,2,4,1,9,8,36.1,0,0,30.0,1,851,851,851,820,580,490,1010,587,938,587,793,647,768,26,615,214,731,358,5,67,1566,1222,926,763,318,278,151,4,374,,27:44,1
2005-06,2549,Chris Kaman,Chris,1610612746,LAC,Los Angeles Clippers,0040500161,2006-04-22T00:00:00,LAC vs. DEN,W,43.13333333333333,5,12,0.417,0,0,0.0,5,5,1.0,3,10,13,1,1,0,0,1,4,4,15,7,31.1,1,0,29.0,1,1,1,1,159,456,425,871,587,938,587,203,332,1,128,44,45,731,614,742,500,1178,1222,316,442,352,391,1,4,401,,43:08,1
2005-06,948,Marcus Camby,Marcus,1610612743,DEN,Denver Nuggets,0040500161,2006-04-22T00:00:00,DEN @ LAC,L,39.666666666666664,4,12,0.333,0,0,0.0,1,3,0.333,4,6,10,2,1,1,3,0,2,3,9,-9,35.0,0,0,29.0,1,851,851,851,306,580,425,1051,587,938,587,793,561,943,55,208,114,491,614,274,25,1,542,471,763,1409,300,151,4,401,,39:40,1
2005-06,208,Sam Cassell,Sam,1610612746,LAC,Los Angeles Clippers,0040500161,2006-04-22T00:00:00,LAC vs. DEN,W,33.59,6,11,0.545,1,4,0.25,6,7,0.857,1,0,1,7,0,0,0,0,2,3,19,19,30.7,0,0,28.0,1,1,1,1,589,351,490,433,284,234,480,142,195,459,478,1386,1241,67,1060,742,500,1,542,471,298,76,399,151,4,435,,33:35,1
2005-06,1710,Mike Bibby,Mike,1610612758,SAC,Sacramento Kings,0040500141,2006-04-22T00:00:00,SAC @ SAS,L,32.61666666666667,6,12,0.5,2,3,0.667,3,4,0.75,3,1,4,3,2,1,0,0,3,6,17,-17,27.3,0,0,28.0,1,851,851,851,637,351,425,488,125,362,108,405,399,566,128,1103,647,335,358,274,500,1,893,145,353,1630,506,151,4,435,,32:37,1
2005-06,1498,Antonio Daniels,Antonio,1610612764,WAS,Washington Wizards,0040500131,2006-04-22T00:00:00,WAS @ CLE,L,33.28333333333333,6,6,1.0,0,0,0.0,2,3,0.667,0,5,5,6,0,1,0,0,1,2,14,-1,32.0,0,0,27.0,1,851,851,851,601,351,878,1,587,938,587,530,561,657,896,311,510,97,1060,274,500,1,248,675,478,859,367,151,4,472,,33:17,1
2005-06,2406,Caron Butler,Caron,1610612764,WAS,Washington Wizards,0040500131,2006-04-22T00:00:00,WAS @ CLE,L,40.416666666666664,4,14,0.286,0,3,0.0,3,4,0.75,2,4,6,2,5,3,1,2,5,3,11,-12,28.2,0,0,27.0,1,851,851,851,267,580,306,1192,587,362,587,405,399,566,252,431,386,491,36,32,157,1566,1489,471,622,1528,476,151,4,472,,40:25,1
2005-06,952,Antoine Walker,Antoine,1610612748,MIA,Miami Heat,0040500111,2006-04-22T00:00:00,MIA vs. CHI,W,42.516666666666666,4,13,0.308,0,4,0.0,2,3,0.667,0,5,5,1,2,4,1,2,3,3,10,10,30.5,0,0,26.0,1,1,1,1,178,580,359,1165,587,234,587,530,561,657,896,311,510,731,358,5,157,1566,893,471,683,252,401,151,4,498,,42:31,1
2005-06,1897,Metta World Peace,Metta,1610612758,SAC,Sacramento Kings,0040500141,2006-04-22T00:00:00,SAC @ SAS,L,35.55,7,21,0.333,2,6,0.333,0,1,0.0,0,2,2,4,0,1,0,3,4,2,16,-25,27.4,0,0,26.0,1,851,851,851,490,269,67,1051,125,84,369,990,974,990,896,827,1021,208,1060,274,500,1679,1222,675,399,1700,503,151,4,498,,35:33,1
2005-06,1715,Jason Williams,Jason,1610612748,MIA,Miami Heat,0040500111,2006-04-22T00:00:00,MIA vs. CHI,W,33.4,4,9,0.444,2,7,0.286,7,7,1.0,0,4,4,3,1,0,0,0,0,3,17,0,25.3,0,0,26.0,1,1,1,1,598,580,639,780,125,42,469,101,195,1,896,431,647,335,614,742,500,1,1,471,353,762,575,151,4,498,,33:24,1
2005-06,727,Eric Snow,Eric,1610612739,CLE,Cleveland Cavaliers,0040500131,2006-04-22T00:00:00,CLE vs. WAS,W,31.55,5,7,0.714,0,0,0.0,4,5,0.8,0,4,4,2,1,1,1,0,3,4,14,1,26.8,0,0,24.0,1,1,1,1,672,456,786,178,587,938,587,284,332,518,896,431,647,491,614,274,157,1,893,316,478,689,529,151,4,562,,31:33,1
2005-06,1495,Tim Duncan,Tim,1610612759,SAS,San Antonio Spurs,0040500141,2006-04-22T00:00:00,SAS vs. SAC,W,24.583333333333332,3,6,0.5,0,0,0.0,5,7,0.714,1,6,7,3,0,1,0,0,2,4,11,25,26.9,0,0,23.0,1,1,1,1,942,742,878,488,587,938,587,203,195,644,478,208,284,335,1060,274,500,1,542,316,622,28,525,151,4,596,,24:35,1
2005-06,2407,Jared Jeffries,Jared,1610612764,WAS,Washington Wizards,0040500131,2006-04-22T00:00:00,WAS @ CLE,L,35.126666666666665,5,7,0.714,1,3,0.333,4,4,1.0,4,1,5,0,0,0,1,0,1,3,15,-1,24.0,0,0,23.0,1,851,851,851,511,456,786,178,284,362,369,284,399,1,55,1103,510,1087,1060,742,157,1,248,471,442,859,608,151,4,596,,35:08,1
2005-06,1712,Antawn Jamison,Antawn,1610612764,WAS,Washington Wizards,0040500131,2006-04-22T00:00:00,WAS @ CLE,L,42.82333333333333,4,13,0.308,1,5,0.2,2,4,0.5,2,5,7,2,2,0,1,1,4,3,11,-9,23.4,0,0,23.0,1,851,851,851,173,580,359,1165,284,141,535,530,399,768,252,311,284,491,358,742,157,1178,1222,471,622,1409,626,151,4,596,,42:49,1
2005-06,2436,Flip Murray,Flip,1610612739,CLE,Cleveland Cavaliers,0040500131,2006-04-22T00:00:00,CLE vs. WAS,W,34.4,4,9,0.444,1,3,0.333,1,1,1.0,2,3,5,2,2,1,1,1,2,1,10,9,23.0,0,0,22.0,1,1,1,1,556,580,639,780,284,362,369,793,974,1,252,615,510,491,358,274,157,1178,542,926,683,285,641,151,4,628,,34:24,1
2005-06,980,Zydrunas Ilgauskas,Zydrunas,1610612739,CLE,Cleveland Cavaliers,0040500131,2006-04-22T00:00:00,CLE vs. WAS,W,30.02166666666667,4,7,0.571,0,0,0.0,2,2,1.0,2,4,6,1,1,0,2,1,3,3,10,4,23.7,0,0,21.0,1,1,1,1,730,580,786,369,587,938,587,530,647,1,252,431,386,731,614,742,67,1178,893,471,683,504,619,151,4,659,,30:01,1
2005-06,714,Michael Finley,Michael,1610612759,SAS,San Antonio Spurs,0040500141,2006-04-22T00:00:00,SAS vs. SAC,W,20.333333333333332,3,6,0.5,2,3,0.667,2,2,1.0,0,7,7,2,0,0,0,0,2,2,10,11,21.4,0,0,21.0,1,1,1,1,1076,742,878,488,125,362,108,530,647,1,896,144,284,491,1060,742,500,1,542,675,683,217,704,151,4,659,,20:20,1
2005-06,1719,Bonzi Wells,Bonzi,1610612758,SAC,Sacramento Kings,0040500141,2006-04-22T00:00:00,SAC @ SAS,L,32.75,4,9,0.444,0,0,0.0,4,4,1.0,2,4,6,2,3,0,0,0,3,2,12,-22,19.2,0,0,20.0,1,851,851,851,631,580,639,780,587,938,587,284,399,1,252,431,386,491,164,742,500,1,893,675,571,1685,789,151,4,704,,32:45,1
2005-06,2400,Drew Gooden,Drew,1610612739,CLE,Cleveland Cavaliers,0040500131,2006-04-22T00:00:00,CLE vs. WAS,W,18.595,3,9,0.333,0,0,0.0,1,1,1.0,4,6,10,0,1,1,0,2,3,1,7,8,21.0,0,0,19.0,1,1,1,1,1127,742,639,1051,587,938,587,793,974,1,55,208,114,1087,614,274,500,1566,893,926,897,318,713,151,4,745,,18:36,1
2005-06,1894,Corey Maggette,Corey,1610612746,LAC,Los Angeles Clippers,0040500161,2006-04-22T00:00:00,LAC vs. DEN,W,14.65,2,8,0.25,1,2,0.5,3,4,0.75,2,5,7,1,1,1,0,3,2,2,8,-16,19.9,0,0,19.0,1,1,1,1,1239,933,699,1236,284,529,183,405,399,566,252,311,284,731,614,274,500,1679,542,675,812,1605,753,151,4,745,,14:39,1
2005-06,109,Robert Horry,Robert,1610612759,SAS,San Antonio Spurs,0040500141,2006-04-22T00:00:00,SAS vs. SAC,W,15.883333333333333,2,3,0.667,1,1,1.0,3,4,0.75,3,2,5,1,2,0,2,0,2,3,8,7,19.5,0,0,19.0,1,1,1,1,1208,933,1167,197,284,709,1,405,399,566,128,827,510,731,358,742,67,1,542,471,812,352,776,151,4,745,,15:53,1
2005-06,2217,Brendan Haywood,Brendan,1610612764,WAS,Washington Wizards,0040500131,2006-04-22T00:00:00,WAS @ CLE,L,28.733333333333334,2,3,0.667,0,0,0.0,3,6,0.5,0,4,4,1,0,0,3,0,2,4,7,-13,22.3,0,0,18.0,1,851,851,851,779,933,1167,197,587,938,587,405,232,768,896,431,647,731,1060,742,25,1,542,316,897,1559,664,151,4,772,,28:44,1
2005-06,2199,Tyson Chandler,Tyson,1610612741,CHI,Chicago Bulls,0040500111,2006-04-22T00:00:00,CHI @ MIA,L,27.433333333333334,2,3,0.667,0,0,0.0,1,1,1.0,2,5,7,0,1,2,1,0,6,3,5,-10,21.4,0,0,18.0,1,851,851,851,832,933,1167,197,587,938,587,793,974,1,252,311,284,1087,614,82,157,1,1663,471,1046,1457,704,151,4,772,,27:26,1
2005-06,1903,Kenny Thomas,Kenny,1610612758,SAC,Sacramento Kings,0040500141,2006-04-22T00:00:00,SAC @ SAS,L,29.05,3,6,0.5,0,0,0.0,1,2,0.5,3,3,6,1,1,2,0,1,3,2,7,-14,20.7,0,0,18.0,1,851,851,851,763,742,878,488,587,938,587,793,647,768,128,615,386,731,614,82,500,1178,893,675,897,1574,723,151,4,772,,29:03,1
2005-06,699,Brent Barry,Brent,1610612759,SAS,San Antonio Spurs,0040500141,2006-04-22T00:00:00,SAS vs. SAC,W,23.566666666666666,2,6,0.333,2,4,0.5,0,0,0.0,0,2,2,6,0,1,0,0,0,0,6,16,20.4,0,0,18.0,1,1,1,1,982,933,878,1051,125,234,183,990,1042,990,896,827,1021,97,1060,274,500,1,1,1252,957,106,736,151,4,772,,23:34,1
2005-06,1725,Rasho Nesterovic,Rasho,1610612759,SAS,San Antonio Spurs,0040500141,2006-04-22T00:00:00,SAS vs. SAC,W,23.6,4,6,0.667,0,0,0.0,2,2,1.0,1,6,7,1,0,0,0,0,2,1,10,18,19.9,0,0,18.0,1,1,1,1,981,580,878,197,587,938,587,530,647,1,478,208,284,731,1060,742,500,1,542,926,683,91,753,151,4,772,,23:36,1
2005-06,2124,Malik Allen,Malik,1610612741,CHI,Chicago Bulls,0040500111,2006-04-22T00:00:00,CHI @ MIA,L,20.833333333333332,5,8,0.625,0,0,0.0,0,1,0.0,1,3,4,0,4,1,1,1,4,1,10,5,16.8,0,0,18.0,1,851,851,851,1062,456,699,280,587,938,587,990,974,990,478,615,647,1087,71,274,157,1178,1222,926,683,444,887,151,4,772,,20:50,1
2005-06,1938,Manu Ginobili,Manu,1610612759,SAS,San Antonio Spurs,0040500141,2006-04-22T00:00:00,SAS vs. SAC,W,22.683333333333334,5,10,0.5,0,1,0.0,0,0,0.0,1,4,5,2,3,0,0,0,2,4,10,16,16.0,0,0,17.0,1,1,1,1,1013,456,572,488,587,709,587,990,1042,990,478,431,510,491,164,742,500,1,542,316,683,106,912,151,4,827,,22:41,1
2005-06,1899,James Posey,James,1610612748,MIA,Miami Heat,0040500111,2006-04-22T00:00:00,MIA vs. CHI,W,20.293333333333333,3,6,0.5,3,6,0.5,1,2,0.5,0,3,3,1,0,0,0,0,3,1,10,-5,15.1,0,0,17.0,1,1,1,1,1078,742,878,488,57,84,183,793,647,768,896,615,832,731,1060,742,500,1,893,926,683,1189,951,151,4,827,,20:18,1
2005-06,89,Nick Van Exel,Nick,1610612759,SAS,San Antonio Spurs,0040500141,2006-04-22T00:00:00,SAS vs. SAC,W,17.55,3,8,0.375,3,4,0.75,2,2,1.0,0,0,0,1,1,1,0,0,3,1,11,12,14.5,0,0,17.0,1,1,1,1,1161,742,699,980,57,234,93,530,647,1,896,1386,1473,731,614,274,500,1,893,926,622,186,971,151,4,827,,17:33,1
2005-06,1863,Earl Boykins,Earl,1610612743,DEN,Denver Nuggets,0040500161,2006-04-22T00:00:00,DEN @ LAC,L,31.33,2,8,0.25,0,1,0.0,2,2,1.0,1,1,2,4,1,2,0,0,2,2,6,3,19.4,0,0,16.0,1,851,851,851,682,933,699,1236,587,709,587,530,647,1,478,1103,1021,208,614,82,500,1,542,675,957,567,779,151,4,871,,31:20,1
2005-06,2552,Michael Sweetney,Michael,1610612741,CHI,Chicago Bulls,0040500111,2006-04-22T00:00:00,CHI @ MIA,L,13.766666666666667,2,9,0.222,0,0,0.0,0,0,0.0,5,0,5,3,0,0,1,2,2,1,4,-6,17.5,0,0,14.0,1,851,851,851,1272,933,639,1298,587,938,587,990,1042,990,26,1386,510,335,1060,742,157,1566,542,926,1100,1251,872,151,4,939,,13:46,1
2005-06,949,Shareef Abdur-Rahim,Shareef,1610612758,SAC,Sacramento Kings,0040500141,2006-04-22T00:00:00,SAC @ SAS,L,17.55,3,6,0.5,0,0,0.0,0,0,0.0,2,6,8,0,1,0,0,1,5,1,6,-20,14.6,0,0,14.0,1,851,851,851,1161,742,878,488,587,938,587,990,1042,990,252,208,214,1087,614,742,500,1178,1489,926,957,1669,965,151,4,939,,17:33,1
2005-06,2209,Vladimir Radmanovic,Vladimir,1610612746,LAC,Los Angeles Clippers,0040500161,2006-04-22T00:00:00,LAC vs. DEN,W,13.233333333333333,1,3,0.333,1,2,0.5,2,2,1.0,2,3,5,1,3,1,0,0,3,2,5,-4,12.5,0,0,14.0,1,1,1,1,1284,1118,1167,1051,284,529,183,530,647,1,252,615,510,731,164,274,500,1,893,675,1046,1108,1057,151,4,939,,13:14,1
2005-06,1716,Larry Hughes,Larry,1610612739,CLE,Cleveland Cavaliers,0040500131,2006-04-22T00:00:00,CLE vs. WAS,W,26.85,1,9,0.111,0,0,0.0,0,0,0.0,1,3,4,2,0,2,0,2,5,0,2,8,15.8,0,0,12.0,1,1,1,1,861,1118,639,1365,587,938,587,990,1042,990,478,615,647,491,1060,82,500,1566,1489,1252,1253,318,922,151,4,1038,,26:51,1
2005-06,2501,Reggie Evans,Reggie,1610612743,DEN,Denver Nuggets,0040500161,2006-04-22T00:00:00,DEN @ LAC,L,13.5,1,2,0.5,0,0,0.0,2,2,1.0,4,4,8,0,0,0,0,0,3,2,4,4,13.6,0,0,12.0,1,851,851,851,1276,1118,1280,488,587,938,587,530,647,1,55,431,214,1087,1060,742,500,1,893,675,1100,504,1007,151,4,1038,,13:30,1
2005-06,2617,Udonis Haslem,Udonis,1610612748,MIA,Miami Heat,0040500111,2006-04-22T00:00:00,MIA vs. CHI,W,15.583333333333334,2,3,0.667,0,0,0.0,1,1,1.0,2,5,7,0,3,0,0,0,2,1,5,2,10.4,0,0,12.0,1,1,1,1,1220,933,1167,197,587,938,587,793,974,1,252,311,284,1087,164,742,500,1,542,926,1046,625,1145,151,4,1038,,15:35,1
2005-06,2768,Chris Duhon,Chris,1610612741,CHI,Chicago Bulls,0040500111,2006-04-22T00:00:00,CHI @ MIA,L,25.883333333333333,2,5,0.4,2,3,0.667,0,0,0.0,0,2,2,2,2,0,0,1,5,1,6,-4,9.4,0,0,12.0,1,851,851,851,892,933,962,896,125,362,108,990,1042,990,896,827,1021,491,358,742,500,1178,1489,926,957,1108,1185,151,4,1038,,25:53,1
2005-06,56,Gary Payton,Gary,1610612748,MIA,Miami Heat,0040500111,2006-04-22T00:00:00,MIA vs. CHI,W,26.035,3,6,0.5,0,1,0.0,0,0,0.0,0,2,2,1,0,1,0,0,1,0,6,-6,12.9,0,0,11.0,1,1,1,1,888,742,878,488,587,709,587,990,1042,990,896,827,1021,731,1060,274,500,1,248,1252,957,1251,1037,151,4,1087,,26:02,1
2005-06,2755,Kevin Martin,Kevin,1610612758,SAC,Sacramento Kings,0040500141,2006-04-22T00:00:00,SAC @ SAS,L,20.45,2,7,0.286,1,3,0.333,2,2,1.0,2,0,2,1,0,0,0,0,1,1,7,-5,10.9,0,0,11.0,1,851,851,851,1072,933,786,1192,284,362,369,530,647,1,252,1386,1021,731,1060,742,500,1,248,926,897,1189,1124,151,4,1087,,20:27,1
2005-06,1477,Bruce Bowen,Bruce,1610612759,SAS,San Antonio Spurs,0040500141,2006-04-22T00:00:00,SAS vs. SAC,W,24.116666666666667,2,2,1.0,2,2,1.0,0,0,0.0,0,2,2,1,1,0,0,0,1,0,6,22,8.9,0,0,11.0,1,1,1,1,964,933,1280,1,125,529,1,990,1042,990,896,827,1021,731,614,742,500,1,248,1252,957,48,1211,151,4,1087,,24:07,1
2005-06,2757,Beno Udrih,Beno,1610612759,SAS,San Antonio Spurs,0040500141,2006-04-22T00:00:00,SAS vs. SAC,W,8.65,2,4,0.5,0,0,0.0,0,0,0.0,0,2,2,4,0,0,0,0,1,0,4,5,12.4,0,0,10.0,1,1,1,1,1420,933,1052,488,587,938,587,990,1042,990,896,827,1021,208,1060,742,500,1,248,1252,1100,444,1059,151,4,1125,,8:39,1
2005-06,2760,Anderson Varejao,Anderson,1610612739,CLE,Cleveland Cavaliers,0040500131,2006-04-22T00:00:00,CLE vs. WAS,W,24.1,1,1,1.0,0,0,0.0,1,2,0.5,2,3,5,0,1,1,0,0,4,2,3,2,11.0,0,0,10.0,1,1,1,1,965,1118,1422,1,587,938,587,793,647,768,252,615,510,1087,614,274,500,1,1222,675,1180,625,1116,151,4,1125,,24:06,1
2005-06,1720,Michael Doleac,Michael,1610612748,MIA,Miami Heat,0040500111,2006-04-22T00:00:00,MIA vs. CHI,W,7.551666666666667,2,2,1.0,0,0,0.0,0,0,0.0,2,2,4,0,1,1,0,0,2,0,4,6,10.8,0,0,10.0,1,1,1,1,1451,933,1280,1,587,938,587,990,1042,990,252,827,647,1087,614,274,500,1,542,1252,1100,391,1127,151,4,1125,,7:33,1
2005-06,2078,Jason Hart,Jason,1610612758,SAC,Sacramento Kings,0040500141,2006-04-22T00:00:00,SAC @ SAS,L,16.333333333333332,1,4,0.25,0,0,0.0,2,2,1.0,1,0,1,3,2,1,0,0,1,2,4,-22,10.7,0,0,10.0,1,851,851,851,1196,1118,1052,1236,587,938,587,530,647,1,478,1386,1241,335,358,274,500,1,248,675,1100,1685,1133,151,4,1125,,16:20,1
2005-06,1802,Brad Miller,Brad,1610612758,SAC,Sacramento Kings,0040500141,2006-04-22T00:00:00,SAC @ SAS,L,26.55,2,8,0.25,0,1,0.0,0,0,0.0,0,1,1,0,0,2,0,0,3,1,4,-31,11.2,0,0,9.0,1,851,851,851,874,933,699,1236,587,709,587,990,1042,990,896,1103,1241,1087,1060,82,500,1,893,926,1100,1716,1106,151,4,1164,,26:33,1
2005-06,1761,Greg Buckner,Greg,1610612743,DEN,Denver Nuggets,0040500161,2006-04-22T00:00:00,DEN @ LAC,L,20.386666666666667,2,7,0.286,1,4,0.25,0,0,0.0,0,1,1,0,0,1,0,0,3,0,5,4,9.2,0,0,9.0,1,851,851,851,1074,933,786,1192,284,234,480,990,1042,990,896,1103,1241,1087,1060,274,500,1,893,1252,1046,504,1193,151,4,1164,,20:23,1
2005-06,101128,Francisco Garcia,Francisco,1610612758,SAC,Sacramento Kings,0040500141,2006-04-22T00:00:00,SAC @ SAS,L,13.166666666666666,3,5,0.6,0,1,0.0,2,2,1.0,0,1,1,0,0,0,0,0,1,1,8,-9,9.2,0,0,9.0,1,851,851,851,1289,742,962,311,587,709,587,530,647,1,896,1103,1241,1087,1060,742,500,1,248,926,812,1409,1193,151,4,1164,,13:10,1
2005-06,2736,Luol Deng,Luol,1610612741,CHI,Chicago Bulls,0040500111,2006-04-22T00:00:00,CHI @ MIA,L,21.7,2,4,0.5,0,2,0.0,2,4,0.5,0,3,3,0,1,0,0,0,1,4,6,1,8.6,0,0,9.0,1,851,851,851,1043,933,1052,488,587,529,587,530,399,768,896,615,832,1087,614,742,500,1,248,316,957,689,1228,151,4,1164,,21:42,1
2005-06,2041,Etan Thomas,Etan,1610612764,WAS,Washington Wizards,0040500131,2006-04-22T00:00:00,WAS @ CLE,L,7.2,1,2,0.5,0,0,0.0,0,2,0.0,1,1,2,0,0,1,1,0,0,1,2,-1,10.4,0,0,8.0,1,851,851,851,1460,1118,1280,488,587,938,587,990,647,990,478,1103,1021,1087,1060,274,157,1,1,926,1253,859,1145,151,4,1212,,7:12,1
2005-06,101177,Fabricio Oberto,Fabricio,1610612759,SAS,San Antonio Spurs,0040500141,2006-04-22T00:00:00,SAS vs. SAC,W,8.65,1,1,1.0,0,0,0.0,1,2,0.5,0,1,1,0,1,1,1,0,2,1,3,5,9.2,0,0,8.0,1,1,1,1,1420,1118,1422,1,587,938,587,793,647,768,896,1103,1241,1087,614,274,157,1,542,926,1180,444,1193,151,4,1212,,8:39,1
2005-06,1739,Ruben Patterson,Ruben,1610612743,DEN,Denver Nuggets,0040500161,2006-04-22T00:00:00,DEN @ LAC,L,12.683333333333334,2,4,0.5,0,0,0.0,0,1,0.0,0,0,0,0,0,1,0,0,2,2,4,-1,7.0,0,0,6.0,1,851,851,851,1304,933,1052,488,587,938,587,990,974,990,896,1386,1473,1087,1060,274,500,1,542,675,1100,859,1290,151,4,1292,,12:41,1
2005-06,2733,Shaun Livingston,Shaun,1610612746,LAC,Los Angeles Clippers,0040500161,2006-04-22T00:00:00,LAC vs. DEN,W,20.183333333333334,1,4,0.25,0,0,0.0,0,2,0.0,0,1,1,3,1,0,0,0,2,2,2,-8,6.7,0,0,6.0,1,1,1,1,1080,1118,1052,1236,587,938,587,990,647,990,896,1103,1241,335,614,742,500,1,542,675,1253,1363,1299,151,4,1292,,20:11,1
2005-06,722,Corliss Williamson,Corliss,1610612758,SAC,Sacramento Kings,0040500141,2006-04-22T00:00:00,SAC @ SAS,L,8.65,1,3,0.333,0,0,0.0,3,3,1.0,0,1,1,0,0,0,0,1,1,2,5,-5,6.2,0,0,6.0,1,851,851,851,1420,1118,1167,1051,587,938,587,405,561,1,896,1103,1241,1087,1060,742,500,1178,248,675,1046,1189,1311,151,4,1292,,8:39,1
2005-06,15,Eric Piatkowski,Eric,1610612741,CHI,Chicago Bulls,0040500111,2006-04-22T00:00:00,CHI @ MIA,L,1.7716666666666667,1,1,1.0,1,1,1.0,0,0,0.0,0,0,0,0,0,0,0,0,0,0,3,-1,3.0,0,0,4.0,1,851,851,851,1640,1118,1422,1,284,709,1,990,1042,990,896,1386,1473,1087,1060,742,500,1,1,1252,1180,859,1467,151,4,1384,,1:46,1
2005-06,1442,Zeljko Rebraca,Zeljko,1610612746,LAC,Los Angeles Clippers,0040500161,2006-04-22T00:00:00,LAC vs. DEN,W,11.566666666666666,1,2,0.5,0,0,0.0,0,0,0.0,0,2,2,0,2,0,0,0,3,1,2,-3,2.4,0,0,4.0,1,1,1,1,1335,1118,1280,488,587,938,587,990,1042,990,896,827,1021,1087,358,742,500,1,893,926,1253,1032,1497,151,4,1384,,11:34,1
2005-06,101182,Donell Taylor,Donell,1610612764,WAS,Washington Wizards,0040500131,2006-04-22T00:00:00,WAS @ CLE,L,3.2,0,1,0.0,0,1,0.0,0,0,0.0,0,0,0,1,0,1,0,0,0,0,0,-4,4.5,0,0,3.0,1,851,851,851,1585,1368,1422,1368,587,709,587,990,1042,990,896,1386,1473,731,1060,274,500,1,1,1252,1439,1108,1389,151,4,1449,,3:12,1
2005-06,1000,Shandon Anderson,Shandon,1610612748,MIA,Miami Heat,0040500111,2006-04-22T00:00:00,MIA vs. CHI,W,12.82,0,1,0.0,0,0,0.0,2,2,1.0,1,0,1,0,0,0,0,0,1,1,2,12,3.2,0,0,3.0,1,1,1,1,1302,1368,1422,1368,587,938,587,530,647,1,478,1386,1241,1087,1060,742,500,1,248,926,1253,186,1451,151,4,1449,,12:49,1
2005-06,1922,Francisco Elson,Francisco,1610612743,DEN,Denver Nuggets,0040500161,2006-04-22T00:00:00,DEN @ LAC,L,15.1,0,0,0.0,0,0,0.0,0,0,0.0,0,3,3,0,1,0,0,0,2,1,0,-7,2.6,0,0,3.0,1,851,851,851,1232,1368,1565,1368,587,938,587,990,1042,990,896,615,832,1087,614,742,500,1,542,926,1439,1313,1491,151,4,1449,,15:06,1
2005-06,958,Vitaly Potapenko,Vitaly,1610612758,SAC,Sacramento Kings,0040500141,2006-04-22T00:00:00,SAC @ SAS,L,3.6666666666666665,1,2,0.5,0,0,0.0,0,0,0.0,0,0,0,0,0,0,0,0,0,0,2,0,2.0,0,0,2.0,1,851,851,851,1572,1118,1280,488,587,938,587,990,1042,990,896,1386,1473,1087,1060,742,500,1,1,1252,1253,762,1516,151,4,1498,,3:40,1
2005-06,1800,Damon Jones,Damon,1610612739,CLE,Cleveland Cavaliers,0040500131,2006-04-22T00:00:00,CLE vs. WAS,W,3.2,0,0,0.0,0,0,0.0,0,0,0.0,0,0,0,1,0,0,0,0,0,0,0,4,1.5,0,0,1.0,1,1,1,1,1585,1368,1565,1368,587,938,587,990,1042,990,896,1386,1473,731,1060,742,500,1,1,1252,1439,504,1539,151,4,1557,,3:12,1
2005-06,2873,Billy Thomas,Billy,1610612764,WAS,Washington Wizards,0040500131,2006-04-22T00:00:00,WAS @ CLE,L,8.406666666666666,0,5,0.0,0,3,0.0,0,0,0.0,0,1,1,0,0,0,0,0,1,0,0,3,1.2,0,0,1.0,1,851,851,851,1430,1368,962,1368,587,362,587,990,1042,990,896,1103,1241,1087,1060,742,500,1,248,1252,1439,567,1554,151,4,1557,,8:24,1
2005-06,2624,Quinton Ross,Quinton,1610612746,LAC,Los Angeles Clippers,0040500161,2006-04-22T00:00:00,LAC vs. DEN,W,24.626666666666665,0,2,0.0,0,0,0.0,0,0,0.0,0,0,0,1,2,0,0,1,2,0,0,2,-0.5,0,0,1.0,1,1,1,1,939,1368,1280,1368,587,938,587,990,1042,990,896,1386,1473,731,358,742,500,1178,542,1252,1439,625,1706,151,4,1557,,24:38,1
2005-06,101179,Ronnie Price,Ronnie,1610612758,SAC,Sacramento Kings,0040500141,2006-04-22T00:00:00,SAC @ SAS,L,3.6666666666666665,0,1,0.0,0,0,0.0,0,0,0.0,0,0,0,0,0,0,0,0,0,0,0,0,0.0,0,0,0.0,1,851,851,851,1572,1368,1422,1368,587,938,587,990,1042,990,896,1386,1473,1087,1060,742,500,1,1,1252,1439,762,1605,151,4,1610,,3:40,1
2005-06,1956,Ira Newble,Ira,1610612739,CLE,Cleveland Cavaliers,0040500131,2006-04-22T00:00:00,CLE vs. WAS,W,0.005,0,0,0.0,0,0,0.0,0,0,0.0,0,0,0,0,0,0,0,0,0,0,0,0,0.0,0,0,0.0,1,1,1,1,1719,1368,1565,1368,587,938,587,990,1042,990,896,1386,1473,1087,1060,742,500,1,1,1252,1439,762,1605,151,4,1610,,0:00,1
2005-06,970,Othella Harrington,Othella,1610612741,CHI,Chicago Bulls,0040500111,2006-04-22T00:00:00,CHI @ MIA,L,3.385,0,1,0.0,0,0,0.0,0,0,0.0,0,0,0,0,0,0,0,0,1,0,0,-4,0.0,0,0,0.0,1,851,851,851,1579,1368,1422,1368,587,938,587,990,1042,990,896,1386,1473,1087,1060,742,500,1,248,1252,1439,1108,1605,151,4,1610,,3:23,1
2005-06,1913,Michael Ruffin,Michael,1610612764,WAS,Washington Wizards,0040500131,2006-04-22T00:00:00,WAS @ CLE,L,3.0,0,0,0.0,0,0,0.0,0,0,0.0,0,0,0,0,0,0,0,0,1,0,0,-4,0.0,0,0,0.0,1,851,851,851,1590,1368,1565,1368,587,938,587,990,1042,990,896,1386,1473,1087,1060,742,500,1,248,1252,1439,1108,1605,151,4,1610,,3:00,1
