SEASON_YEAR,PLAYER_ID,PLAYER_NAME,NICKNAME,TEAM_ID,TEAM_ABBREVIATION,TEAM_NAME,GAME_ID,GAME_DATE,MATCHUP,WL,MIN,FGM,FGA,FG_PCT,FG3M,FG3A,FG3_PCT,FTM,FTA,FT_PCT,OREB,DREB,REB,AST,TOV,STL,BLK,BLKA,PF,PFD,PTS,PLUS_MINUS,NBA_FANTASY_PTS,DD2,TD3,WNBA_FANTASY_PTS,GP_RANK,W_RANK,L_RANK,W_PCT_RANK,MIN_RANK,FGM_RANK,FGA_RANK,FG_PCT_RANK,FG3M_RANK,FG3A_RANK,FG3_PCT_RANK,FTM_RANK,FTA_RANK,FT_PCT_RANK,OREB_RANK,DREB_RANK,REB_RANK,AST_RANK,TOV_RANK,STL_RANK,BLK_RANK,BLKA_RANK,PF_RANK,PFD_RANK,PTS_RANK,PLUS_MINUS_RANK,NBA_FANTASY_PTS_RANK,DD2_RANK,TD3_RANK,WNBA_FANTASY_PTS_RANK,AVAILABLE_FLAG,MIN_SEC,TEAM_COUNT
2008-09,977,Kobe Bryant,Kobe,1610612747,LAL,Los Angeles Lakers,0040800405,2009-06-14T00:00:00,LAL @ ORL,W,43.3,10,23,0.435,2,5,0.4,8,8,1.0,0,6,6,5,1,2,4,0,2,7,30,14,61.7,0,0,55.0,1,1,1,1,103,65,35,806,139,159,374,68,118,1,848,203,351,142,569,89,11,1,667,81,58,192,18,145,5,25,,43:18,1
2008-09,2200,Pau Gasol,Pau,1610612747,LAL,Los Angeles Lakers,0040800405,2009-06-14T00:00:00,LAL @ ORL,W,42.15,6,9,0.667,0,0,0.0,2,4,0.5,4,11,15,3,1,0,4,0,2,4,14,15,47.5,1,0,40.0,1,1,1,1,143,285,571,194,635,979,635,481,355,723,56,35,23,317,569,778,11,1,667,291,416,174,99,1,5,142,,42:09,1
2008-09,1740,Rashard Lewis,Rashard,1610612753,ORL,Orlando Magic,0040800405,2009-06-14T00:00:00,ORL vs. LAL,L,44.53333333333333,6,19,0.316,3,12,0.25,3,5,0.6,1,9,10,4,2,1,0,2,3,3,18,-14,37.0,1,0,37.0,1,868,868,868,67,285,91,1151,59,2,524,367,294,694,423,68,104,208,289,300,505,1565,1025,409,265,1552,245,1,5,187,,44:32,1
2008-09,1885,Lamar Odom,Lamar,1610612747,LAL,Los Angeles Lakers,0040800405,2009-06-14T00:00:00,LAL @ ORL,W,31.731666666666666,5,12,0.417,3,3,1.0,4,5,0.8,3,7,10,0,3,1,0,2,4,3,17,16,29.0,1,0,32.0,1,1,1,1,602,396,364,841,59,391,1,259,294,487,106,140,104,1072,132,300,505,1565,1326,409,291,154,432,1,5,310,,31:44,1
2008-09,2730,Dwight Howard,Dwight,1610612753,ORL,Orlando Magic,0040800405,2009-06-14T00:00:00,ORL vs. LAL,L,39.2,5,9,0.556,0,0,0.0,1,3,0.333,2,8,10,1,3,1,3,0,5,6,11,-14,33.5,1,0,30.0,1,868,868,868,292,396,571,427,635,979,635,748,510,902,220,90,104,729,132,300,30,1,1564,131,612,1552,320,1,5,359,,39:12,1
2008-09,2772,Trevor Ariza,Trevor,1610612747,LAL,Los Angeles Lakers,0040800405,2009-06-14T00:00:00,LAL @ ORL,W,41.483333333333334,5,12,0.417,2,5,0.4,3,6,0.5,1,4,5,1,3,2,0,1,3,4,15,12,25.5,0,0,27.0,1,1,1,1,172,396,364,841,139,159,374,367,202,723,423,403,442,729,132,89,505,1168,1025,291,367,231,524,145,5,435,,41:29,1
2008-09,1747,Rafer Alston,Rafer,1610612753,ORL,Orlando Magic,0040800405,2009-06-14T00:00:00,ORL vs. LAL,L,33.0,5,15,0.333,1,6,0.167,1,2,0.5,1,4,5,3,3,2,0,2,5,3,12,-16,25.5,0,0,25.0,1,868,868,868,538,396,198,1037,300,97,607,748,591,723,423,403,442,317,132,89,505,1565,1564,409,532,1591,524,145,5,496,,33:00,1
2008-09,2045,Hedo Turkoglu,Hedo,1610612753,ORL,Orlando Magic,0040800405,2009-06-14T00:00:00,ORL vs. LAL,L,42.08833333333333,4,8,0.5,1,1,1.0,3,4,0.75,0,2,2,3,2,1,0,2,5,3,12,-11,19.9,0,0,20.0,1,868,868,868,145,552,660,492,300,730,1,367,355,532,848,788,973,317,289,300,505,1565,1564,409,532,1461,717,145,5,666,,42:05,1
2008-09,965,Derek Fisher,Derek,1610612747,LAL,Los Angeles Lakers,0040800405,2009-06-14T00:00:00,LAL @ ORL,W,31.983333333333334,4,7,0.571,1,1,1.0,4,4,1.0,0,4,4,2,1,0,0,0,4,3,13,16,19.8,0,0,20.0,1,1,1,1,593,552,764,394,300,730,1,259,355,1,848,403,588,488,569,778,505,1,1326,409,470,154,722,145,5,666,,31:59,1
2008-09,201584,Courtney Lee,Courtney,1610612753,ORL,Orlando Magic,0040800405,2009-06-14T00:00:00,ORL vs. LAL,L,26.316666666666666,5,11,0.455,0,2,0.0,2,2,1.0,1,3,4,1,0,1,0,0,3,1,12,-6,21.3,0,0,19.0,1,868,868,868,808,396,430,744,635,538,635,481,591,1,423,569,588,729,1046,300,505,1,1025,835,532,1235,669,145,5,709,,26:19,1
2008-09,101115,Andrew Bynum,Andrew,1610612747,LAL,Los Angeles Lakers,0040800405,2009-06-14T00:00:00,LAL @ ORL,W,16.9,3,11,0.273,0,0,0.0,0,1,0.0,4,1,5,0,1,1,0,0,5,1,6,-6,14.0,0,0,13.0,1,1,1,1,1127,708,430,1212,635,979,635,930,920,930,56,1051,442,1072,569,300,505,1,1564,835,918,1235,965,145,5,940,,16:54,1
2008-09,200755,JJ Redick,JJ,1610612753,ORL,Orlando Magic,0040800405,2009-06-14T00:00:00,ORL vs. LAL,L,13.266666666666667,3,3,1.0,2,2,1.0,0,0,0.0,0,0,0,3,1,0,0,0,1,0,8,5,11.5,0,0,13.0,1,868,868,868,1261,708,1176,1,139,538,1,930,991,930,848,1379,1447,317,569,778,505,1,310,1205,776,477,1082,145,5,940,,13:16,1
2008-09,2749,Jameer Nelson,Jameer,1610612753,ORL,Orlando Magic,0040800405,2009-06-14T00:00:00,ORL vs. LAL,L,12.616666666666667,2,7,0.286,1,3,0.333,0,0,0.0,0,2,2,4,1,0,0,0,0,0,5,2,12.4,0,0,12.0,1,868,868,868,1285,875,764,1183,300,391,422,930,991,930,848,788,973,208,569,778,505,1,1,1205,1003,653,1029,145,5,1002,,12:37,1
2008-09,2575,Luke Walton,Luke,1610612747,LAL,Los Angeles Lakers,0040800405,2009-06-14T00:00:00,LAL @ ORL,W,14.118333333333334,1,2,0.5,0,1,0.0,0,0,0.0,1,1,2,1,0,0,0,0,0,1,2,1,5.9,0,0,5.0,1,1,1,1,1225,1119,1295,492,635,730,635,930,991,930,423,1051,973,729,1046,778,505,1,1,835,1253,703,1322,145,5,1326,,14:07,1
2008-09,2554,Mickael Pietrus,Mickael,1610612753,ORL,Orlando Magic,0040800405,2009-06-14T00:00:00,ORL vs. LAL,L,16.711666666666666,2,5,0.4,0,1,0.0,0,0,0.0,0,1,1,0,0,0,0,1,0,0,4,-13,5.2,0,0,5.0,1,868,868,868,1133,875,946,867,635,730,635,930,991,930,848,1051,1206,1072,1046,778,505,1168,1,1205,1077,1527,1356,145,5,1326,,16:43,1
2008-09,101162,Marcin Gortat,Marcin,1610612753,ORL,Orlando Magic,0040800405,2009-06-14T00:00:00,ORL vs. LAL,L,8.8,2,4,0.5,0,0,0.0,0,0,0.0,0,0,0,0,0,0,0,1,0,3,4,1,4.0,0,0,4.0,1,868,868,868,1398,875,1064,492,635,979,635,930,991,930,848,1379,1447,1072,1046,778,505,1168,1,409,1077,703,1425,145,5,1395,,8:48,1
2008-09,1499,Tony Battie,Tony,1610612753,ORL,Orlando Magic,0040800405,2009-06-14T00:00:00,ORL vs. LAL,L,3.466666666666667,0,1,0.0,0,0,0.0,0,0,0.0,1,1,2,1,0,0,0,0,1,1,0,1,3.9,0,0,3.0,1,868,868,868,1590,1397,1432,1397,635,979,635,930,991,930,423,1051,973,729,1046,778,505,1,310,835,1447,703,1430,145,5,1443,,3:28,1
2008-09,200770,Jordan Farmar,Jordan,1610612747,LAL,Los Angeles Lakers,0040800405,2009-06-14T00:00:00,LAL @ ORL,W,13.633333333333333,1,3,0.333,0,1,0.0,0,0,0.0,0,0,0,1,0,0,0,0,0,0,2,-2,3.5,0,0,3.0,1,1,1,1,1247,1119,1176,1037,635,730,635,930,991,930,848,1379,1447,729,1046,778,505,1,1,1205,1253,949,1443,145,5,1443,,13:38,1
2008-09,2756,Sasha Vujacic,Sasha,1610612747,LAL,Los Angeles Lakers,0040800405,2009-06-14T00:00:00,LAL @ ORL,W,4.7,0,1,0.0,0,0,0.0,0,0,0.0,0,0,0,0,0,0,0,0,0,0,0,-1,0.0,0,0,0.0,1,1,1,1,1530,1397,1432,1397,635,979,635,930,991,930,848,1379,1447,1072,1046,778,505,1,1,1205,1447,871,1610,145,5,1611,,4:42,1
2008-09,2730,Dwight Howard,Dwight,1610612753,ORL,Orlando Magic,0040800404,2009-06-11T00:00:00,ORL vs. LAL,L,48.75,5,12,0.417,0,0,0.0,6,14,0.429,6,15,21,2,7,0,9,0,4,12,16,-11,64.2,1,0,57.0,1,868,868,868,19,396,364,841,635,979,635,132,20,891,10,4,5,488,4,778,1,1,1326,6,334,1461,15,1,5,17,,48:45,1
2008-09,977,Kobe Bryant,Kobe,1610612747,LAL,Los Angeles Lakers,0040800404,2009-06-11T00:00:00,LAL @ ORL,W,48.86666666666667,11,31,0.355,2,6,0.333,8,8,1.0,1,6,7,8,3,1,1,1,3,7,32,11,55.4,0,0,53.0,1,1,1,1,18,42,3,1028,139,97,422,68,118,1,423,203,272,38,132,300,189,1168,1025,81,41,260,46,145,5,35,,48:52,1
2008-09,2045,Hedo Turkoglu,Hedo,1610612753,ORL,Orlando Magic,0040800404,2009-06-11T00:00:00,ORL vs. LAL,L,40.968333333333334,8,13,0.615,1,3,0.333,8,13,0.615,0,5,5,3,1,1,0,0,4,8,25,-2,37.5,0,0,36.0,1,868,868,868,208,143,297,319,300,391,422,68,29,690,848,281,442,317,569,300,505,1,1326,56,108,949,231,145,5,206,,40:58,1
2008-09,2772,Trevor Ariza,Trevor,1610612747,LAL,Los Angeles Lakers,0040800404,2009-06-11T00:00:00,LAL @ ORL,W,43.53333333333333,6,14,0.429,3,4,0.75,1,2,0.5,3,6,9,2,1,2,0,3,3,2,16,15,34.8,0,0,34.0,1,1,1,1,93,285,245,810,59,253,96,748,591,723,106,203,149,488,569,89,505,1698,1025,597,334,174,301,145,5,263,,43:32,1
2008-09,2200,Pau Gasol,Pau,1610612747,LAL,Los Angeles Lakers,0040800404,2009-06-11T00:00:00,LAL @ ORL,W,49.266666666666666,7,14,0.5,0,0,0.0,2,4,0.5,2,8,10,1,1,1,0,3,4,5,16,9,31.5,1,0,29.0,1,1,1,1,15,199,245,492,635,979,635,481,355,723,220,90,104,729,569,300,505,1698,1326,197,334,328,379,1,5,384,,49:16,1
2008-09,965,Derek Fisher,Derek,1610612747,LAL,Los Angeles Lakers,0040800404,2009-06-11T00:00:00,LAL @ ORL,W,42.266666666666666,5,11,0.455,2,7,0.286,0,0,0.0,1,3,4,1,0,2,0,1,5,2,12,15,24.3,0,0,23.0,1,1,1,1,137,396,430,744,139,57,515,930,991,930,423,569,588,729,1046,89,505,1168,1564,597,532,174,566,145,5,561,,42:16,1
2008-09,1740,Rashard Lewis,Rashard,1610612753,ORL,Orlando Magic,0040800404,2009-06-11T00:00:00,ORL vs. LAL,L,45.53333333333333,2,10,0.2,2,6,0.333,0,0,0.0,0,7,7,4,3,2,0,0,2,0,6,-13,23.4,0,0,23.0,1,868,868,868,44,875,492,1308,139,97,422,930,991,930,848,140,272,208,132,89,505,1,667,1205,918,1527,606,145,5,561,,45:32,1
2008-09,1885,Lamar Odom,Lamar,1610612747,LAL,Los Angeles Lakers,0040800404,2009-06-11T00:00:00,LAL @ ORL,W,27.6,4,10,0.4,1,2,0.5,0,0,0.0,2,3,5,1,0,1,0,2,5,0,9,5,19.5,0,0,18.0,1,1,1,1,753,552,492,867,300,538,176,930,991,930,220,569,442,729,1046,300,505,1565,1564,1205,726,477,737,145,5,750,,27:36,1
2008-09,2554,Mickael Pietrus,Mickael,1610612753,ORL,Orlando Magic,0040800404,2009-06-11T00:00:00,ORL vs. LAL,L,36.6,4,8,0.5,1,2,0.5,6,7,0.857,0,2,2,0,1,0,0,1,3,6,15,-3,16.4,0,0,18.0,1,868,868,868,411,552,660,492,300,538,176,132,167,425,848,788,973,1072,569,778,505,1168,1025,131,367,1039,858,145,5,750,,36:36,1
2008-09,1747,Rafer Alston,Rafer,1610612753,ORL,Orlando Magic,0040800404,2009-06-11T00:00:00,ORL vs. LAL,L,27.216666666666665,5,13,0.385,1,4,0.25,0,0,0.0,0,1,1,2,1,1,0,1,2,1,11,-9,17.2,0,0,17.0,1,868,868,868,772,396,297,956,300,253,524,930,991,930,848,1051,1206,488,569,300,505,1168,667,835,612,1389,821,145,5,789,,27:13,1
2008-09,200755,JJ Redick,JJ,1610612753,ORL,Orlando Magic,0040800404,2009-06-11T00:00:00,ORL vs. LAL,L,17.098333333333333,2,6,0.333,1,2,0.5,1,1,1.0,0,0,0,3,0,0,0,0,0,0,6,-4,10.5,0,0,10.0,1,868,868,868,1119,875,846,1037,300,538,176,748,920,1,848,1379,1447,317,1046,778,505,1,1,1205,918,1113,1123,145,5,1103,,17:06,1
2008-09,2749,Jameer Nelson,Jameer,1610612753,ORL,Orlando Magic,0040800404,2009-06-11T00:00:00,ORL vs. LAL,L,25.783333333333335,1,3,0.333,0,0,0.0,0,0,0.0,1,2,3,3,1,0,0,0,2,0,2,1,9.1,0,0,8.0,1,868,868,868,825,1119,1176,1037,635,979,635,930,991,930,423,788,748,317,569,778,505,1,667,1205,1253,703,1172,145,5,1186,,25:47,1
2008-09,101115,Andrew Bynum,Andrew,1610612747,LAL,Los Angeles Lakers,0040800404,2009-06-11T00:00:00,LAL @ ORL,W,15.666666666666666,2,3,0.667,0,0,0.0,2,2,1.0,1,1,2,0,0,0,0,0,5,1,6,8,8.4,0,0,8.0,1,1,1,1,1173,875,1176,194,635,979,635,481,591,1,423,1051,973,1072,1046,778,505,1,1564,835,918,362,1200,145,5,1186,,15:40,1
2008-09,101162,Marcin Gortat,Marcin,1610612753,ORL,Orlando Magic,0040800404,2009-06-11T00:00:00,ORL vs. LAL,L,4.25,2,2,1.0,0,0,0.0,0,0,0.0,0,2,2,0,1,0,1,0,0,0,4,3,8.4,0,0,8.0,1,868,868,868,1547,875,1295,1,635,979,635,930,991,930,848,788,973,1072,569,778,189,1,1,1205,1077,588,1200,145,5,1186,,4:15,1
2008-09,2575,Luke Walton,Luke,1610612747,LAL,Los Angeles Lakers,0040800404,2009-06-11T00:00:00,LAL @ ORL,W,11.133333333333333,2,2,1.0,0,0,0.0,2,4,0.5,0,2,2,0,0,0,0,0,0,3,6,-6,8.4,0,0,8.0,1,1,1,1,1336,875,1295,1,635,979,635,481,355,723,848,788,973,1072,1046,778,505,1,1,409,918,1235,1200,145,5,1186,,11:08,1
2008-09,201584,Courtney Lee,Courtney,1610612753,ORL,Orlando Magic,0040800404,2009-06-11T00:00:00,ORL vs. LAL,L,7.133333333333334,1,4,0.25,1,4,0.25,1,2,0.5,0,0,0,0,1,0,0,0,2,1,4,-9,3.0,0,0,5.0,1,868,868,868,1447,1119,1064,1224,300,253,524,748,591,723,848,1379,1447,1072,569,778,505,1,667,835,1077,1389,1474,145,5,1326,,7:08,1
2008-09,2694,Josh Powell,Josh,1610612747,LAL,Los Angeles Lakers,0040800404,2009-06-11T00:00:00,LAL @ ORL,W,8.066666666666666,1,2,0.5,0,0,0.0,0,0,0.0,0,0,0,1,2,0,0,0,2,0,2,-6,1.5,0,0,3.0,1,1,1,1,1425,1119,1295,492,635,979,635,930,991,930,848,1379,1447,729,289,778,505,1,667,1205,1253,1235,1550,145,5,1443,,8:04,1
2008-09,2788,DJ Mbenga,DJ,1610612747,LAL,Los Angeles Lakers,0040800404,2009-06-11T00:00:00,LAL @ ORL,W,3.7333333333333334,0,0,0.0,0,0,0.0,0,0,0.0,0,0,0,0,0,0,1,0,0,0,0,-1,3.0,0,0,2.0,1,1,1,1,1574,1397,1595,1397,635,979,635,930,991,930,848,1379,1447,1072,1046,778,189,1,1,1205,1447,871,1474,145,5,1494,,3:44,1
2008-09,200770,Jordan Farmar,Jordan,1610612747,LAL,Los Angeles Lakers,0040800404,2009-06-11T00:00:00,LAL @ ORL,W,9.1,0,2,0.0,0,2,0.0,0,0,0.0,0,0,0,0,0,1,0,0,1,1,0,-3,3.0,0,0,2.0,1,1,1,1,1388,1397,1295,1397,635,538,635,930,991,930,848,1379,1447,1072,1046,300,505,1,310,835,1447,1039,1474,145,5,1494,,9:06,1
2008-09,1499,Tony Battie,Tony,1610612753,ORL,Orlando Magic,0040800404,2009-06-11T00:00:00,ORL vs. LAL,L,11.666666666666666,1,3,0.333,0,0,0.0,0,0,0.0,0,0,0,0,1,0,0,0,2,0,2,7,1.0,0,0,2.0,1,868,868,868,1314,1119,1176,1037,635,979,635,930,991,930,848,1379,1447,1072,569,778,505,1,667,1205,1253,402,1586,145,5,1494,,11:40,1
2008-09,2756,Sasha Vujacic,Sasha,1610612747,LAL,Los Angeles Lakers,0040800404,2009-06-11T00:00:00,LAL @ ORL,W,4.133333333333334,0,2,0.0,0,2,0.0,0,0,0.0,0,0,0,1,0,0,0,0,0,0,0,-3,1.5,0,0,1.0,1,1,1,1,1555,1397,1295,1397,635,538,635,930,991,930,848,1379,1447,729,1046,778,505,1,1,1205,1447,1039,1550,145,5,1565,,4:08,1
2008-09,200769,Shannon Brown,Shannon,1610612747,LAL,Los Angeles Lakers,0040800404,2009-06-11T00:00:00,LAL @ ORL,W,1.6333333333333333,0,0,0.0,0,0,0.0,0,0,0.0,0,0,0,0,0,0,0,0,0,0,0,-4,0.0,0,0,0.0,1,1,1,1,1676,1397,1595,1397,635,979,635,930,991,930,848,1379,1447,1072,1046,778,505,1,1,1205,1447,1113,1610,145,5,1611,,1:38,1
2008-09,977,Kobe Bryant,Kobe,1610612747,LAL,Los Angeles Lakers,0040800403,2009-06-09T00:00:00,LAL @ ORL,L,40.266666666666666,11,25,0.44,4,9,0.444,5,10,0.5,1,2,3,8,4,0,0,2,5,6,31,-3,42.6,0,0,46.0,1,868,868,868,242,42,18,798,24,23,354,182,68,723,423,788,748,38,53,778,505,1565,1564,131,48,1039,144,145,5,84,,40:16,1
2008-09,2730,Dwight Howard,Dwight,1610612753,ORL,Orlando Magic,0040800403,2009-06-09T00:00:00,ORL vs. LAL,W,43.083333333333336,5,6,0.833,0,0,0.0,11,16,0.688,2,12,14,2,1,1,2,0,4,10,21,5,48.8,1,0,43.0,1,1,1,1,112,396,846,115,635,979,635,28,11,611,220,18,34,488,569,300,71,1,1326,20,183,477,88,1,5,108,,43:05,1
2008-09,2045,Hedo Turkoglu,Hedo,1610612753,ORL,Orlando Magic,0040800403,2009-06-09T00:00:00,ORL vs. LAL,W,42.233333333333334,7,12,0.583,1,3,0.333,3,4,0.75,1,5,6,7,1,1,0,1,3,4,18,2,37.7,0,0,34.0,1,1,1,1,139,199,364,378,300,391,422,367,355,532,423,281,351,63,569,300,505,1168,1025,291,265,653,222,145,5,263,,42:14,1
2008-09,1740,Rashard Lewis,Rashard,1610612753,ORL,Orlando Magic,0040800403,2009-06-09T00:00:00,ORL vs. LAL,W,41.483333333333334,8,14,0.571,3,6,0.5,2,2,1.0,1,4,5,5,3,0,0,1,4,3,21,5,31.5,0,0,34.0,1,1,1,1,172,143,245,394,59,97,176,481,591,1,423,403,442,142,132,778,505,1168,1326,409,183,477,379,145,5,263,,41:29,1
2008-09,2200,Pau Gasol,Pau,1610612747,LAL,Los Angeles Lakers,0040800403,2009-06-09T00:00:00,LAL @ ORL,L,39.78333333333333,9,11,0.818,0,0,0.0,5,6,0.833,1,2,3,1,1,1,2,0,3,5,23,1,36.1,0,0,33.0,1,868,868,868,269,97,430,121,635,979,635,182,202,442,423,788,748,729,569,300,71,1,1025,197,146,703,271,145,5,282,,39:47,1
2008-09,2554,Mickael Pietrus,Mickael,1610612753,ORL,Orlando Magic,0040800403,2009-06-09T00:00:00,ORL vs. LAL,W,31.183333333333334,7,11,0.636,0,3,0.0,4,4,1.0,1,1,2,2,1,3,0,0,3,2,18,3,31.4,0,0,28.0,1,1,1,1,629,199,430,281,635,391,635,259,355,1,423,1051,973,488,569,31,505,1,1025,597,265,588,386,145,5,407,,31:11,1
2008-09,2772,Trevor Ariza,Trevor,1610612747,LAL,Los Angeles Lakers,0040800403,2009-06-09T00:00:00,LAL @ ORL,L,41.516666666666666,5,13,0.385,2,7,0.286,1,2,0.5,3,4,7,1,1,2,0,0,4,3,13,-1,27.9,0,0,27.0,1,868,868,868,171,396,297,956,139,57,515,748,591,723,106,403,272,729,569,89,505,1,1326,409,470,871,457,145,5,435,,41:31,1
2008-09,1747,Rafer Alston,Rafer,1610612753,ORL,Orlando Magic,0040800403,2009-06-09T00:00:00,ORL vs. LAL,W,36.733333333333334,8,12,0.667,1,1,1.0,3,4,0.75,0,2,2,4,3,0,0,0,1,2,20,0,25.4,0,0,27.0,1,1,1,1,405,143,364,194,300,730,1,367,355,532,848,788,973,208,132,778,505,1,310,597,212,769,531,145,5,435,,36:44,1
2008-09,1885,Lamar Odom,Lamar,1610612747,LAL,Los Angeles Lakers,0040800403,2009-06-09T00:00:00,LAL @ ORL,L,32.38333333333333,4,6,0.667,0,0,0.0,3,5,0.6,1,1,2,1,2,1,1,0,4,5,11,-6,18.9,0,0,18.0,1,868,868,868,570,552,846,194,635,979,635,367,294,694,423,1051,973,729,289,300,189,1,1326,197,612,1235,750,145,5,750,,32:23,1
2008-09,965,Derek Fisher,Derek,1610612747,LAL,Los Angeles Lakers,0040800403,2009-06-09T00:00:00,LAL @ ORL,L,32.05166666666667,4,9,0.444,1,4,0.25,0,0,0.0,1,2,3,2,0,1,0,0,2,0,9,-5,18.6,0,0,17.0,1,868,868,868,587,552,571,770,300,253,524,930,991,930,423,788,748,488,1046,300,505,1,667,1205,726,1171,761,145,5,789,,32:03,1
2008-09,200770,Jordan Farmar,Jordan,1610612747,LAL,Los Angeles Lakers,0040800403,2009-06-09T00:00:00,LAL @ ORL,L,15.948333333333334,4,6,0.667,1,3,0.333,2,2,1.0,1,2,3,0,2,0,0,0,1,1,11,1,12.6,0,0,15.0,1,868,868,868,1160,552,846,194,300,391,422,481,591,1,423,788,748,1072,289,778,505,1,310,835,612,703,1019,145,5,864,,15:57,1
2008-09,101115,Andrew Bynum,Andrew,1610612747,LAL,Los Angeles Lakers,0040800403,2009-06-09T00:00:00,LAL @ ORL,L,23.333333333333332,2,6,0.333,0,0,0.0,0,1,0.0,2,2,4,1,1,1,0,1,2,1,4,-3,12.3,0,0,11.0,1,868,868,868,901,875,846,1037,635,979,635,930,920,930,220,788,588,729,569,300,505,1168,667,835,1077,1039,1037,145,5,1061,,23:20,1
2008-09,1499,Tony Battie,Tony,1610612753,ORL,Orlando Magic,0040800403,2009-06-09T00:00:00,ORL vs. LAL,W,9.466666666666667,2,3,0.667,0,0,0.0,0,0,0.0,0,0,0,1,0,0,1,0,2,0,4,-1,8.5,0,0,7.0,1,1,1,1,1381,875,1176,194,635,979,635,930,991,930,848,1379,1447,729,1046,778,189,1,667,1205,1077,871,1195,145,5,1230,,9:28,1
2008-09,201584,Courtney Lee,Courtney,1610612753,ORL,Orlando Magic,0040800403,2009-06-09T00:00:00,ORL vs. LAL,W,19.85,2,4,0.5,0,1,0.0,0,0,0.0,0,0,0,0,1,1,0,0,3,1,4,3,6.0,0,0,6.0,1,1,1,1,1015,875,1064,492,635,730,635,930,991,930,848,1379,1447,1072,569,300,505,1,1025,835,1077,588,1312,145,5,1274,,19:51,1
2008-09,2575,Luke Walton,Luke,1610612747,LAL,Los Angeles Lakers,0040800403,2009-06-09T00:00:00,LAL @ ORL,L,11.266666666666667,1,1,1.0,0,0,0.0,0,0,0.0,1,1,2,2,2,0,0,0,3,0,2,-4,5.4,0,0,6.0,1,868,868,868,1332,1119,1432,1,635,979,635,930,991,930,423,1051,973,488,289,778,505,1,1025,1205,1253,1113,1344,145,5,1274,,11:16,1
2008-09,2749,Jameer Nelson,Jameer,1610612753,ORL,Orlando Magic,0040800403,2009-06-09T00:00:00,ORL vs. LAL,W,11.266666666666667,1,1,1.0,0,0,0.0,0,0,0.0,0,0,0,2,3,1,0,0,0,2,2,4,5.0,0,0,6.0,1,1,1,1,1332,1119,1432,1,635,979,635,930,991,930,848,1379,1447,488,132,300,505,1,1,597,1253,525,1368,145,5,1274,,11:16,1
2008-09,2788,DJ Mbenga,DJ,1610612747,LAL,Los Angeles Lakers,0040800403,2009-06-09T00:00:00,LAL @ ORL,L,0.2833333333333333,0,0,0.0,0,0,0.0,0,0,0.0,0,0,0,0,0,0,0,0,0,0,0,0,0.0,0,0,0.0,1,868,868,868,1730,1397,1595,1397,635,979,635,930,991,930,848,1379,1447,1072,1046,778,505,1,1,1205,1447,769,1610,145,5,1611,,0:17,1
2008-09,2756,Sasha Vujacic,Sasha,1610612747,LAL,Los Angeles Lakers,0040800403,2009-06-09T00:00:00,LAL @ ORL,L,3.1666666666666665,0,1,0.0,0,0,0.0,0,0,0.0,0,0,0,0,0,0,0,0,1,0,0,0,0.0,0,0,0.0,1,868,868,868,1607,1397,1432,1397,635,979,635,930,991,930,848,1379,1447,1072,1046,778,505,1,310,1205,1447,769,1610,145,5,1611,,3:10,1
2008-09,101162,Marcin Gortat,Marcin,1610612753,ORL,Orlando Magic,0040800403,2009-06-09T00:00:00,ORL vs. LAL,W,4.7,0,1,0.0,0,0,0.0,0,0,0.0,0,0,0,0,0,0,0,1,1,1,0,-1,0.0,0,0,0.0,1,1,1,1,1530,1397,1432,1397,635,979,635,930,991,930,848,1379,1447,1072,1046,778,505,1168,310,835,1447,871,1610,145,5,1611,,4:42,1
2008-09,1740,Rashard Lewis,Rashard,1610612753,ORL,Orlando Magic,0040800402,2009-06-07T00:00:00,ORL @ LAL,L,45.315,12,21,0.571,6,12,0.5,4,4,1.0,5,6,11,7,2,1,0,1,2,5,34,-6,58.7,1,0,60.0,1,868,868,868,47,25,55,394,3,2,176,259,355,1,22,203,83,63,289,300,505,1168,667,197,31,1235,32,1,5,13,,45:19,1
2008-09,2730,Dwight Howard,Dwight,1610612753,ORL,Orlando Magic,0040800402,2009-06-07T00:00:00,ORL @ LAL,L,47.17333333333333,5,10,0.5,0,0,0.0,7,9,0.778,3,13,16,4,7,4,4,3,4,8,17,1,59.2,1,0,53.0,1,868,868,868,24,396,492,492,635,979,635,92,86,519,106,11,16,208,4,9,11,1698,1326,56,291,703,29,1,5,35,,47:10,1
2008-09,977,Kobe Bryant,Kobe,1610612747,LAL,Los Angeles Lakers,0040800402,2009-06-07T00:00:00,LAL vs. ORL,W,48.5,10,22,0.455,1,4,0.25,8,10,0.8,0,4,4,8,7,2,0,1,2,7,29,2,44.8,0,0,46.0,1,1,1,1,21,65,44,744,300,253,524,68,68,487,848,403,588,38,4,89,505,1168,667,81,65,653,119,145,5,84,,48:30,1
2008-09,2200,Pau Gasol,Pau,1610612747,LAL,Los Angeles Lakers,0040800402,2009-06-07T00:00:00,LAL vs. ORL,W,43.88333333333333,7,14,0.5,0,0,0.0,10,11,0.909,0,10,10,3,0,2,1,2,3,7,24,0,49.5,1,0,43.0,1,1,1,1,81,199,245,492,635,979,635,39,61,393,848,50,104,317,1046,89,189,1565,1025,81,124,769,83,1,5,108,,43:53,1
2008-09,1885,Lamar Odom,Lamar,1610612747,LAL,Los Angeles Lakers,0040800402,2009-06-07T00:00:00,LAL vs. ORL,W,45.71666666666667,8,9,0.889,0,0,0.0,3,4,0.75,2,6,8,2,2,1,3,0,5,2,19,10,41.6,0,0,37.0,1,1,1,1,40,143,571,104,635,979,635,367,355,532,220,203,198,488,289,300,30,1,1564,597,236,293,160,145,5,187,,45:43,1
2008-09,2045,Hedo Turkoglu,Hedo,1610612753,ORL,Orlando Magic,0040800402,2009-06-07T00:00:00,ORL @ LAL,L,47.28333333333333,8,17,0.471,3,6,0.5,3,4,0.75,0,6,6,4,5,0,1,0,5,5,22,0,33.2,0,0,37.0,1,868,868,868,23,143,130,711,59,97,176,367,355,532,848,203,351,208,21,778,189,1,1564,197,165,769,331,145,5,187,,47:17,1
2008-09,2772,Trevor Ariza,Trevor,1610612747,LAL,Los Angeles Lakers,0040800402,2009-06-07T00:00:00,LAL vs. ORL,W,37.68333333333333,3,13,0.231,2,6,0.333,0,0,0.0,1,6,7,2,0,3,0,2,3,2,8,2,28.4,0,0,25.0,1,1,1,1,370,708,297,1288,139,97,422,930,991,930,423,203,272,488,1046,31,505,1565,1025,597,776,653,443,145,5,496,,37:41,1
2008-09,965,Derek Fisher,Derek,1610612747,LAL,Los Angeles Lakers,0040800402,2009-06-07T00:00:00,LAL vs. ORL,W,41.07333333333333,4,9,0.444,2,3,0.667,2,2,1.0,0,1,1,3,2,3,0,0,2,4,12,5,24.7,0,0,24.0,1,1,1,1,203,552,571,770,139,391,116,481,591,1,848,1051,1206,317,289,31,505,1,667,291,532,477,551,145,5,523,,41:04,1
2008-09,101115,Andrew Bynum,Andrew,1610612747,LAL,Los Angeles Lakers,0040800402,2009-06-07T00:00:00,LAL vs. ORL,W,16.4,2,5,0.4,0,0,0.0,1,1,1.0,0,1,1,2,1,0,2,1,5,1,5,0,14.2,0,0,12.0,1,1,1,1,1147,875,946,867,635,979,635,748,920,1,848,1051,1206,488,569,778,71,1168,1564,835,1003,769,953,145,5,1002,,16:24,1
2008-09,1747,Rafer Alston,Rafer,1610612753,ORL,Orlando Magic,0040800402,2009-06-07T00:00:00,ORL @ LAL,L,25.966666666666665,1,8,0.125,0,4,0.0,2,2,1.0,0,1,1,5,1,0,0,1,1,1,4,-5,11.7,0,0,10.0,1,868,868,868,817,1119,660,1388,635,253,635,481,591,1,848,1051,1206,142,569,778,505,1168,310,835,1077,1171,1072,145,5,1103,,25:58,1
2008-09,200755,JJ Redick,JJ,1610612753,ORL,Orlando Magic,0040800402,2009-06-07T00:00:00,ORL @ LAL,L,27.1,2,9,0.222,1,6,0.167,0,0,0.0,1,1,2,1,1,0,0,1,3,1,5,-2,7.9,0,0,9.0,1,868,868,868,775,875,571,1293,300,97,607,930,991,930,423,1051,973,729,569,778,505,1168,1025,835,1003,949,1228,145,5,1144,,27:06,1
2008-09,200770,Jordan Farmar,Jordan,1610612747,LAL,Los Angeles Lakers,0040800402,2009-06-07T00:00:00,LAL vs. ORL,W,6.1433333333333335,2,5,0.4,0,1,0.0,0,0,0.0,1,0,1,0,0,1,0,0,1,0,4,0,8.2,0,0,7.0,1,1,1,1,1486,875,946,867,635,730,635,930,991,930,423,1379,1206,1072,1046,300,505,1,310,1205,1077,769,1212,145,5,1230,,6:09,1
2008-09,101162,Marcin Gortat,Marcin,1610612753,ORL,Orlando Magic,0040800402,2009-06-07T00:00:00,ORL @ LAL,L,15.483333333333333,1,4,0.25,0,0,0.0,2,4,0.5,1,2,3,0,2,0,0,0,1,2,4,-4,5.6,0,0,7.0,1,868,868,868,1179,1119,1064,1224,635,979,635,481,355,723,423,788,748,1072,289,778,505,1,310,597,1077,1113,1334,145,5,1230,,15:29,1
2008-09,2554,Mickael Pietrus,Mickael,1610612753,ORL,Orlando Magic,0040800402,2009-06-07T00:00:00,ORL @ LAL,L,23.166666666666668,1,3,0.333,0,1,0.0,0,0,0.0,0,2,2,0,1,0,1,0,6,1,2,-6,6.4,0,0,6.0,1,868,868,868,905,1119,1176,1037,635,730,635,930,991,930,848,788,973,1072,569,778,189,1,1699,835,1253,1235,1284,145,5,1274,,23:10,1
2008-09,2749,Jameer Nelson,Jameer,1610612753,ORL,Orlando Magic,0040800402,2009-06-07T00:00:00,ORL @ LAL,L,16.666666666666668,1,3,0.333,0,1,0.0,2,4,0.5,0,0,0,1,1,0,0,0,0,2,4,-1,4.5,0,0,5.0,1,868,868,868,1135,1119,1176,1037,635,730,635,481,355,723,848,1379,1447,729,569,778,505,1,1,597,1077,871,1394,145,5,1326,,16:40,1
2008-09,201584,Courtney Lee,Courtney,1610612753,ORL,Orlando Magic,0040800402,2009-06-07T00:00:00,ORL @ LAL,L,11.843333333333334,1,3,0.333,0,0,0.0,0,0,0.0,0,2,2,0,0,0,0,0,2,0,2,3,4.4,0,0,4.0,1,868,868,868,1309,1119,1176,1037,635,979,635,930,991,930,848,788,973,1072,1046,778,505,1,667,1205,1253,588,1403,145,5,1395,,11:51,1
2008-09,1499,Tony Battie,Tony,1610612753,ORL,Orlando Magic,0040800402,2009-06-07T00:00:00,ORL @ LAL,L,5.001666666666667,1,1,1.0,0,0,0.0,0,0,0.0,0,1,1,0,0,0,0,0,0,0,2,-5,3.2,0,0,3.0,1,868,868,868,1519,1119,1432,1,635,979,635,930,991,930,848,1051,1206,1072,1046,778,505,1,1,1205,1253,1171,1452,145,5,1443,,5:00,1
2008-09,2575,Luke Walton,Luke,1610612747,LAL,Los Angeles Lakers,0040800402,2009-06-07T00:00:00,LAL vs. ORL,W,15.273333333333333,0,0,0.0,0,0,0.0,0,0,0.0,0,2,2,0,0,0,0,0,3,0,0,3,2.4,0,0,2.0,1,1,1,1,1186,1397,1595,1397,635,979,635,930,991,930,848,788,973,1072,1046,778,505,1,1025,1205,1447,588,1511,145,5,1494,,15:16,1
2008-09,2756,Sasha Vujacic,Sasha,1610612747,LAL,Los Angeles Lakers,0040800402,2009-06-07T00:00:00,LAL vs. ORL,W,4.543333333333333,0,1,0.0,0,1,0.0,0,0,0.0,0,1,1,0,0,0,0,0,0,1,0,3,1.2,0,0,1.0,1,1,1,1,1534,1397,1432,1397,635,730,635,930,991,930,848,1051,1206,1072,1046,778,505,1,1,835,1447,588,1567,145,5,1565,,4:33,1
2008-09,200769,Shannon Brown,Shannon,1610612747,LAL,Los Angeles Lakers,0040800402,2009-06-07T00:00:00,LAL vs. ORL,W,5.783333333333333,0,0,0.0,0,0,0.0,0,0,0.0,0,0,0,0,0,0,0,0,1,0,0,0,0.0,0,0,0.0,1,1,1,1,1495,1397,1595,1397,635,979,635,930,991,930,848,1379,1447,1072,1046,778,505,1,310,1205,1447,769,1610,145,5,1611,,5:47,1
2008-09,977,Kobe Bryant,Kobe,1610612747,LAL,Los Angeles Lakers,0040800401,2009-06-04T00:00:00,LAL vs. ORL,W,37.96666666666667,16,34,0.471,0,1,0.0,8,8,1.0,1,7,8,8,1,2,2,0,1,9,40,25,72.6,0,0,64.0,1,1,1,1,356,4,1,711,635,730,635,68,118,1,423,140,198,38,569,89,71,1,310,30,13,43,4,145,5,9,,37:58,1
2008-09,2730,Dwight Howard,Dwight,1610612753,ORL,Orlando Magic,0040800401,2009-06-04T00:00:00,ORL @ LAL,L,34.96666666666667,1,6,0.167,0,0,0.0,10,16,0.625,5,10,15,2,2,2,2,0,3,11,12,-19,43.0,1,0,37.0,1,868,868,868,465,1119,846,1352,635,979,635,39,11,676,22,50,23,488,289,89,71,1,1025,12,532,1644,138,1,5,187,,34:58,1
2008-09,2200,Pau Gasol,Pau,1610612747,LAL,Los Angeles Lakers,0040800401,2009-06-04T00:00:00,LAL vs. ORL,W,37.3,7,12,0.583,0,0,0.0,2,2,1.0,3,5,8,3,2,0,2,1,3,3,16,14,34.1,0,0,31.0,1,1,1,1,383,199,364,378,635,979,635,481,591,1,106,281,198,317,289,778,71,1168,1025,409,334,192,314,145,5,328,,37:18,1
2008-09,1885,Lamar Odom,Lamar,1610612747,LAL,Los Angeles Lakers,0040800401,2009-06-04T00:00:00,LAL vs. ORL,W,31.65,5,11,0.455,0,3,0.0,1,2,0.5,2,12,14,0,2,1,1,1,3,4,11,21,31.8,1,0,29.0,1,1,1,1,607,396,430,744,635,391,635,748,591,723,220,18,34,1072,289,300,189,1168,1025,291,612,74,368,1,5,384,,31:39,1
2008-09,101162,Marcin Gortat,Marcin,1610612753,ORL,Orlando Magic,0040800401,2009-06-04T00:00:00,ORL @ LAL,L,20.1,2,4,0.5,0,0,0.0,0,0,0.0,1,7,8,0,0,2,4,1,3,0,4,-3,31.6,0,0,24.0,1,868,868,868,1007,875,1064,492,635,979,635,930,991,930,423,140,198,1072,1046,89,11,1168,1025,1205,1077,1039,375,145,5,523,,20:06,1
2008-09,2045,Hedo Turkoglu,Hedo,1610612753,ORL,Orlando Magic,0040800401,2009-06-04T00:00:00,ORL @ LAL,L,33.083333333333336,3,11,0.273,1,3,0.333,6,6,1.0,0,4,4,2,4,1,1,0,2,5,13,-20,22.8,0,0,24.0,1,868,868,868,536,708,430,1212,300,391,422,132,202,1,848,403,588,488,53,300,189,1,667,197,470,1654,624,145,5,523,,33:05,1
2008-09,101115,Andrew Bynum,Andrew,1610612747,LAL,Los Angeles Lakers,0040800401,2009-06-04T00:00:00,LAL vs. ORL,W,22.383333333333333,3,8,0.375,0,0,0.0,3,4,0.75,3,6,9,0,0,0,1,2,4,3,9,9,22.8,0,0,20.0,1,1,1,1,925,708,660,978,635,979,635,367,355,532,106,203,149,1072,1046,778,189,1565,1326,409,726,328,624,145,5,666,,22:23,1
2008-09,2554,Mickael Pietrus,Mickael,1610612753,ORL,Orlando Magic,0040800401,2009-06-04T00:00:00,ORL @ LAL,L,32.416666666666664,5,13,0.385,3,5,0.6,1,3,0.333,1,2,3,0,0,0,0,1,4,3,14,-23,17.6,0,0,20.0,1,868,868,868,564,396,297,956,59,159,151,748,510,902,423,788,748,1072,1046,778,505,1168,1326,409,416,1696,806,145,5,666,,32:25,1
2008-09,2575,Luke Walton,Luke,1610612747,LAL,Los Angeles Lakers,0040800401,2009-06-04T00:00:00,LAL vs. ORL,W,24.216666666666665,4,5,0.8,0,0,0.0,1,2,0.5,1,1,2,2,0,1,0,0,3,1,9,7,17.4,0,0,15.0,1,1,1,1,874,552,946,123,635,979,635,748,591,723,423,1051,973,488,1046,300,505,1,1025,835,726,402,814,145,5,864,,24:13,1
2008-09,1740,Rashard Lewis,Rashard,1610612753,ORL,Orlando Magic,0040800401,2009-06-04T00:00:00,ORL @ LAL,L,35.53333333333333,2,10,0.2,2,4,0.5,2,2,1.0,2,3,5,0,0,0,0,1,4,3,8,-26,14.0,0,0,15.0,1,868,868,868,442,875,492,1308,139,253,176,481,591,1,220,569,442,1072,1046,778,505,1168,1326,409,776,1717,965,145,5,864,,35:32,1
2008-09,965,Derek Fisher,Derek,1610612747,LAL,Los Angeles Lakers,0040800401,2009-06-04T00:00:00,LAL vs. ORL,W,32.0,4,6,0.667,1,1,1.0,0,0,0.0,1,2,3,1,0,0,0,0,3,0,9,22,14.1,0,0,14.0,1,1,1,1,592,552,846,194,300,730,1,930,991,930,423,788,748,729,1046,778,505,1,1025,1205,726,61,960,145,5,905,,32:00,1
2008-09,2749,Jameer Nelson,Jameer,1610612753,ORL,Orlando Magic,0040800401,2009-06-04T00:00:00,ORL @ LAL,L,23.466666666666665,3,9,0.333,0,2,0.0,0,0,0.0,0,2,2,4,1,0,0,2,1,0,6,-19,13.4,0,0,12.0,1,868,868,868,899,708,571,1037,635,538,635,930,991,930,848,788,973,208,569,778,505,1565,310,1205,918,1644,994,145,5,1002,,23:28,1
2008-09,1747,Rafer Alston,Rafer,1610612753,ORL,Orlando Magic,0040800401,2009-06-04T00:00:00,ORL @ LAL,L,24.533333333333335,2,9,0.222,0,4,0.0,2,2,1.0,0,2,2,1,0,1,0,1,1,1,6,-6,12.9,0,0,11.0,1,868,868,868,860,875,571,1293,635,253,635,481,591,1,848,788,973,729,1046,300,505,1168,310,835,918,1235,1013,145,5,1061,,24:32,1
2008-09,201584,Courtney Lee,Courtney,1610612753,ORL,Orlando Magic,0040800401,2009-06-04T00:00:00,ORL @ LAL,L,22.75,3,10,0.3,1,4,0.25,0,0,0.0,1,0,1,0,1,1,0,1,3,0,7,-7,10.2,0,0,11.0,1,868,868,868,916,708,492,1168,300,253,524,930,991,930,423,1379,1206,1072,569,300,505,1168,1025,1205,853,1305,1133,145,5,1061,,22:45,1
2008-09,2772,Trevor Ariza,Trevor,1610612747,LAL,Los Angeles Lakers,0040800401,2009-06-04T00:00:00,LAL vs. ORL,W,23.783333333333335,1,4,0.25,1,2,0.5,0,0,0.0,1,1,2,2,0,0,1,1,3,0,3,18,11.4,0,0,10.0,1,1,1,1,892,1119,1064,1224,300,538,176,930,991,930,423,1051,973,488,1046,778,189,1168,1025,1205,1188,118,1084,145,5,1103,,23:47,1
2008-09,2694,Josh Powell,Josh,1610612747,LAL,Los Angeles Lakers,0040800401,2009-06-04T00:00:00,LAL vs. ORL,W,2.8333333333333335,1,2,0.5,1,1,1.0,0,0,0.0,2,2,4,0,0,0,0,1,0,0,3,4,7.8,0,0,8.0,1,1,1,1,1629,1119,1295,492,300,730,1,930,991,930,220,788,588,1072,1046,778,505,1168,1,1205,1188,525,1230,145,5,1186,,2:50,1
2008-09,200755,JJ Redick,JJ,1610612753,ORL,Orlando Magic,0040800401,2009-06-04T00:00:00,ORL @ LAL,L,7.75,1,2,0.5,1,1,1.0,0,0,0.0,0,0,0,1,0,1,0,0,0,0,3,0,7.5,0,0,7.0,1,868,868,868,1436,1119,1295,492,300,730,1,930,991,930,848,1379,1447,729,1046,300,505,1,1,1205,1188,769,1242,145,5,1230,,7:45,1
2008-09,1499,Tony Battie,Tony,1610612753,ORL,Orlando Magic,0040800401,2009-06-04T00:00:00,ORL @ LAL,L,5.4,1,3,0.333,0,0,0.0,0,0,0.0,0,1,1,0,0,0,1,0,0,0,2,-2,6.2,0,0,5.0,1,868,868,868,1503,1119,1176,1037,635,979,635,930,991,930,848,1051,1206,1072,1046,778,189,1,1,1205,1253,949,1296,145,5,1326,,5:24,1
2008-09,200770,Jordan Farmar,Jordan,1610612747,LAL,Los Angeles Lakers,0040800401,2009-06-04T00:00:00,LAL vs. ORL,W,12.533333333333333,0,3,0.0,0,1,0.0,0,0,0.0,0,2,2,1,1,0,0,0,1,0,0,1,2.9,0,0,3.0,1,1,1,1,1288,1397,1176,1397,635,730,635,930,991,930,848,788,973,729,569,778,505,1,310,1205,1447,703,1497,145,5,1443,,12:32,1
2008-09,2756,Sasha Vujacic,Sasha,1610612747,LAL,Los Angeles Lakers,0040800401,2009-06-04T00:00:00,LAL vs. ORL,W,5.3,0,1,0.0,0,0,0.0,0,0,0.0,0,1,1,1,1,0,0,0,2,0,0,-1,1.7,0,0,2.0,1,1,1,1,1505,1397,1432,1397,635,979,635,930,991,930,848,1051,1206,729,569,778,505,1,667,1205,1447,871,1544,145,5,1494,,5:18,1
2008-09,200769,Shannon Brown,Shannon,1610612747,LAL,Los Angeles Lakers,0040800401,2009-06-04T00:00:00,LAL vs. ORL,W,8.2,0,2,0.0,0,0,0.0,0,0,0.0,1,0,1,0,0,0,0,1,0,1,0,3,1.2,0,0,1.0,1,1,1,1,1423,1397,1295,1397,635,979,635,930,991,930,423,1379,1206,1072,1046,778,505,1168,1,835,1447,588,1567,145,5,1565,,8:12,1
2008-09,2788,DJ Mbenga,DJ,1610612747,LAL,Los Angeles Lakers,0040800401,2009-06-04T00:00:00,LAL vs. ORL,W,1.8333333333333333,0,1,0.0,0,0,0.0,0,0,0.0,0,1,1,0,1,0,0,1,0,0,0,2,0.2,0,0,1.0,1,1,1,1,1667,1397,1432,1397,635,979,635,930,991,930,848,1051,1206,1072,569,778,505,1168,1,1205,1447,653,1600,145,5,1565,,1:50,1
2008-09,2730,Dwight Howard,Dwight,1610612753,ORL,Orlando Magic,0040800306,2009-05-30T00:00:00,ORL vs. CLE,W,41.45,14,21,0.667,0,1,0.0,12,16,0.75,6,8,14,4,2,0,1,1,5,14,40,13,63.8,1,0,60.0,1,1,1,1,177,11,55,194,635,730,635,15,11,532,10,90,34,208,289,778,189,1168,1564,2,13,203,16,1,5,13,,41:27,1
2008-09,2544,LeBron James,LeBron,1610612739,CLE,Cleveland Cavaliers,0040800306,2009-05-30T00:00:00,CLE @ ORL,L,44.88333333333333,8,20,0.4,2,8,0.25,7,11,0.636,1,6,7,7,3,0,1,0,4,9,25,-12,43.9,0,0,43.0,1,868,868,868,59,143,72,867,139,38,524,92,61,674,423,203,272,63,132,778,189,1,1326,30,108,1497,126,145,5,108,,44:53,1
2008-09,2753,Delonte West,Delonte,1610612739,CLE,Cleveland Cavaliers,0040800306,2009-05-30T00:00:00,CLE @ ORL,L,46.35,9,19,0.474,2,3,0.667,2,4,0.5,2,2,4,3,3,2,1,2,0,2,22,-9,37.3,0,0,37.0,1,868,868,868,34,97,91,706,139,391,116,481,355,723,220,788,588,317,132,89,189,1565,1,597,165,1389,237,145,5,187,,46:21,1
2008-09,1740,Rashard Lewis,Rashard,1610612753,ORL,Orlando Magic,0040800306,2009-05-30T00:00:00,ORL vs. CLE,W,40.56666666666667,6,13,0.462,3,7,0.429,3,3,1.0,1,7,8,2,3,2,1,0,2,1,18,7,36.6,0,0,37.0,1,1,1,1,227,285,297,727,59,57,361,367,510,1,423,140,198,488,132,89,189,1,667,835,265,402,252,145,5,187,,40:34,1
2008-09,2554,Mickael Pietrus,Mickael,1610612753,ORL,Orlando Magic,0040800306,2009-05-30T00:00:00,ORL vs. CLE,W,35.028333333333336,5,10,0.5,4,7,0.571,0,0,0.0,2,3,5,2,0,2,0,0,4,2,14,13,29.0,0,0,29.0,1,1,1,1,462,396,492,492,24,57,163,930,991,930,220,569,442,488,1046,89,505,1,1326,597,416,203,432,145,5,384,,35:02,1
2008-09,2590,Mo Williams,Mo,1610612739,CLE,Cleveland Cavaliers,0040800306,2009-05-30T00:00:00,CLE @ ORL,L,38.85,6,12,0.5,3,4,0.75,2,2,1.0,0,3,3,5,1,0,0,0,4,1,17,-6,27.1,0,0,28.0,1,868,868,868,311,285,364,492,59,253,96,481,591,1,848,569,748,142,569,778,505,1,1326,835,291,1235,478,145,5,407,,38:51,1
2008-09,1747,Rafer Alston,Rafer,1610612753,ORL,Orlando Magic,0040800306,2009-05-30T00:00:00,ORL vs. CLE,W,37.733333333333334,5,16,0.313,3,7,0.429,0,0,0.0,0,4,4,2,1,2,0,2,1,0,13,6,25.8,0,0,26.0,1,1,1,1,367,396,167,1153,59,57,361,930,991,930,848,403,588,488,569,89,505,1565,310,1205,470,431,514,145,5,463,,37:44,1
2008-09,2045,Hedo Turkoglu,Hedo,1610612753,ORL,Orlando Magic,0040800306,2009-05-30T00:00:00,ORL vs. CLE,W,37.61666666666667,3,12,0.25,2,6,0.333,2,2,1.0,1,6,7,5,3,0,0,0,5,2,10,1,22.9,0,0,24.0,1,1,1,1,376,708,364,1224,139,97,422,481,591,1,423,203,272,142,132,778,505,1,1564,597,663,703,619,145,5,523,,37:37,1
2008-09,2760,Anderson Varejao,Anderson,1610612739,CLE,Cleveland Cavaliers,0040800306,2009-05-30T00:00:00,CLE @ ORL,L,32.87833333333333,7,12,0.583,0,0,0.0,0,1,0.0,1,7,8,0,0,0,0,0,5,1,14,-2,23.6,0,0,22.0,1,868,868,868,546,199,364,378,635,979,635,930,920,930,423,140,198,1072,1046,778,505,1,1564,835,416,949,597,145,5,601,,32:53,1
2008-09,980,Zydrunas Ilgauskas,Zydrunas,1610612739,CLE,Cleveland Cavaliers,0040800306,2009-05-30T00:00:00,CLE @ ORL,L,21.911666666666665,1,5,0.2,0,0,0.0,0,2,0.0,1,6,7,0,0,2,0,0,4,1,2,-6,16.4,0,0,13.0,1,868,868,868,945,1119,946,1308,635,979,635,930,591,930,423,203,272,1072,1046,89,505,1,1326,835,1253,1235,858,145,5,940,,21:55,1
2008-09,201584,Courtney Lee,Courtney,1610612753,ORL,Orlando Magic,0040800306,2009-05-30T00:00:00,ORL vs. CLE,W,30.15,4,7,0.571,0,1,0.0,0,0,0.0,0,4,4,1,1,0,0,0,0,0,8,15,13.3,0,0,13.0,1,1,1,1,665,552,764,394,635,730,635,930,991,930,848,403,588,729,569,778,505,1,1,1205,776,174,999,145,5,940,,30:09,1
2008-09,1112,Ben Wallace,Ben,1610612739,CLE,Cleveland Cavaliers,0040800306,2009-05-30T00:00:00,CLE @ ORL,L,14.105,2,3,0.667,0,0,0.0,0,2,0.0,3,0,3,1,1,0,1,0,0,2,4,-8,11.1,0,0,10.0,1,868,868,868,1227,875,1176,194,635,979,635,930,591,930,106,1379,748,729,569,778,189,1,1,597,1077,1347,1098,145,5,1103,,14:06,1
2008-09,200789,Daniel Gibson,Daniel,1610612739,CLE,Cleveland Cavaliers,0040800306,2009-05-30T00:00:00,CLE @ ORL,L,20.633333333333333,1,3,0.333,1,2,0.5,0,0,0.0,0,1,1,1,1,0,0,0,2,3,3,-16,4.7,0,0,6.0,1,868,868,868,987,1119,1176,1037,300,538,176,930,991,930,848,1051,1206,729,569,778,505,1,667,409,1188,1591,1382,145,5,1274,,20:38,1
2008-09,1533,Anthony Johnson,Anthony,1610612753,ORL,Orlando Magic,0040800306,2009-05-30T00:00:00,ORL vs. CLE,W,10.905,0,1,0.0,0,0,0.0,0,0,0.0,1,1,2,3,2,0,0,0,1,2,0,10,4.9,0,0,5.0,1,1,1,1,1341,1397,1432,1397,635,979,635,930,991,930,423,1051,973,317,289,778,505,1,310,597,1447,293,1377,145,5,1326,,10:54,1
2008-09,1887,Wally Szczerbiak,Wally,1610612739,CLE,Cleveland Cavaliers,0040800306,2009-05-30T00:00:00,CLE @ ORL,L,13.955,1,5,0.2,1,3,0.333,0,0,0.0,0,1,1,0,1,0,0,0,1,1,3,-9,3.2,0,0,5.0,1,868,868,868,1237,1119,946,1308,300,391,422,930,991,930,848,1051,1206,1072,569,778,505,1,310,835,1188,1389,1452,145,5,1326,,13:57,1
2008-09,101162,Marcin Gortat,Marcin,1610612753,ORL,Orlando Magic,0040800306,2009-05-30T00:00:00,ORL vs. CLE,W,6.55,0,0,0.0,0,0,0.0,0,0,0.0,0,3,3,0,0,0,0,0,2,0,0,0,3.6,0,0,3.0,1,1,1,1,1466,1397,1595,1397,635,979,635,930,991,930,848,569,748,1072,1046,778,505,1,667,1205,1447,769,1436,145,5,1443,,6:33,1
2008-09,2562,Sasha Pavlovic,Sasha,1610612739,CLE,Cleveland Cavaliers,0040800306,2009-05-30T00:00:00,CLE @ ORL,L,5.4,0,0,0.0,0,0,0.0,0,0,0.0,0,0,0,0,0,1,0,0,1,0,0,3,3.0,0,0,2.0,1,868,868,868,1503,1397,1595,1397,635,979,635,930,991,930,848,1379,1447,1072,1046,300,505,1,310,1205,1447,588,1474,145,5,1494,,5:24,1
2008-09,200814,Tarence Kinsey,Tarence,1610612739,CLE,Cleveland Cavaliers,0040800306,2009-05-30T00:00:00,CLE @ ORL,L,1.0333333333333334,0,0,0.0,0,0,0.0,0,0,0.0,0,0,0,0,0,1,0,0,0,0,0,0,3.0,0,0,2.0,1,868,868,868,1695,1397,1595,1397,635,979,635,930,991,930,848,1379,1447,1072,1046,300,505,1,1,1205,1447,769,1474,145,5,1494,,1:02,1
2008-09,977,Kobe Bryant,Kobe,1610612747,LAL,Los Angeles Lakers,0040800316,2009-05-29T00:00:00,LAL @ DEN,W,41.56666666666667,12,20,0.6,2,4,0.5,9,9,1.0,0,6,6,10,1,0,1,0,1,7,35,31,59.2,1,0,55.0,1,1,1,1,169,25,72,323,139,253,176,52,86,1,848,203,351,20,569,778,189,1,310,81,26,12,29,1,5,25,,41:34,1
2008-09,2200,Pau Gasol,Pau,1610612747,LAL,Los Angeles Lakers,0040800316,2009-05-29T00:00:00,LAL @ DEN,W,42.46666666666667,8,12,0.667,0,0,0.0,4,4,1.0,2,10,12,6,3,3,1,0,2,4,20,22,52.4,1,0,46.0,1,1,1,1,134,143,364,194,635,979,635,259,355,1,220,50,68,100,132,31,189,1,667,291,212,61,67,1,5,84,,42:28,1
2008-09,2546,Carmelo Anthony,Carmelo,1610612743,DEN,Denver Nuggets,0040800316,2009-05-29T00:00:00,DEN vs. LAL,L,37.28333333333333,6,17,0.353,1,3,0.333,12,15,0.8,0,2,2,2,0,1,0,1,1,8,25,-17,33.4,0,0,32.0,1,868,868,868,384,285,130,1029,300,391,422,15,16,487,848,788,973,488,1046,300,505,1168,310,56,108,1611,324,145,5,310,,37:17,1
2008-09,2747,JR Smith,JR,1610612743,DEN,Denver Nuggets,0040800316,2009-05-29T00:00:00,DEN vs. LAL,L,32.36666666666667,10,17,0.588,4,9,0.444,0,0,0.0,1,1,2,0,2,1,0,0,5,0,24,-21,27.4,0,0,32.0,1,868,868,868,572,65,130,371,24,23,354,930,991,930,423,1051,973,1072,289,300,505,1,1564,1205,124,1678,470,145,5,310,,32:22,1
2008-09,1885,Lamar Odom,Lamar,1610612747,LAL,Los Angeles Lakers,0040800316,2009-05-29T00:00:00,LAL @ DEN,W,31.633333333333333,7,12,0.583,2,2,1.0,4,4,1.0,3,5,8,1,0,0,0,2,2,2,20,16,31.1,0,0,31.0,1,1,1,1,609,199,364,378,139,538,1,259,355,1,106,281,198,729,1046,778,505,1565,667,597,212,154,393,145,5,328,,31:38,1
2008-09,1497,Chauncey Billups,Chauncey,1610612743,DEN,Denver Nuggets,0040800316,2009-05-29T00:00:00,DEN vs. LAL,L,38.785,2,7,0.286,1,3,0.333,5,6,0.833,0,4,4,9,5,1,0,1,4,5,10,-28,26.3,0,0,26.0,1,868,868,868,316,875,764,1183,300,391,422,182,202,442,848,403,588,25,21,300,505,1168,1326,197,663,1721,504,145,5,463,,38:47,1
2008-09,2772,Trevor Ariza,Trevor,1610612747,LAL,Los Angeles Lakers,0040800316,2009-05-29T00:00:00,LAL @ DEN,W,22.1,7,9,0.778,3,4,0.75,0,0,0.0,1,3,4,0,2,1,0,0,4,0,17,17,22.8,0,0,26.0,1,1,1,1,934,199,571,135,59,253,96,930,991,930,423,569,588,1072,289,300,505,1,1326,1205,291,132,624,145,5,463,,22:06,1
2008-09,2403,Nene,ene,1610612743,DEN,Denver Nuggets,0040800316,2009-05-29T00:00:00,DEN vs. LAL,L,33.47833333333333,3,7,0.429,0,0,0.0,2,2,1.0,1,5,6,1,2,2,0,0,4,3,8,-13,20.7,0,0,19.0,1,868,868,868,523,708,764,810,635,979,635,481,591,1,423,281,351,729,289,89,505,1,1326,409,776,1527,686,145,5,709,,33:29,1
2008-09,2575,Luke Walton,Luke,1610612747,LAL,Los Angeles Lakers,0040800316,2009-05-29T00:00:00,LAL @ DEN,W,25.421666666666667,5,7,0.714,0,1,0.0,0,0,0.0,1,0,1,3,3,1,1,0,4,3,10,7,18.7,0,0,18.0,1,1,1,1,833,396,764,176,635,730,635,930,991,930,423,1379,1206,317,132,300,189,1,1326,409,663,402,757,145,5,750,,25:25,1
2008-09,2030,Kenyon Martin,Kenyon,1610612743,DEN,Denver Nuggets,0040800316,2009-05-29T00:00:00,DEN vs. LAL,L,28.718333333333334,6,13,0.462,0,0,0.0,1,2,0.5,2,3,5,0,1,0,0,1,4,1,13,-12,18.0,0,0,18.0,1,868,868,868,715,285,297,727,635,979,635,748,591,723,220,569,442,1072,569,778,505,1168,1326,835,470,1497,784,145,5,750,,28:43,1
2008-09,965,Derek Fisher,Derek,1610612747,LAL,Los Angeles Lakers,0040800316,2009-05-29T00:00:00,LAL @ DEN,W,31.701666666666668,2,3,0.667,1,1,1.0,0,0,0.0,0,4,4,4,1,0,0,0,3,2,5,25,14.8,0,0,14.0,1,1,1,1,603,875,1176,194,300,730,1,930,991,930,848,403,588,208,569,778,505,1,1025,597,1003,43,936,145,5,905,,31:42,1
2008-09,2365,Chris Andersen,Chris,1610612743,DEN,Denver Nuggets,0040800316,2009-05-29T00:00:00,DEN vs. LAL,L,20.841666666666665,1,1,1.0,0,0,0.0,0,0,0.0,1,1,2,0,1,1,3,0,2,1,2,-19,15.4,0,0,12.0,1,868,868,868,982,1119,1432,1,635,979,635,930,991,930,423,1051,973,1072,569,300,30,1,667,835,1253,1644,904,145,5,1002,,20:51,1
2008-09,101132,Linas Kleiza,Linas,1610612743,DEN,Denver Nuggets,0040800316,2009-05-29T00:00:00,DEN vs. LAL,L,19.295,2,5,0.4,2,4,0.5,0,0,0.0,0,3,3,1,0,0,0,1,0,0,6,-16,11.1,0,0,12.0,1,868,868,868,1032,875,946,867,139,253,176,930,991,930,848,569,748,729,1046,778,505,1168,1,1205,918,1591,1098,145,5,1002,,19:18,1
2008-09,2756,Sasha Vujacic,Sasha,1610612747,LAL,Los Angeles Lakers,0040800316,2009-05-29T00:00:00,LAL @ DEN,W,6.911666666666667,1,2,0.5,1,2,0.5,4,4,1.0,1,0,1,0,0,0,0,0,0,2,7,-1,8.2,0,0,9.0,1,1,1,1,1456,1119,1295,492,300,538,176,259,355,1,423,1379,1206,1072,1046,778,505,1,1,597,853,871,1212,145,5,1144,,6:55,1
2008-09,101115,Andrew Bynum,Andrew,1610612747,LAL,Los Angeles Lakers,0040800316,2009-05-29T00:00:00,LAL @ DEN,W,21.9,1,6,0.167,0,0,0.0,0,0,0.0,1,0,1,1,1,1,1,0,3,1,2,16,9.7,0,0,8.0,1,1,1,1,946,1119,846,1352,635,979,635,930,991,930,423,1379,1206,729,569,300,189,1,1025,835,1253,154,1149,145,5,1186,,21:54,1
2008-09,200769,Shannon Brown,Shannon,1610612747,LAL,Los Angeles Lakers,0040800316,2009-05-29T00:00:00,LAL @ DEN,W,8.266666666666667,0,2,0.0,0,0,0.0,3,3,1.0,0,0,0,1,0,0,0,1,0,1,3,5,4.5,0,0,4.0,1,1,1,1,1421,1397,1295,1397,635,979,635,367,510,1,848,1379,1447,729,1046,778,505,1168,1,835,1188,477,1394,145,5,1395,,8:16,1
2008-09,1853,Anthony Carter,Anthony,1610612743,DEN,Denver Nuggets,0040800316,2009-05-29T00:00:00,DEN vs. LAL,L,8.631666666666666,0,2,0.0,0,0,0.0,0,0,0.0,1,1,2,0,2,1,0,0,0,1,0,1,3.4,0,0,4.0,1,868,868,868,1406,1397,1295,1397,635,979,635,930,991,930,423,1051,973,1072,289,300,505,1,1,835,1447,703,1449,145,5,1395,,8:38,1
2008-09,2563,Dahntay Jones,Dahntay,1610612743,DEN,Denver Nuggets,0040800316,2009-05-29T00:00:00,DEN vs. LAL,L,13.433333333333334,1,3,0.333,0,0,0.0,0,0,0.0,1,0,1,0,0,0,0,0,2,0,2,-3,3.2,0,0,3.0,1,868,868,868,1256,1119,1176,1037,635,979,635,930,991,930,423,1379,1206,1072,1046,778,505,1,667,1205,1253,1039,1452,145,5,1443,,13:26,1
2008-09,200770,Jordan Farmar,Jordan,1610612747,LAL,Los Angeles Lakers,0040800316,2009-05-29T00:00:00,LAL @ DEN,W,8.031666666666666,0,2,0.0,0,2,0.0,0,0,0.0,0,1,1,2,2,0,0,0,0,0,0,-3,2.2,0,0,3.0,1,1,1,1,1426,1397,1295,1397,635,538,635,930,991,930,848,1051,1206,488,289,778,505,1,1,1205,1447,1039,1519,145,5,1443,,8:02,1
2008-09,101130,Johan Petro,Johan,1610612743,DEN,Denver Nuggets,0040800316,2009-05-29T00:00:00,DEN vs. LAL,L,2.783333333333333,1,1,1.0,0,0,0.0,0,0,0.0,0,0,0,0,0,0,0,0,0,0,2,-3,2.0,0,0,2.0,1,868,868,868,1631,1119,1432,1,635,979,635,930,991,930,848,1379,1447,1072,1046,778,505,1,1,1205,1253,1039,1526,145,5,1494,,2:47,1
2008-09,2078,Jason Hart,Jason,1610612743,DEN,Denver Nuggets,0040800316,2009-05-29T00:00:00,DEN vs. LAL,L,2.783333333333333,0,0,0.0,0,0,0.0,0,0,0.0,0,0,0,1,0,0,0,0,0,0,0,-3,1.5,0,0,1.0,1,868,868,868,1631,1397,1595,1397,635,979,635,930,991,930,848,1379,1447,729,1046,778,505,1,1,1205,1447,1039,1550,145,5,1565,,2:47,1
2008-09,200764,Renaldo Balkman,Renaldo,1610612743,DEN,Denver Nuggets,0040800316,2009-05-29T00:00:00,DEN vs. LAL,L,1.6,0,0,0.0,0,0,0.0,0,0,0.0,0,0,0,0,0,0,0,0,0,0,0,-1,0.0,0,0,0.0,1,868,868,868,1681,1397,1595,1397,635,979,635,930,991,930,848,1379,1447,1072,1046,778,505,1,1,1205,1447,871,1610,145,5,1611,,1:36,1
2008-09,2544,LeBron James,LeBron,1610612739,CLE,Cleveland Cavaliers,0040800305,2009-05-28T00:00:00,CLE vs. ORL,W,45.5,11,24,0.458,0,2,0.0,15,19,0.789,3,11,14,12,4,1,1,1,3,13,37,11,73.8,1,1,67.0,1,1,1,1,45,42,25,743,635,538,635,5,2,515,106,35,34,8,53,300,189,1168,1025,3,21,260,3,1,1,5,,45:30,1
2008-09,2045,Hedo Turkoglu,Hedo,1610612753,ORL,Orlando Magic,0040800305,2009-05-28T00:00:00,ORL @ CLE,L,42.67666666666667,10,18,0.556,2,5,0.4,7,9,0.778,1,5,6,2,2,2,0,3,4,4,29,-11,43.2,0,0,43.0,1,868,868,868,126,65,108,427,139,159,374,92,86,519,423,281,351,488,289,89,505,1698,1326,291,65,1461,135,145,5,108,,42:41,1
2008-09,2730,Dwight Howard,Dwight,1610612753,ORL,Orlando Magic,0040800305,2009-05-28T00:00:00,ORL @ CLE,L,37.03,8,10,0.8,0,0,0.0,8,13,0.615,3,7,10,2,3,1,1,1,6,11,24,-7,42.0,1,0,40.0,1,868,868,868,393,143,492,123,635,979,635,68,29,690,106,140,104,488,132,300,189,1168,1699,12,124,1305,151,1,5,142,,37:02,1
2008-09,2590,Mo Williams,Mo,1610612739,CLE,Cleveland Cavaliers,0040800305,2009-05-28T00:00:00,CLE vs. ORL,W,41.63333333333333,7,14,0.5,6,9,0.667,4,5,0.8,0,1,1,2,1,2,0,0,3,2,24,17,33.2,0,0,37.0,1,1,1,1,167,199,245,492,3,23,116,259,294,487,848,1051,1206,488,569,89,505,1,1025,597,124,132,331,145,5,187,,41:38,1
2008-09,1740,Rashard Lewis,Rashard,1610612753,ORL,Orlando Magic,0040800305,2009-05-28T00:00:00,ORL @ CLE,L,40.73,4,13,0.308,1,5,0.2,6,9,0.667,0,8,8,1,1,4,1,0,3,5,15,-1,40.1,0,0,35.0,1,868,868,868,219,552,297,1156,300,159,578,132,86,612,848,90,198,729,569,9,189,1,1025,197,367,871,184,145,5,234,,40:44,1
2008-09,980,Zydrunas Ilgauskas,Zydrunas,1610612739,CLE,Cleveland Cavaliers,0040800305,2009-05-28T00:00:00,CLE vs. ORL,W,26.686666666666667,6,8,0.75,0,0,0.0,4,5,0.8,0,6,6,1,0,0,1,0,6,5,16,15,27.7,0,0,25.0,1,1,1,1,790,285,660,143,635,979,635,259,294,487,848,203,351,729,1046,778,189,1,1699,197,334,174,462,145,5,496,,26:41,1
2008-09,2753,Delonte West,Delonte,1610612739,CLE,Cleveland Cavaliers,0040800305,2009-05-28T00:00:00,CLE vs. ORL,W,41.46666666666667,6,13,0.462,0,2,0.0,1,1,1.0,0,2,2,3,4,1,1,1,2,2,13,9,21.9,0,0,22.0,1,1,1,1,175,285,297,727,635,538,635,748,920,1,848,788,973,317,53,300,189,1168,667,597,470,328,655,145,5,601,,41:28,1
2008-09,2760,Anderson Varejao,Anderson,1610612739,CLE,Cleveland Cavaliers,0040800305,2009-05-28T00:00:00,CLE vs. ORL,W,28.783333333333335,3,6,0.5,0,0,0.0,1,2,0.5,3,5,8,2,2,0,2,0,6,2,7,24,23.6,0,0,21.0,1,1,1,1,714,708,846,492,635,979,635,748,591,723,106,281,198,488,289,778,71,1,1699,597,853,50,597,145,5,634,,28:47,1
2008-09,201584,Courtney Lee,Courtney,1610612753,ORL,Orlando Magic,0040800305,2009-05-28T00:00:00,ORL @ CLE,L,35.053333333333335,3,5,0.6,1,2,0.5,2,3,0.667,0,1,1,1,2,3,0,1,2,1,9,-9,18.7,0,0,18.0,1,868,868,868,460,708,946,323,300,538,176,481,510,612,848,1051,1206,729,289,31,505,1168,667,835,726,1389,757,145,5,750,,35:03,1
2008-09,200789,Daniel Gibson,Daniel,1610612739,CLE,Cleveland Cavaliers,0040800305,2009-05-28T00:00:00,CLE vs. ORL,W,21.628333333333334,3,5,0.6,3,4,0.75,2,2,1.0,0,1,1,1,1,0,1,1,2,1,11,4,15.7,0,0,18.0,1,1,1,1,955,708,946,323,59,253,96,481,591,1,848,1051,1206,729,569,778,189,1168,667,835,612,525,890,145,5,750,,21:38,1
2008-09,2554,Mickael Pietrus,Mickael,1610612753,ORL,Orlando Magic,0040800305,2009-05-28T00:00:00,ORL @ CLE,L,23.10333333333333,4,6,0.667,3,5,0.6,2,3,0.667,0,2,2,0,0,0,0,0,4,2,13,-9,15.4,0,0,18.0,1,868,868,868,908,552,846,194,59,159,151,481,510,612,848,788,973,1072,1046,778,505,1,1326,597,470,1389,904,145,5,750,,23:06,1
2008-09,1747,Rafer Alston,Rafer,1610612753,ORL,Orlando Magic,0040800305,2009-05-28T00:00:00,ORL @ CLE,L,28.283333333333335,1,10,0.1,1,7,0.143,0,0,0.0,1,1,2,4,3,1,0,0,4,0,3,-20,11.4,0,0,12.0,1,868,868,868,732,1119,492,1393,300,57,624,930,991,930,423,1051,973,208,132,300,505,1,1326,1205,1188,1654,1084,145,5,1002,,28:17,1
2008-09,1533,Anthony Johnson,Anthony,1610612753,ORL,Orlando Magic,0040800305,2009-05-28T00:00:00,ORL @ CLE,L,18.5,2,6,0.333,0,1,0.0,2,2,1.0,0,2,2,2,0,0,0,1,1,1,6,15,11.4,0,0,10.0,1,868,868,868,1066,875,846,1037,635,730,635,481,591,1,848,788,973,488,1046,778,505,1168,310,835,918,174,1084,145,5,1103,,18:30,1
2008-09,101162,Marcin Gortat,Marcin,1610612753,ORL,Orlando Magic,0040800305,2009-05-28T00:00:00,ORL @ CLE,L,10.97,0,1,0.0,0,0,0.0,1,2,0.5,1,3,4,0,0,0,2,0,3,1,1,-3,11.8,0,0,9.0,1,868,868,868,1339,1397,1432,1397,635,979,635,748,591,723,423,569,588,1072,1046,778,71,1,1025,835,1430,1039,1067,145,5,1144,,10:58,1
2008-09,1112,Ben Wallace,Ben,1610612739,CLE,Cleveland Cavaliers,0040800305,2009-05-28T00:00:00,CLE vs. ORL,W,16.305,0,2,0.0,0,0,0.0,0,0,0.0,2,3,5,0,0,0,0,1,1,2,0,-19,6.0,0,0,5.0,1,1,1,1,1151,1397,1295,1397,635,979,635,930,991,930,220,569,442,1072,1046,778,505,1168,310,597,1447,1644,1312,145,5,1326,,16:18,1
2008-09,1499,Tony Battie,Tony,1610612753,ORL,Orlando Magic,0040800305,2009-05-28T00:00:00,ORL @ CLE,L,3.6533333333333333,1,3,0.333,0,0,0.0,0,0,0.0,2,1,3,0,0,0,0,0,0,0,2,-5,5.6,0,0,5.0,1,868,868,868,1577,1119,1176,1037,635,979,635,930,991,930,220,1051,748,1072,1046,778,505,1,1,1205,1253,1171,1334,145,5,1326,,3:39,1
2008-09,1887,Wally Szczerbiak,Wally,1610612739,CLE,Cleveland Cavaliers,0040800305,2009-05-28T00:00:00,CLE vs. ORL,W,13.566666666666666,1,3,0.333,0,1,0.0,0,0,0.0,0,2,2,0,0,0,0,0,2,0,2,-11,4.4,0,0,4.0,1,1,1,1,1250,1119,1176,1037,635,730,635,930,991,930,848,788,973,1072,1046,778,505,1,667,1205,1253,1461,1403,145,5,1395,,13:34,1
2008-09,693,Joe Smith,Joe,1610612739,CLE,Cleveland Cavaliers,0040800305,2009-05-28T00:00:00,CLE vs. ORL,W,3.4183333333333334,1,1,1.0,0,0,0.0,0,0,0.0,0,0,0,0,0,0,0,0,0,0,2,1,2.0,0,0,2.0,1,1,1,1,1596,1119,1432,1,635,979,635,930,991,930,848,1379,1447,1072,1046,778,505,1,1,1205,1253,703,1526,145,5,1494,,3:25,1
2008-09,200814,Tarence Kinsey,Tarence,1610612739,CLE,Cleveland Cavaliers,0040800305,2009-05-28T00:00:00,CLE vs. ORL,W,0.04,0,0,0.0,0,0,0.0,0,0,0.0,0,0,0,0,0,0,0,0,0,0,0,1,0.0,0,0,0.0,1,1,1,1,1739,1397,1595,1397,635,979,635,930,991,930,848,1379,1447,1072,1046,778,505,1,1,1205,1447,703,1610,145,5,1611,,0:02,1
2008-09,2562,Sasha Pavlovic,Sasha,1610612739,CLE,Cleveland Cavaliers,0040800305,2009-05-28T00:00:00,CLE vs. ORL,W,0.9716666666666667,0,0,0.0,0,0,0.0,0,0,0.0,0,0,0,0,0,0,0,0,0,0,0,-2,0.0,0,0,0.0,1,1,1,1,1699,1397,1595,1397,635,979,635,930,991,930,848,1379,1447,1072,1046,778,505,1,1,1205,1447,949,1610,145,5,1611,,0:58,1
2008-09,1885,Lamar Odom,Lamar,1610612747,LAL,Los Angeles Lakers,0040800315,2009-05-27T00:00:00,LAL vs. DEN,W,32.11666666666667,7,15,0.467,1,1,1.0,4,7,0.571,4,10,14,3,1,0,4,3,2,5,19,18,51.3,1,0,45.0,1,1,1,1,585,199,198,719,300,730,1,259,167,713,56,50,34,317,569,778,11,1698,667,197,236,118,74,1,5,93,,32:07,1
2008-09,2546,Carmelo Anthony,Carmelo,1610612743,DEN,Denver Nuggets,0040800315,2009-05-27T00:00:00,DEN @ LAL,L,40.233333333333334,9,23,0.391,1,4,0.25,12,13,0.923,0,4,4,4,5,2,0,5,3,10,31,-2,42.8,0,0,44.0,1,868,868,868,243,97,35,948,300,253,524,15,29,385,848,403,588,208,21,89,505,1739,1025,20,48,949,141,145,5,99,,40:14,1
2008-09,2200,Pau Gasol,Pau,1610612747,LAL,Los Angeles Lakers,0040800315,2009-05-27T00:00:00,LAL vs. DEN,W,45.0,5,8,0.625,0,0,0.0,4,5,0.8,1,9,10,4,2,2,5,1,1,7,14,6,51.0,1,0,42.0,1,1,1,1,55,396,660,290,635,979,635,259,294,487,423,68,104,208,289,89,5,1168,310,81,416,431,76,1,5,119,,45:00,1
2008-09,977,Kobe Bryant,Kobe,1610612747,LAL,Los Angeles Lakers,0040800315,2009-05-27T00:00:00,LAL vs. DEN,W,44.9,6,13,0.462,1,6,0.167,9,10,0.9,1,4,5,8,7,1,0,0,3,8,22,11,36.0,0,0,38.0,1,1,1,1,58,285,297,727,300,97,607,52,68,394,423,403,442,38,4,300,505,1,1025,56,165,260,275,145,5,169,,44:54,1
2008-09,2772,Trevor Ariza,Trevor,1610612747,LAL,Los Angeles Lakers,0040800315,2009-05-27T00:00:00,LAL vs. DEN,W,32.416666666666664,4,7,0.571,0,2,0.0,4,6,0.667,0,5,5,4,0,1,2,0,4,5,12,-2,33.0,0,0,27.0,1,1,1,1,564,552,764,394,635,538,635,259,202,612,848,281,442,208,1046,300,71,1,1326,197,532,949,338,145,5,435,,32:25,1
2008-09,1497,Chauncey Billups,Chauncey,1610612743,DEN,Denver Nuggets,0040800315,2009-05-27T00:00:00,DEN @ LAL,L,39.03666666666667,4,7,0.571,3,6,0.5,1,1,1.0,1,2,3,5,3,2,0,0,5,1,12,-9,26.1,0,0,27.0,1,868,868,868,298,552,764,394,59,97,176,748,920,1,423,788,748,142,132,89,505,1,1564,835,532,1389,508,145,5,435,,39:02,1
2008-09,2030,Kenyon Martin,Kenyon,1610612743,DEN,Denver Nuggets,0040800315,2009-05-27T00:00:00,DEN @ LAL,L,36.11666666666667,6,15,0.4,0,0,0.0,0,0,0.0,0,5,5,1,0,1,1,3,3,0,12,-2,25.5,0,0,22.0,1,868,868,868,424,285,198,867,635,979,635,930,991,930,848,281,442,729,1046,300,189,1698,1025,1205,532,949,524,145,5,601,,36:07,1
2008-09,2747,JR Smith,JR,1610612743,DEN,Denver Nuggets,0040800315,2009-05-27T00:00:00,DEN @ LAL,L,29.216666666666665,3,13,0.231,1,10,0.1,0,1,0.0,1,2,3,4,1,2,0,0,2,3,7,-13,21.6,0,0,19.0,1,868,868,868,698,708,297,1288,300,11,634,930,920,930,423,788,748,208,569,89,505,1,667,409,853,1527,662,145,5,709,,29:13,1
2008-09,2365,Chris Andersen,Chris,1610612743,DEN,Denver Nuggets,0040800315,2009-05-27T00:00:00,DEN @ LAL,L,24.446666666666665,1,4,0.25,0,0,0.0,0,0,0.0,3,5,8,0,1,0,4,2,4,0,2,-17,22.6,0,0,18.0,1,868,868,868,864,1119,1064,1224,635,979,635,930,991,930,106,281,198,1072,569,778,11,1565,1326,1205,1253,1611,634,145,5,750,,24:27,1
2008-09,2403,Nene,ene,1610612743,DEN,Denver Nuggets,0040800315,2009-05-27T00:00:00,DEN @ LAL,L,25.866666666666667,1,3,0.333,0,0,0.0,2,2,1.0,4,4,8,2,2,2,0,1,6,2,4,5,20.6,0,0,18.0,1,868,868,868,820,1119,1176,1037,635,979,635,481,591,1,56,403,198,488,289,89,505,1168,1699,597,1077,477,692,145,5,750,,25:52,1
2008-09,2563,Dahntay Jones,Dahntay,1610612743,DEN,Denver Nuggets,0040800315,2009-05-27T00:00:00,DEN @ LAL,L,15.033333333333333,2,8,0.25,0,0,0.0,5,8,0.625,4,0,4,1,2,1,0,1,2,4,9,4,16.3,0,0,16.0,1,868,868,868,1197,875,660,1224,635,979,635,182,118,676,56,1379,588,729,289,300,505,1168,667,291,726,525,865,145,5,826,,15:02,1
2008-09,101132,Linas Kleiza,Linas,1610612743,DEN,Denver Nuggets,0040800315,2009-05-27T00:00:00,DEN @ LAL,L,19.086666666666666,3,6,0.5,1,3,0.333,3,5,0.6,0,5,5,0,0,0,0,0,3,2,10,-8,16.0,0,0,16.0,1,868,868,868,1046,708,846,492,300,391,422,367,294,694,848,281,442,1072,1046,778,505,1,1025,597,663,1347,878,145,5,826,,19:05,1
2008-09,2575,Luke Walton,Luke,1610612747,LAL,Los Angeles Lakers,0040800315,2009-05-27T00:00:00,LAL vs. DEN,W,15.148333333333333,2,5,0.4,0,0,0.0,0,0,0.0,2,2,4,2,2,1,1,0,2,0,4,8,15.8,0,0,14.0,1,1,1,1,1188,875,946,867,635,979,635,930,991,930,220,788,588,488,289,300,189,1,667,1205,1077,362,885,145,5,905,,15:09,1
2008-09,965,Derek Fisher,Derek,1610612747,LAL,Los Angeles Lakers,0040800315,2009-05-27T00:00:00,LAL vs. DEN,W,27.183333333333334,4,9,0.444,0,2,0.0,4,4,1.0,0,0,0,2,2,0,0,0,5,2,12,-2,13.0,0,0,14.0,1,1,1,1,773,552,571,770,635,538,635,259,355,1,848,1379,1447,488,289,778,505,1,1564,597,532,949,1008,145,5,905,,27:11,1
2008-09,1853,Anthony Carter,Anthony,1610612743,DEN,Denver Nuggets,0040800315,2009-05-27T00:00:00,DEN @ LAL,L,10.963333333333333,3,4,0.75,1,1,1.0,0,0,0.0,1,2,3,0,0,1,0,0,2,0,7,-3,13.6,0,0,13.0,1,868,868,868,1340,708,1064,143,300,730,1,930,991,930,423,788,748,1072,1046,300,505,1,667,1205,853,1039,986,145,5,940,,10:58,1
2008-09,101115,Andrew Bynum,Andrew,1610612747,LAL,Los Angeles Lakers,0040800315,2009-05-27T00:00:00,LAL vs. DEN,W,18.883333333333333,4,9,0.444,0,0,0.0,1,3,0.333,1,1,2,1,1,0,0,0,4,3,9,-6,11.9,0,0,12.0,1,1,1,1,1054,552,571,770,635,979,635,748,510,902,423,1051,973,729,569,778,505,1,1326,409,726,1235,1063,145,5,1002,,18:53,1
2008-09,200769,Shannon Brown,Shannon,1610612747,LAL,Los Angeles Lakers,0040800315,2009-05-27T00:00:00,LAL vs. DEN,W,14.233333333333333,3,5,0.6,0,1,0.0,0,0,0.0,0,0,0,0,0,0,0,1,0,0,6,13,6.0,0,0,6.0,1,1,1,1,1221,708,946,323,635,730,635,930,991,930,848,1379,1447,1072,1046,778,505,1168,1,1205,918,203,1312,145,5,1274,,14:14,1
2008-09,2756,Sasha Vujacic,Sasha,1610612747,LAL,Los Angeles Lakers,0040800315,2009-05-27T00:00:00,LAL vs. DEN,W,3.535,1,2,0.5,1,2,0.5,0,0,0.0,0,1,1,1,0,0,0,0,1,0,3,1,5.7,0,0,6.0,1,1,1,1,1586,1119,1295,492,300,538,176,930,991,930,848,1051,1206,729,1046,778,505,1,310,1205,1188,703,1331,145,5,1274,,3:32,1
2008-09,200770,Jordan Farmar,Jordan,1610612747,LAL,Los Angeles Lakers,0040800315,2009-05-27T00:00:00,LAL vs. DEN,W,6.583333333333333,1,3,0.333,0,2,0.0,0,0,0.0,1,0,1,0,0,0,0,0,0,0,2,-2,3.2,0,0,3.0,1,1,1,1,1462,1119,1176,1037,635,538,635,930,991,930,423,1379,1206,1072,1046,778,505,1,1,1205,1253,949,1452,145,5,1443,,6:35,1
2008-09,2544,LeBron James,LeBron,1610612739,CLE,Cleveland Cavaliers,0040800304,2009-05-26T00:00:00,CLE @ ORL,L,49.4,13,29,0.448,4,10,0.4,14,18,0.778,1,11,12,7,8,1,1,2,5,11,44,6,66.9,1,0,71.0,1,868,868,868,14,18,6,769,24,11,374,8,4,519,423,35,68,63,1,300,189,1565,1564,12,4,431,11,1,5,4,,49:24,1
2008-09,2730,Dwight Howard,Dwight,1610612753,ORL,Orlando Magic,0040800304,2009-05-26T00:00:00,ORL vs. CLE,W,49.1,10,16,0.625,0,0,0.0,7,9,0.778,2,12,14,4,2,1,3,2,5,10,27,1,59.8,1,0,53.0,1,1,1,1,17,65,167,290,635,979,635,92,86,519,220,18,34,208,289,300,30,1565,1564,20,82,703,23,1,5,35,,49:06,1
2008-09,1747,Rafer Alston,Rafer,1610612753,ORL,Orlando Magic,0040800304,2009-05-26T00:00:00,ORL vs. CLE,W,37.165,10,17,0.588,6,12,0.5,0,0,0.0,0,2,2,4,3,2,0,0,4,2,26,18,37.4,0,0,42.0,1,1,1,1,390,65,130,371,3,2,176,930,991,930,848,788,973,208,132,89,505,1,1326,597,94,118,234,145,5,119,,37:10,1
2008-09,2753,Delonte West,Delonte,1610612739,CLE,Cleveland Cavaliers,0040800304,2009-05-26T00:00:00,CLE @ ORL,L,47.03333333333333,7,15,0.467,0,3,0.0,3,3,1.0,0,5,5,7,0,1,1,1,4,4,17,5,39.5,0,0,33.0,1,868,868,868,25,199,198,719,635,391,635,367,510,1,848,281,442,63,1046,300,189,1168,1326,291,291,477,195,145,5,282,,47:02,1
2008-09,2045,Hedo Turkoglu,Hedo,1610612753,ORL,Orlando Magic,0040800304,2009-05-26T00:00:00,ORL vs. CLE,W,43.218333333333334,5,13,0.385,2,5,0.4,3,4,0.75,1,6,7,8,5,0,0,0,4,3,15,4,30.4,0,0,32.0,1,1,1,1,108,396,297,956,139,159,374,367,355,532,423,203,272,38,21,778,505,1,1326,409,367,525,405,145,5,310,,43:13,1
2008-09,2590,Mo Williams,Mo,1610612739,CLE,Cleveland Cavaliers,0040800304,2009-05-26T00:00:00,CLE @ ORL,L,46.92,5,15,0.333,0,3,0.0,8,9,0.889,0,5,5,2,1,2,0,1,2,5,18,-5,32.0,0,0,29.0,1,868,868,868,27,396,198,1037,635,391,635,68,86,397,848,281,442,488,569,89,505,1168,667,197,265,1171,361,145,5,384,,46:55,1
2008-09,2554,Mickael Pietrus,Mickael,1610612753,ORL,Orlando Magic,0040800304,2009-05-26T00:00:00,ORL vs. CLE,W,39.71666666666667,5,13,0.385,5,11,0.455,2,4,0.5,0,3,3,2,2,1,0,0,5,3,17,-2,24.6,0,0,29.0,1,1,1,1,275,396,297,956,12,6,352,481,355,723,848,569,748,488,289,300,505,1,1564,409,291,949,553,145,5,384,,39:43,1
2008-09,1740,Rashard Lewis,Rashard,1610612753,ORL,Orlando Magic,0040800304,2009-05-26T00:00:00,ORL vs. CLE,W,46.266666666666666,5,9,0.556,2,4,0.5,5,6,0.833,1,4,5,0,2,0,0,0,1,4,17,-6,21.0,0,0,24.0,1,1,1,1,35,396,571,427,139,253,176,182,202,442,423,403,442,1072,289,778,505,1,310,291,291,1235,676,145,5,523,,46:16,1
2008-09,2760,Anderson Varejao,Anderson,1610612739,CLE,Cleveland Cavaliers,0040800304,2009-05-26T00:00:00,CLE @ ORL,L,26.323333333333334,4,8,0.5,0,0,0.0,1,1,1.0,1,1,2,0,1,5,0,0,6,1,9,5,25.4,0,0,21.0,1,868,868,868,807,552,660,492,635,979,635,748,920,1,423,1051,973,1072,569,2,505,1,1699,835,726,477,531,145,5,634,,26:19,1
2008-09,980,Zydrunas Ilgauskas,Zydrunas,1610612739,CLE,Cleveland Cavaliers,0040800304,2009-05-26T00:00:00,CLE @ ORL,L,32.99666666666667,5,9,0.556,0,0,0.0,2,2,1.0,3,6,9,0,0,0,0,0,3,1,12,2,22.8,0,0,21.0,1,868,868,868,539,396,571,427,635,979,635,481,591,1,106,203,149,1072,1046,778,505,1,1025,835,532,653,624,145,5,634,,32:60,1
2008-09,201584,Courtney Lee,Courtney,1610612753,ORL,Orlando Magic,0040800304,2009-05-26T00:00:00,ORL vs. CLE,W,25.633333333333333,2,6,0.333,1,4,0.25,0,0,0.0,0,3,3,2,0,0,1,1,2,0,5,-5,14.6,0,0,13.0,1,1,1,1,830,875,846,1037,300,253,524,930,991,930,848,569,748,488,1046,778,189,1168,667,1205,1003,1171,943,145,5,940,,25:38,1
2008-09,1112,Ben Wallace,Ben,1610612739,CLE,Cleveland Cavaliers,0040800304,2009-05-26T00:00:00,CLE @ ORL,L,16.01,2,2,1.0,0,0,0.0,0,0,0.0,2,2,4,0,0,1,1,0,1,1,4,-14,14.8,0,0,12.0,1,868,868,868,1158,875,1295,1,635,979,635,930,991,930,220,788,588,1072,1046,300,189,1,310,835,1077,1552,936,145,5,1002,,16:01,1
2008-09,1533,Anthony Johnson,Anthony,1610612753,ORL,Orlando Magic,0040800304,2009-05-26T00:00:00,ORL vs. CLE,W,14.85,2,4,0.5,1,2,0.5,2,4,0.5,0,0,0,1,1,1,0,0,2,3,7,-9,10.5,0,0,11.0,1,1,1,1,1204,875,1064,492,300,538,176,481,355,723,848,1379,1447,729,569,300,505,1,667,409,853,1389,1123,145,5,1061,,14:51,1
2008-09,200789,Daniel Gibson,Daniel,1610612739,CLE,Cleveland Cavaliers,0040800304,2009-05-26T00:00:00,CLE @ ORL,L,21.283333333333335,2,5,0.4,2,5,0.4,2,2,1.0,0,1,1,0,0,0,0,0,1,1,8,6,9.2,0,0,11.0,1,868,868,868,969,875,946,867,139,159,374,481,591,1,848,1051,1206,1072,1046,778,505,1,310,835,776,431,1164,145,5,1061,,21:17,1
2008-09,101162,Marcin Gortat,Marcin,1610612753,ORL,Orlando Magic,0040800304,2009-05-26T00:00:00,ORL vs. CLE,W,3.9,1,1,1.0,0,0,0.0,0,0,0.0,0,4,4,0,0,0,0,0,2,0,2,1,6.8,0,0,6.0,1,1,1,1,1564,1119,1432,1,635,979,635,930,991,930,848,403,588,1072,1046,778,505,1,667,1205,1253,703,1268,145,5,1274,,3:54,1
2008-09,1887,Wally Szczerbiak,Wally,1610612739,CLE,Cleveland Cavaliers,0040800304,2009-05-26T00:00:00,CLE @ ORL,L,20.883333333333333,1,4,0.25,0,1,0.0,0,1,0.0,0,2,2,1,2,0,0,0,3,1,2,-8,3.9,0,0,5.0,1,868,868,868,981,1119,1064,1224,635,730,635,930,920,930,848,788,973,729,289,778,505,1,1025,835,1253,1347,1430,145,5,1326,,20:53,1
2008-09,1499,Tony Battie,Tony,1610612753,ORL,Orlando Magic,0040800304,2009-05-26T00:00:00,ORL vs. CLE,W,5.15,0,1,0.0,0,0,0.0,0,0,0.0,0,0,0,0,0,0,0,0,0,0,0,8,0.0,0,0,0.0,1,1,1,1,1512,1397,1432,1397,635,979,635,930,991,930,848,1379,1447,1072,1046,778,505,1,1,1205,1447,362,1610,145,5,1611,,5:09,1
2008-09,693,Joe Smith,Joe,1610612739,CLE,Cleveland Cavaliers,0040800304,2009-05-26T00:00:00,CLE @ ORL,L,4.15,0,0,0.0,0,0,0.0,0,0,0.0,0,0,0,0,0,0,0,0,0,0,0,-7,0.0,0,0,0.0,1,868,868,868,1554,1397,1595,1397,635,979,635,930,991,930,848,1379,1447,1072,1046,778,505,1,1,1205,1447,1305,1610,145,5,1611,,4:09,1
2008-09,977,Kobe Bryant,Kobe,1610612747,LAL,Los Angeles Lakers,0040800314,2009-05-25T00:00:00,LAL @ DEN,L,41.2,10,26,0.385,2,10,0.2,12,13,0.923,1,6,7,5,1,1,0,1,3,9,34,-11,51.9,0,0,50.0,1,868,868,868,192,65,16,956,139,11,578,15,29,385,423,203,272,142,569,300,505,1168,1025,30,31,1461,69,145,5,58,,41:12,1
2008-09,2200,Pau Gasol,Pau,1610612747,LAL,Los Angeles Lakers,0040800314,2009-05-25T00:00:00,LAL @ DEN,L,35.416666666666664,8,11,0.727,0,0,0.0,5,7,0.714,1,9,10,4,0,0,3,0,4,5,21,-16,48.0,1,0,41.0,1,868,868,868,446,143,430,173,635,979,635,182,167,598,423,68,104,208,1046,778,30,1,1326,197,183,1591,93,1,5,129,,35:25,1
2008-09,2747,JR Smith,JR,1610612743,DEN,Denver Nuggets,0040800314,2009-05-25T00:00:00,DEN vs. LAL,W,28.433333333333334,9,17,0.529,4,9,0.444,2,6,0.333,1,1,2,4,3,2,0,1,4,3,24,9,35.4,0,0,38.0,1,1,1,1,725,97,130,475,24,23,354,481,202,902,423,1051,973,208,132,89,505,1168,1326,409,124,328,291,145,5,169,,28:26,1
2008-09,1497,Chauncey Billups,Chauncey,1610612743,DEN,Denver Nuggets,0040800314,2009-05-25T00:00:00,DEN vs. LAL,W,41.71666666666667,7,16,0.438,1,6,0.167,9,9,1.0,1,2,3,3,0,1,1,0,1,7,24,18,38.1,0,0,35.0,1,1,1,1,161,199,167,800,300,97,607,52,86,1,423,788,748,317,1046,300,189,1,310,81,124,118,213,145,5,234,,41:43,1
2008-09,2030,Kenyon Martin,Kenyon,1610612743,DEN,Denver Nuggets,0040800314,2009-05-25T00:00:00,DEN vs. LAL,W,34.495,5,11,0.455,0,1,0.0,3,4,0.75,3,12,15,2,0,0,2,0,3,2,13,13,40.0,1,0,34.0,1,1,1,1,486,396,430,744,635,730,635,367,355,532,106,18,23,488,1046,778,71,1,1025,597,470,203,187,1,5,263,,34:30,1
2008-09,2403,Nene,ene,1610612743,DEN,Denver Nuggets,0040800314,2009-05-25T00:00:00,DEN vs. LAL,W,34.78,5,8,0.625,0,0,0.0,4,7,0.571,7,6,13,6,1,0,0,1,2,5,14,22,37.6,1,0,33.0,1,1,1,1,469,396,660,290,635,979,635,259,167,713,3,203,51,100,569,778,505,1168,667,197,416,61,225,1,5,282,,34:47,1
2008-09,2546,Carmelo Anthony,Carmelo,1610612743,DEN,Denver Nuggets,0040800314,2009-05-25T00:00:00,DEN vs. LAL,W,34.96333333333333,3,16,0.188,0,3,0.0,9,11,0.818,2,1,3,5,1,1,0,0,5,6,15,13,28.1,0,0,25.0,1,1,1,1,466,708,167,1347,635,391,635,52,61,483,220,1051,748,142,569,300,505,1,1564,131,367,203,449,145,5,496,,34:58,1
2008-09,2365,Chris Andersen,Chris,1610612743,DEN,Denver Nuggets,0040800314,2009-05-25T00:00:00,DEN vs. LAL,W,24.07,2,4,0.5,0,1,0.0,2,4,0.5,4,10,14,0,0,0,2,0,2,2,6,3,28.8,0,0,24.0,1,1,1,1,881,875,1064,492,635,730,635,481,355,723,56,50,34,1072,1046,778,71,1,667,597,918,588,435,145,5,523,,24:04,1
2008-09,101115,Andrew Bynum,Andrew,1610612747,LAL,Los Angeles Lakers,0040800314,2009-05-25T00:00:00,LAL @ DEN,L,23.283333333333335,6,7,0.857,0,0,0.0,2,3,0.667,2,3,5,0,0,0,1,0,5,2,14,-6,23.0,0,0,21.0,1,868,868,868,902,285,764,108,635,979,635,481,510,612,220,569,442,1072,1046,778,189,1,1564,597,416,1235,616,145,5,634,,23:17,1
2008-09,2563,Dahntay Jones,Dahntay,1610612743,DEN,Denver Nuggets,0040800314,2009-05-25T00:00:00,DEN vs. LAL,W,19.233333333333334,3,5,0.6,0,1,0.0,6,6,1.0,1,2,3,1,0,1,0,1,2,4,12,13,20.1,0,0,18.0,1,1,1,1,1036,708,946,323,635,730,635,132,202,1,423,788,748,729,1046,300,505,1168,667,291,532,203,708,145,5,750,,19:14,1
2008-09,1885,Lamar Odom,Lamar,1610612747,LAL,Los Angeles Lakers,0040800314,2009-05-25T00:00:00,LAL @ DEN,L,29.78,1,8,0.125,1,2,0.5,2,4,0.5,4,4,8,1,3,1,0,1,5,2,5,-11,16.1,0,0,17.0,1,868,868,868,682,1119,660,1388,300,538,176,481,355,723,56,403,198,729,132,300,505,1168,1564,597,1003,1461,876,145,5,789,,29:47,1
2008-09,200770,Jordan Farmar,Jordan,1610612747,LAL,Los Angeles Lakers,0040800314,2009-05-25T00:00:00,LAL @ DEN,L,14.003333333333334,3,7,0.429,2,5,0.4,2,3,0.667,0,3,3,2,1,0,0,1,0,2,10,-5,15.6,0,0,17.0,1,868,868,868,1233,708,764,810,139,159,374,481,510,612,848,569,748,488,569,778,505,1168,1,597,663,1171,895,145,5,789,,14:00,1
2008-09,101132,Linas Kleiza,Linas,1610612743,DEN,Denver Nuggets,0040800314,2009-05-25T00:00:00,DEN vs. LAL,W,13.036666666666667,3,5,0.6,2,3,0.667,2,2,1.0,0,2,2,0,0,0,0,0,2,2,10,6,12.4,0,0,14.0,1,1,1,1,1270,708,946,323,139,391,116,481,591,1,848,788,973,1072,1046,778,505,1,667,597,663,431,1029,145,5,905,,13:02,1
2008-09,2575,Luke Walton,Luke,1610612747,LAL,Los Angeles Lakers,0040800314,2009-05-25T00:00:00,LAL @ DEN,L,12.653333333333334,0,2,0.0,0,1,0.0,0,0,0.0,1,2,3,5,0,1,1,0,6,1,0,-2,17.1,0,0,12.0,1,868,868,868,1281,1397,1295,1397,635,730,635,930,991,930,423,788,748,142,1046,300,189,1,1699,835,1447,949,824,145,5,1002,,12:39,1
2008-09,965,Derek Fisher,Derek,1610612747,LAL,Los Angeles Lakers,0040800314,2009-05-25T00:00:00,LAL @ DEN,L,23.216666666666665,2,7,0.286,1,5,0.2,0,0,0.0,0,1,1,1,1,1,0,0,1,0,5,-6,9.7,0,0,10.0,1,868,868,868,904,875,764,1183,300,159,578,930,991,930,848,1051,1206,729,569,300,505,1,310,1205,1003,1235,1149,145,5,1103,,23:13,1
2008-09,2756,Sasha Vujacic,Sasha,1610612747,LAL,Los Angeles Lakers,0040800314,2009-05-25T00:00:00,LAL @ DEN,L,15.5,2,4,0.5,2,4,0.5,0,1,0.0,0,1,1,0,1,0,0,0,0,0,6,-9,6.2,0,0,9.0,1,868,868,868,1177,875,1064,492,139,253,176,930,920,930,848,1051,1206,1072,569,778,505,1,1,1205,918,1389,1296,145,5,1144,,15:30,1
2008-09,1853,Anthony Carter,Anthony,1610612743,DEN,Denver Nuggets,0040800314,2009-05-25T00:00:00,DEN vs. LAL,W,5.986666666666666,1,1,1.0,0,0,0.0,0,0,0.0,0,2,2,2,1,0,0,0,2,0,2,-2,6.4,0,0,6.0,1,1,1,1,1490,1119,1432,1,635,979,635,930,991,930,848,788,973,488,569,778,505,1,667,1205,1253,949,1284,145,5,1274,,5:59,1
2008-09,2772,Trevor Ariza,Trevor,1610612747,LAL,Los Angeles Lakers,0040800314,2009-05-25T00:00:00,LAL @ DEN,L,25.696666666666665,1,4,0.25,1,3,0.333,0,2,0.0,0,1,1,1,1,0,0,1,5,2,3,-8,4.7,0,0,6.0,1,868,868,868,828,1119,1064,1224,300,391,422,930,591,930,848,1051,1206,729,569,778,505,1168,1564,597,1188,1347,1382,145,5,1274,,25:42,1
2008-09,200769,Shannon Brown,Shannon,1610612747,LAL,Los Angeles Lakers,0040800314,2009-05-25T00:00:00,LAL @ DEN,L,15.516666666666667,1,4,0.25,0,1,0.0,1,2,0.5,0,1,1,0,2,0,0,1,2,1,3,-13,2.2,0,0,4.0,1,868,868,868,1176,1119,1064,1224,635,730,635,748,591,723,848,1051,1206,1072,289,778,505,1168,667,835,1188,1527,1519,145,5,1395,,15:31,1
2008-09,200764,Renaldo Balkman,Renaldo,1610612743,DEN,Denver Nuggets,0040800314,2009-05-25T00:00:00,DEN vs. LAL,W,1.6383333333333334,0,2,0.0,0,0,0.0,0,0,0.0,1,0,1,0,0,1,0,2,1,0,0,0,4.2,0,0,3.0,1,1,1,1,1675,1397,1295,1397,635,979,635,930,991,930,423,1379,1206,1072,1046,300,505,1565,310,1205,1447,769,1414,145,5,1443,,1:38,1
2008-09,101130,Johan Petro,Johan,1610612743,DEN,Denver Nuggets,0040800314,2009-05-25T00:00:00,DEN vs. LAL,W,1.0166666666666666,0,1,0.0,0,0,0.0,0,0,0.0,0,0,0,0,0,0,0,0,0,0,0,0,0.0,0,0,0.0,1,1,1,1,1696,1397,1432,1397,635,979,635,930,991,930,848,1379,1447,1072,1046,778,505,1,1,1205,1447,769,1610,145,5,1611,,1:01,1
2008-09,2788,DJ Mbenga,DJ,1610612747,LAL,Los Angeles Lakers,0040800314,2009-05-25T00:00:00,LAL @ DEN,L,1.0166666666666666,0,1,0.0,0,0,0.0,0,0,0.0,0,0,0,0,0,0,0,0,0,0,0,0,0.0,0,0,0.0,1,868,868,868,1696,1397,1432,1397,635,979,635,930,991,930,848,1379,1447,1072,1046,778,505,1,1,1205,1447,769,1610,145,5,1611,,1:01,1
2008-09,2078,Jason Hart,Jason,1610612743,DEN,Denver Nuggets,0040800314,2009-05-25T00:00:00,DEN vs. LAL,W,0.63,0,0,0.0,0,0,0.0,0,0,0.0,0,0,0,0,0,0,0,0,0,0,0,0,0.0,0,0,0.0,1,1,1,1,1717,1397,1595,1397,635,979,635,930,991,930,848,1379,1447,1072,1046,778,505,1,1,1205,1447,769,1610,145,5,1611,,0:38,1
2008-09,2694,Josh Powell,Josh,1610612747,LAL,Los Angeles Lakers,0040800314,2009-05-25T00:00:00,LAL @ DEN,L,2.716666666666667,0,1,0.0,0,0,0.0,0,0,0.0,0,0,0,0,0,0,0,0,0,0,0,-8,0.0,0,0,0.0,1,868,868,868,1635,1397,1432,1397,635,979,635,930,991,930,848,1379,1447,1072,1046,778,505,1,1,1205,1447,1347,1610,145,5,1611,,2:43,1
2008-09,2544,LeBron James,LeBron,1610612739,CLE,Cleveland Cavaliers,0040800303,2009-05-24T00:00:00,CLE @ ORL,L,41.95,11,28,0.393,1,8,0.125,18,24,0.75,0,7,7,9,2,2,1,3,3,12,41,-12,69.9,0,0,64.0,1,868,868,868,151,42,10,946,300,38,629,1,1,532,848,140,272,25,289,89,189,1698,1025,6,9,1497,8,145,5,9,,41:57,1
2008-09,2730,Dwight Howard,Dwight,1610612753,ORL,Orlando Magic,0040800303,2009-05-24T00:00:00,ORL vs. CLE,W,27.898333333333333,5,8,0.625,0,0,0.0,14,19,0.737,4,5,9,2,1,0,0,1,6,12,24,9,36.8,0,0,35.0,1,1,1,1,744,396,660,290,635,979,635,8,2,597,56,281,149,488,569,778,505,1168,1699,6,124,328,250,145,5,234,,27:54,1
2008-09,1747,Rafer Alston,Rafer,1610612753,ORL,Orlando Magic,0040800303,2009-05-24T00:00:00,ORL vs. CLE,W,36.88666666666666,6,13,0.462,2,4,0.5,4,4,1.0,0,4,4,3,3,3,0,1,2,2,18,17,33.3,0,0,33.0,1,1,1,1,398,285,297,727,139,253,176,259,355,1,848,403,588,317,132,31,505,1168,667,597,265,132,328,145,5,282,,36:53,1
2008-09,2045,Hedo Turkoglu,Hedo,1610612753,ORL,Orlando Magic,0040800303,2009-05-24T00:00:00,ORL vs. CLE,W,41.38333333333333,1,11,0.091,0,1,0.0,11,12,0.917,0,10,10,7,3,1,0,0,2,9,13,20,35.5,1,0,32.0,1,1,1,1,183,1119,430,1394,635,730,635,28,43,389,848,50,104,63,132,300,505,1,667,30,470,83,288,1,5,310,,41:23,1
2008-09,2554,Mickael Pietrus,Mickael,1610612753,ORL,Orlando Magic,0040800303,2009-05-24T00:00:00,ORL vs. CLE,W,26.063333333333333,4,9,0.444,1,5,0.2,7,7,1.0,3,3,6,0,3,2,2,0,3,6,16,-2,32.2,0,0,31.0,1,1,1,1,814,552,571,770,300,159,578,92,167,1,106,569,351,1072,132,89,71,1,1025,131,334,949,355,145,5,328,,26:04,1
2008-09,2590,Mo Williams,Mo,1610612739,CLE,Cleveland Cavaliers,0040800303,2009-05-24T00:00:00,CLE @ ORL,L,41.845,5,16,0.313,3,10,0.3,2,3,0.667,3,4,7,3,5,0,0,0,4,3,15,-9,22.9,0,0,28.0,1,868,868,868,154,396,167,1153,59,11,512,481,510,612,106,403,272,317,21,778,505,1,1326,409,367,1389,619,145,5,407,,41:51,1
2008-09,201584,Courtney Lee,Courtney,1610612753,ORL,Orlando Magic,0040800303,2009-05-24T00:00:00,ORL vs. CLE,W,37.38333333333333,4,9,0.444,1,2,0.5,0,0,0.0,1,3,4,3,1,3,0,1,1,0,9,8,26.3,0,0,23.0,1,1,1,1,380,552,571,770,300,538,176,930,991,930,423,569,588,317,569,31,505,1168,310,1205,726,362,504,145,5,561,,37:23,1
2008-09,980,Zydrunas Ilgauskas,Zydrunas,1610612739,CLE,Cleveland Cavaliers,0040800303,2009-05-24T00:00:00,CLE @ ORL,L,30.883333333333333,3,10,0.3,0,3,0.0,3,4,0.75,1,8,9,1,0,0,1,0,6,3,9,-9,24.3,0,0,21.0,1,868,868,868,640,708,492,1168,635,391,635,367,355,532,423,90,149,729,1046,778,189,1,1699,409,726,1389,566,145,5,634,,30:53,1
2008-09,1740,Rashard Lewis,Rashard,1610612753,ORL,Orlando Magic,0040800303,2009-05-24T00:00:00,ORL vs. CLE,W,39.53333333333333,5,8,0.625,2,4,0.5,3,5,0.6,0,2,2,1,2,0,0,0,5,3,15,10,16.9,0,0,20.0,1,1,1,1,282,396,660,290,139,253,176,367,294,694,848,788,973,729,289,778,505,1,1564,409,367,293,831,145,5,666,,39:32,1
2008-09,2753,Delonte West,Delonte,1610612739,CLE,Cleveland Cavaliers,0040800303,2009-05-24T00:00:00,CLE @ ORL,L,42.66166666666667,5,11,0.455,1,2,0.5,1,2,0.5,0,1,1,3,4,1,0,1,5,1,12,-13,16.7,0,0,19.0,1,868,868,868,127,396,430,744,300,538,176,748,591,723,848,1051,1206,317,53,300,505,1168,1564,835,532,1527,842,145,5,709,,42:40,1
2008-09,693,Joe Smith,Joe,1610612739,CLE,Cleveland Cavaliers,0040800303,2009-05-24T00:00:00,CLE @ ORL,L,19.295,2,6,0.333,0,0,0.0,0,0,0.0,0,4,4,0,0,2,1,0,3,0,4,0,17.8,0,0,14.0,1,868,868,868,1032,875,846,1037,635,979,635,930,991,930,848,403,588,1072,1046,89,189,1,1025,1205,1077,769,791,145,5,905,,19:18,1
2008-09,101162,Marcin Gortat,Marcin,1610612753,ORL,Orlando Magic,0040800303,2009-05-24T00:00:00,ORL vs. CLE,W,23.618333333333332,2,3,0.667,0,0,0.0,0,2,0.0,0,5,5,0,0,0,2,0,2,1,4,-2,16.0,0,0,13.0,1,1,1,1,895,875,1176,194,635,979,635,930,591,930,848,281,442,1072,1046,778,71,1,667,835,1077,949,878,145,5,940,,23:37,1
2008-09,1112,Ben Wallace,Ben,1610612739,CLE,Cleveland Cavaliers,0040800303,2009-05-24T00:00:00,CLE @ ORL,L,15.088333333333333,2,2,1.0,0,0,0.0,0,0,0.0,4,2,6,0,1,0,0,0,3,3,4,-3,10.2,0,0,10.0,1,868,868,868,1195,875,1295,1,635,979,635,930,991,930,56,788,351,1072,569,778,505,1,1025,409,1077,1039,1133,145,5,1103,,15:05,1
2008-09,2760,Anderson Varejao,Anderson,1610612739,CLE,Cleveland Cavaliers,0040800303,2009-05-24T00:00:00,CLE @ ORL,L,20.246666666666666,1,2,0.5,0,0,0.0,2,2,1.0,3,1,4,0,2,1,0,0,6,2,4,-2,9.8,0,0,10.0,1,868,868,868,1003,1119,1295,492,635,979,635,481,591,1,106,1051,588,1072,289,300,505,1,1699,597,1077,949,1145,145,5,1103,,20:15,1
2008-09,2562,Sasha Pavlovic,Sasha,1610612739,CLE,Cleveland Cavaliers,0040800303,2009-05-24T00:00:00,CLE @ ORL,L,25.066666666666666,0,2,0.0,0,2,0.0,0,0,0.0,0,4,4,1,1,1,0,0,3,0,0,0,8.3,0,0,7.0,1,868,868,868,842,1397,1295,1397,635,538,635,930,991,930,848,403,588,729,569,300,505,1,1025,1205,1447,769,1209,145,5,1230,,25:04,1
2008-09,1499,Tony Battie,Tony,1610612753,ORL,Orlando Magic,0040800303,2009-05-24T00:00:00,ORL vs. CLE,W,0.9666666666666667,0,0,0.0,0,0,0.0,0,0,0.0,0,0,0,0,0,0,0,0,1,0,0,0,0.0,0,0,0.0,1,1,1,1,1700,1397,1595,1397,635,979,635,930,991,930,848,1379,1447,1072,1046,778,505,1,310,1205,1447,769,1610,145,5,1611,,0:58,1
2008-09,200789,Daniel Gibson,Daniel,1610612739,CLE,Cleveland Cavaliers,0040800303,2009-05-24T00:00:00,CLE @ ORL,L,2.941666666666667,0,1,0.0,0,1,0.0,0,0,0.0,0,0,0,0,0,0,0,0,0,0,0,-1,0.0,0,0,0.0,1,868,868,868,1623,1397,1432,1397,635,730,635,930,991,930,848,1379,1447,1072,1046,778,505,1,1,1205,1447,871,1610,145,5,1611,,2:57,1
2008-09,200814,Tarence Kinsey,Tarence,1610612739,CLE,Cleveland Cavaliers,0040800303,2009-05-24T00:00:00,CLE @ ORL,L,0.021666666666666667,0,0,0.0,0,0,0.0,0,0,0.0,0,0,0,0,0,0,0,0,1,0,0,-1,0.0,0,0,0.0,1,868,868,868,1740,1397,1595,1397,635,979,635,930,991,930,848,1379,1447,1072,1046,778,505,1,310,1205,1447,871,1610,145,5,1611,,0:01,1
2008-09,1533,Anthony Johnson,Anthony,1610612753,ORL,Orlando Magic,0040800303,2009-05-24T00:00:00,ORL vs. CLE,W,6.266666666666667,0,2,0.0,0,1,0.0,0,2,0.0,0,0,0,0,0,0,0,0,2,1,0,-10,0.0,0,0,0.0,1,1,1,1,1478,1397,1295,1397,635,730,635,930,591,930,848,1379,1447,1072,1046,778,505,1,667,835,1447,1433,1610,145,5,1611,,6:16,1
2008-09,977,Kobe Bryant,Kobe,1610612747,LAL,Los Angeles Lakers,0040800313,2009-05-23T00:00:00,LAL @ DEN,W,41.21666666666667,12,24,0.5,2,5,0.4,15,17,0.882,1,5,6,5,1,2,0,2,4,10,41,4,60.7,0,0,58.0,1,1,1,1,189,25,25,492,139,159,374,5,6,407,423,281,351,142,569,89,505,1565,1326,20,9,525,21,145,5,15,,41:13,1
2008-09,1497,Chauncey Billups,Chauncey,1610612743,DEN,Denver Nuggets,0040800313,2009-05-23T00:00:00,DEN vs. LAL,L,40.1,5,15,0.333,2,7,0.286,6,7,0.857,0,6,6,7,4,2,0,1,1,4,18,-1,37.7,0,0,37.0,1,868,868,868,248,396,198,1037,139,57,515,132,167,425,848,203,351,63,53,89,505,1168,310,291,265,871,222,145,5,187,,40:06,1
2008-09,2546,Carmelo Anthony,Carmelo,1610612743,DEN,Denver Nuggets,0040800313,2009-05-23T00:00:00,DEN vs. LAL,L,37.485,4,13,0.308,1,7,0.143,12,14,0.857,0,5,5,3,4,3,0,2,6,10,21,-3,36.5,0,0,36.0,1,868,868,868,378,552,297,1156,300,57,624,15,20,425,848,281,442,317,53,31,505,1565,1699,20,183,1039,258,145,5,206,,37:29,1
2008-09,2200,Pau Gasol,Pau,1610612747,LAL,Los Angeles Lakers,0040800313,2009-05-23T00:00:00,LAL @ DEN,W,42.88333333333333,7,12,0.583,0,0,0.0,6,8,0.75,1,10,11,1,2,0,1,1,2,6,20,9,35.7,1,0,34.0,1,1,1,1,117,199,364,378,635,979,635,132,118,532,423,50,83,729,289,778,189,1168,667,131,212,328,282,1,5,263,,42:53,1
2008-09,2772,Trevor Ariza,Trevor,1610612747,LAL,Los Angeles Lakers,0040800313,2009-05-23T00:00:00,LAL @ DEN,W,32.05,5,8,0.625,3,5,0.6,3,4,0.75,1,3,4,2,1,2,1,0,4,2,16,8,31.8,0,0,31.0,1,1,1,1,589,396,660,290,59,159,151,367,355,532,423,569,588,488,569,89,189,1,1326,597,334,362,368,145,5,328,,32:03,1
2008-09,2365,Chris Andersen,Chris,1610612743,DEN,Denver Nuggets,0040800313,2009-05-23T00:00:00,DEN vs. LAL,L,23.916666666666668,6,9,0.667,0,0,0.0,3,4,0.75,2,5,7,0,0,0,3,1,2,2,15,-6,32.4,0,0,28.0,1,868,868,868,887,285,571,194,635,979,635,367,355,532,220,281,272,1072,1046,778,30,1168,667,597,367,1235,353,145,5,407,,23:55,1
2008-09,2747,JR Smith,JR,1610612743,DEN,Denver Nuggets,0040800313,2009-05-23T00:00:00,DEN vs. LAL,L,26.35,4,15,0.267,2,10,0.2,0,0,0.0,2,1,3,6,1,1,0,1,4,2,10,-5,24.6,0,0,23.0,1,868,868,868,805,552,198,1220,139,11,578,930,991,930,220,1051,748,100,569,300,505,1168,1326,597,663,1171,553,145,5,561,,26:21,1
2008-09,2403,Nene,ene,1610612743,DEN,Denver Nuggets,0040800313,2009-05-23T00:00:00,DEN vs. LAL,L,31.25,5,9,0.556,0,0,0.0,3,4,0.75,1,5,6,1,1,1,0,0,5,4,13,-2,23.7,0,0,22.0,1,868,868,868,623,396,571,427,635,979,635,367,355,532,423,281,351,729,569,300,505,1,1564,291,470,949,596,145,5,601,,31:15,1
2008-09,2030,Kenyon Martin,Kenyon,1610612743,DEN,Denver Nuggets,0040800313,2009-05-23T00:00:00,DEN vs. LAL,L,34.60666666666667,3,10,0.3,0,0,0.0,0,0,0.0,2,5,7,1,1,0,2,1,6,1,6,-7,20.9,0,0,18.0,1,868,868,868,479,708,492,1168,635,979,635,930,991,930,220,281,272,729,569,778,71,1168,1699,835,918,1305,679,145,5,750,,34:36,1
2008-09,101115,Andrew Bynum,Andrew,1610612747,LAL,Los Angeles Lakers,0040800313,2009-05-23T00:00:00,LAL @ DEN,W,20.783333333333335,2,6,0.333,0,0,0.0,3,6,0.5,0,4,4,0,1,0,3,0,3,3,7,1,19.8,0,0,17.0,1,1,1,1,984,875,846,1037,635,979,635,367,202,723,848,403,588,1072,569,778,30,1,1025,409,853,703,722,145,5,789,,20:47,1
2008-09,1885,Lamar Odom,Lamar,1610612747,LAL,Los Angeles Lakers,0040800313,2009-05-23T00:00:00,LAL @ DEN,W,29.883333333333333,2,5,0.4,0,2,0.0,4,6,0.667,3,4,7,1,1,0,0,1,4,4,8,3,16.9,0,0,16.0,1,1,1,1,678,875,946,867,635,538,635,259,202,612,106,403,272,729,569,778,505,1168,1326,291,776,588,831,145,5,826,,29:53,1
2008-09,965,Derek Fisher,Derek,1610612747,LAL,Los Angeles Lakers,0040800313,2009-05-23T00:00:00,LAL @ DEN,W,26.216666666666665,2,6,0.333,0,1,0.0,0,2,0.0,2,1,3,2,2,3,0,0,2,3,4,4,17.6,0,0,15.0,1,1,1,1,810,875,846,1037,635,730,635,930,591,930,220,1051,748,488,289,31,505,1,667,409,1077,525,806,145,5,864,,26:13,1
2008-09,2563,Dahntay Jones,Dahntay,1610612743,DEN,Denver Nuggets,0040800313,2009-05-23T00:00:00,DEN vs. LAL,L,17.466666666666665,4,6,0.667,0,0,0.0,2,2,1.0,1,1,2,1,0,1,0,1,5,1,10,-2,16.9,0,0,15.0,1,868,868,868,1101,552,846,194,635,979,635,481,591,1,423,1051,973,729,1046,300,505,1168,1564,835,663,949,831,145,5,864,,17:28,1
2008-09,101132,Linas Kleiza,Linas,1610612743,DEN,Denver Nuggets,0040800313,2009-05-23T00:00:00,DEN vs. LAL,L,13.818333333333333,2,6,0.333,0,2,0.0,0,0,0.0,2,4,6,1,0,1,0,0,0,0,4,3,15.7,0,0,13.0,1,868,868,868,1241,875,846,1037,635,538,635,930,991,930,220,403,351,729,1046,300,505,1,1,1205,1077,588,890,145,5,940,,13:49,1
2008-09,2756,Sasha Vujacic,Sasha,1610612747,LAL,Los Angeles Lakers,0040800313,2009-05-23T00:00:00,LAL @ DEN,W,11.55,1,4,0.25,1,3,0.333,0,0,0.0,0,2,2,0,1,0,1,0,2,1,3,-5,7.4,0,0,8.0,1,1,1,1,1323,1119,1064,1224,300,391,422,930,991,930,848,788,973,1072,569,778,189,1,667,835,1188,1171,1243,145,5,1186,,11:33,1
2008-09,200770,Jordan Farmar,Jordan,1610612747,LAL,Los Angeles Lakers,0040800313,2009-05-23T00:00:00,LAL @ DEN,W,13.533333333333333,1,3,0.333,0,1,0.0,0,0,0.0,0,2,2,3,3,0,0,1,2,0,2,-4,5.9,0,0,7.0,1,1,1,1,1252,1119,1176,1037,635,730,635,930,991,930,848,788,973,317,132,778,505,1168,667,1205,1253,1113,1322,145,5,1230,,13:32,1
2008-09,200769,Shannon Brown,Shannon,1610612747,LAL,Los Angeles Lakers,0040800313,2009-05-23T00:00:00,LAL @ DEN,W,8.25,1,3,0.333,0,2,0.0,0,0,0.0,0,1,1,0,0,0,1,0,1,0,2,6,6.2,0,0,5.0,1,1,1,1,1422,1119,1176,1037,635,538,635,930,991,930,848,1051,1206,1072,1046,778,189,1,310,1205,1253,431,1296,145,5,1326,,8:15,1
2008-09,1853,Anthony Carter,Anthony,1610612743,DEN,Denver Nuggets,0040800313,2009-05-23T00:00:00,DEN vs. LAL,L,15.006666666666666,0,1,0.0,0,1,0.0,0,0,0.0,1,0,1,1,0,1,0,0,2,0,0,-7,5.7,0,0,4.0,1,868,868,868,1198,1397,1432,1397,635,730,635,930,991,930,423,1379,1206,729,1046,300,505,1,667,1205,1447,1305,1331,145,5,1395,,15:00,1
2008-09,2575,Luke Walton,Luke,1610612747,LAL,Los Angeles Lakers,0040800313,2009-05-23T00:00:00,LAL @ DEN,W,13.633333333333333,0,1,0.0,0,0,0.0,0,2,0.0,0,3,3,1,0,0,0,0,0,2,0,4,5.1,0,0,4.0,1,1,1,1,1247,1397,1432,1397,635,979,635,930,591,930,848,569,748,729,1046,778,505,1,1,597,1447,525,1366,145,5,1395,,13:38,1
2008-09,2544,LeBron James,LeBron,1610612739,CLE,Cleveland Cavaliers,0040800302,2009-05-22T00:00:00,CLE vs. ORL,W,42.53333333333333,12,23,0.522,1,3,0.333,10,12,0.833,2,2,4,5,6,1,0,2,3,10,35,-7,44.3,0,0,47.0,1,1,1,1,128,25,35,488,300,391,422,39,43,442,220,788,588,142,13,300,505,1565,1025,20,26,1305,122,145,5,79,,42:32,1
2008-09,2730,Dwight Howard,Dwight,1610612753,ORL,Orlando Magic,0040800302,2009-05-22T00:00:00,ORL @ CLE,L,38.096666666666664,3,8,0.375,0,0,0.0,4,8,0.5,4,14,18,4,4,1,2,3,4,7,10,-5,42.6,1,0,38.0,1,868,868,868,349,708,660,978,635,979,635,259,118,723,56,7,7,208,53,300,71,1698,1326,81,663,1171,144,1,5,169,,38:06,1
2008-09,1740,Rashard Lewis,Rashard,1610612753,ORL,Orlando Magic,0040800302,2009-05-22T00:00:00,ORL @ CLE,L,43.15,6,15,0.4,4,7,0.571,7,9,0.778,0,5,5,1,0,2,0,1,3,7,23,3,36.5,0,0,37.0,1,868,868,868,109,285,198,867,24,57,163,92,86,519,848,281,442,729,1046,89,505,1168,1025,81,146,588,258,145,5,187,,43:09,1
2008-09,980,Zydrunas Ilgauskas,Zydrunas,1610612739,CLE,Cleveland Cavaliers,0040800302,2009-05-22T00:00:00,CLE vs. ORL,W,32.23166666666667,5,13,0.385,0,2,0.0,2,2,1.0,4,11,15,2,1,0,2,2,2,1,12,8,38.0,1,0,33.0,1,1,1,1,579,396,297,956,635,538,635,481,591,1,56,35,23,488,569,778,71,1565,667,835,532,362,216,1,5,282,,32:14,1
2008-09,2590,Mo Williams,Mo,1610612739,CLE,Cleveland Cavaliers,0040800302,2009-05-22T00:00:00,CLE vs. ORL,W,42.215,7,21,0.333,1,6,0.167,4,5,0.8,0,5,5,5,3,1,0,2,3,3,19,0,32.5,0,0,32.0,1,1,1,1,140,199,55,1037,300,97,607,259,294,487,848,281,442,142,132,300,505,1565,1025,409,236,769,350,145,5,310,,42:13,1
2008-09,2045,Hedo Turkoglu,Hedo,1610612753,ORL,Orlando Magic,0040800302,2009-05-22T00:00:00,ORL @ CLE,L,40.39833333333333,9,17,0.529,2,4,0.5,1,2,0.5,1,1,2,4,2,1,0,0,5,5,21,-2,30.4,0,0,31.0,1,868,868,868,236,97,130,475,139,253,176,748,591,723,423,1051,973,208,289,300,505,1,1564,197,183,949,405,145,5,328,,40:24,1
2008-09,2753,Delonte West,Delonte,1610612739,CLE,Cleveland Cavaliers,0040800302,2009-05-22T00:00:00,CLE vs. ORL,W,45.56333333333333,4,7,0.571,1,4,0.25,3,3,1.0,0,5,5,1,1,1,1,0,3,3,12,10,24.5,0,0,23.0,1,1,1,1,43,552,764,394,300,253,524,367,510,1,848,281,442,729,569,300,189,1,1025,409,532,293,559,145,5,561,,45:34,1
2008-09,2554,Mickael Pietrus,Mickael,1610612753,ORL,Orlando Magic,0040800302,2009-05-22T00:00:00,ORL @ CLE,L,17.018333333333334,4,5,0.8,2,3,0.667,0,0,0.0,1,0,1,0,1,0,2,0,4,1,10,0,16.2,0,0,17.0,1,868,868,868,1122,552,946,123,139,391,116,930,991,930,423,1379,1206,1072,569,778,71,1,1326,835,663,769,868,145,5,789,,17:01,1
2008-09,2562,Sasha Pavlovic,Sasha,1610612739,CLE,Cleveland Cavaliers,0040800302,2009-05-22T00:00:00,CLE vs. ORL,W,21.965,4,7,0.571,1,3,0.333,0,1,0.0,0,1,1,2,0,1,0,1,3,2,9,-1,16.2,0,0,15.0,1,1,1,1,942,552,764,394,300,391,422,930,920,930,848,1051,1206,488,1046,300,505,1168,1025,597,726,871,868,145,5,864,,21:58,1
2008-09,1747,Rafer Alston,Rafer,1610612753,ORL,Orlando Magic,0040800302,2009-05-22T00:00:00,ORL @ CLE,L,28.498333333333335,1,7,0.143,0,3,0.0,2,2,1.0,0,1,1,2,1,1,2,0,3,1,4,3,16.2,0,0,13.0,1,868,868,868,723,1119,764,1379,635,391,635,481,591,1,848,1051,1206,488,569,300,71,1,1025,835,1077,588,868,145,5,940,,28:30,1
2008-09,2760,Anderson Varejao,Anderson,1610612739,CLE,Cleveland Cavaliers,0040800302,2009-05-22T00:00:00,CLE vs. ORL,W,29.55,2,5,0.4,0,0,0.0,0,1,0.0,1,3,4,1,1,1,1,0,4,3,4,-12,15.3,0,0,13.0,1,1,1,1,688,875,946,867,635,979,635,930,920,930,423,569,588,729,569,300,189,1,1326,409,1077,1497,915,145,5,940,,29:33,1
2008-09,201584,Courtney Lee,Courtney,1610612753,ORL,Orlando Magic,0040800302,2009-05-22T00:00:00,ORL @ CLE,L,33.535,4,9,0.444,1,3,0.333,2,2,1.0,0,0,0,1,3,0,0,0,2,1,11,-6,9.5,0,0,13.0,1,868,868,868,521,552,571,770,300,391,422,481,591,1,848,1379,1447,729,132,778,505,1,667,835,612,1235,1156,145,5,940,,33:32,1
2008-09,1533,Anthony Johnson,Anthony,1610612753,ORL,Orlando Magic,0040800302,2009-05-22T00:00:00,ORL @ CLE,L,15.833333333333334,2,4,0.5,0,1,0.0,1,2,0.5,0,0,0,4,0,1,0,0,1,2,5,0,14.0,0,0,11.0,1,868,868,868,1167,875,1064,492,635,730,635,748,591,723,848,1379,1447,208,1046,300,505,1,310,597,1003,769,965,145,5,1061,,15:50,1
2008-09,101162,Marcin Gortat,Marcin,1610612753,ORL,Orlando Magic,0040800302,2009-05-22T00:00:00,ORL @ CLE,L,9.903333333333334,2,2,1.0,0,0,0.0,0,0,0.0,1,2,3,0,0,0,1,0,2,0,4,4,10.6,0,0,9.0,1,868,868,868,1369,875,1295,1,635,979,635,930,991,930,423,788,748,1072,1046,778,189,1,667,1205,1077,525,1120,145,5,1144,,9:54,1
2008-09,693,Joe Smith,Joe,1610612739,CLE,Cleveland Cavaliers,0040800302,2009-05-22T00:00:00,CLE vs. ORL,W,8.85,1,1,1.0,1,1,1.0,2,2,1.0,0,2,2,0,0,0,0,0,5,1,5,14,7.4,0,0,8.0,1,1,1,1,1396,1119,1432,1,300,730,1,481,591,1,848,788,973,1072,1046,778,505,1,1564,835,1003,192,1243,145,5,1186,,8:51,1
2008-09,200755,JJ Redick,JJ,1610612753,ORL,Orlando Magic,0040800302,2009-05-22T00:00:00,ORL @ CLE,L,9.783333333333333,3,4,0.75,1,2,0.5,0,0,0.0,0,0,0,0,1,0,0,0,1,0,7,2,6.0,0,0,8.0,1,868,868,868,1374,708,1064,143,300,538,176,930,991,930,848,1379,1447,1072,569,778,505,1,310,1205,853,653,1312,145,5,1186,,9:47,1
2008-09,1112,Ben Wallace,Ben,1610612739,CLE,Cleveland Cavaliers,0040800302,2009-05-22T00:00:00,CLE vs. ORL,W,16.551666666666666,0,0,0.0,0,0,0.0,0,0,0.0,1,1,2,1,0,0,0,0,1,2,0,-3,3.9,0,0,3.0,1,1,1,1,1142,1397,1595,1397,635,979,635,930,991,930,423,1051,973,729,1046,778,505,1,310,597,1447,1039,1430,145,5,1443,,16:33,1
2008-09,200814,Tarence Kinsey,Tarence,1610612739,CLE,Cleveland Cavaliers,0040800302,2009-05-22T00:00:00,CLE vs. ORL,W,0.27,0,0,0.0,0,0,0.0,0,0,0.0,0,0,0,0,0,0,0,0,0,0,0,-2,0.0,0,0,0.0,1,1,1,1,1731,1397,1595,1397,635,979,635,930,991,930,848,1379,1447,1072,1046,778,505,1,1,1205,1447,949,1610,145,5,1611,,0:16,1
2008-09,200789,Daniel Gibson,Daniel,1610612739,CLE,Cleveland Cavaliers,0040800302,2009-05-22T00:00:00,CLE vs. ORL,W,0.27,0,0,0.0,0,0,0.0,0,0,0.0,0,0,0,0,0,0,0,0,0,0,0,-2,0.0,0,0,0.0,1,1,1,1,1731,1397,1595,1397,635,979,635,930,991,930,848,1379,1447,1072,1046,778,505,1,1,1205,1447,949,1610,145,5,1611,,0:16,1
2008-09,1499,Tony Battie,Tony,1610612753,ORL,Orlando Magic,0040800302,2009-05-22T00:00:00,ORL @ CLE,L,3.783333333333333,0,0,0.0,0,0,0.0,0,0,0.0,0,0,0,0,0,0,0,0,0,0,0,-4,0.0,0,0,0.0,1,868,868,868,1573,1397,1595,1397,635,979,635,930,991,930,848,1379,1447,1072,1046,778,505,1,1,1205,1447,1113,1610,145,5,1611,,3:47,1
2008-09,2546,Carmelo Anthony,Carmelo,1610612743,DEN,Denver Nuggets,0040800312,2009-05-21T00:00:00,DEN @ LAL,W,42.016666666666666,12,29,0.414,0,6,0.0,10,14,0.714,5,4,9,4,4,1,1,4,3,11,34,9,52.8,0,0,51.0,1,1,1,1,149,25,6,860,635,97,635,39,20,598,22,403,149,208,53,300,189,1731,1025,12,31,328,63,145,5,53,,42:01,1
2008-09,977,Kobe Bryant,Kobe,1610612747,LAL,Los Angeles Lakers,0040800312,2009-05-21T00:00:00,LAL vs. DEN,L,39.7,10,20,0.5,2,4,0.5,10,10,1.0,2,3,5,3,2,1,1,1,4,7,32,0,46.5,0,0,46.0,1,868,868,868,276,65,72,492,139,253,176,39,68,1,220,569,442,317,289,300,189,1168,1326,81,41,769,107,145,5,84,,39:42,1
2008-09,2200,Pau Gasol,Pau,1610612747,LAL,Los Angeles Lakers,0040800312,2009-05-21T00:00:00,LAL vs. DEN,L,43.61666666666667,5,8,0.625,0,0,0.0,7,10,0.7,5,12,17,3,4,0,2,0,4,7,17,-5,43.9,1,0,41.0,1,868,868,868,89,396,660,290,635,979,635,92,68,605,22,18,11,317,53,778,71,1,1326,81,291,1171,126,1,5,129,,43:37,1
2008-09,1497,Chauncey Billups,Chauncey,1610612743,DEN,Denver Nuggets,0040800312,2009-05-21T00:00:00,DEN @ LAL,W,43.63333333333333,6,15,0.4,2,4,0.5,13,16,0.813,0,2,2,4,1,1,0,1,3,9,27,2,37.4,0,0,37.0,1,1,1,1,88,285,198,867,139,253,176,11,11,486,848,788,973,208,569,300,505,1168,1025,30,82,653,234,145,5,187,,43:38,1
2008-09,2772,Trevor Ariza,Trevor,1610612747,LAL,Los Angeles Lakers,0040800312,2009-05-21T00:00:00,LAL vs. DEN,L,33.428333333333335,6,7,0.857,2,2,1.0,6,8,0.75,0,3,3,2,3,4,0,0,2,5,20,-11,35.6,0,0,35.0,1,868,868,868,526,285,764,108,139,538,1,132,118,532,848,569,748,488,132,9,505,1,667,197,212,1461,283,145,5,234,,33:26,1
2008-09,2030,Kenyon Martin,Kenyon,1610612743,DEN,Denver Nuggets,0040800312,2009-05-21T00:00:00,DEN @ LAL,W,35.2,7,10,0.7,0,0,0.0,2,2,1.0,2,1,3,2,3,3,1,0,5,1,16,-7,31.6,0,0,29.0,1,1,1,1,457,199,492,182,635,979,635,481,591,1,220,1051,748,488,132,31,189,1,1564,835,334,1305,375,145,5,384,,35:12,1
2008-09,101132,Linas Kleiza,Linas,1610612743,DEN,Denver Nuggets,0040800312,2009-05-21T00:00:00,DEN @ LAL,W,21.683333333333334,5,8,0.625,4,7,0.571,2,2,1.0,3,5,8,0,0,0,0,0,2,1,16,16,25.6,0,0,28.0,1,1,1,1,954,396,660,290,24,57,163,481,591,1,106,281,198,1072,1046,778,505,1,667,835,334,154,520,145,5,407,,21:41,1
2008-09,1885,Lamar Odom,Lamar,1610612747,LAL,Los Angeles Lakers,0040800312,2009-05-21T00:00:00,LAL vs. DEN,L,29.616666666666667,4,9,0.444,0,1,0.0,2,2,1.0,5,4,9,2,0,1,2,0,5,1,10,0,32.8,0,0,27.0,1,868,868,868,686,552,571,770,635,730,635,481,591,1,22,403,149,488,1046,300,71,1,1564,835,663,769,342,145,5,435,,29:37,1
2008-09,2403,Nene,ene,1610612743,DEN,Denver Nuggets,0040800312,2009-05-21T00:00:00,DEN @ LAL,W,34.68333333333333,2,5,0.4,0,0,0.0,2,3,0.667,1,8,9,6,2,1,1,1,5,3,6,-9,29.8,0,0,25.0,1,1,1,1,472,875,946,867,635,979,635,481,510,612,423,90,149,100,289,300,189,1168,1564,409,918,1389,413,145,5,496,,34:41,1
2008-09,101115,Andrew Bynum,Andrew,1610612747,LAL,Los Angeles Lakers,0040800312,2009-05-21T00:00:00,LAL vs. DEN,L,18.45,4,8,0.5,0,0,0.0,1,3,0.333,0,2,2,0,0,1,1,2,1,4,9,7,17.4,0,0,15.0,1,868,868,868,1070,552,660,492,635,979,635,748,510,902,848,788,973,1072,1046,300,189,1565,310,291,726,402,814,145,5,864,,18:27,1
2008-09,2747,JR Smith,JR,1610612743,DEN,Denver Nuggets,0040800312,2009-05-21T00:00:00,DEN @ LAL,W,24.5,1,6,0.167,1,4,0.25,0,0,0.0,1,3,4,3,3,0,1,0,4,1,3,3,12.3,0,0,13.0,1,1,1,1,861,1119,846,1352,300,253,524,930,991,930,423,569,588,317,132,778,189,1,1326,835,1188,588,1037,145,5,940,,24:30,1
2008-09,200769,Shannon Brown,Shannon,1610612747,LAL,Los Angeles Lakers,0040800312,2009-05-21T00:00:00,LAL vs. DEN,L,16.778333333333332,3,8,0.375,1,1,1.0,1,2,0.5,1,1,2,1,0,0,0,0,2,1,8,-5,11.9,0,0,12.0,1,868,868,868,1130,708,660,978,300,730,1,748,591,723,423,1051,973,729,1046,778,505,1,667,835,776,1171,1063,145,5,1002,,16:47,1
2008-09,2563,Dahntay Jones,Dahntay,1610612743,DEN,Denver Nuggets,0040800312,2009-05-21T00:00:00,DEN @ LAL,W,12.633333333333333,1,4,0.25,0,0,0.0,0,0,0.0,2,1,3,1,0,2,0,0,5,0,2,-9,13.1,0,0,10.0,1,1,1,1,1283,1119,1064,1224,635,979,635,930,991,930,220,1051,748,729,1046,89,505,1,1564,1205,1253,1389,1004,145,5,1103,,12:38,1
2008-09,2575,Luke Walton,Luke,1610612747,LAL,Los Angeles Lakers,0040800312,2009-05-21T00:00:00,LAL vs. DEN,L,18.888333333333332,1,3,0.333,0,1,0.0,0,0,0.0,0,2,2,4,2,1,0,0,2,2,2,0,11.4,0,0,10.0,1,868,868,868,1053,1119,1176,1037,635,730,635,930,991,930,848,788,973,208,289,300,505,1,667,597,1253,769,1084,145,5,1103,,18:53,1
2008-09,965,Derek Fisher,Derek,1610612747,LAL,Los Angeles Lakers,0040800312,2009-05-21T00:00:00,LAL vs. DEN,L,27.705,1,9,0.111,1,5,0.2,0,0,0.0,0,1,1,3,2,1,0,1,5,1,3,2,9.7,0,0,10.0,1,868,868,868,750,1119,571,1390,300,159,578,930,991,930,848,1051,1206,317,289,300,505,1168,1564,835,1188,653,1149,145,5,1103,,27:42,1
2008-09,2365,Chris Andersen,Chris,1610612743,DEN,Denver Nuggets,0040800312,2009-05-21T00:00:00,DEN @ LAL,W,19.65,1,2,0.5,0,0,0.0,0,0,0.0,0,4,4,0,1,0,1,0,2,1,2,12,8.8,0,0,8.0,1,1,1,1,1021,1119,1295,492,635,979,635,930,991,930,848,403,588,1072,569,778,189,1,667,835,1253,231,1183,145,5,1186,,19:39,1
2008-09,200770,Jordan Farmar,Jordan,1610612747,LAL,Los Angeles Lakers,0040800312,2009-05-21T00:00:00,LAL vs. DEN,L,6.233333333333333,1,1,1.0,0,0,0.0,0,0,0.0,0,1,1,3,0,0,0,0,1,1,2,-5,7.7,0,0,6.0,1,868,868,868,1480,1119,1432,1,635,979,635,930,991,930,848,1051,1206,317,1046,778,505,1,310,835,1253,1171,1234,145,5,1274,,6:14,1
2008-09,1853,Anthony Carter,Anthony,1610612743,DEN,Denver Nuggets,0040800312,2009-05-21T00:00:00,DEN @ LAL,W,6.0,0,0,0.0,0,0,0.0,0,0,0.0,0,0,0,0,0,1,0,0,0,0,0,-2,3.0,0,0,2.0,1,1,1,1,1489,1397,1595,1397,635,979,635,930,991,930,848,1379,1447,1072,1046,300,505,1,1,1205,1447,949,1474,145,5,1494,,6:00,1
2008-09,2756,Sasha Vujacic,Sasha,1610612747,LAL,Los Angeles Lakers,0040800312,2009-05-21T00:00:00,LAL vs. DEN,L,5.583333333333333,0,4,0.0,0,1,0.0,0,0,0.0,0,1,1,0,0,0,0,1,1,0,0,2,1.2,0,0,1.0,1,868,868,868,1500,1397,1064,1397,635,730,635,930,991,930,848,1051,1206,1072,1046,778,505,1168,310,1205,1447,653,1567,145,5,1565,,5:35,1
2008-09,2544,LeBron James,LeBron,1610612739,CLE,Cleveland Cavaliers,0040800301,2009-05-20T00:00:00,CLE vs. ORL,L,41.233333333333334,20,30,0.667,3,6,0.5,6,10,0.6,3,3,6,8,2,2,3,0,1,9,49,7,81.2,0,0,76.0,1,868,868,868,187,1,5,194,59,97,176,132,68,694,106,569,351,38,289,89,30,1,310,30,2,402,1,145,5,1,,41:14,1
2008-09,2730,Dwight Howard,Dwight,1610612753,ORL,Orlando Magic,0040800301,2009-05-20T00:00:00,ORL @ CLE,W,38.02333333333333,14,20,0.7,0,0,0.0,2,2,1.0,5,8,13,1,3,2,0,4,6,7,30,-1,50.1,1,0,48.0,1,1,1,1,354,11,72,182,635,979,635,481,591,1,22,90,51,729,132,89,505,1731,1699,81,58,871,79,1,5,68,,38:01,1
2008-09,2045,Hedo Turkoglu,Hedo,1610612753,ORL,Orlando Magic,0040800301,2009-05-20T00:00:00,ORL @ CLE,W,40.95,4,11,0.364,1,2,0.5,6,6,1.0,0,6,6,14,2,0,0,1,1,5,15,0,41.2,1,0,36.0,1,1,1,1,211,552,430,1014,300,538,176,132,202,1,848,203,351,5,289,778,505,1168,310,197,367,769,166,1,5,206,,40:57,1
2008-09,1740,Rashard Lewis,Rashard,1610612753,ORL,Orlando Magic,0040800301,2009-05-20T00:00:00,ORL @ CLE,W,41.68333333333333,9,13,0.692,3,4,0.75,1,2,0.5,1,6,7,3,3,0,0,1,2,1,22,1,31.9,0,0,35.0,1,1,1,1,164,97,297,190,59,253,96,748,591,723,423,203,272,317,132,778,505,1168,667,835,165,703,363,145,5,234,,41:41,1
2008-09,2753,Delonte West,Delonte,1610612739,CLE,Cleveland Cavaliers,0040800301,2009-05-20T00:00:00,CLE vs. ORL,L,46.6,4,13,0.308,3,8,0.375,0,0,0.0,0,1,1,6,1,4,1,1,1,0,11,0,35.2,0,0,31.0,1,868,868,868,29,552,297,1156,59,38,418,930,991,930,848,1051,1206,100,569,9,189,1168,310,1205,612,769,295,145,5,328,,46:36,1
2008-09,2590,Mo Williams,Mo,1610612739,CLE,Cleveland Cavaliers,0040800301,2009-05-20T00:00:00,CLE vs. ORL,L,41.68333333333333,6,19,0.316,2,8,0.25,3,3,1.0,0,4,4,5,1,1,0,0,4,1,17,0,31.3,0,0,30.0,1,868,868,868,164,285,91,1151,139,38,524,367,510,1,848,403,588,142,569,300,505,1,1326,835,291,769,389,145,5,359,,41:41,1
2008-09,2760,Anderson Varejao,Anderson,1610612739,CLE,Cleveland Cavaliers,0040800301,2009-05-20T00:00:00,CLE vs. ORL,L,36.861666666666665,6,8,0.75,0,0,0.0,2,2,1.0,1,5,6,0,1,1,2,0,3,2,14,8,29.2,0,0,26.0,1,868,868,868,401,285,660,143,635,979,635,481,591,1,423,281,351,1072,569,300,71,1,1025,597,416,362,426,145,5,463,,36:52,1
2008-09,1747,Rafer Alston,Rafer,1610612753,ORL,Orlando Magic,0040800301,2009-05-20T00:00:00,ORL @ CLE,W,31.051666666666666,4,10,0.4,2,4,0.5,1,1,1.0,0,2,2,8,1,1,0,1,2,1,11,0,27.4,0,0,25.0,1,1,1,1,636,552,492,867,139,253,176,748,920,1,848,788,973,38,569,300,505,1168,667,835,612,769,470,145,5,496,,31:03,1
2008-09,980,Zydrunas Ilgauskas,Zydrunas,1610612739,CLE,Cleveland Cavaliers,0040800301,2009-05-20T00:00:00,CLE vs. ORL,L,32.05166666666667,5,11,0.455,0,1,0.0,0,0,0.0,3,7,10,2,0,0,0,0,4,0,10,12,25.0,1,0,22.0,1,868,868,868,587,396,430,744,635,730,635,930,991,930,106,140,104,488,1046,778,505,1,1326,1205,663,231,547,1,5,601,,32:03,1
2008-09,2554,Mickael Pietrus,Mickael,1610612753,ORL,Orlando Magic,0040800301,2009-05-20T00:00:00,ORL @ CLE,W,29.983333333333334,5,10,0.5,2,5,0.4,1,2,0.5,1,1,2,1,2,0,0,0,2,1,13,4,14.9,0,0,18.0,1,1,1,1,673,396,492,492,139,159,374,748,591,723,423,1051,973,729,289,778,505,1,667,835,470,525,930,145,5,750,,29:59,1
2008-09,1533,Anthony Johnson,Anthony,1610612753,ORL,Orlando Magic,0040800301,2009-05-20T00:00:00,ORL @ CLE,W,14.6,2,3,0.667,1,2,0.5,0,0,0.0,0,1,1,3,0,1,0,0,1,3,5,3,13.7,0,0,12.0,1,1,1,1,1212,875,1176,194,300,538,176,930,991,930,848,1051,1206,317,1046,300,505,1,310,409,1003,588,982,145,5,1002,,14:36,1
2008-09,201584,Courtney Lee,Courtney,1610612753,ORL,Orlando Magic,0040800301,2009-05-20T00:00:00,ORL @ CLE,W,27.415,2,7,0.286,0,3,0.0,0,0,0.0,0,1,1,2,1,1,1,0,0,0,4,-4,13.2,0,0,11.0,1,1,1,1,765,875,764,1183,635,391,635,930,991,930,848,1051,1206,488,569,300,189,1,1,1205,1077,1113,1002,145,5,1061,,27:25,1
2008-09,693,Joe Smith,Joe,1610612739,CLE,Cleveland Cavaliers,0040800301,2009-05-20T00:00:00,CLE vs. ORL,L,15.133333333333333,2,4,0.5,0,1,0.0,1,2,0.5,0,1,1,0,0,0,1,0,2,2,5,-8,9.2,0,0,8.0,1,868,868,868,1189,875,1064,492,635,730,635,748,591,723,848,1051,1206,1072,1046,778,189,1,667,597,1003,1347,1164,145,5,1186,,15:08,1
2008-09,101162,Marcin Gortat,Marcin,1610612753,ORL,Orlando Magic,0040800301,2009-05-20T00:00:00,ORL @ CLE,W,9.976666666666667,2,2,1.0,0,0,0.0,0,0,0.0,1,1,2,0,1,0,0,0,1,0,4,2,5.4,0,0,6.0,1,1,1,1,1366,875,1295,1,635,979,635,930,991,930,423,1051,973,1072,569,778,505,1,310,1205,1077,653,1344,145,5,1274,,9:59,1
2008-09,1887,Wally Szczerbiak,Wally,1610612739,CLE,Cleveland Cavaliers,0040800301,2009-05-20T00:00:00,CLE vs. ORL,L,13.411666666666667,0,2,0.0,0,1,0.0,0,0,0.0,1,2,3,2,0,0,0,0,3,0,0,-7,6.6,0,0,5.0,1,868,868,868,1258,1397,1295,1397,635,730,635,930,991,930,423,788,748,488,1046,778,505,1,1025,1205,1447,1305,1273,145,5,1326,,13:25,1
2008-09,1499,Tony Battie,Tony,1610612753,ORL,Orlando Magic,0040800301,2009-05-20T00:00:00,ORL @ CLE,W,6.316666666666666,1,2,0.5,0,0,0.0,1,1,1.0,0,2,2,0,0,0,0,0,0,1,3,0,5.4,0,0,5.0,1,1,1,1,1474,1119,1295,492,635,979,635,748,920,1,848,788,973,1072,1046,778,505,1,1,835,1188,769,1344,145,5,1326,,6:19,1
2008-09,1112,Ben Wallace,Ben,1610612739,CLE,Cleveland Cavaliers,0040800301,2009-05-20T00:00:00,CLE vs. ORL,L,9.791666666666666,0,1,0.0,0,0,0.0,0,0,0.0,0,2,2,0,0,0,0,0,1,1,0,-14,2.4,0,0,2.0,1,868,868,868,1373,1397,1432,1397,635,979,635,930,991,930,848,788,973,1072,1046,778,505,1,310,835,1447,1552,1511,145,5,1494,,9:48,1
2008-09,200789,Daniel Gibson,Daniel,1610612739,CLE,Cleveland Cavaliers,0040800301,2009-05-20T00:00:00,CLE vs. ORL,L,3.2333333333333334,0,0,0.0,0,0,0.0,0,0,0.0,0,0,0,0,0,0,0,0,0,0,0,-3,0.0,0,0,0.0,1,868,868,868,1606,1397,1595,1397,635,979,635,930,991,930,848,1379,1447,1072,1046,778,505,1,1,1205,1447,1039,1610,145,5,1611,,3:14,1
2008-09,2546,Carmelo Anthony,Carmelo,1610612743,DEN,Denver Nuggets,0040800311,2009-05-19T00:00:00,DEN @ LAL,L,40.388333333333335,14,20,0.7,4,5,0.8,7,8,0.875,2,4,6,4,3,0,1,1,5,7,39,-3,52.2,0,0,55.0,1,868,868,868,238,11,72,182,24,159,91,92,118,408,220,403,351,208,132,778,189,1168,1564,81,17,1039,68,145,5,25,,40:23,1
2008-09,977,Kobe Bryant,Kobe,1610612747,LAL,Los Angeles Lakers,0040800311,2009-05-19T00:00:00,LAL vs. DEN,W,43.35,13,28,0.464,2,3,0.667,12,13,0.923,3,3,6,4,1,0,1,3,3,12,40,-5,55.2,0,0,54.0,1,1,1,1,102,18,10,726,139,391,116,15,29,385,106,569,351,208,569,778,189,1698,1025,6,13,1171,49,145,5,32,,43:21,1
2008-09,2200,Pau Gasol,Pau,1610612747,LAL,Los Angeles Lakers,0040800311,2009-05-19T00:00:00,LAL vs. DEN,W,42.403333333333336,5,9,0.556,0,0,0.0,3,5,0.6,6,8,14,3,2,1,2,2,4,6,13,-3,41.3,1,0,36.0,1,1,1,1,135,396,571,427,635,979,635,367,294,694,10,90,34,317,289,300,71,1565,1326,131,470,1039,163,1,5,206,,42:24,1
2008-09,1497,Chauncey Billups,Chauncey,1610612743,DEN,Denver Nuggets,0040800311,2009-05-19T00:00:00,DEN @ LAL,L,41.0,5,13,0.385,2,7,0.286,6,9,0.667,0,5,5,8,1,1,0,1,0,7,18,4,38.0,0,0,35.0,1,868,868,868,206,396,297,956,139,57,515,132,86,612,848,281,442,38,569,300,505,1168,1,81,265,525,216,145,5,234,,41:00,1
2008-09,2030,Kenyon Martin,Kenyon,1610612743,DEN,Denver Nuggets,0040800311,2009-05-19T00:00:00,DEN @ LAL,L,39.45,7,14,0.5,0,0,0.0,1,2,0.5,1,7,8,2,2,2,2,2,3,1,15,1,37.6,0,0,33.0,1,868,868,868,286,199,245,492,635,979,635,748,591,723,423,140,198,488,289,89,71,1565,1025,835,367,703,225,145,5,282,,39:27,1
2008-09,1885,Lamar Odom,Lamar,1610612747,LAL,Los Angeles Lakers,0040800311,2009-05-19T00:00:00,LAL vs. DEN,W,33.15,3,7,0.429,1,1,1.0,0,0,0.0,2,6,8,4,2,2,2,0,3,0,7,6,32.6,0,0,28.0,1,1,1,1,535,708,764,810,300,730,1,930,991,930,220,203,198,208,289,89,71,1,1025,1205,853,431,347,145,5,407,,33:09,1
2008-09,965,Derek Fisher,Derek,1610612747,LAL,Los Angeles Lakers,0040800311,2009-05-19T00:00:00,LAL vs. DEN,W,30.616666666666667,5,13,0.385,3,6,0.5,0,0,0.0,1,1,2,6,2,1,0,1,2,2,13,4,25.4,0,0,26.0,1,1,1,1,649,396,297,956,59,97,176,930,991,930,423,1051,973,100,289,300,505,1168,667,597,470,525,531,145,5,463,,30:37,1
2008-09,2403,Nene,ene,1610612743,DEN,Denver Nuggets,0040800311,2009-05-19T00:00:00,DEN @ LAL,L,32.28333333333333,6,9,0.667,0,0,0.0,2,3,0.667,1,4,5,1,1,1,1,3,6,2,14,-1,26.5,0,0,24.0,1,868,868,868,577,285,571,194,635,979,635,481,510,612,423,403,442,729,569,300,189,1698,1699,597,416,871,495,145,5,523,,32:17,1
2008-09,2365,Chris Andersen,Chris,1610612743,DEN,Denver Nuggets,0040800311,2009-05-19T00:00:00,DEN @ LAL,L,23.881666666666668,2,4,0.5,0,0,0.0,4,5,0.8,2,3,5,1,1,1,2,0,1,4,8,-3,23.5,0,0,20.0,1,868,868,868,890,875,1064,492,635,979,635,259,294,487,220,569,442,729,569,300,71,1,310,291,776,1039,602,145,5,666,,23:53,1
2008-09,2772,Trevor Ariza,Trevor,1610612747,LAL,Los Angeles Lakers,0040800311,2009-05-19T00:00:00,LAL vs. DEN,W,27.916666666666668,2,8,0.25,1,4,0.25,1,2,0.5,2,3,5,2,3,3,0,0,4,1,6,-2,21.0,0,0,20.0,1,1,1,1,742,875,660,1224,300,253,524,748,591,723,220,569,442,488,132,31,505,1,1326,835,918,949,676,145,5,666,,27:55,1
2008-09,2747,JR Smith,JR,1610612743,DEN,Denver Nuggets,0040800311,2009-05-19T00:00:00,DEN @ LAL,L,24.583333333333332,2,7,0.286,2,5,0.4,2,6,0.333,0,5,5,3,3,0,1,1,5,4,8,-8,18.5,0,0,20.0,1,868,868,868,858,875,764,1183,139,159,374,481,202,902,848,281,442,317,132,778,189,1168,1564,291,776,1347,764,145,5,666,,24:35,1
2008-09,101115,Andrew Bynum,Andrew,1610612747,LAL,Los Angeles Lakers,0040800311,2009-05-19T00:00:00,LAL vs. DEN,W,15.833333333333334,2,4,0.5,0,0,0.0,2,2,1.0,2,4,6,0,1,0,2,1,5,1,6,-5,18.2,0,0,16.0,1,1,1,1,1167,875,1064,492,635,979,635,481,591,1,220,403,351,1072,569,778,71,1168,1564,835,918,1171,777,145,5,826,,15:50,1
2008-09,2575,Luke Walton,Luke,1610612747,LAL,Los Angeles Lakers,0040800311,2009-05-19T00:00:00,LAL vs. DEN,W,13.476666666666667,2,6,0.333,1,2,0.5,0,0,0.0,1,1,2,3,2,0,0,0,1,0,5,9,9.9,0,0,11.0,1,1,1,1,1254,875,846,1037,300,538,176,930,991,930,423,1051,973,317,289,778,505,1,310,1205,1003,328,1144,145,5,1061,,13:29,1
2008-09,200770,Jordan Farmar,Jordan,1610612747,LAL,Los Angeles Lakers,0040800311,2009-05-19T00:00:00,LAL vs. DEN,W,9.366666666666667,2,5,0.4,1,3,0.333,0,0,0.0,0,0,0,2,1,0,1,0,0,1,5,4,10.0,0,0,10.0,1,1,1,1,1385,875,946,867,300,391,422,930,991,930,848,1379,1447,488,569,778,189,1,1,835,1003,525,1141,145,5,1103,,9:22,1
2008-09,1853,Anthony Carter,Anthony,1610612743,DEN,Denver Nuggets,0040800311,2009-05-19T00:00:00,DEN @ LAL,L,15.275,0,4,0.0,0,1,0.0,0,0,0.0,0,2,2,3,1,2,0,1,2,0,0,-7,11.9,0,0,9.0,1,868,868,868,1185,1397,1064,1397,635,730,635,930,991,930,848,788,973,317,569,89,505,1168,667,1205,1447,1305,1063,145,5,1144,,15:17,1
2008-09,2563,Dahntay Jones,Dahntay,1610612743,DEN,Denver Nuggets,0040800311,2009-05-19T00:00:00,DEN @ LAL,L,15.845,0,3,0.0,0,1,0.0,1,2,0.5,1,0,1,2,3,1,1,0,3,1,1,3,8.2,0,0,8.0,1,868,868,868,1166,1397,1176,1397,635,730,635,748,591,723,423,1379,1206,488,132,300,189,1,1025,835,1430,588,1212,145,5,1186,,15:51,1
2008-09,2694,Josh Powell,Josh,1610612747,LAL,Los Angeles Lakers,0040800311,2009-05-19T00:00:00,LAL vs. DEN,W,4.233333333333333,1,1,1.0,0,0,0.0,2,2,1.0,0,0,0,1,0,0,1,0,1,1,4,5,8.5,0,0,7.0,1,1,1,1,1550,1119,1432,1,635,979,635,481,591,1,848,1379,1447,729,1046,778,189,1,310,835,1077,477,1195,145,5,1230,,4:14,1
2008-09,2756,Sasha Vujacic,Sasha,1610612747,LAL,Los Angeles Lakers,0040800311,2009-05-19T00:00:00,LAL vs. DEN,W,13.123333333333333,1,5,0.2,1,3,0.333,0,0,0.0,0,2,2,0,0,0,0,1,2,1,3,0,5.4,0,0,6.0,1,1,1,1,1268,1119,946,1308,300,391,422,930,991,930,848,788,973,1072,1046,778,505,1168,667,835,1188,769,1344,145,5,1274,,13:07,1
2008-09,200769,Shannon Brown,Shannon,1610612747,LAL,Los Angeles Lakers,0040800311,2009-05-19T00:00:00,LAL vs. DEN,W,6.15,1,4,0.25,1,3,0.333,0,0,0.0,0,1,1,0,1,0,0,0,1,1,3,-4,3.2,0,0,5.0,1,1,1,1,1485,1119,1064,1224,300,391,422,930,991,930,848,1051,1206,1072,569,778,505,1,310,835,1188,1113,1452,145,5,1326,,6:09,1
2008-09,101132,Linas Kleiza,Linas,1610612743,DEN,Denver Nuggets,0040800311,2009-05-19T00:00:00,DEN @ LAL,L,7.293333333333333,0,0,0.0,0,0,0.0,0,0,0.0,0,0,0,0,0,1,0,0,1,0,0,4,3.0,0,0,2.0,1,868,868,868,1444,1397,1595,1397,635,979,635,930,991,930,848,1379,1447,1072,1046,300,505,1,310,1205,1447,525,1474,145,5,1494,,7:18,1
2008-09,2788,DJ Mbenga,DJ,1610612747,LAL,Los Angeles Lakers,0040800311,2009-05-19T00:00:00,LAL vs. DEN,W,0.38,0,0,0.0,0,0,0.0,0,0,0.0,0,0,0,0,0,0,0,0,0,0,0,1,0.0,0,0,0.0,1,1,1,1,1727,1397,1595,1397,635,979,635,930,991,930,848,1379,1447,1072,1046,778,505,1,1,1205,1447,703,1610,145,5,1611,,0:23,1
2008-09,2200,Pau Gasol,Pau,1610612747,LAL,Los Angeles Lakers,0040800227,2009-05-17T00:00:00,LAL vs. HOU,W,40.68333333333333,10,19,0.526,0,0,0.0,1,1,1.0,6,12,18,1,5,1,3,1,2,3,21,21,51.1,1,0,48.0,1,1,1,1,221,65,91,483,635,979,635,748,920,1,10,18,7,729,21,300,30,1168,667,409,183,74,75,1,5,68,,40:41,1
2008-09,2045,Hedo Turkoglu,Hedo,1610612753,ORL,Orlando Magic,0040800217,2009-05-17T00:00:00,ORL @ BOS,W,36.06666666666667,9,12,0.75,4,5,0.8,3,3,1.0,0,5,5,12,3,0,1,0,3,2,25,27,49.0,1,0,48.0,1,1,1,1,426,97,364,143,24,159,91,367,510,1,848,281,442,8,132,778,189,1,1025,597,108,30,86,1,5,68,,36:04,1
2008-09,2730,Dwight Howard,Dwight,1610612753,ORL,Orlando Magic,0040800217,2009-05-17T00:00:00,ORL @ BOS,W,38.115,5,9,0.556,0,0,0.0,2,2,1.0,2,14,16,1,3,1,5,0,5,3,12,26,47.7,1,0,41.0,1,1,1,1,347,396,571,427,635,979,635,481,591,1,220,7,16,729,132,300,5,1,1564,409,532,37,96,1,5,129,,38:07,1
2008-09,977,Kobe Bryant,Kobe,1610612747,LAL,Los Angeles Lakers,0040800227,2009-05-17T00:00:00,LAL vs. HOU,W,33.34166666666667,4,12,0.333,1,4,0.25,5,6,0.833,1,6,7,5,1,3,2,0,4,7,14,20,43.9,0,0,37.0,1,1,1,1,530,552,364,1037,300,253,524,182,202,442,423,203,272,142,569,31,71,1,1326,81,416,83,126,145,5,187,,33:21,1
2008-09,951,Ray Allen,Ray,1610612738,BOS,Boston Celtics,0040800217,2009-05-17T00:00:00,BOS vs. ORL,L,41.45,9,18,0.5,3,6,0.5,2,2,1.0,1,3,4,3,1,1,0,1,2,3,23,-16,34.3,0,0,35.0,1,868,868,868,177,97,108,492,59,97,176,481,591,1,423,569,588,317,569,300,505,1168,667,409,146,1591,310,145,5,234,,41:27,1
2008-09,1740,Rashard Lewis,Rashard,1610612753,ORL,Orlando Magic,0040800217,2009-05-17T00:00:00,ORL @ BOS,W,40.983333333333334,5,14,0.357,2,4,0.5,7,10,0.7,0,5,5,4,3,0,1,2,1,6,19,9,31.0,0,0,32.0,1,1,1,1,207,396,245,1022,139,253,176,92,68,605,848,281,442,208,132,778,189,1565,310,131,236,328,397,145,5,310,,40:59,1
2008-09,200765,Rajon Rondo,Rajon,1610612738,BOS,Boston Celtics,0040800217,2009-05-17T00:00:00,BOS vs. ORL,L,37.083333333333336,4,10,0.4,0,1,0.0,2,2,1.0,2,4,6,10,1,2,0,1,5,4,10,-23,37.2,1,0,30.0,1,868,868,868,392,552,492,867,635,730,635,481,591,1,220,403,351,20,569,89,505,1168,1564,291,663,1696,240,1,5,359,,37:05,1
2008-09,2570,Kendrick Perkins,Kendrick,1610612738,BOS,Boston Celtics,0040800217,2009-05-17T00:00:00,BOS vs. ORL,L,39.1,3,11,0.273,0,0,0.0,2,2,1.0,2,13,15,1,2,0,2,4,3,2,8,-21,31.5,0,0,28.0,1,868,868,868,296,708,430,1212,635,979,635,481,591,1,220,11,23,729,289,778,71,1731,1025,597,776,1678,379,145,5,407,,39:06,1
2008-09,1747,Rafer Alston,Rafer,1610612753,ORL,Orlando Magic,0040800217,2009-05-17T00:00:00,ORL @ BOS,W,36.1,6,16,0.375,3,7,0.429,0,1,0.0,0,2,2,4,4,2,0,0,3,4,15,7,25.4,0,0,28.0,1,1,1,1,425,285,167,978,59,57,361,930,920,930,848,788,973,208,53,89,505,1,1025,291,367,402,531,145,5,407,,36:06,1
2008-09,2772,Trevor Ariza,Trevor,1610612747,LAL,Los Angeles Lakers,0040800227,2009-05-17T00:00:00,LAL vs. HOU,W,28.833333333333332,5,9,0.556,2,3,0.667,3,4,0.75,1,4,5,1,2,0,2,0,2,2,15,14,26.5,0,0,27.0,1,1,1,1,712,396,571,427,139,391,116,367,355,532,423,403,442,729,289,778,71,1,667,597,367,192,495,145,5,435,,28:50,1
2008-09,101236,Chuck Hayes,Chuck,1610612745,HOU,Houston Rockets,0040800227,2009-05-17T00:00:00,HOU @ LAL,L,24.966666666666665,4,8,0.5,0,1,0.0,0,0,0.0,1,4,5,1,2,5,1,1,2,2,8,-12,31.5,0,0,26.0,1,868,868,868,846,552,660,492,635,730,635,930,991,930,423,403,442,729,289,2,189,1168,667,597,776,1497,379,145,5,463,,24:58,1
2008-09,101115,Andrew Bynum,Andrew,1610612747,LAL,Los Angeles Lakers,0040800227,2009-05-17T00:00:00,LAL vs. HOU,W,22.466666666666665,6,7,0.857,0,0,0.0,2,2,1.0,2,4,6,0,1,1,2,0,2,1,14,18,29.2,0,0,26.0,1,1,1,1,924,285,764,108,635,979,635,481,591,1,220,403,351,1072,569,300,71,1,667,835,416,118,426,145,5,463,,22:28,1
2008-09,2554,Mickael Pietrus,Mickael,1610612753,ORL,Orlando Magic,0040800217,2009-05-17T00:00:00,ORL @ BOS,W,23.933333333333334,6,7,0.857,3,3,1.0,2,2,1.0,0,3,3,1,0,1,0,1,3,2,17,6,25.1,0,0,26.0,1,1,1,1,886,285,764,108,59,391,1,481,591,1,848,569,748,729,1046,300,505,1168,1025,597,291,431,541,145,5,463,,23:56,1
2008-09,1897,Metta World Peace,Metta,1610612745,HOU,Houston Rockets,0040800227,2009-05-17T00:00:00,HOU @ LAL,L,38.81,3,10,0.3,1,6,0.167,0,1,0.0,0,8,8,5,1,1,0,1,2,4,7,-24,26.1,0,0,23.0,1,868,868,868,314,708,492,1168,300,97,607,930,920,930,848,90,198,142,569,300,505,1168,667,291,853,1704,508,145,5,561,,38:49,1
2008-09,201166,Aaron Brooks,Aaron,1610612745,HOU,Houston Rockets,0040800227,2009-05-17T00:00:00,HOU @ LAL,L,38.96,4,13,0.308,2,3,0.667,3,3,1.0,0,3,3,3,5,1,0,2,3,3,13,-24,19.1,0,0,23.0,1,868,868,868,306,552,297,1156,139,391,116,367,510,1,848,569,748,317,21,300,505,1565,1025,409,470,1704,742,145,5,561,,38:58,1
2008-09,1718,Paul Pierce,Paul,1610612738,BOS,Boston Celtics,0040800217,2009-05-17T00:00:00,BOS vs. ORL,L,38.58166666666666,4,13,0.308,1,5,0.2,7,10,0.7,0,2,2,3,1,0,0,2,2,5,16,-21,21.9,0,0,22.0,1,868,868,868,329,552,297,1156,300,159,578,92,68,605,848,788,973,317,569,778,505,1565,667,197,334,1678,655,145,5,601,,38:35,1
2008-09,2449,Luis Scola,Luis,1610612745,HOU,Houston Rockets,0040800227,2009-05-17T00:00:00,HOU @ LAL,L,38.85,4,12,0.333,0,0,0.0,3,6,0.5,1,5,6,1,3,1,0,2,4,4,11,-23,19.7,0,0,20.0,1,868,868,868,311,552,364,1037,635,979,635,367,202,723,423,281,351,729,132,300,505,1565,1326,291,612,1696,728,145,5,666,,38:51,1
2008-09,1885,Lamar Odom,Lamar,1610612747,LAL,Los Angeles Lakers,0040800227,2009-05-17T00:00:00,LAL vs. HOU,W,24.0,2,5,0.4,1,3,0.333,1,2,0.5,1,6,7,3,2,0,1,1,1,2,6,19,19.9,0,0,19.0,1,1,1,1,882,875,946,867,300,391,422,748,591,723,423,203,272,317,289,778,189,1168,310,597,918,101,717,145,5,709,,24:00,1
2008-09,200768,Kyle Lowry,Kyle,1610612745,HOU,Houston Rockets,0040800227,2009-05-17T00:00:00,HOU @ LAL,L,17.59,2,2,1.0,2,2,1.0,2,2,1.0,0,2,2,3,2,2,0,0,1,1,8,-5,18.9,0,0,19.0,1,868,868,868,1095,875,1295,1,139,538,1,481,591,1,848,788,973,317,289,89,505,1,310,835,776,1171,750,145,5,709,,17:35,1
2008-09,201175,Glen Davis,Glen,1610612738,BOS,Boston Celtics,0040800217,2009-05-17T00:00:00,BOS vs. ORL,L,30.8,4,7,0.571,0,0,0.0,5,7,0.714,1,3,4,0,2,1,0,0,4,4,13,-9,18.8,0,0,19.0,1,868,868,868,645,552,764,394,635,979,635,182,167,598,423,569,588,1072,289,300,505,1,1326,291,470,1389,753,145,5,709,,30:48,1
2008-09,2756,Sasha Vujacic,Sasha,1610612747,LAL,Los Angeles Lakers,0040800227,2009-05-17T00:00:00,LAL vs. HOU,W,19.491666666666667,4,7,0.571,1,3,0.333,0,0,0.0,0,3,3,2,2,1,0,0,1,0,9,4,16.6,0,0,17.0,1,1,1,1,1027,552,764,394,300,391,422,930,991,930,848,569,748,488,289,300,505,1,310,1205,726,525,850,145,5,789,,19:30,1
2008-09,201171,Carl Landry,Carl,1610612745,HOU,Houston Rockets,0040800227,2009-05-17T00:00:00,HOU @ LAL,L,21.883333333333333,2,10,0.2,0,2,0.0,0,0,0.0,0,2,2,1,0,2,1,2,3,0,4,-4,16.9,0,0,13.0,1,868,868,868,948,875,492,1308,635,538,635,930,991,930,848,788,973,729,1046,89,189,1565,1025,1205,1077,1113,831,145,5,940,,21:53,1
2008-09,2203,Shane Battier,Shane,1610612745,HOU,Houston Rockets,0040800227,2009-05-17T00:00:00,HOU @ LAL,L,31.816666666666666,1,6,0.167,0,4,0.0,1,1,1.0,3,1,4,1,1,1,1,0,4,1,3,-16,14.3,0,0,12.0,1,868,868,868,598,1119,846,1352,635,253,635,748,920,1,106,1051,588,729,569,300,189,1,1326,835,1188,1591,949,145,5,1002,,31:49,1
2008-09,101144,Von Wafer,Von,1610612745,HOU,Houston Rockets,0040800227,2009-05-17T00:00:00,HOU @ LAL,L,15.773333333333333,5,11,0.455,0,1,0.0,0,1,0.0,0,2,2,0,1,0,0,2,0,2,10,-12,11.4,0,0,12.0,1,868,868,868,1170,396,430,744,635,730,635,930,920,930,848,788,973,1072,569,778,505,1565,1,597,663,1497,1084,145,5,1002,,15:46,1
2008-09,200755,JJ Redick,JJ,1610612753,ORL,Orlando Magic,0040800217,2009-05-17T00:00:00,ORL @ BOS,W,24.383333333333333,2,3,0.667,1,2,0.5,0,0,0.0,0,1,1,4,0,0,0,0,1,1,5,8,12.2,0,0,11.0,1,1,1,1,868,875,1176,194,300,538,176,930,991,930,848,1051,1206,208,1046,778,505,1,310,835,1003,362,1041,145,5,1061,,24:23,1
2008-09,965,Derek Fisher,Derek,1610612747,LAL,Los Angeles Lakers,0040800227,2009-05-17T00:00:00,LAL vs. HOU,W,24.316666666666666,2,5,0.4,0,1,0.0,2,2,1.0,0,1,1,1,1,1,0,0,2,1,6,13,10.7,0,0,10.0,1,1,1,1,871,875,946,867,635,730,635,481,591,1,848,1051,1206,729,569,300,505,1,667,835,918,203,1118,145,5,1103,,24:19,1
2008-09,200770,Jordan Farmar,Jordan,1610612747,LAL,Los Angeles Lakers,0040800227,2009-05-17T00:00:00,LAL vs. HOU,W,19.566666666666666,1,5,0.2,0,1,0.0,0,1,0.0,0,2,2,3,3,1,0,0,1,2,2,13,8.9,0,0,9.0,1,1,1,1,1026,1119,946,1308,635,730,635,930,920,930,848,788,973,317,132,300,505,1,310,597,1253,203,1180,145,5,1144,,19:34,1
2008-09,2754,Tony Allen,Tony,1610612738,BOS,Boston Celtics,0040800217,2009-05-17T00:00:00,BOS vs. ORL,L,2.5,1,1,1.0,0,0,0.0,0,0,0.0,0,0,0,1,0,2,0,0,0,0,2,2,9.5,0,0,7.0,1,868,868,868,1645,1119,1432,1,635,979,635,930,991,930,848,1379,1447,729,1046,89,505,1,1,1205,1253,653,1156,145,5,1230,,2:30,1
2008-09,2243,Brian Scalabrine,Brian,1610612738,BOS,Boston Celtics,0040800217,2009-05-17T00:00:00,BOS vs. ORL,L,13.166666666666666,1,5,0.2,0,1,0.0,0,0,0.0,0,1,1,2,0,0,1,0,4,1,2,-6,9.2,0,0,7.0,1,868,868,868,1266,1119,946,1308,635,730,635,930,991,930,848,1051,1206,488,1046,778,189,1,1326,835,1253,1235,1164,145,5,1230,,13:10,1
2008-09,101162,Marcin Gortat,Marcin,1610612753,ORL,Orlando Magic,0040800217,2009-05-17T00:00:00,ORL @ BOS,W,9.885,2,2,1.0,0,0,0.0,1,1,1.0,1,1,2,0,1,0,0,0,2,1,5,-7,6.4,0,0,7.0,1,1,1,1,1370,875,1295,1,635,979,635,748,920,1,423,1051,973,1072,569,778,505,1,667,835,1003,1305,1284,145,5,1230,,9:53,1
2008-09,950,Stephon Marbury,Stephon,1610612738,BOS,Boston Celtics,0040800217,2009-05-17T00:00:00,BOS vs. ORL,L,13.773333333333333,1,4,0.25,0,1,0.0,2,2,1.0,0,1,1,1,3,0,0,0,0,1,4,0,3.7,0,0,6.0,1,868,868,868,1245,1119,1064,1224,635,730,635,481,591,1,848,1051,1206,729,132,778,505,1,1,835,1077,769,1434,145,5,1274,,13:46,1
2008-09,201584,Courtney Lee,Courtney,1610612753,ORL,Orlando Magic,0040800217,2009-05-17T00:00:00,ORL @ BOS,W,17.183333333333334,1,5,0.2,0,0,0.0,1,1,1.0,0,0,0,0,1,0,1,0,1,1,3,9,5.0,0,0,5.0,1,1,1,1,1114,1119,946,1308,635,979,635,748,920,1,848,1379,1447,1072,569,778,189,1,310,835,1188,328,1368,145,5,1326,,17:11,1
2008-09,200769,Shannon Brown,Shannon,1610612747,LAL,Los Angeles Lakers,0040800227,2009-05-17T00:00:00,LAL vs. HOU,W,11.65,1,3,0.333,0,0,0.0,0,0,0.0,1,2,3,0,1,0,0,0,0,1,2,0,4.6,0,0,5.0,1,1,1,1,1316,1119,1176,1037,635,979,635,930,991,930,423,788,748,1072,569,778,505,1,1,835,1253,769,1388,145,5,1326,,11:39,1
2008-09,2567,Brian Cook,Brian,1610612745,HOU,Houston Rockets,0040800227,2009-05-17T00:00:00,HOU @ LAL,L,2.6666666666666665,1,1,1.0,0,0,0.0,0,0,0.0,0,1,1,1,0,0,0,0,0,0,2,12,4.7,0,0,4.0,1,868,868,868,1636,1119,1432,1,635,979,635,930,991,930,848,1051,1206,729,1046,778,505,1,1,1205,1253,231,1382,145,5,1395,,2:40,1
2008-09,1630,Mikki Moore,Mikki,1610612738,BOS,Boston Celtics,0040800217,2009-05-17T00:00:00,BOS vs. ORL,L,2.1333333333333333,1,1,1.0,0,0,0.0,0,0,0.0,1,1,2,0,0,0,0,0,0,0,2,4,4.4,0,0,4.0,1,868,868,868,1652,1119,1432,1,635,979,635,930,991,930,423,1051,973,1072,1046,778,505,1,1,1205,1253,525,1403,145,5,1395,,2:08,1
2008-09,2067,Eddie House,Eddie,1610612738,BOS,Boston Celtics,0040800217,2009-05-17T00:00:00,BOS vs. ORL,L,16.778333333333332,1,3,0.333,0,1,0.0,0,0,0.0,0,2,2,0,0,0,0,0,2,0,2,-11,4.4,0,0,4.0,1,868,868,868,1130,1119,1176,1037,635,730,635,930,991,930,848,788,973,1072,1046,778,505,1,667,1205,1253,1461,1403,145,5,1395,,16:47,1
2008-09,200778,James White,James,1610612745,HOU,Houston Rockets,0040800227,2009-05-17T00:00:00,HOU @ LAL,L,2.6666666666666665,2,2,1.0,0,0,0.0,0,0,0.0,0,0,0,0,0,0,0,0,0,0,4,12,4.0,0,0,4.0,1,868,868,868,1636,875,1295,1,635,979,635,930,991,930,848,1379,1447,1072,1046,778,505,1,1,1205,1077,231,1425,145,5,1395,,2:40,1
2008-09,2575,Luke Walton,Luke,1610612747,LAL,Los Angeles Lakers,0040800227,2009-05-17T00:00:00,LAL vs. HOU,W,9.416666666666666,0,1,0.0,0,0,0.0,0,0,0.0,0,2,2,0,1,0,0,0,2,1,0,-5,1.4,0,0,2.0,1,1,1,1,1383,1397,1432,1397,635,979,635,930,991,930,848,788,973,1072,569,778,505,1,667,835,1447,1171,1562,145,5,1494,,9:25,1
2008-09,699,Brent Barry,Brent,1610612745,HOU,Houston Rockets,0040800227,2009-05-17T00:00:00,HOU @ LAL,L,6.016666666666667,0,1,0.0,0,1,0.0,0,0,0.0,0,0,0,1,0,0,0,0,1,0,0,1,1.5,0,0,1.0,1,868,868,868,1488,1397,1432,1397,635,730,635,930,991,930,848,1379,1447,729,1046,778,505,1,310,1205,1447,703,1550,145,5,1565,,6:01,1
2008-09,2694,Josh Powell,Josh,1610612747,LAL,Los Angeles Lakers,0040800227,2009-05-17T00:00:00,LAL vs. HOU,W,3.566666666666667,0,1,0.0,0,0,0.0,0,0,0.0,1,0,1,0,0,0,0,1,0,0,0,-10,1.2,0,0,1.0,1,1,1,1,1585,1397,1432,1397,635,979,635,930,991,930,423,1379,1206,1072,1046,778,505,1168,1,1205,1447,1433,1567,145,5,1565,,3:34,1
2008-09,1533,Anthony Johnson,Anthony,1610612753,ORL,Orlando Magic,0040800217,2009-05-17T00:00:00,ORL @ BOS,W,10.266666666666667,0,1,0.0,0,0,0.0,0,0,0.0,0,1,1,0,1,0,0,0,1,0,0,10,0.2,0,0,1.0,1,1,1,1,1360,1397,1432,1397,635,979,635,930,991,930,848,1051,1206,1072,569,778,505,1,310,1205,1447,293,1600,145,5,1565,,10:16,1
2008-09,201611,Henry Walker,Henry,1610612738,BOS,Boston Celtics,0040800217,2009-05-17T00:00:00,BOS vs. ORL,L,2.1333333333333333,0,0,0.0,0,0,0.0,0,0,0.0,0,0,0,0,0,0,0,0,0,0,0,4,0.0,0,0,0.0,1,868,868,868,1652,1397,1595,1397,635,979,635,930,991,930,848,1379,1447,1072,1046,778,505,1,1,1205,1447,525,1610,145,5,1611,,2:08,1
2008-09,201172,Gabe Pruitt,Gabe,1610612738,BOS,Boston Celtics,0040800217,2009-05-17T00:00:00,BOS vs. ORL,L,2.5,0,1,0.0,0,1,0.0,0,0,0.0,0,0,0,0,0,0,0,0,0,0,0,2,0.0,0,0,0.0,1,868,868,868,1645,1397,1432,1397,635,730,635,930,991,930,848,1379,1447,1072,1046,778,505,1,1,1205,1447,653,1610,145,5,1611,,2:30,1
2008-09,1499,Tony Battie,Tony,1610612753,ORL,Orlando Magic,0040800217,2009-05-17T00:00:00,ORL @ BOS,W,3.0833333333333335,0,1,0.0,0,0,0.0,0,0,0.0,0,0,0,0,0,0,0,0,0,2,0,0,0.0,0,0,0.0,1,1,1,1,1609,1397,1432,1397,635,979,635,930,991,930,848,1379,1447,1072,1046,778,505,1,1,597,1447,769,1610,145,5,1611,,3:05,1
2008-09,2788,DJ Mbenga,DJ,1610612747,LAL,Los Angeles Lakers,0040800227,2009-05-17T00:00:00,LAL vs. HOU,W,2.6666666666666665,0,1,0.0,0,0,0.0,0,0,0.0,0,0,0,0,0,0,0,0,0,0,0,-12,0.0,0,0,0.0,1,1,1,1,1636,1397,1432,1397,635,979,635,930,991,930,848,1379,1447,1072,1046,778,505,1,1,1205,1447,1497,1610,145,5,1611,,2:40,1
2008-09,2730,Dwight Howard,Dwight,1610612753,ORL,Orlando Magic,0040800216,2009-05-14T00:00:00,ORL vs. BOS,W,42.75,9,16,0.563,0,0,0.0,5,12,0.417,10,12,22,2,2,0,3,1,5,9,23,10,59.4,1,0,53.0,1,1,1,1,121,97,167,422,635,979,635,182,43,895,1,18,2,488,289,778,30,1168,1564,30,146,293,27,1,5,35,,42:45,1
2008-09,200765,Rajon Rondo,Rajon,1610612738,BOS,Boston Celtics,0040800216,2009-05-14T00:00:00,BOS @ ORL,L,39.626666666666665,8,19,0.421,2,4,0.5,1,3,0.333,3,13,16,6,5,4,0,2,3,3,19,-6,54.2,1,0,51.0,1,868,868,868,278,143,91,839,139,253,176,748,510,902,106,11,16,100,21,9,505,1565,1025,409,236,1235,53,1,5,53,,39:38,1
2008-09,977,Kobe Bryant,Kobe,1610612747,LAL,Los Angeles Lakers,0040800226,2009-05-14T00:00:00,LAL @ HOU,L,38.43666666666667,11,27,0.407,1,5,0.2,9,10,0.9,1,1,2,3,2,1,3,2,2,6,32,-11,48.9,0,0,46.0,1,868,868,868,338,42,13,866,300,159,578,52,68,394,423,1051,973,317,289,300,30,1565,667,131,41,1461,87,145,5,84,,38:26,1
2008-09,201166,Aaron Brooks,Aaron,1610612745,HOU,Houston Rockets,0040800226,2009-05-14T00:00:00,HOU vs. LAL,W,40.5,8,13,0.615,3,4,0.75,7,7,1.0,0,3,3,4,4,2,0,0,1,4,26,12,37.6,0,0,40.0,1,1,1,1,233,143,297,319,59,253,96,92,167,1,848,569,748,208,53,89,505,1,310,291,94,231,225,145,5,142,,40:30,1
2008-09,2449,Luis Scola,Luis,1610612745,HOU,Houston Rockets,0040800226,2009-05-14T00:00:00,HOU vs. LAL,W,36.46666666666667,10,17,0.588,0,0,0.0,4,5,0.8,2,10,12,2,0,0,0,1,3,9,24,6,41.4,1,0,38.0,1,1,1,1,414,65,130,371,635,979,635,259,294,487,220,50,68,488,1046,778,505,1168,1025,30,124,431,162,1,5,169,,36:28,1
2008-09,1740,Rashard Lewis,Rashard,1610612753,ORL,Orlando Magic,0040800216,2009-05-14T00:00:00,ORL vs. BOS,W,42.53,7,18,0.389,0,4,0.0,6,8,0.75,3,3,6,3,1,2,1,1,1,9,20,10,39.7,0,0,35.0,1,1,1,1,130,199,108,949,635,253,635,132,118,532,106,569,351,317,569,89,189,1168,310,30,212,293,193,145,5,234,,42:32,1
2008-09,2570,Kendrick Perkins,Kendrick,1610612738,BOS,Boston Celtics,0040800216,2009-05-14T00:00:00,BOS @ ORL,L,36.666666666666664,7,11,0.636,0,0,0.0,1,1,1.0,3,7,10,1,5,0,3,2,5,3,15,2,32.5,1,0,32.0,1,868,868,868,407,199,430,281,635,979,635,748,920,1,106,140,104,729,21,778,30,1565,1564,409,367,653,350,1,5,310,,36:40,1
2008-09,1718,Paul Pierce,Paul,1610612738,BOS,Boston Celtics,0040800216,2009-05-14T00:00:00,BOS @ ORL,L,41.18333333333333,6,14,0.429,0,3,0.0,5,8,0.625,0,9,9,5,3,0,0,0,3,6,17,-10,32.3,0,0,31.0,1,868,868,868,193,285,245,810,635,391,635,182,118,676,848,68,149,142,132,778,505,1,1025,131,291,1433,354,145,5,328,,41:11,1
2008-09,1885,Lamar Odom,Lamar,1610612747,LAL,Los Angeles Lakers,0040800226,2009-05-14T00:00:00,LAL @ HOU,L,28.6,3,5,0.6,0,0,0.0,2,4,0.5,3,11,14,0,0,1,2,0,6,2,8,-8,33.8,0,0,28.0,1,868,868,868,721,708,946,323,635,979,635,481,355,723,106,35,34,1072,1046,300,71,1,1699,597,776,1347,318,145,5,407,,28:36,1
2008-09,1747,Rafer Alston,Rafer,1610612753,ORL,Orlando Magic,0040800216,2009-05-14T00:00:00,ORL vs. BOS,W,30.166666666666668,4,9,0.444,2,4,0.5,1,2,0.5,0,2,2,3,1,3,2,0,1,3,11,11,31.9,0,0,28.0,1,1,1,1,663,552,571,770,139,253,176,748,591,723,848,788,973,317,569,31,71,1,310,409,612,260,363,145,5,407,,30:10,1
2008-09,201171,Carl Landry,Carl,1610612745,HOU,Houston Rockets,0040800226,2009-05-14T00:00:00,HOU vs. LAL,W,27.388333333333332,6,6,1.0,0,0,0.0,3,6,0.5,2,7,9,0,2,0,2,0,3,5,15,19,29.8,0,0,28.0,1,1,1,1,768,285,846,1,635,979,635,367,202,723,220,140,149,1072,289,778,71,1,1025,197,367,101,413,145,5,407,,27:23,1
2008-09,2200,Pau Gasol,Pau,1610612747,LAL,Los Angeles Lakers,0040800226,2009-05-14T00:00:00,LAL @ HOU,L,43.05,7,15,0.467,0,0,0.0,0,0,0.0,2,9,11,2,2,0,0,0,2,6,14,-15,28.2,1,0,27.0,1,868,868,868,114,199,198,719,635,979,635,930,991,930,220,68,83,488,289,778,505,1,667,131,416,1570,447,1,5,435,,43:03,1
2008-09,1897,Metta World Peace,Metta,1610612745,HOU,Houston Rockets,0040800226,2009-05-14T00:00:00,HOU vs. LAL,W,44.416666666666664,6,17,0.353,2,7,0.286,0,2,0.0,0,3,3,3,3,2,0,0,3,2,14,19,25.1,0,0,26.0,1,1,1,1,69,285,130,1029,139,57,515,930,591,930,848,569,748,317,132,89,505,1,1025,597,416,101,541,145,5,463,,44:25,1
2008-09,2554,Mickael Pietrus,Mickael,1610612753,ORL,Orlando Magic,0040800216,2009-05-14T00:00:00,ORL vs. BOS,W,24.623333333333335,4,8,0.5,2,6,0.333,1,2,0.5,2,1,3,2,0,2,0,0,4,1,11,17,23.6,0,0,22.0,1,1,1,1,856,552,660,492,139,97,422,748,591,723,220,1051,748,488,1046,89,505,1,1326,835,612,132,597,145,5,601,,24:37,1
2008-09,200770,Jordan Farmar,Jordan,1610612747,LAL,Los Angeles Lakers,0040800226,2009-05-14T00:00:00,LAL @ HOU,L,21.011666666666667,5,10,0.5,3,5,0.6,0,0,0.0,0,2,2,0,2,1,0,0,3,0,13,-5,16.4,0,0,20.0,1,868,868,868,977,396,492,492,59,159,151,930,991,930,848,788,973,1072,289,300,505,1,1025,1205,470,1171,858,145,5,666,,21:01,1
2008-09,2772,Trevor Ariza,Trevor,1610612747,LAL,Los Angeles Lakers,0040800226,2009-05-14T00:00:00,LAL @ HOU,L,30.538333333333334,2,6,0.333,1,5,0.2,2,4,0.5,2,2,4,2,2,2,0,0,1,4,7,-9,18.8,0,0,18.0,1,868,868,868,650,875,846,1037,300,159,578,481,355,723,220,788,588,488,289,89,505,1,310,291,853,1389,753,145,5,750,,30:32,1
2008-09,2203,Shane Battier,Shane,1610612745,HOU,Houston Rockets,0040800226,2009-05-14T00:00:00,HOU vs. LAL,W,41.45,2,8,0.25,1,6,0.167,0,0,0.0,1,4,5,4,1,1,0,3,4,1,5,8,19.0,0,0,17.0,1,1,1,1,177,875,660,1224,300,97,607,930,991,930,423,403,442,208,569,300,505,1698,1326,835,1003,362,746,145,5,789,,41:27,1
2008-09,2045,Hedo Turkoglu,Hedo,1610612753,ORL,Orlando Magic,0040800216,2009-05-14T00:00:00,ORL vs. BOS,W,37.8,3,13,0.231,1,5,0.2,0,0,0.0,0,2,2,3,3,1,0,0,2,0,7,2,13.9,0,0,15.0,1,1,1,1,365,708,297,1288,300,159,578,930,991,930,848,788,973,317,132,300,505,1,667,1205,853,653,976,145,5,864,,37:48,1
2008-09,201175,Glen Davis,Glen,1610612738,BOS,Boston Celtics,0040800216,2009-05-14T00:00:00,BOS @ ORL,L,24.816666666666666,3,8,0.375,0,0,0.0,0,0,0.0,1,1,2,2,2,2,0,2,4,0,6,-12,15.4,0,0,14.0,1,868,868,868,850,708,660,978,635,979,635,930,991,930,423,1051,973,488,289,89,505,1565,1326,1205,918,1497,904,145,5,905,,24:49,1
2008-09,2243,Brian Scalabrine,Brian,1610612738,BOS,Boston Celtics,0040800216,2009-05-14T00:00:00,BOS @ ORL,L,32.72,3,7,0.429,1,4,0.25,0,0,0.0,2,1,3,1,0,0,1,0,4,0,7,-5,15.1,0,0,14.0,1,868,868,868,552,708,764,810,300,253,524,930,991,930,220,1051,748,729,1046,778,189,1,1326,1205,853,1171,922,145,5,905,,32:43,1
2008-09,951,Ray Allen,Ray,1610612738,BOS,Boston Celtics,0040800216,2009-05-14T00:00:00,BOS @ ORL,L,41.833333333333336,2,11,0.182,0,7,0.0,1,1,1.0,3,4,7,1,4,0,0,1,5,2,5,-8,10.9,0,0,13.0,1,868,868,868,155,875,430,1348,635,57,635,748,920,1,106,403,272,729,53,778,505,1168,1564,597,1003,1347,1110,145,5,940,,41:50,1
2008-09,101236,Chuck Hayes,Chuck,1610612745,HOU,Houston Rockets,0040800226,2009-05-14T00:00:00,HOU vs. LAL,W,30.311666666666667,1,1,1.0,0,0,0.0,0,0,0.0,2,3,5,2,0,1,0,0,4,0,2,3,14.0,0,0,11.0,1,1,1,1,659,1119,1432,1,635,979,635,930,991,930,220,569,442,488,1046,300,505,1,1326,1205,1253,588,965,145,5,1061,,30:19,1
2008-09,200768,Kyle Lowry,Kyle,1610612745,HOU,Houston Rockets,0040800226,2009-05-14T00:00:00,HOU vs. LAL,W,14.933333333333334,1,6,0.167,0,0,0.0,2,2,1.0,0,2,2,4,0,0,0,1,1,1,4,7,12.4,0,0,10.0,1,1,1,1,1202,1119,846,1352,635,979,635,481,591,1,848,788,973,208,1046,778,505,1168,310,835,1077,402,1029,145,5,1103,,14:56,1
2008-09,101115,Andrew Bynum,Andrew,1610612747,LAL,Los Angeles Lakers,0040800226,2009-05-14T00:00:00,LAL @ HOU,L,19.05,0,3,0.0,0,0,0.0,0,0,0.0,4,3,7,1,1,1,0,0,3,0,0,-1,11.9,0,0,10.0,1,868,868,868,1048,1397,1176,1397,635,979,635,930,991,930,56,569,272,729,569,300,505,1,1025,1205,1447,871,1063,145,5,1103,,19:03,1
2008-09,2067,Eddie House,Eddie,1610612738,BOS,Boston Celtics,0040800216,2009-05-14T00:00:00,BOS @ ORL,L,14.713333333333333,3,6,0.5,0,0,0.0,0,0,0.0,0,0,0,1,0,1,0,0,2,1,6,2,10.5,0,0,9.0,1,868,868,868,1209,708,846,492,635,979,635,930,991,930,848,1379,1447,729,1046,300,505,1,667,835,918,653,1123,145,5,1144,,14:43,1
2008-09,201584,Courtney Lee,Courtney,1610612753,ORL,Orlando Magic,0040800216,2009-05-14T00:00:00,ORL vs. BOS,W,21.89666666666667,2,5,0.4,0,1,0.0,2,2,1.0,0,2,2,0,1,0,0,1,1,1,6,-7,7.4,0,0,8.0,1,1,1,1,947,875,946,867,635,730,635,481,591,1,848,788,973,1072,569,778,505,1168,310,835,918,1305,1243,145,5,1186,,21:54,1
2008-09,200755,JJ Redick,JJ,1610612753,ORL,Orlando Magic,0040800216,2009-05-14T00:00:00,ORL vs. BOS,W,20.4,0,7,0.0,0,2,0.0,2,3,0.667,0,3,3,0,0,0,1,1,0,2,2,2,8.6,0,0,7.0,1,1,1,1,999,1397,764,1397,635,538,635,481,510,612,848,569,748,1072,1046,778,189,1168,1,597,1253,653,1190,145,5,1230,,20:24,1
2008-09,1533,Anthony Johnson,Anthony,1610612753,ORL,Orlando Magic,0040800216,2009-05-14T00:00:00,ORL vs. BOS,W,11.15,1,5,0.2,1,4,0.25,0,2,0.0,0,1,1,0,0,1,0,0,1,2,3,-2,7.2,0,0,7.0,1,1,1,1,1335,1119,946,1308,300,253,524,930,591,930,848,1051,1206,1072,1046,300,505,1,310,597,1188,949,1253,145,5,1230,,11:09,1
2008-09,101144,Von Wafer,Von,1610612745,HOU,Houston Rockets,0040800226,2009-05-14T00:00:00,HOU vs. LAL,W,4.533333333333333,2,3,0.667,1,1,1.0,0,0,0.0,0,0,0,0,0,0,0,0,0,1,5,1,5.0,0,0,6.0,1,1,1,1,1535,875,1176,194,300,730,1,930,991,930,848,1379,1447,1072,1046,778,505,1,1,835,1003,703,1368,145,5,1274,,4:32,1
2008-09,2756,Sasha Vujacic,Sasha,1610612747,LAL,Los Angeles Lakers,0040800226,2009-05-14T00:00:00,LAL @ HOU,L,6.581666666666667,1,3,0.333,0,0,0.0,0,0,0.0,1,1,2,1,0,0,0,0,2,0,2,-4,5.9,0,0,5.0,1,868,868,868,1463,1119,1176,1037,635,979,635,930,991,930,423,1051,973,729,1046,778,505,1,667,1205,1253,1113,1322,145,5,1326,,6:35,1
2008-09,200769,Shannon Brown,Shannon,1610612747,LAL,Los Angeles Lakers,0040800226,2009-05-14T00:00:00,LAL @ HOU,L,15.483333333333333,0,3,0.0,0,1,0.0,2,2,1.0,1,0,1,1,0,0,0,0,1,1,2,-6,4.7,0,0,4.0,1,868,868,868,1179,1397,1176,1397,635,730,635,481,591,1,423,1379,1206,729,1046,778,505,1,310,835,1253,1235,1382,145,5,1395,,15:29,1
2008-09,965,Derek Fisher,Derek,1610612747,LAL,Los Angeles Lakers,0040800226,2009-05-14T00:00:00,LAL @ HOU,L,21.4,1,7,0.143,0,5,0.0,0,0,0.0,0,0,0,1,1,0,0,0,1,0,2,-3,2.5,0,0,3.0,1,868,868,868,964,1119,764,1379,635,159,635,930,991,930,848,1379,1447,729,569,778,505,1,310,1205,1253,1039,1510,145,5,1443,,21:24,1
2008-09,950,Stephon Marbury,Stephon,1610612738,BOS,Boston Celtics,0040800216,2009-05-14T00:00:00,BOS @ ORL,L,8.44,0,1,0.0,0,0,0.0,0,0,0.0,0,1,1,1,0,0,0,0,2,0,0,-3,2.7,0,0,2.0,1,868,868,868,1412,1397,1432,1397,635,979,635,930,991,930,848,1051,1206,729,1046,778,505,1,667,1205,1447,1039,1498,145,5,1494,,8:26,1
2008-09,2575,Luke Walton,Luke,1610612747,LAL,Los Angeles Lakers,0040800226,2009-05-14T00:00:00,LAL @ HOU,L,15.848333333333333,0,5,0.0,0,2,0.0,0,0,0.0,1,1,2,0,0,0,0,0,2,0,0,-13,2.4,0,0,2.0,1,868,868,868,1165,1397,946,1397,635,538,635,930,991,930,423,1051,973,1072,1046,778,505,1,667,1205,1447,1527,1511,145,5,1494,,15:51,1
2008-09,101162,Marcin Gortat,Marcin,1610612753,ORL,Orlando Magic,0040800216,2009-05-14T00:00:00,ORL vs. BOS,W,5.25,0,0,0.0,0,0,0.0,0,0,0.0,1,0,1,0,1,0,0,0,0,1,0,-2,0.2,0,0,1.0,1,1,1,1,1508,1397,1595,1397,635,979,635,930,991,930,423,1379,1206,1072,569,778,505,1,1,835,1447,949,1600,145,5,1565,,5:15,1
2008-09,1499,Tony Battie,Tony,1610612753,ORL,Orlando Magic,0040800216,2009-05-14T00:00:00,ORL vs. BOS,W,3.433333333333333,0,1,0.0,0,0,0.0,0,0,0.0,0,0,0,0,0,0,0,0,0,0,0,-1,0.0,0,0,0.0,1,1,1,1,1593,1397,1432,1397,635,979,635,930,991,930,848,1379,1447,1072,1046,778,505,1,1,1205,1447,871,1610,145,5,1611,,3:26,1
2008-09,1717,Dirk Nowitzki,Dirk,1610612742,DAL,Dallas Mavericks,0040800235,2009-05-13T00:00:00,DAL @ DEN,L,45.285,9,17,0.529,2,5,0.4,12,12,1.0,3,7,10,7,5,0,1,2,5,12,32,-11,52.5,1,0,53.0,1,868,868,868,48,97,130,475,139,159,374,15,43,1,106,140,104,63,21,778,189,1565,1564,6,41,1461,65,1,5,35,,45:17,1
2008-09,1497,Chauncey Billups,Chauncey,1610612743,DEN,Denver Nuggets,0040800235,2009-05-13T00:00:00,DEN vs. DAL,W,39.74666666666667,10,16,0.625,3,6,0.5,5,5,1.0,1,6,7,12,2,0,1,1,3,6,28,15,55.4,1,0,52.0,1,1,1,1,273,65,167,290,59,97,176,182,294,1,423,203,272,8,289,778,189,1168,1025,131,74,174,46,1,5,48,,39:45,1
2008-09,2546,Carmelo Anthony,Carmelo,1610612743,DEN,Denver Nuggets,0040800235,2009-05-13T00:00:00,DEN vs. DAL,W,39.848333333333336,13,22,0.591,4,7,0.571,0,0,0.0,1,4,5,3,1,1,0,1,5,2,30,15,42.5,0,0,44.0,1,1,1,1,264,18,44,369,24,57,163,930,991,930,423,403,442,317,569,300,505,1168,1564,597,58,174,146,145,5,99,,39:51,1
2008-09,467,Jason Kidd,Jason,1610612742,DAL,Dallas Mavericks,0040800235,2009-05-13T00:00:00,DAL @ DEN,L,44.01833333333333,6,10,0.6,5,9,0.556,2,2,1.0,0,3,3,9,5,1,1,0,3,2,19,-10,37.1,0,0,40.0,1,868,868,868,75,285,492,323,12,23,172,481,591,1,848,569,748,25,21,300,189,1,1025,597,236,1433,243,145,5,142,,44:01,1
2008-09,2747,JR Smith,JR,1610612743,DEN,Denver Nuggets,0040800235,2009-05-13T00:00:00,DEN vs. DAL,W,29.016666666666666,5,13,0.385,4,10,0.4,4,4,1.0,1,4,5,6,1,0,0,0,4,2,18,11,32.0,0,0,33.0,1,1,1,1,702,396,297,956,24,11,374,259,355,1,423,403,442,100,569,778,505,1,1326,597,265,260,361,145,5,282,,29:01,1
2008-09,2030,Kenyon Martin,Kenyon,1610612743,DEN,Denver Nuggets,0040800235,2009-05-13T00:00:00,DEN vs. DAL,W,38.89833333333333,5,11,0.455,0,1,0.0,5,9,0.556,1,1,2,4,2,4,0,0,3,5,15,13,33.4,0,0,29.0,1,1,1,1,308,396,430,744,635,730,635,182,86,719,423,1051,973,208,289,9,505,1,1025,197,367,203,324,145,5,384,,38:54,1
2008-09,2403,Nene,ene,1610612743,DEN,Denver Nuggets,0040800235,2009-05-13T00:00:00,DEN vs. DAL,W,40.815,8,10,0.8,0,0,0.0,1,2,0.5,3,4,7,1,4,2,0,0,4,5,17,17,28.9,0,0,29.0,1,1,1,1,215,143,492,123,635,979,635,748,591,723,106,403,272,729,53,89,505,1,1326,197,291,132,434,145,5,384,,40:49,1
2008-09,101138,Brandon Bass,Brandon,1610612742,DAL,Dallas Mavericks,0040800235,2009-05-13T00:00:00,DAL @ DEN,L,25.176666666666666,5,9,0.556,0,0,0.0,7,8,0.875,4,3,7,1,0,1,0,0,3,5,17,-8,29.9,0,0,27.0,1,868,868,868,840,396,571,427,635,979,635,92,118,408,56,569,272,729,1046,300,505,1,1025,197,291,1347,410,145,5,435,,25:11,1
2008-09,1891,Jason Terry,Jason,1610612742,DAL,Dallas Mavericks,0040800235,2009-05-13T00:00:00,DAL @ DEN,L,33.915,4,13,0.308,3,10,0.3,0,0,0.0,0,1,1,1,2,2,0,0,4,0,11,-16,17.7,0,0,20.0,1,868,868,868,506,552,297,1156,59,11,512,930,991,930,848,1051,1206,729,289,89,505,1,1326,1205,612,1591,795,145,5,666,,33:55,1
2008-09,2572,Josh Howard,Josh,1610612742,DAL,Dallas Mavericks,0040800235,2009-05-13T00:00:00,DAL @ DEN,L,32.70166666666667,6,13,0.462,1,6,0.167,1,5,0.2,0,3,3,1,1,0,0,0,3,3,14,-12,18.1,0,0,19.0,1,868,868,868,554,285,297,727,300,97,607,748,294,927,848,569,748,729,569,778,505,1,1025,409,416,1497,780,145,5,709,,32:42,1
2008-09,1853,Anthony Carter,Anthony,1610612743,DEN,Denver Nuggets,0040800235,2009-05-13T00:00:00,DEN vs. DAL,W,17.051666666666666,4,6,0.667,0,1,0.0,0,0,0.0,3,2,5,3,2,0,0,0,0,0,8,0,16.5,0,0,16.0,1,1,1,1,1121,552,846,194,635,730,635,930,991,930,106,788,442,317,289,778,505,1,1,1205,776,769,855,145,5,826,,17:03,1
2008-09,2563,Dahntay Jones,Dahntay,1610612743,DEN,Denver Nuggets,0040800235,2009-05-13T00:00:00,DEN vs. DAL,W,18.81833333333333,3,4,0.75,0,1,0.0,2,2,1.0,0,2,2,1,1,1,0,0,0,1,8,4,13.9,0,0,13.0,1,1,1,1,1055,708,1064,143,635,730,635,481,591,1,848,788,973,729,569,300,505,1,1,835,776,525,976,145,5,940,,18:49,1
2008-09,200826,J.J. Barea,J.J.,1610612742,DAL,Dallas Mavericks,0040800235,2009-05-13T00:00:00,DAL @ DEN,L,17.498333333333335,3,5,0.6,1,3,0.333,0,0,0.0,0,2,2,1,0,0,0,0,1,1,7,-2,10.9,0,0,11.0,1,868,868,868,1099,708,946,323,300,391,422,930,991,930,848,788,973,729,1046,778,505,1,310,835,853,949,1110,145,5,1061,,17:30,1
2008-09,956,Erick Dampier,Erick,1610612742,DAL,Dallas Mavericks,0040800235,2009-05-13T00:00:00,DAL @ DEN,L,24.283333333333335,3,3,1.0,0,0,0.0,0,0,0.0,1,1,2,0,0,1,0,0,3,0,6,-7,11.4,0,0,10.0,1,868,868,868,872,708,1176,1,635,979,635,930,991,930,423,1051,973,1072,1046,300,505,1,1025,1205,918,1305,1084,145,5,1103,,24:17,1
2008-09,101120,Antoine Wright,Antoine,1610612742,DAL,Dallas Mavericks,0040800235,2009-05-13T00:00:00,DAL @ DEN,L,14.908333333333333,2,4,0.5,0,1,0.0,0,0,0.0,1,1,2,3,0,0,0,0,0,1,4,-2,10.9,0,0,9.0,1,868,868,868,1203,875,1064,492,635,730,635,930,991,930,423,1051,973,317,1046,778,505,1,1,835,1077,949,1110,145,5,1144,,14:55,1
2008-09,2365,Chris Andersen,Chris,1610612743,DEN,Denver Nuggets,0040800235,2009-05-13T00:00:00,DEN vs. DAL,W,14.1,0,0,0.0,0,0,0.0,0,0,0.0,2,3,5,1,0,0,1,0,5,1,0,-5,10.5,0,0,8.0,1,1,1,1,1228,1397,1595,1397,635,979,635,930,991,930,220,569,442,729,1046,778,189,1,1564,835,1447,1171,1123,145,5,1186,,14:06,1
2008-09,101123,Gerald Green,Gerald,1610612742,DAL,Dallas Mavericks,0040800235,2009-05-13T00:00:00,DAL @ DEN,L,0.5683333333333334,0,0,0.0,0,0,0.0,0,2,0.0,0,0,0,0,0,0,0,0,0,1,0,0,0.0,0,0,0.0,1,868,868,868,1719,1397,1595,1397,635,979,635,930,591,930,848,1379,1447,1072,1046,778,505,1,1,835,1447,769,1610,145,5,1611,,0:34,1
2008-09,200764,Renaldo Balkman,Renaldo,1610612743,DEN,Denver Nuggets,0040800235,2009-05-13T00:00:00,DEN vs. DAL,W,0.5683333333333334,0,0,0.0,0,0,0.0,0,0,0.0,0,0,0,0,0,0,0,0,0,0,0,0,0.0,0,0,0.0,1,1,1,1,1719,1397,1595,1397,635,979,635,930,991,930,848,1379,1447,1072,1046,778,505,1,1,1205,1447,769,1610,145,5,1611,,0:34,1
2008-09,2078,Jason Hart,Jason,1610612743,DEN,Denver Nuggets,0040800235,2009-05-13T00:00:00,DEN vs. DAL,W,0.5683333333333334,0,0,0.0,0,0,0.0,0,0,0.0,0,0,0,0,0,0,0,0,0,0,0,0,0.0,0,0,0.0,1,1,1,1,1719,1397,1595,1397,635,979,635,930,991,930,848,1379,1447,1072,1046,778,505,1,1,1205,1447,769,1610,145,5,1611,,0:34,1
2008-09,200797,Ryan Hollins,Ryan,1610612742,DAL,Dallas Mavericks,0040800235,2009-05-13T00:00:00,DAL @ DEN,L,0.39,0,0,0.0,0,0,0.0,0,0,0.0,0,0,0,0,0,0,0,0,0,0,0,0,0.0,0,0,0.0,1,868,868,868,1725,1397,1595,1397,635,979,635,930,991,930,848,1379,1447,1072,1046,778,505,1,1,1205,1447,769,1610,145,5,1611,,0:23,1
2008-09,2679,Matt Carroll,Matt,1610612742,DAL,Dallas Mavericks,0040800235,2009-05-13T00:00:00,DAL @ DEN,L,0.39,0,0,0.0,0,0,0.0,0,0,0.0,0,0,0,0,0,0,0,0,0,0,0,0,0.0,0,0,0.0,1,868,868,868,1725,1397,1595,1397,635,979,635,930,991,930,848,1379,1447,1072,1046,778,505,1,1,1205,1447,769,1610,145,5,1611,,0:23,1
2008-09,101130,Johan Petro,Johan,1610612743,DEN,Denver Nuggets,0040800235,2009-05-13T00:00:00,DEN vs. DAL,W,0.5683333333333334,0,0,0.0,0,0,0.0,0,0,0.0,0,0,0,0,0,0,0,0,1,0,0,0,0.0,0,0,0.0,1,1,1,1,1719,1397,1595,1397,635,979,635,930,991,930,848,1379,1447,1072,1046,778,505,1,310,1205,1447,769,1610,145,5,1611,,0:34,1
2008-09,101189,James Singleton,James,1610612742,DAL,Dallas Mavericks,0040800235,2009-05-13T00:00:00,DAL @ DEN,L,0.865,0,0,0.0,0,0,0.0,0,0,0.0,0,0,0,0,0,0,0,0,0,0,0,-2,0.0,0,0,0.0,1,868,868,868,1703,1397,1595,1397,635,979,635,930,991,930,848,1379,1447,1072,1046,778,505,1,1,1205,1447,949,1610,145,5,1611,,0:52,1
2008-09,2200,Pau Gasol,Pau,1610612747,LAL,Los Angeles Lakers,0040800225,2009-05-12T00:00:00,LAL vs. HOU,W,32.63333333333333,5,9,0.556,0,0,0.0,6,8,0.75,5,8,13,3,0,1,3,0,1,6,16,32,48.1,1,0,40.0,1,1,1,1,559,396,571,427,635,979,635,132,118,532,22,90,51,317,1046,300,30,1,310,131,334,9,91,1,5,142,,32:38,1
2008-09,1718,Paul Pierce,Paul,1610612738,BOS,Boston Celtics,0040800215,2009-05-12T00:00:00,BOS vs. ORL,W,40.083333333333336,6,11,0.545,0,1,0.0,7,7,1.0,1,8,9,8,0,2,0,0,3,8,19,1,47.8,0,0,40.0,1,1,1,1,251,285,430,448,635,730,635,92,167,1,423,90,149,38,1046,89,505,1,1025,56,236,703,95,145,5,142,,40:05,1
2008-09,977,Kobe Bryant,Kobe,1610612747,LAL,Los Angeles Lakers,0040800225,2009-05-12T00:00:00,LAL vs. HOU,W,30.816666666666666,10,19,0.526,1,3,0.333,5,6,0.833,0,4,4,3,4,1,1,2,3,3,26,30,37.3,0,0,38.0,1,1,1,1,643,65,91,483,300,391,422,182,202,442,848,403,588,317,53,300,189,1565,1025,409,94,17,237,145,5,169,,30:49,1
2008-09,1747,Rafer Alston,Rafer,1610612753,ORL,Orlando Magic,0040800215,2009-05-12T00:00:00,ORL @ BOS,L,35.225,6,15,0.4,2,6,0.333,2,3,0.667,0,5,5,6,1,3,0,0,0,2,16,-2,39.0,0,0,35.0,1,868,868,868,455,285,198,867,139,97,422,481,510,612,848,281,442,100,569,31,505,1,1,597,334,949,200,145,5,234,,35:14,1
2008-09,201175,Glen Davis,Glen,1610612738,BOS,Boston Celtics,0040800215,2009-05-12T00:00:00,BOS vs. ORL,W,42.18,8,16,0.5,0,0,0.0,6,6,1.0,4,3,7,2,0,1,0,0,4,5,22,16,36.4,0,0,33.0,1,1,1,1,142,143,167,492,635,979,635,132,202,1,56,569,272,488,1046,300,505,1,1326,197,165,154,265,145,5,282,,42:11,1
2008-09,2730,Dwight Howard,Dwight,1610612753,ORL,Orlando Magic,0040800215,2009-05-12T00:00:00,ORL @ BOS,L,37.38333333333333,5,10,0.5,0,0,0.0,2,3,0.667,4,13,17,1,4,0,0,1,4,7,12,-6,29.9,1,0,30.0,1,868,868,868,380,396,492,492,635,979,635,481,510,612,56,11,11,729,53,778,505,1168,1326,81,532,1235,410,1,5,359,,37:23,1
2008-09,1740,Rashard Lewis,Rashard,1610612753,ORL,Orlando Magic,0040800215,2009-05-12T00:00:00,ORL @ BOS,L,38.666666666666664,8,16,0.5,1,4,0.25,2,2,1.0,0,5,5,3,1,0,1,0,2,4,19,-1,31.5,0,0,30.0,1,868,868,868,322,143,167,492,300,253,524,481,591,1,848,281,442,317,569,778,189,1,667,291,236,871,379,145,5,359,,38:40,1
2008-09,2449,Luis Scola,Luis,1610612745,HOU,Houston Rockets,0040800225,2009-05-12T00:00:00,HOU @ LAL,L,31.35,4,10,0.4,0,0,0.0,4,4,1.0,5,8,13,4,2,0,0,1,4,2,12,-13,31.6,1,0,29.0,1,868,868,868,619,552,492,867,635,979,635,259,355,1,22,90,51,208,289,778,505,1168,1326,597,532,1527,375,1,5,384,,31:21,1
2008-09,2045,Hedo Turkoglu,Hedo,1610612753,ORL,Orlando Magic,0040800215,2009-05-12T00:00:00,ORL @ BOS,L,36.56333333333333,7,14,0.5,0,5,0.0,4,4,1.0,0,2,2,7,2,1,0,0,4,5,18,-1,31.9,0,0,29.0,1,868,868,868,413,199,245,492,635,159,635,259,355,1,848,788,973,63,289,300,505,1,1326,197,265,871,363,145,5,384,,36:34,1
2008-09,2772,Trevor Ariza,Trevor,1610612747,LAL,Los Angeles Lakers,0040800225,2009-05-12T00:00:00,LAL vs. HOU,W,23.916666666666668,5,8,0.625,1,2,0.5,2,5,0.4,0,2,2,3,2,3,0,0,1,3,13,23,26.9,0,0,25.0,1,1,1,1,887,396,660,290,300,538,176,481,294,896,848,788,973,317,289,31,505,1,310,409,470,57,483,145,5,496,,23:55,1
2008-09,200770,Jordan Farmar,Jordan,1610612747,LAL,Los Angeles Lakers,0040800225,2009-05-12T00:00:00,LAL vs. HOU,W,22.483333333333334,4,7,0.571,2,2,1.0,2,3,0.667,0,2,2,6,1,1,0,0,1,3,12,20,25.4,0,0,24.0,1,1,1,1,922,552,764,394,139,538,1,481,510,612,848,788,973,100,569,300,505,1,310,409,532,83,531,145,5,523,,22:29,1
2008-09,951,Ray Allen,Ray,1610612738,BOS,Boston Celtics,0040800215,2009-05-12T00:00:00,BOS vs. ORL,W,41.15,3,11,0.273,2,5,0.4,5,5,1.0,0,3,3,3,4,1,0,0,0,3,13,9,20.1,0,0,23.0,1,1,1,1,199,708,430,1212,139,159,374,182,294,1,848,569,748,317,53,300,505,1,1,409,470,328,708,145,5,561,,41:09,1
2008-09,2570,Kendrick Perkins,Kendrick,1610612738,BOS,Boston Celtics,0040800215,2009-05-12T00:00:00,BOS vs. ORL,W,35.196666666666665,3,7,0.429,0,0,0.0,0,0,0.0,3,8,11,1,1,1,1,2,4,0,6,4,25.7,0,0,22.0,1,1,1,1,459,708,764,810,635,979,635,930,991,930,106,90,83,729,569,300,189,1565,1326,1205,918,525,516,145,5,601,,35:12,1
2008-09,200765,Rajon Rondo,Rajon,1610612738,BOS,Boston Celtics,0040800215,2009-05-12T00:00:00,BOS vs. ORL,W,28.636666666666667,3,12,0.25,0,3,0.0,0,0,0.0,2,7,9,5,3,1,0,0,4,1,6,9,24.3,0,0,22.0,1,1,1,1,718,708,364,1224,635,391,635,930,991,930,220,140,149,142,132,300,505,1,1326,835,918,328,566,145,5,601,,28:38,1
2008-09,101115,Andrew Bynum,Andrew,1610612747,LAL,Los Angeles Lakers,0040800225,2009-05-12T00:00:00,LAL vs. HOU,W,19.833333333333332,5,6,0.833,0,0,0.0,4,4,1.0,3,3,6,0,0,0,0,1,2,4,14,10,21.2,0,0,20.0,1,1,1,1,1017,396,846,115,635,979,635,259,355,1,106,569,351,1072,1046,778,505,1168,667,291,416,293,673,145,5,666,,19:50,1
2008-09,1885,Lamar Odom,Lamar,1610612747,LAL,Los Angeles Lakers,0040800225,2009-05-12T00:00:00,LAL vs. HOU,W,18.5,2,3,0.667,1,1,1.0,5,6,0.833,3,3,6,1,2,1,0,0,0,4,10,31,19.7,0,0,20.0,1,1,1,1,1066,875,1176,194,300,730,1,182,202,442,106,569,351,729,289,300,505,1,1,291,663,12,728,145,5,666,,18:30,1
2008-09,699,Brent Barry,Brent,1610612745,HOU,Houston Rockets,0040800225,2009-05-12T00:00:00,HOU @ LAL,L,18.616666666666667,3,5,0.6,2,4,0.5,0,0,0.0,0,4,4,1,3,2,0,0,1,1,8,-12,17.3,0,0,19.0,1,868,868,868,1064,708,946,323,139,253,176,930,991,930,848,403,588,729,132,89,505,1,310,835,776,1497,819,145,5,709,,18:37,1
2008-09,1897,Metta World Peace,Metta,1610612745,HOU,Houston Rockets,0040800225,2009-05-12T00:00:00,HOU @ LAL,L,29.3,4,15,0.267,1,7,0.143,0,0,0.0,1,3,4,1,4,1,1,1,3,0,9,-25,17.3,0,0,19.0,1,868,868,868,696,552,198,1220,300,57,624,930,991,930,423,569,588,729,53,300,189,1168,1025,1205,726,1711,819,145,5,709,,29:18,1
2008-09,200769,Shannon Brown,Shannon,1610612747,LAL,Los Angeles Lakers,0040800225,2009-05-12T00:00:00,LAL vs. HOU,W,16.883333333333333,3,7,0.429,1,2,0.5,0,0,0.0,0,4,4,0,0,2,1,1,1,0,7,13,20.8,0,0,18.0,1,1,1,1,1128,708,764,810,300,538,176,930,991,930,848,403,588,1072,1046,89,189,1168,310,1205,853,203,682,145,5,750,,16:53,1
2008-09,2575,Luke Walton,Luke,1610612747,LAL,Los Angeles Lakers,0040800225,2009-05-12T00:00:00,LAL vs. HOU,W,21.45,1,2,0.5,0,0,0.0,2,2,1.0,0,6,6,3,1,2,0,0,3,1,4,17,20.7,0,0,17.0,1,1,1,1,962,1119,1295,492,635,979,635,481,591,1,848,203,351,317,569,89,505,1,1025,835,1077,132,686,145,5,789,,21:27,1
2008-09,201166,Aaron Brooks,Aaron,1610612745,HOU,Houston Rockets,0040800225,2009-05-12T00:00:00,HOU @ LAL,L,30.383333333333333,4,11,0.364,0,3,0.0,6,6,1.0,0,1,1,2,2,0,0,0,2,6,14,-32,16.2,0,0,17.0,1,868,868,868,655,552,430,1014,635,391,635,132,202,1,848,1051,1206,488,289,778,505,1,667,131,416,1737,868,145,5,789,,30:23,1
2008-09,101144,Von Wafer,Von,1610612745,HOU,Houston Rockets,0040800225,2009-05-12T00:00:00,HOU @ LAL,L,13.0,4,9,0.444,1,3,0.333,4,4,1.0,0,0,0,2,1,0,0,1,0,3,13,-8,15.0,0,0,16.0,1,868,868,868,1272,552,571,770,300,391,422,259,355,1,848,1379,1447,488,569,778,505,1168,1,409,470,1347,926,145,5,826,,13:00,1
2008-09,950,Stephon Marbury,Stephon,1610612738,BOS,Boston Celtics,0040800215,2009-05-12T00:00:00,BOS vs. ORL,W,14.801666666666666,5,10,0.5,1,2,0.5,1,1,1.0,0,0,0,2,0,0,0,0,0,2,12,-6,15.0,0,0,15.0,1,1,1,1,1207,396,492,492,300,538,176,748,920,1,848,1379,1447,488,1046,778,505,1,1,597,532,1235,926,145,5,864,,14:48,1
2008-09,201171,Carl Landry,Carl,1610612745,HOU,Houston Rockets,0040800225,2009-05-12T00:00:00,HOU @ LAL,L,27.983333333333334,4,6,0.667,0,0,0.0,1,2,0.5,2,1,3,0,1,0,1,1,3,2,9,-31,14.6,0,0,14.0,1,868,868,868,739,552,846,194,635,979,635,748,591,723,220,1051,748,1072,569,778,189,1168,1025,597,726,1734,943,145,5,905,,27:59,1
2008-09,2694,Josh Powell,Josh,1610612747,LAL,Los Angeles Lakers,0040800225,2009-05-12T00:00:00,LAL vs. HOU,W,15.766666666666667,4,7,0.571,0,0,0.0,2,2,1.0,1,2,3,1,1,0,0,0,1,1,10,5,14.1,0,0,14.0,1,1,1,1,1171,552,764,394,635,979,635,481,591,1,423,788,748,729,569,778,505,1,310,835,663,477,960,145,5,905,,15:46,1
2008-09,2067,Eddie House,Eddie,1610612738,BOS,Boston Celtics,0040800215,2009-05-12T00:00:00,BOS vs. ORL,W,19.601666666666667,3,6,0.5,0,2,0.0,2,2,1.0,0,2,2,0,0,1,0,0,1,1,8,-2,13.4,0,0,12.0,1,1,1,1,1023,708,846,492,635,538,635,481,591,1,848,788,973,1072,1046,300,505,1,310,835,776,949,994,145,5,1002,,19:36,1
2008-09,2567,Brian Cook,Brian,1610612745,HOU,Houston Rockets,0040800225,2009-05-12T00:00:00,HOU @ LAL,L,19.366666666666667,0,7,0.0,0,4,0.0,0,0,0.0,2,5,7,1,3,1,1,1,2,1,0,-28,12.9,0,0,12.0,1,868,868,868,1031,1397,764,1397,635,253,635,930,991,930,220,281,272,729,132,300,189,1168,667,835,1447,1721,1013,145,5,1002,,19:22,1
2008-09,2203,Shane Battier,Shane,1610612745,HOU,Houston Rockets,0040800225,2009-05-12T00:00:00,HOU @ LAL,L,29.383333333333333,2,7,0.286,1,4,0.25,0,0,0.0,2,1,3,0,0,0,1,1,3,0,5,-28,11.6,0,0,11.0,1,868,868,868,693,875,764,1183,300,253,524,930,991,930,220,1051,748,1072,1046,778,189,1168,1025,1205,1003,1721,1074,145,5,1061,,29:23,1
2008-09,2243,Brian Scalabrine,Brian,1610612738,BOS,Boston Celtics,0040800215,2009-05-12T00:00:00,BOS vs. ORL,W,18.35,2,5,0.4,2,3,0.667,0,0,0.0,1,0,1,2,0,0,0,0,4,0,6,-11,10.2,0,0,11.0,1,1,1,1,1073,875,946,867,139,391,116,930,991,930,423,1379,1206,488,1046,778,505,1,1326,1205,918,1461,1133,145,5,1061,,18:21,1
2008-09,200755,JJ Redick,JJ,1610612753,ORL,Orlando Magic,0040800215,2009-05-12T00:00:00,ORL @ BOS,L,28.981666666666666,1,6,0.167,1,4,0.25,0,0,0.0,1,2,3,3,0,0,0,0,0,0,3,0,11.1,0,0,10.0,1,868,868,868,706,1119,846,1352,300,253,524,930,991,930,423,788,748,317,1046,778,505,1,1,1205,1188,769,1098,145,5,1103,,28:59,1
2008-09,101236,Chuck Hayes,Chuck,1610612745,HOU,Houston Rockets,0040800225,2009-05-12T00:00:00,HOU @ LAL,L,17.016666666666666,3,6,0.5,0,0,0.0,0,0,0.0,3,1,4,0,0,0,0,1,5,0,6,-8,10.8,0,0,10.0,1,868,868,868,1123,708,846,492,635,979,635,930,991,930,106,1051,588,1072,1046,778,505,1168,1564,1205,918,1347,1114,145,5,1103,,17:01,1
2008-09,101162,Marcin Gortat,Marcin,1610612753,ORL,Orlando Magic,0040800215,2009-05-12T00:00:00,ORL @ BOS,L,10.656666666666666,2,3,0.667,0,0,0.0,0,0,0.0,0,1,1,0,0,1,1,0,3,2,4,-2,11.2,0,0,9.0,1,868,868,868,1351,875,1176,194,635,979,635,930,991,930,848,1051,1206,1072,1046,300,189,1,1025,597,1077,949,1093,145,5,1144,,10:39,1
2008-09,1499,Tony Battie,Tony,1610612753,ORL,Orlando Magic,0040800215,2009-05-12T00:00:00,ORL @ BOS,L,9.338333333333333,4,7,0.571,0,0,0.0,0,0,0.0,0,1,1,0,1,0,0,0,1,0,8,-3,8.2,0,0,9.0,1,868,868,868,1386,552,764,394,635,979,635,930,991,930,848,1051,1206,1072,569,778,505,1,310,1205,776,1039,1212,145,5,1144,,9:20,1
2008-09,200768,Kyle Lowry,Kyle,1610612745,HOU,Houston Rockets,0040800225,2009-05-12T00:00:00,HOU @ LAL,L,17.9,1,7,0.143,0,3,0.0,0,0,0.0,0,2,2,4,0,0,0,0,2,3,2,-8,10.4,0,0,8.0,1,868,868,868,1088,1119,764,1379,635,391,635,930,991,930,848,788,973,208,1046,778,505,1,667,409,1253,1347,1127,145,5,1186,,17:54,1
2008-09,2554,Mickael Pietrus,Mickael,1610612753,ORL,Orlando Magic,0040800215,2009-05-12T00:00:00,ORL @ BOS,L,19.116666666666667,2,4,0.5,1,3,0.333,0,0,0.0,1,1,2,0,0,0,0,0,3,0,5,-2,7.4,0,0,8.0,1,868,868,868,1042,875,1064,492,300,391,422,930,991,930,423,1051,973,1072,1046,778,505,1,1025,1205,1003,949,1243,145,5,1186,,19:07,1
2008-09,2788,DJ Mbenga,DJ,1610612747,LAL,Los Angeles Lakers,0040800225,2009-05-12T00:00:00,LAL vs. HOU,W,5.7,1,3,0.333,0,0,0.0,0,0,0.0,0,2,2,0,1,0,1,0,0,0,2,7,6.4,0,0,6.0,1,1,1,1,1497,1119,1176,1037,635,979,635,930,991,930,848,788,973,1072,569,778,189,1,1,1205,1253,402,1284,145,5,1274,,5:42,1
2008-09,201584,Courtney Lee,Courtney,1610612753,ORL,Orlando Magic,0040800215,2009-05-12T00:00:00,ORL @ BOS,L,11.358333333333333,1,3,0.333,1,1,1.0,0,0,0.0,0,0,0,2,0,0,0,0,2,0,3,-2,6.0,0,0,6.0,1,868,868,868,1328,1119,1176,1037,300,730,1,930,991,930,848,1379,1447,488,1046,778,505,1,667,1205,1188,949,1312,145,5,1274,,11:22,1
2008-09,2756,Sasha Vujacic,Sasha,1610612747,LAL,Los Angeles Lakers,0040800225,2009-05-12T00:00:00,LAL vs. HOU,W,14.4,1,5,0.2,0,2,0.0,0,0,0.0,0,1,1,0,0,0,1,0,3,0,2,3,6.2,0,0,5.0,1,1,1,1,1219,1119,946,1308,635,538,635,930,991,930,848,1051,1206,1072,1046,778,189,1,1025,1205,1253,588,1296,145,5,1326,,14:24,1
2008-09,965,Derek Fisher,Derek,1610612747,LAL,Los Angeles Lakers,0040800225,2009-05-12T00:00:00,LAL vs. HOU,W,17.616666666666667,1,6,0.167,0,1,0.0,0,0,0.0,0,0,0,0,0,1,0,0,2,0,2,9,5.0,0,0,4.0,1,1,1,1,1094,1119,846,1352,635,730,635,930,991,930,848,1379,1447,1072,1046,300,505,1,667,1205,1253,328,1368,145,5,1395,,17:37,1
2008-09,1533,Anthony Johnson,Anthony,1610612753,ORL,Orlando Magic,0040800215,2009-05-12T00:00:00,ORL @ BOS,L,12.71,0,2,0.0,0,1,0.0,0,0,0.0,2,1,3,1,1,0,0,0,1,0,0,-1,4.1,0,0,4.0,1,868,868,868,1280,1397,1295,1397,635,730,635,930,991,930,220,1051,748,729,569,778,505,1,310,1205,1447,871,1424,145,5,1395,,12:43,1
2008-09,200778,James White,James,1610612745,HOU,Houston Rockets,0040800225,2009-05-12T00:00:00,HOU @ LAL,L,5.7,0,6,0.0,0,1,0.0,0,0,0.0,1,0,1,0,1,0,0,0,0,0,0,-7,0.2,0,0,1.0,1,868,868,868,1497,1397,846,1397,635,730,635,930,991,930,423,1379,1206,1072,569,778,505,1,1,1205,1447,1305,1600,145,5,1565,,5:42,1
2008-09,2546,Carmelo Anthony,Carmelo,1610612743,DEN,Denver Nuggets,0040800234,2009-05-11T00:00:00,DEN @ DAL,L,43.45,15,29,0.517,2,5,0.4,9,11,0.818,3,8,11,3,2,5,0,2,5,10,41,0,71.7,1,0,67.0,1,868,868,868,96,8,6,491,139,159,374,52,61,483,106,90,83,317,289,2,505,1565,1564,20,9,769,5,1,5,5,,43:27,1
2008-09,1717,Dirk Nowitzki,Dirk,1610612742,DAL,Dallas Mavericks,0040800234,2009-05-11T00:00:00,DAL vs. DEN,W,43.75666666666667,14,25,0.56,0,0,0.0,16,17,0.941,1,12,13,3,4,2,1,3,1,13,44,12,69.1,1,0,66.0,1,1,1,1,84,11,18,426,635,979,635,2,6,382,423,18,51,317,53,89,189,1698,310,3,4,231,9,1,5,7,,43:45,1
2008-09,2544,LeBron James,LeBron,1610612739,CLE,Cleveland Cavaliers,0040800204,2009-05-11T00:00:00,CLE @ ATL,W,43.416666666666664,9,22,0.409,3,6,0.5,6,9,0.667,0,8,8,8,3,1,0,0,3,7,27,1,48.6,0,0,48.0,1,1,1,1,99,97,44,864,59,97,176,132,86,612,848,90,198,38,132,300,505,1,1025,81,82,703,90,145,5,68,,43:25,1
2008-09,1497,Chauncey Billups,Chauncey,1610612743,DEN,Denver Nuggets,0040800234,2009-05-11T00:00:00,DEN @ DAL,L,39.775,6,12,0.5,2,6,0.333,10,10,1.0,0,2,2,7,2,1,1,0,3,4,24,-6,40.9,0,0,39.0,1,868,868,868,270,285,364,492,139,97,422,39,68,1,848,788,973,63,289,300,189,1,1025,291,124,1235,171,145,5,157,,39:47,1
2008-09,467,Jason Kidd,Jason,1610612742,DAL,Dallas Mavericks,0040800234,2009-05-11T00:00:00,DAL vs. DEN,W,40.63,4,8,0.5,2,5,0.4,3,4,0.75,0,10,10,6,1,3,0,0,4,2,13,5,42.0,1,0,37.0,1,1,1,1,224,552,660,492,139,159,374,367,355,532,848,50,104,100,569,31,505,1,1326,597,470,477,151,1,5,187,,40:38,1
2008-09,2572,Josh Howard,Josh,1610612742,DAL,Dallas Mavericks,0040800234,2009-05-11T00:00:00,DAL vs. DEN,W,34.47833333333333,7,18,0.389,0,4,0.0,7,8,0.875,3,8,11,2,3,1,0,2,3,5,21,-5,37.2,1,0,36.0,1,1,1,1,488,199,108,949,635,253,635,92,118,408,106,90,83,488,132,300,505,1565,1025,197,183,1171,240,1,5,206,,34:29,1
2008-09,2746,Josh Smith,Josh,1610612737,ATL,Atlanta Hawks,0040800204,2009-05-11T00:00:00,ATL vs. CLE,L,45.1,8,16,0.5,0,0,0.0,10,12,0.833,2,6,8,1,2,0,0,1,1,8,26,-7,35.1,0,0,35.0,1,868,868,868,52,143,167,492,635,979,635,39,43,442,220,203,198,729,289,778,505,1168,310,56,94,1305,297,145,5,234,,45:06,1
2008-09,2753,Delonte West,Delonte,1610612739,CLE,Cleveland Cavaliers,0040800204,2009-05-11T00:00:00,CLE @ ATL,W,44.61666666666667,7,13,0.538,2,4,0.5,5,8,0.625,1,3,4,6,3,1,0,1,3,4,21,7,34.8,0,0,35.0,1,1,1,1,65,199,297,460,139,253,176,182,118,676,423,569,588,100,132,300,505,1168,1025,291,183,402,301,145,5,234,,44:37,1
2008-09,2207,Joe Johnson,Joe,1610612737,ATL,Atlanta Hawks,0040800204,2009-05-11T00:00:00,ATL vs. CLE,L,43.7,7,18,0.389,0,3,0.0,4,5,0.8,1,5,6,7,0,1,0,2,1,6,18,-5,38.7,0,0,33.0,1,868,868,868,86,199,108,949,635,391,635,259,294,487,423,281,351,63,1046,300,505,1565,310,131,265,1171,205,145,5,282,,43:42,1
2008-09,980,Zydrunas Ilgauskas,Zydrunas,1610612739,CLE,Cleveland Cavaliers,0040800204,2009-05-11T00:00:00,CLE @ ATL,W,31.47833333333333,6,13,0.462,1,1,1.0,1,4,0.25,5,5,10,0,1,1,2,1,3,4,14,10,34.0,1,0,31.0,1,1,1,1,615,285,297,727,300,730,1,748,355,918,22,281,104,1072,569,300,71,1168,1025,291,416,293,315,1,5,328,,31:29,1
2008-09,2403,Nene,ene,1610612743,DEN,Denver Nuggets,0040800234,2009-05-11T00:00:00,DEN @ DAL,L,42.473333333333336,2,5,0.4,0,0,0.0,5,10,0.5,0,8,8,3,2,1,3,0,5,6,9,-8,33.1,0,0,28.0,1,868,868,868,133,875,946,867,635,979,635,182,68,723,848,90,198,317,289,300,30,1,1564,131,726,1347,336,145,5,407,,42:28,1
2008-09,2436,Flip Murray,Flip,1610612737,ATL,Atlanta Hawks,0040800204,2009-05-11T00:00:00,ATL vs. CLE,L,32.2,4,15,0.267,1,5,0.2,5,5,1.0,1,1,2,2,2,3,0,0,3,2,14,-7,26.4,0,0,25.0,1,868,868,868,581,552,198,1220,300,159,578,182,294,1,423,1051,973,488,289,31,505,1,1025,597,416,1305,500,145,5,496,,32:12,1
2008-09,2590,Mo Williams,Mo,1610612739,CLE,Cleveland Cavaliers,0040800204,2009-05-11T00:00:00,CLE @ ATL,W,33.666666666666664,4,11,0.364,4,7,0.571,0,0,0.0,0,4,4,5,4,0,0,0,5,0,12,18,20.3,0,0,25.0,1,1,1,1,516,552,430,1014,24,57,163,930,991,930,848,403,588,142,53,778,505,1,1564,1205,532,118,703,145,5,496,,33:40,1
2008-09,2747,JR Smith,JR,1610612743,DEN,Denver Nuggets,0040800234,2009-05-11T00:00:00,DEN @ DAL,L,28.341666666666665,7,10,0.7,2,3,0.667,3,5,0.6,0,1,1,0,1,1,0,0,2,4,19,-6,22.2,0,0,24.0,1,868,868,868,731,199,492,182,139,391,116,367,294,694,848,1051,1206,1072,569,300,505,1,667,291,236,1235,639,145,5,523,,28:21,1
2008-09,101138,Brandon Bass,Brandon,1610612742,DAL,Dallas Mavericks,0040800234,2009-05-11T00:00:00,DAL vs. DEN,W,27.93166666666667,4,6,0.667,0,0,0.0,3,3,1.0,1,5,6,0,0,1,1,0,4,3,11,3,24.2,0,0,21.0,1,1,1,1,741,552,846,194,635,979,635,367,510,1,423,281,351,1072,1046,300,189,1,1326,409,612,588,570,145,5,634,,27:56,1
2008-09,2760,Anderson Varejao,Anderson,1610612739,CLE,Cleveland Cavaliers,0040800204,2009-05-11T00:00:00,CLE @ ATL,W,31.75,0,3,0.0,0,0,0.0,2,2,1.0,7,4,11,1,1,1,2,0,4,1,2,-4,24.7,0,0,20.0,1,1,1,1,601,1397,1176,1397,635,979,635,481,591,1,3,403,83,729,569,300,71,1,1326,835,1253,1113,551,145,5,666,,31:45,1
2008-09,1891,Jason Terry,Jason,1610612742,DAL,Dallas Mavericks,0040800234,2009-05-11T00:00:00,DAL vs. DEN,W,31.25,3,7,0.429,1,4,0.25,5,7,0.714,1,2,3,3,0,0,0,0,5,3,12,10,20.1,0,0,19.0,1,1,1,1,623,708,764,810,300,253,524,182,167,598,423,788,748,317,1046,778,505,1,1564,409,532,293,708,145,5,709,,31:15,1
2008-09,2563,Dahntay Jones,Dahntay,1610612743,DEN,Denver Nuggets,0040800234,2009-05-11T00:00:00,DEN @ DAL,L,17.458333333333332,3,8,0.375,1,1,1.0,3,4,0.75,2,3,5,1,1,1,0,1,2,3,10,4,19.5,0,0,19.0,1,868,868,868,1102,708,660,978,300,730,1,367,355,532,220,569,442,729,569,300,505,1168,667,409,663,525,737,145,5,709,,17:28,1
2008-09,2585,Zaza Pachulia,Zaza,1610612737,ATL,Atlanta Hawks,0040800204,2009-05-11T00:00:00,ATL vs. CLE,L,26.416666666666668,2,6,0.333,0,0,0.0,5,6,0.833,3,3,6,0,1,0,1,0,5,4,9,-8,18.2,0,0,17.0,1,868,868,868,802,875,846,1037,635,979,635,182,202,442,106,569,351,1072,569,778,189,1,1564,291,726,1347,777,145,5,789,,26:25,1
2008-09,101107,Marvin Williams,Marvin,1610612737,ATL,Atlanta Hawks,0040800204,2009-05-11T00:00:00,ATL vs. CLE,L,29.883333333333333,1,7,0.143,0,1,0.0,2,2,1.0,0,4,4,2,1,1,1,2,1,2,4,-2,16.8,0,0,14.0,1,868,868,868,678,1119,764,1379,635,730,635,481,591,1,848,403,588,488,569,300,189,1565,310,597,1077,949,840,145,5,905,,29:53,1
2008-09,101120,Antoine Wright,Antoine,1610612742,DAL,Dallas Mavericks,0040800234,2009-05-11T00:00:00,DAL vs. DEN,W,20.676666666666666,3,6,0.5,0,1,0.0,2,2,1.0,1,0,1,1,1,2,0,0,5,2,8,-11,15.7,0,0,14.0,1,1,1,1,986,708,846,492,635,730,635,481,591,1,423,1379,1206,729,569,89,505,1,1564,597,776,1461,890,145,5,905,,20:41,1
2008-09,693,Joe Smith,Joe,1610612739,CLE,Cleveland Cavaliers,0040800204,2009-05-11T00:00:00,CLE @ ATL,W,19.571666666666665,1,3,0.333,0,0,0.0,0,0,0.0,0,6,6,1,0,1,1,0,3,0,2,4,16.7,0,0,13.0,1,1,1,1,1025,1119,1176,1037,635,979,635,930,991,930,848,203,351,729,1046,300,189,1,1025,1205,1253,525,842,145,5,940,,19:34,1
2008-09,200826,J.J. Barea,J.J.,1610612742,DAL,Dallas Mavericks,0040800234,2009-05-11T00:00:00,DAL vs. DEN,W,16.983333333333334,5,8,0.625,0,0,0.0,0,2,0.0,0,2,2,1,0,0,0,0,1,1,10,7,13.9,0,0,13.0,1,1,1,1,1125,396,660,290,635,979,635,930,591,930,848,788,973,729,1046,778,505,1,310,835,663,402,976,145,5,940,,16:59,1
2008-09,101132,Linas Kleiza,Linas,1610612743,DEN,Denver Nuggets,0040800234,2009-05-11T00:00:00,DEN @ DAL,L,20.405,2,7,0.286,1,4,0.25,2,4,0.5,0,3,3,1,0,0,0,0,4,2,7,17,12.1,0,0,12.0,1,868,868,868,998,875,764,1183,300,253,524,481,355,723,848,569,748,729,1046,778,505,1,1326,597,853,132,1049,145,5,1002,,20:24,1
2008-09,1887,Wally Szczerbiak,Wally,1610612739,CLE,Cleveland Cavaliers,0040800204,2009-05-11T00:00:00,CLE @ ATL,W,14.983333333333333,3,4,0.75,0,0,0.0,0,1,0.0,1,1,2,0,1,1,0,0,1,1,6,9,10.4,0,0,10.0,1,1,1,1,1199,708,1064,143,635,979,635,930,920,930,423,1051,973,1072,569,300,505,1,310,835,918,328,1127,145,5,1103,,14:59,1
2008-09,1710,Mike Bibby,Mike,1610612737,ATL,Atlanta Hawks,0040800204,2009-05-11T00:00:00,ATL vs. CLE,L,30.8,1,6,0.167,1,3,0.333,0,0,0.0,2,2,4,1,1,0,0,0,3,2,3,-16,8.3,0,0,9.0,1,868,868,868,645,1119,846,1352,300,391,422,930,991,930,220,788,588,729,569,778,505,1,1025,597,1188,1591,1209,145,5,1144,,30:48,1
2008-09,1853,Anthony Carter,Anthony,1610612743,DEN,Denver Nuggets,0040800234,2009-05-11T00:00:00,DEN @ DAL,L,15.123333333333333,2,4,0.5,1,2,0.5,0,0,0.0,1,1,2,0,2,0,0,0,2,0,5,2,5.4,0,0,8.0,1,868,868,868,1192,875,1064,492,300,538,176,930,991,930,423,1051,973,1072,289,778,505,1,667,1205,1003,653,1344,145,5,1186,,15:07,1
2008-09,2030,Kenyon Martin,Kenyon,1610612743,DEN,Denver Nuggets,0040800234,2009-05-11T00:00:00,DEN @ DAL,L,32.973333333333336,1,4,0.25,0,0,0.0,0,0,0.0,0,2,2,1,1,0,1,0,6,0,2,-13,7.9,0,0,7.0,1,868,868,868,540,1119,1064,1224,635,979,635,930,991,930,848,788,973,729,569,778,189,1,1699,1205,1253,1527,1228,145,5,1230,,32:58,1
2008-09,956,Erick Dampier,Erick,1610612742,DAL,Dallas Mavericks,0040800234,2009-05-11T00:00:00,DAL vs. DEN,W,22.903333333333332,0,1,0.0,0,0,0.0,0,0,0.0,2,2,4,1,5,0,1,0,6,0,0,-3,4.3,0,0,7.0,1,1,1,1,910,1397,1432,1397,635,979,635,930,991,930,220,788,588,729,21,778,189,1,1699,1205,1447,1039,1413,145,5,1230,,22:54,1
2008-09,201143,Al Horford,Al,1610612737,ATL,Atlanta Hawks,0040800204,2009-05-11T00:00:00,ATL vs. CLE,L,19.016666666666666,0,3,0.0,0,0,0.0,0,0,0.0,0,3,3,0,1,1,0,0,3,1,0,-6,5.6,0,0,5.0,1,868,868,868,1049,1397,1176,1397,635,979,635,930,991,930,848,569,748,1072,569,300,505,1,1025,835,1447,1235,1334,145,5,1326,,19:01,1
2008-09,201238,Mario West,Mario,1610612737,ATL,Atlanta Hawks,0040800204,2009-05-11T00:00:00,ATL vs. CLE,L,0.5833333333333334,0,0,0.0,0,0,0.0,0,0,0.0,0,0,0,0,0,1,0,0,0,0,0,0,3.0,0,0,2.0,1,868,868,868,1718,1397,1595,1397,635,979,635,930,991,930,848,1379,1447,1072,1046,300,505,1,1,1205,1447,769,1474,145,5,1494,,0:35,1
2008-09,2562,Sasha Pavlovic,Sasha,1610612739,CLE,Cleveland Cavaliers,0040800204,2009-05-11T00:00:00,CLE @ ATL,W,3.933333333333333,0,0,0.0,0,0,0.0,0,0,0.0,0,2,2,0,1,0,0,0,0,0,0,-8,1.4,0,0,2.0,1,1,1,1,1562,1397,1595,1397,635,979,635,930,991,930,848,788,973,1072,569,778,505,1,1,1205,1447,1347,1562,145,5,1494,,3:56,1
2008-09,1112,Ben Wallace,Ben,1610612739,CLE,Cleveland Cavaliers,0040800204,2009-05-11T00:00:00,CLE @ ATL,W,13.2,0,0,0.0,0,0,0.0,0,2,0.0,1,0,1,0,0,0,0,0,2,2,0,10,1.2,0,0,1.0,1,1,1,1,1264,1397,1595,1397,635,979,635,930,591,930,423,1379,1206,1072,1046,778,505,1,667,597,1447,293,1567,145,5,1565,,13:12,1
2008-09,200789,Daniel Gibson,Daniel,1610612739,CLE,Cleveland Cavaliers,0040800204,2009-05-11T00:00:00,CLE @ ATL,W,3.3833333333333333,0,1,0.0,0,0,0.0,0,0,0.0,0,0,0,1,1,0,0,0,1,0,0,3,0.5,0,0,1.0,1,1,1,1,1597,1397,1432,1397,635,979,635,930,991,930,848,1379,1447,729,569,778,505,1,310,1205,1447,588,1597,145,5,1565,,3:23,1
2008-09,2230,Maurice Evans,Maurice,1610612737,ATL,Atlanta Hawks,0040800204,2009-05-11T00:00:00,ATL vs. CLE,L,12.3,0,2,0.0,0,1,0.0,0,0,0.0,0,0,0,0,0,0,0,0,2,0,0,1,0.0,0,0,0.0,1,868,868,868,1294,1397,1295,1397,635,730,635,930,991,930,848,1379,1447,1072,1046,778,505,1,667,1205,1447,703,1610,145,5,1611,,12:18,1
2008-09,200764,Renaldo Balkman,Renaldo,1610612743,DEN,Denver Nuggets,0040800234,2009-05-11T00:00:00,DEN @ DAL,L,0.0,0,0,0.0,0,0,0.0,0,0,0.0,0,0,0,0,0,0,0,0,0,0,0,0,0.0,0,0,0.0,1,868,868,868,1741,1397,1595,1397,635,979,635,930,991,930,848,1379,1447,1072,1046,778,505,1,1,1205,1447,769,1610,145,5,1611,,0:00,1
2008-09,101189,James Singleton,James,1610612742,DAL,Dallas Mavericks,0040800234,2009-05-11T00:00:00,DAL vs. DEN,W,1.39,0,0,0.0,0,0,0.0,0,0,0.0,0,0,0,0,0,0,0,0,0,0,0,-8,0.0,0,0,0.0,1,1,1,1,1688,1397,1595,1397,635,979,635,930,991,930,848,1379,1447,1072,1046,778,505,1,1,1205,1447,1347,1610,145,5,1611,,1:23,1
2008-09,2730,Dwight Howard,Dwight,1610612753,ORL,Orlando Magic,0040800214,2009-05-10T00:00:00,ORL vs. BOS,L,37.63666666666666,8,14,0.571,0,0,0.0,7,10,0.7,5,12,17,2,1,0,3,2,4,13,23,-4,54.4,1,0,48.0,1,868,868,868,372,143,245,394,635,979,635,92,68,605,22,18,11,488,569,778,30,1565,1326,3,146,1113,52,1,5,68,,37:38,1
2008-09,201166,Aaron Brooks,Aaron,1610612745,HOU,Houston Rockets,0040800224,2009-05-10T00:00:00,HOU vs. LAL,W,39.31666666666667,12,20,0.6,4,9,0.444,6,6,1.0,1,2,3,4,3,0,1,0,2,6,34,9,43.6,0,0,47.0,1,1,1,1,290,25,72,323,24,23,354,132,202,1,423,788,748,208,132,778,189,1,667,131,31,328,131,145,5,79,,39:19,1
2008-09,2200,Pau Gasol,Pau,1610612747,LAL,Los Angeles Lakers,0040800224,2009-05-10T00:00:00,LAL @ HOU,L,38.583333333333336,11,17,0.647,0,0,0.0,8,13,0.615,3,6,9,1,1,0,2,0,4,8,30,-6,47.3,0,0,44.0,1,868,868,868,328,42,130,275,635,979,635,68,29,690,106,203,149,729,569,778,71,1,1326,56,58,1235,100,145,5,99,,38:35,1
2008-09,200765,Rajon Rondo,Rajon,1610612738,BOS,Boston Celtics,0040800214,2009-05-10T00:00:00,BOS @ ORL,W,41.971666666666664,8,15,0.533,0,1,0.0,5,8,0.625,2,12,14,3,3,1,0,1,3,5,21,-3,42.3,1,0,40.0,1,1,1,1,150,143,198,468,635,730,635,182,118,676,220,18,34,317,132,300,505,1168,1025,197,183,1039,149,1,5,142,,41:58,1
2008-09,2570,Kendrick Perkins,Kendrick,1610612738,BOS,Boston Celtics,0040800214,2009-05-10T00:00:00,BOS @ ORL,W,39.82833333333333,5,7,0.714,0,0,0.0,2,2,1.0,3,10,13,2,1,1,5,1,3,1,12,5,47.6,1,0,39.0,1,1,1,1,267,396,764,176,635,979,635,481,591,1,106,50,51,488,569,300,5,1168,1025,835,532,477,97,1,5,157,,39:50,1
2008-09,1718,Paul Pierce,Paul,1610612738,BOS,Boston Celtics,0040800214,2009-05-10T00:00:00,BOS @ ORL,W,32.25833333333333,9,15,0.6,1,1,1.0,8,9,0.889,0,3,3,4,2,0,0,1,5,8,27,-6,34.6,0,0,35.0,1,1,1,1,578,97,198,323,300,730,1,68,86,397,848,569,748,208,289,778,505,1168,1564,56,82,1235,305,145,5,234,,32:16,1
2008-09,2203,Shane Battier,Shane,1610612745,HOU,Houston Rockets,0040800224,2009-05-10T00:00:00,HOU vs. LAL,W,40.18333333333333,6,12,0.5,5,10,0.5,6,6,1.0,3,1,4,1,1,0,1,0,1,4,23,5,31.3,0,0,35.0,1,1,1,1,244,285,364,492,12,11,176,132,202,1,106,1051,588,729,569,778,189,1,310,291,146,477,389,145,5,234,,40:11,1
2008-09,1740,Rashard Lewis,Rashard,1610612753,ORL,Orlando Magic,0040800214,2009-05-10T00:00:00,ORL vs. BOS,L,38.63333333333333,8,14,0.571,2,5,0.4,4,5,0.8,0,5,5,3,2,0,1,0,3,4,22,8,33.5,0,0,34.0,1,868,868,868,325,143,245,394,139,159,374,259,294,487,848,281,442,317,289,778,189,1,1025,291,165,362,320,145,5,263,,38:38,1
2008-09,977,Kobe Bryant,Kobe,1610612747,LAL,Los Angeles Lakers,0040800224,2009-05-10T00:00:00,LAL @ HOU,L,34.65,7,17,0.412,1,4,0.25,0,0,0.0,0,2,2,5,0,4,0,0,1,1,15,-12,36.9,0,0,31.0,1,868,868,868,474,199,130,861,300,253,524,930,991,930,848,788,973,142,1046,9,505,1,310,835,367,1497,247,145,5,328,,34:39,1
2008-09,2449,Luis Scola,Luis,1610612745,HOU,Houston Rockets,0040800224,2009-05-10T00:00:00,HOU vs. LAL,W,32.38,4,11,0.364,0,0,0.0,3,6,0.5,2,12,14,2,1,0,0,2,3,5,11,19,29.8,1,0,27.0,1,1,1,1,571,552,430,1014,635,979,635,367,202,723,220,18,34,488,569,778,505,1565,1025,197,612,101,413,1,5,435,,32:23,1
2008-09,201175,Glen Davis,Glen,1610612738,BOS,Boston Celtics,0040800214,2009-05-10T00:00:00,BOS @ ORL,W,33.181666666666665,9,14,0.643,0,0,0.0,3,8,0.375,2,4,6,0,3,0,0,1,4,5,21,-6,25.2,0,0,27.0,1,1,1,1,533,97,245,277,635,979,635,367,118,901,220,403,351,1072,132,778,505,1168,1326,197,183,1235,540,145,5,435,,33:11,1
2008-09,1897,Metta World Peace,Metta,1610612745,HOU,Houston Rockets,0040800224,2009-05-10T00:00:00,HOU vs. LAL,W,43.55,4,19,0.211,0,6,0.0,0,0,0.0,2,8,10,6,2,1,0,1,2,3,8,16,30.0,0,0,26.0,1,1,1,1,91,552,91,1306,635,97,635,930,991,930,220,90,104,100,289,300,505,1168,667,409,776,154,407,145,5,463,,43:33,1
2008-09,101236,Chuck Hayes,Chuck,1610612745,HOU,Houston Rockets,0040800224,2009-05-10T00:00:00,HOU vs. LAL,W,34.65,1,2,0.5,0,0,0.0,0,0,0.0,3,6,9,2,1,4,1,1,4,0,2,16,29.8,0,0,23.0,1,1,1,1,474,1119,1295,492,635,979,635,930,991,930,106,203,149,488,569,9,189,1168,1326,1205,1253,154,413,145,5,561,,34:39,1
2008-09,200768,Kyle Lowry,Kyle,1610612745,HOU,Houston Rockets,0040800224,2009-05-10T00:00:00,HOU vs. LAL,W,26.8,5,8,0.625,0,2,0.0,2,2,1.0,0,2,2,2,1,2,1,0,1,2,12,-12,25.4,0,0,22.0,1,1,1,1,787,396,660,290,635,538,635,481,591,1,848,788,973,488,569,89,189,1,310,597,532,1497,531,145,5,601,,26:48,1
2008-09,951,Ray Allen,Ray,1610612738,BOS,Boston Celtics,0040800214,2009-05-10T00:00:00,BOS @ ORL,W,46.928333333333335,6,13,0.462,0,5,0.0,0,0,0.0,1,4,5,4,2,0,0,0,2,4,12,3,22.0,0,0,21.0,1,1,1,1,26,285,297,727,635,159,635,930,991,930,423,403,442,208,289,778,505,1,667,291,532,588,651,145,5,634,,46:56,1
2008-09,200769,Shannon Brown,Shannon,1610612747,LAL,Los Angeles Lakers,0040800224,2009-05-10T00:00:00,LAL @ HOU,L,18.366666666666667,6,11,0.545,2,3,0.667,0,0,0.0,1,2,3,0,0,1,0,1,3,0,14,14,20.6,0,0,21.0,1,868,868,868,1072,285,430,448,139,391,116,930,991,930,423,788,748,1072,1046,300,505,1168,1025,1205,416,192,692,145,5,634,,18:22,1
2008-09,2554,Mickael Pietrus,Mickael,1610612753,ORL,Orlando Magic,0040800214,2009-05-10T00:00:00,ORL vs. BOS,L,26.883333333333333,3,8,0.375,1,5,0.2,4,5,0.8,2,1,3,1,0,2,0,1,4,6,11,-5,22.1,0,0,20.0,1,868,868,868,784,708,660,978,300,159,578,259,294,487,220,1051,748,729,1046,89,505,1168,1326,131,612,1171,644,145,5,666,,26:53,1
2008-09,2045,Hedo Turkoglu,Hedo,1610612753,ORL,Orlando Magic,0040800214,2009-05-10T00:00:00,ORL vs. BOS,L,37.733333333333334,4,14,0.286,1,4,0.25,2,2,1.0,0,3,3,4,3,0,0,1,3,1,11,-2,17.6,0,0,19.0,1,868,868,868,367,552,245,1183,300,253,524,481,591,1,848,569,748,208,132,778,505,1168,1025,835,612,949,806,145,5,709,,37:44,1
2008-09,1885,Lamar Odom,Lamar,1610612747,LAL,Los Angeles Lakers,0040800224,2009-05-10T00:00:00,LAL @ HOU,L,25.393333333333334,1,4,0.25,0,1,0.0,0,0,0.0,1,5,6,3,2,0,2,0,3,1,2,-22,17.7,0,0,15.0,1,868,868,868,834,1119,1064,1224,635,730,635,930,991,930,423,281,351,317,289,778,71,1,1025,835,1253,1690,795,145,5,864,,25:24,1
2008-09,101162,Marcin Gortat,Marcin,1610612753,ORL,Orlando Magic,0040800214,2009-05-10T00:00:00,ORL vs. BOS,L,9.533333333333333,4,4,1.0,0,0,0.0,0,0,0.0,3,1,4,0,0,1,0,0,3,1,8,7,15.8,0,0,14.0,1,868,868,868,1380,552,1064,1,635,979,635,930,991,930,106,1051,588,1072,1046,300,505,1,1025,835,776,402,885,145,5,905,,9:32,1
2008-09,200770,Jordan Farmar,Jordan,1610612747,LAL,Los Angeles Lakers,0040800224,2009-05-10T00:00:00,LAL @ HOU,L,21.15,2,7,0.286,1,3,0.333,2,2,1.0,0,3,3,1,0,0,0,0,3,1,7,9,12.1,0,0,12.0,1,868,868,868,974,875,764,1183,300,391,422,481,591,1,848,569,748,729,1046,778,505,1,1025,835,853,328,1049,145,5,1002,,21:09,1
2008-09,201584,Courtney Lee,Courtney,1610612753,ORL,Orlando Magic,0040800214,2009-05-10T00:00:00,ORL vs. BOS,L,23.15,3,8,0.375,0,1,0.0,2,2,1.0,1,2,3,1,1,0,0,1,2,1,8,8,12.1,0,0,12.0,1,868,868,868,906,708,660,978,635,730,635,481,591,1,423,788,748,729,569,778,505,1168,667,835,776,362,1049,145,5,1002,,23:09,1
2008-09,2756,Sasha Vujacic,Sasha,1610612747,LAL,Los Angeles Lakers,0040800224,2009-05-10T00:00:00,LAL @ HOU,L,18.616666666666667,2,7,0.286,2,4,0.5,1,1,1.0,0,0,0,1,0,1,0,0,2,1,7,8,11.5,0,0,12.0,1,868,868,868,1064,875,764,1183,139,253,176,748,920,1,848,1379,1447,729,1046,300,505,1,667,835,853,362,1082,145,5,1002,,18:37,1
2008-09,2575,Luke Walton,Luke,1610612747,LAL,Los Angeles Lakers,0040800224,2009-05-10T00:00:00,LAL @ HOU,L,22.15,2,3,0.667,1,1,1.0,0,0,0.0,1,4,5,1,4,0,0,0,1,1,5,11,8.5,0,0,12.0,1,868,868,868,932,875,1176,194,300,730,1,930,991,930,423,403,442,729,53,778,505,1,310,835,1003,260,1195,145,5,1002,,22:09,1
2008-09,200755,JJ Redick,JJ,1610612753,ORL,Orlando Magic,0040800214,2009-05-10T00:00:00,ORL vs. BOS,L,23.633333333333333,1,7,0.143,0,5,0.0,0,0,0.0,0,0,0,7,0,1,0,0,2,0,2,-4,15.5,0,0,11.0,1,868,868,868,894,1119,764,1379,635,159,635,930,991,930,848,1379,1447,63,1046,300,505,1,667,1205,1253,1113,901,145,5,1061,,23:38,1
2008-09,1747,Rafer Alston,Rafer,1610612753,ORL,Orlando Magic,0040800214,2009-05-10T00:00:00,ORL vs. BOS,L,26.966666666666665,1,7,0.143,1,6,0.167,2,2,1.0,0,1,1,2,1,1,0,0,2,1,5,-5,11.2,0,0,11.0,1,868,868,868,779,1119,764,1379,300,97,607,481,591,1,848,1051,1206,488,569,300,505,1,667,835,1003,1171,1093,145,5,1061,,26:58,1
2008-09,2772,Trevor Ariza,Trevor,1610612747,LAL,Los Angeles Lakers,0040800224,2009-05-10T00:00:00,LAL @ HOU,L,23.05,2,4,0.5,1,1,1.0,0,2,0.0,1,1,2,2,3,0,0,2,2,1,5,-22,7.4,0,0,10.0,1,868,868,868,909,875,1064,492,300,730,1,930,591,930,423,1051,973,488,132,778,505,1565,667,835,1003,1690,1243,145,5,1103,,23:03,1
2008-09,965,Derek Fisher,Derek,1610612747,LAL,Los Angeles Lakers,0040800224,2009-05-10T00:00:00,LAL @ HOU,L,19.866666666666667,1,4,0.25,0,1,0.0,0,0,0.0,0,2,2,0,0,1,0,0,0,1,2,-26,7.4,0,0,6.0,1,868,868,868,1014,1119,1064,1224,635,730,635,930,991,930,848,788,973,1072,1046,300,505,1,1,835,1253,1717,1243,145,5,1274,,19:52,1
2008-09,950,Stephon Marbury,Stephon,1610612738,BOS,Boston Celtics,0040800214,2009-05-10T00:00:00,BOS @ ORL,W,6.301666666666667,1,4,0.25,0,1,0.0,0,0,0.0,0,0,0,1,1,1,0,0,1,0,2,4,5.5,0,0,5.0,1,1,1,1,1476,1119,1064,1224,635,730,635,930,991,930,848,1379,1447,729,569,300,505,1,310,1205,1253,525,1341,145,5,1326,,6:18,1
2008-09,1533,Anthony Johnson,Anthony,1610612753,ORL,Orlando Magic,0040800214,2009-05-10T00:00:00,ORL vs. BOS,L,10.783333333333333,2,7,0.286,0,1,0.0,0,2,0.0,1,0,1,0,0,0,0,0,0,1,4,-1,5.2,0,0,5.0,1,868,868,868,1346,875,764,1183,635,730,635,930,591,930,423,1379,1206,1072,1046,778,505,1,1,835,1077,871,1356,145,5,1326,,10:47,1
2008-09,201171,Carl Landry,Carl,1610612745,HOU,Houston Rockets,0040800224,2009-05-10T00:00:00,HOU vs. LAL,W,12.336666666666666,1,3,0.333,0,0,0.0,0,0,0.0,0,1,1,1,0,0,0,0,1,0,2,3,4.7,0,0,4.0,1,1,1,1,1293,1119,1176,1037,635,979,635,930,991,930,848,1051,1206,729,1046,778,505,1,310,1205,1253,588,1382,145,5,1395,,12:20,1
2008-09,101144,Von Wafer,Von,1610612745,HOU,Houston Rockets,0040800224,2009-05-10T00:00:00,HOU vs. LAL,W,6.683333333333334,2,3,0.667,0,1,0.0,0,0,0.0,0,0,0,0,1,0,0,0,0,2,4,3,3.0,0,0,4.0,1,1,1,1,1460,875,1176,194,635,730,635,930,991,930,848,1379,1447,1072,569,778,505,1,1,597,1077,588,1474,145,5,1395,,6:41,1
2008-09,2567,Brian Cook,Brian,1610612745,HOU,Houston Rockets,0040800224,2009-05-10T00:00:00,HOU vs. LAL,W,4.1,1,2,0.5,1,1,1.0,0,0,0.0,0,0,0,0,0,0,0,0,2,0,3,1,3.0,0,0,4.0,1,1,1,1,1556,1119,1295,492,300,730,1,930,991,930,848,1379,1447,1072,1046,778,505,1,667,1205,1188,703,1474,145,5,1395,,4:06,1
2008-09,2694,Josh Powell,Josh,1610612747,LAL,Los Angeles Lakers,0040800224,2009-05-10T00:00:00,LAL @ HOU,L,6.556666666666667,0,1,0.0,0,0,0.0,0,0,0.0,0,3,3,0,0,0,0,0,0,0,0,-4,3.6,0,0,3.0,1,868,868,868,1465,1397,1432,1397,635,979,635,930,991,930,848,569,748,1072,1046,778,505,1,1,1205,1447,1113,1436,145,5,1443,,6:33,1
2008-09,2243,Brian Scalabrine,Brian,1610612738,BOS,Boston Celtics,0040800214,2009-05-10T00:00:00,BOS @ ORL,W,15.861666666666666,0,2,0.0,0,2,0.0,0,0,0.0,0,1,1,1,0,0,0,0,5,0,0,0,2.7,0,0,2.0,1,1,1,1,1164,1397,1295,1397,635,538,635,930,991,930,848,1051,1206,729,1046,778,505,1,1564,1205,1447,769,1498,145,5,1494,,15:52,1
2008-09,2067,Eddie House,Eddie,1610612738,BOS,Boston Celtics,0040800214,2009-05-10T00:00:00,BOS @ ORL,W,17.001666666666665,0,1,0.0,0,0,0.0,0,0,0.0,0,1,1,1,1,0,0,0,3,0,0,7,1.7,0,0,2.0,1,1,1,1,1124,1397,1432,1397,635,979,635,930,991,930,848,1051,1206,729,569,778,505,1,1025,1205,1447,402,1544,145,5,1494,,17:00,1
2008-09,101115,Andrew Bynum,Andrew,1610612747,LAL,Los Angeles Lakers,0040800224,2009-05-10T00:00:00,LAL @ HOU,L,11.616666666666667,0,1,0.0,0,0,0.0,0,0,0.0,1,1,2,0,1,0,0,1,3,1,0,-10,1.4,0,0,2.0,1,868,868,868,1319,1397,1432,1397,635,979,635,930,991,930,423,1051,973,1072,569,778,505,1168,1025,835,1447,1433,1562,145,5,1494,,11:37,1
2008-09,1630,Mikki Moore,Mikki,1610612738,BOS,Boston Celtics,0040800214,2009-05-10T00:00:00,BOS @ ORL,W,6.666666666666667,0,1,0.0,0,0,0.0,0,0,0.0,1,0,1,0,0,0,0,0,2,1,0,1,1.2,0,0,1.0,1,1,1,1,1461,1397,1432,1397,635,979,635,930,991,930,423,1379,1206,1072,1046,778,505,1,667,835,1447,703,1567,145,5,1565,,6:40,1
2008-09,1499,Tony Battie,Tony,1610612753,ORL,Orlando Magic,0040800214,2009-05-10T00:00:00,ORL vs. BOS,L,4.216666666666667,0,2,0.0,0,0,0.0,0,0,0.0,0,1,1,0,0,0,0,0,1,0,0,-3,1.2,0,0,1.0,1,868,868,868,1551,1397,1295,1397,635,979,635,930,991,930,848,1051,1206,1072,1046,778,505,1,310,1205,1447,1039,1567,145,5,1565,,4:13,1
2008-09,1502,Adonal Foyle,Adonal,1610612753,ORL,Orlando Magic,0040800214,2009-05-10T00:00:00,ORL vs. BOS,L,0.83,0,0,0.0,0,0,0.0,0,0,0.0,0,0,0,0,0,0,0,0,0,0,0,-4,0.0,0,0,0.0,1,868,868,868,1704,1397,1595,1397,635,979,635,930,991,930,848,1379,1447,1072,1046,778,505,1,1,1205,1447,1113,1610,145,5,1611,,0:50,1
2008-09,2544,LeBron James,LeBron,1610612739,CLE,Cleveland Cavaliers,0040800203,2009-05-09T00:00:00,CLE @ ATL,W,43.23,15,25,0.6,5,10,0.5,12,16,0.75,2,10,12,8,1,1,1,1,2,10,47,26,78.4,1,0,76.0,1,1,1,1,107,8,18,323,12,11,176,15,11,532,220,50,68,38,569,300,189,1168,667,20,3,37,2,1,5,1,,43:14,1
2008-09,1717,Dirk Nowitzki,Dirk,1610612742,DAL,Dallas Mavericks,0040800233,2009-05-09T00:00:00,DAL vs. DEN,L,38.365,9,19,0.474,2,5,0.4,13,15,0.867,2,14,16,2,1,0,2,1,2,12,33,3,60.2,1,0,57.0,1,868,868,868,339,97,91,706,139,159,374,11,16,424,220,7,16,488,569,778,71,1168,667,6,37,588,22,1,5,17,,38:22,1
2008-09,2546,Carmelo Anthony,Carmelo,1610612743,DEN,Denver Nuggets,0040800233,2009-05-09T00:00:00,DEN @ DAL,W,41.733333333333334,9,24,0.375,2,2,1.0,11,14,0.786,3,5,8,2,2,2,1,3,5,9,31,2,50.6,0,0,49.0,1,1,1,1,160,97,25,978,139,538,1,28,20,516,106,281,198,488,289,89,189,1698,1564,30,48,653,77,145,5,63,,41:44,1
2008-09,1497,Chauncey Billups,Chauncey,1610612743,DEN,Denver Nuggets,0040800233,2009-05-09T00:00:00,DEN @ DAL,W,41.18333333333333,9,16,0.563,3,7,0.429,11,12,0.917,0,3,3,3,1,0,1,0,4,7,32,4,42.1,0,0,43.0,1,1,1,1,193,97,167,422,59,57,361,28,43,389,848,569,748,317,569,778,189,1,1326,81,41,525,150,145,5,108,,41:11,1
2008-09,2207,Joe Johnson,Joe,1610612737,ATL,Atlanta Hawks,0040800203,2009-05-09T00:00:00,ATL vs. CLE,L,45.81666666666667,9,19,0.474,1,3,0.333,2,3,0.667,3,2,5,3,3,3,0,1,4,7,21,-18,37.5,0,0,36.0,1,868,868,868,38,97,91,706,300,391,422,481,510,612,106,788,442,317,132,31,505,1168,1326,81,183,1630,231,145,5,206,,45:49,1
2008-09,2746,Josh Smith,Josh,1610612737,ATL,Atlanta Hawks,0040800203,2009-05-09T00:00:00,ATL vs. CLE,L,37.0,8,18,0.444,0,1,0.0,2,4,0.5,3,2,5,2,2,0,2,0,3,3,18,-20,31.0,0,0,29.0,1,868,868,868,394,143,108,770,635,730,635,481,355,723,106,788,442,488,289,778,71,1,1025,409,265,1654,397,145,5,384,,37:00,1
2008-09,467,Jason Kidd,Jason,1610612742,DAL,Dallas Mavericks,0040800233,2009-05-09T00:00:00,DAL vs. DEN,L,40.61666666666667,5,9,0.556,1,2,0.5,2,2,1.0,1,4,5,5,1,0,1,0,2,1,13,-1,28.5,0,0,26.0,1,868,868,868,225,396,571,427,300,538,176,481,591,1,423,403,442,142,569,778,189,1,667,835,470,871,442,145,5,463,,40:37,1
2008-09,2572,Josh Howard,Josh,1610612742,DAL,Dallas Mavericks,0040800233,2009-05-09T00:00:00,DAL vs. DEN,L,28.825,5,15,0.333,0,1,0.0,4,5,0.8,2,5,7,1,3,1,1,1,5,5,14,10,26.9,0,0,26.0,1,868,868,868,713,396,198,1037,635,730,635,259,294,487,220,281,272,729,132,300,189,1168,1564,197,416,293,483,145,5,463,,28:50,1
2008-09,2436,Flip Murray,Flip,1610612737,ATL,Atlanta Hawks,0040800203,2009-05-09T00:00:00,ATL vs. CLE,L,36.31666666666667,6,13,0.462,3,6,0.5,2,2,1.0,0,1,1,3,0,1,0,1,1,2,17,1,25.7,0,0,26.0,1,868,868,868,419,285,297,727,59,97,176,481,591,1,848,1051,1206,317,1046,300,505,1168,310,597,291,703,516,145,5,463,,36:19,1
2008-09,1891,Jason Terry,Jason,1610612742,DAL,Dallas Mavericks,0040800233,2009-05-09T00:00:00,DAL vs. DEN,L,33.43333333333333,5,12,0.417,2,4,0.5,5,6,0.833,0,4,4,1,2,0,0,2,1,3,17,-9,21.3,0,0,24.0,1,868,868,868,525,396,364,841,139,253,176,182,202,442,848,403,588,729,289,778,505,1565,310,409,291,1389,669,145,5,523,,33:26,1
2008-09,2747,JR Smith,JR,1610612743,DEN,Denver Nuggets,0040800233,2009-05-09T00:00:00,DEN @ DAL,W,30.77,3,10,0.3,1,4,0.25,3,4,0.75,2,4,6,2,0,1,1,0,4,2,10,8,26.2,0,0,23.0,1,1,1,1,647,708,492,1168,300,253,524,367,355,532,220,403,351,488,1046,300,189,1,1326,597,663,362,506,145,5,561,,30:46,1
2008-09,980,Zydrunas Ilgauskas,Zydrunas,1610612739,CLE,Cleveland Cavaliers,0040800203,2009-05-09T00:00:00,CLE @ ATL,W,33.48833333333334,6,9,0.667,0,2,0.0,2,4,0.5,2,6,8,1,0,0,0,0,4,2,14,23,25.1,0,0,23.0,1,1,1,1,522,285,571,194,635,538,635,481,355,723,220,203,198,729,1046,778,505,1,1326,597,416,57,541,145,5,561,,33:29,1
2008-09,101138,Brandon Bass,Brandon,1610612742,DAL,Dallas Mavericks,0040800233,2009-05-09T00:00:00,DAL vs. DEN,L,24.81,2,5,0.4,0,0,0.0,12,14,0.857,3,2,5,1,0,0,0,0,0,8,16,3,23.5,0,0,22.0,1,868,868,868,851,875,946,867,635,979,635,15,20,425,106,788,442,729,1046,778,505,1,1,56,334,588,602,145,5,601,,24:49,1
2008-09,2403,Nene,ene,1610612743,DEN,Denver Nuggets,0040800233,2009-05-09T00:00:00,DEN @ DAL,W,30.416666666666668,2,10,0.2,0,0,0.0,1,2,0.5,2,6,8,4,2,2,0,3,5,4,5,6,24.6,0,0,21.0,1,1,1,1,651,875,492,1308,635,979,635,748,591,723,220,203,198,208,289,89,505,1698,1564,291,1003,431,553,145,5,634,,30:25,1
2008-09,201143,Al Horford,Al,1610612737,ATL,Atlanta Hawks,0040800203,2009-05-09T00:00:00,ATL vs. CLE,L,35.56666666666667,3,8,0.375,0,1,0.0,0,0,0.0,1,3,4,4,1,1,2,0,5,0,6,-23,24.8,0,0,20.0,1,868,868,868,441,708,660,978,635,730,635,930,991,930,423,569,588,208,569,300,71,1,1564,1205,918,1696,549,145,5,666,,35:34,1
2008-09,2753,Delonte West,Delonte,1610612739,CLE,Cleveland Cavaliers,0040800203,2009-05-09T00:00:00,CLE @ ATL,W,44.68333333333333,4,8,0.5,0,0,0.0,4,4,1.0,1,3,4,2,0,1,0,1,3,2,12,16,22.8,0,0,20.0,1,1,1,1,62,552,660,492,635,979,635,259,355,1,423,569,588,488,1046,300,505,1168,1025,597,532,154,624,145,5,666,,44:41,1
2008-09,2760,Anderson Varejao,Anderson,1610612739,CLE,Cleveland Cavaliers,0040800203,2009-05-09T00:00:00,CLE @ ATL,W,25.183333333333334,2,5,0.4,0,0,0.0,2,3,0.667,7,3,10,1,1,1,0,1,2,4,6,18,21.5,0,0,19.0,1,1,1,1,839,875,946,867,635,979,635,481,510,612,3,569,104,729,569,300,505,1168,667,291,918,118,664,145,5,709,,25:11,1
2008-09,2030,Kenyon Martin,Kenyon,1610612743,DEN,Denver Nuggets,0040800233,2009-05-09T00:00:00,DEN @ DAL,W,38.1,5,6,0.833,0,0,0.0,2,2,1.0,3,1,4,1,1,1,0,1,4,1,12,0,20.3,0,0,19.0,1,1,1,1,348,396,846,115,635,979,635,481,591,1,106,1051,588,729,569,300,505,1168,1326,835,532,769,703,145,5,709,,38:06,1
2008-09,1710,Mike Bibby,Mike,1610612737,ATL,Atlanta Hawks,0040800203,2009-05-09T00:00:00,ATL vs. CLE,L,37.955,3,8,0.375,2,4,0.5,0,0,0.0,1,3,4,5,2,0,0,0,4,1,8,-12,18.3,0,0,19.0,1,868,868,868,358,708,660,978,139,253,176,930,991,930,423,569,588,142,289,778,505,1,1326,835,776,1497,772,145,5,709,,37:57,1
2008-09,2590,Mo Williams,Mo,1610612739,CLE,Cleveland Cavaliers,0040800203,2009-05-09T00:00:00,CLE @ ATL,W,36.45,5,13,0.385,1,6,0.167,0,0,0.0,0,2,2,3,1,0,0,1,1,4,11,14,16.9,0,0,17.0,1,1,1,1,415,396,297,956,300,97,607,930,991,930,848,788,973,317,569,778,505,1168,310,291,612,192,831,145,5,789,,36:27,1
2008-09,693,Joe Smith,Joe,1610612739,CLE,Cleveland Cavaliers,0040800203,2009-05-09T00:00:00,CLE @ ATL,W,25.846666666666668,3,4,0.75,0,0,0.0,1,2,0.5,1,7,8,0,5,0,1,0,2,1,7,4,14.6,0,0,17.0,1,1,1,1,822,708,1064,143,635,979,635,748,591,723,423,140,198,1072,21,778,189,1,667,835,853,525,943,145,5,789,,25:51,1
2008-09,2365,Chris Andersen,Chris,1610612743,DEN,Denver Nuggets,0040800233,2009-05-09T00:00:00,DEN @ DAL,W,10.7,2,4,0.5,0,0,0.0,1,2,0.5,2,4,6,0,1,0,1,0,6,2,5,-1,14.2,0,0,13.0,1,1,1,1,1350,875,1064,492,635,979,635,748,591,723,220,403,351,1072,569,778,189,1,1699,597,1003,871,953,145,5,940,,10:42,1
2008-09,2563,Dahntay Jones,Dahntay,1610612743,DEN,Denver Nuggets,0040800233,2009-05-09T00:00:00,DEN @ DAL,W,14.066666666666666,3,4,0.75,0,0,0.0,2,2,1.0,1,0,1,0,0,0,1,0,3,1,8,-7,12.2,0,0,11.0,1,1,1,1,1231,708,1064,143,635,979,635,481,591,1,423,1379,1206,1072,1046,778,189,1,1025,835,776,1305,1041,145,5,1061,,14:04,1
2008-09,101120,Antoine Wright,Antoine,1610612742,DAL,Dallas Mavericks,0040800233,2009-05-09T00:00:00,DAL vs. DEN,L,19.591666666666665,3,5,0.6,0,2,0.0,2,3,0.667,0,0,0,2,0,0,0,0,5,3,8,4,11.0,0,0,10.0,1,868,868,868,1024,708,946,323,635,538,635,481,510,612,848,1379,1447,488,1046,778,505,1,1564,409,776,525,1104,145,5,1103,,19:36,1
2008-09,1853,Anthony Carter,Anthony,1610612743,DEN,Denver Nuggets,0040800233,2009-05-09T00:00:00,DEN @ DAL,W,17.513333333333332,1,6,0.167,0,2,0.0,1,2,0.5,0,2,2,2,0,1,0,0,2,1,3,-3,11.4,0,0,9.0,1,1,1,1,1098,1119,846,1352,635,538,635,748,591,723,848,788,973,488,1046,300,505,1,667,835,1188,1039,1084,145,5,1144,,17:31,1
2008-09,956,Erick Dampier,Erick,1610612742,DAL,Dallas Mavericks,0040800233,2009-05-09T00:00:00,DAL vs. DEN,L,17.216666666666665,1,2,0.5,0,0,0.0,0,0,0.0,1,2,3,2,2,0,1,0,4,0,2,6,9.6,0,0,9.0,1,868,868,868,1111,1119,1295,492,635,979,635,930,991,930,423,788,748,488,289,778,189,1,1326,1205,1253,431,1152,145,5,1144,,17:13,1
2008-09,2230,Maurice Evans,Maurice,1610612737,ATL,Atlanta Hawks,0040800203,2009-05-09T00:00:00,ATL vs. CLE,L,19.15,2,4,0.5,1,2,0.5,0,0,0.0,0,1,1,0,0,1,0,0,3,0,5,-17,9.2,0,0,9.0,1,868,868,868,1039,875,1064,492,300,538,176,930,991,930,848,1051,1206,1072,1046,300,505,1,1025,1205,1003,1611,1164,145,5,1144,,19:09,1
2008-09,101107,Marvin Williams,Marvin,1610612737,ATL,Atlanta Hawks,0040800203,2009-05-09T00:00:00,ATL vs. CLE,L,13.483333333333333,2,5,0.4,0,1,0.0,0,0,0.0,0,0,0,2,0,1,0,0,0,0,4,1,10.0,0,0,8.0,1,868,868,868,1253,875,946,867,635,730,635,930,991,930,848,1379,1447,488,1046,300,505,1,1,1205,1077,703,1141,145,5,1186,,13:29,1
2008-09,200797,Ryan Hollins,Ryan,1610612742,DAL,Dallas Mavericks,0040800233,2009-05-09T00:00:00,DAL vs. DEN,L,11.875,0,2,0.0,0,0,0.0,2,4,0.5,0,4,4,0,1,0,1,1,2,2,2,-14,8.8,0,0,8.0,1,868,868,868,1308,1397,1295,1397,635,979,635,481,355,723,848,403,588,1072,569,778,189,1168,667,597,1253,1552,1183,145,5,1186,,11:53,1
2008-09,2585,Zaza Pachulia,Zaza,1610612737,ATL,Atlanta Hawks,0040800203,2009-05-09T00:00:00,ATL vs. CLE,L,11.666666666666666,1,1,1.0,0,0,0.0,1,2,0.5,0,3,3,0,0,0,0,0,4,1,3,5,6.6,0,0,6.0,1,868,868,868,1314,1119,1432,1,635,979,635,748,591,723,848,569,748,1072,1046,778,505,1,1326,835,1188,477,1273,145,5,1274,,11:40,1
2008-09,101132,Linas Kleiza,Linas,1610612743,DEN,Denver Nuggets,0040800233,2009-05-09T00:00:00,DEN @ DAL,W,13.9,0,1,0.0,0,0,0.0,0,0,0.0,0,3,3,1,0,0,0,0,0,0,0,-3,5.1,0,0,4.0,1,1,1,1,1238,1397,1432,1397,635,979,635,930,991,930,848,569,748,729,1046,778,505,1,1,1205,1447,1039,1366,145,5,1395,,13:54,1
2008-09,101189,James Singleton,James,1610612742,DAL,Dallas Mavericks,0040800233,2009-05-09T00:00:00,DAL vs. DEN,L,4.46,0,0,0.0,0,0,0.0,0,0,0.0,1,0,1,0,0,0,1,0,3,0,0,-1,4.2,0,0,3.0,1,868,868,868,1539,1397,1595,1397,635,979,635,930,991,930,423,1379,1206,1072,1046,778,189,1,1025,1205,1447,871,1414,145,5,1443,,4:28,1
2008-09,200826,J.J. Barea,J.J.,1610612742,DAL,Dallas Mavericks,0040800233,2009-05-09T00:00:00,DAL vs. DEN,L,11.616666666666667,0,2,0.0,0,0,0.0,0,0,0.0,1,0,1,1,0,0,0,0,0,0,0,0,2.7,0,0,2.0,1,868,868,868,1319,1397,1295,1397,635,979,635,930,991,930,423,1379,1206,729,1046,778,505,1,1,1205,1447,769,1498,145,5,1494,,11:37,1
2008-09,1887,Wally Szczerbiak,Wally,1610612739,CLE,Cleveland Cavaliers,0040800203,2009-05-09T00:00:00,CLE @ ATL,W,7.206666666666667,0,2,0.0,0,2,0.0,0,0,0.0,0,2,2,0,1,0,0,0,0,0,0,-10,1.4,0,0,2.0,1,1,1,1,1446,1397,1295,1397,635,538,635,930,991,930,848,788,973,1072,569,778,505,1,1,1205,1447,1433,1562,145,5,1494,,7:12,1
2008-09,201629,Othello Hunter,Othello,1610612737,ATL,Atlanta Hawks,0040800203,2009-05-09T00:00:00,ATL vs. CLE,L,0.7666666666666667,0,0,0.0,0,0,0.0,0,0,0.0,0,0,0,0,0,0,0,0,0,0,0,3,0.0,0,0,0.0,1,868,868,868,1705,1397,1595,1397,635,979,635,930,991,930,848,1379,1447,1072,1046,778,505,1,1,1205,1447,588,1610,145,5,1611,,0:46,1
2008-09,200780,Solomon Jones,Solomon,1610612737,ATL,Atlanta Hawks,0040800203,2009-05-09T00:00:00,ATL vs. CLE,L,0.7666666666666667,0,0,0.0,0,0,0.0,0,0,0.0,0,0,0,0,0,0,0,0,0,0,0,3,0.0,0,0,0.0,1,868,868,868,1705,1397,1595,1397,635,979,635,930,991,930,848,1379,1447,1072,1046,778,505,1,1,1205,1447,588,1610,145,5,1611,,0:46,1
2008-09,201238,Mario West,Mario,1610612737,ATL,Atlanta Hawks,0040800203,2009-05-09T00:00:00,ATL vs. CLE,L,1.5116666666666667,0,0,0.0,0,0,0.0,0,0,0.0,0,0,0,0,0,0,0,0,0,0,0,2,0.0,0,0,0.0,1,868,868,868,1685,1397,1595,1397,635,979,635,930,991,930,848,1379,1447,1072,1046,778,505,1,1,1205,1447,653,1610,145,5,1611,,1:31,1
2008-09,101130,Johan Petro,Johan,1610612743,DEN,Denver Nuggets,0040800233,2009-05-09T00:00:00,DEN @ DAL,W,1.6166666666666667,0,0,0.0,0,0,0.0,0,0,0.0,0,0,0,0,0,0,0,0,1,0,0,-1,0.0,0,0,0.0,1,1,1,1,1679,1397,1595,1397,635,979,635,930,991,930,848,1379,1447,1072,1046,778,505,1,310,1205,1447,871,1610,145,5,1611,,1:37,1
2008-09,200814,Tarence Kinsey,Tarence,1610612739,CLE,Cleveland Cavaliers,0040800203,2009-05-09T00:00:00,CLE @ ATL,W,0.7666666666666667,0,0,0.0,0,0,0.0,0,0,0.0,0,0,0,0,0,0,0,0,0,0,0,-3,0.0,0,0,0.0,1,1,1,1,1705,1397,1595,1397,635,979,635,930,991,930,848,1379,1447,1072,1046,778,505,1,1,1205,1447,1039,1610,145,5,1611,,0:46,1
2008-09,2562,Sasha Pavlovic,Sasha,1610612739,CLE,Cleveland Cavaliers,0040800203,2009-05-09T00:00:00,CLE @ ATL,W,0.7666666666666667,0,0,0.0,0,0,0.0,0,0,0.0,0,0,0,0,0,0,0,0,0,0,0,-3,0.0,0,0,0.0,1,1,1,1,1705,1397,1595,1397,635,979,635,930,991,930,848,1379,1447,1072,1046,778,505,1,1,1205,1447,1039,1610,145,5,1611,,0:46,1
2008-09,101123,Gerald Green,Gerald,1610612742,DAL,Dallas Mavericks,0040800233,2009-05-09T00:00:00,DAL vs. DEN,L,9.19,0,4,0.0,0,1,0.0,0,0,0.0,0,0,0,0,0,0,0,0,3,0,0,-6,0.0,0,0,0.0,1,868,868,868,1387,1397,1064,1397,635,730,635,930,991,930,848,1379,1447,1072,1046,778,505,1,1025,1205,1447,1235,1610,145,5,1611,,9:11,1
2008-09,200789,Daniel Gibson,Daniel,1610612739,CLE,Cleveland Cavaliers,0040800203,2009-05-09T00:00:00,CLE @ ATL,W,14.1,0,3,0.0,0,2,0.0,0,0,0.0,0,0,0,0,1,0,0,0,0,0,0,3,-1.0,0,0,0.0,1,1,1,1,1228,1397,1176,1397,635,538,635,930,991,930,848,1379,1447,1072,569,778,505,1,1,1205,1447,588,1728,145,5,1611,,14:06,1
2008-09,1112,Ben Wallace,Ben,1610612739,CLE,Cleveland Cavaliers,0040800203,2009-05-09T00:00:00,CLE @ ATL,W,8.278333333333334,0,0,0.0,0,0,0.0,0,0,0.0,0,0,0,0,1,0,0,0,0,1,0,-13,-1.0,0,0,0.0,1,1,1,1,1420,1397,1595,1397,635,979,635,930,991,930,848,1379,1447,1072,569,778,505,1,1,835,1447,1527,1728,145,5,1611,,8:17,1
2008-09,977,Kobe Bryant,Kobe,1610612747,LAL,Los Angeles Lakers,0040800223,2009-05-08T00:00:00,LAL @ HOU,W,44.25333333333333,11,28,0.393,4,6,0.667,7,8,0.875,2,4,6,3,0,2,3,1,2,5,33,17,59.7,0,0,56.0,1,1,1,1,70,42,10,946,24,97,116,92,118,408,220,403,351,317,1046,89,30,1168,667,197,37,132,24,145,5,23,,44:15,1
2008-09,2730,Dwight Howard,Dwight,1610612753,ORL,Orlando Magic,0040800213,2009-05-08T00:00:00,ORL vs. BOS,W,27.533333333333335,7,8,0.875,0,0,0.0,3,6,0.5,2,12,14,0,3,2,5,0,5,7,17,15,51.8,1,0,45.0,1,1,1,1,758,199,660,107,635,979,635,367,202,723,220,18,34,1072,132,89,5,1,1564,81,291,174,70,1,5,93,,27:32,1
2008-09,1718,Paul Pierce,Paul,1610612738,BOS,Boston Celtics,0040800213,2009-05-08T00:00:00,BOS @ ORL,L,38.22666666666667,6,15,0.4,1,3,0.333,14,14,1.0,0,3,3,6,2,3,0,2,2,9,27,-15,46.6,0,0,43.0,1,868,868,868,345,285,198,867,300,391,422,8,20,1,848,569,748,100,289,31,505,1565,667,30,82,1570,106,145,5,108,,38:14,1
2008-09,1740,Rashard Lewis,Rashard,1610612753,ORL,Orlando Magic,0040800213,2009-05-08T00:00:00,ORL vs. BOS,W,40.78333333333333,9,17,0.529,3,7,0.429,7,8,0.875,0,6,6,3,4,1,0,0,0,5,28,24,38.7,0,0,42.0,1,1,1,1,216,97,130,475,59,57,361,92,118,408,848,203,351,317,53,300,505,1,1,197,74,50,205,145,5,119,,40:47,1
2008-09,2397,Yao Ming,ao Ming,1610612745,HOU,Houston Rockets,0040800223,2009-05-08T00:00:00,HOU vs. LAL,L,39.83833333333333,6,14,0.429,0,0,0.0,7,9,0.778,6,8,14,2,3,1,2,3,1,6,19,-9,44.8,1,0,41.0,1,868,868,868,266,285,245,810,635,979,635,92,86,519,10,90,34,488,132,300,71,1698,310,131,236,1389,119,1,5,129,,39:50,1
2008-09,1885,Lamar Odom,Lamar,1610612747,LAL,Los Angeles Lakers,0040800223,2009-05-08T00:00:00,LAL @ HOU,W,33.79666666666667,7,11,0.636,2,2,1.0,0,0,0.0,2,11,13,0,3,1,2,0,3,1,16,11,37.6,1,0,37.0,1,1,1,1,510,199,430,281,139,538,1,930,991,930,220,35,51,1072,132,300,71,1,1025,835,334,260,225,1,5,187,,33:48,1
2008-09,1897,Metta World Peace,Metta,1610612745,HOU,Houston Rockets,0040800223,2009-05-08T00:00:00,HOU vs. LAL,L,37.42333333333333,10,23,0.435,2,8,0.25,3,4,0.75,2,4,6,1,4,0,1,1,4,3,25,-17,32.7,0,0,36.0,1,868,868,868,379,65,35,806,139,38,524,367,355,532,220,403,351,729,53,778,189,1168,1326,409,108,1611,345,145,5,206,,37:25,1
2008-09,2045,Hedo Turkoglu,Hedo,1610612753,ORL,Orlando Magic,0040800213,2009-05-08T00:00:00,ORL vs. BOS,W,33.766666666666666,8,12,0.667,2,3,0.667,6,7,0.857,0,2,2,4,1,1,0,0,5,6,24,28,34.4,0,0,34.0,1,1,1,1,511,143,364,194,139,391,116,132,167,425,848,788,973,208,569,300,505,1,1564,131,124,26,307,145,5,263,,33:46,1
2008-09,200765,Rajon Rondo,Rajon,1610612738,BOS,Boston Celtics,0040800213,2009-05-08T00:00:00,BOS @ ORL,L,34.30833333333333,7,17,0.412,0,1,0.0,1,3,0.333,1,4,5,6,1,3,0,1,3,3,15,-20,38.0,0,0,32.0,1,868,868,868,495,199,130,861,635,730,635,748,510,902,423,403,442,100,569,31,505,1168,1025,409,367,1654,216,145,5,310,,34:19,1
2008-09,2772,Trevor Ariza,Trevor,1610612747,LAL,Los Angeles Lakers,0040800223,2009-05-08T00:00:00,LAL @ HOU,W,31.683333333333334,4,7,0.571,3,4,0.75,2,4,0.5,0,5,5,2,1,4,0,0,5,4,13,16,33.0,0,0,31.0,1,1,1,1,604,552,764,394,59,253,96,481,355,723,848,281,442,488,569,9,505,1,1564,291,470,154,338,145,5,328,,31:41,1
2008-09,200770,Jordan Farmar,Jordan,1610612747,LAL,Los Angeles Lakers,0040800223,2009-05-08T00:00:00,LAL @ HOU,W,32.8,3,7,0.429,0,3,0.0,6,8,0.75,2,3,5,7,1,2,1,0,0,4,12,18,36.5,0,0,30.0,1,1,1,1,549,708,764,810,635,391,635,132,118,532,220,569,442,63,569,89,189,1,1,291,532,118,258,145,5,359,,32:48,1
2008-09,2203,Shane Battier,Shane,1610612745,HOU,Houston Rockets,0040800223,2009-05-08T00:00:00,HOU vs. LAL,L,42.03333333333333,2,5,0.4,2,5,0.4,0,0,0.0,4,4,8,7,1,1,0,0,2,1,6,-11,28.1,0,0,25.0,1,868,868,868,148,875,946,867,139,159,374,930,991,930,56,403,198,63,569,300,505,1,667,835,918,1461,449,145,5,496,,42:02,1
2008-09,2200,Pau Gasol,Pau,1610612747,LAL,Los Angeles Lakers,0040800223,2009-05-08T00:00:00,LAL @ HOU,W,35.733333333333334,4,11,0.364,0,0,0.0,5,7,0.714,3,3,6,3,0,0,1,2,4,4,13,13,27.7,0,0,24.0,1,1,1,1,435,552,430,1014,635,979,635,182,167,598,106,569,351,317,1046,778,189,1565,1326,291,470,203,462,145,5,523,,35:44,1
2008-09,1533,Anthony Johnson,Anthony,1610612753,ORL,Orlando Magic,0040800213,2009-05-08T00:00:00,ORL vs. BOS,W,27.893333333333334,5,7,0.714,1,1,1.0,2,2,1.0,1,2,3,3,2,2,0,0,4,3,13,4,25.1,0,0,24.0,1,1,1,1,745,396,764,176,300,730,1,481,591,1,423,788,748,317,289,89,505,1,1326,409,470,525,541,145,5,523,,27:54,1
2008-09,2449,Luis Scola,Luis,1610612745,HOU,Houston Rockets,0040800223,2009-05-08T00:00:00,HOU vs. LAL,L,27.041666666666668,5,11,0.455,0,0,0.0,0,2,0.0,4,8,12,0,3,0,0,1,3,3,10,-18,21.4,1,0,22.0,1,868,868,868,777,396,430,744,635,979,635,930,591,930,56,90,68,1072,132,778,505,1168,1025,409,663,1630,666,1,5,601,,27:03,1
2008-09,2067,Eddie House,Eddie,1610612738,BOS,Boston Celtics,0040800213,2009-05-08T00:00:00,BOS @ ORL,L,20.528333333333332,6,7,0.857,3,4,0.75,0,0,0.0,0,1,1,1,0,1,0,0,2,2,15,-11,20.7,0,0,22.0,1,868,868,868,994,285,764,108,59,253,96,930,991,930,848,1051,1206,729,1046,300,505,1,667,597,367,1461,686,145,5,601,,20:32,1
2008-09,201584,Courtney Lee,Courtney,1610612753,ORL,Orlando Magic,0040800213,2009-05-08T00:00:00,ORL vs. BOS,W,32.416666666666664,3,4,0.75,1,1,1.0,4,4,1.0,0,4,4,3,2,1,0,0,3,2,11,13,21.3,0,0,21.0,1,1,1,1,564,708,1064,143,300,730,1,259,355,1,848,403,588,317,289,300,505,1,1025,597,612,203,669,145,5,634,,32:25,1
2008-09,201175,Glen Davis,Glen,1610612738,BOS,Boston Celtics,0040800213,2009-05-08T00:00:00,BOS @ ORL,L,28.416666666666668,2,6,0.333,0,0,0.0,3,4,0.75,1,2,3,1,1,2,1,1,5,3,7,-13,20.1,0,0,17.0,1,868,868,868,728,875,846,1037,635,979,635,367,355,532,423,788,748,729,569,89,189,1168,1564,409,853,1527,708,145,5,789,,28:25,1
2008-09,951,Ray Allen,Ray,1610612738,BOS,Boston Celtics,0040800213,2009-05-08T00:00:00,BOS @ ORL,L,32.68,3,13,0.231,0,5,0.0,2,2,1.0,1,4,5,4,2,0,0,0,1,2,8,-12,18.0,0,0,17.0,1,868,868,868,555,708,297,1288,635,159,635,481,591,1,423,403,442,208,289,778,505,1,310,597,776,1497,784,145,5,789,,32:41,1
2008-09,2570,Kendrick Perkins,Kendrick,1610612738,BOS,Boston Celtics,0040800213,2009-05-08T00:00:00,BOS @ ORL,L,28.531666666666666,5,8,0.625,0,1,0.0,0,0,0.0,3,4,7,0,3,0,0,0,5,1,10,-20,15.4,0,0,17.0,1,868,868,868,722,396,660,290,635,730,635,930,991,930,106,403,272,1072,132,778,505,1,1564,835,663,1654,904,145,5,789,,28:32,1
2008-09,200768,Kyle Lowry,Kyle,1610612745,HOU,Houston Rockets,0040800223,2009-05-08T00:00:00,HOU vs. LAL,L,21.966666666666665,3,6,0.5,0,0,0.0,2,3,0.667,1,3,4,4,0,0,0,1,3,5,8,-1,18.8,0,0,16.0,1,868,868,868,939,708,846,492,635,979,635,481,510,612,423,569,588,208,1046,778,505,1168,1025,197,776,871,753,145,5,826,,21:58,1
2008-09,201171,Carl Landry,Carl,1610612745,HOU,Houston Rockets,0040800223,2009-05-08T00:00:00,HOU vs. LAL,L,21.183333333333334,4,7,0.571,0,0,0.0,2,2,1.0,2,4,6,0,0,0,0,1,1,1,10,2,17.2,0,0,16.0,1,868,868,868,972,552,764,394,635,979,635,481,591,1,220,403,351,1072,1046,778,505,1168,310,835,663,653,821,145,5,826,,21:11,1
2008-09,200755,JJ Redick,JJ,1610612753,ORL,Orlando Magic,0040800213,2009-05-08T00:00:00,ORL vs. BOS,W,27.451666666666668,1,5,0.2,1,2,0.5,2,2,1.0,0,3,3,2,2,2,0,0,2,2,5,20,15.6,0,0,15.0,1,1,1,1,762,1119,946,1308,300,538,176,481,591,1,848,569,748,488,289,89,505,1,667,597,1003,83,895,145,5,864,,27:27,1
2008-09,101115,Andrew Bynum,Andrew,1610612747,LAL,Los Angeles Lakers,0040800223,2009-05-08T00:00:00,LAL @ HOU,W,12.266666666666667,2,2,1.0,0,0,0.0,0,0,0.0,1,4,5,0,0,0,2,0,3,1,4,1,16.0,0,0,13.0,1,1,1,1,1296,875,1295,1,635,979,635,930,991,930,423,403,442,1072,1046,778,71,1,1025,835,1077,703,878,145,5,940,,12:16,1
2008-09,2575,Luke Walton,Luke,1610612747,LAL,Los Angeles Lakers,0040800223,2009-05-08T00:00:00,LAL @ HOU,W,18.733333333333334,2,6,0.333,1,2,0.5,1,2,0.5,0,1,1,2,0,1,0,0,2,1,6,2,13.2,0,0,12.0,1,1,1,1,1059,875,846,1037,300,538,176,748,591,723,848,1051,1206,488,1046,300,505,1,667,835,918,653,1002,145,5,1002,,18:44,1
2008-09,101144,Von Wafer,Von,1610612745,HOU,Houston Rockets,0040800223,2009-05-08T00:00:00,HOU vs. LAL,L,16.543333333333333,2,10,0.2,1,4,0.25,4,5,0.8,0,2,2,0,2,0,0,0,2,3,9,0,9.4,0,0,12.0,1,868,868,868,1144,875,492,1308,300,253,524,259,294,487,848,788,973,1072,289,778,505,1,667,409,726,769,1161,145,5,1002,,16:33,1
2008-09,201166,Aaron Brooks,Aaron,1610612745,HOU,Houston Rockets,0040800223,2009-05-08T00:00:00,HOU vs. LAL,L,27.4,3,8,0.375,1,2,0.5,0,0,0.0,0,3,3,1,3,0,0,2,5,0,7,-16,9.1,0,0,12.0,1,868,868,868,766,708,660,978,300,538,176,930,991,930,848,569,748,729,132,778,505,1565,1564,1205,853,1591,1172,145,5,1002,,27:24,1
2008-09,2554,Mickael Pietrus,Mickael,1610612753,ORL,Orlando Magic,0040800213,2009-05-08T00:00:00,ORL vs. BOS,W,18.966666666666665,2,6,0.333,0,3,0.0,3,4,0.75,0,0,0,0,1,2,0,1,1,2,7,-5,12.0,0,0,11.0,1,1,1,1,1052,875,846,1037,635,391,635,367,355,532,848,1379,1447,1072,569,89,505,1168,310,597,853,1171,1054,145,5,1061,,18:58,1
2008-09,101162,Marcin Gortat,Marcin,1610612753,ORL,Orlando Magic,0040800213,2009-05-08T00:00:00,ORL vs. BOS,W,20.466666666666665,2,2,1.0,0,0,0.0,3,3,1.0,0,3,3,1,1,0,0,0,4,2,7,6,11.1,0,0,11.0,1,1,1,1,995,875,1295,1,635,979,635,367,510,1,848,569,748,729,569,778,505,1,1326,597,853,431,1098,145,5,1061,,20:28,1
2008-09,2243,Brian Scalabrine,Brian,1610612738,BOS,Boston Celtics,0040800213,2009-05-08T00:00:00,BOS @ ORL,L,24.598333333333333,2,5,0.4,1,3,0.333,0,0,0.0,0,3,3,1,1,0,0,0,5,2,5,-4,9.1,0,0,10.0,1,868,868,868,857,875,946,867,300,391,422,930,991,930,848,569,748,729,569,778,505,1,1564,597,1003,1113,1172,145,5,1103,,24:36,1
2008-09,200769,Shannon Brown,Shannon,1610612747,LAL,Los Angeles Lakers,0040800223,2009-05-08T00:00:00,LAL @ HOU,W,15.2,2,2,1.0,0,0,0.0,4,4,1.0,0,1,1,0,1,0,0,0,1,2,8,-4,8.2,0,0,9.0,1,1,1,1,1187,875,1295,1,635,979,635,259,355,1,848,1051,1206,1072,569,778,505,1,310,597,776,1113,1212,145,5,1144,,15:12,1
2008-09,2756,Sasha Vujacic,Sasha,1610612747,LAL,Los Angeles Lakers,0040800223,2009-05-08T00:00:00,LAL @ HOU,W,12.533333333333333,1,6,0.167,1,3,0.333,0,0,0.0,0,1,1,0,0,1,0,0,2,0,3,-3,7.2,0,0,7.0,1,1,1,1,1288,1119,846,1352,300,391,422,930,991,930,848,1051,1206,1072,1046,300,505,1,667,1205,1188,1039,1253,145,5,1230,,12:32,1
2008-09,1630,Mikki Moore,Mikki,1610612738,BOS,Boston Celtics,0040800213,2009-05-08T00:00:00,BOS @ ORL,L,6.243333333333333,1,1,1.0,0,0,0.0,0,0,0.0,0,1,1,1,0,1,0,0,1,1,2,-6,7.7,0,0,6.0,1,868,868,868,1479,1119,1432,1,635,979,635,930,991,930,848,1051,1206,729,1046,300,505,1,310,835,1253,1235,1234,145,5,1274,,6:15,1
2008-09,1731,Tyronn Lue,Tyronn,1610612753,ORL,Orlando Magic,0040800213,2009-05-08T00:00:00,ORL vs. BOS,W,3.8566666666666665,2,2,1.0,1,1,1.0,0,0,0.0,0,0,0,0,0,0,0,0,0,0,5,-1,5.0,0,0,6.0,1,1,1,1,1566,875,1295,1,300,730,1,930,991,930,848,1379,1447,1072,1046,778,505,1,1,1205,1003,871,1368,145,5,1274,,3:51,1
2008-09,950,Stephon Marbury,Stephon,1610612738,BOS,Boston Celtics,0040800213,2009-05-08T00:00:00,BOS @ ORL,L,14.966666666666667,1,4,0.25,0,1,0.0,0,0,0.0,0,0,0,3,2,0,0,1,3,0,2,-1,4.5,0,0,5.0,1,868,868,868,1201,1119,1064,1224,635,730,635,930,991,930,848,1379,1447,317,289,778,505,1168,1025,1205,1253,871,1394,145,5,1326,,14:58,1
2008-09,2754,Tony Allen,Tony,1610612738,BOS,Boston Celtics,0040800213,2009-05-08T00:00:00,BOS @ ORL,L,3.8333333333333335,1,1,1.0,0,0,0.0,1,1,1.0,0,1,1,0,0,0,0,0,1,1,3,-1,4.2,0,0,4.0,1,868,868,868,1568,1119,1432,1,635,979,635,748,920,1,848,1051,1206,1072,1046,778,505,1,310,835,1188,871,1414,145,5,1395,,3:50,1
2008-09,201611,Henry Walker,Henry,1610612738,BOS,Boston Celtics,0040800213,2009-05-08T00:00:00,BOS @ ORL,L,3.8333333333333335,0,1,0.0,0,0,0.0,2,2,1.0,0,0,0,0,1,1,0,0,1,1,2,-1,4.0,0,0,4.0,1,868,868,868,1568,1397,1432,1397,635,979,635,481,591,1,848,1379,1447,1072,569,300,505,1,310,835,1253,871,1425,145,5,1395,,3:50,1
2008-09,101236,Chuck Hayes,Chuck,1610612745,HOU,Houston Rockets,0040800223,2009-05-08T00:00:00,HOU vs. LAL,L,6.57,0,0,0.0,0,0,0.0,0,0,0.0,0,1,1,1,1,0,0,0,1,0,0,0,1.7,0,0,2.0,1,868,868,868,1464,1397,1595,1397,635,979,635,930,991,930,848,1051,1206,729,569,778,505,1,310,1205,1447,769,1544,145,5,1494,,6:34,1
2008-09,201172,Gabe Pruitt,Gabe,1610612738,BOS,Boston Celtics,0040800213,2009-05-08T00:00:00,BOS @ ORL,L,3.8333333333333335,0,1,0.0,0,0,0.0,0,0,0.0,0,0,0,1,1,0,0,0,0,0,0,-1,0.5,0,0,1.0,1,868,868,868,1568,1397,1432,1397,635,979,635,930,991,930,848,1379,1447,729,569,778,505,1,1,1205,1447,871,1597,145,5,1565,,3:50,1
2008-09,1502,Adonal Foyle,Adonal,1610612753,ORL,Orlando Magic,0040800213,2009-05-08T00:00:00,ORL vs. BOS,W,3.033333333333333,0,1,0.0,0,0,0.0,0,0,0.0,0,1,1,0,1,0,0,0,1,0,0,1,0.2,0,0,1.0,1,1,1,1,1615,1397,1432,1397,635,979,635,930,991,930,848,1051,1206,1072,569,778,505,1,310,1205,1447,703,1600,145,5,1565,,3:02,1
2008-09,1499,Tony Battie,Tony,1610612753,ORL,Orlando Magic,0040800213,2009-05-08T00:00:00,ORL vs. BOS,W,3.8316666666666666,0,2,0.0,0,0,0.0,0,0,0.0,0,0,0,0,0,0,0,0,0,0,0,0,0.0,0,0,0.0,1,1,1,1,1571,1397,1295,1397,635,979,635,930,991,930,848,1379,1447,1072,1046,778,505,1,1,1205,1447,769,1610,145,5,1611,,3:50,1
2008-09,2694,Josh Powell,Josh,1610612747,LAL,Los Angeles Lakers,0040800223,2009-05-08T00:00:00,LAL @ HOU,W,3.0,0,2,0.0,0,0,0.0,0,0,0.0,0,0,0,0,0,0,0,0,0,0,0,-1,0.0,0,0,0.0,1,1,1,1,1617,1397,1295,1397,635,979,635,930,991,930,848,1379,1447,1072,1046,778,505,1,1,1205,1447,871,1610,145,5,1611,,3:00,1
2008-09,2544,LeBron James,LeBron,1610612739,CLE,Cleveland Cavaliers,0040800202,2009-05-07T00:00:00,CLE vs. ATL,W,31.166666666666668,9,14,0.643,3,5,0.6,6,12,0.5,0,3,3,5,0,4,1,1,1,7,27,23,53.1,0,0,48.0,1,1,1,1,632,97,245,277,59,159,151,132,43,723,848,569,748,142,1046,9,189,1168,310,81,82,57,59,145,5,68,,31:10,1
2008-09,2760,Anderson Varejao,Anderson,1610612739,CLE,Cleveland Cavaliers,0040800202,2009-05-07T00:00:00,CLE vs. ATL,W,28.633333333333333,6,9,0.667,0,0,0.0,0,0,0.0,4,4,8,2,2,2,4,0,2,1,12,17,40.6,0,0,34.0,1,1,1,1,719,285,571,194,635,979,635,930,991,930,56,403,198,488,289,89,11,1,667,835,532,132,175,145,5,263,,28:38,1
2008-09,2590,Mo Williams,Mo,1610612739,CLE,Cleveland Cavaliers,0040800202,2009-05-07T00:00:00,CLE vs. ATL,W,32.39833333333333,5,11,0.455,3,8,0.375,2,3,0.667,3,2,5,5,2,0,0,0,2,1,15,30,26.5,0,0,28.0,1,1,1,1,569,396,430,744,59,38,418,481,510,612,106,788,442,142,289,778,505,1,667,835,367,17,495,145,5,407,,32:24,1
2008-09,2230,Maurice Evans,Maurice,1610612737,ATL,Atlanta Hawks,0040800202,2009-05-07T00:00:00,ATL @ CLE,L,33.19833333333333,7,12,0.583,1,2,0.5,1,1,1.0,3,0,3,4,0,1,0,0,3,3,16,-14,28.6,0,0,26.0,1,868,868,868,532,199,364,378,300,538,176,748,920,1,106,1379,748,208,1046,300,505,1,1025,409,334,1552,440,145,5,463,,33:12,1
2008-09,2585,Zaza Pachulia,Zaza,1610612737,ATL,Atlanta Hawks,0040800202,2009-05-07T00:00:00,ATL @ CLE,L,35.016666666666666,2,6,0.333,0,0,0.0,3,4,0.75,5,7,12,0,3,1,1,2,1,5,7,-25,24.4,0,0,23.0,1,868,868,868,463,875,846,1037,635,979,635,367,355,532,22,140,68,1072,132,300,189,1565,310,197,853,1711,562,145,5,561,,35:01,1
2008-09,1887,Wally Szczerbiak,Wally,1610612739,CLE,Cleveland Cavaliers,0040800202,2009-05-07T00:00:00,CLE vs. ATL,W,21.05,7,9,0.778,0,0,0.0,3,3,1.0,1,2,3,0,3,0,1,1,4,2,17,1,20.6,0,0,22.0,1,1,1,1,976,199,571,135,635,979,635,367,510,1,423,788,748,1072,132,778,189,1168,1326,597,291,703,692,145,5,601,,21:03,1
2008-09,201242,Thomas Gardner,Thomas,1610612737,ATL,Atlanta Hawks,0040800202,2009-05-07T00:00:00,ATL @ CLE,L,15.533333333333333,4,11,0.364,3,5,0.6,1,1,1.0,0,2,2,2,0,1,0,0,3,1,12,12,20.4,0,0,21.0,1,868,868,868,1175,552,430,1014,59,159,151,748,920,1,848,788,973,488,1046,300,505,1,1025,835,532,231,700,145,5,634,,15:32,1
2008-09,980,Zydrunas Ilgauskas,Zydrunas,1610612739,CLE,Cleveland Cavaliers,0040800202,2009-05-07T00:00:00,CLE vs. ATL,W,26.75,3,6,0.5,0,1,0.0,0,0,0.0,2,5,7,2,2,0,2,0,3,1,6,20,21.4,0,0,19.0,1,1,1,1,789,708,846,492,635,730,635,930,991,930,220,281,272,488,289,778,71,1,1025,835,918,83,666,145,5,709,,26:45,1
2008-09,2753,Delonte West,Delonte,1610612739,CLE,Cleveland Cavaliers,0040800202,2009-05-07T00:00:00,CLE vs. ATL,W,28.433333333333334,5,10,0.5,0,1,0.0,4,4,1.0,0,3,3,2,4,0,0,1,1,3,14,22,16.6,0,0,19.0,1,1,1,1,725,396,492,492,635,730,635,259,355,1,848,569,748,488,53,778,505,1168,310,409,416,61,850,145,5,709,,28:26,1
2008-09,2207,Joe Johnson,Joe,1610612737,ATL,Atlanta Hawks,0040800202,2009-05-07T00:00:00,ATL @ CLE,L,30.266666666666666,5,15,0.333,0,3,0.0,0,2,0.0,3,0,3,1,3,2,0,1,0,1,10,-31,18.1,0,0,18.0,1,868,868,868,661,396,198,1037,635,391,635,930,591,930,106,1379,748,729,132,89,505,1168,1,835,663,1734,780,145,5,750,,30:16,1
2008-09,2436,Flip Murray,Flip,1610612737,ATL,Atlanta Hawks,0040800202,2009-05-07T00:00:00,ATL @ CLE,L,27.266666666666666,2,5,0.4,1,2,0.5,3,4,0.75,0,1,1,3,3,1,1,1,1,3,8,-25,16.7,0,0,17.0,1,868,868,868,771,875,946,867,300,538,176,367,355,532,848,1051,1206,317,132,300,189,1168,310,409,776,1711,842,145,5,789,,27:16,1
2008-09,1710,Mike Bibby,Mike,1610612737,ATL,Atlanta Hawks,0040800202,2009-05-07T00:00:00,ATL @ CLE,L,29.961666666666666,3,8,0.375,2,4,0.5,3,3,1.0,0,1,1,1,1,1,0,1,4,2,11,-18,15.7,0,0,17.0,1,868,868,868,675,708,660,978,139,253,176,367,510,1,848,1051,1206,729,569,300,505,1168,1326,597,612,1630,890,145,5,789,,29:58,1
2008-09,2746,Josh Smith,Josh,1610612737,ATL,Atlanta Hawks,0040800202,2009-05-07T00:00:00,ATL @ CLE,L,22.033333333333335,2,13,0.154,0,0,0.0,4,4,1.0,1,0,1,3,2,1,1,3,4,2,8,-16,17.7,0,0,16.0,1,868,868,868,936,875,297,1378,635,979,635,259,355,1,423,1379,1206,317,289,300,189,1698,1326,597,776,1591,795,145,5,826,,22:02,1
2008-09,201151,Acie Law,Acie,1610612737,ATL,Atlanta Hawks,0040800202,2009-05-07T00:00:00,ATL @ CLE,L,7.4,3,6,0.5,1,2,0.5,1,1,1.0,1,1,2,3,0,0,0,0,1,1,8,11,14.9,0,0,14.0,1,868,868,868,1442,708,846,492,300,538,176,748,920,1,423,1051,973,317,1046,778,505,1,310,835,776,260,930,145,5,905,,7:24,1
2008-09,201629,Othello Hunter,Othello,1610612737,ATL,Atlanta Hawks,0040800202,2009-05-07T00:00:00,ATL @ CLE,L,11.05,1,2,0.5,0,0,0.0,0,0,0.0,3,2,5,0,0,1,1,0,1,1,2,6,14.0,0,0,11.0,1,868,868,868,1337,1119,1295,492,635,979,635,930,991,930,106,788,442,1072,1046,300,189,1,310,835,1253,431,965,145,5,1061,,11:03,1
2008-09,693,Joe Smith,Joe,1610612739,CLE,Cleveland Cavaliers,0040800202,2009-05-07T00:00:00,CLE vs. ATL,W,19.383333333333333,0,1,0.0,0,0,0.0,4,4,1.0,0,3,3,0,1,0,2,0,2,2,4,8,12.6,0,0,11.0,1,1,1,1,1030,1397,1432,1397,635,979,635,259,355,1,848,569,748,1072,569,778,71,1,667,597,1077,362,1019,145,5,1061,,19:23,1
2008-09,2562,Sasha Pavlovic,Sasha,1610612739,CLE,Cleveland Cavaliers,0040800202,2009-05-07T00:00:00,CLE vs. ATL,W,17.383333333333333,2,5,0.4,0,2,0.0,0,0,0.0,0,3,3,1,1,0,0,0,2,2,4,-7,8.1,0,0,8.0,1,1,1,1,1103,875,946,867,635,538,635,930,991,930,848,569,748,729,569,778,505,1,667,597,1077,1305,1221,145,5,1186,,17:23,1
2008-09,1112,Ben Wallace,Ben,1610612739,CLE,Cleveland Cavaliers,0040800202,2009-05-07T00:00:00,CLE vs. ATL,W,6.935,0,0,0.0,0,0,0.0,0,0,0.0,0,4,4,1,0,0,1,0,1,1,0,11,9.3,0,0,7.0,1,1,1,1,1455,1397,1595,1397,635,979,635,930,991,930,848,403,588,729,1046,778,189,1,310,835,1447,260,1163,145,5,1230,,6:56,1
2008-09,200789,Daniel Gibson,Daniel,1610612739,CLE,Cleveland Cavaliers,0040800202,2009-05-07T00:00:00,CLE vs. ATL,W,14.0,0,3,0.0,0,2,0.0,4,4,1.0,0,0,0,1,0,1,0,0,2,2,4,-7,8.5,0,0,7.0,1,1,1,1,1234,1397,1176,1397,635,538,635,259,355,1,848,1379,1447,729,1046,300,505,1,667,597,1077,1305,1195,145,5,1230,,14:00,1
2008-09,201616,Darnell Jackson,Darnell,1610612739,CLE,Cleveland Cavaliers,0040800202,2009-05-07T00:00:00,CLE vs. ATL,W,12.0,1,2,0.5,0,0,0.0,0,0,0.0,0,4,4,0,1,0,0,1,1,0,2,-10,5.8,0,0,6.0,1,1,1,1,1301,1119,1295,492,635,979,635,930,991,930,848,403,588,1072,569,778,505,1168,310,1205,1253,1433,1330,145,5,1274,,12:00,1
2008-09,200780,Solomon Jones,Solomon,1610612737,ATL,Atlanta Hawks,0040800202,2009-05-07T00:00:00,ATL @ CLE,L,21.783333333333335,0,3,0.0,0,0,0.0,2,2,1.0,2,1,3,0,1,0,0,1,4,2,2,5,4.6,0,0,5.0,1,868,868,868,952,1397,1176,1397,635,979,635,481,591,1,220,1051,748,1072,569,778,505,1168,1326,597,1253,477,1388,145,5,1326,,21:47,1
2008-09,201238,Mario West,Mario,1610612737,ATL,Atlanta Hawks,0040800202,2009-05-07T00:00:00,ATL @ CLE,L,6.49,0,2,0.0,0,0,0.0,1,2,0.5,0,1,1,0,0,0,0,2,0,1,1,-5,2.2,0,0,2.0,1,868,868,868,1468,1397,1295,1397,635,979,635,748,591,723,848,1051,1206,1072,1046,778,505,1565,1,835,1430,1171,1519,145,5,1494,,6:29,1
2008-09,200814,Tarence Kinsey,Tarence,1610612739,CLE,Cleveland Cavaliers,0040800202,2009-05-07T00:00:00,CLE vs. ATL,W,1.8666666666666667,0,1,0.0,0,0,0.0,0,0,0.0,0,0,0,0,1,0,0,0,1,0,0,-8,-1.0,0,0,0.0,1,1,1,1,1663,1397,1432,1397,635,979,635,930,991,930,848,1379,1447,1072,569,778,505,1,310,1205,1447,1347,1728,145,5,1611,,1:52,1
2008-09,977,Kobe Bryant,Kobe,1610612747,LAL,Los Angeles Lakers,0040800222,2009-05-06T00:00:00,LAL vs. HOU,W,40.156666666666666,16,27,0.593,2,3,0.667,6,7,0.857,2,4,6,3,2,1,0,1,1,8,40,19,52.7,0,0,53.0,1,1,1,1,247,4,13,368,139,391,116,132,167,425,220,403,351,317,289,300,505,1168,310,56,13,101,64,145,5,35,,40:09,1
2008-09,200765,Rajon Rondo,Rajon,1610612738,BOS,Boston Celtics,0040800212,2009-05-06T00:00:00,BOS vs. ORL,W,39.335,7,19,0.368,0,3,0.0,1,2,0.5,1,10,11,18,3,2,0,1,2,2,15,25,58.2,1,1,48.0,1,1,1,1,289,199,91,1012,635,391,635,748,591,723,423,50,83,2,132,89,505,1168,667,597,367,43,35,1,1,68,,39:20,1
2008-09,2200,Pau Gasol,Pau,1610612747,LAL,Los Angeles Lakers,0040800222,2009-05-06T00:00:00,LAL vs. HOU,W,38.32666666666667,9,13,0.692,0,0,0.0,4,6,0.667,5,9,14,4,1,0,4,0,2,4,22,19,55.8,1,0,48.0,1,1,1,1,340,97,297,190,635,979,635,259,202,612,22,68,34,208,569,778,11,1,667,291,165,101,44,1,5,68,,38:20,1
2008-09,2067,Eddie House,Eddie,1610612738,BOS,Boston Celtics,0040800212,2009-05-06T00:00:00,BOS vs. ORL,W,27.583333333333332,11,14,0.786,4,4,1.0,5,6,0.833,0,4,4,2,2,1,0,1,4,5,31,9,39.8,0,0,43.0,1,1,1,1,755,42,245,134,24,253,1,182,202,442,848,403,588,488,289,300,505,1168,1326,197,48,328,190,145,5,108,,27:35,1
2008-09,1897,Metta World Peace,Metta,1610612745,HOU,Houston Rockets,0040800222,2009-05-06T00:00:00,HOU @ LAL,L,33.55,8,14,0.571,4,7,0.571,5,6,0.833,0,3,3,5,2,2,0,1,4,5,25,-15,40.1,0,0,41.0,1,868,868,868,520,143,245,394,24,57,163,182,202,442,848,569,748,142,289,89,505,1168,1326,197,108,1570,184,145,5,129,,33:33,1
2008-09,1740,Rashard Lewis,Rashard,1610612753,ORL,Orlando Magic,0040800212,2009-05-06T00:00:00,ORL @ BOS,L,41.13333333333333,6,15,0.4,2,5,0.4,3,4,0.75,2,8,10,3,2,1,1,1,1,7,17,-19,37.5,1,0,36.0,1,868,868,868,200,285,198,867,139,159,374,367,355,532,220,90,104,317,289,300,189,1168,310,81,291,1644,231,1,5,206,,41:08,1
2008-09,951,Ray Allen,Ray,1610612738,BOS,Boston Celtics,0040800212,2009-05-06T00:00:00,BOS vs. ORL,W,40.733333333333334,7,15,0.467,2,7,0.286,6,6,1.0,1,5,6,4,1,1,0,0,3,7,22,19,37.2,0,0,36.0,1,1,1,1,218,199,198,719,139,57,515,132,202,1,423,281,351,208,569,300,505,1,1025,81,165,101,240,145,5,206,,40:44,1
2008-09,2570,Kendrick Perkins,Kendrick,1610612738,BOS,Boston Celtics,0040800212,2009-05-06T00:00:00,BOS vs. ORL,W,31.566666666666666,7,10,0.7,0,0,0.0,2,3,0.667,3,6,9,3,2,0,2,0,5,3,16,10,35.3,0,0,32.0,1,1,1,1,612,199,492,182,635,979,635,481,510,612,106,203,149,317,289,778,71,1,1564,409,334,293,293,145,5,310,,31:34,1
2008-09,201171,Carl Landry,Carl,1610612745,HOU,Houston Rockets,0040800222,2009-05-06T00:00:00,HOU @ LAL,L,23.95,7,9,0.778,0,0,0.0,7,13,0.538,5,5,10,0,5,0,0,1,0,8,21,11,28.0,1,0,31.0,1,868,868,868,885,199,571,135,635,979,635,92,29,722,22,281,104,1072,21,778,505,1168,1,56,183,260,454,1,5,328,,23:57,1
2008-09,1885,Lamar Odom,Lamar,1610612747,LAL,Los Angeles Lakers,0040800222,2009-05-06T00:00:00,LAL vs. HOU,W,34.583333333333336,2,7,0.286,0,1,0.0,3,6,0.5,5,6,11,4,4,1,1,0,1,5,7,15,28.2,0,0,26.0,1,1,1,1,481,875,764,1183,635,730,635,367,202,723,22,203,83,208,53,300,189,1,310,197,853,174,447,145,5,463,,34:35,1
2008-09,2730,Dwight Howard,Dwight,1610612753,ORL,Orlando Magic,0040800212,2009-05-06T00:00:00,ORL @ BOS,L,36.916666666666664,5,13,0.385,0,0,0.0,2,8,0.25,2,10,12,1,5,0,0,0,4,6,12,-20,22.9,1,0,25.0,1,868,868,868,397,396,297,956,635,979,635,481,118,918,220,50,68,729,21,778,505,1,1326,131,532,1654,619,1,5,496,,36:55,1
2008-09,2554,Mickael Pietrus,Mickael,1610612753,ORL,Orlando Magic,0040800212,2009-05-06T00:00:00,ORL @ BOS,L,36.78333333333333,3,7,0.429,0,2,0.0,11,14,0.786,0,3,3,1,1,1,1,1,4,6,17,1,27.1,0,0,25.0,1,868,868,868,403,708,764,810,635,538,635,28,20,516,848,569,748,729,569,300,189,1168,1326,131,291,703,478,145,5,496,,36:47,1
2008-09,2397,Yao Ming,ao Ming,1610612745,HOU,Houston Rockets,0040800222,2009-05-06T00:00:00,HOU @ LAL,L,26.356666666666666,3,4,0.75,0,0,0.0,6,7,0.857,3,7,10,2,3,0,0,0,5,5,12,-29,24.0,1,0,24.0,1,868,868,868,804,708,1064,143,635,979,635,132,167,425,106,140,104,488,132,778,505,1,1564,197,532,1728,578,1,5,523,,26:21,1
2008-09,201175,Glen Davis,Glen,1610612738,BOS,Boston Celtics,0040800212,2009-05-06T00:00:00,BOS vs. ORL,W,26.45,4,5,0.8,0,0,0.0,5,6,0.833,1,4,5,1,1,2,0,0,3,4,13,19,25.5,0,0,23.0,1,1,1,1,800,552,946,123,635,979,635,182,202,442,423,403,442,729,569,89,505,1,1025,291,470,101,524,145,5,561,,26:27,1
2008-09,201166,Aaron Brooks,Aaron,1610612745,HOU,Houston Rockets,0040800222,2009-05-06T00:00:00,HOU @ LAL,L,43.056666666666665,5,15,0.333,3,9,0.333,0,0,0.0,0,2,2,2,2,0,1,2,1,0,13,-12,19.4,0,0,22.0,1,868,868,868,113,396,198,1037,59,23,422,930,991,930,848,788,973,488,289,778,189,1565,310,1205,470,1497,739,145,5,601,,43:03,1
2008-09,965,Derek Fisher,Derek,1610612747,LAL,Los Angeles Lakers,0040800222,2009-05-06T00:00:00,LAL vs. HOU,W,27.913333333333334,4,7,0.571,1,3,0.333,3,3,1.0,0,2,2,2,1,1,1,0,3,1,12,15,22.4,0,0,21.0,1,1,1,1,743,552,764,394,300,391,422,367,510,1,848,788,973,488,569,300,189,1,1025,835,532,174,635,145,5,634,,27:55,1
2008-09,2045,Hedo Turkoglu,Hedo,1610612753,ORL,Orlando Magic,0040800212,2009-05-06T00:00:00,ORL @ BOS,L,34.083333333333336,4,8,0.5,1,3,0.333,5,6,0.833,0,3,3,2,2,0,0,0,2,4,14,-26,18.6,0,0,20.0,1,868,868,868,499,552,660,492,300,391,422,182,202,442,848,569,748,488,289,778,505,1,667,291,416,1717,761,145,5,666,,34:05,1
2008-09,200755,JJ Redick,JJ,1610612753,ORL,Orlando Magic,0040800212,2009-05-06T00:00:00,ORL @ BOS,L,24.766666666666666,5,8,0.625,4,6,0.667,1,1,1.0,0,1,1,0,0,0,0,0,6,0,15,-11,16.2,0,0,20.0,1,868,868,868,854,396,660,290,24,97,116,748,920,1,848,1051,1206,1072,1046,778,505,1,1699,1205,367,1461,868,145,5,666,,24:46,1
2008-09,2243,Brian Scalabrine,Brian,1610612738,BOS,Boston Celtics,0040800212,2009-05-06T00:00:00,BOS vs. ORL,W,34.65,3,4,0.75,2,3,0.667,0,0,0.0,1,2,3,2,1,0,2,0,4,0,8,11,19.6,0,0,19.0,1,1,1,1,474,708,1064,143,139,391,116,930,991,930,423,788,748,488,569,778,71,1,1326,1205,776,260,732,145,5,709,,34:39,1
2008-09,2772,Trevor Ariza,Trevor,1610612747,LAL,Los Angeles Lakers,0040800222,2009-05-06T00:00:00,LAL vs. HOU,W,25.293333333333333,3,8,0.375,1,3,0.333,1,2,0.5,1,2,3,3,1,0,1,0,3,1,8,11,18.1,0,0,17.0,1,1,1,1,837,708,660,978,300,391,422,748,591,723,423,788,748,317,569,778,189,1,1025,835,776,260,780,145,5,789,,25:18,1
2008-09,2575,Luke Walton,Luke,1610612747,LAL,Los Angeles Lakers,0040800222,2009-05-06T00:00:00,LAL vs. HOU,W,19.933333333333334,2,7,0.286,0,2,0.0,2,2,1.0,0,1,1,5,0,2,0,0,2,2,6,6,20.7,0,0,16.0,1,1,1,1,1012,875,764,1183,635,538,635,481,591,1,848,1051,1206,142,1046,89,505,1,667,597,918,431,686,145,5,826,,19:56,1
2008-09,1747,Rafer Alston,Rafer,1610612753,ORL,Orlando Magic,0040800212,2009-05-06T00:00:00,ORL @ BOS,L,29.773333333333333,3,11,0.273,0,2,0.0,1,2,0.5,1,1,2,5,2,1,0,2,3,2,7,-15,17.9,0,0,16.0,1,868,868,868,683,708,430,1212,635,538,635,748,591,723,423,1051,973,142,289,300,505,1565,1025,597,853,1570,788,145,5,826,,29:46,1
2008-09,2449,Luis Scola,Luis,1610612745,HOU,Houston Rockets,0040800222,2009-05-06T00:00:00,HOU @ LAL,L,23.533333333333335,5,14,0.357,0,0,0.0,2,2,1.0,2,2,4,0,2,0,0,3,3,1,12,-20,14.8,0,0,16.0,1,868,868,868,898,396,245,1022,635,979,635,481,591,1,220,788,588,1072,289,778,505,1698,1025,835,532,1654,936,145,5,826,,23:32,1
2008-09,2203,Shane Battier,Shane,1610612745,HOU,Houston Rockets,0040800222,2009-05-06T00:00:00,HOU @ LAL,L,35.92333333333333,2,4,0.5,1,3,0.333,1,1,1.0,0,1,1,3,1,1,1,0,4,0,6,-20,16.7,0,0,15.0,1,868,868,868,432,875,1064,492,300,391,422,748,920,1,848,1051,1206,317,569,300,189,1,1326,1205,918,1654,842,145,5,864,,35:55,1
2008-09,1533,Anthony Johnson,Anthony,1610612753,ORL,Orlando Magic,0040800212,2009-05-06T00:00:00,ORL @ BOS,L,18.226666666666667,2,3,0.667,1,1,1.0,0,0,0.0,0,0,0,7,0,0,0,0,2,1,5,-3,15.5,0,0,13.0,1,868,868,868,1077,875,1176,194,300,730,1,930,991,930,848,1379,1447,63,1046,778,505,1,667,835,1003,1039,901,145,5,940,,18:14,1
2008-09,200769,Shannon Brown,Shannon,1610612747,LAL,Los Angeles Lakers,0040800222,2009-05-06T00:00:00,LAL vs. HOU,W,14.22,3,5,0.6,1,2,0.5,0,0,0.0,0,1,1,0,0,2,0,1,1,1,7,-3,14.2,0,0,13.0,1,1,1,1,1222,708,946,323,300,538,176,930,991,930,848,1051,1206,1072,1046,89,505,1168,310,835,853,1039,953,145,5,940,,14:13,1
2008-09,101236,Chuck Hayes,Chuck,1610612745,HOU,Houston Rockets,0040800222,2009-05-06T00:00:00,HOU @ LAL,L,20.593333333333334,1,2,0.5,0,0,0.0,0,0,0.0,1,4,5,1,0,2,0,0,4,0,2,15,15.5,0,0,12.0,1,868,868,868,989,1119,1295,492,635,979,635,930,991,930,423,403,442,729,1046,89,505,1,1326,1205,1253,174,901,145,5,1002,,20:36,1
2008-09,101144,Von Wafer,Von,1610612745,HOU,Houston Rockets,0040800222,2009-05-06T00:00:00,HOU @ LAL,L,9.383333333333333,3,4,0.75,1,1,1.0,0,0,0.0,0,2,2,0,1,0,0,0,3,0,7,4,8.4,0,0,10.0,1,868,868,868,1384,708,1064,143,300,730,1,930,991,930,848,788,973,1072,569,778,505,1,1025,1205,853,525,1200,145,5,1103,,9:23,1
2008-09,200770,Jordan Farmar,Jordan,1610612747,LAL,Los Angeles Lakers,0040800222,2009-05-06T00:00:00,LAL vs. HOU,W,17.733333333333334,2,7,0.286,1,2,0.5,0,0,0.0,0,0,0,1,0,1,0,0,0,1,5,-4,9.5,0,0,9.0,1,1,1,1,1091,875,764,1183,300,538,176,930,991,930,848,1379,1447,729,1046,300,505,1,1,835,1003,1113,1156,145,5,1144,,17:44,1
2008-09,2756,Sasha Vujacic,Sasha,1610612747,LAL,Los Angeles Lakers,0040800222,2009-05-06T00:00:00,LAL vs. HOU,W,9.85,2,3,0.667,0,1,0.0,0,0,0.0,0,1,1,0,1,1,0,0,3,2,4,-1,7.2,0,0,7.0,1,1,1,1,1371,875,1176,194,635,730,635,930,991,930,848,1051,1206,1072,569,300,505,1,1025,597,1077,871,1253,145,5,1230,,9:51,1
2008-09,1718,Paul Pierce,Paul,1610612738,BOS,Boston Celtics,0040800212,2009-05-06T00:00:00,BOS vs. ORL,W,15.7,1,4,0.25,1,2,0.5,0,0,0.0,0,2,2,1,0,0,0,0,4,1,3,12,6.9,0,0,7.0,1,1,1,1,1172,1119,1064,1224,300,538,176,930,991,930,848,788,973,729,1046,778,505,1,1326,835,1188,231,1265,145,5,1230,,15:42,1
2008-09,200768,Kyle Lowry,Kyle,1610612745,HOU,Houston Rockets,0040800222,2009-05-06T00:00:00,HOU @ LAL,L,22.2,0,7,0.0,0,3,0.0,0,0,0.0,1,1,2,3,3,1,0,1,1,1,0,1,6.9,0,0,7.0,1,868,868,868,930,1397,764,1397,635,391,635,930,991,930,423,1051,973,317,132,300,505,1168,310,835,1447,703,1265,145,5,1230,,22:12,1
2008-09,101115,Andrew Bynum,Andrew,1610612747,LAL,Los Angeles Lakers,0040800222,2009-05-06T00:00:00,LAL vs. HOU,W,8.65,0,2,0.0,0,0,0.0,0,0,0.0,1,0,1,1,0,1,1,0,3,0,0,-6,8.7,0,0,6.0,1,1,1,1,1404,1397,1295,1397,635,979,635,930,991,930,423,1379,1206,729,1046,300,189,1,1025,1205,1447,1235,1187,145,5,1274,,8:39,1
2008-09,1499,Tony Battie,Tony,1610612753,ORL,Orlando Magic,0040800212,2009-05-06T00:00:00,ORL @ BOS,L,9.7,2,3,0.667,0,0,0.0,1,2,0.5,1,0,1,0,0,0,0,0,1,1,5,4,6.2,0,0,6.0,1,868,868,868,1376,875,1176,194,635,979,635,748,591,723,423,1379,1206,1072,1046,778,505,1,310,835,1003,525,1296,145,5,1274,,9:42,1
2008-09,950,Stephon Marbury,Stephon,1610612738,BOS,Boston Celtics,0040800212,2009-05-06T00:00:00,BOS vs. ORL,W,17.166666666666668,1,7,0.143,0,1,0.0,0,0,0.0,0,0,0,3,0,0,0,0,1,1,2,-5,6.5,0,0,5.0,1,1,1,1,1115,1119,764,1379,635,730,635,930,991,930,848,1379,1447,317,1046,778,505,1,310,835,1253,1171,1282,145,5,1326,,17:10,1
2008-09,101162,Marcin Gortat,Marcin,1610612753,ORL,Orlando Magic,0040800212,2009-05-06T00:00:00,ORL @ BOS,L,6.183333333333334,1,1,1.0,0,0,0.0,0,0,0.0,1,1,2,0,0,0,0,0,1,0,2,-2,4.4,0,0,4.0,1,868,868,868,1481,1119,1432,1,635,979,635,930,991,930,423,1051,973,1072,1046,778,505,1,310,1205,1253,949,1403,145,5,1395,,6:11,1
2008-09,1630,Mikki Moore,Mikki,1610612738,BOS,Boston Celtics,0040800212,2009-05-06T00:00:00,BOS vs. ORL,W,1.6666666666666667,0,1,0.0,0,0,0.0,2,2,1.0,0,1,1,0,0,0,0,0,0,1,2,-2,3.2,0,0,3.0,1,1,1,1,1671,1397,1432,1397,635,979,635,481,591,1,848,1051,1206,1072,1046,778,505,1,1,835,1253,949,1452,145,5,1443,,1:40,1
2008-09,2567,Brian Cook,Brian,1610612745,HOU,Houston Rockets,0040800222,2009-05-06T00:00:00,HOU @ LAL,L,0.7266666666666667,0,1,0.0,0,1,0.0,0,0,0.0,0,0,0,0,0,0,0,0,0,0,0,0,0.0,0,0,0.0,1,868,868,868,1710,1397,1432,1397,635,730,635,930,991,930,848,1379,1447,1072,1046,778,505,1,1,1205,1447,769,1610,145,5,1611,,0:44,1
2008-09,200778,James White,James,1610612745,HOU,Houston Rockets,0040800222,2009-05-06T00:00:00,HOU @ LAL,L,0.7266666666666667,0,0,0.0,0,0,0.0,0,0,0.0,0,0,0,0,0,0,0,0,0,0,0,0,0.0,0,0,0.0,1,868,868,868,1710,1397,1595,1397,635,979,635,930,991,930,848,1379,1447,1072,1046,778,505,1,1,1205,1447,769,1610,145,5,1611,,0:44,1
2008-09,201172,Gabe Pruitt,Gabe,1610612738,BOS,Boston Celtics,0040800212,2009-05-06T00:00:00,BOS vs. ORL,W,1.6666666666666667,0,0,0.0,0,0,0.0,0,0,0.0,0,0,0,0,0,0,0,0,0,0,0,-2,0.0,0,0,0.0,1,1,1,1,1671,1397,1595,1397,635,979,635,930,991,930,848,1379,1447,1072,1046,778,505,1,1,1205,1447,949,1610,145,5,1611,,1:40,1
2008-09,201611,Henry Walker,Henry,1610612738,BOS,Boston Celtics,0040800212,2009-05-06T00:00:00,BOS vs. ORL,W,1.6666666666666667,0,1,0.0,0,0,0.0,0,0,0.0,0,0,0,0,0,0,0,0,1,0,0,-2,0.0,0,0,0.0,1,1,1,1,1671,1397,1432,1397,635,979,635,930,991,930,848,1379,1447,1072,1046,778,505,1,310,1205,1447,949,1610,145,5,1611,,1:40,1
2008-09,2754,Tony Allen,Tony,1610612738,BOS,Boston Celtics,0040800212,2009-05-06T00:00:00,BOS vs. ORL,W,1.815,0,0,0.0,0,0,0.0,0,0,0.0,0,0,0,0,0,0,0,0,0,0,0,-4,0.0,0,0,0.0,1,1,1,1,1669,1397,1595,1397,635,979,635,930,991,930,848,1379,1447,1072,1046,778,505,1,1,1205,1447,1113,1610,145,5,1611,,1:49,1
2008-09,200978,Jeremy Richardson,Jeremy,1610612753,ORL,Orlando Magic,0040800212,2009-05-06T00:00:00,ORL @ BOS,L,2.433333333333333,0,1,0.0,0,0,0.0,0,0,0.0,0,0,0,0,1,0,0,0,0,0,0,1,-1.0,0,0,0.0,1,868,868,868,1647,1397,1432,1397,635,979,635,930,991,930,848,1379,1447,1072,569,778,505,1,1,1205,1447,703,1728,145,5,1611,,2:26,1
2008-09,2694,Josh Powell,Josh,1610612747,LAL,Los Angeles Lakers,0040800222,2009-05-06T00:00:00,LAL vs. HOU,W,3.34,0,0,0.0,0,0,0.0,0,0,0.0,0,0,0,0,1,0,0,0,1,0,0,-6,-1.0,0,0,0.0,1,1,1,1,1599,1397,1595,1397,635,979,635,930,991,930,848,1379,1447,1072,569,778,505,1,310,1205,1447,1235,1728,145,5,1611,,3:20,1
2008-09,2544,LeBron James,LeBron,1610612739,CLE,Cleveland Cavaliers,0040800201,2009-05-05T00:00:00,CLE vs. ATL,W,34.31666666666667,12,20,0.6,2,6,0.333,8,9,0.889,3,7,10,3,3,4,0,0,0,8,34,13,59.5,1,0,57.0,1,1,1,1,494,25,72,323,139,97,422,68,86,397,106,140,104,317,132,9,505,1,1,56,31,203,26,1,5,17,,34:19,1
2008-09,1717,Dirk Nowitzki,Dirk,1610612742,DAL,Dallas Mavericks,0040800232,2009-05-05T00:00:00,DAL @ DEN,L,39.81333333333333,11,20,0.55,1,2,0.5,12,13,0.923,1,8,9,4,3,0,0,0,2,9,35,-3,48.8,0,0,49.0,1,868,868,868,268,42,72,444,300,538,176,15,29,385,423,90,149,208,132,778,505,1,667,30,26,1039,88,145,5,63,,39:49,1
2008-09,2546,Carmelo Anthony,Carmelo,1610612743,DEN,Denver Nuggets,0040800232,2009-05-05T00:00:00,DEN vs. DAL,W,42.18333333333333,8,21,0.381,1,8,0.125,8,9,0.889,1,4,5,5,1,1,1,1,4,8,25,12,43.5,0,0,40.0,1,1,1,1,141,143,55,975,300,38,629,68,86,397,423,403,442,142,569,300,189,1168,1326,56,108,231,133,145,5,142,,42:11,1
2008-09,1710,Mike Bibby,Mike,1610612737,ATL,Atlanta Hawks,0040800201,2009-05-05T00:00:00,ATL @ CLE,L,35.266666666666666,7,10,0.7,5,7,0.714,0,0,0.0,0,4,4,8,3,2,0,0,3,1,19,-12,38.8,0,0,40.0,1,868,868,868,452,199,492,182,12,57,113,930,991,930,848,403,588,38,132,89,505,1,1025,835,236,1497,203,145,5,142,,35:16,1
2008-09,1497,Chauncey Billups,Chauncey,1610612743,DEN,Denver Nuggets,0040800232,2009-05-05T00:00:00,DEN vs. DAL,W,38.65,5,12,0.417,4,9,0.444,4,4,1.0,0,3,3,8,2,3,0,0,1,3,18,10,40.6,0,0,39.0,1,1,1,1,324,396,364,841,24,23,354,259,355,1,848,569,748,38,289,31,505,1,310,409,265,293,175,145,5,157,,38:39,1
2008-09,2403,Nene,ene,1610612743,DEN,Denver Nuggets,0040800232,2009-05-05T00:00:00,DEN vs. DAL,W,34.325,8,12,0.667,0,0,0.0,9,13,0.692,3,5,8,0,1,0,1,0,2,9,25,6,36.6,0,0,35.0,1,1,1,1,493,143,364,194,635,979,635,52,29,609,106,281,198,1072,569,778,189,1,667,30,108,431,252,145,5,234,,34:20,1
2008-09,2747,JR Smith,JR,1610612743,DEN,Denver Nuggets,0040800232,2009-05-05T00:00:00,DEN vs. DAL,W,24.8,6,10,0.6,3,7,0.429,6,7,0.857,0,2,2,3,0,2,0,0,2,4,21,27,33.9,0,0,33.0,1,1,1,1,852,285,492,323,59,57,361,132,167,425,848,788,973,317,1046,89,505,1,667,291,183,30,317,145,5,282,,24:48,1
2008-09,1891,Jason Terry,Jason,1610612742,DAL,Dallas Mavericks,0040800232,2009-05-05T00:00:00,DAL @ DEN,L,38.68333333333333,7,18,0.389,3,8,0.375,4,6,0.667,2,1,3,6,2,0,0,0,1,3,21,-21,31.6,0,0,33.0,1,868,868,868,320,199,108,949,59,38,418,259,202,612,220,1051,748,100,289,778,505,1,310,409,183,1678,375,145,5,282,,38:41,1
2008-09,2746,Josh Smith,Josh,1610612737,ATL,Atlanta Hawks,0040800201,2009-05-05T00:00:00,ATL @ CLE,L,40.53333333333333,8,15,0.533,0,0,0.0,6,10,0.6,1,5,6,2,2,0,1,1,2,7,22,-15,33.2,0,0,32.0,1,868,868,868,232,143,198,468,635,979,635,132,68,694,423,281,351,488,289,778,189,1168,667,81,165,1570,331,145,5,310,,40:32,1
2008-09,2753,Delonte West,Delonte,1610612739,CLE,Cleveland Cavaliers,0040800201,2009-05-05T00:00:00,CLE vs. ATL,W,39.0,5,11,0.455,1,2,0.5,2,2,1.0,1,3,4,9,2,2,0,0,0,3,13,20,35.3,0,0,31.0,1,1,1,1,301,396,430,744,300,538,176,481,591,1,423,569,588,25,289,89,505,1,1,409,470,83,293,145,5,328,,39:00,1
2008-09,2590,Mo Williams,Mo,1610612739,CLE,Cleveland Cavaliers,0040800201,2009-05-05T00:00:00,CLE vs. ATL,W,37.18333333333333,7,12,0.583,4,8,0.5,3,4,0.75,0,0,0,1,0,1,0,0,2,2,21,20,25.5,0,0,28.0,1,1,1,1,388,199,364,378,24,38,176,367,355,532,848,1379,1447,729,1046,300,505,1,667,597,183,83,524,145,5,407,,37:11,1
2008-09,2030,Kenyon Martin,Kenyon,1610612743,DEN,Denver Nuggets,0040800232,2009-05-05T00:00:00,DEN vs. DAL,W,28.666666666666668,4,7,0.571,0,0,0.0,4,5,0.8,1,6,7,4,3,1,0,0,4,3,12,0,26.4,0,0,25.0,1,1,1,1,717,552,764,394,635,979,635,259,294,487,423,203,272,208,132,300,505,1,1326,409,532,769,500,145,5,496,,28:40,1
2008-09,2207,Joe Johnson,Joe,1610612737,ATL,Atlanta Hawks,0040800201,2009-05-05T00:00:00,ATL @ CLE,L,39.13333333333333,5,10,0.5,1,3,0.333,0,0,0.0,0,4,4,6,5,1,0,0,2,0,11,-18,22.8,0,0,24.0,1,868,868,868,293,396,492,492,300,391,422,930,991,930,848,403,588,100,21,300,505,1,667,1205,612,1630,624,145,5,523,,39:08,1
2008-09,467,Jason Kidd,Jason,1610612742,DAL,Dallas Mavericks,0040800232,2009-05-05T00:00:00,DAL @ DEN,L,37.63333333333333,1,6,0.167,1,5,0.2,1,2,0.5,0,6,6,7,2,2,0,0,3,1,4,-9,25.7,0,0,22.0,1,868,868,868,373,1119,846,1352,300,159,578,748,591,723,848,203,351,63,289,89,505,1,1025,835,1077,1389,516,145,5,601,,37:38,1
2008-09,2365,Chris Andersen,Chris,1610612743,DEN,Denver Nuggets,0040800232,2009-05-05T00:00:00,DEN vs. DAL,W,25.3,4,5,0.8,0,0,0.0,0,0,0.0,5,4,9,2,1,1,0,0,4,0,8,24,23.8,0,0,21.0,1,1,1,1,836,552,946,123,635,979,635,930,991,930,22,403,149,488,569,300,505,1,1326,1205,776,50,591,145,5,634,,25:18,1
2008-09,2760,Anderson Varejao,Anderson,1610612739,CLE,Cleveland Cavaliers,0040800201,2009-05-05T00:00:00,CLE vs. ATL,W,26.596666666666668,2,8,0.25,0,0,0.0,0,0,0.0,5,4,9,0,0,2,1,0,4,0,4,12,23.8,0,0,19.0,1,1,1,1,794,875,660,1224,635,979,635,930,991,930,22,403,149,1072,1046,89,189,1,1326,1205,1077,231,591,145,5,709,,26:36,1
2008-09,101120,Antoine Wright,Antoine,1610612742,DAL,Dallas Mavericks,0040800232,2009-05-05T00:00:00,DAL @ DEN,L,30.216666666666665,3,5,0.6,1,3,0.333,3,4,0.75,1,2,3,1,0,1,1,0,4,2,10,-1,21.1,0,0,19.0,1,868,868,868,662,708,946,323,300,391,422,367,355,532,423,788,748,729,1046,300,189,1,1326,597,663,871,674,145,5,709,,30:13,1
2008-09,201143,Al Horford,Al,1610612737,ATL,Atlanta Hawks,0040800201,2009-05-05T00:00:00,ATL @ CLE,L,25.55,2,4,0.5,0,0,0.0,0,0,0.0,3,5,8,2,0,1,0,0,1,0,4,-18,19.6,0,0,16.0,1,868,868,868,831,875,1064,492,635,979,635,930,991,930,106,281,198,488,1046,300,505,1,310,1205,1077,1630,732,145,5,826,,25:33,1
2008-09,1853,Anthony Carter,Anthony,1610612743,DEN,Denver Nuggets,0040800232,2009-05-05T00:00:00,DEN vs. DAL,W,20.2,2,4,0.5,0,1,0.0,0,0,0.0,2,2,4,4,0,0,0,0,1,0,4,5,14.8,0,0,12.0,1,1,1,1,1005,875,1064,492,635,730,635,930,991,930,220,788,588,208,1046,778,505,1,310,1205,1077,477,936,145,5,1002,,20:12,1
2008-09,2562,Sasha Pavlovic,Sasha,1610612739,CLE,Cleveland Cavaliers,0040800201,2009-05-05T00:00:00,CLE vs. ATL,W,12.12,3,5,0.6,0,0,0.0,1,2,0.5,1,2,3,0,0,1,0,1,0,1,7,11,13.6,0,0,12.0,1,1,1,1,1299,708,946,323,635,979,635,748,591,723,423,788,748,1072,1046,300,505,1168,1,835,853,260,986,145,5,1002,,12:07,1
2008-09,200797,Ryan Hollins,Ryan,1610612742,DAL,Dallas Mavericks,0040800232,2009-05-05T00:00:00,DAL @ DEN,L,14.118333333333334,4,4,1.0,0,0,0.0,0,0,0.0,1,3,4,0,0,0,0,0,5,1,8,-4,12.8,0,0,12.0,1,868,868,868,1225,552,1064,1,635,979,635,930,991,930,423,569,588,1072,1046,778,505,1,1564,835,776,1113,1015,145,5,1002,,14:07,1
2008-09,980,Zydrunas Ilgauskas,Zydrunas,1610612739,CLE,Cleveland Cavaliers,0040800201,2009-05-05T00:00:00,CLE vs. ATL,W,26.95,2,9,0.222,0,1,0.0,3,5,0.6,3,0,3,0,1,1,0,0,2,3,7,4,12.6,0,0,12.0,1,1,1,1,781,875,571,1293,635,730,635,367,294,694,106,1379,748,1072,569,300,505,1,667,409,853,525,1019,145,5,1002,,26:57,1
2008-09,200826,J.J. Barea,J.J.,1610612742,DAL,Dallas Mavericks,0040800232,2009-05-05T00:00:00,DAL @ DEN,L,19.783333333333335,2,5,0.4,0,1,0.0,1,2,0.5,1,2,3,3,1,0,0,1,1,2,5,-18,12.1,0,0,11.0,1,868,868,868,1019,875,946,867,635,730,635,748,591,723,423,788,748,317,569,778,505,1168,310,597,1003,1630,1049,145,5,1061,,19:47,1
2008-09,1887,Wally Szczerbiak,Wally,1610612739,CLE,Cleveland Cavaliers,0040800201,2009-05-05T00:00:00,CLE vs. ATL,W,11.533333333333333,2,4,0.5,1,2,0.5,0,0,0.0,0,3,3,2,0,0,0,0,1,1,5,12,11.6,0,0,11.0,1,1,1,1,1325,875,1064,492,300,538,176,930,991,930,848,569,748,488,1046,778,505,1,310,835,1003,231,1074,145,5,1061,,11:32,1
2008-09,101138,Brandon Bass,Brandon,1610612742,DAL,Dallas Mavericks,0040800232,2009-05-05T00:00:00,DAL @ DEN,L,16.348333333333333,4,6,0.667,0,0,0.0,0,0,0.0,1,1,2,0,0,0,0,1,3,0,8,-6,10.4,0,0,10.0,1,868,868,868,1150,552,846,194,635,979,635,930,991,930,423,1051,973,1072,1046,778,505,1168,1025,1205,776,1235,1127,145,5,1103,,16:21,1
2008-09,2230,Maurice Evans,Maurice,1610612737,ATL,Atlanta Hawks,0040800201,2009-05-05T00:00:00,ATL @ CLE,L,21.333333333333332,2,6,0.333,1,2,0.5,1,2,0.5,0,0,0,0,0,0,1,0,3,1,6,-10,9.0,0,0,9.0,1,868,868,868,967,875,846,1037,300,538,176,748,591,723,848,1379,1447,1072,1046,778,189,1,1025,835,918,1433,1177,145,5,1144,,21:20,1
2008-09,2585,Zaza Pachulia,Zaza,1610612737,ATL,Atlanta Hawks,0040800201,2009-05-05T00:00:00,ATL @ CLE,L,21.383333333333333,2,5,0.4,0,0,0.0,0,0,0.0,1,4,5,0,2,0,0,1,5,1,4,-11,8.0,0,0,9.0,1,868,868,868,965,875,946,867,635,979,635,930,991,930,423,403,442,1072,289,778,505,1168,1564,835,1077,1461,1224,145,5,1144,,21:23,1
2008-09,2563,Dahntay Jones,Dahntay,1610612743,DEN,Denver Nuggets,0040800232,2009-05-05T00:00:00,DEN vs. DAL,W,15.066666666666666,0,3,0.0,0,1,0.0,0,2,0.0,0,3,3,1,1,1,1,0,2,1,0,-12,10.1,0,0,8.0,1,1,1,1,1196,1397,1176,1397,635,730,635,930,591,930,848,569,748,729,569,300,189,1,667,835,1447,1497,1139,145,5,1186,,15:04,1
2008-09,101123,Gerald Green,Gerald,1610612742,DAL,Dallas Mavericks,0040800232,2009-05-05T00:00:00,DAL @ DEN,L,1.95,1,2,0.5,1,2,0.5,2,2,1.0,0,0,0,0,0,1,0,0,0,1,5,5,8.0,0,0,8.0,1,868,868,868,1660,1119,1295,492,300,538,176,481,591,1,848,1379,1447,1072,1046,300,505,1,1,835,1003,477,1224,145,5,1186,,1:57,1
2008-09,956,Erick Dampier,Erick,1610612742,DAL,Dallas Mavericks,0040800232,2009-05-05T00:00:00,DAL @ DEN,L,19.466666666666665,2,4,0.5,0,0,0.0,0,1,0.0,2,2,4,0,1,0,0,0,5,1,4,-5,7.8,0,0,8.0,1,868,868,868,1028,875,1064,492,635,979,635,930,920,930,220,788,588,1072,569,778,505,1,1564,835,1077,1171,1230,145,5,1186,,19:28,1
2008-09,101189,James Singleton,James,1610612742,DAL,Dallas Mavericks,0040800232,2009-05-05T00:00:00,DAL @ DEN,L,13.686666666666667,2,5,0.4,1,2,0.5,0,0,0.0,0,2,2,0,1,0,0,0,2,0,5,-9,6.4,0,0,8.0,1,868,868,868,1246,875,946,867,300,538,176,930,991,930,848,788,973,1072,569,778,505,1,667,1205,1003,1389,1284,145,5,1186,,13:41,1
2008-09,2436,Flip Murray,Flip,1610612737,ATL,Atlanta Hawks,0040800201,2009-05-05T00:00:00,ATL @ CLE,L,31.683333333333334,2,9,0.222,0,6,0.0,1,2,0.5,0,2,2,1,3,0,0,0,2,4,5,-22,5.9,0,0,8.0,1,868,868,868,604,875,571,1293,635,97,635,748,591,723,848,788,973,729,132,778,505,1,667,291,1003,1690,1322,145,5,1186,,31:41,1
2008-09,1112,Ben Wallace,Ben,1610612739,CLE,Cleveland Cavaliers,0040800201,2009-05-05T00:00:00,CLE vs. ATL,W,15.37,1,1,1.0,0,0,0.0,0,0,0.0,1,2,3,0,0,1,0,0,1,2,2,12,8.6,0,0,7.0,1,1,1,1,1184,1119,1432,1,635,979,635,930,991,930,423,788,748,1072,1046,300,505,1,310,597,1253,231,1190,145,5,1230,,15:22,1
2008-09,200789,Daniel Gibson,Daniel,1610612739,CLE,Cleveland Cavaliers,0040800201,2009-05-05T00:00:00,CLE vs. ATL,W,9.966666666666667,2,3,0.667,0,1,0.0,0,0,0.0,0,3,3,0,1,0,0,0,1,0,4,5,6.6,0,0,7.0,1,1,1,1,1367,875,1176,194,635,730,635,930,991,930,848,569,748,1072,569,778,505,1,310,1205,1077,477,1273,145,5,1230,,9:58,1
2008-09,101132,Linas Kleiza,Linas,1610612743,DEN,Denver Nuggets,0040800232,2009-05-05T00:00:00,DEN vs. DAL,W,6.158333333333333,2,4,0.5,0,2,0.0,0,0,0.0,0,1,1,0,0,0,0,0,0,0,4,-3,5.2,0,0,5.0,1,1,1,1,1483,875,1064,492,635,538,635,930,991,930,848,1051,1206,1072,1046,778,505,1,1,1205,1077,1039,1356,145,5,1326,,6:10,1
2008-09,101107,Marvin Williams,Marvin,1610612737,ATL,Atlanta Hawks,0040800201,2009-05-05T00:00:00,ATL @ CLE,L,12.866666666666667,0,2,0.0,0,0,0.0,1,2,0.5,1,1,2,0,2,1,0,0,3,1,1,-16,4.4,0,0,5.0,1,868,868,868,1275,1397,1295,1397,635,979,635,748,591,723,423,1051,973,1072,289,300,505,1,1025,835,1430,1591,1403,145,5,1326,,12:52,1
2008-09,693,Joe Smith,Joe,1610612739,CLE,Cleveland Cavaliers,0040800201,2009-05-05T00:00:00,CLE vs. ATL,W,20.39666666666667,0,4,0.0,0,0,0.0,0,2,0.0,1,1,2,0,0,0,1,1,3,1,0,20,5.4,0,0,4.0,1,1,1,1,1000,1397,1064,1397,635,979,635,930,591,930,423,1051,973,1072,1046,778,189,1168,1025,835,1447,83,1344,145,5,1395,,20:24,1
2008-09,2572,Josh Howard,Josh,1610612742,DAL,Dallas Mavericks,0040800232,2009-05-05T00:00:00,DAL @ DEN,L,6.35,0,3,0.0,0,0,0.0,0,0,0.0,0,1,1,2,1,0,0,1,2,0,0,6,3.2,0,0,3.0,1,868,868,868,1470,1397,1176,1397,635,979,635,930,991,930,848,1051,1206,488,569,778,505,1168,667,1205,1447,431,1452,145,5,1443,,6:21,1
2008-09,201616,Darnell Jackson,Darnell,1610612739,CLE,Cleveland Cavaliers,0040800201,2009-05-05T00:00:00,CLE vs. ATL,W,3.283333333333333,0,1,0.0,0,0,0.0,0,0,0.0,0,1,1,1,0,0,0,0,2,0,0,3,2.7,0,0,2.0,1,1,1,1,1602,1397,1432,1397,635,979,635,930,991,930,848,1051,1206,729,1046,778,505,1,667,1205,1447,588,1498,145,5,1494,,3:17,1
2008-09,201238,Mario West,Mario,1610612737,ATL,Atlanta Hawks,0040800201,2009-05-05T00:00:00,ATL @ CLE,L,3.283333333333333,0,2,0.0,0,0,0.0,0,2,0.0,0,2,2,0,0,0,0,0,0,1,0,-3,2.4,0,0,2.0,1,868,868,868,1602,1397,1295,1397,635,979,635,930,591,930,848,788,973,1072,1046,778,505,1,1,835,1447,1039,1511,145,5,1494,,3:17,1
2008-09,200814,Tarence Kinsey,Tarence,1610612739,CLE,Cleveland Cavaliers,0040800201,2009-05-05T00:00:00,CLE vs. ATL,W,3.283333333333333,1,1,1.0,0,0,0.0,0,0,0.0,0,0,0,0,0,0,0,0,0,0,2,3,2.0,0,0,2.0,1,1,1,1,1602,1119,1432,1,635,979,635,930,991,930,848,1379,1447,1072,1046,778,505,1,1,1205,1253,588,1526,145,5,1494,,3:17,1
2008-09,2078,Jason Hart,Jason,1610612743,DEN,Denver Nuggets,0040800232,2009-05-05T00:00:00,DEN vs. DAL,W,1.55,0,0,0.0,0,0,0.0,0,0,0.0,0,0,0,1,0,0,0,0,0,0,0,-3,1.5,0,0,1.0,1,1,1,1,1682,1397,1595,1397,635,979,635,930,991,930,848,1379,1447,729,1046,778,505,1,1,1205,1447,1039,1550,145,5,1565,,1:33,1
2008-09,2679,Matt Carroll,Matt,1610612742,DAL,Dallas Mavericks,0040800232,2009-05-05T00:00:00,DAL @ DEN,L,1.95,0,0,0.0,0,0,0.0,0,0,0.0,0,0,0,0,0,0,0,0,0,0,0,5,0.0,0,0,0.0,1,868,868,868,1660,1397,1595,1397,635,979,635,930,991,930,848,1379,1447,1072,1046,778,505,1,1,1205,1447,477,1610,145,5,1611,,1:57,1
2008-09,101130,Johan Petro,Johan,1610612743,DEN,Denver Nuggets,0040800232,2009-05-05T00:00:00,DEN vs. DAL,W,1.55,0,0,0.0,0,0,0.0,0,0,0.0,0,0,0,0,0,0,0,0,0,0,0,-3,0.0,0,0,0.0,1,1,1,1,1682,1397,1595,1397,635,979,635,930,991,930,848,1379,1447,1072,1046,778,505,1,1,1205,1447,1039,1610,145,5,1611,,1:33,1
2008-09,200764,Renaldo Balkman,Renaldo,1610612743,DEN,Denver Nuggets,0040800232,2009-05-05T00:00:00,DEN vs. DAL,W,1.55,0,0,0.0,0,0,0.0,0,0,0.0,0,0,0,0,0,0,0,0,0,0,0,-3,0.0,0,0,0.0,1,1,1,1,1682,1397,1595,1397,635,979,635,930,991,930,848,1379,1447,1072,1046,778,505,1,1,1205,1447,1039,1610,145,5,1611,,1:33,1
2008-09,201151,Acie Law,Acie,1610612737,ATL,Atlanta Hawks,0040800201,2009-05-05T00:00:00,ATL @ CLE,L,4.483333333333333,0,1,0.0,0,0,0.0,0,0,0.0,0,0,0,0,0,0,0,0,0,0,0,-5,0.0,0,0,0.0,1,868,868,868,1536,1397,1432,1397,635,979,635,930,991,930,848,1379,1447,1072,1046,778,505,1,1,1205,1447,1171,1610,145,5,1611,,4:29,1
2008-09,200780,Solomon Jones,Solomon,1610612737,ATL,Atlanta Hawks,0040800201,2009-05-05T00:00:00,ATL @ CLE,L,4.483333333333333,0,0,0.0,0,0,0.0,0,0,0.0,0,0,0,0,0,0,0,0,0,0,0,-5,0.0,0,0,0.0,1,868,868,868,1536,1397,1595,1397,635,979,635,930,991,930,848,1379,1447,1072,1046,778,505,1,1,1205,1447,1171,1610,145,5,1611,,4:29,1
2008-09,2730,Dwight Howard,Dwight,1610612753,ORL,Orlando Magic,0040800211,2009-05-04T00:00:00,ORL @ BOS,W,43.36666666666667,6,12,0.5,0,0,0.0,4,5,0.8,4,18,22,3,1,1,3,4,3,6,16,-2,57.9,1,0,49.0,1,1,1,1,101,285,364,492,635,979,635,259,294,487,56,1,2,317,569,300,30,1731,1025,131,334,949,36,1,5,63,,43:22,1
2008-09,977,Kobe Bryant,Kobe,1610612747,LAL,Los Angeles Lakers,0040800221,2009-05-04T00:00:00,LAL vs. HOU,L,43.95,14,31,0.452,1,7,0.143,3,5,0.6,0,8,8,4,2,2,0,1,3,3,32,-6,51.6,0,0,49.0,1,868,868,868,77,11,3,766,300,57,624,367,294,694,848,90,198,208,289,89,505,1168,1025,409,41,1235,71,145,5,63,,43:57,1
2008-09,2397,Yao Ming,ao Ming,1610612745,HOU,Houston Rockets,0040800221,2009-05-04T00:00:00,HOU @ LAL,W,40.395,9,17,0.529,0,0,0.0,10,10,1.0,1,9,10,0,2,1,2,0,4,7,28,5,47.0,1,0,44.0,1,1,1,1,237,97,130,475,635,979,635,39,68,1,423,68,104,1072,289,300,71,1,1326,81,74,477,105,1,5,99,,40:24,1
2008-09,2200,Pau Gasol,Pau,1610612747,LAL,Los Angeles Lakers,0040800221,2009-05-04T00:00:00,LAL vs. HOU,L,44.23166666666667,6,14,0.429,0,0,0.0,2,2,1.0,5,8,13,4,4,3,1,1,4,3,14,-7,43.6,1,0,39.0,1,868,868,868,71,285,245,810,635,979,635,481,591,1,22,90,51,208,53,31,189,1168,1326,409,416,1305,131,1,5,157,,44:14,1
2008-09,200765,Rajon Rondo,Rajon,1610612738,BOS,Boston Celtics,0040800211,2009-05-04T00:00:00,BOS vs. ORL,L,39.28333333333333,2,12,0.167,0,2,0.0,10,12,0.833,3,7,10,8,7,3,0,0,3,6,14,0,40.0,1,0,38.0,1,868,868,868,291,875,364,1352,635,538,635,39,43,442,106,140,104,38,4,31,505,1,1025,131,416,769,187,1,5,169,,39:17,1
2008-09,1718,Paul Pierce,Paul,1610612738,BOS,Boston Celtics,0040800211,2009-05-04T00:00:00,BOS vs. ORL,L,38.68333333333333,7,18,0.389,3,6,0.5,6,8,0.75,0,5,5,2,2,2,0,1,3,5,23,9,36.0,0,0,37.0,1,868,868,868,320,199,108,949,59,97,176,132,118,532,848,281,442,488,289,89,505,1168,1025,197,146,328,275,145,5,187,,38:41,1
2008-09,1740,Rashard Lewis,Rashard,1610612753,ORL,Orlando Magic,0040800211,2009-05-04T00:00:00,ORL @ BOS,W,41.03333333333333,8,18,0.444,1,5,0.2,1,2,0.5,1,6,7,2,2,3,1,0,1,4,18,14,39.4,0,0,36.0,1,1,1,1,204,143,108,770,300,159,578,748,591,723,423,203,272,488,289,31,189,1,310,291,265,192,196,145,5,206,,41:02,1
2008-09,1897,Metta World Peace,Metta,1610612745,HOU,Houston Rockets,0040800221,2009-05-04T00:00:00,HOU @ LAL,W,40.085,8,15,0.533,3,6,0.5,2,3,0.667,1,2,3,7,2,1,0,0,2,2,21,19,36.1,0,0,36.0,1,1,1,1,250,143,198,468,59,97,176,481,510,612,423,788,748,63,289,300,505,1,667,597,183,101,271,145,5,206,,40:05,1
2008-09,2570,Kendrick Perkins,Kendrick,1610612738,BOS,Boston Celtics,0040800211,2009-05-04T00:00:00,BOS vs. ORL,L,36.123333333333335,3,9,0.333,0,0,0.0,0,0,0.0,5,11,16,3,1,0,3,1,3,0,6,-14,37.7,0,0,31.0,1,868,868,868,423,708,571,1037,635,979,635,930,991,930,22,35,16,317,569,778,30,1168,1025,1205,918,1552,222,145,5,328,,36:07,1
2008-09,2554,Mickael Pietrus,Mickael,1610612753,ORL,Orlando Magic,0040800211,2009-05-04T00:00:00,ORL @ BOS,W,31.515,7,13,0.538,3,7,0.429,0,0,0.0,1,2,3,0,2,2,2,0,5,1,17,2,30.6,0,0,31.0,1,1,1,1,614,199,297,460,59,57,361,930,991,930,423,788,748,1072,289,89,71,1,1564,835,291,653,403,145,5,328,,31:31,1
2008-09,2045,Hedo Turkoglu,Hedo,1610612753,ORL,Orlando Magic,0040800211,2009-05-04T00:00:00,ORL @ BOS,W,42.25,6,16,0.375,2,4,0.5,1,4,0.25,1,2,3,5,2,1,0,0,1,4,15,6,27.1,0,0,27.0,1,1,1,1,138,285,167,978,139,253,176,748,355,918,423,788,748,142,289,300,505,1,310,291,367,431,478,145,5,435,,42:15,1
2008-09,201166,Aaron Brooks,Aaron,1610612745,HOU,Houston Rockets,0040800221,2009-05-04T00:00:00,HOU @ LAL,W,36.15,7,14,0.5,1,5,0.2,4,6,0.667,0,2,2,2,3,0,1,1,0,4,19,11,24.4,0,0,26.0,1,1,1,1,422,199,245,492,300,159,578,259,202,612,848,788,973,488,132,778,189,1168,1,291,236,260,562,145,5,463,,36:09,1
2008-09,2449,Luis Scola,Luis,1610612745,HOU,Houston Rockets,0040800221,2009-05-04T00:00:00,HOU @ LAL,W,34.485,4,9,0.444,0,0,0.0,2,2,1.0,1,7,8,3,1,2,0,1,2,4,10,12,29.1,0,0,25.0,1,1,1,1,487,552,571,770,635,979,635,481,591,1,423,140,198,317,569,89,505,1168,667,291,663,231,429,145,5,496,,34:29,1
2008-09,1885,Lamar Odom,Lamar,1610612747,LAL,Los Angeles Lakers,0040800221,2009-05-04T00:00:00,LAL vs. HOU,L,31.433333333333334,4,8,0.5,0,0,0.0,1,6,0.167,4,1,5,3,1,1,2,0,5,3,9,0,27.5,0,0,23.0,1,868,868,868,616,552,660,492,635,979,635,748,202,929,56,1051,442,317,569,300,71,1,1564,409,726,769,468,145,5,561,,31:26,1
2008-09,1747,Rafer Alston,Rafer,1610612753,ORL,Orlando Magic,0040800211,2009-05-04T00:00:00,ORL @ BOS,W,36.65,3,11,0.273,0,4,0.0,2,2,1.0,0,3,3,7,4,2,0,0,4,2,8,9,24.1,0,0,22.0,1,1,1,1,408,708,430,1212,635,253,635,481,591,1,848,569,748,63,53,89,505,1,1326,597,776,328,574,145,5,601,,36:39,1
2008-09,201175,Glen Davis,Glen,1610612738,BOS,Boston Celtics,0040800211,2009-05-04T00:00:00,BOS vs. ORL,L,32.625,6,10,0.6,0,0,0.0,0,0,0.0,0,5,5,1,2,1,1,0,6,2,12,-15,23.5,0,0,22.0,1,868,868,868,560,285,492,323,635,979,635,930,991,930,848,281,442,729,289,300,189,1,1699,597,532,1570,602,145,5,601,,32:38,1
2008-09,2772,Trevor Ariza,Trevor,1610612747,LAL,Los Angeles Lakers,0040800221,2009-05-04T00:00:00,LAL vs. HOU,L,38.275,4,8,0.5,0,4,0.0,2,2,1.0,0,4,4,1,2,2,1,0,2,1,10,-10,23.3,0,0,21.0,1,868,868,868,341,552,660,492,635,253,635,481,591,1,848,403,588,729,289,89,189,1,667,835,663,1433,608,145,5,634,,38:17,1
2008-09,2243,Brian Scalabrine,Brian,1610612738,BOS,Boston Celtics,0040800211,2009-05-04T00:00:00,BOS vs. ORL,L,26.566666666666666,3,5,0.6,2,3,0.667,2,2,1.0,1,3,4,1,1,1,0,0,3,1,10,22,18.3,0,0,19.0,1,868,868,868,796,708,946,323,139,391,116,481,591,1,423,569,588,729,569,300,505,1,1025,835,663,61,772,145,5,709,,26:34,1
2008-09,951,Ray Allen,Ray,1610612738,BOS,Boston Celtics,0040800211,2009-05-04T00:00:00,BOS vs. ORL,L,40.416666666666664,2,12,0.167,1,7,0.143,4,4,1.0,1,2,3,3,1,1,0,4,0,4,9,-15,19.1,0,0,18.0,1,868,868,868,235,875,364,1352,300,57,624,259,355,1,423,788,748,317,569,300,505,1731,1,291,726,1570,742,145,5,750,,40:25,1
2008-09,200755,JJ Redick,JJ,1610612753,ORL,Orlando Magic,0040800211,2009-05-04T00:00:00,ORL @ BOS,W,29.201666666666668,3,5,0.6,2,4,0.5,4,4,1.0,0,1,1,1,0,1,0,0,4,2,12,-7,17.7,0,0,18.0,1,1,1,1,699,708,946,323,139,253,176,259,355,1,848,1051,1206,729,1046,300,505,1,1326,597,532,1305,795,145,5,750,,29:12,1
2008-09,965,Derek Fisher,Derek,1610612747,LAL,Los Angeles Lakers,0040800221,2009-05-04T00:00:00,LAL vs. HOU,L,32.65,3,10,0.3,0,4,0.0,2,2,1.0,1,3,4,3,2,1,0,1,2,1,8,-11,18.3,0,0,17.0,1,868,868,868,557,708,492,1168,635,253,635,481,591,1,423,569,588,317,289,300,505,1168,667,835,776,1461,772,145,5,789,,32:39,1
2008-09,2203,Shane Battier,Shane,1610612745,HOU,Houston Rockets,0040800221,2009-05-04T00:00:00,HOU @ LAL,W,39.00333333333333,1,5,0.2,0,4,0.0,4,4,1.0,0,3,3,1,1,3,0,2,2,3,6,-2,19.1,0,0,16.0,1,1,1,1,300,1119,946,1308,635,253,635,259,355,1,848,569,748,729,569,31,505,1565,667,409,918,949,742,145,5,826,,39:00,1
2008-09,101115,Andrew Bynum,Andrew,1610612747,LAL,Los Angeles Lakers,0040800221,2009-05-04T00:00:00,LAL vs. HOU,L,15.133333333333333,5,10,0.5,0,0,0.0,0,0,0.0,1,2,3,1,0,0,0,0,3,0,10,-3,15.1,0,0,14.0,1,868,868,868,1189,396,492,492,635,979,635,930,991,930,423,788,748,729,1046,778,505,1,1025,1205,663,1039,922,145,5,905,,15:08,1
2008-09,2067,Eddie House,Eddie,1610612738,BOS,Boston Celtics,0040800211,2009-05-04T00:00:00,BOS vs. ORL,L,13.401666666666667,2,5,0.4,2,4,0.5,0,0,0.0,0,3,3,2,0,0,0,0,2,0,6,4,12.6,0,0,13.0,1,868,868,868,1259,875,946,867,139,253,176,930,991,930,848,569,748,488,1046,778,505,1,667,1205,918,525,1019,145,5,940,,13:24,1
2008-09,950,Stephon Marbury,Stephon,1610612738,BOS,Boston Celtics,0040800211,2009-05-04T00:00:00,BOS vs. ORL,L,8.816666666666666,4,6,0.667,0,1,0.0,0,0,0.0,0,1,1,3,0,0,0,0,1,0,8,-7,13.7,0,0,12.0,1,868,868,868,1397,552,846,194,635,730,635,930,991,930,848,1051,1206,317,1046,778,505,1,310,1205,776,1305,982,145,5,1002,,8:49,1
2008-09,200768,Kyle Lowry,Kyle,1610612745,HOU,Houston Rockets,0040800221,2009-05-04T00:00:00,HOU @ LAL,W,17.366666666666667,2,4,0.5,0,0,0.0,2,2,1.0,0,4,4,2,2,0,0,0,2,4,6,0,11.8,0,0,12.0,1,1,1,1,1104,875,1064,492,635,979,635,481,591,1,848,403,588,488,289,778,505,1,667,291,918,769,1067,145,5,1002,,17:22,1
2008-09,201171,Carl Landry,Carl,1610612745,HOU,Houston Rockets,0040800221,2009-05-04T00:00:00,HOU @ LAL,W,12.211666666666666,3,4,0.75,0,0,0.0,1,2,0.5,1,1,2,0,2,0,0,0,0,1,7,-2,7.4,0,0,9.0,1,1,1,1,1298,708,1064,143,635,979,635,748,591,723,423,1051,973,1072,289,778,505,1,1,835,853,949,1243,145,5,1144,,12:13,1
2008-09,1533,Anthony Johnson,Anthony,1610612753,ORL,Orlando Magic,0040800211,2009-05-04T00:00:00,ORL @ BOS,W,11.35,1,5,0.2,1,3,0.333,2,2,1.0,0,0,0,2,1,0,0,0,0,1,5,-4,7.0,0,0,8.0,1,1,1,1,1329,1119,946,1308,300,391,422,481,591,1,848,1379,1447,488,569,778,505,1,1,835,1003,1113,1263,145,5,1186,,11:21,1
2008-09,2756,Sasha Vujacic,Sasha,1610612747,LAL,Los Angeles Lakers,0040800221,2009-05-04T00:00:00,LAL vs. HOU,L,13.775,1,4,0.25,0,2,0.0,0,0,0.0,1,0,1,1,1,1,0,0,4,1,2,0,6.7,0,0,6.0,1,868,868,868,1244,1119,1064,1224,635,538,635,930,991,930,423,1379,1206,729,569,300,505,1,1326,835,1253,769,1272,145,5,1274,,13:47,1
2008-09,101236,Chuck Hayes,Chuck,1610612745,HOU,Houston Rockets,0040800221,2009-05-04T00:00:00,HOU @ LAL,W,6.341666666666667,0,0,0.0,0,0,0.0,0,0,0.0,2,1,3,0,0,1,0,0,0,1,0,3,6.6,0,0,5.0,1,1,1,1,1471,1397,1595,1397,635,979,635,930,991,930,220,1051,748,1072,1046,300,505,1,1,835,1447,588,1273,145,5,1326,,6:21,1
2008-09,200769,Shannon Brown,Shannon,1610612747,LAL,Los Angeles Lakers,0040800221,2009-05-04T00:00:00,LAL vs. HOU,L,12.501666666666667,0,0,0.0,0,0,0.0,2,2,1.0,0,0,0,1,1,1,0,0,2,2,2,-3,5.5,0,0,5.0,1,868,868,868,1290,1397,1595,1397,635,979,635,481,591,1,848,1379,1447,729,569,300,505,1,667,597,1253,1039,1341,145,5,1326,,12:30,1
2008-09,101162,Marcin Gortat,Marcin,1610612753,ORL,Orlando Magic,0040800211,2009-05-04T00:00:00,ORL @ BOS,W,4.633333333333334,1,1,1.0,0,0,0.0,2,2,1.0,0,1,1,0,0,0,0,0,0,1,4,7,5.2,0,0,5.0,1,1,1,1,1532,1119,1432,1,635,979,635,481,591,1,848,1051,1206,1072,1046,778,505,1,1,835,1077,402,1356,145,5,1326,,4:38,1
2008-09,699,Brent Barry,Brent,1610612745,HOU,Houston Rockets,0040800221,2009-05-04T00:00:00,HOU @ LAL,W,6.116666666666666,1,3,0.333,1,3,0.333,0,0,0.0,0,0,0,1,1,0,0,0,1,0,3,3,3.5,0,0,5.0,1,1,1,1,1487,1119,1176,1037,300,391,422,930,991,930,848,1379,1447,729,569,778,505,1,310,1205,1188,588,1443,145,5,1326,,6:07,1
2008-09,200770,Jordan Farmar,Jordan,1610612747,LAL,Los Angeles Lakers,0040800221,2009-05-04T00:00:00,LAL vs. HOU,L,2.8833333333333333,1,1,1.0,1,1,1.0,0,0,0.0,0,0,0,0,0,0,0,0,0,0,3,4,3.0,0,0,4.0,1,868,868,868,1624,1119,1432,1,300,730,1,930,991,930,848,1379,1447,1072,1046,778,505,1,1,1205,1188,525,1474,145,5,1395,,2:53,1
2008-09,2694,Josh Powell,Josh,1610612747,LAL,Los Angeles Lakers,0040800221,2009-05-04T00:00:00,LAL vs. HOU,L,5.166666666666667,1,2,0.5,0,0,0.0,0,0,0.0,0,1,1,0,0,0,0,0,1,0,2,-4,3.2,0,0,3.0,1,868,868,868,1511,1119,1295,492,635,979,635,930,991,930,848,1051,1206,1072,1046,778,505,1,310,1205,1253,1113,1452,145,5,1443,,5:10,1
2008-09,2754,Tony Allen,Tony,1610612738,BOS,Boston Celtics,0040800211,2009-05-04T00:00:00,BOS vs. ORL,L,4.083333333333333,1,1,1.0,0,0,0.0,0,0,0.0,0,0,0,0,0,0,0,0,0,0,2,-9,2.0,0,0,2.0,1,868,868,868,1558,1119,1432,1,635,979,635,930,991,930,848,1379,1447,1072,1046,778,505,1,1,1205,1253,1389,1526,145,5,1494,,4:05,1
2008-09,101144,Von Wafer,Von,1610612745,HOU,Houston Rockets,0040800221,2009-05-04T00:00:00,HOU @ LAL,W,7.845,0,2,0.0,0,0,0.0,0,0,0.0,0,0,0,0,2,0,0,0,1,0,0,-9,-2.0,0,0,0.0,1,1,1,1,1432,1397,1295,1397,635,979,635,930,991,930,848,1379,1447,1072,289,778,505,1,310,1205,1447,1389,1741,145,5,1611,,7:51,1
2008-09,2207,Joe Johnson,Joe,1610612737,ATL,Atlanta Hawks,0040800137,2009-05-03T00:00:00,ATL vs. MIA,W,44.02333333333333,10,19,0.526,6,8,0.75,1,2,0.5,0,5,5,4,1,5,0,2,1,1,27,20,53.0,0,0,52.0,1,1,1,1,74,65,91,483,3,38,96,748,591,723,848,281,442,208,569,2,505,1565,310,835,82,83,60,145,5,48,,44:01,1
2008-09,1717,Dirk Nowitzki,Dirk,1610612742,DAL,Dallas Mavericks,0040800231,2009-05-03T00:00:00,DAL @ DEN,L,40.81666666666667,12,22,0.545,0,1,0.0,4,5,0.8,2,8,10,4,2,2,1,3,2,7,28,-11,53.0,1,0,48.0,1,868,868,868,214,25,44,448,635,730,635,259,294,487,220,90,104,208,289,89,189,1698,667,81,74,1461,60,1,5,68,,40:49,1
2008-09,2548,Dwyane Wade,Dwyane,1610612748,MIA,Miami Heat,0040800137,2009-05-03T00:00:00,MIA @ ATL,L,42.06666666666667,10,25,0.4,2,9,0.222,9,9,1.0,0,3,3,4,4,1,2,0,2,8,31,-20,45.6,0,0,46.0,1,868,868,868,147,65,18,867,139,23,577,52,86,1,848,569,748,208,53,300,71,1,667,56,48,1654,112,145,5,84,,42:04,1
2008-09,2546,Carmelo Anthony,Carmelo,1610612743,DEN,Denver Nuggets,0040800231,2009-05-03T00:00:00,DEN vs. DAL,W,29.366666666666667,7,10,0.7,2,3,0.667,7,7,1.0,1,4,5,4,4,2,2,0,5,7,23,11,43.0,0,0,42.0,1,1,1,1,695,199,492,182,139,391,116,92,167,1,423,403,442,208,53,89,71,1,1564,81,146,260,138,145,5,119,,29:22,1
2008-09,2746,Josh Smith,Josh,1610612737,ATL,Atlanta Hawks,0040800137,2009-05-03T00:00:00,ATL vs. MIA,W,38.07,7,12,0.583,0,1,0.0,7,8,0.875,1,8,9,3,2,2,1,0,6,6,21,5,43.3,0,0,39.0,1,1,1,1,351,199,364,378,635,730,635,92,118,408,423,90,149,317,289,89,189,1,1699,131,183,477,134,145,5,157,,38:04,1
2008-09,2403,Nene,ene,1610612743,DEN,Denver Nuggets,0040800231,2009-05-03T00:00:00,DEN vs. DAL,W,36.18333333333333,9,13,0.692,0,0,0.0,6,7,0.857,0,3,3,5,3,2,1,0,2,5,24,16,41.1,0,0,38.0,1,1,1,1,421,97,297,190,635,979,635,132,167,425,848,569,748,142,132,89,189,1,667,197,124,154,168,145,5,169,,36:11,1
2008-09,2365,Chris Andersen,Chris,1610612743,DEN,Denver Nuggets,0040800231,2009-05-03T00:00:00,DEN vs. DAL,W,28.283333333333335,3,5,0.6,0,0,0.0,5,8,0.625,1,5,6,2,1,1,6,0,1,5,11,28,41.2,0,0,33.0,1,1,1,1,732,708,946,323,635,979,635,182,118,676,423,281,351,488,569,300,3,1,310,197,612,26,166,145,5,282,,28:17,1
2008-09,467,Jason Kidd,Jason,1610612742,DAL,Dallas Mavericks,0040800231,2009-05-03T00:00:00,DAL @ DEN,L,37.86666666666667,6,10,0.6,2,3,0.667,1,2,0.5,0,4,4,4,8,4,0,1,2,1,15,-13,29.8,0,0,33.0,1,868,868,868,362,285,492,323,139,391,116,748,591,723,848,403,588,208,1,9,505,1168,667,835,367,1527,413,145,5,282,,37:52,1
2008-09,2747,JR Smith,JR,1610612743,DEN,Denver Nuggets,0040800231,2009-05-03T00:00:00,DEN vs. DAL,W,31.675,7,13,0.538,0,2,0.0,1,5,0.2,0,3,3,6,0,3,1,1,1,5,15,22,39.6,0,0,32.0,1,1,1,1,606,199,297,460,635,538,635,748,294,927,848,569,748,100,1046,31,189,1168,310,197,367,61,194,145,5,310,,31:41,1
2008-09,2617,Udonis Haslem,Udonis,1610612748,MIA,Miami Heat,0040800137,2009-05-03T00:00:00,MIA @ ATL,L,38.56666666666667,5,10,0.5,0,0,0.0,4,4,1.0,4,9,13,0,3,1,1,0,4,3,14,-18,32.6,1,0,31.0,1,868,868,868,330,396,492,492,635,979,635,259,355,1,56,68,51,1072,132,300,189,1,1326,409,416,1630,347,1,5,328,,38:34,1
2008-09,201563,Michael Beasley,Michael,1610612748,MIA,Miami Heat,0040800137,2009-05-03T00:00:00,MIA @ ATL,L,33.86666666666667,7,12,0.583,2,4,0.5,1,4,0.25,2,5,7,0,3,0,2,1,3,3,17,10,28.4,0,0,30.0,1,868,868,868,508,199,364,378,139,253,176,748,355,918,220,281,272,1072,132,778,71,1168,1025,409,291,293,443,145,5,359,,33:52,1
2008-09,1891,Jason Terry,Jason,1610612742,DAL,Dallas Mavericks,0040800231,2009-05-03T00:00:00,DAL @ DEN,L,32.18333333333333,6,13,0.462,3,7,0.429,0,0,0.0,0,5,5,1,4,1,1,2,1,0,15,-20,24.5,0,0,28.0,1,868,868,868,582,285,297,727,59,57,361,930,991,930,848,281,442,729,53,300,189,1565,310,1205,367,1654,559,145,5,407,,32:11,1
2008-09,1710,Mike Bibby,Mike,1610612737,ATL,Atlanta Hawks,0040800137,2009-05-03T00:00:00,ATL vs. MIA,W,41.483333333333334,3,10,0.3,2,4,0.5,3,3,1.0,0,4,4,6,1,2,0,2,2,3,11,27,29.8,0,0,27.0,1,1,1,1,172,708,492,1168,139,253,176,367,510,1,848,403,588,100,569,89,505,1565,667,409,612,30,413,145,5,435,,41:29,1
2008-09,2436,Flip Murray,Flip,1610612737,ATL,Atlanta Hawks,0040800137,2009-05-03T00:00:00,ATL vs. MIA,W,30.166666666666668,4,14,0.286,3,9,0.333,4,4,1.0,1,2,3,2,0,1,0,0,2,3,15,19,24.6,0,0,25.0,1,1,1,1,663,552,245,1183,59,23,422,259,355,1,423,788,748,488,1046,300,505,1,667,409,367,101,553,145,5,496,,30:10,1
2008-09,1853,Anthony Carter,Anthony,1610612743,DEN,Denver Nuggets,0040800231,2009-05-03T00:00:00,DEN vs. DAL,W,21.583333333333332,6,8,0.75,0,1,0.0,0,0,0.0,1,2,3,4,1,2,0,0,2,1,12,15,26.6,0,0,23.0,1,1,1,1,958,285,660,143,635,730,635,930,991,930,423,788,748,208,569,89,505,1,667,835,532,174,491,145,5,561,,21:35,1
2008-09,1497,Chauncey Billups,Chauncey,1610612743,DEN,Denver Nuggets,0040800231,2009-05-03T00:00:00,DEN vs. DAL,W,38.016666666666666,2,8,0.25,2,4,0.5,0,0,0.0,1,2,3,6,4,3,0,0,3,0,6,8,23.6,0,0,23.0,1,1,1,1,355,875,660,1224,139,253,176,930,991,930,423,788,748,100,53,31,505,1,1025,1205,918,362,597,145,5,561,,38:01,1
2008-09,2030,Kenyon Martin,Kenyon,1610612743,DEN,Denver Nuggets,0040800231,2009-05-03T00:00:00,DEN vs. DAL,W,27.833333333333332,3,8,0.375,0,0,0.0,2,4,0.5,1,4,5,1,1,2,1,1,3,3,8,-6,23.5,0,0,20.0,1,1,1,1,746,708,660,978,635,979,635,481,355,723,423,403,442,729,569,89,189,1168,1025,409,776,1235,602,145,5,666,,27:50,1
2008-09,2572,Josh Howard,Josh,1610612742,DAL,Dallas Mavericks,0040800231,2009-05-03T00:00:00,DAL @ DEN,L,33.166666666666664,7,16,0.438,0,4,0.0,1,2,0.5,0,2,2,0,1,0,0,0,3,3,15,-4,16.4,0,0,17.0,1,868,868,868,534,199,167,800,635,253,635,748,591,723,848,788,973,1072,569,778,505,1,1025,409,367,1113,858,145,5,789,,33:10,1
2008-09,201596,Mario Chalmers,Mario,1610612748,MIA,Miami Heat,0040800137,2009-05-03T00:00:00,MIA @ ATL,L,34.21666666666667,1,6,0.167,0,2,0.0,2,2,1.0,1,1,2,4,3,2,0,0,1,1,4,-16,15.4,0,0,14.0,1,868,868,868,496,1119,846,1352,635,538,635,481,591,1,423,1051,973,208,132,89,505,1,310,835,1077,1591,904,145,5,905,,34:13,1
2008-09,201202,Joel Anthony,Joel,1610612748,MIA,Miami Heat,0040800137,2009-05-03T00:00:00,MIA @ ATL,L,22.596666666666668,1,2,0.5,0,0,0.0,0,0,0.0,3,3,6,1,0,0,2,0,3,0,2,-2,16.7,0,0,13.0,1,868,868,868,920,1119,1295,492,635,979,635,930,991,930,106,569,351,729,1046,778,71,1,1025,1205,1253,949,842,145,5,940,,22:36,1
2008-09,200826,J.J. Barea,J.J.,1610612742,DAL,Dallas Mavericks,0040800231,2009-05-03T00:00:00,DAL @ DEN,L,23.133333333333333,2,4,0.5,0,2,0.0,0,0,0.0,1,1,2,5,1,1,0,0,2,2,4,2,15.9,0,0,13.0,1,868,868,868,907,875,1064,492,635,538,635,930,991,930,423,1051,973,142,569,300,505,1,667,597,1077,653,882,145,5,940,,23:08,1
2008-09,2592,James Jones,James,1610612748,MIA,Miami Heat,0040800137,2009-05-03T00:00:00,MIA @ ATL,L,39.88333333333333,1,5,0.2,0,3,0.0,4,4,1.0,0,5,5,0,0,0,1,0,3,3,6,-24,15.0,0,0,13.0,1,868,868,868,261,1119,946,1308,635,391,635,259,355,1,848,281,442,1072,1046,778,189,1,1025,409,918,1704,926,145,5,940,,39:53,1
2008-09,200797,Ryan Hollins,Ryan,1610612742,DAL,Dallas Mavericks,0040800231,2009-05-03T00:00:00,DAL @ DEN,L,17.133333333333333,2,4,0.5,0,0,0.0,2,2,1.0,3,3,6,0,1,0,0,1,5,2,6,-9,12.2,0,0,12.0,1,868,868,868,1117,875,1064,492,635,979,635,481,591,1,106,569,351,1072,569,778,505,1168,1564,597,918,1389,1041,145,5,1002,,17:08,1
2008-09,2585,Zaza Pachulia,Zaza,1610612737,ATL,Atlanta Hawks,0040800137,2009-05-03T00:00:00,ATL vs. MIA,W,20.05,1,2,0.5,0,0,0.0,6,6,1.0,1,3,4,0,2,0,0,0,4,6,8,19,10.8,0,0,12.0,1,1,1,1,1009,1119,1295,492,635,979,635,132,202,1,423,569,588,1072,289,778,505,1,1326,131,776,101,1114,145,5,1002,,20:03,1
2008-09,201143,Al Horford,Al,1610612737,ATL,Atlanta Hawks,0040800137,2009-05-03T00:00:00,ATL vs. MIA,W,32.43,3,9,0.333,0,0,0.0,1,2,0.5,0,3,3,1,0,0,0,3,2,3,7,15,12.1,0,0,11.0,1,1,1,1,563,708,571,1037,635,979,635,748,591,723,848,569,748,729,1046,778,505,1698,667,409,853,174,1049,145,5,1061,,32:26,1
2008-09,2563,Dahntay Jones,Dahntay,1610612743,DEN,Denver Nuggets,0040800231,2009-05-03T00:00:00,DEN vs. DAL,W,17.533333333333335,3,6,0.5,0,1,0.0,3,3,1.0,0,2,2,0,0,0,0,0,1,2,9,-11,11.4,0,0,11.0,1,1,1,1,1097,708,846,492,635,730,635,367,510,1,848,788,973,1072,1046,778,505,1,310,597,726,1461,1084,145,5,1061,,17:32,1
2008-09,101138,Brandon Bass,Brandon,1610612742,DAL,Dallas Mavericks,0040800231,2009-05-03T00:00:00,DAL @ DEN,L,12.653333333333334,1,4,0.25,0,0,0.0,0,0,0.0,1,1,2,2,0,2,0,2,4,1,2,-4,13.4,0,0,10.0,1,868,868,868,1281,1119,1064,1224,635,979,635,930,991,930,423,1051,973,488,1046,89,505,1565,1326,835,1253,1113,994,145,5,1103,,12:39,1
2008-09,956,Erick Dampier,Erick,1610612742,DAL,Dallas Mavericks,0040800231,2009-05-03T00:00:00,DAL @ DEN,L,21.883333333333333,1,4,0.25,0,0,0.0,1,2,0.5,3,3,6,0,2,0,0,2,4,3,3,-6,8.2,0,0,9.0,1,868,868,868,948,1119,1064,1224,635,979,635,748,591,723,106,569,351,1072,289,778,505,1565,1326,409,1188,1235,1212,145,5,1144,,21:53,1
2008-09,200809,Chris Quinn,Chris,1610612748,MIA,Miami Heat,0040800137,2009-05-03T00:00:00,MIA @ ATL,L,3.85,1,1,1.0,0,0,0.0,0,0,0.0,0,0,0,2,2,1,0,0,0,0,2,9,6.0,0,0,6.0,1,868,868,868,1567,1119,1432,1,635,979,635,930,991,930,848,1379,1447,488,289,300,505,1,1,1205,1253,328,1312,145,5,1274,,3:51,1
2008-09,201161,Daequan Cook,Daequan,1610612748,MIA,Miami Heat,0040800137,2009-05-03T00:00:00,MIA @ ATL,L,17.283333333333335,0,1,0.0,0,1,0.0,2,2,1.0,1,1,2,1,1,0,0,0,3,2,2,-3,4.9,0,0,5.0,1,868,868,868,1106,1397,1432,1397,635,730,635,481,591,1,423,1051,973,729,569,778,505,1,1025,597,1253,1039,1377,145,5,1326,,17:17,1
2008-09,101120,Antoine Wright,Antoine,1610612742,DAL,Dallas Mavericks,0040800231,2009-05-03T00:00:00,DAL @ DEN,L,14.833333333333334,1,1,1.0,1,1,1.0,0,0,0.0,0,0,0,1,1,0,0,0,5,0,3,-10,3.5,0,0,5.0,1,868,868,868,1205,1119,1432,1,300,730,1,930,991,930,848,1379,1447,729,569,778,505,1,1564,1205,1188,1433,1443,145,5,1326,,14:50,1
2008-09,201238,Mario West,Mario,1610612737,ATL,Atlanta Hawks,0040800137,2009-05-03T00:00:00,ATL vs. MIA,W,3.9766666666666666,0,2,0.0,0,0,0.0,0,0,0.0,0,0,0,1,0,1,0,1,0,0,0,-7,4.5,0,0,3.0,1,1,1,1,1560,1397,1295,1397,635,979,635,930,991,930,848,1379,1447,729,1046,300,505,1168,1,1205,1447,1305,1394,145,5,1443,,3:59,1
2008-09,200780,Solomon Jones,Solomon,1610612737,ATL,Atlanta Hawks,0040800137,2009-05-03T00:00:00,ATL vs. MIA,W,3.466666666666667,1,2,0.5,0,0,0.0,0,0,0.0,1,0,1,0,0,0,0,0,0,0,2,-9,3.2,0,0,3.0,1,1,1,1,1590,1119,1295,492,635,979,635,930,991,930,423,1379,1206,1072,1046,778,505,1,1,1205,1253,1389,1452,145,5,1443,,3:28,1
2008-09,2230,Maurice Evans,Maurice,1610612737,ATL,Atlanta Hawks,0040800137,2009-05-03T00:00:00,ATL vs. MIA,W,21.6,0,1,0.0,0,1,0.0,0,0,0.0,1,0,1,1,0,0,0,0,3,0,0,-13,2.7,0,0,2.0,1,1,1,1,956,1397,1432,1397,635,730,635,930,991,930,423,1379,1206,729,1046,778,505,1,1025,1205,1447,1527,1498,145,5,1494,,21:36,1
2008-09,101123,Gerald Green,Gerald,1610612742,DAL,Dallas Mavericks,0040800231,2009-05-03T00:00:00,DAL @ DEN,L,2.816666666666667,1,3,0.333,0,0,0.0,0,0,0.0,0,0,0,0,0,0,0,0,0,0,2,3,2.0,0,0,2.0,1,868,868,868,1630,1119,1176,1037,635,979,635,930,991,930,848,1379,1447,1072,1046,778,505,1,1,1205,1253,588,1526,145,5,1494,,2:49,1
2008-09,101189,James Singleton,James,1610612742,DAL,Dallas Mavericks,0040800231,2009-05-03T00:00:00,DAL @ DEN,L,3.513333333333333,1,1,1.0,0,0,0.0,0,0,0.0,0,0,0,0,0,0,0,0,1,0,2,2,2.0,0,0,2.0,1,868,868,868,1587,1119,1432,1,635,979,635,930,991,930,848,1379,1447,1072,1046,778,505,1,310,1205,1253,653,1526,145,5,1494,,3:31,1
2008-09,101130,Johan Petro,Johan,1610612743,DEN,Denver Nuggets,0040800231,2009-05-03T00:00:00,DEN vs. DAL,W,1.85,0,1,0.0,0,0,0.0,1,2,0.5,0,0,0,0,0,0,0,0,0,1,1,-5,1.0,0,0,1.0,1,1,1,1,1664,1397,1432,1397,635,979,635,748,591,723,848,1379,1447,1072,1046,778,505,1,1,835,1430,1171,1586,145,5,1565,,1:51,1
2008-09,2048,Jamaal Magloire,Jamaal,1610612748,MIA,Miami Heat,0040800137,2009-05-03T00:00:00,MIA @ ATL,L,3.5,0,0,0.0,0,0,0.0,0,0,0.0,0,1,1,0,1,0,0,0,1,0,0,-6,0.2,0,0,1.0,1,868,868,868,1588,1397,1595,1397,635,979,635,930,991,930,848,1051,1206,1072,569,778,505,1,310,1205,1447,1235,1600,145,5,1565,,3:30,1
2008-09,200821,Yakhouba Diawara,Yakhouba,1610612748,MIA,Miami Heat,0040800137,2009-05-03T00:00:00,MIA @ ATL,L,3.466666666666667,0,0,0.0,0,0,0.0,0,0,0.0,0,0,0,0,0,0,0,0,0,0,0,9,0.0,0,0,0.0,1,868,868,868,1590,1397,1595,1397,635,979,635,930,991,930,848,1379,1447,1072,1046,778,505,1,1,1205,1447,328,1610,145,5,1611,,3:28,1
2008-09,2078,Jason Hart,Jason,1610612743,DEN,Denver Nuggets,0040800231,2009-05-03T00:00:00,DEN vs. DAL,W,0.6416666666666667,0,0,0.0,0,0,0.0,0,0,0.0,0,0,0,0,0,0,0,0,0,0,0,-2,0.0,0,0,0.0,1,1,1,1,1715,1397,1595,1397,635,979,635,930,991,930,848,1379,1447,1072,1046,778,505,1,1,1205,1447,949,1610,145,5,1611,,0:39,1
2008-09,979,Jermaine O'Neal,Jermaine,1610612748,MIA,Miami Heat,0040800137,2009-05-03T00:00:00,MIA @ ATL,L,0.7033333333333334,0,1,0.0,0,0,0.0,0,0,0.0,0,0,0,0,0,0,0,0,2,0,0,-4,0.0,0,0,0.0,1,868,868,868,1713,1397,1432,1397,635,979,635,930,991,930,848,1379,1447,1072,1046,778,505,1,667,1205,1447,1113,1610,145,5,1611,,0:42,1
2008-09,101132,Linas Kleiza,Linas,1610612743,DEN,Denver Nuggets,0040800231,2009-05-03T00:00:00,DEN vs. DAL,W,7.033333333333333,0,1,0.0,0,1,0.0,0,0,0.0,0,0,0,0,0,0,0,0,1,0,0,-6,0.0,0,0,0.0,1,1,1,1,1452,1397,1432,1397,635,730,635,930,991,930,848,1379,1447,1072,1046,778,505,1,310,1205,1447,1235,1610,145,5,1611,,7:02,1
2008-09,201151,Acie Law,Acie,1610612737,ATL,Atlanta Hawks,0040800137,2009-05-03T00:00:00,ATL vs. MIA,W,2.75,0,0,0.0,0,0,0.0,0,0,0.0,0,0,0,0,0,0,0,0,0,0,0,-7,0.0,0,0,0.0,1,1,1,1,1634,1397,1595,1397,635,979,635,930,991,930,848,1379,1447,1072,1046,778,505,1,1,1205,1447,1305,1610,145,5,1611,,2:45,1
2008-09,201043,Randolph Morris,Randolph,1610612737,ATL,Atlanta Hawks,0040800137,2009-05-03T00:00:00,ATL vs. MIA,W,1.9833333333333334,0,0,0.0,0,0,0.0,0,0,0.0,0,0,0,0,1,0,0,0,0,0,0,-4,-1.0,0,0,0.0,1,1,1,1,1659,1397,1595,1397,635,979,635,930,991,930,848,1379,1447,1072,569,778,505,1,1,1205,1447,1113,1728,145,5,1611,,1:59,1
2008-09,2732,Ben Gordon,Ben,1610612741,CHI,Chicago Bulls,0040800117,2009-05-02T00:00:00,CHI @ BOS,L,46.083333333333336,7,23,0.304,4,12,0.333,15,15,1.0,1,2,3,4,2,0,0,2,3,6,33,-6,40.6,0,0,44.0,1,868,868,868,37,199,35,1167,24,2,422,5,16,1,423,788,748,208,289,778,505,1565,1025,131,37,1235,175,145,5,99,,46:05,1
2008-09,951,Ray Allen,Ray,1610612738,BOS,Boston Celtics,0040800117,2009-05-02T00:00:00,BOS vs. CHI,W,35.6,6,14,0.429,2,5,0.4,9,9,1.0,3,4,7,3,0,1,2,2,4,6,23,4,44.9,0,0,41.0,1,1,1,1,440,285,245,810,139,159,374,52,86,1,106,403,272,317,1046,300,71,1565,1326,131,146,525,117,145,5,129,,35:36,1
2008-09,1718,Paul Pierce,Paul,1610612738,BOS,Boston Celtics,0040800117,2009-05-02T00:00:00,BOS vs. CHI,W,43.28333333333333,6,17,0.353,1,4,0.25,7,8,0.875,1,8,9,4,3,0,2,1,3,6,20,10,39.8,0,0,38.0,1,1,1,1,104,285,130,1029,300,253,524,92,118,408,423,90,149,208,132,778,71,1168,1025,131,212,293,190,145,5,169,,43:17,1
2008-09,200765,Rajon Rondo,Rajon,1610612738,BOS,Boston Celtics,0040800117,2009-05-02T00:00:00,BOS vs. CHI,W,37.63,2,8,0.25,0,0,0.0,3,6,0.5,1,4,5,11,4,3,2,1,3,3,7,4,40.5,0,0,33.0,1,1,1,1,375,875,660,1224,635,979,635,367,202,723,423,403,442,13,53,31,71,1168,1025,409,853,525,179,145,5,282,,37:38,1
2008-09,2570,Kendrick Perkins,Kendrick,1610612738,BOS,Boston Celtics,0040800117,2009-05-02T00:00:00,BOS vs. CHI,W,30.088333333333335,6,8,0.75,0,0,0.0,2,3,0.667,5,8,13,1,2,0,1,0,4,3,14,6,32.1,1,0,30.0,1,1,1,1,667,285,660,143,635,979,635,481,510,612,22,90,51,729,289,778,189,1,1326,409,416,431,357,1,5,359,,30:05,1
2008-09,2550,Kirk Hinrich,Kirk,1610612741,CHI,Chicago Bulls,0040800117,2009-05-02T00:00:00,CHI @ BOS,L,29.015,5,10,0.5,2,5,0.4,4,6,0.667,1,1,2,2,2,4,0,0,2,3,16,-13,31.4,0,0,30.0,1,868,868,868,703,396,492,492,139,159,374,259,202,612,423,1051,973,488,289,9,505,1,667,409,334,1527,386,145,5,359,,29:01,1
2008-09,2067,Eddie House,Eddie,1610612738,BOS,Boston Celtics,0040800117,2009-05-02T00:00:00,BOS vs. CHI,W,21.961666666666666,5,5,1.0,4,4,1.0,2,2,1.0,0,2,2,2,1,3,0,0,3,1,16,11,29.4,0,0,30.0,1,1,1,1,943,396,946,1,24,253,1,481,591,1,848,788,973,488,569,31,505,1,1025,835,334,260,424,145,5,359,,21:58,1
2008-09,201149,Joakim Noah,Joakim,1610612741,CHI,Chicago Bulls,0040800117,2009-05-02T00:00:00,CHI @ BOS,L,32.355,1,2,0.5,0,0,0.0,5,5,1.0,2,13,15,1,2,1,2,0,6,4,7,-8,33.5,0,0,29.0,1,868,868,868,573,1119,1295,492,635,979,635,182,294,1,220,11,23,729,289,300,71,1,1699,291,853,1347,320,145,5,384,,32:21,1
2008-09,201565,Derrick Rose,Derrick,1610612741,CHI,Chicago Bulls,0040800117,2009-05-02T00:00:00,CHI @ BOS,L,43.435,9,18,0.5,0,1,0.0,0,0,0.0,1,3,4,3,3,0,1,2,4,3,18,-12,27.3,0,0,27.0,1,868,868,868,97,97,108,492,635,730,635,930,991,930,423,569,588,317,132,778,189,1565,1326,409,265,1497,475,145,5,435,,43:26,1
2008-09,1802,Brad Miller,Brad,1610612741,CHI,Chicago Bulls,0040800117,2009-05-02T00:00:00,CHI @ BOS,L,27.725,3,8,0.375,0,1,0.0,3,4,0.75,1,6,7,2,2,1,2,1,6,4,9,-9,27.4,0,0,24.0,1,868,868,868,749,708,660,978,635,730,635,367,355,532,423,203,272,488,289,300,71,1168,1699,291,726,1389,470,145,5,523,,27:44,1
2008-09,2422,John Salmons,John,1610612741,CHI,Chicago Bulls,0040800117,2009-05-02T00:00:00,CHI @ BOS,L,42.15,3,12,0.25,1,5,0.2,5,6,0.833,0,4,4,3,2,2,0,1,5,3,12,-2,25.3,0,0,24.0,1,868,868,868,143,708,364,1224,300,159,578,182,202,442,848,403,588,317,289,89,505,1168,1564,409,532,949,539,145,5,523,,42:09,1
2008-09,201175,Glen Davis,Glen,1610612738,BOS,Boston Celtics,0040800117,2009-05-02T00:00:00,BOS vs. CHI,W,32.016666666666666,6,16,0.375,0,0,0.0,3,7,0.429,1,1,2,3,1,0,0,2,3,7,15,4,20.9,0,0,20.0,1,1,1,1,590,285,167,978,635,979,635,367,167,891,423,1051,973,317,569,778,505,1565,1025,81,367,525,679,145,5,666,,32:01,1
2008-09,200748,Tyrus Thomas,Tyrus,1610612741,CHI,Chicago Bulls,0040800117,2009-05-02T00:00:00,CHI @ BOS,L,16.941666666666666,2,4,0.5,0,0,0.0,0,0,0.0,1,4,5,2,1,2,2,1,2,0,4,-3,24.0,0,0,19.0,1,868,868,868,1126,875,1064,492,635,979,635,930,991,930,423,403,442,488,569,89,71,1168,667,1205,1077,1039,578,145,5,709,,16:57,1
2008-09,2243,Brian Scalabrine,Brian,1610612738,BOS,Boston Celtics,0040800117,2009-05-02T00:00:00,BOS vs. CHI,W,25.005,3,6,0.5,2,3,0.667,0,0,0.0,0,3,3,0,1,0,0,1,3,0,8,-6,10.6,0,0,13.0,1,1,1,1,845,708,846,492,139,391,116,930,991,930,848,569,748,1072,569,778,505,1168,1025,1205,776,1235,1120,145,5,940,,25:00,1
2008-09,1630,Mikki Moore,Mikki,1610612738,BOS,Boston Celtics,0040800117,2009-05-02T00:00:00,BOS vs. CHI,W,2.65,1,1,1.0,0,0,0.0,2,2,1.0,1,1,2,0,0,0,0,0,0,2,4,6,6.4,0,0,6.0,1,1,1,1,1641,1119,1432,1,635,979,635,481,591,1,423,1051,973,1072,1046,778,505,1,1,597,1077,431,1284,145,5,1274,,2:39,1
2008-09,950,Stephon Marbury,Stephon,1610612738,BOS,Boston Celtics,0040800117,2009-05-02T00:00:00,BOS vs. CHI,W,11.765,0,3,0.0,0,1,0.0,2,2,1.0,0,2,2,1,0,0,0,0,0,1,2,11,5.9,0,0,5.0,1,1,1,1,1311,1397,1176,1397,635,730,635,481,591,1,848,788,973,729,1046,778,505,1,1,835,1253,260,1322,145,5,1326,,11:46,1
2008-09,283,Lindsey Hunter,Lindsey,1610612741,CHI,Chicago Bulls,0040800117,2009-05-02T00:00:00,CHI @ BOS,L,2.295,0,0,0.0,0,0,0.0,0,0,0.0,0,0,0,0,0,0,0,0,1,0,0,3,0.0,0,0,0.0,1,868,868,868,1650,1397,1595,1397,635,979,635,930,991,930,848,1379,1447,1072,1046,778,505,1,310,1205,1447,588,1610,145,5,1611,,2:18,1
2008-09,2548,Dwyane Wade,Dwyane,1610612748,MIA,Miami Heat,0040800136,2009-05-01T00:00:00,MIA vs. ATL,W,39.09166666666667,11,23,0.478,3,7,0.429,16,17,0.941,0,5,5,2,0,0,2,3,1,11,41,32,56.0,0,0,55.0,1,1,1,1,297,42,35,702,59,57,361,2,6,382,848,281,442,488,1046,778,71,1698,310,12,9,9,42,145,5,25,,39:06,1
2008-09,201563,Michael Beasley,Michael,1610612748,MIA,Miami Heat,0040800136,2009-05-01T00:00:00,MIA vs. ATL,W,35.63333333333333,11,25,0.44,0,4,0.0,0,0,0.0,4,11,15,1,1,0,0,2,3,2,22,16,40.5,1,0,38.0,1,1,1,1,439,42,18,798,635,253,635,930,991,930,56,35,23,729,569,778,505,1565,1025,597,165,154,179,1,5,169,,35:38,1
2008-09,1710,Mike Bibby,Mike,1610612737,ATL,Atlanta Hawks,0040800136,2009-05-01T00:00:00,ATL @ MIA,L,33.916666666666664,6,12,0.5,3,6,0.5,5,6,0.833,0,7,7,3,4,1,0,0,3,5,20,-21,31.9,0,0,35.0,1,868,868,868,505,285,364,492,59,97,176,182,202,442,848,140,272,317,53,300,505,1,1025,197,212,1678,363,145,5,234,,33:55,1
2008-09,201596,Mario Chalmers,Mario,1610612748,MIA,Miami Heat,0040800136,2009-05-01T00:00:00,MIA vs. ATL,W,42.075,4,8,0.5,1,2,0.5,0,0,0.0,0,3,3,8,3,5,0,0,4,2,9,29,36.6,0,0,31.0,1,1,1,1,146,552,660,492,300,538,176,930,991,930,848,569,748,38,132,2,505,1,1326,597,726,21,252,145,5,328,,42:05,1
2008-09,2746,Josh Smith,Josh,1610612737,ATL,Atlanta Hawks,0040800136,2009-05-01T00:00:00,ATL @ MIA,L,39.86666666666667,3,13,0.231,0,2,0.0,1,3,0.333,5,5,10,0,1,1,3,1,5,5,7,-22,30.0,0,0,25.0,1,868,868,868,263,708,297,1288,635,538,635,748,510,902,22,281,104,1072,569,300,30,1168,1564,197,853,1690,407,145,5,496,,39:52,1
2008-09,2436,Flip Murray,Flip,1610612737,ATL,Atlanta Hawks,0040800136,2009-05-01T00:00:00,ATL @ MIA,L,33.7,4,13,0.308,2,5,0.4,3,4,0.75,0,2,2,2,2,2,1,1,3,4,13,-17,25.4,0,0,25.0,1,868,868,868,515,552,297,1156,139,159,374,367,355,532,848,788,973,488,289,89,189,1168,1025,291,470,1611,531,145,5,496,,33:42,1
2008-09,2207,Joe Johnson,Joe,1610612737,ATL,Atlanta Hawks,0040800136,2009-05-01T00:00:00,ATL @ MIA,L,32.083333333333336,6,14,0.429,1,2,0.5,0,1,0.0,1,4,5,2,3,0,0,1,3,2,13,-20,19.0,0,0,21.0,1,868,868,868,586,285,245,810,300,538,176,930,920,930,423,403,442,488,132,778,505,1168,1025,597,470,1654,746,145,5,634,,32:05,1
2008-09,201202,Joel Anthony,Joel,1610612748,MIA,Miami Heat,0040800136,2009-05-01T00:00:00,MIA vs. ATL,W,35.2,3,3,1.0,0,0,0.0,0,0,0.0,5,3,8,0,1,0,3,0,4,2,6,29,23.6,0,0,20.0,1,1,1,1,457,708,1176,1,635,979,635,930,991,930,22,569,198,1072,569,778,30,1,1326,597,918,21,597,145,5,666,,35:12,1
2008-09,2592,James Jones,James,1610612748,MIA,Miami Heat,0040800136,2009-05-01T00:00:00,MIA vs. ATL,W,37.96666666666667,2,5,0.4,2,4,0.5,5,5,1.0,0,3,3,0,1,0,0,0,1,3,11,26,13.6,0,0,16.0,1,1,1,1,356,875,946,867,139,253,176,182,294,1,848,569,748,1072,569,778,505,1,310,409,612,37,986,145,5,826,,37:58,1
2008-09,2230,Maurice Evans,Maurice,1610612737,ATL,Atlanta Hawks,0040800136,2009-05-01T00:00:00,ATL @ MIA,L,31.783333333333335,2,9,0.222,1,5,0.2,0,0,0.0,2,1,3,0,1,1,1,1,2,0,5,-24,13.6,0,0,13.0,1,868,868,868,599,875,571,1293,300,159,578,930,991,930,220,1051,748,1072,569,300,189,1168,667,1205,1003,1704,986,145,5,940,,31:47,1
2008-09,200780,Solomon Jones,Solomon,1610612737,ATL,Atlanta Hawks,0040800136,2009-05-01T00:00:00,ATL @ MIA,L,21.966666666666665,3,4,0.75,0,0,0.0,0,0,0.0,3,2,5,0,0,0,0,0,1,0,6,-11,12.0,0,0,11.0,1,868,868,868,939,708,1064,143,635,979,635,930,991,930,106,788,442,1072,1046,778,505,1,310,1205,918,1461,1054,145,5,1061,,21:58,1
2008-09,2585,Zaza Pachulia,Zaza,1610612737,ATL,Atlanta Hawks,0040800136,2009-05-01T00:00:00,ATL @ MIA,L,29.55,2,4,0.5,0,0,0.0,2,4,0.5,0,2,2,0,1,1,0,0,5,5,6,-17,10.4,0,0,10.0,1,868,868,868,688,875,1064,492,635,979,635,481,355,723,848,788,973,1072,569,300,505,1,1564,197,918,1611,1127,145,5,1103,,29:33,1
2008-09,2048,Jamaal Magloire,Jamaal,1610612748,MIA,Miami Heat,0040800136,2009-05-01T00:00:00,MIA vs. ATL,W,12.8,1,1,1.0,0,0,0.0,0,0,0.0,3,4,7,0,2,0,0,0,1,3,2,-3,8.4,0,0,9.0,1,1,1,1,1277,1119,1432,1,635,979,635,930,991,930,106,403,272,1072,289,778,505,1,310,409,1253,1039,1200,145,5,1144,,12:48,1
2008-09,2617,Udonis Haslem,Udonis,1610612748,MIA,Miami Heat,0040800136,2009-05-01T00:00:00,MIA vs. ATL,W,11.483333333333333,1,2,0.5,0,0,0.0,0,0,0.0,0,6,6,0,1,0,0,0,4,0,2,11,8.2,0,0,8.0,1,1,1,1,1326,1119,1295,492,635,979,635,930,991,930,848,203,351,1072,569,778,505,1,1326,1205,1253,260,1212,145,5,1186,,11:29,1
2008-09,201161,Daequan Cook,Daequan,1610612748,MIA,Miami Heat,0040800136,2009-05-01T00:00:00,MIA vs. ATL,W,16.55,2,6,0.333,1,4,0.25,0,0,0.0,0,0,0,0,2,0,0,0,3,0,5,-4,3.0,0,0,6.0,1,1,1,1,1143,875,846,1037,300,253,524,930,991,930,848,1379,1447,1072,289,778,505,1,1025,1205,1003,1113,1474,145,5,1274,,16:33,1
2008-09,201043,Randolph Morris,Randolph,1610612737,ATL,Atlanta Hawks,0040800136,2009-05-01T00:00:00,ATL @ MIA,L,3.066666666666667,0,0,0.0,0,0,0.0,0,0,0.0,1,1,2,0,0,1,0,0,1,0,0,2,5.4,0,0,4.0,1,868,868,868,1610,1397,1595,1397,635,979,635,930,991,930,423,1051,973,1072,1046,300,505,1,310,1205,1447,653,1344,145,5,1395,,3:04,1
2008-09,201238,Mario West,Mario,1610612737,ATL,Atlanta Hawks,0040800136,2009-05-01T00:00:00,ATL @ MIA,L,6.183333333333334,1,3,0.333,0,1,0.0,0,0,0.0,0,0,0,0,1,0,0,0,0,0,2,3,1.0,0,0,2.0,1,868,868,868,1481,1119,1176,1037,635,730,635,930,991,930,848,1379,1447,1072,569,778,505,1,1,1205,1253,588,1586,145,5,1494,,6:11,1
2008-09,201151,Acie Law,Acie,1610612737,ATL,Atlanta Hawks,0040800136,2009-05-01T00:00:00,ATL @ MIA,L,3.066666666666667,0,0,0.0,0,0,0.0,0,0,0.0,0,0,0,1,0,0,0,0,0,0,0,2,1.5,0,0,1.0,1,868,868,868,1610,1397,1595,1397,635,979,635,930,991,930,848,1379,1447,729,1046,778,505,1,1,1205,1447,653,1550,145,5,1565,,3:04,1
2008-09,200809,Chris Quinn,Chris,1610612748,MIA,Miami Heat,0040800136,2009-05-01T00:00:00,MIA vs. ATL,W,3.066666666666667,0,0,0.0,0,0,0.0,0,0,0.0,0,0,0,1,0,0,0,0,0,0,0,-2,1.5,0,0,1.0,1,1,1,1,1610,1397,1595,1397,635,979,635,930,991,930,848,1379,1447,729,1046,778,505,1,1,1205,1447,949,1550,145,5,1565,,3:04,1
2008-09,200821,Yakhouba Diawara,Yakhouba,1610612748,MIA,Miami Heat,0040800136,2009-05-01T00:00:00,MIA vs. ATL,W,3.066666666666667,0,1,0.0,0,0,0.0,0,2,0.0,0,0,0,0,0,0,0,0,0,1,0,-2,0.0,0,0,0.0,1,1,1,1,1610,1397,1432,1397,635,979,635,930,591,930,848,1379,1447,1072,1046,778,505,1,1,835,1447,949,1610,145,5,1611,,3:04,1
2008-09,2748,Dorell Wright,Dorell,1610612748,MIA,Miami Heat,0040800136,2009-05-01T00:00:00,MIA vs. ATL,W,3.066666666666667,0,0,0.0,0,0,0.0,0,0,0.0,0,0,0,0,0,0,0,0,0,0,0,-2,0.0,0,0,0.0,1,1,1,1,1610,1397,1595,1397,635,979,635,930,991,930,848,1379,1447,1072,1046,778,505,1,1,1205,1447,949,1610,145,5,1611,,3:04,1
2008-09,101107,Marvin Williams,Marvin,1610612737,ATL,Atlanta Hawks,0040800136,2009-05-01T00:00:00,ATL @ MIA,L,4.816666666666666,0,1,0.0,0,0,0.0,0,0,0.0,0,0,0,0,1,0,0,1,1,0,0,-5,-1.0,0,0,0.0,1,868,868,868,1528,1397,1432,1397,635,979,635,930,991,930,848,1379,1447,1072,569,778,505,1168,310,1205,1447,1171,1728,145,5,1611,,4:49,1
2008-09,951,Ray Allen,Ray,1610612738,BOS,Boston Celtics,0040800116,2009-04-30T00:00:00,BOS @ CHI,L,58.74666666666667,18,32,0.563,9,18,0.5,6,7,0.857,2,3,5,3,3,3,0,0,1,7,51,1,67.5,0,0,74.0,1,868,868,868,3,2,2,422,1,1,176,132,167,425,220,569,442,317,132,31,505,1,310,81,1,703,10,145,5,3,,58:45,1
2008-09,2422,John Salmons,John,1610612741,CHI,Chicago Bulls,0040800116,2009-04-30T00:00:00,CHI vs. BOS,W,59.93333333333333,13,22,0.591,5,9,0.556,4,4,1.0,2,4,6,4,2,0,0,2,3,4,35,4,46.2,0,0,50.0,1,1,1,1,1,18,44,369,12,23,172,259,355,1,220,403,351,208,289,778,505,1565,1025,291,26,525,109,145,5,58,,59:56,1
2008-09,1740,Rashard Lewis,Rashard,1610612753,ORL,Orlando Magic,0040800126,2009-04-30T00:00:00,ORL @ PHI,W,40.083333333333336,11,22,0.5,0,3,0.0,7,9,0.778,5,2,7,5,3,0,2,1,1,8,29,25,47.9,0,0,45.0,1,1,1,1,251,42,44,492,635,391,635,92,86,519,22,788,272,142,132,778,71,1168,310,56,65,43,94,145,5,93,,40:05,1
2008-09,201565,Derrick Rose,Derrick,1610612741,CHI,Chicago Bulls,0040800116,2009-04-30T00:00:00,CHI vs. BOS,W,59.44,12,25,0.48,0,0,0.0,4,6,0.667,1,7,8,7,5,0,1,0,3,3,28,-2,46.1,0,0,45.0,1,1,1,1,2,25,18,701,635,979,635,259,202,612,423,140,198,63,21,778,189,1,1025,409,74,949,111,145,5,93,,59:26,1
2008-09,1747,Rafer Alston,Rafer,1610612753,ORL,Orlando Magic,0040800126,2009-04-30T00:00:00,ORL @ PHI,W,36.61666666666667,8,16,0.5,3,7,0.429,2,2,1.0,0,2,2,10,1,3,0,0,3,3,21,16,46.4,1,0,42.0,1,1,1,1,409,143,167,492,59,57,361,481,591,1,848,788,973,20,569,31,505,1,1025,409,183,154,108,1,5,119,,36:37,1
2008-09,1802,Brad Miller,Brad,1610612741,CHI,Chicago Bulls,0040800116,2009-04-30T00:00:00,CHI vs. BOS,W,34.625,8,9,0.889,2,2,1.0,5,5,1.0,0,10,10,1,4,0,2,0,5,6,23,26,38.5,1,0,40.0,1,1,1,1,478,143,571,104,139,538,1,182,294,1,848,50,104,729,53,778,71,1,1564,131,146,37,210,1,5,142,,34:38,1
2008-09,1718,Paul Pierce,Paul,1610612738,BOS,Boston Celtics,0040800116,2009-04-30T00:00:00,BOS @ CHI,L,50.92333333333333,5,13,0.385,1,5,0.2,11,12,0.917,1,8,9,2,3,2,1,1,6,9,22,-4,41.8,0,0,40.0,1,868,868,868,8,396,297,956,300,159,578,28,43,389,423,90,149,488,132,89,189,1168,1699,30,165,1113,155,145,5,142,,50:55,1
2008-09,2738,Andre Iguodala,Andre,1610612755,PHI,Philadelphia 76ers,0040800126,2009-04-30T00:00:00,PHI vs. ORL,L,44.53333333333333,7,16,0.438,4,6,0.667,2,4,0.5,0,3,3,6,3,3,0,0,1,6,20,-16,38.6,0,0,39.0,1,868,868,868,67,199,167,800,24,97,116,481,355,723,848,569,748,100,132,31,505,1,310,131,212,1591,208,145,5,157,,44:32,1
2008-09,2570,Kendrick Perkins,Kendrick,1610612738,BOS,Boston Celtics,0040800116,2009-04-30T00:00:00,BOS @ CHI,L,43.733333333333334,5,8,0.625,0,0,0.0,2,2,1.0,4,9,13,3,1,0,4,1,6,2,12,3,43.1,1,0,36.0,1,868,868,868,85,396,660,290,635,979,635,481,591,1,56,68,51,317,569,778,11,1168,1699,597,532,588,136,1,5,206,,43:44,1
2008-09,101162,Marcin Gortat,Marcin,1610612753,ORL,Orlando Magic,0040800126,2009-04-30T00:00:00,ORL @ PHI,W,40.3,5,8,0.625,0,0,0.0,1,2,0.5,4,11,15,2,3,4,0,0,4,3,11,29,41.0,1,0,36.0,1,1,1,1,239,396,660,290,635,979,635,748,591,723,56,35,23,488,132,9,505,1,1326,409,612,21,170,1,5,206,,40:18,1
2008-09,200765,Rajon Rondo,Rajon,1610612738,BOS,Boston Celtics,0040800116,2009-04-30T00:00:00,BOS @ CHI,L,57.50333333333333,4,17,0.235,0,2,0.0,0,2,0.0,2,7,9,19,0,0,0,2,4,2,8,3,47.3,0,0,36.0,1,868,868,868,4,552,130,1287,635,538,635,930,591,930,220,140,149,1,1046,778,505,1565,1326,597,776,588,100,145,5,206,,57:30,1
2008-09,1889,Andre Miller,Andre,1610612755,PHI,Philadelphia 76ers,0040800126,2009-04-30T00:00:00,PHI vs. ORL,L,44.18833333333333,7,13,0.538,0,2,0.0,10,12,0.833,3,4,7,5,3,0,0,1,3,7,24,-25,36.9,0,0,36.0,1,868,868,868,72,199,297,460,635,538,635,39,43,442,106,403,272,142,132,778,505,1168,1025,81,124,1711,247,145,5,206,,44:11,1
2008-09,2397,Yao Ming,ao Ming,1610612745,HOU,Houston Rockets,0040800176,2009-04-30T00:00:00,HOU vs. POR,W,40.93333333333333,8,16,0.5,0,0,0.0,1,2,0.5,3,7,10,2,1,1,2,1,3,3,17,11,40.0,1,0,35.0,1,1,1,1,212,143,167,492,635,979,635,748,591,723,106,140,104,488,569,300,71,1168,1025,409,291,260,187,1,5,234,,40:56,1
2008-09,1897,Metta World Peace,Metta,1610612745,HOU,Houston Rockets,0040800176,2009-04-30T00:00:00,HOU vs. POR,W,38.53333333333333,11,21,0.524,3,11,0.273,2,2,1.0,0,1,1,2,1,1,0,1,2,4,27,14,33.2,0,0,35.0,1,1,1,1,333,42,55,486,59,6,523,481,591,1,848,1051,1206,488,569,300,505,1168,667,291,82,192,331,145,5,234,,38:32,1
2008-09,200746,LaMarcus Aldridge,LaMarcus,1610612757,POR,Portland Trail Blazers,0040800176,2009-04-30T00:00:00,POR @ HOU,L,34.06666666666667,12,21,0.571,0,0,0.0,2,2,1.0,0,5,5,1,1,0,1,0,4,3,26,-7,35.5,0,0,34.0,1,868,868,868,500,25,55,394,635,979,635,481,591,1,848,281,442,729,569,778,189,1,1326,409,94,1305,288,145,5,263,,34:04,1
2008-09,200750,Brandon Roy,Brandon,1610612757,POR,Portland Trail Blazers,0040800176,2009-04-30T00:00:00,POR @ HOU,L,41.7,8,17,0.471,2,3,0.667,4,6,0.667,1,3,4,4,3,1,0,1,1,4,22,-16,32.8,0,0,34.0,1,868,868,868,162,143,130,711,139,391,116,259,202,612,423,569,588,208,132,300,505,1168,310,291,165,1591,342,145,5,263,,41:42,1
2008-09,201175,Glen Davis,Glen,1610612738,BOS,Boston Celtics,0040800116,2009-04-30T00:00:00,BOS @ CHI,L,52.861666666666665,10,18,0.556,0,0,0.0,3,5,0.6,6,1,7,1,4,1,0,1,6,7,23,8,31.9,0,0,33.0,1,868,868,868,6,65,108,427,635,979,635,367,294,694,10,1051,272,729,53,300,505,1168,1699,81,146,362,363,145,5,282,,52:52,1
2008-09,201149,Joakim Noah,Joakim,1610612741,CHI,Chicago Bulls,0040800116,2009-04-30T00:00:00,CHI vs. BOS,W,43.85666666666667,4,9,0.444,0,0,0.0,1,1,1.0,6,9,15,3,1,1,1,1,4,3,9,-12,36.5,0,0,31.0,1,1,1,1,83,552,571,770,635,979,635,748,920,1,10,68,23,317,569,300,189,1168,1326,409,726,1497,258,145,5,328,,43:51,1
2008-09,200755,JJ Redick,JJ,1610612753,ORL,Orlando Magic,0040800126,2009-04-30T00:00:00,ORL @ PHI,W,31.221666666666668,5,9,0.556,5,7,0.714,0,0,0.0,0,3,3,4,0,1,0,0,5,1,15,19,27.6,0,0,29.0,1,1,1,1,628,396,571,427,12,57,113,930,991,930,848,569,748,208,1046,300,505,1,1564,835,367,101,465,145,5,384,,31:13,1
2008-09,2550,Kirk Hinrich,Kirk,1610612741,CHI,Chicago Bulls,0040800116,2009-04-30T00:00:00,CHI vs. BOS,W,42.75,4,11,0.364,1,4,0.25,2,4,0.5,0,2,2,7,0,2,1,0,3,2,11,-1,32.9,0,0,27.0,1,1,1,1,121,552,430,1014,300,253,524,481,355,723,848,788,973,63,1046,89,189,1,1025,597,612,871,341,145,5,435,,42:45,1
2008-09,201166,Aaron Brooks,Aaron,1610612745,HOU,Houston Rockets,0040800176,2009-04-30T00:00:00,HOU vs. POR,W,31.783333333333335,5,11,0.455,2,4,0.5,1,2,0.5,1,4,5,2,0,2,0,0,2,1,13,10,28.0,0,0,26.0,1,1,1,1,599,396,430,744,139,253,176,748,591,723,423,403,442,488,1046,89,505,1,667,835,470,293,454,145,5,463,,31:47,1
2008-09,2203,Shane Battier,Shane,1610612745,HOU,Houston Rockets,0040800176,2009-04-30T00:00:00,HOU vs. POR,W,39.55,3,6,0.5,1,3,0.333,0,0,0.0,3,6,9,2,2,3,0,1,0,0,7,16,27.8,0,0,25.0,1,1,1,1,281,708,846,492,300,391,422,930,991,930,106,203,149,488,289,31,505,1168,1,1205,853,154,460,145,5,496,,39:33,1
2008-09,2223,Samuel Dalembert,Samuel,1610612755,PHI,Philadelphia 76ers,0040800126,2009-04-30T00:00:00,PHI vs. ORL,L,30.366666666666667,4,8,0.5,0,0,0.0,0,0,0.0,5,8,13,0,2,1,1,0,3,1,8,-28,27.6,0,0,25.0,1,868,868,868,656,552,660,492,635,979,635,930,991,930,22,90,51,1072,289,300,189,1,1025,835,776,1721,465,145,5,496,,30:22,1
2008-09,2045,Hedo Turkoglu,Hedo,1610612753,ORL,Orlando Magic,0040800126,2009-04-30T00:00:00,ORL @ PHI,W,28.716666666666665,5,8,0.625,1,2,0.5,1,1,1.0,0,3,3,5,3,1,0,0,3,1,12,25,23.1,0,0,23.0,1,1,1,1,716,396,660,290,300,538,176,748,920,1,848,569,748,142,132,300,505,1,1025,835,532,43,615,145,5,561,,28:43,1
2008-09,101150,Lou Williams,Lou,1610612755,PHI,Philadelphia 76ers,0040800126,2009-04-30T00:00:00,PHI vs. ORL,L,29.166666666666668,5,12,0.417,2,7,0.286,5,5,1.0,0,1,1,3,4,0,0,0,4,3,17,-16,18.7,0,0,23.0,1,868,868,868,701,396,364,841,139,57,515,182,294,1,848,1051,1206,317,53,778,505,1,1326,409,291,1591,757,145,5,561,,29:10,1
2008-09,2554,Mickael Pietrus,Mickael,1610612753,ORL,Orlando Magic,0040800126,2009-04-30T00:00:00,ORL @ PHI,W,30.95,5,10,0.5,2,5,0.4,2,4,0.5,0,4,4,0,1,0,1,1,3,2,14,11,20.8,0,0,22.0,1,1,1,1,639,396,492,492,139,159,374,481,355,723,848,403,588,1072,569,778,189,1168,1025,597,416,260,682,145,5,601,,30:57,1
2008-09,2038,Joel Przybilla,Joel,1610612757,POR,Portland Trail Blazers,0040800176,2009-04-30T00:00:00,POR @ HOU,L,26.833333333333332,1,3,0.333,0,0,0.0,1,2,0.5,6,2,8,0,0,0,5,1,2,1,3,-13,27.6,0,0,21.0,1,868,868,868,786,1119,1176,1037,635,979,635,748,591,723,10,788,198,1072,1046,778,5,1168,667,835,1188,1527,465,145,5,634,,26:50,1
2008-09,200748,Tyrus Thomas,Tyrus,1610612741,CHI,Chicago Bulls,0040800116,2009-04-30T00:00:00,CHI vs. BOS,W,37.61666666666667,4,9,0.444,0,0,0.0,1,2,0.5,0,3,3,1,1,1,2,0,4,4,9,-14,22.1,0,0,19.0,1,1,1,1,376,552,571,770,635,979,635,748,591,723,848,569,748,729,569,300,71,1,1326,291,726,1552,644,145,5,709,,37:37,1
2008-09,2449,Luis Scola,Luis,1610612745,HOU,Houston Rockets,0040800176,2009-04-30T00:00:00,HOU vs. POR,W,30.066666666666666,3,7,0.429,0,0,0.0,3,4,0.75,0,4,4,2,3,1,1,1,4,3,9,15,19.8,0,0,19.0,1,1,1,1,668,708,764,810,635,979,635,367,355,532,848,403,588,488,132,300,189,1168,1326,409,726,174,722,145,5,709,,30:04,1
2008-09,2732,Ben Gordon,Ben,1610612741,CHI,Chicago Bulls,0040800116,2009-04-30T00:00:00,CHI vs. BOS,W,31.35,4,14,0.286,1,2,0.5,3,4,0.75,0,2,2,4,2,0,0,3,6,4,12,5,18.4,0,0,19.0,1,1,1,1,619,552,245,1183,300,538,176,367,355,532,848,788,973,208,289,778,505,1698,1699,291,532,477,768,145,5,709,,31:21,1
2008-09,2581,Steve Blake,Steve,1610612757,POR,Portland Trail Blazers,0040800176,2009-04-30T00:00:00,POR @ HOU,L,40.54333333333334,1,4,0.25,0,2,0.0,0,0,0.0,0,5,5,5,4,2,0,1,1,2,2,-18,17.5,0,0,16.0,1,868,868,868,231,1119,1064,1224,635,538,635,930,991,930,848,281,442,142,53,89,505,1168,310,597,1253,1630,812,145,5,826,,40:33,1
2008-09,201171,Carl Landry,Carl,1610612745,HOU,Houston Rockets,0040800176,2009-04-30T00:00:00,HOU vs. POR,W,18.8,2,5,0.4,0,0,0.0,2,2,1.0,2,5,7,0,0,0,1,3,1,1,6,12,17.4,0,0,15.0,1,1,1,1,1056,875,946,867,635,979,635,481,591,1,220,281,272,1072,1046,778,189,1698,310,835,918,231,814,145,5,864,,18:48,1
2008-09,1499,Tony Battie,Tony,1610612753,ORL,Orlando Magic,0040800126,2009-04-30T00:00:00,ORL @ PHI,W,15.616666666666667,3,3,1.0,0,0,0.0,1,2,0.5,3,3,6,0,0,0,1,0,1,3,7,-4,17.2,0,0,15.0,1,1,1,1,1174,708,1176,1,635,979,635,748,591,723,106,569,351,1072,1046,778,189,1,310,409,853,1113,821,145,5,864,,15:37,1
2008-09,200768,Kyle Lowry,Kyle,1610612745,HOU,Houston Rockets,0040800176,2009-04-30T00:00:00,HOU vs. POR,W,20.916666666666668,1,6,0.167,1,3,0.333,2,2,1.0,1,3,4,3,1,1,0,2,1,4,5,4,16.3,0,0,15.0,1,1,1,1,980,1119,846,1352,300,391,422,481,591,1,423,569,588,317,569,300,505,1565,310,291,1003,525,865,145,5,864,,20:55,1
2008-09,201152,Thaddeus Young,Thaddeus,1610612755,PHI,Philadelphia 76ers,0040800126,2009-04-30T00:00:00,PHI vs. ORL,L,41.31666666666667,4,12,0.333,0,3,0.0,0,0,0.0,2,4,6,1,2,0,0,1,4,4,8,-22,14.7,0,0,15.0,1,868,868,868,184,552,364,1037,635,391,635,930,991,930,220,403,351,729,289,778,505,1168,1326,291,776,1690,941,145,5,864,,41:19,1
2008-09,1533,Anthony Johnson,Anthony,1610612753,ORL,Orlando Magic,0040800126,2009-04-30T00:00:00,ORL @ PHI,W,16.495,2,6,0.333,1,2,0.5,0,0,0.0,0,1,1,5,1,1,0,0,4,0,5,4,15.7,0,0,14.0,1,1,1,1,1145,875,846,1037,300,538,176,930,991,930,848,1051,1206,142,569,300,505,1,1326,1205,1003,525,890,145,5,905,,16:30,1
2008-09,2566,Travis Outlaw,Travis,1610612757,POR,Portland Trail Blazers,0040800176,2009-04-30T00:00:00,POR @ HOU,L,25.65,2,9,0.222,1,2,0.5,4,4,1.0,0,3,3,1,0,0,0,0,3,2,9,-18,14.1,0,0,14.0,1,868,868,868,829,875,571,1293,300,538,176,259,355,1,848,569,748,729,1046,778,505,1,1025,597,726,1630,960,145,5,905,,25:39,1
2008-09,201164,Rudy Fernandez,Rudy,1610612757,POR,Portland Trail Blazers,0040800176,2009-04-30T00:00:00,POR @ HOU,L,41.18333333333333,1,7,0.143,0,3,0.0,0,0,0.0,2,6,8,1,3,0,1,1,2,0,2,-22,13.1,0,0,13.0,1,868,868,868,193,1119,764,1379,635,391,635,930,991,930,220,203,198,729,132,778,189,1168,667,1205,1253,1690,1004,145,5,940,,41:11,1
2008-09,201141,Greg Oden,Greg,1610612757,POR,Portland Trail Blazers,0040800176,2009-04-30T00:00:00,POR @ HOU,L,16.176666666666666,1,3,0.333,0,0,0.0,1,2,0.5,3,3,6,0,4,0,2,0,4,1,3,-1,12.2,0,0,13.0,1,868,868,868,1154,1119,1176,1037,635,979,635,748,591,723,106,569,351,1072,53,778,71,1,1326,835,1188,871,1041,145,5,940,,16:11,1
2008-09,2243,Brian Scalabrine,Brian,1610612738,BOS,Boston Celtics,0040800116,2009-04-30T00:00:00,BOS @ CHI,L,19.848333333333333,2,6,0.333,1,3,0.333,2,2,1.0,1,1,2,0,0,0,1,1,3,2,7,-10,12.4,0,0,12.0,1,868,868,868,1016,875,846,1037,300,391,422,481,591,1,423,1051,973,1072,1046,778,189,1168,1025,597,853,1433,1029,145,5,1002,,19:51,1
2008-09,101144,Von Wafer,Von,1610612745,HOU,Houston Rockets,0040800176,2009-04-30T00:00:00,HOU vs. POR,W,16.416666666666668,2,5,0.4,1,2,0.5,0,0,0.0,0,1,1,1,0,0,0,0,0,1,5,6,7.7,0,0,8.0,1,1,1,1,1146,875,946,867,300,538,176,930,991,930,848,1051,1206,729,1046,778,505,1,1,835,1003,431,1234,145,5,1186,,16:25,1
2008-09,2754,Tony Allen,Tony,1610612738,BOS,Boston Celtics,0040800116,2009-04-30T00:00:00,BOS @ CHI,L,10.808333333333334,1,4,0.25,0,0,0.0,0,0,0.0,0,4,4,1,0,0,0,1,0,0,2,-11,8.3,0,0,7.0,1,868,868,868,1344,1119,1064,1224,635,979,635,930,991,930,848,403,588,729,1046,778,505,1168,1,1205,1253,1461,1209,145,5,1230,,10:49,1
2008-09,2584,Willie Green,Willie,1610612755,PHI,Philadelphia 76ers,0040800126,2009-04-30T00:00:00,PHI vs. ORL,L,20.1,2,8,0.25,0,0,0.0,0,0,0.0,0,1,1,2,1,0,0,0,1,1,4,-13,7.2,0,0,7.0,1,868,868,868,1007,875,660,1224,635,979,635,930,991,930,848,1051,1206,488,569,778,505,1,310,835,1077,1527,1253,145,5,1230,,20:06,1
2008-09,201587,Nicolas Batum,Nicolas,1610612757,POR,Portland Trail Blazers,0040800176,2009-04-30T00:00:00,POR @ HOU,L,2.65,2,3,0.667,1,1,1.0,0,0,0.0,1,0,1,0,0,0,0,0,0,0,5,4,6.2,0,0,7.0,1,868,868,868,1641,875,1176,194,300,730,1,930,991,930,423,1379,1206,1072,1046,778,505,1,1,1205,1003,525,1296,145,5,1230,,2:39,1
2008-09,201578,Marreese Speights,Marreese,1610612755,PHI,Philadelphia 76ers,0040800126,2009-04-30T00:00:00,PHI vs. ORL,L,13.816666666666666,1,3,0.333,0,0,0.0,2,2,1.0,2,0,2,0,0,0,0,2,1,1,4,-11,6.4,0,0,6.0,1,868,868,868,1242,1119,1176,1037,635,979,635,481,591,1,220,1379,973,1072,1046,778,505,1565,310,835,1077,1461,1284,145,5,1274,,13:49,1
2008-09,2767,Royal Ivey,Royal,1610612755,PHI,Philadelphia 76ers,0040800126,2009-04-30T00:00:00,PHI vs. ORL,L,7.761666666666667,1,3,0.333,1,2,0.5,1,2,0.5,0,0,0,0,0,0,0,0,2,1,4,-5,4.0,0,0,5.0,1,868,868,868,1435,1119,1176,1037,300,538,176,748,591,723,848,1379,1447,1072,1046,778,505,1,667,835,1077,1171,1425,145,5,1326,,7:46,1
2008-09,200778,James White,James,1610612745,HOU,Houston Rockets,0040800176,2009-04-30T00:00:00,HOU vs. POR,W,1.5,1,1,1.0,1,1,1.0,0,0,0.0,0,0,0,0,0,0,0,0,0,0,3,-4,3.0,0,0,4.0,1,1,1,1,1686,1119,1432,1,300,730,1,930,991,930,848,1379,1447,1072,1046,778,505,1,1,1205,1188,1113,1474,145,5,1395,,1:30,1
2008-09,200771,Sergio Rodriguez,Sergio,1610612757,POR,Portland Trail Blazers,0040800176,2009-04-30T00:00:00,POR @ HOU,L,5.29,0,0,0.0,0,0,0.0,0,0,0.0,0,1,1,2,0,0,0,0,0,0,0,3,4.2,0,0,3.0,1,868,868,868,1506,1397,1595,1397,635,979,635,930,991,930,848,1051,1206,488,1046,778,505,1,1,1205,1447,588,1414,145,5,1443,,5:17,1
2008-09,201573,Jerryd Bayless,Jerryd,1610612757,POR,Portland Trail Blazers,0040800176,2009-04-30T00:00:00,POR @ HOU,L,2.65,1,2,0.5,0,0,0.0,0,0,0.0,0,1,1,0,0,0,0,0,0,0,2,4,3.2,0,0,3.0,1,868,868,868,1641,1119,1295,492,635,979,635,930,991,930,848,1051,1206,1072,1046,778,505,1,1,1205,1253,525,1452,145,5,1443,,2:39,1
2008-09,689,Theo Ratliff,Theo,1610612755,PHI,Philadelphia 76ers,0040800126,2009-04-30T00:00:00,PHI vs. ORL,L,4.955,0,1,0.0,0,0,0.0,0,0,0.0,0,1,1,0,1,0,1,0,2,0,0,4,3.2,0,0,3.0,1,868,868,868,1526,1397,1432,1397,635,979,635,930,991,930,848,1051,1206,1072,569,778,189,1,667,1205,1447,525,1452,145,5,1443,,4:57,1
2008-09,923,Donyell Marshall,Donyell,1610612755,PHI,Philadelphia 76ers,0040800126,2009-04-30T00:00:00,PHI vs. ORL,L,3.795,0,0,0.0,0,0,0.0,0,0,0.0,0,2,2,0,0,0,0,0,0,0,0,7,2.4,0,0,2.0,1,868,868,868,1572,1397,1595,1397,635,979,635,930,991,930,848,788,973,1072,1046,778,505,1,1,1205,1447,402,1511,145,5,1494,,3:48,1
2008-09,2067,Eddie House,Eddie,1610612738,BOS,Boston Celtics,0040800116,2009-04-30T00:00:00,BOS @ CHI,L,9.763333333333334,1,4,0.25,0,2,0.0,0,0,0.0,0,0,0,0,0,0,0,0,2,0,2,11,2.0,0,0,2.0,1,868,868,868,1375,1119,1064,1224,635,538,635,930,991,930,848,1379,1447,1072,1046,778,505,1,667,1205,1253,260,1526,145,5,1494,,9:46,1
2008-09,101112,Channing Frye,Channing,1610612757,POR,Portland Trail Blazers,0040800176,2009-04-30T00:00:00,POR @ HOU,L,3.256666666666667,1,2,0.5,0,0,0.0,0,0,0.0,0,0,0,0,0,0,0,0,0,0,2,4,2.0,0,0,2.0,1,868,868,868,1605,1119,1295,492,635,979,635,930,991,930,848,1379,1447,1072,1046,778,505,1,1,1205,1253,525,1526,145,5,1494,,3:15,1
2008-09,283,Lindsey Hunter,Lindsey,1610612741,CHI,Chicago Bulls,0040800116,2009-04-30T00:00:00,CHI vs. BOS,W,4.451666666666667,0,0,0.0,0,0,0.0,1,2,0.5,0,0,0,0,0,0,0,0,2,3,1,-3,1.0,0,0,1.0,1,1,1,1,1540,1397,1595,1397,635,979,635,748,591,723,848,1379,1447,1072,1046,778,505,1,667,409,1430,1039,1586,145,5,1565,,4:27,1
2008-09,201189,Aaron Gray,Aaron,1610612741,CHI,Chicago Bulls,0040800116,2009-04-30T00:00:00,CHI vs. BOS,W,0.72,0,0,0.0,0,0,0.0,0,0,0.0,0,0,0,0,0,0,0,0,0,0,0,4,0.0,0,0,0.0,1,1,1,1,1712,1397,1595,1397,635,979,635,930,991,930,848,1379,1447,1072,1046,778,505,1,1,1205,1447,525,1610,145,5,1611,,0:43,1
2008-09,2669,Linton Johnson,Linton,1610612741,CHI,Chicago Bulls,0040800116,2009-04-30T00:00:00,CHI vs. BOS,W,0.25666666666666665,0,0,0.0,0,0,0.0,0,0,0.0,0,0,0,0,0,0,0,0,0,0,0,-2,0.0,0,0,0.0,1,1,1,1,1733,1397,1595,1397,635,979,635,930,991,930,848,1379,1447,1072,1046,778,505,1,1,1205,1447,949,1610,145,5,1611,,0:15,1
2008-09,950,Stephon Marbury,Stephon,1610612738,BOS,Boston Celtics,0040800116,2009-04-30T00:00:00,BOS @ CHI,L,7.971666666666667,0,3,0.0,0,1,0.0,0,0,0.0,0,0,0,0,0,0,0,0,1,1,0,-3,0.0,0,0,0.0,1,868,868,868,1427,1397,1176,1397,635,730,635,930,991,930,848,1379,1447,1072,1046,778,505,1,310,835,1447,1039,1610,145,5,1611,,7:58,1
2008-09,1630,Mikki Moore,Mikki,1610612738,BOS,Boston Celtics,0040800116,2009-04-30T00:00:00,BOS @ CHI,L,2.84,0,1,0.0,0,0,0.0,0,0,0.0,0,0,0,0,0,0,0,0,0,0,0,-3,0.0,0,0,0.0,1,868,868,868,1628,1397,1432,1397,635,979,635,930,991,930,848,1379,1447,1072,1046,778,505,1,1,1205,1447,1039,1610,145,5,1611,,2:50,1
2008-09,101236,Chuck Hayes,Chuck,1610612745,HOU,Houston Rockets,0040800176,2009-04-30T00:00:00,HOU vs. POR,W,1.5,0,0,0.0,0,0,0.0,0,0,0.0,0,0,0,0,0,0,0,0,0,0,0,-4,0.0,0,0,0.0,1,1,1,1,1686,1397,1595,1397,635,979,635,930,991,930,848,1379,1447,1072,1046,778,505,1,1,1205,1447,1113,1610,145,5,1611,,1:30,1
2008-09,2546,Carmelo Anthony,Carmelo,1610612743,DEN,Denver Nuggets,0040800155,2009-04-29T00:00:00,DEN vs. NOH,W,46.38333333333333,13,25,0.52,1,3,0.333,7,7,1.0,0,6,6,3,2,4,0,3,2,6,34,24,55.7,0,0,52.0,1,1,1,1,32,18,18,490,300,391,422,92,167,1,848,203,351,317,289,9,505,1698,667,131,31,50,45,145,5,48,,46:23,1
2008-09,2746,Josh Smith,Josh,1610612737,ATL,Atlanta Hawks,0040800135,2009-04-29T00:00:00,ATL vs. MIA,W,40.02166666666667,6,16,0.375,1,2,0.5,7,9,0.778,1,7,8,4,0,2,2,0,4,5,20,17,47.6,0,0,41.0,1,1,1,1,257,285,167,978,300,538,176,92,86,519,423,140,198,208,1046,89,71,1,1326,197,212,132,97,145,5,129,,40:01,1
2008-09,2561,David West,David,1610612740,NOH,New Orleans Hornets,0040800155,2009-04-29T00:00:00,NOH @ DEN,L,34.516666666666666,8,16,0.5,0,0,0.0,8,8,1.0,0,9,9,2,2,2,0,1,4,6,24,-9,41.8,0,0,39.0,1,868,868,868,485,143,167,492,635,979,635,68,118,1,848,68,149,488,289,89,505,1168,1326,131,124,1389,155,145,5,157,,34:31,1
2008-09,2207,Joe Johnson,Joe,1610612737,ATL,Atlanta Hawks,0040800135,2009-04-29T00:00:00,ATL vs. MIA,W,40.03333333333333,6,15,0.4,1,4,0.25,12,15,0.8,3,3,6,6,2,0,0,1,1,8,25,20,39.2,0,0,38.0,1,1,1,1,256,285,198,867,300,253,524,15,16,487,106,569,351,100,289,778,505,1168,310,56,108,83,199,145,5,169,,40:02,1
2008-09,2548,Dwyane Wade,Dwyane,1610612748,MIA,Miami Heat,0040800135,2009-04-29T00:00:00,MIA @ ATL,L,38.96666666666667,9,19,0.474,1,2,0.5,10,13,0.769,0,4,4,4,1,0,0,0,4,9,29,-20,38.8,0,0,38.0,1,868,868,868,304,97,91,706,300,538,176,39,29,529,848,403,588,208,569,778,505,1,1326,30,65,1654,203,145,5,169,,38:58,1
2008-09,101108,Chris Paul,Chris,1610612740,NOH,New Orleans Hornets,0040800155,2009-04-29T00:00:00,NOH @ DEN,L,46.38333333333333,5,16,0.313,1,3,0.333,1,3,0.333,0,6,6,10,3,3,0,2,3,3,12,-24,40.2,1,0,35.0,1,868,868,868,32,396,167,1153,300,391,422,748,510,902,848,203,351,20,132,31,505,1565,1025,409,532,1704,183,1,5,234,,46:23,1
2008-09,1497,Chauncey Billups,Chauncey,1610612743,DEN,Denver Nuggets,0040800155,2009-04-29T00:00:00,DEN vs. NOH,W,38.56666666666667,3,9,0.333,3,6,0.5,4,4,1.0,0,5,5,11,3,1,0,0,2,3,13,27,35.5,1,0,34.0,1,1,1,1,330,708,571,1037,59,97,176,259,355,1,848,281,442,13,132,300,505,1,667,409,470,30,288,1,5,263,,38:34,1
2008-09,2436,Flip Murray,Flip,1610612737,ATL,Atlanta Hawks,0040800135,2009-04-29T00:00:00,ATL vs. MIA,W,33.71666666666667,9,15,0.6,1,5,0.2,4,5,0.8,1,4,5,3,0,1,0,0,2,3,23,6,36.5,0,0,34.0,1,1,1,1,514,97,198,323,300,159,578,259,294,487,423,403,442,317,1046,300,505,1,667,409,146,431,258,145,5,263,,33:43,1
2008-09,2747,JR Smith,JR,1610612743,DEN,Denver Nuggets,0040800155,2009-04-29T00:00:00,DEN vs. NOH,W,27.645,7,12,0.583,5,8,0.625,1,2,0.5,1,2,3,3,2,1,0,0,3,1,20,12,29.1,0,0,33.0,1,1,1,1,751,199,364,378,12,38,149,748,591,723,423,788,748,317,289,300,505,1,1025,835,212,231,429,145,5,282,,27:39,1
2008-09,2030,Kenyon Martin,Kenyon,1610612743,DEN,Denver Nuggets,0040800155,2009-04-29T00:00:00,DEN vs. NOH,W,31.983333333333334,7,9,0.778,1,2,0.5,0,0,0.0,3,4,7,1,2,1,3,0,2,0,15,17,34.9,0,0,32.0,1,1,1,1,593,199,571,135,300,538,176,930,991,930,106,403,272,729,289,300,30,1,667,1205,367,132,299,145,5,310,,31:59,1
2008-09,1710,Mike Bibby,Mike,1610612737,ATL,Atlanta Hawks,0040800135,2009-04-29T00:00:00,ATL vs. MIA,W,26.35,6,9,0.667,1,2,0.5,4,4,1.0,1,2,3,3,1,0,0,0,4,2,17,19,24.1,0,0,24.0,1,1,1,1,805,285,571,194,300,538,176,259,355,1,423,788,748,317,569,778,505,1,1326,597,291,101,574,145,5,523,,26:21,1
2008-09,201563,Michael Beasley,Michael,1610612748,MIA,Miami Heat,0040800135,2009-04-29T00:00:00,MIA @ ATL,L,24.266666666666666,5,12,0.417,1,2,0.5,7,7,1.0,1,4,5,0,2,0,0,0,1,4,18,-14,22.0,0,0,24.0,1,868,868,868,873,396,364,841,300,538,176,92,167,1,423,403,442,1072,289,778,505,1,310,291,265,1552,651,145,5,523,,24:16,1
2008-09,1899,James Posey,James,1610612740,NOH,New Orleans Hornets,0040800155,2009-04-29T00:00:00,NOH @ DEN,L,31.183333333333334,5,13,0.385,1,6,0.167,7,7,1.0,2,1,3,1,1,0,0,2,1,4,18,-12,22.1,0,0,23.0,1,868,868,868,629,396,297,956,300,97,607,92,167,1,220,1051,748,729,569,778,505,1565,310,291,265,1497,644,145,5,561,,31:11,1
2008-09,978,Peja Stojakovic,Peja,1610612740,NOH,New Orleans Hornets,0040800155,2009-04-29T00:00:00,NOH @ DEN,L,41.46666666666667,5,12,0.417,1,6,0.167,1,1,1.0,1,3,4,1,1,1,1,0,3,2,12,-28,23.3,0,0,22.0,1,868,868,868,175,396,364,841,300,97,607,748,920,1,423,569,588,729,569,300,189,1,1025,597,532,1721,608,145,5,601,,41:28,1
2008-09,2365,Chris Andersen,Chris,1610612743,DEN,Denver Nuggets,0040800155,2009-04-29T00:00:00,DEN vs. NOH,W,24.883333333333333,3,5,0.6,0,0,0.0,3,4,0.75,1,6,7,0,0,0,2,0,3,5,9,17,23.4,0,0,20.0,1,1,1,1,848,708,946,323,635,979,635,367,355,532,423,203,272,1072,1046,778,71,1,1025,197,726,132,606,145,5,666,,24:53,1
2008-09,979,Jermaine O'Neal,Jermaine,1610612748,MIA,Miami Heat,0040800135,2009-04-29T00:00:00,MIA @ ATL,L,29.483333333333334,6,11,0.545,0,0,0.0,2,4,0.5,0,3,3,1,0,0,1,0,5,3,14,-10,22.1,0,0,20.0,1,868,868,868,690,285,430,448,635,979,635,481,355,723,848,569,748,729,1046,778,189,1,1564,409,416,1433,644,145,5,666,,29:29,1
2008-09,2403,Nene,ene,1610612743,DEN,Denver Nuggets,0040800155,2009-04-29T00:00:00,DEN vs. NOH,W,36.43333333333333,3,5,0.6,0,0,0.0,4,6,0.667,1,6,7,3,3,0,0,0,4,4,10,9,19.9,0,0,20.0,1,1,1,1,417,708,946,323,635,979,635,259,202,612,423,203,272,317,132,778,505,1,1326,291,663,328,717,145,5,666,,36:26,1
2008-09,2617,Udonis Haslem,Udonis,1610612748,MIA,Miami Heat,0040800135,2009-04-29T00:00:00,MIA @ ATL,L,37.166666666666664,4,6,0.667,0,0,0.0,3,4,0.75,3,5,8,0,0,0,0,0,3,2,11,-9,20.6,0,0,19.0,1,868,868,868,389,552,846,194,635,979,635,367,355,532,106,281,198,1072,1046,778,505,1,1025,597,612,1389,692,145,5,709,,37:10,1
2008-09,200756,Hilton Armstrong,Hilton,1610612740,NOH,New Orleans Hornets,0040800155,2009-04-29T00:00:00,NOH @ DEN,L,18.466666666666665,2,3,0.667,0,0,0.0,3,6,0.5,3,3,6,1,1,0,1,0,6,4,7,-1,17.7,0,0,16.0,1,868,868,868,1069,875,1176,194,635,979,635,367,202,723,106,569,351,729,569,778,189,1,1699,291,853,871,795,145,5,826,,18:28,1
2008-09,2592,James Jones,James,1610612748,MIA,Miami Heat,0040800135,2009-04-29T00:00:00,MIA @ ATL,L,41.95,1,2,0.5,1,2,0.5,3,4,0.75,1,1,2,4,2,1,0,0,3,4,6,-16,15.4,0,0,15.0,1,868,868,868,151,1119,1295,492,300,538,176,367,355,532,423,1051,973,208,289,300,505,1,1025,291,918,1591,904,145,5,864,,41:57,1
2008-09,201596,Mario Chalmers,Mario,1610612748,MIA,Miami Heat,0040800135,2009-04-29T00:00:00,MIA @ ATL,L,27.533333333333335,3,7,0.429,1,3,0.333,0,0,0.0,0,1,1,6,2,0,0,1,3,2,7,-12,15.2,0,0,15.0,1,868,868,868,758,708,764,810,300,391,422,930,991,930,848,1051,1206,100,289,778,505,1168,1025,597,853,1497,918,145,5,864,,27:32,1
2008-09,2585,Zaza Pachulia,Zaza,1610612737,ATL,Atlanta Hawks,0040800135,2009-04-29T00:00:00,ATL vs. MIA,W,23.55,1,2,0.5,0,0,0.0,4,4,1.0,4,2,6,2,0,0,0,0,3,3,6,0,16.2,0,0,14.0,1,1,1,1,897,1119,1295,492,635,979,635,259,355,1,56,788,351,488,1046,778,505,1,1025,409,918,769,868,145,5,905,,23:33,1
2008-09,2230,Maurice Evans,Maurice,1610612737,ATL,Atlanta Hawks,0040800135,2009-04-29T00:00:00,ATL vs. MIA,W,30.85,4,9,0.444,1,5,0.2,1,2,0.5,0,0,0,1,1,1,0,0,4,2,10,17,13.5,0,0,14.0,1,1,1,1,642,552,571,770,300,159,578,748,591,723,848,1379,1447,729,569,300,505,1,1326,597,663,132,992,145,5,905,,30:51,1
2008-09,1752,Sean Marks,Sean,1610612740,NOH,New Orleans Hornets,0040800155,2009-04-29T00:00:00,NOH @ DEN,L,22.183333333333334,1,2,0.5,0,0,0.0,2,2,1.0,2,3,5,0,2,2,0,0,2,2,4,-15,14.0,0,0,13.0,1,868,868,868,931,1119,1295,492,635,979,635,481,591,1,220,569,442,1072,289,89,505,1,667,597,1077,1570,965,145,5,940,,22:11,1
2008-09,2446,Rasual Butler,Rasual,1610612740,NOH,New Orleans Hornets,0040800155,2009-04-29T00:00:00,NOH @ DEN,L,31.116666666666667,3,11,0.273,0,4,0.0,1,1,1.0,2,0,2,1,3,0,1,1,2,1,7,-15,10.9,0,0,12.0,1,868,868,868,634,708,430,1212,635,253,635,748,920,1,220,1379,973,729,132,778,189,1168,667,835,853,1570,1110,145,5,1002,,31:07,1
2008-09,1853,Anthony Carter,Anthony,1610612743,DEN,Denver Nuggets,0040800155,2009-04-29T00:00:00,DEN vs. NOH,W,10.583333333333334,0,2,0.0,0,1,0.0,0,0,0.0,0,1,1,5,1,2,0,0,3,1,0,1,13.7,0,0,10.0,1,1,1,1,1354,1397,1295,1397,635,730,635,930,991,930,848,1051,1206,142,569,89,505,1,1025,835,1447,703,982,145,5,1103,,10:35,1
2008-09,200780,Solomon Jones,Solomon,1610612737,ATL,Atlanta Hawks,0040800135,2009-04-29T00:00:00,ATL vs. MIA,W,13.183333333333334,1,1,1.0,0,0,0.0,0,0,0.0,2,3,5,1,0,1,0,0,3,0,2,-1,12.5,0,0,10.0,1,1,1,1,1265,1119,1432,1,635,979,635,930,991,930,220,569,442,729,1046,300,505,1,1025,1205,1253,871,1026,145,5,1103,,13:11,1
2008-09,201143,Al Horford,Al,1610612737,ATL,Atlanta Hawks,0040800135,2009-04-29T00:00:00,ATL vs. MIA,W,11.583333333333334,1,1,1.0,0,0,0.0,1,2,0.5,0,4,4,2,0,0,0,0,2,1,3,13,10.8,0,0,9.0,1,1,1,1,1321,1119,1432,1,635,979,635,748,591,723,848,403,588,488,1046,778,505,1,667,835,1188,203,1114,145,5,1144,,11:35,1
2008-09,2563,Dahntay Jones,Dahntay,1610612743,DEN,Denver Nuggets,0040800155,2009-04-29T00:00:00,DEN vs. NOH,W,19.205,1,4,0.25,0,2,0.0,2,2,1.0,0,2,2,0,0,0,1,0,4,2,4,2,9.4,0,0,8.0,1,1,1,1,1037,1119,1064,1224,635,538,635,481,591,1,848,788,973,1072,1046,778,189,1,1326,597,1077,653,1161,145,5,1186,,19:12,1
2008-09,201161,Daequan Cook,Daequan,1610612748,MIA,Miami Heat,0040800135,2009-04-29T00:00:00,MIA @ ATL,L,21.383333333333333,1,4,0.25,0,2,0.0,0,0,0.0,1,3,4,0,0,0,0,0,4,0,2,-5,6.8,0,0,6.0,1,868,868,868,965,1119,1064,1224,635,538,635,930,991,930,423,569,588,1072,1046,778,505,1,1326,1205,1253,1171,1268,145,5,1274,,21:23,1
2008-09,200821,Yakhouba Diawara,Yakhouba,1610612748,MIA,Miami Heat,0040800135,2009-04-29T00:00:00,MIA @ ATL,L,3.6666666666666665,1,2,0.5,0,1,0.0,0,0,0.0,0,1,1,0,0,1,0,0,0,0,2,7,6.2,0,0,5.0,1,868,868,868,1575,1119,1295,492,635,730,635,930,991,930,848,1051,1206,1072,1046,300,505,1,1,1205,1253,402,1296,145,5,1326,,3:40,1
2008-09,101130,Johan Petro,Johan,1610612743,DEN,Denver Nuggets,0040800155,2009-04-29T00:00:00,DEN vs. NOH,W,1.6333333333333333,0,0,0.0,0,0,0.0,2,2,1.0,0,1,1,0,0,0,1,0,0,1,2,-1,6.2,0,0,5.0,1,1,1,1,1676,1397,1595,1397,635,979,635,481,591,1,848,1051,1206,1072,1046,778,189,1,1,835,1253,871,1296,145,5,1326,,1:38,1
2008-09,200809,Chris Quinn,Chris,1610612748,MIA,Miami Heat,0040800135,2009-04-29T00:00:00,MIA @ ATL,L,6.9,1,1,1.0,0,0,0.0,0,0,0.0,0,1,1,1,0,0,0,0,1,0,2,5,4.7,0,0,4.0,1,868,868,868,1457,1119,1432,1,635,979,635,930,991,930,848,1051,1206,729,1046,778,505,1,310,1205,1253,477,1382,145,5,1395,,6:54,1
2008-09,1498,Antonio Daniels,Antonio,1610612740,NOH,New Orleans Hornets,0040800155,2009-04-29T00:00:00,NOH @ DEN,L,9.1,0,1,0.0,0,1,0.0,2,2,1.0,0,0,0,0,0,0,0,0,0,1,2,0,2.0,0,0,2.0,1,868,868,868,1388,1397,1432,1397,635,730,635,481,591,1,848,1379,1447,1072,1046,778,505,1,1,835,1253,769,1526,145,5,1494,,9:06,1
2008-09,201202,Joel Anthony,Joel,1610612748,MIA,Miami Heat,0040800135,2009-04-29T00:00:00,MIA @ ATL,L,3.6666666666666665,0,0,0.0,0,0,0.0,0,0,0.0,0,0,0,1,0,0,0,0,0,0,0,7,1.5,0,0,1.0,1,868,868,868,1575,1397,1595,1397,635,979,635,930,991,930,848,1379,1447,729,1046,778,505,1,1,1205,1447,402,1550,145,5,1565,,3:40,1
2008-09,201238,Mario West,Mario,1610612737,ATL,Atlanta Hawks,0040800135,2009-04-29T00:00:00,ATL vs. MIA,W,11.0,0,0,0.0,0,0,0.0,0,0,0.0,0,0,0,1,0,0,0,0,0,0,0,-7,1.5,0,0,1.0,1,1,1,1,1338,1397,1595,1397,635,979,635,930,991,930,848,1379,1447,729,1046,778,505,1,1,1205,1447,1305,1550,145,5,1565,,11:00,1
2008-09,1763,Ryan Bowen,Ryan,1610612740,NOH,New Orleans Hornets,0040800155,2009-04-29T00:00:00,NOH @ DEN,L,1.6333333333333333,0,1,0.0,0,0,0.0,0,0,0.0,0,0,0,0,0,0,0,1,1,0,0,1,0.0,0,0,0.0,1,868,868,868,1676,1397,1432,1397,635,979,635,930,991,930,848,1379,1447,1072,1046,778,505,1168,310,1205,1447,703,1610,145,5,1611,,1:38,1
2008-09,200764,Renaldo Balkman,Renaldo,1610612743,DEN,Denver Nuggets,0040800155,2009-04-29T00:00:00,DEN vs. NOH,W,1.0666666666666667,0,1,0.0,0,1,0.0,0,0,0.0,0,0,0,0,0,0,0,0,0,0,0,0,0.0,0,0,0.0,1,1,1,1,1694,1397,1432,1397,635,730,635,930,991,930,848,1379,1447,1072,1046,778,505,1,1,1205,1447,769,1610,145,5,1611,,1:04,1
2008-09,201242,Thomas Gardner,Thomas,1610612737,ATL,Atlanta Hawks,0040800135,2009-04-29T00:00:00,ATL vs. MIA,W,1.3666666666666667,0,0,0.0,0,0,0.0,0,0,0.0,0,0,0,0,0,0,0,0,0,0,0,0,0.0,0,0,0.0,1,1,1,1,1689,1397,1595,1397,635,979,635,930,991,930,848,1379,1447,1072,1046,778,505,1,1,1205,1447,769,1610,145,5,1611,,1:22,1
2008-09,201153,Julian Wright,Julian,1610612740,NOH,New Orleans Hornets,0040800155,2009-04-29T00:00:00,NOH @ DEN,L,3.95,0,1,0.0,0,0,0.0,0,0,0.0,0,0,0,0,0,0,0,0,1,1,0,-2,0.0,0,0,0.0,1,868,868,868,1561,1397,1432,1397,635,979,635,930,991,930,848,1379,1447,1072,1046,778,505,1,310,835,1447,949,1610,145,5,1611,,3:57,1
2008-09,2078,Jason Hart,Jason,1610612743,DEN,Denver Nuggets,0040800155,2009-04-29T00:00:00,DEN vs. NOH,W,1.6166666666666667,0,0,0.0,0,0,0.0,0,0,0.0,0,0,0,0,0,0,0,0,1,0,0,-3,0.0,0,0,0.0,1,1,1,1,1679,1397,1595,1397,635,979,635,930,991,930,848,1379,1447,1072,1046,778,505,1,310,1205,1447,1039,1610,145,5,1611,,1:37,1
2008-09,201043,Randolph Morris,Randolph,1610612737,ATL,Atlanta Hawks,0040800135,2009-04-29T00:00:00,ATL vs. MIA,W,3.35,0,1,0.0,0,0,0.0,0,0,0.0,0,0,0,0,0,0,0,0,1,0,0,-4,0.0,0,0,0.0,1,1,1,1,1598,1397,1432,1397,635,979,635,930,991,930,848,1379,1447,1072,1046,778,505,1,310,1205,1447,1113,1610,145,5,1611,,3:21,1
2008-09,2048,Jamaal Magloire,Jamaal,1610612748,MIA,Miami Heat,0040800135,2009-04-29T00:00:00,MIA @ ATL,L,5.016666666666667,0,1,0.0,0,0,0.0,0,0,0.0,0,0,0,0,0,0,0,1,0,0,0,-8,0.0,0,0,0.0,1,868,868,868,1518,1397,1432,1397,635,979,635,930,991,930,848,1379,1447,1072,1046,778,505,1168,1,1205,1447,1347,1610,145,5,1611,,5:01,1
2008-09,201151,Acie Law,Acie,1610612737,ATL,Atlanta Hawks,0040800135,2009-04-29T00:00:00,ATL vs. MIA,W,4.995,0,1,0.0,0,1,0.0,0,0,0.0,0,0,0,0,1,0,0,0,0,0,0,-5,-1.0,0,0,0.0,1,1,1,1,1520,1397,1432,1397,635,730,635,930,991,930,848,1379,1447,1072,569,778,505,1,1,1205,1447,1171,1728,145,5,1611,,4:60,1
2008-09,2730,Dwight Howard,Dwight,1610612753,ORL,Orlando Magic,0040800125,2009-04-28T00:00:00,ORL vs. PHI,W,37.31,8,14,0.571,0,0,0.0,8,12,0.667,10,14,24,1,4,1,2,0,4,11,24,8,59.3,1,0,55.0,1,1,1,1,382,143,245,394,635,979,635,68,43,612,1,7,1,729,53,300,71,1,1326,12,124,362,28,1,5,25,,37:19,1
2008-09,2570,Kendrick Perkins,Kendrick,1610612738,BOS,Boston Celtics,0040800115,2009-04-28T00:00:00,BOS vs. CHI,W,48.336666666666666,7,13,0.538,0,0,0.0,2,4,0.5,3,16,19,2,2,1,7,1,0,3,16,-2,63.8,1,0,53.0,1,1,1,1,22,199,297,460,635,979,635,481,355,723,106,3,6,488,289,300,2,1168,1,409,334,949,16,1,5,35,,48:20,1
2008-09,200765,Rajon Rondo,Rajon,1610612738,BOS,Boston Celtics,0040800115,2009-04-28T00:00:00,BOS vs. CHI,W,49.11666666666667,12,22,0.545,2,2,1.0,2,4,0.5,2,6,8,11,4,2,0,2,4,3,28,3,56.1,1,0,53.0,1,1,1,1,16,25,44,448,139,538,1,481,355,723,220,203,198,13,53,89,505,1565,1326,409,74,588,41,1,5,35,,49:07,1
2008-09,1717,Dirk Nowitzki,Dirk,1610612742,DAL,Dallas Mavericks,0040800165,2009-04-28T00:00:00,DAL @ SAS,W,41.916666666666664,11,17,0.647,1,1,1.0,8,8,1.0,2,7,9,3,2,1,0,1,2,8,31,11,47.3,0,0,46.0,1,1,1,1,153,42,130,275,300,730,1,68,118,1,220,140,149,317,289,300,505,1168,667,56,48,260,100,145,5,84,,41:55,1
2008-09,1495,Tim Duncan,Tim,1610612759,SAS,San Antonio Spurs,0040800165,2009-04-28T00:00:00,SAS vs. DAL,L,41.18333333333333,14,21,0.667,0,0,0.0,2,6,0.333,2,6,8,1,0,1,2,0,1,7,30,-14,50.1,0,0,45.0,1,868,868,868,193,11,55,194,635,979,635,481,202,902,220,203,198,729,1046,300,71,1,310,81,58,1552,79,145,5,93,,41:11,1
2008-09,2225,Tony Parker,Tony,1610612759,SAS,San Antonio Spurs,0040800165,2009-04-28T00:00:00,SAS vs. DAL,L,44.96666666666667,11,21,0.524,0,4,0.0,4,4,1.0,1,3,4,12,7,0,0,0,5,4,26,-11,41.8,1,0,42.0,1,868,868,868,57,42,55,486,635,253,635,259,355,1,423,569,588,8,4,778,505,1,1564,291,94,1461,155,1,5,119,,44:58,1
2008-09,1718,Paul Pierce,Paul,1610612738,BOS,Boston Celtics,0040800115,2009-04-28T00:00:00,BOS vs. CHI,W,50.666666666666664,11,22,0.5,1,6,0.167,3,5,0.6,0,7,7,1,2,2,1,1,2,5,26,2,42.9,0,0,41.0,1,1,1,1,10,42,44,492,300,97,607,367,294,694,848,140,272,729,289,89,189,1168,667,197,94,653,140,145,5,129,,50:40,1
2008-09,200750,Brandon Roy,Brandon,1610612757,POR,Portland Trail Blazers,0040800175,2009-04-28T00:00:00,POR vs. HOU,W,38.86666666666667,9,20,0.45,2,4,0.5,5,6,0.833,1,3,4,3,2,2,1,0,1,5,25,20,41.3,0,0,40.0,1,1,1,1,309,97,72,767,139,253,176,182,202,442,423,569,588,317,289,89,189,1,310,197,108,83,163,145,5,142,,38:52,1
2008-09,2732,Ben Gordon,Ben,1610612741,CHI,Chicago Bulls,0040800115,2009-04-28T00:00:00,CHI @ BOS,L,50.8,6,21,0.286,3,10,0.3,11,12,0.917,0,3,3,6,1,0,1,0,3,7,26,-4,40.6,0,0,40.0,1,868,868,868,9,285,55,1183,59,11,512,28,43,389,848,569,748,100,569,778,189,1,1025,81,94,1113,175,145,5,142,,50:48,1
2008-09,2738,Andre Iguodala,Andre,1610612755,PHI,Philadelphia 76ers,0040800125,2009-04-28T00:00:00,PHI @ ORL,L,46.68333333333333,7,17,0.412,2,5,0.4,10,13,0.769,1,4,5,4,4,1,0,0,2,11,26,-13,37.0,0,0,39.0,1,868,868,868,28,199,130,861,139,159,374,39,29,529,423,403,442,208,53,300,505,1,667,12,94,1527,245,145,5,157,,46:41,1
2008-09,201565,Derrick Rose,Derrick,1610612741,CHI,Chicago Bulls,0040800115,2009-04-28T00:00:00,CHI @ BOS,L,45.233333333333334,7,16,0.438,0,1,0.0,0,0,0.0,4,4,8,6,6,3,1,2,5,2,14,0,38.6,0,0,36.0,1,868,868,868,50,199,167,800,635,730,635,930,991,930,56,403,198,100,13,31,189,1565,1564,597,416,769,208,145,5,206,,45:14,1
2008-09,200746,LaMarcus Aldridge,LaMarcus,1610612757,POR,Portland Trail Blazers,0040800175,2009-04-28T00:00:00,POR vs. HOU,W,41.03333333333333,11,20,0.55,0,1,0.0,3,5,0.6,2,5,7,2,2,1,0,0,1,7,25,3,37.4,0,0,36.0,1,1,1,1,204,42,72,444,635,730,635,367,294,694,220,281,272,488,289,300,505,1,310,81,108,588,234,145,5,206,,41:02,1
2008-09,1889,Andre Miller,Andre,1610612755,PHI,Philadelphia 76ers,0040800125,2009-04-28T00:00:00,PHI @ ORL,L,44.135,6,15,0.4,1,4,0.25,4,5,0.8,0,3,3,6,5,4,0,1,5,6,17,-11,36.6,0,0,35.0,1,868,868,868,73,285,198,867,300,253,524,259,294,487,848,569,748,100,21,9,505,1168,1564,131,291,1461,252,145,5,234,,44:08,1
2008-09,2572,Josh Howard,Josh,1610612742,DAL,Dallas Mavericks,0040800165,2009-04-28T00:00:00,DAL @ SAS,W,36.95,6,11,0.545,1,3,0.333,4,4,1.0,3,5,8,1,4,3,1,2,2,6,17,11,36.1,0,0,35.0,1,1,1,1,396,285,430,448,300,391,422,259,355,1,106,281,198,729,53,31,189,1565,667,131,291,260,271,145,5,234,,36:57,1
2008-09,1740,Rashard Lewis,Rashard,1610612753,ORL,Orlando Magic,0040800125,2009-04-28T00:00:00,ORL vs. PHI,W,39.483333333333334,9,16,0.563,3,5,0.6,3,3,1.0,2,2,4,2,3,1,0,0,4,6,24,3,31.8,0,0,35.0,1,1,1,1,285,97,167,422,59,159,151,367,510,1,220,788,588,488,132,300,505,1,1326,131,124,588,368,145,5,234,,39:29,1
2008-09,201149,Joakim Noah,Joakim,1610612741,CHI,Chicago Bulls,0040800115,2009-04-28T00:00:00,CHI @ BOS,L,42.70666666666666,4,9,0.444,0,0,0.0,3,4,0.75,6,11,17,1,0,1,0,2,4,2,11,4,35.9,1,0,31.0,1,868,868,868,125,552,571,770,635,979,635,367,355,532,10,35,11,729,1046,300,505,1565,1326,597,612,525,278,1,5,328,,42:42,1
2008-09,2422,John Salmons,John,1610612741,CHI,Chicago Bulls,0040800115,2009-04-28T00:00:00,CHI @ BOS,L,49.416666666666664,5,15,0.333,2,5,0.4,5,6,0.833,1,4,5,3,1,1,1,3,3,3,17,-3,32.5,0,0,31.0,1,868,868,868,13,396,198,1037,139,159,374,182,202,442,423,403,442,317,569,300,189,1698,1025,409,291,1039,350,145,5,328,,49:25,1
2008-09,201175,Glen Davis,Glen,1610612738,BOS,Boston Celtics,0040800115,2009-04-28T00:00:00,BOS vs. CHI,W,40.78333333333333,7,11,0.636,0,0,0.0,7,8,0.875,4,2,6,3,0,0,0,0,2,7,21,16,32.7,0,0,30.0,1,1,1,1,216,199,430,281,635,979,635,92,118,408,56,788,351,317,1046,778,505,1,667,81,183,154,345,145,5,359,,40:47,1
2008-09,467,Jason Kidd,Jason,1610612742,DAL,Dallas Mavericks,0040800165,2009-04-28T00:00:00,DAL @ SAS,W,41.233333333333334,4,11,0.364,4,9,0.444,0,0,0.0,1,2,3,5,0,3,0,0,4,1,12,12,32.1,0,0,30.0,1,1,1,1,187,552,430,1014,24,23,354,930,991,930,423,788,748,142,1046,31,505,1,1326,835,532,231,357,145,5,359,,41:14,1
2008-09,2550,Kirk Hinrich,Kirk,1610612741,CHI,Chicago Bulls,0040800115,2009-04-28T00:00:00,CHI @ BOS,L,30.883333333333333,6,12,0.5,3,6,0.5,4,4,1.0,0,4,4,0,1,1,1,0,3,2,19,4,28.8,0,0,30.0,1,868,868,868,640,285,364,492,59,97,176,259,355,1,848,403,588,1072,569,300,189,1,1025,597,236,525,435,145,5,359,,30:53,1
2008-09,2449,Luis Scola,Luis,1610612745,HOU,Houston Rockets,0040800175,2009-04-28T00:00:00,HOU @ POR,L,32.223333333333336,10,13,0.769,0,0,0.0,1,1,1.0,0,6,6,2,4,0,0,0,4,1,21,-8,27.2,0,0,29.0,1,868,868,868,580,65,297,142,635,979,635,748,920,1,848,203,351,488,53,778,505,1,1326,835,183,1347,476,145,5,384,,32:13,1
2008-09,1891,Jason Terry,Jason,1610612742,DAL,Dallas Mavericks,0040800165,2009-04-28T00:00:00,DAL @ SAS,W,32.96666666666667,7,14,0.5,3,5,0.6,2,2,1.0,0,2,2,4,0,0,0,0,2,2,19,-3,27.4,0,0,28.0,1,1,1,1,541,199,245,492,59,159,151,481,591,1,848,788,973,208,1046,778,505,1,667,597,236,1039,470,145,5,407,,32:58,1
2008-09,2397,Yao Ming,ao Ming,1610612745,HOU,Houston Rockets,0040800175,2009-04-28T00:00:00,HOU @ POR,L,39.57666666666667,7,12,0.583,0,0,0.0,1,1,1.0,0,12,12,0,2,0,0,1,2,3,15,-5,27.4,1,0,27.0,1,868,868,868,280,199,364,378,635,979,635,748,920,1,848,18,68,1072,289,778,505,1168,667,409,367,1171,470,1,5,435,,39:35,1
2008-09,2581,Steve Blake,Steve,1610612757,POR,Portland Trail Blazers,0040800175,2009-04-28T00:00:00,POR vs. HOU,W,39.75,5,7,0.714,2,2,1.0,3,4,0.75,2,5,7,3,1,0,0,0,1,4,15,10,26.9,0,0,27.0,1,1,1,1,272,396,764,176,139,538,1,367,355,532,220,281,272,317,569,778,505,1,310,291,367,293,483,145,5,435,,39:45,1
2008-09,956,Erick Dampier,Erick,1610612742,DAL,Dallas Mavericks,0040800165,2009-04-28T00:00:00,DAL @ SAS,W,40.65,4,6,0.667,0,0,0.0,3,7,0.429,4,8,12,1,2,0,1,0,4,4,11,12,27.9,1,0,26.0,1,1,1,1,222,552,846,194,635,979,635,367,167,891,56,90,68,729,289,778,189,1,1326,291,612,231,457,1,5,463,,40:39,1
2008-09,200748,Tyrus Thomas,Tyrus,1610612741,CHI,Chicago Bulls,0040800115,2009-04-28T00:00:00,CHI @ BOS,L,27.3,4,8,0.5,0,0,0.0,4,4,1.0,2,6,8,0,1,1,2,2,3,2,12,-10,29.6,0,0,26.0,1,868,868,868,770,552,660,492,635,979,635,259,355,1,220,203,198,1072,569,300,71,1565,1025,597,532,1433,420,145,5,463,,27:18,1
2008-09,1897,Metta World Peace,Metta,1610612745,HOU,Houston Rockets,0040800175,2009-04-28T00:00:00,HOU @ POR,L,39.51,3,9,0.333,2,5,0.4,2,2,1.0,1,3,4,5,4,2,0,1,1,1,10,-16,24.3,0,0,25.0,1,868,868,868,284,708,571,1037,139,159,374,481,591,1,423,569,588,142,53,89,505,1168,310,835,663,1591,566,145,5,496,,39:31,1
2008-09,200826,J.J. Barea,J.J.,1610612742,DAL,Dallas Mavericks,0040800165,2009-04-28T00:00:00,DAL @ SAS,W,26.083333333333332,3,9,0.333,1,2,0.5,3,4,0.75,0,5,5,5,1,1,0,1,1,3,10,18,25.5,0,0,23.0,1,1,1,1,812,708,571,1037,300,538,176,367,355,532,848,281,442,142,569,300,505,1168,310,409,663,118,524,145,5,561,,26:05,1
2008-09,1747,Rafer Alston,Rafer,1610612753,ORL,Orlando Magic,0040800125,2009-04-28T00:00:00,ORL vs. PHI,W,34.1,6,14,0.429,2,5,0.4,0,0,0.0,0,1,1,4,1,1,0,2,1,3,14,9,23.2,0,0,23.0,1,1,1,1,498,285,245,810,139,159,374,930,991,930,848,1051,1206,208,569,300,505,1565,310,409,416,328,612,145,5,561,,34:06,1
2008-09,2038,Joel Przybilla,Joel,1610612757,POR,Portland Trail Blazers,0040800175,2009-04-28T00:00:00,POR vs. HOU,W,32.711666666666666,2,3,0.667,0,0,0.0,0,0,0.0,1,5,6,4,0,2,2,0,2,1,4,6,29.2,0,0,22.0,1,1,1,1,553,875,1176,194,635,979,635,930,991,930,423,281,351,208,1046,89,71,1,667,835,1077,431,426,145,5,601,,32:43,1
2008-09,201164,Rudy Fernandez,Rudy,1610612757,POR,Portland Trail Blazers,0040800175,2009-04-28T00:00:00,POR vs. HOU,W,35.483333333333334,2,7,0.286,1,4,0.25,2,2,1.0,0,4,4,0,3,3,2,1,1,1,7,10,23.8,0,0,22.0,1,1,1,1,444,875,764,1183,300,253,524,481,591,1,848,403,588,1072,132,31,71,1168,310,835,853,293,591,145,5,601,,35:29,1
2008-09,2045,Hedo Turkoglu,Hedo,1610612753,ORL,Orlando Magic,0040800125,2009-04-28T00:00:00,ORL vs. PHI,W,39.96666666666667,3,14,0.214,1,5,0.2,2,2,1.0,0,5,5,4,2,1,0,0,5,3,9,16,22.0,0,0,21.0,1,1,1,1,258,708,245,1304,300,159,578,481,591,1,848,281,442,208,289,300,505,1,1564,409,726,154,651,145,5,634,,39:58,1
2008-09,201588,George Hill,George,1610612759,SAS,San Antonio Spurs,0040800165,2009-04-28T00:00:00,SAS vs. DAL,L,32.666666666666664,3,8,0.375,1,3,0.333,2,3,0.667,2,2,4,0,0,2,1,1,4,2,9,-5,22.8,0,0,20.0,1,868,868,868,556,708,660,978,300,391,422,481,510,612,220,788,588,1072,1046,89,189,1168,1326,597,726,1171,624,145,5,666,,32:40,1
2008-09,201152,Thaddeus Young,Thaddeus,1610612755,PHI,Philadelphia 76ers,0040800125,2009-04-28T00:00:00,PHI @ ORL,L,40.093333333333334,4,9,0.444,0,2,0.0,1,1,1.0,0,6,6,1,3,2,0,0,5,1,9,-10,20.7,0,0,20.0,1,868,868,868,249,552,571,770,635,538,635,748,920,1,848,203,351,729,132,89,505,1,1564,835,726,1433,686,145,5,666,,40:06,1
2008-09,201166,Aaron Brooks,Aaron,1610612745,HOU,Houston Rockets,0040800175,2009-04-28T00:00:00,HOU @ POR,L,34.63333333333333,6,20,0.3,1,8,0.125,0,0,0.0,0,1,1,5,2,0,0,3,3,1,13,-7,19.7,0,0,20.0,1,868,868,868,477,285,72,1168,300,38,629,930,991,930,848,1051,1206,142,289,778,505,1698,1025,835,470,1305,728,145,5,666,,34:38,1
2008-09,2584,Willie Green,Willie,1610612755,PHI,Philadelphia 76ers,0040800125,2009-04-28T00:00:00,PHI @ ORL,L,35.928333333333335,7,15,0.467,1,4,0.25,1,1,1.0,0,2,2,0,0,0,0,2,2,1,16,-9,18.4,0,0,19.0,1,868,868,868,431,199,198,719,300,253,524,748,920,1,848,788,973,1072,1046,778,505,1565,667,835,334,1389,768,145,5,709,,35:56,1
2008-09,2223,Samuel Dalembert,Samuel,1610612755,PHI,Philadelphia 76ers,0040800125,2009-04-28T00:00:00,PHI @ ORL,L,20.018333333333334,2,3,0.667,0,0,0.0,0,0,0.0,2,7,9,1,0,0,2,0,5,0,4,1,22.3,0,0,18.0,1,868,868,868,1010,875,1176,194,635,979,635,930,991,930,220,140,149,729,1046,778,71,1,1564,1205,1077,703,637,145,5,750,,20:01,1
2008-09,714,Michael Finley,Michael,1610612759,SAS,San Antonio Spurs,0040800165,2009-04-28T00:00:00,SAS vs. DAL,L,32.8,4,9,0.444,0,2,0.0,1,2,0.5,2,2,4,3,1,1,0,1,2,2,9,-8,20.3,0,0,18.0,1,868,868,868,549,552,571,770,635,538,635,748,591,723,220,788,588,317,569,300,505,1168,667,597,726,1347,703,145,5,750,,32:48,1
2008-09,2566,Travis Outlaw,Travis,1610612757,POR,Portland Trail Blazers,0040800175,2009-04-28T00:00:00,POR vs. HOU,W,26.916666666666668,4,13,0.308,1,3,0.333,1,2,0.5,0,5,5,0,0,1,0,0,1,2,10,-2,19.0,0,0,18.0,1,1,1,1,782,552,297,1156,300,391,422,748,591,723,848,281,442,1072,1046,300,505,1,310,597,663,949,746,145,5,750,,26:55,1
2008-09,951,Ray Allen,Ray,1610612738,BOS,Boston Celtics,0040800115,2009-04-28T00:00:00,BOS vs. CHI,W,26.45,3,8,0.375,2,4,0.5,2,3,0.667,0,1,1,2,2,0,1,0,6,4,10,10,15.2,0,0,17.0,1,1,1,1,800,708,660,978,139,253,176,481,510,612,848,1051,1206,488,289,778,189,1,1699,291,663,293,918,145,5,789,,26:27,1
2008-09,2203,Shane Battier,Shane,1610612745,HOU,Houston Rockets,0040800175,2009-04-28T00:00:00,HOU @ POR,L,41.821666666666665,1,3,0.333,0,1,0.0,2,2,1.0,0,4,4,3,1,1,1,0,4,1,4,-12,18.3,0,0,15.0,1,868,868,868,159,1119,1176,1037,635,730,635,481,591,1,848,403,588,317,569,300,189,1,1326,835,1077,1497,772,145,5,864,,41:49,1
2008-09,703,Kurt Thomas,Kurt,1610612759,SAS,San Antonio Spurs,0040800165,2009-04-28T00:00:00,SAS vs. DAL,L,22.0,2,3,0.667,0,0,0.0,2,2,1.0,1,4,5,0,1,0,2,0,4,2,6,-12,17.0,0,0,15.0,1,868,868,868,938,875,1176,194,635,979,635,481,591,1,423,403,442,1072,569,778,71,1,1326,597,918,1497,827,145,5,864,,22:00,1
2008-09,200755,JJ Redick,JJ,1610612753,ORL,Orlando Magic,0040800125,2009-04-28T00:00:00,ORL vs. PHI,W,29.85,1,5,0.2,1,4,0.25,3,3,1.0,0,0,0,2,1,2,0,0,1,1,6,11,14.0,0,0,13.0,1,1,1,1,680,1119,946,1308,300,253,524,367,510,1,848,1379,1447,488,569,89,505,1,310,835,918,260,965,145,5,940,,29:51,1
2008-09,2554,Mickael Pietrus,Mickael,1610612753,ORL,Orlando Magic,0040800125,2009-04-28T00:00:00,ORL vs. PHI,W,28.968333333333334,1,4,0.25,1,3,0.333,1,4,0.25,2,4,6,0,2,0,1,0,2,3,4,10,12.2,0,0,13.0,1,1,1,1,708,1119,1064,1224,300,391,422,748,355,918,220,403,351,1072,289,778,189,1,667,409,1077,293,1041,145,5,940,,28:58,1
2008-09,201141,Greg Oden,Greg,1610612757,POR,Portland Trail Blazers,0040800175,2009-04-28T00:00:00,POR vs. HOU,W,14.271666666666667,0,1,0.0,0,0,0.0,2,4,0.5,1,3,4,0,2,1,2,0,4,3,2,5,13.8,0,0,12.0,1,1,1,1,1220,1397,1432,1397,635,979,635,481,355,723,423,569,588,1072,289,300,71,1,1326,409,1253,477,979,145,5,1002,,14:16,1
2008-09,1802,Brad Miller,Brad,1610612741,CHI,Chicago Bulls,0040800115,2009-04-28T00:00:00,CHI @ BOS,L,17.908333333333335,2,4,0.5,1,1,1.0,0,2,0.0,1,3,4,2,3,0,0,0,2,2,5,1,9.8,0,0,12.0,1,868,868,868,1086,875,1064,492,300,730,1,930,591,930,423,569,588,488,132,778,505,1,667,597,1003,703,1145,145,5,1002,,17:55,1
2008-09,101162,Marcin Gortat,Marcin,1610612753,ORL,Orlando Magic,0040800125,2009-04-28T00:00:00,ORL vs. PHI,W,10.301666666666666,3,4,0.75,0,0,0.0,0,0,0.0,1,4,5,0,0,0,0,0,1,1,6,4,12.0,0,0,11.0,1,1,1,1,1358,708,1064,143,635,979,635,930,991,930,423,403,442,1072,1046,778,505,1,310,835,918,525,1054,145,5,1061,,10:18,1
2008-09,1477,Bruce Bowen,Bruce,1610612759,SAS,San Antonio Spurs,0040800165,2009-04-28T00:00:00,SAS vs. DAL,L,21.816666666666666,1,3,0.333,1,2,0.5,0,0,0.0,0,2,2,2,0,1,0,0,2,0,3,-13,11.4,0,0,10.0,1,868,868,868,951,1119,1176,1037,300,538,176,930,991,930,848,788,973,488,1046,300,505,1,667,1205,1188,1527,1084,145,5,1103,,21:49,1
2008-09,2137,Ime Udoka,Ime,1610612759,SAS,San Antonio Spurs,0040800165,2009-04-28T00:00:00,SAS vs. DAL,L,21.883333333333333,3,4,0.75,1,2,0.5,0,0,0.0,1,1,2,0,1,0,0,0,5,0,7,10,8.4,0,0,10.0,1,868,868,868,948,708,1064,143,300,538,176,930,991,930,423,1051,973,1072,569,778,505,1,1564,1205,853,293,1200,145,5,1103,,21:53,1
2008-09,101150,Lou Williams,Lou,1610612755,PHI,Philadelphia 76ers,0040800125,2009-04-28T00:00:00,PHI @ ORL,L,15.936666666666667,0,2,0.0,0,0,0.0,0,0,0.0,0,3,3,5,2,0,0,0,1,0,0,-6,9.1,0,0,8.0,1,868,868,868,1161,1397,1295,1397,635,979,635,930,991,930,848,569,748,142,289,778,505,1,310,1205,1447,1235,1172,145,5,1186,,15:56,1
2008-09,101144,Von Wafer,Von,1610612745,HOU,Houston Rockets,0040800175,2009-04-28T00:00:00,HOU @ POR,L,15.811666666666667,4,9,0.444,0,0,0.0,0,0,0.0,0,0,0,0,0,0,0,2,0,0,8,-1,8.0,0,0,8.0,1,868,868,868,1169,552,571,770,635,979,635,930,991,930,848,1379,1447,1072,1046,778,505,1565,1,1205,776,871,1224,145,5,1186,,15:49,1
2008-09,689,Theo Ratliff,Theo,1610612755,PHI,Philadelphia 76ers,0040800125,2009-04-28T00:00:00,PHI @ ORL,L,19.15,2,2,1.0,0,0,0.0,0,0,0.0,1,3,4,0,1,0,0,0,4,1,4,-1,7.8,0,0,8.0,1,868,868,868,1039,875,1295,1,635,979,635,930,991,930,423,569,588,1072,569,778,505,1,1326,835,1077,871,1230,145,5,1186,,19:09,1
2008-09,201171,Carl Landry,Carl,1610612745,HOU,Houston Rockets,0040800175,2009-04-28T00:00:00,HOU @ POR,L,12.616666666666667,1,3,0.333,0,0,0.0,2,4,0.5,0,2,2,0,2,1,0,0,5,2,4,6,7.4,0,0,8.0,1,868,868,868,1285,1119,1176,1037,635,979,635,481,355,723,848,788,973,1072,289,300,505,1,1564,597,1077,431,1243,145,5,1186,,12:37,1
2008-09,1533,Anthony Johnson,Anthony,1610612753,ORL,Orlando Magic,0040800125,2009-04-28T00:00:00,ORL vs. PHI,W,13.9,2,5,0.4,0,1,0.0,0,0,0.0,0,0,0,1,0,1,0,0,2,0,4,4,8.5,0,0,7.0,1,1,1,1,1238,875,946,867,635,730,635,930,991,930,848,1379,1447,729,1046,300,505,1,667,1205,1077,525,1195,145,5,1230,,13:54,1
2008-09,950,Stephon Marbury,Stephon,1610612738,BOS,Boston Celtics,0040800115,2009-04-28T00:00:00,BOS vs. CHI,W,12.401666666666667,1,5,0.2,1,1,1.0,0,0,0.0,0,1,1,2,0,0,0,1,1,0,3,-1,7.2,0,0,7.0,1,1,1,1,1291,1119,946,1308,300,730,1,930,991,930,848,1051,1206,488,1046,778,505,1168,310,1205,1188,871,1253,145,5,1230,,12:24,1
2008-09,101138,Brandon Bass,Brandon,1610612742,DAL,Dallas Mavericks,0040800165,2009-04-28T00:00:00,DAL @ SAS,W,12.9,3,6,0.5,0,0,0.0,0,0,0.0,0,1,1,0,1,0,0,1,3,0,6,1,6.2,0,0,7.0,1,1,1,1,1274,708,846,492,635,979,635,930,991,930,848,1051,1206,1072,569,778,505,1168,1025,1205,918,703,1296,145,5,1230,,12:54,1
2008-09,200768,Kyle Lowry,Kyle,1610612745,HOU,Houston Rockets,0040800175,2009-04-28T00:00:00,HOU @ POR,L,13.57,0,2,0.0,0,0,0.0,0,0,0.0,1,1,2,2,1,1,0,1,2,3,0,-6,7.4,0,0,6.0,1,868,868,868,1249,1397,1295,1397,635,979,635,930,991,930,423,1051,973,488,569,300,505,1168,667,409,1447,1235,1243,145,5,1274,,13:34,1
2008-09,2243,Brian Scalabrine,Brian,1610612738,BOS,Boston Celtics,0040800115,2009-04-28T00:00:00,BOS vs. CHI,W,10.466666666666667,1,4,0.25,0,2,0.0,0,0,0.0,0,1,1,2,0,0,0,0,2,0,2,-12,6.2,0,0,5.0,1,1,1,1,1355,1119,1064,1224,635,538,635,930,991,930,848,1051,1206,488,1046,778,505,1,667,1205,1253,1497,1296,145,5,1326,,10:28,1
2008-09,2588,Matt Bonner,Matt,1610612759,SAS,San Antonio Spurs,0040800165,2009-04-28T00:00:00,SAS vs. DAL,L,10.633333333333333,1,4,0.25,0,2,0.0,0,0,0.0,0,3,3,0,0,0,0,0,0,0,2,-6,5.6,0,0,5.0,1,868,868,868,1353,1119,1064,1224,635,538,635,930,991,930,848,569,748,1072,1046,778,505,1,1,1205,1253,1235,1334,145,5,1326,,10:38,1
2008-09,200771,Sergio Rodriguez,Sergio,1610612757,POR,Portland Trail Blazers,0040800175,2009-04-28T00:00:00,POR vs. HOU,W,5.183333333333334,0,1,0.0,0,0,0.0,0,0,0.0,0,0,0,2,0,0,1,0,1,1,0,0,6.0,0,0,4.0,1,1,1,1,1509,1397,1432,1397,635,979,635,930,991,930,848,1379,1447,488,1046,778,189,1,310,835,1447,769,1312,145,5,1395,,5:11,1
2008-09,101236,Chuck Hayes,Chuck,1610612745,HOU,Houston Rockets,0040800175,2009-04-28T00:00:00,HOU @ POR,L,8.423333333333334,0,0,0.0,0,0,0.0,0,0,0.0,0,4,4,0,0,0,0,0,3,0,0,-6,4.8,0,0,4.0,1,868,868,868,1413,1397,1595,1397,635,979,635,930,991,930,848,403,588,1072,1046,778,505,1,1025,1205,1447,1235,1380,145,5,1395,,8:25,1
2008-09,2427,Roger Mason Jr.,Roger,1610612759,SAS,San Antonio Spurs,0040800165,2009-04-28T00:00:00,SAS vs. DAL,L,12.05,0,2,0.0,0,1,0.0,1,2,0.5,0,1,1,1,0,0,0,0,1,1,1,-6,3.7,0,0,3.0,1,868,868,868,1300,1397,1295,1397,635,730,635,748,591,723,848,1051,1206,729,1046,778,505,1,310,835,1430,1235,1434,145,5,1443,,12:03,1
2008-09,2567,Brian Cook,Brian,1610612745,HOU,Houston Rockets,0040800175,2009-04-28T00:00:00,HOU @ POR,L,0.9066666666666666,1,2,0.5,0,1,0.0,0,0,0.0,1,0,1,0,0,0,0,0,0,0,2,0,3.2,0,0,3.0,1,868,868,868,1701,1119,1295,492,635,730,635,930,991,930,423,1379,1206,1072,1046,778,505,1,1,1205,1253,769,1452,145,5,1443,,0:54,1
2008-09,2754,Tony Allen,Tony,1610612738,BOS,Boston Celtics,0040800115,2009-04-28T00:00:00,BOS vs. CHI,W,17.105,0,0,0.0,0,0,0.0,0,0,0.0,0,1,1,1,0,0,0,0,2,1,0,-3,2.7,0,0,2.0,1,1,1,1,1118,1397,1595,1397,635,979,635,930,991,930,848,1051,1206,729,1046,778,505,1,667,835,1447,1039,1498,145,5,1494,,17:06,1
2008-09,2501,Reggie Evans,Reggie,1610612755,PHI,Philadelphia 76ers,0040800125,2009-04-28T00:00:00,PHI @ ORL,L,3.8783333333333334,1,1,1.0,0,0,0.0,0,0,0.0,0,0,0,0,0,0,0,0,1,0,2,-5,2.0,0,0,2.0,1,868,868,868,1565,1119,1432,1,635,979,635,930,991,930,848,1379,1447,1072,1046,778,505,1,310,1205,1253,1171,1526,145,5,1494,,3:53,1
2008-09,101120,Antoine Wright,Antoine,1610612742,DAL,Dallas Mavericks,0040800165,2009-04-28T00:00:00,DAL @ SAS,W,6.766666666666667,0,0,0.0,0,0,0.0,0,0,0.0,0,0,0,1,0,0,0,0,0,0,0,1,1.5,0,0,1.0,1,1,1,1,1459,1397,1595,1397,635,979,635,930,991,930,848,1379,1447,729,1046,778,505,1,1,1205,1447,703,1550,145,5,1565,,6:46,1
2008-09,283,Lindsey Hunter,Lindsey,1610612741,CHI,Chicago Bulls,0040800115,2009-04-28T00:00:00,CHI @ BOS,L,0.7516666666666667,0,0,0.0,0,0,0.0,0,0,0.0,0,1,1,0,0,0,0,0,0,0,0,-2,1.2,0,0,1.0,1,868,868,868,1709,1397,1595,1397,635,979,635,930,991,930,848,1051,1206,1072,1046,778,505,1,1,1205,1447,949,1567,145,5,1565,,0:45,1
2008-09,923,Donyell Marshall,Donyell,1610612755,PHI,Philadelphia 76ers,0040800125,2009-04-28T00:00:00,PHI @ ORL,L,8.286666666666667,0,3,0.0,0,2,0.0,0,0,0.0,0,1,1,0,0,0,0,0,2,1,0,-6,1.2,0,0,1.0,1,868,868,868,1419,1397,1176,1397,635,538,635,930,991,930,848,1051,1206,1072,1046,778,505,1,667,835,1447,1235,1567,145,5,1565,,8:17,1
2008-09,200797,Ryan Hollins,Ryan,1610612742,DAL,Dallas Mavericks,0040800165,2009-04-28T00:00:00,DAL @ SAS,W,0.5333333333333333,0,0,0.0,0,0,0.0,0,0,0.0,0,0,0,0,0,0,0,0,0,0,0,2,0.0,0,0,0.0,1,1,1,1,1723,1397,1595,1397,635,979,635,930,991,930,848,1379,1447,1072,1046,778,505,1,1,1205,1447,653,1610,145,5,1611,,0:32,1
2008-09,200778,James White,James,1610612745,HOU,Houston Rockets,0040800175,2009-04-28T00:00:00,HOU @ POR,L,0.9066666666666666,0,0,0.0,0,0,0.0,0,0,0.0,0,0,0,0,0,0,0,0,0,0,0,0,0.0,0,0,0.0,1,868,868,868,1701,1397,1595,1397,635,979,635,930,991,930,848,1379,1447,1072,1046,778,505,1,1,1205,1447,769,1610,145,5,1611,,0:54,1
2008-09,1499,Tony Battie,Tony,1610612753,ORL,Orlando Magic,0040800125,2009-04-28T00:00:00,ORL vs. PHI,W,0.25333333333333335,0,0,0.0,0,0,0.0,0,0,0.0,0,0,0,0,0,0,0,0,0,0,0,0,0.0,0,0,0.0,1,1,1,1,1735,1397,1595,1397,635,979,635,930,991,930,848,1379,1447,1072,1046,778,505,1,1,1205,1447,769,1610,145,5,1611,,0:15,1
2008-09,201584,Courtney Lee,Courtney,1610612753,ORL,Orlando Magic,0040800125,2009-04-28T00:00:00,ORL vs. PHI,W,5.866666666666666,0,0,0.0,0,0,0.0,0,0,0.0,0,0,0,0,0,0,0,0,1,0,0,0,0.0,0,0,0.0,1,1,1,1,1493,1397,1595,1397,635,979,635,930,991,930,848,1379,1447,1072,1046,778,505,1,310,1205,1447,769,1610,145,5,1611,,5:52,1
2008-09,2067,Eddie House,Eddie,1610612738,BOS,Boston Celtics,0040800115,2009-04-28T00:00:00,BOS vs. CHI,W,9.673333333333334,0,1,0.0,0,1,0.0,0,0,0.0,0,0,0,0,0,0,0,1,1,0,0,-3,0.0,0,0,0.0,1,1,1,1,1377,1397,1432,1397,635,730,635,930,991,930,848,1379,1447,1072,1046,778,505,1168,310,1205,1447,1039,1610,145,5,1611,,9:40,1
2008-09,2767,Royal Ivey,Royal,1610612755,PHI,Philadelphia 76ers,0040800125,2009-04-28T00:00:00,PHI @ ORL,L,5.89,0,1,0.0,0,1,0.0,0,0,0.0,0,0,0,0,0,0,0,0,1,0,0,-5,0.0,0,0,0.0,1,868,868,868,1492,1397,1432,1397,635,730,635,930,991,930,848,1379,1447,1072,1046,778,505,1,310,1205,1447,1171,1610,145,5,1611,,5:53,1
2008-09,201587,Nicolas Batum,Nicolas,1610612757,POR,Portland Trail Blazers,0040800175,2009-04-28T00:00:00,POR vs. HOU,W,5.783333333333333,0,0,0.0,0,0,0.0,0,0,0.0,0,0,0,0,1,0,0,0,0,0,0,3,-1.0,0,0,0.0,1,1,1,1,1495,1397,1595,1397,635,979,635,930,991,930,848,1379,1447,1072,569,778,505,1,1,1205,1447,588,1728,145,5,1611,,5:47,1
2008-09,1885,Lamar Odom,Lamar,1610612747,LAL,Los Angeles Lakers,0040800145,2009-04-27T00:00:00,LAL vs. UTA,W,38.483333333333334,10,15,0.667,2,4,0.5,4,6,0.667,5,10,15,4,3,0,3,0,2,4,26,17,56.0,1,0,53.0,1,1,1,1,336,65,198,194,139,253,176,259,202,612,22,50,23,208,132,778,30,1,667,291,94,132,42,1,5,35,,38:29,1
2008-09,977,Kobe Bryant,Kobe,1610612747,LAL,Los Angeles Lakers,0040800145,2009-04-27T00:00:00,LAL vs. UTA,W,42.5,10,21,0.476,3,4,0.75,8,9,0.889,0,2,2,4,5,4,1,1,2,7,31,18,49.4,0,0,50.0,1,1,1,1,132,65,55,703,59,253,96,68,86,397,848,788,973,208,21,9,189,1168,667,81,48,118,84,145,5,58,,42:30,1
2008-09,2546,Carmelo Anthony,Carmelo,1610612743,DEN,Denver Nuggets,0040800154,2009-04-27T00:00:00,DEN @ NOH,W,35.835,9,17,0.529,2,3,0.667,6,7,0.857,2,4,6,7,2,2,2,0,3,7,26,36,53.7,0,0,49.0,1,1,1,1,433,97,130,475,139,391,116,132,167,425,220,403,351,63,289,89,71,1,1025,81,94,4,56,145,5,63,,35:50,1
2008-09,2548,Dwyane Wade,Dwyane,1610612748,MIA,Miami Heat,0040800134,2009-04-27T00:00:00,MIA vs. ATL,L,44.85,9,26,0.346,1,8,0.125,3,4,0.75,2,4,6,7,4,0,1,1,4,4,22,-4,38.7,0,0,38.0,1,868,868,868,60,97,16,1036,300,38,629,367,355,532,220,403,351,63,53,778,189,1168,1326,291,165,1113,205,145,5,169,,44:51,1
2008-09,2585,Zaza Pachulia,Zaza,1610612737,ATL,Atlanta Hawks,0040800134,2009-04-27T00:00:00,ATL @ MIA,W,33.983333333333334,5,8,0.625,0,0,0.0,2,4,0.5,6,12,18,1,1,2,0,2,4,6,12,20,40.1,1,0,35.0,1,1,1,1,503,396,660,290,635,979,635,481,355,723,10,18,7,729,569,89,505,1565,1326,131,532,83,184,1,5,234,,33:59,1
2008-09,2746,Josh Smith,Josh,1610612737,ATL,Atlanta Hawks,0040800134,2009-04-27T00:00:00,ATL @ MIA,W,40.166666666666664,4,14,0.286,0,3,0.0,5,7,0.714,2,5,7,4,4,1,4,0,3,7,13,20,38.4,0,0,34.0,1,1,1,1,246,552,245,1183,635,391,635,182,167,598,220,281,272,208,53,300,11,1,1025,81,470,83,211,145,5,263,,40:10,1
2008-09,2200,Pau Gasol,Pau,1610612747,LAL,Los Angeles Lakers,0040800145,2009-04-27T00:00:00,LAL vs. UTA,W,36.31666666666667,6,13,0.462,0,0,0.0,5,8,0.625,3,8,11,4,1,0,0,0,4,5,17,9,35.2,1,0,32.0,1,1,1,1,419,285,297,727,635,979,635,182,118,676,106,90,83,208,569,778,505,1,1326,197,291,328,295,1,5,310,,36:19,1
2008-09,1497,Chauncey Billups,Chauncey,1610612743,DEN,Denver Nuggets,0040800154,2009-04-27T00:00:00,DEN @ NOH,W,30.016666666666666,5,11,0.455,2,4,0.5,5,5,1.0,0,3,3,8,1,1,0,1,3,2,17,39,34.6,0,0,32.0,1,1,1,1,671,396,430,744,139,253,176,182,294,1,848,569,748,38,569,300,505,1168,1025,597,291,1,305,145,5,310,,30:01,1
2008-09,2772,Trevor Ariza,Trevor,1610612747,LAL,Los Angeles Lakers,0040800145,2009-04-27T00:00:00,LAL vs. UTA,W,27.49,4,6,0.667,2,4,0.5,2,4,0.5,2,5,7,4,4,1,2,0,4,2,12,8,31.4,0,0,31.0,1,1,1,1,761,552,846,194,139,253,176,481,355,723,220,281,272,208,53,300,71,1,1326,597,532,362,386,145,5,328,,27:29,1
2008-09,979,Jermaine O'Neal,Jermaine,1610612748,MIA,Miami Heat,0040800134,2009-04-27T00:00:00,MIA vs. ATL,L,41.68833333333333,7,11,0.636,0,0,0.0,6,10,0.6,1,5,6,2,2,1,0,3,1,8,20,-1,31.2,0,0,30.0,1,868,868,868,163,199,430,281,635,979,635,132,68,694,423,281,351,488,289,300,505,1698,310,56,212,871,392,145,5,359,,41:41,1
2008-09,200794,Paul Millsap,Paul,1610612762,UTA,Utah Jazz,0040800145,2009-04-27T00:00:00,UTA @ LAL,L,31.233333333333334,6,11,0.545,0,0,0.0,4,7,0.571,2,4,6,2,0,2,0,2,1,4,16,-8,32.2,0,0,28.0,1,868,868,868,626,285,430,448,635,979,635,259,167,713,220,403,351,488,1046,89,505,1565,310,291,334,1347,355,145,5,407,,31:14,1
2008-09,1710,Mike Bibby,Mike,1610612737,ATL,Atlanta Hawks,0040800134,2009-04-27T00:00:00,ATL @ MIA,W,42.80166666666667,5,10,0.5,3,3,1.0,2,2,1.0,0,3,3,3,4,2,0,0,4,4,15,11,25.1,0,0,28.0,1,1,1,1,118,396,492,492,59,391,1,481,591,1,848,569,748,317,53,89,505,1,1326,291,367,260,541,145,5,407,,42:48,1
2008-09,1899,James Posey,James,1610612740,NOH,New Orleans Hornets,0040800154,2009-04-27T00:00:00,NOH vs. DEN,L,22.866666666666667,4,8,0.5,1,3,0.333,3,4,0.75,2,5,7,0,4,3,0,1,4,3,12,-21,25.4,0,0,26.0,1,868,868,868,912,552,660,492,300,391,422,367,355,532,220,281,272,1072,53,31,505,1168,1326,409,532,1678,531,145,5,463,,22:52,1
2008-09,2592,James Jones,James,1610612748,MIA,Miami Heat,0040800134,2009-04-27T00:00:00,MIA vs. ATL,L,29.613333333333333,4,5,0.8,3,4,0.75,8,9,0.889,0,1,1,0,1,1,0,0,6,6,19,5,22.2,0,0,25.0,1,868,868,868,687,552,946,123,59,253,96,68,86,397,848,1051,1206,1072,569,300,505,1,1699,131,236,477,639,145,5,496,,29:37,1
2008-09,2594,Kyle Korver,Kyle,1610612762,UTA,Utah Jazz,0040800145,2009-04-27T00:00:00,UTA @ LAL,L,22.336666666666666,4,10,0.4,3,6,0.5,0,0,0.0,1,4,5,3,0,1,0,1,2,2,11,-2,24.5,0,0,24.0,1,868,868,868,927,552,492,867,59,97,176,930,991,930,423,403,442,317,1046,300,505,1168,667,597,612,949,559,145,5,523,,22:20,1
2008-09,1905,Andrei Kirilenko,Andrei,1610612762,UTA,Utah Jazz,0040800145,2009-04-27T00:00:00,UTA @ LAL,L,31.383333333333333,6,13,0.462,0,2,0.0,2,2,1.0,0,0,0,1,0,4,0,1,2,1,14,-9,27.5,0,0,23.0,1,868,868,868,618,285,297,727,635,538,635,481,591,1,848,1379,1447,729,1046,9,505,1168,667,835,416,1389,468,145,5,561,,31:23,1
2008-09,2365,Chris Andersen,Chris,1610612743,DEN,Denver Nuggets,0040800154,2009-04-27T00:00:00,DEN @ NOH,W,22.796666666666667,3,3,1.0,0,0,0.0,5,6,0.833,2,6,8,0,0,0,2,0,2,4,11,22,26.6,0,0,23.0,1,1,1,1,915,708,1176,1,635,979,635,182,202,442,220,203,198,1072,1046,778,71,1,667,291,612,61,491,145,5,561,,22:48,1
2008-09,101114,Deron Williams,Deron,1610612762,UTA,Utah Jazz,0040800145,2009-04-27T00:00:00,UTA @ LAL,L,32.6,4,12,0.333,1,4,0.25,5,6,0.833,0,2,2,6,4,0,0,1,3,3,14,-16,21.4,0,0,23.0,1,868,868,868,561,552,364,1037,300,253,524,182,202,442,848,788,973,100,53,778,505,1168,1025,409,416,1591,666,145,5,561,,32:36,1
2008-09,101132,Linas Kleiza,Linas,1610612743,DEN,Denver Nuggets,0040800154,2009-04-27T00:00:00,DEN @ NOH,W,15.448333333333334,4,7,0.571,3,6,0.5,3,4,0.75,0,3,3,1,1,1,0,0,1,2,14,24,21.1,0,0,23.0,1,1,1,1,1182,552,764,394,59,97,176,367,355,532,848,569,748,729,569,300,505,1,310,597,416,50,674,145,5,561,,15:27,1
2008-09,2403,Nene,ene,1610612743,DEN,Denver Nuggets,0040800154,2009-04-27T00:00:00,DEN @ NOH,W,15.953333333333333,5,5,1.0,0,0,0.0,3,4,0.75,0,2,2,1,2,2,1,0,4,3,13,25,23.9,0,0,22.0,1,1,1,1,1159,396,946,1,635,979,635,367,355,532,848,788,973,729,289,89,189,1,1326,409,470,43,586,145,5,601,,15:57,1
2008-09,2207,Joe Johnson,Joe,1610612737,ATL,Atlanta Hawks,0040800134,2009-04-27T00:00:00,ATL @ MIA,W,42.975,5,12,0.417,0,1,0.0,4,6,0.667,0,1,1,5,3,1,0,0,3,5,14,11,22.7,0,0,22.0,1,1,1,1,116,396,364,841,635,730,635,259,202,612,848,1051,1206,142,132,300,505,1,1025,197,416,260,632,145,5,601,,42:59,1
2008-09,2246,Mehmet Okur,Mehmet,1610612762,UTA,Utah Jazz,0040800145,2009-04-27T00:00:00,UTA @ LAL,L,30.4,2,9,0.222,1,2,0.5,3,4,0.75,1,7,8,2,2,0,1,1,4,3,8,-2,21.6,0,0,21.0,1,868,868,868,653,875,571,1293,300,538,176,367,355,532,423,140,198,488,289,778,189,1168,1326,409,776,949,662,145,5,634,,30:24,1
2008-09,2747,JR Smith,JR,1610612743,DEN,Denver Nuggets,0040800154,2009-04-27T00:00:00,DEN @ NOH,W,21.433333333333334,5,8,0.625,2,4,0.5,0,0,0.0,0,1,1,4,2,1,0,0,3,1,12,19,20.2,0,0,21.0,1,1,1,1,963,396,660,290,139,253,176,930,991,930,848,1051,1206,208,289,300,505,1,1025,835,532,101,706,145,5,634,,21:26,1
2008-09,2430,Carlos Boozer,Carlos,1610612762,UTA,Utah Jazz,0040800145,2009-04-27T00:00:00,UTA @ LAL,L,30.066666666666666,3,8,0.375,0,0,0.0,4,6,0.667,1,8,9,1,1,0,0,1,2,5,10,-11,21.3,0,0,20.0,1,868,868,868,668,708,660,978,635,979,635,259,202,612,423,90,149,729,569,778,505,1168,667,197,663,1461,669,145,5,666,,30:04,1
2008-09,200758,Ronnie Brewer,Ronnie,1610612762,UTA,Utah Jazz,0040800145,2009-04-27T00:00:00,UTA @ LAL,L,34.83,5,10,0.5,0,0,0.0,0,0,0.0,3,3,6,2,3,1,0,1,3,1,10,4,20.2,0,0,20.0,1,868,868,868,468,396,492,492,635,979,635,930,991,930,106,569,351,488,132,300,505,1168,1025,835,663,525,706,145,5,666,,34:50,1
2008-09,2563,Dahntay Jones,Dahntay,1610612743,DEN,Denver Nuggets,0040800154,2009-04-27T00:00:00,DEN @ NOH,W,26.216666666666665,5,9,0.556,1,2,0.5,1,2,0.5,2,3,5,0,1,1,0,0,3,2,12,34,20.0,0,0,20.0,1,1,1,1,810,396,571,427,300,538,176,748,591,723,220,569,442,1072,569,300,505,1,1025,597,532,6,714,145,5,666,,26:13,1
2008-09,2436,Flip Murray,Flip,1610612737,ATL,Atlanta Hawks,0040800134,2009-04-27T00:00:00,ATL @ MIA,W,33.75,3,10,0.3,1,4,0.25,4,4,1.0,2,3,5,2,0,0,0,1,0,2,11,5,20.0,0,0,19.0,1,1,1,1,512,708,492,1168,300,253,524,259,355,1,220,569,442,488,1046,778,505,1168,1,597,612,477,714,145,5,709,,33:45,1
2008-09,101179,Ronnie Price,Ronnie,1610612762,UTA,Utah Jazz,0040800145,2009-04-27T00:00:00,UTA @ LAL,L,14.033333333333333,3,9,0.333,0,2,0.0,2,2,1.0,3,0,3,5,0,1,0,0,4,2,8,10,22.1,0,0,18.0,1,868,868,868,1232,708,571,1037,635,538,635,481,591,1,106,1379,748,142,1046,300,505,1,1326,597,776,293,644,145,5,750,,14:02,1
2008-09,2756,Sasha Vujacic,Sasha,1610612747,LAL,Los Angeles Lakers,0040800145,2009-04-27T00:00:00,LAL vs. UTA,W,23.976666666666667,2,10,0.2,2,5,0.4,0,0,0.0,1,2,3,1,2,2,1,0,2,0,6,-2,18.1,0,0,18.0,1,1,1,1,883,875,492,1308,139,159,374,930,991,930,423,788,748,729,289,89,189,1,667,1205,918,949,780,145,5,750,,23:59,1
2008-09,978,Peja Stojakovic,Peja,1610612740,NOH,New Orleans Hornets,0040800154,2009-04-27T00:00:00,NOH vs. DEN,L,30.016666666666666,2,9,0.222,0,5,0.0,6,6,1.0,2,3,5,0,2,1,0,1,3,3,10,-39,17.0,0,0,17.0,1,868,868,868,671,875,571,1293,635,159,635,132,202,1,220,569,442,1072,289,300,505,1168,1025,409,663,1741,827,145,5,789,,30:01,1
2008-09,2561,David West,David,1610612740,NOH,New Orleans Hornets,0040800154,2009-04-27T00:00:00,NOH vs. DEN,L,30.416666666666668,4,10,0.4,0,0,0.0,6,6,1.0,0,3,3,0,4,0,0,0,3,4,14,-38,13.6,0,0,17.0,1,868,868,868,651,552,492,867,635,979,635,132,202,1,848,569,748,1072,53,778,505,1,1025,291,416,1739,986,145,5,789,,30:25,1
2008-09,2030,Kenyon Martin,Kenyon,1610612743,DEN,Denver Nuggets,0040800154,2009-04-27T00:00:00,DEN @ NOH,W,32.88333333333333,3,8,0.375,0,1,0.0,0,0,0.0,1,4,5,3,1,1,0,0,2,0,6,37,18.5,0,0,16.0,1,1,1,1,545,708,660,978,635,730,635,930,991,930,423,403,442,317,569,300,505,1,667,1205,918,2,764,145,5,826,,32:53,1
2008-09,201596,Mario Chalmers,Mario,1610612748,MIA,Miami Heat,0040800134,2009-04-27T00:00:00,MIA vs. ATL,L,38.781666666666666,1,4,0.25,0,1,0.0,2,3,0.667,0,3,3,1,4,4,0,0,4,4,4,-9,17.1,0,0,16.0,1,868,868,868,318,1119,1064,1224,635,730,635,481,510,612,848,569,748,729,53,9,505,1,1326,291,1077,1389,824,145,5,826,,38:47,1
2008-09,2446,Rasual Butler,Rasual,1610612740,NOH,New Orleans Hornets,0040800154,2009-04-27T00:00:00,NOH vs. DEN,L,25.133333333333333,2,6,0.333,1,3,0.333,4,4,1.0,0,4,4,0,1,0,1,0,1,3,9,-18,15.8,0,0,16.0,1,868,868,868,841,875,846,1037,300,391,422,259,355,1,848,403,588,1072,569,778,189,1,310,409,726,1630,885,145,5,826,,25:08,1
2008-09,101108,Chris Paul,Chris,1610612740,NOH,New Orleans Hornets,0040800154,2009-04-27T00:00:00,NOH vs. DEN,L,36.0,2,7,0.286,0,1,0.0,0,0,0.0,0,2,2,6,6,2,0,1,0,5,4,-38,15.4,0,0,16.0,1,868,868,868,428,875,764,1183,635,730,635,930,991,930,848,788,973,100,13,89,505,1168,1,197,1077,1739,904,145,5,826,,36:00,1
2008-09,2617,Udonis Haslem,Udonis,1610612748,MIA,Miami Heat,0040800134,2009-04-27T00:00:00,MIA vs. ATL,L,36.833333333333336,2,8,0.25,0,0,0.0,0,0,0.0,3,6,9,0,0,0,1,0,3,2,4,7,17.8,0,0,15.0,1,868,868,868,402,875,660,1224,635,979,635,930,991,930,106,203,149,1072,1046,778,189,1,1025,597,1077,402,791,145,5,864,,36:50,1
2008-09,965,Derek Fisher,Derek,1610612747,LAL,Los Angeles Lakers,0040800145,2009-04-27T00:00:00,LAL vs. UTA,W,28.883333333333333,2,5,0.4,0,2,0.0,5,6,0.833,0,1,1,3,0,1,0,0,4,3,9,12,17.7,0,0,15.0,1,1,1,1,710,875,946,867,635,538,635,182,202,442,848,1051,1206,317,1046,300,505,1,1326,409,726,231,795,145,5,864,,28:53,1
2008-09,2230,Maurice Evans,Maurice,1610612737,ATL,Atlanta Hawks,0040800134,2009-04-27T00:00:00,ATL @ MIA,W,20.341666666666665,4,6,0.667,1,3,0.333,1,1,1.0,0,2,2,0,1,1,0,0,4,1,10,16,14.4,0,0,15.0,1,1,1,1,1001,552,846,194,300,391,422,748,920,1,848,788,973,1072,569,300,505,1,1326,835,663,154,947,145,5,864,,20:21,1
2008-09,2078,Jason Hart,Jason,1610612743,DEN,Denver Nuggets,0040800154,2009-04-27T00:00:00,DEN @ NOH,W,7.116666666666666,1,1,1.0,0,0,0.0,0,0,0.0,0,2,2,2,0,2,1,0,2,0,2,8,16.4,0,0,12.0,1,1,1,1,1449,1119,1432,1,635,979,635,930,991,930,848,788,973,488,1046,89,189,1,667,1205,1253,362,858,145,5,1002,,7:07,1
2008-09,200764,Renaldo Balkman,Renaldo,1610612743,DEN,Denver Nuggets,0040800154,2009-04-27T00:00:00,DEN @ NOH,W,10.733333333333333,2,2,1.0,0,0,0.0,0,0,0.0,1,2,3,1,0,2,0,0,1,1,4,21,15.1,0,0,12.0,1,1,1,1,1349,875,1295,1,635,979,635,930,991,930,423,788,748,729,1046,89,505,1,310,835,1077,74,922,145,5,1002,,10:44,1
2008-09,1498,Antonio Daniels,Antonio,1610612740,NOH,New Orleans Hornets,0040800154,2009-04-27T00:00:00,NOH vs. DEN,L,17.583333333333332,0,2,0.0,0,0,0.0,5,6,0.833,0,0,0,2,3,2,0,1,0,4,5,-20,11.0,0,0,11.0,1,868,868,868,1096,1397,1295,1397,635,979,635,182,202,442,848,1379,1447,488,132,89,505,1168,1,291,1003,1654,1104,145,5,1061,,17:35,1
2008-09,101115,Andrew Bynum,Andrew,1610612747,LAL,Los Angeles Lakers,0040800145,2009-04-27T00:00:00,LAL vs. UTA,W,11.683333333333334,0,3,0.0,0,0,0.0,2,2,1.0,3,2,5,0,0,0,1,0,2,1,2,2,11.0,0,0,9.0,1,1,1,1,1313,1397,1176,1397,635,979,635,481,591,1,106,788,442,1072,1046,778,189,1,667,835,1253,653,1104,145,5,1144,,11:41,1
2008-09,200769,Shannon Brown,Shannon,1610612747,LAL,Los Angeles Lakers,0040800145,2009-04-27T00:00:00,LAL vs. UTA,W,19.116666666666667,1,5,0.2,0,2,0.0,0,0,0.0,0,3,3,2,1,0,0,0,0,0,2,-1,7.6,0,0,7.0,1,1,1,1,1042,1119,946,1308,635,538,635,930,991,930,848,569,748,488,569,778,505,1,1,1205,1253,871,1238,145,5,1230,,19:07,1
2008-09,201143,Al Horford,Al,1610612737,ATL,Atlanta Hawks,0040800134,2009-04-27T00:00:00,ATL @ MIA,W,16.733333333333334,1,5,0.2,0,0,0.0,2,2,1.0,1,2,3,0,0,0,0,0,4,2,4,-8,7.6,0,0,7.0,1,1,1,1,1132,1119,946,1308,635,979,635,481,591,1,423,788,748,1072,1046,778,505,1,1326,597,1077,1347,1238,145,5,1230,,16:44,1
2008-09,101130,Johan Petro,Johan,1610612743,DEN,Denver Nuggets,0040800154,2009-04-27T00:00:00,DEN @ NOH,W,8.133333333333333,1,4,0.25,0,0,0.0,2,2,1.0,2,1,3,0,1,0,0,0,1,1,4,12,6.6,0,0,7.0,1,1,1,1,1424,1119,1064,1224,635,979,635,481,591,1,220,1051,748,1072,569,778,505,1,310,835,1077,231,1273,145,5,1230,,8:08,1
2008-09,201153,Julian Wright,Julian,1610612740,NOH,New Orleans Hornets,0040800154,2009-04-27T00:00:00,NOH vs. DEN,L,12.0,1,1,1.0,0,0,0.0,2,4,0.5,0,3,3,0,1,0,0,0,1,3,4,-20,6.6,0,0,7.0,1,868,868,868,1301,1119,1432,1,635,979,635,481,355,723,848,569,748,1072,569,778,505,1,310,409,1077,1654,1273,145,5,1230,,12:00,1
2008-09,200756,Hilton Armstrong,Hilton,1610612740,NOH,New Orleans Hornets,0040800154,2009-04-27T00:00:00,NOH vs. DEN,L,12.0,1,2,0.5,0,0,0.0,0,0,0.0,0,1,1,0,4,2,0,0,3,1,2,-20,5.2,0,0,7.0,1,868,868,868,1301,1119,1295,492,635,979,635,930,991,930,848,1051,1206,1072,53,89,505,1,1025,835,1253,1654,1356,145,5,1230,,12:00,1
2008-09,1853,Anthony Carter,Anthony,1610612743,DEN,Denver Nuggets,0040800154,2009-04-27T00:00:00,DEN @ NOH,W,13.433333333333334,0,1,0.0,0,0,0.0,0,0,0.0,0,0,0,2,0,2,0,0,4,0,0,13,9.0,0,0,6.0,1,1,1,1,1256,1397,1432,1397,635,979,635,930,991,930,848,1379,1447,488,1046,89,505,1,1326,1205,1447,203,1177,145,5,1274,,13:26,1
2008-09,2694,Josh Powell,Josh,1610612747,LAL,Los Angeles Lakers,0040800145,2009-04-27T00:00:00,LAL vs. UTA,W,11.55,1,2,0.5,0,0,0.0,0,0,0.0,1,2,3,1,0,0,0,0,1,2,2,-8,7.1,0,0,6.0,1,1,1,1,1323,1119,1295,492,635,979,635,930,991,930,423,788,748,729,1046,778,505,1,310,597,1253,1347,1259,145,5,1274,,11:33,1
2008-09,201161,Daequan Cook,Daequan,1610612748,MIA,Miami Heat,0040800134,2009-04-27T00:00:00,MIA vs. ATL,L,23.45,0,3,0.0,0,3,0.0,0,0,0.0,1,2,3,1,1,1,0,0,2,0,0,-12,7.1,0,0,6.0,1,868,868,868,900,1397,1176,1397,635,391,635,930,991,930,423,788,748,729,569,300,505,1,667,1205,1447,1497,1259,145,5,1274,,23:27,1
2008-09,201563,Michael Beasley,Michael,1610612748,MIA,Miami Heat,0040800134,2009-04-27T00:00:00,MIA vs. ATL,L,11.166666666666666,0,3,0.0,0,0,0.0,2,2,1.0,0,1,1,0,0,0,1,0,1,1,2,-17,6.2,0,0,5.0,1,868,868,868,1334,1397,1176,1397,635,979,635,481,591,1,848,1051,1206,1072,1046,778,189,1,310,835,1253,1611,1296,145,5,1326,,11:10,1
2008-09,1723,Matt Harpring,Matt,1610612762,UTA,Utah Jazz,0040800145,2009-04-27T00:00:00,UTA @ LAL,L,4.3,1,2,0.5,0,0,0.0,0,0,0.0,1,1,2,1,0,0,0,0,1,0,2,-1,5.9,0,0,5.0,1,868,868,868,1546,1119,1295,492,635,979,635,930,991,930,423,1051,973,729,1046,778,505,1,310,1205,1253,871,1322,145,5,1326,,4:18,1
2008-09,101139,CJ Miles,CJ,1610612762,UTA,Utah Jazz,0040800145,2009-04-27T00:00:00,UTA @ LAL,L,4.2,1,3,0.333,1,2,0.5,0,0,0.0,0,1,1,0,0,0,0,0,1,0,3,-10,4.2,0,0,5.0,1,868,868,868,1552,1119,1176,1037,300,538,176,930,991,930,848,1051,1206,1072,1046,778,505,1,310,1205,1188,1433,1414,145,5,1326,,4:12,1
2008-09,2199,Tyson Chandler,Tyson,1610612740,NOH,New Orleans Hornets,0040800154,2009-04-27T00:00:00,NOH vs. DEN,L,12.766666666666667,0,2,0.0,0,0,0.0,0,0,0.0,1,1,2,2,0,0,0,0,4,0,0,-16,5.4,0,0,4.0,1,868,868,868,1278,1397,1295,1397,635,979,635,930,991,930,423,1051,973,488,1046,778,505,1,1326,1205,1447,1591,1344,145,5,1395,,12:46,1
2008-09,2484,Devin Brown,Devin,1610612740,NOH,New Orleans Hornets,0040800154,2009-04-27T00:00:00,NOH vs. DEN,L,12.0,1,3,0.333,0,2,0.0,0,0,0.0,0,2,2,0,1,0,0,0,1,1,2,-20,3.4,0,0,4.0,1,868,868,868,1301,1119,1176,1037,635,538,635,930,991,930,848,788,973,1072,569,778,505,1,310,835,1253,1654,1449,145,5,1395,,12:00,1
2008-09,200821,Yakhouba Diawara,Yakhouba,1610612748,MIA,Miami Heat,0040800134,2009-04-27T00:00:00,MIA vs. ATL,L,7.305,0,0,0.0,0,0,0.0,0,0,0.0,0,3,3,0,0,0,0,0,2,0,0,-10,3.6,0,0,3.0,1,868,868,868,1443,1397,1595,1397,635,979,635,930,991,930,848,569,748,1072,1046,778,505,1,667,1205,1447,1433,1436,145,5,1443,,7:18,1
2008-09,1752,Sean Marks,Sean,1610612740,NOH,New Orleans Hornets,0040800154,2009-04-27T00:00:00,NOH vs. DEN,L,17.216666666666665,0,3,0.0,0,0,0.0,0,0,0.0,2,1,3,0,0,0,0,2,1,1,0,-20,3.6,0,0,3.0,1,868,868,868,1111,1397,1176,1397,635,979,635,930,991,930,220,1051,748,1072,1046,778,505,1565,310,835,1447,1654,1436,145,5,1443,,17:13,1
2008-09,201238,Mario West,Mario,1610612737,ATL,Atlanta Hawks,0040800134,2009-04-27T00:00:00,ATL @ MIA,W,5.815,1,1,1.0,0,0,0.0,0,0,0.0,0,1,1,0,0,0,0,0,2,0,2,-10,3.2,0,0,3.0,1,1,1,1,1494,1119,1432,1,635,979,635,930,991,930,848,1051,1206,1072,1046,778,505,1,667,1205,1253,1433,1452,145,5,1443,,5:49,1
2008-09,1510,Brevin Knight,Brevin,1610612762,UTA,Utah Jazz,0040800145,2009-04-27T00:00:00,UTA @ LAL,L,4.616666666666666,0,0,0.0,0,0,0.0,0,0,0.0,0,1,1,1,0,0,0,0,1,0,0,-10,2.7,0,0,2.0,1,868,868,868,1533,1397,1595,1397,635,979,635,930,991,930,848,1051,1206,729,1046,778,505,1,310,1205,1447,1433,1498,145,5,1494,,4:37,1
2008-09,201202,Joel Anthony,Joel,1610612748,MIA,Miami Heat,0040800134,2009-04-27T00:00:00,MIA vs. ATL,L,4.441666666666666,0,0,0.0,0,0,0.0,0,0,0.0,0,1,1,0,0,0,0,0,2,0,0,-4,1.2,0,0,1.0,1,868,868,868,1542,1397,1595,1397,635,979,635,930,991,930,848,1051,1206,1072,1046,778,505,1,667,1205,1447,1113,1567,145,5,1565,,4:27,1
2008-09,2050,Morris Peterson,Morris,1610612740,NOH,New Orleans Hornets,0040800154,2009-04-27T00:00:00,NOH vs. DEN,L,12.0,0,1,0.0,0,1,0.0,1,2,0.5,0,0,0,0,0,0,0,0,2,1,1,-20,1.0,0,0,1.0,1,868,868,868,1301,1397,1432,1397,635,730,635,748,591,723,848,1379,1447,1072,1046,778,505,1,667,835,1430,1654,1586,145,5,1565,,12:00,1
2008-09,2048,Jamaal Magloire,Jamaal,1610612748,MIA,Miami Heat,0040800134,2009-04-27T00:00:00,MIA vs. ATL,L,1.87,0,1,0.0,0,0,0.0,0,0,0.0,0,0,0,0,0,0,0,0,2,0,0,-5,0.0,0,0,0.0,1,868,868,868,1662,1397,1432,1397,635,979,635,930,991,930,848,1379,1447,1072,1046,778,505,1,667,1205,1447,1171,1610,145,5,1611,,1:52,1
2008-09,200780,Solomon Jones,Solomon,1610612737,ATL,Atlanta Hawks,0040800134,2009-04-27T00:00:00,ATL @ MIA,W,3.433333333333333,0,0,0.0,0,0,0.0,0,0,0.0,0,0,0,0,0,0,0,0,1,0,0,-15,0.0,0,0,0.0,1,1,1,1,1593,1397,1595,1397,635,979,635,930,991,930,848,1379,1447,1072,1046,778,505,1,310,1205,1447,1570,1610,145,5,1611,,3:26,1
2008-09,2544,LeBron James,LeBron,1610612739,CLE,Cleveland Cavaliers,0040800104,2009-04-26T00:00:00,CLE @ DET,W,40.65,10,24,0.417,0,3,0.0,16,17,0.941,1,12,13,8,2,2,1,0,3,16,36,10,70.6,1,0,63.0,1,1,1,1,222,65,25,841,635,391,635,2,6,382,423,18,51,38,289,89,189,1,1025,1,22,293,6,1,5,11,,40:39,1
2008-09,200750,Brandon Roy,Brandon,1610612757,POR,Portland Trail Blazers,0040800174,2009-04-26T00:00:00,POR @ HOU,L,42.75333333333333,8,17,0.471,2,2,1.0,13,13,1.0,1,4,5,5,4,3,3,1,4,9,31,2,58.5,0,0,55.0,1,868,868,868,120,143,130,711,139,538,1,11,29,1,423,403,442,142,53,31,30,1168,1326,30,48,653,33,145,5,25,,42:45,1
2008-09,200765,Rajon Rondo,Rajon,1610612738,BOS,Boston Celtics,0040800114,2009-04-26T00:00:00,BOS @ CHI,L,55.13333333333333,9,18,0.5,0,1,0.0,7,9,0.778,4,7,11,11,1,2,0,1,5,9,25,5,59.7,1,1,51.0,1,868,868,868,5,97,108,492,635,730,635,92,86,519,56,140,83,13,569,89,505,1168,1564,30,108,477,24,1,1,53,,55:08,1
2008-09,2730,Dwight Howard,Dwight,1610612753,ORL,Orlando Magic,0040800124,2009-04-26T00:00:00,ORL @ PHI,W,43.95,6,11,0.545,0,1,0.0,6,12,0.5,3,15,18,0,1,1,3,0,3,8,18,3,50.6,1,0,44.0,1,1,1,1,77,285,430,448,635,730,635,132,43,723,106,4,7,1072,569,300,30,1,1025,56,265,588,77,1,5,99,,43:57,1
2008-09,1718,Paul Pierce,Paul,1610612738,BOS,Boston Celtics,0040800114,2009-04-26T00:00:00,BOS @ CHI,L,52.13333333333333,9,24,0.375,3,7,0.429,8,9,0.889,1,6,7,1,6,2,0,3,4,7,29,3,38.9,0,0,44.0,1,868,868,868,7,97,25,978,59,57,361,68,86,397,423,203,272,729,13,89,505,1698,1326,81,65,588,202,145,5,99,,52:08,1
2008-09,201565,Derrick Rose,Derrick,1610612741,CHI,Chicago Bulls,0040800114,2009-04-26T00:00:00,CHI vs. BOS,W,48.733333333333334,10,17,0.588,0,0,0.0,3,4,0.75,1,10,11,9,7,0,0,1,4,4,23,6,42.7,1,0,43.0,1,1,1,1,20,65,130,371,635,979,635,367,355,532,423,50,83,25,4,778,505,1168,1326,291,146,431,143,1,5,108,,48:44,1
2008-09,951,Ray Allen,Ray,1610612738,BOS,Boston Celtics,0040800114,2009-04-26T00:00:00,BOS @ CHI,L,46.53666666666667,8,17,0.471,5,11,0.455,7,8,0.875,0,3,3,1,2,2,0,1,3,5,28,-1,37.1,0,0,41.0,1,868,868,868,30,143,130,711,12,6,352,92,118,408,848,569,748,729,289,89,505,1168,1025,197,74,871,243,145,5,129,,46:32,1
2008-09,2422,John Salmons,John,1610612741,CHI,Chicago Bulls,0040800114,2009-04-26T00:00:00,CHI vs. BOS,W,46.516666666666666,5,14,0.357,1,4,0.25,9,9,1.0,0,4,4,3,0,3,3,2,4,5,20,-8,47.3,0,0,40.0,1,1,1,1,31,396,245,1022,300,253,524,52,86,1,848,403,588,317,1046,31,30,1565,1326,197,212,1347,100,145,5,142,,46:31,1
2008-09,2397,Yao Ming,ao Ming,1610612745,HOU,Houston Rockets,0040800174,2009-04-26T00:00:00,HOU vs. POR,W,43.901666666666664,7,14,0.5,0,0,0.0,7,8,0.875,1,11,12,2,2,1,1,1,1,9,21,5,42.4,1,0,39.0,1,1,1,1,80,199,245,492,635,979,635,92,118,408,423,35,68,488,289,300,189,1168,310,30,183,477,148,1,5,157,,43:54,1
2008-09,2590,Mo Williams,Mo,1610612739,CLE,Cleveland Cavaliers,0040800104,2009-04-26T00:00:00,CLE @ DET,W,38.72,9,14,0.643,4,7,0.571,2,2,1.0,0,1,1,4,4,2,0,0,3,2,24,28,33.2,0,0,37.0,1,1,1,1,319,97,245,277,24,57,163,481,591,1,848,1051,1206,208,53,89,505,1,1025,597,124,26,331,145,5,187,,38:43,1
2008-09,200748,Tyrus Thomas,Tyrus,1610612741,CHI,Chicago Bulls,0040800114,2009-04-26T00:00:00,CHI vs. BOS,W,38.665,6,16,0.375,0,0,0.0,2,4,0.5,4,6,10,2,2,2,3,0,3,5,14,-1,42.0,1,0,36.0,1,1,1,1,323,285,167,978,635,979,635,481,355,723,56,203,104,488,289,89,30,1,1025,197,416,871,151,1,5,206,,38:40,1
2008-09,2738,Andre Iguodala,Andre,1610612755,PHI,Philadelphia 76ers,0040800124,2009-04-26T00:00:00,PHI vs. ORL,L,45.166666666666664,4,13,0.308,1,6,0.167,4,6,0.667,1,6,7,11,3,2,0,0,1,6,13,-5,40.9,1,0,36.0,1,868,868,868,51,552,297,1156,300,97,607,259,202,612,423,203,272,13,132,89,505,1,310,131,470,1171,171,1,5,206,,45:10,1
2008-09,686,Antonio McDyess,Antonio,1610612765,DET,Detroit Pistons,0040800104,2009-04-26T00:00:00,DET vs. CLE,L,39.13333333333333,11,18,0.611,0,0,0.0,4,4,1.0,2,8,10,0,0,0,0,0,5,3,26,-5,38.0,1,0,36.0,1,868,868,868,293,42,108,322,635,979,635,259,355,1,220,90,104,1072,1046,778,505,1,1564,409,94,1171,216,1,5,206,,39:08,1
2008-09,1740,Rashard Lewis,Rashard,1610612753,ORL,Orlando Magic,0040800124,2009-04-26T00:00:00,ORL @ PHI,W,41.63333333333333,6,15,0.4,2,4,0.5,3,3,1.0,0,7,7,3,3,1,2,1,0,3,17,8,35.9,0,0,35.0,1,1,1,1,167,285,198,867,139,253,176,367,510,1,848,140,272,317,132,300,71,1168,1,409,291,362,278,145,5,234,,41:38,1
2008-09,200746,LaMarcus Aldridge,LaMarcus,1610612757,POR,Portland Trail Blazers,0040800174,2009-04-26T00:00:00,POR @ HOU,L,44.68333333333333,8,17,0.471,0,1,0.0,3,3,1.0,2,8,10,2,1,0,1,0,1,4,19,-1,36.0,1,0,33.0,1,868,868,868,62,143,130,711,635,730,635,367,510,1,220,90,104,488,569,778,189,1,310,291,236,871,275,1,5,282,,44:41,1
2008-09,2550,Kirk Hinrich,Kirk,1610612741,CHI,Chicago Bulls,0040800114,2009-04-26T00:00:00,CHI vs. BOS,W,43.15,6,13,0.462,2,5,0.4,4,7,0.571,1,2,3,4,1,3,0,1,2,3,18,-1,35.6,0,0,33.0,1,1,1,1,109,285,297,727,139,159,374,259,167,713,423,788,748,208,569,31,505,1168,667,409,265,871,283,145,5,282,,43:09,1
2008-09,201152,Thaddeus Young,Thaddeus,1610612755,PHI,Philadelphia 76ers,0040800124,2009-04-26T00:00:00,PHI vs. ORL,L,43.416666666666664,6,17,0.353,3,4,0.75,0,0,0.0,5,2,7,2,1,3,0,2,0,1,15,-5,34.4,0,0,33.0,1,868,868,868,99,285,130,1029,59,253,96,930,991,930,22,788,272,488,569,31,505,1565,1,835,367,1171,307,145,5,282,,43:25,1
2008-09,2203,Shane Battier,Shane,1610612745,HOU,Houston Rockets,0040800174,2009-04-26T00:00:00,HOU vs. POR,W,40.56666666666667,5,8,0.625,4,6,0.667,0,0,0.0,1,7,8,6,0,0,0,1,2,0,14,-1,32.6,0,0,32.0,1,1,1,1,227,396,660,290,24,97,116,930,991,930,423,140,198,100,1046,778,505,1168,667,1205,416,871,347,145,5,310,,40:34,1
2008-09,2570,Kendrick Perkins,Kendrick,1610612738,BOS,Boston Celtics,0040800114,2009-04-26T00:00:00,BOS @ CHI,L,40.278333333333336,6,10,0.6,0,0,0.0,3,3,1.0,4,5,9,0,6,1,3,1,6,4,15,6,31.8,0,0,32.0,1,868,868,868,241,285,492,323,635,979,635,367,510,1,56,281,149,1072,13,300,30,1168,1699,291,367,431,368,145,5,310,,40:17,1
2008-09,201149,Joakim Noah,Joakim,1610612741,CHI,Chicago Bulls,0040800114,2009-04-26T00:00:00,CHI vs. BOS,W,38.53666666666667,4,5,0.8,0,0,0.0,4,6,0.667,1,9,10,3,1,0,3,0,5,5,12,-19,36.5,1,0,31.0,1,1,1,1,332,552,946,123,635,979,635,259,202,612,423,68,104,317,569,778,30,1,1564,197,532,1644,258,1,5,328,,38:32,1
2008-09,2449,Luis Scola,Luis,1610612745,HOU,Houston Rockets,0040800174,2009-04-26T00:00:00,HOU vs. POR,W,34.6,8,18,0.444,0,0,0.0,1,2,0.5,7,1,8,1,1,2,0,2,5,2,17,3,33.1,0,0,30.0,1,1,1,1,480,143,108,770,635,979,635,748,591,723,3,1051,198,729,569,89,505,1565,1564,597,291,588,336,145,5,359,,34:36,1
2008-09,2732,Ben Gordon,Ben,1610612741,CHI,Chicago Bulls,0040800114,2009-04-26T00:00:00,CHI vs. BOS,W,49.485,10,22,0.455,1,2,0.5,1,2,0.5,1,5,6,1,2,0,0,0,4,5,22,20,28.7,0,0,30.0,1,1,1,1,12,65,44,744,300,538,176,748,591,723,423,281,351,729,289,778,505,1,1326,197,165,83,439,145,5,359,,49:29,1
2008-09,101198,Will Bynum,Will,1610612765,DET,Detroit Pistons,0040800104,2009-04-26T00:00:00,DET vs. CLE,L,27.6,8,12,0.667,1,2,0.5,5,5,1.0,0,1,1,1,3,2,0,0,2,5,22,-9,27.7,0,0,29.0,1,868,868,868,753,143,364,194,300,538,176,182,294,1,848,1051,1206,729,132,89,505,1,667,197,165,1389,462,145,5,384,,27:36,1
2008-09,1889,Andre Miller,Andre,1610612755,PHI,Philadelphia 76ers,0040800124,2009-04-26T00:00:00,PHI vs. ORL,L,44.8,6,18,0.333,0,1,0.0,5,5,1.0,0,5,5,4,1,0,1,1,2,4,17,-5,31.0,0,0,28.0,1,868,868,868,61,285,108,1037,635,730,635,182,294,1,848,281,442,208,569,778,189,1168,667,291,291,1171,397,145,5,407,,44:48,1
2008-09,2566,Travis Outlaw,Travis,1610612757,POR,Portland Trail Blazers,0040800174,2009-04-26T00:00:00,POR @ HOU,L,31.885,6,14,0.429,2,4,0.5,0,0,0.0,1,3,4,0,2,2,2,0,3,0,14,-3,28.8,0,0,28.0,1,868,868,868,596,285,245,810,139,253,176,930,991,930,423,569,588,1072,289,89,71,1,1025,1205,416,1039,435,145,5,407,,31:53,1
2008-09,2753,Delonte West,Delonte,1610612739,CLE,Cleveland Cavaliers,0040800104,2009-04-26T00:00:00,CLE @ DET,W,43.65,5,10,0.5,1,1,1.0,1,1,1.0,0,3,3,5,1,2,1,1,1,2,12,27,31.1,0,0,27.0,1,1,1,1,87,396,492,492,300,730,1,748,920,1,848,569,748,142,569,89,189,1168,310,597,532,30,393,145,5,435,,43:39,1
2008-09,1897,Metta World Peace,Metta,1610612745,HOU,Houston Rockets,0040800174,2009-04-26T00:00:00,HOU vs. POR,W,38.13333333333333,5,20,0.25,1,5,0.2,1,3,0.333,2,1,3,9,3,1,0,2,2,4,12,5,29.1,0,0,27.0,1,1,1,1,346,396,72,1224,300,159,578,748,510,902,220,1051,748,25,132,300,505,1565,667,291,532,477,429,145,5,435,,38:08,1
2008-09,201175,Glen Davis,Glen,1610612738,BOS,Boston Celtics,0040800114,2009-04-26T00:00:00,BOS @ CHI,L,45.248333333333335,4,16,0.25,0,0,0.0,2,2,1.0,3,8,11,3,1,1,0,2,5,3,10,-7,29.7,1,0,26.0,1,868,868,868,49,552,167,1224,635,979,635,481,591,1,106,90,83,317,569,300,505,1565,1564,409,663,1305,419,1,5,463,,45:15,1
2008-09,201584,Courtney Lee,Courtney,1610612753,ORL,Orlando Magic,0040800124,2009-04-26T00:00:00,ORL @ PHI,W,40.96666666666667,6,11,0.545,1,2,0.5,2,2,1.0,0,3,3,3,1,2,0,2,3,2,15,5,28.1,0,0,26.0,1,1,1,1,209,285,430,448,300,538,176,481,591,1,848,569,748,317,569,89,505,1565,1025,597,367,477,449,145,5,463,,40:58,1
2008-09,2581,Steve Blake,Steve,1610612757,POR,Portland Trail Blazers,0040800174,2009-04-26T00:00:00,POR @ HOU,L,42.766666666666666,4,9,0.444,2,5,0.4,1,1,1.0,0,3,3,8,1,0,0,0,5,3,11,-7,25.6,0,0,24.0,1,868,868,868,119,552,571,770,139,159,374,748,920,1,848,569,748,38,569,778,505,1,1564,409,612,1305,520,145,5,523,,42:46,1
2008-09,2038,Joel Przybilla,Joel,1610612757,POR,Portland Trail Blazers,0040800174,2009-04-26T00:00:00,POR @ HOU,L,27.44,2,2,1.0,0,0,0.0,0,0,0.0,5,7,12,1,1,1,2,0,4,0,4,4,27.9,0,0,23.0,1,868,868,868,763,875,1295,1,635,979,635,930,991,930,22,140,68,729,569,300,71,1,1326,1205,1077,525,457,145,5,561,,27:26,1
2008-09,2223,Samuel Dalembert,Samuel,1610612755,PHI,Philadelphia 76ers,0040800124,2009-04-26T00:00:00,PHI vs. ORL,L,26.598333333333333,5,6,0.833,0,0,0.0,0,0,0.0,0,9,9,0,1,1,1,0,5,0,10,-2,25.8,0,0,23.0,1,868,868,868,792,396,846,115,635,979,635,930,991,930,848,68,149,1072,569,300,189,1,1564,1205,663,949,514,145,5,561,,26:36,1
2008-09,1747,Rafer Alston,Rafer,1610612753,ORL,Orlando Magic,0040800124,2009-04-26T00:00:00,ORL @ PHI,W,33.36666666666667,5,12,0.417,2,5,0.4,1,2,0.5,0,3,3,5,2,0,0,0,4,1,13,3,22.1,0,0,23.0,1,1,1,1,528,396,364,841,139,159,374,748,591,723,848,569,748,142,289,778,505,1,1326,835,470,588,644,145,5,561,,33:22,1
2008-09,2045,Hedo Turkoglu,Hedo,1610612753,ORL,Orlando Magic,0040800124,2009-04-26T00:00:00,ORL @ PHI,W,39.733333333333334,8,11,0.727,1,2,0.5,0,1,0.0,0,3,3,0,4,1,0,0,2,3,17,-6,19.6,0,0,23.0,1,1,1,1,274,143,430,173,300,538,176,930,920,930,848,569,748,1072,53,300,505,1,667,409,291,1235,732,145,5,561,,39:44,1
2008-09,201155,Rodney Stuckey,Rodney,1610612765,DET,Detroit Pistons,0040800104,2009-04-26T00:00:00,DET vs. CLE,L,28.2,7,14,0.5,0,0,0.0,0,0,0.0,0,1,1,6,0,0,0,1,4,1,14,-17,24.2,0,0,21.0,1,868,868,868,734,199,245,492,635,979,635,930,991,930,848,1051,1206,100,1046,778,505,1168,1326,835,416,1611,570,145,5,634,,28:12,1
2008-09,1802,Brad Miller,Brad,1610612741,CHI,Chicago Bulls,0040800114,2009-04-26T00:00:00,CHI vs. BOS,W,24.658333333333335,4,6,0.667,1,1,1.0,3,3,1.0,2,3,5,1,2,1,0,0,6,4,12,21,20.5,0,0,21.0,1,1,1,1,855,552,846,194,300,730,1,367,510,1,220,569,442,729,289,300,505,1,1699,291,532,74,699,145,5,634,,24:40,1
2008-09,101144,Von Wafer,Von,1610612745,HOU,Houston Rockets,0040800174,2009-04-26T00:00:00,HOU vs. POR,W,17.3,4,8,0.5,3,3,1.0,1,1,1.0,0,2,2,3,0,0,0,0,1,1,12,-2,18.9,0,0,20.0,1,1,1,1,1105,552,660,492,59,391,1,748,920,1,848,788,973,317,1046,778,505,1,310,835,532,949,750,145,5,666,,17:18,1
2008-09,101150,Lou Williams,Lou,1610612755,PHI,Philadelphia 76ers,0040800124,2009-04-26T00:00:00,PHI vs. ORL,L,21.311666666666667,4,9,0.444,1,3,0.333,2,2,1.0,1,2,3,2,2,0,0,2,1,3,11,11,15.6,0,0,17.0,1,868,868,868,968,552,571,770,300,391,422,481,591,1,423,788,748,488,289,778,505,1565,310,409,612,260,895,145,5,789,,21:19,1
2008-09,200768,Kyle Lowry,Kyle,1610612745,HOU,Houston Rockets,0040800174,2009-04-26T00:00:00,HOU vs. POR,W,24.198333333333334,1,6,0.167,0,0,0.0,2,4,0.5,3,2,5,1,2,3,0,2,2,6,4,1,18.5,0,0,16.0,1,1,1,1,875,1119,846,1352,635,979,635,481,355,723,106,788,442,729,289,31,505,1565,667,131,1077,703,764,145,5,826,,24:12,1
2008-09,1888,Richard Hamilton,Richard,1610612765,DET,Detroit Pistons,0040800104,2009-04-26T00:00:00,DET vs. CLE,L,37.86666666666667,2,12,0.167,0,3,0.0,2,2,1.0,1,2,3,7,3,0,0,1,5,3,6,-19,17.1,0,0,16.0,1,868,868,868,362,875,364,1352,635,391,635,481,591,1,423,788,748,63,132,778,505,1168,1564,409,918,1644,824,145,5,826,,37:52,1
2008-09,101131,Jason Maxiell,Jason,1610612765,DET,Detroit Pistons,0040800104,2009-04-26T00:00:00,DET vs. CLE,L,25.366666666666667,1,5,0.2,0,0,0.0,4,7,0.571,2,3,5,2,1,1,0,0,3,5,6,-20,17.0,0,0,15.0,1,868,868,868,835,1119,946,1308,635,979,635,259,167,713,220,569,442,488,569,300,505,1,1025,197,918,1654,827,145,5,864,,25:22,1
2008-09,2584,Willie Green,Willie,1610612755,PHI,Philadelphia 76ers,0040800124,2009-04-26T00:00:00,PHI vs. ORL,L,29.888333333333332,4,8,0.5,3,3,1.0,0,2,0.0,0,1,1,0,0,0,0,0,2,2,11,-12,12.2,0,0,15.0,1,868,868,868,677,552,660,492,59,391,1,930,591,930,848,1051,1206,1072,1046,778,505,1,667,597,612,1497,1041,145,5,864,,29:53,1
2008-09,2760,Anderson Varejao,Anderson,1610612739,CLE,Cleveland Cavaliers,0040800104,2009-04-26T00:00:00,CLE @ DET,W,31.266666666666666,3,5,0.6,0,0,0.0,0,0,0.0,2,3,5,0,0,0,1,0,1,0,6,12,15.0,0,0,13.0,1,1,1,1,622,708,946,323,635,979,635,930,991,930,220,569,442,1072,1046,778,189,1,310,1205,918,231,926,145,5,940,,31:16,1
2008-09,2067,Eddie House,Eddie,1610612738,BOS,Boston Celtics,0040800114,2009-04-26T00:00:00,BOS @ CHI,L,18.121666666666666,2,5,0.4,1,3,0.333,1,1,1.0,0,1,1,3,0,1,0,0,1,0,6,7,14.7,0,0,13.0,1,868,868,868,1079,875,946,867,300,391,422,748,920,1,848,1051,1206,317,1046,300,505,1,310,1205,918,402,941,145,5,940,,18:07,1
2008-09,201164,Rudy Fernandez,Rudy,1610612757,POR,Portland Trail Blazers,0040800174,2009-04-26T00:00:00,POR @ HOU,L,23.688333333333333,2,5,0.4,1,2,0.5,0,0,0.0,0,4,4,1,0,1,0,0,2,1,5,5,14.3,0,0,13.0,1,868,868,868,893,875,946,867,300,538,176,930,991,930,848,403,588,729,1046,300,505,1,667,835,1003,477,949,145,5,940,,23:41,1
2008-09,980,Zydrunas Ilgauskas,Zydrunas,1610612739,CLE,Cleveland Cavaliers,0040800104,2009-04-26T00:00:00,CLE @ DET,W,24.083333333333332,4,8,0.5,0,0,0.0,0,0,0.0,0,4,4,0,1,0,0,0,3,1,8,13,11.8,0,0,12.0,1,1,1,1,879,552,660,492,635,979,635,930,991,930,848,403,588,1072,569,778,505,1,1025,835,776,203,1067,145,5,1002,,24:05,1
2008-09,693,Joe Smith,Joe,1610612739,CLE,Cleveland Cavaliers,0040800104,2009-04-26T00:00:00,CLE @ DET,W,21.513333333333332,2,6,0.333,0,0,0.0,2,2,1.0,1,3,4,1,0,0,0,0,2,1,6,3,12.3,0,0,11.0,1,1,1,1,961,875,846,1037,635,979,635,481,591,1,423,569,588,729,1046,778,505,1,667,835,918,588,1037,145,5,1061,,21:31,1
2008-09,739,Rasheed Wallace,Rasheed,1610612765,DET,Detroit Pistons,0040800104,2009-04-26T00:00:00,DET vs. CLE,L,29.383333333333333,0,7,0.0,0,2,0.0,0,0,0.0,1,4,5,1,1,1,1,0,4,0,0,-14,12.5,0,0,10.0,1,868,868,868,693,1397,764,1397,635,538,635,930,991,930,423,403,442,729,569,300,189,1,1326,1205,1447,1552,1026,145,5,1103,,29:23,1
2008-09,2243,Brian Scalabrine,Brian,1610612738,BOS,Boston Celtics,0040800114,2009-04-26T00:00:00,BOS @ CHI,L,17.971666666666668,1,2,0.5,1,1,1.0,0,0,0.0,1,3,4,0,1,1,0,0,6,0,3,10,9.8,0,0,10.0,1,868,868,868,1085,1119,1295,492,300,730,1,930,991,930,423,569,588,1072,569,300,505,1,1699,1205,1188,293,1145,145,5,1103,,17:58,1
2008-09,689,Theo Ratliff,Theo,1610612755,PHI,Philadelphia 76ers,0040800124,2009-04-26T00:00:00,PHI vs. ORL,L,10.788333333333334,1,1,1.0,0,0,0.0,0,0,0.0,2,3,5,0,0,0,1,0,5,1,2,-4,11.0,0,0,9.0,1,868,868,868,1345,1119,1432,1,635,979,635,930,991,930,220,569,442,1072,1046,778,189,1,1564,835,1253,1113,1104,145,5,1144,,10:47,1
2008-09,201166,Aaron Brooks,Aaron,1610612745,HOU,Houston Rockets,0040800174,2009-04-26T00:00:00,HOU vs. POR,W,24.405,1,5,0.2,1,2,0.5,2,4,0.5,0,1,1,2,0,0,0,0,2,2,5,-1,9.2,0,0,9.0,1,1,1,1,866,1119,946,1308,300,538,176,481,355,723,848,1051,1206,488,1046,778,505,1,667,597,1003,871,1164,145,5,1144,,24:24,1
2008-09,1887,Wally Szczerbiak,Wally,1610612739,CLE,Cleveland Cavaliers,0040800104,2009-04-26T00:00:00,CLE @ DET,W,14.8,1,2,0.5,0,1,0.0,2,2,1.0,3,1,4,0,0,0,0,0,1,1,4,3,8.8,0,0,8.0,1,1,1,1,1208,1119,1295,492,635,730,635,481,591,1,106,1051,588,1072,1046,778,505,1,310,835,1077,588,1183,145,5,1186,,14:48,1
2008-09,2501,Reggie Evans,Reggie,1610612755,PHI,Philadelphia 76ers,0040800124,2009-04-26T00:00:00,PHI vs. ORL,L,10.396666666666667,1,5,0.2,0,0,0.0,0,0,0.0,1,3,4,0,1,1,0,2,1,0,2,3,8.8,0,0,8.0,1,868,868,868,1356,1119,946,1308,635,979,635,930,991,930,423,569,588,1072,569,300,505,1565,310,1205,1253,588,1183,145,5,1186,,10:24,1
2008-09,201171,Carl Landry,Carl,1610612745,HOU,Houston Rockets,0040800174,2009-04-26T00:00:00,HOU vs. POR,W,12.805,2,4,0.5,0,0,0.0,0,0,0.0,2,2,4,0,1,0,0,1,2,2,4,-1,7.8,0,0,8.0,1,1,1,1,1276,875,1064,492,635,979,635,930,991,930,220,788,588,1072,569,778,505,1168,667,597,1077,871,1230,145,5,1186,,12:48,1
2008-09,1112,Ben Wallace,Ben,1610612739,CLE,Cleveland Cavaliers,0040800104,2009-04-26T00:00:00,CLE @ DET,W,14.616666666666667,0,1,0.0,0,0,0.0,0,0,0.0,2,1,3,0,0,2,0,0,2,2,0,6,9.6,0,0,7.0,1,1,1,1,1211,1397,1432,1397,635,979,635,930,991,930,220,1051,748,1072,1046,89,505,1,667,597,1447,431,1152,145,5,1230,,14:37,1
2008-09,2419,Tayshaun Prince,Tayshaun,1610612765,DET,Detroit Pistons,0040800104,2009-04-26T00:00:00,DET vs. CLE,L,31.65,1,5,0.2,0,1,0.0,0,0,0.0,1,4,5,0,1,0,0,1,0,1,2,-5,7.0,0,0,7.0,1,868,868,868,607,1119,946,1308,635,730,635,930,991,930,423,403,442,1072,569,778,505,1168,1,835,1253,1171,1263,145,5,1230,,31:39,1
2008-09,2562,Sasha Pavlovic,Sasha,1610612739,CLE,Cleveland Cavaliers,0040800104,2009-04-26T00:00:00,CLE @ DET,W,2.1166666666666667,1,1,1.0,1,1,1.0,0,0,0.0,0,2,2,0,0,0,0,0,0,0,3,3,5.4,0,0,6.0,1,1,1,1,1654,1119,1432,1,300,730,1,930,991,930,848,788,973,1072,1046,778,505,1,1,1205,1188,588,1344,145,5,1274,,2:07,1
2008-09,2554,Mickael Pietrus,Mickael,1610612753,ORL,Orlando Magic,0040800124,2009-04-26T00:00:00,ORL @ PHI,W,14.633333333333333,1,3,0.333,0,2,0.0,0,0,0.0,0,0,0,1,0,0,1,0,3,1,2,4,6.5,0,0,5.0,1,1,1,1,1210,1119,1176,1037,635,538,635,930,991,930,848,1379,1447,729,1046,778,189,1,1025,835,1253,525,1282,145,5,1326,,14:38,1
2008-09,201587,Nicolas Batum,Nicolas,1610612757,POR,Portland Trail Blazers,0040800174,2009-04-26T00:00:00,POR @ HOU,L,10.183333333333334,1,2,0.5,0,1,0.0,0,0,0.0,0,0,0,1,2,0,1,0,1,0,2,0,4.5,0,0,5.0,1,868,868,868,1361,1119,1295,492,635,730,635,930,991,930,848,1379,1447,729,289,778,189,1,310,1205,1253,769,1394,145,5,1326,,10:11,1
2008-09,1533,Anthony Johnson,Anthony,1610612753,ORL,Orlando Magic,0040800124,2009-04-26T00:00:00,ORL @ PHI,W,16.033333333333335,0,3,0.0,0,1,0.0,0,0,0.0,0,1,1,1,0,1,0,0,2,0,0,0,5.7,0,0,4.0,1,1,1,1,1157,1397,1176,1397,635,730,635,930,991,930,848,1051,1206,729,1046,300,505,1,667,1205,1447,769,1331,145,5,1395,,16:02,1
2008-09,200755,JJ Redick,JJ,1610612753,ORL,Orlando Magic,0040800124,2009-04-26T00:00:00,ORL @ PHI,W,5.633333333333334,1,4,0.25,0,3,0.0,0,0,0.0,0,2,2,0,0,0,0,0,0,0,2,-2,4.4,0,0,4.0,1,1,1,1,1499,1119,1064,1224,635,391,635,930,991,930,848,788,973,1072,1046,778,505,1,1,1205,1253,949,1403,145,5,1395,,5:38,1
2008-09,2767,Royal Ivey,Royal,1610612755,PHI,Philadelphia 76ers,0040800124,2009-04-26T00:00:00,PHI vs. ORL,L,2.6,0,1,0.0,0,1,0.0,0,0,0.0,0,1,1,0,0,1,0,0,0,0,0,5,4.2,0,0,3.0,1,868,868,868,1644,1397,1432,1397,635,730,635,930,991,930,848,1051,1206,1072,1046,300,505,1,1,1205,1447,477,1414,145,5,1443,,2:36,1
2008-09,201141,Greg Oden,Greg,1610612757,POR,Portland Trail Blazers,0040800174,2009-04-26T00:00:00,POR @ HOU,L,10.783333333333333,0,1,0.0,0,0,0.0,0,0,0.0,0,3,3,0,1,0,0,0,5,1,0,-5,2.6,0,0,3.0,1,868,868,868,1346,1397,1432,1397,635,979,635,930,991,930,848,569,748,1072,569,778,505,1,1564,835,1447,1171,1509,145,5,1443,,10:47,1
2008-09,950,Stephon Marbury,Stephon,1610612738,BOS,Boston Celtics,0040800114,2009-04-26T00:00:00,BOS @ CHI,L,5.286666666666667,1,3,0.333,0,0,0.0,0,0,0.0,1,0,1,0,1,0,0,1,0,0,2,-17,2.2,0,0,3.0,1,868,868,868,1507,1119,1176,1037,635,979,635,930,991,930,423,1379,1206,1072,569,778,505,1168,1,1205,1253,1611,1519,145,5,1443,,5:17,1
2008-09,101162,Marcin Gortat,Marcin,1610612753,ORL,Orlando Magic,0040800124,2009-04-26T00:00:00,ORL @ PHI,W,4.05,0,0,0.0,0,0,0.0,0,0,0.0,0,0,0,0,0,0,1,0,0,1,0,0,3.0,0,0,2.0,1,1,1,1,1559,1397,1595,1397,635,979,635,930,991,930,848,1379,1447,1072,1046,778,189,1,1,835,1447,769,1474,145,5,1494,,4:03,1
2008-09,101161,Amir Johnson,Amir,1610612765,DET,Detroit Pistons,0040800104,2009-04-26T00:00:00,DET vs. CLE,L,2.1166666666666667,0,0,0.0,0,0,0.0,0,0,0.0,0,0,0,0,0,0,1,0,1,0,0,-3,3.0,0,0,2.0,1,868,868,868,1654,1397,1595,1397,635,979,635,930,991,930,848,1379,1447,1072,1046,778,189,1,310,1205,1447,1039,1474,145,5,1494,,2:07,1
2008-09,1630,Mikki Moore,Mikki,1610612738,BOS,Boston Celtics,0040800114,2009-04-26T00:00:00,BOS @ CHI,L,6.158333333333333,0,0,0.0,0,0,0.0,0,0,0.0,0,0,0,0,0,0,1,0,1,0,0,-9,3.0,0,0,2.0,1,868,868,868,1483,1397,1595,1397,635,979,635,930,991,930,848,1379,1447,1072,1046,778,189,1,310,1205,1447,1389,1474,145,5,1494,,6:10,1
2008-09,200814,Tarence Kinsey,Tarence,1610612739,CLE,Cleveland Cavaliers,0040800104,2009-04-26T00:00:00,CLE @ DET,W,2.1166666666666667,0,1,0.0,0,0,0.0,0,0,0.0,1,1,2,0,0,0,0,0,0,0,0,3,2.4,0,0,2.0,1,1,1,1,1654,1397,1432,1397,635,979,635,930,991,930,423,1051,973,1072,1046,778,505,1,1,1205,1447,588,1511,145,5,1494,,2:07,1
2008-09,200771,Sergio Rodriguez,Sergio,1610612757,POR,Portland Trail Blazers,0040800174,2009-04-26T00:00:00,POR @ HOU,L,3.033333333333333,1,1,1.0,0,0,0.0,0,0,0.0,0,0,0,0,1,0,0,0,2,0,2,0,1.0,0,0,2.0,1,868,868,868,1615,1119,1432,1,635,979,635,930,991,930,848,1379,1447,1072,569,778,505,1,667,1205,1253,769,1586,145,5,1494,,3:02,1
2008-09,201167,Arron Afflalo,Arron,1610612765,DET,Detroit Pistons,0040800104,2009-04-26T00:00:00,DET vs. CLE,L,12.216666666666667,1,3,0.333,0,2,0.0,0,0,0.0,0,0,0,0,1,0,0,0,1,0,2,-2,1.0,0,0,2.0,1,868,868,868,1297,1119,1176,1037,635,538,635,930,991,930,848,1379,1447,1072,569,778,505,1,310,1205,1253,949,1586,145,5,1494,,12:13,1
2008-09,200789,Daniel Gibson,Daniel,1610612739,CLE,Cleveland Cavaliers,0040800104,2009-04-26T00:00:00,CLE @ DET,W,4.35,0,1,0.0,0,0,0.0,0,0,0.0,0,0,0,1,1,0,0,0,2,0,0,-6,0.5,0,0,1.0,1,1,1,1,1544,1397,1432,1397,635,979,635,930,991,930,848,1379,1447,729,569,778,505,1,667,1205,1447,1235,1597,145,5,1565,,4:21,1
2008-09,923,Donyell Marshall,Donyell,1610612755,PHI,Philadelphia 76ers,0040800124,2009-04-26T00:00:00,PHI vs. ORL,L,5.033333333333333,0,2,0.0,0,1,0.0,0,0,0.0,0,1,1,0,1,0,0,0,2,0,0,-1,0.2,0,0,1.0,1,868,868,868,1517,1397,1295,1397,635,730,635,930,991,930,848,1051,1206,1072,569,778,505,1,667,1205,1447,871,1600,145,5,1565,,5:02,1
2008-09,201616,Darnell Jackson,Darnell,1610612739,CLE,Cleveland Cavaliers,0040800104,2009-04-26T00:00:00,CLE @ DET,W,2.1166666666666667,0,1,0.0,0,0,0.0,0,0,0.0,0,0,0,0,0,0,0,1,0,0,0,3,0.0,0,0,0.0,1,1,1,1,1654,1397,1432,1397,635,979,635,930,991,930,848,1379,1447,1072,1046,778,505,1168,1,1205,1447,588,1610,145,5,1611,,2:07,1
2008-09,101112,Channing Frye,Channing,1610612757,POR,Portland Trail Blazers,0040800174,2009-04-26T00:00:00,POR @ HOU,L,2.783333333333333,0,2,0.0,0,0,0.0,0,0,0.0,0,0,0,0,0,0,0,0,0,0,0,0,0.0,0,0,0.0,1,868,868,868,1631,1397,1295,1397,635,979,635,930,991,930,848,1379,1447,1072,1046,778,505,1,1,1205,1447,769,1610,145,5,1611,,2:47,1
2008-09,283,Lindsey Hunter,Lindsey,1610612741,CHI,Chicago Bulls,0040800114,2009-04-26T00:00:00,CHI vs. BOS,W,0.255,0,0,0.0,0,0,0.0,0,0,0.0,0,0,0,0,0,0,0,0,0,0,0,-3,0.0,0,0,0.0,1,1,1,1,1734,1397,1595,1397,635,979,635,930,991,930,848,1379,1447,1072,1046,778,505,1,1,1205,1447,1039,1610,145,5,1611,,0:15,1
2008-09,101236,Chuck Hayes,Chuck,1610612745,HOU,Houston Rockets,0040800174,2009-04-26T00:00:00,HOU vs. POR,W,4.09,0,0,0.0,0,0,0.0,0,0,0.0,0,0,0,0,0,0,0,0,1,1,0,-4,0.0,0,0,0.0,1,1,1,1,1557,1397,1595,1397,635,979,635,930,991,930,848,1379,1447,1072,1046,778,505,1,310,835,1447,1113,1610,145,5,1611,,4:05,1
2008-09,200835,Walter Herrmann,Walter,1610612765,DET,Detroit Pistons,0040800104,2009-04-26T00:00:00,DET vs. CLE,L,6.466666666666667,0,2,0.0,0,0,0.0,0,0,0.0,0,0,0,0,0,0,0,0,0,0,0,-11,0.0,0,0,0.0,1,868,868,868,1469,1397,1295,1397,635,979,635,930,991,930,848,1379,1447,1072,1046,778,505,1,1,1205,1447,1461,1610,145,5,1611,,6:28,1
2008-09,2754,Tony Allen,Tony,1610612738,BOS,Boston Celtics,0040800114,2009-04-26T00:00:00,BOS @ CHI,L,3.131666666666667,0,0,0.0,0,0,0.0,0,0,0.0,0,0,0,0,1,0,0,0,0,0,0,-12,-1.0,0,0,0.0,1,868,868,868,1608,1397,1595,1397,635,979,635,930,991,930,848,1379,1447,1072,569,778,505,1,1,1205,1447,1497,1728,145,5,1611,,3:08,1
2008-09,2225,Tony Parker,Tony,1610612759,SAS,San Antonio Spurs,0040800164,2009-04-25T00:00:00,SAS @ DAL,L,41.205,18,29,0.621,2,5,0.4,5,8,0.625,0,5,5,3,3,4,1,2,3,5,43,7,65.5,0,0,63.0,1,868,868,868,191,2,6,318,139,159,374,182,118,676,848,281,442,317,132,9,189,1565,1025,197,6,402,12,145,5,11,,41:12,1
2008-09,2548,Dwyane Wade,Dwyane,1610612748,MIA,Miami Heat,0040800133,2009-04-25T00:00:00,MIA vs. ATL,W,41.25,10,21,0.476,4,8,0.5,5,5,1.0,2,5,7,8,3,1,4,0,1,3,29,34,61.4,0,0,58.0,1,1,1,1,186,65,55,703,24,38,176,182,294,1,220,281,272,38,132,300,11,1,310,409,65,6,19,145,5,15,,41:15,1
2008-09,101108,Chris Paul,Chris,1610612740,NOH,New Orleans Hornets,0040800153,2009-04-25T00:00:00,NOH vs. DEN,W,45.78333333333333,11,20,0.55,2,6,0.333,8,9,0.889,0,5,5,12,6,1,0,0,1,9,32,3,53.0,1,0,53.0,1,1,1,1,39,42,72,444,139,97,422,68,86,397,848,281,442,8,13,300,505,1,310,30,41,588,60,1,5,35,,45:47,1
2008-09,2430,Carlos Boozer,Carlos,1610612762,UTA,Utah Jazz,0040800144,2009-04-25T00:00:00,UTA vs. LAL,L,41.833333333333336,7,13,0.538,0,0,0.0,9,12,0.75,1,15,16,5,5,3,1,0,3,7,23,-13,56.7,1,0,52.0,1,868,868,868,155,199,297,460,635,979,635,52,43,532,423,4,16,142,21,31,189,1,1025,81,146,1527,39,1,5,48,,41:50,1
2008-09,977,Kobe Bryant,Kobe,1610612747,LAL,Los Angeles Lakers,0040800144,2009-04-25T00:00:00,LAL @ UTA,W,39.61666666666667,16,24,0.667,1,2,0.5,5,5,1.0,0,6,6,1,3,2,0,0,2,5,38,4,49.7,0,0,50.0,1,1,1,1,279,4,25,194,300,538,176,182,294,1,848,203,351,729,132,89,505,1,667,197,18,525,81,145,5,58,,39:37,1
2008-09,1495,Tim Duncan,Tim,1610612759,SAS,San Antonio Spurs,0040800164,2009-04-25T00:00:00,SAS @ DAL,L,41.82333333333333,7,13,0.538,0,0,0.0,11,18,0.611,4,6,10,7,4,2,1,2,5,10,25,-6,52.5,1,0,48.0,1,868,868,868,158,199,297,460,635,979,635,28,4,693,56,203,104,63,53,89,189,1565,1564,20,108,1235,65,1,5,68,,41:49,1
2008-09,101114,Deron Williams,Deron,1610612762,UTA,Utah Jazz,0040800144,2009-04-25T00:00:00,UTA vs. LAL,L,45.7,6,14,0.429,2,4,0.5,9,9,1.0,1,4,5,13,3,2,0,0,4,8,23,-11,51.5,1,0,47.0,1,868,868,868,41,285,245,810,139,253,176,52,86,1,423,403,442,6,132,89,505,1,1326,56,146,1461,73,1,5,79,,45:42,1
2008-09,2546,Carmelo Anthony,Carmelo,1610612743,DEN,Denver Nuggets,0040800153,2009-04-25T00:00:00,DEN @ NOH,L,37.71666666666667,10,24,0.417,1,2,0.5,4,8,0.5,3,5,8,5,2,1,0,0,2,7,25,7,43.1,0,0,41.0,1,868,868,868,369,65,25,841,300,538,176,259,118,723,106,281,198,142,289,300,505,1,667,81,108,402,136,145,5,129,,37:43,1
2008-09,979,Jermaine O'Neal,Jermaine,1610612748,MIA,Miami Heat,0040800133,2009-04-25T00:00:00,MIA vs. ATL,W,31.326666666666668,7,14,0.5,0,0,0.0,8,8,1.0,5,5,10,1,3,0,3,1,4,7,22,27,41.5,1,0,39.0,1,1,1,1,621,199,245,492,635,979,635,68,118,1,22,281,104,729,132,778,30,1168,1326,81,165,30,161,1,5,157,,31:20,1
2008-09,467,Jason Kidd,Jason,1610612742,DAL,Dallas Mavericks,0040800164,2009-04-25T00:00:00,DAL vs. SAS,W,39.845,4,10,0.4,3,7,0.429,6,6,1.0,3,4,7,7,0,2,0,0,3,3,17,10,41.9,0,0,38.0,1,1,1,1,265,552,492,867,59,57,361,132,202,1,106,403,272,63,1046,89,505,1,1025,409,291,293,154,145,5,169,,39:51,1
2008-09,2572,Josh Howard,Josh,1610612742,DAL,Dallas Mavericks,0040800164,2009-04-25T00:00:00,DAL vs. SAS,W,35.81,7,14,0.5,3,6,0.5,11,13,0.846,0,4,4,1,4,1,0,0,1,6,28,12,33.3,0,0,38.0,1,1,1,1,434,199,245,492,59,97,176,28,29,441,848,403,588,729,53,300,505,1,310,131,74,231,328,145,5,169,,35:49,1
2008-09,1885,Lamar Odom,Lamar,1610612747,LAL,Los Angeles Lakers,0040800144,2009-04-25T00:00:00,LAL @ UTA,W,41.17166666666667,4,10,0.4,0,0,0.0,2,5,0.4,2,13,15,6,1,1,2,0,2,3,10,20,45.0,1,0,37.0,1,1,1,1,198,552,492,867,635,979,635,481,294,896,220,11,23,100,569,300,71,1,667,409,663,83,116,1,5,187,,41:10,1
2008-09,201596,Mario Chalmers,Mario,1610612748,MIA,Miami Heat,0040800133,2009-04-25T00:00:00,MIA vs. ATL,W,32.56666666666667,6,10,0.6,3,6,0.5,0,0,0.0,2,3,5,3,0,4,1,0,4,3,15,31,40.5,0,0,36.0,1,1,1,1,562,285,492,323,59,97,176,930,991,930,220,569,442,317,1046,9,189,1,1326,409,367,12,179,145,5,206,,32:34,1
2008-09,1497,Chauncey Billups,Chauncey,1610612743,DEN,Denver Nuggets,0040800153,2009-04-25T00:00:00,DEN @ NOH,L,39.416666666666664,3,10,0.3,2,4,0.5,8,10,0.8,0,7,7,6,2,1,0,0,3,9,16,1,34.4,0,0,33.0,1,868,868,868,287,708,492,1168,139,253,176,68,68,487,848,140,272,100,289,300,505,1,1025,30,334,703,307,145,5,282,,39:25,1
2008-09,2617,Udonis Haslem,Udonis,1610612748,MIA,Miami Heat,0040800133,2009-04-25T00:00:00,MIA vs. ATL,W,28.85,6,9,0.667,0,0,0.0,0,0,0.0,2,11,13,2,0,1,1,0,2,0,12,21,36.6,1,0,31.0,1,1,1,1,711,285,571,194,635,979,635,930,991,930,220,35,51,488,1046,300,189,1,667,1205,532,74,252,1,5,328,,28:51,1
2008-09,2561,David West,David,1610612740,NOH,New Orleans Hornets,0040800153,2009-04-25T00:00:00,NOH vs. DEN,W,40.60666666666667,7,18,0.389,0,0,0.0,5,8,0.625,3,6,9,1,3,1,0,0,6,6,19,-11,31.3,0,0,31.0,1,1,1,1,226,199,108,949,635,979,635,182,118,676,106,203,149,729,132,300,505,1,1699,131,236,1461,389,145,5,328,,40:36,1
2008-09,1717,Dirk Nowitzki,Dirk,1610612742,DAL,Dallas Mavericks,0040800164,2009-04-25T00:00:00,DAL vs. SAS,W,40.56166666666667,4,9,0.444,0,0,0.0,4,5,0.8,0,13,13,1,3,1,1,0,2,6,12,2,32.1,1,0,30.0,1,1,1,1,230,552,571,770,635,979,635,259,294,487,848,11,51,729,132,300,189,1,667,131,532,653,357,1,5,359,,40:34,1
2008-09,1905,Andrei Kirilenko,Andrei,1610612762,UTA,Utah Jazz,0040800144,2009-04-25T00:00:00,UTA vs. LAL,L,35.35,7,15,0.467,0,1,0.0,1,4,0.25,2,2,4,2,1,3,1,1,1,3,15,-4,33.8,0,0,29.0,1,868,868,868,448,199,198,719,635,730,635,748,355,918,220,788,588,488,569,31,189,1168,310,409,367,1113,318,145,5,384,,35:21,1
2008-09,201143,Al Horford,Al,1610612737,ATL,Atlanta Hawks,0040800133,2009-04-25T00:00:00,ATL @ MIA,L,38.03333333333333,5,10,0.5,0,0,0.0,3,4,0.75,2,5,7,2,0,1,2,1,3,4,13,-23,33.4,0,0,28.0,1,868,868,868,353,396,492,492,635,979,635,367,355,532,220,281,272,488,1046,300,71,1168,1025,291,470,1696,324,145,5,407,,38:02,1
2008-09,2446,Rasual Butler,Rasual,1610612740,NOH,New Orleans Hornets,0040800153,2009-04-25T00:00:00,NOH vs. DEN,W,40.56666666666667,5,8,0.625,3,4,0.75,4,4,1.0,1,4,5,0,0,1,0,0,3,2,17,0,26.0,0,0,27.0,1,1,1,1,227,396,660,290,59,253,96,259,355,1,423,403,442,1072,1046,300,505,1,1025,597,291,769,511,145,5,435,,40:34,1
2008-09,2200,Pau Gasol,Pau,1610612747,LAL,Los Angeles Lakers,0040800144,2009-04-25T00:00:00,LAL @ UTA,W,40.69833333333333,4,8,0.5,0,0,0.0,5,7,0.714,2,8,10,1,4,0,1,2,3,5,13,15,25.5,1,0,26.0,1,1,1,1,220,552,660,492,635,979,635,182,167,598,220,90,104,729,53,778,189,1565,1025,197,470,174,524,1,5,463,,40:42,1
2008-09,2030,Kenyon Martin,Kenyon,1610612743,DEN,Denver Nuggets,0040800153,2009-04-25T00:00:00,DEN @ NOH,L,37.65,5,8,0.625,0,0,0.0,2,3,0.667,3,7,10,2,6,1,0,0,6,3,12,0,24.0,1,0,26.0,1,868,868,868,371,396,660,290,635,979,635,481,510,612,106,140,104,488,13,300,505,1,1699,409,532,769,578,1,5,463,,37:39,1
2008-09,2575,Luke Walton,Luke,1610612747,LAL,Los Angeles Lakers,0040800144,2009-04-25T00:00:00,LAL @ UTA,W,18.311666666666667,3,6,0.5,1,1,1.0,2,2,1.0,3,2,5,3,2,3,0,1,2,1,9,4,26.5,0,0,24.0,1,1,1,1,1074,708,846,492,300,730,1,481,591,1,106,788,442,317,289,31,505,1168,667,835,726,525,495,145,5,523,,18:19,1
2008-09,2746,Josh Smith,Josh,1610612737,ATL,Atlanta Hawks,0040800133,2009-04-25T00:00:00,ATL @ MIA,L,28.0,4,14,0.286,1,3,0.333,4,5,0.8,2,6,8,0,0,0,1,3,4,4,13,-20,25.6,0,0,24.0,1,868,868,868,737,552,245,1183,300,391,422,259,294,487,220,203,198,1072,1046,778,189,1698,1326,291,470,1654,520,145,5,523,,28:00,1
2008-09,1899,James Posey,James,1610612740,NOH,New Orleans Hornets,0040800153,2009-04-25T00:00:00,NOH vs. DEN,W,22.633333333333333,2,6,0.333,2,5,0.4,7,9,0.778,0,9,9,0,3,0,0,0,5,5,13,10,20.8,0,0,24.0,1,1,1,1,919,875,846,1037,139,159,374,92,86,519,848,68,149,1072,132,778,505,1,1564,197,470,293,682,145,5,523,,22:38,1
2008-09,2747,JR Smith,JR,1610612743,DEN,Denver Nuggets,0040800153,2009-04-25T00:00:00,DEN @ NOH,L,24.855,5,14,0.357,4,9,0.444,0,0,0.0,0,5,5,0,1,0,0,0,3,2,14,-8,19.0,0,0,23.0,1,868,868,868,849,396,245,1022,24,23,354,930,991,930,848,281,442,1072,569,778,505,1,1025,597,416,1347,746,145,5,561,,24:51,1
2008-09,2594,Kyle Korver,Kyle,1610612762,UTA,Utah Jazz,0040800144,2009-04-25T00:00:00,UTA vs. LAL,L,27.95,4,7,0.571,2,4,0.5,2,2,1.0,0,2,2,3,0,1,0,0,1,3,12,-2,21.9,0,0,21.0,1,868,868,868,740,552,764,394,139,253,176,481,591,1,848,788,973,317,1046,300,505,1,310,409,532,949,655,145,5,634,,27:57,1
2008-09,1752,Sean Marks,Sean,1610612740,NOH,New Orleans Hornets,0040800153,2009-04-25T00:00:00,NOH vs. DEN,W,26.06,3,5,0.6,0,0,0.0,2,3,0.667,3,3,6,0,0,1,2,0,3,4,8,18,24.2,0,0,20.0,1,1,1,1,815,708,946,323,635,979,635,481,510,612,106,569,351,1072,1046,300,71,1,1025,291,776,118,570,145,5,666,,26:04,1
2008-09,965,Derek Fisher,Derek,1610612747,LAL,Los Angeles Lakers,0040800144,2009-04-25T00:00:00,LAL @ UTA,W,28.366666666666667,4,8,0.5,1,4,0.25,3,4,0.75,0,1,1,4,0,1,0,0,5,2,12,6,22.2,0,0,20.0,1,1,1,1,730,552,660,492,300,253,524,367,355,532,848,1051,1206,208,1046,300,505,1,1564,597,532,431,639,145,5,666,,28:22,1
2008-09,1710,Mike Bibby,Mike,1610612737,ATL,Atlanta Hawks,0040800133,2009-04-25T00:00:00,ATL @ MIA,L,35.65,5,13,0.385,1,3,0.333,2,2,1.0,1,1,2,3,2,0,0,0,1,2,13,-28,17.9,0,0,19.0,1,868,868,868,438,396,297,956,300,391,422,481,591,1,423,1051,973,317,289,778,505,1,310,597,470,1721,788,145,5,709,,35:39,1
2008-09,956,Erick Dampier,Erick,1610612742,DAL,Dallas Mavericks,0040800164,2009-04-25T00:00:00,DAL vs. SAS,W,24.18,2,4,0.5,0,0,0.0,6,6,1.0,4,2,6,1,4,1,0,1,5,3,10,-5,17.7,0,0,19.0,1,1,1,1,876,875,1064,492,635,979,635,132,202,1,56,788,351,729,53,300,505,1168,1564,409,663,1171,795,145,5,709,,24:11,1
2008-09,2207,Joe Johnson,Joe,1610612737,ATL,Atlanta Hawks,0040800133,2009-04-25T00:00:00,ATL @ MIA,L,38.63333333333333,5,17,0.294,0,3,0.0,0,0,0.0,3,3,6,3,5,0,0,5,2,1,10,-17,16.7,0,0,19.0,1,868,868,868,325,396,130,1182,635,391,635,930,991,930,106,569,351,317,21,778,505,1739,667,835,663,1611,842,145,5,709,,38:38,1
2008-09,1891,Jason Terry,Jason,1610612742,DAL,Dallas Mavericks,0040800164,2009-04-25T00:00:00,DAL vs. SAS,W,32.9,3,17,0.176,1,6,0.167,3,4,0.75,1,2,3,0,2,1,1,1,1,4,10,10,17.6,0,0,18.0,1,1,1,1,544,708,130,1351,300,97,607,367,355,532,423,788,748,1072,289,300,189,1168,310,291,663,293,806,145,5,750,,32:54,1
2008-09,101132,Linas Kleiza,Linas,1610612743,DEN,Denver Nuggets,0040800153,2009-04-25T00:00:00,DEN @ NOH,L,20.59,4,8,0.5,2,4,0.5,3,4,0.75,0,3,3,0,1,0,0,0,2,2,13,1,15.6,0,0,18.0,1,868,868,868,990,552,660,492,139,253,176,367,355,532,848,569,748,1072,569,778,505,1,667,597,470,703,895,145,5,750,,20:35,1
2008-09,2403,Nene,ene,1610612743,DEN,Denver Nuggets,0040800153,2009-04-25T00:00:00,DEN @ NOH,L,32.96666666666667,1,4,0.25,0,0,0.0,0,0,0.0,4,4,8,1,2,3,0,1,6,0,2,7,20.1,0,0,17.0,1,868,868,868,541,1119,1064,1224,635,979,635,930,991,930,56,403,198,729,289,31,505,1168,1699,1205,1253,402,708,145,5,789,,32:58,1
2008-09,2585,Zaza Pachulia,Zaza,1610612737,ATL,Atlanta Hawks,0040800133,2009-04-25T00:00:00,ATL @ MIA,L,24.483333333333334,1,6,0.167,0,0,0.0,6,8,0.75,2,5,7,0,0,0,1,1,5,6,8,-15,19.4,0,0,17.0,1,868,868,868,862,1119,846,1352,635,979,635,132,118,532,220,281,272,1072,1046,778,189,1168,1564,131,776,1570,739,145,5,789,,24:29,1
2008-09,200758,Ronnie Brewer,Ronnie,1610612762,UTA,Utah Jazz,0040800144,2009-04-25T00:00:00,UTA vs. LAL,L,30.4,4,8,0.5,0,0,0.0,1,2,0.5,1,1,2,2,2,2,0,0,2,1,9,-9,18.4,0,0,17.0,1,868,868,868,653,552,660,492,635,979,635,748,591,723,423,1051,973,488,289,89,505,1,667,835,726,1389,768,145,5,789,,30:24,1
2008-09,200769,Shannon Brown,Shannon,1610612747,LAL,Los Angeles Lakers,0040800144,2009-04-25T00:00:00,LAL @ UTA,W,19.633333333333333,3,5,0.6,1,1,1.0,3,5,0.6,1,0,1,1,1,2,0,0,3,3,10,8,17.7,0,0,17.0,1,1,1,1,1022,708,946,323,300,730,1,367,294,694,423,1379,1206,729,569,89,505,1,1025,409,663,362,795,145,5,789,,19:38,1
2008-09,200797,Ryan Hollins,Ryan,1610612742,DAL,Dallas Mavericks,0040800164,2009-04-25T00:00:00,DAL vs. SAS,W,19.183333333333334,1,2,0.5,0,0,0.0,0,2,0.0,4,4,8,0,0,0,3,1,4,3,2,8,20.6,0,0,16.0,1,1,1,1,1038,1119,1295,492,635,979,635,930,591,930,56,403,198,1072,1046,778,30,1168,1326,409,1253,362,692,145,5,826,,19:11,1
2008-09,2772,Trevor Ariza,Trevor,1610612747,LAL,Los Angeles Lakers,0040800144,2009-04-25T00:00:00,LAL @ UTA,W,27.816666666666666,2,5,0.4,1,3,0.333,0,0,0.0,0,4,4,2,1,2,0,0,4,1,5,5,17.8,0,0,16.0,1,1,1,1,747,875,946,867,300,391,422,930,991,930,848,403,588,488,569,89,505,1,1326,835,1003,477,791,145,5,826,,27:49,1
2008-09,200826,J.J. Barea,J.J.,1610612742,DAL,Dallas Mavericks,0040800164,2009-04-25T00:00:00,DAL vs. SAS,W,24.55666666666667,3,8,0.375,1,2,0.5,2,2,1.0,0,2,2,4,1,0,0,0,2,2,9,-6,16.4,0,0,16.0,1,1,1,1,859,708,660,978,300,538,176,481,591,1,848,788,973,208,569,778,505,1,667,597,726,1235,858,145,5,826,,24:33,1
2008-09,2756,Sasha Vujacic,Sasha,1610612747,LAL,Los Angeles Lakers,0040800144,2009-04-25T00:00:00,LAL @ UTA,W,17.083333333333332,3,9,0.333,3,8,0.375,0,0,0.0,0,3,3,1,0,0,0,1,1,0,9,9,14.1,0,0,16.0,1,1,1,1,1120,708,571,1037,59,38,418,930,991,930,848,569,748,729,1046,778,505,1168,310,1205,726,328,960,145,5,826,,17:05,1
2008-09,201563,Michael Beasley,Michael,1610612748,MIA,Miami Heat,0040800133,2009-04-25T00:00:00,MIA vs. ATL,W,19.15,1,9,0.111,0,0,0.0,2,2,1.0,2,4,6,1,1,0,2,2,1,1,4,8,17.7,0,0,15.0,1,1,1,1,1039,1119,571,1390,635,979,635,481,591,1,220,403,351,729,569,778,71,1565,310,835,1077,362,795,145,5,864,,19:09,1
2008-09,201161,Daequan Cook,Daequan,1610612748,MIA,Miami Heat,0040800133,2009-04-25T00:00:00,MIA vs. ATL,W,26.916666666666668,2,10,0.2,2,6,0.333,0,0,0.0,0,3,3,2,0,1,0,1,1,0,6,4,15.6,0,0,15.0,1,1,1,1,782,875,492,1308,139,97,422,930,991,930,848,569,748,488,1046,300,505,1168,310,1205,918,525,895,145,5,864,,26:55,1
2008-09,2436,Flip Murray,Flip,1610612737,ATL,Atlanta Hawks,0040800133,2009-04-25T00:00:00,ATL @ MIA,L,27.083333333333332,3,8,0.375,1,2,0.5,0,0,0.0,0,2,2,3,2,1,0,0,0,0,7,-12,14.9,0,0,15.0,1,868,868,868,776,708,660,978,300,538,176,930,991,930,848,788,973,317,289,300,505,1,1,1205,853,1497,930,145,5,864,,27:05,1
2008-09,2230,Maurice Evans,Maurice,1610612737,ATL,Atlanta Hawks,0040800133,2009-04-25T00:00:00,ATL @ MIA,L,32.016666666666666,3,6,0.5,2,3,0.667,0,0,0.0,0,1,1,0,1,1,1,2,1,0,8,-28,14.2,0,0,15.0,1,868,868,868,590,708,846,492,139,391,116,930,991,930,848,1051,1206,1072,569,300,189,1565,310,1205,776,1721,953,145,5,864,,32:01,1
2008-09,2592,James Jones,James,1610612748,MIA,Miami Heat,0040800133,2009-04-25T00:00:00,MIA vs. ATL,W,30.816666666666666,4,5,0.8,3,3,1.0,0,0,0.0,0,0,0,1,0,0,0,1,0,1,11,22,12.5,0,0,15.0,1,1,1,1,643,552,946,123,59,391,1,930,991,930,848,1379,1447,729,1046,778,505,1168,1,835,612,61,1026,145,5,864,,30:49,1
2008-09,1477,Bruce Bowen,Bruce,1610612759,SAS,San Antonio Spurs,0040800164,2009-04-25T00:00:00,SAS @ DAL,L,31.121666666666666,2,4,0.5,1,3,0.333,0,0,0.0,0,6,6,0,1,1,0,0,1,0,5,-2,14.2,0,0,14.0,1,868,868,868,633,875,1064,492,300,391,422,930,991,930,848,203,351,1072,569,300,505,1,310,1205,1003,949,953,145,5,905,,31:07,1
2008-09,200794,Paul Millsap,Paul,1610612762,UTA,Utah Jazz,0040800144,2009-04-25T00:00:00,UTA vs. LAL,L,25.95,4,8,0.5,0,0,0.0,0,3,0.0,3,2,5,0,0,0,0,1,3,2,8,-9,14.0,0,0,13.0,1,868,868,868,818,552,660,492,635,979,635,930,510,930,106,788,442,1072,1046,778,505,1168,1025,597,776,1389,965,145,5,940,,25:57,1
2008-09,101120,Antoine Wright,Antoine,1610612742,DAL,Dallas Mavericks,0040800164,2009-04-25T00:00:00,DAL vs. SAS,W,10.888333333333334,3,5,0.6,2,4,0.5,1,1,1.0,0,0,0,0,0,0,1,0,2,1,9,1,12.0,0,0,13.0,1,1,1,1,1342,708,946,323,139,253,176,748,920,1,848,1379,1447,1072,1046,778,189,1,667,835,726,703,1054,145,5,940,,10:53,1
2008-09,2137,Ime Udoka,Ime,1610612759,SAS,San Antonio Spurs,0040800164,2009-04-25T00:00:00,SAS @ DAL,L,19.051666666666666,0,4,0.0,0,2,0.0,1,2,0.5,1,3,4,1,0,2,1,0,4,3,1,-2,16.3,0,0,12.0,1,868,868,868,1047,1397,1064,1397,635,538,635,748,591,723,423,569,588,729,1046,89,189,1,1326,409,1430,949,865,145,5,1002,,19:03,1
2008-09,2563,Dahntay Jones,Dahntay,1610612743,DEN,Denver Nuggets,0040800153,2009-04-25T00:00:00,DEN @ NOH,L,16.698333333333334,1,3,0.333,0,1,0.0,5,6,0.833,0,0,0,1,0,1,1,1,2,3,7,12,14.5,0,0,12.0,1,868,868,868,1134,1119,1176,1037,635,730,635,182,202,442,848,1379,1447,729,1046,300,189,1168,667,409,853,231,946,145,5,1002,,16:42,1
2008-09,978,Peja Stojakovic,Peja,1610612740,NOH,New Orleans Hornets,0040800153,2009-04-25T00:00:00,NOH vs. DEN,W,32.166666666666664,1,9,0.111,0,4,0.0,2,2,1.0,0,3,3,0,1,2,0,1,4,1,4,-7,12.6,0,0,11.0,1,1,1,1,583,1119,571,1390,635,253,635,481,591,1,848,569,748,1072,569,89,505,1168,1326,835,1077,1305,1019,145,5,1061,,32:10,1
2008-09,1723,Matt Harpring,Matt,1610612762,UTA,Utah Jazz,0040800144,2009-04-25T00:00:00,UTA vs. LAL,L,9.016666666666667,2,5,0.4,0,0,0.0,0,0,0.0,2,1,3,0,2,1,1,1,1,0,4,-1,11.6,0,0,11.0,1,868,868,868,1390,875,946,867,635,979,635,930,991,930,220,1051,748,1072,289,300,189,1168,310,1205,1077,871,1074,145,5,1061,,9:01,1
2008-09,714,Michael Finley,Michael,1610612759,SAS,San Antonio Spurs,0040800164,2009-04-25T00:00:00,SAS @ DAL,L,36.04333333333334,2,6,0.333,1,5,0.2,2,2,1.0,0,1,1,2,0,0,0,0,1,0,7,-8,11.2,0,0,11.0,1,868,868,868,427,875,846,1037,300,159,578,481,591,1,848,1051,1206,488,1046,778,505,1,310,1205,853,1347,1093,145,5,1061,,36:03,1
2008-09,101138,Brandon Bass,Brandon,1610612742,DAL,Dallas Mavericks,0040800164,2009-04-25T00:00:00,DAL vs. SAS,W,11.925,1,4,0.25,0,0,0.0,0,0,0.0,2,4,6,1,0,0,0,0,1,0,2,13,10.7,0,0,9.0,1,1,1,1,1306,1119,1064,1224,635,979,635,930,991,930,220,403,351,729,1046,778,505,1,310,1205,1253,203,1118,145,5,1144,,11:56,1
2008-09,201588,George Hill,George,1610612759,SAS,San Antonio Spurs,0040800164,2009-04-25T00:00:00,SAS @ DAL,L,14.478333333333333,2,3,0.667,2,2,1.0,0,0,0.0,0,1,1,0,0,0,0,1,2,0,6,-2,7.2,0,0,9.0,1,868,868,868,1214,875,1176,194,139,538,1,930,991,930,848,1051,1206,1072,1046,778,505,1168,667,1205,918,949,1253,145,5,1144,,14:29,1
2008-09,2365,Chris Andersen,Chris,1610612743,DEN,Denver Nuggets,0040800153,2009-04-25T00:00:00,DEN @ NOH,L,15.133333333333333,1,1,1.0,0,0,0.0,1,2,0.5,0,3,3,1,0,0,0,0,3,2,3,-20,8.1,0,0,7.0,1,868,868,868,1189,1119,1432,1,635,979,635,748,591,723,848,569,748,729,1046,778,505,1,1025,597,1188,1654,1221,145,5,1230,,15:08,1
2008-09,200081,Jamario Moon,Jamario,1610612748,MIA,Miami Heat,0040800133,2009-04-25T00:00:00,MIA vs. ATL,W,5.183333333333334,1,1,1.0,0,0,0.0,0,0,0.0,0,0,0,0,2,1,1,0,1,0,2,-8,6.0,0,0,6.0,1,1,1,1,1509,1119,1432,1,635,979,635,930,991,930,848,1379,1447,1072,289,300,189,1,310,1205,1253,1347,1312,145,5,1274,,5:11,1
2008-09,2400,Drew Gooden,Drew,1610612759,SAS,San Antonio Spurs,0040800164,2009-04-25T00:00:00,SAS @ DAL,L,8.326666666666666,0,3,0.0,0,1,0.0,2,2,1.0,0,3,3,0,0,0,0,0,4,1,2,-5,5.6,0,0,5.0,1,868,868,868,1417,1397,1176,1397,635,730,635,481,591,1,848,569,748,1072,1046,778,505,1,1326,835,1253,1171,1334,145,5,1326,,8:20,1
2008-09,2199,Tyson Chandler,Tyson,1610612740,NOH,New Orleans Hornets,0040800153,2009-04-25T00:00:00,NOH vs. DEN,W,17.716666666666665,1,1,1.0,0,0,0.0,0,0,0.0,1,2,3,0,2,0,0,0,6,2,2,-9,3.6,0,0,5.0,1,1,1,1,1092,1119,1432,1,635,979,635,930,991,930,423,788,748,1072,289,778,505,1,1699,597,1253,1389,1436,145,5,1326,,17:43,1
2008-09,1853,Anthony Carter,Anthony,1610612743,DEN,Denver Nuggets,0040800153,2009-04-25T00:00:00,DEN @ NOH,L,14.973333333333333,0,2,0.0,0,1,0.0,1,2,0.5,0,0,0,3,0,0,0,0,2,1,1,-10,5.5,0,0,4.0,1,868,868,868,1200,1397,1295,1397,635,730,635,748,591,723,848,1379,1447,317,1046,778,505,1,667,835,1430,1433,1341,145,5,1395,,14:58,1
2008-09,2246,Mehmet Okur,Mehmet,1610612762,UTA,Utah Jazz,0040800144,2009-04-25T00:00:00,UTA vs. LAL,L,13.016666666666667,0,3,0.0,0,1,0.0,0,0,0.0,1,1,2,2,0,0,0,0,2,0,0,-8,5.4,0,0,4.0,1,868,868,868,1271,1397,1176,1397,635,730,635,930,991,930,423,1051,973,488,1046,778,505,1,667,1205,1447,1347,1344,145,5,1395,,13:01,1
2008-09,703,Kurt Thomas,Kurt,1610612759,SAS,San Antonio Spurs,0040800164,2009-04-25T00:00:00,SAS @ DAL,L,8.8,0,1,0.0,0,0,0.0,1,2,0.5,1,2,3,0,0,0,0,0,1,1,1,-6,4.6,0,0,4.0,1,868,868,868,1398,1397,1432,1397,635,979,635,748,591,723,423,788,748,1072,1046,778,505,1,310,835,1430,1235,1388,145,5,1395,,8:48,1
2008-09,200809,Chris Quinn,Chris,1610612748,MIA,Miami Heat,0040800133,2009-04-25T00:00:00,MIA vs. ATL,W,3.6333333333333333,1,2,0.5,0,0,0.0,2,2,1.0,0,0,0,0,0,0,0,0,0,2,4,2,4.0,0,0,4.0,1,1,1,1,1578,1119,1295,492,635,979,635,481,591,1,848,1379,1447,1072,1046,778,505,1,1,597,1077,653,1425,145,5,1395,,3:38,1
2008-09,1498,Antonio Daniels,Antonio,1610612740,NOH,New Orleans Hornets,0040800153,2009-04-25T00:00:00,NOH vs. DEN,W,14.466666666666667,0,2,0.0,0,1,0.0,0,0,0.0,0,0,0,3,0,0,0,0,1,0,0,6,4.5,0,0,3.0,1,1,1,1,1215,1397,1295,1397,635,730,635,930,991,930,848,1379,1447,317,1046,778,505,1,310,1205,1447,431,1394,145,5,1443,,14:28,1
2008-09,2048,Jamaal Magloire,Jamaal,1610612748,MIA,Miami Heat,0040800133,2009-04-25T00:00:00,MIA vs. ATL,W,13.04,0,0,0.0,0,0,0.0,0,0,0.0,2,1,3,0,0,0,0,0,3,1,0,0,3.6,0,0,3.0,1,1,1,1,1269,1397,1595,1397,635,979,635,930,991,930,220,1051,748,1072,1046,778,505,1,1025,835,1447,769,1436,145,5,1443,,13:02,1
2008-09,201629,Othello Hunter,Othello,1610612737,ATL,Atlanta Hawks,0040800133,2009-04-25T00:00:00,ATL @ MIA,L,1.85,1,1,1.0,0,0,0.0,0,0,0.0,0,1,1,0,0,0,0,0,0,0,2,2,3.2,0,0,3.0,1,868,868,868,1664,1119,1432,1,635,979,635,930,991,930,848,1051,1206,1072,1046,778,505,1,1,1205,1253,653,1452,145,5,1443,,1:51,1
2008-09,200780,Solomon Jones,Solomon,1610612737,ATL,Atlanta Hawks,0040800133,2009-04-25T00:00:00,ATL @ MIA,L,3.6333333333333333,1,1,1.0,0,0,0.0,0,0,0.0,0,1,1,0,0,0,0,0,0,0,2,-2,3.2,0,0,3.0,1,868,868,868,1578,1119,1432,1,635,979,635,930,991,930,848,1051,1206,1072,1046,778,505,1,1,1205,1253,949,1452,145,5,1443,,3:38,1
2008-09,101115,Andrew Bynum,Andrew,1610612747,LAL,Los Angeles Lakers,0040800144,2009-04-25T00:00:00,LAL @ UTA,W,6.953333333333333,1,2,0.5,0,0,0.0,0,0,0.0,0,1,1,0,2,0,0,0,2,0,2,1,1.2,0,0,3.0,1,1,1,1,1454,1119,1295,492,635,979,635,930,991,930,848,1051,1206,1072,289,778,505,1,667,1205,1253,703,1567,145,5,1443,,6:57,1
2008-09,201151,Acie Law,Acie,1610612737,ATL,Atlanta Hawks,0040800133,2009-04-25T00:00:00,ATL @ MIA,L,5.133333333333334,0,1,0.0,0,0,0.0,0,0,0.0,0,0,0,2,0,0,0,0,2,0,0,-2,3.0,0,0,2.0,1,868,868,868,1513,1397,1432,1397,635,979,635,930,991,930,848,1379,1447,488,1046,778,505,1,667,1205,1447,949,1474,145,5,1494,,5:08,1
2008-09,101139,CJ Miles,CJ,1610612762,UTA,Utah Jazz,0040800144,2009-04-25T00:00:00,UTA vs. LAL,L,8.483333333333333,0,2,0.0,0,0,0.0,0,0,0.0,0,0,0,0,0,0,1,0,1,0,0,-10,3.0,0,0,2.0,1,868,868,868,1411,1397,1295,1397,635,979,635,930,991,930,848,1379,1447,1072,1046,778,189,1,310,1205,1447,1433,1474,145,5,1494,,8:29,1
2008-09,201202,Joel Anthony,Joel,1610612748,MIA,Miami Heat,0040800133,2009-04-25T00:00:00,MIA vs. ATL,W,3.6333333333333333,0,0,0.0,0,0,0.0,2,2,1.0,0,0,0,0,0,0,0,0,0,1,2,2,2.0,0,0,2.0,1,1,1,1,1578,1397,1595,1397,635,979,635,481,591,1,848,1379,1447,1072,1046,778,505,1,1,835,1253,653,1526,145,5,1494,,3:38,1
2008-09,201242,Thomas Gardner,Thomas,1610612737,ATL,Atlanta Hawks,0040800133,2009-04-25T00:00:00,ATL @ MIA,L,1.85,1,2,0.5,0,1,0.0,0,0,0.0,0,0,0,0,0,0,0,0,1,0,2,2,2.0,0,0,2.0,1,868,868,868,1664,1119,1295,492,635,730,635,930,991,930,848,1379,1447,1072,1046,778,505,1,310,1205,1253,653,1526,145,5,1494,,1:51,1
2008-09,2427,Roger Mason Jr.,Roger,1610612759,SAS,San Antonio Spurs,0040800164,2009-04-25T00:00:00,SAS @ DAL,L,17.233333333333334,0,3,0.0,0,2,0.0,0,0,0.0,0,1,1,1,2,0,0,1,3,1,0,-13,0.7,0,0,2.0,1,868,868,868,1108,1397,1176,1397,635,538,635,930,991,930,848,1051,1206,729,289,778,505,1168,1025,835,1447,1527,1596,145,5,1494,,17:14,1
2008-09,200821,Yakhouba Diawara,Yakhouba,1610612748,MIA,Miami Heat,0040800133,2009-04-25T00:00:00,MIA vs. ATL,W,3.6333333333333333,0,0,0.0,0,0,0.0,0,0,0.0,0,1,1,0,0,0,0,0,0,0,0,2,1.2,0,0,1.0,1,1,1,1,1578,1397,1595,1397,635,979,635,930,991,930,848,1051,1206,1072,1046,778,505,1,1,1205,1447,653,1567,145,5,1565,,3:38,1
2008-09,2588,Matt Bonner,Matt,1610612759,SAS,San Antonio Spurs,0040800164,2009-04-25T00:00:00,SAS @ DAL,L,21.916666666666668,0,4,0.0,0,3,0.0,0,0,0.0,0,1,1,0,1,0,0,0,4,0,0,-8,0.2,0,0,1.0,1,868,868,868,944,1397,1064,1397,635,391,635,930,991,930,848,1051,1206,1072,569,778,505,1,1326,1205,1447,1347,1600,145,5,1565,,21:55,1
2008-09,101189,James Singleton,James,1610612742,DAL,Dallas Mavericks,0040800164,2009-04-25T00:00:00,DAL vs. SAS,W,0.15,0,0,0.0,0,0,0.0,0,0,0.0,0,0,0,0,0,0,0,0,0,0,0,0,0.0,0,0,0.0,1,1,1,1,1736,1397,1595,1397,635,979,635,930,991,930,848,1379,1447,1072,1046,778,505,1,1,1205,1447,769,1610,145,5,1611,,0:09,1
2008-09,201238,Mario West,Mario,1610612737,ATL,Atlanta Hawks,0040800133,2009-04-25T00:00:00,ATL @ MIA,L,3.6333333333333333,0,0,0.0,0,0,0.0,0,0,0.0,0,0,0,0,0,0,0,0,0,0,0,-2,0.0,0,0,0.0,1,868,868,868,1578,1397,1595,1397,635,979,635,930,991,930,848,1379,1447,1072,1046,778,505,1,1,1205,1447,949,1610,145,5,1611,,3:38,1
2008-09,2694,Josh Powell,Josh,1610612747,LAL,Los Angeles Lakers,0040800144,2009-04-25T00:00:00,LAL @ UTA,W,0.34833333333333333,0,0,0.0,0,0,0.0,0,0,0.0,0,0,0,0,0,0,0,0,0,0,0,-2,0.0,0,0,0.0,1,1,1,1,1728,1397,1595,1397,635,979,635,930,991,930,848,1379,1447,1072,1046,778,505,1,1,1205,1447,949,1610,145,5,1611,,0:21,1
2008-09,1510,Brevin Knight,Brevin,1610612762,UTA,Utah Jazz,0040800144,2009-04-25T00:00:00,UTA vs. LAL,L,2.3,0,2,0.0,0,0,0.0,0,0,0.0,0,0,0,0,0,0,0,0,2,0,0,-3,0.0,0,0,0.0,1,868,868,868,1649,1397,1295,1397,635,979,635,930,991,930,848,1379,1447,1072,1046,778,505,1,667,1205,1447,1039,1610,145,5,1611,,2:18,1
2008-09,2544,LeBron James,LeBron,1610612739,CLE,Cleveland Cavaliers,0040800103,2009-04-24T00:00:00,CLE @ DET,W,42.733333333333334,9,19,0.474,0,5,0.0,7,11,0.636,2,9,11,9,2,3,2,2,0,11,25,13,64.7,1,0,55.0,1,1,1,1,124,97,91,706,635,159,635,92,61,674,220,68,83,25,289,31,71,1565,1,12,108,203,13,1,5,25,,42:44,1
2008-09,2730,Dwight Howard,Dwight,1610612753,ORL,Orlando Magic,0040800123,2009-04-24T00:00:00,ORL @ PHI,L,44.56666666666667,12,16,0.75,0,0,0.0,12,14,0.857,6,5,11,0,4,0,3,0,4,10,36,1,54.2,1,0,53.0,1,868,868,868,66,25,167,143,635,979,635,15,20,425,10,281,83,1072,53,778,30,1,1326,20,22,703,53,1,5,35,,44:34,1
2008-09,2738,Andre Iguodala,Andre,1610612755,PHI,Philadelphia 76ers,0040800123,2009-04-24T00:00:00,PHI vs. ORL,W,43.233333333333334,9,15,0.6,2,4,0.5,9,13,0.692,2,5,7,4,4,2,0,1,0,8,29,1,45.4,0,0,46.0,1,1,1,1,106,97,198,323,139,253,176,52,29,609,220,281,272,208,53,89,505,1168,1,56,65,703,114,145,5,84,,43:14,1
2008-09,1889,Andre Miller,Andre,1610612755,PHI,Philadelphia 76ers,0040800123,2009-04-24T00:00:00,PHI vs. ORL,W,45.608333333333334,10,21,0.476,1,1,1.0,3,4,0.75,2,7,9,7,4,0,0,1,3,4,24,0,41.3,0,0,41.0,1,1,1,1,42,65,55,703,300,730,1,367,355,532,220,140,149,63,53,778,505,1168,1025,291,124,769,163,145,5,129,,45:37,1
2008-09,2581,Steve Blake,Steve,1610612757,POR,Portland Trail Blazers,0040800173,2009-04-24T00:00:00,POR @ HOU,L,39.9,6,11,0.545,4,7,0.571,0,0,0.0,0,3,3,10,2,1,0,0,1,2,16,2,35.6,1,0,35.0,1,868,868,868,260,285,430,448,24,57,163,930,991,930,848,569,748,20,289,300,505,1,310,597,334,653,283,1,5,234,,39:54,1
2008-09,2203,Shane Battier,Shane,1610612745,HOU,Houston Rockets,0040800173,2009-04-24T00:00:00,HOU vs. POR,W,43.86666666666667,6,10,0.6,2,4,0.5,2,2,1.0,2,2,4,1,2,2,4,1,1,2,16,1,38.3,0,0,35.0,1,1,1,1,82,285,492,323,139,253,176,481,591,1,220,788,588,729,289,89,11,1168,310,597,334,703,212,145,5,234,,43:52,1
2008-09,200746,LaMarcus Aldridge,LaMarcus,1610612757,POR,Portland Trail Blazers,0040800173,2009-04-24T00:00:00,POR @ HOU,L,43.961666666666666,6,15,0.4,1,1,1.0,0,0,0.0,1,7,8,1,4,1,5,2,4,6,13,3,38.1,0,0,35.0,1,868,868,868,76,285,198,867,300,730,1,930,991,930,423,140,198,729,53,300,5,1565,1326,131,470,588,213,145,5,234,,43:58,1
2008-09,1888,Richard Hamilton,Richard,1610612765,DET,Detroit Pistons,0040800103,2009-04-24T00:00:00,DET vs. CLE,L,41.666666666666664,6,17,0.353,1,2,0.5,2,2,1.0,1,7,8,6,2,2,0,2,3,5,15,-6,37.6,0,0,34.0,1,868,868,868,166,285,130,1029,300,538,176,481,591,1,423,140,198,100,289,89,505,1565,1025,197,367,1235,225,145,5,263,,41:40,1
2008-09,200750,Brandon Roy,Brandon,1610612757,POR,Portland Trail Blazers,0040800173,2009-04-24T00:00:00,POR @ HOU,L,41.39333333333333,6,18,0.333,0,3,0.0,7,8,0.875,3,4,7,2,3,2,1,2,6,5,19,-5,36.4,0,0,34.0,1,868,868,868,182,285,108,1037,635,391,635,92,118,408,106,403,272,488,132,89,189,1565,1699,197,236,1171,265,145,5,263,,41:24,1
2008-09,1740,Rashard Lewis,Rashard,1610612753,ORL,Orlando Magic,0040800123,2009-04-24T00:00:00,ORL @ PHI,L,39.53333333333333,5,13,0.385,3,5,0.6,1,1,1.0,1,6,7,2,2,3,1,1,1,3,14,1,35.4,0,0,34.0,1,868,868,868,282,396,297,956,59,159,151,748,920,1,423,203,272,488,289,31,189,1168,310,409,416,703,291,145,5,263,,39:32,1
2008-09,2449,Luis Scola,Luis,1610612745,HOU,Houston Rockets,0040800173,2009-04-24T00:00:00,HOU vs. POR,W,32.86666666666667,8,15,0.533,0,0,0.0,3,3,1.0,2,7,9,3,1,1,0,1,5,5,19,6,36.3,0,0,33.0,1,1,1,1,547,143,198,468,635,979,635,367,510,1,220,140,149,317,569,300,505,1168,1564,197,236,431,268,145,5,282,,32:52,1
2008-09,1747,Rafer Alston,Rafer,1610612753,ORL,Orlando Magic,0040800123,2009-04-24T00:00:00,ORL @ PHI,L,37.63333333333333,6,13,0.462,1,3,0.333,4,7,0.571,0,5,5,4,1,2,0,1,4,6,17,0,34.0,0,0,31.0,1,868,868,868,373,285,297,727,300,391,422,259,167,713,848,281,442,208,569,89,505,1168,1326,131,291,769,315,145,5,328,,37:38,1
2008-09,693,Joe Smith,Joe,1610612739,CLE,Cleveland Cavaliers,0040800103,2009-04-24T00:00:00,CLE @ DET,W,19.273333333333333,6,8,0.75,1,1,1.0,6,7,0.857,4,6,10,0,0,0,0,0,2,5,19,12,31.0,1,0,30.0,1,1,1,1,1034,285,660,143,300,730,1,132,167,425,56,203,104,1072,1046,778,505,1,667,197,236,231,397,1,5,359,,19:16,1
2008-09,980,Zydrunas Ilgauskas,Zydrunas,1610612739,CLE,Cleveland Cavaliers,0040800103,2009-04-24T00:00:00,CLE @ DET,W,30.716666666666665,6,13,0.462,1,2,0.5,0,0,0.0,0,6,6,2,1,1,3,1,2,0,13,1,34.2,0,0,30.0,1,1,1,1,648,285,297,727,300,538,176,930,991,930,848,203,351,488,569,300,30,1168,667,1205,470,703,312,145,5,359,,30:43,1
2008-09,201164,Rudy Fernandez,Rudy,1610612757,POR,Portland Trail Blazers,0040800173,2009-04-24T00:00:00,POR @ HOU,L,22.471666666666668,6,9,0.667,5,7,0.714,0,0,0.0,0,0,0,3,1,2,0,0,3,1,17,-4,26.5,0,0,29.0,1,868,868,868,923,285,571,194,12,57,113,930,991,930,848,1379,1447,317,569,89,505,1,1025,835,291,1113,495,145,5,384,,22:28,1
2008-09,2397,Yao Ming,ao Ming,1610612745,HOU,Houston Rockets,0040800173,2009-04-24T00:00:00,HOU vs. POR,W,36.0,2,7,0.286,0,0,0.0,3,3,1.0,2,11,13,1,3,0,2,2,3,6,7,2,27.1,0,0,25.0,1,1,1,1,428,875,764,1183,635,979,635,367,510,1,220,35,51,729,132,778,71,1565,1025,131,853,653,478,145,5,496,,36:00,1
2008-09,1897,Metta World Peace,Metta,1610612745,HOU,Houston Rockets,0040800173,2009-04-24T00:00:00,HOU vs. POR,W,37.766666666666666,3,8,0.375,1,1,1.0,2,2,1.0,2,3,5,4,4,2,1,2,0,2,9,-3,26.0,0,0,25.0,1,1,1,1,366,708,660,978,300,730,1,481,591,1,220,569,442,208,53,89,189,1565,1,597,726,1039,511,145,5,496,,37:46,1
2008-09,2045,Hedo Turkoglu,Hedo,1610612753,ORL,Orlando Magic,0040800123,2009-04-24T00:00:00,ORL @ PHI,L,39.7,2,12,0.167,1,3,0.333,6,6,1.0,1,5,6,4,5,0,1,2,5,4,11,-7,22.2,0,0,24.0,1,868,868,868,276,875,364,1352,300,391,422,132,202,1,423,281,351,208,21,778,189,1565,1564,291,612,1305,639,145,5,523,,39:42,1
2008-09,201155,Rodney Stuckey,Rodney,1610612765,DET,Detroit Pistons,0040800103,2009-04-24T00:00:00,DET vs. CLE,L,34.733333333333334,5,11,0.455,0,2,0.0,2,4,0.5,0,5,5,5,4,0,0,1,1,4,12,3,21.5,0,0,22.0,1,868,868,868,471,396,430,744,635,538,635,481,355,723,848,281,442,142,53,778,505,1168,310,291,532,588,664,145,5,601,,34:44,1
2008-09,686,Antonio McDyess,Antonio,1610612765,DET,Detroit Pistons,0040800103,2009-04-24T00:00:00,DET vs. CLE,L,37.25,4,10,0.4,0,0,0.0,0,0,0.0,2,6,8,1,1,0,2,1,4,0,8,-4,24.1,0,0,21.0,1,868,868,868,386,552,492,867,635,979,635,930,991,930,220,203,198,729,569,778,71,1168,1326,1205,776,1113,574,145,5,634,,37:15,1
2008-09,2223,Samuel Dalembert,Samuel,1610612755,PHI,Philadelphia 76ers,0040800123,2009-04-24T00:00:00,PHI vs. ORL,W,30.118333333333332,2,5,0.4,0,0,0.0,0,0,0.0,1,8,9,2,3,0,3,1,3,1,4,-3,23.8,0,0,21.0,1,1,1,1,666,875,946,867,635,979,635,930,991,930,423,90,149,488,132,778,30,1168,1025,835,1077,1039,591,145,5,634,,30:07,1
2008-09,201166,Aaron Brooks,Aaron,1610612745,HOU,Houston Rockets,0040800173,2009-04-24T00:00:00,HOU vs. POR,W,31.915,3,11,0.273,0,2,0.0,5,8,0.625,1,3,4,5,0,0,0,2,3,5,11,-2,23.3,0,0,20.0,1,1,1,1,595,708,430,1212,635,538,635,182,118,676,423,569,588,142,1046,778,505,1565,1025,197,612,949,608,145,5,666,,31:55,1
2008-09,201584,Courtney Lee,Courtney,1610612753,ORL,Orlando Magic,0040800123,2009-04-24T00:00:00,ORL @ PHI,L,41.18333333333333,2,9,0.222,1,4,0.25,1,1,1.0,1,1,2,5,1,2,0,1,5,1,6,1,20.9,0,0,18.0,1,868,868,868,193,875,571,1293,300,253,524,748,920,1,423,1051,973,142,569,89,505,1168,1564,835,918,703,679,145,5,750,,41:11,1
2008-09,2760,Anderson Varejao,Anderson,1610612739,CLE,Cleveland Cavaliers,0040800103,2009-04-24T00:00:00,CLE @ DET,W,35.36833333333333,3,4,0.75,0,0,0.0,1,4,0.25,2,2,4,0,2,2,1,0,3,5,7,9,18.8,0,0,17.0,1,1,1,1,447,708,1064,143,635,979,635,748,355,918,220,788,588,1072,289,89,189,1,1025,197,853,328,753,145,5,789,,35:22,1
2008-09,201171,Carl Landry,Carl,1610612745,HOU,Houston Rockets,0040800173,2009-04-24T00:00:00,HOU vs. POR,W,22.861666666666668,5,7,0.714,0,0,0.0,0,0,0.0,0,2,2,1,0,1,0,1,3,1,10,6,16.9,0,0,15.0,1,1,1,1,913,396,764,176,635,979,635,930,991,930,848,788,973,729,1046,300,505,1168,1025,835,663,431,831,145,5,864,,22:52,1
2008-09,739,Rasheed Wallace,Rasheed,1610612765,DET,Detroit Pistons,0040800103,2009-04-24T00:00:00,DET vs. CLE,L,30.3,2,6,0.333,1,1,1.0,0,0,0.0,0,7,7,0,1,1,0,1,3,0,5,-10,15.4,0,0,15.0,1,868,868,868,660,875,846,1037,300,730,1,930,991,930,848,140,272,1072,569,300,505,1168,1025,1205,1003,1433,904,145,5,864,,30:18,1
2008-09,2584,Willie Green,Willie,1610612755,PHI,Philadelphia 76ers,0040800123,2009-04-24T00:00:00,PHI vs. ORL,W,23.558333333333334,6,9,0.667,0,2,0.0,0,0,0.0,0,0,0,1,3,0,1,0,4,2,12,-4,13.5,0,0,15.0,1,1,1,1,896,285,571,194,635,538,635,930,991,930,848,1379,1447,729,132,778,189,1,1326,597,532,1113,992,145,5,864,,23:34,1
2008-09,2419,Tayshaun Prince,Tayshaun,1610612765,DET,Detroit Pistons,0040800103,2009-04-24T00:00:00,DET vs. CLE,L,33.36666666666667,3,10,0.3,1,4,0.25,0,0,0.0,0,5,5,2,3,0,0,0,2,1,7,-8,13.0,0,0,15.0,1,868,868,868,528,708,492,1168,300,253,524,930,991,930,848,281,442,488,132,778,505,1,667,835,853,1347,1008,145,5,864,,33:22,1
2008-09,2038,Joel Przybilla,Joel,1610612757,POR,Portland Trail Blazers,0040800173,2009-04-24T00:00:00,POR @ HOU,L,20.138333333333332,1,1,1.0,0,0,0.0,0,0,0.0,2,4,6,0,0,1,2,0,4,0,2,-18,18.2,0,0,14.0,1,868,868,868,1006,1119,1432,1,635,979,635,930,991,930,220,403,351,1072,1046,300,71,1,1326,1205,1253,1630,777,145,5,905,,20:08,1
2008-09,101150,Lou Williams,Lou,1610612755,PHI,Philadelphia 76ers,0040800123,2009-04-24T00:00:00,PHI vs. ORL,W,24.483333333333334,3,7,0.429,0,1,0.0,2,5,0.4,0,2,2,2,0,1,0,1,1,3,8,6,16.4,0,0,14.0,1,1,1,1,862,708,764,810,635,730,635,481,294,896,848,788,973,488,1046,300,505,1168,310,409,776,431,858,145,5,905,,24:29,1
2008-09,2198,Kwame Brown,Kwame,1610612765,DET,Detroit Pistons,0040800103,2009-04-24T00:00:00,DET vs. CLE,L,13.816666666666666,1,3,0.333,0,0,0.0,2,2,1.0,1,2,3,0,0,0,3,1,4,2,4,-5,16.6,0,0,13.0,1,868,868,868,1242,1119,1176,1037,635,979,635,481,591,1,423,788,748,1072,1046,778,30,1168,1326,597,1077,1171,850,145,5,940,,13:49,1
2008-09,101144,Von Wafer,Von,1610612745,HOU,Houston Rockets,0040800173,2009-04-24T00:00:00,HOU vs. POR,W,14.435,3,9,0.333,0,2,0.0,0,0,0.0,0,2,2,3,1,1,0,0,0,0,6,8,14.9,0,0,13.0,1,1,1,1,1217,708,571,1037,635,538,635,930,991,930,848,788,973,317,569,300,505,1,1,1205,918,362,930,145,5,940,,14:26,1
2008-09,2590,Mo Williams,Mo,1610612739,CLE,Cleveland Cavaliers,0040800103,2009-04-24T00:00:00,CLE @ DET,W,41.55,1,11,0.091,0,6,0.0,0,1,0.0,1,3,4,7,4,0,0,2,4,1,2,3,13.3,0,0,13.0,1,1,1,1,170,1119,430,1394,635,97,635,930,920,930,423,569,588,63,53,778,505,1565,1326,835,1253,588,999,145,5,940,,41:33,1
2008-09,2753,Delonte West,Delonte,1610612739,CLE,Cleveland Cavaliers,0040800103,2009-04-24T00:00:00,CLE @ DET,W,33.4,0,7,0.0,0,3,0.0,2,2,1.0,0,5,5,2,4,2,0,0,4,1,2,4,13.0,0,0,13.0,1,1,1,1,527,1397,764,1397,635,391,635,481,591,1,848,281,442,488,53,89,505,1,1326,835,1253,525,1008,145,5,940,,33:24,1
2008-09,200789,Daniel Gibson,Daniel,1610612739,CLE,Cleveland Cavaliers,0040800103,2009-04-24T00:00:00,CLE @ DET,W,24.178333333333335,2,5,0.4,2,5,0.4,3,3,1.0,0,0,0,0,1,0,1,0,2,1,9,17,11.0,0,0,13.0,1,1,1,1,877,875,946,867,139,159,374,367,510,1,848,1379,1447,1072,569,778,189,1,667,835,726,132,1104,145,5,940,,24:11,1
2008-09,201152,Thaddeus Young,Thaddeus,1610612755,PHI,Philadelphia 76ers,0040800123,2009-04-24T00:00:00,PHI vs. ORL,W,33.86666666666667,3,7,0.429,0,0,0.0,0,0,0.0,0,4,4,0,1,1,0,1,4,0,6,7,12.8,0,0,12.0,1,1,1,1,508,708,764,810,635,979,635,930,991,930,848,403,588,1072,569,300,505,1168,1326,1205,918,402,1015,145,5,1002,,33:52,1
2008-09,200768,Kyle Lowry,Kyle,1610612745,HOU,Houston Rockets,0040800173,2009-04-24T00:00:00,HOU vs. POR,W,16.798333333333332,2,2,1.0,0,0,0.0,4,6,0.667,0,2,2,2,1,0,0,0,1,4,8,0,12.4,0,0,12.0,1,1,1,1,1129,875,1295,1,635,979,635,259,202,612,848,788,973,488,569,778,505,1,310,291,776,769,1029,145,5,1002,,16:48,1
2008-09,2566,Travis Outlaw,Travis,1610612757,POR,Portland Trail Blazers,0040800173,2009-04-24T00:00:00,POR @ HOU,L,30.975,2,11,0.182,0,4,0.0,0,0,0.0,0,3,3,2,1,0,1,1,1,0,4,13,12.6,0,0,11.0,1,868,868,868,637,875,430,1348,635,253,635,930,991,930,848,569,748,488,569,778,189,1168,310,1205,1077,203,1019,145,5,1061,,30:59,1
2008-09,201141,Greg Oden,Greg,1610612757,POR,Portland Trail Blazers,0040800173,2009-04-24T00:00:00,POR @ HOU,L,21.24,3,5,0.6,0,0,0.0,0,0,0.0,2,2,4,0,1,0,0,1,5,1,6,8,9.8,0,0,10.0,1,868,868,868,970,708,946,323,635,979,635,930,991,930,220,788,588,1072,569,778,505,1168,1564,835,918,362,1145,145,5,1103,,21:14,1
2008-09,101198,Will Bynum,Will,1610612765,DET,Detroit Pistons,0040800103,2009-04-24T00:00:00,DET vs. CLE,L,18.066666666666666,2,8,0.25,0,0,0.0,2,2,1.0,0,0,0,2,3,1,0,1,2,4,6,-13,9.0,0,0,10.0,1,868,868,868,1083,875,660,1224,635,979,635,481,591,1,848,1379,1447,488,132,300,505,1168,667,291,918,1527,1177,145,5,1103,,18:04,1
2008-09,2554,Mickael Pietrus,Mickael,1610612753,ORL,Orlando Magic,0040800123,2009-04-24T00:00:00,ORL @ PHI,L,18.5,2,4,0.5,2,4,0.5,0,0,0.0,0,0,0,0,1,0,1,0,1,0,6,0,8.0,0,0,10.0,1,868,868,868,1066,875,1064,492,139,253,176,930,991,930,848,1379,1447,1072,569,778,189,1,310,1205,918,769,1224,145,5,1103,,18:30,1
2008-09,923,Donyell Marshall,Donyell,1610612755,PHI,Philadelphia 76ers,0040800123,2009-04-24T00:00:00,PHI vs. ORL,W,13.99,2,4,0.5,1,2,0.5,0,0,0.0,0,1,1,0,0,0,1,0,2,0,5,-2,9.2,0,0,9.0,1,1,1,1,1236,875,1064,492,300,538,176,930,991,930,848,1051,1206,1072,1046,778,189,1,667,1205,1003,949,1164,145,5,1144,,13:59,1
2008-09,201167,Arron Afflalo,Arron,1610612765,DET,Detroit Pistons,0040800103,2009-04-24T00:00:00,DET vs. CLE,L,16.166666666666668,3,4,0.75,0,1,0.0,2,2,1.0,0,1,1,0,1,0,0,0,3,1,8,-9,8.2,0,0,9.0,1,868,868,868,1155,708,1064,143,635,730,635,481,591,1,848,1051,1206,1072,569,778,505,1,1025,835,776,1389,1212,145,5,1144,,16:10,1
2008-09,1533,Anthony Johnson,Anthony,1610612753,ORL,Orlando Magic,0040800123,2009-04-24T00:00:00,ORL @ PHI,L,10.366666666666667,0,3,0.0,0,1,0.0,0,0,0.0,0,3,3,3,0,1,0,0,0,0,0,-2,11.1,0,0,8.0,1,868,868,868,1357,1397,1176,1397,635,730,635,930,991,930,848,569,748,317,1046,300,505,1,1,1205,1447,949,1098,145,5,1186,,10:22,1
2008-09,101112,Channing Frye,Channing,1610612757,POR,Portland Trail Blazers,0040800173,2009-04-24T00:00:00,POR @ HOU,L,9.641666666666667,2,5,0.4,0,0,0.0,2,2,1.0,1,0,1,1,0,0,0,1,1,1,6,-3,8.7,0,0,8.0,1,868,868,868,1378,875,946,867,635,979,635,481,591,1,423,1379,1206,729,1046,778,505,1168,310,835,918,1039,1187,145,5,1186,,9:39,1
2008-09,689,Theo Ratliff,Theo,1610612755,PHI,Philadelphia 76ers,0040800123,2009-04-24T00:00:00,PHI vs. ORL,W,12.591666666666667,2,2,1.0,0,0,0.0,0,0,0.0,0,2,2,0,0,0,0,0,5,0,4,-3,6.4,0,0,6.0,1,1,1,1,1287,875,1295,1,635,979,635,930,991,930,848,788,973,1072,1046,778,505,1,1564,1205,1077,1039,1284,145,5,1274,,12:36,1
2008-09,2501,Reggie Evans,Reggie,1610612755,PHI,Philadelphia 76ers,0040800123,2009-04-24T00:00:00,PHI vs. ORL,W,5.083333333333333,0,0,0.0,0,0,0.0,2,2,1.0,1,0,1,0,0,1,0,0,1,3,2,5,6.2,0,0,5.0,1,1,1,1,1515,1397,1595,1397,635,979,635,481,591,1,423,1379,1206,1072,1046,300,505,1,310,409,1253,477,1296,145,5,1326,,5:05,1
2008-09,1499,Tony Battie,Tony,1610612753,ORL,Orlando Magic,0040800123,2009-04-24T00:00:00,ORL @ PHI,L,5.083333333333333,2,3,0.667,0,0,0.0,0,0,0.0,0,1,1,0,0,0,0,0,0,0,4,-1,5.2,0,0,5.0,1,868,868,868,1515,875,1176,194,635,979,635,930,991,930,848,1051,1206,1072,1046,778,505,1,1,1205,1077,871,1356,145,5,1326,,5:05,1
2008-09,200835,Walter Herrmann,Walter,1610612765,DET,Detroit Pistons,0040800103,2009-04-24T00:00:00,DET vs. CLE,L,4.8,1,2,0.5,1,2,0.5,0,0,0.0,0,0,0,1,0,0,0,0,2,0,3,1,4.5,0,0,5.0,1,868,868,868,1529,1119,1295,492,300,538,176,930,991,930,848,1379,1447,729,1046,778,505,1,667,1205,1188,703,1394,145,5,1326,,4:48,1
2008-09,2767,Royal Ivey,Royal,1610612755,PHI,Philadelphia 76ers,0040800123,2009-04-24T00:00:00,PHI vs. ORL,W,7.466666666666667,0,1,0.0,0,0,0.0,2,2,1.0,0,0,0,0,0,1,0,1,1,1,2,3,5.0,0,0,4.0,1,1,1,1,1441,1397,1432,1397,635,979,635,481,591,1,848,1379,1447,1072,1046,300,505,1168,310,835,1253,588,1368,145,5,1395,,7:28,1
2008-09,1112,Ben Wallace,Ben,1610612739,CLE,Cleveland Cavaliers,0040800103,2009-04-24T00:00:00,CLE @ DET,W,10.641666666666667,1,1,1.0,0,0,0.0,0,2,0.0,0,1,1,0,0,0,0,0,0,1,2,0,3.2,0,0,3.0,1,1,1,1,1352,1119,1432,1,635,979,635,930,591,930,848,1051,1206,1072,1046,778,505,1,1,835,1253,769,1452,145,5,1443,,10:39,1
2008-09,101131,Jason Maxiell,Jason,1610612765,DET,Detroit Pistons,0040800103,2009-04-24T00:00:00,DET vs. CLE,L,9.833333333333334,0,0,0.0,0,0,0.0,0,0,0.0,1,1,2,0,0,0,0,0,1,0,0,-4,2.4,0,0,2.0,1,868,868,868,1372,1397,1595,1397,635,979,635,930,991,930,423,1051,973,1072,1046,778,505,1,310,1205,1447,1113,1511,145,5,1494,,9:50,1
2008-09,101236,Chuck Hayes,Chuck,1610612745,HOU,Houston Rockets,0040800173,2009-04-24T00:00:00,HOU vs. POR,W,3.49,0,0,0.0,0,0,0.0,0,0,0.0,0,0,0,1,0,0,0,0,0,0,0,-3,1.5,0,0,1.0,1,1,1,1,1589,1397,1595,1397,635,979,635,930,991,930,848,1379,1447,729,1046,778,505,1,1,1205,1447,1039,1550,145,5,1565,,3:29,1
2008-09,1887,Wally Szczerbiak,Wally,1610612739,CLE,Cleveland Cavaliers,0040800103,2009-04-24T00:00:00,CLE @ DET,W,1.8333333333333333,0,0,0.0,0,0,0.0,0,0,0.0,0,1,1,0,0,0,0,0,0,0,0,-2,1.2,0,0,1.0,1,1,1,1,1667,1397,1595,1397,635,979,635,930,991,930,848,1051,1206,1072,1046,778,505,1,1,1205,1447,949,1567,145,5,1565,,1:50,1
2008-09,2562,Sasha Pavlovic,Sasha,1610612739,CLE,Cleveland Cavaliers,0040800103,2009-04-24T00:00:00,CLE @ DET,W,0.305,0,0,0.0,0,0,0.0,0,0,0.0,0,0,0,0,0,0,0,0,0,0,0,-2,0.0,0,0,0.0,1,1,1,1,1729,1397,1595,1397,635,979,635,930,991,930,848,1379,1447,1072,1046,778,505,1,1,1205,1447,949,1610,145,5,1611,,0:18,1
2008-09,101162,Marcin Gortat,Marcin,1610612753,ORL,Orlando Magic,0040800123,2009-04-24T00:00:00,ORL @ PHI,L,3.433333333333333,0,0,0.0,0,0,0.0,0,0,0.0,0,0,0,0,0,0,0,0,2,0,0,-3,0.0,0,0,0.0,1,868,868,868,1593,1397,1595,1397,635,979,635,930,991,930,848,1379,1447,1072,1046,778,505,1,667,1205,1447,1039,1610,145,5,1611,,3:26,1
2008-09,201587,Nicolas Batum,Nicolas,1610612757,POR,Portland Trail Blazers,0040800173,2009-04-24T00:00:00,POR @ HOU,L,10.278333333333334,0,1,0.0,0,1,0.0,0,0,0.0,0,0,0,0,0,0,0,0,0,0,0,-11,0.0,0,0,0.0,1,868,868,868,1359,1397,1432,1397,635,730,635,930,991,930,848,1379,1447,1072,1046,778,505,1,1,1205,1447,1461,1610,145,5,1611,,10:17,1
2008-09,2430,Carlos Boozer,Carlos,1610612762,UTA,Utah Jazz,0040800143,2009-04-23T00:00:00,UTA vs. LAL,W,34.75,9,17,0.529,0,0,0.0,5,6,0.833,5,17,22,2,2,1,1,1,4,4,23,-2,56.4,1,0,51.0,1,1,1,1,470,97,130,475,635,979,635,182,202,442,22,2,2,488,289,300,189,1168,1326,291,146,949,40,1,5,53,,34:45,1
2008-09,200765,Rajon Rondo,Rajon,1610612738,BOS,Boston Celtics,0040800113,2009-04-23T00:00:00,BOS @ CHI,W,33.9,8,15,0.533,1,2,0.5,3,4,0.75,0,11,11,6,3,5,0,3,4,4,20,26,54.2,1,0,48.0,1,1,1,1,507,143,198,468,300,538,176,367,355,532,848,35,83,100,132,2,505,1698,1326,291,212,37,53,1,5,68,,33:54,1
2008-09,201175,Glen Davis,Glen,1610612738,BOS,Boston Celtics,0040800113,2009-04-23T00:00:00,BOS @ CHI,W,38.916666666666664,5,12,0.417,0,0,0.0,4,5,0.8,3,6,9,6,2,6,3,0,4,3,14,30,58.8,0,0,47.0,1,1,1,1,307,396,364,841,635,979,635,259,294,487,106,203,149,100,289,1,30,1,1326,409,416,17,31,145,5,79,,38:55,1
2008-09,1885,Lamar Odom,Lamar,1610612747,LAL,Los Angeles Lakers,0040800143,2009-04-23T00:00:00,LAL @ UTA,L,41.11666666666667,10,17,0.588,1,2,0.5,0,0,0.0,5,9,14,1,1,1,1,1,2,2,21,7,44.3,1,0,41.0,1,868,868,868,201,65,130,371,300,538,176,930,991,930,22,68,34,729,569,300,189,1168,667,597,183,402,122,1,5,129,,41:07,1
2008-09,977,Kobe Bryant,Kobe,1610612747,LAL,Los Angeles Lakers,0040800143,2009-04-23T00:00:00,LAL @ UTA,L,43.138333333333335,5,24,0.208,1,4,0.25,7,8,0.875,2,5,7,6,2,2,0,2,4,6,18,-7,39.4,0,0,36.0,1,868,868,868,111,396,25,1307,300,253,524,92,118,408,220,281,272,100,289,89,505,1565,1326,131,265,1305,196,145,5,206,,43:08,1
2008-09,2200,Pau Gasol,Pau,1610612747,LAL,Los Angeles Lakers,0040800143,2009-04-23T00:00:00,LAL @ UTA,L,43.43333333333333,8,15,0.533,0,0,0.0,4,10,0.4,5,4,9,1,2,2,1,2,4,7,20,-6,39.3,0,0,36.0,1,868,868,868,98,143,198,468,635,979,635,259,68,896,22,403,149,729,289,89,189,1565,1326,81,212,1235,198,145,5,206,,43:26,1
2008-09,2572,Josh Howard,Josh,1610612742,DAL,Dallas Mavericks,0040800163,2009-04-23T00:00:00,DAL vs. SAS,W,26.596666666666668,6,12,0.5,1,4,0.25,4,4,1.0,0,8,8,0,1,2,2,0,2,3,17,27,37.6,0,0,34.0,1,1,1,1,794,285,364,492,300,253,524,259,355,1,848,90,198,1072,569,89,71,1,667,409,291,30,225,145,5,263,,26:36,1
2008-09,1717,Dirk Nowitzki,Dirk,1610612742,DAL,Dallas Mavericks,0040800163,2009-04-23T00:00:00,DAL vs. SAS,W,26.516666666666666,8,12,0.667,0,1,0.0,4,4,1.0,0,7,7,2,1,0,1,0,1,5,20,29,33.4,0,0,31.0,1,1,1,1,797,143,364,194,635,730,635,259,355,1,848,140,272,488,569,778,189,1,310,197,212,21,324,145,5,328,,26:31,1
2008-09,200794,Paul Millsap,Paul,1610612762,UTA,Utah Jazz,0040800143,2009-04-23T00:00:00,UTA vs. LAL,W,37.233333333333334,3,9,0.333,0,0,0.0,1,2,0.5,6,8,14,2,3,0,3,1,3,4,7,-6,32.8,0,0,29.0,1,1,1,1,387,708,571,1037,635,979,635,748,591,723,10,90,34,488,132,778,30,1168,1025,291,853,1235,342,145,5,384,,37:14,1
2008-09,101114,Deron Williams,Deron,1610612762,UTA,Utah Jazz,0040800143,2009-04-23T00:00:00,UTA vs. LAL,W,45.03333333333333,3,7,0.429,0,2,0.0,7,12,0.583,0,5,5,9,4,1,0,0,3,9,13,7,31.5,0,0,29.0,1,1,1,1,53,708,764,810,635,538,635,92,43,712,848,281,442,25,53,300,505,1,1025,30,470,402,379,145,5,384,,45:02,1
2008-09,1718,Paul Pierce,Paul,1610612738,BOS,Boston Celtics,0040800113,2009-04-23T00:00:00,BOS @ CHI,W,27.561666666666667,9,15,0.6,4,8,0.5,2,2,1.0,0,1,1,0,1,0,0,0,2,2,24,24,24.2,0,0,29.0,1,1,1,1,757,97,198,323,24,38,176,481,591,1,848,1051,1206,1072,569,778,505,1,667,597,124,50,570,145,5,384,,27:34,1
2008-09,951,Ray Allen,Ray,1610612738,BOS,Boston Celtics,0040800113,2009-04-23T00:00:00,BOS @ CHI,W,34.583333333333336,6,12,0.5,3,4,0.75,3,3,1.0,0,0,0,0,2,2,1,0,2,1,18,29,25.0,0,0,27.0,1,1,1,1,481,285,364,492,59,253,96,367,510,1,848,1379,1447,1072,289,89,189,1,667,835,265,21,547,145,5,435,,34:35,1
2008-09,201149,Joakim Noah,Joakim,1610612741,CHI,Chicago Bulls,0040800113,2009-04-23T00:00:00,CHI vs. BOS,L,29.75,2,5,0.4,0,0,0.0,4,6,0.667,5,5,10,3,1,0,2,2,4,3,8,-29,29.5,0,0,25.0,1,868,868,868,684,875,946,867,635,979,635,259,202,612,22,281,104,317,569,778,71,1565,1326,409,776,1728,422,145,5,496,,29:45,1
2008-09,200758,Ronnie Brewer,Ronnie,1610612762,UTA,Utah Jazz,0040800143,2009-04-23T00:00:00,UTA vs. LAL,W,36.88333333333333,4,12,0.333,0,1,0.0,4,6,0.667,2,5,7,4,3,0,1,0,1,3,12,-1,26.4,0,0,25.0,1,1,1,1,399,552,364,1037,635,730,635,259,202,612,220,281,272,208,132,778,189,1,310,409,532,871,500,145,5,496,,36:53,1
2008-09,200826,J.J. Barea,J.J.,1610612742,DAL,Dallas Mavericks,0040800163,2009-04-23T00:00:00,DAL vs. SAS,W,32.776666666666664,5,8,0.625,1,2,0.5,2,2,1.0,0,1,1,7,1,1,0,1,1,2,13,36,26.7,0,0,24.0,1,1,1,1,551,396,660,290,300,538,176,481,591,1,848,1051,1206,63,569,300,505,1168,310,597,470,4,489,145,5,523,,32:47,1
2008-09,2732,Ben Gordon,Ben,1610612741,CHI,Chicago Bulls,0040800113,2009-04-23T00:00:00,CHI vs. BOS,L,36.766666666666666,5,13,0.385,1,4,0.25,4,6,0.667,1,1,2,1,1,2,0,1,2,5,15,-29,23.9,0,0,23.0,1,868,868,868,404,396,297,956,300,253,524,259,202,612,423,1051,973,729,569,89,505,1168,667,197,367,1728,586,145,5,561,,36:46,1
2008-09,2550,Kirk Hinrich,Kirk,1610612741,CHI,Chicago Bulls,0040800113,2009-04-23T00:00:00,CHI vs. BOS,L,22.35,5,10,0.5,3,6,0.5,1,2,0.5,0,1,1,3,1,0,1,1,2,2,14,-7,21.7,0,0,23.0,1,868,868,868,926,396,492,492,59,97,176,748,591,723,848,1051,1206,317,569,778,189,1168,667,597,416,1305,661,145,5,561,,22:21,1
2008-09,2422,John Salmons,John,1610612741,CHI,Chicago Bulls,0040800113,2009-04-23T00:00:00,CHI vs. BOS,L,34.4,5,11,0.455,2,5,0.4,2,4,0.5,1,3,4,1,4,1,0,1,1,5,14,-30,19.3,0,0,23.0,1,868,868,868,491,396,430,744,139,159,374,481,355,723,423,569,588,729,53,300,505,1168,310,197,416,1732,741,145,5,561,,34:24,1
2008-09,467,Jason Kidd,Jason,1610612742,DAL,Dallas Mavericks,0040800163,2009-04-23T00:00:00,DAL vs. SAS,W,26.966666666666665,1,6,0.167,1,3,0.333,0,0,0.0,1,7,8,6,1,2,0,0,1,0,3,26,26.6,0,0,22.0,1,1,1,1,779,1119,846,1352,300,391,422,930,991,930,423,140,198,100,569,89,505,1,310,1205,1188,37,491,145,5,601,,26:58,1
2008-09,950,Stephon Marbury,Stephon,1610612738,BOS,Boston Celtics,0040800113,2009-04-23T00:00:00,BOS @ CHI,W,24.35,4,10,0.4,1,1,1.0,4,4,1.0,1,2,3,5,0,0,0,0,1,2,13,9,24.1,0,0,22.0,1,1,1,1,870,552,492,867,300,730,1,259,355,1,423,788,748,142,1046,778,505,1,310,597,470,328,574,145,5,601,,24:21,1
2008-09,101138,Brandon Bass,Brandon,1610612742,DAL,Dallas Mavericks,0040800163,2009-04-23T00:00:00,DAL vs. SAS,W,20.816666666666666,4,7,0.571,0,0,0.0,2,2,1.0,0,5,5,0,1,1,2,0,3,3,10,5,24.0,0,0,21.0,1,1,1,1,983,552,764,394,635,979,635,481,591,1,848,281,442,1072,569,300,71,1,1025,409,663,477,578,145,5,634,,20:49,1
2008-09,2570,Kendrick Perkins,Kendrick,1610612738,BOS,Boston Celtics,0040800113,2009-04-23T00:00:00,BOS @ CHI,W,27.8,2,5,0.4,0,0,0.0,2,4,0.5,3,4,7,3,1,0,2,1,2,3,6,16,23.9,0,0,20.0,1,1,1,1,748,875,946,867,635,979,635,481,355,723,106,403,272,317,569,778,71,1168,667,409,918,154,586,145,5,666,,27:48,1
2008-09,2594,Kyle Korver,Kyle,1610612762,UTA,Utah Jazz,0040800143,2009-04-23T00:00:00,UTA vs. LAL,W,26.613333333333333,4,13,0.308,3,7,0.429,0,0,0.0,0,3,3,3,0,0,0,0,2,2,11,9,19.1,0,0,20.0,1,1,1,1,791,552,297,1156,59,57,361,930,991,930,848,569,748,317,1046,778,505,1,667,597,612,328,742,145,5,666,,26:37,1
2008-09,1891,Jason Terry,Jason,1610612742,DAL,Dallas Mavericks,0040800163,2009-04-23T00:00:00,DAL vs. SAS,W,23.883333333333333,4,9,0.444,2,4,0.5,0,0,0.0,0,4,4,2,3,1,0,1,1,0,10,4,17.8,0,0,20.0,1,1,1,1,889,552,571,770,139,253,176,930,991,930,848,403,588,488,132,300,505,1168,310,1205,663,525,791,145,5,666,,23:53,1
2008-09,2225,Tony Parker,Tony,1610612759,SAS,San Antonio Spurs,0040800163,2009-04-23T00:00:00,SAS @ DAL,L,21.2,5,14,0.357,0,2,0.0,2,4,0.5,0,4,4,3,3,0,0,2,0,2,12,-31,18.3,0,0,19.0,1,868,868,868,971,396,245,1022,635,538,635,481,355,723,848,403,588,317,132,778,505,1565,1,597,532,1734,772,145,5,709,,21:12,1
2008-09,956,Erick Dampier,Erick,1610612742,DAL,Dallas Mavericks,0040800163,2009-04-23T00:00:00,DAL vs. SAS,W,22.9,1,1,1.0,0,0,0.0,0,2,0.0,2,7,9,1,1,0,3,0,2,2,2,37,22.3,0,0,18.0,1,1,1,1,911,1119,1432,1,635,979,635,930,591,930,220,140,149,729,569,778,30,1,667,597,1253,2,637,145,5,750,,22:54,1
2008-09,101177,Fabricio Oberto,Fabricio,1610612759,SAS,San Antonio Spurs,0040800163,2009-04-23T00:00:00,SAS @ DAL,L,16.616666666666667,3,5,0.6,0,0,0.0,4,4,1.0,2,2,4,0,1,2,0,1,0,4,10,8,19.8,0,0,18.0,1,868,868,868,1138,708,946,323,635,979,635,259,355,1,220,788,588,1072,569,89,505,1168,1,291,663,362,722,145,5,750,,16:37,1
2008-09,200748,Tyrus Thomas,Tyrus,1610612741,CHI,Chicago Bulls,0040800113,2009-04-23T00:00:00,CHI vs. BOS,L,26.483333333333334,2,8,0.25,0,0,0.0,2,2,1.0,1,7,8,0,2,0,1,1,4,1,6,-8,16.6,0,0,16.0,1,868,868,868,799,875,660,1224,635,979,635,481,591,1,423,140,198,1072,289,778,189,1168,1326,835,918,1347,850,145,5,826,,26:29,1
2008-09,2772,Trevor Ariza,Trevor,1610612747,LAL,Los Angeles Lakers,0040800143,2009-04-23T00:00:00,LAL @ UTA,L,38.25833333333333,3,9,0.333,2,4,0.5,1,2,0.5,1,0,1,4,2,0,0,0,3,1,9,-4,14.2,0,0,16.0,1,868,868,868,343,708,571,1037,139,253,176,748,591,723,423,1379,1206,208,289,778,505,1,1025,835,726,1113,953,145,5,826,,38:16,1
2008-09,703,Kurt Thomas,Kurt,1610612759,SAS,San Antonio Spurs,0040800163,2009-04-23T00:00:00,SAS @ DAL,L,18.25,2,3,0.667,0,0,0.0,0,0,0.0,1,9,10,1,1,0,0,1,2,1,4,-4,16.5,0,0,15.0,1,868,868,868,1076,875,1176,194,635,979,635,930,991,930,423,68,104,729,569,778,505,1168,667,835,1077,1113,855,145,5,864,,18:15,1
2008-09,1905,Andrei Kirilenko,Andrei,1610612762,UTA,Utah Jazz,0040800143,2009-04-23T00:00:00,UTA vs. LAL,W,27.17,4,6,0.667,0,0,0.0,0,0,0.0,0,0,0,3,2,1,1,0,0,1,8,-9,16.5,0,0,15.0,1,1,1,1,774,552,846,194,635,979,635,930,991,930,848,1379,1447,317,289,300,189,1,1,835,776,1389,855,145,5,864,,27:10,1
2008-09,101194,Anthony Roberson,Anthony,1610612741,CHI,Chicago Bulls,0040800113,2009-04-23T00:00:00,CHI vs. BOS,L,4.2,3,4,0.75,2,2,1.0,0,0,0.0,1,0,1,0,1,2,0,1,0,0,8,8,14.2,0,0,15.0,1,868,868,868,1552,708,1064,143,139,538,1,930,991,930,423,1379,1206,1072,569,89,505,1168,1,1205,776,362,953,145,5,864,,4:12,1
2008-09,1723,Matt Harpring,Matt,1610612762,UTA,Utah Jazz,0040800143,2009-04-23T00:00:00,UTA vs. LAL,W,13.35,5,8,0.625,0,1,0.0,0,0,0.0,0,2,2,0,0,1,0,0,4,0,10,7,15.4,0,0,14.0,1,1,1,1,1260,396,660,290,635,730,635,930,991,930,848,788,973,1072,1046,300,505,1,1326,1205,663,402,904,145,5,905,,13:21,1
2008-09,201565,Derrick Rose,Derrick,1610612741,CHI,Chicago Bulls,0040800113,2009-04-23T00:00:00,CHI vs. BOS,L,32.65,4,14,0.286,0,1,0.0,1,3,0.333,2,1,3,2,7,0,0,1,1,2,9,-32,8.6,0,0,14.0,1,868,868,868,557,552,245,1183,635,730,635,748,510,902,220,1051,748,488,4,778,505,1168,310,597,726,1737,1190,145,5,905,,32:39,1
2008-09,1630,Mikki Moore,Mikki,1610612738,BOS,Boston Celtics,0040800113,2009-04-23T00:00:00,BOS @ CHI,W,20.3,0,0,0.0,0,0,0.0,1,2,0.5,0,2,2,2,1,1,3,0,5,2,1,-4,17.4,0,0,13.0,1,1,1,1,1002,1397,1595,1397,635,979,635,748,591,723,848,788,973,488,569,300,30,1,1564,597,1430,1113,814,145,5,940,,20:18,1
2008-09,2400,Drew Gooden,Drew,1610612759,SAS,San Antonio Spurs,0040800163,2009-04-23T00:00:00,SAS @ DAL,L,25.833333333333332,2,12,0.167,0,1,0.0,2,2,1.0,0,5,5,0,1,0,1,2,5,4,6,6,14.0,0,0,13.0,1,868,868,868,823,875,364,1352,635,730,635,481,591,1,848,281,442,1072,569,778,189,1565,1564,291,918,431,965,145,5,940,,25:50,1
2008-09,965,Derek Fisher,Derek,1610612747,LAL,Los Angeles Lakers,0040800143,2009-04-23T00:00:00,LAL @ UTA,L,37.9,3,8,0.375,1,3,0.333,0,0,0.0,0,3,3,2,0,0,0,1,2,1,7,0,13.6,0,0,13.0,1,868,868,868,360,708,660,978,300,391,422,930,991,930,848,569,748,488,1046,778,505,1168,667,835,853,769,986,145,5,940,,37:54,1
2008-09,201588,George Hill,George,1610612759,SAS,San Antonio Spurs,0040800163,2009-04-23T00:00:00,SAS @ DAL,L,24.083333333333332,2,10,0.2,0,3,0.0,4,4,1.0,1,2,3,2,2,0,0,1,0,2,8,6,12.6,0,0,13.0,1,868,868,868,879,875,492,1308,635,391,635,259,355,1,423,788,748,488,289,778,505,1168,1,597,776,431,1019,145,5,940,,24:05,1
2008-09,2067,Eddie House,Eddie,1610612738,BOS,Boston Celtics,0040800113,2009-04-23T00:00:00,BOS @ CHI,W,12.35,3,8,0.375,2,5,0.4,0,0,0.0,0,1,1,0,1,1,0,0,0,1,8,-11,11.2,0,0,13.0,1,1,1,1,1292,708,660,978,139,159,374,930,991,930,848,1051,1206,1072,569,300,505,1,1,835,776,1461,1093,145,5,940,,12:21,1
2008-09,2588,Matt Bonner,Matt,1610612759,SAS,San Antonio Spurs,0040800163,2009-04-23T00:00:00,SAS @ DAL,L,19.8,1,5,0.2,0,4,0.0,0,0,0.0,1,3,4,0,0,2,1,0,0,1,2,-23,15.8,0,0,12.0,1,868,868,868,1018,1119,946,1308,635,253,635,930,991,930,423,569,588,1072,1046,89,189,1,1,835,1253,1696,885,145,5,1002,,19:48,1
2008-09,2756,Sasha Vujacic,Sasha,1610612747,LAL,Los Angeles Lakers,0040800143,2009-04-23T00:00:00,LAL @ UTA,L,8.753333333333334,1,5,0.2,1,3,0.333,0,0,0.0,2,2,4,0,0,2,0,0,1,0,3,0,13.8,0,0,12.0,1,868,868,868,1401,1119,946,1308,300,391,422,930,991,930,220,788,588,1072,1046,89,505,1,310,1205,1188,769,979,145,5,1002,,8:45,1
2008-09,101120,Antoine Wright,Antoine,1610612742,DAL,Dallas Mavericks,0040800163,2009-04-23T00:00:00,DAL vs. SAS,W,18.26,2,8,0.25,2,4,0.5,0,0,0.0,1,2,3,1,2,0,0,0,2,0,6,-10,9.1,0,0,12.0,1,1,1,1,1075,875,660,1224,139,253,176,930,991,930,423,788,748,729,289,778,505,1,667,1205,918,1433,1172,145,5,1002,,18:16,1
2008-09,1521,Jacque Vaughn,Jacque,1610612759,SAS,San Antonio Spurs,0040800163,2009-04-23T00:00:00,SAS @ DAL,L,16.3,2,5,0.4,0,0,0.0,3,6,0.5,0,0,0,2,0,1,0,0,0,3,7,12,13.0,0,0,11.0,1,868,868,868,1152,875,946,867,635,979,635,367,202,723,848,1379,1447,488,1046,300,505,1,1,409,853,231,1008,145,5,1061,,16:18,1
2008-09,2137,Ime Udoka,Ime,1610612759,SAS,San Antonio Spurs,0040800163,2009-04-23T00:00:00,SAS @ DAL,L,25.016666666666666,2,4,0.5,0,1,0.0,0,1,0.0,1,4,5,0,1,1,0,0,3,1,4,-7,12.0,0,0,11.0,1,868,868,868,843,875,1064,492,635,730,635,930,920,930,423,403,442,1072,569,300,505,1,1025,835,1077,1305,1054,145,5,1061,,25:01,1
2008-09,1802,Brad Miller,Brad,1610612741,CHI,Chicago Bulls,0040800113,2009-04-23T00:00:00,CHI vs. BOS,L,17.883333333333333,1,5,0.2,0,0,0.0,1,2,0.5,3,5,8,0,3,0,0,1,2,1,3,-14,9.6,0,0,11.0,1,868,868,868,1089,1119,946,1308,635,979,635,748,591,723,106,281,198,1072,132,778,505,1168,667,835,1188,1552,1152,145,5,1061,,17:53,1
2008-09,283,Lindsey Hunter,Lindsey,1610612741,CHI,Chicago Bulls,0040800113,2009-04-23T00:00:00,CHI vs. BOS,L,8.5,1,2,0.5,1,2,0.5,0,0,0.0,0,3,3,3,0,0,0,0,0,0,3,13,11.1,0,0,10.0,1,868,868,868,1408,1119,1295,492,300,538,176,930,991,930,848,569,748,317,1046,778,505,1,1,1205,1188,203,1098,145,5,1103,,8:30,1
2008-09,2427,Roger Mason Jr.,Roger,1610612759,SAS,San Antonio Spurs,0040800163,2009-04-23T00:00:00,SAS @ DAL,L,16.366666666666667,3,6,0.5,1,3,0.333,0,0,0.0,0,0,0,0,0,1,0,0,2,0,7,-24,10.0,0,0,10.0,1,868,868,868,1148,708,846,492,300,391,422,930,991,930,848,1379,1447,1072,1046,300,505,1,667,1205,853,1704,1141,145,5,1103,,16:22,1
2008-09,101189,James Singleton,James,1610612742,DAL,Dallas Mavericks,0040800163,2009-04-23T00:00:00,DAL vs. SAS,W,11.883333333333333,2,3,0.667,1,2,0.5,0,2,0.0,1,2,3,0,0,0,0,0,1,1,5,-18,8.6,0,0,9.0,1,1,1,1,1307,875,1176,194,300,538,176,930,591,930,423,788,748,1072,1046,778,505,1,310,835,1003,1630,1190,145,5,1144,,11:53,1
2008-09,1477,Bruce Bowen,Bruce,1610612759,SAS,San Antonio Spurs,0040800163,2009-04-23T00:00:00,SAS @ DAL,L,24.416666666666668,1,3,0.333,1,2,0.5,0,0,0.0,0,3,3,1,0,0,0,0,3,1,3,6,8.1,0,0,8.0,1,868,868,868,865,1119,1176,1037,300,538,176,930,991,930,848,569,748,729,1046,778,505,1,1025,835,1188,431,1221,145,5,1186,,24:25,1
2008-09,1495,Tim Duncan,Tim,1610612759,SAS,San Antonio Spurs,0040800163,2009-04-23T00:00:00,SAS @ DAL,L,15.5,2,9,0.222,0,0,0.0,0,0,0.0,2,0,2,1,1,0,0,1,2,1,4,-29,6.9,0,0,7.0,1,868,868,868,1177,875,571,1293,635,979,635,930,991,930,220,1379,973,729,569,778,505,1168,667,835,1077,1728,1265,145,5,1230,,15:30,1
2008-09,2669,Linton Johnson,Linton,1610612741,CHI,Chicago Bulls,0040800113,2009-04-23T00:00:00,CHI vs. BOS,L,8.5,0,1,0.0,0,0,0.0,2,2,1.0,1,2,3,1,0,0,0,0,0,1,2,13,7.1,0,0,6.0,1,868,868,868,1408,1397,1432,1397,635,979,635,481,591,1,423,788,748,729,1046,778,505,1,1,835,1253,203,1259,145,5,1274,,8:30,1
2008-09,101115,Andrew Bynum,Andrew,1610612747,LAL,Los Angeles Lakers,0040800143,2009-04-23T00:00:00,LAL @ UTA,L,7.133333333333334,1,2,0.5,0,0,0.0,2,2,1.0,1,1,2,0,2,0,0,0,5,3,4,0,4.4,0,0,6.0,1,868,868,868,1447,1119,1295,492,635,979,635,481,591,1,423,1051,973,1072,289,778,505,1,1564,409,1077,769,1403,145,5,1274,,7:08,1
2008-09,1501,Tim Thomas,Tim,1610612741,CHI,Chicago Bulls,0040800113,2009-04-23T00:00:00,CHI vs. BOS,L,10.016666666666667,2,5,0.4,0,2,0.0,0,0,0.0,0,1,1,0,1,0,0,1,2,0,4,-3,4.2,0,0,5.0,1,868,868,868,1365,875,946,867,635,538,635,930,991,930,848,1051,1206,1072,569,778,505,1168,667,1205,1077,1039,1414,145,5,1326,,10:01,1
2008-09,101139,CJ Miles,CJ,1610612762,UTA,Utah Jazz,0040800143,2009-04-23T00:00:00,UTA vs. LAL,W,8.883333333333333,1,3,0.333,1,2,0.5,0,0,0.0,0,1,1,0,1,0,0,0,2,0,3,6,3.2,0,0,5.0,1,1,1,1,1395,1119,1176,1037,300,538,176,930,991,930,848,1051,1206,1072,569,778,505,1,667,1205,1188,431,1452,145,5,1326,,8:53,1
2008-09,2260,Jarron Collins,Jarron,1610612762,UTA,Utah Jazz,0040800143,2009-04-23T00:00:00,UTA vs. LAL,W,7.116666666666666,0,0,0.0,0,0,0.0,1,2,0.5,1,0,1,0,0,1,0,0,3,2,1,4,5.2,0,0,4.0,1,1,1,1,1449,1397,1595,1397,635,979,635,748,591,723,423,1379,1206,1072,1046,300,505,1,1025,597,1430,525,1356,145,5,1395,,7:07,1
2008-09,200769,Shannon Brown,Shannon,1610612747,LAL,Los Angeles Lakers,0040800143,2009-04-23T00:00:00,LAL @ UTA,L,10.1,1,4,0.25,0,0,0.0,1,2,0.5,0,0,0,1,0,0,0,0,3,1,3,-2,4.5,0,0,4.0,1,868,868,868,1362,1119,1064,1224,635,979,635,748,591,723,848,1379,1447,729,1046,778,505,1,1025,835,1188,949,1394,145,5,1395,,10:06,1
2008-09,2679,Matt Carroll,Matt,1610612742,DAL,Dallas Mavericks,0040800163,2009-04-23T00:00:00,DAL vs. SAS,W,8.966666666666667,1,2,0.5,0,0,0.0,0,0,0.0,0,2,2,0,1,0,0,0,1,1,2,-11,3.4,0,0,4.0,1,1,1,1,1392,1119,1295,492,635,979,635,930,991,930,848,788,973,1072,569,778,505,1,310,835,1253,1461,1449,145,5,1395,,8:58,1
2008-09,2243,Brian Scalabrine,Brian,1610612738,BOS,Boston Celtics,0040800113,2009-04-23T00:00:00,BOS @ CHI,W,6.316666666666666,1,1,1.0,1,1,1.0,0,0,0.0,0,0,0,0,0,0,0,0,0,0,3,6,3.0,0,0,4.0,1,1,1,1,1474,1119,1432,1,300,730,1,930,991,930,848,1379,1447,1072,1046,778,505,1,1,1205,1188,431,1474,145,5,1395,,6:19,1
2008-09,2754,Tony Allen,Tony,1610612738,BOS,Boston Celtics,0040800113,2009-04-23T00:00:00,BOS @ CHI,W,8.588333333333333,0,0,0.0,0,0,0.0,0,0,0.0,1,2,3,0,0,0,0,0,1,0,0,-8,3.6,0,0,3.0,1,1,1,1,1407,1397,1595,1397,635,979,635,930,991,930,423,788,748,1072,1046,778,505,1,310,1205,1447,1347,1436,145,5,1443,,8:35,1
2008-09,201172,Gabe Pruitt,Gabe,1610612738,BOS,Boston Celtics,0040800113,2009-04-23T00:00:00,BOS @ CHI,W,2.6666666666666665,0,1,0.0,0,0,0.0,0,0,0.0,0,0,0,1,1,0,1,0,0,0,0,-6,3.5,0,0,3.0,1,1,1,1,1636,1397,1432,1397,635,979,635,930,991,930,848,1379,1447,729,569,778,189,1,1,1205,1447,1235,1443,145,5,1443,,2:40,1
2008-09,200797,Ryan Hollins,Ryan,1610612742,DAL,Dallas Mavericks,0040800163,2009-04-23T00:00:00,DAL vs. SAS,W,13.883333333333333,0,1,0.0,0,0,0.0,0,0,0.0,0,0,0,1,1,1,0,0,4,1,0,-11,3.5,0,0,3.0,1,1,1,1,1240,1397,1432,1397,635,979,635,930,991,930,848,1379,1447,729,569,300,505,1,1326,835,1447,1461,1443,145,5,1443,,13:53,1
2008-09,201611,Henry Walker,Henry,1610612738,BOS,Boston Celtics,0040800113,2009-04-23T00:00:00,BOS @ CHI,W,2.6666666666666665,0,0,0.0,0,0,0.0,0,0,0.0,0,0,0,0,1,1,0,0,0,0,0,-6,2.0,0,0,2.0,1,1,1,1,1636,1397,1595,1397,635,979,635,930,991,930,848,1379,1447,1072,569,300,505,1,1,1205,1447,1235,1526,145,5,1494,,2:40,1
2008-09,101123,Gerald Green,Gerald,1610612742,DAL,Dallas Mavericks,0040800163,2009-04-23T00:00:00,DAL vs. SAS,W,6.55,0,3,0.0,0,2,0.0,0,0,0.0,0,1,1,0,0,0,0,0,1,0,0,-9,1.2,0,0,1.0,1,1,1,1,1466,1397,1176,1397,635,538,635,930,991,930,848,1051,1206,1072,1046,778,505,1,310,1205,1447,1389,1567,145,5,1565,,6:33,1
2008-09,2575,Luke Walton,Luke,1610612747,LAL,Los Angeles Lakers,0040800143,2009-04-23T00:00:00,LAL @ UTA,L,8.383333333333333,0,2,0.0,0,1,0.0,1,2,0.5,0,0,0,0,0,0,0,0,1,1,1,0,1.0,0,0,1.0,1,868,868,868,1416,1397,1295,1397,635,730,635,748,591,723,848,1379,1447,1072,1046,778,505,1,310,835,1430,769,1586,145,5,1565,,8:23,1
2008-09,201189,Aaron Gray,Aaron,1610612741,CHI,Chicago Bulls,0040800113,2009-04-23T00:00:00,CHI vs. BOS,L,8.5,0,2,0.0,0,0,0.0,0,0,0.0,0,1,1,0,1,0,0,0,0,1,0,13,0.2,0,0,1.0,1,868,868,868,1408,1397,1295,1397,635,979,635,930,991,930,848,1051,1206,1072,569,778,505,1,1,835,1447,203,1600,145,5,1565,,8:30,1
2008-09,714,Michael Finley,Michael,1610612759,SAS,San Antonio Spurs,0040800163,2009-04-23T00:00:00,SAS @ DAL,L,16.616666666666667,0,2,0.0,0,1,0.0,0,0,0.0,0,1,1,0,1,0,0,0,1,0,0,-25,0.2,0,0,1.0,1,868,868,868,1138,1397,1295,1397,635,730,635,930,991,930,848,1051,1206,1072,569,778,505,1,310,1205,1447,1711,1600,145,5,1565,,16:37,1
2008-09,2694,Josh Powell,Josh,1610612747,LAL,Los Angeles Lakers,0040800143,2009-04-23T00:00:00,LAL @ UTA,L,1.7833333333333334,0,1,0.0,0,0,0.0,0,0,0.0,0,0,0,0,0,0,0,0,0,0,0,2,0.0,0,0,0.0,1,868,868,868,1670,1397,1432,1397,635,979,635,930,991,930,848,1379,1447,1072,1046,778,505,1,1,1205,1447,653,1610,145,5,1611,,1:47,1
2008-09,1510,Brevin Knight,Brevin,1610612762,UTA,Utah Jazz,0040800143,2009-04-23T00:00:00,UTA vs. LAL,W,2.966666666666667,0,0,0.0,0,0,0.0,0,0,0.0,0,0,0,0,0,0,0,0,0,0,0,-5,0.0,0,0,0.0,1,1,1,1,1622,1397,1595,1397,635,979,635,930,991,930,848,1379,1447,1072,1046,778,505,1,1,1205,1447,1171,1610,145,5,1611,,2:58,1
2008-09,2548,Dwyane Wade,Dwyane,1610612748,MIA,Miami Heat,0040800132,2009-04-22T00:00:00,MIA @ ATL,W,38.805,11,20,0.55,6,10,0.6,5,6,0.833,0,5,5,7,5,1,2,2,5,7,33,14,53.5,0,0,57.0,1,1,1,1,315,42,72,444,3,11,151,182,202,442,848,281,442,63,21,300,71,1565,1564,81,37,192,57,145,5,17,,38:48,1
2008-09,1889,Andre Miller,Andre,1610612755,PHI,Philadelphia 76ers,0040800122,2009-04-22T00:00:00,PHI @ ORL,L,40.291666666666664,12,20,0.6,1,2,0.5,5,6,0.833,2,5,7,3,4,2,0,2,1,6,30,-7,44.9,0,0,45.0,1,868,868,868,240,25,72,323,300,538,176,182,202,442,220,281,272,317,53,89,505,1565,310,131,58,1305,117,145,5,93,,40:18,1
2008-09,2738,Andre Iguodala,Andre,1610612755,PHI,Philadelphia 76ers,0040800122,2009-04-22T00:00:00,PHI @ ORL,L,45.43333333333333,7,14,0.5,2,5,0.4,5,8,0.625,1,7,8,7,5,3,0,1,3,5,21,-6,45.1,0,0,44.0,1,868,868,868,46,199,245,492,139,159,374,182,118,676,423,140,198,63,21,31,505,1168,1025,197,183,1235,115,145,5,99,,45:26,1
2008-09,1497,Chauncey Billups,Chauncey,1610612743,DEN,Denver Nuggets,0040800152,2009-04-22T00:00:00,DEN vs. NOH,W,35.25333333333333,8,15,0.533,4,6,0.667,11,11,1.0,1,3,4,4,0,0,0,1,1,6,31,10,41.8,0,0,43.0,1,1,1,1,454,143,198,468,24,97,116,28,61,1,423,569,588,208,1046,778,505,1168,310,131,48,293,155,145,5,108,,35:15,1
2008-09,2546,Carmelo Anthony,Carmelo,1610612743,DEN,Denver Nuggets,0040800152,2009-04-22T00:00:00,DEN vs. NOH,W,36.36666666666667,10,20,0.5,2,5,0.4,0,0,0.0,1,2,3,9,1,2,1,1,2,2,22,8,47.1,0,0,42.0,1,1,1,1,418,65,72,492,139,159,374,930,991,930,423,788,748,25,569,89,189,1168,667,597,165,362,104,145,5,119,,36:22,1
2008-09,2746,Josh Smith,Josh,1610612737,ATL,Atlanta Hawks,0040800132,2009-04-22T00:00:00,ATL vs. MIA,L,41.413333333333334,8,14,0.571,0,1,0.0,1,3,0.333,3,7,10,3,3,2,2,2,3,2,17,-14,42.5,1,0,38.0,1,868,868,868,181,143,245,394,635,730,635,748,510,902,106,140,104,317,132,89,71,1565,1025,597,291,1552,146,1,5,169,,41:25,1
2008-09,979,Jermaine O'Neal,Jermaine,1610612748,MIA,Miami Heat,0040800132,2009-04-22T00:00:00,MIA @ ATL,W,36.73,6,9,0.667,0,0,0.0,7,8,0.875,0,6,6,3,2,1,4,0,4,9,19,19,43.7,0,0,38.0,1,1,1,1,406,285,571,194,635,979,635,92,118,408,848,203,351,317,289,300,11,1,1326,30,236,101,130,145,5,169,,36:44,1
2008-09,2561,David West,David,1610612740,NOH,New Orleans Hornets,0040800152,2009-04-22T00:00:00,NOH @ DEN,L,40.43333333333333,9,20,0.45,0,0,0.0,3,3,1.0,1,9,10,2,4,0,2,1,4,5,21,-13,38.0,1,0,37.0,1,868,868,868,234,97,72,767,635,979,635,367,510,1,423,68,104,488,53,778,71,1168,1326,197,183,1527,216,1,5,187,,40:26,1
2008-09,201584,Courtney Lee,Courtney,1610612753,ORL,Orlando Magic,0040800122,2009-04-22T00:00:00,ORL vs. PHI,W,37.28333333333333,10,17,0.588,1,4,0.25,3,4,0.75,1,2,3,1,0,3,0,0,2,3,24,5,38.1,0,0,35.0,1,1,1,1,384,65,130,371,300,253,524,367,355,532,423,788,748,729,1046,31,505,1,667,409,124,477,213,145,5,234,,37:17,1
2008-09,2730,Dwight Howard,Dwight,1610612753,ORL,Orlando Magic,0040800122,2009-04-22T00:00:00,ORL vs. PHI,W,30.333333333333332,4,6,0.667,0,0,0.0,3,7,0.429,4,6,10,2,2,1,4,1,6,9,11,-2,39.0,1,0,33.0,1,1,1,1,657,552,846,194,635,979,635,367,167,891,56,203,104,488,289,300,11,1168,1699,30,612,949,200,1,5,282,,30:20,1
2008-09,1740,Rashard Lewis,Rashard,1610612753,ORL,Orlando Magic,0040800122,2009-04-22T00:00:00,ORL vs. PHI,W,43.03333333333333,4,14,0.286,1,6,0.167,7,8,0.875,3,5,8,6,2,1,0,0,0,4,16,13,35.6,0,0,33.0,1,1,1,1,115,552,245,1183,300,97,607,92,118,408,106,281,198,100,289,300,505,1,1,291,334,203,283,145,5,282,,43:02,1
2008-09,101108,Chris Paul,Chris,1610612740,NOH,New Orleans Hornets,0040800152,2009-04-22T00:00:00,NOH @ DEN,L,38.45,5,11,0.455,0,1,0.0,4,4,1.0,2,2,4,13,5,0,0,0,2,6,14,-15,33.3,1,0,31.0,1,868,868,868,337,396,430,744,635,730,635,259,355,1,220,788,588,6,21,778,505,1,667,131,416,1570,328,1,5,328,,38:27,1
2008-09,2045,Hedo Turkoglu,Hedo,1610612753,ORL,Orlando Magic,0040800122,2009-04-22T00:00:00,ORL vs. PHI,W,40.083333333333336,3,10,0.3,1,1,1.0,9,11,0.818,1,5,6,3,3,2,0,0,1,6,16,8,30.7,0,0,30.0,1,1,1,1,251,708,492,1168,300,730,1,52,61,483,423,281,351,317,132,89,505,1,310,131,334,362,402,145,5,359,,40:05,1
2008-09,201161,Daequan Cook,Daequan,1610612748,MIA,Miami Heat,0040800132,2009-04-22T00:00:00,MIA @ ATL,W,34.666666666666664,7,12,0.583,6,9,0.667,0,0,0.0,0,4,4,0,1,0,0,0,3,0,20,11,23.8,0,0,30.0,1,1,1,1,473,199,364,378,3,23,116,930,991,930,848,403,588,1072,569,778,505,1,1025,1205,212,260,591,145,5,359,,34:40,1
2008-09,201143,Al Horford,Al,1610612737,ATL,Atlanta Hawks,0040800132,2009-04-22T00:00:00,ATL vs. MIA,L,38.96666666666667,5,9,0.556,0,0,0.0,1,4,0.25,4,7,11,5,0,1,0,0,5,3,11,-19,34.7,1,0,29.0,1,868,868,868,304,396,571,427,635,979,635,748,355,918,56,140,83,142,1046,300,505,1,1564,409,612,1644,304,1,5,384,,38:58,1
2008-09,201152,Thaddeus Young,Thaddeus,1610612755,PHI,Philadelphia 76ers,0040800122,2009-04-22T00:00:00,PHI @ ORL,L,41.45,9,15,0.6,2,3,0.667,0,0,0.0,2,1,3,3,0,0,0,0,2,1,20,-1,28.1,0,0,28.0,1,868,868,868,177,97,198,323,139,391,116,930,991,930,220,1051,748,317,1046,778,505,1,667,835,212,871,449,145,5,407,,41:27,1
2008-09,1710,Mike Bibby,Mike,1610612737,ATL,Atlanta Hawks,0040800132,2009-04-22T00:00:00,ATL vs. MIA,L,43.266666666666666,6,12,0.5,4,8,0.5,2,2,1.0,1,1,2,4,2,0,0,0,3,6,18,-17,24.4,0,0,28.0,1,868,868,868,105,285,364,492,24,38,176,481,591,1,423,1051,973,208,289,778,505,1,1025,131,265,1611,562,145,5,407,,43:16,1
2008-09,2436,Flip Murray,Flip,1610612737,ATL,Atlanta Hawks,0040800132,2009-04-22T00:00:00,ATL vs. MIA,L,29.946666666666665,4,15,0.267,1,5,0.2,6,7,0.857,1,1,2,3,0,2,1,3,1,4,15,-1,30.9,0,0,27.0,1,868,868,868,676,552,198,1220,300,159,578,132,167,425,423,1051,973,317,1046,89,189,1698,310,291,367,871,401,145,5,435,,29:57,1
2008-09,2030,Kenyon Martin,Kenyon,1610612743,DEN,Denver Nuggets,0040800152,2009-04-22T00:00:00,DEN vs. NOH,W,31.4,6,12,0.5,0,0,0.0,1,2,0.5,1,4,5,6,1,0,1,1,3,1,13,8,30.0,0,0,26.0,1,1,1,1,617,285,364,492,635,979,635,748,591,723,423,403,442,100,569,778,189,1168,1025,835,470,362,407,145,5,463,,31:24,1
2008-09,2403,Nene,ene,1610612743,DEN,Denver Nuggets,0040800152,2009-04-22T00:00:00,DEN vs. NOH,W,30.066666666666666,4,13,0.308,0,0,0.0,0,2,0.0,5,3,8,4,1,1,1,1,3,2,8,16,28.6,0,0,24.0,1,1,1,1,668,552,297,1156,635,979,635,930,591,930,22,569,198,208,569,300,189,1168,1025,597,776,154,440,145,5,523,,30:04,1
2008-09,2747,JR Smith,JR,1610612743,DEN,Denver Nuggets,0040800152,2009-04-22T00:00:00,DEN vs. NOH,W,26.598333333333333,6,11,0.545,3,5,0.6,0,2,0.0,0,4,4,0,1,1,0,0,3,4,15,6,21.8,0,0,24.0,1,1,1,1,792,285,430,448,59,159,151,930,591,930,848,403,588,1072,569,300,505,1,1025,291,367,431,660,145,5,523,,26:36,1
2008-09,1899,James Posey,James,1610612740,NOH,New Orleans Hornets,0040800152,2009-04-22T00:00:00,NOH @ DEN,L,24.95,3,8,0.375,1,3,0.333,5,6,0.833,0,8,8,2,0,0,0,0,2,4,12,0,24.6,0,0,23.0,1,868,868,868,847,708,660,978,300,391,422,182,202,442,848,90,198,488,1046,778,505,1,667,291,532,769,553,145,5,561,,24:57,1
2008-09,201563,Michael Beasley,Michael,1610612748,MIA,Miami Heat,0040800132,2009-04-22T00:00:00,MIA @ ATL,W,22.133333333333333,5,12,0.417,1,1,1.0,1,2,0.5,0,7,7,3,2,0,0,1,2,2,12,-2,22.9,0,0,23.0,1,1,1,1,933,396,364,841,300,730,1,748,591,723,848,140,272,317,289,778,505,1168,667,597,532,949,619,145,5,561,,22:08,1
2008-09,2199,Tyson Chandler,Tyson,1610612740,NOH,New Orleans Hornets,0040800152,2009-04-22T00:00:00,NOH @ DEN,L,35.733333333333334,3,7,0.429,0,0,0.0,1,4,0.25,4,7,11,0,3,1,1,0,2,4,7,-21,23.2,0,0,22.0,1,868,868,868,435,708,764,810,635,979,635,748,355,918,56,140,83,1072,132,300,189,1,667,291,853,1678,612,145,5,601,,35:44,1
2008-09,978,Peja Stojakovic,Peja,1610612740,NOH,New Orleans Hornets,0040800152,2009-04-22T00:00:00,NOH @ DEN,L,28.983333333333334,5,9,0.556,4,5,0.8,3,3,1.0,0,0,0,0,1,0,0,1,3,1,17,-11,16.0,0,0,21.0,1,868,868,868,705,396,571,427,24,159,91,367,510,1,848,1379,1447,1072,569,778,505,1168,1025,835,291,1461,878,145,5,634,,28:59,1
2008-09,2617,Udonis Haslem,Udonis,1610612748,MIA,Miami Heat,0040800132,2009-04-22T00:00:00,MIA @ ATL,W,25.866666666666667,5,8,0.625,0,0,0.0,0,0,0.0,1,6,7,1,1,1,0,1,1,0,10,17,21.9,0,0,20.0,1,1,1,1,820,396,660,290,635,979,635,930,991,930,423,203,272,729,569,300,505,1168,310,1205,663,132,655,145,5,666,,25:52,1
2008-09,2207,Joe Johnson,Joe,1610612737,ATL,Atlanta Hawks,0040800132,2009-04-22T00:00:00,ATL vs. MIA,L,35.03666666666667,5,13,0.385,1,2,0.5,5,9,0.556,0,3,3,0,4,0,0,1,4,6,16,-14,15.6,0,0,20.0,1,868,868,868,461,396,297,956,300,538,176,182,86,719,848,569,748,1072,53,778,505,1168,1326,131,334,1552,895,145,5,666,,35:02,1
2008-09,2446,Rasual Butler,Rasual,1610612740,NOH,New Orleans Hornets,0040800152,2009-04-22T00:00:00,NOH @ DEN,L,33.733333333333334,4,6,0.667,4,5,0.8,0,0,0.0,0,2,2,0,2,0,1,0,3,0,12,-25,15.4,0,0,20.0,1,868,868,868,513,552,846,194,24,159,91,930,991,930,848,788,973,1072,289,778,189,1,1025,1205,532,1711,904,145,5,666,,33:44,1
2008-09,201596,Mario Chalmers,Mario,1610612748,MIA,Miami Heat,0040800132,2009-04-22T00:00:00,MIA @ ATL,W,22.083333333333332,2,5,0.4,0,2,0.0,0,0,0.0,1,1,2,7,2,3,0,0,3,0,4,5,23.9,0,0,19.0,1,1,1,1,935,875,946,867,635,538,635,930,991,930,423,1051,973,63,289,31,505,1,1025,1205,1077,477,586,145,5,709,,22:05,1
2008-09,1747,Rafer Alston,Rafer,1610612753,ORL,Orlando Magic,0040800122,2009-04-22T00:00:00,ORL vs. PHI,W,22.016666666666666,5,10,0.5,1,2,0.5,0,0,0.0,0,2,2,1,1,1,0,0,1,0,11,7,16.9,0,0,17.0,1,1,1,1,937,396,492,492,300,538,176,930,991,930,848,788,973,729,569,300,505,1,310,1205,612,402,831,145,5,789,,22:01,1
2008-09,1533,Anthony Johnson,Anthony,1610612753,ORL,Orlando Magic,0040800122,2009-04-22T00:00:00,ORL vs. PHI,W,25.983333333333334,5,12,0.417,1,5,0.2,0,0,0.0,1,3,4,1,3,0,0,0,2,1,11,2,14.3,0,0,17.0,1,1,1,1,816,396,364,841,300,159,578,930,991,930,423,569,588,729,132,778,505,1,667,835,612,653,949,145,5,789,,25:59,1
2008-09,101107,Marvin Williams,Marvin,1610612737,ATL,Atlanta Hawks,0040800132,2009-04-22T00:00:00,ATL vs. MIA,L,19.108333333333334,4,9,0.444,0,3,0.0,3,3,1.0,1,0,1,1,0,0,1,0,2,2,11,-6,16.7,0,0,15.0,1,868,868,868,1045,552,571,770,635,391,635,367,510,1,423,1379,1206,729,1046,778,189,1,667,597,612,1235,842,145,5,864,,19:07,1
2008-09,200081,Jamario Moon,Jamario,1610612748,MIA,Miami Heat,0040800132,2009-04-22T00:00:00,MIA @ ATL,W,27.516666666666666,2,2,1.0,1,1,1.0,0,2,0.0,3,5,8,1,0,0,0,0,3,2,5,10,16.1,0,0,15.0,1,1,1,1,760,875,1295,1,300,730,1,930,591,930,106,281,198,729,1046,778,505,1,1025,597,1003,293,876,145,5,864,,27:31,1
2008-09,2563,Dahntay Jones,Dahntay,1610612743,DEN,Denver Nuggets,0040800152,2009-04-22T00:00:00,DEN vs. NOH,W,19.983333333333334,5,5,1.0,0,0,0.0,1,2,0.5,1,0,1,0,0,1,0,0,3,3,11,0,15.2,0,0,14.0,1,1,1,1,1011,396,946,1,635,979,635,748,591,723,423,1379,1206,1072,1046,300,505,1,1025,409,612,769,918,145,5,905,,19:59,1
2008-09,101150,Lou Williams,Lou,1610612755,PHI,Philadelphia 76ers,0040800122,2009-04-22T00:00:00,PHI @ ORL,L,28.393333333333334,2,10,0.2,0,2,0.0,0,0,0.0,1,2,3,3,3,1,1,3,2,0,4,-5,15.1,0,0,14.0,1,868,868,868,729,875,492,1308,635,538,635,930,991,930,423,788,748,317,132,300,189,1698,667,1205,1077,1171,922,145,5,905,,28:24,1
2008-09,2365,Chris Andersen,Chris,1610612743,DEN,Denver Nuggets,0040800152,2009-04-22T00:00:00,DEN vs. NOH,W,26.783333333333335,3,3,1.0,0,0,0.0,0,0,0.0,3,2,5,0,1,0,1,0,3,0,6,18,14.0,0,0,13.0,1,1,1,1,788,708,1176,1,635,979,635,930,991,930,106,788,442,1072,569,778,189,1,1025,1205,918,118,965,145,5,940,,26:47,1
2008-09,2554,Mickael Pietrus,Mickael,1610612753,ORL,Orlando Magic,0040800122,2009-04-22T00:00:00,ORL vs. PHI,W,18.633333333333333,2,6,0.333,1,5,0.2,0,0,0.0,2,3,5,0,2,0,1,0,2,2,5,5,12.0,0,0,13.0,1,1,1,1,1062,875,846,1037,300,159,578,930,991,930,220,569,442,1072,289,778,189,1,667,597,1003,477,1054,145,5,940,,18:38,1
2008-09,101162,Marcin Gortat,Marcin,1610612753,ORL,Orlando Magic,0040800122,2009-04-22T00:00:00,ORL vs. PHI,W,17.666666666666668,0,3,0.0,0,0,0.0,0,0,0.0,2,4,6,0,0,1,2,1,1,0,0,11,16.2,0,0,12.0,1,1,1,1,1093,1397,1176,1397,635,979,635,930,991,930,220,403,351,1072,1046,300,71,1168,310,1205,1447,260,868,145,5,1002,,17:40,1
2008-09,1853,Anthony Carter,Anthony,1610612743,DEN,Denver Nuggets,0040800152,2009-04-22T00:00:00,DEN vs. NOH,W,21.08,1,3,0.333,0,0,0.0,0,0,0.0,0,2,2,3,0,2,0,0,2,0,2,13,14.9,0,0,11.0,1,1,1,1,975,1119,1176,1037,635,979,635,930,991,930,848,788,973,317,1046,89,505,1,667,1205,1253,203,930,145,5,1061,,21:05,1
2008-09,689,Theo Ratliff,Theo,1610612755,PHI,Philadelphia 76ers,0040800122,2009-04-22T00:00:00,PHI @ ORL,L,22.316666666666666,1,1,1.0,0,0,0.0,1,2,0.5,2,6,8,0,2,0,0,0,5,3,3,4,10.6,0,0,11.0,1,868,868,868,928,1119,1432,1,635,979,635,748,591,723,220,203,198,1072,289,778,505,1,1564,409,1188,525,1120,145,5,1061,,22:19,1
2008-09,201578,Marreese Speights,Marreese,1610612755,PHI,Philadelphia 76ers,0040800122,2009-04-22T00:00:00,PHI @ ORL,L,8.966666666666667,2,2,1.0,0,0,0.0,1,2,0.5,1,1,2,0,0,0,0,0,3,1,5,-5,7.4,0,0,7.0,1,868,868,868,1392,875,1295,1,635,979,635,748,591,723,423,1051,973,1072,1046,778,505,1,1025,835,1003,1171,1243,145,5,1230,,8:58,1
2008-09,2592,James Jones,James,1610612748,MIA,Miami Heat,0040800132,2009-04-22T00:00:00,MIA @ ATL,W,20.928333333333335,2,4,0.5,1,3,0.333,0,0,0.0,1,0,1,0,0,0,0,0,2,0,5,5,6.2,0,0,7.0,1,1,1,1,979,875,1064,492,300,391,422,930,991,930,423,1379,1206,1072,1046,778,505,1,667,1205,1003,477,1296,145,5,1230,,20:56,1
2008-09,2501,Reggie Evans,Reggie,1610612755,PHI,Philadelphia 76ers,0040800122,2009-04-22T00:00:00,PHI @ ORL,L,7.783333333333333,0,3,0.0,0,0,0.0,0,0,0.0,0,4,4,0,1,1,0,1,0,0,0,-7,6.8,0,0,6.0,1,868,868,868,1434,1397,1176,1397,635,979,635,930,991,930,848,403,588,1072,569,300,505,1168,1,1205,1447,1305,1268,145,5,1274,,7:47,1
2008-09,2484,Devin Brown,Devin,1610612740,NOH,New Orleans Hornets,0040800152,2009-04-22T00:00:00,NOH @ DEN,L,8.316666666666666,2,3,0.667,0,1,0.0,0,0,0.0,2,0,2,0,0,0,0,0,0,0,4,6,6.4,0,0,6.0,1,868,868,868,1418,875,1176,194,635,730,635,930,991,930,220,1379,973,1072,1046,778,505,1,1,1205,1077,431,1284,145,5,1274,,8:19,1
2008-09,2585,Zaza Pachulia,Zaza,1610612737,ATL,Atlanta Hawks,0040800132,2009-04-22T00:00:00,ATL vs. MIA,L,15.111666666666666,1,3,0.333,0,0,0.0,1,2,0.5,2,1,3,0,2,0,0,0,1,2,3,5,4.6,0,0,6.0,1,868,868,868,1193,1119,1176,1037,635,979,635,748,591,723,220,1051,748,1072,289,778,505,1,310,597,1188,477,1388,145,5,1274,,15:07,1
2008-09,101132,Linas Kleiza,Linas,1610612743,DEN,Denver Nuggets,0040800152,2009-04-22T00:00:00,DEN vs. NOH,W,8.633333333333333,0,2,0.0,0,0,0.0,0,0,0.0,0,3,3,0,0,1,0,0,0,1,0,6,6.6,0,0,5.0,1,1,1,1,1405,1397,1295,1397,635,979,635,930,991,930,848,569,748,1072,1046,300,505,1,1,835,1447,431,1273,145,5,1326,,8:38,1
2008-09,2230,Maurice Evans,Maurice,1610612737,ATL,Atlanta Hawks,0040800132,2009-04-22T00:00:00,ATL vs. MIA,L,16.641666666666666,1,2,0.5,0,1,0.0,0,0,0.0,1,0,1,2,0,0,0,0,2,0,2,-7,6.2,0,0,5.0,1,868,868,868,1136,1119,1295,492,635,730,635,930,991,930,423,1379,1206,488,1046,778,505,1,667,1205,1253,1305,1296,145,5,1326,,16:39,1
2008-09,201153,Julian Wright,Julian,1610612740,NOH,New Orleans Hornets,0040800152,2009-04-22T00:00:00,NOH @ DEN,L,7.566666666666666,1,2,0.5,0,0,0.0,0,0,0.0,0,2,2,1,0,0,0,0,3,0,2,-2,5.9,0,0,5.0,1,868,868,868,1439,1119,1295,492,635,979,635,930,991,930,848,788,973,729,1046,778,505,1,1025,1205,1253,949,1322,145,5,1326,,7:34,1
2008-09,1752,Sean Marks,Sean,1610612740,NOH,New Orleans Hornets,0040800152,2009-04-22T00:00:00,NOH @ DEN,L,7.9,1,2,0.5,0,1,0.0,0,0,0.0,2,1,3,0,0,0,0,0,0,0,2,6,5.6,0,0,5.0,1,868,868,868,1431,1119,1295,492,635,730,635,930,991,930,220,1051,748,1072,1046,778,505,1,1,1205,1253,431,1334,145,5,1326,,7:54,1
2008-09,2584,Willie Green,Willie,1610612755,PHI,Philadelphia 76ers,0040800122,2009-04-22T00:00:00,PHI @ ORL,L,20.533333333333335,1,5,0.2,0,1,0.0,0,0,0.0,0,1,1,2,1,0,0,0,2,0,2,-2,5.2,0,0,5.0,1,868,868,868,993,1119,946,1308,635,730,635,930,991,930,848,1051,1206,488,569,778,505,1,667,1205,1253,949,1356,145,5,1326,,20:32,1
2008-09,2223,Samuel Dalembert,Samuel,1610612755,PHI,Philadelphia 76ers,0040800122,2009-04-22T00:00:00,PHI @ ORL,L,8.933333333333334,1,1,1.0,0,0,0.0,0,0,0.0,0,0,0,0,0,0,1,0,4,0,2,-1,5.0,0,0,4.0,1,868,868,868,1394,1119,1432,1,635,979,635,930,991,930,848,1379,1447,1072,1046,778,189,1,1326,1205,1253,871,1368,145,5,1395,,8:56,1
2008-09,1498,Antonio Daniels,Antonio,1610612740,NOH,New Orleans Hornets,0040800152,2009-04-22T00:00:00,NOH @ DEN,L,9.55,1,5,0.2,0,0,0.0,0,0,0.0,0,1,1,0,0,0,0,1,0,0,2,0,3.2,0,0,3.0,1,868,868,868,1379,1119,946,1308,635,979,635,930,991,930,848,1051,1206,1072,1046,778,505,1168,1,1205,1253,769,1452,145,5,1443,,9:33,1
2008-09,923,Donyell Marshall,Donyell,1610612755,PHI,Philadelphia 76ers,0040800122,2009-04-22T00:00:00,PHI @ ORL,L,7.933333333333334,0,2,0.0,0,2,0.0,0,0,0.0,0,0,0,0,0,1,0,0,2,0,0,-11,3.0,0,0,2.0,1,868,868,868,1429,1397,1295,1397,635,538,635,930,991,930,848,1379,1447,1072,1046,300,505,1,667,1205,1447,1461,1474,145,5,1494,,7:56,1
2008-09,1499,Tony Battie,Tony,1610612753,ORL,Orlando Magic,0040800122,2009-04-22T00:00:00,ORL vs. PHI,W,4.966666666666667,1,1,1.0,0,0,0.0,0,0,0.0,0,0,0,0,0,0,0,0,1,0,2,-4,2.0,0,0,2.0,1,1,1,1,1521,1119,1432,1,635,979,635,930,991,930,848,1379,1447,1072,1046,778,505,1,310,1205,1253,1113,1526,145,5,1494,,4:58,1
2008-09,2048,Jamaal Magloire,Jamaal,1610612748,MIA,Miami Heat,0040800132,2009-04-22T00:00:00,MIA @ ATL,W,11.27,0,0,0.0,0,0,0.0,0,0,0.0,0,0,0,1,0,0,0,0,2,1,0,-4,1.5,0,0,1.0,1,1,1,1,1331,1397,1595,1397,635,979,635,930,991,930,848,1379,1447,729,1046,778,505,1,667,835,1447,1113,1550,145,5,1565,,11:16,1
2008-09,2767,Royal Ivey,Royal,1610612755,PHI,Philadelphia 76ers,0040800122,2009-04-22T00:00:00,PHI @ ORL,L,7.965,0,2,0.0,0,1,0.0,0,0,0.0,0,1,1,0,0,0,0,0,1,0,0,-4,1.2,0,0,1.0,1,868,868,868,1428,1397,1295,1397,635,730,635,930,991,930,848,1051,1206,1072,1046,778,505,1,310,1205,1447,1113,1567,145,5,1565,,7:58,1
2008-09,101130,Johan Petro,Johan,1610612743,DEN,Denver Nuggets,0040800152,2009-04-22T00:00:00,DEN vs. NOH,W,2.85,0,1,0.0,0,0,0.0,0,2,0.0,0,1,1,0,0,0,0,0,0,1,0,-6,1.2,0,0,1.0,1,1,1,1,1627,1397,1432,1397,635,979,635,930,591,930,848,1051,1206,1072,1046,778,505,1,1,835,1447,1235,1567,145,5,1565,,2:51,1
2008-09,200756,Hilton Armstrong,Hilton,1610612740,NOH,New Orleans Hornets,0040800152,2009-04-22T00:00:00,NOH @ DEN,L,4.383333333333334,0,1,0.0,0,0,0.0,0,0,0.0,0,0,0,0,0,0,0,1,1,0,0,0,0.0,0,0,0.0,1,868,868,868,1543,1397,1432,1397,635,979,635,930,991,930,848,1379,1447,1072,1046,778,505,1168,310,1205,1447,769,1610,145,5,1611,,4:23,1
2008-09,201238,Mario West,Mario,1610612737,ATL,Atlanta Hawks,0040800132,2009-04-22T00:00:00,ATL vs. MIA,L,0.5083333333333333,0,0,0.0,0,0,0.0,0,0,0.0,0,0,0,0,0,0,0,0,0,0,0,-2,0.0,0,0,0.0,1,868,868,868,1724,1397,1595,1397,635,979,635,930,991,930,848,1379,1447,1072,1046,778,505,1,1,1205,1447,949,1610,145,5,1611,,0:31,1
2008-09,2078,Jason Hart,Jason,1610612743,DEN,Denver Nuggets,0040800152,2009-04-22T00:00:00,DEN vs. NOH,W,0.985,0,1,0.0,0,0,0.0,0,0,0.0,0,0,0,0,0,0,0,0,0,0,0,-4,0.0,0,0,0.0,1,1,1,1,1698,1397,1432,1397,635,979,635,930,991,930,848,1379,1447,1072,1046,778,505,1,1,1205,1447,1113,1610,145,5,1611,,0:59,1
2008-09,101114,Deron Williams,Deron,1610612762,UTA,Utah Jazz,0040800142,2009-04-21T00:00:00,UTA @ LAL,L,42.358333333333334,12,23,0.522,6,11,0.545,5,6,0.833,2,2,4,9,7,4,2,2,4,4,35,-8,64.3,0,0,66.0,1,868,868,868,136,25,35,488,3,6,174,182,202,442,220,788,588,25,4,9,71,1565,1326,291,26,1347,14,145,5,7,,42:22,1
2008-09,200750,Brandon Roy,Brandon,1610612757,POR,Portland Trail Blazers,0040800172,2009-04-21T00:00:00,POR vs. HOU,W,41.833333333333336,15,27,0.556,2,3,0.667,10,12,0.833,0,7,7,1,0,0,1,0,1,8,42,5,54.9,0,0,54.0,1,1,1,1,155,8,13,427,139,391,116,39,43,442,848,140,272,729,1046,778,189,1,310,56,7,477,51,145,5,32,,41:50,1
2008-09,2544,LeBron James,LeBron,1610612739,CLE,Cleveland Cavaliers,0040800102,2009-04-21T00:00:00,CLE vs. DET,W,37.913333333333334,7,14,0.5,2,5,0.4,13,17,0.765,1,12,13,6,2,0,0,0,1,9,29,21,51.6,1,0,50.0,1,1,1,1,359,199,245,492,139,159,374,11,6,531,423,18,51,100,289,778,505,1,310,30,65,74,71,1,5,58,,37:55,1
2008-09,200746,LaMarcus Aldridge,LaMarcus,1610612757,POR,Portland Trail Blazers,0040800172,2009-04-21T00:00:00,POR vs. HOU,W,43.53333333333333,11,19,0.579,0,0,0.0,5,8,0.625,2,10,12,0,0,1,3,0,5,6,27,8,53.4,1,0,47.0,1,1,1,1,93,42,91,393,635,979,635,182,118,676,220,50,68,1072,1046,300,30,1,1564,131,82,362,58,1,5,79,,43:32,1
2008-09,977,Kobe Bryant,Kobe,1610612747,LAL,Los Angeles Lakers,0040800142,2009-04-21T00:00:00,LAL vs. UTA,W,38.27,8,17,0.471,1,3,0.333,9,10,0.9,0,6,6,9,3,2,0,0,2,7,26,17,49.7,0,0,46.0,1,1,1,1,342,143,130,711,300,391,422,52,68,394,848,203,351,25,132,89,505,1,667,81,94,132,81,145,5,84,,38:16,1
2008-09,2590,Mo Williams,Mo,1610612739,CLE,Cleveland Cavaliers,0040800102,2009-04-21T00:00:00,CLE vs. DET,W,35.29666666666667,8,13,0.615,2,5,0.4,3,5,0.6,1,1,2,7,3,1,1,1,4,4,21,14,36.9,0,0,36.0,1,1,1,1,451,143,297,319,139,159,374,367,294,694,423,1051,973,63,132,300,189,1168,1326,291,183,192,247,145,5,206,,35:18,1
2008-09,2430,Carlos Boozer,Carlos,1610612762,UTA,Utah Jazz,0040800142,2009-04-21T00:00:00,UTA @ LAL,L,39.88,8,18,0.444,0,0,0.0,4,5,0.8,4,6,10,1,3,2,0,2,4,3,20,-9,36.5,1,0,35.0,1,868,868,868,262,143,108,770,635,979,635,259,294,487,56,203,104,729,132,89,505,1565,1326,409,212,1389,258,1,5,234,,39:53,1
2008-09,201166,Aaron Brooks,Aaron,1610612745,HOU,Houston Rockets,0040800172,2009-04-21T00:00:00,HOU @ POR,L,29.713333333333335,9,12,0.75,4,5,0.8,1,2,0.5,0,2,2,5,3,0,0,1,3,3,23,-6,29.9,0,0,34.0,1,868,868,868,685,97,364,143,24,159,91,748,591,723,848,788,973,142,132,778,505,1168,1025,409,146,1235,410,145,5,263,,29:43,1
2008-09,2772,Trevor Ariza,Trevor,1610612747,LAL,Los Angeles Lakers,0040800142,2009-04-21T00:00:00,LAL vs. UTA,W,31.605,5,6,0.833,3,3,1.0,0,0,0.0,1,3,4,9,1,2,0,1,5,0,13,11,36.3,0,0,33.0,1,1,1,1,610,396,846,115,59,391,1,930,991,930,423,569,588,25,569,89,505,1168,1564,1205,470,260,268,145,5,282,,31:36,1
2008-09,2200,Pau Gasol,Pau,1610612747,LAL,Los Angeles Lakers,0040800142,2009-04-21T00:00:00,LAL vs. UTA,W,36.45,9,11,0.818,0,0,0.0,4,6,0.667,2,4,6,1,5,0,2,0,1,4,22,17,31.7,0,0,33.0,1,1,1,1,415,97,430,121,635,979,635,259,202,612,220,403,351,729,21,778,71,1,310,291,165,132,372,145,5,282,,36:27,1
2008-09,200794,Paul Millsap,Paul,1610612762,UTA,Utah Jazz,0040800142,2009-04-21T00:00:00,UTA @ LAL,L,35.7,6,8,0.75,0,0,0.0,1,2,0.5,2,5,7,3,2,2,2,0,5,1,13,-4,35.9,0,0,31.0,1,868,868,868,437,285,660,143,635,979,635,748,591,723,220,281,272,317,289,89,71,1,1564,835,470,1113,278,145,5,328,,35:42,1
2008-09,1888,Richard Hamilton,Richard,1610612765,DET,Detroit Pistons,0040800102,2009-04-21T00:00:00,DET @ CLE,L,40.06666666666667,7,16,0.438,1,4,0.25,2,3,0.667,0,0,0,3,2,3,1,0,3,1,17,-30,31.5,0,0,29.0,1,868,868,868,254,199,167,800,300,253,524,481,510,612,848,1379,1447,317,289,31,189,1,1025,835,291,1732,379,145,5,384,,40:04,1
2008-09,2753,Delonte West,Delonte,1610612739,CLE,Cleveland Cavaliers,0040800102,2009-04-21T00:00:00,CLE vs. DET,W,44.63333333333333,7,12,0.583,1,2,0.5,5,6,0.833,1,2,3,4,5,0,0,0,1,4,20,8,24.6,0,0,28.0,1,1,1,1,64,199,364,378,300,538,176,182,202,442,423,788,748,208,21,778,505,1,310,291,212,362,553,145,5,407,,44:38,1
2008-09,1897,Metta World Peace,Metta,1610612745,HOU,Houston Rockets,0040800172,2009-04-21T00:00:00,HOU @ POR,L,35.95,8,20,0.4,1,8,0.125,2,2,1.0,1,4,5,2,1,0,0,1,2,3,19,-4,27.0,0,0,27.0,1,868,868,868,430,143,72,867,300,38,629,481,591,1,423,403,442,488,569,778,505,1168,667,409,236,1113,482,145,5,435,,35:57,1
2008-09,101198,Will Bynum,Will,1610612765,DET,Detroit Pistons,0040800102,2009-04-21T00:00:00,DET @ CLE,L,18.133333333333333,5,13,0.385,0,2,0.0,3,3,1.0,1,3,4,5,2,2,0,1,4,5,13,8,29.3,0,0,26.0,1,868,868,868,1078,396,297,956,635,538,635,367,510,1,423,569,588,142,289,89,505,1168,1326,197,470,362,425,145,5,463,,18:08,1
2008-09,101115,Andrew Bynum,Andrew,1610612747,LAL,Los Angeles Lakers,0040800142,2009-04-21T00:00:00,LAL vs. UTA,W,31.116666666666667,5,11,0.455,0,0,0.0,0,2,0.0,0,4,4,2,3,0,4,4,2,7,10,-3,26.8,0,0,24.0,1,1,1,1,634,396,430,744,635,979,635,930,591,930,848,403,588,488,132,778,11,1731,667,81,663,1039,486,145,5,523,,31:07,1
2008-09,101144,Von Wafer,Von,1610612745,HOU,Houston Rockets,0040800172,2009-04-21T00:00:00,HOU @ POR,L,26.846666666666668,7,13,0.538,1,3,0.333,6,7,0.857,0,0,0,0,1,1,0,2,1,4,21,-5,23.0,0,0,24.0,1,868,868,868,785,199,297,460,300,391,422,132,167,425,848,1379,1447,1072,569,300,505,1565,310,291,183,1171,616,145,5,523,,26:51,1
2008-09,965,Derek Fisher,Derek,1610612747,LAL,Los Angeles Lakers,0040800142,2009-04-21T00:00:00,LAL vs. UTA,W,28.0,3,7,0.429,3,6,0.5,2,3,0.667,0,1,1,5,5,2,0,0,3,3,11,6,20.7,0,0,24.0,1,1,1,1,737,708,764,810,59,97,176,481,510,612,848,1051,1206,142,21,89,505,1,1025,409,612,431,686,145,5,523,,28:00,1
2008-09,1885,Lamar Odom,Lamar,1610612747,LAL,Los Angeles Lakers,0040800142,2009-04-21T00:00:00,LAL vs. UTA,W,28.433333333333334,8,9,0.889,2,3,0.667,1,1,1.0,1,2,3,0,2,0,0,0,4,1,19,6,20.6,0,0,24.0,1,1,1,1,725,143,571,104,139,391,116,748,920,1,423,788,748,1072,289,778,505,1,1326,835,236,431,692,145,5,523,,28:26,1
2008-09,200758,Ronnie Brewer,Ronnie,1610612762,UTA,Utah Jazz,0040800142,2009-04-21T00:00:00,UTA @ LAL,L,33.43833333333333,5,12,0.417,0,1,0.0,4,5,0.8,0,1,1,4,1,2,0,2,0,4,14,-9,26.2,0,0,23.0,1,868,868,868,524,396,364,841,635,730,635,259,294,487,848,1051,1206,208,569,89,505,1565,1,291,416,1389,506,145,5,561,,33:26,1
2008-09,686,Antonio McDyess,Antonio,1610612765,DET,Detroit Pistons,0040800102,2009-04-21T00:00:00,DET @ CLE,L,28.15,3,9,0.333,0,0,0.0,2,2,1.0,2,9,11,1,3,1,0,0,5,2,8,-15,22.7,0,0,22.0,1,868,868,868,735,708,571,1037,635,979,635,481,591,1,220,68,83,729,132,300,505,1,1564,597,776,1570,632,145,5,601,,28:09,1
2008-09,2449,Luis Scola,Luis,1610612745,HOU,Houston Rockets,0040800172,2009-04-21T00:00:00,HOU @ POR,L,35.346666666666664,5,10,0.5,0,0,0.0,2,6,0.333,1,4,5,2,0,0,1,1,4,4,12,-13,24.0,0,0,21.0,1,868,868,868,449,396,492,492,635,979,635,481,202,902,423,403,442,488,1046,778,189,1168,1326,291,532,1527,578,145,5,634,,35:21,1
2008-09,201155,Rodney Stuckey,Rodney,1610612765,DET,Detroit Pistons,0040800102,2009-04-21T00:00:00,DET @ CLE,L,31.55,5,15,0.333,0,3,0.0,4,4,1.0,0,1,1,6,2,0,0,1,2,5,14,-20,22.2,0,0,21.0,1,868,868,868,613,396,198,1037,635,391,635,259,355,1,848,1051,1206,100,289,778,505,1168,667,197,416,1654,639,145,5,634,,31:33,1
2008-09,980,Zydrunas Ilgauskas,Zydrunas,1610612739,CLE,Cleveland Cavaliers,0040800102,2009-04-21T00:00:00,CLE vs. DET,W,28.98,5,12,0.417,0,0,0.0,2,3,0.667,1,4,5,2,2,0,1,1,4,2,12,14,22.0,0,0,21.0,1,1,1,1,707,396,364,841,635,979,635,481,510,612,423,403,442,488,289,778,189,1168,1326,597,532,192,651,145,5,634,,28:59,1
2008-09,2397,Yao Ming,ao Ming,1610612745,HOU,Houston Rockets,0040800172,2009-04-21T00:00:00,HOU @ POR,L,31.238333333333333,3,6,0.5,0,0,0.0,5,5,1.0,1,7,8,0,0,0,0,0,4,4,11,-1,20.6,0,0,19.0,1,868,868,868,625,708,846,492,635,979,635,182,294,1,423,140,198,1072,1046,778,505,1,1326,291,612,871,692,145,5,709,,31:14,1
2008-09,2594,Kyle Korver,Kyle,1610612762,UTA,Utah Jazz,0040800142,2009-04-21T00:00:00,UTA @ LAL,L,26.241666666666667,4,10,0.4,2,5,0.4,2,3,0.667,0,0,0,3,1,0,1,0,1,3,12,-10,18.5,0,0,19.0,1,868,868,868,809,552,492,867,139,159,374,481,510,612,848,1379,1447,317,569,778,189,1,310,409,532,1433,764,145,5,709,,26:15,1
2008-09,1905,Andrei Kirilenko,Andrei,1610612762,UTA,Utah Jazz,0040800142,2009-04-21T00:00:00,UTA @ LAL,L,16.616666666666667,2,3,0.667,0,0,0.0,6,6,1.0,1,1,2,0,1,2,1,0,1,4,10,-2,20.4,0,0,18.0,1,868,868,868,1138,875,1176,194,635,979,635,132,202,1,423,1051,973,1072,569,89,189,1,310,291,663,949,700,145,5,750,,16:37,1
2008-09,200769,Shannon Brown,Shannon,1610612747,LAL,Los Angeles Lakers,0040800142,2009-04-21T00:00:00,LAL vs. UTA,W,16.366666666666667,4,6,0.667,2,3,0.667,2,2,1.0,0,0,0,2,0,1,0,1,2,1,12,9,18.0,0,0,18.0,1,1,1,1,1148,552,846,194,139,391,116,481,591,1,848,1379,1447,488,1046,300,505,1168,667,835,532,328,784,145,5,750,,16:22,1
2008-09,201164,Rudy Fernandez,Rudy,1610612757,POR,Portland Trail Blazers,0040800172,2009-04-21T00:00:00,POR vs. HOU,W,19.395,3,4,0.75,1,1,1.0,4,4,1.0,0,1,1,1,2,2,0,0,2,2,11,-3,17.7,0,0,18.0,1,1,1,1,1029,708,1064,143,300,730,1,259,355,1,848,1051,1206,729,289,89,505,1,667,597,612,1039,795,145,5,750,,19:24,1
2008-09,2581,Steve Blake,Steve,1610612757,POR,Portland Trail Blazers,0040800172,2009-04-21T00:00:00,POR vs. HOU,W,38.6,4,8,0.5,1,4,0.25,1,2,0.5,0,1,1,5,1,0,0,0,1,3,10,-1,17.7,0,0,17.0,1,1,1,1,327,552,660,492,300,253,524,748,591,723,848,1051,1206,142,569,778,505,1,310,409,663,871,795,145,5,789,,38:36,1
2008-09,693,Joe Smith,Joe,1610612739,CLE,Cleveland Cavaliers,0040800102,2009-04-21T00:00:00,CLE vs. DET,W,21.566666666666666,0,2,0.0,0,1,0.0,5,6,0.833,3,3,6,1,0,2,0,0,1,4,5,-1,19.7,0,0,16.0,1,1,1,1,959,1397,1295,1397,635,730,635,182,202,442,106,569,351,729,1046,89,505,1,310,291,1003,871,728,145,5,826,,21:34,1
2008-09,200768,Kyle Lowry,Kyle,1610612745,HOU,Houston Rockets,0040800172,2009-04-21T00:00:00,HOU @ POR,L,18.745,2,5,0.4,1,2,0.5,5,8,0.625,0,3,3,1,2,0,0,0,5,6,10,3,13.1,0,0,15.0,1,868,868,868,1058,875,946,867,300,538,176,182,118,676,848,569,748,729,289,778,505,1,1564,131,663,588,1004,145,5,864,,18:45,1
2008-09,2760,Anderson Varejao,Anderson,1610612739,CLE,Cleveland Cavaliers,0040800102,2009-04-21T00:00:00,CLE vs. DET,W,31.583333333333332,0,4,0.0,0,0,0.0,2,2,1.0,2,5,7,1,1,2,0,0,2,1,2,17,16.9,0,0,14.0,1,1,1,1,611,1397,1064,1397,635,979,635,481,591,1,220,281,272,729,569,89,505,1,667,835,1253,132,831,145,5,905,,31:35,1
2008-09,2038,Joel Przybilla,Joel,1610612757,POR,Portland Trail Blazers,0040800172,2009-04-21T00:00:00,POR vs. HOU,W,38.08833333333333,0,1,0.0,0,0,0.0,2,4,0.5,1,6,7,3,2,0,1,1,5,4,2,-2,15.9,0,0,14.0,1,1,1,1,350,1397,1432,1397,635,979,635,481,355,723,423,203,272,317,289,778,189,1168,1564,291,1253,949,882,145,5,905,,38:05,1
2008-09,739,Rasheed Wallace,Rasheed,1610612765,DET,Detroit Pistons,0040800102,2009-04-21T00:00:00,DET @ CLE,L,25.716666666666665,3,7,0.429,2,2,1.0,0,0,0.0,0,4,4,0,1,0,0,0,1,0,8,-17,11.8,0,0,14.0,1,868,868,868,826,708,764,810,139,538,1,930,991,930,848,403,588,1072,569,778,505,1,310,1205,776,1611,1067,145,5,905,,25:43,1
2008-09,2575,Luke Walton,Luke,1610612747,LAL,Los Angeles Lakers,0040800142,2009-04-21T00:00:00,LAL vs. UTA,W,10.75,2,3,0.667,0,0,0.0,0,0,0.0,2,2,4,5,1,0,0,0,1,0,4,-3,15.3,0,0,13.0,1,1,1,1,1348,875,1176,194,635,979,635,930,991,930,220,788,588,142,569,778,505,1,310,1205,1077,1039,915,145,5,940,,10:45,1
2008-09,2566,Travis Outlaw,Travis,1610612757,POR,Portland Trail Blazers,0040800172,2009-04-21T00:00:00,POR vs. HOU,W,28.45,3,9,0.333,0,2,0.0,2,4,0.5,0,1,1,0,0,1,1,0,1,2,8,9,15.2,0,0,13.0,1,1,1,1,724,708,571,1037,635,538,635,481,355,723,848,1051,1206,1072,1046,300,189,1,310,597,776,328,918,145,5,940,,28:27,1
2008-09,201167,Arron Afflalo,Arron,1610612765,DET,Detroit Pistons,0040800102,2009-04-21T00:00:00,DET @ CLE,L,17.233333333333334,4,8,0.5,1,3,0.333,1,2,0.5,0,1,1,0,0,0,0,0,3,1,10,9,11.2,0,0,12.0,1,868,868,868,1108,552,660,492,300,391,422,748,591,723,848,1051,1206,1072,1046,778,505,1,1025,835,663,328,1093,145,5,1002,,17:14,1
2008-09,101131,Jason Maxiell,Jason,1610612765,DET,Detroit Pistons,0040800102,2009-04-21T00:00:00,DET @ CLE,L,19.25,2,3,0.667,0,0,0.0,1,2,0.5,3,1,4,0,0,0,1,0,0,2,5,6,12.8,0,0,11.0,1,868,868,868,1035,875,1176,194,635,979,635,748,591,723,106,1051,588,1072,1046,778,189,1,1,597,1003,431,1015,145,5,1061,,19:15,1
2008-09,201141,Greg Oden,Greg,1610612757,POR,Portland Trail Blazers,0040800172,2009-04-21T00:00:00,POR vs. HOU,W,11.633333333333333,1,4,0.25,0,0,0.0,2,2,1.0,3,1,4,0,0,1,0,0,6,3,4,7,11.8,0,0,10.0,1,1,1,1,1318,1119,1064,1224,635,979,635,481,591,1,106,1051,588,1072,1046,300,505,1,1699,409,1077,402,1067,145,5,1103,,11:38,1
2008-09,101139,CJ Miles,CJ,1610612762,UTA,Utah Jazz,0040800142,2009-04-21T00:00:00,UTA @ LAL,L,19.703333333333333,2,3,0.667,0,1,0.0,1,2,0.5,0,2,2,0,2,1,0,0,3,3,5,1,8.4,0,0,9.0,1,868,868,868,1020,875,1176,194,635,730,635,748,591,723,848,788,973,1072,289,300,505,1,1025,409,1003,703,1200,145,5,1144,,19:42,1
2008-09,2203,Shane Battier,Shane,1610612745,HOU,Houston Rockets,0040800172,2009-04-21T00:00:00,HOU @ POR,L,33.20333333333333,1,2,0.5,0,1,0.0,1,2,0.5,0,6,6,0,2,0,0,0,5,2,3,1,8.2,0,0,9.0,1,868,868,868,531,1119,1295,492,635,730,635,748,591,723,848,203,351,1072,289,778,505,1,1564,597,1188,703,1212,145,5,1144,,33:12,1
2008-09,200835,Walter Herrmann,Walter,1610612765,DET,Detroit Pistons,0040800102,2009-04-21T00:00:00,DET @ CLE,L,7.933333333333334,1,1,1.0,1,1,1.0,0,0,0.0,1,0,1,1,0,1,0,0,1,0,3,18,8.7,0,0,8.0,1,868,868,868,1429,1119,1432,1,300,730,1,930,991,930,423,1379,1206,729,1046,300,505,1,310,1205,1188,118,1187,145,5,1186,,7:56,1
2008-09,201587,Nicolas Batum,Nicolas,1610612757,POR,Portland Trail Blazers,0040800172,2009-04-21T00:00:00,POR vs. HOU,W,15.483333333333333,1,2,0.5,1,1,1.0,0,0,0.0,0,2,2,0,0,0,1,0,4,0,3,-4,8.4,0,0,8.0,1,1,1,1,1179,1119,1295,492,300,730,1,930,991,930,848,788,973,1072,1046,778,189,1,1326,1205,1188,1113,1200,145,5,1186,,15:29,1
2008-09,201171,Carl Landry,Carl,1610612745,HOU,Houston Rockets,0040800172,2009-04-21T00:00:00,HOU @ POR,L,14.07,2,4,0.5,0,0,0.0,0,0,0.0,0,3,3,0,0,0,0,0,0,0,4,3,7.6,0,0,7.0,1,868,868,868,1230,875,1064,492,635,979,635,930,991,930,848,569,748,1072,1046,778,505,1,1,1205,1077,588,1238,145,5,1230,,14:04,1
2008-09,2419,Tayshaun Prince,Tayshaun,1610612765,DET,Detroit Pistons,0040800102,2009-04-21T00:00:00,DET @ CLE,L,25.716666666666665,1,5,0.2,0,0,0.0,0,0,0.0,0,3,3,1,0,0,0,0,1,1,2,-17,7.1,0,0,6.0,1,868,868,868,826,1119,946,1308,635,979,635,930,991,930,848,569,748,729,1046,778,505,1,310,835,1253,1611,1259,145,5,1274,,25:43,1
2008-09,1112,Ben Wallace,Ben,1610612739,CLE,Cleveland Cavaliers,0040800102,2009-04-21T00:00:00,CLE vs. DET,W,7.533333333333333,0,0,0.0,0,0,0.0,0,0,0.0,2,1,3,0,0,0,1,0,0,0,0,8,6.6,0,0,5.0,1,1,1,1,1440,1397,1595,1397,635,979,635,930,991,930,220,1051,748,1072,1046,778,189,1,1,1205,1447,362,1273,145,5,1326,,7:32,1
2008-09,101236,Chuck Hayes,Chuck,1610612745,HOU,Houston Rockets,0040800172,2009-04-21T00:00:00,HOU @ POR,L,13.22,0,2,0.0,0,1,0.0,0,0,0.0,1,2,3,2,0,0,0,2,3,0,0,4,6.6,0,0,5.0,1,868,868,868,1263,1397,1295,1397,635,730,635,930,991,930,423,788,748,488,1046,778,505,1565,1025,1205,1447,525,1273,145,5,1326,,13:13,1
2008-09,1887,Wally Szczerbiak,Wally,1610612739,CLE,Cleveland Cavaliers,0040800102,2009-04-21T00:00:00,CLE vs. DET,W,8.403333333333334,0,1,0.0,0,1,0.0,2,2,1.0,1,2,3,0,1,0,0,0,1,1,2,-9,4.6,0,0,5.0,1,1,1,1,1414,1397,1432,1397,635,730,635,481,591,1,423,788,748,1072,569,778,505,1,310,835,1253,1389,1388,145,5,1326,,8:24,1
2008-09,200789,Daniel Gibson,Daniel,1610612739,CLE,Cleveland Cavaliers,0040800102,2009-04-21T00:00:00,CLE vs. DET,W,17.753333333333334,1,7,0.143,1,4,0.25,0,0,0.0,1,0,1,0,0,0,0,0,2,1,3,2,4.2,0,0,5.0,1,1,1,1,1090,1119,764,1379,300,253,524,930,991,930,423,1379,1206,1072,1046,778,505,1,667,835,1188,653,1414,145,5,1326,,17:45,1
2008-09,1723,Matt Harpring,Matt,1610612762,UTA,Utah Jazz,0040800142,2009-04-21T00:00:00,UTA @ LAL,L,7.27,0,1,0.0,0,0,0.0,0,0,0.0,0,2,2,2,0,0,0,0,2,0,0,-1,5.4,0,0,4.0,1,868,868,868,1445,1397,1432,1397,635,979,635,930,991,930,848,788,973,488,1046,778,505,1,667,1205,1447,871,1344,145,5,1395,,7:16,1
2008-09,200770,Jordan Farmar,Jordan,1610612747,LAL,Los Angeles Lakers,0040800142,2009-04-21T00:00:00,LAL vs. UTA,W,3.6333333333333333,1,2,0.5,0,1,0.0,0,0,0.0,0,0,0,0,0,1,0,0,1,1,2,-5,5.0,0,0,4.0,1,1,1,1,1578,1119,1295,492,635,730,635,930,991,930,848,1379,1447,1072,1046,300,505,1,310,835,1253,1171,1368,145,5,1395,,3:38,1
2008-09,101161,Amir Johnson,Amir,1610612765,DET,Detroit Pistons,0040800102,2009-04-21T00:00:00,DET @ CLE,L,7.616666666666666,1,1,1.0,0,0,0.0,0,0,0.0,1,1,2,0,0,0,0,0,2,0,2,13,4.4,0,0,4.0,1,868,868,868,1438,1119,1432,1,635,979,635,930,991,930,423,1051,973,1072,1046,778,505,1,667,1205,1253,203,1403,145,5,1395,,7:37,1
2008-09,2260,Jarron Collins,Jarron,1610612762,UTA,Utah Jazz,0040800142,2009-04-21T00:00:00,UTA @ LAL,L,13.15,0,0,0.0,0,0,0.0,0,0,0.0,0,2,2,1,0,0,0,0,4,1,0,-6,3.9,0,0,3.0,1,868,868,868,1267,1397,1595,1397,635,979,635,930,991,930,848,788,973,729,1046,778,505,1,1326,835,1447,1235,1430,145,5,1443,,13:09,1
2008-09,2198,Kwame Brown,Kwame,1610612765,DET,Detroit Pistons,0040800102,2009-04-21T00:00:00,DET @ CLE,L,18.633333333333333,0,3,0.0,0,0,0.0,0,0,0.0,1,2,3,0,2,0,0,1,5,1,0,-15,1.6,0,0,3.0,1,868,868,868,1062,1397,1176,1397,635,979,635,930,991,930,423,788,748,1072,289,778,505,1168,1564,835,1447,1570,1549,145,5,1443,,18:38,1
2008-09,200771,Sergio Rodriguez,Sergio,1610612757,POR,Portland Trail Blazers,0040800172,2009-04-21T00:00:00,POR vs. HOU,W,2.9833333333333334,0,0,0.0,0,0,0.0,0,0,0.0,0,1,1,1,0,0,0,0,1,0,0,1,2.7,0,0,2.0,1,1,1,1,1621,1397,1595,1397,635,979,635,930,991,930,848,1051,1206,729,1046,778,505,1,310,1205,1447,703,1498,145,5,1494,,2:59,1
2008-09,1510,Brevin Knight,Brevin,1610612762,UTA,Utah Jazz,0040800142,2009-04-21T00:00:00,UTA @ LAL,L,3.6333333333333333,0,0,0.0,0,0,0.0,0,0,0.0,0,0,0,2,1,0,0,0,1,0,0,5,2.0,0,0,2.0,1,868,868,868,1578,1397,1595,1397,635,979,635,930,991,930,848,1379,1447,488,569,778,505,1,310,1205,1447,477,1526,145,5,1494,,3:38,1
2008-09,2756,Sasha Vujacic,Sasha,1610612747,LAL,Los Angeles Lakers,0040800142,2009-04-21T00:00:00,LAL vs. UTA,W,15.375,0,3,0.0,0,1,0.0,0,0,0.0,1,1,2,0,1,0,0,0,2,1,0,-5,1.4,0,0,2.0,1,1,1,1,1183,1397,1176,1397,635,730,635,930,991,930,423,1051,973,1072,569,778,505,1,667,835,1447,1171,1562,145,5,1494,,15:23,1
2008-09,87,Dikembe Mutombo,Dikembe,1610612745,HOU,Houston Rockets,0040800172,2009-04-21T00:00:00,HOU @ POR,L,1.6666666666666667,0,0,0.0,0,0,0.0,0,0,0.0,0,0,0,0,0,0,0,0,1,0,0,-2,0.0,0,0,0.0,1,868,868,868,1671,1397,1595,1397,635,979,635,930,991,930,848,1379,1447,1072,1046,778,505,1,310,1205,1447,949,1610,145,5,1611,,1:40,1
2008-09,101179,Ronnie Price,Ronnie,1610612762,UTA,Utah Jazz,0040800142,2009-04-21T00:00:00,UTA @ LAL,L,2.0083333333333333,0,1,0.0,0,1,0.0,0,0,0.0,0,0,0,0,0,0,0,0,0,0,0,-7,0.0,0,0,0.0,1,868,868,868,1658,1397,1432,1397,635,730,635,930,991,930,848,1379,1447,1072,1046,778,505,1,1,1205,1447,1305,1610,145,5,1611,,2:01,1
2008-09,201616,Darnell Jackson,Darnell,1610612739,CLE,Cleveland Cavaliers,0040800102,2009-04-21T00:00:00,CLE vs. DET,W,6.336666666666667,0,1,0.0,0,0,0.0,0,2,0.0,0,0,0,0,0,0,0,0,2,1,0,-14,0.0,0,0,0.0,1,1,1,1,1472,1397,1432,1397,635,979,635,930,591,930,848,1379,1447,1072,1046,778,505,1,667,835,1447,1552,1610,145,5,1611,,6:20,1
2008-09,200765,Rajon Rondo,Rajon,1610612738,BOS,Boston Celtics,0040800112,2009-04-20T00:00:00,BOS vs. CHI,W,40.05,7,18,0.389,0,1,0.0,5,8,0.625,7,5,12,16,2,5,0,5,1,5,19,17,70.4,1,1,57.0,1,1,1,1,255,199,108,949,635,730,635,182,118,676,3,281,68,4,289,2,505,1739,310,197,236,132,7,1,1,17,,40:03,1
2008-09,2225,Tony Parker,Tony,1610612759,SAS,San Antonio Spurs,0040800162,2009-04-20T00:00:00,SAS vs. DAL,W,32.82,16,22,0.727,0,2,0.0,6,9,0.667,0,4,4,8,3,2,0,0,2,8,38,22,57.8,0,0,54.0,1,1,1,1,548,4,44,173,635,538,635,132,86,612,848,403,588,38,132,89,505,1,667,56,18,61,37,145,5,32,,32:49,1
2008-09,2732,Ben Gordon,Ben,1610612741,CHI,Chicago Bulls,0040800112,2009-04-20T00:00:00,CHI @ BOS,L,43.51166666666666,14,24,0.583,6,11,0.545,8,9,0.889,0,1,1,0,0,1,0,0,2,6,42,-1,46.2,0,0,51.0,1,868,868,868,95,11,25,378,3,6,174,68,86,397,848,1051,1206,1072,1046,300,505,1,667,131,7,871,109,145,5,53,,43:31,1
2008-09,951,Ray Allen,Ray,1610612738,BOS,Boston Celtics,0040800112,2009-04-20T00:00:00,BOS vs. CHI,W,38.78333333333333,9,18,0.5,6,10,0.6,6,6,1.0,0,3,3,5,0,0,0,1,4,5,30,5,41.1,0,0,44.0,1,1,1,1,317,97,108,492,3,11,151,132,202,1,848,569,748,142,1046,778,505,1168,1326,197,58,477,168,145,5,99,,38:47,1
2008-09,201175,Glen Davis,Glen,1610612738,BOS,Boston Celtics,0040800112,2009-04-20T00:00:00,BOS vs. CHI,W,41.28,12,21,0.571,0,0,0.0,2,3,0.667,4,5,9,0,1,1,1,1,3,2,26,20,41.8,0,0,39.0,1,1,1,1,185,25,55,394,635,979,635,481,510,612,56,281,149,1072,569,300,189,1168,1025,597,94,83,155,145,5,157,,41:17,1
2008-09,201149,Joakim Noah,Joakim,1610612741,CHI,Chicago Bulls,0040800112,2009-04-20T00:00:00,CHI @ BOS,L,38.83166666666666,6,9,0.667,0,0,0.0,1,1,1.0,3,5,8,3,1,2,4,0,4,2,13,-4,44.1,0,0,36.0,1,868,868,868,313,285,571,194,635,979,635,748,920,1,106,281,198,317,569,89,11,1,1326,597,470,1113,124,145,5,206,,38:50,1
2008-09,1495,Tim Duncan,Tim,1610612759,SAS,San Antonio Spurs,0040800162,2009-04-20T00:00:00,SAS vs. DAL,W,28.083333333333332,5,10,0.5,0,0,0.0,3,3,1.0,2,9,11,5,2,0,3,0,0,2,13,24,40.7,1,0,35.0,1,1,1,1,736,396,492,492,635,979,635,367,510,1,220,68,83,142,289,778,30,1,1,597,470,50,174,1,5,234,,28:05,1
2008-09,2570,Kendrick Perkins,Kendrick,1610612738,BOS,Boston Celtics,0040800112,2009-04-20T00:00:00,BOS vs. CHI,W,32.31,7,9,0.778,0,0,0.0,2,5,0.4,7,5,12,0,3,1,2,2,3,4,16,12,36.4,1,0,34.0,1,1,1,1,576,199,571,135,635,979,635,481,294,896,3,281,68,1072,132,300,71,1565,1025,291,334,231,265,1,5,263,,32:19,1
2008-09,467,Jason Kidd,Jason,1610612742,DAL,Dallas Mavericks,0040800162,2009-04-20T00:00:00,DAL @ SAS,L,38.983333333333334,6,10,0.6,2,3,0.667,0,0,0.0,0,4,4,5,1,3,1,0,1,0,14,-21,37.3,0,0,33.0,1,868,868,868,302,285,492,323,139,391,116,930,991,930,848,403,588,142,569,31,189,1,310,1205,416,1678,237,145,5,282,,38:59,1
2008-09,1718,Paul Pierce,Paul,1610612738,BOS,Boston Celtics,0040800112,2009-04-20T00:00:00,BOS vs. CHI,W,43.916666666666664,8,19,0.421,0,1,0.0,2,3,0.667,0,8,8,3,4,1,0,4,2,2,18,5,31.1,0,0,31.0,1,1,1,1,79,143,91,839,635,730,635,481,510,612,848,90,198,317,53,300,505,1731,667,597,265,477,393,145,5,328,,43:55,1
2008-09,1802,Brad Miller,Brad,1610612741,CHI,Chicago Bulls,0040800112,2009-04-20T00:00:00,CHI @ BOS,L,35.50833333333333,4,8,0.5,1,1,1.0,7,8,0.875,1,8,9,2,4,0,1,0,2,5,16,19,28.8,0,0,30.0,1,868,868,868,443,552,660,492,300,730,1,92,118,408,423,90,149,488,53,778,189,1,667,197,334,101,435,145,5,359,,35:31,1
2008-09,201565,Derrick Rose,Derrick,1610612741,CHI,Chicago Bulls,0040800112,2009-04-20T00:00:00,CHI @ BOS,L,34.415,5,11,0.455,0,0,0.0,0,0,0.0,2,4,6,7,2,0,2,0,2,1,10,1,31.7,0,0,27.0,1,868,868,868,490,396,430,744,635,979,635,930,991,930,220,403,351,63,289,778,71,1,667,835,663,703,372,145,5,435,,34:25,1
2008-09,1717,Dirk Nowitzki,Dirk,1610612742,DAL,Dallas Mavericks,0040800162,2009-04-20T00:00:00,DAL @ SAS,L,38.98,3,14,0.214,0,4,0.0,8,9,0.889,0,6,6,3,0,2,0,1,1,9,14,-14,31.7,0,0,27.0,1,868,868,868,303,708,245,1304,635,253,635,68,86,397,848,203,351,317,1046,89,505,1168,310,30,416,1552,372,145,5,435,,38:59,1
2008-09,2422,John Salmons,John,1610612741,CHI,Chicago Bulls,0040800112,2009-04-20T00:00:00,CHI @ BOS,L,39.4,6,17,0.353,1,5,0.2,4,5,0.8,1,1,2,2,2,1,1,3,1,3,17,-7,26.4,0,0,26.0,1,868,868,868,288,285,130,1029,300,159,578,259,294,487,423,1051,973,488,289,300,189,1698,310,409,291,1305,500,145,5,463,,39:24,1
2008-09,2588,Matt Bonner,Matt,1610612759,SAS,San Antonio Spurs,0040800162,2009-04-20T00:00:00,SAS vs. DAL,W,29.185,3,9,0.333,3,4,0.75,2,2,1.0,4,3,7,0,0,0,1,0,2,1,11,21,22.4,0,0,23.0,1,1,1,1,700,708,571,1037,59,253,96,481,591,1,56,569,272,1072,1046,778,189,1,667,835,612,74,635,145,5,561,,29:11,1
2008-09,1891,Jason Terry,Jason,1610612742,DAL,Dallas Mavericks,0040800162,2009-04-20T00:00:00,DAL @ SAS,L,31.233333333333334,6,15,0.4,2,6,0.333,2,3,0.667,1,1,2,1,1,1,0,0,2,2,16,-11,21.9,0,0,23.0,1,868,868,868,626,285,198,867,139,97,422,481,510,612,423,1051,973,729,569,300,505,1,667,597,334,1461,655,145,5,561,,31:14,1
2008-09,200748,Tyrus Thomas,Tyrus,1610612741,CHI,Chicago Bulls,0040800112,2009-04-20T00:00:00,CHI @ BOS,L,20.423333333333332,2,7,0.286,0,1,0.0,2,2,1.0,0,4,4,0,1,0,6,1,2,1,6,-21,27.8,0,0,22.0,1,868,868,868,997,875,764,1183,635,730,635,481,591,1,848,403,588,1072,569,778,3,1168,667,835,918,1678,460,145,5,601,,20:25,1
2008-09,956,Erick Dampier,Erick,1610612742,DAL,Dallas Mavericks,0040800162,2009-04-20T00:00:00,DAL @ SAS,L,22.733333333333334,3,5,0.6,0,0,0.0,3,3,1.0,2,2,4,0,1,2,2,0,3,3,9,-13,24.8,0,0,21.0,1,868,868,868,918,708,946,323,635,979,635,367,510,1,220,788,588,1072,569,89,71,1,1025,409,726,1527,549,145,5,634,,22:44,1
2008-09,2550,Kirk Hinrich,Kirk,1610612741,CHI,Chicago Bulls,0040800112,2009-04-20T00:00:00,CHI @ BOS,L,18.971666666666668,2,2,1.0,1,1,1.0,2,2,1.0,0,4,4,4,1,1,0,0,4,1,7,-4,19.8,0,0,18.0,1,868,868,868,1051,875,1295,1,300,730,1,481,591,1,848,403,588,208,569,300,505,1,1326,835,853,1113,722,145,5,750,,18:58,1
2008-09,2400,Drew Gooden,Drew,1610612759,SAS,San Antonio Spurs,0040800162,2009-04-20T00:00:00,SAS vs. DAL,W,18.663333333333334,6,9,0.667,0,0,0.0,1,1,1.0,1,2,3,0,2,1,0,0,2,2,13,-3,17.6,0,0,18.0,1,1,1,1,1061,285,571,194,635,979,635,748,920,1,423,788,748,1072,289,300,505,1,667,597,470,1039,806,145,5,750,,18:40,1
2008-09,2427,Roger Mason Jr.,Roger,1610612759,SAS,San Antonio Spurs,0040800162,2009-04-20T00:00:00,SAS vs. DAL,W,27.433333333333334,5,11,0.455,2,6,0.333,0,0,0.0,0,1,1,3,1,0,0,0,3,0,12,1,16.7,0,0,18.0,1,1,1,1,764,396,430,744,139,97,422,930,991,930,848,1051,1206,317,569,778,505,1,1025,1205,532,703,842,145,5,750,,27:26,1
2008-09,101138,Brandon Bass,Brandon,1610612742,DAL,Dallas Mavericks,0040800162,2009-04-20T00:00:00,DAL @ SAS,L,20.783333333333335,2,4,0.5,0,0,0.0,4,4,1.0,0,3,3,2,1,1,1,2,0,2,8,-6,19.6,0,0,17.0,1,868,868,868,984,875,1064,492,635,979,635,259,355,1,848,569,748,488,569,300,189,1565,1,597,776,1235,732,145,5,789,,20:47,1
2008-09,714,Michael Finley,Michael,1610612759,SAS,San Antonio Spurs,0040800162,2009-04-20T00:00:00,SAS vs. DAL,W,25.485,2,7,0.286,1,2,0.5,0,0,0.0,1,4,5,0,1,0,1,2,1,1,5,28,13.0,0,0,13.0,1,1,1,1,832,875,764,1183,300,538,176,930,991,930,423,403,442,1072,569,778,189,1565,310,835,1003,26,1008,145,5,940,,25:29,1
2008-09,1477,Bruce Bowen,Bruce,1610612759,SAS,San Antonio Spurs,0040800162,2009-04-20T00:00:00,SAS vs. DAL,W,28.615,2,2,1.0,1,1,1.0,2,2,1.0,0,3,3,0,2,1,0,0,1,1,7,12,11.6,0,0,13.0,1,1,1,1,720,875,1295,1,300,730,1,481,591,1,848,569,748,1072,289,300,505,1,310,835,853,231,1074,145,5,940,,28:37,1
2008-09,2137,Ime Udoka,Ime,1610612759,SAS,San Antonio Spurs,0040800162,2009-04-20T00:00:00,SAS vs. DAL,W,22.213333333333335,1,6,0.167,0,3,0.0,0,0,0.0,1,6,7,1,0,1,0,2,2,1,2,10,14.9,0,0,12.0,1,1,1,1,929,1119,846,1352,635,391,635,930,991,930,423,203,272,729,1046,300,505,1565,667,835,1253,293,930,145,5,1002,,22:13,1
2008-09,200826,J.J. Barea,J.J.,1610612742,DAL,Dallas Mavericks,0040800162,2009-04-20T00:00:00,DAL @ SAS,L,22.816666666666666,2,8,0.25,1,2,0.5,0,0,0.0,0,2,2,4,1,0,0,2,1,0,5,-21,12.4,0,0,12.0,1,868,868,868,914,875,660,1224,300,538,176,930,991,930,848,788,973,208,569,778,505,1565,310,1205,1003,1678,1029,145,5,1002,,22:49,1
2008-09,2572,Josh Howard,Josh,1610612742,DAL,Dallas Mavericks,0040800162,2009-04-20T00:00:00,DAL @ SAS,L,30.333333333333332,3,8,0.375,0,0,0.0,1,2,0.5,1,2,3,2,2,0,0,0,3,1,7,-15,11.6,0,0,12.0,1,868,868,868,657,708,660,978,635,979,635,748,591,723,423,788,748,488,289,778,505,1,1025,835,853,1570,1074,145,5,1002,,30:20,1
2008-09,283,Lindsey Hunter,Lindsey,1610612741,CHI,Chicago Bulls,0040800112,2009-04-20T00:00:00,CHI @ BOS,L,7.701666666666667,0,1,0.0,0,1,0.0,2,2,1.0,0,1,1,2,0,2,0,0,0,2,2,2,12.2,0,0,9.0,1,868,868,868,1437,1397,1432,1397,635,730,635,481,591,1,848,1051,1206,488,1046,89,505,1,1,597,1253,653,1041,145,5,1144,,7:42,1
2008-09,2067,Eddie House,Eddie,1610612738,BOS,Boston Celtics,0040800112,2009-04-20T00:00:00,BOS vs. CHI,W,14.171666666666667,1,4,0.25,1,3,0.333,0,0,0.0,2,0,2,1,1,1,0,0,3,0,3,-6,8.9,0,0,9.0,1,1,1,1,1223,1119,1064,1224,300,391,422,930,991,930,220,1379,973,729,569,300,505,1,1025,1205,1188,1235,1180,145,5,1144,,14:10,1
2008-09,1630,Mikki Moore,Mikki,1610612738,BOS,Boston Celtics,0040800112,2009-04-20T00:00:00,BOS vs. CHI,W,11.581666666666667,1,1,1.0,0,0,0.0,0,0,0.0,1,1,2,1,0,0,1,0,2,0,2,-17,8.9,0,0,7.0,1,1,1,1,1322,1119,1432,1,635,979,635,930,991,930,423,1051,973,729,1046,778,189,1,667,1205,1253,1611,1180,145,5,1230,,11:35,1
2008-09,200797,Ryan Hollins,Ryan,1610612742,DAL,Dallas Mavericks,0040800162,2009-04-20T00:00:00,DAL @ SAS,L,5.983333333333333,1,1,1.0,0,0,0.0,2,2,1.0,1,1,2,0,0,0,0,0,2,2,4,0,6.4,0,0,6.0,1,868,868,868,1491,1119,1432,1,635,979,635,481,591,1,423,1051,973,1072,1046,778,505,1,667,597,1077,769,1284,145,5,1274,,5:59,1
2008-09,703,Kurt Thomas,Kurt,1610612759,SAS,San Antonio Spurs,0040800162,2009-04-20T00:00:00,SAS vs. DAL,W,12.618333333333334,1,2,0.5,0,0,0.0,0,0,0.0,0,3,3,0,1,0,0,0,5,0,2,-7,4.6,0,0,5.0,1,1,1,1,1284,1119,1295,492,635,979,635,930,991,930,848,569,748,1072,569,778,505,1,1564,1205,1253,1305,1388,145,5,1326,,12:37,1
2008-09,101120,Antoine Wright,Antoine,1610612742,DAL,Dallas Mavericks,0040800162,2009-04-20T00:00:00,DAL @ SAS,L,15.886666666666667,1,4,0.25,1,2,0.5,0,0,0.0,0,1,1,0,0,0,0,0,3,1,3,-7,4.2,0,0,5.0,1,868,868,868,1163,1119,1064,1224,300,538,176,930,991,930,848,1051,1206,1072,1046,778,505,1,1025,835,1188,1305,1414,145,5,1326,,15:53,1
2008-09,101123,Gerald Green,Gerald,1610612742,DAL,Dallas Mavericks,0040800162,2009-04-20T00:00:00,DAL @ SAS,L,4.966666666666667,2,2,1.0,0,0,0.0,0,0,0.0,0,1,1,0,2,0,0,0,0,0,4,1,3.2,0,0,5.0,1,868,868,868,1521,875,1295,1,635,979,635,930,991,930,848,1051,1206,1072,289,778,505,1,1,1205,1077,703,1452,145,5,1326,,4:58,1
2008-09,2669,Linton Johnson,Linton,1610612741,CHI,Chicago Bulls,0040800112,2009-04-20T00:00:00,CHI @ BOS,L,1.2366666666666666,1,1,1.0,0,0,0.0,0,0,0.0,1,0,1,0,0,0,0,0,1,0,2,0,3.2,0,0,3.0,1,868,868,868,1693,1119,1432,1,635,979,635,930,991,930,423,1379,1206,1072,1046,778,505,1,310,1205,1253,769,1452,145,5,1443,,1:14,1
2008-09,200796,Leon Powe,Leon,1610612738,BOS,Boston Celtics,0040800112,2009-04-20T00:00:00,BOS vs. CHI,W,7.816666666666666,1,2,0.5,0,0,0.0,0,0,0.0,0,1,1,0,0,0,0,0,1,0,2,-6,3.2,0,0,3.0,1,1,1,1,1433,1119,1295,492,635,979,635,930,991,930,848,1051,1206,1072,1046,778,505,1,310,1205,1253,1235,1452,145,5,1443,,7:49,1
2008-09,950,Stephon Marbury,Stephon,1610612738,BOS,Boston Celtics,0040800112,2009-04-20T00:00:00,BOS vs. CHI,W,10.02,1,4,0.25,0,1,0.0,0,0,0.0,0,1,1,0,1,0,0,1,2,0,2,-15,2.2,0,0,3.0,1,1,1,1,1364,1119,1064,1224,635,730,635,930,991,930,848,1051,1206,1072,569,778,505,1168,667,1205,1253,1570,1519,145,5,1443,,10:01,1
2008-09,1521,Jacque Vaughn,Jacque,1610612759,SAS,San Antonio Spurs,0040800162,2009-04-20T00:00:00,SAS vs. DAL,W,4.95,0,0,0.0,0,0,0.0,0,0,0.0,0,0,0,2,0,0,0,0,0,0,0,-1,3.0,0,0,2.0,1,1,1,1,1527,1397,1595,1397,635,979,635,930,991,930,848,1379,1447,488,1046,778,505,1,1,1205,1447,871,1474,145,5,1494,,4:57,1
2008-09,101177,Fabricio Oberto,Fabricio,1610612759,SAS,San Antonio Spurs,0040800162,2009-04-20T00:00:00,SAS vs. DAL,W,4.966666666666667,1,1,1.0,0,0,0.0,0,0,0.0,0,0,0,0,1,0,0,0,2,1,2,-1,1.0,0,0,2.0,1,1,1,1,1521,1119,1432,1,635,979,635,930,991,930,848,1379,1447,1072,569,778,505,1,667,835,1253,871,1586,145,5,1494,,4:58,1
2008-09,2679,Matt Carroll,Matt,1610612742,DAL,Dallas Mavericks,0040800162,2009-04-20T00:00:00,DAL @ SAS,L,2.3333333333333335,0,0,0.0,0,0,0.0,0,0,0.0,0,0,0,0,0,0,0,0,0,0,0,1,0.0,0,0,0.0,1,868,868,868,1648,1397,1595,1397,635,979,635,930,991,930,848,1379,1447,1072,1046,778,505,1,1,1205,1447,703,1610,145,5,1611,,2:20,1
2008-09,2754,Tony Allen,Tony,1610612738,BOS,Boston Celtics,0040800112,2009-04-20T00:00:00,BOS vs. CHI,W,0.07,0,0,0.0,0,0,0.0,0,0,0.0,0,0,0,0,0,0,0,0,0,0,0,0,0.0,0,0,0.0,1,1,1,1,1738,1397,1595,1397,635,979,635,930,991,930,848,1379,1447,1072,1046,778,505,1,1,1205,1447,769,1610,145,5,1611,,0:04,1
2008-09,201588,George Hill,George,1610612759,SAS,San Antonio Spurs,0040800162,2009-04-20T00:00:00,SAS vs. DAL,W,4.966666666666667,0,0,0.0,0,0,0.0,0,0,0.0,0,0,0,0,0,0,0,0,0,0,0,-1,0.0,0,0,0.0,1,1,1,1,1521,1397,1595,1397,635,979,635,930,991,930,848,1379,1447,1072,1046,778,505,1,1,1205,1447,871,1610,145,5,1611,,4:58,1
2008-09,101189,James Singleton,James,1610612742,DAL,Dallas Mavericks,0040800162,2009-04-20T00:00:00,DAL @ SAS,L,4.966666666666667,0,1,0.0,0,1,0.0,0,0,0.0,0,0,0,0,1,0,0,0,1,0,0,1,-1.0,0,0,0.0,1,868,868,868,1521,1397,1432,1397,635,730,635,930,991,930,848,1379,1447,1072,569,778,505,1,310,1205,1447,703,1728,145,5,1611,,4:58,1
2008-09,1497,Chauncey Billups,Chauncey,1610612743,DEN,Denver Nuggets,0040800151,2009-04-19T00:00:00,DEN vs. NOH,W,34.38333333333333,10,15,0.667,8,9,0.889,8,8,1.0,0,1,1,8,0,2,0,0,1,8,36,30,55.2,0,0,57.0,1,1,1,1,492,65,198,194,2,23,90,68,118,1,848,1051,1206,38,1046,89,505,1,310,56,22,17,49,145,5,17,,34:23,1
2008-09,2730,Dwight Howard,Dwight,1610612753,ORL,Orlando Magic,0040800121,2009-04-19T00:00:00,ORL vs. PHI,L,38.06333333333333,11,13,0.846,0,0,0.0,9,12,0.75,5,11,16,2,2,0,2,1,3,8,31,0,57.2,1,0,53.0,1,868,868,868,352,42,297,114,635,979,635,52,43,532,22,35,16,488,289,778,71,1168,1025,56,48,769,38,1,5,35,,38:04,1
2008-09,101108,Chris Paul,Chris,1610612740,NOH,New Orleans Hornets,0040800151,2009-04-19T00:00:00,NOH @ DEN,L,34.45,7,19,0.368,2,5,0.4,5,5,1.0,2,3,5,11,4,2,0,1,2,7,21,-21,45.5,1,0,43.0,1,868,868,868,489,199,91,1012,139,159,374,182,294,1,220,569,442,13,53,89,505,1168,667,81,183,1678,113,1,5,108,,34:27,1
2008-09,2200,Pau Gasol,Pau,1610612747,LAL,Los Angeles Lakers,0040800141,2009-04-19T00:00:00,LAL vs. UTA,W,36.60166666666667,7,11,0.636,0,0,0.0,6,6,1.0,1,8,9,1,1,2,4,0,6,5,20,8,49.3,0,0,42.0,1,1,1,1,410,199,430,281,635,979,635,132,202,1,423,90,149,729,569,89,11,1,1699,197,212,362,85,145,5,119,,36:36,1
2008-09,977,Kobe Bryant,Kobe,1610612747,LAL,Los Angeles Lakers,0040800141,2009-04-19T00:00:00,LAL vs. UTA,W,39.76833333333333,9,17,0.529,0,4,0.0,6,7,0.857,0,4,4,8,6,2,1,0,2,6,24,13,43.8,0,0,42.0,1,1,1,1,271,97,130,475,635,253,635,132,167,425,848,403,588,38,13,89,189,1,667,131,124,203,129,145,5,119,,39:46,1
2008-09,2430,Carlos Boozer,Carlos,1610612762,UTA,Utah Jazz,0040800141,2009-04-19T00:00:00,UTA @ LAL,L,39.02166666666667,11,16,0.688,0,0,0.0,5,6,0.833,1,8,9,2,4,2,0,1,5,3,27,-5,42.8,0,0,42.0,1,868,868,868,299,42,167,193,635,979,635,182,202,442,423,90,149,488,53,89,505,1168,1564,409,82,1171,141,145,5,119,,39:01,1
2008-09,2746,Josh Smith,Josh,1610612737,ATL,Atlanta Hawks,0040800131,2009-04-19T00:00:00,ATL vs. MIA,W,38.25,9,14,0.643,0,2,0.0,5,6,0.833,3,7,10,2,3,3,0,0,1,5,23,20,44.0,1,0,41.0,1,1,1,1,344,97,245,277,635,538,635,182,202,442,106,140,104,488,132,31,505,1,310,197,146,83,125,1,5,129,,38:15,1
2008-09,101114,Deron Williams,Deron,1610612762,UTA,Utah Jazz,0040800141,2009-04-19T00:00:00,UTA @ LAL,L,45.001666666666665,4,14,0.286,0,4,0.0,8,8,1.0,1,2,3,17,3,2,0,1,3,7,16,-8,48.1,1,0,40.0,1,868,868,868,54,552,245,1183,635,253,635,68,118,1,423,788,748,3,132,89,505,1168,1025,81,334,1347,91,1,5,142,,45:00,1
2008-09,2738,Andre Iguodala,Andre,1610612755,PHI,Philadelphia 76ers,0040800121,2009-04-19T00:00:00,PHI @ ORL,W,43.583333333333336,10,23,0.435,0,2,0.0,0,2,0.0,1,7,8,8,5,0,0,1,2,5,20,6,36.6,0,0,36.0,1,1,1,1,90,65,35,806,635,538,635,930,591,930,423,140,198,38,21,778,505,1168,667,197,212,431,252,145,5,206,,43:35,1
2008-09,2548,Dwyane Wade,Dwyane,1610612748,MIA,Miami Heat,0040800131,2009-04-19T00:00:00,MIA @ ATL,L,40.18333333333333,8,21,0.381,1,6,0.167,2,4,0.5,0,5,5,5,8,3,0,2,3,6,19,-18,33.5,0,0,36.0,1,868,868,868,244,143,55,975,300,97,607,481,355,723,848,281,442,142,1,31,505,1565,1025,131,236,1630,320,145,5,206,,40:11,1
2008-09,1710,Mike Bibby,Mike,1610612737,ATL,Atlanta Hawks,0040800131,2009-04-19T00:00:00,ATL vs. MIA,W,32.31666666666667,4,8,0.5,2,4,0.5,0,0,0.0,0,3,3,9,3,2,2,0,3,2,10,22,36.1,0,0,32.0,1,1,1,1,574,552,660,492,139,253,176,930,991,930,848,569,748,25,132,89,71,1,1025,597,663,61,271,145,5,310,,32:19,1
2008-09,2403,Nene,ene,1610612743,DEN,Denver Nuggets,0040800151,2009-04-19T00:00:00,DEN vs. NOH,W,32.95,5,8,0.625,0,0,0.0,2,3,0.667,4,10,14,3,2,0,1,0,2,5,12,15,34.3,1,0,31.0,1,1,1,1,543,396,660,290,635,979,635,481,510,612,56,50,34,317,289,778,189,1,667,197,532,174,310,1,5,328,,32:57,1
2008-09,1889,Andre Miller,Andre,1610612755,PHI,Philadelphia 76ers,0040800121,2009-04-19T00:00:00,PHI @ ORL,W,38.86666666666667,7,14,0.5,0,0,0.0,1,2,0.5,2,5,7,7,2,1,0,0,3,1,15,-9,34.9,0,0,31.0,1,1,1,1,309,199,245,492,635,979,635,748,591,723,220,281,272,63,289,300,505,1,1025,835,367,1389,299,145,5,328,,38:52,1
2008-09,201143,Al Horford,Al,1610612737,ATL,Atlanta Hawks,0040800131,2009-04-19T00:00:00,ATL vs. MIA,W,34.18333333333333,5,10,0.5,0,0,0.0,4,4,1.0,1,8,9,2,2,1,2,1,1,4,14,19,34.8,0,0,31.0,1,1,1,1,497,396,492,492,635,979,635,259,355,1,423,90,149,488,289,300,71,1168,310,291,416,101,301,145,5,328,,34:11,1
2008-09,201563,Michael Beasley,Michael,1610612748,MIA,Miami Heat,0040800131,2009-04-19T00:00:00,MIA @ ATL,L,32.15,5,15,0.333,0,2,0.0,0,0,0.0,1,9,10,2,2,2,2,1,3,1,10,-17,35.0,1,0,30.0,1,868,868,868,584,396,198,1037,635,538,635,930,991,930,423,68,104,488,289,89,71,1168,1025,835,663,1611,298,1,5,359,,32:09,1
2008-09,2772,Trevor Ariza,Trevor,1610612747,LAL,Los Angeles Lakers,0040800141,2009-04-19T00:00:00,LAL vs. UTA,W,33.65,8,10,0.8,3,4,0.75,2,3,0.667,0,4,4,2,2,0,0,0,2,2,21,6,26.8,0,0,30.0,1,1,1,1,517,143,492,123,59,253,96,481,510,612,848,403,588,488,289,778,505,1,667,597,183,431,486,145,5,359,,33:39,1
2008-09,101150,Lou Williams,Lou,1610612755,PHI,Philadelphia 76ers,0040800121,2009-04-19T00:00:00,PHI @ ORL,W,29.81,7,11,0.636,3,3,1.0,1,3,0.333,0,3,3,2,1,1,0,1,1,2,18,11,26.6,0,0,28.0,1,1,1,1,681,199,430,281,59,391,1,748,510,902,848,569,748,488,569,300,505,1168,310,597,265,260,491,145,5,407,,29:49,1
2008-09,2365,Chris Andersen,Chris,1610612743,DEN,Denver Nuggets,0040800151,2009-04-19T00:00:00,DEN vs. NOH,W,22.75,2,4,0.5,0,0,0.0,5,9,0.556,1,5,6,2,0,1,4,0,2,6,9,21,34.2,0,0,27.0,1,1,1,1,916,875,1064,492,635,979,635,182,86,719,423,281,351,488,1046,300,11,1,667,131,726,74,312,145,5,435,,22:45,1
2008-09,1885,Lamar Odom,Lamar,1610612747,LAL,Los Angeles Lakers,0040800141,2009-04-19T00:00:00,LAL vs. UTA,W,33.93833333333333,5,8,0.625,0,1,0.0,3,5,0.6,1,7,8,1,2,0,2,0,4,5,13,15,28.1,0,0,26.0,1,1,1,1,504,396,660,290,635,730,635,367,294,694,423,140,198,729,289,778,71,1,1326,197,470,174,449,145,5,463,,33:56,1
2008-09,101132,Linas Kleiza,Linas,1610612743,DEN,Denver Nuggets,0040800151,2009-04-19T00:00:00,DEN vs. NOH,W,23.961666666666666,4,6,0.667,2,4,0.5,3,3,1.0,3,2,5,2,0,1,1,0,1,2,13,22,28.0,0,0,26.0,1,1,1,1,884,552,846,194,139,253,176,367,510,1,106,788,442,488,1046,300,189,1,310,597,470,61,454,145,5,463,,23:58,1
2008-09,2747,JR Smith,JR,1610612743,DEN,Denver Nuggets,0040800151,2009-04-19T00:00:00,DEN vs. NOH,W,24.096666666666668,8,18,0.444,0,7,0.0,3,4,0.75,1,3,4,1,5,1,0,1,2,3,19,31,23.3,0,0,26.0,1,1,1,1,878,143,108,770,635,57,635,367,355,532,423,569,588,729,21,300,505,1168,667,409,236,12,608,145,5,463,,24:06,1
2008-09,2207,Joe Johnson,Joe,1610612737,ATL,Atlanta Hawks,0040800131,2009-04-19T00:00:00,ATL vs. MIA,W,37.13333333333333,7,16,0.438,1,3,0.333,0,2,0.0,3,2,5,2,3,1,0,0,3,2,15,23,24.0,0,0,25.0,1,1,1,1,391,199,167,800,300,391,422,930,591,930,106,788,442,488,132,300,505,1,1025,597,367,57,578,145,5,496,,37:08,1
2008-09,200794,Paul Millsap,Paul,1610612762,UTA,Utah Jazz,0040800141,2009-04-19T00:00:00,UTA @ LAL,L,25.25,6,13,0.462,0,0,0.0,3,4,0.75,7,1,8,1,1,0,0,2,5,3,15,-6,25.1,0,0,24.0,1,868,868,868,838,285,297,727,635,979,635,367,355,532,3,1051,198,729,569,778,505,1565,1564,409,367,1235,541,145,5,523,,25:15,1
2008-09,2546,Carmelo Anthony,Carmelo,1610612743,DEN,Denver Nuggets,0040800151,2009-04-19T00:00:00,DEN vs. NOH,W,26.5,4,12,0.333,0,0,0.0,5,6,0.833,2,5,7,2,3,0,1,1,4,5,13,4,24.4,0,0,24.0,1,1,1,1,798,552,364,1037,635,979,635,182,202,442,220,281,272,488,132,778,189,1168,1326,197,470,525,562,145,5,523,,26:30,1
2008-09,1747,Rafer Alston,Rafer,1610612753,ORL,Orlando Magic,0040800121,2009-04-19T00:00:00,ORL vs. PHI,L,34.53333333333333,5,15,0.333,2,6,0.333,3,4,0.75,0,2,2,5,1,0,0,0,1,3,15,1,23.9,0,0,24.0,1,868,868,868,484,396,198,1037,139,97,422,367,355,532,848,788,973,142,569,778,505,1,310,409,367,703,586,145,5,523,,34:32,1
2008-09,201584,Courtney Lee,Courtney,1610612753,ORL,Orlando Magic,0040800121,2009-04-19T00:00:00,ORL vs. PHI,L,41.21666666666667,8,17,0.471,1,4,0.25,1,1,1.0,0,2,2,1,2,1,0,1,2,1,18,9,22.9,0,0,24.0,1,868,868,868,189,143,130,711,300,253,524,748,920,1,848,788,973,729,289,300,505,1168,667,835,265,328,619,145,5,523,,41:13,1
2008-09,2561,David West,David,1610612740,NOH,New Orleans Hornets,0040800151,2009-04-19T00:00:00,NOH @ DEN,L,32.416666666666664,4,16,0.25,0,0,0.0,4,4,1.0,1,5,6,1,1,2,0,2,2,2,12,-14,25.7,0,0,23.0,1,868,868,868,564,552,167,1224,635,979,635,259,355,1,423,281,351,729,569,89,505,1565,667,597,532,1552,516,145,5,561,,32:25,1
2008-09,1905,Andrei Kirilenko,Andrei,1610612762,UTA,Utah Jazz,0040800141,2009-04-19T00:00:00,UTA @ LAL,L,25.8,3,10,0.3,1,2,0.5,1,2,0.5,4,4,8,4,1,1,0,1,2,1,8,-21,25.6,0,0,23.0,1,868,868,868,824,708,492,1168,300,538,176,748,591,723,56,403,198,208,569,300,505,1168,667,835,776,1678,520,145,5,561,,25:48,1
2008-09,2585,Zaza Pachulia,Zaza,1610612737,ATL,Atlanta Hawks,0040800131,2009-04-19T00:00:00,ATL vs. MIA,W,18.976666666666667,4,10,0.4,0,0,0.0,2,2,1.0,4,6,10,0,2,1,0,2,3,1,10,10,23.0,1,0,22.0,1,1,1,1,1050,552,492,867,635,979,635,481,591,1,56,203,104,1072,289,300,505,1565,1025,835,663,293,616,1,5,601,,18:59,1
2008-09,1740,Rashard Lewis,Rashard,1610612753,ORL,Orlando Magic,0040800121,2009-04-19T00:00:00,ORL vs. PHI,L,34.0,5,11,0.455,1,4,0.25,4,6,0.667,0,3,3,3,1,0,0,0,4,2,15,-6,22.1,0,0,22.0,1,868,868,868,502,396,430,744,300,253,524,259,202,612,848,569,748,317,569,778,505,1,1326,597,367,1235,644,145,5,601,,34:00,1
2008-09,200769,Shannon Brown,Shannon,1610612747,LAL,Los Angeles Lakers,0040800141,2009-04-19T00:00:00,LAL vs. UTA,W,21.516666666666666,3,4,0.75,3,3,1.0,0,0,0.0,2,0,2,3,2,1,0,0,3,1,9,20,16.9,0,0,19.0,1,1,1,1,960,708,1064,143,59,391,1,930,991,930,220,1379,973,317,289,300,505,1,1025,835,726,83,831,145,5,709,,21:31,1
2008-09,978,Peja Stojakovic,Peja,1610612740,NOH,New Orleans Hornets,0040800151,2009-04-19T00:00:00,NOH @ DEN,L,29.483333333333334,5,10,0.5,3,6,0.5,0,1,0.0,1,1,2,1,1,0,0,0,4,1,13,-19,15.9,0,0,19.0,1,868,868,868,690,396,492,492,59,97,176,930,920,930,423,1051,973,729,569,778,505,1,1326,835,470,1644,882,145,5,709,,29:29,1
2008-09,200758,Ronnie Brewer,Ronnie,1610612762,UTA,Utah Jazz,0040800141,2009-04-19T00:00:00,UTA @ LAL,L,21.966666666666665,2,7,0.286,0,0,0.0,2,3,0.667,1,6,7,1,2,2,0,1,3,3,6,-2,19.9,0,0,18.0,1,868,868,868,939,875,764,1183,635,979,635,481,510,612,423,203,272,729,289,89,505,1168,1025,409,918,949,717,145,5,750,,21:58,1
2008-09,201152,Thaddeus Young,Thaddeus,1610612755,PHI,Philadelphia 76ers,0040800121,2009-04-19T00:00:00,PHI @ ORL,W,29.006666666666668,5,10,0.5,0,0,0.0,4,5,0.8,0,1,1,1,1,0,1,1,2,6,14,-11,18.7,0,0,18.0,1,1,1,1,704,396,492,492,635,979,635,259,294,487,848,1051,1206,729,569,778,189,1168,667,131,416,1461,757,145,5,750,,29:00,1
2008-09,101107,Marvin Williams,Marvin,1610612737,ATL,Atlanta Hawks,0040800131,2009-04-19T00:00:00,ATL vs. MIA,W,17.15,3,5,0.6,1,1,1.0,3,6,0.5,1,1,2,1,2,2,0,1,1,5,10,12,17.9,0,0,18.0,1,1,1,1,1116,708,946,323,300,730,1,367,202,723,423,1051,973,729,289,89,505,1168,310,197,663,231,788,145,5,750,,17:09,1
2008-09,201596,Mario Chalmers,Mario,1610612748,MIA,Miami Heat,0040800131,2009-04-19T00:00:00,MIA @ ATL,L,33.583333333333336,3,10,0.3,1,5,0.2,1,2,0.5,2,1,3,2,3,2,0,1,2,3,8,-27,17.6,0,0,18.0,1,868,868,868,518,708,492,1168,300,159,578,748,591,723,220,1051,748,488,132,89,505,1168,667,409,776,1720,806,145,5,750,,33:35,1
2008-09,2045,Hedo Turkoglu,Hedo,1610612753,ORL,Orlando Magic,0040800121,2009-04-19T00:00:00,ORL vs. PHI,L,35.266666666666666,2,8,0.25,0,2,0.0,2,2,1.0,1,4,5,4,1,1,0,1,4,6,6,-10,20.0,0,0,17.0,1,868,868,868,452,875,660,1224,635,538,635,481,591,1,423,403,442,208,569,300,505,1168,1326,131,918,1433,714,145,5,789,,35:16,1
2008-09,1533,Anthony Johnson,Anthony,1610612753,ORL,Orlando Magic,0040800121,2009-04-19T00:00:00,ORL vs. PHI,L,13.466666666666667,4,6,0.667,1,2,0.5,0,0,0.0,1,2,3,2,0,1,0,0,1,0,9,-3,18.6,0,0,17.0,1,868,868,868,1255,552,846,194,300,538,176,930,991,930,423,788,748,488,1046,300,505,1,310,1205,726,1039,761,145,5,789,,13:28,1
2008-09,689,Theo Ratliff,Theo,1610612755,PHI,Philadelphia 76ers,0040800121,2009-04-19T00:00:00,PHI @ ORL,W,24.383333333333333,3,4,0.75,0,0,0.0,1,2,0.5,1,2,3,0,0,1,2,0,3,1,7,17,19.6,0,0,16.0,1,1,1,1,868,708,1064,143,635,979,635,748,591,723,423,788,748,1072,1046,300,71,1,1025,835,853,132,732,145,5,826,,24:23,1
2008-09,2223,Samuel Dalembert,Samuel,1610612755,PHI,Philadelphia 76ers,0040800121,2009-04-19T00:00:00,PHI @ ORL,W,17.283333333333335,2,2,1.0,0,0,0.0,3,4,0.75,2,5,7,0,0,0,1,0,4,3,7,-10,18.4,0,0,16.0,1,1,1,1,1106,875,1295,1,635,979,635,367,355,532,220,281,272,1072,1046,778,189,1,1326,409,853,1433,768,145,5,826,,17:17,1
2008-09,2592,James Jones,James,1610612748,MIA,Miami Heat,0040800131,2009-04-19T00:00:00,MIA @ ATL,L,34.016666666666666,3,6,0.5,1,3,0.333,2,2,1.0,0,4,4,0,0,1,0,0,4,2,9,-12,16.8,0,0,16.0,1,868,868,868,501,708,846,492,300,391,422,481,591,1,848,403,588,1072,1046,300,505,1,1326,597,726,1497,840,145,5,826,,34:01,1
2008-09,923,Donyell Marshall,Donyell,1610612755,PHI,Philadelphia 76ers,0040800121,2009-04-19T00:00:00,PHI @ ORL,W,11.293333333333333,4,5,0.8,3,4,0.75,0,0,0.0,0,2,2,0,1,0,0,0,1,0,11,18,12.4,0,0,16.0,1,1,1,1,1330,552,946,123,59,253,96,930,991,930,848,788,973,1072,569,778,505,1,310,1205,612,118,1029,145,5,826,,11:18,1
2008-09,2260,Jarron Collins,Jarron,1610612762,UTA,Utah Jazz,0040800141,2009-04-19T00:00:00,UTA @ LAL,L,15.095,1,5,0.2,0,0,0.0,5,6,0.833,3,4,7,0,0,0,0,0,2,6,7,2,15.4,0,0,14.0,1,868,868,868,1194,1119,946,1308,635,979,635,182,202,442,106,403,272,1072,1046,778,505,1,667,131,853,653,904,145,5,905,,15:06,1
2008-09,1498,Antonio Daniels,Antonio,1610612740,NOH,New Orleans Hornets,0040800151,2009-04-19T00:00:00,NOH @ DEN,L,13.55,1,3,0.333,1,2,0.5,2,3,0.667,1,1,2,4,2,0,1,1,0,3,5,-8,14.4,0,0,14.0,1,868,868,868,1251,1119,1176,1037,300,538,176,481,510,612,423,1051,973,208,289,778,189,1168,1,409,1003,1347,947,145,5,905,,13:33,1
2008-09,2446,Rasual Butler,Rasual,1610612740,NOH,New Orleans Hornets,0040800151,2009-04-19T00:00:00,NOH @ DEN,L,27.0,3,6,0.5,2,3,0.667,0,0,0.0,0,2,2,0,0,0,1,1,5,0,8,-14,13.4,0,0,14.0,1,868,868,868,778,708,846,492,139,391,116,930,991,930,848,788,973,1072,1046,778,189,1168,1564,1205,776,1552,994,145,5,905,,27:00,1
2008-09,2030,Kenyon Martin,Kenyon,1610612743,DEN,Denver Nuggets,0040800151,2009-04-19T00:00:00,DEN vs. NOH,W,29.288333333333334,2,5,0.4,0,0,0.0,0,0,0.0,0,4,4,3,1,1,0,0,3,0,4,21,15.3,0,0,13.0,1,1,1,1,697,875,946,867,635,979,635,930,991,930,848,403,588,317,569,300,505,1,1025,1205,1077,74,915,145,5,940,,29:17,1
2008-09,979,Jermaine O'Neal,Jermaine,1610612748,MIA,Miami Heat,0040800131,2009-04-19T00:00:00,MIA @ ATL,L,21.766666666666666,2,5,0.4,0,0,0.0,1,2,0.5,1,1,2,2,3,1,1,0,2,1,5,-16,13.4,0,0,13.0,1,868,868,868,953,875,946,867,635,979,635,748,591,723,423,1051,973,488,132,300,189,1,667,835,1003,1591,994,145,5,940,,21:46,1
2008-09,965,Derek Fisher,Derek,1610612747,LAL,Los Angeles Lakers,0040800141,2009-04-19T00:00:00,LAL vs. UTA,W,22.55,2,4,0.5,0,1,0.0,4,4,1.0,0,4,4,1,1,0,0,0,3,3,8,-8,13.3,0,0,13.0,1,1,1,1,921,875,1064,492,635,730,635,259,355,1,848,403,588,729,569,778,505,1,1025,409,776,1347,999,145,5,940,,22:33,1
2008-09,2199,Tyson Chandler,Tyson,1610612740,NOH,New Orleans Hornets,0040800151,2009-04-19T00:00:00,NOH @ DEN,L,27.333333333333332,2,2,1.0,0,0,0.0,2,2,1.0,2,3,5,0,3,1,0,0,5,3,6,-17,12.0,0,0,13.0,1,868,868,868,769,875,1295,1,635,979,635,481,591,1,220,569,442,1072,132,300,505,1,1564,409,918,1611,1054,145,5,940,,27:20,1
2008-09,2594,Kyle Korver,Kyle,1610612762,UTA,Utah Jazz,0040800141,2009-04-19T00:00:00,UTA @ LAL,L,33.06666666666667,2,6,0.333,2,4,0.5,1,2,0.5,1,0,1,1,1,1,0,0,3,0,7,-8,11.7,0,0,13.0,1,868,868,868,537,875,846,1037,139,253,176,748,591,723,423,1379,1206,729,569,300,505,1,1025,1205,853,1347,1072,145,5,940,,33:04,1
2008-09,2563,Dahntay Jones,Dahntay,1610612743,DEN,Denver Nuggets,0040800151,2009-04-19T00:00:00,DEN vs. NOH,W,21.17,3,4,0.75,1,1,1.0,0,0,0.0,0,3,3,0,4,1,0,0,2,0,7,4,9.6,0,0,13.0,1,1,1,1,973,708,1064,143,300,730,1,930,991,930,848,569,748,1072,53,300,505,1,667,1205,853,525,1152,145,5,940,,21:10,1
2008-09,101139,CJ Miles,CJ,1610612762,UTA,Utah Jazz,0040800141,2009-04-19T00:00:00,UTA @ LAL,L,17.216666666666665,2,9,0.222,0,3,0.0,2,2,1.0,2,1,3,1,0,1,0,1,1,3,6,-8,14.1,0,0,12.0,1,868,868,868,1111,875,571,1293,635,391,635,481,591,1,220,1051,748,729,1046,300,505,1168,310,409,918,1347,960,145,5,1002,,17:13,1
2008-09,2230,Maurice Evans,Maurice,1610612737,ATL,Atlanta Hawks,0040800131,2009-04-19T00:00:00,ATL vs. MIA,W,25.933333333333334,3,8,0.375,0,3,0.0,0,0,0.0,1,3,4,2,0,0,0,0,2,0,6,5,13.8,0,0,12.0,1,1,1,1,819,708,660,978,635,391,635,930,991,930,423,569,588,488,1046,778,505,1,667,1205,918,477,979,145,5,1002,,25:56,1
2008-09,2575,Luke Walton,Luke,1610612747,LAL,Los Angeles Lakers,0040800141,2009-04-19T00:00:00,LAL vs. UTA,W,11.476666666666667,2,6,0.333,1,1,1.0,0,0,0.0,1,0,1,3,0,1,0,0,1,1,5,0,13.7,0,0,12.0,1,1,1,1,1327,875,846,1037,300,730,1,930,991,930,423,1379,1206,317,1046,300,505,1,310,835,1003,769,982,145,5,1002,,11:29,1
2008-09,2050,Morris Peterson,Morris,1610612740,NOH,New Orleans Hornets,0040800151,2009-04-19T00:00:00,NOH @ DEN,L,8.716666666666667,1,4,0.25,1,2,0.5,2,2,1.0,1,2,3,1,0,1,0,0,1,1,5,-3,13.1,0,0,12.0,1,868,868,868,1402,1119,1064,1224,300,538,176,481,591,1,423,788,748,729,1046,300,505,1,310,835,1003,1039,1004,145,5,1002,,8:43,1
2008-09,101115,Andrew Bynum,Andrew,1610612747,LAL,Los Angeles Lakers,0040800141,2009-04-19T00:00:00,LAL vs. UTA,W,20.433333333333334,2,5,0.4,0,0,0.0,3,5,0.6,0,3,3,0,2,1,0,0,5,3,7,1,11.6,0,0,12.0,1,1,1,1,996,875,946,867,635,979,635,367,294,694,848,569,748,1072,289,300,505,1,1564,409,853,703,1074,145,5,1002,,20:26,1
2008-09,200756,Hilton Armstrong,Hilton,1610612740,NOH,New Orleans Hornets,0040800151,2009-04-19T00:00:00,NOH @ DEN,L,18.1,3,7,0.429,0,0,0.0,0,4,0.0,0,1,1,0,1,2,0,0,5,3,6,-10,12.2,0,0,11.0,1,868,868,868,1080,708,764,810,635,979,635,930,355,930,848,1051,1206,1072,569,89,505,1,1564,409,918,1433,1041,145,5,1061,,18:06,1
2008-09,2436,Flip Murray,Flip,1610612737,ATL,Atlanta Hawks,0040800131,2009-04-19T00:00:00,ATL vs. MIA,W,24.8,1,6,0.167,0,1,0.0,0,0,0.0,0,5,5,4,2,0,0,1,2,0,2,10,12.0,0,0,11.0,1,1,1,1,852,1119,846,1352,635,730,635,930,991,930,848,281,442,208,289,778,505,1168,667,1205,1253,293,1054,145,5,1061,,24:48,1
2008-09,2617,Udonis Haslem,Udonis,1610612748,MIA,Miami Heat,0040800131,2009-04-19T00:00:00,MIA @ ATL,L,25.016666666666666,2,3,0.667,0,0,0.0,2,2,1.0,0,5,5,0,1,0,0,0,2,2,6,-17,11.0,0,0,11.0,1,868,868,868,843,875,1176,194,635,979,635,481,591,1,848,281,442,1072,569,778,505,1,667,597,918,1611,1104,145,5,1061,,25:01,1
2008-09,2767,Royal Ivey,Royal,1610612755,PHI,Philadelphia 76ers,0040800121,2009-04-19T00:00:00,PHI @ ORL,W,12.956666666666667,2,3,0.667,1,2,0.5,0,0,0.0,1,1,2,0,0,1,0,0,1,1,5,6,10.4,0,0,10.0,1,1,1,1,1273,875,1176,194,300,538,176,930,991,930,423,1051,973,1072,1046,300,505,1,310,835,1003,431,1127,145,5,1103,,12:57,1
2008-09,1723,Matt Harpring,Matt,1610612762,UTA,Utah Jazz,0040800141,2009-04-19T00:00:00,UTA @ LAL,L,14.583333333333334,3,6,0.5,0,0,0.0,2,2,1.0,0,0,0,1,0,0,0,1,4,3,8,-4,9.5,0,0,9.0,1,868,868,868,1213,708,846,492,635,979,635,481,591,1,848,1379,1447,729,1046,778,505,1168,1326,409,776,1113,1156,145,5,1144,,14:35,1
2008-09,201202,Joel Anthony,Joel,1610612748,MIA,Miami Heat,0040800131,2009-04-19T00:00:00,MIA @ ATL,L,18.75,0,0,0.0,0,0,0.0,0,0,0.0,1,3,4,0,0,0,2,0,0,0,0,-5,10.8,0,0,8.0,1,868,868,868,1057,1397,1595,1397,635,979,635,930,991,930,423,569,588,1072,1046,778,71,1,1,1205,1447,1171,1114,145,5,1186,,18:45,1
2008-09,2694,Josh Powell,Josh,1610612747,LAL,Los Angeles Lakers,0040800141,2009-04-19T00:00:00,LAL vs. UTA,W,4.331666666666667,2,4,0.5,0,0,0.0,2,2,1.0,2,0,2,0,0,0,0,0,1,1,6,1,8.4,0,0,8.0,1,1,1,1,1545,875,1064,492,635,979,635,481,591,1,220,1379,973,1072,1046,778,505,1,310,835,918,703,1200,145,5,1186,,4:20,1
2008-09,2756,Sasha Vujacic,Sasha,1610612747,LAL,Los Angeles Lakers,0040800141,2009-04-19T00:00:00,LAL vs. UTA,W,11.8,0,2,0.0,0,1,0.0,0,0,0.0,0,1,1,2,0,1,1,0,2,1,0,8,10.2,0,0,7.0,1,1,1,1,1310,1397,1295,1397,635,730,635,930,991,930,848,1051,1206,488,1046,300,189,1,667,835,1447,362,1133,145,5,1230,,11:48,1
2008-09,1853,Anthony Carter,Anthony,1610612743,DEN,Denver Nuggets,0040800151,2009-04-19T00:00:00,DEN vs. NOH,W,14.45,0,1,0.0,0,0,0.0,0,0,0.0,1,2,3,2,1,0,1,0,1,0,0,8,8.6,0,0,7.0,1,1,1,1,1216,1397,1432,1397,635,979,635,930,991,930,423,788,748,488,569,778,189,1,310,1205,1447,362,1190,145,5,1230,,14:27,1
2008-09,200081,Jamario Moon,Jamario,1610612748,MIA,Miami Heat,0040800131,2009-04-19T00:00:00,MIA @ ATL,L,7.1,2,2,1.0,1,1,1.0,0,0,0.0,0,1,1,0,0,0,0,0,1,0,5,-7,6.2,0,0,7.0,1,868,868,868,1451,875,1295,1,300,730,1,930,991,930,848,1051,1206,1072,1046,778,505,1,310,1205,1003,1305,1296,145,5,1230,,7:06,1
2008-09,201153,Julian Wright,Julian,1610612740,NOH,New Orleans Hornets,0040800151,2009-04-19T00:00:00,NOH @ DEN,L,8.716666666666667,1,3,0.333,0,0,0.0,0,0,0.0,0,1,1,1,0,0,1,1,1,0,2,-3,7.7,0,0,6.0,1,868,868,868,1402,1119,1176,1037,635,979,635,930,991,930,848,1051,1206,729,1046,778,189,1168,310,1205,1253,1039,1234,145,5,1274,,8:43,1
2008-09,1899,James Posey,James,1610612740,NOH,New Orleans Hornets,0040800151,2009-04-19T00:00:00,NOH @ DEN,L,20.933333333333334,1,5,0.2,0,2,0.0,0,0,0.0,1,3,4,0,2,0,0,1,0,1,2,-23,4.8,0,0,6.0,1,868,868,868,978,1119,946,1308,635,538,635,930,991,930,423,569,588,1072,289,778,505,1168,1,835,1253,1696,1380,145,5,1274,,20:56,1
2008-09,2584,Willie Green,Willie,1610612755,PHI,Philadelphia 76ers,0040800121,2009-04-19T00:00:00,PHI @ ORL,W,17.483333333333334,1,6,0.167,0,1,0.0,0,0,0.0,0,1,1,2,0,0,0,0,2,0,2,-7,6.2,0,0,5.0,1,1,1,1,1100,1119,846,1352,635,730,635,930,991,930,848,1051,1206,488,1046,778,505,1,667,1205,1253,1305,1296,145,5,1326,,17:29,1
2008-09,1752,Sean Marks,Sean,1610612740,NOH,New Orleans Hornets,0040800151,2009-04-19T00:00:00,NOH @ DEN,L,7.016666666666667,1,1,1.0,0,0,0.0,0,0,0.0,1,2,3,0,0,0,0,0,3,0,2,-1,5.6,0,0,5.0,1,868,868,868,1453,1119,1432,1,635,979,635,930,991,930,423,788,748,1072,1046,778,505,1,1025,1205,1253,871,1334,145,5,1326,,7:01,1
2008-09,1499,Tony Battie,Tony,1610612753,ORL,Orlando Magic,0040800121,2009-04-19T00:00:00,ORL vs. PHI,L,14.0,2,5,0.4,0,0,0.0,0,0,0.0,0,1,1,0,0,0,0,0,1,1,4,4,5.2,0,0,5.0,1,868,868,868,1234,875,946,867,635,979,635,930,991,930,848,1051,1206,1072,1046,778,505,1,310,835,1077,525,1356,145,5,1326,,14:00,1
2008-09,101162,Marcin Gortat,Marcin,1610612753,ORL,Orlando Magic,0040800121,2009-04-19T00:00:00,ORL vs. PHI,L,9.936666666666667,0,0,0.0,0,0,0.0,0,0,0.0,0,2,2,0,1,0,1,0,1,0,0,-2,4.4,0,0,4.0,1,868,868,868,1368,1397,1595,1397,635,979,635,930,991,930,848,788,973,1072,569,778,189,1,310,1205,1447,949,1403,145,5,1395,,9:56,1
2008-09,200809,Chris Quinn,Chris,1610612748,MIA,Miami Heat,0040800131,2009-04-19T00:00:00,MIA @ ATL,L,6.866666666666666,0,3,0.0,0,1,0.0,0,0,0.0,0,0,0,1,0,1,0,0,0,1,0,-3,4.5,0,0,3.0,1,868,868,868,1458,1397,1176,1397,635,730,635,930,991,930,848,1379,1447,729,1046,300,505,1,1,835,1447,1039,1394,145,5,1443,,6:52,1
2008-09,200770,Jordan Farmar,Jordan,1610612747,LAL,Los Angeles Lakers,0040800141,2009-04-19T00:00:00,LAL vs. UTA,W,3.933333333333333,0,1,0.0,0,0,0.0,0,0,0.0,0,0,0,1,1,0,1,0,0,0,0,1,3.5,0,0,3.0,1,1,1,1,1562,1397,1432,1397,635,979,635,930,991,930,848,1379,1447,729,569,778,189,1,1,1205,1447,703,1443,145,5,1443,,3:56,1
2008-09,201161,Daequan Cook,Daequan,1610612748,MIA,Miami Heat,0040800131,2009-04-19T00:00:00,MIA @ ATL,L,20.566666666666666,1,6,0.167,0,5,0.0,0,0,0.0,0,1,1,0,1,0,0,0,2,0,2,-8,2.2,0,0,3.0,1,868,868,868,991,1119,846,1352,635,159,635,930,991,930,848,1051,1206,1072,569,778,505,1,667,1205,1253,1347,1519,145,5,1443,,20:34,1
2008-09,2484,Devin Brown,Devin,1610612740,NOH,New Orleans Hornets,0040800151,2009-04-19T00:00:00,NOH @ DEN,L,12.283333333333333,0,2,0.0,0,1,0.0,2,2,1.0,0,1,1,0,2,0,0,1,1,1,2,-12,1.2,0,0,3.0,1,868,868,868,1295,1397,1295,1397,635,730,635,481,591,1,848,1051,1206,1072,289,778,505,1168,310,835,1253,1497,1567,145,5,1443,,12:17,1
2008-09,200764,Renaldo Balkman,Renaldo,1610612743,DEN,Denver Nuggets,0040800151,2009-04-19T00:00:00,DEN vs. NOH,W,3.0,0,1,0.0,0,0,0.0,0,0,0.0,0,0,0,0,0,1,0,0,1,0,0,-5,3.0,0,0,2.0,1,1,1,1,1617,1397,1432,1397,635,979,635,930,991,930,848,1379,1447,1072,1046,300,505,1,310,1205,1447,1171,1474,145,5,1494,,3:00,1
2008-09,200780,Solomon Jones,Solomon,1610612737,ATL,Atlanta Hawks,0040800131,2009-04-19T00:00:00,ATL vs. MIA,W,4.483333333333333,0,1,0.0,0,0,0.0,0,0,0.0,1,0,1,1,0,0,0,0,0,0,0,3,2.7,0,0,2.0,1,1,1,1,1536,1397,1432,1397,635,979,635,930,991,930,423,1379,1206,729,1046,778,505,1,1,1205,1447,588,1498,145,5,1494,,4:29,1
2008-09,101130,Johan Petro,Johan,1610612743,DEN,Denver Nuggets,0040800151,2009-04-19T00:00:00,DEN vs. NOH,W,4.45,0,1,0.0,0,0,0.0,0,0,0.0,0,1,1,1,0,0,0,1,1,0,0,-1,2.7,0,0,2.0,1,1,1,1,1541,1397,1432,1397,635,979,635,930,991,930,848,1051,1206,729,1046,778,505,1168,310,1205,1447,871,1498,145,5,1494,,4:27,1
2008-09,201578,Marreese Speights,Marreese,1610612755,PHI,Philadelphia 76ers,0040800121,2009-04-19T00:00:00,PHI @ ORL,W,6.333333333333333,0,2,0.0,0,0,0.0,0,0,0.0,0,2,2,0,0,0,0,0,1,0,0,-5,2.4,0,0,2.0,1,1,1,1,1473,1397,1295,1397,635,979,635,930,991,930,848,788,973,1072,1046,778,505,1,310,1205,1447,1171,1511,145,5,1494,,6:20,1
2008-09,2501,Reggie Evans,Reggie,1610612755,PHI,Philadelphia 76ers,0040800121,2009-04-19T00:00:00,PHI @ ORL,W,9.0,0,0,0.0,0,0,0.0,1,2,0.5,0,1,1,0,0,0,0,0,1,2,1,-6,2.2,0,0,2.0,1,1,1,1,1391,1397,1595,1397,635,979,635,748,591,723,848,1051,1206,1072,1046,778,505,1,310,597,1430,1235,1519,145,5,1494,,9:00,1
2008-09,2554,Mickael Pietrus,Mickael,1610612753,ORL,Orlando Magic,0040800121,2009-04-19T00:00:00,ORL vs. PHI,L,13.233333333333333,0,1,0.0,0,0,0.0,0,0,0.0,0,1,1,1,1,0,0,1,4,0,0,10,1.7,0,0,2.0,1,868,868,868,1262,1397,1432,1397,635,979,635,930,991,930,848,1051,1206,729,569,778,505,1168,1326,1205,1447,293,1544,145,5,1494,,13:14,1
2008-09,2078,Jason Hart,Jason,1610612743,DEN,Denver Nuggets,0040800151,2009-04-19T00:00:00,DEN vs. NOH,W,3.0,0,0,0.0,0,0,0.0,0,0,0.0,0,1,1,1,1,0,0,0,2,0,0,-5,1.7,0,0,2.0,1,1,1,1,1617,1397,1595,1397,635,979,635,930,991,930,848,1051,1206,729,569,778,505,1,667,1205,1447,1171,1544,145,5,1494,,3:00,1
2008-09,1510,Brevin Knight,Brevin,1610612762,UTA,Utah Jazz,0040800141,2009-04-19T00:00:00,UTA @ LAL,L,2.9983333333333335,0,1,0.0,0,0,0.0,0,0,0.0,0,0,0,0,2,1,0,1,0,0,0,-5,1.0,0,0,2.0,1,868,868,868,1620,1397,1432,1397,635,979,635,930,991,930,848,1379,1447,1072,289,300,505,1168,1,1205,1447,1171,1586,145,5,1494,,2:60,1
2008-09,201238,Mario West,Mario,1610612737,ATL,Atlanta Hawks,0040800131,2009-04-19T00:00:00,ATL vs. MIA,W,3.3333333333333335,0,0,0.0,0,0,0.0,0,0,0.0,0,1,1,0,0,0,0,0,0,0,0,3,1.2,0,0,1.0,1,1,1,1,1600,1397,1595,1397,635,979,635,930,991,930,848,1051,1206,1072,1046,778,505,1,1,1205,1447,588,1567,145,5,1565,,3:20,1
2008-09,2049,Speedy Claxton,Speedy,1610612737,ATL,Atlanta Hawks,0040800131,2009-04-19T00:00:00,ATL vs. MIA,W,3.3333333333333335,0,0,0.0,0,0,0.0,0,0,0.0,0,0,0,0,0,0,0,0,0,0,0,3,0.0,0,0,0.0,1,1,1,1,1600,1397,1595,1397,635,979,635,930,991,930,848,1379,1447,1072,1046,778,505,1,1,1205,1447,588,1610,145,5,1611,,3:20,1
2008-09,201629,Othello Hunter,Othello,1610612737,ATL,Atlanta Hawks,0040800131,2009-04-19T00:00:00,ATL vs. MIA,W,0.10666666666666667,0,0,0.0,0,0,0.0,0,0,0.0,0,0,0,0,0,0,0,0,0,0,0,0,0.0,0,0,0.0,1,1,1,1,1737,1397,1595,1397,635,979,635,930,991,930,848,1379,1447,1072,1046,778,505,1,1,1205,1447,769,1610,145,5,1611,,0:06,1
2008-09,200755,JJ Redick,JJ,1610612753,ORL,Orlando Magic,0040800121,2009-04-19T00:00:00,ORL vs. PHI,L,6.283333333333333,0,0,0.0,0,0,0.0,0,0,0.0,0,0,0,0,1,0,0,0,0,0,0,-13,-1.0,0,0,0.0,1,868,868,868,1477,1397,1595,1397,635,979,635,930,991,930,848,1379,1447,1072,569,778,505,1,1,1205,1447,1527,1728,145,5,1611,,6:17,1
2008-09,2544,LeBron James,LeBron,1610612739,CLE,Cleveland Cavaliers,0040800101,2009-04-18T00:00:00,CLE vs. DET,W,40.86666666666667,13,20,0.65,1,4,0.25,11,14,0.786,0,8,8,7,0,1,0,0,1,9,38,22,61.1,0,0,56.0,1,1,1,1,213,18,72,274,300,253,524,28,20,516,848,90,198,63,1046,300,505,1,310,30,18,61,20,145,5,23,,40:52,1
2008-09,201565,Derrick Rose,Derrick,1610612741,CHI,Chicago Bulls,0040800111,2009-04-18T00:00:00,CHI @ BOS,W,49.541666666666664,12,19,0.632,0,1,0.0,12,12,1.0,1,3,4,11,5,1,0,2,6,7,36,8,55.3,1,0,53.0,1,1,1,1,11,25,91,289,635,730,635,15,43,1,423,569,588,13,21,300,505,1565,1699,81,22,362,48,1,5,35,,49:33,1
2008-09,200765,Rajon Rondo,Rajon,1610612738,BOS,Boston Celtics,0040800111,2009-04-18T00:00:00,BOS vs. CHI,L,43.55,12,21,0.571,1,1,1.0,4,4,1.0,2,7,9,7,1,2,1,2,3,6,29,4,58.3,0,0,52.0,1,868,868,868,91,25,55,394,300,730,1,259,355,1,220,140,149,63,569,89,189,1565,1025,131,65,525,34,145,5,48,,43:33,1
2008-09,201166,Aaron Brooks,Aaron,1610612745,HOU,Houston Rockets,0040800171,2009-04-18T00:00:00,HOU @ POR,W,35.46666666666667,10,17,0.588,5,8,0.625,2,2,1.0,1,3,4,7,2,0,0,0,2,2,27,31,40.3,0,0,43.0,1,1,1,1,445,65,130,371,12,38,149,481,591,1,423,569,588,63,289,778,505,1,667,597,82,12,182,145,5,108,,35:28,1
2008-09,1718,Paul Pierce,Paul,1610612738,BOS,Boston Celtics,0040800111,2009-04-18T00:00:00,BOS vs. CHI,L,42.74166666666667,8,21,0.381,2,5,0.4,5,6,0.833,0,7,7,3,4,1,1,2,3,5,23,11,37.9,0,0,39.0,1,868,868,868,123,143,55,975,139,159,374,182,202,442,848,140,272,317,53,300,189,1565,1025,197,146,260,221,145,5,157,,42:45,1
2008-09,201149,Joakim Noah,Joakim,1610612741,CHI,Chicago Bulls,0040800111,2009-04-18T00:00:00,CHI @ BOS,W,44.97833333333333,5,12,0.417,0,0,0.0,1,2,0.5,5,12,17,2,2,1,3,0,4,3,11,-6,44.4,1,0,38.0,1,1,1,1,56,396,364,841,635,979,635,748,591,723,22,18,11,488,289,300,30,1,1326,409,612,1235,121,1,5,169,,44:59,1
2008-09,1495,Tim Duncan,Tim,1610612759,SAS,San Antonio Spurs,0040800161,2009-04-18T00:00:00,SAS vs. DAL,L,36.983333333333334,13,24,0.542,0,0,0.0,1,1,1.0,2,7,9,2,0,0,0,2,3,2,27,1,40.8,0,0,38.0,1,868,868,868,395,18,25,459,635,979,635,748,920,1,220,140,149,488,1046,778,505,1565,1025,597,82,703,173,145,5,169,,36:59,1
2008-09,2397,Yao Ming,ao Ming,1610612745,HOU,Houston Rockets,0040800171,2009-04-18T00:00:00,HOU @ POR,W,24.391666666666666,9,9,1.0,0,0,0.0,6,6,1.0,2,7,9,0,1,0,2,0,4,5,24,22,39.8,0,0,37.0,1,1,1,1,867,97,571,1,635,979,635,132,202,1,220,140,149,1072,569,778,71,1,1326,197,124,61,190,145,5,187,,24:24,1
2008-09,2225,Tony Parker,Tony,1610612759,SAS,San Antonio Spurs,0040800161,2009-04-18T00:00:00,SAS vs. DAL,L,41.11666666666667,9,22,0.409,1,1,1.0,5,6,0.833,0,4,4,8,5,0,0,0,3,7,24,-4,35.8,0,0,37.0,1,868,868,868,201,97,44,864,300,730,1,182,202,442,848,403,588,38,21,778,505,1,1025,81,124,1113,281,145,5,187,,41:07,1
2008-09,2572,Josh Howard,Josh,1610612742,DAL,Dallas Mavericks,0040800161,2009-04-18T00:00:00,DAL @ SAS,W,29.466666666666665,9,18,0.5,2,4,0.5,5,6,0.833,1,3,4,3,1,1,0,0,0,4,25,-3,36.3,0,0,36.0,1,1,1,1,692,97,108,492,139,253,176,182,202,442,423,569,588,317,569,300,505,1,1,291,108,1039,268,145,5,206,,29:28,1
2008-09,200748,Tyrus Thomas,Tyrus,1610612741,CHI,Chicago Bulls,0040800111,2009-04-18T00:00:00,CHI @ BOS,W,27.61,8,12,0.667,0,0,0.0,0,0,0.0,0,6,6,1,3,1,4,1,5,1,16,-1,36.7,0,0,33.0,1,1,1,1,752,143,364,194,635,979,635,930,991,930,848,203,351,729,132,300,11,1168,1564,835,334,871,251,145,5,282,,27:37,1
2008-09,1717,Dirk Nowitzki,Dirk,1610612742,DAL,Dallas Mavericks,0040800161,2009-04-18T00:00:00,DAL @ SAS,W,37.81666666666667,7,15,0.467,0,2,0.0,5,5,1.0,1,7,8,2,2,1,1,0,3,5,19,5,35.6,0,0,33.0,1,1,1,1,364,199,198,719,635,538,635,182,294,1,423,140,198,488,289,300,189,1,1025,197,236,477,283,145,5,282,,37:49,1
2008-09,2449,Luis Scola,Luis,1610612745,HOU,Houston Rockets,0040800171,2009-04-18T00:00:00,HOU @ POR,W,35.20166666666667,7,9,0.778,0,0,0.0,5,6,0.833,1,7,8,1,1,0,1,1,1,5,19,32,32.1,0,0,30.0,1,1,1,1,456,199,571,135,635,979,635,182,202,442,423,140,198,729,569,778,189,1168,310,197,236,9,357,145,5,359,,35:12,1
2008-09,2732,Ben Gordon,Ben,1610612741,CHI,Chicago Bulls,0040800111,2009-04-18T00:00:00,CHI @ BOS,W,46.14833333333333,6,17,0.353,1,5,0.2,7,8,0.875,0,3,3,5,0,0,0,1,2,6,20,-1,31.1,0,0,29.0,1,1,1,1,36,285,130,1029,300,159,578,92,118,408,848,569,748,142,1046,778,505,1168,667,131,212,871,393,145,5,384,,46:09,1
2008-09,980,Zydrunas Ilgauskas,Zydrunas,1610612739,CLE,Cleveland Cavaliers,0040800101,2009-04-18T00:00:00,CLE vs. DET,W,27.583333333333332,5,12,0.417,0,0,0.0,2,2,1.0,2,8,10,4,0,0,1,1,1,1,12,16,33.0,1,0,28.0,1,1,1,1,755,396,364,841,635,979,635,481,591,1,220,90,104,208,1046,778,189,1168,310,835,532,154,338,1,5,407,,27:35,1
2008-09,2570,Kendrick Perkins,Kendrick,1610612738,BOS,Boston Celtics,0040800111,2009-04-18T00:00:00,BOS vs. CHI,L,42.526666666666664,7,11,0.636,0,0,0.0,0,1,0.0,3,5,8,0,3,1,2,2,2,1,14,4,29.6,0,0,28.0,1,868,868,868,131,199,430,281,635,979,635,930,920,930,106,281,198,1072,132,300,71,1565,667,835,416,525,420,145,5,407,,42:32,1
2008-09,714,Michael Finley,Michael,1610612759,SAS,San Antonio Spurs,0040800161,2009-04-18T00:00:00,SAS vs. DAL,L,32.416666666666664,7,10,0.7,5,5,1.0,0,0,0.0,0,4,4,0,1,0,0,0,3,1,19,-20,22.8,0,0,28.0,1,868,868,868,564,199,492,182,12,159,1,930,991,930,848,403,588,1072,569,778,505,1,1025,835,236,1654,624,145,5,407,,32:25,1
2008-09,201175,Glen Davis,Glen,1610612738,BOS,Boston Celtics,0040800111,2009-04-18T00:00:00,BOS vs. CHI,L,39.905,6,15,0.4,0,0,0.0,6,8,0.75,2,1,3,2,0,0,2,3,6,5,18,7,30.6,0,0,27.0,1,868,868,868,259,285,198,867,635,979,635,132,118,532,220,1051,748,488,1046,778,71,1698,1699,197,265,402,403,145,5,435,,39:54,1
2008-09,200750,Brandon Roy,Brandon,1610612757,POR,Portland Trail Blazers,0040800171,2009-04-18T00:00:00,POR vs. HOU,L,31.883333333333333,10,23,0.435,0,2,0.0,1,1,1.0,0,2,2,2,1,0,1,2,2,5,21,-23,28.4,0,0,27.0,1,868,868,868,597,65,35,806,635,538,635,748,920,1,848,788,973,488,569,778,189,1565,667,197,183,1696,443,145,5,435,,31:53,1
2008-09,2753,Delonte West,Delonte,1610612739,CLE,Cleveland Cavaliers,0040800101,2009-04-18T00:00:00,CLE vs. DET,W,42.53333333333333,5,8,0.625,0,1,0.0,2,2,1.0,0,5,5,5,2,1,1,0,0,2,12,11,29.5,0,0,26.0,1,1,1,1,128,396,660,290,635,730,635,481,591,1,848,281,442,142,289,300,189,1,1,597,532,260,422,145,5,463,,42:32,1
2008-09,201155,Rodney Stuckey,Rodney,1610612765,DET,Detroit Pistons,0040800101,2009-04-18T00:00:00,DET @ CLE,L,33.56666666666667,7,21,0.333,0,3,0.0,6,6,1.0,2,0,2,4,0,0,0,4,2,5,20,-15,28.4,0,0,26.0,1,868,868,868,519,199,55,1037,635,391,635,132,202,1,220,1379,973,208,1046,778,505,1731,667,197,212,1570,443,145,5,463,,33:34,1
2008-09,2427,Roger Mason Jr.,Roger,1610612759,SAS,San Antonio Spurs,0040800161,2009-04-18T00:00:00,SAS vs. DAL,L,35.32833333333333,4,10,0.4,4,7,0.571,1,1,1.0,0,5,5,4,1,0,0,0,1,1,13,0,24.0,0,0,26.0,1,868,868,868,450,552,492,867,24,57,163,748,920,1,848,281,442,208,569,778,505,1,310,835,470,769,578,145,5,463,,35:20,1
2008-09,739,Rasheed Wallace,Rasheed,1610612765,DET,Detroit Pistons,0040800101,2009-04-18T00:00:00,DET @ CLE,L,36.583333333333336,6,10,0.6,1,3,0.333,0,0,0.0,1,8,9,2,0,0,0,0,4,0,13,-17,26.8,0,0,25.0,1,868,868,868,412,285,492,323,300,391,422,930,991,930,423,90,149,488,1046,778,505,1,1326,1205,470,1611,486,145,5,496,,36:35,1
2008-09,956,Erick Dampier,Erick,1610612742,DAL,Dallas Mavericks,0040800161,2009-04-18T00:00:00,DAL @ SAS,W,38.528333333333336,5,6,0.833,0,0,0.0,0,0,0.0,4,7,11,1,1,0,1,0,5,3,10,0,26.7,1,0,24.0,1,1,1,1,335,396,846,115,635,979,635,930,991,930,56,140,83,729,569,778,189,1,1564,409,663,769,489,1,5,523,,38:32,1
2008-09,2422,John Salmons,John,1610612741,CHI,Chicago Bulls,0040800111,2009-04-18T00:00:00,CHI @ BOS,W,40.95333333333333,6,16,0.375,0,5,0.0,0,0,0.0,1,5,6,0,1,1,2,1,3,0,12,-8,27.2,0,0,24.0,1,1,1,1,210,285,167,978,635,159,635,930,991,930,423,281,351,1072,569,300,71,1168,1025,1205,532,1347,476,145,5,523,,40:57,1
2008-09,1897,Metta World Peace,Metta,1610612745,HOU,Houston Rockets,0040800171,2009-04-18T00:00:00,HOU @ POR,W,30.966666666666665,7,12,0.583,2,6,0.333,1,1,1.0,0,1,1,4,1,0,0,0,0,1,17,25,23.2,0,0,24.0,1,1,1,1,638,199,364,378,139,97,422,748,920,1,848,1051,1206,208,569,778,505,1,1,835,291,43,612,145,5,523,,30:58,1
2008-09,201141,Greg Oden,Greg,1610612757,POR,Portland Trail Blazers,0040800171,2009-04-18T00:00:00,POR vs. HOU,L,21.6,6,7,0.857,0,0,0.0,3,4,0.75,2,3,5,0,0,0,1,0,3,5,15,-5,24.0,0,0,22.0,1,868,868,868,956,285,764,108,635,979,635,367,355,532,220,569,442,1072,1046,778,189,1,1025,197,367,1171,578,145,5,601,,21:36,1
2008-09,467,Jason Kidd,Jason,1610612742,DAL,Dallas Mavericks,0040800161,2009-04-18T00:00:00,DAL @ SAS,W,38.53333333333333,1,3,0.333,0,1,0.0,2,2,1.0,1,7,8,5,1,2,0,0,1,1,4,0,26.1,0,0,21.0,1,1,1,1,333,1119,1176,1037,635,730,635,481,591,1,423,140,198,142,569,89,505,1,310,835,1077,769,508,145,5,634,,38:32,1
2008-09,2581,Steve Blake,Steve,1610612757,POR,Portland Trail Blazers,0040800171,2009-04-18T00:00:00,POR vs. HOU,L,28.96,2,6,0.333,1,4,0.25,0,0,0.0,2,3,5,6,0,2,0,0,2,0,5,-18,26.0,0,0,21.0,1,868,868,868,709,875,846,1037,300,253,524,930,991,930,220,569,442,100,1046,89,505,1,667,1205,1003,1630,511,145,5,634,,28:58,1
2008-09,101138,Brandon Bass,Brandon,1610612742,DAL,Dallas Mavericks,0040800161,2009-04-18T00:00:00,DAL @ SAS,W,18.445,7,9,0.778,0,0,0.0,0,0,0.0,1,3,4,0,1,1,0,0,1,1,14,12,20.8,0,0,20.0,1,1,1,1,1071,199,571,135,635,979,635,930,991,930,423,569,588,1072,569,300,505,1,310,835,416,231,682,145,5,666,,18:27,1
2008-09,2590,Mo Williams,Mo,1610612739,CLE,Cleveland Cavaliers,0040800101,2009-04-18T00:00:00,CLE vs. DET,W,32.31666666666667,5,14,0.357,2,7,0.286,0,1,0.0,1,1,2,4,0,0,0,1,2,1,12,8,20.4,0,0,20.0,1,1,1,1,574,396,245,1022,139,57,515,930,920,930,423,1051,973,208,1046,778,505,1168,667,835,532,362,700,145,5,666,,32:19,1
2008-09,686,Antonio McDyess,Antonio,1610612765,DET,Detroit Pistons,0040800101,2009-04-18T00:00:00,DET @ CLE,L,31.183333333333334,5,7,0.714,0,0,0.0,0,0,0.0,0,5,5,0,1,1,1,0,3,0,10,-15,21.0,0,0,19.0,1,868,868,868,629,396,764,176,635,979,635,930,991,930,848,281,442,1072,569,300,189,1,1025,1205,663,1570,676,145,5,709,,31:11,1
2008-09,1802,Brad Miller,Brad,1610612741,CHI,Chicago Bulls,0040800111,2009-04-18T00:00:00,CHI @ BOS,W,27.395,2,11,0.182,0,1,0.0,0,0,0.0,3,9,12,1,3,0,1,2,2,1,4,9,19.9,0,0,19.0,1,1,1,1,767,875,430,1348,635,730,635,930,991,930,106,68,68,729,132,778,189,1565,667,835,1077,328,717,145,5,709,,27:24,1
2008-09,1888,Richard Hamilton,Richard,1610612765,DET,Detroit Pistons,0040800101,2009-04-18T00:00:00,DET @ CLE,L,34.583333333333336,6,14,0.429,0,1,0.0,3,3,1.0,0,0,0,4,3,0,0,0,1,2,15,-19,18.0,0,0,19.0,1,868,868,868,481,285,245,810,635,730,635,367,510,1,848,1379,1447,208,132,778,505,1,310,597,367,1644,784,145,5,709,,34:35,1
2008-09,693,Joe Smith,Joe,1610612739,CLE,Cleveland Cavaliers,0040800101,2009-04-18T00:00:00,CLE vs. DET,W,19.116666666666667,5,10,0.5,1,1,1.0,2,2,1.0,0,2,2,0,1,1,0,1,0,1,13,-1,17.4,0,0,18.0,1,1,1,1,1042,396,492,492,300,730,1,481,591,1,848,788,973,1072,569,300,505,1168,1,835,470,871,814,145,5,750,,19:07,1
2008-09,1891,Jason Terry,Jason,1610612742,DAL,Dallas Mavericks,0040800161,2009-04-18T00:00:00,DAL @ SAS,W,35.016666666666666,4,8,0.5,2,5,0.4,2,2,1.0,1,0,1,0,0,0,1,0,0,2,12,5,16.2,0,0,17.0,1,1,1,1,463,552,660,492,139,159,374,481,591,1,423,1379,1206,1072,1046,778,189,1,1,597,532,477,868,145,5,789,,35:01,1
2008-09,951,Ray Allen,Ray,1610612738,BOS,Boston Celtics,0040800111,2009-04-18T00:00:00,BOS vs. CHI,L,39.115,1,12,0.083,0,6,0.0,2,2,1.0,0,3,3,1,1,3,1,1,2,3,4,2,20.1,0,0,16.0,1,868,868,868,295,1119,364,1396,635,97,635,481,591,1,848,569,748,729,569,31,189,1168,667,409,1077,653,708,145,5,826,,39:07,1
2008-09,200826,J.J. Barea,J.J.,1610612742,DAL,Dallas Mavericks,0040800161,2009-04-18T00:00:00,DAL @ SAS,W,26.066666666666666,6,14,0.429,0,2,0.0,1,1,1.0,0,0,0,3,0,0,0,0,3,3,13,17,17.5,0,0,16.0,1,1,1,1,813,285,245,810,635,538,635,748,920,1,848,1379,1447,317,1046,778,505,1,1025,409,470,132,812,145,5,826,,26:04,1
2008-09,2203,Shane Battier,Shane,1610612745,HOU,Houston Rockets,0040800171,2009-04-18T00:00:00,HOU @ POR,W,36.86666666666667,1,5,0.2,0,3,0.0,5,5,1.0,2,3,5,2,2,1,0,1,1,3,7,34,17.0,0,0,16.0,1,1,1,1,400,1119,946,1308,635,391,635,182,294,1,220,569,442,488,289,300,505,1168,310,409,853,6,827,145,5,826,,36:52,1
2008-09,200796,Leon Powe,Leon,1610612738,BOS,Boston Celtics,0040800111,2009-04-18T00:00:00,BOS vs. CHI,L,16.57,2,5,0.4,0,0,0.0,4,6,0.667,1,7,8,0,1,0,0,0,2,6,8,-10,16.6,0,0,16.0,1,868,868,868,1141,875,946,867,635,979,635,259,202,612,423,140,198,1072,569,778,505,1,667,131,776,1433,850,145,5,826,,16:34,1
2008-09,87,Dikembe Mutombo,Dikembe,1610612745,HOU,Houston Rockets,0040800171,2009-04-18T00:00:00,HOU @ POR,W,18.05,0,0,0.0,0,0,0.0,0,2,0.0,1,8,9,0,0,1,2,0,4,2,0,10,19.8,0,0,15.0,1,1,1,1,1084,1397,1595,1397,635,979,635,930,591,930,423,90,149,1072,1046,300,71,1,1326,597,1447,293,722,145,5,864,,18:03,1
2008-09,2760,Anderson Varejao,Anderson,1610612739,CLE,Cleveland Cavaliers,0040800101,2009-04-18T00:00:00,CLE vs. DET,W,34.95,2,3,0.667,0,0,0.0,2,2,1.0,2,2,4,0,1,0,2,0,1,1,6,13,15.8,0,0,14.0,1,1,1,1,467,875,1176,194,635,979,635,481,591,1,220,788,588,1072,569,778,71,1,310,835,918,203,885,145,5,905,,34:57,1
2008-09,2198,Kwame Brown,Kwame,1610612765,DET,Detroit Pistons,0040800101,2009-04-18T00:00:00,DET @ CLE,L,15.9,2,2,1.0,0,0,0.0,1,2,0.5,4,5,9,0,1,0,0,0,3,1,5,-2,14.8,0,0,14.0,1,868,868,868,1162,875,1295,1,635,979,635,748,591,723,56,281,149,1072,569,778,505,1,1025,835,1003,949,936,145,5,905,,15:54,1
2008-09,2400,Drew Gooden,Drew,1610612759,SAS,San Antonio Spurs,0040800161,2009-04-18T00:00:00,SAS vs. DAL,L,17.905,3,9,0.333,0,0,0.0,2,2,1.0,4,0,4,1,0,0,0,1,2,2,8,0,14.3,0,0,13.0,1,868,868,868,1087,708,571,1037,635,979,635,481,591,1,56,1379,588,729,1046,778,505,1168,667,597,776,769,949,145,5,940,,17:54,1
2008-09,2038,Joel Przybilla,Joel,1610612757,POR,Portland Trail Blazers,0040800171,2009-04-18T00:00:00,POR vs. HOU,L,17.233333333333334,4,8,0.5,0,0,0.0,0,0,0.0,4,1,5,0,0,0,0,0,4,0,8,-15,14.0,0,0,13.0,1,868,868,868,1108,552,660,492,635,979,635,930,991,930,56,1051,442,1072,1046,778,505,1,1326,1205,776,1570,965,145,5,940,,17:14,1
2008-09,2566,Travis Outlaw,Travis,1610612757,POR,Portland Trail Blazers,0040800171,2009-04-18T00:00:00,POR vs. HOU,L,26.416666666666668,4,10,0.4,0,1,0.0,1,2,0.5,1,1,2,0,2,1,0,1,1,2,9,-15,12.4,0,0,13.0,1,868,868,868,802,552,492,867,635,730,635,748,591,723,423,1051,973,1072,289,300,505,1168,310,597,726,1570,1029,145,5,940,,26:25,1
2008-09,201167,Arron Afflalo,Arron,1610612765,DET,Detroit Pistons,0040800101,2009-04-18T00:00:00,DET @ CLE,L,20.633333333333333,2,6,0.333,1,4,0.25,0,1,0.0,1,0,1,1,1,0,2,0,2,0,5,4,12.7,0,0,12.0,1,868,868,868,987,875,846,1037,300,253,524,930,920,930,423,1379,1206,729,569,778,71,1,667,1205,1003,525,1018,145,5,1002,,20:38,1
2008-09,101120,Antoine Wright,Antoine,1610612742,DAL,Dallas Mavericks,0040800161,2009-04-18T00:00:00,DAL @ SAS,W,14.821666666666667,3,5,0.6,1,3,0.333,1,1,1.0,1,2,3,0,0,0,0,0,4,1,8,8,11.6,0,0,12.0,1,1,1,1,1206,708,946,323,300,391,422,748,920,1,423,788,748,1072,1046,778,505,1,1326,835,776,362,1074,145,5,1002,,14:49,1
2008-09,200746,LaMarcus Aldridge,LaMarcus,1610612757,POR,Portland Trail Blazers,0040800171,2009-04-18T00:00:00,POR vs. HOU,L,29.983333333333334,3,12,0.25,0,1,0.0,1,2,0.5,2,1,3,2,2,0,0,1,1,1,7,-24,11.6,0,0,12.0,1,868,868,868,673,708,364,1224,635,730,635,748,591,723,220,1051,748,488,289,778,505,1168,310,835,853,1704,1074,145,5,1002,,29:59,1
2008-09,200768,Kyle Lowry,Kyle,1610612745,HOU,Houston Rockets,0040800171,2009-04-18T00:00:00,HOU @ POR,W,20.548333333333332,1,2,0.5,0,1,0.0,0,0,0.0,1,3,4,1,2,2,0,0,1,1,2,-3,12.3,0,0,11.0,1,1,1,1,992,1119,1295,492,635,730,635,930,991,930,423,569,588,729,289,89,505,1,310,835,1253,1039,1037,145,5,1061,,20:33,1
2008-09,2137,Ime Udoka,Ime,1610612759,SAS,San Antonio Spurs,0040800161,2009-04-18T00:00:00,SAS vs. DAL,L,16.233333333333334,1,2,0.5,0,0,0.0,1,2,0.5,4,1,5,2,0,0,0,0,0,1,3,0,12.0,0,0,10.0,1,868,868,868,1153,1119,1295,492,635,979,635,748,591,723,56,1051,442,488,1046,778,505,1,1,835,1188,769,1054,145,5,1103,,16:14,1
2008-09,2567,Brian Cook,Brian,1610612745,HOU,Houston Rockets,0040800171,2009-04-18T00:00:00,HOU @ POR,W,4.25,1,2,0.5,1,2,0.5,0,0,0.0,0,3,3,1,1,1,0,0,0,0,3,-2,10.1,0,0,10.0,1,1,1,1,1547,1119,1295,492,300,538,176,930,991,930,848,569,748,729,569,300,505,1,1,1205,1188,949,1139,145,5,1103,,4:15,1
2008-09,101198,Will Bynum,Will,1610612765,DET,Detroit Pistons,0040800101,2009-04-18T00:00:00,DET @ CLE,L,14.433333333333334,3,6,0.5,0,0,0.0,0,0,0.0,0,1,1,2,0,0,0,1,1,0,6,-3,10.2,0,0,9.0,1,868,868,868,1218,708,846,492,635,979,635,930,991,930,848,1051,1206,488,1046,778,505,1168,310,1205,918,1039,1133,145,5,1144,,14:26,1
2008-09,2419,Tayshaun Prince,Tayshaun,1610612765,DET,Detroit Pistons,0040800101,2009-04-18T00:00:00,DET @ CLE,L,37.9,2,7,0.286,0,0,0.0,0,0,0.0,0,1,1,2,1,1,0,0,1,2,4,-20,10.2,0,0,9.0,1,868,868,868,360,875,764,1183,635,979,635,930,991,930,848,1051,1206,488,569,300,505,1,310,597,1077,1654,1133,145,5,1144,,37:54,1
2008-09,200789,Daniel Gibson,Daniel,1610612739,CLE,Cleveland Cavaliers,0040800101,2009-04-18T00:00:00,CLE vs. DET,W,14.166666666666666,2,3,0.667,1,2,0.5,0,0,0.0,0,0,0,1,0,0,1,0,3,0,5,13,9.5,0,0,9.0,1,1,1,1,1224,875,1176,194,300,538,176,930,991,930,848,1379,1447,729,1046,778,189,1,1025,1205,1003,203,1156,145,5,1144,,14:10,1
2008-09,101144,Von Wafer,Von,1610612745,HOU,Houston Rockets,0040800171,2009-04-18T00:00:00,HOU @ POR,W,16.166666666666668,1,6,0.167,0,1,0.0,4,4,1.0,0,1,1,0,1,0,1,1,3,2,6,-5,9.2,0,0,9.0,1,1,1,1,1155,1119,846,1352,635,730,635,259,355,1,848,1051,1206,1072,569,778,189,1168,1025,597,918,1171,1164,145,5,1144,,16:10,1
2008-09,2067,Eddie House,Eddie,1610612738,BOS,Boston Celtics,0040800111,2009-04-18T00:00:00,BOS vs. CHI,L,16.641666666666666,2,8,0.25,1,4,0.25,0,0,0.0,0,1,1,0,0,1,0,0,0,0,5,-9,9.2,0,0,9.0,1,868,868,868,1136,875,660,1224,300,253,524,930,991,930,848,1051,1206,1072,1046,300,505,1,1,1205,1003,1389,1164,145,5,1144,,16:39,1
2008-09,2550,Kirk Hinrich,Kirk,1610612741,CHI,Chicago Bulls,0040800111,2009-04-18T00:00:00,CHI @ BOS,W,23.268333333333334,1,4,0.25,1,3,0.333,0,0,0.0,0,3,3,0,2,1,0,0,2,2,3,9,7.6,0,0,9.0,1,1,1,1,903,1119,1064,1224,300,391,422,930,991,930,848,569,748,1072,289,300,505,1,667,597,1188,328,1238,145,5,1144,,23:16,1
2008-09,1887,Wally Szczerbiak,Wally,1610612739,CLE,Cleveland Cavaliers,0040800101,2009-04-18T00:00:00,CLE vs. DET,W,12.766666666666667,0,0,0.0,0,0,0.0,2,2,1.0,1,1,2,2,0,1,0,0,2,1,2,-3,10.4,0,0,8.0,1,1,1,1,1278,1397,1595,1397,635,979,635,481,591,1,423,1051,973,488,1046,300,505,1,667,835,1253,1039,1127,145,5,1186,,12:46,1
2008-09,1630,Mikki Moore,Mikki,1610612738,BOS,Boston Celtics,0040800111,2009-04-18T00:00:00,BOS vs. CHI,L,5.511666666666667,1,3,0.333,0,0,0.0,0,0,0.0,2,2,4,0,0,0,0,0,0,0,2,-6,6.8,0,0,6.0,1,868,868,868,1501,1119,1176,1037,635,979,635,930,991,930,220,788,588,1072,1046,778,505,1,1,1205,1253,1235,1268,145,5,1274,,5:31,1
2008-09,101131,Jason Maxiell,Jason,1610612765,DET,Detroit Pistons,0040800101,2009-04-18T00:00:00,DET @ CLE,L,9.45,2,2,1.0,0,0,0.0,0,0,0.0,1,1,2,0,0,0,0,0,1,0,4,-1,6.4,0,0,6.0,1,868,868,868,1382,875,1295,1,635,979,635,930,991,930,423,1051,973,1072,1046,778,505,1,310,1205,1077,871,1284,145,5,1274,,9:27,1
2008-09,101112,Channing Frye,Channing,1610612757,POR,Portland Trail Blazers,0040800171,2009-04-18T00:00:00,POR vs. HOU,L,20.218333333333334,2,5,0.4,0,0,0.0,0,1,0.0,0,2,2,0,0,0,0,0,4,1,4,-15,6.4,0,0,6.0,1,868,868,868,1004,875,946,867,635,979,635,930,920,930,848,788,973,1072,1046,778,505,1,1326,835,1077,1570,1284,145,5,1274,,20:13,1
2008-09,1913,Michael Ruffin,Michael,1610612757,POR,Portland Trail Blazers,0040800171,2009-04-18T00:00:00,POR vs. HOU,L,5.45,0,1,0.0,0,0,0.0,1,2,0.5,3,2,5,0,1,0,0,1,1,2,1,2,6.0,0,0,6.0,1,868,868,868,1502,1397,1432,1397,635,979,635,748,591,723,106,788,442,1072,569,778,505,1168,310,597,1430,653,1312,145,5,1274,,5:27,1
2008-09,201573,Jerryd Bayless,Jerryd,1610612757,POR,Portland Trail Blazers,0040800171,2009-04-18T00:00:00,POR vs. HOU,L,8.766666666666667,1,4,0.25,0,1,0.0,2,3,0.667,0,0,0,0,1,0,1,0,0,2,4,-1,6.0,0,0,6.0,1,868,868,868,1400,1119,1064,1224,635,730,635,481,510,612,848,1379,1447,1072,569,778,189,1,1,597,1077,871,1312,145,5,1274,,8:46,1
2008-09,1501,Tim Thomas,Tim,1610612741,CHI,Chicago Bulls,0040800111,2009-04-18T00:00:00,CHI @ BOS,W,5.105,1,5,0.2,1,2,0.5,0,0,0.0,0,2,2,0,0,0,0,0,2,0,3,0,5.4,0,0,6.0,1,1,1,1,1514,1119,946,1308,300,538,176,930,991,930,848,788,973,1072,1046,778,505,1,667,1205,1188,769,1344,145,5,1274,,5:06,1
2008-09,703,Kurt Thomas,Kurt,1610612759,SAS,San Antonio Spurs,0040800161,2009-04-18T00:00:00,SAS vs. DAL,L,18.1,0,2,0.0,0,0,0.0,0,0,0.0,1,1,2,1,1,1,0,0,1,0,0,-9,5.9,0,0,5.0,1,868,868,868,1080,1397,1295,1397,635,979,635,930,991,930,423,1051,973,729,569,300,505,1,310,1205,1447,1389,1322,145,5,1326,,18:06,1
2008-09,200771,Sergio Rodriguez,Sergio,1610612757,POR,Portland Trail Blazers,0040800171,2009-04-18T00:00:00,POR vs. HOU,L,10.883333333333333,1,4,0.25,0,0,0.0,0,0,0.0,1,0,1,2,1,0,0,1,1,0,2,2,5.2,0,0,5.0,1,868,868,868,1343,1119,1064,1224,635,979,635,930,991,930,423,1379,1206,488,569,778,505,1168,310,1205,1253,653,1356,145,5,1326,,10:53,1
2008-09,950,Stephon Marbury,Stephon,1610612738,BOS,Boston Celtics,0040800111,2009-04-18T00:00:00,BOS vs. CHI,L,10.045,0,2,0.0,0,0,0.0,0,0,0.0,0,2,2,3,2,0,0,0,2,0,0,-4,4.9,0,0,5.0,1,868,868,868,1363,1397,1295,1397,635,979,635,930,991,930,848,788,973,317,289,778,505,1,667,1205,1447,1113,1377,145,5,1326,,10:03,1
2008-09,1477,Bruce Bowen,Bruce,1610612759,SAS,San Antonio Spurs,0040800161,2009-04-18T00:00:00,SAS vs. DAL,L,23.821666666666665,1,1,1.0,1,1,1.0,0,0,0.0,0,1,1,0,0,0,0,0,3,3,3,2,4.2,0,0,5.0,1,868,868,868,891,1119,1432,1,300,730,1,930,991,930,848,1051,1206,1072,1046,778,505,1,1025,409,1188,653,1414,145,5,1326,,23:49,1
2008-09,201587,Nicolas Batum,Nicolas,1610612757,POR,Portland Trail Blazers,0040800171,2009-04-18T00:00:00,POR vs. HOU,L,18.69,1,1,1.0,0,0,0.0,0,0,0.0,0,0,0,0,0,1,0,0,2,0,2,-17,5.0,0,0,4.0,1,868,868,868,1060,1119,1432,1,635,979,635,930,991,930,848,1379,1447,1072,1046,300,505,1,667,1205,1253,1611,1368,145,5,1395,,18:41,1
2008-09,2588,Matt Bonner,Matt,1610612759,SAS,San Antonio Spurs,0040800161,2009-04-18T00:00:00,SAS vs. DAL,L,18.095,0,1,0.0,0,0,0.0,0,0,0.0,1,0,1,0,1,1,0,0,4,0,0,-10,3.2,0,0,3.0,1,868,868,868,1082,1397,1432,1397,635,979,635,930,991,930,423,1379,1206,1072,569,300,505,1,1326,1205,1447,1433,1452,145,5,1443,,18:06,1
2008-09,201164,Rudy Fernandez,Rudy,1610612757,POR,Portland Trail Blazers,0040800171,2009-04-18T00:00:00,POR vs. HOU,L,19.915,1,3,0.333,0,2,0.0,1,1,1.0,0,0,0,0,0,0,0,0,2,3,3,-6,3.0,0,0,3.0,1,868,868,868,1013,1119,1176,1037,635,538,635,748,920,1,848,1379,1447,1072,1046,778,505,1,667,409,1188,1235,1474,145,5,1443,,19:55,1
2008-09,1112,Ben Wallace,Ben,1610612739,CLE,Cleveland Cavaliers,0040800101,2009-04-18T00:00:00,CLE vs. DET,W,11.75,0,0,0.0,0,0,0.0,0,0,0.0,0,1,1,1,0,0,0,0,0,1,0,2,2.7,0,0,2.0,1,1,1,1,1312,1397,1595,1397,635,979,635,930,991,930,848,1051,1206,729,1046,778,505,1,1,835,1447,653,1498,145,5,1494,,11:45,1
2008-09,200814,Tarence Kinsey,Tarence,1610612739,CLE,Cleveland Cavaliers,0040800101,2009-04-18T00:00:00,CLE vs. DET,W,1.3,0,0,0.0,0,0,0.0,2,2,1.0,0,0,0,0,0,0,0,0,0,1,2,3,2.0,0,0,2.0,1,1,1,1,1691,1397,1595,1397,635,979,635,481,591,1,848,1379,1447,1072,1046,778,505,1,1,835,1253,588,1526,145,5,1494,,1:18,1
2008-09,200835,Walter Herrmann,Walter,1610612765,DET,Detroit Pistons,0040800101,2009-04-18T00:00:00,DET @ CLE,L,2.8833333333333333,1,3,0.333,0,1,0.0,0,0,0.0,0,0,0,0,0,0,0,0,0,0,2,-1,2.0,0,0,2.0,1,868,868,868,1624,1119,1176,1037,635,730,635,930,991,930,848,1379,1447,1072,1046,778,505,1,1,1205,1253,871,1526,145,5,1494,,2:53,1
2008-09,699,Brent Barry,Brent,1610612745,HOU,Houston Rockets,0040800171,2009-04-18T00:00:00,HOU @ POR,W,4.25,1,1,1.0,0,0,0.0,0,0,0.0,0,0,0,0,0,0,0,0,0,0,2,-2,2.0,0,0,2.0,1,1,1,1,1547,1119,1432,1,635,979,635,930,991,930,848,1379,1447,1072,1046,778,505,1,1,1205,1253,949,1526,145,5,1494,,4:15,1
2008-09,101161,Amir Johnson,Amir,1610612765,DET,Detroit Pistons,0040800101,2009-04-18T00:00:00,DET @ CLE,L,2.8833333333333333,0,0,0.0,0,0,0.0,0,0,0.0,0,1,1,0,0,0,0,0,0,0,0,-1,1.2,0,0,1.0,1,868,868,868,1624,1397,1595,1397,635,979,635,930,991,930,848,1051,1206,1072,1046,778,505,1,1,1205,1447,871,1567,145,5,1565,,2:53,1
2008-09,201171,Carl Landry,Carl,1610612745,HOU,Houston Rockets,0040800171,2009-04-18T00:00:00,HOU @ POR,W,11.641666666666667,0,2,0.0,0,0,0.0,1,2,0.5,0,0,0,0,1,0,0,0,5,2,1,-6,0.0,0,0,1.0,1,1,1,1,1317,1397,1295,1397,635,979,635,748,591,723,848,1379,1447,1072,569,778,505,1,1564,597,1430,1235,1610,145,5,1565,,11:39,1
2008-09,2562,Sasha Pavlovic,Sasha,1610612739,CLE,Cleveland Cavaliers,0040800101,2009-04-18T00:00:00,CLE vs. DET,W,1.35,0,0,0.0,0,0,0.0,0,0,0.0,0,0,0,0,0,0,0,0,0,0,0,3,0.0,0,0,0.0,1,1,1,1,1690,1397,1595,1397,635,979,635,930,991,930,848,1379,1447,1072,1046,778,505,1,1,1205,1447,588,1610,145,5,1611,,1:21,1
2008-09,201616,Darnell Jackson,Darnell,1610612739,CLE,Cleveland Cavaliers,0040800101,2009-04-18T00:00:00,CLE vs. DET,W,1.3,0,0,0.0,0,0,0.0,0,0,0.0,0,0,0,0,0,0,0,0,0,0,0,3,0.0,0,0,0.0,1,1,1,1,1691,1397,1595,1397,635,979,635,930,991,930,848,1379,1447,1072,1046,778,505,1,1,1205,1447,588,1610,145,5,1611,,1:18,1
2008-09,101236,Chuck Hayes,Chuck,1610612745,HOU,Houston Rockets,0040800171,2009-04-18T00:00:00,HOU @ POR,W,2.2,0,0,0.0,0,0,0.0,0,0,0.0,0,0,0,0,0,0,0,0,0,0,0,-1,0.0,0,0,0.0,1,1,1,1,1651,1397,1595,1397,635,979,635,930,991,930,848,1379,1447,1072,1046,778,505,1,1,1205,1447,871,1610,145,5,1611,,2:12,1
2008-09,101189,James Singleton,James,1610612742,DAL,Dallas Mavericks,0040800161,2009-04-18T00:00:00,DAL @ SAS,W,0.6333333333333333,0,0,0.0,0,0,0.0,0,0,0.0,0,0,0,0,0,0,0,0,0,0,0,-4,0.0,0,0,0.0,1,1,1,1,1716,1397,1595,1397,635,979,635,930,991,930,848,1379,1447,1072,1046,778,505,1,1,1205,1447,1113,1610,145,5,1611,,0:38,1
2008-09,2754,Tony Allen,Tony,1610612738,BOS,Boston Celtics,0040800111,2009-04-18T00:00:00,BOS vs. CHI,L,8.393333333333333,0,1,0.0,0,0,0.0,0,0,0.0,0,0,0,0,0,0,0,0,0,0,0,-9,0.0,0,0,0.0,1,868,868,868,1415,1397,1432,1397,635,979,635,930,991,930,848,1379,1447,1072,1046,778,505,1,1,1205,1447,1389,1610,145,5,1611,,8:24,1
2008-09,200797,Ryan Hollins,Ryan,1610612742,DAL,Dallas Mavericks,0040800161,2009-04-18T00:00:00,DAL @ SAS,W,0.6716666666666666,0,0,0.0,0,0,0.0,0,0,0.0,0,0,0,0,1,0,0,0,0,0,0,0,-1.0,0,0,0.0,1,1,1,1,1714,1397,1595,1397,635,979,635,930,991,930,848,1379,1447,1072,569,778,505,1,1,1205,1447,769,1728,145,5,1611,,0:40,1
