SEASON_YEAR,PLAYER_ID,PLAYER_NAME,NICKNAME,TEAM_ID,TEAM_ABBREVIATION,TEAM_NAME,GAME_ID,GAME_DATE,MATCHUP,WL,MIN,FGM,FGA,FG_PCT,FG3M,FG3A,FG3_PCT,FTM,FTA,FT_PCT,OREB,DREB,REB,AST,TOV,STL,BLK,BLKA,PF,PFD,PTS,PLUS_MINUS,NBA_FANTASY_PTS,DD2,TD3,WNBA_FANTASY_PTS,GP_RANK,W_RANK,L_RANK,W_PCT_RANK,MIN_RANK,FGM_RANK,FGA_RANK,FG_PCT_RANK,FG3M_RANK,FG3A_RANK,FG3_PCT_RANK,FTM_RANK,FTA_RANK,FT_PCT_RANK,OREB_RANK,DREB_RANK,REB_RANK,AST_RANK,TOV_RANK,STL_RANK,BLK_RANK,BLKA_RANK,PF_RANK,PFD_RANK,PTS_RANK,PLUS_MINUS_RANK,NBA_FANTASY_PTS_RANK,DD2_RANK,TD3_RANK,WNBA_FANTASY_PTS_RANK,AVAILABLE_FLAG,MIN_SEC,TEAM_COUNT
2006-07,2544,LeBron James,LeBron,1610612739,CLE,Cleveland Cavaliers,0040600404,2007-06-14T00:00:00,CLE vs. SAS,L,46.483333333333334,10,30,0.333,2,7,0.286,2,6,0.333,0,6,6,10,6,0,0,1,1,7,24,2,40.2,1,0,42.0,1,785,785,785,12,57,4,951,122,44,437,459,197,833,834,200,362,31,17,701,457,1066,257,69,110,581,180,1,3,119,,46:29,1
2006-07,1938,Manu Ginobili,Manu,1610612759,SAS,San Antonio Spurs,0040600404,2007-06-14T00:00:00,SAS @ CLE,W,33.43333333333333,8,19,0.421,3,9,0.333,8,11,0.727,1,4,5,3,1,1,0,1,5,6,27,13,39.5,0,0,40.0,1,1,1,1,507,145,85,755,43,12,351,54,38,530,454,389,466,287,568,278,457,1066,1413,105,59,145,194,171,3,148,,33:26,1
2006-07,1495,Tim Duncan,Tim,1610612759,SAS,San Antonio Spurs,0040600404,2007-06-14T00:00:00,SAS @ CLE,W,40.135,4,15,0.267,0,0,0.0,4,10,0.4,5,10,15,3,6,2,2,1,3,7,12,6,40.5,1,0,38.0,1,1,1,1,235,489,216,1108,543,848,543,231,57,826,31,37,23,287,17,103,55,1066,912,69,503,364,174,1,3,194,,40:08,1
2006-07,2225,Tony Parker,Tony,1610612759,SAS,San Antonio Spurs,0040600404,2007-06-14T00:00:00,SAS @ CLE,W,38.60333333333333,10,14,0.714,2,3,0.667,2,5,0.4,0,7,7,1,3,0,0,0,2,5,24,2,30.9,0,0,34.0,1,1,1,1,310,57,261,139,122,346,86,459,277,826,834,147,278,646,161,701,457,1,563,168,110,581,365,171,3,263,,38:36,1
2006-07,980,Zydrunas Ilgauskas,Zydrunas,1610612739,CLE,Cleveland Cavaliers,0040600404,2007-06-14T00:00:00,CLE vs. SAS,L,25.798333333333332,3,8,0.375,0,0,0.0,2,2,1.0,5,8,13,1,1,0,1,1,3,2,8,-10,27.1,0,0,24.0,1,785,785,785,768,645,616,876,543,848,543,459,556,1,31,90,42,646,568,701,141,1066,912,552,714,1299,474,171,3,513,,25:48,1
2006-07,2400,Drew Gooden,Drew,1610612739,CLE,Cleveland Cavaliers,0040600404,2007-06-14T00:00:00,CLE vs. SAS,L,27.341666666666665,5,12,0.417,0,0,0.0,1,1,1.0,4,7,11,0,1,0,0,0,2,1,11,-11,23.2,1,0,22.0,1,785,785,785,708,378,370,762,543,848,543,675,861,1,64,147,91,986,568,701,457,1,563,769,537,1341,592,1,3,571,,27:21,1
2006-07,200789,Daniel Gibson,Daniel,1610612739,CLE,Cleveland Cavaliers,0040600404,2007-06-14T00:00:00,CLE vs. SAS,L,43.56333333333333,4,10,0.4,2,6,0.333,0,0,0.0,1,1,2,5,0,0,0,0,4,1,10,2,19.9,0,0,19.0,1,785,785,785,109,489,500,790,122,99,351,863,926,863,454,965,913,150,998,701,457,1,1206,769,589,581,668,171,3,658,,43:34,1
2006-07,2760,Anderson Varejao,Anderson,1610612739,CLE,Cleveland Cavaliers,0040600404,2007-06-14T00:00:00,CLE vs. SAS,L,23.81,3,3,1.0,0,0,0.0,2,2,1.0,1,2,3,1,0,3,0,0,4,4,8,4,22.1,0,0,18.0,1,785,785,785,822,645,1052,1,543,848,543,459,556,1,454,737,728,646,998,32,457,1,1206,269,714,462,619,171,3,689,,23:49,1
2006-07,101177,Fabricio Oberto,Fabricio,1610612759,SAS,San Antonio Spurs,0040600404,2007-06-14T00:00:00,SAS @ CLE,W,25.4,3,5,0.6,0,0,0.0,1,1,1.0,3,2,5,0,0,1,0,0,2,1,7,5,16.0,0,0,14.0,1,1,1,1,780,645,859,268,543,848,543,675,861,1,128,737,466,986,998,278,457,1,563,769,782,416,792,171,3,821,,25:24,1
2006-07,1800,Damon Jones,Damon,1610612739,CLE,Cleveland Cavaliers,0040600404,2007-06-14T00:00:00,CLE vs. SAS,L,19.491666666666667,2,5,0.4,2,4,0.5,3,3,1.0,0,1,1,2,0,0,0,0,1,1,9,7,13.2,0,0,14.0,1,785,785,785,948,816,859,790,122,236,153,334,481,1,834,965,1101,423,998,701,457,1,257,769,648,322,890,171,3,821,,19:30,1
2006-07,923,Donyell Marshall,Donyell,1610612739,CLE,Cleveland Cavaliers,0040600404,2007-06-14T00:00:00,CLE vs. SAS,L,18.916666666666668,2,6,0.333,0,3,0.0,1,2,0.5,1,3,4,2,1,1,0,0,4,1,5,15,14.8,0,0,13.0,1,785,785,785,967,816,766,951,543,346,543,675,556,656,454,545,565,423,568,278,457,1,1206,769,911,108,829,171,3,867,,18:55,1
2006-07,1477,Bruce Bowen,Bruce,1610612759,SAS,San Antonio Spurs,0040600404,2007-06-14T00:00:00,SAS @ CLE,W,42.125,1,6,0.167,0,3,0.0,0,0,0.0,1,4,5,3,0,0,0,0,4,0,2,0,12.5,0,0,10.0,1,1,1,1,154,994,766,1200,543,346,543,863,926,863,454,389,466,287,998,701,457,1,1206,1118,1125,715,919,171,3,983,,42:08,1
2006-07,727,Eric Snow,Eric,1610612739,CLE,Cleveland Cavaliers,0040600404,2007-06-14T00:00:00,CLE vs. SAS,L,13.193333333333333,2,4,0.5,0,0,0.0,0,0,0.0,0,1,1,2,1,0,1,0,1,2,4,-7,10.2,0,0,9.0,1,785,785,785,1160,816,953,409,543,848,543,863,926,863,834,965,1101,423,568,701,141,1,257,552,976,1179,1011,171,3,1022,,13:12,1
2006-07,2562,Sasha Pavlovic,Sasha,1610612739,CLE,Cleveland Cavaliers,0040600404,2007-06-14T00:00:00,CLE vs. SAS,L,21.393333333333334,1,6,0.167,1,2,0.5,0,0,0.0,0,1,1,0,0,1,0,0,4,0,3,-5,7.2,0,0,7.0,1,785,785,785,882,994,766,1200,287,485,153,863,926,863,834,965,1101,986,998,278,457,1,1206,1118,1052,1073,1136,171,3,1113,,21:24,1
2006-07,714,Michael Finley,Michael,1610612759,SAS,San Antonio Spurs,0040600404,2007-06-14T00:00:00,SAS @ CLE,W,15.651666666666667,1,5,0.2,0,2,0.0,2,3,0.667,0,2,2,0,0,0,0,0,0,1,4,-10,6.4,0,0,6.0,1,1,1,1,1087,994,859,1169,543,485,543,459,481,556,834,737,913,986,998,701,457,1,1,769,976,1299,1176,171,3,1166,,15:39,1
2006-07,1922,Francisco Elson,Francisco,1610612759,SAS,San Antonio Spurs,0040600404,2007-06-14T00:00:00,SAS @ CLE,W,10.916666666666666,1,1,1.0,0,0,0.0,2,2,1.0,0,0,0,0,1,1,0,0,0,1,4,1,6.0,0,0,6.0,1,1,1,1,1237,994,1299,1,543,848,543,459,556,1,834,1251,1327,986,568,278,457,1,1,769,976,656,1201,171,3,1166,,10:55,1
2006-07,109,Robert Horry,Robert,1610612759,SAS,San Antonio Spurs,0040600404,2007-06-14T00:00:00,SAS @ CLE,W,19.031666666666666,0,2,0.0,0,2,0.0,1,2,0.5,1,2,3,1,2,0,0,0,1,2,1,-1,4.1,0,0,5.0,1,1,1,1,964,1243,1167,1243,543,485,543,675,556,656,454,737,728,646,308,701,457,1,257,552,1285,812,1297,171,3,1212,,19:02,1
2006-07,1521,Jacque Vaughn,Jacque,1610612759,SAS,San Antonio Spurs,0040600404,2007-06-14T00:00:00,SAS @ CLE,W,9.396666666666667,1,1,1.0,0,0,0.0,0,0,0.0,0,1,1,1,0,0,0,0,1,1,2,-1,4.7,0,0,4.0,1,1,1,1,1278,994,1299,1,543,848,543,863,926,863,834,965,1101,646,998,701,457,1,257,769,1125,812,1264,171,3,1264,,9:24,1
2006-07,699,Brent Barry,Brent,1610612759,SAS,San Antonio Spurs,0040600404,2007-06-14T00:00:00,SAS @ CLE,W,5.306666666666667,0,0,0.0,0,0,0.0,0,0,0.0,0,2,2,1,1,0,0,0,1,0,0,-10,2.9,0,0,3.0,1,1,1,1,1389,1243,1436,1243,543,848,543,863,926,863,834,737,913,646,568,701,457,1,257,1118,1311,1299,1354,171,3,1315,,5:18,1
2006-07,200769,Shannon Brown,Shannon,1610612739,CLE,Cleveland Cavaliers,0040600404,2007-06-14T00:00:00,CLE vs. SAS,L,0.008333333333333333,0,0,0.0,0,0,0.0,0,0,0.0,0,0,0,0,0,0,0,0,0,0,0,-2,0.0,0,0,0.0,1,785,785,785,1562,1243,1436,1243,543,848,543,863,926,863,834,1251,1327,986,998,701,457,1,1,1118,1311,865,1461,171,3,1463,,0:01,1
2006-07,2544,LeBron James,LeBron,1610612739,CLE,Cleveland Cavaliers,0040600403,2007-06-12T00:00:00,CLE vs. SAS,L,41.983333333333334,9,23,0.391,0,5,0.0,7,8,0.875,0,8,8,7,5,2,1,0,3,6,25,4,49.1,0,0,46.0,1,785,785,785,160,92,25,856,543,160,543,82,103,348,834,90,216,78,39,103,141,1,912,105,95,462,74,171,3,74,,41:59,1
2006-07,980,Zydrunas Ilgauskas,Zydrunas,1610612739,CLE,Cleveland Cavaliers,0040600403,2007-06-12T00:00:00,CLE vs. SAS,L,32.20333333333333,6,13,0.462,0,0,0.0,0,1,0.0,10,8,18,0,3,1,1,0,2,1,12,-4,36.6,1,0,34.0,1,785,785,785,547,288,316,640,543,848,543,863,861,863,1,90,7,986,161,278,141,1,563,769,503,1002,250,1,3,263,,32:12,1
2006-07,1495,Tim Duncan,Tim,1610612759,SAS,San Antonio Spurs,0040600403,2007-06-12T00:00:00,SAS @ CLE,W,33.895,6,17,0.353,0,0,0.0,2,2,1.0,2,7,9,3,2,1,2,2,4,4,14,0,36.3,0,0,32.0,1,1,1,1,495,288,145,945,543,848,543,459,556,1,229,147,169,287,308,278,55,1423,1206,269,410,715,253,171,3,296,,33:54,1
2006-07,1477,Bruce Bowen,Bruce,1610612759,SAS,San Antonio Spurs,0040600403,2007-06-12T00:00:00,SAS @ CLE,W,43.651666666666664,4,6,0.667,4,5,0.8,1,4,0.25,0,9,9,1,1,1,0,0,1,3,13,-3,27.3,0,0,29.0,1,1,1,1,106,489,766,158,16,160,68,675,332,851,834,56,169,646,568,278,457,1,257,396,450,937,469,171,3,363,,43:39,1
2006-07,2400,Drew Gooden,Drew,1610612739,CLE,Cleveland Cavaliers,0040600403,2007-06-12T00:00:00,CLE vs. SAS,L,32.68333333333333,5,11,0.455,0,0,0.0,3,4,0.75,4,8,12,1,2,0,1,1,6,2,13,0,29.9,1,0,28.0,1,785,785,785,535,378,430,654,543,848,543,334,332,449,64,90,59,646,308,701,141,1066,1524,552,450,715,393,1,3,391,,32:41,1
2006-07,2225,Tony Parker,Tony,1610612759,SAS,San Antonio Spurs,0040600403,2007-06-12T00:00:00,SAS @ CLE,W,38.95166666666667,7,17,0.412,1,3,0.333,2,4,0.5,1,4,5,3,3,0,0,1,0,3,17,1,24.5,0,0,26.0,1,1,1,1,298,201,145,780,287,346,351,459,332,656,454,389,466,287,161,701,457,1066,1,396,295,656,555,171,3,455,,38:57,1
2006-07,714,Michael Finley,Michael,1610612759,SAS,San Antonio Spurs,0040600403,2007-06-12T00:00:00,SAS @ CLE,W,23.95,3,7,0.429,1,3,0.333,0,0,0.0,0,2,2,1,1,4,0,1,1,0,7,-8,21.9,0,0,19.0,1,1,1,1,818,645,690,716,287,346,351,863,926,863,834,737,913,646,568,8,457,1066,257,1118,782,1221,625,171,3,658,,23:57,1
2006-07,2562,Sasha Pavlovic,Sasha,1610612739,CLE,Cleveland Cavaliers,0040600403,2007-06-12T00:00:00,CLE vs. SAS,L,41.733333333333334,5,15,0.333,2,6,0.333,1,2,0.5,0,0,0,3,1,0,0,1,3,2,13,-1,16.5,0,0,18.0,1,785,785,785,169,378,216,951,122,99,351,675,556,656,834,1251,1327,287,568,701,457,1066,912,552,450,812,769,171,3,689,,41:44,1
2006-07,2760,Anderson Varejao,Anderson,1610612739,CLE,Cleveland Cavaliers,0040600403,2007-06-12T00:00:00,CLE vs. SAS,L,14.626666666666667,2,4,0.5,0,0,0.0,0,0,0.0,1,3,4,0,1,2,2,0,1,2,4,3,19.8,0,0,16.0,1,785,785,785,1119,816,953,409,543,848,543,863,926,863,454,545,565,986,568,103,55,1,257,552,976,517,673,171,3,757,,14:38,1
2006-07,699,Brent Barry,Brent,1610612759,SAS,San Antonio Spurs,0040600403,2007-06-12T00:00:00,SAS @ CLE,W,17.45,3,5,0.6,3,4,0.75,0,0,0.0,1,1,2,0,1,1,0,0,1,0,9,13,13.4,0,0,16.0,1,1,1,1,1015,645,859,268,43,236,71,863,926,863,454,965,913,986,568,278,457,1,257,1118,648,145,880,171,3,757,,17:27,1
2006-07,1938,Manu Ginobili,Manu,1610612759,SAS,San Antonio Spurs,0040600403,2007-06-12T00:00:00,SAS @ CLE,W,27.183333333333334,0,7,0.0,0,3,0.0,3,4,0.75,0,4,4,5,3,0,0,0,2,3,3,7,12.3,0,0,12.0,1,1,1,1,711,1243,690,1243,543,346,543,334,332,449,834,389,565,150,161,701,457,1,563,396,1052,322,924,171,3,907,,27:11,1
2006-07,109,Robert Horry,Robert,1610612759,SAS,San Antonio Spurs,0040600403,2007-06-12T00:00:00,SAS @ CLE,W,19.663333333333334,1,1,1.0,1,1,1.0,0,0,0.0,1,4,5,2,0,0,0,0,1,1,3,3,12.0,0,0,11.0,1,1,1,1,945,994,1299,1,287,649,1,863,926,863,454,389,466,423,998,701,457,1,257,769,1052,517,934,171,3,937,,19:40,1
2006-07,101177,Fabricio Oberto,Fabricio,1610612759,SAS,San Antonio Spurs,0040600403,2007-06-12T00:00:00,SAS @ CLE,W,20.533333333333335,3,7,0.429,0,0,0.0,0,0,0.0,1,3,4,0,2,0,0,1,3,2,6,5,8.8,0,0,10.0,1,1,1,1,917,645,690,716,543,848,543,863,926,863,454,545,565,986,308,701,457,1066,912,552,837,416,1068,171,3,983,,20:32,1
2006-07,727,Eric Snow,Eric,1610612739,CLE,Cleveland Cavaliers,0040600403,2007-06-12T00:00:00,CLE vs. SAS,L,16.625,0,0,0.0,0,0,0.0,0,0,0.0,0,1,1,5,0,1,0,0,0,0,0,1,11.7,0,0,8.0,1,785,785,785,1050,1243,1436,1243,543,848,543,863,926,863,834,965,1101,150,998,278,457,1,1,1118,1311,656,946,171,3,1070,,16:38,1
2006-07,200789,Daniel Gibson,Daniel,1610612739,CLE,Cleveland Cavaliers,0040600403,2007-06-12T00:00:00,CLE vs. SAS,L,36.11666666666667,1,10,0.1,0,5,0.0,0,0,0.0,0,3,3,1,0,1,0,0,0,2,2,-11,10.1,0,0,8.0,1,785,785,785,413,994,500,1239,543,160,543,863,926,863,834,545,728,646,998,278,457,1,1,552,1125,1341,1018,171,3,1070,,36:07,1
2006-07,1800,Damon Jones,Damon,1610612739,CLE,Cleveland Cavaliers,0040600403,2007-06-12T00:00:00,CLE vs. SAS,L,17.843333333333334,1,2,0.5,1,2,0.5,0,0,0.0,0,1,1,2,0,0,0,0,1,0,3,-5,7.2,0,0,7.0,1,785,785,785,1002,994,1167,409,287,485,153,863,926,863,834,965,1101,423,998,701,457,1,257,1118,1052,1073,1136,171,3,1113,,17:51,1
2006-07,1521,Jacque Vaughn,Jacque,1610612759,SAS,San Antonio Spurs,0040600403,2007-06-12T00:00:00,SAS @ CLE,W,8.966666666666667,1,1,1.0,0,0,0.0,0,0,0.0,0,0,0,0,0,0,0,0,1,0,2,2,2.0,0,0,2.0,1,1,1,1,1285,994,1299,1,543,848,543,863,926,863,834,1251,1327,986,998,701,457,1,257,1118,1125,581,1379,171,3,1362,,8:58,1
2006-07,1922,Francisco Elson,Francisco,1610612759,SAS,San Antonio Spurs,0040600403,2007-06-12T00:00:00,SAS @ CLE,W,5.755,0,0,0.0,0,0,0.0,1,2,0.5,1,0,1,0,1,0,0,0,1,1,1,-5,1.2,0,0,2.0,1,1,1,1,1374,1243,1436,1243,543,848,543,675,556,656,454,1251,1101,986,568,701,457,1,257,769,1285,1073,1421,171,3,1362,,5:45,1
2006-07,923,Donyell Marshall,Donyell,1610612739,CLE,Cleveland Cavaliers,0040600403,2007-06-12T00:00:00,CLE vs. SAS,L,6.185,0,1,0.0,0,1,0.0,0,0,0.0,0,1,1,0,0,0,0,0,1,0,0,-2,1.2,0,0,1.0,1,785,785,785,1362,1243,1299,1243,543,649,543,863,926,863,834,965,1101,986,998,701,457,1,257,1118,1311,865,1421,171,3,1423,,6:11,1
2006-07,1938,Manu Ginobili,Manu,1610612759,SAS,San Antonio Spurs,0040600402,2007-06-10T00:00:00,SAS vs. CLE,W,28.118333333333332,5,11,0.455,4,6,0.667,11,11,1.0,0,6,6,2,3,3,0,0,5,7,25,17,41.2,0,0,43.0,1,1,1,1,679,378,430,654,16,99,86,16,38,1,834,200,362,423,161,32,457,1,1413,69,95,79,161,171,3,100,,28:07,1
2006-07,1495,Tim Duncan,Tim,1610612759,SAS,San Antonio Spurs,0040600402,2007-06-10T00:00:00,SAS vs. CLE,W,35.95333333333333,9,16,0.563,0,0,0.0,5,7,0.714,4,5,9,8,1,0,0,1,4,5,23,10,44.8,0,0,40.0,1,1,1,1,420,92,175,331,543,848,543,164,154,535,64,293,169,56,568,701,457,1066,1206,168,133,227,119,171,3,148,,35:57,1
2006-07,2544,LeBron James,LeBron,1610612739,CLE,Cleveland Cavaliers,0040600402,2007-06-10T00:00:00,CLE @ SAS,L,38.00333333333333,9,21,0.429,0,2,0.0,7,11,0.636,3,4,7,6,6,1,0,1,3,8,25,-5,39.4,0,0,40.0,1,785,785,785,335,92,52,716,543,485,543,82,38,615,128,389,278,112,17,278,457,1066,912,34,95,1073,197,171,3,148,,38:00,1
2006-07,2225,Tony Parker,Tony,1610612759,SAS,San Antonio Spurs,0040600402,2007-06-10T00:00:00,SAS vs. CLE,W,35.72,13,20,0.65,1,1,1.0,3,4,0.75,1,3,4,2,2,1,0,1,2,3,30,10,38.8,0,0,39.0,1,1,1,1,432,11,67,220,287,649,1,334,332,449,454,545,565,423,308,278,457,1066,563,396,36,227,213,171,3,170,,35:43,1
2006-07,109,Robert Horry,Robert,1610612759,SAS,San Antonio Spurs,0040600402,2007-06-10T00:00:00,SAS vs. CLE,W,26.426666666666666,1,3,0.333,1,2,0.5,2,2,1.0,2,7,9,4,0,0,5,0,3,1,5,27,36.8,0,0,29.0,1,1,1,1,748,994,1052,951,287,485,153,459,556,1,229,147,169,206,998,701,5,1,912,769,911,6,246,171,3,363,,26:26,1
2006-07,2400,Drew Gooden,Drew,1610612739,CLE,Cleveland Cavaliers,0040600402,2007-06-10T00:00:00,CLE @ SAS,L,24.35,6,12,0.5,0,1,0.0,1,1,1.0,3,3,6,0,0,0,1,3,2,2,13,-12,23.2,0,0,21.0,1,785,785,785,805,288,370,409,543,649,543,675,861,1,128,545,362,986,998,701,141,1516,563,552,450,1378,592,171,3,604,,24:21,1
2006-07,2760,Anderson Varejao,Anderson,1610612739,CLE,Cleveland Cavaliers,0040600402,2007-06-10T00:00:00,CLE @ SAS,L,28.366666666666667,2,2,1.0,0,0,0.0,4,7,0.571,1,9,10,2,0,0,0,0,4,5,8,2,23.0,0,0,20.0,1,785,785,785,670,816,1167,1,543,848,543,231,154,642,454,56,122,423,998,701,457,1,1206,168,714,581,600,171,3,626,,28:22,1
2006-07,200789,Daniel Gibson,Daniel,1610612739,CLE,Cleveland Cavaliers,0040600402,2007-06-10T00:00:00,CLE @ SAS,L,31.85333333333333,6,12,0.5,2,5,0.4,1,1,1.0,0,1,1,0,0,1,0,1,3,0,15,-1,19.2,0,0,20.0,1,785,785,785,559,288,370,409,122,160,309,675,861,1,834,965,1101,986,998,278,457,1066,912,1118,375,812,697,171,3,626,,31:51,1
2006-07,2562,Sasha Pavlovic,Sasha,1610612739,CLE,Cleveland Cavaliers,0040600402,2007-06-10T00:00:00,CLE @ SAS,L,26.913333333333334,4,11,0.364,2,3,0.667,0,2,0.0,2,2,4,0,3,1,0,1,1,4,10,-23,14.8,0,0,18.0,1,785,785,785,724,489,430,910,122,346,86,863,556,863,229,737,565,986,161,278,457,1066,257,269,589,1546,829,171,3,689,,26:55,1
2006-07,980,Zydrunas Ilgauskas,Zydrunas,1610612739,CLE,Cleveland Cavaliers,0040600402,2007-06-10T00:00:00,CLE @ SAS,L,21.8,3,8,0.375,0,0,0.0,3,3,1.0,1,3,4,0,0,0,1,0,3,2,9,-19,16.8,0,0,15.0,1,785,785,785,872,645,616,876,543,848,543,334,481,1,454,545,565,986,998,701,141,1,912,552,648,1519,756,171,3,792,,21:48,1
2006-07,923,Donyell Marshall,Donyell,1610612739,CLE,Cleveland Cavaliers,0040600402,2007-06-10T00:00:00,CLE @ SAS,L,20.57,1,4,0.25,1,3,0.333,2,2,1.0,1,1,2,3,0,1,0,0,2,1,5,7,14.9,0,0,13.0,1,785,785,785,914,994,953,1112,287,346,351,459,556,1,454,965,913,287,998,278,457,1,563,769,911,322,825,171,3,867,,20:34,1
2006-07,1477,Bruce Bowen,Bruce,1610612759,SAS,San Antonio Spurs,0040600402,2007-06-10T00:00:00,SAS vs. CLE,W,40.61833333333333,1,9,0.111,1,6,0.167,0,0,0.0,1,4,5,0,1,1,1,0,1,1,3,6,14.0,0,0,13.0,1,1,1,1,214,994,553,1237,287,99,516,863,926,863,454,389,466,986,568,278,141,1,257,769,1052,364,861,171,3,867,,40:37,1
2006-07,1800,Damon Jones,Damon,1610612739,CLE,Cleveland Cavaliers,0040600402,2007-06-10T00:00:00,CLE @ SAS,L,15.45,2,4,0.5,2,3,0.667,0,0,0.0,1,2,3,0,0,0,0,0,0,0,6,19,9.6,0,0,11.0,1,785,785,785,1093,816,953,409,122,346,86,863,926,863,454,737,728,986,998,701,457,1,1,1118,837,53,1039,171,3,937,,15:27,1
2006-07,1922,Francisco Elson,Francisco,1610612759,SAS,San Antonio Spurs,0040600402,2007-06-10T00:00:00,SAS vs. CLE,W,13.301666666666666,3,3,1.0,0,0,0.0,0,0,0.0,2,1,3,0,1,0,0,0,3,0,6,-16,8.6,0,0,9.0,1,1,1,1,1156,645,1052,1,543,848,543,863,926,863,229,965,728,986,568,701,457,1,912,1118,837,1477,1074,171,3,1022,,13:18,1
2006-07,101177,Fabricio Oberto,Fabricio,1610612759,SAS,San Antonio Spurs,0040600402,2007-06-10T00:00:00,SAS vs. CLE,W,20.31833333333333,2,3,0.667,0,0,0.0,0,2,0.0,1,3,4,0,1,0,0,0,3,1,4,1,7.8,0,0,8.0,1,1,1,1,921,816,1052,158,543,848,543,863,556,863,454,545,565,986,568,701,457,1,912,769,976,656,1112,171,3,1070,,20:19,1
2006-07,1521,Jacque Vaughn,Jacque,1610612759,SAS,San Antonio Spurs,0040600402,2007-06-10T00:00:00,SAS vs. CLE,W,12.28,1,2,0.5,0,0,0.0,0,0,0.0,0,3,3,2,0,0,0,0,0,0,2,1,8.6,0,0,7.0,1,1,1,1,1187,994,1167,409,543,848,543,863,926,863,834,545,728,423,998,701,457,1,1,1118,1125,656,1074,171,3,1113,,12:17,1
2006-07,714,Michael Finley,Michael,1610612759,SAS,San Antonio Spurs,0040600402,2007-06-10T00:00:00,SAS vs. CLE,W,14.6,1,4,0.25,0,3,0.0,0,0,0.0,1,0,1,2,1,1,0,0,2,0,2,3,8.2,0,0,7.0,1,1,1,1,1121,994,953,1112,543,346,543,863,926,863,454,1251,1101,423,568,278,457,1,563,1118,1125,517,1097,171,3,1113,,14:36,1
2006-07,699,Brent Barry,Brent,1610612759,SAS,San Antonio Spurs,0040600402,2007-06-10T00:00:00,SAS vs. CLE,W,11.75,1,6,0.167,1,6,0.167,0,0,0.0,0,2,2,1,0,0,0,0,0,1,3,-4,6.9,0,0,7.0,1,1,1,1,1206,994,766,1200,287,99,516,863,926,863,834,737,913,646,998,701,457,1,1,769,1052,1002,1152,171,3,1113,,11:45,1
2006-07,1716,Larry Hughes,Larry,1610612739,CLE,Cleveland Cavaliers,0040600402,2007-06-10T00:00:00,CLE @ SAS,L,20.283333333333335,0,5,0.0,0,1,0.0,0,0,0.0,0,2,2,2,2,1,0,0,1,0,0,-14,6.4,0,0,6.0,1,785,785,785,924,1243,859,1243,543,649,543,863,926,863,834,737,913,423,308,278,457,1,257,1118,1311,1440,1176,171,3,1166,,20:17,1
2006-07,727,Eric Snow,Eric,1610612739,CLE,Cleveland Cavaliers,0040600402,2007-06-10T00:00:00,CLE @ SAS,L,10.583333333333334,0,1,0.0,0,0,0.0,1,2,0.5,1,1,2,2,0,0,0,0,0,1,1,-9,6.4,0,0,5.0,1,785,785,785,1245,1243,1299,1243,543,848,543,675,556,656,454,965,913,423,998,701,457,1,1,769,1285,1258,1176,171,3,1212,,10:35,1
2006-07,1956,Ira Newble,Ira,1610612739,CLE,Cleveland Cavaliers,0040600402,2007-06-10T00:00:00,CLE @ SAS,L,0.9133333333333333,0,1,0.0,0,1,0.0,0,0,0.0,0,1,1,0,0,0,0,0,0,0,0,0,1.2,0,0,1.0,1,785,785,785,1528,1243,1299,1243,543,649,543,863,926,863,834,965,1101,986,998,701,457,1,1,1118,1311,715,1421,171,3,1423,,0:55,1
2006-07,2757,Beno Udrih,Beno,1610612759,SAS,San Antonio Spurs,0040600402,2007-06-10T00:00:00,SAS vs. CLE,W,0.9133333333333333,0,0,0.0,0,0,0.0,0,0,0.0,0,0,0,0,0,0,0,0,0,0,0,0,0.0,0,0,0.0,1,1,1,1,1528,1243,1436,1243,543,848,543,863,926,863,834,1251,1327,986,998,701,457,1,1,1118,1311,715,1461,171,3,1463,,0:55,1
2006-07,1513,Scot Pollard,Scot,1610612739,CLE,Cleveland Cavaliers,0040600402,2007-06-10T00:00:00,CLE @ SAS,L,0.9133333333333333,0,0,0.0,0,0,0.0,0,0,0.0,0,0,0,0,0,0,0,0,0,0,0,0,0.0,0,0,0.0,1,785,785,785,1528,1243,1436,1243,543,848,543,863,926,863,834,1251,1327,986,998,701,457,1,1,1118,1311,715,1461,171,3,1463,,0:55,1
2006-07,1495,Tim Duncan,Tim,1610612759,SAS,San Antonio Spurs,0040600401,2007-06-07T00:00:00,SAS vs. CLE,W,39.17,10,17,0.588,0,0,0.0,4,5,0.8,5,8,13,1,2,2,5,1,2,5,24,8,60.1,1,0,52.0,1,1,1,1,285,57,145,299,543,848,543,231,277,409,31,90,42,646,308,103,5,1066,563,168,110,288,19,1,3,29,,39:10,1
2006-07,2225,Tony Parker,Tony,1610612759,SAS,San Antonio Spurs,0040600401,2007-06-07T00:00:00,SAS vs. CLE,W,38.06166666666667,12,23,0.522,0,0,0.0,3,6,0.5,1,3,4,7,4,2,0,1,1,4,27,3,44.3,0,0,42.0,1,1,1,1,333,18,25,406,543,848,543,334,197,656,454,545,565,78,88,103,457,1066,257,269,59,517,126,171,3,119,,38:04,1
2006-07,200789,Daniel Gibson,Daniel,1610612739,CLE,Cleveland Cavaliers,0040600401,2007-06-07T00:00:00,CLE @ SAS,L,27.8,7,9,0.778,2,3,0.667,0,0,0.0,0,1,1,4,0,4,0,0,1,0,16,4,35.2,0,0,31.0,1,785,785,785,694,201,553,108,122,346,86,863,926,863,834,965,1101,206,998,8,457,1,257,1118,329,462,272,171,3,318,,27:48,1
2006-07,2544,LeBron James,LeBron,1610612739,CLE,Cleveland Cavaliers,0040600401,2007-06-07T00:00:00,CLE @ SAS,L,44.005,4,16,0.25,2,6,0.333,4,4,1.0,1,6,7,4,6,1,1,1,1,4,14,-5,28.4,0,0,31.0,1,785,785,785,95,489,175,1112,122,99,351,231,332,1,454,200,278,206,17,278,141,1066,257,269,410,1073,432,171,3,318,,44:00,1
2006-07,1938,Manu Ginobili,Manu,1610612759,SAS,San Antonio Spurs,0040600401,2007-06-07T00:00:00,SAS vs. CLE,W,28.385,5,12,0.417,3,5,0.6,3,4,0.75,0,8,8,0,2,1,0,0,3,4,16,9,26.6,0,0,29.0,1,1,1,1,669,378,370,762,43,160,129,334,332,449,834,90,216,986,308,278,457,1,912,269,329,259,485,171,3,363,,28:23,1
2006-07,2400,Drew Gooden,Drew,1610612739,CLE,Cleveland Cavaliers,0040600401,2007-06-07T00:00:00,CLE @ SAS,L,25.8,6,9,0.667,0,0,0.0,2,2,1.0,1,3,4,0,2,1,0,0,4,1,14,-5,19.8,0,0,20.0,1,785,785,785,767,288,553,158,543,848,543,459,556,1,454,545,565,986,308,278,457,1,1206,769,410,1073,673,171,3,626,,25:48,1
2006-07,2562,Sasha Pavlovic,Sasha,1610612739,CLE,Cleveland Cavaliers,0040600401,2007-06-07T00:00:00,CLE @ SAS,L,36.825,6,12,0.5,0,1,0.0,1,2,0.5,2,3,5,0,1,0,0,2,2,1,13,-5,18.0,0,0,18.0,1,785,785,785,391,288,370,409,543,649,543,675,556,656,229,545,466,986,568,701,457,1423,563,769,450,1073,731,171,3,689,,36:50,1
2006-07,2760,Anderson Varejao,Anderson,1610612739,CLE,Cleveland Cavaliers,0040600401,2007-06-07T00:00:00,CLE @ SAS,L,31.038333333333334,3,6,0.5,0,0,0.0,4,7,0.571,3,1,4,0,1,0,0,1,3,9,10,5,13.8,0,0,14.0,1,785,785,785,580,645,766,409,543,848,543,231,154,642,128,965,565,986,568,701,457,1066,912,15,589,416,865,171,3,821,,31:02,1
2006-07,980,Zydrunas Ilgauskas,Zydrunas,1610612739,CLE,Cleveland Cavaliers,0040600401,2007-06-07T00:00:00,CLE @ SAS,L,23.433333333333334,1,8,0.125,0,0,0.0,0,0,0.0,2,4,6,1,0,1,1,1,2,0,2,-18,16.7,0,0,13.0,1,785,785,785,833,994,616,1231,543,848,543,863,926,863,229,389,362,646,998,278,141,1066,563,1118,1125,1509,760,171,3,867,,23:26,1
2006-07,109,Robert Horry,Robert,1610612759,SAS,San Antonio Spurs,0040600401,2007-06-07T00:00:00,SAS vs. CLE,W,23.003333333333334,1,3,0.333,1,3,0.333,0,0,0.0,0,1,1,6,3,1,0,0,2,1,3,-2,13.2,0,0,13.0,1,1,1,1,845,994,1052,951,287,346,351,863,926,863,834,965,1101,112,161,278,457,1,563,769,1052,865,890,171,3,867,,23:00,1
2006-07,1477,Bruce Bowen,Bruce,1610612759,SAS,San Antonio Spurs,0040600401,2007-06-07T00:00:00,SAS vs. CLE,W,40.443333333333335,2,6,0.333,2,4,0.5,0,0,0.0,1,2,3,1,1,0,0,0,1,0,6,12,10.1,0,0,12.0,1,1,1,1,225,816,766,951,122,236,153,863,926,863,454,737,728,646,568,701,457,1,257,1118,837,171,1018,171,3,907,,40:27,1
2006-07,1922,Francisco Elson,Francisco,1610612759,SAS,San Antonio Spurs,0040600401,2007-06-07T00:00:00,SAS vs. CLE,W,15.78,2,2,1.0,0,0,0.0,1,1,1.0,3,3,6,0,0,0,0,0,1,1,5,3,12.2,0,0,11.0,1,1,1,1,1081,816,1167,1,543,848,543,675,861,1,128,545,362,986,998,701,457,1,257,769,911,517,927,171,3,937,,15:47,1
2006-07,923,Donyell Marshall,Donyell,1610612739,CLE,Cleveland Cavaliers,0040600401,2007-06-07T00:00:00,CLE @ SAS,L,15.493333333333334,2,5,0.4,1,4,0.25,0,0,0.0,0,2,2,0,1,1,0,0,1,0,5,3,9.4,0,0,10.0,1,785,785,785,1090,816,859,790,287,236,446,863,926,863,834,737,913,986,568,278,457,1,257,1118,911,517,1049,171,3,983,,15:30,1
2006-07,101177,Fabricio Oberto,Fabricio,1610612759,SAS,San Antonio Spurs,0040600401,2007-06-07T00:00:00,SAS vs. CLE,W,17.05,0,2,0.0,0,0,0.0,0,0,0.0,2,2,4,2,1,0,0,0,3,1,0,7,6.8,0,0,6.0,1,1,1,1,1027,1243,1167,1243,543,848,543,863,926,863,229,737,565,423,568,701,457,1,912,769,1311,322,1157,171,3,1166,,17:03,1
2006-07,714,Michael Finley,Michael,1610612759,SAS,San Antonio Spurs,0040600401,2007-06-07T00:00:00,SAS vs. CLE,W,19.955,1,7,0.143,0,4,0.0,0,0,0.0,0,3,3,0,0,0,0,0,1,0,2,4,5.6,0,0,5.0,1,1,1,1,935,994,690,1222,543,236,543,863,926,863,834,545,728,986,998,701,457,1,257,1118,1125,462,1217,171,3,1212,,19:57,1
2006-07,1716,Larry Hughes,Larry,1610612739,CLE,Cleveland Cavaliers,0040600401,2007-06-07T00:00:00,CLE @ SAS,L,23.433333333333334,1,5,0.2,0,1,0.0,0,0,0.0,0,3,3,0,0,0,0,0,2,0,2,-18,5.6,0,0,5.0,1,785,785,785,833,994,859,1169,543,649,543,863,926,863,834,545,728,986,998,701,457,1,563,1118,1125,1509,1217,171,3,1212,,23:26,1
2006-07,1521,Jacque Vaughn,Jacque,1610612759,SAS,San Antonio Spurs,0040600401,2007-06-07T00:00:00,SAS vs. CLE,W,9.938333333333333,1,3,0.333,0,0,0.0,0,0,0.0,1,0,1,1,0,0,0,0,0,0,2,6,4.7,0,0,4.0,1,1,1,1,1262,994,1052,951,543,848,543,863,926,863,454,1251,1101,646,998,701,457,1,1,1118,1125,364,1264,171,3,1264,,9:56,1
2006-07,2757,Beno Udrih,Beno,1610612759,SAS,San Antonio Spurs,0040600401,2007-06-07T00:00:00,SAS vs. CLE,W,0.29833333333333334,0,0,0.0,0,0,0.0,0,0,0.0,0,0,0,0,0,0,0,0,0,0,0,-2,0.0,0,0,0.0,1,1,1,1,1549,1243,1436,1243,543,848,543,863,926,863,834,1251,1327,986,998,701,457,1,1,1118,1311,865,1461,171,3,1463,,0:18,1
2006-07,1800,Damon Jones,Damon,1610612739,CLE,Cleveland Cavaliers,0040600401,2007-06-07T00:00:00,CLE @ SAS,L,11.936666666666667,0,0,0.0,0,0,0.0,0,0,0.0,0,0,0,0,0,0,0,0,0,0,0,-3,0.0,0,0,0.0,1,785,785,785,1202,1243,1436,1243,543,848,543,863,926,863,834,1251,1327,986,998,701,457,1,1,1118,1311,937,1461,171,3,1463,,11:56,1
2006-07,727,Eric Snow,Eric,1610612739,CLE,Cleveland Cavaliers,0040600401,2007-06-07T00:00:00,CLE @ SAS,L,0.235,0,0,0.0,0,0,0.0,0,0,0.0,0,0,0,0,0,0,0,0,0,0,0,-3,0.0,0,0,0.0,1,785,785,785,1553,1243,1436,1243,543,848,543,863,926,863,834,1251,1327,986,998,701,457,1,1,1118,1311,937,1461,171,3,1463,,0:14,1
2006-07,699,Brent Barry,Brent,1610612759,SAS,San Antonio Spurs,0040600401,2007-06-07T00:00:00,SAS vs. CLE,W,7.915,0,0,0.0,0,0,0.0,0,0,0.0,0,0,0,0,1,0,0,0,1,0,0,-3,-1.0,0,0,0.0,1,1,1,1,1311,1243,1436,1243,543,848,543,863,926,863,834,1251,1327,986,568,701,457,1,257,1118,1311,937,1551,171,3,1463,,7:55,1
2006-07,2544,LeBron James,LeBron,1610612739,CLE,Cleveland Cavaliers,0040600306,2007-06-02T00:00:00,CLE vs. DET,W,46.196666666666665,3,11,0.273,0,2,0.0,14,19,0.737,2,12,14,8,3,2,2,0,1,13,20,13,57.8,1,0,50.0,1,1,1,1,18,645,430,1100,543,485,543,2,2,529,229,16,28,56,161,103,55,1,257,2,213,145,26,1,3,35,,46:12,1
2006-07,200789,Daniel Gibson,Daniel,1610612739,CLE,Cleveland Cavaliers,0040600306,2007-06-02T00:00:00,CLE vs. DET,W,29.033333333333335,7,9,0.778,5,5,1.0,12,15,0.8,2,4,6,2,2,0,0,0,5,6,31,19,39.2,0,0,44.0,1,1,1,1,643,201,553,108,4,160,1,8,6,409,229,389,362,423,308,701,457,1,1413,105,26,53,204,171,3,86,,29:02,1
2006-07,1888,Richard Hamilton,Richard,1610612765,DET,Detroit Pistons,0040600306,2007-06-02T00:00:00,DET @ CLE,L,36.181666666666665,10,20,0.5,1,1,1.0,8,8,1.0,0,4,4,3,4,3,0,1,6,4,29,-4,43.3,0,0,43.0,1,785,785,785,411,57,67,409,287,649,1,54,103,1,834,389,565,287,88,32,457,1066,1524,269,46,1002,139,171,3,100,,36:11,1
2006-07,980,Zydrunas Ilgauskas,Zydrunas,1610612739,CLE,Cleveland Cavaliers,0040600306,2007-06-02T00:00:00,CLE vs. DET,W,22.583333333333332,5,9,0.556,0,0,0.0,1,1,1.0,7,5,12,0,1,1,1,1,3,2,11,-8,30.4,1,0,27.0,1,1,1,1,853,378,553,344,543,848,543,675,861,1,7,293,59,986,568,278,141,1066,912,552,537,1221,378,1,3,422,,22:35,1
2006-07,739,Rasheed Wallace,Rasheed,1610612765,DET,Detroit Pistons,0040600306,2007-06-02T00:00:00,DET @ CLE,L,30.383333333333333,5,14,0.357,0,2,0.0,1,1,1.0,1,1,2,2,1,3,2,1,6,1,11,-4,30.4,0,0,25.0,1,785,785,785,604,378,261,932,543,485,543,675,861,1,454,965,913,423,568,32,55,1066,1524,769,537,1002,378,171,3,488,,30:23,1
2006-07,2419,Tayshaun Prince,Tayshaun,1610612765,DET,Detroit Pistons,0040600306,2007-06-02T00:00:00,DET @ CLE,L,39.78333333333333,1,10,0.1,0,2,0.0,3,4,0.75,0,6,6,6,1,2,1,0,4,3,5,-3,29.2,0,0,23.0,1,785,785,785,257,994,500,1239,543,485,543,334,332,449,834,200,362,112,568,103,141,1,1206,396,911,937,409,171,3,542,,39:47,1
2006-07,1716,Larry Hughes,Larry,1610612739,CLE,Cleveland Cavaliers,0040600306,2007-06-02T00:00:00,CLE vs. DET,W,28.47833333333333,3,8,0.375,2,4,0.5,1,2,0.5,0,3,3,4,2,1,0,0,0,1,9,2,19.6,0,0,20.0,1,1,1,1,663,645,616,876,122,236,153,675,556,656,834,545,728,206,308,278,457,1,1,769,648,581,686,171,3,626,,28:29,1
2006-07,185,Chris Webber,Chris,1610612765,DET,Detroit Pistons,0040600306,2007-06-02T00:00:00,DET @ CLE,L,25.766666666666666,5,8,0.625,0,0,0.0,3,3,1.0,2,4,6,0,1,0,0,0,4,6,13,-10,19.2,0,0,19.0,1,785,785,785,769,378,616,240,543,848,543,334,481,1,229,389,362,986,568,701,457,1,1206,105,450,1299,697,171,3,658,,25:46,1
2006-07,686,Antonio McDyess,Antonio,1610612765,DET,Detroit Pistons,0040600306,2007-06-02T00:00:00,DET @ CLE,L,25.066666666666666,2,8,0.25,0,0,0.0,3,5,0.6,2,4,6,1,1,1,1,0,4,6,7,-14,20.7,0,0,18.0,1,785,785,785,786,816,616,1112,543,848,543,334,277,629,229,389,362,646,568,278,141,1,1206,105,782,1440,648,171,3,689,,25:04,1
2006-07,2760,Anderson Varejao,Anderson,1610612739,CLE,Cleveland Cavaliers,0040600306,2007-06-02T00:00:00,CLE vs. DET,W,28.066666666666666,3,9,0.333,0,0,0.0,1,3,0.333,3,4,7,0,1,2,0,2,4,4,7,21,20.4,0,0,18.0,1,1,1,1,681,645,553,951,543,848,543,675,481,833,128,389,278,986,568,103,457,1423,1206,269,782,38,656,171,3,689,,28:04,1
2006-07,1497,Chauncey Billups,Chauncey,1610612765,DET,Detroit Pistons,0040600306,2007-06-02T00:00:00,DET @ CLE,L,43.68333333333333,3,7,0.429,1,3,0.333,2,3,0.667,0,0,0,1,0,2,1,0,1,2,9,-11,19.5,0,0,17.0,1,785,785,785,104,645,690,716,287,346,351,459,481,556,834,1251,1327,646,998,103,141,1,257,552,648,1341,690,171,3,725,,43:41,1
2006-07,2562,Sasha Pavlovic,Sasha,1610612739,CLE,Cleveland Cavaliers,0040600306,2007-06-02T00:00:00,CLE vs. DET,W,20.94,2,7,0.286,1,2,0.5,3,4,0.75,0,2,2,1,4,0,0,1,5,3,8,0,7.9,0,0,12.0,1,1,1,1,898,816,690,1081,287,485,153,334,332,449,834,737,913,646,88,701,457,1066,1413,396,714,715,1108,171,3,907,,20:56,1
2006-07,2400,Drew Gooden,Drew,1610612739,CLE,Cleveland Cavaliers,0040600306,2007-06-02T00:00:00,CLE vs. DET,W,26.2,3,9,0.333,0,0,0.0,1,2,0.5,2,2,4,0,4,0,0,1,2,1,7,5,7.8,0,0,11.0,1,1,1,1,756,645,553,951,543,848,543,675,556,656,229,737,565,986,88,701,457,1066,563,769,782,416,1112,171,3,937,,26:12,1
2006-07,2436,Flip Murray,Flip,1610612765,DET,Detroit Pistons,0040600306,2007-06-02T00:00:00,DET @ CLE,L,10.05,1,4,0.25,0,1,0.0,2,2,1.0,1,2,3,2,0,0,0,0,1,1,4,-6,10.6,0,0,9.0,1,785,785,785,1257,994,953,1112,543,649,543,459,556,1,454,737,728,423,998,701,457,1,257,769,976,1132,989,171,3,1022,,10:03,1
2006-07,923,Donyell Marshall,Donyell,1610612739,CLE,Cleveland Cavaliers,0040600306,2007-06-02T00:00:00,CLE vs. DET,W,12.333333333333334,1,4,0.25,1,3,0.333,0,0,0.0,1,2,3,0,0,0,1,0,3,1,3,13,9.6,0,0,9.0,1,1,1,1,1186,994,953,1112,287,346,351,863,926,863,454,737,728,986,998,701,141,1,912,769,1052,145,1039,171,3,1022,,12:20,1
2006-07,1800,Damon Jones,Damon,1610612739,CLE,Cleveland Cavaliers,0040600306,2007-06-02T00:00:00,CLE vs. DET,W,19.52166666666667,1,6,0.167,0,5,0.0,0,0,0.0,0,2,2,4,0,0,0,0,1,1,2,14,10.4,0,0,8.0,1,1,1,1,947,994,766,1200,543,160,543,863,926,863,834,737,913,206,998,701,457,1,257,769,1125,126,1001,171,3,1070,,19:31,1
2006-07,283,Lindsey Hunter,Lindsey,1610612765,DET,Detroit Pistons,0040600306,2007-06-02T00:00:00,DET @ CLE,L,16.885,1,4,0.25,1,4,0.25,1,1,1.0,1,1,2,1,2,0,0,0,3,0,4,-15,5.9,0,0,8.0,1,785,785,785,1038,994,953,1112,287,236,446,675,861,1,454,965,913,646,308,701,457,1,912,1118,976,1463,1205,171,3,1070,,16:53,1
2006-07,727,Eric Snow,Eric,1610612739,CLE,Cleveland Cavaliers,0040600306,2007-06-02T00:00:00,CLE vs. DET,W,6.6466666666666665,0,0,0.0,0,0,0.0,0,0,0.0,0,0,0,0,0,1,0,0,0,0,0,1,3.0,0,0,2.0,1,1,1,1,1354,1243,1436,1243,543,848,543,863,926,863,834,1251,1327,986,998,278,457,1,1,1118,1311,656,1337,171,3,1362,,6:39,1
2006-07,905,Dale Davis,Dale,1610612765,DET,Detroit Pistons,0040600306,2007-06-02T00:00:00,DET @ CLE,L,5.65,0,0,0.0,0,0,0.0,0,0,0.0,2,0,2,0,1,0,0,0,1,0,0,0,1.4,0,0,2.0,1,785,785,785,1377,1243,1436,1243,543,848,543,863,926,863,229,1251,913,986,568,701,457,1,257,1118,1311,715,1415,171,3,1362,,5:39,1
2006-07,1737,Nazr Mohammed,Nazr,1610612765,DET,Detroit Pistons,0040600306,2007-06-02T00:00:00,DET @ CLE,L,1.2666666666666666,0,1,0.0,0,0,0.0,0,0,0.0,0,1,1,0,0,0,0,1,1,0,0,-2,1.2,0,0,1.0,1,785,785,785,1516,1243,1299,1243,543,848,543,863,926,863,834,965,1101,986,998,701,457,1066,257,1118,1311,865,1421,171,3,1423,,1:16,1
2006-07,2568,Carlos Delfino,Carlos,1610612765,DET,Detroit Pistons,0040600306,2007-06-02T00:00:00,DET @ CLE,L,4.233333333333333,0,2,0.0,0,1,0.0,0,0,0.0,1,0,1,0,1,0,0,1,1,1,0,-10,0.2,0,0,1.0,1,785,785,785,1425,1243,1167,1243,543,649,543,863,926,863,454,1251,1101,986,568,701,457,1066,257,769,1311,1299,1455,171,3,1423,,4:14,1
2006-07,101131,Jason Maxiell,Jason,1610612765,DET,Detroit Pistons,0040600306,2007-06-02T00:00:00,DET @ CLE,L,1.05,0,0,0.0,0,0,0.0,0,0,0.0,0,0,0,0,0,0,0,0,0,0,0,-1,0.0,0,0,0.0,1,785,785,785,1527,1243,1436,1243,543,848,543,863,926,863,834,1251,1327,986,998,701,457,1,1,1118,1311,812,1461,171,3,1463,,1:03,1
2006-07,2544,LeBron James,LeBron,1610612739,CLE,Cleveland Cavaliers,0040600305,2007-05-31T00:00:00,CLE @ DET,W,50.3,18,33,0.545,2,3,0.667,10,14,0.714,3,6,9,7,2,2,0,1,3,12,48,2,73.3,0,0,70.0,1,1,1,1,2,1,1,358,122,346,86,25,11,535,128,200,169,78,308,103,457,1066,912,4,1,581,1,171,3,1,,50:18,1
2006-07,1888,Richard Hamilton,Richard,1610612765,DET,Detroit Pistons,0040600305,2007-05-31T00:00:00,DET vs. CLE,L,48.68333333333333,7,18,0.389,0,1,0.0,12,12,1.0,0,2,2,5,4,0,1,1,5,5,26,-1,34.9,0,0,35.0,1,785,785,785,4,201,119,858,543,649,543,8,28,1,834,737,913,150,88,701,141,1066,1413,168,77,812,278,171,3,244,,48:41,1
2006-07,1497,Chauncey Billups,Chauncey,1610612765,DET,Detroit Pistons,0040600305,2007-05-31T00:00:00,DET vs. CLE,L,53.318333333333335,6,13,0.462,3,7,0.429,6,9,0.667,0,7,7,4,1,0,0,0,2,13,21,5,34.4,0,0,35.0,1,785,785,785,1,288,316,640,43,44,286,120,76,556,834,147,278,206,568,701,457,1,563,2,180,416,291,171,3,244,,53:19,1
2006-07,739,Rasheed Wallace,Rasheed,1610612765,DET,Detroit Pistons,0040600305,2007-05-31T00:00:00,DET vs. CLE,L,45.87833333333333,4,13,0.308,0,2,0.0,9,10,0.9,1,7,8,2,0,1,2,3,4,6,17,0,38.6,0,0,33.0,1,785,785,785,26,489,316,1065,543,485,543,33,57,336,454,147,216,423,998,278,55,1516,1206,105,295,715,219,171,3,273,,45:53,1
2006-07,185,Chris Webber,Chris,1610612765,DET,Detroit Pistons,0040600305,2007-05-31T00:00:00,DET vs. CLE,L,30.14,9,13,0.692,0,0,0.0,2,4,0.5,4,3,7,0,2,1,1,1,5,5,20,15,32.4,0,0,31.0,1,785,785,785,611,92,316,154,543,848,543,459,332,656,64,545,278,986,308,278,141,1066,1413,168,213,108,330,171,3,318,,30:08,1
2006-07,980,Zydrunas Ilgauskas,Zydrunas,1610612739,CLE,Cleveland Cavaliers,0040600305,2007-05-31T00:00:00,CLE @ DET,W,39.275,6,9,0.667,0,0,0.0,4,6,0.667,1,7,8,2,1,0,2,0,6,5,16,-20,33.6,0,0,30.0,1,1,1,1,278,288,553,158,543,848,543,231,197,556,454,147,216,423,568,701,55,1,1524,168,329,1530,304,171,3,341,,39:17,1
2006-07,2419,Tayshaun Prince,Tayshaun,1610612765,DET,Detroit Pistons,0040600305,2007-05-31T00:00:00,DET vs. CLE,L,49.89666666666667,4,13,0.308,1,2,0.5,1,2,0.5,4,5,9,3,4,1,0,0,4,3,10,4,24.3,0,0,25.0,1,785,785,785,3,489,316,1065,287,485,153,675,556,656,64,293,169,287,88,278,457,1,1206,396,589,462,561,171,3,488,,49:54,1
2006-07,2760,Anderson Varejao,Anderson,1610612739,CLE,Cleveland Cavaliers,0040600305,2007-05-31T00:00:00,CLE @ DET,W,33.61333333333334,3,6,0.5,0,0,0.0,3,4,0.75,2,1,3,0,1,2,2,2,4,2,9,5,23.6,0,0,20.0,1,1,1,1,503,645,766,409,543,848,543,334,332,449,229,965,728,986,568,103,55,1423,1206,552,648,416,578,171,3,626,,33:37,1
2006-07,101131,Jason Maxiell,Jason,1610612765,DET,Detroit Pistons,0040600305,2007-05-31T00:00:00,DET vs. CLE,L,27.56833333333333,2,2,1.0,0,0,0.0,5,6,0.833,1,4,5,0,1,1,2,0,3,4,9,-10,23.0,0,0,20.0,1,785,785,785,699,816,1167,1,543,848,543,164,197,382,454,389,466,986,568,278,55,1,912,269,648,1299,600,171,3,626,,27:34,1
2006-07,2562,Sasha Pavlovic,Sasha,1610612739,CLE,Cleveland Cavaliers,0040600305,2007-05-31T00:00:00,CLE @ DET,W,42.01833333333333,2,10,0.2,1,3,0.333,1,2,0.5,3,6,9,1,3,0,0,3,4,1,6,-10,15.3,0,0,17.0,1,1,1,1,158,816,500,1169,287,346,351,675,556,656,128,200,169,646,161,701,457,1516,1206,769,837,1299,812,171,3,725,,42:01,1
2006-07,2400,Drew Gooden,Drew,1610612739,CLE,Cleveland Cavaliers,0040600305,2007-05-31T00:00:00,CLE @ DET,W,28.0,3,10,0.3,0,0,0.0,1,2,0.5,3,3,6,1,1,1,0,0,6,1,7,0,17.7,0,0,16.0,1,1,1,1,686,645,500,1073,543,848,543,675,556,656,128,545,362,646,568,278,457,1,1524,769,782,715,735,171,3,757,,28:00,1
2006-07,1716,Larry Hughes,Larry,1610612739,CLE,Cleveland Cavaliers,0040600305,2007-05-31T00:00:00,CLE @ DET,W,29.25,2,3,0.667,2,2,1.0,3,5,0.6,0,1,1,1,4,1,0,0,4,2,9,3,10.7,0,0,15.0,1,1,1,1,634,816,1052,158,122,485,1,334,277,629,834,965,1101,646,88,278,457,1,1206,552,648,517,981,171,3,792,,29:15,1
2006-07,200789,Daniel Gibson,Daniel,1610612739,CLE,Cleveland Cavaliers,0040600305,2007-05-31T00:00:00,CLE @ DET,W,30.416666666666668,2,7,0.286,1,3,0.333,6,6,1.0,0,0,0,1,0,0,0,1,6,4,11,8,12.5,0,0,13.0,1,1,1,1,600,816,690,1081,287,346,351,120,197,1,834,1251,1327,646,998,701,457,1066,1524,269,537,288,919,171,3,867,,30:25,1
2006-07,283,Lindsey Hunter,Lindsey,1610612765,DET,Detroit Pistons,0040600305,2007-05-31T00:00:00,DET vs. CLE,L,14.406666666666666,1,5,0.2,0,1,0.0,0,0,0.0,1,3,4,2,0,1,1,0,1,0,2,-10,15.8,0,0,12.0,1,785,785,785,1125,994,859,1169,543,649,543,863,926,863,454,545,565,423,998,278,141,1,257,1118,1125,1299,798,171,3,907,,14:24,1
2006-07,923,Donyell Marshall,Donyell,1610612739,CLE,Cleveland Cavaliers,0040600305,2007-05-31T00:00:00,CLE @ DET,W,14.681666666666667,0,1,0.0,0,1,0.0,0,0,0.0,0,3,3,0,0,0,1,0,1,0,0,21,6.6,0,0,5.0,1,1,1,1,1117,1243,1299,1243,543,649,543,863,926,863,834,545,728,986,998,701,141,1,257,1118,1311,38,1163,171,3,1212,,14:41,1
2006-07,727,Eric Snow,Eric,1610612739,CLE,Cleveland Cavaliers,0040600305,2007-05-31T00:00:00,CLE @ DET,W,8.08,0,1,0.0,0,1,0.0,0,0,0.0,0,0,0,0,0,2,0,0,0,0,0,-9,6.0,0,0,4.0,1,1,1,1,1306,1243,1299,1243,543,649,543,863,926,863,834,1251,1327,986,998,103,457,1,1,1118,1311,1258,1201,171,3,1264,,8:05,1
2006-07,905,Dale Davis,Dale,1610612765,DET,Detroit Pistons,0040600305,2007-05-31T00:00:00,DET vs. CLE,L,7.95,0,0,0.0,0,0,0.0,0,0,0.0,1,1,2,0,0,1,0,0,2,0,0,-8,5.4,0,0,4.0,1,785,785,785,1310,1243,1436,1243,543,848,543,863,926,863,454,965,913,986,998,278,457,1,563,1118,1311,1221,1222,171,3,1264,,7:57,1
2006-07,2568,Carlos Delfino,Carlos,1610612765,DET,Detroit Pistons,0040600305,2007-05-31T00:00:00,DET vs. CLE,L,8.103333333333333,0,1,0.0,0,1,0.0,0,0,0.0,0,0,0,2,1,1,0,0,0,0,0,-6,5.0,0,0,4.0,1,785,785,785,1304,1243,1299,1243,543,649,543,863,926,863,834,1251,1327,423,568,278,457,1,1,1118,1311,1132,1243,171,3,1264,,8:06,1
2006-07,1800,Damon Jones,Damon,1610612739,CLE,Cleveland Cavaliers,0040600305,2007-05-31T00:00:00,CLE @ DET,W,14.12,1,2,0.5,1,2,0.5,0,0,0.0,0,0,0,0,0,0,0,0,1,0,3,12,3.0,0,0,4.0,1,1,1,1,1132,994,1167,409,287,485,153,863,926,863,834,1251,1327,986,998,701,457,1,257,1118,1052,171,1337,171,3,1264,,14:07,1
2006-07,686,Antonio McDyess,Antonio,1610612765,DET,Detroit Pistons,0040600305,2007-05-31T00:00:00,DET vs. CLE,L,4.055,1,2,0.5,0,0,0.0,0,0,0.0,0,1,1,0,0,0,0,0,1,0,2,1,3.2,0,0,3.0,1,785,785,785,1432,994,1167,409,543,848,543,863,926,863,834,965,1101,986,998,701,457,1,257,1118,1125,656,1325,171,3,1315,,4:03,1
2006-07,1513,Scot Pollard,Scot,1610612739,CLE,Cleveland Cavaliers,0040600305,2007-05-31T00:00:00,CLE @ DET,W,0.245,0,0,0.0,0,0,0.0,0,0,0.0,0,0,0,0,0,0,0,0,1,0,0,-2,0.0,0,0,0.0,1,1,1,1,1552,1243,1436,1243,543,848,543,863,926,863,834,1251,1327,986,998,701,457,1,257,1118,1311,865,1461,171,3,1463,,0:15,1
2006-07,2225,Tony Parker,Tony,1610612759,SAS,San Antonio Spurs,0040600315,2007-05-30T00:00:00,SAS vs. UTA,W,27.116666666666667,7,13,0.538,0,0,0.0,7,11,0.636,2,3,5,5,0,0,0,1,0,8,21,20,34.5,0,0,31.0,1,1,1,1,713,201,316,373,543,848,543,82,38,615,229,545,466,150,998,701,457,1066,1,34,180,43,288,171,3,318,,27:07,1
2006-07,1495,Tim Duncan,Tim,1610612759,SAS,San Antonio Spurs,0040600315,2007-05-30T00:00:00,SAS vs. UTA,W,28.666666666666668,7,14,0.5,0,0,0.0,7,8,0.875,1,6,7,3,3,0,0,0,1,4,21,18,30.9,0,0,31.0,1,1,1,1,656,201,261,409,543,848,543,82,103,348,454,200,278,287,161,701,457,1,257,269,180,69,365,171,3,318,,28:40,1
2006-07,2430,Carlos Boozer,Carlos,1610612762,UTA,Utah Jazz,0040600315,2007-05-30T00:00:00,UTA @ SAS,L,28.783333333333335,3,10,0.3,0,0,0.0,3,4,0.75,2,10,12,4,1,0,0,1,4,2,9,-22,28.4,0,0,25.0,1,785,785,785,651,645,500,1073,543,848,543,334,332,449,229,37,59,206,568,701,457,1066,1206,552,648,1538,432,171,3,488,,28:47,1
2006-07,1905,Andrei Kirilenko,Andrei,1610612762,UTA,Utah Jazz,0040600315,2007-05-30T00:00:00,UTA @ SAS,L,31.518333333333334,4,11,0.364,0,1,0.0,5,6,0.833,1,4,5,2,2,1,1,0,2,4,13,-12,26.0,0,0,24.0,1,785,785,785,565,489,430,910,543,649,543,164,197,382,454,389,466,423,308,278,141,1,563,269,450,1378,501,171,3,513,,31:31,1
2006-07,101177,Fabricio Oberto,Fabricio,1610612759,SAS,San Antonio Spurs,0040600315,2007-05-30T00:00:00,SAS vs. UTA,W,29.768333333333334,3,5,0.6,0,0,0.0,1,3,0.333,4,6,10,2,0,0,1,0,2,2,7,19,25.0,0,0,21.0,1,1,1,1,624,645,859,268,543,848,543,675,481,833,64,200,122,423,998,701,141,1,563,552,782,53,535,171,3,604,,29:46,1
2006-07,1922,Francisco Elson,Francisco,1610612759,SAS,San Antonio Spurs,0040600315,2007-05-30T00:00:00,SAS vs. UTA,W,15.8,4,6,0.667,0,1,0.0,1,2,0.5,3,3,6,1,0,1,1,0,3,1,9,2,23.7,0,0,20.0,1,1,1,1,1079,489,766,158,543,649,543,675,556,656,128,545,362,646,998,278,141,1,912,769,648,581,575,171,3,626,,15:48,1
2006-07,1938,Manu Ginobili,Manu,1610612759,SAS,San Antonio Spurs,0040600315,2007-05-30T00:00:00,SAS vs. UTA,W,20.933333333333334,4,8,0.5,2,4,0.5,2,2,1.0,0,5,5,1,2,0,0,0,2,3,12,14,17.5,0,0,20.0,1,1,1,1,899,489,616,409,122,236,153,459,556,1,834,293,466,646,308,701,457,1,563,396,503,126,739,171,3,626,,20:56,1
2006-07,1521,Jacque Vaughn,Jacque,1610612759,SAS,San Antonio Spurs,0040600315,2007-05-30T00:00:00,SAS vs. UTA,W,20.883333333333333,4,6,0.667,0,0,0.0,0,0,0.0,0,1,1,6,0,1,0,0,1,1,8,5,21.2,0,0,17.0,1,1,1,1,902,489,766,158,543,848,543,863,926,863,834,965,1101,112,998,278,457,1,257,769,714,416,634,171,3,725,,20:53,1
2006-07,101114,Deron Williams,Deron,1610612762,UTA,Utah Jazz,0040600315,2007-05-30T00:00:00,UTA @ SAS,L,23.7,4,9,0.444,1,2,0.5,2,2,1.0,0,3,3,2,2,0,0,1,4,2,11,-17,15.6,0,0,17.0,1,785,785,785,823,489,553,682,287,485,153,459,556,1,834,545,728,423,308,701,457,1066,1206,552,537,1492,806,171,3,725,,23:42,1
2006-07,1723,Matt Harpring,Matt,1610612762,UTA,Utah Jazz,0040600315,2007-05-30T00:00:00,UTA @ SAS,L,19.866666666666667,4,7,0.571,0,0,0.0,3,6,0.5,4,0,4,1,1,0,0,0,3,4,11,-20,16.3,0,0,16.0,1,785,785,785,938,489,690,310,543,848,543,334,197,656,64,1251,565,646,568,701,457,1,912,269,537,1530,783,171,3,757,,19:52,1
2006-07,714,Michael Finley,Michael,1610612759,SAS,San Antonio Spurs,0040600315,2007-05-30T00:00:00,SAS vs. UTA,W,23.666666666666668,4,8,0.5,1,1,1.0,0,0,0.0,0,2,2,1,0,1,0,0,2,1,9,18,15.9,0,0,15.0,1,1,1,1,825,489,616,409,287,649,1,863,926,863,834,737,913,646,998,278,457,1,563,769,648,69,795,171,3,792,,23:40,1
2006-07,200794,Paul Millsap,Paul,1610612762,UTA,Utah Jazz,0040600315,2007-05-30T00:00:00,UTA @ SAS,L,23.333333333333332,3,6,0.5,0,0,0.0,2,2,1.0,2,4,6,0,1,0,0,1,5,1,8,-13,14.2,0,0,14.0,1,785,785,785,838,645,766,409,543,848,543,459,556,1,229,389,362,986,568,701,457,1066,1413,769,714,1413,857,171,3,821,,23:20,1
2006-07,2737,Rafael Araujo,Rafael,1610612762,UTA,Utah Jazz,0040600315,2007-05-30T00:00:00,UTA @ SAS,L,12.533333333333333,2,3,0.667,0,0,0.0,3,8,0.375,0,4,4,0,0,1,0,0,2,4,7,-5,14.8,0,0,13.0,1,785,785,785,1183,816,1052,158,543,848,543,334,103,831,834,389,565,986,998,278,457,1,563,269,782,1073,829,171,3,867,,12:32,1
2006-07,2246,Mehmet Okur,Mehmet,1610612762,UTA,Utah Jazz,0040600315,2007-05-30T00:00:00,UTA @ SAS,L,24.31833333333333,3,8,0.375,0,2,0.0,2,3,0.667,2,1,3,0,0,1,0,0,2,2,8,-14,14.6,0,0,13.0,1,785,785,785,807,645,616,876,543,485,543,459,481,556,229,965,728,986,998,278,457,1,563,552,714,1440,840,171,3,867,,24:19,1
2006-07,699,Brent Barry,Brent,1610612759,SAS,San Antonio Spurs,0040600315,2007-05-30T00:00:00,SAS vs. UTA,W,16.75,3,6,0.5,1,3,0.333,2,2,1.0,0,1,1,1,1,0,0,0,2,2,9,-4,10.7,0,0,12.0,1,1,1,1,1046,645,766,409,287,346,351,459,556,1,834,965,1101,646,568,701,457,1,563,552,648,1002,981,171,3,907,,16:45,1
2006-07,109,Robert Horry,Robert,1610612759,SAS,San Antonio Spurs,0040600315,2007-05-30T00:00:00,SAS vs. UTA,W,12.031666666666666,0,1,0.0,0,1,0.0,0,0,0.0,0,4,4,1,0,1,2,0,4,1,0,13,15.3,0,0,11.0,1,1,1,1,1196,1243,1299,1243,543,649,543,863,926,863,834,389,565,646,998,278,55,1,1206,769,1311,145,812,171,3,937,,12:02,1
2006-07,1477,Bruce Bowen,Bruce,1610612759,SAS,San Antonio Spurs,0040600315,2007-05-30T00:00:00,SAS vs. UTA,W,24.916666666666668,2,4,0.5,2,3,0.667,0,0,0.0,0,1,1,0,0,1,0,0,4,0,6,24,10.2,0,0,11.0,1,1,1,1,790,816,953,409,122,346,86,863,926,863,834,965,1101,986,998,278,457,1,1206,1118,837,28,1011,171,3,937,,24:55,1
2006-07,1921,Gordan Giricek,Gordan,1610612762,UTA,Utah Jazz,0040600315,2007-05-30T00:00:00,UTA @ SAS,L,21.498333333333335,1,3,0.333,1,1,1.0,2,2,1.0,0,0,0,0,2,1,1,0,1,1,5,-22,9.0,0,0,10.0,1,785,785,785,880,994,1052,951,287,649,1,459,556,1,834,1251,1327,986,308,278,141,1,257,769,911,1538,1061,171,3,983,,21:30,1
2006-07,200758,Ronnie Brewer,Ronnie,1610612762,UTA,Utah Jazz,0040600315,2007-05-30T00:00:00,UTA @ SAS,L,16.95,1,3,0.333,0,0,0.0,5,6,0.833,0,2,2,0,0,0,0,1,0,3,7,8,9.4,0,0,9.0,1,785,785,785,1033,994,1052,951,543,848,543,164,197,382,834,737,913,986,998,701,457,1066,1,396,782,288,1049,171,3,1022,,16:57,1
2006-07,200793,Dee Brown,Dee,1610612762,UTA,Utah Jazz,0040600315,2007-05-30T00:00:00,UTA @ SAS,L,17.716666666666665,1,5,0.2,0,1,0.0,1,2,0.5,1,1,2,2,2,0,0,0,0,1,3,0,6.4,0,0,7.0,1,785,785,785,1005,994,859,1169,543,649,543,675,556,656,454,965,913,423,308,701,457,1,1,769,1052,715,1176,171,3,1113,,17:43,1
2006-07,2588,Matt Bonner,Matt,1610612759,SAS,San Antonio Spurs,0040600315,2007-05-30T00:00:00,SAS vs. UTA,W,9.733333333333333,1,2,0.5,1,1,1.0,2,2,1.0,0,1,1,0,1,0,0,0,3,1,5,-2,5.2,0,0,7.0,1,1,1,1,1271,994,1167,409,287,649,1,459,556,1,834,965,1101,986,568,701,457,1,912,769,911,865,1228,171,3,1113,,9:44,1
2006-07,965,Derek Fisher,Derek,1610612762,UTA,Utah Jazz,0040600315,2007-05-30T00:00:00,UTA @ SAS,L,14.8,0,3,0.0,0,1,0.0,2,2,1.0,0,0,0,2,1,0,0,0,1,1,2,-8,4.0,0,0,4.0,1,785,785,785,1112,1243,1052,1243,543,649,543,459,556,1,834,1251,1327,423,568,701,457,1,257,769,1125,1221,1300,171,3,1264,,14:48,1
2006-07,2757,Beno Udrih,Beno,1610612759,SAS,San Antonio Spurs,0040600315,2007-05-30T00:00:00,SAS vs. UTA,W,9.733333333333333,0,3,0.0,0,1,0.0,2,2,1.0,0,0,0,1,0,0,0,1,1,1,2,-2,3.5,0,0,3.0,1,1,1,1,1271,1243,1052,1243,543,649,543,459,556,1,834,1251,1327,646,998,701,457,1066,257,769,1125,865,1319,171,3,1315,,9:44,1
2006-07,2260,Jarron Collins,Jarron,1610612762,UTA,Utah Jazz,0040600315,2007-05-30T00:00:00,UTA @ SAS,L,4.9816666666666665,0,0,0.0,0,0,0.0,0,0,0.0,0,0,0,0,0,0,0,0,1,0,0,0,0.0,0,0,0.0,1,785,785,785,1401,1243,1436,1243,543,848,543,863,926,863,834,1251,1327,986,998,701,457,1,257,1118,1311,715,1461,171,3,1463,,4:59,1
2006-07,2544,LeBron James,LeBron,1610612739,CLE,Cleveland Cavaliers,0040600304,2007-05-29T00:00:00,CLE vs. DET,W,44.28333333333333,8,19,0.421,1,5,0.2,8,9,0.889,0,7,7,11,3,3,0,0,0,6,25,-4,55.9,1,0,50.0,1,1,1,1,83,145,85,755,287,160,492,54,76,343,834,147,278,24,161,32,457,1,1,105,95,1002,33,1,3,35,,44:17,1
2006-07,1497,Chauncey Billups,Chauncey,1610612765,DET,Detroit Pistons,0040600304,2007-05-29T00:00:00,DET @ CLE,L,45.05,6,16,0.375,2,9,0.222,9,10,0.9,2,7,9,2,5,1,0,0,3,7,23,2,34.8,0,0,38.0,1,785,785,785,46,288,175,876,122,12,490,33,57,336,229,147,169,423,39,278,457,1,912,69,133,581,282,171,3,194,,45:03,1
2006-07,2400,Drew Gooden,Drew,1610612739,CLE,Cleveland Cavaliers,0040600304,2007-05-29T00:00:00,CLE vs. DET,W,31.538333333333334,8,14,0.571,0,0,0.0,3,4,0.75,1,7,8,0,1,1,1,1,3,2,19,-3,33.6,0,0,31.0,1,1,1,1,564,145,261,310,543,848,543,334,332,449,454,147,216,986,568,278,141,1066,912,552,246,937,304,171,3,318,,31:32,1
2006-07,200789,Daniel Gibson,Daniel,1610612739,CLE,Cleveland Cavaliers,0040600304,2007-05-29T00:00:00,CLE vs. DET,W,35.3,4,7,0.571,1,4,0.25,12,12,1.0,0,3,3,2,4,2,0,0,4,7,21,6,29.6,0,0,31.0,1,1,1,1,448,489,690,310,287,236,446,8,28,1,834,545,728,423,88,103,457,1,1206,69,180,364,402,171,3,318,,35:18,1
2006-07,1888,Richard Hamilton,Richard,1610612765,DET,Detroit Pistons,0040600304,2007-05-29T00:00:00,DET @ CLE,L,36.915,9,21,0.429,0,0,0.0,1,2,0.5,4,4,8,2,0,0,0,1,3,1,19,-9,31.6,0,0,29.0,1,785,785,785,385,92,52,716,543,848,543,675,556,656,64,389,216,423,998,701,457,1066,912,769,246,1258,345,171,3,363,,36:55,1
2006-07,2419,Tayshaun Prince,Tayshaun,1610612765,DET,Detroit Pistons,0040600304,2007-05-29T00:00:00,DET @ CLE,L,45.766666666666666,4,11,0.364,0,2,0.0,7,8,0.875,1,6,7,4,4,1,0,0,3,5,15,-1,28.4,0,0,28.0,1,785,785,785,30,489,430,910,543,485,543,82,103,348,454,200,278,206,88,278,457,1,912,168,375,812,432,171,3,391,,45:46,1
2006-07,739,Rasheed Wallace,Rasheed,1610612765,DET,Detroit Pistons,0040600304,2007-05-29T00:00:00,DET @ CLE,L,40.55,4,10,0.4,0,4,0.0,1,2,0.5,0,5,5,1,1,3,3,0,4,3,9,-1,33.5,0,0,27.0,1,785,785,785,219,489,500,790,543,236,543,675,556,656,834,293,466,646,568,32,27,1,1206,396,648,812,308,171,3,422,,40:33,1
2006-07,686,Antonio McDyess,Antonio,1610612765,DET,Detroit Pistons,0040600304,2007-05-29T00:00:00,DET @ CLE,L,23.833333333333332,5,9,0.556,0,0,0.0,2,3,0.667,3,2,5,3,0,0,2,0,3,4,12,2,28.5,0,0,24.0,1,785,785,785,820,378,553,344,543,848,543,459,481,556,128,737,466,287,998,701,55,1,912,269,503,581,429,171,3,513,,23:50,1
2006-07,980,Zydrunas Ilgauskas,Zydrunas,1610612739,CLE,Cleveland Cavaliers,0040600304,2007-05-29T00:00:00,CLE vs. DET,W,32.77166666666667,3,7,0.429,0,0,0.0,3,4,0.75,1,6,7,0,3,0,0,0,2,3,9,7,14.4,0,0,16.0,1,1,1,1,531,645,690,716,543,848,543,334,332,449,454,200,278,986,161,701,457,1,563,396,648,322,848,171,3,757,,32:46,1
2006-07,2562,Sasha Pavlovic,Sasha,1610612739,CLE,Cleveland Cavaliers,0040600304,2007-05-29T00:00:00,CLE vs. DET,W,39.925,2,7,0.286,1,2,0.5,0,0,0.0,0,3,3,2,0,1,0,2,3,0,5,1,14.6,0,0,13.0,1,1,1,1,250,816,690,1081,287,485,153,863,926,863,834,545,728,423,998,278,457,1423,912,1118,911,656,840,171,3,867,,39:56,1
2006-07,185,Chris Webber,Chris,1610612765,DET,Detroit Pistons,0040600304,2007-05-29T00:00:00,DET @ CLE,L,20.113333333333333,1,3,0.333,0,0,0.0,0,2,0.0,0,3,3,1,1,2,0,0,2,1,2,2,12.1,0,0,10.0,1,785,785,785,927,994,1052,951,543,848,543,863,556,863,834,545,728,646,568,103,457,1,563,769,1125,581,933,171,3,983,,20:07,1
2006-07,923,Donyell Marshall,Donyell,1610612739,CLE,Cleveland Cavaliers,0040600304,2007-05-29T00:00:00,CLE vs. DET,W,11.016666666666667,3,5,0.6,1,2,0.5,0,0,0.0,0,0,0,0,0,0,0,1,3,1,7,-3,7.0,0,0,8.0,1,1,1,1,1234,645,859,268,287,485,153,863,926,863,834,1251,1327,986,998,701,457,1066,912,769,782,937,1147,171,3,1070,,11:01,1
2006-07,101131,Jason Maxiell,Jason,1610612765,DET,Detroit Pistons,0040600304,2007-05-29T00:00:00,DET @ CLE,L,11.166666666666666,1,2,0.5,0,0,0.0,2,2,1.0,0,1,1,0,0,0,1,0,2,1,4,-11,8.2,0,0,7.0,1,785,785,785,1227,994,1167,409,543,848,543,459,556,1,834,965,1101,986,998,701,141,1,563,769,976,1341,1097,171,3,1113,,11:10,1
2006-07,283,Lindsey Hunter,Lindsey,1610612765,DET,Detroit Pistons,0040600304,2007-05-29T00:00:00,DET @ CLE,L,7.421666666666667,1,1,1.0,1,1,1.0,0,0,0.0,0,1,1,2,0,0,0,0,3,1,3,3,7.2,0,0,7.0,1,785,785,785,1326,994,1299,1,287,649,1,863,926,863,834,965,1101,423,998,701,457,1,912,769,1052,517,1136,171,3,1113,,7:25,1
2006-07,2760,Anderson Varejao,Anderson,1610612739,CLE,Cleveland Cavaliers,0040600304,2007-05-29T00:00:00,CLE vs. DET,W,20.028333333333332,1,2,0.5,0,0,0.0,0,2,0.0,0,2,2,0,1,1,0,0,4,3,2,6,6.4,0,0,6.0,1,1,1,1,930,994,1167,409,543,848,543,863,556,863,834,737,913,986,568,278,457,1,1206,396,1125,364,1176,171,3,1166,,20:02,1
2006-07,1716,Larry Hughes,Larry,1610612739,CLE,Cleveland Cavaliers,0040600304,2007-05-29T00:00:00,CLE vs. DET,W,16.416666666666668,1,6,0.167,0,0,0.0,0,0,0.0,0,2,2,1,0,0,0,2,1,1,2,6,5.9,0,0,5.0,1,1,1,1,1059,994,766,1200,543,848,543,863,926,863,834,737,913,646,998,701,457,1423,257,769,1125,364,1205,171,3,1212,,16:25,1
2006-07,727,Eric Snow,Eric,1610612739,CLE,Cleveland Cavaliers,0040600304,2007-05-29T00:00:00,CLE vs. DET,W,1.0833333333333333,0,0,0.0,0,0,0.0,1,2,0.5,1,0,1,0,0,0,0,0,0,1,1,0,2.2,0,0,2.0,1,1,1,1,1526,1243,1436,1243,543,848,543,675,556,656,454,1251,1101,986,998,701,457,1,1,769,1285,715,1372,171,3,1362,,1:05,1
2006-07,2436,Flip Murray,Flip,1610612765,DET,Detroit Pistons,0040600304,2007-05-29T00:00:00,DET @ CLE,L,6.95,0,1,0.0,0,0,0.0,0,0,0.0,0,1,1,1,1,0,0,0,0,0,0,-4,1.7,0,0,2.0,1,785,785,785,1341,1243,1299,1243,543,848,543,863,926,863,834,965,1101,646,568,701,457,1,1,1118,1311,1002,1401,171,3,1362,,6:57,1
2006-07,1800,Damon Jones,Damon,1610612739,CLE,Cleveland Cavaliers,0040600304,2007-05-29T00:00:00,CLE vs. DET,W,7.636666666666667,0,1,0.0,0,1,0.0,0,0,0.0,0,1,1,0,0,0,0,0,3,0,0,4,1.2,0,0,1.0,1,1,1,1,1316,1243,1299,1243,543,649,543,863,926,863,834,965,1101,986,998,701,457,1,912,1118,1311,462,1421,171,3,1423,,7:38,1
2006-07,2568,Carlos Delfino,Carlos,1610612765,DET,Detroit Pistons,0040600304,2007-05-29T00:00:00,DET @ CLE,L,2.2333333333333334,0,1,0.0,0,1,0.0,0,0,0.0,0,0,0,0,0,0,0,0,1,0,0,-3,0.0,0,0,0.0,1,785,785,785,1484,1243,1299,1243,543,649,543,863,926,863,834,1251,1327,986,998,701,457,1,257,1118,1311,937,1461,171,3,1463,,2:14,1
2006-07,101114,Deron Williams,Deron,1610612762,UTA,Utah Jazz,0040600314,2007-05-28T00:00:00,UTA vs. SAS,L,38.281666666666666,11,21,0.524,0,3,0.0,5,7,0.714,0,3,3,10,5,3,1,1,0,5,27,-7,52.6,1,0,48.0,1,785,785,785,325,36,52,400,543,346,543,164,154,535,834,545,728,31,39,32,141,1066,1,168,59,1179,49,1,3,51,,38:17,1
2006-07,1495,Tim Duncan,Tim,1610612759,SAS,San Antonio Spurs,0040600314,2007-05-28T00:00:00,SAS @ UTA,W,37.931666666666665,6,13,0.462,0,0,0.0,7,12,0.583,2,7,9,1,5,0,5,2,2,8,19,15,41.3,0,0,39.0,1,1,1,1,338,288,316,640,543,848,543,82,28,641,229,147,169,646,39,701,5,1423,563,34,246,108,160,171,3,170,,37:56,1
2006-07,1938,Manu Ginobili,Manu,1610612759,SAS,San Antonio Spurs,0040600314,2007-05-28T00:00:00,SAS @ UTA,W,34.95,4,10,0.4,2,4,0.5,12,15,0.8,1,5,6,1,1,3,0,1,3,9,22,16,38.7,0,0,37.0,1,1,1,1,464,489,500,790,122,236,153,8,6,409,454,293,362,646,568,32,457,1066,912,15,160,97,217,171,3,210,,34:57,1
2006-07,2430,Carlos Boozer,Carlos,1610612762,UTA,Utah Jazz,0040600314,2007-05-28T00:00:00,UTA vs. SAS,L,38.56666666666667,9,16,0.563,0,0,0.0,0,0,0.0,1,8,9,1,3,0,1,2,4,1,18,-3,30.3,0,0,30.0,1,785,785,785,312,92,175,331,543,848,543,863,926,863,454,90,169,646,161,701,141,1423,1206,769,272,937,382,171,3,341,,38:34,1
2006-07,1905,Andrei Kirilenko,Andrei,1610612762,UTA,Utah Jazz,0040600314,2007-05-28T00:00:00,UTA vs. SAS,L,36.25666666666667,3,7,0.429,0,1,0.0,3,4,0.75,3,5,8,1,3,1,4,0,2,2,9,-11,32.1,0,0,28.0,1,785,785,785,410,645,690,716,543,649,543,334,332,449,128,293,216,646,161,278,16,1,563,552,648,1341,335,171,3,391,,36:15,1
2006-07,2225,Tony Parker,Tony,1610612759,SAS,San Antonio Spurs,0040600314,2007-05-28T00:00:00,SAS @ UTA,W,36.865,6,19,0.316,0,0,0.0,5,7,0.714,1,2,3,2,3,2,0,2,2,5,17,3,26.6,0,0,26.0,1,1,1,1,388,288,85,1058,543,848,543,164,154,535,454,737,728,423,161,103,457,1423,563,168,295,517,485,171,3,455,,36:52,1
2006-07,101177,Fabricio Oberto,Fabricio,1610612759,SAS,San Antonio Spurs,0040600314,2007-05-28T00:00:00,SAS @ UTA,W,37.156666666666666,4,8,0.5,0,1,0.0,3,4,0.75,6,5,11,0,0,0,0,2,3,3,11,11,24.2,1,0,22.0,1,1,1,1,375,489,616,409,543,649,543,334,332,449,12,293,91,986,998,701,457,1423,912,396,537,198,567,1,3,571,,37:09,1
2006-07,965,Derek Fisher,Derek,1610612762,UTA,Utah Jazz,0040600314,2007-05-28T00:00:00,UTA vs. SAS,L,38.33166666666666,2,5,0.4,0,0,0.0,5,5,1.0,0,2,2,2,2,4,0,0,6,5,9,-17,24.4,0,0,21.0,1,785,785,785,320,816,859,790,543,848,543,164,277,1,834,737,913,423,308,8,457,1,1524,168,648,1492,558,171,3,604,,38:20,1
2006-07,714,Michael Finley,Michael,1610612759,SAS,San Antonio Spurs,0040600314,2007-05-28T00:00:00,SAS @ UTA,W,29.25,4,10,0.4,2,6,0.333,3,3,1.0,0,1,1,2,0,0,1,0,2,2,13,9,20.2,0,0,20.0,1,1,1,1,634,489,500,790,122,99,351,334,481,1,834,965,1101,423,998,701,141,1,563,552,450,259,660,171,3,626,,29:15,1
2006-07,1477,Bruce Bowen,Bruce,1610612759,SAS,San Antonio Spurs,0040600314,2007-05-28T00:00:00,SAS @ UTA,W,31.876666666666665,3,7,0.429,1,4,0.25,0,0,0.0,2,3,5,1,0,2,0,1,2,0,7,-1,20.5,0,0,18.0,1,1,1,1,558,645,690,716,287,236,446,863,926,863,229,545,466,646,998,103,457,1066,563,1118,782,812,653,171,3,689,,31:53,1
2006-07,2246,Mehmet Okur,Mehmet,1610612762,UTA,Utah Jazz,0040600314,2007-05-28T00:00:00,UTA vs. SAS,L,35.815,3,7,0.429,1,2,0.5,0,0,0.0,2,3,5,1,1,1,0,1,6,0,7,-10,16.5,0,0,16.0,1,785,785,785,429,645,690,716,287,485,153,863,926,863,229,545,466,646,568,278,457,1066,1524,1118,782,1299,769,171,3,757,,35:49,1
2006-07,200794,Paul Millsap,Paul,1610612762,UTA,Utah Jazz,0040600314,2007-05-28T00:00:00,UTA vs. SAS,L,17.316666666666666,1,4,0.25,0,0,0.0,0,0,0.0,2,4,6,1,1,0,2,2,2,2,2,-12,15.7,0,0,13.0,1,785,785,785,1021,994,953,1112,543,848,543,863,926,863,229,389,362,646,568,701,55,1423,563,552,1125,1378,802,171,3,867,,17:19,1
2006-07,1723,Matt Harpring,Matt,1610612762,UTA,Utah Jazz,0040600314,2007-05-28T00:00:00,UTA vs. SAS,L,18.733333333333334,1,3,0.333,0,0,0.0,0,0,0.0,0,4,4,0,2,1,0,0,3,0,2,-8,7.8,0,0,8.0,1,785,785,785,977,994,1052,951,543,848,543,863,926,863,834,389,565,986,308,278,457,1,912,1118,1125,1221,1112,171,3,1070,,18:44,1
2006-07,1521,Jacque Vaughn,Jacque,1610612759,SAS,San Antonio Spurs,0040600314,2007-05-28T00:00:00,SAS @ UTA,W,11.135,0,1,0.0,0,0,0.0,0,0,0.0,0,0,0,4,1,1,0,0,2,0,0,9,8.0,0,0,6.0,1,1,1,1,1229,1243,1299,1243,543,848,543,863,926,863,834,1251,1327,206,568,278,457,1,563,1118,1311,259,1105,171,3,1166,,11:08,1
2006-07,1921,Gordan Giricek,Gordan,1610612762,UTA,Utah Jazz,0040600314,2007-05-28T00:00:00,UTA vs. SAS,L,10.401666666666667,2,4,0.5,0,0,0.0,0,0,0.0,0,0,0,1,0,0,0,0,3,0,4,2,5.5,0,0,5.0,1,785,785,785,1249,816,953,409,543,848,543,863,926,863,834,1251,1327,646,998,701,457,1,912,1118,976,581,1221,171,3,1212,,10:24,1
2006-07,109,Robert Horry,Robert,1610612759,SAS,San Antonio Spurs,0040600314,2007-05-28T00:00:00,SAS @ UTA,W,20.385,1,1,1.0,0,0,0.0,0,0,0.0,0,3,3,0,1,0,0,0,1,0,2,-3,4.6,0,0,5.0,1,1,1,1,920,994,1299,1,543,848,543,863,926,863,834,545,728,986,568,701,457,1,257,1118,1125,937,1269,171,3,1212,,20:23,1
2006-07,2260,Jarron Collins,Jarron,1610612762,UTA,Utah Jazz,0040600314,2007-05-28T00:00:00,UTA vs. SAS,L,4.225,0,0,0.0,0,0,0.0,1,4,0.25,0,1,1,0,0,0,0,0,1,2,1,1,2.2,0,0,2.0,1,785,785,785,1426,1243,1436,1243,543,848,543,675,332,851,834,965,1101,986,998,701,457,1,257,552,1285,656,1372,171,3,1362,,4:14,1
2006-07,200793,Dee Brown,Dee,1610612762,UTA,Utah Jazz,0040600314,2007-05-28T00:00:00,UTA vs. SAS,L,1.995,0,1,0.0,0,1,0.0,0,0,0.0,0,0,0,1,0,0,0,0,0,0,0,5,1.5,0,0,1.0,1,785,785,785,1494,1243,1299,1243,543,649,543,863,926,863,834,1251,1327,646,998,701,457,1,1,1118,1311,416,1405,171,3,1423,,1:60,1
2006-07,1922,Francisco Elson,Francisco,1610612759,SAS,San Antonio Spurs,0040600314,2007-05-28T00:00:00,SAS @ UTA,W,0.45,0,0,0.0,0,0,0.0,0,0,0.0,0,1,1,0,0,0,0,0,0,0,0,1,1.2,0,0,1.0,1,1,1,1,1542,1243,1436,1243,543,848,543,863,926,863,834,965,1101,986,998,701,457,1,1,1118,1311,656,1421,171,3,1423,,0:27,1
2006-07,200758,Ronnie Brewer,Ronnie,1610612762,UTA,Utah Jazz,0040600314,2007-05-28T00:00:00,UTA vs. SAS,L,0.07666666666666666,0,0,0.0,0,0,0.0,0,0,0.0,0,0,0,0,0,0,0,0,0,0,0,0,0.0,0,0,0.0,1,785,785,785,1560,1243,1436,1243,543,848,543,863,926,863,834,1251,1327,986,998,701,457,1,1,1118,1311,715,1461,171,3,1463,,0:05,1
2006-07,2544,LeBron James,LeBron,1610612739,CLE,Cleveland Cavaliers,0040600303,2007-05-27T00:00:00,CLE vs. DET,W,46.11666666666667,12,21,0.571,2,3,0.667,6,9,0.667,1,8,9,9,3,2,0,0,2,7,32,6,59.3,0,0,56.0,1,1,1,1,20,18,52,310,122,346,86,120,76,556,454,90,169,43,161,103,457,1,563,69,23,364,21,171,3,16,,46:07,1
2006-07,980,Zydrunas Ilgauskas,Zydrunas,1610612739,CLE,Cleveland Cavaliers,0040600303,2007-05-27T00:00:00,CLE vs. DET,W,37.083333333333336,7,14,0.5,0,0,0.0,2,2,1.0,2,5,7,2,1,1,1,0,1,1,16,11,32.4,0,0,29.0,1,1,1,1,377,201,261,409,543,848,543,459,556,1,229,293,278,423,568,278,141,1,257,769,329,198,330,171,3,363,,37:05,1
2006-07,2562,Sasha Pavlovic,Sasha,1610612739,CLE,Cleveland Cavaliers,0040600303,2007-05-27T00:00:00,CLE vs. DET,W,37.06666666666667,5,8,0.625,2,3,0.667,1,2,0.5,0,3,3,5,0,2,0,0,1,2,13,14,30.1,0,0,27.0,1,1,1,1,380,378,616,240,122,346,86,675,556,656,834,545,728,150,998,103,457,1,257,552,450,126,386,171,3,422,,37:04,1
2006-07,185,Chris Webber,Chris,1610612765,DET,Detroit Pistons,0040600303,2007-05-27T00:00:00,DET @ CLE,L,27.533333333333335,5,8,0.625,0,0,0.0,5,6,0.833,2,5,7,3,2,1,0,0,4,4,15,-4,28.9,0,0,27.0,1,785,785,785,701,378,616,240,543,848,543,164,197,382,229,293,278,287,308,278,457,1,1206,269,375,1002,416,171,3,422,,27:32,1
2006-07,739,Rasheed Wallace,Rasheed,1610612765,DET,Detroit Pistons,0040600303,2007-05-27T00:00:00,DET @ CLE,L,36.75,5,11,0.455,2,4,0.5,4,5,0.8,0,5,5,2,1,1,0,0,3,4,16,-5,27.0,0,0,27.0,1,785,785,785,394,378,430,654,122,236,153,231,277,409,834,293,466,423,568,278,457,1,912,269,329,1073,477,171,3,422,,36:45,1
2006-07,1497,Chauncey Billups,Chauncey,1610612765,DET,Detroit Pistons,0040600303,2007-05-27T00:00:00,DET @ CLE,L,37.75,4,14,0.286,2,8,0.25,3,4,0.75,0,1,1,3,5,2,0,2,1,4,13,-5,19.7,0,0,23.0,1,785,785,785,351,489,261,1081,122,21,446,334,332,449,834,965,1101,287,39,103,457,1423,257,269,450,1073,679,171,3,542,,37:45,1
2006-07,2419,Tayshaun Prince,Tayshaun,1610612765,DET,Detroit Pistons,0040600303,2007-05-27T00:00:00,DET @ CLE,L,43.983333333333334,6,13,0.462,1,2,0.5,0,0,0.0,4,1,5,1,3,1,0,1,2,0,13,-3,20.5,0,0,22.0,1,785,785,785,98,288,316,640,287,485,153,863,926,863,64,965,466,646,161,278,457,1066,563,1118,450,937,653,171,3,571,,43:59,1
2006-07,686,Antonio McDyess,Antonio,1610612765,DET,Detroit Pistons,0040600303,2007-05-27T00:00:00,DET @ CLE,L,29.133333333333333,4,7,0.571,0,0,0.0,0,0,0.0,1,8,9,1,1,0,1,0,5,0,8,1,22.3,0,0,20.0,1,785,785,785,639,489,690,310,543,848,543,863,926,863,454,90,169,646,568,701,141,1,1413,1118,714,656,616,171,3,626,,29:08,1
2006-07,2400,Drew Gooden,Drew,1610612739,CLE,Cleveland Cavaliers,0040600303,2007-05-27T00:00:00,CLE vs. DET,W,33.15,5,11,0.455,0,0,0.0,2,2,1.0,1,5,6,0,2,0,0,1,4,2,12,14,17.2,0,0,18.0,1,1,1,1,515,378,430,654,543,848,543,459,556,1,454,293,362,986,308,701,457,1066,1206,552,503,126,746,171,3,689,,33:09,1
2006-07,1888,Richard Hamilton,Richard,1610612765,DET,Detroit Pistons,0040600303,2007-05-27T00:00:00,DET @ CLE,L,38.21666666666667,2,8,0.25,0,1,0.0,3,3,1.0,1,3,4,2,2,1,0,0,4,2,7,-17,15.8,0,0,15.0,1,785,785,785,327,816,616,1112,543,649,543,334,481,1,454,545,565,423,308,278,457,1,1206,552,782,1492,798,171,3,792,,38:13,1
2006-07,200789,Daniel Gibson,Daniel,1610612739,CLE,Cleveland Cavaliers,0040600303,2007-05-27T00:00:00,CLE vs. DET,W,29.483333333333334,2,4,0.5,2,3,0.667,3,4,0.75,1,1,2,0,0,0,1,0,1,3,9,3,14.4,0,0,15.0,1,1,1,1,627,816,953,409,122,346,86,334,332,449,454,965,913,986,998,701,141,1,257,396,648,517,848,171,3,792,,29:29,1
2006-07,2436,Flip Murray,Flip,1610612765,DET,Detroit Pistons,0040600303,2007-05-27T00:00:00,DET @ CLE,L,20.033333333333335,3,4,0.75,0,0,0.0,2,2,1.0,0,2,2,3,1,0,0,0,1,2,8,10,13.9,0,0,13.0,1,785,785,785,929,645,953,115,543,848,543,459,556,1,834,737,913,287,568,701,457,1,257,552,714,227,863,171,3,867,,20:02,1
2006-07,1716,Larry Hughes,Larry,1610612739,CLE,Cleveland Cavaliers,0040600303,2007-05-27T00:00:00,CLE vs. DET,W,22.35,2,2,1.0,0,0,0.0,2,2,1.0,0,1,1,2,3,1,0,0,2,1,6,-1,10.2,0,0,11.0,1,1,1,1,859,816,1167,1,543,848,543,459,556,1,834,965,1101,423,161,278,457,1,563,769,837,812,1011,171,3,937,,22:21,1
2006-07,2760,Anderson Varejao,Anderson,1610612739,CLE,Cleveland Cavaliers,0040600303,2007-05-27T00:00:00,CLE vs. DET,W,13.766666666666667,0,2,0.0,0,0,0.0,0,0,0.0,1,3,4,1,1,0,0,0,4,1,0,-2,5.3,0,0,5.0,1,1,1,1,1139,1243,1167,1243,543,848,543,863,926,863,454,545,565,646,568,701,457,1,1206,769,1311,865,1227,171,3,1212,,13:46,1
2006-07,923,Donyell Marshall,Donyell,1610612739,CLE,Cleveland Cavaliers,0040600303,2007-05-27T00:00:00,CLE vs. DET,W,12.0,0,3,0.0,0,3,0.0,0,0,0.0,0,2,2,0,1,0,1,0,0,2,0,-11,4.4,0,0,4.0,1,1,1,1,1197,1243,1052,1243,543,346,543,863,926,863,834,737,913,986,568,701,141,1,1,552,1311,1341,1278,171,3,1264,,12:00,1
2006-07,2568,Carlos Delfino,Carlos,1610612765,DET,Detroit Pistons,0040600303,2007-05-27T00:00:00,DET @ CLE,L,4.016666666666667,1,1,1.0,0,0,0.0,0,0,0.0,0,0,0,0,0,0,0,0,0,0,2,-3,2.0,0,0,2.0,1,785,785,785,1434,994,1299,1,543,848,543,863,926,863,834,1251,1327,986,998,701,457,1,1,1118,1125,937,1379,171,3,1362,,4:01,1
2006-07,1800,Damon Jones,Damon,1610612739,CLE,Cleveland Cavaliers,0040600303,2007-05-27T00:00:00,CLE vs. DET,W,8.983333333333333,0,2,0.0,0,1,0.0,0,0,0.0,0,0,0,1,0,0,0,0,1,1,0,-4,1.5,0,0,1.0,1,1,1,1,1284,1243,1167,1243,543,649,543,863,926,863,834,1251,1327,646,998,701,457,1,257,769,1311,1002,1405,171,3,1423,,8:59,1
2006-07,101131,Jason Maxiell,Jason,1610612765,DET,Detroit Pistons,0040600303,2007-05-27T00:00:00,DET @ CLE,L,2.5833333333333335,0,1,0.0,0,0,0.0,0,0,0.0,0,1,1,0,0,0,0,0,0,0,0,-4,1.2,0,0,1.0,1,785,785,785,1479,1243,1299,1243,543,848,543,863,926,863,834,965,1101,986,998,701,457,1,1,1118,1311,1002,1421,171,3,1423,,2:35,1
2006-07,101114,Deron Williams,Deron,1610612762,UTA,Utah Jazz,0040600313,2007-05-26T00:00:00,UTA vs. SAS,W,37.833333333333336,10,19,0.526,4,5,0.8,7,8,0.875,0,1,1,8,2,5,1,2,3,9,31,19,60.2,0,0,56.0,1,1,1,1,343,57,85,395,16,160,68,82,103,348,834,965,1101,56,308,3,141,1423,912,15,26,53,18,171,3,16,,37:50,1
2006-07,2430,Carlos Boozer,Carlos,1610612762,UTA,Utah Jazz,0040600313,2007-05-26T00:00:00,UTA vs. SAS,W,33.56666666666667,12,19,0.632,0,0,0.0,3,4,0.75,4,8,12,2,1,2,0,1,4,2,27,12,49.4,1,0,45.0,1,1,1,1,504,18,85,237,543,848,543,334,332,449,64,90,59,423,568,103,457,1066,1206,552,59,171,70,1,3,80,,33:34,1
2006-07,2225,Tony Parker,Tony,1610612759,SAS,San Antonio Spurs,0040600313,2007-05-26T00:00:00,SAS @ UTA,L,32.266666666666666,9,18,0.5,1,2,0.5,6,6,1.0,0,1,1,7,2,1,0,3,4,6,25,-9,37.7,0,0,36.0,1,785,785,785,542,92,119,409,287,485,153,120,197,1,834,965,1101,78,308,278,457,1516,1206,105,95,1258,234,171,3,229,,32:16,1
2006-07,1495,Tim Duncan,Tim,1610612759,SAS,San Antonio Spurs,0040600313,2007-05-26T00:00:00,SAS @ UTA,L,26.316666666666666,6,9,0.667,0,0,0.0,4,5,0.8,2,6,8,3,8,1,2,1,5,8,16,-12,31.1,0,0,33.0,1,785,785,785,753,288,553,158,543,848,543,231,277,409,229,200,216,287,1,278,55,1066,1413,34,329,1378,358,171,3,273,,26:19,1
2006-07,1938,Manu Ginobili,Manu,1610612759,SAS,San Antonio Spurs,0040600313,2007-05-26T00:00:00,SAS @ UTA,L,30.416666666666668,4,12,0.333,2,5,0.4,4,6,0.667,0,1,1,4,1,1,0,1,1,7,14,-18,23.2,0,0,23.0,1,785,785,785,600,489,370,951,122,160,309,231,197,556,834,965,1101,206,568,278,457,1066,257,69,410,1509,592,171,3,542,,30:25,1
2006-07,200794,Paul Millsap,Paul,1610612762,UTA,Utah Jazz,0040600313,2007-05-26T00:00:00,UTA vs. SAS,W,21.933333333333334,4,7,0.571,0,0,0.0,0,0,0.0,0,2,2,2,1,3,1,0,3,1,8,16,24.4,0,0,20.0,1,1,1,1,868,489,690,310,543,848,543,863,926,863,834,737,913,423,568,32,141,1,912,769,714,97,558,171,3,626,,21:56,1
2006-07,1921,Gordan Giricek,Gordan,1610612762,UTA,Utah Jazz,0040600313,2007-05-26T00:00:00,UTA vs. SAS,W,26.083333333333332,4,8,0.5,1,2,0.5,2,2,1.0,0,1,1,6,2,0,0,0,3,2,11,17,19.2,0,0,19.0,1,1,1,1,759,489,616,409,287,485,153,459,556,1,834,965,1101,112,308,701,457,1,912,552,537,79,697,171,3,658,,26:05,1
2006-07,1723,Matt Harpring,Matt,1610612762,UTA,Utah Jazz,0040600313,2007-05-26T00:00:00,UTA vs. SAS,W,22.14,4,6,0.667,0,0,0.0,0,3,0.0,2,2,4,2,3,0,0,0,1,3,8,16,12.8,0,0,14.0,1,1,1,1,865,489,766,158,543,848,543,863,481,863,229,737,565,423,161,701,457,1,257,396,714,97,902,171,3,821,,22:08,1
2006-07,965,Derek Fisher,Derek,1610612762,UTA,Utah Jazz,0040600313,2007-05-26T00:00:00,UTA vs. SAS,W,29.983333333333334,4,8,0.5,1,2,0.5,2,2,1.0,0,0,0,1,2,0,0,0,5,2,11,13,10.5,0,0,13.0,1,1,1,1,614,489,616,409,287,485,153,459,556,1,834,1251,1327,646,308,701,457,1,1413,552,537,145,998,171,3,867,,29:59,1
2006-07,101177,Fabricio Oberto,Fabricio,1610612759,SAS,San Antonio Spurs,0040600313,2007-05-26T00:00:00,SAS @ UTA,L,25.983333333333334,2,2,1.0,0,0,0.0,1,2,0.5,0,4,4,1,0,1,0,0,4,1,5,2,14.3,0,0,12.0,1,785,785,785,762,816,1167,1,543,848,543,675,556,656,834,389,565,646,998,278,457,1,1206,769,911,581,854,171,3,907,,25:59,1
2006-07,1905,Andrei Kirilenko,Andrei,1610612762,UTA,Utah Jazz,0040600313,2007-05-26T00:00:00,UTA vs. SAS,W,29.816666666666666,0,2,0.0,0,0,0.0,2,4,0.5,0,2,2,3,0,0,2,0,0,5,2,17,14.9,0,0,11.0,1,1,1,1,620,1243,1167,1243,543,848,543,459,332,656,834,737,913,287,998,701,55,1,1,168,1125,79,825,171,3,937,,29:49,1
2006-07,109,Robert Horry,Robert,1610612759,SAS,San Antonio Spurs,0040600313,2007-05-26T00:00:00,SAS @ UTA,L,21.066666666666666,1,3,0.333,1,2,0.5,2,2,1.0,1,2,3,0,1,0,1,0,1,1,5,-14,10.6,0,0,11.0,1,785,785,785,893,994,1052,951,287,485,153,459,556,1,454,737,728,986,568,701,141,1,257,769,911,1440,989,171,3,937,,21:04,1
2006-07,2246,Mehmet Okur,Mehmet,1610612762,UTA,Utah Jazz,0040600313,2007-05-26T00:00:00,UTA vs. SAS,W,21.083333333333332,0,3,0.0,0,0,0.0,0,0,0.0,2,2,4,2,1,1,1,0,5,0,0,3,12.8,0,0,10.0,1,1,1,1,892,1243,1052,1243,543,848,543,863,926,863,229,737,565,423,568,278,141,1,1413,1118,1311,517,902,171,3,983,,21:05,1
2006-07,1922,Francisco Elson,Francisco,1610612759,SAS,San Antonio Spurs,0040600313,2007-05-26T00:00:00,SAS @ UTA,L,13.416666666666666,0,1,0.0,0,0,0.0,2,2,1.0,0,4,4,0,2,1,1,0,5,1,2,-13,10.8,0,0,10.0,1,785,785,785,1153,1243,1299,1243,543,848,543,459,556,1,834,389,565,986,308,278,141,1,1413,769,1125,1413,973,171,3,983,,13:25,1
2006-07,2260,Jarron Collins,Jarron,1610612762,UTA,Utah Jazz,0040600313,2007-05-26T00:00:00,UTA vs. SAS,W,11.26,2,3,0.667,0,0,0.0,3,3,1.0,1,2,3,0,0,0,0,1,1,3,7,8,10.6,0,0,10.0,1,1,1,1,1225,816,1052,158,543,848,543,334,481,1,454,737,728,986,998,701,457,1066,257,396,782,288,989,171,3,983,,11:16,1
2006-07,1477,Bruce Bowen,Bruce,1610612759,SAS,San Antonio Spurs,0040600313,2007-05-26T00:00:00,SAS @ UTA,L,28.116666666666667,2,3,0.667,1,2,0.5,0,0,0.0,0,3,3,1,0,0,0,0,4,0,5,-3,10.1,0,0,10.0,1,785,785,785,680,816,1052,158,287,485,153,863,926,863,834,545,728,646,998,701,457,1,1206,1118,911,937,1018,171,3,983,,28:07,1
2006-07,714,Michael Finley,Michael,1610612759,SAS,San Antonio Spurs,0040600313,2007-05-26T00:00:00,SAS @ UTA,L,17.373333333333335,1,4,0.25,1,3,0.333,0,0,0.0,0,3,3,0,0,1,0,0,1,0,3,-4,9.6,0,0,9.0,1,785,785,785,1019,994,953,1112,287,346,351,863,926,863,834,545,728,986,998,278,457,1,257,1118,1052,1002,1039,171,3,1022,,17:22,1
2006-07,699,Brent Barry,Brent,1610612759,SAS,San Antonio Spurs,0040600313,2007-05-26T00:00:00,SAS @ UTA,L,17.91,2,7,0.286,1,6,0.167,0,0,0.0,0,0,0,1,2,0,0,0,1,1,5,-17,4.5,0,0,7.0,1,785,785,785,999,816,690,1081,287,99,516,863,926,863,834,1251,1327,646,308,701,457,1,257,769,911,1492,1270,171,3,1113,,17:55,1
2006-07,200758,Ronnie Brewer,Ronnie,1610612762,UTA,Utah Jazz,0040600313,2007-05-26T00:00:00,UTA vs. SAS,W,2.1,1,2,0.5,0,0,0.0,0,4,0.0,0,0,0,0,0,1,0,0,0,2,2,3,5.0,0,0,4.0,1,1,1,1,1488,994,1167,409,543,848,543,863,332,863,834,1251,1327,986,998,278,457,1,1,552,1125,517,1243,171,3,1264,,2:06,1
2006-07,2737,Rafael Araujo,Rafael,1610612762,UTA,Utah Jazz,0040600313,2007-05-26T00:00:00,UTA vs. SAS,W,2.1,0,0,0.0,0,0,0.0,2,2,1.0,1,1,2,0,0,0,0,0,1,1,2,3,4.4,0,0,4.0,1,1,1,1,1488,1243,1436,1243,543,848,543,459,556,1,454,965,913,986,998,701,457,1,257,769,1125,517,1278,171,3,1264,,2:06,1
2006-07,1521,Jacque Vaughn,Jacque,1610612759,SAS,San Antonio Spurs,0040600313,2007-05-26T00:00:00,SAS @ UTA,L,18.15,1,4,0.25,0,0,0.0,1,2,0.5,0,0,0,0,0,0,0,0,1,1,3,-24,3.0,0,0,3.0,1,785,785,785,993,994,953,1112,543,848,543,675,556,656,834,1251,1327,986,998,701,457,1,257,769,1052,1552,1337,171,3,1315,,18:09,1
2006-07,200793,Dee Brown,Dee,1610612762,UTA,Utah Jazz,0040600313,2007-05-26T00:00:00,UTA vs. SAS,W,2.1,0,0,0.0,0,0,0.0,0,0,0.0,0,0,0,0,0,0,0,0,0,0,0,3,0.0,0,0,0.0,1,1,1,1,1488,1243,1436,1243,543,848,543,863,926,863,834,1251,1327,986,998,701,457,1,1,1118,1311,517,1461,171,3,1463,,2:06,1
2006-07,2588,Matt Bonner,Matt,1610612759,SAS,San Antonio Spurs,0040600313,2007-05-26T00:00:00,SAS @ UTA,L,4.083333333333333,0,1,0.0,0,1,0.0,0,0,0.0,0,0,0,0,1,0,0,0,2,0,0,-9,-1.0,0,0,0.0,1,785,785,785,1430,1243,1299,1243,543,649,543,863,926,863,834,1251,1327,986,568,701,457,1,563,1118,1311,1258,1551,171,3,1463,,4:05,1
2006-07,2757,Beno Udrih,Beno,1610612759,SAS,San Antonio Spurs,0040600313,2007-05-26T00:00:00,SAS @ UTA,L,4.9,0,0,0.0,0,0,0.0,0,0,0.0,0,0,0,0,2,0,0,0,1,0,0,-9,-2.0,0,0,0.0,1,785,785,785,1404,1243,1436,1243,543,848,543,863,926,863,834,1251,1327,986,308,701,457,1,257,1118,1311,1258,1561,171,3,1463,,4:54,1
2006-07,739,Rasheed Wallace,Rasheed,1610612765,DET,Detroit Pistons,0040600302,2007-05-24T00:00:00,DET vs. CLE,W,32.94833333333333,7,10,0.7,1,3,0.333,1,2,0.5,2,9,11,3,2,2,2,0,4,3,16,6,43.7,1,0,39.0,1,1,1,1,525,201,500,149,287,346,351,675,556,656,229,56,91,287,308,103,55,1,1206,396,329,364,132,1,3,170,,32:57,1
2006-07,2544,LeBron James,LeBron,1610612739,CLE,Cleveland Cavaliers,0040600302,2007-05-24T00:00:00,CLE @ DET,L,44.685,7,19,0.368,0,1,0.0,5,7,0.714,0,6,6,7,6,3,0,2,1,9,19,-6,39.7,0,0,38.0,1,785,785,785,66,201,85,905,543,649,543,164,154,535,834,200,362,78,17,32,457,1423,257,15,246,1132,187,171,3,194,,44:41,1
2006-07,2760,Anderson Varejao,Anderson,1610612739,CLE,Cleveland Cavaliers,0040600302,2007-05-24T00:00:00,CLE @ DET,L,30.955,5,11,0.455,0,1,0.0,4,6,0.667,7,7,14,0,2,1,2,2,3,6,14,8,37.8,1,0,34.0,1,785,785,785,585,378,430,654,543,649,543,231,197,556,7,147,28,986,308,278,55,1423,912,105,410,288,231,1,3,263,,30:57,1
2006-07,185,Chris Webber,Chris,1610612765,DET,Detroit Pistons,0040600302,2007-05-24T00:00:00,DET vs. CLE,W,24.0,4,13,0.308,0,0,0.0,1,2,0.5,3,4,7,5,2,2,1,0,2,2,9,13,31.9,0,0,27.0,1,1,1,1,816,489,316,1065,543,848,543,675,556,656,128,389,278,150,308,103,141,1,563,552,648,145,339,171,3,422,,24:00,1
2006-07,101131,Jason Maxiell,Jason,1610612765,DET,Detroit Pistons,0040600302,2007-05-24T00:00:00,DET vs. CLE,W,21.868333333333332,7,9,0.778,0,0,0.0,1,6,0.167,2,4,6,0,1,1,2,0,2,4,15,-8,30.2,0,0,27.0,1,1,1,1,871,201,553,108,543,848,543,675,197,859,229,389,362,986,568,278,55,1,563,269,375,1221,385,171,3,422,,21:52,1
2006-07,200789,Daniel Gibson,Daniel,1610612739,CLE,Cleveland Cavaliers,0040600302,2007-05-24T00:00:00,CLE @ DET,L,19.97833333333333,3,8,0.375,3,7,0.429,0,0,0.0,2,2,4,3,0,1,2,0,3,0,9,4,27.3,0,0,25.0,1,785,785,785,934,645,616,876,43,44,286,863,926,863,229,737,565,287,998,278,55,1,912,1118,648,462,469,171,3,488,,19:59,1
2006-07,1888,Richard Hamilton,Richard,1610612765,DET,Detroit Pistons,0040600302,2007-05-24T00:00:00,DET vs. CLE,W,36.81666666666667,5,14,0.357,1,3,0.333,2,4,0.5,1,1,2,3,3,2,0,1,4,3,13,9,22.9,0,0,23.0,1,1,1,1,392,378,261,932,287,346,351,459,332,656,454,965,913,287,161,103,457,1066,1206,396,450,259,605,171,3,542,,36:49,1
2006-07,1497,Chauncey Billups,Chauncey,1610612765,DET,Detroit Pistons,0040600302,2007-05-24T00:00:00,DET vs. CLE,W,43.35,4,7,0.571,2,2,1.0,3,3,1.0,0,1,1,6,5,0,0,2,1,5,13,11,18.2,0,0,22.0,1,1,1,1,115,489,690,310,122,485,1,334,481,1,834,965,1101,112,39,701,457,1423,257,168,450,198,722,171,3,571,,43:21,1
2006-07,2562,Sasha Pavlovic,Sasha,1610612739,CLE,Cleveland Cavaliers,0040600302,2007-05-24T00:00:00,CLE @ DET,L,30.583333333333332,7,10,0.7,0,3,0.0,0,0,0.0,0,0,0,0,1,3,0,0,1,0,14,-4,22.0,0,0,20.0,1,785,785,785,596,201,500,149,543,346,543,863,926,863,834,1251,1327,986,568,32,457,1,257,1118,410,1002,623,171,3,626,,30:35,1
2006-07,1716,Larry Hughes,Larry,1610612739,CLE,Cleveland Cavaliers,0040600302,2007-05-24T00:00:00,CLE @ DET,L,37.605,2,9,0.222,0,0,0.0,0,0,0.0,1,2,3,3,2,2,0,2,1,0,4,-8,16.1,0,0,14.0,1,785,785,785,357,816,553,1160,543,848,543,863,926,863,454,737,728,287,308,103,457,1423,257,1118,976,1221,788,171,3,821,,37:36,1
2006-07,923,Donyell Marshall,Donyell,1610612739,CLE,Cleveland Cavaliers,0040600302,2007-05-24T00:00:00,CLE @ DET,L,20.8,2,5,0.4,2,4,0.5,0,0,0.0,1,3,4,0,0,0,0,0,4,0,6,9,10.8,0,0,12.0,1,785,785,785,904,816,859,790,122,236,153,863,926,863,454,545,565,986,998,701,457,1,1206,1118,837,259,973,171,3,907,,20:48,1
2006-07,686,Antonio McDyess,Antonio,1610612765,DET,Detroit Pistons,0040600302,2007-05-24T00:00:00,DET vs. CLE,W,16.18,2,5,0.4,0,0,0.0,0,0,0.0,2,2,4,1,2,0,1,1,1,0,4,-7,11.3,0,0,11.0,1,1,1,1,1065,816,859,790,543,848,543,863,926,863,229,737,565,646,308,701,141,1066,257,1118,976,1179,960,171,3,937,,16:11,1
2006-07,980,Zydrunas Ilgauskas,Zydrunas,1610612739,CLE,Cleveland Cavaliers,0040600302,2007-05-24T00:00:00,CLE @ DET,L,27.06833333333333,1,6,0.167,0,0,0.0,1,2,0.5,0,7,7,1,2,0,0,0,2,1,3,-10,10.9,0,0,11.0,1,785,785,785,715,994,766,1200,543,848,543,675,556,656,834,147,278,646,308,701,457,1,563,769,1052,1299,969,171,3,937,,27:04,1
2006-07,2568,Carlos Delfino,Carlos,1610612765,DET,Detroit Pistons,0040600302,2007-05-24T00:00:00,DET vs. CLE,W,11.31,2,4,0.5,2,3,0.667,0,0,0.0,0,2,2,1,0,0,0,0,1,0,6,-12,9.9,0,0,11.0,1,1,1,1,1220,816,953,409,122,346,86,863,926,863,834,737,913,646,998,701,457,1,257,1118,837,1378,1027,171,3,937,,11:19,1
2006-07,2400,Drew Gooden,Drew,1610612739,CLE,Cleveland Cavaliers,0040600302,2007-05-24T00:00:00,CLE @ DET,L,16.933333333333334,2,4,0.5,0,0,0.0,0,0,0.0,0,1,1,3,2,1,0,0,2,0,4,-11,10.7,0,0,10.0,1,785,785,785,1034,816,953,409,543,848,543,863,926,863,834,965,1101,287,308,278,457,1,563,1118,976,1341,981,171,3,983,,16:56,1
2006-07,2419,Tayshaun Prince,Tayshaun,1610612765,DET,Detroit Pistons,0040600302,2007-05-24T00:00:00,DET vs. CLE,W,41.105,0,8,0.0,0,0,0.0,1,2,0.5,1,3,4,4,1,0,0,0,1,1,1,14,10.8,0,0,9.0,1,1,1,1,197,1243,616,1243,543,848,543,675,556,656,454,545,565,206,568,701,457,1,257,769,1285,126,973,171,3,1022,,41:06,1
2006-07,1800,Damon Jones,Damon,1610612739,CLE,Cleveland Cavaliers,0040600302,2007-05-24T00:00:00,CLE @ DET,L,11.128333333333334,1,3,0.333,1,3,0.333,0,0,0.0,0,0,0,0,0,0,0,0,1,0,3,5,3.0,0,0,4.0,1,785,785,785,1230,994,1052,951,287,346,351,863,926,863,834,1251,1327,986,998,701,457,1,257,1118,1052,416,1337,171,3,1264,,11:08,1
2006-07,2436,Flip Murray,Flip,1610612765,DET,Detroit Pistons,0040600302,2007-05-24T00:00:00,DET vs. CLE,W,7.366666666666666,1,2,0.5,0,0,0.0,0,0,0.0,0,0,0,0,0,0,0,0,0,0,2,-5,2.0,0,0,2.0,1,1,1,1,1328,994,1167,409,543,848,543,863,926,863,834,1251,1327,986,998,701,457,1,1,1118,1125,1073,1379,171,3,1362,,7:22,1
2006-07,727,Eric Snow,Eric,1610612739,CLE,Cleveland Cavaliers,0040600302,2007-05-24T00:00:00,CLE @ DET,L,0.2633333333333333,0,0,0.0,0,0,0.0,0,0,0.0,0,0,0,0,0,0,0,0,0,0,0,-2,0.0,0,0,0.0,1,785,785,785,1550,1243,1436,1243,543,848,543,863,926,863,834,1251,1327,986,998,701,457,1,1,1118,1311,865,1461,171,3,1463,,0:16,1
2006-07,283,Lindsey Hunter,Lindsey,1610612765,DET,Detroit Pistons,0040600302,2007-05-24T00:00:00,DET vs. CLE,W,5.055,0,0,0.0,0,0,0.0,0,0,0.0,0,0,0,0,2,0,0,0,0,0,0,-6,-2.0,0,0,0.0,1,1,1,1,1399,1243,1436,1243,543,848,543,863,926,863,834,1251,1327,986,308,701,457,1,1,1118,1311,1132,1561,171,3,1463,,5:03,1
2006-07,1495,Tim Duncan,Tim,1610612759,SAS,San Antonio Spurs,0040600312,2007-05-22T00:00:00,SAS vs. UTA,W,38.151666666666664,10,15,0.667,0,0,0.0,6,8,0.75,3,11,14,4,3,2,5,1,3,4,26,7,66.8,1,0,58.0,1,1,1,1,329,57,216,158,543,848,543,120,103,449,128,22,28,206,161,103,5,1066,912,269,77,322,4,1,3,9,,38:09,1
2006-07,2430,Carlos Boozer,Carlos,1610612762,UTA,Utah Jazz,0040600312,2007-05-22T00:00:00,UTA @ SAS,L,42.485,14,23,0.609,0,0,0.0,5,7,0.714,4,11,15,3,1,2,0,1,3,6,33,0,60.5,1,0,55.0,1,785,785,785,142,7,25,267,543,848,543,164,154,535,64,22,23,287,568,103,457,1066,912,105,14,715,17,1,3,20,,42:29,1
2006-07,101114,Deron Williams,Deron,1610612762,UTA,Utah Jazz,0040600312,2007-05-22T00:00:00,UTA @ SAS,L,42.016666666666666,10,19,0.526,1,2,0.5,5,8,0.625,1,3,4,10,6,3,0,3,3,5,26,-14,48.8,1,0,47.0,1,785,785,785,159,57,85,395,287,485,153,164,103,620,454,545,565,31,17,32,457,1516,912,168,77,1440,78,1,3,68,,42:01,1
2006-07,2225,Tony Parker,Tony,1610612759,SAS,San Antonio Spurs,0040600312,2007-05-22T00:00:00,SAS vs. UTA,W,39.44166666666667,7,12,0.583,1,1,1.0,2,4,0.5,0,3,3,14,7,2,0,0,2,2,17,9,40.6,1,0,39.0,1,1,1,1,271,201,370,302,287,649,1,459,332,656,834,545,728,8,8,103,457,1,563,552,295,259,172,1,3,170,,39:27,1
2006-07,1938,Manu Ginobili,Manu,1610612759,SAS,San Antonio Spurs,0040600312,2007-05-22T00:00:00,SAS vs. UTA,W,30.163333333333334,6,12,0.5,3,7,0.429,2,2,1.0,1,3,4,3,5,2,1,0,4,5,17,0,30.3,0,0,33.0,1,1,1,1,610,288,370,409,43,44,286,459,556,1,454,545,565,287,39,103,141,1,1206,168,295,715,382,171,3,273,,30:10,1
2006-07,2246,Mehmet Okur,Mehmet,1610612762,UTA,Utah Jazz,0040600312,2007-05-22T00:00:00,UTA @ SAS,L,40.96666666666667,4,13,0.308,2,5,0.4,1,1,1.0,2,3,5,2,1,2,2,0,2,1,11,-11,31.0,0,0,28.0,1,785,785,785,204,489,316,1065,122,160,309,675,861,1,229,545,466,423,568,103,55,1,563,769,537,1341,362,171,3,391,,40:58,1
2006-07,1905,Andrei Kirilenko,Andrei,1610612762,UTA,Utah Jazz,0040600312,2007-05-22T00:00:00,UTA @ SAS,L,37.565,5,11,0.455,0,0,0.0,5,7,0.714,1,2,3,3,5,2,1,2,3,4,15,4,27.1,0,0,27.0,1,785,785,785,362,378,430,654,543,848,543,164,154,535,454,737,728,287,39,103,141,1423,912,269,375,462,474,171,3,422,,37:34,1
2006-07,101177,Fabricio Oberto,Fabricio,1610612759,SAS,San Antonio Spurs,0040600312,2007-05-22T00:00:00,SAS vs. UTA,W,32.995,6,7,0.857,0,0,0.0,2,2,1.0,2,5,7,1,2,1,1,1,3,3,14,9,27.9,0,0,26.0,1,1,1,1,522,288,690,92,543,848,543,459,556,1,229,293,278,646,308,278,141,1066,912,396,410,259,448,171,3,455,,32:60,1
2006-07,714,Michael Finley,Michael,1610612759,SAS,San Antonio Spurs,0040600312,2007-05-22T00:00:00,SAS vs. UTA,W,23.083333333333332,4,10,0.4,3,6,0.5,0,0,0.0,1,5,6,2,0,0,1,1,2,0,11,9,24.2,0,0,24.0,1,1,1,1,843,489,500,790,43,99,153,863,926,863,454,293,362,423,998,701,141,1066,563,1118,537,259,567,171,3,513,,23:05,1
2006-07,1477,Bruce Bowen,Bruce,1610612759,SAS,San Antonio Spurs,0040600312,2007-05-22T00:00:00,SAS vs. UTA,W,29.046666666666667,3,6,0.5,3,4,0.75,0,0,0.0,2,1,3,1,3,1,0,1,2,2,9,6,14.1,0,0,18.0,1,1,1,1,642,645,766,409,43,236,71,863,926,863,229,965,728,646,161,278,457,1066,563,552,648,364,859,171,3,689,,29:03,1
2006-07,699,Brent Barry,Brent,1610612759,SAS,San Antonio Spurs,0040600312,2007-05-22T00:00:00,SAS vs. UTA,W,13.453333333333333,3,4,0.75,3,4,0.75,0,0,0.0,0,2,2,2,1,0,0,0,0,0,9,5,13.4,0,0,16.0,1,1,1,1,1149,645,953,115,43,236,71,863,926,863,834,737,913,423,568,701,457,1,1,1118,648,416,880,171,3,757,,13:27,1
2006-07,200794,Paul Millsap,Paul,1610612762,UTA,Utah Jazz,0040600312,2007-05-22T00:00:00,UTA @ SAS,L,11.633333333333333,1,3,0.333,0,0,0.0,2,2,1.0,2,1,3,0,0,2,1,0,3,4,4,-4,16.6,0,0,13.0,1,785,785,785,1211,994,1052,951,543,848,543,459,556,1,229,965,728,986,998,103,141,1,912,269,976,1002,764,171,3,867,,11:38,1
2006-07,109,Robert Horry,Robert,1610612759,SAS,San Antonio Spurs,0040600312,2007-05-22T00:00:00,SAS vs. UTA,W,17.131666666666668,0,4,0.0,0,4,0.0,0,0,0.0,0,4,4,0,1,2,2,0,2,1,0,-1,15.8,0,0,12.0,1,1,1,1,1025,1243,953,1243,543,236,543,863,926,863,834,389,565,986,568,103,55,1,563,769,1311,812,798,171,3,907,,17:08,1
2006-07,1723,Matt Harpring,Matt,1610612762,UTA,Utah Jazz,0040600312,2007-05-22T00:00:00,UTA @ SAS,L,27.066666666666666,0,3,0.0,0,0,0.0,2,2,1.0,2,2,4,2,1,1,0,1,2,1,2,-3,11.8,0,0,10.0,1,785,785,785,716,1243,1052,1243,543,848,543,459,556,1,229,737,565,423,568,278,457,1066,563,769,1125,937,942,171,3,983,,27:04,1
2006-07,965,Derek Fisher,Derek,1610612762,UTA,Utah Jazz,0040600312,2007-05-22T00:00:00,UTA @ SAS,L,30.933333333333334,1,9,0.111,0,4,0.0,1,2,0.5,1,0,1,1,1,2,0,3,1,2,3,-10,10.7,0,0,9.0,1,785,785,785,586,994,553,1237,543,236,543,675,556,656,454,1251,1101,646,568,103,457,1516,257,552,1052,1299,981,171,3,1022,,30:56,1
2006-07,1922,Francisco Elson,Francisco,1610612759,SAS,San Antonio Spurs,0040600312,2007-05-22T00:00:00,SAS vs. UTA,W,7.6033333333333335,1,1,1.0,0,0,0.0,0,0,0.0,0,0,0,0,0,0,0,0,3,0,2,3,2.0,0,0,2.0,1,1,1,1,1318,994,1299,1,543,848,543,863,926,863,834,1251,1327,986,998,701,457,1,912,1118,1125,517,1379,171,3,1362,,7:36,1
2006-07,1921,Gordan Giricek,Gordan,1610612762,UTA,Utah Jazz,0040600312,2007-05-22T00:00:00,UTA @ SAS,L,7.333333333333333,1,1,1.0,0,0,0.0,0,0,0.0,0,0,0,0,0,0,0,0,1,0,2,-7,2.0,0,0,2.0,1,785,785,785,1330,994,1299,1,543,848,543,863,926,863,834,1251,1327,986,998,701,457,1,257,1118,1125,1179,1379,171,3,1362,,7:20,1
2006-07,1521,Jacque Vaughn,Jacque,1610612759,SAS,San Antonio Spurs,0040600312,2007-05-22T00:00:00,SAS vs. UTA,W,8.558333333333334,0,1,0.0,0,0,0.0,0,2,0.0,0,1,1,1,1,0,0,0,2,1,0,0,1.7,0,0,2.0,1,1,1,1,1295,1243,1299,1243,543,848,543,863,556,863,834,965,1101,646,568,701,457,1,563,769,1311,715,1401,171,3,1362,,8:34,1
2006-07,2588,Matt Bonner,Matt,1610612759,SAS,San Antonio Spurs,0040600312,2007-05-22T00:00:00,SAS vs. UTA,W,0.11833333333333333,0,0,0.0,0,0,0.0,0,0,0.0,0,0,0,0,0,0,0,0,0,0,0,0,0.0,0,0,0.0,1,1,1,1,1556,1243,1436,1243,543,848,543,863,926,863,834,1251,1327,986,998,701,457,1,1,1118,1311,715,1461,171,3,1463,,0:07,1
2006-07,2757,Beno Udrih,Beno,1610612759,SAS,San Antonio Spurs,0040600312,2007-05-22T00:00:00,SAS vs. UTA,W,0.25333333333333335,0,0,0.0,0,0,0.0,0,0,0.0,0,0,0,0,0,0,0,0,0,0,0,-2,0.0,0,0,0.0,1,1,1,1,1551,1243,1436,1243,543,848,543,863,926,863,834,1251,1327,986,998,701,457,1,1,1118,1311,865,1461,171,3,1463,,0:15,1
2006-07,739,Rasheed Wallace,Rasheed,1610612765,DET,Detroit Pistons,0040600301,2007-05-21T00:00:00,DET vs. CLE,W,39.93333333333333,7,13,0.538,1,2,0.5,0,0,0.0,1,11,12,2,1,0,7,0,2,2,15,6,52.4,1,0,44.0,1,1,1,1,249,201,316,373,287,485,153,863,926,863,454,22,59,423,568,701,2,1,563,552,375,364,50,1,3,86,,39:56,1
2006-07,980,Zydrunas Ilgauskas,Zydrunas,1610612739,CLE,Cleveland Cavaliers,0040600301,2007-05-21T00:00:00,CLE @ DET,L,35.21333333333333,9,17,0.529,0,0,0.0,4,4,1.0,7,6,13,1,0,1,1,0,2,2,22,-9,45.1,1,0,40.0,1,785,785,785,452,92,145,390,543,848,543,231,332,1,7,200,42,646,998,278,141,1,563,552,160,1258,118,1,3,148,,35:13,1
2006-07,1888,Richard Hamilton,Richard,1610612765,DET,Detroit Pistons,0040600301,2007-05-21T00:00:00,DET vs. CLE,W,43.05,11,21,0.524,2,3,0.667,0,0,0.0,1,2,3,7,1,2,0,0,1,1,24,4,43.1,0,0,40.0,1,1,1,1,125,36,52,400,122,346,86,863,926,863,454,737,728,78,568,103,457,1,257,769,110,462,142,171,3,148,,43:03,1
2006-07,2544,LeBron James,LeBron,1610612739,CLE,Cleveland Cavaliers,0040600301,2007-05-21T00:00:00,CLE @ DET,L,45.36666666666667,5,15,0.333,0,0,0.0,0,0,0.0,1,9,10,9,2,4,1,2,1,2,10,-5,48.5,1,0,39.0,1,785,785,785,36,378,216,951,543,848,543,863,926,863,454,56,122,43,308,8,141,1423,257,552,589,1073,82,1,3,170,,45:22,1
2006-07,1716,Larry Hughes,Larry,1610612739,CLE,Cleveland Cavaliers,0040600301,2007-05-21T00:00:00,CLE @ DET,L,44.63,4,13,0.308,0,3,0.0,5,7,0.714,1,6,7,2,1,2,1,1,3,6,13,-1,32.4,0,0,28.0,1,785,785,785,69,489,316,1065,543,346,543,164,154,535,454,200,278,423,568,103,141,1066,912,105,450,812,330,171,3,391,,44:38,1
2006-07,2760,Anderson Varejao,Anderson,1610612739,CLE,Cleveland Cavaliers,0040600301,2007-05-21T00:00:00,CLE @ DET,L,26.953333333333333,6,9,0.667,0,1,0.0,1,2,0.5,5,3,8,1,2,2,0,1,2,5,13,4,28.1,0,0,26.0,1,785,785,785,722,288,553,158,543,649,543,675,556,656,31,545,216,646,308,103,457,1066,563,168,450,462,443,171,3,455,,26:57,1
2006-07,1497,Chauncey Billups,Chauncey,1610612765,DET,Detroit Pistons,0040600301,2007-05-21T00:00:00,DET vs. CLE,W,39.346666666666664,4,6,0.667,2,4,0.5,3,4,0.75,1,4,5,5,7,0,0,0,2,3,13,5,19.5,0,0,25.0,1,1,1,1,273,489,766,158,122,236,153,334,332,449,454,389,466,150,8,701,457,1,563,396,450,416,690,171,3,488,,39:21,1
2006-07,2419,Tayshaun Prince,Tayshaun,1610612765,DET,Detroit Pistons,0040600301,2007-05-21T00:00:00,DET vs. CLE,W,43.3,1,11,0.091,0,4,0.0,6,6,1.0,2,4,6,9,3,0,0,1,1,5,8,7,25.7,0,0,23.0,1,1,1,1,117,994,430,1241,543,236,543,120,197,1,229,389,362,43,161,701,457,1066,257,168,714,322,513,171,3,542,,43:18,1
2006-07,2400,Drew Gooden,Drew,1610612739,CLE,Cleveland Cavaliers,0040600301,2007-05-21T00:00:00,CLE @ DET,L,23.911666666666665,3,6,0.5,0,0,0.0,0,0,0.0,2,3,5,0,0,2,0,1,2,0,6,-2,18.0,0,0,15.0,1,785,785,785,819,645,766,409,543,848,543,863,926,863,229,545,466,986,998,103,457,1066,563,1118,837,865,731,171,3,792,,23:55,1
2006-07,185,Chris Webber,Chris,1610612765,DET,Detroit Pistons,0040600301,2007-05-21T00:00:00,DET vs. CLE,W,19.133333333333333,5,11,0.455,0,0,0.0,0,3,0.0,1,3,4,0,2,0,0,1,3,2,10,1,12.8,0,0,14.0,1,1,1,1,960,378,430,654,543,848,543,863,481,863,454,545,565,986,308,701,457,1066,912,552,589,656,902,171,3,821,,19:08,1
2006-07,686,Antonio McDyess,Antonio,1610612765,DET,Detroit Pistons,0040600301,2007-05-21T00:00:00,DET vs. CLE,W,18.55,1,5,0.2,0,0,0.0,0,0,0.0,1,3,4,1,0,0,2,0,2,0,2,-8,14.3,0,0,11.0,1,1,1,1,985,994,859,1169,543,848,543,863,926,863,454,545,565,646,998,701,55,1,563,1118,1125,1221,854,171,3,937,,18:33,1
2006-07,2562,Sasha Pavlovic,Sasha,1610612739,CLE,Cleveland Cavaliers,0040600301,2007-05-21T00:00:00,CLE @ DET,L,32.0,4,14,0.286,1,3,0.333,0,2,0.0,0,0,0,0,0,0,0,3,3,1,9,-10,9.0,0,0,10.0,1,785,785,785,554,489,261,1081,287,346,351,863,556,863,834,1251,1327,986,998,701,457,1516,912,769,648,1299,1061,171,3,983,,32:00,1
2006-07,905,Dale Davis,Dale,1610612765,DET,Detroit Pistons,0040600301,2007-05-21T00:00:00,DET vs. CLE,W,5.333333333333333,2,4,0.5,0,0,0.0,1,2,0.5,1,2,3,0,0,0,0,1,1,2,5,2,8.6,0,0,8.0,1,1,1,1,1385,816,953,409,543,848,543,675,556,656,454,737,728,986,998,701,457,1066,257,552,911,581,1074,171,3,1070,,5:20,1
2006-07,727,Eric Snow,Eric,1610612739,CLE,Cleveland Cavaliers,0040600301,2007-05-21T00:00:00,CLE @ DET,L,16.8,0,4,0.0,0,0,0.0,1,2,0.5,0,2,2,3,1,0,0,2,1,1,1,7,6.9,0,0,6.0,1,785,785,785,1045,1243,953,1243,543,848,543,675,556,656,834,737,913,287,568,701,457,1423,257,769,1285,322,1152,171,3,1166,,16:48,1
2006-07,283,Lindsey Hunter,Lindsey,1610612765,DET,Detroit Pistons,0040600301,2007-05-21T00:00:00,DET vs. CLE,W,13.65,0,1,0.0,0,1,0.0,2,2,1.0,0,1,1,0,1,1,0,0,1,1,2,-2,5.2,0,0,5.0,1,1,1,1,1144,1243,1299,1243,543,649,543,459,556,1,834,965,1101,986,568,278,457,1,257,769,1125,865,1228,171,3,1212,,13:39,1
2006-07,101131,Jason Maxiell,Jason,1610612765,DET,Detroit Pistons,0040600301,2007-05-21T00:00:00,DET vs. CLE,W,13.003333333333334,0,0,0.0,0,0,0.0,0,0,0.0,1,0,1,1,0,0,1,0,2,0,0,4,5.7,0,0,4.0,1,1,1,1,1165,1243,1436,1243,543,848,543,863,926,863,454,1251,1101,646,998,701,141,1,563,1118,1311,462,1216,171,3,1264,,13:00,1
2006-07,923,Donyell Marshall,Donyell,1610612739,CLE,Cleveland Cavaliers,0040600301,2007-05-21T00:00:00,CLE @ DET,L,9.915,1,4,0.25,0,1,0.0,0,0,0.0,1,1,2,0,0,0,0,0,2,0,2,2,4.4,0,0,4.0,1,785,785,785,1263,994,953,1112,543,649,543,863,926,863,454,965,913,986,998,701,457,1,563,1118,1125,581,1278,171,3,1264,,9:55,1
2006-07,200789,Daniel Gibson,Daniel,1610612739,CLE,Cleveland Cavaliers,0040600301,2007-05-21T00:00:00,CLE @ DET,L,5.21,0,4,0.0,0,2,0.0,0,0,0.0,1,1,2,0,1,0,0,0,0,0,0,-1,1.4,0,0,2.0,1,785,785,785,1393,1243,953,1243,543,485,543,863,926,863,454,965,913,986,568,701,457,1,1,1118,1311,812,1415,171,3,1362,,5:13,1
2006-07,2568,Carlos Delfino,Carlos,1610612765,DET,Detroit Pistons,0040600301,2007-05-21T00:00:00,DET vs. CLE,W,4.7,0,0,0.0,0,0,0.0,0,0,0.0,2,0,2,0,1,0,0,0,2,0,0,-4,1.4,0,0,2.0,1,1,1,1,1408,1243,1436,1243,543,848,543,863,926,863,229,1251,913,986,568,701,457,1,563,1118,1311,1002,1415,171,3,1362,,4:42,1
2006-07,101114,Deron Williams,Deron,1610612762,UTA,Utah Jazz,0040600311,2007-05-20T00:00:00,UTA @ SAS,L,42.41,13,23,0.565,2,5,0.4,6,7,0.857,1,6,7,9,1,1,0,2,4,7,34,-7,57.9,0,0,54.0,1,785,785,785,146,11,25,329,122,160,309,120,154,363,454,200,278,43,568,278,457,1423,1206,69,11,1179,25,171,3,21,,42:25,1
2006-07,1495,Tim Duncan,Tim,1610612759,SAS,San Antonio Spurs,0040600311,2007-05-20T00:00:00,SAS vs. UTA,W,39.218333333333334,9,15,0.6,0,0,0.0,9,13,0.692,3,7,10,5,3,0,2,1,5,8,27,8,49.5,1,0,46.0,1,1,1,1,284,92,216,268,543,848,543,33,21,553,128,147,122,150,161,701,55,1066,1413,34,59,288,68,1,3,74,,39:13,1
2006-07,1938,Manu Ginobili,Manu,1610612759,SAS,San Antonio Spurs,0040600311,2007-05-20T00:00:00,SAS vs. UTA,W,33.335,9,14,0.643,2,3,0.667,3,6,0.5,0,4,4,10,2,1,1,0,4,5,23,17,46.8,1,0,43.0,1,1,1,1,510,92,261,223,122,346,86,334,197,656,834,389,565,31,308,278,141,1,1206,168,133,79,102,1,3,100,,33:20,1
2006-07,2430,Carlos Boozer,Carlos,1610612762,UTA,Utah Jazz,0040600311,2007-05-20T00:00:00,UTA @ SAS,L,36.843333333333334,7,17,0.412,0,0,0.0,6,6,1.0,6,6,12,1,5,0,1,1,5,3,20,1,33.9,1,0,35.0,1,785,785,785,389,201,145,780,543,848,543,120,197,1,12,200,59,646,39,701,141,1066,1413,396,213,656,302,1,3,244,,36:51,1
2006-07,2225,Tony Parker,Tony,1610612759,SAS,San Antonio Spurs,0040600311,2007-05-20T00:00:00,SAS vs. UTA,W,38.34166666666667,8,15,0.533,0,0,0.0,5,10,0.5,1,1,2,6,6,3,0,1,3,9,21,6,35.4,0,0,35.0,1,1,1,1,318,145,216,382,543,848,543,164,57,656,454,965,913,112,17,32,457,1066,912,15,180,364,265,171,3,244,,38:21,1
2006-07,2246,Mehmet Okur,Mehmet,1610612762,UTA,Utah Jazz,0040600311,2007-05-20T00:00:00,UTA @ SAS,L,30.933333333333334,3,15,0.2,2,7,0.286,2,2,1.0,2,4,6,1,2,1,2,1,3,2,10,-7,25.7,0,0,25.0,1,785,785,785,586,645,216,1169,122,44,437,459,556,1,229,389,362,646,308,278,55,1066,912,552,589,1179,513,171,3,488,,30:56,1
2006-07,101177,Fabricio Oberto,Fabricio,1610612759,SAS,San Antonio Spurs,0040600311,2007-05-20T00:00:00,SAS vs. UTA,W,28.918333333333333,6,8,0.75,0,0,0.0,2,3,0.667,2,5,7,0,0,0,1,1,2,2,14,-7,25.4,0,0,23.0,1,1,1,1,649,288,616,115,543,848,543,459,481,556,229,293,278,986,998,701,141,1066,563,552,410,1179,524,171,3,542,,28:55,1
2006-07,714,Michael Finley,Michael,1610612759,SAS,San Antonio Spurs,0040600311,2007-05-20T00:00:00,SAS vs. UTA,W,25.405,2,5,0.4,2,3,0.667,8,8,1.0,0,0,0,0,0,0,2,0,2,4,14,4,20.0,0,0,20.0,1,1,1,1,779,816,859,790,122,346,86,54,103,1,834,1251,1327,986,998,701,55,1,563,269,410,462,666,171,3,626,,25:24,1
2006-07,1723,Matt Harpring,Matt,1610612762,UTA,Utah Jazz,0040600311,2007-05-20T00:00:00,UTA @ SAS,L,21.566666666666666,3,6,0.5,0,0,0.0,4,4,1.0,3,0,3,1,0,1,1,0,1,3,10,-6,21.1,0,0,18.0,1,785,785,785,878,645,766,409,543,848,543,231,332,1,128,1251,728,646,998,278,141,1,257,396,589,1132,638,171,3,689,,21:34,1
2006-07,1905,Andrei Kirilenko,Andrei,1610612762,UTA,Utah Jazz,0040600311,2007-05-20T00:00:00,UTA @ SAS,L,29.283333333333335,3,5,0.6,1,1,1.0,0,0,0.0,2,3,5,2,3,0,0,1,5,2,7,-5,13.0,0,0,15.0,1,785,785,785,632,645,859,268,287,649,1,863,926,863,229,545,466,423,161,701,457,1066,1413,552,782,1073,897,171,3,792,,29:17,1
2006-07,200794,Paul Millsap,Paul,1610612762,UTA,Utah Jazz,0040600311,2007-05-20T00:00:00,UTA @ SAS,L,14.756666666666666,3,7,0.429,0,0,0.0,1,2,0.5,4,3,7,0,3,0,0,0,0,1,7,-13,12.4,0,0,14.0,1,785,785,785,1115,645,690,716,543,848,543,675,556,656,64,545,278,986,161,701,457,1,1,769,782,1413,921,171,3,821,,14:45,1
2006-07,965,Derek Fisher,Derek,1610612762,UTA,Utah Jazz,0040600311,2007-05-20T00:00:00,UTA @ SAS,L,37.79333333333334,1,7,0.143,0,1,0.0,4,4,1.0,1,1,2,1,0,1,0,1,6,2,6,-1,12.9,0,0,11.0,1,785,785,785,346,994,690,1222,543,649,543,231,332,1,454,965,913,646,998,278,457,1066,1524,552,837,812,899,171,3,937,,37:48,1
2006-07,1477,Bruce Bowen,Bruce,1610612759,SAS,San Antonio Spurs,0040600311,2007-05-20T00:00:00,SAS vs. UTA,W,24.961666666666666,1,5,0.2,1,3,0.333,0,0,0.0,2,1,3,0,0,1,0,0,3,2,3,-7,9.6,0,0,9.0,1,1,1,1,788,994,859,1169,287,346,351,863,926,863,229,965,728,986,998,278,457,1,912,552,1052,1179,1039,171,3,1022,,24:58,1
2006-07,109,Robert Horry,Robert,1610612759,SAS,San Antonio Spurs,0040600311,2007-05-20T00:00:00,SAS vs. UTA,W,16.533333333333335,0,0,0.0,0,0,0.0,0,0,0.0,0,3,3,2,1,0,1,0,0,0,0,7,8.6,0,0,7.0,1,1,1,1,1054,1243,1436,1243,543,848,543,863,926,863,834,545,728,423,568,701,141,1,1,1118,1311,322,1074,171,3,1113,,16:32,1
2006-07,1922,Francisco Elson,Francisco,1610612759,SAS,San Antonio Spurs,0040600311,2007-05-20T00:00:00,SAS vs. UTA,W,10.95,3,3,1.0,0,0,0.0,0,0,0.0,0,1,1,0,0,0,0,0,2,0,6,7,7.2,0,0,7.0,1,1,1,1,1236,645,1052,1,543,848,543,863,926,863,834,965,1101,986,998,701,457,1,563,1118,837,322,1136,171,3,1113,,10:57,1
2006-07,2737,Rafael Araujo,Rafael,1610612762,UTA,Utah Jazz,0040600311,2007-05-20T00:00:00,UTA @ SAS,L,8.683333333333334,1,2,0.5,0,0,0.0,0,0,0.0,0,3,3,1,0,0,0,0,2,0,2,7,7.1,0,0,6.0,1,785,785,785,1290,994,1167,409,543,848,543,863,926,863,834,545,728,646,998,701,457,1,563,1118,1125,322,1144,171,3,1166,,8:41,1
2006-07,699,Brent Barry,Brent,1610612759,SAS,San Antonio Spurs,0040600311,2007-05-20T00:00:00,SAS vs. UTA,W,12.563333333333333,0,3,0.0,0,2,0.0,0,0,0.0,0,3,3,1,1,1,0,0,0,0,0,3,7.1,0,0,6.0,1,1,1,1,1180,1243,1052,1243,543,485,543,863,926,863,834,545,728,646,568,278,457,1,1,1118,1311,517,1144,171,3,1166,,12:34,1
2006-07,1921,Gordan Giricek,Gordan,1610612762,UTA,Utah Jazz,0040600311,2007-05-20T00:00:00,UTA @ SAS,L,13.38,2,4,0.5,0,0,0.0,0,0,0.0,2,0,2,0,0,0,0,1,2,0,4,-5,6.4,0,0,6.0,1,785,785,785,1155,816,953,409,543,848,543,863,926,863,229,1251,913,986,998,701,457,1066,563,1118,976,1073,1176,171,3,1166,,13:23,1
2006-07,1521,Jacque Vaughn,Jacque,1610612759,SAS,San Antonio Spurs,0040600311,2007-05-20T00:00:00,SAS vs. UTA,W,9.658333333333333,0,2,0.0,0,0,0.0,0,0,0.0,0,0,0,2,0,0,0,1,0,0,0,2,3.0,0,0,2.0,1,1,1,1,1274,1243,1167,1243,543,848,543,863,926,863,834,1251,1327,423,998,701,457,1066,1,1118,1311,581,1337,171,3,1362,,9:40,1
2006-07,2260,Jarron Collins,Jarron,1610612762,UTA,Utah Jazz,0040600311,2007-05-20T00:00:00,UTA @ SAS,L,4.35,0,0,0.0,0,0,0.0,0,2,0.0,0,1,1,0,0,0,0,0,2,1,0,-4,1.2,0,0,1.0,1,785,785,785,1420,1243,1436,1243,543,848,543,863,556,863,834,965,1101,986,998,701,457,1,563,769,1311,1002,1421,171,3,1423,,4:21,1
2006-07,2757,Beno Udrih,Beno,1610612759,SAS,San Antonio Spurs,0040600311,2007-05-20T00:00:00,SAS vs. UTA,W,0.115,0,0,0.0,0,0,0.0,0,0,0.0,0,0,0,0,0,0,0,0,0,0,0,0,0.0,0,0,0.0,1,1,1,1,1558,1243,1436,1243,543,848,543,863,926,863,834,1251,1327,986,998,701,457,1,1,1118,1311,715,1461,171,3,1463,,0:07,1
2006-07,1938,Manu Ginobili,Manu,1610612759,SAS,San Antonio Spurs,0040600236,2007-05-18T00:00:00,SAS vs. PHX,W,35.88666666666666,11,17,0.647,4,7,0.571,7,9,0.778,4,7,11,6,3,4,0,1,4,5,33,12,64.2,1,0,62.0,1,1,1,1,424,36,145,221,16,44,141,82,76,440,64,147,91,112,161,8,457,1066,1206,168,14,171,9,1,3,4,,35:53,1
2006-07,2405,Amar'e Stoudemire,Amar'e,1610612756,PHX,Phoenix Suns,0040600236,2007-05-18T00:00:00,PHX @ SAS,L,40.845,14,28,0.5,1,1,1.0,9,10,0.9,5,7,12,0,0,0,4,7,2,8,38,-6,64.4,1,0,59.0,1,785,785,785,210,7,7,409,287,649,1,33,57,336,31,147,59,986,998,701,16,1562,563,34,5,1132,8,1,3,6,,40:51,1
2006-07,1495,Tim Duncan,Tim,1610612759,SAS,San Antonio Spurs,0040600236,2007-05-18T00:00:00,SAS vs. PHX,W,39.985,11,19,0.579,0,0,0.0,2,6,0.333,8,5,13,1,4,0,9,3,3,5,24,7,64.1,1,0,56.0,1,1,1,1,245,36,85,306,543,848,543,459,197,833,3,293,42,646,88,701,1,1516,912,168,110,322,10,1,3,16,,39:59,1
2006-07,467,Jason Kidd,Jason,1610612751,NJN,New Jersey Nets,0040600216,2007-05-18T00:00:00,NJN vs. CLE,L,43.995,7,20,0.35,1,7,0.143,4,7,0.571,2,10,12,8,0,2,0,0,1,3,19,-2,51.4,1,0,44.0,1,785,785,785,97,201,67,947,287,44,532,231,154,642,229,37,59,56,998,103,457,1,257,396,246,865,56,1,3,86,,43:60,1
2006-07,959,Steve Nash,Steve,1610612756,PHX,Phoenix Suns,0040600236,2007-05-18T00:00:00,PHX @ SAS,L,37.53333333333333,7,10,0.7,3,4,0.75,1,2,0.5,1,5,6,14,5,1,0,1,3,4,18,1,44.2,1,0,43.0,1,785,785,785,364,201,500,149,43,236,71,675,556,656,454,293,362,8,39,278,457,1066,912,269,272,656,128,1,3,100,,37:32,1
2006-07,2544,LeBron James,LeBron,1610612739,CLE,Cleveland Cavaliers,0040600216,2007-05-18T00:00:00,CLE @ NJN,W,38.88333333333333,8,20,0.4,1,5,0.2,6,9,0.667,1,7,8,8,2,1,0,0,4,7,23,26,45.6,0,0,42.0,1,1,1,1,304,145,67,790,287,160,492,120,76,556,454,147,216,56,308,278,457,1,1206,69,133,10,112,171,3,119,,38:53,1
2006-07,2225,Tony Parker,Tony,1610612759,SAS,San Antonio Spurs,0040600236,2007-05-18T00:00:00,SAS vs. PHX,W,41.12,11,27,0.407,0,3,0.0,8,11,0.727,0,2,2,6,1,0,0,5,0,6,30,6,40.4,0,0,38.0,1,1,1,1,195,36,8,789,543,346,543,54,38,530,834,737,913,112,568,701,457,1559,1,105,36,364,176,171,3,194,,41:07,1
2006-07,1890,Shawn Marion,Shawn,1610612756,PHX,Phoenix Suns,0040600236,2007-05-18T00:00:00,PHX @ SAS,L,40.95,5,12,0.417,0,1,0.0,1,2,0.5,5,6,11,1,2,1,4,0,2,1,11,-7,38.7,1,0,33.0,1,785,785,785,205,378,370,762,543,649,543,675,556,656,31,200,91,646,308,278,16,1,563,769,537,1179,217,1,3,273,,40:57,1
2006-07,923,Donyell Marshall,Donyell,1610612739,CLE,Cleveland Cavaliers,0040600216,2007-05-18T00:00:00,CLE @ NJN,W,18.69,6,11,0.545,6,10,0.6,0,0,0.0,0,5,5,0,1,0,0,0,4,3,18,14,23.0,0,0,29.0,1,1,1,1,981,288,430,358,3,3,129,863,926,863,834,293,466,986,568,701,457,1,1206,396,272,126,600,171,3,363,,18:41,1
2006-07,2210,Richard Jefferson,Richard,1610612751,NJN,New Jersey Nets,0040600216,2007-05-18T00:00:00,NJN vs. CLE,L,45.2,7,16,0.438,0,2,0.0,2,2,1.0,0,8,8,2,3,0,1,0,2,1,16,-19,28.6,0,0,28.0,1,785,785,785,39,201,175,708,543,485,543,459,556,1,834,90,216,423,161,701,141,1,563,769,329,1519,425,171,3,391,,45:12,1
2006-07,1630,Mikki Moore,Mikki,1610612751,NJN,New Jersey Nets,0040600216,2007-05-18T00:00:00,NJN vs. CLE,L,37.516666666666666,4,8,0.5,0,0,0.0,6,7,0.857,1,6,7,1,2,2,0,0,3,8,14,10,27.9,0,0,26.0,1,785,785,785,366,489,616,409,543,848,543,120,154,363,454,200,278,646,308,103,457,1,912,34,410,227,448,171,3,455,,37:31,1
2006-07,1713,Vince Carter,Vince,1610612751,NJN,New Jersey Nets,0040600216,2007-05-18T00:00:00,NJN vs. CLE,L,41.25833333333333,4,11,0.364,0,2,0.0,3,5,0.6,2,3,5,4,5,1,1,0,3,5,11,-11,24.0,0,0,24.0,1,785,785,785,188,489,430,910,543,485,543,334,277,629,229,545,466,206,39,278,141,1,912,168,537,1341,573,171,3,513,,41:16,1
2006-07,2571,Leandro Barbosa,Leandro,1610612756,PHX,Phoenix Suns,0040600236,2007-05-18T00:00:00,PHX @ SAS,L,27.916666666666668,5,15,0.333,0,5,0.0,3,4,0.75,0,5,5,3,2,1,0,0,3,3,13,-12,24.5,0,0,23.0,1,785,785,785,688,378,216,951,543,160,543,334,332,449,834,293,466,287,308,278,457,1,912,396,450,1378,555,171,3,542,,27:55,1
2006-07,1477,Bruce Bowen,Bruce,1610612759,SAS,San Antonio Spurs,0040600236,2007-05-18T00:00:00,SAS vs. PHX,W,43.053333333333335,3,10,0.3,2,7,0.286,0,0,0.0,0,6,6,3,2,2,0,0,2,1,8,2,23.7,0,0,23.0,1,1,1,1,124,645,500,1073,122,44,437,863,926,863,834,200,362,287,308,103,457,1,563,769,714,581,575,171,3,542,,43:03,1
2006-07,2400,Drew Gooden,Drew,1610612739,CLE,Cleveland Cavaliers,0040600216,2007-05-18T00:00:00,CLE @ NJN,W,26.89666666666667,8,11,0.727,0,0,0.0,0,0,0.0,2,5,7,0,2,0,0,1,2,0,16,2,22.4,0,0,23.0,1,1,1,1,726,145,430,138,543,848,543,863,926,863,229,293,278,986,308,701,457,1066,563,1118,329,581,615,171,3,542,,26:54,1
2006-07,1952,Raja Bell,Raja,1610612756,PHX,Phoenix Suns,0040600236,2007-05-18T00:00:00,PHX @ SAS,L,41.458333333333336,5,9,0.556,1,4,0.25,2,2,1.0,0,4,4,1,4,1,1,0,6,1,13,-5,21.3,0,0,23.0,1,785,785,785,178,378,553,344,287,236,446,459,556,1,834,389,565,646,88,278,141,1,1524,769,450,1073,630,171,3,542,,41:28,1
2006-07,1716,Larry Hughes,Larry,1610612739,CLE,Cleveland Cavaliers,0040600216,2007-05-18T00:00:00,CLE @ NJN,W,34.93833333333333,1,6,0.167,1,2,0.5,2,4,0.5,1,2,3,3,1,2,1,0,2,2,5,1,21.1,0,0,18.0,1,1,1,1,465,994,766,1200,287,485,153,459,332,656,454,737,728,287,568,103,141,1,563,552,911,656,638,171,3,689,,34:56,1
2006-07,714,Michael Finley,Michael,1610612759,SAS,San Antonio Spurs,0040600236,2007-05-18T00:00:00,SAS vs. PHX,W,32.22666666666667,3,6,0.5,1,4,0.25,4,4,1.0,0,3,3,1,0,1,0,0,2,3,11,3,19.1,0,0,18.0,1,1,1,1,545,645,766,409,287,236,446,231,332,1,834,545,728,646,998,278,457,1,563,396,537,517,703,171,3,689,,32:14,1
2006-07,2562,Sasha Pavlovic,Sasha,1610612739,CLE,Cleveland Cavaliers,0040600216,2007-05-18T00:00:00,CLE @ NJN,W,25.711666666666666,1,8,0.125,1,3,0.333,0,0,0.0,0,1,1,3,2,3,0,1,2,0,3,-2,15.7,0,0,14.0,1,1,1,1,771,994,616,1231,287,346,351,863,926,863,834,965,1101,287,308,32,457,1066,563,1118,1052,865,802,171,3,821,,25:43,1
2006-07,2760,Anderson Varejao,Anderson,1610612739,CLE,Cleveland Cavaliers,0040600216,2007-05-18T00:00:00,CLE @ NJN,W,21.316666666666666,3,3,1.0,0,0,0.0,0,1,0.0,2,4,6,0,1,0,1,0,3,2,6,20,15.2,0,0,14.0,1,1,1,1,884,645,1052,1,543,848,543,863,861,863,229,389,362,986,568,701,141,1,912,552,837,43,814,171,3,821,,21:19,1
2006-07,200789,Daniel Gibson,Daniel,1610612739,CLE,Cleveland Cavaliers,0040600216,2007-05-18T00:00:00,CLE @ NJN,W,17.66,3,8,0.375,2,6,0.333,0,0,0.0,0,1,1,0,0,1,0,0,0,0,8,18,12.2,0,0,13.0,1,1,1,1,1009,645,616,876,122,99,351,863,926,863,834,965,1101,986,998,278,457,1,1,1118,714,69,927,171,3,867,,17:40,1
2006-07,980,Zydrunas Ilgauskas,Zydrunas,1610612739,CLE,Cleveland Cavaliers,0040600216,2007-05-18T00:00:00,CLE @ NJN,W,29.05,2,5,0.4,0,0,0.0,2,2,1.0,2,4,6,1,3,0,0,0,3,1,6,-4,11.7,0,0,13.0,1,1,1,1,640,816,859,790,543,848,543,459,556,1,229,389,362,646,161,701,457,1,912,769,837,1002,946,171,3,867,,29:03,1
2006-07,703,Kurt Thomas,Kurt,1610612756,PHX,Phoenix Suns,0040600236,2007-05-18T00:00:00,PHX @ SAS,L,16.75,2,6,0.333,0,0,0.0,1,2,0.5,2,1,3,3,2,0,0,1,4,2,5,-2,11.1,0,0,11.0,1,785,785,785,1046,816,766,951,543,848,543,675,556,656,229,965,728,287,308,701,457,1066,1206,552,911,865,967,171,3,937,,16:45,1
2006-07,2411,Bostjan Nachbar,Bostjan,1610612751,NJN,New Jersey Nets,0040600216,2007-05-18T00:00:00,NJN vs. CLE,L,15.665,1,2,0.5,1,2,0.5,0,0,0.0,1,4,5,0,2,1,0,0,1,1,3,-18,10.0,0,0,11.0,1,785,785,785,1085,994,1167,409,287,485,153,863,926,863,454,389,466,986,308,278,457,1,257,769,1052,1509,1022,171,3,937,,15:40,1
2006-07,727,Eric Snow,Eric,1610612739,CLE,Cleveland Cavaliers,0040600216,2007-05-18T00:00:00,CLE @ NJN,W,14.853333333333333,1,3,0.333,0,0,0.0,1,2,0.5,0,2,2,1,0,2,0,0,3,1,3,-10,12.9,0,0,10.0,1,1,1,1,1111,994,1052,951,543,848,543,675,556,656,834,737,913,646,998,103,457,1,912,769,1052,1299,899,171,3,983,,14:51,1
2006-07,1922,Francisco Elson,Francisco,1610612759,SAS,San Antonio Spurs,0040600236,2007-05-18T00:00:00,SAS vs. PHX,W,20.616666666666667,1,3,0.333,0,0,0.0,0,0,0.0,3,2,5,1,2,1,0,0,4,1,2,4,10.5,0,0,10.0,1,1,1,1,912,994,1052,951,543,848,543,863,926,863,128,737,466,646,308,278,457,1,1206,769,1125,462,998,171,3,983,,20:37,1
2006-07,101120,Antoine Wright,Antoine,1610612751,NJN,New Jersey Nets,0040600216,2007-05-18T00:00:00,NJN vs. CLE,L,16.31,2,4,0.5,1,1,1.0,2,2,1.0,1,0,1,0,0,0,0,1,1,1,7,-9,8.2,0,0,9.0,1,785,785,785,1061,816,953,409,287,649,1,459,556,1,454,1251,1101,986,998,701,457,1066,257,769,782,1258,1097,171,3,1022,,16:19,1
2006-07,2592,James Jones,James,1610612756,PHX,Phoenix Suns,0040600236,2007-05-18T00:00:00,PHX @ SAS,L,20.858333333333334,3,4,0.75,1,1,1.0,0,0,0.0,0,1,1,0,0,0,0,0,2,1,7,-9,8.2,0,0,9.0,1,785,785,785,903,645,953,115,287,649,1,863,926,863,834,965,1101,986,998,701,457,1,563,769,782,1258,1097,171,3,1022,,20:52,1
2006-07,101177,Fabricio Oberto,Fabricio,1610612759,SAS,San Antonio Spurs,0040600236,2007-05-18T00:00:00,SAS vs. PHX,W,10.633333333333333,1,1,1.0,0,0,0.0,0,0,0.0,1,2,3,1,0,0,0,0,4,0,2,3,7.1,0,0,6.0,1,1,1,1,1243,994,1299,1,543,848,543,863,926,863,454,737,728,646,998,701,457,1,1206,1118,1125,517,1144,171,3,1166,,10:38,1
2006-07,1521,Jacque Vaughn,Jacque,1610612759,SAS,San Antonio Spurs,0040600236,2007-05-18T00:00:00,SAS vs. PHX,W,4.133333333333334,2,3,0.667,0,0,0.0,0,0,0.0,0,0,0,2,0,0,0,0,1,1,4,0,7.0,0,0,6.0,1,1,1,1,1429,816,1052,158,543,848,543,863,926,863,834,1251,1327,423,998,701,457,1,257,769,976,715,1147,171,3,1166,,4:08,1
2006-07,2215,Jason Collins,Jason,1610612751,NJN,New Jersey Nets,0040600216,2007-05-18T00:00:00,NJN vs. CLE,L,28.766666666666666,1,3,0.333,0,0,0.0,0,2,0.0,0,2,2,1,2,0,0,0,3,5,2,-1,3.9,0,0,5.0,1,785,785,785,653,994,1052,951,543,848,543,863,556,863,834,737,913,646,308,701,457,1,912,168,1125,812,1305,171,3,1212,,28:46,1
2006-07,2564,Boris Diaw,Boris,1610612756,PHX,Phoenix Suns,0040600236,2007-05-18T00:00:00,PHX @ SAS,L,13.688333333333333,0,1,0.0,0,0,0.0,1,2,0.5,0,1,1,0,2,1,0,0,1,1,1,0,3.2,0,0,4.0,1,785,785,785,1142,1243,1299,1243,543,848,543,675,556,656,834,965,1101,986,308,278,457,1,257,769,1285,715,1325,171,3,1264,,13:41,1
2006-07,699,Brent Barry,Brent,1610612759,SAS,San Antonio Spurs,0040600236,2007-05-18T00:00:00,SAS vs. PHX,W,11.025,0,2,0.0,0,1,0.0,0,0,0.0,0,0,0,1,0,1,0,0,1,1,0,4,4.5,0,0,3.0,1,1,1,1,1233,1243,1167,1243,543,649,543,863,926,863,834,1251,1327,646,998,278,457,1,257,769,1311,462,1270,171,3,1315,,11:02,1
2006-07,1800,Damon Jones,Damon,1610612739,CLE,Cleveland Cavaliers,0040600216,2007-05-18T00:00:00,CLE @ NJN,W,12.0,0,1,0.0,0,1,0.0,0,0,0.0,0,1,1,2,0,0,0,0,1,0,0,15,4.2,0,0,3.0,1,1,1,1,1197,1243,1299,1243,543,649,543,863,926,863,834,965,1101,423,998,701,457,1,257,1118,1311,108,1288,171,3,1315,,12:00,1
2006-07,200767,Josh Boone,Josh,1610612751,NJN,New Jersey Nets,0040600216,2007-05-18T00:00:00,NJN vs. CLE,L,3.72,0,1,0.0,0,0,0.0,0,0,0.0,0,1,1,1,0,0,0,1,0,0,0,-12,2.7,0,0,2.0,1,785,785,785,1439,1243,1299,1243,543,848,543,863,926,863,834,965,1101,646,998,701,457,1066,1,1118,1311,1378,1356,171,3,1362,,3:43,1
2006-07,2067,Eddie House,Eddie,1610612751,NJN,New Jersey Nets,0040600216,2007-05-18T00:00:00,NJN vs. CLE,L,4.591666666666667,0,2,0.0,0,2,0.0,0,0,0.0,0,1,1,0,1,0,0,0,2,0,0,-11,0.2,0,0,1.0,1,785,785,785,1414,1243,1167,1243,543,485,543,863,926,863,834,965,1101,986,568,701,457,1,563,1118,1311,1341,1455,171,3,1423,,4:36,1
2006-07,2588,Matt Bonner,Matt,1610612759,SAS,San Antonio Spurs,0040600236,2007-05-18T00:00:00,SAS vs. PHX,W,1.32,0,0,0.0,0,0,0.0,0,0,0.0,0,0,0,0,0,0,0,0,0,0,0,-1,0.0,0,0,0.0,1,1,1,1,1510,1243,1436,1243,543,848,543,863,926,863,834,1251,1327,986,998,701,457,1,1,1118,1311,812,1461,171,3,1463,,1:19,1
2006-07,200801,Hassan Adams,Hassan,1610612751,NJN,New Jersey Nets,0040600216,2007-05-18T00:00:00,NJN vs. CLE,L,1.2,0,1,0.0,0,0,0.0,0,0,0.0,0,0,0,0,0,0,0,0,0,0,0,-2,0.0,0,0,0.0,1,785,785,785,1520,1243,1299,1243,543,848,543,863,926,863,834,1251,1327,986,998,701,457,1,1,1118,1311,865,1461,171,3,1463,,1:12,1
2006-07,200766,Marcus Williams,Marcus,1610612751,NJN,New Jersey Nets,0040600216,2007-05-18T00:00:00,NJN vs. CLE,L,1.7766666666666666,0,1,0.0,0,0,0.0,0,0,0.0,0,0,0,0,0,0,0,0,0,0,0,-5,0.0,0,0,0.0,1,785,785,785,1498,1243,1299,1243,543,848,543,863,926,863,834,1251,1327,986,998,701,457,1,1,1118,1311,1073,1461,171,3,1463,,1:47,1
2006-07,739,Rasheed Wallace,Rasheed,1610612765,DET,Detroit Pistons,0040600206,2007-05-17T00:00:00,DET @ CHI,W,39.266666666666666,7,14,0.5,2,8,0.25,0,1,0.0,3,10,13,4,5,0,2,0,5,1,16,12,38.6,1,0,39.0,1,1,1,1,279,201,261,409,122,21,446,863,861,863,128,37,42,206,39,701,55,1,1413,769,329,171,219,1,3,170,,39:16,1
2006-07,1497,Chauncey Billups,Chauncey,1610612765,DET,Detroit Pistons,0040600206,2007-05-17T00:00:00,DET @ CHI,W,42.09166666666667,3,12,0.25,1,5,0.2,14,14,1.0,0,2,2,7,0,2,0,0,3,10,21,10,39.9,0,0,35.0,1,1,1,1,157,645,370,1112,287,160,492,2,11,1,834,737,913,78,998,103,457,1,912,9,180,227,183,171,3,244,,42:06,1
2006-07,2732,Ben Gordon,Ben,1610612741,CHI,Chicago Bulls,0040600206,2007-05-17T00:00:00,CHI vs. DET,L,45.01,7,18,0.389,4,9,0.444,1,1,1.0,0,3,3,3,3,2,0,2,3,3,19,-8,30.1,0,0,33.0,1,785,785,785,51,201,119,858,16,12,283,675,861,1,834,545,728,287,161,103,457,1423,912,396,246,1221,386,171,3,273,,45:01,1
2006-07,2419,Tayshaun Prince,Tayshaun,1610612765,DET,Detroit Pistons,0040600206,2007-05-17T00:00:00,DET @ CHI,W,45.233333333333334,8,15,0.533,1,2,0.5,0,1,0.0,1,8,9,3,0,0,1,0,2,2,17,16,35.3,0,0,32.0,1,1,1,1,38,145,216,382,287,485,153,863,861,863,454,90,169,287,998,701,141,1,563,552,295,97,266,171,3,296,,45:14,1
2006-07,1888,Richard Hamilton,Richard,1610612765,DET,Detroit Pistons,0040600206,2007-05-17T00:00:00,DET @ CHI,W,42.8,9,18,0.5,0,1,0.0,5,5,1.0,2,1,3,2,1,1,1,1,3,3,23,8,34.6,0,0,32.0,1,1,1,1,133,92,119,409,543,649,543,164,277,1,229,965,728,423,568,278,141,1066,912,396,133,288,285,171,3,296,,42:48,1
2006-07,136,P.J. Brown,P.J.,1610612741,CHI,Chicago Bulls,0040600206,2007-05-17T00:00:00,CHI vs. DET,L,31.135,7,15,0.467,0,0,0.0,6,6,1.0,3,2,5,3,1,0,0,1,3,4,20,-6,29.5,0,0,28.0,1,785,785,785,576,201,216,627,543,848,543,120,197,1,128,737,466,287,568,701,457,1066,912,269,213,1132,404,171,3,391,,31:08,1
2006-07,2736,Luol Deng,Luol,1610612741,CHI,Chicago Bulls,0040600206,2007-05-17T00:00:00,CHI vs. DET,L,43.73833333333334,7,14,0.5,0,0,0.0,3,4,0.75,3,2,5,4,1,0,0,1,3,3,17,-12,28.0,0,0,26.0,1,785,785,785,102,201,261,409,543,848,543,334,332,449,128,737,466,206,568,701,457,1066,912,396,295,1378,445,171,3,455,,43:44,1
2006-07,2550,Kirk Hinrich,Kirk,1610612741,CHI,Chicago Bulls,0040600206,2007-05-17T00:00:00,CHI vs. DET,L,42.905,3,13,0.231,0,3,0.0,5,7,0.714,0,3,3,11,2,0,0,1,5,6,11,-9,29.1,1,0,25.0,1,785,785,785,131,645,316,1158,543,346,543,164,154,535,834,545,728,24,308,701,457,1066,1413,105,537,1258,412,1,3,488,,42:54,1
2006-07,1112,Ben Wallace,Ben,1610612741,CHI,Chicago Bulls,0040600206,2007-05-17T00:00:00,CHI vs. DET,L,28.683333333333334,2,2,1.0,0,0,0.0,2,8,0.25,2,5,7,0,0,2,1,0,0,5,6,-17,23.4,0,0,19.0,1,785,785,785,655,816,1167,1,543,848,543,459,103,851,229,293,278,986,998,103,141,1,1,168,837,1492,587,171,3,658,,28:41,1
2006-07,2804,Andres Nocioni,Andres,1610612741,CHI,Chicago Bulls,0040600206,2007-05-17T00:00:00,CHI vs. DET,L,19.383333333333333,2,7,0.286,1,3,0.333,5,5,1.0,1,5,6,0,0,1,0,0,5,2,10,7,20.2,0,0,19.0,1,785,785,785,951,816,690,1081,287,346,351,164,277,1,454,293,362,986,998,278,457,1,1413,552,589,322,660,171,3,658,,19:23,1
2006-07,185,Chris Webber,Chris,1610612765,DET,Detroit Pistons,0040600206,2007-05-17T00:00:00,DET @ CHI,W,23.051666666666666,2,6,0.333,0,0,0.0,1,2,0.5,4,5,9,1,0,0,1,0,3,2,5,8,20.3,0,0,17.0,1,1,1,1,844,816,766,951,543,848,543,675,556,656,64,293,169,646,998,701,141,1,912,552,911,288,657,171,3,725,,23:03,1
2006-07,686,Antonio McDyess,Antonio,1610612765,DET,Detroit Pistons,0040600206,2007-05-17T00:00:00,DET @ CHI,W,25.075,1,5,0.2,0,0,0.0,3,4,0.75,3,7,10,0,1,1,0,0,4,3,5,0,19.0,0,0,17.0,1,1,1,1,785,994,859,1169,543,848,543,334,332,449,128,147,122,986,568,278,457,1,1206,396,911,715,705,171,3,725,,25:05,1
2006-07,200748,Tyrus Thomas,Tyrus,1610612741,CHI,Chicago Bulls,0040600206,2007-05-17T00:00:00,CHI vs. DET,L,15.138333333333334,0,0,0.0,0,0,0.0,2,4,0.5,1,4,5,1,3,0,0,0,4,2,2,-2,6.5,0,0,8.0,1,785,785,785,1104,1243,1436,1243,543,848,543,459,332,656,454,389,466,646,161,701,457,1,1206,552,1125,865,1173,171,3,1070,,15:08,1
2006-07,283,Lindsey Hunter,Lindsey,1610612765,DET,Detroit Pistons,0040600206,2007-05-17T00:00:00,DET @ CHI,W,12.778333333333334,2,5,0.4,1,2,0.5,2,2,1.0,0,0,0,0,1,0,0,0,3,2,7,3,6.0,0,0,8.0,1,1,1,1,1172,816,859,790,287,485,153,459,556,1,834,1251,1327,986,568,701,457,1,912,552,782,517,1201,171,3,1070,,12:47,1
2006-07,2768,Chris Duhon,Chris,1610612741,CHI,Chicago Bulls,0040600206,2007-05-17T00:00:00,CHI vs. DET,L,8.811666666666667,0,3,0.0,0,2,0.0,0,0,0.0,0,1,1,1,1,0,0,0,0,0,0,-4,1.7,0,0,2.0,1,785,785,785,1288,1243,1052,1243,543,485,543,863,926,863,834,965,1101,646,568,701,457,1,1,1118,1311,1002,1401,171,3,1362,,8:49,1
2006-07,101131,Jason Maxiell,Jason,1610612765,DET,Detroit Pistons,0040600206,2007-05-17T00:00:00,DET @ CHI,W,7.636666666666667,0,0,0.0,0,0,0.0,1,2,0.5,1,0,1,0,1,0,0,0,2,1,1,-3,1.2,0,0,2.0,1,1,1,1,1316,1243,1436,1243,543,848,543,675,556,656,454,1251,1101,986,568,701,457,1,563,769,1285,937,1421,171,3,1362,,7:38,1
2006-07,2568,Carlos Delfino,Carlos,1610612765,DET,Detroit Pistons,0040600206,2007-05-17T00:00:00,DET @ CHI,W,2.066666666666667,0,1,0.0,0,0,0.0,0,0,0.0,0,1,1,0,0,0,0,0,0,0,0,-4,1.2,0,0,1.0,1,1,1,1,1492,1243,1299,1243,543,848,543,863,926,863,834,965,1101,986,998,701,457,1,1,1118,1311,1002,1421,171,3,1423,,2:04,1
2006-07,200757,Thabo Sefolosha,Thabo,1610612741,CHI,Chicago Bulls,0040600206,2007-05-17T00:00:00,CHI vs. DET,L,4.7,0,2,0.0,0,1,0.0,0,0,0.0,0,0,0,0,0,0,0,0,1,0,0,1,0.0,0,0,0.0,1,785,785,785,1408,1243,1167,1243,543,649,543,863,926,863,834,1251,1327,986,998,701,457,1,257,1118,1311,656,1461,171,3,1463,,4:42,1
2006-07,1559,Adrian Griffin,Adrian,1610612741,CHI,Chicago Bulls,0040600206,2007-05-17T00:00:00,CHI vs. DET,L,0.495,0,1,0.0,0,0,0.0,0,0,0.0,0,0,0,0,0,0,0,0,0,0,0,0,0.0,0,0,0.0,1,785,785,785,1541,1243,1299,1243,543,848,543,863,926,863,834,1251,1327,986,998,701,457,1,1,1118,1311,715,1461,171,3,1463,,0:30,1
2006-07,467,Jason Kidd,Jason,1610612751,NJN,New Jersey Nets,0040600215,2007-05-16T00:00:00,NJN @ CLE,W,41.89666666666667,8,14,0.571,3,7,0.429,1,6,0.167,1,8,9,6,8,4,2,0,2,3,20,20,49.8,0,0,50.0,1,1,1,1,161,145,261,310,43,44,286,675,197,859,454,90,169,112,1,8,55,1,563,396,213,43,66,171,3,35,,41:54,1
2006-07,1890,Shawn Marion,Shawn,1610612756,PHX,Phoenix Suns,0040600235,2007-05-16T00:00:00,PHX vs. SAS,L,45.75,9,16,0.563,2,4,0.5,4,4,1.0,4,13,17,1,2,1,1,1,4,3,24,-5,49.9,1,0,48.0,1,785,785,785,31,92,175,331,122,236,153,231,332,1,64,11,12,646,308,278,141,1066,1206,396,110,1073,64,1,3,51,,45:45,1
2006-07,1938,Manu Ginobili,Manu,1610612759,SAS,San Antonio Spurs,0040600235,2007-05-16T00:00:00,SAS @ PHX,W,38.016666666666666,7,15,0.467,3,8,0.375,9,9,1.0,1,9,10,3,5,2,1,0,4,7,26,2,46.5,1,0,48.0,1,1,1,1,334,201,216,627,43,21,342,33,76,1,454,56,122,287,39,103,141,1,1206,69,77,581,104,1,3,51,,38:01,1
2006-07,1495,Tim Duncan,Tim,1610612759,SAS,San Antonio Spurs,0040600235,2007-05-16T00:00:00,SAS @ PHX,W,40.501666666666665,7,14,0.5,0,0,0.0,7,11,0.636,2,10,12,2,1,1,5,1,3,8,21,-4,55.4,1,0,47.0,1,1,1,1,222,201,261,409,543,848,543,82,38,615,229,37,59,423,568,278,5,1066,912,34,180,1002,36,1,3,68,,40:30,1
2006-07,2544,LeBron James,LeBron,1610612739,CLE,Cleveland Cavaliers,0040600215,2007-05-16T00:00:00,CLE vs. NJN,L,42.78,5,14,0.357,0,2,0.0,10,11,0.909,3,6,9,5,5,2,1,0,4,6,20,-15,42.3,0,0,40.0,1,785,785,785,135,378,261,932,543,485,543,25,38,333,128,200,169,150,39,103,141,1,1206,105,213,1463,150,171,3,148,,42:47,1
2006-07,959,Steve Nash,Steve,1610612756,PHX,Phoenix Suns,0040600235,2007-05-16T00:00:00,PHX vs. SAS,L,45.98,6,19,0.316,3,7,0.429,4,4,1.0,1,1,2,12,3,1,0,3,2,4,19,-3,39.4,1,0,38.0,1,785,785,785,24,288,85,1058,43,44,286,231,332,1,454,965,913,20,161,278,457,1516,563,269,246,937,197,1,3,194,,45:59,1
2006-07,703,Kurt Thomas,Kurt,1610612756,PHX,Phoenix Suns,0040600235,2007-05-16T00:00:00,PHX vs. SAS,L,36.141666666666666,5,13,0.385,0,0,0.0,5,5,1.0,3,9,12,3,1,0,2,1,2,6,15,4,38.9,1,0,34.0,1,785,785,785,412,378,316,865,543,848,543,164,277,1,128,56,59,287,568,701,55,1066,563,105,375,462,212,1,3,263,,36:09,1
2006-07,2210,Richard Jefferson,Richard,1610612751,NJN,New Jersey Nets,0040600215,2007-05-16T00:00:00,NJN @ CLE,W,44.24666666666667,6,11,0.545,1,1,1.0,2,2,1.0,0,8,8,2,1,1,1,1,1,2,15,11,32.6,0,0,30.0,1,1,1,1,86,288,430,358,287,649,1,459,556,1,834,90,216,423,568,278,141,1066,257,552,375,198,325,171,3,341,,44:15,1
2006-07,1477,Bruce Bowen,Bruce,1610612759,SAS,San Antonio Spurs,0040600235,2007-05-16T00:00:00,SAS @ PHX,W,40.42,3,10,0.3,3,6,0.5,0,0,0.0,0,7,7,2,1,4,0,0,4,2,9,4,31.4,0,0,29.0,1,1,1,1,227,645,500,1073,43,99,153,863,926,863,834,147,278,423,568,8,457,1,1206,552,648,462,352,171,3,363,,40:25,1
2006-07,1713,Vince Carter,Vince,1610612751,NJN,New Jersey Nets,0040600215,2007-05-16T00:00:00,NJN @ CLE,W,42.96333333333333,5,11,0.455,0,1,0.0,2,4,0.5,2,4,6,10,3,0,0,1,4,5,12,15,31.2,1,0,28.0,1,1,1,1,129,378,430,654,543,649,543,459,332,656,229,389,362,31,161,701,457,1066,1206,168,503,108,355,1,3,391,,42:58,1
2006-07,980,Zydrunas Ilgauskas,Zydrunas,1610612739,CLE,Cleveland Cavaliers,0040600215,2007-05-16T00:00:00,CLE vs. NJN,L,31.616666666666667,6,8,0.75,0,0,0.0,4,4,1.0,2,4,6,1,2,1,0,0,2,2,16,-10,25.7,0,0,25.0,1,785,785,785,563,288,616,115,543,848,543,231,332,1,229,389,362,646,308,278,457,1,563,552,329,1299,513,171,3,488,,31:37,1
2006-07,1630,Mikki Moore,Mikki,1610612751,NJN,New Jersey Nets,0040600215,2007-05-16T00:00:00,NJN @ CLE,W,33.2,6,12,0.5,0,0,0.0,2,2,1.0,1,5,6,2,2,1,0,1,5,3,14,10,25.2,0,0,24.0,1,1,1,1,513,288,370,409,543,848,543,459,556,1,454,293,362,423,308,278,457,1066,1413,396,410,227,529,171,3,513,,33:12,1
2006-07,2411,Bostjan Nachbar,Bostjan,1610612751,NJN,New Jersey Nets,0040600215,2007-05-16T00:00:00,NJN @ CLE,W,22.918333333333333,4,9,0.444,3,7,0.429,2,2,1.0,0,3,3,0,1,1,0,0,2,1,13,6,18.6,0,0,21.0,1,1,1,1,846,489,553,682,43,44,286,459,556,1,834,545,728,986,568,278,457,1,563,769,450,364,716,171,3,604,,22:55,1
2006-07,2225,Tony Parker,Tony,1610612759,SAS,San Antonio Spurs,0040600235,2007-05-16T00:00:00,SAS @ PHX,W,39.48166666666667,5,13,0.385,0,0,0.0,1,2,0.5,0,2,2,5,3,1,0,2,3,1,11,22,20.9,0,0,20.0,1,1,1,1,267,378,316,865,543,848,543,675,556,656,834,737,913,150,161,278,457,1423,912,769,537,30,643,171,3,626,,39:29,1
2006-07,2760,Anderson Varejao,Anderson,1610612739,CLE,Cleveland Cavaliers,0040600215,2007-05-16T00:00:00,CLE vs. NJN,L,23.35,1,2,0.5,0,0,0.0,1,2,0.5,2,6,8,0,2,2,2,1,3,2,3,5,22.6,0,0,19.0,1,785,785,785,836,994,1167,409,543,848,543,675,556,656,229,200,216,986,308,103,55,1066,912,552,1052,416,613,171,3,658,,23:21,1
2006-07,714,Michael Finley,Michael,1610612759,SAS,San Antonio Spurs,0040600235,2007-05-16T00:00:00,SAS @ PHX,W,37.21666666666667,4,10,0.4,2,6,0.333,3,4,0.75,0,3,3,1,0,0,0,0,0,1,13,12,18.1,0,0,19.0,1,1,1,1,373,489,500,790,122,99,351,334,332,449,834,545,728,646,998,701,457,1,1,769,450,171,727,171,3,658,,37:13,1
2006-07,1716,Larry Hughes,Larry,1610612739,CLE,Cleveland Cavaliers,0040600215,2007-05-16T00:00:00,CLE vs. NJN,L,39.61333333333334,3,17,0.176,1,4,0.25,0,1,0.0,2,1,3,4,3,1,0,2,2,2,7,-17,16.6,0,0,17.0,1,785,785,785,263,645,145,1198,287,236,446,863,861,863,229,965,728,206,161,278,457,1423,563,552,782,1492,764,171,3,725,,39:37,1
2006-07,2571,Leandro Barbosa,Leandro,1610612756,PHX,Phoenix Suns,0040600235,2007-05-16T00:00:00,PHX vs. SAS,L,33.876666666666665,3,12,0.25,0,1,0.0,2,2,1.0,1,3,4,2,4,1,0,1,6,2,8,-16,14.8,0,0,16.0,1,785,785,785,497,645,370,1112,543,649,543,459,556,1,454,545,565,423,88,278,457,1066,1524,552,714,1477,829,171,3,757,,33:53,1
2006-07,1952,Raja Bell,Raja,1610612756,PHX,Phoenix Suns,0040600235,2007-05-16T00:00:00,PHX vs. SAS,L,46.67,4,11,0.364,2,5,0.4,0,0,0.0,0,4,4,0,4,0,0,0,5,3,10,-3,10.8,0,0,16.0,1,785,785,785,10,489,430,910,122,160,309,863,926,863,834,389,565,986,88,701,457,1,1413,396,589,937,973,171,3,757,,46:40,1
2006-07,2562,Sasha Pavlovic,Sasha,1610612739,CLE,Cleveland Cavaliers,0040600215,2007-05-16T00:00:00,CLE vs. NJN,L,29.831666666666667,3,8,0.375,2,3,0.667,0,2,0.0,0,3,3,1,4,0,0,0,5,2,8,-14,9.1,0,0,14.0,1,785,785,785,618,645,616,876,122,346,86,863,556,863,834,545,728,646,88,701,457,1,1413,552,714,1440,1059,171,3,821,,29:50,1
2006-07,2400,Drew Gooden,Drew,1610612739,CLE,Cleveland Cavaliers,0040600215,2007-05-16T00:00:00,CLE vs. NJN,L,29.316666666666666,2,7,0.286,0,0,0.0,0,0,0.0,2,6,8,1,0,0,0,0,2,0,4,-21,15.1,0,0,13.0,1,785,785,785,631,816,690,1081,543,848,543,863,926,863,229,200,216,646,998,701,457,1,563,1118,976,1533,818,171,3,867,,29:19,1
2006-07,2592,James Jones,James,1610612756,PHX,Phoenix Suns,0040600235,2007-05-16T00:00:00,PHX vs. SAS,L,28.581666666666667,4,6,0.667,0,1,0.0,1,2,0.5,0,3,3,0,1,0,0,0,1,3,9,8,11.6,0,0,12.0,1,785,785,785,661,489,766,158,543,649,543,675,556,656,834,545,728,986,568,701,457,1,257,396,648,288,952,171,3,907,,28:35,1
2006-07,200789,Daniel Gibson,Daniel,1610612739,CLE,Cleveland Cavaliers,0040600215,2007-05-16T00:00:00,CLE vs. NJN,L,17.036666666666665,3,7,0.429,1,4,0.25,1,2,0.5,0,0,0,0,1,1,0,0,3,2,8,6,10.0,0,0,11.0,1,785,785,785,1030,645,690,716,287,236,446,675,556,656,834,1251,1327,986,568,278,457,1,912,552,714,364,1022,171,3,937,,17:02,1
2006-07,727,Eric Snow,Eric,1610612739,CLE,Cleveland Cavaliers,0040600215,2007-05-16T00:00:00,CLE vs. NJN,L,19.321666666666665,1,2,0.5,0,0,0.0,1,2,0.5,1,3,4,1,1,0,0,0,1,2,3,7,8.3,0,0,8.0,1,785,785,785,955,994,1167,409,543,848,543,675,556,656,454,545,565,646,568,701,457,1,257,552,1052,322,1093,171,3,1070,,19:19,1
2006-07,101177,Fabricio Oberto,Fabricio,1610612759,SAS,San Antonio Spurs,0040600235,2007-05-16T00:00:00,SAS @ PHX,W,12.933333333333334,2,2,1.0,0,0,0.0,2,2,1.0,1,0,1,1,1,0,0,0,3,2,6,10,7.7,0,0,8.0,1,1,1,1,1169,816,1167,1,543,848,543,459,556,1,454,1251,1101,646,568,701,457,1,912,552,837,227,1118,171,3,1070,,12:56,1
2006-07,923,Donyell Marshall,Donyell,1610612739,CLE,Cleveland Cavaliers,0040600215,2007-05-16T00:00:00,CLE vs. NJN,L,7.133333333333334,0,7,0.0,0,2,0.0,3,5,0.6,3,1,4,0,0,0,0,0,0,2,3,4,7.8,0,0,7.0,1,785,785,785,1335,1243,690,1243,543,485,543,334,277,629,128,965,565,986,998,701,457,1,1,552,1052,462,1112,171,3,1113,,7:08,1
2006-07,2067,Eddie House,Eddie,1610612751,NJN,New Jersey Nets,0040600215,2007-05-16T00:00:00,NJN @ CLE,W,7.65,1,5,0.2,1,4,0.25,0,0,0.0,0,1,1,0,0,1,0,0,0,0,3,2,7.2,0,0,7.0,1,1,1,1,1315,994,859,1169,287,236,446,863,926,863,834,965,1101,986,998,278,457,1,1,1118,1052,581,1136,171,3,1113,,7:39,1
2006-07,2215,Jason Collins,Jason,1610612751,NJN,New Jersey Nets,0040600215,2007-05-16T00:00:00,NJN @ CLE,W,24.485,0,1,0.0,0,0,0.0,0,0,0.0,2,1,3,0,0,1,0,0,2,1,0,0,6.6,0,0,5.0,1,1,1,1,799,1243,1299,1243,543,848,543,863,926,863,229,965,728,986,998,278,457,1,563,769,1311,715,1163,171,3,1212,,24:29,1
2006-07,101120,Antoine Wright,Antoine,1610612751,NJN,New Jersey Nets,0040600215,2007-05-16T00:00:00,NJN @ CLE,W,9.955,1,1,1.0,0,0,0.0,0,0,0.0,1,1,2,0,0,0,0,0,1,2,2,0,4.4,0,0,4.0,1,1,1,1,1261,994,1299,1,543,848,543,863,926,863,454,965,913,986,998,701,457,1,257,552,1125,715,1278,171,3,1264,,9:57,1
2006-07,200767,Josh Boone,Josh,1610612751,NJN,New Jersey Nets,0040600215,2007-05-16T00:00:00,NJN @ CLE,W,8.283333333333333,1,2,0.5,0,0,0.0,0,4,0.0,0,1,1,0,0,0,0,0,2,5,2,0,3.2,0,0,3.0,1,1,1,1,1299,994,1167,409,543,848,543,863,332,863,834,965,1101,986,998,701,457,1,563,168,1125,715,1325,171,3,1315,,8:17,1
2006-07,1922,Francisco Elson,Francisco,1610612759,SAS,San Antonio Spurs,0040600235,2007-05-16T00:00:00,SAS @ PHX,W,5.983333333333333,0,1,0.0,0,0,0.0,0,0,0.0,1,2,3,0,1,0,0,0,3,0,0,-11,2.6,0,0,3.0,1,1,1,1,1364,1243,1299,1243,543,848,543,863,926,863,454,737,728,986,568,701,457,1,912,1118,1311,1341,1362,171,3,1315,,5:59,1
2006-07,200766,Marcus Williams,Marcus,1610612751,NJN,New Jersey Nets,0040600215,2007-05-16T00:00:00,NJN @ CLE,W,4.401666666666666,1,3,0.333,0,1,0.0,0,0,0.0,0,0,0,1,2,0,0,0,1,0,2,-9,1.5,0,0,3.0,1,1,1,1,1419,994,1052,951,543,649,543,863,926,863,834,1251,1327,646,308,701,457,1,257,1118,1125,1258,1405,171,3,1315,,4:24,1
2006-07,699,Brent Barry,Brent,1610612759,SAS,San Antonio Spurs,0040600235,2007-05-16T00:00:00,SAS @ PHX,W,16.14666666666667,0,2,0.0,0,2,0.0,0,0,0.0,1,0,1,1,0,0,0,0,1,0,0,-4,2.7,0,0,2.0,1,1,1,1,1066,1243,1167,1243,543,485,543,863,926,863,454,1251,1101,646,998,701,457,1,257,1118,1311,1002,1356,171,3,1362,,16:09,1
2006-07,1521,Jacque Vaughn,Jacque,1610612759,SAS,San Antonio Spurs,0040600235,2007-05-16T00:00:00,SAS @ PHX,W,6.383333333333334,1,4,0.25,0,0,0.0,0,0,0.0,0,0,0,0,0,0,0,0,0,0,2,-17,2.0,0,0,2.0,1,1,1,1,1360,994,953,1112,543,848,543,863,926,863,834,1251,1327,986,998,701,457,1,1,1118,1125,1492,1379,171,3,1362,,6:23,1
2006-07,2469,Pat Burke,Pat,1610612756,PHX,Phoenix Suns,0040600235,2007-05-16T00:00:00,PHX vs. SAS,L,3.0,0,0,0.0,0,0,0.0,0,0,0.0,0,0,0,0,0,0,0,0,1,0,0,0,0.0,0,0,0.0,1,785,785,785,1454,1243,1436,1243,543,848,543,863,926,863,834,1251,1327,986,998,701,457,1,257,1118,1311,715,1461,171,3,1463,,3:00,1
2006-07,2588,Matt Bonner,Matt,1610612759,SAS,San Antonio Spurs,0040600235,2007-05-16T00:00:00,SAS @ PHX,W,2.9166666666666665,0,1,0.0,0,1,0.0,0,0,0.0,0,0,0,0,1,0,0,0,0,0,0,1,-1.0,0,0,0.0,1,1,1,1,1462,1243,1299,1243,543,649,543,863,926,863,834,1251,1327,986,568,701,457,1,1,1118,1311,656,1551,171,3,1463,,2:55,1
2006-07,1884,Baron Davis,Baron,1610612744,GSW,Golden State Warriors,0040600225,2007-05-15T00:00:00,GSW @ UTA,L,44.416666666666664,5,16,0.313,1,7,0.143,10,12,0.833,0,2,2,8,2,6,1,1,3,9,21,-7,54.4,0,0,46.0,1,785,785,785,77,378,175,1062,287,44,532,25,28,382,834,737,913,56,308,1,141,1066,912,15,180,1179,38,171,3,74,,44:25,1
2006-07,1905,Andrei Kirilenko,Andrei,1610612762,UTA,Utah Jazz,0040600225,2007-05-15T00:00:00,UTA vs. GSW,W,33.56666666666667,8,12,0.667,0,0,0.0,5,5,1.0,6,9,15,1,1,3,0,1,2,4,21,4,48.5,1,0,43.0,1,1,1,1,504,145,370,158,543,848,543,164,277,1,12,56,23,646,568,32,457,1066,563,269,180,462,82,1,3,100,,33:34,1
2006-07,2550,Kirk Hinrich,Kirk,1610612741,CHI,Chicago Bulls,0040600205,2007-05-15T00:00:00,CHI @ DET,W,35.983333333333334,6,15,0.4,3,7,0.429,2,2,1.0,1,4,5,13,3,1,0,0,3,3,17,20,42.5,1,0,40.0,1,1,1,1,419,288,216,790,43,44,286,459,556,1,454,389,466,14,161,278,457,1,912,396,295,43,146,1,3,148,,35:59,1
2006-07,2430,Carlos Boozer,Carlos,1610612762,UTA,Utah Jazz,0040600225,2007-05-15T00:00:00,UTA vs. GSW,W,38.35,9,16,0.563,0,0,0.0,3,5,0.6,4,10,14,2,5,0,0,2,1,5,21,11,35.8,1,0,37.0,1,1,1,1,316,92,175,331,543,848,543,334,277,629,64,37,28,423,39,701,457,1423,257,168,180,198,258,1,3,210,,38:21,1
2006-07,2732,Ben Gordon,Ben,1610612741,CHI,Chicago Bulls,0040600205,2007-05-15T00:00:00,CHI @ DET,W,35.27333333333333,10,16,0.625,5,6,0.833,3,3,1.0,0,0,0,1,2,1,0,1,4,5,28,25,30.5,0,0,36.0,1,1,1,1,450,57,175,240,4,99,65,334,481,1,834,1251,1327,646,308,278,457,1066,1206,168,52,20,376,171,3,229,,35:16,1
2006-07,2736,Luol Deng,Luol,1610612741,CHI,Chicago Bulls,0040600205,2007-05-15T00:00:00,CHI @ DET,W,37.95,8,13,0.615,0,0,0.0,4,4,1.0,2,5,7,4,1,0,2,0,0,5,20,18,39.4,0,0,35.0,1,1,1,1,336,145,316,257,543,848,543,231,332,1,229,293,278,206,568,701,55,1,1,168,213,69,197,171,3,244,,37:57,1
2006-07,1536,Stephen Jackson,Stephen,1610612744,GSW,Golden State Warriors,0040600225,2007-05-15T00:00:00,GSW @ UTA,L,43.68333333333333,3,17,0.176,1,7,0.143,9,9,1.0,0,5,5,5,3,2,2,0,3,4,16,-9,38.5,0,0,35.0,1,785,785,785,104,645,145,1198,287,44,532,33,76,1,834,293,466,150,161,103,55,1,912,269,329,1258,223,171,3,244,,43:41,1
2006-07,1497,Chauncey Billups,Chauncey,1610612765,DET,Detroit Pistons,0040600205,2007-05-15T00:00:00,DET vs. CHI,L,34.06666666666667,5,12,0.417,3,7,0.429,4,4,1.0,0,3,3,6,1,2,0,1,4,6,17,-2,34.6,0,0,33.0,1,785,785,785,490,378,370,762,43,44,286,231,332,1,834,545,728,112,568,103,457,1066,1206,105,295,865,285,171,3,273,,34:04,1
2006-07,2440,Matt Barnes,Matt,1610612744,GSW,Golden State Warriors,0040600225,2007-05-15T00:00:00,GSW @ UTA,L,26.5,5,10,0.5,3,6,0.5,1,2,0.5,2,4,6,0,2,4,1,0,6,1,14,-5,34.2,0,0,33.0,1,785,785,785,742,378,500,409,43,99,153,675,556,656,229,389,362,986,308,8,141,1,1524,769,410,1073,298,171,3,273,,26:30,1
2006-07,965,Derek Fisher,Derek,1610612762,UTA,Utah Jazz,0040600225,2007-05-15T00:00:00,UTA vs. GSW,W,29.566666666666666,7,10,0.7,4,5,0.8,2,2,1.0,0,3,3,4,4,0,0,0,4,4,20,7,25.6,0,0,31.0,1,1,1,1,626,201,500,149,16,160,68,459,556,1,834,545,728,206,88,701,457,1,1206,269,213,322,520,171,3,318,,29:34,1
2006-07,2246,Mehmet Okur,Mehmet,1610612762,UTA,Utah Jazz,0040600225,2007-05-15T00:00:00,UTA vs. GSW,W,35.06666666666667,4,10,0.4,1,5,0.2,5,6,0.833,2,8,10,2,5,0,1,1,4,4,14,8,27.0,1,0,29.0,1,1,1,1,459,489,500,790,287,160,492,164,197,382,229,90,122,423,39,701,141,1066,1206,269,410,288,477,1,3,363,,35:04,1
2006-07,200748,Tyrus Thomas,Tyrus,1610612741,CHI,Chicago Bulls,0040600205,2007-05-15T00:00:00,CHI @ DET,W,21.266666666666666,5,7,0.714,0,0,0.0,0,2,0.0,1,5,6,1,2,5,1,0,5,1,10,-2,34.7,0,0,29.0,1,1,1,1,886,378,690,139,543,848,543,863,556,863,454,293,362,646,308,3,141,1,1413,769,589,865,283,171,3,363,,21:16,1
2006-07,136,P.J. Brown,P.J.,1610612741,CHI,Chicago Bulls,0040600205,2007-05-15T00:00:00,CHI @ DET,W,31.3,7,9,0.778,0,0,0.0,1,2,0.5,2,6,8,3,0,0,1,0,3,1,15,17,32.1,0,0,28.0,1,1,1,1,571,201,553,108,543,848,543,675,556,656,229,200,216,287,998,701,141,1,912,769,375,79,335,171,3,391,,31:18,1
2006-07,1888,Richard Hamilton,Richard,1610612765,DET,Detroit Pistons,0040600205,2007-05-15T00:00:00,DET vs. CHI,L,36.05,5,14,0.357,0,1,0.0,6,8,0.75,6,0,6,5,1,0,0,3,4,6,16,-30,29.7,0,0,27.0,1,785,785,785,416,378,261,932,543,649,543,120,103,449,12,1251,362,150,568,701,457,1516,1206,105,329,1559,399,171,3,422,,36:03,1
2006-07,739,Rasheed Wallace,Rasheed,1610612765,DET,Detroit Pistons,0040600205,2007-05-15T00:00:00,DET vs. CHI,L,33.858333333333334,6,15,0.4,1,3,0.333,2,2,1.0,2,3,5,1,0,2,0,1,3,1,15,-16,28.5,0,0,26.0,1,785,785,785,498,288,216,790,287,346,351,459,556,1,229,545,466,646,998,103,457,1066,912,769,375,1477,429,171,3,455,,33:52,1
2006-07,200794,Paul Millsap,Paul,1610612762,UTA,Utah Jazz,0040600225,2007-05-15T00:00:00,UTA vs. GSW,W,22.583333333333332,2,7,0.286,0,1,0.0,5,10,0.5,6,6,12,1,3,1,1,3,2,8,9,7,27.9,0,0,26.0,1,1,1,1,853,816,690,1081,543,649,543,164,57,656,12,200,59,646,161,278,141,1516,563,34,648,322,448,171,3,455,,22:35,1
2006-07,2202,Jason Richardson,Jason,1610612744,GSW,Golden State Warriors,0040600225,2007-05-15T00:00:00,GSW @ UTA,L,28.933333333333334,5,12,0.417,1,7,0.143,2,2,1.0,1,7,8,1,3,0,0,0,5,1,13,-12,21.1,0,0,23.0,1,785,785,785,648,378,370,762,287,44,532,459,556,1,454,147,216,646,161,701,457,1,1413,769,450,1378,638,171,3,542,,28:56,1
2006-07,2419,Tayshaun Prince,Tayshaun,1610612765,DET,Detroit Pistons,0040600205,2007-05-15T00:00:00,DET vs. CHI,L,36.833333333333336,5,11,0.455,1,3,0.333,0,0,0.0,1,2,3,3,2,2,0,0,1,0,11,-13,23.1,0,0,22.0,1,785,785,785,390,378,430,654,287,346,351,863,926,863,454,737,728,287,308,103,457,1,257,1118,537,1413,597,171,3,571,,36:50,1
2006-07,1112,Ben Wallace,Ben,1610612741,CHI,Chicago Bulls,0040600205,2007-05-15T00:00:00,CHI @ DET,W,36.425,2,3,0.667,0,0,0.0,2,6,0.333,3,2,5,4,2,1,2,0,2,4,6,17,25.0,0,0,21.0,1,1,1,1,407,816,1052,158,543,848,543,459,197,833,128,737,466,206,308,278,55,1,563,269,837,79,535,171,3,604,,36:26,1
2006-07,1733,Al Harrington,Al,1610612744,GSW,Golden State Warriors,0040600225,2007-05-15T00:00:00,GSW @ UTA,L,25.683333333333334,4,9,0.444,0,1,0.0,0,0,0.0,3,3,6,0,2,1,1,1,5,0,8,-3,19.2,0,0,18.0,1,785,785,785,773,489,553,682,543,649,543,863,926,863,128,545,362,986,308,278,141,1066,1413,1118,714,937,697,171,3,689,,25:41,1
2006-07,185,Chris Webber,Chris,1610612765,DET,Detroit Pistons,0040600205,2007-05-15T00:00:00,DET vs. CHI,L,24.3,3,6,0.5,0,1,0.0,3,4,0.75,2,6,8,0,1,0,0,1,2,2,9,-22,17.6,0,0,17.0,1,785,785,785,808,645,766,409,543,649,543,334,332,449,229,200,216,986,568,701,457,1066,563,552,648,1538,738,171,3,725,,24:18,1
2006-07,686,Antonio McDyess,Antonio,1610612765,DET,Detroit Pistons,0040600205,2007-05-15T00:00:00,DET vs. CHI,L,15.201666666666666,5,9,0.556,0,1,0.0,2,2,1.0,1,2,3,0,3,1,0,0,0,3,12,-10,15.6,0,0,17.0,1,785,785,785,1101,378,553,344,543,649,543,459,556,1,454,737,728,986,161,278,457,1,1,396,503,1299,806,171,3,725,,15:12,1
2006-07,2740,Andris Biedrins,Andris,1610612744,GSW,Golden State Warriors,0040600225,2007-05-15T00:00:00,GSW @ UTA,L,29.136666666666667,1,1,1.0,0,0,0.0,0,0,0.0,0,4,4,0,1,3,2,0,5,1,2,-16,20.8,0,0,16.0,1,785,785,785,638,994,1299,1,543,848,543,863,926,863,834,389,565,986,568,32,55,1,1413,769,1125,1477,645,171,3,757,,29:08,1
2006-07,101114,Deron Williams,Deron,1610612762,UTA,Utah Jazz,0040600225,2007-05-15T00:00:00,UTA vs. GSW,W,34.93333333333333,1,11,0.091,0,3,0.0,0,0,0.0,0,2,2,7,5,1,1,0,5,0,2,4,15.9,0,0,15.0,1,1,1,1,466,994,430,1241,543,346,543,863,926,863,834,737,913,78,39,278,141,1,1413,1118,1125,462,795,171,3,792,,34:56,1
2006-07,101145,Monta Ellis,Monta,1610612744,GSW,Golden State Warriors,0040600225,2007-05-15T00:00:00,GSW @ UTA,L,26.713333333333335,5,11,0.455,0,1,0.0,2,2,1.0,0,3,3,0,3,0,0,1,3,2,12,-9,12.6,0,0,15.0,1,785,785,785,735,378,430,654,543,649,543,459,556,1,834,545,728,986,161,701,457,1066,912,552,503,1258,912,171,3,792,,26:43,1
2006-07,2768,Chris Duhon,Chris,1610612741,CHI,Chicago Bulls,0040600205,2007-05-15T00:00:00,CHI @ DET,W,21.3,3,4,0.75,2,2,1.0,0,0,0.0,0,1,1,1,1,1,0,0,2,0,8,-5,12.7,0,0,14.0,1,1,1,1,885,645,953,115,122,485,1,863,926,863,834,965,1101,646,568,278,457,1,563,1118,714,1073,908,171,3,821,,21:18,1
2006-07,101131,Jason Maxiell,Jason,1610612765,DET,Detroit Pistons,0040600205,2007-05-15T00:00:00,DET vs. CHI,L,15.433333333333334,2,3,0.667,0,0,0.0,1,2,0.5,2,1,3,1,0,0,0,0,2,2,5,11,10.1,0,0,9.0,1,785,785,785,1094,816,1052,158,543,848,543,675,556,656,229,965,728,646,998,701,457,1,563,552,911,198,1018,171,3,1022,,15:26,1
2006-07,1723,Matt Harpring,Matt,1610612762,UTA,Utah Jazz,0040600225,2007-05-15T00:00:00,UTA vs. GSW,W,19.183333333333334,2,4,0.5,0,0,0.0,1,2,0.5,2,1,3,0,0,0,0,0,1,2,5,3,8.6,0,0,8.0,1,1,1,1,958,816,953,409,543,848,543,675,556,656,229,965,728,986,998,701,457,1,257,552,911,517,1074,171,3,1070,,19:11,1
2006-07,1737,Nazr Mohammed,Nazr,1610612765,DET,Detroit Pistons,0040600205,2007-05-15T00:00:00,DET vs. CHI,L,4.466666666666667,1,1,1.0,0,0,0.0,3,3,1.0,1,1,2,0,0,0,0,0,0,2,5,7,7.4,0,0,7.0,1,785,785,785,1417,994,1299,1,543,848,543,334,481,1,454,965,913,986,998,701,457,1,1,552,911,322,1127,171,3,1113,,4:28,1
2006-07,200757,Thabo Sefolosha,Thabo,1610612741,CHI,Chicago Bulls,0040600205,2007-05-15T00:00:00,CHI @ DET,W,10.818333333333333,2,4,0.5,0,1,0.0,0,0,0.0,1,1,2,1,2,0,0,0,1,0,4,-3,5.9,0,0,7.0,1,1,1,1,1240,816,953,409,543,649,543,863,926,863,454,965,913,646,308,701,457,1,257,1118,976,937,1205,171,3,1113,,10:49,1
2006-07,1921,Gordan Giricek,Gordan,1610612762,UTA,Utah Jazz,0040600225,2007-05-15T00:00:00,UTA vs. GSW,W,17.45,3,9,0.333,0,1,0.0,0,1,0.0,0,0,0,0,2,0,0,0,0,3,6,9,4.0,0,0,6.0,1,1,1,1,1015,645,553,951,543,649,543,863,861,863,834,1251,1327,986,308,701,457,1,1,396,837,259,1300,171,3,1166,,17:27,1
2006-07,200793,Dee Brown,Dee,1610612762,UTA,Utah Jazz,0040600225,2007-05-15T00:00:00,UTA vs. GSW,W,9.3,1,4,0.25,0,2,0.0,0,2,0.0,0,0,0,2,0,0,0,0,0,1,2,12,5.0,0,0,4.0,1,1,1,1,1279,994,953,1112,543,485,543,863,556,863,834,1251,1327,423,998,701,457,1,1,769,1125,171,1243,171,3,1264,,9:18,1
2006-07,2568,Carlos Delfino,Carlos,1610612765,DET,Detroit Pistons,0040600205,2007-05-15T00:00:00,DET vs. CHI,L,9.79,1,2,0.5,0,1,0.0,0,0,0.0,0,2,2,0,1,0,0,0,0,0,2,-2,3.4,0,0,4.0,1,785,785,785,1267,994,1167,409,543,649,543,863,926,863,834,737,913,986,568,701,457,1,1,1118,1125,865,1323,171,3,1264,,9:47,1
2006-07,2436,Flip Murray,Flip,1610612765,DET,Detroit Pistons,0040600205,2007-05-15T00:00:00,DET vs. CHI,L,18.7,0,2,0.0,0,0,0.0,0,0,0.0,1,0,1,1,3,0,1,0,0,0,0,-4,2.7,0,0,4.0,1,785,785,785,980,1243,1167,1243,543,848,543,863,926,863,454,1251,1101,646,161,701,141,1,1,1118,1311,1002,1356,171,3,1264,,18:42,1
2006-07,1559,Adrian Griffin,Adrian,1610612741,CHI,Chicago Bulls,0040600205,2007-05-15T00:00:00,CHI @ DET,W,2.8333333333333335,0,2,0.0,0,0,0.0,0,0,0.0,1,0,1,0,0,1,0,0,0,0,0,-5,4.2,0,0,3.0,1,1,1,1,1463,1243,1167,1243,543,848,543,863,926,863,454,1251,1101,986,998,278,457,1,1,1118,1311,1073,1288,171,3,1315,,2:50,1
2006-07,2554,Mickael Pietrus,Mickael,1610612744,GSW,Golden State Warriors,0040600225,2007-05-15T00:00:00,GSW @ UTA,L,14.933333333333334,0,1,0.0,0,1,0.0,1,2,0.5,0,1,1,0,0,0,0,0,1,1,1,-4,2.2,0,0,2.0,1,785,785,785,1109,1243,1299,1243,543,649,543,675,556,656,834,965,1101,986,998,701,457,1,257,769,1285,1002,1372,171,3,1362,,14:56,1
2006-07,283,Lindsey Hunter,Lindsey,1610612765,DET,Detroit Pistons,0040600205,2007-05-15T00:00:00,DET vs. CHI,L,11.3,0,3,0.0,0,2,0.0,0,0,0.0,0,1,1,0,1,0,0,0,3,0,0,1,0.2,0,0,1.0,1,785,785,785,1221,1243,1052,1243,543,485,543,863,926,863,834,965,1101,986,568,701,457,1,912,1118,1311,656,1455,171,3,1423,,11:18,1
2006-07,2804,Andres Nocioni,Andres,1610612741,CHI,Chicago Bulls,0040600205,2007-05-15T00:00:00,CHI @ DET,W,4.016666666666667,0,1,0.0,0,0,0.0,0,0,0.0,0,0,0,0,0,0,0,0,1,0,0,3,0.0,0,0,0.0,1,1,1,1,1434,1243,1299,1243,543,848,543,863,926,863,834,1251,1327,986,998,701,457,1,257,1118,1311,517,1461,171,3,1463,,4:01,1
2006-07,2124,Malik Allen,Malik,1610612741,CHI,Chicago Bulls,0040600205,2007-05-15T00:00:00,CHI @ DET,W,2.8333333333333335,0,1,0.0,0,0,0.0,0,0,0.0,0,0,0,0,1,0,0,0,1,0,0,-5,-1.0,0,0,0.0,1,1,1,1,1463,1243,1299,1243,543,848,543,863,926,863,834,1251,1327,986,568,701,457,1,257,1118,1311,1073,1551,171,3,1463,,2:50,1
2006-07,1713,Vince Carter,Vince,1610612751,NJN,New Jersey Nets,0040600214,2007-05-14T00:00:00,NJN vs. CLE,L,39.5,6,23,0.261,3,6,0.5,10,14,0.714,2,7,9,9,4,2,0,1,4,9,25,-6,51.3,0,0,50.0,1,785,785,785,266,288,25,1111,43,99,153,25,11,535,229,147,169,43,88,103,457,1066,1206,15,95,1132,57,171,3,35,,39:30,1
2006-07,2544,LeBron James,LeBron,1610612739,CLE,Cleveland Cavaliers,0040600214,2007-05-14T00:00:00,CLE @ NJN,W,46.333333333333336,9,16,0.563,2,3,0.667,10,15,0.667,0,9,9,7,3,0,0,0,1,9,30,9,48.3,0,0,48.0,1,1,1,1,16,92,175,331,122,346,86,25,6,556,834,56,169,78,161,701,457,1,257,15,36,259,85,171,3,51,,46:20,1
2006-07,959,Steve Nash,Steve,1610612756,PHX,Phoenix Suns,0040600234,2007-05-14T00:00:00,PHX @ SAS,W,41.03333333333333,8,12,0.667,2,3,0.667,6,8,0.75,0,2,2,15,8,0,0,0,2,7,24,10,40.9,1,0,43.0,1,1,1,1,199,145,370,158,122,346,86,120,103,449,834,737,913,5,1,701,457,1,563,69,110,227,169,1,3,100,,41:02,1
2006-07,2405,Amar'e Stoudemire,Amar'e,1610612756,PHX,Phoenix Suns,0040600234,2007-05-14T00:00:00,PHX @ SAS,W,31.48,9,18,0.5,0,0,0.0,8,8,1.0,3,6,9,0,3,3,1,4,5,5,26,17,45.8,0,0,43.0,1,1,1,1,567,92,119,409,543,848,543,54,103,1,128,200,169,986,161,32,141,1553,1413,168,77,79,111,171,3,100,,31:29,1
2006-07,1495,Tim Duncan,Tim,1610612759,SAS,San Antonio Spurs,0040600234,2007-05-14T00:00:00,SAS vs. PHX,L,32.495,9,14,0.643,0,0,0.0,3,4,0.75,3,8,11,2,6,0,3,3,5,5,21,-7,40.2,1,0,40.0,1,785,785,785,538,92,261,223,543,848,543,334,332,449,128,90,91,423,17,701,27,1516,1413,168,180,1179,180,1,3,148,,32:30,1
2006-07,2225,Tony Parker,Tony,1610612759,SAS,San Antonio Spurs,0040600234,2007-05-14T00:00:00,SAS vs. PHX,L,41.80166666666667,9,19,0.474,0,1,0.0,5,5,1.0,1,5,6,7,5,2,0,0,4,5,23,-2,41.7,0,0,40.0,1,785,785,785,166,92,85,617,543,649,543,164,277,1,454,293,362,78,39,103,457,1,1206,168,133,865,156,171,3,148,,41:48,1
2006-07,1890,Shawn Marion,Shawn,1610612756,PHX,Phoenix Suns,0040600234,2007-05-14T00:00:00,PHX @ SAS,W,44.28333333333333,4,8,0.5,1,2,0.5,3,4,0.75,2,10,12,0,1,2,2,1,2,2,12,12,37.4,1,0,33.0,1,1,1,1,83,489,616,409,287,485,153,334,332,449,229,37,59,986,568,103,55,1066,563,552,503,171,238,1,3,273,,44:17,1
2006-07,1716,Larry Hughes,Larry,1610612739,CLE,Cleveland Cavaliers,0040600214,2007-05-14T00:00:00,CLE @ NJN,W,43.46666666666667,7,19,0.368,3,6,0.5,2,2,1.0,0,1,1,1,4,2,2,1,4,1,19,2,29.7,0,0,32.0,1,1,1,1,111,201,85,905,43,99,153,459,556,1,834,965,1101,646,88,103,55,1066,1206,769,246,581,399,171,3,296,,43:28,1
2006-07,1630,Mikki Moore,Mikki,1610612751,NJN,New Jersey Nets,0040600214,2007-05-14T00:00:00,NJN vs. CLE,L,39.083333333333336,11,14,0.786,0,0,0.0,3,3,1.0,2,2,4,0,3,0,1,0,5,4,25,3,29.8,0,0,31.0,1,785,785,785,293,36,261,107,543,848,543,334,481,1,229,737,565,986,161,701,141,1,1413,269,95,517,396,171,3,318,,39:05,1
2006-07,467,Jason Kidd,Jason,1610612751,NJN,New Jersey Nets,0040600214,2007-05-14T00:00:00,NJN vs. CLE,L,44.7,2,13,0.154,1,7,0.143,0,0,0.0,3,14,17,7,1,0,0,1,5,0,5,-4,34.9,0,0,30.0,1,785,785,785,65,816,316,1219,287,44,532,863,926,863,128,5,12,78,568,701,457,1066,1413,1118,911,1002,278,171,3,341,,44:42,1
2006-07,980,Zydrunas Ilgauskas,Zydrunas,1610612739,CLE,Cleveland Cavaliers,0040600214,2007-05-14T00:00:00,CLE @ NJN,W,36.55166666666667,4,8,0.5,0,0,0.0,5,6,0.833,0,11,11,1,2,0,1,0,5,5,13,2,28.7,1,0,27.0,1,1,1,1,401,489,616,409,543,848,543,164,197,382,834,22,91,646,308,701,141,1,1413,168,450,581,421,1,3,422,,36:33,1
2006-07,714,Michael Finley,Michael,1610612759,SAS,San Antonio Spurs,0040600234,2007-05-14T00:00:00,SAS vs. PHX,L,34.45,5,12,0.417,4,10,0.4,3,3,1.0,0,5,5,1,1,0,0,0,2,1,17,-6,23.5,0,0,27.0,1,785,785,785,481,378,370,762,16,3,309,334,481,1,834,293,466,646,568,701,457,1,563,769,295,1132,585,171,3,422,,34:27,1
2006-07,1938,Manu Ginobili,Manu,1610612759,SAS,San Antonio Spurs,0040600234,2007-05-14T00:00:00,SAS vs. PHX,L,34.53333333333333,3,14,0.214,2,7,0.286,2,2,1.0,0,4,4,4,0,3,0,1,3,3,10,-4,29.8,0,0,26.0,1,785,785,785,480,645,261,1166,122,44,437,459,556,1,834,389,565,206,998,32,457,1066,912,396,589,1002,396,171,3,455,,34:32,1
2006-07,2400,Drew Gooden,Drew,1610612739,CLE,Cleveland Cavaliers,0040600214,2007-05-14T00:00:00,CLE @ NJN,W,39.251666666666665,1,6,0.167,0,0,0.0,6,8,0.75,2,8,10,2,0,1,1,0,3,4,8,9,29.0,0,0,24.0,1,1,1,1,280,994,766,1200,543,848,543,120,103,449,229,90,122,423,998,278,141,1,912,269,714,259,413,171,3,513,,39:15,1
2006-07,703,Kurt Thomas,Kurt,1610612756,PHX,Phoenix Suns,0040600234,2007-05-14T00:00:00,PHX @ SAS,W,26.488333333333333,5,10,0.5,0,0,0.0,4,4,1.0,2,3,5,1,0,0,2,0,3,3,14,-7,27.5,0,0,24.0,1,1,1,1,743,378,500,409,543,848,543,231,332,1,229,545,466,646,998,701,55,1,912,396,410,1179,462,171,3,513,,26:29,1
2006-07,2210,Richard Jefferson,Richard,1610612751,NJN,New Jersey Nets,0040600214,2007-05-14T00:00:00,NJN vs. CLE,L,44.65,3,12,0.25,1,4,0.25,8,9,0.889,0,3,3,3,1,1,0,2,2,5,15,-1,25.1,0,0,24.0,1,785,785,785,67,645,370,1112,287,236,446,54,76,343,834,545,728,287,568,278,457,1423,563,168,375,812,534,171,3,513,,44:39,1
2006-07,699,Brent Barry,Brent,1610612759,SAS,San Antonio Spurs,0040600234,2007-05-14T00:00:00,SAS vs. PHX,L,18.82,5,8,0.625,2,4,0.5,0,0,0.0,0,1,1,2,1,0,1,0,2,0,12,9,18.2,0,0,19.0,1,785,785,785,972,378,616,240,122,236,153,863,926,863,834,965,1101,423,568,701,141,1,563,1118,503,259,722,171,3,658,,18:49,1
2006-07,1952,Raja Bell,Raja,1610612756,PHX,Phoenix Suns,0040600234,2007-05-14T00:00:00,PHX @ SAS,W,44.71666666666667,5,11,0.455,2,4,0.5,0,0,0.0,1,3,4,1,1,0,0,1,0,4,12,11,17.3,0,0,19.0,1,1,1,1,64,378,430,654,122,236,153,863,926,863,454,545,565,646,568,701,457,1066,1,269,503,198,743,171,3,658,,44:43,1
2006-07,2571,Leandro Barbosa,Leandro,1610612756,PHX,Phoenix Suns,0040600234,2007-05-14T00:00:00,PHX @ SAS,W,32.35,4,13,0.308,0,4,0.0,2,5,0.4,1,6,7,0,2,0,0,1,5,5,10,5,16.4,0,0,17.0,1,1,1,1,541,489,316,1065,543,236,543,459,277,826,454,200,278,986,308,701,457,1066,1413,168,589,416,775,171,3,725,,32:21,1
2006-07,2562,Sasha Pavlovic,Sasha,1610612739,CLE,Cleveland Cavaliers,0040600214,2007-05-14T00:00:00,CLE @ NJN,W,26.848333333333333,3,7,0.429,0,3,0.0,3,4,0.75,0,4,4,3,1,0,0,0,4,3,9,12,17.3,0,0,16.0,1,1,1,1,727,645,690,716,543,346,543,334,332,449,834,389,565,287,568,701,457,1,1206,396,648,171,743,171,3,757,,26:51,1
2006-07,2411,Bostjan Nachbar,Bostjan,1610612751,NJN,New Jersey Nets,0040600214,2007-05-14T00:00:00,NJN vs. CLE,L,26.483333333333334,1,7,0.143,0,2,0.0,4,4,1.0,1,4,5,2,2,1,0,0,4,4,6,6,16.0,0,0,15.0,1,785,785,785,744,994,690,1222,543,485,543,231,332,1,454,389,466,423,308,278,457,1,1206,269,837,364,792,171,3,792,,26:29,1
2006-07,2760,Anderson Varejao,Anderson,1610612739,CLE,Cleveland Cavaliers,0040600214,2007-05-14T00:00:00,CLE @ NJN,W,17.481666666666666,2,2,1.0,0,0,0.0,2,2,1.0,1,2,3,0,2,2,0,0,5,4,6,-3,13.6,0,0,13.0,1,1,1,1,1014,816,1167,1,543,848,543,459,556,1,454,737,728,986,308,103,457,1,1413,269,837,937,876,171,3,867,,17:29,1
2006-07,109,Robert Horry,Robert,1610612759,SAS,San Antonio Spurs,0040600234,2007-05-14T00:00:00,SAS vs. PHX,L,12.27,0,1,0.0,0,0,0.0,0,0,0.0,0,1,1,5,1,0,3,0,1,1,0,2,16.7,0,0,12.0,1,785,785,785,1188,1243,1299,1243,543,848,543,863,926,863,834,965,1101,150,568,701,27,1,257,769,1311,581,760,171,3,907,,12:16,1
2006-07,2564,Boris Diaw,Boris,1610612756,PHX,Phoenix Suns,0040600234,2007-05-14T00:00:00,PHX @ SAS,W,15.198333333333334,2,6,0.333,0,1,0.0,0,0,0.0,2,1,3,2,1,1,0,0,0,0,4,-13,12.6,0,0,11.0,1,1,1,1,1102,816,766,951,543,649,543,863,926,863,229,965,728,423,568,278,457,1,1,1118,976,1413,912,171,3,937,,15:12,1
2006-07,1477,Bruce Bowen,Bruce,1610612759,SAS,San Antonio Spurs,0040600234,2007-05-14T00:00:00,SAS vs. PHX,L,33.025,1,3,0.333,1,1,1.0,0,0,0.0,0,0,0,2,0,2,0,1,3,1,3,-16,12.0,0,0,10.0,1,785,785,785,521,994,1052,951,287,649,1,863,926,863,834,1251,1327,423,998,103,457,1066,912,769,1052,1477,934,171,3,983,,33:02,1
2006-07,727,Eric Snow,Eric,1610612739,CLE,Cleveland Cavaliers,0040600214,2007-05-14T00:00:00,CLE @ NJN,W,21.133333333333333,1,4,0.25,0,0,0.0,0,0,0.0,1,2,3,2,0,1,0,0,3,1,2,-14,11.6,0,0,9.0,1,1,1,1,891,994,953,1112,543,848,543,863,926,863,454,737,728,423,998,278,457,1,912,769,1125,1440,952,171,3,1022,,21:08,1
2006-07,101177,Fabricio Oberto,Fabricio,1610612759,SAS,San Antonio Spurs,0040600234,2007-05-14T00:00:00,SAS vs. PHX,L,20.583333333333332,3,4,0.75,0,0,0.0,0,0,0.0,1,2,3,0,0,0,0,0,3,1,6,-4,9.6,0,0,9.0,1,785,785,785,913,645,953,115,543,848,543,863,926,863,454,737,728,986,998,701,457,1,912,769,837,1002,1039,171,3,1022,,20:35,1
2006-07,1521,Jacque Vaughn,Jacque,1610612759,SAS,San Antonio Spurs,0040600234,2007-05-14T00:00:00,SAS vs. PHX,L,6.501666666666667,2,4,0.5,0,0,0.0,0,0,0.0,0,0,0,0,2,1,0,0,1,0,4,-7,5.0,0,0,6.0,1,785,785,785,1359,816,953,409,543,848,543,863,926,863,834,1251,1327,986,308,278,457,1,257,1118,976,1179,1243,171,3,1166,,6:30,1
2006-07,1922,Francisco Elson,Francisco,1610612759,SAS,San Antonio Spurs,0040600234,2007-05-14T00:00:00,SAS vs. PHX,L,5.101666666666667,1,1,1.0,0,0,0.0,0,0,0.0,1,0,1,0,0,1,0,0,2,0,2,5,6.2,0,0,5.0,1,785,785,785,1396,994,1299,1,543,848,543,863,926,863,454,1251,1101,986,998,278,457,1,563,1118,1125,416,1185,171,3,1212,,5:06,1
2006-07,200766,Marcus Williams,Marcus,1610612751,NJN,New Jersey Nets,0040600214,2007-05-14T00:00:00,NJN vs. CLE,L,3.25,2,2,1.0,0,0,0.0,0,0,0.0,0,0,0,0,0,0,0,0,0,0,4,3,4.0,0,0,4.0,1,785,785,785,1447,816,1167,1,543,848,543,863,926,863,834,1251,1327,986,998,701,457,1,1,1118,976,517,1300,171,3,1264,,3:15,1
2006-07,200789,Daniel Gibson,Daniel,1610612739,CLE,Cleveland Cavaliers,0040600214,2007-05-14T00:00:00,CLE @ NJN,W,6.25,0,3,0.0,0,2,0.0,0,0,0.0,1,1,2,1,0,0,0,0,0,0,0,-3,3.9,0,0,3.0,1,1,1,1,1361,1243,1052,1243,543,485,543,863,926,863,454,965,913,646,998,701,457,1,1,1118,1311,937,1305,171,3,1315,,6:15,1
2006-07,200767,Josh Boone,Josh,1610612751,NJN,New Jersey Nets,0040600214,2007-05-14T00:00:00,NJN vs. CLE,L,5.716666666666667,1,1,1.0,0,0,0.0,0,0,0.0,1,0,1,0,0,0,0,0,2,0,2,4,3.2,0,0,3.0,1,785,785,785,1376,994,1299,1,543,848,543,863,926,863,454,1251,1101,986,998,701,457,1,563,1118,1125,462,1325,171,3,1315,,5:43,1
2006-07,2592,James Jones,James,1610612756,PHX,Phoenix Suns,0040600234,2007-05-14T00:00:00,PHX @ SAS,W,4.45,1,1,1.0,0,0,0.0,0,0,0.0,0,0,0,0,0,0,0,0,0,0,2,-5,2.0,0,0,2.0,1,1,1,1,1418,994,1299,1,543,848,543,863,926,863,834,1251,1327,986,998,701,457,1,1,1118,1125,1073,1379,171,3,1362,,4:27,1
2006-07,2215,Jason Collins,Jason,1610612751,NJN,New Jersey Nets,0040600214,2007-05-14T00:00:00,NJN vs. CLE,L,21.933333333333334,0,0,0.0,0,0,0.0,0,0,0.0,0,2,2,0,1,0,0,0,4,1,0,-15,1.4,0,0,2.0,1,785,785,785,868,1243,1436,1243,543,848,543,863,926,863,834,737,913,986,568,701,457,1,1206,769,1311,1463,1415,171,3,1362,,21:56,1
2006-07,2067,Eddie House,Eddie,1610612751,NJN,New Jersey Nets,0040600214,2007-05-14T00:00:00,NJN vs. CLE,L,4.166666666666667,1,1,1.0,0,0,0.0,0,0,0.0,0,0,0,0,1,0,0,0,0,0,2,-2,1.0,0,0,2.0,1,785,785,785,1427,994,1299,1,543,848,543,863,926,863,834,1251,1327,986,568,701,457,1,1,1118,1125,865,1443,171,3,1362,,4:10,1
2006-07,101120,Antoine Wright,Antoine,1610612751,NJN,New Jersey Nets,0040600214,2007-05-14T00:00:00,NJN vs. CLE,L,10.516666666666667,0,2,0.0,0,0,0.0,1,2,0.5,0,0,0,0,0,0,0,0,1,2,1,2,1.0,0,0,1.0,1,785,785,785,1248,1243,1167,1243,543,848,543,675,556,656,834,1251,1327,986,998,701,457,1,257,552,1285,581,1443,171,3,1423,,10:31,1
2006-07,2588,Matt Bonner,Matt,1610612759,SAS,San Antonio Spurs,0040600234,2007-05-14T00:00:00,SAS vs. PHX,L,0.41833333333333333,0,0,0.0,0,0,0.0,0,0,0.0,0,0,0,0,0,0,0,0,0,0,0,0,0.0,0,0,0.0,1,785,785,785,1544,1243,1436,1243,543,848,543,863,926,863,834,1251,1327,986,998,701,457,1,1,1118,1311,715,1461,171,3,1463,,0:25,1
2006-07,923,Donyell Marshall,Donyell,1610612739,CLE,Cleveland Cavaliers,0040600214,2007-05-14T00:00:00,CLE @ NJN,W,2.683333333333333,0,0,0.0,0,0,0.0,0,0,0.0,0,0,0,0,0,0,0,0,0,0,0,-4,0.0,0,0,0.0,1,1,1,1,1478,1243,1436,1243,543,848,543,863,926,863,834,1251,1327,986,998,701,457,1,1,1118,1311,1002,1461,171,3,1463,,2:41,1
2006-07,2430,Carlos Boozer,Carlos,1610612762,UTA,Utah Jazz,0040600224,2007-05-13T00:00:00,UTA @ GSW,W,44.0,13,19,0.684,0,0,0.0,8,11,0.727,1,11,12,2,3,1,1,3,3,6,34,13,54.4,1,0,52.0,1,1,1,1,96,11,85,157,543,848,543,54,38,530,454,22,59,423,161,278,141,1516,912,105,11,145,38,1,3,29,,44:00,1
2006-07,101114,Deron Williams,Deron,1610612762,UTA,Utah Jazz,0040600224,2007-05-13T00:00:00,UTA @ GSW,W,42.8,6,18,0.333,1,2,0.5,7,9,0.778,1,5,6,13,7,2,1,1,3,6,20,15,48.7,1,0,46.0,1,1,1,1,133,288,119,951,287,485,153,82,76,440,454,293,362,14,8,103,141,1066,912,105,213,108,79,1,3,74,,42:48,1
2006-07,1112,Ben Wallace,Ben,1610612741,CHI,Chicago Bulls,0040600204,2007-05-13T00:00:00,CHI vs. DET,W,41.18333333333333,3,4,0.75,0,0,0.0,5,8,0.625,4,13,17,3,1,2,2,0,3,5,11,22,46.9,1,0,39.0,1,1,1,1,192,645,953,115,543,848,543,164,103,620,64,11,12,287,568,103,55,1,912,168,537,30,98,1,3,170,,41:11,1
2006-07,2736,Luol Deng,Luol,1610612741,CHI,Chicago Bulls,0040600204,2007-05-13T00:00:00,CHI vs. DET,W,48.0,10,15,0.667,0,0,0.0,5,6,0.833,6,7,13,1,4,0,0,1,2,8,25,15,38.1,1,0,39.0,1,1,1,1,5,57,216,158,543,848,543,164,197,382,12,147,42,646,88,701,457,1066,563,34,95,108,227,1,3,170,,48:00,1
2006-07,1536,Stephen Jackson,Stephen,1610612744,GSW,Golden State Warriors,0040600224,2007-05-13T00:00:00,GSW vs. UTA,L,43.76,5,15,0.333,3,8,0.375,11,12,0.917,0,3,3,3,6,2,1,0,5,8,24,-19,35.1,0,0,39.0,1,785,785,785,101,378,216,951,43,21,342,16,28,330,834,545,728,287,17,103,141,1,1413,34,110,1519,275,171,3,170,,43:46,1
2006-07,2550,Kirk Hinrich,Kirk,1610612741,CHI,Chicago Bulls,0040600204,2007-05-13T00:00:00,CHI vs. DET,W,45.81666666666667,7,15,0.467,1,5,0.2,4,6,0.667,0,4,4,10,5,2,0,1,3,6,19,18,39.8,1,0,38.0,1,1,1,1,27,201,216,627,287,160,492,231,197,556,834,389,565,31,39,103,457,1066,912,105,246,69,185,1,3,194,,45:49,1
2006-07,1497,Chauncey Billups,Chauncey,1610612765,DET,Detroit Pistons,0040600204,2007-05-13T00:00:00,DET @ CHI,L,35.46,5,14,0.357,2,6,0.333,11,14,0.786,2,1,3,8,2,1,0,1,6,7,23,-3,39.6,0,0,38.0,1,785,785,785,441,378,261,932,122,99,351,16,11,438,229,965,728,56,308,278,457,1066,1524,69,133,937,192,171,3,194,,35:28,1
2006-07,2419,Tayshaun Prince,Tayshaun,1610612765,DET,Detroit Pistons,0040600204,2007-05-13T00:00:00,DET @ CHI,L,43.483333333333334,8,16,0.5,2,5,0.4,0,2,0.0,1,6,7,4,1,3,0,1,3,2,18,-12,40.4,0,0,37.0,1,785,785,785,110,145,175,409,122,160,309,863,556,863,454,200,278,206,568,32,457,1066,912,552,272,1378,176,171,3,210,,43:29,1
2006-07,1884,Baron Davis,Baron,1610612744,GSW,Golden State Warriors,0040600224,2007-05-13T00:00:00,GSW vs. UTA,L,39.29333333333334,6,16,0.375,2,8,0.25,1,4,0.25,0,1,1,7,1,4,0,0,5,4,15,-5,37.7,0,0,33.0,1,785,785,785,274,288,175,876,122,21,446,675,332,851,834,965,1101,78,568,8,457,1,1413,269,375,1073,234,171,3,273,,39:18,1
2006-07,965,Derek Fisher,Derek,1610612762,UTA,Utah Jazz,0040600224,2007-05-13T00:00:00,UTA @ GSW,W,40.49166666666667,6,11,0.545,2,3,0.667,7,7,1.0,0,3,3,5,0,1,0,1,5,5,21,19,35.1,0,0,33.0,1,1,1,1,223,288,430,358,122,346,86,82,154,1,834,545,728,150,998,278,457,1066,1413,168,180,53,275,171,3,273,,40:30,1
2006-07,1733,Al Harrington,Al,1610612744,GSW,Golden State Warriors,0040600224,2007-05-13T00:00:00,GSW vs. UTA,L,31.1,8,16,0.5,4,10,0.4,4,6,0.667,2,1,3,0,0,0,0,1,6,4,24,-2,27.6,0,0,31.0,1,785,785,785,579,145,175,409,16,3,309,231,197,556,229,965,728,986,998,701,457,1066,1524,269,110,865,457,171,3,318,,31:06,1
2006-07,2732,Ben Gordon,Ben,1610612741,CHI,Chicago Bulls,0040600204,2007-05-13T00:00:00,CHI vs. DET,W,39.28333333333333,4,11,0.364,2,3,0.667,9,9,1.0,1,4,5,4,2,0,0,0,5,7,19,27,29.0,0,0,30.0,1,1,1,1,276,489,430,910,122,346,86,33,76,1,454,389,466,206,308,701,457,1,1413,69,246,6,413,171,3,341,,39:17,1
2006-07,739,Rasheed Wallace,Rasheed,1610612765,DET,Detroit Pistons,0040600204,2007-05-13T00:00:00,DET @ CHI,L,42.66833333333334,4,16,0.25,2,12,0.167,4,4,1.0,2,5,7,1,4,2,0,0,4,3,14,-11,25.9,0,0,28.0,1,785,785,785,138,489,175,1112,122,1,516,231,332,1,229,293,278,646,88,103,457,1,1206,396,410,1341,506,171,3,391,,42:40,1
2006-07,2740,Andris Biedrins,Andris,1610612744,GSW,Golden State Warriors,0040600224,2007-05-13T00:00:00,GSW vs. UTA,L,33.40833333333333,3,3,1.0,0,0,0.0,1,4,0.25,2,8,10,1,1,1,3,0,3,4,7,-12,31.5,0,0,26.0,1,785,785,785,508,645,1052,1,543,848,543,675,332,851,229,90,122,646,568,278,27,1,912,269,782,1378,349,171,3,455,,33:25,1
2006-07,2246,Mehmet Okur,Mehmet,1610612762,UTA,Utah Jazz,0040600224,2007-05-13T00:00:00,UTA @ GSW,W,26.366666666666667,3,4,0.75,1,1,1.0,7,8,0.875,2,5,7,0,2,1,0,0,5,4,14,11,23.4,0,0,24.0,1,1,1,1,751,645,953,115,287,649,1,82,103,348,229,293,278,986,308,278,457,1,1413,269,410,198,587,171,3,513,,26:22,1
2006-07,101145,Monta Ellis,Monta,1610612744,GSW,Golden State Warriors,0040600224,2007-05-13T00:00:00,GSW vs. UTA,L,22.125,5,13,0.385,1,3,0.333,4,4,1.0,3,0,3,0,2,2,0,0,2,4,15,-2,22.6,0,0,23.0,1,785,785,785,866,378,316,865,287,346,351,231,332,1,128,1251,728,986,308,103,457,1,563,269,375,865,613,171,3,542,,22:08,1
2006-07,1888,Richard Hamilton,Richard,1610612765,DET,Detroit Pistons,0040600204,2007-05-13T00:00:00,DET @ CHI,L,32.803333333333335,4,12,0.333,0,0,0.0,3,5,0.6,4,2,6,5,2,0,0,1,6,3,11,-17,23.7,0,0,22.0,1,785,785,785,529,489,370,951,543,848,543,334,277,629,64,737,362,150,308,701,457,1066,1524,396,537,1492,575,171,3,571,,32:48,1
2006-07,1905,Andrei Kirilenko,Andrei,1610612762,UTA,Utah Jazz,0040600224,2007-05-13T00:00:00,UTA @ GSW,W,21.616666666666667,2,5,0.4,0,0,0.0,8,8,1.0,3,5,8,2,1,0,0,1,5,6,12,6,23.6,0,0,22.0,1,1,1,1,877,816,859,790,543,848,543,54,103,1,128,293,216,423,568,701,457,1066,1413,105,503,364,578,171,3,571,,21:37,1
2006-07,686,Antonio McDyess,Antonio,1610612765,DET,Detroit Pistons,0040600204,2007-05-13T00:00:00,DET @ CHI,L,28.6,2,6,0.333,0,0,0.0,1,1,1.0,2,6,8,1,1,2,1,1,6,3,5,-4,24.1,0,0,20.0,1,785,785,785,660,816,766,951,543,848,543,675,861,1,229,200,216,646,568,103,141,1066,1524,396,911,1002,569,171,3,626,,28:36,1
2006-07,200748,Tyrus Thomas,Tyrus,1610612741,CHI,Chicago Bulls,0040600204,2007-05-13T00:00:00,CHI vs. DET,W,13.683333333333334,3,8,0.375,0,0,0.0,4,6,0.667,4,3,7,0,2,0,1,0,1,4,10,12,19.4,0,0,19.0,1,1,1,1,1143,645,616,876,543,848,543,231,197,556,64,545,278,986,308,701,141,1,257,269,589,171,693,171,3,658,,13:41,1
2006-07,200794,Paul Millsap,Paul,1610612762,UTA,Utah Jazz,0040600224,2007-05-13T00:00:00,UTA @ GSW,W,19.15,4,5,0.8,0,0,0.0,0,0,0.0,3,3,6,1,0,1,0,1,4,0,8,6,19.7,0,0,17.0,1,1,1,1,959,489,859,99,543,848,543,863,926,863,128,545,362,646,998,278,457,1066,1206,1118,714,364,679,171,3,725,,19:09,1
2006-07,1723,Matt Harpring,Matt,1610612762,UTA,Utah Jazz,0040600224,2007-05-13T00:00:00,UTA @ GSW,W,26.9,3,8,0.375,0,1,0.0,0,0,0.0,0,6,6,2,2,1,0,0,3,3,6,-6,17.2,0,0,16.0,1,1,1,1,725,645,616,876,543,649,543,863,926,863,834,200,362,423,308,278,457,1,912,396,837,1132,746,171,3,757,,26:54,1
2006-07,2202,Jason Richardson,Jason,1610612744,GSW,Golden State Warriors,0040600224,2007-05-13T00:00:00,GSW vs. UTA,L,32.763333333333335,3,12,0.25,1,6,0.167,0,0,0.0,3,3,6,2,2,0,0,1,4,2,7,-20,15.2,0,0,16.0,1,785,785,785,532,645,370,1112,287,99,516,863,926,863,128,545,362,423,308,701,457,1066,1206,552,782,1530,814,171,3,757,,32:46,1
2006-07,2440,Matt Barnes,Matt,1610612744,GSW,Golden State Warriors,0040600224,2007-05-13T00:00:00,GSW vs. UTA,L,18.95,3,7,0.429,1,3,0.333,0,1,0.0,3,4,7,0,3,0,0,0,4,1,7,-19,12.4,0,0,15.0,1,785,785,785,965,645,690,716,287,346,351,863,861,863,128,389,278,986,161,701,457,1,1206,769,782,1519,921,171,3,792,,18:57,1
2006-07,2804,Andres Nocioni,Andres,1610612741,CHI,Chicago Bulls,0040600204,2007-05-13T00:00:00,CHI vs. DET,W,14.783333333333333,4,8,0.5,1,3,0.333,0,0,0.0,0,2,2,0,1,0,1,0,4,0,9,-4,13.4,0,0,14.0,1,1,1,1,1113,489,616,409,287,346,351,863,926,863,834,737,913,986,568,701,141,1,1206,1118,648,1002,880,171,3,821,,14:47,1
2006-07,2436,Flip Murray,Flip,1610612765,DET,Detroit Pistons,0040600204,2007-05-13T00:00:00,DET @ CHI,L,23.35,5,11,0.455,0,1,0.0,0,1,0.0,0,1,1,2,1,0,0,1,2,1,10,-7,13.2,0,0,13.0,1,785,785,785,836,378,430,654,543,649,543,863,861,863,834,965,1101,423,568,701,457,1066,563,769,589,1179,890,171,3,867,,23:21,1
2006-07,2554,Mickael Pietrus,Mickael,1610612744,GSW,Golden State Warriors,0040600224,2007-05-13T00:00:00,GSW vs. UTA,L,17.373333333333335,1,2,0.5,0,1,0.0,0,3,0.0,0,3,3,1,0,0,3,0,2,5,2,9,16.1,0,0,12.0,1,785,785,785,1019,994,1167,409,543,649,543,863,481,863,834,545,728,646,998,701,27,1,563,168,1125,259,788,171,3,907,,17:22,1
2006-07,136,P.J. Brown,P.J.,1610612741,CHI,Chicago Bulls,0040600204,2007-05-13T00:00:00,CHI vs. DET,W,26.216666666666665,3,9,0.333,0,0,0.0,0,0,0.0,0,3,3,0,2,1,0,0,3,0,6,0,10.6,0,0,11.0,1,1,1,1,755,645,553,951,543,848,543,863,926,863,834,545,728,986,308,278,457,1,912,1118,837,715,989,171,3,937,,26:13,1
2006-07,2768,Chris Duhon,Chris,1610612741,CHI,Chicago Bulls,0040600204,2007-05-13T00:00:00,CHI vs. DET,W,11.033333333333333,1,1,1.0,1,1,1.0,0,0,0.0,0,0,0,0,1,0,1,0,0,0,3,-15,5.0,0,0,6.0,1,1,1,1,1232,994,1299,1,287,649,1,863,926,863,834,1251,1327,986,568,701,141,1,1,1118,1052,1463,1243,171,3,1166,,11:02,1
2006-07,283,Lindsey Hunter,Lindsey,1610612765,DET,Detroit Pistons,0040600204,2007-05-13T00:00:00,DET @ CHI,L,5.53,1,2,0.5,0,1,0.0,0,0,0.0,0,0,0,0,0,1,0,0,1,1,2,-6,5.0,0,0,4.0,1,785,785,785,1380,994,1167,409,543,649,543,863,926,863,834,1251,1327,986,998,278,457,1,257,769,1125,1132,1243,171,3,1264,,5:32,1
2006-07,185,Chris Webber,Chris,1610612765,DET,Detroit Pistons,0040600204,2007-05-13T00:00:00,DET @ CHI,L,17.033333333333335,0,3,0.0,0,0,0.0,0,0,0.0,0,1,1,1,1,0,1,0,2,0,0,-16,4.7,0,0,4.0,1,785,785,785,1031,1243,1052,1243,543,848,543,863,926,863,834,965,1101,646,568,701,141,1,563,1118,1311,1477,1264,171,3,1264,,17:02,1
2006-07,2568,Carlos Delfino,Carlos,1610612765,DET,Detroit Pistons,0040600204,2007-05-13T00:00:00,DET @ CHI,L,5.223333333333334,1,1,1.0,0,0,0.0,0,0,0.0,0,0,0,1,0,0,0,0,0,0,2,-4,3.5,0,0,3.0,1,785,785,785,1392,994,1299,1,543,848,543,863,926,863,834,1251,1327,646,998,701,457,1,1,1118,1125,1002,1319,171,3,1315,,5:13,1
2006-07,1921,Gordan Giricek,Gordan,1610612762,UTA,Utah Jazz,0040600224,2007-05-13T00:00:00,UTA @ GSW,W,11.716666666666667,0,2,0.0,0,1,0.0,0,0,0.0,0,3,3,0,4,0,0,0,1,1,0,4,-0.4,0,0,3.0,1,1,1,1,1208,1243,1167,1243,543,649,543,863,926,863,834,545,728,986,88,701,457,1,257,769,1311,462,1549,171,3,1315,,11:43,1
2006-07,101131,Jason Maxiell,Jason,1610612765,DET,Detroit Pistons,0040600204,2007-05-13T00:00:00,DET @ CHI,L,5.848333333333334,1,2,0.5,0,0,0.0,0,0,0.0,0,0,0,0,0,0,0,0,0,1,2,5,2.0,0,0,2.0,1,785,785,785,1368,994,1167,409,543,848,543,863,926,863,834,1251,1327,986,998,701,457,1,1,769,1125,416,1379,171,3,1362,,5:51,1
2006-07,2260,Jarron Collins,Jarron,1610612762,UTA,Utah Jazz,0040600224,2007-05-13T00:00:00,UTA @ GSW,W,6.65,0,0,0.0,0,0,0.0,0,0,0.0,0,1,1,0,1,0,0,0,3,0,0,2,0.2,0,0,1.0,1,1,1,1,1353,1243,1436,1243,543,848,543,863,926,863,834,965,1101,986,568,701,457,1,912,1118,1311,581,1455,171,3,1423,,6:39,1
2006-07,2694,Josh Powell,Josh,1610612744,GSW,Golden State Warriors,0040600224,2007-05-13T00:00:00,GSW vs. UTA,L,0.6066666666666667,0,0,0.0,0,0,0.0,0,0,0.0,0,0,0,0,0,0,0,0,0,0,0,1,0.0,0,0,0.0,1,785,785,785,1539,1243,1436,1243,543,848,543,863,926,863,834,1251,1327,986,998,701,457,1,1,1118,1311,656,1461,171,3,1463,,0:36,1
2006-07,200758,Ronnie Brewer,Ronnie,1610612762,UTA,Utah Jazz,0040600224,2007-05-13T00:00:00,UTA @ GSW,W,0.30833333333333335,0,0,0.0,0,0,0.0,0,0,0.0,0,0,0,0,0,0,0,0,0,0,0,0,0.0,0,0,0.0,1,1,1,1,1548,1243,1436,1243,543,848,543,863,926,863,834,1251,1327,986,998,701,457,1,1,1118,1311,715,1461,171,3,1463,,0:19,1
2006-07,101235,Kelenna Azubuike,Kelenna,1610612744,GSW,Golden State Warriors,0040600224,2007-05-13T00:00:00,GSW vs. UTA,L,0.62,0,0,0.0,0,0,0.0,0,0,0.0,0,0,0,0,0,0,0,0,0,0,0,-1,0.0,0,0,0.0,1,785,785,785,1538,1243,1436,1243,543,848,543,863,926,863,834,1251,1327,986,998,701,457,1,1,1118,1311,812,1461,171,3,1463,,0:37,1
2006-07,1495,Tim Duncan,Tim,1610612759,SAS,San Antonio Spurs,0040600233,2007-05-12T00:00:00,SAS vs. PHX,W,41.29833333333333,12,19,0.632,0,0,0.0,9,14,0.643,5,14,19,0,0,0,3,2,4,9,33,5,64.8,1,0,58.0,1,1,1,1,185,18,85,237,543,848,543,33,11,614,31,5,3,986,998,701,27,1423,1206,15,14,416,6,1,3,9,,41:18,1
2006-07,467,Jason Kidd,Jason,1610612751,NJN,New Jersey Nets,0040600213,2007-05-12T00:00:00,NJN vs. CLE,W,40.388333333333335,8,12,0.667,5,6,0.833,2,2,1.0,2,11,13,14,3,1,0,0,3,1,23,13,59.6,1,1,57.0,1,1,1,1,229,145,370,158,4,99,65,459,556,1,229,22,42,8,161,278,457,1,912,769,133,145,20,1,1,15,,40:23,1
2006-07,1890,Shawn Marion,Shawn,1610612756,PHX,Phoenix Suns,0040600233,2007-05-12T00:00:00,PHX @ SAS,L,44.333333333333336,11,21,0.524,3,6,0.5,1,2,0.5,1,6,7,0,2,2,4,1,1,1,26,-14,50.4,0,0,48.0,1,785,785,785,80,36,52,400,43,99,153,675,556,656,454,200,278,986,308,103,16,1066,257,769,77,1440,62,171,3,51,,44:20,1
2006-07,1938,Manu Ginobili,Manu,1610612759,SAS,San Antonio Spurs,0040600233,2007-05-12T00:00:00,SAS vs. PHX,W,32.0,8,19,0.421,1,3,0.333,7,7,1.0,0,2,2,4,1,3,1,4,4,4,24,-2,43.4,0,0,39.0,1,1,1,1,554,145,85,755,287,346,351,82,154,1,834,737,913,206,568,32,141,1553,1206,269,110,865,138,171,3,170,,32:00,1
2006-07,2210,Richard Jefferson,Richard,1610612751,NJN,New Jersey Nets,0040600213,2007-05-12T00:00:00,NJN vs. CLE,W,41.516666666666666,8,17,0.471,1,4,0.25,6,7,0.857,1,7,8,3,2,2,0,1,3,4,23,8,41.1,0,0,39.0,1,1,1,1,177,145,145,622,287,236,446,120,154,363,454,147,216,287,308,103,457,1066,912,269,133,288,164,171,3,170,,41:31,1
2006-07,2544,LeBron James,LeBron,1610612739,CLE,Cleveland Cavaliers,0040600213,2007-05-12T00:00:00,CLE @ NJN,L,44.13333333333333,5,16,0.313,1,5,0.2,7,7,1.0,0,6,6,12,2,0,0,0,2,5,18,-12,41.2,1,0,37.0,1,785,785,785,90,378,175,1062,287,160,492,82,154,1,834,200,362,20,308,701,457,1,563,168,272,1378,161,1,3,210,,44:08,1
2006-07,959,Steve Nash,Steve,1610612756,PHX,Phoenix Suns,0040600233,2007-05-12T00:00:00,PHX @ SAS,L,38.916666666666664,6,17,0.353,2,5,0.4,2,3,0.667,0,8,8,11,5,0,0,2,3,5,16,2,37.1,1,0,37.0,1,785,785,785,301,288,145,945,122,160,309,459,481,556,834,90,216,24,39,701,457,1423,912,168,329,581,245,1,3,210,,38:55,1
2006-07,1716,Larry Hughes,Larry,1610612739,CLE,Cleveland Cavaliers,0040600213,2007-05-12T00:00:00,CLE @ NJN,L,44.18333333333333,9,20,0.45,2,3,0.667,3,6,0.5,1,3,4,1,4,1,2,1,2,4,23,-14,34.3,0,0,36.0,1,785,785,785,89,92,67,678,122,346,86,334,197,656,454,545,565,646,88,278,55,1066,563,269,133,1440,295,171,3,229,,44:11,1
2006-07,1477,Bruce Bowen,Bruce,1610612759,SAS,San Antonio Spurs,0040600233,2007-05-12T00:00:00,SAS vs. PHX,W,39.471666666666664,3,6,0.5,2,4,0.5,2,2,1.0,1,8,9,2,1,4,1,0,2,1,10,10,37.8,0,0,33.0,1,1,1,1,268,645,766,409,122,236,153,459,556,1,454,90,169,423,568,8,141,1,563,769,589,227,231,171,3,273,,39:28,1
2006-07,1713,Vince Carter,Vince,1610612751,NJN,New Jersey Nets,0040600213,2007-05-12T00:00:00,NJN vs. CLE,W,39.28333333333333,8,19,0.421,0,4,0.0,7,10,0.7,1,5,6,4,1,0,0,1,3,8,23,20,35.2,0,0,33.0,1,1,1,1,276,145,85,755,543,236,543,82,57,551,454,293,362,206,568,701,457,1066,912,34,133,43,272,171,3,273,,39:17,1
2006-07,703,Kurt Thomas,Kurt,1610612756,PHX,Phoenix Suns,0040600233,2007-05-12T00:00:00,PHX @ SAS,L,36.038333333333334,3,8,0.375,0,0,0.0,2,2,1.0,0,12,12,1,1,1,3,1,5,1,8,0,34.9,0,0,29.0,1,785,785,785,417,645,616,876,543,848,543,459,556,1,834,16,59,646,568,278,27,1066,1413,769,714,715,278,171,3,363,,36:02,1
2006-07,2405,Amar'e Stoudemire,Amar'e,1610612756,PHX,Phoenix Suns,0040600233,2007-05-12T00:00:00,PHX @ SAS,L,20.633333333333333,7,11,0.636,0,0,0.0,7,11,0.636,3,2,5,1,1,0,0,1,5,6,21,-2,27.5,0,0,27.0,1,785,785,785,911,201,430,229,543,848,543,82,38,615,128,737,466,646,568,701,457,1066,1413,105,180,865,462,171,3,422,,20:38,1
2006-07,2225,Tony Parker,Tony,1610612759,SAS,San Antonio Spurs,0040600233,2007-05-12T00:00:00,SAS vs. PHX,W,41.29833333333333,7,18,0.389,0,2,0.0,2,4,0.5,1,3,4,5,2,0,0,3,0,3,16,5,26.3,0,0,25.0,1,1,1,1,185,201,119,858,543,485,543,459,332,656,454,545,565,150,308,701,457,1516,1,396,329,416,496,171,3,488,,41:18,1
2006-07,1630,Mikki Moore,Mikki,1610612751,NJN,New Jersey Nets,0040600213,2007-05-12T00:00:00,NJN vs. CLE,W,34.2,5,9,0.556,0,0,0.0,1,2,0.5,4,1,5,4,3,2,0,0,3,3,11,27,26.0,0,0,24.0,1,1,1,1,485,378,553,344,543,848,543,675,556,656,64,965,466,206,161,103,457,1,912,396,537,6,501,171,3,513,,34:12,1
2006-07,980,Zydrunas Ilgauskas,Zydrunas,1610612739,CLE,Cleveland Cavaliers,0040600213,2007-05-12T00:00:00,CLE @ NJN,L,31.85,3,7,0.429,0,0,0.0,5,5,1.0,2,6,8,1,1,1,0,0,5,3,11,-23,24.1,0,0,22.0,1,785,785,785,560,645,690,716,543,848,543,164,277,1,229,200,216,646,568,278,457,1,1413,396,537,1546,569,171,3,571,,31:51,1
2006-07,1952,Raja Bell,Raja,1610612756,PHX,Phoenix Suns,0040600233,2007-05-12T00:00:00,PHX @ SAS,L,41.55,4,6,0.667,4,4,1.0,0,0,0.0,0,2,2,0,1,0,1,0,5,2,12,-5,16.4,0,0,20.0,1,785,785,785,175,489,766,158,16,236,1,863,926,863,834,737,913,986,568,701,141,1,1413,552,503,1073,775,171,3,626,,41:33,1
2006-07,2400,Drew Gooden,Drew,1610612739,CLE,Cleveland Cavaliers,0040600213,2007-05-12T00:00:00,CLE @ NJN,L,35.56666666666667,5,12,0.417,0,0,0.0,2,2,1.0,1,3,4,0,2,1,0,1,2,1,12,-13,17.8,0,0,18.0,1,785,785,785,437,378,370,762,543,848,543,459,556,1,454,545,565,986,308,278,457,1066,563,769,503,1413,734,171,3,689,,35:34,1
2006-07,714,Michael Finley,Michael,1610612759,SAS,San Antonio Spurs,0040600233,2007-05-12T00:00:00,SAS vs. PHX,W,28.5,2,10,0.2,2,5,0.4,3,3,1.0,1,1,2,3,2,1,0,0,2,2,9,12,16.9,0,0,18.0,1,1,1,1,662,816,500,1169,122,160,309,334,481,1,454,965,913,287,308,278,457,1,563,552,648,171,753,171,3,689,,28:30,1
2006-07,2760,Anderson Varejao,Anderson,1610612739,CLE,Cleveland Cavaliers,0040600213,2007-05-12T00:00:00,CLE @ NJN,L,18.816666666666666,3,4,0.75,0,0,0.0,2,2,1.0,1,4,5,0,1,1,1,0,1,3,8,10,19.0,0,0,17.0,1,785,785,785,973,645,953,115,543,848,543,459,556,1,454,389,466,986,568,278,141,1,257,396,714,227,705,171,3,725,,18:49,1
2006-07,2562,Sasha Pavlovic,Sasha,1610612739,CLE,Cleveland Cavaliers,0040600213,2007-05-12T00:00:00,CLE @ NJN,L,31.5,2,5,0.4,1,3,0.333,3,4,0.75,0,1,1,1,1,2,1,0,5,4,8,-23,18.7,0,0,17.0,1,785,785,785,566,816,859,790,287,346,351,334,332,449,834,965,1101,646,568,103,141,1,1413,269,714,1546,710,171,3,725,,31:30,1
2006-07,2571,Leandro Barbosa,Leandro,1610612756,PHX,Phoenix Suns,0040600233,2007-05-12T00:00:00,PHX @ SAS,L,28.626666666666665,2,6,0.333,0,2,0.0,2,3,0.667,0,2,2,4,3,1,1,0,1,2,6,-1,17.4,0,0,16.0,1,785,785,785,658,816,766,951,543,485,543,459,481,556,834,737,913,206,161,278,141,1,257,552,837,812,740,171,3,757,,28:38,1
2006-07,101120,Antoine Wright,Antoine,1610612751,NJN,New Jersey Nets,0040600213,2007-05-12T00:00:00,NJN vs. CLE,W,16.933333333333334,2,2,1.0,1,1,1.0,2,2,1.0,1,3,4,0,1,1,1,0,1,1,7,-6,16.8,0,0,16.0,1,1,1,1,1034,816,1167,1,287,649,1,459,556,1,454,545,565,986,568,278,141,1,257,769,782,1132,756,171,3,757,,16:56,1
2006-07,2564,Boris Diaw,Boris,1610612756,PHX,Phoenix Suns,0040600233,2007-05-12T00:00:00,PHX @ SAS,L,23.2,4,7,0.571,0,0,0.0,2,4,0.5,1,2,3,3,3,0,0,0,4,4,10,-13,15.1,0,0,16.0,1,785,785,785,841,489,690,310,543,848,543,459,332,656,454,737,728,287,161,701,457,1,1206,269,589,1413,818,171,3,757,,23:12,1
2006-07,109,Robert Horry,Robert,1610612759,SAS,San Antonio Spurs,0040600233,2007-05-12T00:00:00,SAS vs. PHX,W,22.633333333333333,1,5,0.2,1,3,0.333,4,4,1.0,1,4,5,1,1,0,0,0,4,2,7,-15,13.5,0,0,14.0,1,1,1,1,852,994,859,1169,287,346,351,231,332,1,454,389,466,646,568,701,457,1,1206,552,782,1463,879,171,3,821,,22:38,1
2006-07,699,Brent Barry,Brent,1610612759,SAS,San Antonio Spurs,0040600233,2007-05-12T00:00:00,SAS vs. PHX,W,9.811666666666667,1,3,0.333,1,3,0.333,0,0,0.0,0,3,3,2,0,0,0,0,1,0,3,15,9.6,0,0,9.0,1,1,1,1,1266,994,1052,951,287,346,351,863,926,863,834,545,728,423,998,701,457,1,257,1118,1052,108,1039,171,3,1022,,9:49,1
2006-07,101177,Fabricio Oberto,Fabricio,1610612759,SAS,San Antonio Spurs,0040600233,2007-05-12T00:00:00,SAS vs. PHX,W,10.785,1,1,1.0,0,0,0.0,0,0,0.0,2,0,2,2,0,1,0,0,4,2,2,6,10.4,0,0,8.0,1,1,1,1,1242,994,1299,1,543,848,543,863,926,863,229,1251,913,423,998,278,457,1,1206,552,1125,364,1001,171,3,1070,,10:47,1
2006-07,2215,Jason Collins,Jason,1610612751,NJN,New Jersey Nets,0040600213,2007-05-12T00:00:00,NJN vs. CLE,W,29.016666666666666,0,0,0.0,0,0,0.0,1,2,0.5,2,3,5,0,4,0,1,0,6,3,1,24,6.0,0,0,8.0,1,1,1,1,645,1243,1436,1243,543,848,543,675,556,656,229,545,466,986,88,701,141,1,1524,396,1285,28,1201,171,3,1070,,29:01,1
2006-07,2411,Bostjan Nachbar,Bostjan,1610612751,NJN,New Jersey Nets,0040600213,2007-05-12T00:00:00,NJN vs. CLE,W,20.45,1,7,0.143,0,2,0.0,1,2,0.5,0,2,2,1,2,0,0,1,0,1,3,-13,4.9,0,0,6.0,1,1,1,1,918,994,690,1222,543,485,543,675,556,656,834,737,913,646,308,701,457,1066,1,769,1052,1413,1258,171,3,1166,,20:27,1
2006-07,1922,Francisco Elson,Francisco,1610612759,SAS,San Antonio Spurs,0040600233,2007-05-12T00:00:00,SAS vs. PHX,W,7.5,1,1,1.0,0,0,0.0,2,2,1.0,0,1,1,0,3,0,0,0,1,1,4,-3,2.2,0,0,5.0,1,1,1,1,1322,994,1299,1,543,848,543,459,556,1,834,965,1101,986,161,701,457,1,257,769,976,937,1372,171,3,1212,,7:30,1
2006-07,923,Donyell Marshall,Donyell,1610612739,CLE,Cleveland Cavaliers,0040600213,2007-05-12T00:00:00,CLE @ NJN,L,7.0,1,3,0.333,0,1,0.0,0,0,0.0,0,2,2,0,0,0,0,0,1,1,2,1,4.4,0,0,4.0,1,785,785,785,1338,994,1052,951,543,649,543,863,926,863,834,737,913,986,998,701,457,1,257,769,1125,656,1278,171,3,1264,,7:00,1
2006-07,200789,Daniel Gibson,Daniel,1610612739,CLE,Cleveland Cavaliers,0040600213,2007-05-12T00:00:00,CLE @ NJN,L,11.166666666666666,1,2,0.5,1,1,1.0,0,0,0.0,0,0,0,0,0,0,0,0,1,0,3,7,3.0,0,0,4.0,1,785,785,785,1227,994,1167,409,287,649,1,863,926,863,834,1251,1327,986,998,701,457,1,257,1118,1052,322,1337,171,3,1264,,11:10,1
2006-07,200766,Marcus Williams,Marcus,1610612751,NJN,New Jersey Nets,0040600213,2007-05-12T00:00:00,NJN vs. CLE,W,3.5116666666666667,1,2,0.5,1,1,1.0,0,0,0.0,0,0,0,0,1,0,0,1,0,0,3,-4,2.0,0,0,4.0,1,1,1,1,1442,994,1167,409,287,649,1,863,926,863,834,1251,1327,986,568,701,457,1066,1,1118,1052,1002,1379,171,3,1264,,3:31,1
2006-07,727,Eric Snow,Eric,1610612739,CLE,Cleveland Cavaliers,0040600213,2007-05-12T00:00:00,CLE @ NJN,L,11.35,0,1,0.0,0,0,0.0,0,0,0.0,0,0,0,0,1,1,0,0,2,0,0,6,2.0,0,0,2.0,1,785,785,785,1218,1243,1299,1243,543,848,543,863,926,863,834,1251,1327,986,568,278,457,1,563,1118,1311,364,1379,171,3,1362,,11:21,1
2006-07,2592,James Jones,James,1610612756,PHX,Phoenix Suns,0040600233,2007-05-12T00:00:00,PHX @ SAS,L,6.701666666666667,0,0,0.0,0,0,0.0,2,2,1.0,0,0,0,0,0,0,0,0,0,1,2,-2,2.0,0,0,2.0,1,785,785,785,1351,1243,1436,1243,543,848,543,459,556,1,834,1251,1327,986,998,701,457,1,1,769,1125,865,1379,171,3,1362,,6:42,1
2006-07,200767,Josh Boone,Josh,1610612751,NJN,New Jersey Nets,0040600213,2007-05-12T00:00:00,NJN vs. CLE,W,6.95,1,2,0.5,0,0,0.0,0,0,0.0,0,0,0,0,0,0,0,0,1,0,2,-2,2.0,0,0,2.0,1,1,1,1,1341,994,1167,409,543,848,543,863,926,863,834,1251,1327,986,998,701,457,1,257,1118,1125,865,1379,171,3,1362,,6:57,1
2006-07,1956,Ira Newble,Ira,1610612739,CLE,Cleveland Cavaliers,0040600213,2007-05-12T00:00:00,CLE @ NJN,L,1.6666666666666667,0,0,0.0,0,0,0.0,0,0,0.0,0,0,0,1,0,0,0,0,0,0,0,3,1.5,0,0,1.0,1,785,785,785,1501,1243,1436,1243,543,848,543,863,926,863,834,1251,1327,646,998,701,457,1,1,1118,1311,517,1405,171,3,1423,,1:40,1
2006-07,2067,Eddie House,Eddie,1610612751,NJN,New Jersey Nets,0040600213,2007-05-12T00:00:00,NJN vs. CLE,W,1.1,0,0,0.0,0,0,0.0,0,0,0.0,0,0,0,1,0,0,0,0,0,0,0,0,1.5,0,0,1.0,1,1,1,1,1523,1243,1436,1243,543,848,543,863,926,863,834,1251,1327,646,998,701,457,1,1,1118,1311,715,1405,171,3,1423,,1:06,1
2006-07,1513,Scot Pollard,Scot,1610612739,CLE,Cleveland Cavaliers,0040600213,2007-05-12T00:00:00,CLE @ NJN,L,1.6666666666666667,0,0,0.0,0,0,0.0,0,0,0.0,0,0,0,0,0,0,0,0,0,0,0,3,0.0,0,0,0.0,1,785,785,785,1501,1243,1436,1243,543,848,543,863,926,863,834,1251,1327,986,998,701,457,1,1,1118,1311,517,1461,171,3,1463,,1:40,1
2006-07,1521,Jacque Vaughn,Jacque,1610612759,SAS,San Antonio Spurs,0040600233,2007-05-12T00:00:00,SAS vs. PHX,W,6.701666666666667,0,0,0.0,0,0,0.0,0,0,0.0,0,0,0,0,0,0,0,0,0,0,0,2,0.0,0,0,0.0,1,1,1,1,1351,1243,1436,1243,543,848,543,863,926,863,834,1251,1327,986,998,701,457,1,1,1118,1311,581,1461,171,3,1463,,6:42,1
2006-07,200801,Hassan Adams,Hassan,1610612751,NJN,New Jersey Nets,0040600213,2007-05-12T00:00:00,NJN vs. CLE,W,1.1,0,0,0.0,0,0,0.0,0,0,0.0,0,0,0,0,0,0,0,0,0,0,0,0,0.0,0,0,0.0,1,1,1,1,1523,1243,1436,1243,543,848,543,863,926,863,834,1251,1327,986,998,701,457,1,1,1118,1311,715,1461,171,3,1463,,1:06,1
2006-07,1800,Damon Jones,Damon,1610612739,CLE,Cleveland Cavaliers,0040600213,2007-05-12T00:00:00,CLE @ NJN,L,1.1,0,0,0.0,0,0,0.0,0,0,0.0,0,0,0,0,0,0,0,0,0,0,0,0,0.0,0,0,0.0,1,785,785,785,1523,1243,1436,1243,543,848,543,863,926,863,834,1251,1327,986,998,701,457,1,1,1118,1311,715,1461,171,3,1463,,1:06,1
2006-07,361,Clifford Robinson,Clifford,1610612751,NJN,New Jersey Nets,0040600213,2007-05-12T00:00:00,NJN vs. CLE,W,5.55,0,2,0.0,0,0,0.0,0,0,0.0,0,0,0,0,0,0,0,0,1,0,0,-12,0.0,0,0,0.0,1,1,1,1,1378,1243,1167,1243,543,848,543,863,926,863,834,1251,1327,986,998,701,457,1,257,1118,1311,1378,1461,171,3,1463,,5:33,1
2006-07,1884,Baron Davis,Baron,1610612744,GSW,Golden State Warriors,0040600223,2007-05-11T00:00:00,GSW vs. UTA,W,34.67166666666667,12,20,0.6,2,6,0.333,6,7,0.857,1,3,4,9,3,6,0,1,4,10,32,26,65.3,0,0,59.0,1,1,1,1,473,18,67,268,122,99,351,120,154,363,454,545,565,43,161,1,457,1066,1206,9,23,10,5,171,3,6,,34:40,1
2006-07,2202,Jason Richardson,Jason,1610612744,GSW,Golden State Warriors,0040600223,2007-05-11T00:00:00,GSW vs. UTA,W,35.031666666666666,10,17,0.588,5,9,0.556,0,0,0.0,1,4,5,2,1,1,1,0,3,1,25,17,39.0,0,0,41.0,1,1,1,1,462,57,145,299,4,12,152,863,926,863,454,389,466,423,568,278,141,1,912,769,95,79,207,171,3,130,,35:02,1
2006-07,2430,Carlos Boozer,Carlos,1610612762,UTA,Utah Jazz,0040600223,2007-05-11T00:00:00,UTA @ GSW,L,40.483333333333334,8,10,0.8,0,0,0.0,3,4,0.75,3,8,11,5,3,1,0,0,3,5,19,-17,39.7,1,0,37.0,1,785,785,785,224,145,500,99,543,848,543,334,332,449,128,90,91,150,161,278,457,1,912,168,246,1492,187,1,3,210,,40:29,1
2006-07,1905,Andrei Kirilenko,Andrei,1610612762,UTA,Utah Jazz,0040600223,2007-05-11T00:00:00,UTA @ GSW,L,38.93333333333333,6,14,0.429,1,1,1.0,2,2,1.0,1,4,5,5,5,0,3,1,3,4,15,-15,32.5,0,0,32.0,1,785,785,785,300,288,261,716,287,649,1,459,556,1,454,389,466,150,39,701,27,1066,912,269,375,1463,328,171,3,296,,38:56,1
2006-07,2740,Andris Biedrins,Andris,1610612744,GSW,Golden State Warriors,0040600223,2007-05-11T00:00:00,GSW vs. UTA,W,38.43333333333333,5,7,0.714,0,0,0.0,3,6,0.5,4,9,13,0,1,0,1,0,4,4,13,27,30.6,1,0,28.0,1,1,1,1,315,378,690,139,543,848,543,334,197,656,64,56,42,986,568,701,141,1,1206,269,450,6,371,1,3,391,,38:26,1
2006-07,2246,Mehmet Okur,Mehmet,1610612762,UTA,Utah Jazz,0040600223,2007-05-11T00:00:00,UTA @ GSW,L,35.65,5,12,0.417,2,4,0.5,3,3,1.0,2,4,6,2,0,1,0,2,4,2,15,-35,28.2,0,0,27.0,1,785,785,785,434,378,370,762,122,236,153,334,481,1,229,389,362,423,998,278,457,1423,1206,552,375,1562,441,171,3,422,,35:39,1
2006-07,101114,Deron Williams,Deron,1610612762,UTA,Utah Jazz,0040600223,2007-05-11T00:00:00,UTA @ GSW,L,27.438333333333333,5,12,0.417,2,4,0.5,2,3,0.667,0,4,4,6,7,0,0,1,4,3,14,-19,20.8,0,0,26.0,1,785,785,785,707,378,370,762,122,236,153,459,481,556,834,389,565,112,8,701,457,1066,1206,396,410,1519,645,171,3,455,,27:26,1
2006-07,2554,Mickael Pietrus,Mickael,1610612744,GSW,Golden State Warriors,0040600223,2007-05-11T00:00:00,GSW vs. UTA,W,18.945,2,4,0.5,2,3,0.667,8,9,0.889,0,2,2,1,1,1,2,0,2,4,14,9,25.9,0,0,25.0,1,1,1,1,966,816,953,409,122,346,86,54,76,343,834,737,913,646,568,278,55,1,563,269,410,259,506,171,3,488,,18:57,1
2006-07,1733,Al Harrington,Al,1610612744,GSW,Golden State Warriors,0040600223,2007-05-11T00:00:00,GSW vs. UTA,W,31.373333333333335,4,12,0.333,4,7,0.571,3,4,0.75,0,3,3,1,1,0,1,1,3,3,15,11,22.1,0,0,25.0,1,1,1,1,568,489,370,951,16,44,141,334,332,449,834,545,728,646,568,701,141,1066,912,396,375,198,619,171,3,488,,31:22,1
2006-07,101145,Monta Ellis,Monta,1610612744,GSW,Golden State Warriors,0040600223,2007-05-11T00:00:00,GSW vs. UTA,W,20.706666666666667,3,8,0.375,0,1,0.0,4,4,1.0,1,2,3,2,2,2,1,1,4,3,10,-5,23.6,0,0,21.0,1,1,1,1,908,645,616,876,543,649,543,231,332,1,454,737,728,423,308,103,141,1066,1206,396,589,1073,578,171,3,604,,20:42,1
2006-07,1723,Matt Harpring,Matt,1610612762,UTA,Utah Jazz,0040600223,2007-05-11T00:00:00,UTA @ GSW,L,25.816666666666666,5,10,0.5,0,1,0.0,2,2,1.0,1,2,3,2,2,1,0,2,2,1,12,0,19.6,0,0,19.0,1,785,785,785,765,378,500,409,543,649,543,459,556,1,454,737,728,423,308,278,457,1423,563,769,503,715,686,171,3,658,,25:49,1
2006-07,1536,Stephen Jackson,Stephen,1610612744,GSW,Golden State Warriors,0040600223,2007-05-11T00:00:00,GSW vs. UTA,W,28.3,2,4,0.5,0,2,0.0,4,5,0.8,1,0,1,5,3,1,1,0,4,3,8,18,19.7,0,0,18.0,1,1,1,1,672,816,953,409,543,485,543,231,277,409,454,1251,1101,150,161,278,141,1,1206,396,714,69,679,171,3,689,,28:18,1
2006-07,200794,Paul Millsap,Paul,1610612762,UTA,Utah Jazz,0040600223,2007-05-11T00:00:00,UTA @ GSW,L,20.016666666666666,3,6,0.5,0,0,0.0,1,2,0.5,4,2,6,0,1,1,0,1,3,2,7,8,16.2,0,0,15.0,1,785,785,785,931,645,766,409,543,848,543,675,556,656,64,737,362,986,568,278,457,1066,912,552,782,288,785,171,3,792,,20:01,1
2006-07,2440,Matt Barnes,Matt,1610612744,GSW,Golden State Warriors,0040600223,2007-05-11T00:00:00,GSW vs. UTA,W,24.85,3,5,0.6,2,4,0.5,0,0,0.0,0,0,0,2,2,1,0,0,3,0,8,6,12.0,0,0,14.0,1,1,1,1,791,645,859,268,122,236,153,863,926,863,834,1251,1327,423,308,278,457,1,912,1118,714,364,934,171,3,821,,24:51,1
2006-07,1921,Gordan Giricek,Gordan,1610612762,UTA,Utah Jazz,0040600223,2007-05-11T00:00:00,UTA @ GSW,L,20.55,2,4,0.5,1,2,0.5,2,3,0.667,0,4,4,2,3,0,0,0,2,1,7,-12,11.8,0,0,14.0,1,785,785,785,915,816,953,409,287,485,153,459,481,556,834,389,565,423,161,701,457,1,563,769,782,1378,942,171,3,821,,20:33,1
2006-07,965,Derek Fisher,Derek,1610612762,UTA,Utah Jazz,0040600223,2007-05-11T00:00:00,UTA @ GSW,L,16.461666666666666,1,6,0.167,0,2,0.0,7,7,1.0,0,0,0,0,2,1,0,0,6,6,9,-12,10.0,0,0,11.0,1,785,785,785,1056,994,766,1200,543,485,543,82,154,1,834,1251,1327,986,308,278,457,1,1524,105,648,1378,1022,171,3,937,,16:28,1
2006-07,200758,Ronnie Brewer,Ronnie,1610612762,UTA,Utah Jazz,0040600223,2007-05-11T00:00:00,UTA @ GSW,L,6.933333333333334,2,2,1.0,0,0,0.0,2,3,0.667,1,1,2,1,0,0,0,0,0,2,6,-4,9.9,0,0,9.0,1,785,785,785,1343,816,1167,1,543,848,543,459,481,556,454,965,913,646,998,701,457,1,1,552,837,1002,1027,171,3,1022,,6:56,1
2006-07,2694,Josh Powell,Josh,1610612744,GSW,Golden State Warriors,0040600223,2007-05-11T00:00:00,GSW vs. UTA,W,2.45,0,0,0.0,0,0,0.0,0,0,0.0,1,0,1,0,0,0,1,0,0,0,0,-2,4.2,0,0,3.0,1,1,1,1,1481,1243,1436,1243,543,848,543,863,926,863,454,1251,1101,986,998,701,141,1,1,1118,1311,865,1288,171,3,1315,,2:27,1
2006-07,2260,Jarron Collins,Jarron,1610612762,UTA,Utah Jazz,0040600223,2007-05-11T00:00:00,UTA @ GSW,L,2.1166666666666667,0,0,0.0,0,0,0.0,0,0,0.0,0,1,1,1,0,0,0,0,0,0,0,2,2.7,0,0,2.0,1,785,785,785,1486,1243,1436,1243,543,848,543,863,926,863,834,965,1101,646,998,701,457,1,1,1118,1311,581,1356,171,3,1362,,2:07,1
2006-07,2737,Rafael Araujo,Rafael,1610612762,UTA,Utah Jazz,0040600223,2007-05-11T00:00:00,UTA @ GSW,L,2.8,0,2,0.0,0,0,0.0,0,2,0.0,2,0,2,0,0,0,0,1,1,1,0,2,2.4,0,0,2.0,1,785,785,785,1471,1243,1167,1243,543,848,543,863,556,863,229,1251,913,986,998,701,457,1066,257,769,1311,581,1365,171,3,1362,,2:48,1
2006-07,101139,CJ Miles,CJ,1610612762,UTA,Utah Jazz,0040600223,2007-05-11T00:00:00,UTA @ GSW,L,2.8,0,0,0.0,0,0,0.0,1,2,0.5,0,0,0,0,0,0,0,0,0,1,1,2,1.0,0,0,1.0,1,785,785,785,1471,1243,1436,1243,543,848,543,675,556,656,834,1251,1327,986,998,701,457,1,1,769,1285,581,1443,171,3,1423,,2:48,1
2006-07,101180,Sarunas Jasikevicius,Sarunas,1610612744,GSW,Golden State Warriors,0040600223,2007-05-11T00:00:00,GSW vs. UTA,W,0.7383333333333333,0,0,0.0,0,0,0.0,0,0,0.0,0,0,0,0,0,0,0,0,0,0,0,-1,0.0,0,0,0.0,1,1,1,1,1537,1243,1436,1243,543,848,543,863,926,863,834,1251,1327,986,998,701,457,1,1,1118,1311,812,1461,171,3,1463,,0:44,1
2006-07,101235,Kelenna Azubuike,Kelenna,1610612744,GSW,Golden State Warriors,0040600223,2007-05-11T00:00:00,GSW vs. UTA,W,2.8,0,1,0.0,0,0,0.0,0,0,0.0,0,0,0,0,0,0,0,0,1,0,0,-2,0.0,0,0,0.0,1,1,1,1,1471,1243,1299,1243,543,848,543,863,926,863,834,1251,1327,986,998,701,457,1,257,1118,1311,865,1461,171,3,1463,,2:48,1
2006-07,1502,Adonal Foyle,Adonal,1610612744,GSW,Golden State Warriors,0040600223,2007-05-11T00:00:00,GSW vs. UTA,W,1.7,0,0,0.0,0,0,0.0,0,0,0.0,0,0,0,0,0,0,0,0,0,0,0,-4,0.0,0,0,0.0,1,1,1,1,1500,1243,1436,1243,543,848,543,863,926,863,834,1251,1327,986,998,701,457,1,1,1118,1311,1002,1461,171,3,1463,,1:42,1
2006-07,739,Rasheed Wallace,Rasheed,1610612765,DET,Detroit Pistons,0040600203,2007-05-10T00:00:00,DET @ CHI,W,39.721666666666664,7,18,0.389,2,7,0.286,0,0,0.0,2,9,11,2,1,1,5,0,4,1,16,19,49.2,1,0,43.0,1,1,1,1,260,201,119,858,122,44,437,863,926,863,229,56,91,423,568,278,5,1,1206,769,329,53,73,1,3,100,,39:43,1
2006-07,2736,Luol Deng,Luol,1610612741,CHI,Chicago Bulls,0040600203,2007-05-10T00:00:00,CHI vs. DET,L,40.983333333333334,8,22,0.364,0,1,0.0,5,8,0.625,5,9,14,2,2,0,2,4,2,9,21,-16,44.8,1,0,41.0,1,785,785,785,203,145,38,910,543,649,543,164,103,620,31,56,28,423,308,701,55,1553,563,15,180,1477,119,1,3,130,,40:59,1
2006-07,2419,Tayshaun Prince,Tayshaun,1610612765,DET,Detroit Pistons,0040600203,2007-05-10T00:00:00,DET @ CHI,W,42.68333333333333,9,16,0.563,1,2,0.5,4,5,0.8,2,9,11,2,0,0,1,0,0,4,23,17,42.2,1,0,39.0,1,1,1,1,137,92,175,331,287,485,153,231,277,409,229,56,91,423,998,701,141,1,1,269,133,79,151,1,3,170,,42:41,1
2006-07,1497,Chauncey Billups,Chauncey,1610612765,DET,Detroit Pistons,0040600203,2007-05-10T00:00:00,DET @ CHI,W,42.46666666666667,7,17,0.412,3,8,0.375,4,6,0.667,0,4,4,7,3,2,0,2,0,6,21,11,39.3,0,0,39.0,1,1,1,1,143,201,145,780,43,21,342,231,197,556,834,389,565,78,161,103,457,1423,1,105,180,198,201,171,3,170,,42:28,1
2006-07,2550,Kirk Hinrich,Kirk,1610612741,CHI,Chicago Bulls,0040600203,2007-05-10T00:00:00,CHI vs. DET,L,47.05,6,15,0.4,1,5,0.2,0,0,0.0,1,10,11,7,3,0,1,2,3,0,13,-5,36.7,1,0,34.0,1,785,785,785,8,288,216,790,287,160,492,863,926,863,454,37,91,78,161,701,141,1423,912,1118,450,1073,249,1,3,263,,47:03,1
2006-07,136,P.J. Brown,P.J.,1610612741,CHI,Chicago Bulls,0040600203,2007-05-10T00:00:00,CHI vs. DET,L,37.583333333333336,4,9,0.444,0,0,0.0,2,4,0.5,5,5,10,0,1,2,1,1,3,3,10,-3,30.0,1,0,26.0,1,785,785,785,361,489,553,682,543,848,543,459,332,656,31,293,122,986,568,103,141,1066,912,396,589,937,390,1,3,455,,37:35,1
2006-07,1888,Richard Hamilton,Richard,1610612765,DET,Detroit Pistons,0040600203,2007-05-10T00:00:00,DET @ CHI,W,45.03333333333333,7,15,0.467,0,2,0.0,2,2,1.0,1,4,5,3,1,1,0,2,5,2,16,7,28.5,0,0,26.0,1,1,1,1,50,201,216,627,543,485,543,459,556,1,454,389,466,287,568,278,457,1423,1413,552,329,322,429,171,3,455,,45:02,1
2006-07,2732,Ben Gordon,Ben,1610612741,CHI,Chicago Bulls,0040600203,2007-05-10T00:00:00,CHI vs. DET,L,44.41833333333334,4,16,0.25,0,3,0.0,8,8,1.0,1,5,6,3,3,0,0,1,4,4,16,-6,24.7,0,0,25.0,1,785,785,785,76,489,175,1112,543,346,543,54,103,1,454,293,362,287,161,701,457,1066,1206,269,329,1132,544,171,3,488,,44:25,1
2006-07,1112,Ben Wallace,Ben,1610612741,CHI,Chicago Bulls,0040600203,2007-05-10T00:00:00,CHI vs. DET,L,39.766666666666666,2,6,0.333,0,0,0.0,1,2,0.5,6,6,12,0,2,1,2,2,2,1,5,-4,26.4,0,0,23.0,1,785,785,785,258,816,766,951,543,848,543,675,556,656,12,200,59,986,308,278,55,1423,563,769,911,1002,495,171,3,542,,39:46,1
2006-07,686,Antonio McDyess,Antonio,1610612765,DET,Detroit Pistons,0040600203,2007-05-10T00:00:00,DET @ CHI,W,29.778333333333332,1,5,0.2,0,0,0.0,1,2,0.5,4,5,9,3,0,1,1,0,4,2,3,16,24.3,0,0,19.0,1,1,1,1,623,994,859,1169,543,848,543,675,556,656,64,293,169,287,998,278,141,1,1206,552,1052,97,561,171,3,658,,29:47,1
2006-07,2804,Andres Nocioni,Andres,1610612741,CHI,Chicago Bulls,0040600203,2007-05-10T00:00:00,CHI vs. DET,L,16.625,3,7,0.429,1,4,0.25,0,2,0.0,0,2,2,0,0,0,0,0,1,1,7,1,9.4,0,0,10.0,1,785,785,785,1050,645,690,716,287,236,446,863,556,863,834,737,913,986,998,701,457,1,257,769,782,656,1049,171,3,983,,16:38,1
2006-07,185,Chris Webber,Chris,1610612765,DET,Detroit Pistons,0040600203,2007-05-10T00:00:00,DET @ CHI,W,23.551666666666666,0,5,0.0,0,0,0.0,0,2,0.0,1,2,3,2,2,1,1,1,2,2,0,-17,10.6,0,0,9.0,1,1,1,1,830,1243,859,1243,543,848,543,863,556,863,454,737,728,423,308,278,141,1066,563,552,1311,1492,989,171,3,1022,,23:33,1
2006-07,101131,Jason Maxiell,Jason,1610612765,DET,Detroit Pistons,0040600203,2007-05-10T00:00:00,DET @ CHI,W,2.9483333333333333,1,2,0.5,0,1,0.0,0,0,0.0,0,0,0,0,0,0,2,0,1,0,2,-4,8.0,0,0,6.0,1,1,1,1,1461,994,1167,409,543,649,543,863,926,863,834,1251,1327,986,998,701,55,1,257,1118,1125,1002,1105,171,3,1166,,2:57,1
2006-07,200748,Tyrus Thomas,Tyrus,1610612741,CHI,Chicago Bulls,0040600203,2007-05-10T00:00:00,CHI vs. DET,L,9.041666666666666,1,6,0.167,0,0,0.0,0,0,0.0,3,1,4,0,1,0,0,0,1,0,2,1,5.8,0,0,6.0,1,785,785,785,1281,994,766,1200,543,848,543,863,926,863,128,965,565,986,568,701,457,1,257,1118,1125,656,1213,171,3,1166,,9:03,1
2006-07,2568,Carlos Delfino,Carlos,1610612765,DET,Detroit Pistons,0040600203,2007-05-10T00:00:00,DET @ CHI,W,5.316666666666666,0,1,0.0,0,0,0.0,0,0,0.0,0,0,0,0,0,1,0,0,2,0,0,-10,3.0,0,0,2.0,1,1,1,1,1388,1243,1299,1243,543,848,543,863,926,863,834,1251,1327,986,998,278,457,1,563,1118,1311,1299,1337,171,3,1362,,5:19,1
2006-07,200757,Thabo Sefolosha,Thabo,1610612741,CHI,Chicago Bulls,0040600203,2007-05-10T00:00:00,CHI vs. DET,L,4.531666666666666,0,2,0.0,0,0,0.0,0,2,0.0,1,0,1,0,0,0,0,0,1,1,0,-3,1.2,0,0,1.0,1,785,785,785,1415,1243,1167,1243,543,848,543,863,556,863,454,1251,1101,986,998,701,457,1,257,769,1311,937,1421,171,3,1423,,4:32,1
2006-07,283,Lindsey Hunter,Lindsey,1610612765,DET,Detroit Pistons,0040600203,2007-05-10T00:00:00,DET @ CHI,W,5.533333333333333,0,2,0.0,0,1,0.0,0,0,0.0,0,0,0,1,1,0,0,1,0,0,0,-4,0.5,0,0,1.0,1,1,1,1,1379,1243,1167,1243,543,649,543,863,926,863,834,1251,1327,646,568,701,457,1066,1,1118,1311,1002,1452,171,3,1423,,5:32,1
2006-07,2436,Flip Murray,Flip,1610612765,DET,Detroit Pistons,0040600203,2007-05-10T00:00:00,DET @ CHI,W,2.966666666666667,0,0,0.0,0,0,0.0,0,0,0.0,0,0,0,0,0,0,0,0,1,0,0,0,0.0,0,0,0.0,1,1,1,1,1455,1243,1436,1243,543,848,543,863,926,863,834,1251,1327,986,998,701,457,1,257,1118,1311,715,1461,171,3,1463,,2:58,1
2006-07,1884,Baron Davis,Baron,1610612744,GSW,Golden State Warriors,0040600222,2007-05-09T00:00:00,GSW @ UTA,L,45.80166666666667,13,22,0.591,4,9,0.444,6,7,0.857,2,1,3,7,4,4,0,1,2,10,36,-11,58.1,0,0,58.0,1,785,785,785,29,11,38,298,16,12,283,120,154,363,229,965,728,78,88,8,457,1066,563,9,8,1341,24,171,3,9,,45:48,1
2006-07,2246,Mehmet Okur,Mehmet,1610612762,UTA,Utah Jazz,0040600222,2007-05-09T00:00:00,UTA vs. GSW,W,42.861666666666665,9,15,0.6,3,7,0.429,2,3,0.667,4,14,18,1,2,1,1,1,2,4,23,14,50.1,1,0,49.0,1,1,1,1,132,92,216,268,43,44,286,459,481,556,64,5,7,646,308,278,141,1066,563,269,133,126,63,1,3,44,,42:52,1
2006-07,2430,Carlos Boozer,Carlos,1610612762,UTA,Utah Jazz,0040600222,2007-05-09T00:00:00,UTA vs. GSW,W,42.1,9,14,0.643,0,0,0.0,12,14,0.857,2,11,13,3,6,1,0,1,4,9,30,0,47.1,1,0,48.0,1,1,1,1,155,92,261,223,543,848,543,8,11,363,229,22,42,287,17,278,457,1066,1206,15,36,715,95,1,3,51,,42:06,1
2006-07,1905,Andrei Kirilenko,Andrei,1610612762,UTA,Utah Jazz,0040600222,2007-05-09T00:00:00,UTA vs. GSW,W,41.288333333333334,7,18,0.389,0,2,0.0,6,7,0.857,3,6,9,5,4,1,6,2,6,5,20,-9,55.3,0,0,48.0,1,1,1,1,187,201,119,858,543,485,543,120,154,363,128,200,169,150,88,278,4,1423,1524,168,213,1258,37,171,3,51,,41:17,1
2006-07,2202,Jason Richardson,Jason,1610612744,GSW,Golden State Warriors,0040600222,2007-05-09T00:00:00,GSW @ UTA,L,46.766666666666666,9,20,0.45,5,10,0.5,4,7,0.571,1,3,4,1,2,2,0,1,5,3,27,-10,37.3,0,0,41.0,1,785,785,785,9,92,67,678,4,3,153,231,154,642,454,545,565,646,308,103,457,1066,1413,396,59,1299,241,171,3,130,,46:46,1
2006-07,101114,Deron Williams,Deron,1610612762,UTA,Utah Jazz,0040600222,2007-05-09T00:00:00,UTA vs. GSW,W,37.486666666666665,6,13,0.462,1,2,0.5,4,5,0.8,1,2,3,14,3,1,0,0,4,5,17,11,41.6,1,0,37.0,1,1,1,1,368,288,316,640,287,485,153,231,277,409,454,737,728,8,161,278,457,1,1206,168,295,198,158,1,3,210,,37:29,1
2006-07,1733,Al Harrington,Al,1610612744,GSW,Golden State Warriors,0040600222,2007-05-09T00:00:00,GSW @ UTA,L,29.80666666666667,7,15,0.467,2,5,0.4,1,2,0.5,2,3,5,1,1,3,1,2,5,3,17,-4,35.5,0,0,33.0,1,785,785,785,622,201,216,627,122,160,309,675,556,656,229,545,466,646,568,32,141,1423,1413,396,295,1002,263,171,3,273,,29:48,1
2006-07,1536,Stephen Jackson,Stephen,1610612744,GSW,Golden State Warriors,0040600222,2007-05-09T00:00:00,GSW @ UTA,L,46.43666666666667,4,18,0.222,2,10,0.2,8,10,0.8,1,2,3,1,2,2,0,4,4,6,18,-10,27.1,0,0,28.0,1,785,785,785,13,489,119,1160,122,3,492,54,57,409,454,737,728,646,308,103,457,1553,1206,105,272,1299,474,171,3,391,,46:26,1
2006-07,2440,Matt Barnes,Matt,1610612744,GSW,Golden State Warriors,0040600222,2007-05-09T00:00:00,GSW @ UTA,L,42.583333333333336,3,12,0.25,2,6,0.333,4,4,1.0,4,3,7,2,2,1,1,0,4,3,12,-10,27.4,0,0,27.0,1,785,785,785,141,645,370,1112,122,99,351,231,332,1,64,545,278,423,308,278,141,1,1206,396,503,1299,466,171,3,422,,42:35,1
2006-07,200794,Paul Millsap,Paul,1610612762,UTA,Utah Jazz,0040600222,2007-05-09T00:00:00,UTA vs. GSW,W,21.038333333333334,5,9,0.556,0,0,0.0,0,0,0.0,4,2,6,1,0,1,1,1,3,1,10,6,24.7,0,0,21.0,1,1,1,1,895,378,553,344,543,848,543,863,926,863,64,737,362,646,998,278,141,1066,912,769,589,364,544,171,3,604,,21:02,1
2006-07,2740,Andris Biedrins,Andris,1610612744,GSW,Golden State Warriors,0040600222,2007-05-09T00:00:00,GSW @ UTA,L,33.376666666666665,1,1,1.0,0,0,0.0,2,2,1.0,2,4,6,1,0,1,3,0,4,1,4,5,24.7,0,0,19.0,1,785,785,785,509,994,1299,1,543,848,543,459,556,1,229,389,362,646,998,278,27,1,1206,769,976,416,544,171,3,658,,33:23,1
2006-07,1921,Gordan Giricek,Gordan,1610612762,UTA,Utah Jazz,0040600222,2007-05-09T00:00:00,UTA vs. GSW,W,25.846666666666668,3,5,0.6,2,2,1.0,2,2,1.0,1,0,1,1,2,1,0,0,2,1,10,2,13.7,0,0,16.0,1,1,1,1,763,645,859,268,122,485,1,459,556,1,454,1251,1101,646,308,278,457,1,563,769,589,581,870,171,3,757,,25:51,1
2006-07,1723,Matt Harpring,Matt,1610612762,UTA,Utah Jazz,0040600222,2007-05-09T00:00:00,UTA vs. GSW,W,28.411666666666665,3,8,0.375,0,1,0.0,0,0,0.0,3,4,7,2,3,0,0,1,3,3,6,8,14.4,0,0,15.0,1,1,1,1,668,645,616,876,543,649,543,863,926,863,128,389,278,423,161,701,457,1066,912,396,837,288,848,171,3,792,,28:25,1
2006-07,965,Derek Fisher,Derek,1610612762,UTA,Utah Jazz,0040600222,2007-05-09T00:00:00,UTA vs. GSW,W,9.516666666666667,1,1,1.0,1,1,1.0,2,2,1.0,0,1,1,3,1,0,0,0,2,1,5,10,9.7,0,0,10.0,1,1,1,1,1277,994,1299,1,287,649,1,459,556,1,834,965,1101,287,568,701,457,1,563,769,911,227,1037,171,3,983,,9:31,1
2006-07,2554,Mickael Pietrus,Mickael,1610612744,GSW,Golden State Warriors,0040600222,2007-05-09T00:00:00,GSW @ UTA,L,13.0,1,1,1.0,0,0,0.0,0,3,0.0,0,2,2,1,0,0,1,0,3,2,2,-10,8.9,0,0,7.0,1,785,785,785,1166,994,1299,1,543,848,543,863,481,863,834,737,913,646,998,701,141,1,912,552,1125,1299,1065,171,3,1113,,13:00,1
2006-07,200758,Ronnie Brewer,Ronnie,1610612762,UTA,Utah Jazz,0040600222,2007-05-09T00:00:00,UTA vs. GSW,W,10.583333333333334,2,2,1.0,0,0,0.0,0,0,0.0,1,1,2,0,1,0,0,0,2,0,4,6,5.4,0,0,6.0,1,1,1,1,1245,816,1167,1,543,848,543,863,926,863,454,965,913,986,568,701,457,1,563,1118,976,364,1222,171,3,1166,,10:35,1
2006-07,101145,Monta Ellis,Monta,1610612744,GSW,Golden State Warriors,0040600222,2007-05-09T00:00:00,GSW @ UTA,L,7.2283333333333335,0,1,0.0,0,0,0.0,1,2,0.5,1,1,2,1,1,0,0,0,2,1,1,0,3.9,0,0,4.0,1,785,785,785,1332,1243,1299,1243,543,848,543,675,556,656,454,965,913,646,568,701,457,1,563,769,1285,715,1305,171,3,1264,,7:14,1
2006-07,200793,Dee Brown,Dee,1610612762,UTA,Utah Jazz,0040600222,2007-05-09T00:00:00,UTA vs. GSW,W,5.866666666666666,1,2,0.5,0,1,0.0,0,0,0.0,0,0,0,1,1,0,0,0,1,0,2,2,2.5,0,0,3.0,1,1,1,1,1367,994,1167,409,543,649,543,863,926,863,834,1251,1327,646,568,701,457,1,257,1118,1125,581,1363,171,3,1315,,5:52,1
2006-07,2544,LeBron James,LeBron,1610612739,CLE,Cleveland Cavaliers,0040600212,2007-05-08T00:00:00,CLE vs. NJN,W,45.81666666666667,12,24,0.5,3,7,0.429,9,13,0.692,0,1,1,12,2,3,0,0,2,9,36,8,62.2,1,0,58.0,1,1,1,1,27,18,20,409,43,44,286,33,21,553,834,965,1101,20,308,32,457,1,563,15,8,288,12,1,3,9,,45:49,1
2006-07,1495,Tim Duncan,Tim,1610612759,SAS,San Antonio Spurs,0040600232,2007-05-08T00:00:00,SAS @ PHX,L,34.585,12,20,0.6,0,0,0.0,5,7,0.714,2,9,11,1,2,0,2,1,4,4,29,-11,47.7,1,0,45.0,1,785,785,785,477,18,67,268,543,848,543,164,154,535,229,56,91,646,308,701,55,1066,1206,269,46,1341,90,1,3,80,,34:35,1
2006-07,1713,Vince Carter,Vince,1610612751,NJN,New Jersey Nets,0040600212,2007-05-08T00:00:00,NJN @ CLE,L,43.583333333333336,10,26,0.385,2,3,0.667,4,4,1.0,2,4,6,7,3,2,0,0,3,4,26,-12,46.7,0,0,45.0,1,785,785,785,108,57,12,865,122,346,86,231,332,1,229,389,362,78,161,103,457,1,912,269,77,1378,103,171,3,80,,43:35,1
2006-07,2405,Amar'e Stoudemire,Amar'e,1610612756,PHX,Phoenix Suns,0040600232,2007-05-08T00:00:00,PHX vs. SAS,W,35.16833333333334,10,16,0.625,0,0,0.0,7,8,0.875,1,8,9,0,3,2,0,1,3,7,27,12,40.8,0,0,40.0,1,1,1,1,456,57,175,240,543,848,543,82,103,348,454,90,169,986,161,103,457,1066,912,69,59,171,170,171,3,148,,35:10,1
2006-07,467,Jason Kidd,Jason,1610612751,NJN,New Jersey Nets,0040600212,2007-05-08T00:00:00,NJN @ CLE,L,41.321666666666665,6,9,0.667,4,6,0.667,1,2,0.5,0,10,10,8,8,0,0,0,2,1,17,-4,33.0,1,0,39.0,1,785,785,785,183,288,553,158,16,99,86,675,556,656,834,37,122,56,1,701,457,1,563,769,295,1002,320,1,3,170,,41:19,1
2006-07,959,Steve Nash,Steve,1610612756,PHX,Phoenix Suns,0040600232,2007-05-08T00:00:00,PHX vs. SAS,W,36.435,7,17,0.412,1,2,0.5,5,5,1.0,0,1,1,16,3,0,0,1,0,5,20,13,42.2,1,0,38.0,1,1,1,1,405,201,145,780,287,485,153,164,277,1,834,965,1101,3,161,701,457,1066,1,168,213,145,151,1,3,194,,36:26,1
2006-07,2210,Richard Jefferson,Richard,1610612751,NJN,New Jersey Nets,0040600212,2007-05-08T00:00:00,NJN @ CLE,L,42.7,7,11,0.636,1,3,0.333,7,8,0.875,0,8,8,2,2,0,0,0,3,5,22,-2,32.6,0,0,33.0,1,785,785,785,136,201,430,229,287,346,351,82,103,348,834,90,216,423,308,701,457,1,912,168,160,865,325,171,3,273,,42:42,1
2006-07,2400,Drew Gooden,Drew,1610612739,CLE,Cleveland Cavaliers,0040600212,2007-05-08T00:00:00,CLE vs. NJN,W,35.86666666666667,5,11,0.455,0,0,0.0,0,1,0.0,3,11,14,0,0,1,1,1,4,1,10,3,32.8,1,0,28.0,1,1,1,1,425,378,430,654,543,848,543,863,861,863,128,22,28,986,998,278,141,1066,1206,769,589,517,321,1,3,391,,35:52,1
2006-07,1716,Larry Hughes,Larry,1610612739,CLE,Cleveland Cavaliers,0040600212,2007-05-08T00:00:00,CLE vs. NJN,W,40.333333333333336,4,14,0.286,1,6,0.167,3,6,0.5,2,5,7,3,1,2,0,0,1,3,12,5,29.9,0,0,27.0,1,1,1,1,230,489,261,1081,287,99,516,334,197,656,229,293,278,287,568,103,457,1,257,396,503,416,393,171,3,422,,40:20,1
2006-07,2562,Sasha Pavlovic,Sasha,1610612739,CLE,Cleveland Cavaliers,0040600212,2007-05-08T00:00:00,CLE vs. NJN,W,36.53,7,13,0.538,1,5,0.2,2,4,0.5,3,1,4,1,3,2,0,0,5,2,17,6,26.3,0,0,27.0,1,1,1,1,402,201,316,373,287,160,492,459,332,656,128,965,565,646,161,103,457,1,1413,552,295,364,496,171,3,422,,36:32,1
2006-07,1890,Shawn Marion,Shawn,1610612756,PHX,Phoenix Suns,0040600232,2007-05-08T00:00:00,PHX vs. SAS,W,37.765,2,4,0.5,1,2,0.5,0,0,0.0,0,10,10,1,1,1,3,0,2,0,5,29,29.5,0,0,25.0,1,1,1,1,347,816,953,409,287,485,153,863,926,863,834,37,122,646,568,278,27,1,563,1118,911,4,404,171,3,488,,37:46,1
2006-07,2564,Boris Diaw,Boris,1610612756,PHX,Phoenix Suns,0040600232,2007-05-08T00:00:00,PHX vs. SAS,W,27.066666666666666,3,9,0.333,0,0,0.0,0,0,0.0,2,5,7,5,2,2,1,0,1,2,6,5,28.9,0,0,24.0,1,1,1,1,716,645,553,951,543,848,543,863,926,863,229,293,278,150,308,103,141,1,257,552,837,416,416,171,3,513,,27:04,1
2006-07,1952,Raja Bell,Raja,1610612756,PHX,Phoenix Suns,0040600232,2007-05-08T00:00:00,PHX vs. SAS,W,34.63333333333333,6,9,0.667,1,3,0.333,5,6,0.833,1,2,3,0,4,1,0,1,2,4,18,11,20.6,0,0,24.0,1,1,1,1,474,288,553,158,287,346,351,164,197,382,454,737,728,986,88,278,457,1066,563,269,272,198,651,171,3,513,,34:38,1
2006-07,980,Zydrunas Ilgauskas,Zydrunas,1610612739,CLE,Cleveland Cavaliers,0040600212,2007-05-08T00:00:00,CLE vs. NJN,W,32.888333333333335,4,8,0.5,0,0,0.0,5,7,0.714,3,6,9,1,1,0,0,0,2,5,13,6,24.3,0,0,23.0,1,1,1,1,528,489,616,409,543,848,543,164,154,535,128,200,169,646,568,701,457,1,563,168,450,364,561,171,3,542,,32:53,1
2006-07,1938,Manu Ginobili,Manu,1610612759,SAS,San Antonio Spurs,0040600232,2007-05-08T00:00:00,SAS @ PHX,L,27.5,3,9,0.333,0,2,0.0,0,0,0.0,1,4,5,5,2,3,0,1,1,0,6,-4,26.5,0,0,22.0,1,785,785,785,703,645,553,951,543,485,543,863,926,863,454,389,466,150,308,32,457,1066,257,1118,837,1002,491,171,3,571,,27:30,1
2006-07,703,Kurt Thomas,Kurt,1610612756,PHX,Phoenix Suns,0040600232,2007-05-08T00:00:00,PHX vs. SAS,W,28.05,6,7,0.857,0,0,0.0,0,0,0.0,0,4,4,0,1,3,0,1,3,0,12,22,24.8,0,0,22.0,1,1,1,1,682,288,690,92,543,848,543,863,926,863,834,389,565,986,568,32,457,1066,912,1118,503,30,540,171,3,571,,28:03,1
2006-07,2571,Leandro Barbosa,Leandro,1610612756,PHX,Phoenix Suns,0040600232,2007-05-08T00:00:00,PHX vs. SAS,W,31.233333333333334,6,13,0.462,1,3,0.333,0,0,0.0,2,1,3,3,2,0,1,1,1,0,13,7,22.1,0,0,22.0,1,1,1,1,574,288,316,640,287,346,351,863,926,863,229,965,728,287,308,701,141,1066,257,1118,450,322,619,171,3,571,,31:14,1
2006-07,1477,Bruce Bowen,Bruce,1610612759,SAS,San Antonio Spurs,0040600232,2007-05-08T00:00:00,SAS @ PHX,L,35.36666666666667,5,10,0.5,3,6,0.5,0,0,0.0,0,2,2,0,1,1,0,0,2,0,13,-14,17.4,0,0,20.0,1,785,785,785,445,378,500,409,43,99,153,863,926,863,834,737,913,986,568,278,457,1,563,1118,450,1440,740,171,3,626,,35:22,1
2006-07,714,Michael Finley,Michael,1610612759,SAS,San Antonio Spurs,0040600232,2007-05-08T00:00:00,SAS @ PHX,L,27.5,4,9,0.444,3,6,0.5,0,0,0.0,0,3,3,2,3,0,0,0,1,0,11,-18,14.6,0,0,19.0,1,785,785,785,703,489,553,682,43,99,153,863,926,863,834,545,728,423,161,701,457,1,257,1118,537,1509,840,171,3,658,,27:30,1
2006-07,1630,Mikki Moore,Mikki,1610612751,NJN,New Jersey Nets,0040600212,2007-05-08T00:00:00,NJN @ CLE,L,39.285,6,8,0.75,0,0,0.0,3,5,0.6,1,2,3,0,2,0,0,0,5,5,15,-8,16.6,0,0,18.0,1,785,785,785,275,288,616,115,543,848,543,334,277,629,454,737,728,986,308,701,457,1,1413,168,375,1221,764,171,3,689,,39:17,1
2006-07,2225,Tony Parker,Tony,1610612759,SAS,San Antonio Spurs,0040600232,2007-05-08T00:00:00,SAS @ PHX,L,36.431666666666665,5,14,0.357,0,1,0.0,3,6,0.5,0,2,2,3,4,0,0,2,0,5,13,-26,15.9,0,0,18.0,1,785,785,785,406,378,261,932,543,649,543,334,197,656,834,737,913,287,88,701,457,1423,1,168,450,1556,795,171,3,689,,36:26,1
2006-07,2760,Anderson Varejao,Anderson,1610612739,CLE,Cleveland Cavaliers,0040600212,2007-05-08T00:00:00,CLE vs. NJN,W,17.065,3,4,0.75,0,0,0.0,0,0,0.0,6,3,9,0,0,1,0,0,1,4,6,9,19.8,0,0,17.0,1,1,1,1,1026,645,953,115,543,848,543,863,926,863,12,545,169,986,998,278,457,1,257,269,837,259,673,171,3,725,,17:04,1
2006-07,1922,Francisco Elson,Francisco,1610612759,SAS,San Antonio Spurs,0040600232,2007-05-08T00:00:00,SAS @ PHX,L,12.583333333333334,2,3,0.667,0,0,0.0,1,1,1.0,1,3,4,0,1,1,1,0,2,2,5,-11,14.8,0,0,13.0,1,785,785,785,1179,816,1052,158,543,848,543,675,861,1,454,545,565,986,568,278,141,1,563,552,911,1341,829,171,3,867,,12:35,1
2006-07,109,Robert Horry,Robert,1610612759,SAS,San Antonio Spurs,0040600232,2007-05-08T00:00:00,SAS @ PHX,L,16.6,1,1,1.0,0,0,0.0,0,0,0.0,2,2,4,0,2,2,1,0,2,0,2,4,13.8,0,0,12.0,1,785,785,785,1052,994,1299,1,543,848,543,863,926,863,229,737,565,986,308,103,141,1,563,1118,1125,462,865,171,3,907,,16:36,1
2006-07,2411,Bostjan Nachbar,Bostjan,1610612751,NJN,New Jersey Nets,0040600212,2007-05-08T00:00:00,NJN @ CLE,L,16.495,2,3,0.667,1,2,0.5,0,0,0.0,0,2,2,2,0,0,0,0,3,1,5,-11,10.4,0,0,10.0,1,785,785,785,1055,816,1052,158,287,485,153,863,926,863,834,737,913,423,998,701,457,1,912,769,911,1341,1001,171,3,983,,16:30,1
2006-07,200767,Josh Boone,Josh,1610612751,NJN,New Jersey Nets,0040600212,2007-05-08T00:00:00,NJN @ CLE,L,12.161666666666667,1,1,1.0,0,0,0.0,1,6,0.167,0,1,1,1,0,1,1,0,3,4,3,-5,11.7,0,0,9.0,1,785,785,785,1191,994,1299,1,543,848,543,675,197,859,834,965,1101,646,998,278,141,1,912,269,1052,1073,946,171,3,1022,,12:10,1
2006-07,101177,Fabricio Oberto,Fabricio,1610612759,SAS,San Antonio Spurs,0040600232,2007-05-08T00:00:00,SAS @ PHX,L,17.048333333333332,0,1,0.0,0,0,0.0,0,2,0.0,2,2,4,1,2,2,0,1,3,2,0,-4,10.3,0,0,9.0,1,785,785,785,1028,1243,1299,1243,543,848,543,863,556,863,229,737,565,646,308,103,457,1066,912,552,1311,1002,1009,171,3,1022,,17:03,1
2006-07,200789,Daniel Gibson,Daniel,1610612739,CLE,Cleveland Cavaliers,0040600212,2007-05-08T00:00:00,CLE vs. NJN,W,9.555,1,5,0.2,1,4,0.25,0,0,0.0,0,1,1,1,0,0,1,0,1,0,3,10,8.7,0,0,8.0,1,1,1,1,1276,994,859,1169,287,236,446,863,926,863,834,965,1101,646,998,701,141,1,257,1118,1052,227,1071,171,3,1070,,9:33,1
2006-07,727,Eric Snow,Eric,1610612739,CLE,Cleveland Cavaliers,0040600212,2007-05-08T00:00:00,CLE vs. NJN,W,12.678333333333333,1,3,0.333,0,0,0.0,0,0,0.0,0,1,1,1,1,1,0,0,3,0,2,0,6.7,0,0,6.0,1,1,1,1,1178,994,1052,951,543,848,543,863,926,863,834,965,1101,646,568,278,457,1,912,1118,1125,715,1160,171,3,1166,,12:41,1
2006-07,923,Donyell Marshall,Donyell,1610612739,CLE,Cleveland Cavaliers,0040600212,2007-05-08T00:00:00,CLE vs. NJN,W,9.266666666666667,1,3,0.333,0,1,0.0,1,2,0.5,2,1,3,0,0,0,0,0,1,1,3,3,6.6,0,0,6.0,1,1,1,1,1280,994,1052,951,543,649,543,675,556,656,229,965,728,986,998,701,457,1,257,769,1052,517,1163,171,3,1166,,9:16,1
2006-07,699,Brent Barry,Brent,1610612759,SAS,San Antonio Spurs,0040600232,2007-05-08T00:00:00,SAS @ PHX,L,15.183333333333334,0,2,0.0,0,2,0.0,0,0,0.0,1,1,2,1,1,0,1,0,2,1,0,-18,5.9,0,0,5.0,1,785,785,785,1103,1243,1167,1243,543,485,543,863,926,863,454,965,913,646,568,701,141,1,563,769,1311,1509,1205,171,3,1212,,15:11,1
2006-07,101120,Antoine Wright,Antoine,1610612751,NJN,New Jersey Nets,0040600212,2007-05-08T00:00:00,NJN @ CLE,L,5.096666666666667,1,1,1.0,0,0,0.0,0,0,0.0,0,1,1,0,1,1,0,0,1,0,2,-5,5.2,0,0,5.0,1,785,785,785,1397,994,1299,1,543,848,543,863,926,863,834,965,1101,986,568,278,457,1,257,1118,1125,1073,1228,171,3,1212,,5:06,1
2006-07,2592,James Jones,James,1610612756,PHX,Phoenix Suns,0040600232,2007-05-08T00:00:00,PHX vs. SAS,W,7.415,0,0,0.0,0,0,0.0,0,0,0.0,0,2,2,0,0,1,0,0,1,0,0,5,5.4,0,0,4.0,1,1,1,1,1327,1243,1436,1243,543,848,543,863,926,863,834,737,913,986,998,278,457,1,257,1118,1311,416,1222,171,3,1264,,7:25,1
2006-07,2588,Matt Bonner,Matt,1610612759,SAS,San Antonio Spurs,0040600232,2007-05-08T00:00:00,SAS @ PHX,L,2.816666666666667,1,2,0.5,0,0,0.0,0,0,0.0,2,0,2,0,0,0,0,0,0,0,2,-2,4.4,0,0,4.0,1,785,785,785,1465,994,1167,409,543,848,543,863,926,863,229,1251,913,986,998,701,457,1,1,1118,1125,865,1278,171,3,1264,,2:49,1
2006-07,2215,Jason Collins,Jason,1610612751,NJN,New Jersey Nets,0040600212,2007-05-08T00:00:00,NJN @ CLE,L,30.30666666666667,1,3,0.333,0,0,0.0,0,0,0.0,0,1,1,0,0,0,0,1,5,0,2,2,3.2,0,0,3.0,1,785,785,785,606,994,1052,951,543,848,543,863,926,863,834,965,1101,986,998,701,457,1066,1413,1118,1125,581,1325,171,3,1315,,30:18,1
2006-07,2469,Pat Burke,Pat,1610612756,PHX,Phoenix Suns,0040600232,2007-05-08T00:00:00,PHX vs. SAS,W,1.1166666666666667,0,1,0.0,0,0,0.0,0,0,0.0,0,0,0,0,0,0,1,0,1,0,0,-2,3.0,0,0,2.0,1,1,1,1,1521,1243,1299,1243,543,848,543,863,926,863,834,1251,1327,986,998,701,141,1,257,1118,1311,865,1337,171,3,1362,,1:07,1
2006-07,200766,Marcus Williams,Marcus,1610612751,NJN,New Jersey Nets,0040600212,2007-05-08T00:00:00,NJN @ CLE,L,4.7,0,2,0.0,0,0,0.0,0,0,0.0,0,0,0,2,0,0,0,1,0,0,0,-4,3.0,0,0,2.0,1,785,785,785,1408,1243,1167,1243,543,848,543,863,926,863,834,1251,1327,423,998,701,457,1066,1,1118,1311,1002,1337,171,3,1362,,4:42,1
2006-07,1521,Jacque Vaughn,Jacque,1610612759,SAS,San Antonio Spurs,0040600232,2007-05-08T00:00:00,SAS @ PHX,L,11.568333333333333,0,3,0.0,0,0,0.0,0,0,0.0,0,0,0,1,0,0,0,0,1,0,0,6,1.5,0,0,1.0,1,785,785,785,1213,1243,1052,1243,543,848,543,863,926,863,834,1251,1327,646,998,701,457,1,257,1118,1311,364,1405,171,3,1423,,11:34,1
2006-07,2757,Beno Udrih,Beno,1610612759,SAS,San Antonio Spurs,0040600232,2007-05-08T00:00:00,SAS @ PHX,L,2.816666666666667,0,3,0.0,0,1,0.0,0,0,0.0,1,0,1,0,0,0,0,1,0,0,0,-2,1.2,0,0,1.0,1,785,785,785,1465,1243,1052,1243,543,649,543,863,926,863,454,1251,1101,986,998,701,457,1066,1,1118,1311,865,1421,171,3,1423,,2:49,1
2006-07,361,Clifford Robinson,Clifford,1610612751,NJN,New Jersey Nets,0040600212,2007-05-08T00:00:00,NJN @ CLE,L,4.35,0,1,0.0,0,0,0.0,0,0,0.0,0,0,0,0,0,0,0,0,0,0,0,-1,0.0,0,0,0.0,1,785,785,785,1420,1243,1299,1243,543,848,543,863,926,863,834,1251,1327,986,998,701,457,1,1,1118,1311,812,1461,171,3,1463,,4:21,1
2006-07,2556,Marcus Banks,Marcus,1610612756,PHX,Phoenix Suns,0040600232,2007-05-08T00:00:00,PHX vs. SAS,W,1.1166666666666667,0,0,0.0,0,0,0.0,0,0,0.0,0,0,0,0,0,0,0,0,0,0,0,-2,0.0,0,0,0.0,1,1,1,1,1521,1243,1436,1243,543,848,543,863,926,863,834,1251,1327,986,998,701,457,1,1,1118,1311,865,1461,171,3,1463,,1:07,1
2006-07,101114,Deron Williams,Deron,1610612762,UTA,Utah Jazz,0040600221,2007-05-07T00:00:00,UTA vs. GSW,W,41.15,11,21,0.524,4,7,0.571,5,7,0.714,0,5,5,8,6,2,0,1,5,7,31,2,49.0,0,0,52.0,1,1,1,1,194,36,52,400,16,44,141,164,154,535,834,293,466,56,17,103,457,1066,1413,69,26,581,75,171,3,29,,41:09,1
2006-07,2430,Carlos Boozer,Carlos,1610612762,UTA,Utah Jazz,0040600221,2007-05-07T00:00:00,UTA vs. GSW,W,41.666666666666664,6,15,0.4,0,0,0.0,5,8,0.625,10,10,20,3,5,3,0,4,3,5,17,3,49.5,1,0,46.0,1,1,1,1,173,288,216,790,543,848,543,164,103,620,1,37,2,287,39,32,457,1553,912,168,295,517,68,1,3,74,,41:40,1
2006-07,2440,Matt Barnes,Matt,1610612744,GSW,Golden State Warriors,0040600221,2007-05-07T00:00:00,GSW @ UTA,L,43.083333333333336,8,15,0.533,3,6,0.5,1,2,0.5,4,6,10,4,4,4,0,2,1,2,20,-17,46.0,1,0,45.0,1,785,785,785,123,145,216,382,43,99,153,675,556,656,64,200,122,206,88,8,457,1423,257,552,213,1492,107,1,3,80,,43:05,1
2006-07,2202,Jason Richardson,Jason,1610612744,GSW,Golden State Warriors,0040600221,2007-05-07T00:00:00,GSW @ UTA,L,42.21666666666667,8,19,0.421,2,6,0.333,3,3,1.0,5,5,10,4,2,3,0,0,4,3,21,2,46.0,1,0,43.0,1,785,785,785,151,145,85,755,122,99,351,334,481,1,31,293,122,206,308,32,457,1,1206,396,180,581,107,1,3,100,,42:13,1
2006-07,2246,Mehmet Okur,Mehmet,1610612762,UTA,Utah Jazz,0040600221,2007-05-07T00:00:00,UTA vs. GSW,W,39.4,9,17,0.529,3,9,0.333,0,0,0.0,5,6,11,2,2,3,0,0,4,0,21,7,44.2,1,0,43.0,1,1,1,1,272,92,145,390,43,12,351,863,926,863,31,200,91,423,308,32,457,1,1206,1118,180,322,128,1,3,100,,39:24,1
2006-07,1884,Baron Davis,Baron,1610612744,GSW,Golden State Warriors,0040600221,2007-05-07T00:00:00,GSW @ UTA,L,38.833333333333336,8,17,0.471,1,4,0.25,7,9,0.778,1,2,3,7,3,1,2,1,5,6,24,-11,44.1,0,0,41.0,1,785,785,785,306,145,145,622,287,236,446,82,76,440,454,737,728,78,161,278,55,1066,1413,105,110,1341,130,171,3,130,,38:50,1
2006-07,1888,Richard Hamilton,Richard,1610612765,DET,Detroit Pistons,0040600202,2007-05-07T00:00:00,DET vs. CHI,W,40.6,9,16,0.563,2,2,1.0,4,4,1.0,4,5,9,6,5,0,0,1,4,3,24,21,38.8,0,0,41.0,1,1,1,1,216,92,175,331,122,485,1,231,332,1,64,293,169,112,39,701,457,1066,1206,396,110,38,213,171,3,130,,40:36,1
2006-07,1905,Andrei Kirilenko,Andrei,1610612762,UTA,Utah Jazz,0040600221,2007-05-07T00:00:00,UTA vs. GSW,W,39.87,3,8,0.375,0,1,0.0,7,8,0.875,0,7,7,4,3,1,7,0,3,4,13,9,48.4,0,0,40.0,1,1,1,1,252,645,616,876,543,649,543,82,103,348,834,147,278,206,161,278,2,1,912,269,450,259,84,171,3,148,,39:52,1
2006-07,2419,Tayshaun Prince,Tayshaun,1610612765,DET,Detroit Pistons,0040600202,2007-05-07T00:00:00,DET vs. CHI,W,40.89833333333333,9,20,0.45,3,7,0.429,4,6,0.667,1,6,7,2,2,1,0,2,3,3,25,17,37.4,0,0,39.0,1,1,1,1,208,92,67,678,43,44,286,231,197,556,454,200,278,423,308,278,457,1423,912,396,95,79,238,171,3,170,,40:54,1
2006-07,185,Chris Webber,Chris,1610612765,DET,Detroit Pistons,0040600202,2007-05-07T00:00:00,DET vs. CHI,W,26.965,10,11,0.909,0,0,0.0,2,3,0.667,3,4,7,3,3,1,1,1,5,4,22,8,37.9,0,0,36.0,1,1,1,1,721,57,430,90,543,848,543,459,481,556,128,389,278,287,161,278,141,1066,1413,269,160,288,228,171,3,229,,26:58,1
2006-07,1733,Al Harrington,Al,1610612744,GSW,Golden State Warriors,0040600221,2007-05-07T00:00:00,GSW @ UTA,L,26.616666666666667,8,15,0.533,4,7,0.571,1,1,1.0,0,3,3,0,0,0,2,1,4,4,21,1,30.6,0,0,32.0,1,785,785,785,740,145,216,382,16,44,141,675,861,1,834,545,728,986,998,701,55,1066,1206,269,180,656,371,171,3,296,,26:37,1
2006-07,200748,Tyrus Thomas,Tyrus,1610612741,CHI,Chicago Bulls,0040600202,2007-05-07T00:00:00,CHI @ DET,L,22.333333333333332,5,9,0.556,0,0,0.0,8,11,0.727,1,3,4,1,1,3,1,0,5,6,18,-9,35.3,0,0,31.0,1,785,785,785,860,378,553,344,543,848,543,54,38,530,454,545,565,646,568,32,141,1,1413,105,272,1258,266,171,3,318,,22:20,1
2006-07,1497,Chauncey Billups,Chauncey,1610612765,DET,Detroit Pistons,0040600202,2007-05-07T00:00:00,DET vs. CHI,W,39.083333333333336,4,11,0.364,3,6,0.5,3,4,0.75,1,0,1,10,2,0,0,0,2,7,14,32,28.2,1,0,28.0,1,1,1,1,293,489,430,910,43,99,153,334,332,449,454,1251,1101,31,308,701,457,1,563,69,410,2,441,1,3,391,,39:05,1
2006-07,1112,Ben Wallace,Ben,1610612741,CHI,Chicago Bulls,0040600202,2007-05-07T00:00:00,CHI @ DET,L,29.216666666666665,4,9,0.444,0,1,0.0,5,9,0.556,2,5,7,0,0,1,3,0,1,6,13,-14,33.4,0,0,28.0,1,785,785,785,636,489,553,682,543,649,543,164,76,651,229,293,278,986,998,278,27,1,257,105,450,1440,310,171,3,391,,29:13,1
2006-07,1723,Matt Harpring,Matt,1610612762,UTA,Utah Jazz,0040600221,2007-05-07T00:00:00,UTA vs. GSW,W,31.12,7,11,0.636,0,0,0.0,7,9,0.778,3,2,5,2,1,0,0,1,4,6,21,4,29.0,0,0,28.0,1,1,1,1,577,201,430,229,543,848,543,82,76,440,128,737,466,423,568,701,457,1066,1206,105,180,462,413,171,3,391,,31:07,1
2006-07,1536,Stephen Jackson,Stephen,1610612744,GSW,Golden State Warriors,0040600221,2007-05-07T00:00:00,GSW @ UTA,L,44.9,5,14,0.357,1,5,0.2,5,8,0.625,0,1,1,4,5,3,0,3,5,7,16,5,27.2,0,0,28.0,1,785,785,785,58,378,261,932,287,160,492,164,103,620,834,965,1101,206,39,32,457,1516,1413,69,329,416,473,171,3,391,,44:54,1
2006-07,2736,Luol Deng,Luol,1610612741,CHI,Chicago Bulls,0040600202,2007-05-07T00:00:00,CHI @ DET,L,39.97833333333333,4,12,0.333,0,0,0.0,8,8,1.0,1,3,4,0,1,2,0,0,2,4,16,-15,25.8,0,0,24.0,1,785,785,785,246,489,370,951,543,848,543,54,103,1,454,545,565,986,568,103,457,1,563,269,329,1463,510,171,3,513,,39:59,1
2006-07,2740,Andris Biedrins,Andris,1610612744,GSW,Golden State Warriors,0040600221,2007-05-07T00:00:00,GSW @ UTA,L,20.933333333333334,2,4,0.5,0,0,0.0,0,0,0.0,2,3,5,1,0,3,2,0,3,2,4,-1,26.5,0,0,20.0,1,785,785,785,899,816,953,409,543,848,543,863,926,863,229,545,466,646,998,32,55,1,912,552,976,812,491,171,3,626,,20:56,1
2006-07,739,Rasheed Wallace,Rasheed,1610612765,DET,Detroit Pistons,0040600202,2007-05-07T00:00:00,DET vs. CHI,W,18.3,4,4,1.0,1,1,1.0,1,1,1.0,0,7,7,1,3,0,0,0,6,1,10,25,16.9,0,0,19.0,1,1,1,1,991,489,953,1,287,649,1,675,861,1,834,147,278,646,161,701,457,1,1524,769,589,20,753,171,3,658,,18:18,1
2006-07,2732,Ben Gordon,Ben,1610612741,CHI,Chicago Bulls,0040600202,2007-05-07T00:00:00,CHI @ DET,L,34.10333333333333,3,7,0.429,2,4,0.5,5,5,1.0,1,0,1,1,3,1,0,0,4,5,13,-2,15.7,0,0,19.0,1,785,785,785,489,645,690,716,122,236,153,164,277,1,454,1251,1101,646,161,278,457,1,1206,168,450,865,802,171,3,658,,34:06,1
2006-07,2550,Kirk Hinrich,Kirk,1610612741,CHI,Chicago Bulls,0040600202,2007-05-07T00:00:00,CHI @ DET,L,33.85,0,7,0.0,0,4,0.0,2,4,0.5,0,6,6,7,1,0,1,0,4,3,2,-29,21.7,0,0,17.0,1,785,785,785,499,1243,690,1243,543,236,543,459,332,656,834,200,362,78,568,701,141,1,1206,396,1125,1558,627,171,3,725,,33:51,1
2006-07,2804,Andres Nocioni,Andres,1610612741,CHI,Chicago Bulls,0040600202,2007-05-07T00:00:00,CHI @ DET,L,21.721666666666668,4,10,0.4,1,6,0.167,3,5,0.6,0,1,1,2,4,0,0,0,1,6,12,0,12.2,0,0,16.0,1,785,785,785,875,489,500,790,287,99,516,334,277,629,834,965,1101,423,88,701,457,1,257,105,503,715,927,171,3,757,,21:43,1
2006-07,101131,Jason Maxiell,Jason,1610612765,DET,Detroit Pistons,0040600202,2007-05-07T00:00:00,DET vs. CHI,W,15.068333333333333,2,5,0.4,0,0,0.0,0,2,0.0,2,6,8,0,2,1,0,1,5,2,4,9,14.6,0,0,14.0,1,1,1,1,1107,816,859,790,543,848,543,863,556,863,229,200,216,986,308,278,457,1066,1413,552,976,259,840,171,3,821,,15:04,1
2006-07,686,Antonio McDyess,Antonio,1610612765,DET,Detroit Pistons,0040600202,2007-05-07T00:00:00,DET vs. CHI,W,24.35,2,5,0.4,0,0,0.0,1,1,1.0,3,4,7,0,3,1,0,0,5,1,5,-5,13.4,0,0,14.0,1,1,1,1,805,816,859,790,543,848,543,675,861,1,128,389,278,986,161,278,457,1,1413,769,911,1073,880,171,3,821,,24:21,1
2006-07,2768,Chris Duhon,Chris,1610612741,CHI,Chicago Bulls,0040600202,2007-05-07T00:00:00,CHI @ DET,L,21.763333333333332,0,4,0.0,0,3,0.0,3,4,0.75,1,0,1,6,1,1,0,0,2,3,3,-5,15.2,0,0,12.0,1,785,785,785,874,1243,953,1243,543,346,543,334,332,449,454,1251,1101,112,568,278,457,1,563,396,1052,1073,814,171,3,907,,21:46,1
2006-07,1921,Gordan Giricek,Gordan,1610612762,UTA,Utah Jazz,0040600221,2007-05-07T00:00:00,UTA vs. GSW,W,27.481666666666666,2,10,0.2,1,5,0.2,0,0,0.0,1,3,4,2,1,0,0,0,2,1,5,-3,11.8,0,0,12.0,1,1,1,1,705,816,500,1169,287,160,492,863,926,863,454,545,565,423,568,701,457,1,563,769,911,937,942,171,3,907,,27:29,1
2006-07,200793,Dee Brown,Dee,1610612762,UTA,Utah Jazz,0040600221,2007-05-07T00:00:00,UTA vs. GSW,W,12.563333333333333,3,5,0.6,0,1,0.0,0,0,0.0,0,1,1,3,1,0,0,0,0,1,6,10,10.7,0,0,10.0,1,1,1,1,1180,645,859,268,543,649,543,863,926,863,834,965,1101,287,568,701,457,1,1,769,837,227,981,171,3,983,,12:34,1
2006-07,200757,Thabo Sefolosha,Thabo,1610612741,CHI,Chicago Bulls,0040600202,2007-05-07T00:00:00,CHI @ DET,L,16.866666666666667,1,2,0.5,1,2,0.5,0,0,0.0,0,3,3,2,1,0,0,0,1,0,3,-4,8.6,0,0,9.0,1,785,785,785,1041,994,1167,409,287,485,153,863,926,863,834,545,728,423,568,701,457,1,257,1118,1052,1002,1074,171,3,1022,,16:52,1
2006-07,2554,Mickael Pietrus,Mickael,1610612744,GSW,Golden State Warriors,0040600221,2007-05-07T00:00:00,GSW @ UTA,L,18.133333333333333,2,5,0.4,1,3,0.333,0,0,0.0,1,1,2,0,1,0,0,1,3,0,5,-1,6.4,0,0,8.0,1,785,785,785,995,816,859,790,287,346,351,863,926,863,454,965,913,986,568,701,457,1066,912,1118,911,812,1176,171,3,1070,,18:08,1
2006-07,2568,Carlos Delfino,Carlos,1610612765,DET,Detroit Pistons,0040600202,2007-05-07T00:00:00,DET vs. CHI,W,16.885,0,3,0.0,0,1,0.0,1,2,0.5,1,2,3,2,1,0,0,0,1,1,1,0,6.6,0,0,6.0,1,1,1,1,1038,1243,1052,1243,543,649,543,675,556,656,454,737,728,423,568,701,457,1,257,769,1285,715,1163,171,3,1166,,16:53,1
2006-07,136,P.J. Brown,P.J.,1610612741,CHI,Chicago Bulls,0040600202,2007-05-07T00:00:00,CHI @ DET,L,8.1,0,0,0.0,0,0,0.0,3,4,0.75,1,0,1,0,1,1,0,0,2,2,3,-13,6.2,0,0,6.0,1,785,785,785,1305,1243,1436,1243,543,848,543,334,332,449,454,1251,1101,986,568,278,457,1,563,552,1052,1413,1185,171,3,1166,,8:06,1
2006-07,200794,Paul Millsap,Paul,1610612762,UTA,Utah Jazz,0040600221,2007-05-07T00:00:00,UTA vs. GSW,W,5.185,1,1,1.0,0,0,0.0,0,0,0.0,1,0,1,0,1,0,1,0,3,1,2,-6,5.2,0,0,5.0,1,1,1,1,1394,994,1299,1,543,848,543,863,926,863,454,1251,1101,986,568,701,141,1,912,769,1125,1132,1228,171,3,1212,,5:11,1
2006-07,283,Lindsey Hunter,Lindsey,1610612765,DET,Detroit Pistons,0040600202,2007-05-07T00:00:00,DET vs. CHI,W,11.266666666666667,1,3,0.333,1,2,0.5,0,0,0.0,0,0,0,1,0,0,0,0,3,2,3,-8,4.5,0,0,5.0,1,1,1,1,1224,994,1052,951,287,485,153,863,926,863,834,1251,1327,646,998,701,457,1,912,552,1052,1221,1270,171,3,1212,,11:16,1
2006-07,2124,Malik Allen,Malik,1610612741,CHI,Chicago Bulls,0040600202,2007-05-07T00:00:00,CHI @ DET,L,4.35,1,2,0.5,0,0,0.0,0,0,0.0,1,1,2,0,0,0,0,1,0,0,2,-4,4.4,0,0,4.0,1,785,785,785,1420,994,1167,409,543,848,543,863,926,863,454,965,913,986,998,701,457,1066,1,1118,1125,1002,1278,171,3,1264,,4:21,1
2006-07,101145,Monta Ellis,Monta,1610612744,GSW,Golden State Warriors,0040600221,2007-05-07T00:00:00,GSW @ UTA,L,5.283333333333333,0,1,0.0,0,0,0.0,1,2,0.5,1,1,2,0,1,0,0,0,0,1,1,2,2.4,0,0,3.0,1,785,785,785,1390,1243,1299,1243,543,848,543,675,556,656,454,965,913,986,568,701,457,1,1,769,1285,581,1365,171,3,1315,,5:17,1
2006-07,905,Dale Davis,Dale,1610612765,DET,Detroit Pistons,0040600202,2007-05-07T00:00:00,DET vs. CHI,W,4.683333333333334,0,0,0.0,0,0,0.0,0,0,0.0,0,2,2,0,0,0,0,0,2,0,0,2,2.4,0,0,2.0,1,1,1,1,1411,1243,1436,1243,543,848,543,863,926,863,834,737,913,986,998,701,457,1,563,1118,1311,581,1365,171,3,1362,,4:41,1
2006-07,2552,Michael Sweetney,Michael,1610612741,CHI,Chicago Bulls,0040600202,2007-05-07T00:00:00,CHI @ DET,L,3.3666666666666667,1,2,0.5,0,0,0.0,0,2,0.0,0,0,0,0,0,0,0,0,1,1,2,-6,2.0,0,0,2.0,1,785,785,785,1444,994,1167,409,543,848,543,863,556,863,834,1251,1327,986,998,701,457,1,257,769,1125,1132,1379,171,3,1362,,3:22,1
2006-07,2436,Flip Murray,Flip,1610612765,DET,Detroit Pistons,0040600202,2007-05-07T00:00:00,DET vs. CHI,W,1.9,0,0,0.0,0,0,0.0,0,0,0.0,0,0,0,0,0,0,0,0,0,0,0,4,0.0,0,0,0.0,1,1,1,1,1495,1243,1436,1243,543,848,543,863,926,863,834,1251,1327,986,998,701,457,1,1,1118,1311,462,1461,171,3,1463,,1:54,1
2006-07,1559,Adrian Griffin,Adrian,1610612741,CHI,Chicago Bulls,0040600202,2007-05-07T00:00:00,CHI @ DET,L,4.35,0,3,0.0,0,0,0.0,0,0,0.0,0,0,0,0,0,0,0,0,1,0,0,-4,0.0,0,0,0.0,1,785,785,785,1420,1243,1052,1243,543,848,543,863,926,863,834,1251,1327,986,998,701,457,1,257,1118,1311,1002,1461,171,3,1463,,4:21,1
2006-07,200758,Ronnie Brewer,Ronnie,1610612762,UTA,Utah Jazz,0040600221,2007-05-07T00:00:00,UTA vs. GSW,W,1.5633333333333332,0,0,0.0,0,0,0.0,0,0,0.0,0,0,0,0,0,0,0,0,1,0,0,-6,0.0,0,0,0.0,1,1,1,1,1504,1243,1436,1243,543,848,543,863,926,863,834,1251,1327,986,998,701,457,1,257,1118,1311,1132,1461,171,3,1463,,1:34,1
2006-07,1495,Tim Duncan,Tim,1610612759,SAS,San Antonio Spurs,0040600231,2007-05-06T00:00:00,SAS @ PHX,W,39.85166666666667,12,24,0.5,0,0,0.0,9,15,0.6,8,8,16,1,1,0,3,4,2,11,33,11,61.7,1,0,56.0,1,1,1,1,254,18,20,409,543,848,543,33,6,629,3,90,17,646,568,701,27,1553,563,7,14,198,14,1,3,16,,39:51,1
2006-07,2405,Amar'e Stoudemire,Amar'e,1610612756,PHX,Phoenix Suns,0040600231,2007-05-06T00:00:00,PHX vs. SAS,L,38.31333333333333,6,19,0.316,0,0,0.0,8,11,0.727,5,13,18,0,1,1,5,2,4,8,20,-7,58.6,1,0,50.0,1,785,785,785,322,288,85,1058,543,848,543,54,38,530,31,11,7,986,568,278,5,1423,1206,34,213,1179,23,1,3,35,,38:19,1
2006-07,2225,Tony Parker,Tony,1610612759,SAS,San Antonio Spurs,0040600231,2007-05-06T00:00:00,SAS @ PHX,W,37.75333333333333,14,22,0.636,0,1,0.0,4,5,0.8,0,1,1,8,6,3,0,0,2,7,32,10,48.2,0,0,47.0,1,1,1,1,350,7,38,229,543,649,543,231,277,409,834,965,1101,56,17,32,457,1,563,69,23,227,88,171,3,68,,37:45,1
2006-07,1713,Vince Carter,Vince,1610612751,NJN,New Jersey Nets,0040600211,2007-05-06T00:00:00,NJN @ CLE,L,45.25,7,23,0.304,1,6,0.167,6,6,1.0,2,11,13,6,3,1,1,2,1,7,21,1,48.6,1,0,45.0,1,785,785,785,37,201,25,1072,287,99,516,120,197,1,229,22,42,112,161,278,141,1423,257,69,180,656,80,1,3,80,,45:15,1
2006-07,2544,LeBron James,LeBron,1610612739,CLE,Cleveland Cavaliers,0040600211,2007-05-06T00:00:00,CLE vs. NJN,W,46.02166666666667,8,21,0.381,1,4,0.25,4,6,0.667,2,9,11,7,3,1,1,1,2,7,21,6,47.7,1,0,44.0,1,1,1,1,23,145,52,873,287,236,446,231,197,556,229,56,91,78,161,278,141,1066,563,69,180,364,90,1,3,86,,46:01,1
2006-07,959,Steve Nash,Steve,1610612756,PHX,Phoenix Suns,0040600231,2007-05-06T00:00:00,PHX vs. SAS,L,33.23833333333334,11,18,0.611,2,4,0.5,7,7,1.0,0,3,3,8,3,0,0,0,2,6,31,-12,43.6,0,0,44.0,1,785,785,785,511,36,119,264,122,236,153,82,154,1,834,545,728,56,161,701,457,1,563,105,26,1378,134,171,3,86,,33:14,1
2006-07,1716,Larry Hughes,Larry,1610612739,CLE,Cleveland Cavaliers,0040600211,2007-05-06T00:00:00,CLE vs. NJN,W,45.05,7,20,0.35,2,6,0.333,1,2,0.5,0,4,4,6,4,4,0,1,3,2,17,11,38.8,0,0,37.0,1,1,1,1,46,201,67,947,122,99,351,675,556,656,834,389,565,112,88,8,457,1066,912,552,295,198,213,171,3,210,,45:03,1
2006-07,467,Jason Kidd,Jason,1610612751,NJN,New Jersey Nets,0040600211,2007-05-06T00:00:00,NJN @ CLE,L,41.11666666666667,2,11,0.182,2,7,0.286,1,2,0.5,1,9,10,9,2,3,1,1,3,1,7,-7,42.5,0,0,36.0,1,785,785,785,196,816,430,1195,122,44,437,675,556,656,454,56,122,43,308,32,141,1066,912,769,782,1179,146,171,3,229,,41:07,1
2006-07,2400,Drew Gooden,Drew,1610612739,CLE,Cleveland Cavaliers,0040600211,2007-05-06T00:00:00,CLE vs. NJN,W,37.67166666666667,7,15,0.467,0,0,0.0,0,1,0.0,6,8,14,1,3,0,2,1,2,1,14,7,35.3,1,0,33.0,1,1,1,1,355,201,216,627,543,848,543,863,861,863,12,90,28,646,161,701,55,1066,563,769,410,322,266,1,3,273,,37:40,1
2006-07,2562,Sasha Pavlovic,Sasha,1610612739,CLE,Cleveland Cavaliers,0040600211,2007-05-06T00:00:00,CLE vs. NJN,W,35.05,6,11,0.545,2,4,0.5,1,2,0.5,0,0,0,2,3,1,3,2,3,2,15,11,27.0,0,0,27.0,1,1,1,1,460,288,430,358,122,236,153,675,556,656,834,1251,1327,423,161,278,27,1423,912,552,375,198,477,171,3,422,,35:03,1
2006-07,109,Robert Horry,Robert,1610612759,SAS,San Antonio Spurs,0040600231,2007-05-06T00:00:00,SAS @ PHX,W,28.241666666666667,3,5,0.6,2,3,0.667,2,2,1.0,2,5,7,1,0,1,2,0,2,1,10,0,28.9,0,0,26.0,1,1,1,1,673,645,859,268,122,346,86,459,556,1,229,293,278,646,998,278,55,1,563,769,589,715,416,171,3,455,,28:15,1
2006-07,714,Michael Finley,Michael,1610612759,SAS,San Antonio Spurs,0040600231,2007-05-06T00:00:00,SAS @ PHX,W,36.06333333333333,6,11,0.545,3,7,0.429,4,5,0.8,0,3,3,1,1,0,0,0,2,1,19,12,23.1,0,0,26.0,1,1,1,1,415,288,430,358,43,44,286,231,277,409,834,545,728,646,568,701,457,1,563,769,246,171,597,171,3,455,,36:04,1
2006-07,980,Zydrunas Ilgauskas,Zydrunas,1610612739,CLE,Cleveland Cavaliers,0040600211,2007-05-06T00:00:00,CLE vs. NJN,W,36.28666666666667,4,12,0.333,0,0,0.0,0,0,0.0,8,6,14,1,1,1,0,0,3,3,8,13,28.3,0,0,25.0,1,1,1,1,409,489,370,951,543,848,543,863,926,863,3,200,28,646,568,278,457,1,912,396,714,145,437,171,3,488,,36:17,1
2006-07,1890,Shawn Marion,Shawn,1610612756,PHX,Phoenix Suns,0040600231,2007-05-06T00:00:00,PHX vs. SAS,L,42.25,7,12,0.583,1,2,0.5,1,2,0.5,0,6,6,1,0,0,0,1,3,1,16,-4,24.7,0,0,24.0,1,785,785,785,150,201,370,302,287,485,153,675,556,656,834,200,362,646,998,701,457,1066,912,769,329,1002,544,171,3,513,,42:15,1
2006-07,2571,Leandro Barbosa,Leandro,1610612756,PHX,Phoenix Suns,0040600231,2007-05-06T00:00:00,PHX vs. SAS,L,35.31,7,17,0.412,1,2,0.5,3,4,0.75,0,1,1,3,1,0,0,3,4,4,18,4,22.7,0,0,23.0,1,785,785,785,447,201,145,780,287,485,153,334,332,449,834,965,1101,287,568,701,457,1516,1206,269,272,462,610,171,3,542,,35:19,1
2006-07,1938,Manu Ginobili,Manu,1610612759,SAS,San Antonio Spurs,0040600231,2007-05-06T00:00:00,SAS @ PHX,W,28.85,2,9,0.222,1,3,0.333,3,6,0.5,1,8,9,4,0,0,0,0,4,4,8,-6,24.8,0,0,22.0,1,1,1,1,650,816,553,1160,287,346,351,334,197,656,454,90,169,206,998,701,457,1,1206,269,714,1132,540,171,3,571,,28:51,1
2006-07,1952,Raja Bell,Raja,1610612756,PHX,Phoenix Suns,0040600231,2007-05-06T00:00:00,PHX vs. SAS,L,44.205,3,8,0.375,2,4,0.5,2,2,1.0,1,2,3,3,0,2,0,0,6,4,10,-5,24.1,0,0,22.0,1,785,785,785,87,645,616,876,122,236,153,459,556,1,454,737,728,287,998,103,457,1,1524,269,589,1073,569,171,3,571,,44:12,1
2006-07,2210,Richard Jefferson,Richard,1610612751,NJN,New Jersey Nets,0040600211,2007-05-06T00:00:00,NJN @ CLE,L,34.06666666666667,7,12,0.583,2,4,0.5,0,0,0.0,0,2,2,0,5,0,0,0,3,0,16,-8,13.4,0,0,20.0,1,785,785,785,490,201,370,302,122,236,153,863,926,863,834,737,913,986,39,701,457,1,912,1118,329,1221,880,171,3,626,,34:04,1
2006-07,1630,Mikki Moore,Mikki,1610612751,NJN,New Jersey Nets,0040600211,2007-05-06T00:00:00,NJN @ CLE,L,36.92,4,9,0.444,0,0,0.0,2,2,1.0,2,1,3,1,1,1,1,0,3,4,10,-9,20.1,0,0,18.0,1,785,785,785,384,489,553,682,543,848,543,459,556,1,229,965,728,646,568,278,141,1,912,269,589,1258,664,171,3,689,,36:55,1
2006-07,2411,Bostjan Nachbar,Bostjan,1610612751,NJN,New Jersey Nets,0040600211,2007-05-06T00:00:00,NJN @ CLE,L,20.636666666666667,5,9,0.556,0,1,0.0,2,2,1.0,0,0,0,2,2,1,1,1,2,1,12,1,19.0,0,0,18.0,1,785,785,785,910,378,553,344,543,649,543,459,556,1,834,1251,1327,423,308,278,141,1066,563,769,503,656,705,171,3,689,,20:38,1
2006-07,2760,Anderson Varejao,Anderson,1610612739,CLE,Cleveland Cavaliers,0040600211,2007-05-06T00:00:00,CLE vs. NJN,W,17.7,1,4,0.25,0,1,0.0,0,0,0.0,1,4,5,1,1,1,1,0,1,1,2,-1,14.5,0,0,12.0,1,1,1,1,1007,994,953,1112,543,649,543,863,926,863,454,389,466,646,568,278,141,1,257,769,1125,812,846,171,3,907,,17:42,1
2006-07,1477,Bruce Bowen,Bruce,1610612759,SAS,San Antonio Spurs,0040600231,2007-05-06T00:00:00,SAS @ PHX,W,26.466666666666665,1,2,0.5,1,1,1.0,0,0,0.0,1,6,7,1,1,0,0,0,4,0,3,7,11.9,0,0,12.0,1,1,1,1,746,994,1167,409,287,649,1,863,926,863,454,200,278,646,568,701,457,1,1206,1118,1052,322,939,171,3,907,,26:28,1
2006-07,2564,Boris Diaw,Boris,1610612756,PHX,Phoenix Suns,0040600231,2007-05-06T00:00:00,PHX vs. SAS,L,25.196666666666665,3,5,0.6,0,1,0.0,1,1,1.0,1,1,2,2,2,0,0,0,2,2,7,5,10.4,0,0,11.0,1,785,785,785,782,645,859,268,543,649,543,675,861,1,454,965,913,423,308,701,457,1,563,552,782,416,1001,171,3,937,,25:12,1
2006-07,2215,Jason Collins,Jason,1610612751,NJN,New Jersey Nets,0040600211,2007-05-06T00:00:00,NJN @ CLE,L,28.325,2,4,0.5,0,0,0.0,0,0,0.0,2,2,4,0,0,0,1,2,3,1,4,2,11.8,0,0,10.0,1,785,785,785,671,816,953,409,543,848,543,863,926,863,229,737,565,986,998,701,141,1423,912,769,976,581,942,171,3,983,,28:20,1
2006-07,703,Kurt Thomas,Kurt,1610612756,PHX,Phoenix Suns,0040600231,2007-05-06T00:00:00,PHX vs. SAS,L,12.72,2,3,0.667,0,0,0.0,0,0,0.0,1,1,2,1,0,1,0,0,1,0,4,7,10.9,0,0,9.0,1,785,785,785,1175,816,1052,158,543,848,543,863,926,863,454,965,913,646,998,278,457,1,257,1118,976,322,969,171,3,1022,,12:43,1
2006-07,727,Eric Snow,Eric,1610612739,CLE,Cleveland Cavaliers,0040600211,2007-05-06T00:00:00,CLE vs. NJN,W,14.13,0,0,0.0,0,0,0.0,0,0,0.0,2,0,2,3,1,0,1,0,3,0,0,-11,8.9,0,0,7.0,1,1,1,1,1131,1243,1436,1243,543,848,543,863,926,863,229,1251,913,287,568,701,141,1,912,1118,1311,1341,1065,171,3,1113,,14:08,1
2006-07,200766,Marcus Williams,Marcus,1610612751,NJN,New Jersey Nets,0040600211,2007-05-06T00:00:00,NJN @ CLE,L,6.883333333333334,0,3,0.0,0,2,0.0,2,2,1.0,1,2,3,2,1,0,0,0,1,1,2,3,7.6,0,0,7.0,1,785,785,785,1346,1243,1052,1243,543,485,543,459,556,1,454,737,728,423,568,701,457,1,257,769,1125,517,1120,171,3,1113,,6:53,1
2006-07,200767,Josh Boone,Josh,1610612751,NJN,New Jersey Nets,0040600211,2007-05-06T00:00:00,NJN @ CLE,L,13.5,2,6,0.333,0,0,0.0,1,2,0.5,1,1,2,0,0,0,0,3,0,2,5,-1,7.4,0,0,7.0,1,785,785,785,1148,816,766,951,543,848,543,675,556,656,454,965,913,986,998,701,457,1516,1,552,911,812,1127,171,3,1113,,13:30,1
2006-07,1922,Francisco Elson,Francisco,1610612759,SAS,San Antonio Spurs,0040600231,2007-05-06T00:00:00,SAS @ PHX,W,14.363333333333333,1,3,0.333,0,0,0.0,0,0,0.0,0,2,2,0,2,0,1,1,3,0,2,6,5.4,0,0,6.0,1,1,1,1,1127,994,1052,951,543,848,543,863,926,863,834,737,913,986,308,701,141,1066,912,1118,1125,364,1222,171,3,1166,,14:22,1
2006-07,923,Donyell Marshall,Donyell,1610612739,CLE,Cleveland Cavaliers,0040600211,2007-05-06T00:00:00,CLE vs. NJN,W,3.1616666666666666,1,2,0.5,0,1,0.0,0,0,0.0,1,0,1,0,0,0,1,0,0,0,2,-7,6.2,0,0,5.0,1,1,1,1,1450,994,1167,409,543,649,543,863,926,863,454,1251,1101,986,998,701,141,1,1,1118,1125,1179,1185,171,3,1212,,3:10,1
2006-07,101177,Fabricio Oberto,Fabricio,1610612759,SAS,San Antonio Spurs,0040600231,2007-05-06T00:00:00,SAS @ PHX,W,10.183333333333334,1,2,0.5,0,0,0.0,0,0,0.0,2,0,2,0,0,0,0,0,1,0,2,-5,4.4,0,0,4.0,1,1,1,1,1254,994,1167,409,543,848,543,863,926,863,229,1251,913,986,998,701,457,1,257,1118,1125,1073,1278,171,3,1264,,10:11,1
2006-07,699,Brent Barry,Brent,1610612759,SAS,San Antonio Spurs,0040600231,2007-05-06T00:00:00,SAS @ PHX,W,7.98,0,1,0.0,0,1,0.0,0,0,0.0,0,2,2,1,0,0,0,0,1,0,0,-5,3.9,0,0,3.0,1,1,1,1,1307,1243,1299,1243,543,649,543,863,926,863,834,737,913,646,998,701,457,1,257,1118,1311,1073,1305,171,3,1315,,7:59,1
2006-07,1521,Jacque Vaughn,Jacque,1610612759,SAS,San Antonio Spurs,0040600231,2007-05-06T00:00:00,SAS @ PHX,W,10.246666666666666,1,3,0.333,0,0,0.0,0,0,0.0,0,0,0,1,4,0,0,0,4,0,2,-5,-0.5,0,0,3.0,1,1,1,1,1252,994,1052,951,543,848,543,863,926,863,834,1251,1327,646,88,701,457,1,1206,1118,1125,1073,1550,171,3,1315,,10:15,1
2006-07,200789,Daniel Gibson,Daniel,1610612739,CLE,Cleveland Cavaliers,0040600211,2007-05-06T00:00:00,CLE vs. NJN,W,4.928333333333334,1,2,0.5,0,1,0.0,0,0,0.0,0,0,0,0,0,0,0,0,0,1,2,-9,2.0,0,0,2.0,1,1,1,1,1402,994,1167,409,543,649,543,863,926,863,834,1251,1327,986,998,701,457,1,1,769,1125,1258,1379,171,3,1362,,4:56,1
2006-07,361,Clifford Robinson,Clifford,1610612751,NJN,New Jersey Nets,0040600211,2007-05-06T00:00:00,NJN @ CLE,L,0.21166666666666667,0,0,0.0,0,0,0.0,0,0,0.0,0,0,0,0,0,0,0,0,0,0,0,0,0.0,0,0,0.0,1,785,785,785,1554,1243,1436,1243,543,848,543,863,926,863,834,1251,1327,986,998,701,457,1,1,1118,1311,715,1461,171,3,1463,,0:13,1
2006-07,101120,Antoine Wright,Antoine,1610612751,NJN,New Jersey Nets,0040600211,2007-05-06T00:00:00,NJN @ CLE,L,13.09,0,1,0.0,0,0,0.0,0,0,0.0,0,0,0,0,0,0,0,0,1,0,0,-2,0.0,0,0,0.0,1,785,785,785,1164,1243,1299,1243,543,848,543,863,926,863,834,1251,1327,986,998,701,457,1,257,1118,1311,865,1461,171,3,1463,,13:05,1
2006-07,2592,James Jones,James,1610612756,PHX,Phoenix Suns,0040600231,2007-05-06T00:00:00,PHX vs. SAS,L,8.766666666666667,0,2,0.0,0,1,0.0,0,0,0.0,0,0,0,0,0,0,0,0,2,0,0,-13,0.0,0,0,0.0,1,785,785,785,1289,1243,1167,1243,543,649,543,863,926,863,834,1251,1327,986,998,701,457,1,563,1118,1311,1413,1461,171,3,1463,,8:46,1
2006-07,2430,Carlos Boozer,Carlos,1610612762,UTA,Utah Jazz,0040600177,2007-05-05T00:00:00,UTA @ HOU,W,41.21666666666667,13,23,0.565,0,0,0.0,9,12,0.75,4,10,14,5,4,1,1,3,2,8,35,-3,61.3,1,0,58.0,1,1,1,1,189,11,25,329,543,848,543,33,28,449,64,37,28,150,88,278,141,1516,563,34,10,937,16,1,3,9,,41:13,1
2006-07,1503,Tracy McGrady,Tracy,1610612745,HOU,Houston Rockets,0040600177,2007-05-05T00:00:00,HOU vs. UTA,L,41.833333333333336,12,25,0.48,0,4,0.0,5,9,0.556,0,5,5,13,2,0,3,0,1,8,29,-7,61.5,1,0,53.0,1,785,785,785,164,18,14,613,543,236,543,164,76,651,834,293,466,14,308,701,27,1,257,34,46,1179,15,1,3,27,,41:50,1
2006-07,101114,Deron Williams,Deron,1610612762,UTA,Utah Jazz,0040600177,2007-05-05T00:00:00,UTA @ HOU,W,45.06333333333333,7,13,0.538,1,3,0.333,5,6,0.833,1,1,2,14,4,1,0,0,3,5,20,13,42.4,1,0,39.0,1,1,1,1,45,201,316,373,287,346,351,164,197,382,454,965,913,8,88,278,457,1,912,168,213,145,148,1,3,170,,45:04,1
2006-07,2203,Shane Battier,Shane,1610612745,HOU,Houston Rockets,0040600177,2007-05-05T00:00:00,HOU vs. UTA,L,41.68333333333333,4,7,0.571,4,7,0.571,4,4,1.0,2,2,4,3,1,3,2,0,3,2,16,-10,39.3,0,0,37.0,1,785,785,785,172,489,690,310,16,44,141,231,332,1,229,737,565,287,568,32,55,1,912,552,329,1299,201,171,3,210,,41:41,1
2006-07,2397,Yao Ming,ao Ming,1610612745,HOU,Houston Rockets,0040600177,2007-05-05T00:00:00,HOU vs. UTA,L,37.46666666666667,9,20,0.45,0,0,0.0,11,13,0.846,2,4,6,0,4,0,1,2,5,8,29,-6,35.2,0,0,37.0,1,785,785,785,369,92,67,678,543,848,543,16,21,379,229,389,362,986,88,701,141,1423,1413,34,46,1132,272,171,3,210,,37:28,1
2006-07,1888,Richard Hamilton,Richard,1610612765,DET,Detroit Pistons,0040600201,2007-05-05T00:00:00,DET vs. CHI,W,40.126666666666665,8,18,0.444,1,1,1.0,3,3,1.0,2,2,4,5,1,1,0,0,2,2,20,25,34.3,0,0,32.0,1,1,1,1,237,145,119,682,287,649,1,334,481,1,229,737,565,150,568,278,457,1,563,552,213,20,295,171,3,296,,40:08,1
2006-07,1497,Chauncey Billups,Chauncey,1610612765,DET,Detroit Pistons,0040600201,2007-05-05T00:00:00,DET vs. CHI,W,27.811666666666667,7,14,0.5,3,5,0.6,3,4,0.75,0,1,1,4,4,2,0,1,3,5,20,5,29.2,0,0,32.0,1,1,1,1,693,201,261,409,43,160,129,334,332,449,834,965,1101,206,88,103,457,1066,912,168,213,416,409,171,3,296,,27:49,1
2006-07,2246,Mehmet Okur,Mehmet,1610612762,UTA,Utah Jazz,0040600177,2007-05-05T00:00:00,UTA @ HOU,W,41.016666666666666,7,13,0.538,2,5,0.4,0,0,0.0,0,11,11,1,1,0,0,0,4,1,16,3,29.7,1,0,30.0,1,1,1,1,202,201,316,373,122,160,309,863,926,863,834,22,91,646,568,701,457,1,1206,769,329,517,399,1,3,341,,41:01,1
2006-07,2550,Kirk Hinrich,Kirk,1610612741,CHI,Chicago Bulls,0040600201,2007-05-05T00:00:00,CHI @ DET,L,35.93333333333333,6,7,0.857,3,3,1.0,0,0,0.0,0,4,4,6,1,1,0,0,1,4,15,-16,30.8,0,0,30.0,1,785,785,785,421,288,690,92,43,346,1,863,926,863,834,389,565,112,568,278,457,1,257,269,375,1477,369,171,3,341,,35:56,1
2006-07,1747,Rafer Alston,Rafer,1610612745,HOU,Houston Rockets,0040600177,2007-05-05T00:00:00,HOU vs. UTA,L,45.1,3,11,0.273,2,8,0.25,3,4,0.75,0,4,4,4,1,4,0,0,5,4,11,1,32.8,0,0,29.0,1,785,785,785,43,645,430,1100,122,21,446,334,332,449,834,389,565,206,568,8,457,1,1413,269,537,656,321,171,3,363,,45:06,1
2006-07,739,Rasheed Wallace,Rasheed,1610612765,DET,Detroit Pistons,0040600201,2007-05-05T00:00:00,DET vs. CHI,W,35.223333333333336,4,10,0.4,3,5,0.6,2,2,1.0,0,6,6,1,0,2,1,1,3,3,13,22,30.7,0,0,29.0,1,1,1,1,451,489,500,790,43,160,129,459,556,1,834,200,362,646,998,103,141,1066,912,396,450,30,370,171,3,363,,35:13,1
2006-07,2736,Luol Deng,Luol,1610612741,CHI,Chicago Bulls,0040600201,2007-05-05T00:00:00,CHI @ DET,L,34.166666666666664,7,16,0.438,0,0,0.0,4,7,0.571,3,5,8,1,4,1,0,0,3,4,18,-19,28.1,0,0,29.0,1,785,785,785,486,201,175,708,543,848,543,231,154,642,128,293,216,646,88,278,457,1,912,269,272,1519,443,171,3,363,,34:10,1
2006-07,2419,Tayshaun Prince,Tayshaun,1610612765,DET,Detroit Pistons,0040600201,2007-05-05T00:00:00,DET vs. CHI,W,37.6,5,13,0.385,1,3,0.333,2,2,1.0,2,6,8,4,1,1,0,0,0,2,13,25,30.6,0,0,28.0,1,1,1,1,358,378,316,865,287,346,351,459,556,1,229,200,216,206,568,278,457,1,1,552,450,20,371,171,3,391,,37:36,1
2006-07,1112,Ben Wallace,Ben,1610612741,CHI,Chicago Bulls,0040600201,2007-05-05T00:00:00,CHI @ DET,L,34.583333333333336,4,5,0.8,0,0,0.0,1,3,0.333,2,6,8,0,2,2,1,0,0,4,9,-22,25.6,0,0,23.0,1,785,785,785,478,489,859,99,543,848,543,675,481,833,229,200,216,986,308,103,141,1,1,269,648,1538,520,171,3,542,,34:35,1
2006-07,686,Antonio McDyess,Antonio,1610612765,DET,Detroit Pistons,0040600201,2007-05-05T00:00:00,DET vs. CHI,W,20.766666666666666,3,8,0.375,0,0,0.0,0,0,0.0,4,6,10,2,1,0,2,0,5,0,6,19,26.0,0,0,22.0,1,1,1,1,906,645,616,876,543,848,543,863,926,863,64,200,122,423,568,701,55,1,1413,1118,837,53,501,171,3,571,,20:46,1
2006-07,1723,Matt Harpring,Matt,1610612762,UTA,Utah Jazz,0040600177,2007-05-05T00:00:00,UTA @ HOU,W,28.233333333333334,4,9,0.444,0,0,0.0,0,0,0.0,3,5,8,2,0,1,0,0,3,1,8,13,23.6,0,0,20.0,1,1,1,1,674,489,553,682,543,848,543,863,926,863,128,293,216,423,998,278,457,1,912,769,714,145,578,171,3,626,,28:14,1
2006-07,101131,Jason Maxiell,Jason,1610612765,DET,Detroit Pistons,0040600201,2007-05-05T00:00:00,DET vs. CHI,W,16.593333333333334,5,6,0.833,0,0,0.0,2,3,0.667,2,4,6,0,2,1,0,0,2,3,12,8,20.2,0,0,20.0,1,1,1,1,1053,378,766,95,543,848,543,459,481,556,229,389,362,986,308,278,457,1,563,396,503,288,660,171,3,626,,16:36,1
2006-07,185,Chris Webber,Chris,1610612765,DET,Detroit Pistons,0040600201,2007-05-05T00:00:00,DET vs. CHI,W,20.073333333333334,1,3,0.333,0,0,0.0,3,4,0.75,3,4,7,0,4,2,0,0,4,3,5,2,15.4,0,0,16.0,1,1,1,1,928,994,1052,951,543,848,543,334,332,449,128,389,278,986,88,103,457,1,1206,396,911,581,810,171,3,757,,20:04,1
2006-07,1905,Andrei Kirilenko,Andrei,1610612762,UTA,Utah Jazz,0040600177,2007-05-05T00:00:00,UTA @ HOU,W,32.25333333333333,2,6,0.333,1,1,1.0,3,4,0.75,1,1,2,1,1,0,1,2,2,3,8,-3,13.9,0,0,14.0,1,1,1,1,543,816,766,951,287,649,1,334,332,449,454,965,913,646,568,701,141,1423,563,396,714,937,863,171,3,821,,32:15,1
2006-07,2732,Ben Gordon,Ben,1610612741,CHI,Chicago Bulls,0040600201,2007-05-05T00:00:00,CHI @ DET,L,26.673333333333332,2,9,0.222,1,5,0.2,2,2,1.0,1,1,2,4,2,0,0,0,3,2,7,-11,13.4,0,0,14.0,1,785,785,785,736,816,553,1160,287,160,492,459,556,1,454,965,913,206,308,701,457,1,912,552,782,1341,880,171,3,821,,26:40,1
2006-07,283,Lindsey Hunter,Lindsey,1610612765,DET,Detroit Pistons,0040600201,2007-05-05T00:00:00,DET vs. CHI,W,19.72833333333333,0,3,0.0,0,1,0.0,0,0,0.0,0,1,1,6,1,3,0,0,3,1,0,21,18.2,0,0,13.0,1,1,1,1,942,1243,1052,1243,543,649,543,863,926,863,834,965,1101,112,568,32,457,1,912,769,1311,38,722,171,3,867,,19:44,1
2006-07,965,Derek Fisher,Derek,1610612762,UTA,Utah Jazz,0040600177,2007-05-05T00:00:00,UTA @ HOU,W,26.733333333333334,3,5,0.6,0,1,0.0,1,2,0.5,0,1,1,3,0,1,0,0,2,2,7,-23,15.7,0,0,13.0,1,1,1,1,732,645,859,268,543,649,543,675,556,656,834,965,1101,287,998,278,457,1,563,552,782,1546,802,171,3,867,,26:44,1
2006-07,200748,Tyrus Thomas,Tyrus,1610612741,CHI,Chicago Bulls,0040600201,2007-05-05T00:00:00,CHI @ DET,L,18.85,1,5,0.2,0,0,0.0,3,4,0.75,1,4,5,1,5,1,0,1,4,2,5,-12,10.5,0,0,13.0,1,785,785,785,971,994,859,1169,543,848,543,334,332,449,454,389,466,646,39,278,457,1066,1206,552,911,1378,998,171,3,867,,18:51,1
2006-07,436,Juwan Howard,Juwan,1610612745,HOU,Houston Rockets,0040600177,2007-05-05T00:00:00,HOU vs. UTA,L,27.083333333333332,1,3,0.333,0,0,0.0,0,2,0.0,3,4,7,2,0,0,0,0,2,1,2,6,13.4,0,0,11.0,1,785,785,785,714,994,1052,951,543,848,543,863,556,863,128,389,278,423,998,701,457,1,563,769,1125,364,880,171,3,937,,27:05,1
2006-07,200757,Thabo Sefolosha,Thabo,1610612741,CHI,Chicago Bulls,0040600201,2007-05-05T00:00:00,CHI @ DET,L,17.5,0,3,0.0,0,1,0.0,5,8,0.625,0,2,2,1,0,1,0,0,0,5,5,-1,11.9,0,0,10.0,1,785,785,785,1013,1243,1052,1243,543,649,543,164,103,620,834,737,913,646,998,278,457,1,1,168,911,812,939,171,3,983,,17:30,1
2006-07,2568,Carlos Delfino,Carlos,1610612765,DET,Detroit Pistons,0040600201,2007-05-05T00:00:00,DET vs. CHI,W,11.726666666666667,3,6,0.5,0,3,0.0,0,0,0.0,1,1,2,0,1,0,1,0,1,0,6,-1,10.4,0,0,10.0,1,1,1,1,1207,645,766,409,543,346,543,863,926,863,454,965,913,986,568,701,141,1,257,1118,837,812,1001,171,3,983,,11:44,1
2006-07,1921,Gordan Giricek,Gordan,1610612762,UTA,Utah Jazz,0040600177,2007-05-05T00:00:00,UTA @ HOU,W,11.716666666666667,3,5,0.6,1,1,1.0,0,0,0.0,0,0,0,1,0,0,0,1,4,0,7,12,8.5,0,0,9.0,1,1,1,1,1208,645,859,268,287,649,1,863,926,863,834,1251,1327,646,998,701,457,1066,1206,1118,782,171,1088,171,3,1022,,11:43,1
2006-07,87,Dikembe Mutombo,Dikembe,1610612745,HOU,Houston Rockets,0040600177,2007-05-05T00:00:00,HOU vs. UTA,L,3.1,1,1,1.0,0,0,0.0,1,1,1.0,1,2,3,0,0,0,1,0,0,1,3,1,9.6,0,0,8.0,1,785,785,785,1452,994,1299,1,543,848,543,675,861,1,454,737,728,986,998,701,141,1,1,769,1052,656,1039,171,3,1070,,3:06,1
2006-07,2124,Malik Allen,Malik,1610612741,CHI,Chicago Bulls,0040600201,2007-05-05T00:00:00,CHI @ DET,L,16.233333333333334,0,7,0.0,0,0,0.0,0,0,0.0,2,2,4,0,2,1,1,1,3,2,0,-13,8.8,0,0,8.0,1,785,785,785,1062,1243,690,1243,543,848,543,863,926,863,229,737,565,986,308,278,141,1066,912,552,1311,1413,1068,171,3,1070,,16:14,1
2006-07,101129,Luther Head,Luther,1610612745,HOU,Houston Rockets,0040600177,2007-05-05T00:00:00,HOU vs. UTA,L,15.715,2,4,0.5,1,2,0.5,0,0,0.0,0,2,2,0,0,0,0,0,0,1,5,4,7.4,0,0,8.0,1,785,785,785,1083,816,953,409,287,485,153,863,926,863,834,737,913,986,998,701,457,1,1,769,911,462,1127,171,3,1070,,15:43,1
2006-07,2768,Chris Duhon,Chris,1610612741,CHI,Chicago Bulls,0040600201,2007-05-05T00:00:00,CHI @ DET,L,25.626666666666665,1,7,0.143,1,4,0.25,2,2,1.0,0,1,1,0,1,0,0,0,1,1,5,-25,5.2,0,0,7.0,1,785,785,785,774,994,690,1222,287,236,446,459,556,1,834,965,1101,986,568,701,457,1,257,769,911,1553,1228,171,3,1113,,25:38,1
2006-07,101236,Chuck Hayes,Chuck,1610612745,HOU,Houston Rockets,0040600177,2007-05-05T00:00:00,HOU vs. UTA,L,28.018333333333334,2,2,1.0,0,0,0.0,0,0,0.0,1,1,2,0,0,0,0,0,4,0,4,-9,6.4,0,0,6.0,1,785,785,785,684,816,1167,1,543,848,543,863,926,863,454,965,913,986,998,701,457,1,1206,1118,976,1258,1176,171,3,1166,,28:01,1
2006-07,136,P.J. Brown,P.J.,1610612741,CHI,Chicago Bulls,0040600201,2007-05-05T00:00:00,CHI @ DET,L,12.75,1,3,0.333,0,0,0.0,1,2,0.5,2,0,2,0,0,0,0,1,4,1,3,-3,5.4,0,0,5.0,1,785,785,785,1174,994,1052,951,543,848,543,675,556,656,229,1251,913,986,998,701,457,1066,1206,769,1052,937,1222,171,3,1212,,12:45,1
2006-07,2804,Andres Nocioni,Andres,1610612741,CHI,Chicago Bulls,0040600201,2007-05-05T00:00:00,CHI @ DET,L,17.683333333333334,1,8,0.125,0,4,0.0,0,0,0.0,0,2,2,0,4,0,0,1,0,0,2,-8,0.4,0,0,4.0,1,785,785,785,1008,994,616,1231,543,236,543,863,926,863,834,737,913,986,88,701,457,1066,1,1118,1125,1221,1454,171,3,1264,,17:41,1
2006-07,200794,Paul Millsap,Paul,1610612762,UTA,Utah Jazz,0040600177,2007-05-05T00:00:00,UTA @ HOU,W,6.783333333333333,1,3,0.333,0,0,0.0,0,0,0.0,1,0,1,0,0,0,0,1,3,0,2,7,3.2,0,0,3.0,1,1,1,1,1348,994,1052,951,543,848,543,863,926,863,454,1251,1101,986,998,701,457,1066,912,1118,1125,322,1325,171,3,1315,,6:47,1
2006-07,2436,Flip Murray,Flip,1610612765,DET,Detroit Pistons,0040600201,2007-05-05T00:00:00,DET vs. CHI,W,7.533333333333333,0,1,0.0,0,0,0.0,0,0,0.0,0,0,0,2,0,0,0,0,1,0,0,3,3.0,0,0,2.0,1,1,1,1,1320,1243,1299,1243,543,848,543,863,926,863,834,1251,1327,423,998,701,457,1,257,1118,1311,517,1337,171,3,1362,,7:32,1
2006-07,2260,Jarron Collins,Jarron,1610612762,UTA,Utah Jazz,0040600177,2007-05-05T00:00:00,UTA @ HOU,W,6.983333333333333,0,1,0.0,0,0,0.0,0,0,0.0,0,1,1,1,0,0,0,0,2,0,0,1,2.7,0,0,2.0,1,1,1,1,1339,1243,1299,1243,543,848,543,863,926,863,834,965,1101,646,998,701,457,1,563,1118,1311,656,1356,171,3,1362,,6:59,1
2006-07,905,Dale Davis,Dale,1610612765,DET,Detroit Pistons,0040600201,2007-05-05T00:00:00,DET vs. CHI,W,2.816666666666667,0,0,0.0,0,0,0.0,0,0,0.0,0,1,1,0,0,0,0,0,1,0,0,1,1.2,0,0,1.0,1,1,1,1,1465,1243,1436,1243,543,848,543,863,926,863,834,965,1101,986,998,701,457,1,257,1118,1311,656,1421,171,3,1423,,2:49,1
2006-07,467,Jason Kidd,Jason,1610612751,NJN,New Jersey Nets,0040600126,2007-05-04T00:00:00,NJN vs. TOR,W,42.166666666666664,6,11,0.545,3,6,0.5,3,4,0.75,2,6,8,15,4,2,0,1,2,2,18,5,52.1,1,0,48.0,1,1,1,1,152,288,430,358,43,99,153,334,332,449,229,200,216,5,88,103,457,1066,563,552,272,416,51,1,3,51,,42:10,1
2006-07,2547,Chris Bosh,Chris,1610612761,TOR,Toronto Raptors,0040600126,2007-05-04T00:00:00,TOR @ NJN,L,42.455,8,22,0.364,1,2,0.5,6,7,0.857,0,7,7,9,3,1,3,0,4,6,23,4,53.9,0,0,48.0,1,785,785,785,145,145,38,910,287,485,153,120,154,363,834,147,278,43,161,278,27,1,1206,105,133,462,41,171,3,51,,42:27,1
2006-07,2210,Richard Jefferson,Richard,1610612751,NJN,New Jersey Nets,0040600126,2007-05-04T00:00:00,NJN vs. TOR,W,43.833333333333336,6,12,0.5,1,2,0.5,11,12,0.917,1,4,5,3,5,1,1,0,2,9,24,3,35.5,0,0,37.0,1,1,1,1,99,288,370,409,287,485,153,16,28,330,454,389,466,287,39,278,141,1,563,15,110,517,263,171,3,210,,43:50,1
2006-07,101181,Jose Calderon,Jose,1610612761,TOR,Toronto Raptors,0040600126,2007-05-04T00:00:00,TOR @ NJN,L,32.916666666666664,6,12,0.5,1,2,0.5,1,1,1.0,0,2,2,6,1,4,0,0,2,1,14,-2,36.4,0,0,31.0,1,785,785,785,526,288,370,409,287,485,153,675,861,1,834,737,913,112,568,8,457,1,563,769,410,865,252,171,3,318,,32:55,1
2006-07,200745,Andrea Bargnani,Andrea,1610612761,TOR,Toronto Raptors,0040600126,2007-05-04T00:00:00,TOR @ NJN,L,40.43333333333333,6,11,0.545,2,2,1.0,3,4,0.75,0,7,7,1,1,1,1,1,3,2,17,-5,31.9,0,0,31.0,1,785,785,785,226,288,430,358,122,485,1,334,332,449,834,147,278,646,568,278,141,1066,912,552,295,1073,339,171,3,318,,40:26,1
2006-07,1713,Vince Carter,Vince,1610612751,NJN,New Jersey Nets,0040600126,2007-05-04T00:00:00,NJN vs. TOR,W,41.725,6,19,0.316,2,3,0.667,7,8,0.875,1,4,5,2,4,0,0,3,1,6,21,-6,26.0,0,0,30.0,1,1,1,1,171,288,85,1058,122,346,86,82,103,348,454,389,466,423,88,701,457,1516,257,105,180,1132,501,171,3,341,,41:44,1
2006-07,2411,Bostjan Nachbar,Bostjan,1610612751,NJN,New Jersey Nets,0040600126,2007-05-04T00:00:00,NJN vs. TOR,W,23.66,5,8,0.625,3,5,0.6,2,2,1.0,0,3,3,2,0,1,0,0,3,1,15,11,24.6,0,0,25.0,1,1,1,1,826,378,616,240,43,160,129,459,556,1,834,545,728,423,998,278,457,1,912,769,375,198,550,171,3,488,,23:40,1
2006-07,2551,T.J. Ford,T.J.,1610612761,TOR,Toronto Raptors,0040600126,2007-05-04T00:00:00,TOR @ NJN,L,15.083333333333334,7,10,0.7,1,1,1.0,4,5,0.8,1,2,3,1,1,0,0,0,0,4,19,1,23.1,0,0,24.0,1,785,785,785,1106,201,500,149,287,649,1,231,277,409,454,737,728,646,568,701,457,1,1,269,246,656,597,171,3,513,,15:05,1
2006-07,2050,Morris Peterson,Morris,1610612761,TOR,Toronto Raptors,0040600126,2007-05-04T00:00:00,TOR @ NJN,L,44.9,4,5,0.8,0,0,0.0,1,2,0.5,1,7,8,0,1,2,1,1,4,1,9,2,26.6,0,0,23.0,1,785,785,785,58,489,859,99,543,848,543,675,556,656,454,147,216,986,568,103,141,1066,1206,769,648,581,485,171,3,542,,44:54,1
2006-07,1630,Mikki Moore,Mikki,1610612751,NJN,New Jersey Nets,0040600126,2007-05-04T00:00:00,NJN vs. TOR,W,28.006666666666668,5,6,0.833,0,0,0.0,0,0,0.0,2,6,8,2,2,0,1,0,5,0,10,5,23.6,0,0,22.0,1,1,1,1,685,378,766,95,543,848,543,863,926,863,229,200,216,423,308,701,141,1,1413,1118,589,416,578,171,3,571,,28:00,1
2006-07,1515,Anthony Parker,Anthony,1610612761,TOR,Toronto Raptors,0040600126,2007-05-04T00:00:00,TOR @ NJN,L,40.0,4,9,0.444,0,1,0.0,4,6,0.667,0,1,1,3,2,1,0,0,5,3,12,-10,18.7,0,0,18.0,1,785,785,785,243,489,553,682,543,649,543,231,197,556,834,965,1101,287,308,278,457,1,1413,396,503,1299,710,171,3,689,,40:00,1
2006-07,2215,Jason Collins,Jason,1610612751,NJN,New Jersey Nets,0040600126,2007-05-04T00:00:00,NJN vs. TOR,W,36.49,1,1,1.0,0,0,0.0,1,3,0.333,0,6,6,0,3,2,0,0,3,3,3,0,13.2,0,0,13.0,1,1,1,1,403,994,1299,1,543,848,543,675,481,833,834,200,362,986,161,103,457,1,912,396,1052,715,890,171,3,867,,36:29,1
2006-07,101120,Antoine Wright,Antoine,1610612751,NJN,New Jersey Nets,0040600126,2007-05-04T00:00:00,NJN vs. TOR,W,13.635,2,4,0.5,1,1,1.0,0,0,0.0,0,4,4,0,0,0,0,1,2,0,5,-5,9.8,0,0,10.0,1,1,1,1,1145,816,953,409,287,649,1,863,926,863,834,389,565,986,998,701,457,1066,563,1118,911,1073,1031,171,3,983,,13:38,1
2006-07,2413,Juan Dixon,Juan,1610612761,TOR,Toronto Raptors,0040600126,2007-05-04T00:00:00,TOR @ NJN,L,3.25,1,2,0.5,1,2,0.5,0,0,0.0,0,0,0,0,2,1,0,0,0,0,3,2,4.0,0,0,6.0,1,785,785,785,1447,994,1167,409,287,485,153,863,926,863,834,1251,1327,986,308,278,457,1,1,1118,1052,581,1300,171,3,1166,,3:15,1
2006-07,200767,Josh Boone,Josh,1610612751,NJN,New Jersey Nets,0040600126,2007-05-04T00:00:00,NJN vs. TOR,W,6.633333333333334,1,2,0.5,0,0,0.0,0,0,0.0,1,0,1,0,1,0,0,0,1,0,2,-5,2.2,0,0,3.0,1,1,1,1,1355,994,1167,409,543,848,543,863,926,863,454,1251,1101,986,568,701,457,1,257,1118,1125,1073,1372,171,3,1315,,6:38,1
2006-07,2743,Kris Humphries,Kris,1610612761,TOR,Toronto Raptors,0040600126,2007-05-04T00:00:00,TOR @ NJN,L,12.0,0,1,0.0,0,0,0.0,0,0,0.0,1,1,2,0,0,0,0,0,2,2,0,3,2.4,0,0,2.0,1,785,785,785,1197,1243,1299,1243,543,848,543,863,926,863,454,965,913,986,998,701,457,1,563,552,1311,517,1365,171,3,1362,,12:00,1
2006-07,101121,Joey Graham,Joey,1610612761,TOR,Toronto Raptors,0040600126,2007-05-04T00:00:00,TOR @ NJN,L,8.961666666666666,0,2,0.0,0,0,0.0,0,0,0.0,0,0,0,0,0,0,0,0,1,0,0,0,0.0,0,0,0.0,1,785,785,785,1286,1243,1167,1243,543,848,543,863,926,863,834,1251,1327,986,998,701,457,1,257,1118,1311,715,1461,171,3,1463,,8:58,1
2006-07,200766,Marcus Williams,Marcus,1610612751,NJN,New Jersey Nets,0040600126,2007-05-04T00:00:00,NJN vs. TOR,W,3.85,0,2,0.0,0,2,0.0,0,0,0.0,0,0,0,0,0,0,0,0,0,0,0,-3,0.0,0,0,0.0,1,1,1,1,1436,1243,1167,1243,543,485,543,863,926,863,834,1251,1327,986,998,701,457,1,1,1118,1311,937,1461,171,3,1463,,3:51,1
2006-07,1536,Stephen Jackson,Stephen,1610612744,GSW,Golden State Warriors,0040600146,2007-05-03T00:00:00,GSW vs. DAL,W,43.721666666666664,10,19,0.526,7,8,0.875,6,8,0.75,2,3,5,3,1,3,0,1,4,6,33,26,51.5,0,0,54.0,1,1,1,1,103,57,85,395,2,21,64,120,103,449,229,545,466,287,568,32,457,1066,1206,105,14,10,55,171,3,21,,43:43,1
2006-07,1884,Baron Davis,Baron,1610612744,GSW,Golden State Warriors,0040600146,2007-05-03T00:00:00,GSW vs. DAL,W,38.28333333333333,7,17,0.412,3,10,0.3,3,4,0.75,2,8,10,6,5,1,0,0,3,8,20,30,39.0,1,0,41.0,1,1,1,1,323,201,145,780,43,3,435,334,332,449,229,90,122,112,39,278,457,1,912,34,213,3,207,1,3,130,,38:17,1
2006-07,2246,Mehmet Okur,Mehmet,1610612762,UTA,Utah Jazz,0040600176,2007-05-03T00:00:00,UTA vs. HOU,W,40.03333333333333,5,11,0.455,4,7,0.571,5,5,1.0,1,8,9,3,3,3,0,0,4,3,19,25,40.3,0,0,41.0,1,1,1,1,242,378,430,654,16,44,141,164,277,1,454,90,169,287,161,32,457,1,1206,396,246,20,179,171,3,130,,40:02,1
2006-07,1503,Tracy McGrady,Tracy,1610612745,HOU,Houston Rockets,0040600176,2007-05-03T00:00:00,HOU @ UTA,L,41.416666666666664,8,23,0.348,1,6,0.167,9,10,0.9,2,8,10,3,5,0,0,3,0,9,26,-16,37.5,1,0,40.0,1,785,785,785,179,145,25,950,287,99,516,33,57,336,229,90,122,287,39,701,457,1516,1,15,77,1477,236,1,3,148,,41:25,1
2006-07,1905,Andrei Kirilenko,Andrei,1610612762,UTA,Utah Jazz,0040600176,2007-05-03T00:00:00,UTA vs. HOU,W,34.583333333333336,6,10,0.6,0,0,0.0,2,2,1.0,2,3,5,4,1,3,5,0,4,3,14,20,49.0,0,0,39.0,1,1,1,1,478,288,500,268,543,848,543,459,556,1,229,545,466,206,568,32,5,1,1206,396,410,43,75,171,3,170,,34:35,1
2006-07,2440,Matt Barnes,Matt,1610612744,GSW,Golden State Warriors,0040600146,2007-05-03T00:00:00,GSW vs. DAL,W,42.38333333333333,5,12,0.417,1,2,0.5,5,6,0.833,3,8,11,7,3,1,0,1,5,4,16,26,39.7,1,0,37.0,1,1,1,1,147,378,370,762,287,485,153,164,197,382,128,90,91,78,161,278,457,1066,1413,269,329,10,187,1,3,210,,42:23,1
2006-07,2430,Carlos Boozer,Carlos,1610612762,UTA,Utah Jazz,0040600176,2007-05-03T00:00:00,UTA vs. HOU,W,39.083333333333336,9,16,0.563,0,0,0.0,4,5,0.8,0,9,9,3,2,0,1,0,2,3,22,18,38.3,0,0,36.0,1,1,1,1,293,92,175,331,543,848,543,231,277,409,834,56,169,287,308,701,141,1,563,396,160,69,226,171,3,229,,39:05,1
2006-07,2572,Josh Howard,Josh,1610612742,DAL,Dallas Mavericks,0040600146,2007-05-03T00:00:00,DAL @ GSW,L,40.916666666666664,8,19,0.421,3,7,0.429,1,2,0.5,2,4,6,2,2,1,0,1,4,1,20,-22,31.2,0,0,33.0,1,785,785,785,207,145,85,755,43,44,286,675,556,656,229,389,362,423,308,278,457,1066,1206,769,213,1538,355,171,3,273,,40:55,1
2006-07,711,Jerry Stackhouse,Jerry,1610612742,DAL,Dallas Mavericks,0040600146,2007-05-03T00:00:00,DAL @ GSW,L,27.216666666666665,7,15,0.467,4,9,0.444,2,2,1.0,1,3,4,2,3,1,0,0,3,1,20,-7,27.8,0,0,32.0,1,785,785,785,710,201,216,627,16,12,283,459,556,1,454,545,565,423,161,278,457,1,912,769,213,1179,451,171,3,296,,27:13,1
2006-07,2397,Yao Ming,ao Ming,1610612745,HOU,Houston Rockets,0040600176,2007-05-03T00:00:00,HOU @ UTA,L,36.903333333333336,9,16,0.563,0,0,0.0,7,9,0.778,2,4,6,1,8,0,0,1,4,7,25,-8,25.7,0,0,32.0,1,785,785,785,386,92,175,331,543,848,543,82,76,440,229,389,362,646,1,701,457,1066,1206,69,95,1221,513,171,3,296,,36:54,1
2006-07,2740,Andris Biedrins,Andris,1610612744,GSW,Golden State Warriors,0040600146,2007-05-03T00:00:00,GSW vs. DAL,W,24.471666666666668,4,6,0.667,0,0,0.0,4,6,0.667,3,9,12,1,1,0,3,0,0,3,12,25,35.9,1,0,31.0,1,1,1,1,800,489,766,158,543,848,543,231,197,556,128,56,59,646,568,701,27,1,1,396,503,20,256,1,3,318,,24:28,1
2006-07,2202,Jason Richardson,Jason,1610612744,GSW,Golden State Warriors,0040600146,2007-05-03T00:00:00,GSW vs. DAL,W,40.778333333333336,6,13,0.462,3,7,0.429,0,0,0.0,2,3,5,4,2,2,0,0,1,2,15,22,31.0,0,0,31.0,1,1,1,1,211,288,316,640,43,44,286,863,926,863,229,545,466,206,308,103,457,1,257,552,375,30,362,171,3,318,,40:47,1
2006-07,101114,Deron Williams,Deron,1610612762,UTA,Utah Jazz,0040600176,2007-05-03T00:00:00,UTA vs. HOU,W,39.46666666666667,6,11,0.545,1,3,0.333,2,3,0.667,0,5,5,8,2,0,0,0,2,2,15,19,31.0,0,0,29.0,1,1,1,1,269,288,430,358,287,346,351,459,481,556,834,293,466,56,308,701,457,1,563,552,375,53,362,171,3,363,,39:28,1
2006-07,2734,Devin Harris,Devin,1610612742,DAL,Dallas Mavericks,0040600146,2007-05-03T00:00:00,DAL @ GSW,L,32.68333333333333,5,11,0.455,2,4,0.5,1,3,0.333,0,2,2,9,0,0,0,1,5,5,13,-14,28.9,0,0,26.0,1,785,785,785,535,378,430,654,122,236,153,675,481,833,834,737,913,43,998,701,457,1066,1413,168,450,1440,416,171,3,455,,32:41,1
2006-07,1747,Rafer Alston,Rafer,1610612745,HOU,Houston Rockets,0040600176,2007-05-03T00:00:00,HOU @ UTA,L,42.61666666666667,5,14,0.357,3,8,0.375,0,0,0.0,0,5,5,3,0,1,0,1,2,1,13,-11,26.5,0,0,26.0,1,785,785,785,140,378,261,932,43,21,342,863,926,863,834,293,466,287,998,278,457,1066,563,769,450,1341,491,171,3,455,,42:37,1
2006-07,1717,Dirk Nowitzki,Dirk,1610612742,DAL,Dallas Mavericks,0040600146,2007-05-03T00:00:00,DAL @ GSW,L,38.5,2,13,0.154,0,6,0.0,4,4,1.0,2,8,10,2,3,1,0,0,2,3,8,-25,23.0,0,0,22.0,1,785,785,785,313,816,316,1219,543,99,543,231,332,1,229,90,122,423,161,278,457,1,563,396,714,1553,600,171,3,571,,38:30,1
2006-07,1891,Jason Terry,Jason,1610612742,DAL,Dallas Mavericks,0040600146,2007-05-03T00:00:00,DAL @ GSW,L,35.15,6,14,0.429,1,6,0.167,0,0,0.0,0,2,2,4,5,0,0,0,4,2,13,-30,16.4,0,0,20.0,1,785,785,785,457,288,261,716,287,99,516,863,926,863,834,737,913,206,39,701,457,1,1206,552,450,1559,775,171,3,626,,35:09,1
2006-07,2203,Shane Battier,Shane,1610612745,HOU,Houston Rockets,0040600176,2007-05-03T00:00:00,HOU @ UTA,L,39.1,1,5,0.2,1,5,0.2,1,2,0.5,0,2,2,4,3,3,1,0,4,4,4,-23,21.4,0,0,19.0,1,785,785,785,292,994,859,1169,287,160,492,675,556,656,834,737,913,206,161,32,141,1,1206,269,976,1546,629,171,3,658,,39:06,1
2006-07,2554,Mickael Pietrus,Mickael,1610612744,GSW,Golden State Warriors,0040600146,2007-05-03T00:00:00,GSW vs. DAL,W,20.286666666666665,2,6,0.333,0,3,0.0,4,4,1.0,4,4,8,1,1,1,0,0,1,2,8,4,21.1,0,0,19.0,1,1,1,1,923,816,766,951,543,346,543,231,332,1,64,389,216,646,568,278,457,1,257,552,714,462,638,171,3,658,,20:17,1
2006-07,200794,Paul Millsap,Paul,1610612762,UTA,Utah Jazz,0040600176,2007-05-03T00:00:00,UTA vs. HOU,W,16.383333333333333,4,4,1.0,0,0,0.0,0,0,0.0,1,2,3,0,1,1,1,0,2,1,8,-5,16.6,0,0,15.0,1,1,1,1,1060,489,953,1,543,848,543,863,926,863,454,737,728,986,568,278,141,1,563,769,714,1073,764,171,3,792,,16:23,1
2006-07,965,Derek Fisher,Derek,1610612762,UTA,Utah Jazz,0040600176,2007-05-03T00:00:00,UTA vs. HOU,W,24.266666666666666,3,11,0.273,0,3,0.0,0,0,0.0,0,2,2,4,1,1,0,1,0,4,6,2,16.4,0,0,14.0,1,1,1,1,809,645,430,1100,543,346,543,863,926,863,834,737,913,206,568,278,457,1066,1,269,837,581,775,171,3,821,,24:16,1
2006-07,436,Juwan Howard,Juwan,1610612745,HOU,Houston Rockets,0040600176,2007-05-03T00:00:00,HOU @ UTA,L,21.716666666666665,3,5,0.6,0,0,0.0,0,0,0.0,1,5,6,2,0,0,0,2,3,0,6,-2,16.2,0,0,14.0,1,785,785,785,876,645,859,268,543,848,543,863,926,863,454,293,362,423,998,701,457,1423,912,1118,837,865,785,171,3,821,,21:43,1
2006-07,1921,Gordan Giricek,Gordan,1610612762,UTA,Utah Jazz,0040600176,2007-05-03T00:00:00,UTA vs. HOU,W,12.7,2,5,0.4,2,2,1.0,2,2,1.0,0,3,3,0,0,0,0,0,3,2,8,-5,11.6,0,0,13.0,1,1,1,1,1177,816,859,790,122,485,1,459,556,1,834,545,728,986,998,701,457,1,912,552,714,1073,952,171,3,867,,12:42,1
2006-07,2205,DeSagana Diop,DeSagana,1610612742,DAL,Dallas Mavericks,0040600146,2007-05-03T00:00:00,DAL @ GSW,L,28.95,1,2,0.5,0,0,0.0,0,0,0.0,4,4,8,0,1,0,1,0,2,0,2,-15,13.6,0,0,12.0,1,785,785,785,647,994,1167,409,543,848,543,863,926,863,64,389,216,986,568,701,141,1,563,1118,1125,1463,876,171,3,907,,28:57,1
2006-07,200772,Maurice Ager,Maurice,1610612742,DAL,Dallas Mavericks,0040600146,2007-05-03T00:00:00,DAL @ GSW,L,12.0,3,4,0.75,2,2,1.0,2,2,1.0,0,0,0,0,0,0,0,0,2,1,10,-2,10.0,0,0,12.0,1,785,785,785,1197,645,953,115,122,485,1,459,556,1,834,1251,1327,986,998,701,457,1,563,769,589,865,1022,171,3,907,,12:00,1
2006-07,101145,Monta Ellis,Monta,1610612744,GSW,Golden State Warriors,0040600146,2007-05-03T00:00:00,GSW vs. DAL,W,15.7,2,5,0.4,0,0,0.0,0,0,0.0,0,1,1,1,0,2,0,0,0,0,4,-2,12.7,0,0,10.0,1,1,1,1,1084,816,859,790,543,848,543,863,926,863,834,965,1101,646,998,103,457,1,1,1118,976,865,908,171,3,983,,15:42,1
2006-07,101236,Chuck Hayes,Chuck,1610612745,HOU,Houston Rockets,0040600176,2007-05-03T00:00:00,HOU @ UTA,L,31.213333333333335,1,1,1.0,0,0,0.0,0,0,0.0,1,4,5,2,2,0,0,0,2,0,2,-13,9.0,0,0,9.0,1,785,785,785,575,994,1299,1,543,848,543,863,926,863,454,389,466,423,308,701,457,1,563,1118,1125,1413,1061,171,3,1022,,31:13,1
2006-07,101129,Luther Head,Luther,1610612745,HOU,Houston Rockets,0040600176,2007-05-03T00:00:00,HOU @ UTA,L,22.53,1,2,0.5,1,2,0.5,1,2,0.5,1,2,3,1,1,0,0,0,6,1,4,12,8.1,0,0,9.0,1,785,785,785,857,994,1167,409,287,485,153,675,556,656,454,737,728,646,568,701,457,1,1524,769,976,171,1104,171,3,1022,,22:32,1
2006-07,1904,Devean George,Devean,1610612742,DAL,Dallas Mavericks,0040600146,2007-05-03T00:00:00,DAL @ GSW,L,11.45,0,3,0.0,0,2,0.0,0,0,0.0,0,4,4,0,0,1,1,0,1,1,0,2,10.8,0,0,8.0,1,785,785,785,1216,1243,1052,1243,543,485,543,863,926,863,834,389,565,986,998,278,141,1,257,769,1311,581,973,171,3,1070,,11:27,1
2006-07,1723,Matt Harpring,Matt,1610612762,UTA,Utah Jazz,0040600176,2007-05-03T00:00:00,UTA vs. HOU,W,25.516666666666666,0,4,0.0,0,0,0.0,2,2,1.0,0,2,2,1,1,0,0,0,2,3,2,-1,4.9,0,0,5.0,1,1,1,1,777,1243,953,1243,543,848,543,459,556,1,834,737,913,646,568,701,457,1,563,396,1125,812,1258,171,3,1212,,25:31,1
2006-07,1733,Al Harrington,Al,1610612744,GSW,Golden State Warriors,0040600146,2007-05-03T00:00:00,GSW vs. DAL,W,8.6,0,0,0.0,0,0,0.0,0,0,0.0,0,0,0,1,0,1,0,0,2,0,0,-4,4.5,0,0,3.0,1,1,1,1,1293,1243,1436,1243,543,848,543,863,926,863,834,1251,1327,646,998,278,457,1,563,1118,1311,1002,1270,171,3,1315,,8:36,1
2006-07,87,Dikembe Mutombo,Dikembe,1610612745,HOU,Houston Rockets,0040600176,2007-05-03T00:00:00,HOU @ UTA,L,4.066666666666666,1,1,1.0,0,0,0.0,0,0,0.0,0,0,0,0,0,0,0,0,0,0,2,1,2.0,0,0,2.0,1,785,785,785,1431,994,1299,1,543,848,543,863,926,863,834,1251,1327,986,998,701,457,1,1,1118,1125,656,1379,171,3,1362,,4:04,1
2006-07,101235,Kelenna Azubuike,Kelenna,1610612744,GSW,Golden State Warriors,0040600146,2007-05-03T00:00:00,GSW vs. DAL,W,2.316666666666667,1,1,1.0,0,0,0.0,0,0,0.0,0,0,0,0,0,0,0,0,0,0,2,-1,2.0,0,0,2.0,1,1,1,1,1483,994,1299,1,543,848,543,863,926,863,834,1251,1327,986,998,701,457,1,1,1118,1125,812,1379,171,3,1362,,2:19,1
2006-07,1506,Austin Croshere,Austin,1610612742,DAL,Dallas Mavericks,0040600146,2007-05-03T00:00:00,DAL @ GSW,L,10.166666666666666,0,3,0.0,0,0,0.0,0,0,0.0,1,1,2,0,1,0,0,1,3,2,0,-13,1.4,0,0,2.0,1,785,785,785,1256,1243,1052,1243,543,848,543,863,926,863,454,965,913,986,568,701,457,1066,912,552,1311,1413,1415,171,3,1362,,10:10,1
2006-07,1761,Greg Buckner,Greg,1610612742,DAL,Dallas Mavericks,0040600146,2007-05-03T00:00:00,DAL @ GSW,L,2.966666666666667,0,1,0.0,0,1,0.0,0,0,0.0,0,0,0,1,0,0,0,0,0,0,0,1,1.5,0,0,1.0,1,785,785,785,1455,1243,1299,1243,543,649,543,863,926,863,834,1251,1327,646,998,701,457,1,1,1118,1311,656,1405,171,3,1423,,2:58,1
2006-07,1502,Adonal Foyle,Adonal,1610612744,GSW,Golden State Warriors,0040600146,2007-05-03T00:00:00,GSW vs. DAL,W,1.3,0,0,0.0,0,0,0.0,0,0,0.0,0,1,1,0,0,0,0,0,0,0,0,0,1.2,0,0,1.0,1,1,1,1,1512,1243,1436,1243,543,848,543,863,926,863,834,965,1101,986,998,701,457,1,1,1118,1311,715,1421,171,3,1423,,1:18,1
2006-07,2694,Josh Powell,Josh,1610612744,GSW,Golden State Warriors,0040600146,2007-05-03T00:00:00,GSW vs. DAL,W,1.3,0,0,0.0,0,0,0.0,1,2,0.5,0,0,0,0,0,0,0,0,0,1,1,0,1.0,0,0,1.0,1,1,1,1,1512,1243,1436,1243,543,848,543,675,556,656,834,1251,1327,986,998,701,457,1,1,769,1285,715,1443,171,3,1423,,1:18,1
2006-07,101249,John Lucas III,John,1610612745,HOU,Houston Rockets,0040600176,2007-05-03T00:00:00,HOU @ UTA,L,0.43666666666666665,0,0,0.0,0,0,0.0,0,0,0.0,0,0,0,0,0,0,0,0,0,0,0,0,0.0,0,0,0.0,1,785,785,785,1543,1243,1436,1243,543,848,543,863,926,863,834,1251,1327,986,998,701,457,1,1,1118,1311,715,1461,171,3,1463,,0:26,1
2006-07,101180,Sarunas Jasikevicius,Sarunas,1610612744,GSW,Golden State Warriors,0040600146,2007-05-03T00:00:00,GSW vs. DAL,W,0.8583333333333333,0,0,0.0,0,0,0.0,0,0,0.0,0,0,0,0,0,0,0,0,0,0,0,-1,0.0,0,0,0.0,1,1,1,1,1531,1243,1436,1243,543,848,543,863,926,863,834,1251,1327,986,998,701,457,1,1,1118,1311,812,1461,171,3,1463,,0:52,1
2006-07,2260,Jarron Collins,Jarron,1610612762,UTA,Utah Jazz,0040600176,2007-05-03T00:00:00,UTA vs. HOU,W,7.966666666666667,0,0,0.0,0,0,0.0,0,0,0.0,0,0,0,0,0,0,0,0,3,0,0,-13,0.0,0,0,0.0,1,1,1,1,1308,1243,1436,1243,543,848,543,863,926,863,834,1251,1327,986,998,701,457,1,912,1118,1311,1413,1461,171,3,1463,,7:58,1
2006-07,1885,Lamar Odom,Lamar,1610612747,LAL,Los Angeles Lakers,0040600155,2007-05-02T00:00:00,LAL @ PHX,L,37.83166666666666,13,21,0.619,1,1,1.0,6,9,0.667,5,5,10,2,1,1,1,1,6,6,33,-10,53.0,1,0,50.0,1,785,785,785,345,11,52,256,287,649,1,120,76,556,31,293,122,423,568,278,141,1066,1524,105,14,1299,46,1,3,35,,37:50,1
2006-07,1890,Shawn Marion,Shawn,1610612756,PHX,Phoenix Suns,0040600155,2007-05-02T00:00:00,PHX vs. LAL,W,38.7,11,21,0.524,1,5,0.2,3,3,1.0,3,7,10,2,0,3,2,0,5,3,26,22,56.0,1,0,49.0,1,1,1,1,308,36,52,400,287,160,492,334,481,1,128,147,122,423,998,32,55,1,1413,396,77,30,32,1,3,44,,38:42,1
2006-07,2405,Amar'e Stoudemire,Amar'e,1610612756,PHX,Phoenix Suns,0040600155,2007-05-02T00:00:00,PHX vs. LAL,W,36.665,6,16,0.375,0,0,0.0,15,21,0.714,4,12,16,1,2,2,0,1,5,12,27,5,51.7,1,0,48.0,1,1,1,1,397,288,175,876,543,848,543,1,1,535,64,16,17,646,308,103,457,1066,1413,4,59,416,52,1,3,51,,36:40,1
2006-07,1495,Tim Duncan,Tim,1610612759,SAS,San Antonio Spurs,0040600165,2007-05-02T00:00:00,SAS vs. DEN,W,34.88,10,19,0.526,0,0,0.0,3,6,0.5,3,9,12,5,3,1,1,3,3,4,23,17,47.9,1,0,44.0,1,1,1,1,471,57,85,395,543,848,543,334,197,656,128,56,59,150,161,278,141,1516,912,269,133,79,89,1,3,86,,34:53,1
2006-07,977,Kobe Bryant,Kobe,1610612747,LAL,Los Angeles Lakers,0040600155,2007-05-02T00:00:00,LAL @ PHX,L,46.21666666666667,13,33,0.394,2,8,0.25,6,7,0.857,0,4,4,1,6,1,0,1,2,5,34,-1,37.3,0,0,43.0,1,785,785,785,17,11,1,855,122,21,446,120,154,363,834,389,565,646,17,278,457,1066,563,168,11,812,241,171,3,100,,46:13,1
2006-07,714,Michael Finley,Michael,1610612759,SAS,San Antonio Spurs,0040600165,2007-05-02T00:00:00,SAS vs. DEN,W,32.20166666666667,9,14,0.643,8,9,0.889,0,0,0.0,0,4,4,1,2,1,0,0,1,0,26,13,33.3,0,0,41.0,1,1,1,1,548,92,261,223,1,12,63,863,926,863,834,389,565,646,308,278,457,1,257,1118,77,145,313,171,3,130,,32:12,1
2006-07,948,Marcus Camby,Marcus,1610612743,DEN,Denver Nuggets,0040600165,2007-05-02T00:00:00,DEN @ SAS,L,35.596666666666664,2,10,0.2,0,0,0.0,0,0,0.0,5,14,19,2,5,0,5,1,3,2,4,-3,39.8,0,0,35.0,1,785,785,785,436,816,500,1169,543,848,543,863,926,863,31,5,3,423,39,701,5,1066,912,552,976,937,185,171,3,244,,35:36,1
2006-07,947,Allen Iverson,Allen,1610612743,DEN,Denver Nuggets,0040600165,2007-05-02T00:00:00,DEN @ SAS,L,43.788333333333334,6,22,0.273,2,5,0.4,7,9,0.778,0,0,0,8,3,2,0,2,0,8,21,-11,36.0,0,0,35.0,1,785,785,785,100,288,38,1100,122,160,309,82,76,440,834,1251,1327,56,161,103,457,1423,1,34,180,1341,255,171,3,244,,43:47,1
2006-07,2546,Carmelo Anthony,Carmelo,1610612743,DEN,Denver Nuggets,0040600165,2007-05-02T00:00:00,DEN @ SAS,L,43.18333333333333,8,20,0.4,1,2,0.5,4,5,0.8,3,4,7,0,4,3,0,1,2,4,21,-14,34.4,0,0,35.0,1,785,785,785,118,145,67,790,287,485,153,231,277,409,128,389,278,986,88,32,457,1066,563,269,180,1440,291,171,3,244,,43:11,1
2006-07,2225,Tony Parker,Tony,1610612759,SAS,San Antonio Spurs,0040600165,2007-05-02T00:00:00,SAS vs. DEN,W,34.885,7,17,0.412,0,0,0.0,2,3,0.667,0,3,3,10,2,0,0,0,1,3,16,11,32.6,1,0,29.0,1,1,1,1,469,201,145,780,543,848,543,459,481,556,834,545,728,31,308,701,457,1,257,396,329,198,325,1,3,363,,34:53,1
2006-07,959,Steve Nash,Steve,1610612756,PHX,Phoenix Suns,0040600155,2007-05-02T00:00:00,PHX vs. LAL,W,37.916666666666664,5,15,0.333,0,2,0.0,7,8,0.875,0,2,2,10,7,0,0,1,1,6,17,3,27.4,1,0,29.0,1,1,1,1,339,378,216,951,543,485,543,82,103,348,834,737,913,31,8,701,457,1066,257,105,295,517,466,1,3,363,,37:55,1
2006-07,2571,Leandro Barbosa,Leandro,1610612756,PHX,Phoenix Suns,0040600155,2007-05-02T00:00:00,PHX vs. LAL,W,32.983333333333334,6,12,0.5,3,7,0.429,3,4,0.75,1,0,1,1,1,3,0,1,3,4,18,3,28.7,0,0,29.0,1,1,1,1,523,288,370,409,43,44,286,334,332,449,454,1251,1101,646,568,32,457,1066,912,269,272,517,421,171,3,363,,32:59,1
2006-07,101142,Ronny Turiaf,Ronny,1610612747,LAL,Los Angeles Lakers,0040600155,2007-05-02T00:00:00,LAL @ PHX,L,26.315,4,10,0.4,0,0,0.0,4,6,0.667,6,4,10,1,0,2,0,0,4,4,12,-8,31.5,1,0,27.0,1,785,785,785,754,489,500,790,543,848,543,231,197,556,12,389,122,646,998,103,457,1,1206,269,503,1221,349,1,3,422,,26:19,1
2006-07,200770,Jordan Farmar,Jordan,1610612747,LAL,Los Angeles Lakers,0040600155,2007-05-02T00:00:00,LAL @ PHX,L,25.583333333333332,4,6,0.667,0,1,0.0,3,4,0.75,0,5,5,2,1,3,0,0,2,2,11,8,28.0,0,0,24.0,1,785,785,785,775,489,766,158,543,649,543,334,332,449,834,293,466,423,568,32,457,1,563,552,537,288,445,171,3,513,,25:35,1
2006-07,2564,Boris Diaw,Boris,1610612756,PHX,Phoenix Suns,0040600155,2007-05-02T00:00:00,PHX vs. LAL,W,25.835,3,4,0.75,0,0,0.0,2,2,1.0,2,3,5,4,1,2,0,0,3,2,8,-5,25.0,0,0,21.0,1,1,1,1,764,645,953,115,543,848,543,459,556,1,229,545,466,206,568,103,457,1,912,552,714,1073,535,171,3,604,,25:50,1
2006-07,2403,Nene,ene,1610612743,DEN,Denver Nuggets,0040600165,2007-05-02T00:00:00,DEN @ SAS,L,28.453333333333333,4,6,0.667,0,0,0.0,2,2,1.0,4,2,6,2,3,0,0,1,6,1,10,-19,17.2,0,0,18.0,1,785,785,785,666,489,766,158,543,848,543,459,556,1,64,737,362,423,161,701,457,1066,1524,769,589,1519,746,171,3,689,,28:27,1
2006-07,2581,Steve Blake,Steve,1610612743,DEN,Denver Nuggets,0040600165,2007-05-02T00:00:00,DEN @ SAS,L,37.64666666666667,4,8,0.5,4,6,0.667,0,0,0.0,0,0,0,2,0,0,0,0,1,0,12,-7,15.0,0,0,18.0,1,785,785,785,356,489,616,409,16,99,86,863,926,863,834,1251,1327,423,998,701,457,1,257,1118,503,1179,822,171,3,689,,37:39,1
2006-07,109,Robert Horry,Robert,1610612759,SAS,San Antonio Spurs,0040600165,2007-05-02T00:00:00,SAS vs. DEN,W,19.098333333333333,3,7,0.429,1,4,0.25,0,1,0.0,0,2,2,1,0,1,2,0,0,3,7,-3,19.9,0,0,17.0,1,1,1,1,961,645,690,716,287,236,446,863,861,863,834,737,913,646,998,278,55,1,1,396,782,937,668,171,3,725,,19:06,1
2006-07,1952,Raja Bell,Raja,1610612756,PHX,Phoenix Suns,0040600155,2007-05-02T00:00:00,PHX vs. LAL,W,41.083333333333336,3,7,0.429,2,4,0.5,0,0,0.0,2,1,3,3,0,0,0,0,3,1,8,7,16.1,0,0,16.0,1,1,1,1,198,645,690,716,122,236,153,863,926,863,229,965,728,287,998,701,457,1,912,769,714,322,788,171,3,757,,41:05,1
2006-07,703,Kurt Thomas,Kurt,1610612756,PHX,Phoenix Suns,0040600155,2007-05-02T00:00:00,PHX vs. LAL,W,10.916666666666666,4,6,0.667,0,0,0.0,0,0,0.0,0,3,3,2,1,0,1,0,1,2,8,5,16.6,0,0,15.0,1,1,1,1,1237,489,766,158,543,848,543,863,926,863,834,545,728,423,568,701,141,1,257,552,714,416,764,171,3,792,,10:55,1
2006-07,101177,Fabricio Oberto,Fabricio,1610612759,SAS,San Antonio Spurs,0040600165,2007-05-02T00:00:00,SAS vs. DEN,W,23.52,2,2,1.0,0,0,0.0,0,0,0.0,5,1,6,1,1,0,1,0,2,2,4,8,14.7,0,0,13.0,1,1,1,1,831,816,1167,1,543,848,543,863,926,863,31,965,362,646,568,701,141,1,563,552,976,288,837,171,3,867,,23:31,1
2006-07,2198,Kwame Brown,Kwame,1610612747,LAL,Los Angeles Lakers,0040600155,2007-05-02T00:00:00,LAL @ PHX,L,20.55,2,4,0.5,0,0,0.0,0,1,0.0,2,5,7,0,2,1,0,1,3,4,4,-3,13.4,0,0,13.0,1,785,785,785,915,816,953,409,543,848,543,863,861,863,229,293,278,986,308,278,457,1066,912,269,976,937,880,171,3,867,,20:33,1
2006-07,1477,Bruce Bowen,Bruce,1610612759,SAS,San Antonio Spurs,0040600165,2007-05-02T00:00:00,SAS vs. DEN,W,37.59,2,3,0.667,0,1,0.0,0,0,0.0,0,3,3,1,0,1,1,0,3,1,4,12,15.1,0,0,12.0,1,1,1,1,360,816,1052,158,543,649,543,863,926,863,834,545,728,646,998,278,141,1,912,769,976,171,818,171,3,907,,37:35,1
2006-07,2059,Eduardo Najera,Eduardo,1610612743,DEN,Denver Nuggets,0040600165,2007-05-02T00:00:00,DEN @ SAS,L,27.461666666666666,0,5,0.0,0,2,0.0,0,0,0.0,2,7,9,0,0,0,1,0,3,0,0,-6,13.8,0,0,11.0,1,785,785,785,706,1243,859,1243,543,485,543,863,926,863,229,147,169,986,998,701,141,1,912,1118,1311,1132,865,171,3,937,,27:28,1
2006-07,1853,Anthony Carter,Anthony,1610612743,DEN,Denver Nuggets,0040600165,2007-05-02T00:00:00,DEN @ SAS,L,13.986666666666666,4,4,1.0,0,0,0.0,0,1,0.0,0,1,1,2,1,0,0,0,2,1,8,-7,11.2,0,0,11.0,1,785,785,785,1134,489,953,1,543,848,543,863,861,863,834,965,1101,423,568,701,457,1,563,769,714,1179,963,171,3,937,,13:59,1
2006-07,1922,Francisco Elson,Francisco,1610612759,SAS,San Antonio Spurs,0040600165,2007-05-02T00:00:00,SAS vs. DEN,W,16.983333333333334,1,2,0.5,0,0,0.0,0,2,0.0,2,4,6,0,0,1,0,0,1,2,2,8,12.2,0,0,10.0,1,1,1,1,1032,994,1167,409,543,848,543,863,556,863,229,389,362,986,998,278,457,1,257,552,1125,288,927,171,3,983,,16:59,1
2006-07,2575,Luke Walton,Luke,1610612747,LAL,Los Angeles Lakers,0040600155,2007-05-02T00:00:00,LAL @ PHX,L,25.183333333333334,1,3,0.333,0,1,0.0,0,0,0.0,1,3,4,0,2,1,1,0,6,1,2,0,10.8,0,0,10.0,1,785,785,785,783,994,1052,951,543,649,543,863,926,863,454,545,565,986,308,278,141,1,1524,769,1125,715,973,171,3,983,,25:11,1
2006-07,2567,Brian Cook,Brian,1610612747,LAL,Los Angeles Lakers,0040600155,2007-05-02T00:00:00,LAL @ PHX,L,7.885,2,3,0.667,1,2,0.5,1,1,1.0,0,1,1,0,0,0,1,0,4,1,6,-1,10.2,0,0,10.0,1,785,785,785,1312,816,1052,158,287,485,153,675,861,1,834,965,1101,986,998,701,141,1,1206,769,837,812,1011,171,3,983,,7:53,1
2006-07,1521,Jacque Vaughn,Jacque,1610612759,SAS,San Antonio Spurs,0040600165,2007-05-02T00:00:00,SAS vs. DEN,W,13.115,2,4,0.5,0,0,0.0,0,0,0.0,0,0,0,3,0,1,0,1,1,0,4,4,11.5,0,0,9.0,1,1,1,1,1163,816,953,409,543,848,543,863,926,863,834,1251,1327,287,998,278,457,1066,257,1118,976,462,955,171,3,1022,,13:07,1
2006-07,2592,James Jones,James,1610612756,PHX,Phoenix Suns,0040600155,2007-05-02T00:00:00,PHX vs. LAL,W,15.9,2,5,0.4,2,5,0.4,1,1,1.0,0,0,0,0,2,0,0,0,2,2,7,5,5.0,0,0,9.0,1,1,1,1,1078,816,859,790,122,160,309,675,861,1,834,1251,1327,986,308,701,457,1,563,552,782,416,1243,171,3,1022,,15:54,1
2006-07,1938,Manu Ginobili,Manu,1610612759,SAS,San Antonio Spurs,0040600165,2007-05-02T00:00:00,SAS vs. DEN,W,17.043333333333333,1,8,0.125,0,3,0.0,2,2,1.0,1,1,2,2,1,0,0,2,3,3,4,2,8.4,0,0,8.0,1,1,1,1,1029,994,616,1231,543,346,543,459,556,1,454,965,913,423,568,701,457,1423,912,396,976,581,1090,171,3,1070,,17:03,1
2006-07,699,Brent Barry,Brent,1610612759,SAS,San Antonio Spurs,0040600165,2007-05-02T00:00:00,SAS vs. DEN,W,8.183333333333334,1,4,0.25,1,4,0.25,0,0,0.0,1,1,2,1,0,0,0,0,1,1,3,3,6.9,0,0,7.0,1,1,1,1,1301,994,953,1112,287,236,446,863,926,863,454,965,913,646,998,701,457,1,257,769,1052,517,1152,171,3,1113,,8:11,1
2006-07,2230,Maurice Evans,Maurice,1610612747,LAL,Los Angeles Lakers,0040600155,2007-05-02T00:00:00,LAL @ PHX,L,18.333333333333332,2,4,0.5,0,2,0.0,0,0,0.0,0,1,1,0,0,0,0,0,0,0,4,-9,5.2,0,0,5.0,1,785,785,785,990,816,953,409,543,485,543,863,926,863,834,965,1101,986,998,701,457,1,1,1118,976,1258,1228,171,3,1212,,18:20,1
2006-07,101115,Andrew Bynum,Andrew,1610612747,LAL,Los Angeles Lakers,0040600155,2007-05-02T00:00:00,LAL @ PHX,L,3.2666666666666666,1,1,1.0,0,0,0.0,0,0,0.0,1,1,2,0,1,0,0,0,1,0,2,1,3.4,0,0,4.0,1,785,785,785,1446,994,1299,1,543,848,543,863,926,863,454,965,913,986,568,701,457,1,257,1118,1125,656,1323,171,3,1264,,3:16,1
2006-07,2588,Matt Bonner,Matt,1610612759,SAS,San Antonio Spurs,0040600165,2007-05-02T00:00:00,SAS vs. DEN,W,1.25,0,0,0.0,0,0,0.0,0,0,0.0,0,0,0,0,0,1,0,0,0,0,0,0,3.0,0,0,2.0,1,1,1,1,1517,1243,1436,1243,543,848,543,863,926,863,834,1251,1327,986,998,278,457,1,1,1118,1311,715,1337,171,3,1362,,1:15,1
2006-07,101132,Linas Kleiza,Linas,1610612743,DEN,Denver Nuggets,0040600165,2007-05-02T00:00:00,DEN @ SAS,L,8.633333333333333,1,2,0.5,0,0,0.0,0,0,0.0,0,0,0,0,0,0,0,0,2,0,2,-8,2.0,0,0,2.0,1,785,785,785,1292,994,1167,409,543,848,543,863,926,863,834,1251,1327,986,998,701,457,1,563,1118,1125,1221,1379,171,3,1362,,8:38,1
2006-07,1742,Shammond Williams,Shammond,1610612747,LAL,Los Angeles Lakers,0040600155,2007-05-02T00:00:00,LAL @ PHX,L,16.685,1,3,0.333,0,1,0.0,0,0,0.0,0,0,0,0,1,0,0,0,1,0,2,-19,1.0,0,0,2.0,1,785,785,785,1049,994,1052,951,543,649,543,863,926,863,834,1251,1327,986,568,701,457,1,257,1118,1125,1519,1443,171,3,1362,,16:41,1
2006-07,2756,Sasha Vujacic,Sasha,1610612747,LAL,Los Angeles Lakers,0040600155,2007-05-02T00:00:00,LAL @ PHX,L,4.635,0,0,0.0,0,0,0.0,0,0,0.0,0,0,0,1,0,0,0,0,0,0,0,3,1.5,0,0,1.0,1,785,785,785,1413,1243,1436,1243,543,848,543,863,926,863,834,1251,1327,646,998,701,457,1,1,1118,1311,517,1405,171,3,1423,,4:38,1
2006-07,2470,Smush Parker,Smush,1610612747,LAL,Los Angeles Lakers,0040600155,2007-05-02T00:00:00,LAL @ PHX,L,7.515,0,2,0.0,0,1,0.0,0,0,0.0,0,1,1,0,1,0,0,0,3,0,0,-6,0.2,0,0,1.0,1,785,785,785,1321,1243,1167,1243,543,649,543,863,926,863,834,965,1101,986,568,701,457,1,912,1118,1311,1132,1455,171,3,1423,,7:31,1
2006-07,200821,Yakhouba Diawara,Yakhouba,1610612743,DEN,Denver Nuggets,0040600165,2007-05-02T00:00:00,DEN @ SAS,L,1.25,0,0,0.0,0,0,0.0,0,0,0.0,0,0,0,0,0,0,0,0,0,0,0,0,0.0,0,0,0.0,1,785,785,785,1517,1243,1436,1243,543,848,543,863,926,863,834,1251,1327,986,998,701,457,1,1,1118,1311,715,1461,171,3,1463,,1:15,1
2006-07,2757,Beno Udrih,Beno,1610612759,SAS,San Antonio Spurs,0040600165,2007-05-02T00:00:00,SAS vs. DEN,W,1.25,0,0,0.0,0,0,0.0,0,0,0.0,0,0,0,0,1,0,0,0,0,0,0,0,-1.0,0,0,0.0,1,1,1,1,1517,1243,1436,1243,543,848,543,863,926,863,834,1251,1327,986,568,701,457,1,1,1118,1311,715,1551,171,3,1463,,1:15,1
2006-07,1717,Dirk Nowitzki,Dirk,1610612742,DAL,Dallas Mavericks,0040600145,2007-05-01T00:00:00,DAL vs. GSW,W,40.083333333333336,7,15,0.467,2,3,0.667,14,15,0.933,4,8,12,3,2,0,1,0,4,9,30,13,49.9,1,0,49.0,1,1,1,1,238,201,216,627,122,346,86,2,6,329,64,90,59,287,308,701,141,1,1206,15,36,145,64,1,3,44,,40:05,1
2006-07,1884,Baron Davis,Baron,1610612744,GSW,Golden State Warriors,0040600145,2007-05-01T00:00:00,GSW @ DAL,L,40.54,10,16,0.625,3,5,0.6,4,4,1.0,1,3,4,9,3,1,1,1,6,4,27,-16,48.3,0,0,47.0,1,785,785,785,220,57,175,240,43,160,129,231,332,1,454,545,565,43,161,278,141,1066,1524,269,59,1477,85,171,3,68,,40:32,1
2006-07,1713,Vince Carter,Vince,1610612751,NJN,New Jersey Nets,0040600125,2007-05-01T00:00:00,NJN @ TOR,L,44.983333333333334,10,22,0.455,4,7,0.571,6,10,0.6,3,2,5,2,3,1,0,3,2,6,30,0,39.0,0,0,43.0,1,785,785,785,53,57,38,654,16,44,141,120,57,629,128,737,466,423,161,278,457,1516,563,105,36,715,207,171,3,100,,44:59,1
2006-07,2572,Josh Howard,Josh,1610612742,DAL,Dallas Mavericks,0040600145,2007-05-01T00:00:00,DAL vs. GSW,W,39.86666666666667,10,16,0.625,0,2,0.0,3,6,0.5,1,7,8,5,3,3,0,0,5,4,23,12,46.1,0,0,42.0,1,1,1,1,253,57,175,240,543,485,543,334,197,656,454,147,216,150,161,32,457,1,1413,269,133,171,106,171,3,119,,39:52,1
2006-07,2210,Richard Jefferson,Richard,1610612751,NJN,New Jersey Nets,0040600125,2007-05-01T00:00:00,NJN @ TOR,L,41.2,9,14,0.643,2,4,0.5,3,3,1.0,0,4,4,4,1,1,1,1,3,2,23,-5,38.8,0,0,37.0,1,785,785,785,191,92,261,223,122,236,153,334,481,1,834,389,565,206,568,278,141,1066,912,552,133,1073,213,171,3,210,,41:12,1
2006-07,101181,Jose Calderon,Jose,1610612761,TOR,Toronto Raptors,0040600125,2007-05-01T00:00:00,TOR vs. NJN,W,38.13666666666666,12,20,0.6,0,3,0.0,1,2,0.5,1,1,2,8,4,1,0,0,3,1,25,-5,38.4,0,0,37.0,1,1,1,1,330,18,67,268,543,346,543,675,556,656,454,965,913,56,88,278,457,1,912,769,95,1073,225,171,3,210,,38:08,1
2006-07,2202,Jason Richardson,Jason,1610612744,GSW,Golden State Warriors,0040600145,2007-05-01T00:00:00,GSW @ DAL,L,41.833333333333336,9,16,0.563,5,10,0.5,0,0,0.0,2,5,7,2,1,0,0,0,3,2,23,-9,33.4,0,0,37.0,1,785,785,785,164,92,175,331,4,3,153,863,926,863,229,293,278,423,568,701,457,1,912,552,133,1258,310,171,3,210,,41:50,1
2006-07,1536,Stephen Jackson,Stephen,1610612744,GSW,Golden State Warriors,0040600145,2007-05-01T00:00:00,GSW @ DAL,L,41.20166666666667,4,14,0.286,3,8,0.375,5,8,0.625,0,4,4,5,5,4,0,0,2,5,16,-8,35.3,0,0,36.0,1,785,785,785,190,489,261,1081,43,21,342,164,103,620,834,389,565,150,39,8,457,1,563,168,329,1221,266,171,3,229,,41:12,1
2006-07,467,Jason Kidd,Jason,1610612751,NJN,New Jersey Nets,0040600125,2007-05-01T00:00:00,NJN @ TOR,L,41.416666666666664,4,9,0.444,3,7,0.429,0,0,0.0,1,6,7,10,3,1,0,0,4,3,11,-5,34.4,1,0,33.0,1,785,785,785,179,489,553,682,43,44,286,863,926,863,454,200,278,31,161,278,457,1,1206,396,537,1073,291,1,3,273,,41:25,1
2006-07,2440,Matt Barnes,Matt,1610612744,GSW,Golden State Warriors,0040600145,2007-05-01T00:00:00,GSW @ DAL,L,35.43333333333333,7,15,0.467,2,6,0.333,0,1,0.0,3,3,6,4,2,2,0,1,5,1,16,4,33.2,0,0,32.0,1,785,785,785,443,201,216,627,122,99,351,863,861,863,128,545,362,206,308,103,457,1066,1413,769,329,462,317,171,3,296,,35:26,1
2006-07,2734,Devin Harris,Devin,1610612742,DAL,Dallas Mavericks,0040600145,2007-05-01T00:00:00,DAL vs. GSW,W,31.95,6,11,0.545,1,4,0.25,3,4,0.75,0,3,3,7,1,1,0,1,4,5,16,13,32.1,0,0,29.0,1,1,1,1,557,288,430,358,287,236,446,334,332,449,834,545,728,78,568,278,457,1066,1206,168,329,145,335,171,3,363,,31:57,1
2006-07,1515,Anthony Parker,Anthony,1610612761,TOR,Toronto Raptors,0040600125,2007-05-01T00:00:00,TOR vs. NJN,W,45.666666666666664,5,12,0.417,0,2,0.0,8,8,1.0,0,6,6,2,0,0,1,1,1,6,18,4,31.2,0,0,28.0,1,1,1,1,34,378,370,762,543,485,543,54,103,1,834,200,362,423,998,701,141,1066,257,105,272,462,355,171,3,391,,45:40,1
2006-07,200745,Andrea Bargnani,Andrea,1610612761,TOR,Toronto Raptors,0040600125,2007-05-01T00:00:00,TOR vs. NJN,W,41.03333333333333,6,9,0.667,2,3,0.667,4,5,0.8,0,4,4,0,1,1,1,0,3,6,18,14,27.8,0,0,28.0,1,1,1,1,199,288,553,158,122,346,86,231,277,409,834,389,565,986,568,278,141,1,912,105,272,126,451,171,3,391,,41:02,1
2006-07,2547,Chris Bosh,Chris,1610612761,TOR,Toronto Raptors,0040600125,2007-05-01T00:00:00,TOR vs. NJN,W,24.516666666666666,3,11,0.273,0,0,0.0,5,6,0.833,3,5,8,0,1,0,4,1,4,6,11,-9,31.6,0,0,27.0,1,1,1,1,798,645,430,1100,543,848,543,164,197,382,128,293,216,986,568,701,16,1066,1206,105,537,1258,345,171,3,422,,24:31,1
2006-07,2554,Mickael Pietrus,Mickael,1610612744,GSW,Golden State Warriors,0040600145,2007-05-01T00:00:00,GSW @ DAL,L,26.151666666666667,3,10,0.3,2,5,0.4,3,3,1.0,4,6,10,1,0,1,0,0,6,4,11,10,27.5,1,0,26.0,1,785,785,785,757,645,500,1073,122,160,309,334,481,1,64,200,122,646,998,278,457,1,1524,269,537,227,462,1,3,455,,26:09,1
2006-07,2050,Morris Peterson,Morris,1610612761,TOR,Toronto Raptors,0040600125,2007-05-01T00:00:00,TOR vs. NJN,W,45.083333333333336,5,8,0.625,3,3,1.0,4,4,1.0,1,4,5,0,2,0,0,0,6,2,17,10,21.0,0,0,25.0,1,1,1,1,44,378,616,240,43,346,1,231,332,1,454,389,466,986,308,701,457,1,1524,552,295,227,642,171,3,488,,45:05,1
2006-07,2205,DeSagana Diop,DeSagana,1610612742,DAL,Dallas Mavericks,0040600145,2007-05-01T00:00:00,DAL vs. GSW,W,23.44,5,5,1.0,0,0,0.0,1,3,0.333,2,5,7,1,1,1,1,0,3,2,11,-9,25.9,0,0,23.0,1,1,1,1,832,378,859,1,543,848,543,675,481,833,229,293,278,646,568,278,141,1,912,552,537,1258,506,171,3,542,,23:26,1
2006-07,1630,Mikki Moore,Mikki,1610612751,NJN,New Jersey Nets,0040600125,2007-05-01T00:00:00,NJN @ TOR,L,32.471666666666664,3,9,0.333,0,0,0.0,0,0,0.0,3,7,10,1,0,1,1,0,3,3,6,-10,25.5,0,0,21.0,1,785,785,785,539,645,553,951,543,848,543,863,926,863,128,147,122,646,998,278,141,1,912,396,837,1299,522,171,3,604,,32:28,1
2006-07,711,Jerry Stackhouse,Jerry,1610612742,DAL,Dallas Mavericks,0040600145,2007-05-01T00:00:00,DAL vs. GSW,W,30.766666666666666,4,13,0.308,2,6,0.333,5,6,0.833,1,2,3,1,3,0,0,0,1,3,15,4,17.1,0,0,21.0,1,1,1,1,593,489,316,1065,122,99,351,164,197,382,454,737,728,646,161,701,457,1,257,396,375,462,751,171,3,604,,30:46,1
2006-07,1891,Jason Terry,Jason,1610612742,DAL,Dallas Mavericks,0040600145,2007-05-01T00:00:00,DAL vs. GSW,W,39.735,4,11,0.364,1,1,1.0,2,2,1.0,0,3,3,3,3,0,0,0,2,2,11,5,16.1,0,0,18.0,1,1,1,1,259,489,430,910,287,649,1,459,556,1,834,545,728,287,161,701,457,1,563,552,537,416,788,171,3,689,,39:44,1
2006-07,101121,Joey Graham,Joey,1610612761,TOR,Toronto Raptors,0040600125,2007-05-01T00:00:00,TOR vs. NJN,W,24.64666666666667,2,3,0.667,0,0,0.0,0,0,0.0,0,10,10,0,0,0,0,1,4,3,4,1,16.0,0,0,14.0,1,1,1,1,796,816,1052,158,543,848,543,863,926,863,834,37,122,986,998,701,457,1066,1206,396,976,656,792,171,3,821,,24:39,1
2006-07,2411,Bostjan Nachbar,Bostjan,1610612751,NJN,New Jersey Nets,0040600125,2007-05-01T00:00:00,NJN @ TOR,L,27.616666666666667,2,9,0.222,0,7,0.0,5,5,1.0,0,3,3,2,3,0,0,0,4,3,9,3,12.6,0,0,14.0,1,785,785,785,697,816,553,1160,543,44,543,164,277,1,834,545,728,423,161,701,457,1,1206,396,648,517,912,171,3,821,,27:37,1
2006-07,1506,Austin Croshere,Austin,1610612742,DAL,Dallas Mavericks,0040600145,2007-05-01T00:00:00,DAL vs. GSW,W,11.866666666666667,3,6,0.5,3,4,0.75,0,0,0.0,1,1,2,0,0,0,0,0,1,1,9,-5,11.4,0,0,14.0,1,1,1,1,1204,645,766,409,43,236,71,863,926,863,454,965,913,986,998,701,457,1,257,769,648,1073,956,171,3,821,,11:52,1
2006-07,1904,Devean George,Devean,1610612742,DAL,Dallas Mavericks,0040600145,2007-05-01T00:00:00,DAL vs. GSW,W,14.565,1,2,0.5,1,1,1.0,0,0,0.0,0,2,2,2,0,2,0,0,2,2,3,1,14.4,0,0,12.0,1,1,1,1,1122,994,1167,409,287,649,1,863,926,863,834,737,913,423,998,103,457,1,563,552,1052,656,848,171,3,907,,14:34,1
2006-07,101120,Antoine Wright,Antoine,1610612751,NJN,New Jersey Nets,0040600125,2007-05-01T00:00:00,NJN @ TOR,L,18.9,2,6,0.333,0,1,0.0,2,2,1.0,0,2,2,0,0,1,1,1,2,1,6,-1,14.4,0,0,12.0,1,785,785,785,968,816,766,951,543,649,543,459,556,1,834,737,913,986,998,278,141,1066,563,769,837,812,848,171,3,907,,18:54,1
2006-07,1733,Al Harrington,Al,1610612744,GSW,Golden State Warriors,0040600145,2007-05-01T00:00:00,GSW @ DAL,L,14.765,3,4,0.75,1,1,1.0,0,0,0.0,0,3,3,0,3,0,0,0,2,0,7,0,7.6,0,0,11.0,1,785,785,785,1114,645,953,115,287,649,1,863,926,863,834,545,728,986,161,701,457,1,563,1118,782,715,1120,171,3,937,,14:46,1
2006-07,2740,Andris Biedrins,Andris,1610612744,GSW,Golden State Warriors,0040600145,2007-05-01T00:00:00,GSW @ DAL,L,13.45,2,3,0.667,0,0,0.0,4,7,0.571,1,1,2,0,0,0,0,0,3,4,8,-6,10.4,0,0,10.0,1,785,785,785,1150,816,1052,158,543,848,543,231,154,642,454,965,913,986,998,701,457,1,912,269,714,1132,1001,171,3,983,,13:27,1
2006-07,200767,Josh Boone,Josh,1610612751,NJN,New Jersey Nets,0040600125,2007-05-01T00:00:00,NJN @ TOR,L,8.595,1,1,1.0,0,0,0.0,6,7,0.857,0,1,1,0,0,0,0,0,2,4,8,11,9.2,0,0,9.0,1,785,785,785,1294,994,1299,1,543,848,543,120,154,363,834,965,1101,986,998,701,457,1,563,269,714,198,1054,171,3,1022,,8:36,1
2006-07,101145,Monta Ellis,Monta,1610612744,GSW,Golden State Warriors,0040600145,2007-05-01T00:00:00,GSW @ DAL,L,26.476666666666667,1,5,0.2,0,0,0.0,2,3,0.667,0,2,2,2,1,0,0,0,1,3,4,-5,8.4,0,0,8.0,1,785,785,785,745,994,859,1169,543,848,543,459,481,556,834,737,913,423,568,701,457,1,257,396,976,1073,1090,171,3,1070,,26:29,1
2006-07,200766,Marcus Williams,Marcus,1610612751,NJN,New Jersey Nets,0040600125,2007-05-01T00:00:00,NJN @ TOR,L,6.545,1,1,1.0,0,0,0.0,1,2,0.5,1,1,2,1,0,0,0,0,0,1,3,3,6.9,0,0,6.0,1,785,785,785,1358,994,1299,1,543,848,543,675,556,656,454,965,913,646,998,701,457,1,1,769,1052,517,1152,171,3,1166,,6:33,1
2006-07,2551,T.J. Ford,T.J.,1610612761,TOR,Toronto Raptors,0040600125,2007-05-01T00:00:00,TOR vs. NJN,W,6.9,1,3,0.333,0,0,0.0,1,2,0.5,0,1,1,2,1,0,0,0,1,1,3,8,6.2,0,0,6.0,1,1,1,1,1345,994,1052,951,543,848,543,675,556,656,834,965,1101,423,568,701,457,1,257,769,1052,288,1185,171,3,1166,,6:54,1
2006-07,2739,Luke Jackson,Luke,1610612761,TOR,Toronto Raptors,0040600125,2007-05-01T00:00:00,TOR vs. NJN,W,1.85,0,0,0.0,0,0,0.0,2,2,1.0,0,0,0,0,0,1,0,0,1,1,2,3,5.0,0,0,4.0,1,1,1,1,1496,1243,1436,1243,543,848,543,459,556,1,834,1251,1327,986,998,278,457,1,257,769,1125,517,1243,171,3,1264,,1:51,1
2006-07,956,Erick Dampier,Erick,1610612742,DAL,Dallas Mavericks,0040600145,2007-05-01T00:00:00,DAL vs. GSW,W,7.216666666666667,0,0,0.0,0,0,0.0,0,0,0.0,2,2,4,0,1,0,0,0,1,0,0,-2,3.8,0,0,4.0,1,1,1,1,1333,1243,1436,1243,543,848,543,863,926,863,229,737,565,986,568,701,457,1,257,1118,1311,865,1312,171,3,1264,,7:13,1
2006-07,2215,Jason Collins,Jason,1610612751,NJN,New Jersey Nets,0040600125,2007-05-01T00:00:00,NJN @ TOR,L,17.416666666666668,0,1,0.0,0,0,0.0,0,0,0.0,1,1,2,1,2,0,0,1,5,2,0,-4,1.9,0,0,3.0,1,785,785,785,1018,1243,1299,1243,543,848,543,863,926,863,454,965,913,646,308,701,457,1066,1413,552,1311,1002,1400,171,3,1315,,17:25,1
2006-07,101235,Kelenna Azubuike,Kelenna,1610612744,GSW,Golden State Warriors,0040600145,2007-05-01T00:00:00,GSW @ DAL,L,0.14833333333333334,0,0,0.0,0,0,0.0,0,0,0.0,0,0,0,0,0,0,0,0,0,0,0,0,0.0,0,0,0.0,1,785,785,785,1555,1243,1436,1243,543,848,543,863,926,863,834,1251,1327,986,998,701,457,1,1,1118,1311,715,1461,171,3,1463,,0:09,1
2006-07,239,Darrick Martin,Darrick,1610612761,TOR,Toronto Raptors,0040600125,2007-05-01T00:00:00,TOR vs. NJN,W,2.703333333333333,0,1,0.0,0,1,0.0,0,0,0.0,0,0,0,0,0,0,0,0,0,0,0,-1,0.0,0,0,0.0,1,1,1,1,1477,1243,1299,1243,543,649,543,863,926,863,834,1251,1327,986,998,701,457,1,1,1118,1311,812,1461,171,3,1463,,2:42,1
2006-07,1761,Greg Buckner,Greg,1610612742,DAL,Dallas Mavericks,0040600145,2007-05-01T00:00:00,DAL vs. GSW,W,0.51,0,0,0.0,0,0,0.0,0,0,0.0,0,0,0,0,0,0,0,0,0,0,0,-2,0.0,0,0,0.0,1,1,1,1,1540,1243,1436,1243,543,848,543,863,926,863,834,1251,1327,986,998,701,457,1,1,1118,1311,865,1461,171,3,1463,,0:31,1
2006-07,200801,Hassan Adams,Hassan,1610612751,NJN,New Jersey Nets,0040600125,2007-05-01T00:00:00,NJN @ TOR,L,0.855,0,0,0.0,0,0,0.0,0,0,0.0,0,0,0,0,0,0,0,0,1,0,0,-2,0.0,0,0,0.0,1,785,785,785,1532,1243,1436,1243,543,848,543,863,926,863,834,1251,1327,986,998,701,457,1,257,1118,1311,865,1461,171,3,1463,,0:51,1
2006-07,2743,Kris Humphries,Kris,1610612761,TOR,Toronto Raptors,0040600125,2007-05-01T00:00:00,TOR vs. NJN,W,2.966666666666667,0,0,0.0,0,0,0.0,0,0,0.0,0,0,0,0,0,0,0,0,0,0,0,-3,0.0,0,0,0.0,1,1,1,1,1455,1243,1436,1243,543,848,543,863,926,863,834,1251,1327,986,998,701,457,1,1,1118,1311,937,1461,171,3,1463,,2:58,1
2006-07,1725,Rasho Nesterovic,Rasho,1610612761,TOR,Toronto Raptors,0040600125,2007-05-01T00:00:00,TOR vs. NJN,W,1.75,0,0,0.0,0,0,0.0,0,0,0.0,0,0,0,0,0,0,0,0,1,0,0,-4,0.0,0,0,0.0,1,1,1,1,1499,1243,1436,1243,543,848,543,863,926,863,834,1251,1327,986,998,701,457,1,257,1118,1311,1002,1461,171,3,1463,,1:45,1
2006-07,2413,Juan Dixon,Juan,1610612761,TOR,Toronto Raptors,0040600125,2007-05-01T00:00:00,TOR vs. NJN,W,4.746666666666667,0,2,0.0,0,0,0.0,0,0,0.0,0,0,0,0,1,0,0,0,1,0,0,-8,-1.0,0,0,0.0,1,1,1,1,1406,1243,1167,1243,543,848,543,863,926,863,834,1251,1327,986,568,701,457,1,257,1118,1311,1221,1551,171,3,1463,,4:45,1
2006-07,2544,LeBron James,LeBron,1610612739,CLE,Cleveland Cavaliers,0040600114,2007-04-30T00:00:00,CLE @ WAS,W,46.18333333333333,8,22,0.364,1,5,0.2,14,17,0.824,3,8,11,7,2,3,1,0,3,12,31,12,64.7,1,0,58.0,1,1,1,1,19,145,38,910,287,160,492,2,3,405,128,90,91,78,308,32,141,1,912,4,26,171,7,1,3,9,,46:11,1
2006-07,1503,Tracy McGrady,Tracy,1610612745,HOU,Houston Rockets,0040600175,2007-04-30T00:00:00,HOU vs. UTA,W,42.63333333333333,11,25,0.44,2,5,0.4,2,4,0.5,0,4,4,16,4,1,0,1,2,5,26,6,53.8,1,0,50.0,1,1,1,1,139,36,14,707,122,160,309,459,332,656,834,389,565,3,88,278,457,1066,563,168,77,364,42,1,3,35,,42:38,1
2006-07,980,Zydrunas Ilgauskas,Zydrunas,1610612739,CLE,Cleveland Cavaliers,0040600114,2007-04-30T00:00:00,CLE @ WAS,W,40.235,9,16,0.563,0,0,0.0,2,2,1.0,4,15,19,1,2,0,2,0,3,1,20,12,48.3,1,0,44.0,1,1,1,1,234,92,175,331,543,848,543,459,556,1,64,4,3,646,308,701,55,1,912,769,213,171,85,1,3,86,,40:14,1
2006-07,2430,Carlos Boozer,Carlos,1610612762,UTA,Utah Jazz,0040600175,2007-04-30T00:00:00,UTA @ HOU,L,37.406666666666666,12,23,0.522,0,0,0.0,2,3,0.667,0,8,8,4,2,3,0,1,1,3,26,-7,48.6,0,0,44.0,1,785,785,785,370,18,25,406,543,848,543,459,481,556,834,90,216,206,308,32,457,1066,257,396,77,1179,80,171,3,86,,37:24,1
2006-07,1938,Manu Ginobili,Manu,1610612759,SAS,San Antonio Spurs,0040600164,2007-04-30T00:00:00,SAS @ DEN,W,30.9,5,15,0.333,3,8,0.375,5,5,1.0,0,5,5,6,4,5,0,1,2,3,18,4,44.0,0,0,42.0,1,1,1,1,591,378,216,951,43,21,342,164,277,1,834,293,466,112,88,3,457,1066,563,396,272,462,131,171,3,119,,30:54,1
2006-07,1495,Tim Duncan,Tim,1610612759,SAS,San Antonio Spurs,0040600164,2007-04-30T00:00:00,SAS @ DEN,W,39.65,9,19,0.474,0,0,0.0,4,6,0.667,3,8,11,6,1,1,0,3,1,10,22,2,46.2,1,0,41.0,1,1,1,1,262,92,85,617,543,848,543,231,197,556,128,90,91,112,568,278,457,1516,257,9,160,581,105,1,3,130,,39:39,1
2006-07,2397,Yao Ming,ao Ming,1610612745,HOU,Houston Rockets,0040600175,2007-04-30T00:00:00,HOU vs. UTA,W,38.79833333333333,6,18,0.333,0,0,0.0,9,10,0.9,4,11,15,2,4,0,1,5,3,8,21,2,41.0,1,0,40.0,1,1,1,1,307,288,119,951,543,848,543,33,57,336,64,22,23,423,88,701,141,1559,912,34,180,581,165,1,3,148,,38:48,1
2006-07,2546,Carmelo Anthony,Carmelo,1610612743,DEN,Denver Nuggets,0040600164,2007-04-30T00:00:00,DEN vs. SAS,L,38.346666666666664,11,18,0.611,2,5,0.4,5,6,0.833,1,5,6,3,6,0,0,1,4,3,29,-3,34.7,0,0,40.0,1,785,785,785,317,36,119,264,122,160,309,164,197,382,454,293,362,287,17,701,457,1066,1206,396,46,937,283,171,3,148,,38:21,1
2006-07,1712,Antawn Jamison,Antawn,1610612764,WAS,Washington Wizards,0040600114,2007-04-30T00:00:00,WAS vs. CLE,L,42.913333333333334,12,25,0.48,3,6,0.5,4,5,0.8,1,3,4,1,2,0,0,1,2,4,31,-7,35.3,0,0,39.0,1,785,785,785,130,18,14,613,43,99,153,231,277,409,454,545,565,646,308,701,457,1066,563,269,26,1179,266,171,3,170,,42:55,1
2006-07,948,Marcus Camby,Marcus,1610612743,DEN,Denver Nuggets,0040600164,2007-04-30T00:00:00,DEN vs. SAS,L,35.31666666666667,5,8,0.625,0,0,0.0,0,0,0.0,4,13,17,3,1,0,4,0,4,0,10,0,45.9,1,0,38.0,1,785,785,785,446,378,616,240,543,848,543,863,926,863,64,11,12,287,568,701,16,1,1206,1118,589,715,109,1,3,194,,35:19,1
2006-07,1747,Rafer Alston,Rafer,1610612745,HOU,Houston Rockets,0040600175,2007-04-30T00:00:00,HOU vs. UTA,W,44.46666666666667,4,10,0.4,3,7,0.429,3,4,0.75,1,5,6,4,3,4,0,1,4,2,14,0,36.2,0,0,35.0,1,1,1,1,73,489,500,790,43,44,286,334,332,449,454,293,362,206,161,8,457,1066,1206,552,410,715,254,171,3,244,,44:28,1
2006-07,1498,Antonio Daniels,Antonio,1610612764,WAS,Washington Wizards,0040600114,2007-04-30T00:00:00,WAS vs. CLE,L,37.71666666666667,3,8,0.375,1,2,0.5,6,7,0.857,0,6,6,12,2,1,0,0,1,6,13,-2,39.2,1,0,34.0,1,785,785,785,353,645,616,876,287,485,153,120,154,363,834,200,362,20,308,278,457,1,257,105,450,865,204,1,3,263,,37:43,1
2006-07,947,Allen Iverson,Allen,1610612743,DEN,Denver Nuggets,0040600164,2007-04-30T00:00:00,DEN vs. SAS,L,45.166666666666664,9,25,0.36,0,3,0.0,4,5,0.8,0,0,0,7,2,1,0,1,4,5,22,-8,33.5,0,0,31.0,1,785,785,785,41,92,14,930,543,346,543,231,277,409,834,1251,1327,78,308,278,457,1066,1206,168,160,1221,308,171,3,318,,45:10,1
2006-07,1716,Larry Hughes,Larry,1610612739,CLE,Cleveland Cavaliers,0040600114,2007-04-30T00:00:00,CLE @ WAS,W,40.4,5,13,0.385,1,4,0.25,8,8,1.0,0,4,4,3,1,2,0,0,1,5,19,2,33.3,0,0,31.0,1,1,1,1,228,378,316,865,287,236,446,54,103,1,834,389,565,287,568,103,457,1,257,168,246,581,313,171,3,318,,40:24,1
2006-07,2203,Shane Battier,Shane,1610612745,HOU,Houston Rockets,0040600175,2007-04-30T00:00:00,HOU vs. UTA,W,39.233333333333334,5,7,0.714,5,7,0.714,0,0,0.0,0,3,3,0,1,2,2,0,1,2,15,9,29.6,0,0,31.0,1,1,1,1,282,378,690,139,4,44,84,863,926,863,834,545,728,986,568,103,55,1,257,552,375,259,402,171,3,318,,39:14,1
2006-07,2403,Nene,ene,1610612743,DEN,Denver Nuggets,0040600164,2007-04-30T00:00:00,DEN vs. SAS,L,40.05,7,9,0.778,0,0,0.0,4,5,0.8,2,5,7,3,2,1,0,0,5,6,18,-7,31.9,0,0,30.0,1,785,785,785,241,201,553,108,543,848,543,231,277,409,229,293,278,287,308,278,457,1,1413,105,272,1179,339,171,3,341,,40:03,1
2006-07,965,Derek Fisher,Derek,1610612762,UTA,Utah Jazz,0040600175,2007-04-30T00:00:00,UTA @ HOU,L,31.685,6,11,0.545,2,2,1.0,3,3,1.0,2,2,4,3,2,1,1,1,4,2,17,6,30.3,0,0,30.0,1,785,785,785,561,288,430,358,122,485,1,334,481,1,229,737,565,287,308,278,141,1066,1206,552,295,364,382,171,3,341,,31:41,1
2006-07,1477,Bruce Bowen,Bruce,1610612759,SAS,San Antonio Spurs,0040600164,2007-04-30T00:00:00,SAS @ DEN,W,39.695,4,8,0.5,2,5,0.4,0,0,0.0,1,3,4,3,0,3,1,0,3,1,10,5,31.3,0,0,27.0,1,1,1,1,261,489,616,409,122,160,309,863,926,863,454,545,565,287,998,32,141,1,912,769,589,416,354,171,3,422,,39:42,1
2006-07,2400,Drew Gooden,Drew,1610612739,CLE,Cleveland Cavaliers,0040600114,2007-04-30T00:00:00,CLE @ WAS,W,36.64666666666667,6,11,0.545,0,1,0.0,2,2,1.0,2,6,8,2,2,1,0,0,5,2,14,6,27.6,0,0,26.0,1,1,1,1,398,288,430,358,543,649,543,459,556,1,229,200,216,423,308,278,457,1,1413,552,410,364,457,171,3,455,,36:39,1
2006-07,436,Juwan Howard,Juwan,1610612745,HOU,Houston Rockets,0040600175,2007-04-30T00:00:00,HOU vs. UTA,W,25.705,6,6,1.0,0,0,0.0,0,0,0.0,4,2,6,3,1,2,0,0,0,0,12,7,28.7,0,0,25.0,1,1,1,1,772,288,766,1,543,848,543,863,926,863,64,737,362,287,568,103,457,1,1,1118,503,322,421,171,3,488,,25:42,1
2006-07,101114,Deron Williams,Deron,1610612762,UTA,Utah Jazz,0040600175,2007-04-30T00:00:00,UTA @ HOU,L,41.3,4,16,0.25,0,3,0.0,5,6,0.833,1,2,3,6,4,1,0,3,1,3,13,-10,24.6,0,0,24.0,1,785,785,785,184,489,175,1112,543,346,543,164,197,382,454,737,728,112,88,278,457,1516,257,396,450,1299,550,171,3,513,,41:18,1
2006-07,1905,Andrei Kirilenko,Andrei,1610612762,UTA,Utah Jazz,0040600175,2007-04-30T00:00:00,UTA @ HOU,L,30.965,4,5,0.8,0,0,0.0,0,0,0.0,1,3,4,5,2,0,3,0,1,1,8,-4,27.3,0,0,23.0,1,785,785,785,584,489,859,99,543,848,543,863,926,863,454,545,565,150,308,701,27,1,257,769,714,1002,469,171,3,542,,30:58,1
2006-07,2246,Mehmet Okur,Mehmet,1610612762,UTA,Utah Jazz,0040600175,2007-04-30T00:00:00,UTA @ HOU,L,37.52166666666667,3,7,0.429,1,4,0.25,2,4,0.5,2,7,9,4,1,0,0,0,6,3,9,-7,24.8,0,0,23.0,1,785,785,785,365,645,690,716,287,236,446,459,332,656,229,147,169,206,568,701,457,1,1524,396,648,1179,540,171,3,542,,37:31,1
2006-07,2225,Tony Parker,Tony,1610612759,SAS,San Antonio Spurs,0040600164,2007-04-30T00:00:00,SAS @ DEN,W,38.06666666666667,7,11,0.636,0,0,0.0,1,1,1.0,0,1,1,4,4,1,0,0,2,1,15,9,21.2,0,0,22.0,1,1,1,1,332,201,430,229,543,848,543,675,861,1,834,965,1101,206,88,278,457,1,563,769,375,259,634,171,3,571,,38:04,1
2006-07,2443,Darius Songaila,Darius,1610612764,WAS,Washington Wizards,0040600114,2007-04-30T00:00:00,WAS vs. CLE,L,19.416666666666668,8,13,0.615,0,0,0.0,0,0,0.0,1,1,2,0,1,0,0,1,3,0,16,-6,17.4,0,0,18.0,1,785,785,785,949,145,316,257,543,848,543,863,926,863,454,965,913,986,568,701,457,1066,912,1118,329,1132,740,171,3,689,,19:25,1
2006-07,101236,Chuck Hayes,Chuck,1610612745,HOU,Houston Rockets,0040600175,2007-04-30T00:00:00,HOU vs. UTA,W,26.63,0,1,0.0,0,0,0.0,0,0,0.0,1,5,6,0,1,3,2,0,3,1,0,-3,21.2,0,0,16.0,1,1,1,1,739,1243,1299,1243,543,848,543,863,926,863,454,293,362,986,568,32,55,1,912,769,1311,937,634,171,3,757,,26:38,1
2006-07,1922,Francisco Elson,Francisco,1610612759,SAS,San Antonio Spurs,0040600164,2007-04-30T00:00:00,SAS @ DEN,W,17.733333333333334,3,5,0.6,0,0,0.0,2,4,0.5,2,4,6,0,0,0,1,0,2,2,8,-4,18.2,0,0,16.0,1,1,1,1,1004,645,859,268,543,848,543,459,332,656,229,389,362,986,998,701,141,1,563,552,714,1002,722,171,3,757,,17:44,1
2006-07,109,Robert Horry,Robert,1610612759,SAS,San Antonio Spurs,0040600164,2007-04-30T00:00:00,SAS @ DEN,W,17.55,2,3,0.667,1,1,1.0,1,2,0.5,2,4,6,2,0,0,0,0,2,2,6,5,16.2,0,0,15.0,1,1,1,1,1011,816,1052,158,287,649,1,675,556,656,229,389,362,423,998,701,457,1,563,552,837,416,785,171,3,792,,17:33,1
2006-07,1723,Matt Harpring,Matt,1610612762,UTA,Utah Jazz,0040600175,2007-04-30T00:00:00,UTA @ HOU,L,21.55,3,7,0.429,0,1,0.0,1,2,0.5,0,4,4,2,2,0,1,0,1,4,7,0,15.8,0,0,15.0,1,785,785,785,879,645,690,716,543,649,543,675,556,656,834,389,565,423,308,701,141,1,257,269,782,715,798,171,3,792,,21:33,1
2006-07,714,Michael Finley,Michael,1610612759,SAS,San Antonio Spurs,0040600164,2007-04-30T00:00:00,SAS @ DEN,W,22.153333333333332,3,11,0.273,2,8,0.25,1,2,0.5,0,3,3,1,1,0,0,0,0,1,9,3,13.1,0,0,15.0,1,1,1,1,864,645,430,1100,122,21,446,675,556,656,834,545,728,646,568,701,457,1,1,769,648,517,894,171,3,792,,22:09,1
2006-07,200794,Paul Millsap,Paul,1610612762,UTA,Utah Jazz,0040600175,2007-04-30T00:00:00,UTA @ HOU,L,10.788333333333334,3,5,0.6,0,0,0.0,0,0,0.0,3,2,5,1,0,0,1,0,2,0,6,3,16.5,0,0,14.0,1,785,785,785,1241,645,859,268,543,848,543,863,926,863,128,737,466,646,998,701,141,1,563,1118,837,517,769,171,3,821,,10:47,1
2006-07,1921,Gordan Giricek,Gordan,1610612762,UTA,Utah Jazz,0040600175,2007-04-30T00:00:00,UTA @ HOU,L,18.5,2,5,0.4,2,2,1.0,0,0,0.0,0,2,2,2,1,0,1,0,0,1,6,-4,13.4,0,0,14.0,1,785,785,785,986,816,859,790,122,485,1,863,926,863,834,737,913,423,568,701,141,1,1,769,837,1002,880,171,3,821,,18:30,1
2006-07,200789,Daniel Gibson,Daniel,1610612739,CLE,Cleveland Cavaliers,0040600114,2007-04-30T00:00:00,CLE @ WAS,W,27.833333333333332,3,4,0.75,2,2,1.0,0,0,0.0,1,2,3,1,0,0,0,0,1,0,8,17,13.1,0,0,14.0,1,1,1,1,692,645,953,115,122,485,1,863,926,863,454,737,728,646,998,701,457,1,257,1118,714,79,894,171,3,821,,27:50,1
2006-07,101154,Andray Blatche,Andray,1610612764,WAS,Washington Wizards,0040600114,2007-04-30T00:00:00,WAS vs. CLE,L,21.053333333333335,3,4,0.75,0,0,0.0,1,1,1.0,2,3,5,0,1,0,0,0,1,1,7,-13,12.0,0,0,12.0,1,785,785,785,894,645,953,115,543,848,543,675,861,1,229,545,466,986,568,701,457,1,257,769,782,1413,934,171,3,907,,21:03,1
2006-07,2059,Eduardo Najera,Eduardo,1610612743,DEN,Denver Nuggets,0040600164,2007-04-30T00:00:00,DEN vs. SAS,L,14.896666666666667,3,5,0.6,0,1,0.0,0,0,0.0,0,3,3,0,0,1,0,0,3,1,6,-10,12.6,0,0,11.0,1,785,785,785,1110,645,859,268,543,649,543,863,926,863,834,545,728,986,998,278,457,1,912,769,837,1299,912,171,3,937,,14:54,1
2006-07,1916,Calvin Booth,Calvin,1610612764,WAS,Washington Wizards,0040600114,2007-04-30T00:00:00,WAS vs. CLE,L,18.351666666666667,2,3,0.667,0,0,0.0,0,0,0.0,2,2,4,1,1,1,0,0,3,1,4,1,12.3,0,0,11.0,1,785,785,785,988,816,1052,158,543,848,543,863,926,863,229,737,565,646,568,278,457,1,912,769,976,656,924,171,3,937,,18:21,1
2006-07,2553,Jarvis Hayes,Jarvis,1610612764,WAS,Washington Wizards,0040600114,2007-04-30T00:00:00,WAS vs. CLE,L,25.763333333333332,1,5,0.2,1,4,0.25,2,2,1.0,0,4,4,1,0,0,0,1,3,2,5,2,11.3,0,0,11.0,1,785,785,785,770,994,859,1169,287,236,446,459,556,1,834,389,565,646,998,701,457,1066,912,552,911,581,960,171,3,937,,25:46,1
2006-07,2041,Etan Thomas,Etan,1610612764,WAS,Washington Wizards,0040600114,2007-04-30T00:00:00,WAS vs. CLE,L,18.233333333333334,2,5,0.4,0,0,0.0,2,2,1.0,0,3,3,0,2,1,0,0,2,1,6,-2,10.6,0,0,11.0,1,785,785,785,992,816,859,790,543,848,543,459,556,1,834,545,728,986,308,278,457,1,563,769,837,865,989,171,3,937,,18:14,1
2006-07,101129,Luther Head,Luther,1610612745,HOU,Houston Rockets,0040600175,2007-04-30T00:00:00,HOU vs. UTA,W,14.616666666666667,3,7,0.429,2,4,0.5,0,0,0.0,0,1,1,0,2,0,0,0,2,0,8,0,7.2,0,0,11.0,1,1,1,1,1120,645,690,716,122,236,153,863,926,863,834,965,1101,986,308,701,457,1,563,1118,714,715,1136,171,3,937,,14:37,1
2006-07,2747,JR Smith,JR,1610612743,DEN,Denver Nuggets,0040600164,2007-04-30T00:00:00,DEN vs. SAS,L,14.47,1,5,0.2,0,4,0.0,0,0,0.0,0,2,2,2,1,2,0,0,1,1,2,-9,12.4,0,0,10.0,1,785,785,785,1123,994,859,1169,543,236,543,863,926,863,834,737,913,423,568,103,457,1,257,769,1125,1258,921,171,3,983,,14:28,1
2006-07,101182,Donell Taylor,Donell,1610612764,WAS,Washington Wizards,0040600114,2007-04-30T00:00:00,WAS vs. CLE,L,15.066666666666666,1,4,0.25,0,0,0.0,1,1,1.0,0,2,2,4,2,0,0,0,2,1,3,0,9.4,0,0,9.0,1,785,785,785,1108,994,953,1112,543,848,543,675,861,1,834,737,913,206,308,701,457,1,563,769,1052,715,1049,171,3,1022,,15:04,1
2006-07,2581,Steve Blake,Steve,1610612743,DEN,Denver Nuggets,0040600164,2007-04-30T00:00:00,DEN vs. SAS,L,34.88333333333333,1,6,0.167,0,2,0.0,0,0,0.0,0,3,3,4,4,0,0,0,1,1,2,2,7.6,0,0,9.0,1,785,785,785,470,994,766,1200,543,485,543,863,926,863,834,545,728,206,88,701,457,1,257,769,1125,581,1120,171,3,1022,,34:53,1
2006-07,2052,DeShawn Stevenson,DeShawn,1610612764,WAS,Washington Wizards,0040600114,2007-04-30T00:00:00,WAS vs. CLE,L,22.266666666666666,0,8,0.0,0,4,0.0,0,0,0.0,0,4,4,1,0,1,0,0,2,2,0,0,9.3,0,0,7.0,1,785,785,785,862,1243,616,1243,543,236,543,863,926,863,834,389,565,646,998,278,457,1,563,552,1311,715,1053,171,3,1113,,22:16,1
2006-07,1521,Jacque Vaughn,Jacque,1610612759,SAS,San Antonio Spurs,0040600164,2007-04-30T00:00:00,SAS @ DEN,W,8.505,3,4,0.75,0,0,0.0,0,0,0.0,0,0,0,1,0,0,0,0,1,0,6,1,7.5,0,0,7.0,1,1,1,1,1297,645,953,115,543,848,543,863,926,863,834,1251,1327,646,998,701,457,1,257,1118,837,656,1126,171,3,1113,,8:30,1
2006-07,2427,Roger Mason Jr.,Roger,1610612764,WAS,Washington Wizards,0040600114,2007-04-30T00:00:00,WAS vs. CLE,L,18.881666666666668,2,5,0.4,1,3,0.333,0,0,0.0,0,1,1,0,1,0,0,0,2,0,5,-8,5.2,0,0,7.0,1,785,785,785,970,816,859,790,287,346,351,863,926,863,834,965,1101,986,568,701,457,1,563,1118,911,1221,1228,171,3,1113,,18:53,1
2006-07,101177,Fabricio Oberto,Fabricio,1610612759,SAS,San Antonio Spurs,0040600164,2007-04-30T00:00:00,SAS @ DEN,W,13.633333333333333,1,2,0.5,0,0,0.0,0,0,0.0,2,2,4,0,0,0,0,0,3,2,2,6,6.8,0,0,6.0,1,1,1,1,1146,994,1167,409,543,848,543,863,926,863,229,737,565,986,998,701,457,1,912,552,1125,364,1157,171,3,1166,,13:38,1
2006-07,2562,Sasha Pavlovic,Sasha,1610612739,CLE,Cleveland Cavaliers,0040600114,2007-04-30T00:00:00,CLE @ WAS,W,14.7,0,4,0.0,0,2,0.0,0,0,0.0,0,1,1,3,2,1,0,0,3,0,0,-7,6.7,0,0,6.0,1,1,1,1,1116,1243,953,1243,543,485,543,863,926,863,834,965,1101,287,308,278,457,1,912,1118,1311,1179,1160,171,3,1166,,14:42,1
2006-07,727,Eric Snow,Eric,1610612739,CLE,Cleveland Cavaliers,0040600114,2007-04-30T00:00:00,CLE @ WAS,W,15.948333333333334,0,1,0.0,0,0,0.0,2,2,1.0,0,0,0,1,0,1,0,0,1,1,2,-3,6.5,0,0,5.0,1,1,1,1,1074,1243,1299,1243,543,848,543,459,556,1,834,1251,1327,646,998,278,457,1,257,769,1125,937,1173,171,3,1212,,15:57,1
2006-07,101132,Linas Kleiza,Linas,1610612743,DEN,Denver Nuggets,0040600164,2007-04-30T00:00:00,DEN vs. SAS,L,16.87,0,2,0.0,0,1,0.0,0,0,0.0,0,3,3,1,0,0,0,0,1,0,0,0,5.1,0,0,4.0,1,785,785,785,1040,1243,1167,1243,543,649,543,863,926,863,834,545,728,646,998,701,457,1,257,1118,1311,715,1242,171,3,1264,,16:52,1
2006-07,923,Donyell Marshall,Donyell,1610612739,CLE,Cleveland Cavaliers,0040600114,2007-04-30T00:00:00,CLE @ WAS,W,4.67,1,2,0.5,1,2,0.5,0,0,0.0,0,0,0,0,1,0,0,0,0,0,3,2,2.0,0,0,4.0,1,1,1,1,1412,994,1167,409,287,485,153,863,926,863,834,1251,1327,986,568,701,457,1,1,1118,1052,581,1379,171,3,1264,,4:40,1
2006-07,2760,Anderson Varejao,Anderson,1610612739,CLE,Cleveland Cavaliers,0040600114,2007-04-30T00:00:00,CLE @ WAS,W,13.0,0,2,0.0,0,0,0.0,0,0,0.0,0,0,0,1,0,1,0,0,1,0,0,-4,4.5,0,0,3.0,1,1,1,1,1166,1243,1167,1243,543,848,543,863,926,863,834,1251,1327,646,998,278,457,1,257,1118,1311,1002,1270,171,3,1315,,13:00,1
2006-07,699,Brent Barry,Brent,1610612759,SAS,San Antonio Spurs,0040600164,2007-04-30T00:00:00,SAS @ DEN,W,12.113333333333333,0,3,0.0,0,3,0.0,0,0,0.0,0,1,1,2,0,0,0,0,1,1,0,4,4.2,0,0,3.0,1,1,1,1,1192,1243,1052,1243,543,346,543,863,926,863,834,965,1101,423,998,701,457,1,257,769,1311,462,1288,171,3,1315,,12:07,1
2006-07,2260,Jarron Collins,Jarron,1610612762,UTA,Utah Jazz,0040600175,2007-04-30T00:00:00,UTA @ HOU,L,10.283333333333333,0,0,0.0,0,0,0.0,0,0,0.0,0,0,0,0,0,1,0,0,2,0,0,3,3.0,0,0,2.0,1,785,785,785,1251,1243,1436,1243,543,848,543,863,926,863,834,1251,1327,986,998,278,457,1,563,1118,1311,517,1337,171,3,1362,,10:17,1
2006-07,87,Dikembe Mutombo,Dikembe,1610612745,HOU,Houston Rockets,0040600175,2007-04-30T00:00:00,HOU vs. UTA,W,4.866666666666666,0,0,0.0,0,0,0.0,0,0,0.0,0,1,1,0,0,0,0,0,2,0,0,2,1.2,0,0,1.0,1,1,1,1,1405,1243,1436,1243,543,848,543,863,926,863,834,965,1101,986,998,701,457,1,563,1118,1311,581,1421,171,3,1423,,4:52,1
2006-07,1913,Michael Ruffin,Michael,1610612764,WAS,Washington Wizards,0040600114,2007-04-30T00:00:00,WAS vs. CLE,L,0.33666666666666667,0,0,0.0,0,0,0.0,0,0,0.0,0,0,0,0,0,0,0,0,0,0,0,0,0.0,0,0,0.0,1,785,785,785,1546,1243,1436,1243,543,848,543,863,926,863,834,1251,1327,986,998,701,457,1,1,1118,1311,715,1461,171,3,1463,,0:20,1
2006-07,1956,Ira Newble,Ira,1610612739,CLE,Cleveland Cavaliers,0040600114,2007-04-30T00:00:00,CLE @ WAS,W,0.38333333333333336,0,0,0.0,0,0,0.0,0,0,0.0,0,0,0,0,0,0,0,0,0,0,0,-2,0.0,0,0,0.0,1,1,1,1,1545,1243,1436,1243,543,848,543,863,926,863,834,1251,1327,986,998,701,457,1,1,1118,1311,865,1461,171,3,1463,,0:23,1
2006-07,2745,Kirk Snyder,Kirk,1610612745,HOU,Houston Rockets,0040600175,2007-04-30T00:00:00,HOU vs. UTA,W,3.05,0,1,0.0,0,1,0.0,0,0,0.0,0,0,0,0,0,0,0,0,0,0,0,-3,0.0,0,0,0.0,1,1,1,1,1453,1243,1299,1243,543,649,543,863,926,863,834,1251,1327,986,998,701,457,1,1,1118,1311,937,1461,171,3,1463,,3:03,1
2006-07,2405,Amar'e Stoudemire,Amar'e,1610612756,PHX,Phoenix Suns,0040600154,2007-04-29T00:00:00,PHX @ LAL,W,41.75666666666667,10,20,0.5,0,0,0.0,7,10,0.7,4,17,21,0,5,2,1,2,4,8,27,16,56.2,1,0,54.0,1,1,1,1,168,57,67,409,543,848,543,82,57,551,64,1,1,986,39,103,141,1423,1206,34,59,97,31,1,3,21,,41:45,1
2006-07,977,Kobe Bryant,Kobe,1610612747,LAL,Los Angeles Lakers,0040600154,2007-04-29T00:00:00,LAL vs. PHX,L,46.36666666666667,12,25,0.48,1,5,0.2,6,6,1.0,0,7,7,9,6,2,1,0,2,8,31,-9,55.9,0,0,54.0,1,785,785,785,14,18,14,613,287,160,492,120,197,1,834,147,278,43,17,103,141,1,563,34,26,1258,33,171,3,21,,46:22,1
2006-07,1884,Baron Davis,Baron,1610612744,GSW,Golden State Warriors,0040600144,2007-04-29T00:00:00,GSW vs. DAL,W,44.03333333333333,12,17,0.706,3,4,0.75,6,12,0.5,2,6,8,4,2,2,1,2,4,8,33,-1,55.6,0,0,54.0,1,1,1,1,93,18,145,148,43,236,71,120,28,656,229,200,216,206,308,103,141,1423,1206,34,14,812,35,171,3,21,,44:02,1
2006-07,1717,Dirk Nowitzki,Dirk,1610612742,DAL,Dallas Mavericks,0040600144,2007-04-29T00:00:00,DAL @ GSW,L,47.14833333333333,9,19,0.474,2,5,0.4,3,4,0.75,6,9,15,3,3,4,1,0,5,6,23,3,57.5,1,0,53.0,1,785,785,785,7,92,85,617,122,160,309,334,332,449,12,56,23,287,161,8,141,1,1413,105,133,517,28,1,3,27,,47:09,1
2006-07,467,Jason Kidd,Jason,1610612751,NJN,New Jersey Nets,0040600124,2007-04-29T00:00:00,NJN vs. TOR,W,28.745,6,10,0.6,5,6,0.833,0,0,0.0,2,6,8,13,2,2,1,2,0,0,17,25,53.1,1,0,49.0,1,1,1,1,654,288,500,268,4,99,65,863,926,863,229,200,216,14,308,103,141,1423,1,1118,295,20,45,1,3,44,,28:45,1
2006-07,959,Steve Nash,Steve,1610612756,PHX,Phoenix Suns,0040600154,2007-04-29T00:00:00,PHX @ LAL,W,39.083333333333336,6,15,0.4,1,2,0.5,4,4,1.0,1,0,1,23,3,2,1,0,3,3,17,18,58.7,1,0,48.0,1,1,1,1,293,288,216,790,287,485,153,231,332,1,454,1251,1101,1,161,103,141,1,912,396,295,69,22,1,3,51,,39:05,1
2006-07,1713,Vince Carter,Vince,1610612751,NJN,New Jersey Nets,0040600124,2007-04-29T00:00:00,NJN vs. TOR,W,29.83,9,15,0.6,5,8,0.625,4,9,0.444,0,7,7,7,2,0,1,0,3,8,27,38,46.9,0,0,48.0,1,1,1,1,619,92,216,268,4,21,127,231,76,825,834,147,278,78,308,701,141,1,912,34,59,1,98,171,3,51,,29:50,1
2006-07,2736,Luol Deng,Luol,1610612741,CHI,Chicago Bulls,0040600134,2007-04-29T00:00:00,CHI @ MIA,W,43.45,10,18,0.556,0,0,0.0,2,3,0.667,3,9,12,1,1,4,0,0,0,3,22,13,48.9,1,0,43.0,1,1,1,1,113,57,119,344,543,848,543,459,481,556,128,56,59,646,568,8,457,1,1,396,160,145,77,1,3,100,,43:27,1
2006-07,2572,Josh Howard,Josh,1610612742,DAL,Dallas Mavericks,0040600144,2007-04-29T00:00:00,DAL @ GSW,L,46.36666666666667,9,13,0.692,1,1,1.0,3,3,1.0,4,8,12,4,1,0,2,0,4,3,22,-2,47.4,1,0,43.0,1,785,785,785,14,92,316,154,287,649,1,334,481,1,64,90,59,206,568,701,55,1,1206,396,160,865,92,1,3,100,,46:22,1
2006-07,2548,Dwyane Wade,Dwyane,1610612748,MIA,Miami Heat,0040600134,2007-04-29T00:00:00,MIA vs. CHI,L,45.19166666666667,8,22,0.364,0,2,0.0,8,9,0.889,2,3,5,10,7,0,1,1,5,9,24,-10,41.0,1,0,41.0,1,785,785,785,40,145,38,910,543,485,543,54,76,343,229,545,466,31,8,701,141,1066,1413,15,110,1299,165,1,3,130,,45:12,1
2006-07,1885,Lamar Odom,Lamar,1610612747,LAL,Los Angeles Lakers,0040600154,2007-04-29T00:00:00,LAL vs. PHX,L,35.56666666666667,8,19,0.421,1,5,0.2,2,6,0.333,2,11,13,5,2,0,1,1,3,4,19,-13,43.1,1,0,40.0,1,785,785,785,437,145,85,755,287,160,492,459,197,833,229,22,42,150,308,701,141,1066,912,269,246,1413,142,1,3,148,,35:34,1
2006-07,2732,Ben Gordon,Ben,1610612741,CHI,Chicago Bulls,0040600134,2007-04-29T00:00:00,CHI @ MIA,W,45.141666666666666,6,16,0.375,3,7,0.429,9,10,0.9,1,1,2,4,2,3,0,1,3,8,24,8,39.4,0,0,39.0,1,1,1,1,42,288,175,876,43,44,286,33,57,336,454,965,913,206,308,32,457,1066,912,34,110,288,197,171,3,170,,45:09,1
2006-07,1890,Shawn Marion,Shawn,1610612756,PHX,Phoenix Suns,0040600154,2007-04-29T00:00:00,PHX @ LAL,W,43.11666666666667,10,15,0.667,0,3,0.0,2,6,0.333,5,6,11,1,2,2,0,1,3,5,22,19,40.7,1,0,38.0,1,1,1,1,122,57,216,158,543,346,543,459,197,833,31,200,91,646,308,103,457,1066,912,168,160,53,171,1,3,194,,43:07,1
2006-07,2202,Jason Richardson,Jason,1610612744,GSW,Golden State Warriors,0040600144,2007-04-29T00:00:00,GSW vs. DAL,W,41.73166666666667,7,15,0.467,2,6,0.333,6,8,0.75,2,3,5,1,2,4,0,2,4,5,22,0,39.5,0,0,38.0,1,1,1,1,170,201,216,627,122,99,351,120,103,449,229,545,466,646,308,8,457,1423,1206,168,160,715,194,171,3,194,,41:44,1
2006-07,711,Jerry Stackhouse,Jerry,1610612742,DAL,Dallas Mavericks,0040600144,2007-04-29T00:00:00,DAL @ GSW,L,35.85,6,14,0.429,3,8,0.375,9,10,0.9,0,3,3,3,4,0,1,1,2,5,24,-7,31.1,0,0,35.0,1,785,785,785,427,288,261,716,43,21,342,33,57,336,834,545,728,287,88,701,141,1066,563,168,110,1179,358,171,3,244,,35:51,1
2006-07,1899,James Posey,James,1610612748,MIA,Miami Heat,0040600134,2007-04-29T00:00:00,MIA vs. CHI,L,44.43333333333333,1,8,0.125,1,6,0.167,2,2,1.0,1,17,18,2,2,1,2,0,4,2,5,-16,36.6,0,0,32.0,1,785,785,785,74,994,616,1231,287,99,516,459,556,1,454,1,7,423,308,278,55,1,1206,552,911,1477,250,171,3,296,,44:26,1
2006-07,2210,Richard Jefferson,Richard,1610612751,NJN,New Jersey Nets,0040600124,2007-04-29T00:00:00,NJN vs. TOR,W,30.916666666666668,8,15,0.533,1,5,0.2,6,6,1.0,0,3,3,2,1,1,0,1,1,5,23,22,31.6,0,0,31.0,1,1,1,1,590,145,216,382,287,160,492,120,197,1,834,545,728,423,568,278,457,1066,257,168,133,30,345,171,3,318,,30:55,1
2006-07,1536,Stephen Jackson,Stephen,1610612744,GSW,Golden State Warriors,0040600144,2007-04-29T00:00:00,GSW vs. DAL,W,40.583333333333336,6,14,0.429,3,7,0.429,4,4,1.0,0,2,2,3,1,0,2,1,2,4,19,-4,30.9,0,0,31.0,1,1,1,1,218,288,261,716,43,44,286,231,332,1,834,737,913,287,568,701,55,1066,563,269,246,1002,365,171,3,318,,40:35,1
2006-07,1891,Jason Terry,Jason,1610612742,DAL,Dallas Mavericks,0040600144,2007-04-29T00:00:00,DAL @ GSW,L,42.13333333333333,7,19,0.368,3,8,0.375,2,4,0.5,1,3,4,5,3,0,0,1,3,3,19,-2,28.3,0,0,31.0,1,785,785,785,153,201,85,905,43,21,342,459,332,656,454,545,565,150,161,701,457,1066,912,396,246,865,437,171,3,318,,42:08,1
2006-07,1112,Ben Wallace,Ben,1610612741,CHI,Chicago Bulls,0040600134,2007-04-29T00:00:00,CHI @ MIA,W,35.608333333333334,3,6,0.5,0,0,0.0,7,8,0.875,2,9,11,2,1,1,1,0,4,7,13,10,34.2,1,0,30.0,1,1,1,1,435,645,766,409,543,848,543,82,103,348,229,56,91,423,568,278,141,1,1206,69,450,227,298,1,3,341,,35:37,1
2006-07,2554,Mickael Pietrus,Mickael,1610612744,GSW,Golden State Warriors,0040600144,2007-04-29T00:00:00,GSW vs. DAL,W,26.93166666666667,4,9,0.444,2,6,0.333,6,8,0.75,1,4,5,1,1,2,1,0,3,5,16,0,31.5,0,0,30.0,1,1,1,1,723,489,553,682,122,99,351,120,103,449,454,389,466,646,568,103,141,1,912,168,329,715,349,171,3,341,,26:56,1
2006-07,2551,T.J. Ford,T.J.,1610612761,TOR,Toronto Raptors,0040600124,2007-04-29T00:00:00,TOR @ NJN,L,22.583333333333332,6,16,0.375,1,2,0.5,0,0,0.0,1,1,2,5,4,3,1,1,1,0,13,-25,30.9,0,0,29.0,1,785,785,785,853,288,175,876,287,485,153,863,926,863,454,965,913,150,88,32,141,1066,257,1118,450,1553,365,171,3,363,,22:35,1
2006-07,200745,Andrea Bargnani,Andrea,1610612761,TOR,Toronto Raptors,0040600124,2007-04-29T00:00:00,TOR @ NJN,L,39.96666666666667,5,8,0.625,2,4,0.5,4,4,1.0,1,3,4,4,3,1,0,0,4,6,16,-27,26.8,0,0,28.0,1,785,785,785,247,378,616,240,122,236,153,231,332,1,454,545,565,206,161,278,457,1,1206,105,329,1557,483,171,3,391,,39:58,1
2006-07,406,Shaquille O'Neal,Shaquille,1610612748,MIA,Miami Heat,0040600134,2007-04-29T00:00:00,MIA vs. CHI,L,30.675,8,14,0.571,0,0,0.0,0,7,0.0,3,4,7,0,3,0,2,0,3,5,16,-12,27.4,0,0,27.0,1,785,785,785,595,145,261,310,543,848,543,863,154,863,128,389,278,986,161,701,55,1,912,168,329,1378,466,171,3,422,,30:41,1
2006-07,2571,Leandro Barbosa,Leandro,1610612756,PHX,Phoenix Suns,0040600154,2007-04-29T00:00:00,PHX @ LAL,W,29.35,3,12,0.25,2,9,0.222,8,8,1.0,1,2,3,2,2,2,0,1,2,5,16,3,26.6,0,0,27.0,1,1,1,1,630,645,370,1112,122,12,490,54,103,1,454,737,728,423,308,103,457,1066,563,168,329,517,485,171,3,422,,29:21,1
2006-07,2547,Chris Bosh,Chris,1610612761,TOR,Toronto Raptors,0040600124,2007-04-29T00:00:00,TOR @ NJN,L,32.0,5,12,0.417,0,1,0.0,3,3,1.0,2,8,10,1,3,0,1,0,3,2,13,-32,26.5,1,0,26.0,1,785,785,785,554,378,370,762,543,649,543,334,481,1,229,90,122,646,161,701,141,1,912,552,450,1561,491,1,3,455,,32:00,1
2006-07,2205,DeSagana Diop,DeSagana,1610612742,DAL,Dallas Mavericks,0040600144,2007-04-29T00:00:00,DAL @ GSW,L,27.851666666666667,1,3,0.333,0,0,0.0,0,0,0.0,3,10,13,0,1,0,4,0,5,1,2,0,28.6,0,0,23.0,1,785,785,785,690,994,1052,951,543,848,543,863,926,863,128,37,42,986,568,701,16,1,1413,769,1125,715,425,171,3,542,,27:51,1
2006-07,1952,Raja Bell,Raja,1610612756,PHX,Phoenix Suns,0040600154,2007-04-29T00:00:00,PHX @ LAL,W,37.873333333333335,2,6,0.333,1,3,0.333,2,2,1.0,0,4,4,5,0,3,0,1,5,1,7,12,28.3,0,0,23.0,1,1,1,1,341,816,766,951,287,346,351,459,556,1,834,389,565,150,998,32,457,1066,1413,769,782,171,437,171,3,542,,37:52,1
2006-07,2550,Kirk Hinrich,Kirk,1610612741,CHI,Chicago Bulls,0040600134,2007-04-29T00:00:00,CHI @ MIA,W,31.341666666666665,2,12,0.167,2,6,0.333,0,0,0.0,1,2,3,4,0,2,1,0,4,4,6,4,24.6,0,0,21.0,1,1,1,1,570,816,370,1200,122,99,351,863,926,863,454,737,728,206,998,103,141,1,1206,269,837,462,550,171,3,604,,31:21,1
2006-07,2617,Udonis Haslem,Udonis,1610612748,MIA,Miami Heat,0040600134,2007-04-29T00:00:00,MIA vs. CHI,L,32.025,4,9,0.444,0,0,0.0,0,0,0.0,4,6,10,1,1,0,1,0,5,0,8,-4,23.5,0,0,21.0,1,785,785,785,552,489,553,682,543,848,543,863,926,863,64,200,122,646,568,701,141,1,1413,1118,714,1002,585,171,3,604,,32:02,1
2006-07,2804,Andres Nocioni,Andres,1610612741,CHI,Chicago Bulls,0040600134,2007-04-29T00:00:00,CHI @ MIA,W,26.391666666666666,4,14,0.286,2,5,0.4,1,2,0.5,0,5,5,1,0,1,0,2,2,4,11,10,21.5,0,0,21.0,1,1,1,1,750,489,261,1081,122,160,309,675,556,656,834,293,466,646,998,278,457,1423,563,269,537,227,628,171,3,604,,26:24,1
2006-07,2440,Matt Barnes,Matt,1610612744,GSW,Golden State Warriors,0040600144,2007-04-29T00:00:00,GSW vs. DAL,W,26.633333333333333,3,8,0.375,2,5,0.4,0,0,0.0,2,5,7,3,1,0,0,1,2,0,8,22,19.9,0,0,20.0,1,1,1,1,738,645,616,876,122,160,309,863,926,863,229,293,278,287,568,701,457,1066,563,1118,714,30,668,171,3,626,,26:38,1
2006-07,2230,Maurice Evans,Maurice,1610612747,LAL,Los Angeles Lakers,0040600154,2007-04-29T00:00:00,LAL vs. PHX,L,19.366666666666667,4,8,0.5,3,4,0.75,0,0,0.0,0,2,2,2,0,1,0,1,2,0,11,-4,19.4,0,0,20.0,1,785,785,785,952,489,616,409,43,236,71,863,926,863,834,737,913,423,998,278,457,1066,563,1118,537,1002,693,171,3,626,,19:22,1
2006-07,2575,Luke Walton,Luke,1610612747,LAL,Los Angeles Lakers,0040600154,2007-04-29T00:00:00,LAL vs. PHX,L,25.366666666666667,4,11,0.364,2,5,0.4,0,0,0.0,1,1,2,2,7,2,0,0,2,0,10,-12,14.4,0,0,20.0,1,785,785,785,781,489,430,910,122,160,309,863,926,863,454,965,913,423,8,103,457,1,563,1118,589,1378,848,171,3,626,,25:22,1
2006-07,2411,Bostjan Nachbar,Bostjan,1610612751,NJN,New Jersey Nets,0040600124,2007-04-29T00:00:00,NJN vs. TOR,W,20.25,4,8,0.5,3,4,0.75,0,0,0.0,0,3,3,1,1,0,0,0,5,1,11,1,15.1,0,0,18.0,1,1,1,1,926,489,616,409,43,236,71,863,926,863,834,545,728,646,568,701,457,1,1413,769,537,656,818,171,3,689,,20:15,1
2006-07,2564,Boris Diaw,Boris,1610612756,PHX,Phoenix Suns,0040600154,2007-04-29T00:00:00,PHX @ LAL,W,26.06,4,10,0.4,0,2,0.0,1,1,1.0,0,1,1,3,0,1,1,1,2,2,9,-1,20.7,0,0,17.0,1,1,1,1,760,489,500,790,543,485,543,675,861,1,834,965,1101,287,998,278,141,1066,563,552,648,812,648,171,3,725,,26:04,1
2006-07,101120,Antoine Wright,Antoine,1610612751,NJN,New Jersey Nets,0040600124,2007-04-29T00:00:00,NJN vs. TOR,W,26.6,2,6,0.333,0,1,0.0,2,2,1.0,1,5,6,1,0,1,1,0,3,1,6,-4,20.7,0,0,17.0,1,1,1,1,741,816,766,951,543,649,543,459,556,1,454,293,362,646,998,278,141,1,912,769,837,1002,648,171,3,725,,26:36,1
2006-07,2592,James Jones,James,1610612756,PHX,Phoenix Suns,0040600154,2007-04-29T00:00:00,PHX @ LAL,W,15.8,4,5,0.8,3,4,0.75,0,0,0.0,0,3,3,0,0,0,0,0,0,1,11,-2,14.6,0,0,17.0,1,1,1,1,1079,489,859,99,43,236,71,863,926,863,834,545,728,986,998,701,457,1,1,769,537,865,840,171,3,725,,15:48,1
2006-07,1630,Mikki Moore,Mikki,1610612751,NJN,New Jersey Nets,0040600124,2007-04-29T00:00:00,NJN vs. TOR,W,32.1,3,7,0.429,0,0,0.0,0,0,0.0,1,6,7,1,2,0,1,0,5,1,6,26,16.9,0,0,16.0,1,1,1,1,550,645,690,716,543,848,543,863,926,863,454,200,278,646,308,701,141,1,1413,769,837,10,753,171,3,757,,32:06,1
2006-07,2413,Juan Dixon,Juan,1610612761,TOR,Toronto Raptors,0040600124,2007-04-29T00:00:00,TOR @ NJN,L,26.833333333333332,4,9,0.444,0,1,0.0,0,0,0.0,0,2,2,2,3,2,0,1,2,0,8,1,16.4,0,0,16.0,1,785,785,785,728,489,553,682,543,649,543,863,926,863,834,737,913,423,161,103,457,1066,563,1118,714,656,775,171,3,757,,26:50,1
2006-07,297,Alonzo Mourning,Alonzo,1610612748,MIA,Miami Heat,0040600134,2007-04-29T00:00:00,MIA vs. CHI,L,16.438333333333333,6,6,1.0,0,0,0.0,2,7,0.286,0,2,2,0,0,0,0,0,3,4,14,-2,16.4,0,0,16.0,1,785,785,785,1057,288,766,1,543,848,543,459,154,849,834,737,913,986,998,701,457,1,912,269,410,865,775,171,3,757,,16:26,1
2006-07,2198,Kwame Brown,Kwame,1610612747,LAL,Los Angeles Lakers,0040600154,2007-04-29T00:00:00,LAL vs. PHX,L,29.466666666666665,4,6,0.667,0,0,0.0,1,1,1.0,3,1,4,0,2,0,1,1,5,3,9,-14,14.8,0,0,15.0,1,785,785,785,628,489,766,158,543,848,543,675,861,1,128,965,565,986,308,701,141,1066,1413,396,648,1440,829,171,3,792,,29:28,1
2006-07,136,P.J. Brown,P.J.,1610612741,CHI,Chicago Bulls,0040600134,2007-04-29T00:00:00,CHI @ MIA,W,18.8,4,10,0.4,0,0,0.0,0,1,0.0,1,4,5,1,0,0,0,3,2,1,8,3,15.5,0,0,14.0,1,1,1,1,974,489,500,790,543,848,543,863,861,863,454,389,466,646,998,701,457,1516,563,769,714,517,809,171,3,821,,18:48,1
2006-07,101121,Joey Graham,Joey,1610612761,TOR,Toronto Raptors,0040600124,2007-04-29T00:00:00,TOR @ NJN,L,16.0,2,4,0.5,0,1,0.0,2,3,0.667,0,4,4,0,2,2,0,0,2,4,6,11,14.8,0,0,14.0,1,785,785,785,1069,816,953,409,543,649,543,459,481,556,834,389,565,986,308,103,457,1,563,269,837,198,829,171,3,821,,16:00,1
2006-07,2734,Devin Harris,Devin,1610612742,DAL,Dallas Mavericks,0040600144,2007-04-29T00:00:00,DAL @ GSW,L,19.916666666666668,3,5,0.6,0,0,0.0,2,3,0.667,0,1,1,3,3,1,0,0,5,4,8,0,13.7,0,0,14.0,1,785,785,785,936,645,859,268,543,848,543,459,481,556,834,965,1101,287,161,278,457,1,1413,269,714,715,870,171,3,821,,19:55,1
2006-07,2768,Chris Duhon,Chris,1610612741,CHI,Chicago Bulls,0040600134,2007-04-29T00:00:00,CHI @ MIA,W,18.725,2,4,0.5,2,3,0.667,0,0,0.0,1,0,1,3,0,0,0,0,2,0,6,12,11.7,0,0,12.0,1,1,1,1,979,816,953,409,122,346,86,863,926,863,454,1251,1101,287,998,701,457,1,563,1118,837,171,946,171,3,907,,18:44,1
2006-07,2470,Smush Parker,Smush,1610612747,LAL,Los Angeles Lakers,0040600154,2007-04-29T00:00:00,LAL vs. PHX,L,19.716666666666665,2,5,0.4,1,3,0.333,4,4,1.0,2,0,2,0,1,0,0,0,2,3,9,-3,10.4,0,0,12.0,1,785,785,785,943,816,859,790,287,346,351,231,332,1,229,1251,913,986,568,701,457,1,563,396,648,937,1001,171,3,907,,19:43,1
2006-07,2743,Kris Humphries,Kris,1610612761,TOR,Toronto Raptors,0040600124,2007-04-29T00:00:00,TOR @ NJN,L,14.25,1,2,0.5,0,0,0.0,2,6,0.333,1,3,4,1,1,0,1,0,2,4,4,7,12.3,0,0,11.0,1,785,785,785,1129,994,1167,409,543,848,543,459,197,833,454,545,565,646,568,701,141,1,563,269,976,322,924,171,3,937,,14:15,1
2006-07,1742,Shammond Williams,Shammond,1610612747,LAL,Los Angeles Lakers,0040600154,2007-04-29T00:00:00,LAL vs. PHX,L,19.833333333333332,3,6,0.5,1,3,0.333,0,0,0.0,1,0,1,2,0,0,0,1,1,0,7,1,11.2,0,0,11.0,1,785,785,785,939,645,766,409,287,346,351,863,926,863,454,1251,1101,423,998,701,457,1066,257,1118,782,656,963,171,3,937,,19:50,1
2006-07,1715,Jason Williams,Jason,1610612748,MIA,Miami Heat,0040600134,2007-04-29T00:00:00,MIA vs. CHI,L,23.591666666666665,2,6,0.333,1,3,0.333,0,0,0.0,0,1,1,4,1,0,0,1,3,0,5,0,11.2,0,0,11.0,1,785,785,785,829,816,766,951,287,346,351,863,926,863,834,965,1101,206,568,701,457,1066,912,1118,911,715,963,171,3,937,,23:36,1
2006-07,101181,Jose Calderon,Jose,1610612761,TOR,Toronto Raptors,0040600124,2007-04-29T00:00:00,TOR @ NJN,L,20.016666666666666,2,6,0.333,0,1,0.0,2,2,1.0,0,1,1,4,3,0,0,1,3,3,6,-4,10.2,0,0,11.0,1,785,785,785,931,816,766,951,543,649,543,459,556,1,834,965,1101,206,161,701,457,1066,912,396,837,1002,1011,171,3,937,,20:01,1
2006-07,2215,Jason Collins,Jason,1610612751,NJN,New Jersey Nets,0040600124,2007-04-29T00:00:00,NJN vs. TOR,W,23.831666666666667,1,2,0.5,0,0,0.0,0,0,0.0,2,0,2,0,2,3,0,0,1,2,2,28,11.4,0,0,10.0,1,1,1,1,821,994,1167,409,543,848,543,863,926,863,229,1251,913,986,308,32,457,1,257,552,1125,5,956,171,3,983,,23:50,1
2006-07,200766,Marcus Williams,Marcus,1610612751,NJN,New Jersey Nets,0040600124,2007-04-29T00:00:00,NJN vs. TOR,W,19.255,2,8,0.25,0,3,0.0,1,1,1.0,1,0,1,2,6,1,0,0,1,3,5,-4,6.2,0,0,10.0,1,1,1,1,956,816,616,1112,543,346,543,675,861,1,454,1251,1101,423,17,278,457,1,257,396,911,1002,1185,171,3,983,,19:15,1
2006-07,2739,Luke Jackson,Luke,1610612761,TOR,Toronto Raptors,0040600124,2007-04-29T00:00:00,TOR @ NJN,L,5.783333333333333,0,0,0.0,0,0,0.0,4,4,1.0,1,4,5,0,1,0,0,0,1,2,4,8,9.0,0,0,9.0,1,785,785,785,1370,1243,1436,1243,543,848,543,231,332,1,454,389,466,986,568,701,457,1,257,552,976,288,1061,171,3,1022,,5:47,1
2006-07,2740,Andris Biedrins,Andris,1610612744,GSW,Golden State Warriors,0040600144,2007-04-29T00:00:00,GSW vs. DAL,W,23.285,2,4,0.5,0,0,0.0,0,3,0.0,2,2,4,1,2,0,0,1,4,4,4,-11,8.3,0,0,9.0,1,1,1,1,840,816,953,409,543,848,543,863,481,863,229,737,565,646,308,701,457,1066,1206,269,976,1341,1093,171,3,1022,,23:17,1
2006-07,952,Antoine Walker,Antoine,1610612748,MIA,Miami Heat,0040600134,2007-04-29T00:00:00,MIA vs. CHI,L,15.278333333333334,1,4,0.25,1,4,0.25,1,2,0.5,0,2,2,1,0,0,0,0,0,1,4,-4,7.9,0,0,8.0,1,785,785,785,1099,994,953,1112,287,236,446,675,556,656,834,737,913,646,998,701,457,1,1,769,976,1002,1108,171,3,1070,,15:17,1
2006-07,1515,Anthony Parker,Anthony,1610612761,TOR,Toronto Raptors,0040600124,2007-04-29T00:00:00,TOR @ NJN,L,28.233333333333334,1,6,0.167,0,2,0.0,3,4,0.75,1,2,3,0,1,0,0,1,2,2,5,-22,7.6,0,0,8.0,1,785,785,785,674,994,766,1200,543,485,543,334,332,449,454,737,728,986,568,701,457,1066,563,552,911,1538,1120,171,3,1070,,28:14,1
2006-07,101115,Andrew Bynum,Andrew,1610612747,LAL,Los Angeles Lakers,0040600154,2007-04-29T00:00:00,LAL vs. PHX,L,13.166666666666666,0,1,0.0,0,0,0.0,0,0,0.0,0,3,3,0,0,0,2,0,2,0,0,-3,9.6,0,0,7.0,1,785,785,785,1161,1243,1299,1243,543,848,543,863,926,863,834,545,728,986,998,701,55,1,563,1118,1311,937,1039,171,3,1113,,13:10,1
2006-07,2050,Morris Peterson,Morris,1610612761,TOR,Toronto Raptors,0040600124,2007-04-29T00:00:00,TOR @ NJN,L,18.733333333333334,1,2,0.5,0,0,0.0,0,0,0.0,1,2,3,0,0,0,1,0,2,1,2,-11,8.6,0,0,7.0,1,785,785,785,977,994,1167,409,543,848,543,863,926,863,454,737,728,986,998,701,141,1,563,769,1125,1341,1074,171,3,1113,,18:44,1
2006-07,2574,Jason Kapono,Jason,1610612748,MIA,Miami Heat,0040600134,2007-04-29T00:00:00,MIA vs. CHI,L,12.433333333333334,1,3,0.333,1,2,0.5,0,0,0.0,0,1,1,0,1,1,0,0,3,1,3,-8,6.2,0,0,7.0,1,785,785,785,1184,994,1052,951,287,485,153,863,926,863,834,965,1101,986,568,278,457,1,912,769,1052,1221,1185,171,3,1113,,12:26,1
2006-07,200767,Josh Boone,Josh,1610612751,NJN,New Jersey Nets,0040600124,2007-04-29T00:00:00,NJN vs. TOR,W,16.905,0,3,0.0,0,0,0.0,3,4,0.75,1,2,3,0,0,0,0,1,2,3,3,-11,6.6,0,0,6.0,1,1,1,1,1037,1243,1052,1243,543,848,543,334,332,449,454,737,728,986,998,701,457,1066,563,396,1052,1341,1163,171,3,1166,,16:54,1
2006-07,703,Kurt Thomas,Kurt,1610612756,PHX,Phoenix Suns,0040600154,2007-04-29T00:00:00,PHX @ LAL,W,6.96,2,3,0.667,0,0,0.0,0,0,0.0,0,0,0,0,2,0,1,0,1,0,4,0,5.0,0,0,6.0,1,1,1,1,1340,816,1052,158,543,848,543,863,926,863,834,1251,1327,986,308,701,141,1,257,1118,976,715,1243,171,3,1166,,6:58,1
2006-07,239,Darrick Martin,Darrick,1610612761,TOR,Toronto Raptors,0040600124,2007-04-29T00:00:00,TOR @ NJN,L,5.4,0,1,0.0,0,1,0.0,2,2,1.0,0,1,1,2,0,0,0,0,0,1,2,8,6.2,0,0,5.0,1,785,785,785,1384,1243,1299,1243,543,649,543,459,556,1,834,965,1101,423,998,701,457,1,1,769,1125,288,1185,171,3,1212,,5:24,1
2006-07,2774,Bernard Robinson,Bernard,1610612751,NJN,New Jersey Nets,0040600124,2007-04-29T00:00:00,NJN vs. TOR,W,5.783333333333333,0,1,0.0,0,0,0.0,0,0,0.0,0,1,1,2,1,1,0,0,2,0,0,-8,6.2,0,0,5.0,1,1,1,1,1370,1243,1299,1243,543,848,543,863,926,863,834,965,1101,423,568,278,457,1,563,1118,1311,1221,1185,171,3,1212,,5:47,1
2006-07,1761,Greg Buckner,Greg,1610612742,DAL,Dallas Mavericks,0040600144,2007-04-29T00:00:00,DAL @ GSW,L,5.2716666666666665,0,4,0.0,0,1,0.0,1,2,0.5,1,0,1,0,0,1,0,2,1,1,1,-9,5.2,0,0,4.0,1,785,785,785,1391,1243,953,1243,543,649,543,675,556,656,454,1251,1101,986,998,278,457,1423,257,769,1285,1258,1228,171,3,1264,,5:16,1
2006-07,2756,Sasha Vujacic,Sasha,1610612747,LAL,Los Angeles Lakers,0040600154,2007-04-29T00:00:00,LAL vs. PHX,L,5.816666666666666,1,1,1.0,0,0,0.0,0,0,0.0,0,0,0,0,0,1,0,0,0,1,2,-4,5.0,0,0,4.0,1,785,785,785,1369,994,1299,1,543,848,543,863,926,863,834,1251,1327,986,998,278,457,1,1,769,1125,1002,1243,171,3,1264,,5:49,1
2006-07,2124,Malik Allen,Malik,1610612741,CHI,Chicago Bulls,0040600134,2007-04-29T00:00:00,CHI @ MIA,W,9.758333333333333,1,2,0.5,0,0,0.0,0,0,0.0,1,0,1,1,0,0,0,0,2,0,2,-2,4.7,0,0,4.0,1,1,1,1,1270,994,1167,409,543,848,543,863,926,863,454,1251,1101,646,998,701,457,1,563,1118,1125,865,1264,171,3,1264,,9:46,1
2006-07,200770,Jordan Farmar,Jordan,1610612747,LAL,Los Angeles Lakers,0040600154,2007-04-29T00:00:00,LAL vs. PHX,L,12.816666666666666,0,3,0.0,0,1,0.0,0,0,0.0,0,3,3,1,1,0,0,0,2,0,0,-8,4.1,0,0,4.0,1,785,785,785,1170,1243,1052,1243,543,649,543,863,926,863,834,545,728,646,568,701,457,1,563,1118,1311,1221,1297,171,3,1264,,12:49,1
2006-07,1733,Al Harrington,Al,1610612744,GSW,Golden State Warriors,0040600144,2007-04-29T00:00:00,GSW vs. DAL,W,13.983333333333333,0,2,0.0,0,2,0.0,1,2,0.5,1,1,2,1,1,0,0,0,4,1,1,8,3.9,0,0,4.0,1,1,1,1,1135,1243,1167,1243,543,485,543,675,556,656,454,965,913,646,568,701,457,1,1206,769,1285,288,1305,171,3,1264,,13:59,1
2006-07,101145,Monta Ellis,Monta,1610612744,GSW,Golden State Warriors,0040600144,2007-04-29T00:00:00,GSW vs. DAL,W,22.81833333333333,0,5,0.0,0,1,0.0,0,0,0.0,0,1,1,2,0,0,0,1,0,1,0,6,4.2,0,0,3.0,1,1,1,1,849,1243,859,1243,543,649,543,863,926,863,834,965,1101,423,998,701,457,1066,1,769,1311,364,1288,171,3,1315,,22:49,1
2006-07,2567,Brian Cook,Brian,1610612747,LAL,Los Angeles Lakers,0040600154,2007-04-29T00:00:00,LAL vs. PHX,L,7.083333333333333,1,3,0.333,0,1,0.0,0,0,0.0,1,0,1,0,0,0,0,0,2,1,2,6,3.2,0,0,3.0,1,785,785,785,1336,994,1052,951,543,649,543,863,926,863,454,1251,1101,986,998,701,457,1,563,769,1125,364,1325,171,3,1315,,7:05,1
2006-07,101142,Ronny Turiaf,Ronny,1610612747,LAL,Los Angeles Lakers,0040600154,2007-04-29T00:00:00,LAL vs. PHX,L,5.433333333333334,0,0,0.0,0,0,0.0,0,0,0.0,0,1,1,0,1,0,1,0,2,0,0,-2,3.2,0,0,3.0,1,785,785,785,1382,1243,1436,1243,543,848,543,863,926,863,834,965,1101,986,568,701,141,1,563,1118,1311,865,1325,171,3,1315,,5:26,1
2006-07,200801,Hassan Adams,Hassan,1610612751,NJN,New Jersey Nets,0040600124,2007-04-29T00:00:00,NJN vs. TOR,W,5.783333333333333,1,1,1.0,0,0,0.0,0,0,0.0,0,1,1,0,0,0,0,0,2,0,2,-8,3.2,0,0,3.0,1,1,1,1,1370,994,1299,1,543,848,543,863,926,863,834,965,1101,986,998,701,457,1,563,1118,1125,1221,1325,171,3,1315,,5:47,1
2006-07,200757,Thabo Sefolosha,Thabo,1610612741,CHI,Chicago Bulls,0040600134,2007-04-29T00:00:00,CHI @ MIA,W,9.991666666666667,0,2,0.0,0,0,0.0,0,0,0.0,0,2,2,1,1,0,0,0,3,0,0,5,2.9,0,0,3.0,1,1,1,1,1259,1243,1167,1243,543,848,543,863,926,863,834,737,913,646,568,701,457,1,912,1118,1311,416,1354,171,3,1315,,9:60,1
2006-07,1725,Rasho Nesterovic,Rasho,1610612761,TOR,Toronto Raptors,0040600124,2007-04-29T00:00:00,TOR @ NJN,L,10.2,1,1,1.0,0,0,0.0,0,0,0.0,0,1,1,0,1,0,0,0,2,0,2,-19,2.2,0,0,3.0,1,785,785,785,1253,994,1299,1,543,848,543,863,926,863,834,965,1101,986,568,701,457,1,563,1118,1125,1519,1372,171,3,1315,,10:12,1
2006-07,56,Gary Payton,Gary,1610612748,MIA,Miami Heat,0040600134,2007-04-29T00:00:00,MIA vs. CHI,L,18.35,0,0,0.0,0,0,0.0,0,0,0.0,0,3,3,0,2,0,0,0,1,0,0,-5,1.6,0,0,3.0,1,785,785,785,989,1243,1436,1243,543,848,543,863,926,863,834,545,728,986,308,701,457,1,257,1118,1311,1073,1404,171,3,1315,,18:21,1
2006-07,200748,Tyrus Thomas,Tyrus,1610612741,CHI,Chicago Bulls,0040600134,2007-04-29T00:00:00,CHI @ MIA,W,0.7916666666666666,0,0,0.0,0,0,0.0,0,0,0.0,0,0,0,0,0,0,0,0,0,0,0,2,0.0,0,0,0.0,1,1,1,1,1534,1243,1436,1243,543,848,543,863,926,863,834,1251,1327,986,998,701,457,1,1,1118,1311,581,1461,171,3,1463,,0:48,1
2006-07,956,Erick Dampier,Erick,1610612742,DAL,Dallas Mavericks,0040600144,2007-04-29T00:00:00,DAL @ GSW,L,1.35,0,0,0.0,0,0,0.0,0,0,0.0,0,0,0,0,0,0,0,0,0,0,0,-1,0.0,0,0,0.0,1,785,785,785,1509,1243,1436,1243,543,848,543,863,926,863,834,1251,1327,986,998,701,457,1,1,1118,1311,812,1461,171,3,1463,,1:21,1
2006-07,1720,Michael Doleac,Michael,1610612748,MIA,Miami Heat,0040600134,2007-04-29T00:00:00,MIA vs. CHI,L,0.7916666666666666,0,0,0.0,0,0,0.0,0,0,0.0,0,0,0,0,0,0,0,0,0,0,0,-2,0.0,0,0,0.0,1,785,785,785,1534,1243,1436,1243,543,848,543,863,926,863,834,1251,1327,986,998,701,457,1,1,1118,1311,865,1461,171,3,1463,,0:48,1
2006-07,2748,Dorell Wright,Dorell,1610612748,MIA,Miami Heat,0040600134,2007-04-29T00:00:00,MIA vs. CHI,L,0.7916666666666666,0,0,0.0,0,0,0.0,0,0,0.0,0,0,0,0,0,0,0,0,0,0,0,-2,0.0,0,0,0.0,1,785,785,785,1534,1243,1436,1243,543,848,543,863,926,863,834,1251,1327,986,998,701,457,1,1,1118,1311,865,1461,171,3,1463,,0:48,1
2006-07,1904,Devean George,Devean,1610612742,DAL,Dallas Mavericks,0040600144,2007-04-29T00:00:00,DAL @ GSW,L,14.111666666666666,0,3,0.0,0,2,0.0,0,0,0.0,0,0,0,0,1,0,0,0,3,0,0,-2,-1.0,0,0,0.0,1,785,785,785,1133,1243,1052,1243,543,485,543,863,926,863,834,1251,1327,986,568,701,457,1,912,1118,1311,865,1551,171,3,1463,,14:07,1
2006-07,1712,Antawn Jamison,Antawn,1610612764,WAS,Washington Wizards,0040600113,2007-04-28T00:00:00,WAS vs. CLE,L,45.05,15,27,0.556,2,6,0.333,6,6,1.0,5,6,11,1,4,1,0,1,3,4,38,-6,51.7,1,0,54.0,1,785,785,785,46,3,8,344,122,99,351,120,197,1,31,200,91,646,88,278,457,1066,912,269,5,1132,52,1,3,21,,45:03,1
2006-07,2730,Dwight Howard,Dwight,1610612753,ORL,Orlando Magic,0040600104,2007-04-28T00:00:00,ORL vs. DET,L,43.586666666666666,10,15,0.667,0,0,0.0,9,17,0.529,5,12,17,2,5,2,0,1,3,14,29,-1,53.4,1,0,52.0,1,785,785,785,107,57,216,158,543,848,543,33,3,655,31,16,12,423,39,103,457,1066,912,1,46,812,44,1,3,29,,43:35,1
2006-07,2544,LeBron James,LeBron,1610612739,CLE,Cleveland Cavaliers,0040600113,2007-04-28T00:00:00,CLE @ WAS,W,46.03333333333333,11,22,0.5,3,5,0.6,5,7,0.714,0,6,6,9,2,1,0,1,3,5,30,6,51.7,0,0,50.0,1,1,1,1,22,36,38,409,43,160,129,164,154,535,834,200,362,43,308,278,457,1066,912,168,36,364,52,171,3,35,,46:02,1
2006-07,1495,Tim Duncan,Tim,1610612759,SAS,San Antonio Spurs,0040600163,2007-04-28T00:00:00,SAS @ DEN,W,41.03333333333333,9,21,0.429,0,0,0.0,2,2,1.0,7,6,13,4,3,1,5,2,0,5,20,-3,56.6,1,0,49.0,1,1,1,1,199,92,52,716,543,848,543,459,556,1,7,200,42,206,161,278,5,1423,1,168,213,937,29,1,3,44,,41:02,1
2006-07,2546,Carmelo Anthony,Carmelo,1610612743,DEN,Denver Nuggets,0040600163,2007-04-28T00:00:00,DEN vs. SAS,L,44.266666666666666,10,21,0.476,2,3,0.667,6,11,0.545,6,6,12,2,3,0,0,1,3,6,28,-4,42.4,1,0,44.0,1,785,785,785,85,57,52,616,122,346,86,120,38,654,12,200,59,423,161,701,457,1066,912,105,52,1002,148,1,3,86,,44:16,1
2006-07,1498,Antonio Daniels,Antonio,1610612764,WAS,Washington Wizards,0040600113,2007-04-28T00:00:00,WAS vs. CLE,L,48.0,7,13,0.538,0,0,0.0,6,6,1.0,1,3,4,13,1,1,1,1,0,7,20,-6,49.3,1,0,41.0,1,785,785,785,5,201,316,373,543,848,543,120,197,1,454,545,565,14,568,278,141,1066,1,69,213,1132,71,1,3,130,,48:00,1
2006-07,1497,Chauncey Billups,Chauncey,1610612765,DET,Detroit Pistons,0040600104,2007-04-28T00:00:00,DET @ ORL,W,45.733333333333334,6,12,0.5,3,6,0.5,10,10,1.0,1,3,4,6,2,0,0,0,3,6,25,6,36.8,0,0,38.0,1,1,1,1,32,288,370,409,43,99,153,25,57,1,454,545,565,112,308,701,457,1,912,105,95,364,246,171,3,194,,45:44,1
2006-07,101114,Deron Williams,Deron,1610612762,UTA,Utah Jazz,0040600174,2007-04-28T00:00:00,UTA vs. HOU,W,38.28333333333333,10,14,0.714,0,0,0.0,5,5,1.0,0,2,2,7,1,1,0,1,2,5,25,16,39.9,0,0,36.0,1,1,1,1,323,57,261,139,543,848,543,164,277,1,834,737,913,78,568,278,457,1066,563,168,95,97,183,171,3,229,,38:17,1
2006-07,2225,Tony Parker,Tony,1610612759,SAS,San Antonio Spurs,0040600163,2007-04-28T00:00:00,SAS @ DEN,W,39.571666666666665,10,23,0.435,1,2,0.5,0,0,0.0,2,2,4,6,1,1,0,2,1,1,21,5,36.8,0,0,34.0,1,1,1,1,264,57,25,715,287,485,153,863,926,863,229,737,565,112,568,278,457,1423,257,769,180,416,246,171,3,263,,39:34,1
2006-07,1938,Manu Ginobili,Manu,1610612759,SAS,San Antonio Spurs,0040600163,2007-04-28T00:00:00,SAS @ DEN,W,30.583333333333332,4,9,0.444,1,4,0.25,10,11,0.909,1,6,7,5,2,1,0,0,4,6,19,15,35.9,0,0,34.0,1,1,1,1,596,489,553,682,287,236,446,25,38,333,454,200,278,150,308,278,457,1,1206,105,246,108,256,171,3,263,,30:35,1
2006-07,1747,Rafer Alston,Rafer,1610612745,HOU,Houston Rockets,0040600174,2007-04-28T00:00:00,HOU @ UTA,L,40.13333333333333,5,14,0.357,2,7,0.286,0,0,0.0,1,8,9,6,2,1,1,0,4,1,12,-15,35.8,0,0,33.0,1,785,785,785,236,378,261,932,122,44,437,863,926,863,454,90,169,112,308,278,141,1,1206,769,503,1463,258,171,3,273,,40:08,1
2006-07,2397,Yao Ming,ao Ming,1610612745,HOU,Houston Rockets,0040600174,2007-04-28T00:00:00,HOU @ UTA,L,35.733333333333334,8,15,0.533,0,0,0.0,4,4,1.0,4,5,9,2,5,0,1,1,5,5,20,-13,31.8,0,0,33.0,1,785,785,785,431,145,216,382,543,848,543,231,332,1,64,293,169,423,39,701,141,1066,1413,168,213,1413,343,171,3,273,,35:44,1
2006-07,980,Zydrunas Ilgauskas,Zydrunas,1610612739,CLE,Cleveland Cavaliers,0040600113,2007-04-28T00:00:00,CLE @ WAS,W,40.86333333333334,10,13,0.769,0,0,0.0,4,4,1.0,5,3,8,0,2,0,0,0,3,5,24,4,31.6,0,0,32.0,1,1,1,1,209,57,316,113,543,848,543,231,332,1,31,545,216,986,308,701,457,1,912,168,110,462,345,171,3,296,,40:52,1
2006-07,2430,Carlos Boozer,Carlos,1610612762,UTA,Utah Jazz,0040600174,2007-04-28T00:00:00,UTA vs. HOU,W,32.95,7,16,0.438,0,0,0.0,1,2,0.5,1,9,10,1,4,2,0,0,4,3,15,15,30.5,1,0,30.0,1,1,1,1,524,201,175,708,543,848,543,675,556,656,454,56,122,646,88,103,457,1,1206,396,375,108,376,1,3,341,,32:57,1
2006-07,109,Robert Horry,Robert,1610612759,SAS,San Antonio Spurs,0040600163,2007-04-28T00:00:00,SAS @ DEN,W,28.78,4,8,0.5,2,5,0.4,0,0,0.0,1,5,6,2,1,2,3,0,2,0,10,15,34.2,0,0,30.0,1,1,1,1,652,489,616,409,122,160,309,863,926,863,454,293,362,423,568,103,27,1,563,1118,589,108,298,171,3,341,,28:47,1
2006-07,2246,Mehmet Okur,Mehmet,1610612762,UTA,Utah Jazz,0040600174,2007-04-28T00:00:00,UTA vs. HOU,W,26.8,7,13,0.538,1,6,0.167,1,2,0.5,1,5,6,1,1,2,1,0,3,3,16,13,32.7,0,0,30.0,1,1,1,1,730,201,316,373,287,99,516,675,556,656,454,293,362,646,568,103,141,1,912,396,329,145,323,171,3,341,,26:48,1
2006-07,2403,Nene,ene,1610612743,DEN,Denver Nuggets,0040600163,2007-04-28T00:00:00,DEN vs. SAS,L,36.71,7,11,0.636,0,0,0.0,4,4,1.0,4,3,7,3,2,0,1,3,3,2,18,4,31.9,0,0,30.0,1,785,785,785,396,201,430,229,543,848,543,231,332,1,64,545,278,287,308,701,141,1516,912,552,272,462,339,171,3,341,,36:43,1
2006-07,714,Michael Finley,Michael,1610612759,SAS,San Antonio Spurs,0040600163,2007-04-28T00:00:00,SAS @ DEN,W,29.84,5,11,0.455,5,7,0.714,1,1,1.0,2,3,5,3,1,0,0,0,2,1,16,6,25.5,0,0,29.0,1,1,1,1,617,378,430,654,4,44,84,675,861,1,229,545,466,287,568,701,457,1,563,769,329,364,522,171,3,363,,29:50,1
2006-07,2400,Drew Gooden,Drew,1610612739,CLE,Cleveland Cavaliers,0040600113,2007-04-28T00:00:00,CLE @ WAS,W,33.846666666666664,4,7,0.571,0,0,0.0,2,2,1.0,5,7,12,4,0,0,1,0,3,1,10,8,33.4,1,0,28.0,1,1,1,1,500,489,690,310,543,848,543,459,556,1,31,147,59,206,998,701,141,1,912,769,589,288,310,1,3,391,,33:51,1
2006-07,185,Chris Webber,Chris,1610612765,DET,Detroit Pistons,0040600104,2007-04-28T00:00:00,DET @ ORL,W,35.39333333333333,5,8,0.625,0,0,0.0,1,6,0.167,2,8,10,4,2,1,0,0,4,4,11,11,30.0,1,0,27.0,1,1,1,1,444,378,616,240,543,848,543,675,197,859,229,90,122,206,308,278,457,1,1206,269,537,198,390,1,3,422,,35:24,1
2006-07,1503,Tracy McGrady,Tracy,1610612745,HOU,Houston Rockets,0040600174,2007-04-28T00:00:00,HOU @ UTA,L,36.81,6,18,0.333,1,3,0.333,5,6,0.833,0,4,4,4,2,0,0,3,5,8,18,-17,26.8,0,0,27.0,1,785,785,785,393,288,119,951,287,346,351,164,197,382,834,389,565,206,308,701,457,1516,1413,34,272,1492,483,171,3,422,,36:49,1
2006-07,739,Rasheed Wallace,Rasheed,1610612765,DET,Detroit Pistons,0040600104,2007-04-28T00:00:00,DET @ ORL,W,35.18333333333333,3,9,0.333,1,5,0.2,6,6,1.0,1,7,8,2,0,1,0,0,5,3,13,13,28.6,0,0,26.0,1,1,1,1,453,645,553,951,287,160,492,120,197,1,454,147,216,423,998,278,457,1,1413,396,450,145,425,171,3,455,,35:11,1
2006-07,1716,Larry Hughes,Larry,1610612739,CLE,Cleveland Cavaliers,0040600113,2007-04-28T00:00:00,CLE @ WAS,W,39.233333333333334,4,11,0.364,1,4,0.25,2,2,1.0,0,8,8,2,2,1,1,1,2,3,11,0,27.6,0,0,26.0,1,1,1,1,282,489,430,910,287,236,446,459,556,1,834,90,216,423,308,278,141,1066,563,396,537,715,457,171,3,455,,39:14,1
2006-07,947,Allen Iverson,Allen,1610612743,DEN,Denver Nuggets,0040600163,2007-04-28T00:00:00,DEN vs. SAS,L,44.916666666666664,7,20,0.35,0,3,0.0,6,9,0.667,0,2,2,4,3,0,0,2,2,8,20,-5,25.4,0,0,26.0,1,785,785,785,56,201,67,947,543,346,543,120,76,556,834,737,913,206,161,701,457,1423,563,34,213,1073,524,171,3,455,,44:55,1
2006-07,255,Grant Hill,Grant,1610612753,ORL,Orlando Magic,0040600104,2007-04-28T00:00:00,ORL vs. DET,L,37.24666666666667,7,8,0.875,0,0,0.0,3,6,0.5,0,4,4,3,4,1,0,0,2,3,17,-2,25.3,0,0,26.0,1,785,785,785,372,201,616,91,543,848,543,334,197,656,834,389,565,287,88,278,457,1,563,396,295,865,528,171,3,455,,37:15,1
2006-07,2419,Tayshaun Prince,Tayshaun,1610612765,DET,Detroit Pistons,0040600104,2007-04-28T00:00:00,DET @ ORL,W,38.32,4,7,0.571,1,2,0.5,4,4,1.0,3,3,6,3,3,0,1,0,0,6,13,0,24.7,0,0,25.0,1,1,1,1,321,489,690,310,287,485,153,231,332,1,128,545,362,287,161,701,141,1,1,105,450,715,544,171,3,488,,38:19,1
2006-07,1723,Matt Harpring,Matt,1610612762,UTA,Utah Jazz,0040600174,2007-04-28T00:00:00,UTA vs. HOU,W,24.716666666666665,5,10,0.5,0,0,0.0,7,9,0.778,2,4,6,1,1,0,0,0,3,5,17,14,24.7,0,0,24.0,1,1,1,1,795,378,500,409,543,848,543,82,76,440,229,389,362,646,568,701,457,1,912,168,295,126,544,171,3,513,,24:43,1
2006-07,2562,Sasha Pavlovic,Sasha,1610612739,CLE,Cleveland Cavaliers,0040600113,2007-04-28T00:00:00,CLE @ WAS,W,30.058333333333334,5,12,0.417,1,2,0.5,0,0,0.0,1,3,4,5,5,0,1,1,3,0,11,1,21.3,0,0,23.0,1,1,1,1,613,378,370,762,287,485,153,863,926,863,454,545,565,150,39,701,141,1066,912,1118,537,656,630,171,3,542,,30:04,1
2006-07,1888,Richard Hamilton,Richard,1610612765,DET,Detroit Pistons,0040600104,2007-04-28T00:00:00,DET @ ORL,W,33.836666666666666,6,13,0.462,1,2,0.5,6,6,1.0,0,1,1,0,4,1,0,0,2,4,19,2,19.2,0,0,23.0,1,1,1,1,501,288,316,640,287,485,153,120,197,1,834,965,1101,986,88,278,457,1,563,269,246,581,697,171,3,542,,33:50,1
2006-07,948,Marcus Camby,Marcus,1610612743,DEN,Denver Nuggets,0040600163,2007-04-28T00:00:00,DEN vs. SAS,L,37.74166666666667,2,7,0.286,0,0,0.0,2,2,1.0,1,9,10,2,1,0,2,0,2,1,6,0,26.0,0,0,22.0,1,785,785,785,352,816,690,1081,543,848,543,459,556,1,454,56,122,423,568,701,55,1,563,769,837,715,501,171,3,571,,37:45,1
2006-07,2545,Darko Milicic,Darko,1610612753,ORL,Orlando Magic,0040600104,2007-04-28T00:00:00,ORL vs. DET,L,35.17166666666667,5,12,0.417,0,0,0.0,4,5,0.8,5,1,6,2,1,0,0,0,2,3,14,3,23.2,0,0,22.0,1,785,785,785,455,378,370,762,543,848,543,231,277,409,31,965,362,423,568,701,457,1,563,396,410,517,592,171,3,571,,35:10,1
2006-07,2553,Jarvis Hayes,Jarvis,1610612764,WAS,Washington Wizards,0040600113,2007-04-28T00:00:00,WAS vs. CLE,L,39.88333333333333,6,13,0.462,3,6,0.5,0,0,0.0,1,3,4,0,0,0,0,0,4,1,15,3,19.8,0,0,22.0,1,785,785,785,251,288,316,640,43,99,153,863,926,863,454,545,565,986,998,701,457,1,1206,769,375,517,673,171,3,571,,39:53,1
2006-07,1905,Andrei Kirilenko,Andrei,1610612762,UTA,Utah Jazz,0040600174,2007-04-28T00:00:00,UTA vs. HOU,W,29.05,0,1,0.0,0,0,0.0,3,4,0.75,2,2,4,4,1,1,4,0,4,2,3,11,27.8,0,0,21.0,1,1,1,1,640,1243,1299,1243,543,848,543,334,332,449,229,737,565,206,568,278,16,1,1206,552,1052,198,451,171,3,604,,29:03,1
2006-07,2747,JR Smith,JR,1610612743,DEN,Denver Nuggets,0040600163,2007-04-28T00:00:00,DEN vs. SAS,L,15.93,4,10,0.4,0,3,0.0,4,4,1.0,0,3,3,0,1,2,1,2,2,2,12,-8,23.6,0,0,21.0,1,785,785,785,1075,489,500,790,543,346,543,231,332,1,834,545,728,986,568,103,141,1423,563,552,503,1221,578,171,3,604,,15:56,1
2006-07,2749,Jameer Nelson,Jameer,1610612753,ORL,Orlando Magic,0040600104,2007-04-28T00:00:00,ORL vs. DET,L,29.263333333333332,4,10,0.4,1,3,0.333,2,2,1.0,2,0,2,3,1,1,0,0,6,1,11,-4,19.9,0,0,19.0,1,785,785,785,633,489,500,790,287,346,351,459,556,1,229,1251,913,287,568,278,457,1,1524,769,537,1002,668,171,3,658,,29:16,1
2006-07,2039,Keyon Dooling,Keyon,1610612753,ORL,Orlando Magic,0040600104,2007-04-28T00:00:00,ORL vs. DET,L,19.395,5,10,0.5,0,1,0.0,1,1,1.0,1,2,3,2,1,1,0,1,1,3,11,1,19.6,0,0,18.0,1,785,785,785,950,378,500,409,543,649,543,675,861,1,454,737,728,423,568,278,457,1066,257,396,537,656,686,171,3,689,,19:24,1
2006-07,965,Derek Fisher,Derek,1610612762,UTA,Utah Jazz,0040600174,2007-04-28T00:00:00,UTA vs. HOU,W,26.733333333333334,1,6,0.167,0,0,0.0,4,5,0.8,0,1,1,6,0,1,1,0,2,2,6,14,22.2,0,0,17.0,1,1,1,1,732,994,766,1200,543,848,543,231,277,409,834,965,1101,112,998,278,141,1,563,552,837,126,618,171,3,725,,26:44,1
2006-07,686,Antonio McDyess,Antonio,1610612765,DET,Detroit Pistons,0040600104,2007-04-28T00:00:00,DET @ ORL,W,19.753333333333334,2,10,0.2,0,0,0.0,0,0,0.0,3,3,6,1,2,2,1,0,5,0,4,-12,19.7,0,0,17.0,1,1,1,1,941,816,500,1169,543,848,543,863,926,863,128,545,362,646,308,103,141,1,1413,1118,976,1378,679,171,3,725,,19:45,1
2006-07,2203,Shane Battier,Shane,1610612745,HOU,Houston Rockets,0040600174,2007-04-28T00:00:00,HOU @ UTA,L,38.17333333333333,4,8,0.5,2,5,0.4,0,0,0.0,0,0,0,5,1,0,0,0,2,2,10,-11,16.5,0,0,17.0,1,785,785,785,328,489,616,409,122,160,309,863,926,863,834,1251,1327,150,568,701,457,1,563,552,589,1341,769,171,3,725,,38:10,1
2006-07,2041,Etan Thomas,Etan,1610612764,WAS,Washington Wizards,0040600113,2007-04-28T00:00:00,WAS vs. CLE,L,28.46,1,3,0.333,0,0,0.0,1,3,0.333,1,8,9,0,0,1,1,0,2,2,3,13,19.8,0,0,16.0,1,785,785,785,665,994,1052,951,543,848,543,675,481,833,454,90,169,986,998,278,141,1,563,552,1052,145,673,171,3,757,,28:28,1
2006-07,2045,Hedo Turkoglu,Hedo,1610612753,ORL,Orlando Magic,0040600104,2007-04-28T00:00:00,ORL vs. DET,L,39.955,3,13,0.231,0,3,0.0,0,0,0.0,0,3,3,5,1,1,0,0,4,1,6,-7,19.1,0,0,16.0,1,785,785,785,248,645,316,1158,543,346,543,863,926,863,834,545,728,150,568,278,457,1,1206,769,837,1179,703,171,3,757,,39:57,1
2006-07,2581,Steve Blake,Steve,1610612743,DEN,Denver Nuggets,0040600163,2007-04-28T00:00:00,DEN vs. SAS,L,35.86666666666667,3,6,0.5,1,3,0.333,0,0,0.0,0,1,1,7,2,0,0,1,2,1,7,5,16.7,0,0,16.0,1,785,785,785,425,645,766,409,287,346,351,863,926,863,834,965,1101,78,308,701,457,1066,563,769,782,416,760,171,3,757,,35:52,1
2006-07,2443,Darius Songaila,Darius,1610612764,WAS,Washington Wizards,0040600113,2007-04-28T00:00:00,WAS vs. CLE,L,23.615,3,10,0.3,0,0,0.0,0,0,0.0,2,0,2,1,1,3,0,1,3,0,6,-21,17.9,0,0,15.0,1,785,785,785,828,645,500,1073,543,848,543,863,926,863,229,1251,913,646,568,32,457,1066,912,1118,837,1533,733,171,3,792,,23:37,1
2006-07,101236,Chuck Hayes,Chuck,1610612745,HOU,Houston Rockets,0040600174,2007-04-28T00:00:00,HOU @ UTA,L,27.983333333333334,2,3,0.667,0,1,0.0,0,1,0.0,0,4,4,0,1,3,0,0,4,2,4,-12,16.8,0,0,14.0,1,785,785,785,687,816,1052,158,543,649,543,863,861,863,834,389,565,986,568,32,457,1,1206,552,976,1378,756,171,3,821,,27:59,1
2006-07,2052,DeShawn Stevenson,DeShawn,1610612764,WAS,Washington Wizards,0040600113,2007-04-28T00:00:00,WAS vs. CLE,L,33.651666666666664,3,14,0.214,1,7,0.143,0,1,0.0,0,1,1,3,1,0,1,0,0,2,7,6,14.7,0,0,14.0,1,785,785,785,502,645,261,1166,287,44,532,863,861,863,834,965,1101,287,568,701,141,1,1,552,782,364,837,171,3,821,,33:39,1
2006-07,2436,Flip Murray,Flip,1610612765,DET,Detroit Pistons,0040600104,2007-04-28T00:00:00,DET @ ORL,W,16.43,1,3,0.333,0,0,0.0,2,4,0.5,0,0,0,1,1,4,0,0,2,2,4,0,16.5,0,0,13.0,1,1,1,1,1058,994,1052,951,543,848,543,459,332,656,834,1251,1327,646,568,8,457,1,563,552,976,715,769,171,3,867,,16:26,1
2006-07,2059,Eduardo Najera,Eduardo,1610612743,DEN,Denver Nuggets,0040600163,2007-04-28T00:00:00,DEN vs. SAS,L,19.66,0,2,0.0,0,0,0.0,0,0,0.0,4,6,10,1,2,1,0,0,2,0,0,-16,14.5,0,0,13.0,1,785,785,785,946,1243,1167,1243,543,848,543,863,926,863,64,200,122,646,308,278,457,1,563,1118,1311,1477,846,171,3,867,,19:40,1
2006-07,101129,Luther Head,Luther,1610612745,HOU,Houston Rockets,0040600174,2007-04-28T00:00:00,HOU @ UTA,L,21.25,3,7,0.429,1,3,0.333,1,2,0.5,1,1,2,0,2,1,0,0,3,2,8,-9,11.4,0,0,13.0,1,785,785,785,887,645,690,716,287,346,351,675,556,656,454,965,913,986,308,278,457,1,912,552,714,1258,956,171,3,867,,21:15,1
2006-07,200794,Paul Millsap,Paul,1610612762,UTA,Utah Jazz,0040600174,2007-04-28T00:00:00,UTA vs. HOU,W,17.2,2,6,0.333,0,0,0.0,0,0,0.0,3,3,6,1,0,0,0,0,1,1,4,-1,12.7,0,0,11.0,1,1,1,1,1023,816,766,951,543,848,543,863,926,863,128,545,362,646,998,701,457,1,257,769,976,812,908,171,3,937,,17:12,1
2006-07,1922,Francisco Elson,Francisco,1610612759,SAS,San Antonio Spurs,0040600163,2007-04-28T00:00:00,SAS @ DEN,W,11.666666666666666,2,4,0.5,0,0,0.0,0,0,0.0,0,3,3,0,1,1,1,0,2,1,4,-7,12.6,0,0,11.0,1,1,1,1,1210,816,953,409,543,848,543,863,926,863,834,545,728,986,568,278,141,1,563,769,976,1179,912,171,3,937,,11:40,1
2006-07,2568,Carlos Delfino,Carlos,1610612765,DET,Detroit Pistons,0040600104,2007-04-28T00:00:00,DET @ ORL,W,10.02,3,3,1.0,0,0,0.0,2,2,1.0,0,1,1,0,0,1,0,0,1,1,8,3,12.2,0,0,11.0,1,1,1,1,1258,645,1052,1,543,848,543,459,556,1,834,965,1101,986,998,278,457,1,257,769,714,517,927,171,3,937,,10:01,1
2006-07,2760,Anderson Varejao,Anderson,1610612739,CLE,Cleveland Cavaliers,0040600113,2007-04-28T00:00:00,CLE @ WAS,W,20.75,1,4,0.25,0,0,0.0,0,0,0.0,3,4,7,1,1,0,0,0,0,1,2,0,10.9,0,0,10.0,1,1,1,1,907,994,953,1112,543,848,543,863,926,863,128,389,278,646,568,701,457,1,1,769,1125,715,969,171,3,983,,20:45,1
2006-07,200789,Daniel Gibson,Daniel,1610612739,CLE,Cleveland Cavaliers,0040600113,2007-04-28T00:00:00,CLE @ WAS,W,11.246666666666666,1,2,0.5,1,2,0.5,3,3,1.0,0,1,1,0,1,1,0,0,1,1,6,0,9.2,0,0,10.0,1,1,1,1,1226,994,1167,409,287,485,153,334,481,1,834,965,1101,986,568,278,457,1,257,769,837,715,1054,171,3,983,,11:15,1
2006-07,1921,Gordan Giricek,Gordan,1610612762,UTA,Utah Jazz,0040600174,2007-04-28T00:00:00,UTA vs. HOU,W,16.083333333333332,3,6,0.5,1,2,0.5,2,2,1.0,0,0,0,0,2,0,0,0,2,1,9,11,7.0,0,0,10.0,1,1,1,1,1067,645,766,409,287,485,153,459,556,1,834,1251,1327,986,308,701,457,1,563,769,648,198,1147,171,3,983,,16:05,1
2006-07,727,Eric Snow,Eric,1610612739,CLE,Cleveland Cavaliers,0040600113,2007-04-28T00:00:00,CLE @ WAS,W,17.851666666666667,2,5,0.4,0,0,0.0,0,0,0.0,0,2,2,3,1,0,0,0,1,0,4,11,9.9,0,0,9.0,1,1,1,1,1001,816,859,790,543,848,543,863,926,863,834,737,913,287,568,701,457,1,257,1118,976,198,1027,171,3,1022,,17:51,1
2006-07,2772,Trevor Ariza,Trevor,1610612753,ORL,Orlando Magic,0040600104,2007-04-28T00:00:00,ORL vs. DET,L,11.343333333333334,1,6,0.167,0,0,0.0,0,0,0.0,2,2,4,0,0,1,0,1,3,0,2,-6,9.8,0,0,8.0,1,785,785,785,1219,994,766,1200,543,848,543,863,926,863,229,737,565,986,998,278,457,1066,912,1118,1125,1132,1031,171,3,1070,,11:21,1
2006-07,436,Juwan Howard,Juwan,1610612745,HOU,Houston Rockets,0040600174,2007-04-28T00:00:00,HOU @ UTA,L,19.066666666666666,2,7,0.286,0,0,0.0,1,3,0.333,2,1,3,0,0,0,0,0,2,3,5,-5,8.6,0,0,8.0,1,785,785,785,962,816,690,1081,543,848,543,675,481,833,229,965,728,986,998,701,457,1,563,396,911,1073,1074,171,3,1070,,19:04,1
2006-07,87,Dikembe Mutombo,Dikembe,1610612745,HOU,Houston Rockets,0040600174,2007-04-28T00:00:00,HOU @ UTA,L,7.35,1,1,1.0,0,0,0.0,0,0,0.0,2,2,4,1,0,0,0,0,1,0,2,-5,8.3,0,0,7.0,1,785,785,785,1329,994,1299,1,543,848,543,863,926,863,229,737,565,646,998,701,457,1,257,1118,1125,1073,1093,171,3,1113,,7:21,1
2006-07,2054,Jake Tsakalidis,Jake,1610612745,HOU,Houston Rockets,0040600174,2007-04-28T00:00:00,HOU @ UTA,L,2.816666666666667,0,0,0.0,0,0,0.0,2,2,1.0,1,3,4,0,0,0,0,0,0,1,2,10,6.8,0,0,6.0,1,785,785,785,1465,1243,1436,1243,543,848,543,459,556,1,454,545,565,986,998,701,457,1,1,769,1125,227,1157,171,3,1166,,2:49,1
2006-07,2779,Vassilis Spanoulis,Vassilis,1610612745,HOU,Houston Rockets,0040600174,2007-04-28T00:00:00,HOU @ UTA,L,2.816666666666667,1,2,0.5,0,0,0.0,2,2,1.0,0,1,1,1,0,0,0,1,0,1,4,10,6.7,0,0,6.0,1,785,785,785,1465,994,1167,409,543,848,543,459,556,1,834,965,1101,646,998,701,457,1066,1,769,976,227,1160,171,3,1166,,2:49,1
2006-07,2260,Jarron Collins,Jarron,1610612762,UTA,Utah Jazz,0040600174,2007-04-28T00:00:00,UTA vs. HOU,W,21.2,0,2,0.0,0,0,0.0,3,4,0.75,2,1,3,0,0,0,0,1,2,4,3,0,6.6,0,0,6.0,1,1,1,1,890,1243,1167,1243,543,848,543,334,332,449,229,965,728,986,998,701,457,1066,563,269,1052,715,1163,171,3,1166,,21:12,1
2006-07,200755,JJ Redick,JJ,1610612753,ORL,Orlando Magic,0040600104,2007-04-28T00:00:00,ORL vs. DET,L,10.615,1,2,0.5,1,1,1.0,0,0,0.0,0,0,0,2,1,0,0,0,2,0,3,-1,5.0,0,0,6.0,1,785,785,785,1244,994,1167,409,287,649,1,863,926,863,834,1251,1327,423,568,701,457,1,563,1118,1052,812,1243,171,3,1166,,10:37,1
2006-07,905,Dale Davis,Dale,1610612765,DET,Detroit Pistons,0040600104,2007-04-28T00:00:00,DET @ ORL,W,5.33,0,0,0.0,0,0,0.0,0,0,0.0,0,1,1,0,1,1,1,0,4,1,0,-3,6.2,0,0,5.0,1,1,1,1,1387,1243,1436,1243,543,848,543,863,926,863,834,965,1101,986,568,278,141,1,1206,769,1311,937,1185,171,3,1212,,5:20,1
2006-07,101177,Fabricio Oberto,Fabricio,1610612759,SAS,San Antonio Spurs,0040600163,2007-04-28T00:00:00,SAS @ DEN,W,9.97,2,4,0.5,0,0,0.0,0,0,0.0,1,0,1,0,0,0,0,0,3,0,4,4,5.2,0,0,5.0,1,1,1,1,1260,816,953,409,543,848,543,863,926,863,454,1251,1101,986,998,701,457,1,912,1118,976,462,1228,171,3,1212,,9:58,1
2006-07,1477,Bruce Bowen,Bruce,1610612759,SAS,San Antonio Spurs,0040600163,2007-04-28T00:00:00,SAS @ DEN,W,34.63166666666667,1,6,0.167,0,3,0.0,0,0,0.0,0,2,2,1,1,0,0,0,3,2,2,-12,4.9,0,0,5.0,1,1,1,1,476,994,766,1200,543,346,543,863,926,863,834,737,913,646,568,701,457,1,912,552,1125,1378,1258,171,3,1212,,34:38,1
2006-07,2427,Roger Mason Jr.,Roger,1610612764,WAS,Washington Wizards,0040600113,2007-04-28T00:00:00,WAS vs. CLE,L,6.623333333333333,1,2,0.5,1,2,0.5,0,0,0.0,0,0,0,0,0,0,0,0,2,0,3,-2,3.0,0,0,4.0,1,785,785,785,1357,994,1167,409,287,485,153,863,926,863,834,1251,1327,986,998,701,457,1,563,1118,1052,865,1337,171,3,1264,,6:37,1
2006-07,699,Brent Barry,Brent,1610612759,SAS,San Antonio Spurs,0040600163,2007-04-28T00:00:00,SAS @ DEN,W,5.42,0,0,0.0,0,0,0.0,0,0,0.0,0,0,0,0,0,1,0,0,0,0,0,2,3.0,0,0,2.0,1,1,1,1,1383,1243,1436,1243,543,848,543,863,926,863,834,1251,1327,986,998,278,457,1,1,1118,1311,581,1337,171,3,1362,,5:25,1
2006-07,1499,Tony Battie,Tony,1610612753,ORL,Orlando Magic,0040600104,2007-04-28T00:00:00,ORL vs. DET,L,13.423333333333334,0,1,0.0,0,0,0.0,0,0,0.0,0,2,2,0,0,0,0,0,4,1,0,-3,2.4,0,0,2.0,1,785,785,785,1151,1243,1299,1243,543,848,543,863,926,863,834,737,913,986,998,701,457,1,1206,769,1311,937,1365,171,3,1362,,13:25,1
2006-07,1913,Michael Ruffin,Michael,1610612764,WAS,Washington Wizards,0040600113,2007-04-28T00:00:00,WAS vs. CLE,L,4.983333333333333,0,1,0.0,0,1,0.0,0,0,0.0,1,1,2,0,0,0,0,0,1,0,0,-7,2.4,0,0,2.0,1,785,785,785,1400,1243,1299,1243,543,649,543,863,926,863,454,965,913,986,998,701,457,1,257,1118,1311,1179,1365,171,3,1362,,4:59,1
2006-07,1521,Jacque Vaughn,Jacque,1610612759,SAS,San Antonio Spurs,0040600163,2007-04-28T00:00:00,SAS @ DEN,W,8.503333333333334,0,0,0.0,0,0,0.0,0,0,0.0,0,0,0,2,1,0,0,0,3,0,0,0,2.0,0,0,2.0,1,1,1,1,1298,1243,1436,1243,543,848,543,863,926,863,834,1251,1327,423,568,701,457,1,912,1118,1311,715,1379,171,3,1362,,8:30,1
2006-07,101249,John Lucas III,John,1610612745,HOU,Houston Rockets,0040600174,2007-04-28T00:00:00,HOU @ UTA,L,7.866666666666666,0,1,0.0,0,1,0.0,0,0,0.0,0,0,0,0,2,1,0,1,0,0,0,2,1.0,0,0,2.0,1,785,785,785,1313,1243,1299,1243,543,649,543,863,926,863,834,1251,1327,986,308,278,457,1066,1,1118,1311,581,1443,171,3,1362,,7:52,1
2006-07,101132,Linas Kleiza,Linas,1610612743,DEN,Denver Nuggets,0040600163,2007-04-28T00:00:00,DEN vs. SAS,L,4.908333333333333,0,0,0.0,0,0,0.0,0,0,0.0,0,1,1,0,0,0,0,0,0,0,0,-1,1.2,0,0,1.0,1,785,785,785,1403,1243,1436,1243,543,848,543,863,926,863,834,965,1101,986,998,701,457,1,1,1118,1311,812,1421,171,3,1423,,4:55,1
2006-07,200758,Ronnie Brewer,Ronnie,1610612762,UTA,Utah Jazz,0040600174,2007-04-28T00:00:00,UTA vs. HOU,W,2.816666666666667,0,1,0.0,0,0,0.0,0,0,0.0,0,0,0,1,1,0,0,0,0,0,0,-10,0.5,0,0,1.0,1,1,1,1,1465,1243,1299,1243,543,848,543,863,926,863,834,1251,1327,646,568,701,457,1,1,1118,1311,1299,1452,171,3,1423,,2:49,1
2006-07,1956,Ira Newble,Ira,1610612739,CLE,Cleveland Cavaliers,0040600113,2007-04-28T00:00:00,CLE @ WAS,W,0.11666666666666667,0,0,0.0,0,0,0.0,0,0,0.0,0,0,0,0,0,0,0,0,0,0,0,0,0.0,0,0,0.0,1,1,1,1,1557,1243,1436,1243,543,848,543,863,926,863,834,1251,1327,986,998,701,457,1,1,1118,1311,715,1461,171,3,1463,,0:07,1
2006-07,2737,Rafael Araujo,Rafael,1610612762,UTA,Utah Jazz,0040600174,2007-04-28T00:00:00,UTA vs. HOU,W,1.6333333333333333,0,1,0.0,0,0,0.0,0,0,0.0,0,0,0,0,0,0,0,0,2,0,0,-8,0.0,0,0,0.0,1,1,1,1,1503,1243,1299,1243,543,848,543,863,926,863,834,1251,1327,986,998,701,457,1,563,1118,1311,1221,1461,171,3,1463,,1:38,1
2006-07,200793,Dee Brown,Dee,1610612762,UTA,Utah Jazz,0040600174,2007-04-28T00:00:00,UTA vs. HOU,W,2.533333333333333,0,0,0.0,0,0,0.0,0,0,0.0,0,0,0,0,0,0,0,0,0,0,0,-10,0.0,0,0,0.0,1,1,1,1,1480,1243,1436,1243,543,848,543,863,926,863,834,1251,1327,986,998,701,457,1,1,1118,1311,1299,1461,171,3,1463,,2:32,1
2006-07,2217,Brendan Haywood,Brendan,1610612764,WAS,Washington Wizards,0040600113,2007-04-28T00:00:00,WAS vs. CLE,L,9.733333333333333,0,0,0.0,0,0,0.0,0,0,0.0,0,0,0,0,0,0,0,0,1,0,0,-10,0.0,0,0,0.0,1,785,785,785,1271,1243,1436,1243,543,848,543,863,926,863,834,1251,1327,986,998,701,457,1,257,1118,1311,1299,1461,171,3,1463,,9:44,1
2006-07,467,Jason Kidd,Jason,1610612751,NJN,New Jersey Nets,0040600123,2007-04-27T00:00:00,NJN vs. TOR,W,39.81,7,14,0.5,2,8,0.25,0,0,0.0,4,12,16,19,5,3,1,0,2,0,16,14,70.7,1,1,61.0,1,1,1,1,255,201,261,409,122,21,446,863,926,863,64,16,17,2,39,32,141,1,563,1118,329,126,3,1,1,5,,39:49,1
2006-07,2548,Dwyane Wade,Dwyane,1610612748,MIA,Miami Heat,0040600133,2007-04-27T00:00:00,MIA vs. CHI,L,42.96666666666667,12,27,0.444,0,2,0.0,4,10,0.4,5,4,9,5,4,3,0,1,2,8,28,-12,51.3,0,0,48.0,1,785,785,785,128,18,8,682,543,485,543,231,57,826,31,389,169,150,88,32,457,1066,563,34,52,1378,57,171,3,51,,42:58,1
2006-07,1713,Vince Carter,Vince,1610612751,NJN,New Jersey Nets,0040600123,2007-04-27T00:00:00,NJN vs. TOR,W,42.461666666666666,15,23,0.652,2,4,0.5,5,6,0.833,0,2,2,5,3,0,1,1,3,8,37,17,46.9,0,0,48.0,1,1,1,1,144,3,25,219,122,236,153,164,197,382,834,737,913,150,161,701,141,1066,912,34,7,79,98,171,3,51,,42:28,1
2006-07,2202,Jason Richardson,Jason,1610612744,GSW,Golden State Warriors,0040600143,2007-04-27T00:00:00,GSW vs. DAL,W,38.89,12,19,0.632,4,10,0.4,2,3,0.667,3,5,8,2,2,0,1,0,3,5,30,26,43.6,0,0,46.0,1,1,1,1,303,18,85,237,16,3,309,459,481,556,128,293,216,423,308,701,141,1,912,168,36,10,134,171,3,74,,38:53,1
2006-07,406,Shaquille O'Neal,Shaquille,1610612748,MIA,Miami Heat,0040600133,2007-04-27T00:00:00,MIA vs. CHI,L,32.25,10,17,0.588,0,0,0.0,3,12,0.25,6,7,13,1,2,1,2,1,3,7,23,-10,47.1,1,0,43.0,1,785,785,785,544,57,145,299,543,848,543,334,28,851,12,147,42,646,308,278,55,1066,912,69,133,1299,95,1,3,100,,32:15,1
2006-07,1717,Dirk Nowitzki,Dirk,1610612742,DAL,Dallas Mavericks,0040600143,2007-04-27T00:00:00,DAL @ GSW,L,38.25,7,16,0.438,0,1,0.0,6,8,0.75,6,6,12,2,4,3,1,1,5,6,20,-13,45.4,1,0,42.0,1,785,785,785,326,201,175,708,543,649,543,120,103,449,12,200,59,423,88,32,141,1066,1413,105,213,1413,116,1,3,119,,38:15,1
2006-07,2551,T.J. Ford,T.J.,1610612761,TOR,Toronto Raptors,0040600123,2007-04-27T00:00:00,TOR @ NJN,L,34.35,11,22,0.5,2,3,0.667,3,4,0.75,1,0,1,8,4,2,0,1,2,5,27,-9,42.2,0,0,42.0,1,785,785,785,482,36,38,409,122,346,86,334,332,449,454,1251,1101,56,88,103,457,1066,563,168,59,1258,151,171,3,119,,34:21,1
2006-07,2736,Luol Deng,Luol,1610612741,CHI,Chicago Bulls,0040600133,2007-04-27T00:00:00,CHI @ MIA,W,36.583333333333336,9,17,0.529,0,0,0.0,6,8,0.75,2,9,11,3,5,0,1,2,5,5,24,7,39.7,1,0,40.0,1,1,1,1,400,92,145,390,543,848,543,120,103,449,229,56,91,287,39,701,141,1423,1413,168,110,322,187,1,3,148,,36:35,1
2006-07,1884,Baron Davis,Baron,1610612744,GSW,Golden State Warriors,0040600143,2007-04-27T00:00:00,GSW vs. DAL,W,42.35,9,18,0.5,1,3,0.333,5,5,1.0,0,0,0,5,0,2,1,0,5,6,24,26,40.5,0,0,36.0,1,1,1,1,149,92,119,409,287,346,351,164,277,1,834,1251,1327,150,998,103,141,1,1413,105,110,10,174,171,3,229,,42:21,1
2006-07,1536,Stephen Jackson,Stephen,1610612744,GSW,Golden State Warriors,0040600143,2007-04-27T00:00:00,GSW vs. DAL,W,38.583333333333336,4,12,0.333,0,3,0.0,8,10,0.8,0,8,8,6,4,2,1,2,3,4,16,11,39.6,0,0,36.0,1,1,1,1,311,489,370,951,543,346,543,54,57,409,834,90,216,112,88,103,141,1423,912,269,329,198,192,171,3,229,,38:35,1
2006-07,2732,Ben Gordon,Ben,1610612741,CHI,Chicago Bulls,0040600133,2007-04-27T00:00:00,CHI @ MIA,W,37.7,7,16,0.438,2,5,0.4,11,14,0.786,1,4,5,2,6,0,0,1,4,8,27,3,30.0,0,0,36.0,1,1,1,1,354,201,175,708,122,160,309,16,11,438,454,389,466,423,17,701,457,1066,1206,34,59,517,390,171,3,229,,37:42,1
2006-07,2547,Chris Bosh,Chris,1610612761,TOR,Toronto Raptors,0040600123,2007-04-27T00:00:00,TOR @ NJN,L,44.8,3,10,0.3,0,1,0.0,5,6,0.833,0,11,11,2,2,3,1,0,2,5,11,-12,37.2,1,0,32.0,1,785,785,785,62,645,500,1073,543,649,543,164,197,382,834,22,91,423,308,32,141,1,563,168,537,1378,243,1,3,296,,44:48,1
2006-07,2572,Josh Howard,Josh,1610612742,DAL,Dallas Mavericks,0040600143,2007-04-27T00:00:00,DAL @ GSW,L,37.31,8,17,0.471,0,1,0.0,4,7,0.571,1,8,9,1,1,1,0,0,2,5,20,-14,34.3,0,0,32.0,1,785,785,785,371,145,145,622,543,649,543,231,154,642,454,90,169,646,568,278,457,1,563,168,213,1440,295,171,3,296,,37:19,1
2006-07,2550,Kirk Hinrich,Kirk,1610612741,CHI,Chicago Bulls,0040600133,2007-04-27T00:00:00,CHI @ MIA,W,41.65,7,14,0.5,1,4,0.25,7,7,1.0,0,1,1,6,2,1,0,0,4,5,22,15,33.2,0,0,32.0,1,1,1,1,174,201,261,409,287,236,446,82,154,1,834,965,1101,112,308,278,457,1,1206,168,160,108,317,171,3,296,,41:39,1
2006-07,1112,Ben Wallace,Ben,1610612741,CHI,Chicago Bulls,0040600133,2007-04-27T00:00:00,CHI @ MIA,W,40.92333333333333,4,6,0.667,0,0,0.0,3,6,0.5,0,8,8,2,0,3,1,0,3,8,11,5,35.6,0,0,29.0,1,1,1,1,206,489,766,158,543,848,543,334,197,656,834,90,216,423,998,32,141,1,912,34,537,416,262,171,3,363,,40:55,1
2006-07,2210,Richard Jefferson,Richard,1610612751,NJN,New Jersey Nets,0040600123,2007-04-27T00:00:00,NJN vs. TOR,W,39.108333333333334,5,11,0.455,0,4,0.0,8,8,1.0,1,5,6,3,1,0,0,0,1,6,18,7,28.7,0,0,27.0,1,1,1,1,291,378,430,654,543,236,543,54,103,1,454,293,362,287,568,701,457,1,257,105,272,322,421,171,3,422,,39:07,1
2006-07,101145,Monta Ellis,Monta,1610612744,GSW,Golden State Warriors,0040600143,2007-04-27T00:00:00,GSW vs. DAL,W,34.91,6,11,0.545,0,1,0.0,2,3,0.667,0,3,3,2,5,3,1,0,4,2,14,12,27.6,0,0,27.0,1,1,1,1,468,288,430,358,543,649,543,459,481,556,834,545,728,423,39,32,141,1,1206,552,410,171,457,171,3,422,,34:55,1
2006-07,2804,Andres Nocioni,Andres,1610612741,CHI,Chicago Bulls,0040600133,2007-04-27T00:00:00,CHI @ MIA,W,27.615,4,9,0.444,2,4,0.5,0,0,0.0,1,7,8,2,2,0,2,2,5,2,10,6,26.6,0,0,26.0,1,1,1,1,698,489,553,682,122,236,153,863,926,863,454,147,216,423,308,701,55,1423,1413,552,589,364,485,171,3,455,,27:37,1
2006-07,1899,James Posey,James,1610612748,MIA,Miami Heat,0040600133,2007-04-27T00:00:00,MIA vs. CHI,L,35.833333333333336,4,8,0.5,2,5,0.4,0,0,0.0,0,3,3,2,0,2,2,0,6,2,10,5,28.6,0,0,25.0,1,785,785,785,428,489,616,409,122,160,309,863,926,863,834,545,728,423,998,103,55,1,1524,552,589,416,425,171,3,488,,35:50,1
2006-07,1891,Jason Terry,Jason,1610612742,DAL,Dallas Mavericks,0040600143,2007-04-27T00:00:00,DAL @ GSW,L,33.55,4,11,0.364,2,6,0.333,4,4,1.0,0,0,0,5,3,1,1,0,1,3,14,-15,24.5,0,0,25.0,1,785,785,785,506,489,430,910,122,99,351,231,332,1,834,1251,1327,150,161,278,141,1,257,396,410,1463,555,171,3,488,,33:33,1
2006-07,2740,Andris Biedrins,Andris,1610612744,GSW,Golden State Warriors,0040600143,2007-04-27T00:00:00,GSW vs. DAL,W,22.80666666666667,4,5,0.8,0,0,0.0,2,2,1.0,3,7,10,0,0,0,1,0,2,2,10,17,25.0,1,0,22.0,1,1,1,1,850,489,859,99,543,848,543,459,556,1,128,147,122,986,998,701,141,1,563,552,589,79,535,1,3,571,,22:48,1
2006-07,1515,Anthony Parker,Anthony,1610612761,TOR,Toronto Raptors,0040600123,2007-04-27T00:00:00,TOR @ NJN,L,39.166666666666664,3,10,0.3,1,4,0.25,7,8,0.875,1,4,5,0,1,1,0,2,4,4,14,-13,22.0,0,0,22.0,1,785,785,785,286,645,500,1073,287,236,446,82,103,348,454,389,466,986,568,278,457,1423,1206,269,410,1413,623,171,3,571,,39:10,1
2006-07,952,Antoine Walker,Antoine,1610612748,MIA,Miami Heat,0040600133,2007-04-27T00:00:00,MIA vs. CHI,L,22.533333333333335,5,11,0.455,2,2,1.0,0,1,0.0,1,2,3,1,3,2,0,0,4,2,12,2,20.1,0,0,22.0,1,785,785,785,856,378,430,654,122,485,1,863,861,863,454,737,728,646,161,103,457,1,1206,552,503,581,664,171,3,571,,22:32,1
2006-07,200745,Andrea Bargnani,Andrea,1610612761,TOR,Toronto Raptors,0040600123,2007-04-27T00:00:00,TOR @ NJN,L,25.1,4,10,0.4,1,4,0.25,0,0,0.0,1,3,4,0,0,2,1,0,4,0,9,0,22.8,0,0,20.0,1,785,785,785,784,489,500,790,287,236,446,863,926,863,454,545,565,986,998,103,141,1,1206,1118,648,715,609,171,3,626,,25:06,1
2006-07,711,Jerry Stackhouse,Jerry,1610612742,DAL,Dallas Mavericks,0040600143,2007-04-27T00:00:00,DAL @ GSW,L,24.383333333333333,3,9,0.333,2,4,0.5,2,2,1.0,1,2,3,2,1,1,0,2,0,3,10,-16,18.6,0,0,19.0,1,785,785,785,802,645,553,951,122,236,153,459,556,1,454,737,728,423,568,278,457,1423,1,396,589,1477,716,171,3,658,,24:23,1
2006-07,2411,Bostjan Nachbar,Bostjan,1610612751,NJN,New Jersey Nets,0040600123,2007-04-27T00:00:00,NJN vs. TOR,W,27.166666666666668,4,11,0.364,1,5,0.2,0,0,0.0,2,1,3,1,2,2,0,0,4,3,9,4,18.1,0,0,18.0,1,1,1,1,712,489,430,910,287,160,492,863,926,863,229,965,728,646,308,103,457,1,1206,396,648,462,727,171,3,689,,27:10,1
2006-07,2734,Devin Harris,Devin,1610612742,DAL,Dallas Mavericks,0040600143,2007-04-27T00:00:00,DAL @ GSW,L,22.783333333333335,4,11,0.364,0,0,0.0,0,0,0.0,1,1,2,5,1,1,0,2,4,2,8,-22,19.9,0,0,17.0,1,785,785,785,851,489,430,910,543,848,543,863,926,863,454,965,913,150,568,278,457,1423,1206,552,714,1538,668,171,3,725,,22:47,1
2006-07,1733,Al Harrington,Al,1610612744,GSW,Golden State Warriors,0040600143,2007-04-27T00:00:00,GSW vs. DAL,W,14.171666666666667,1,3,0.333,0,1,0.0,5,9,0.556,2,6,8,0,0,0,1,0,3,5,7,-6,19.6,0,0,17.0,1,1,1,1,1130,994,1052,951,543,649,543,164,76,651,229,200,216,986,998,701,141,1,912,168,782,1132,686,171,3,725,,14:10,1
2006-07,2768,Chris Duhon,Chris,1610612741,CHI,Chicago Bulls,0040600133,2007-04-27T00:00:00,CHI @ MIA,W,30.983333333333334,2,4,0.5,0,2,0.0,0,0,0.0,1,5,6,4,0,1,0,0,1,0,4,20,20.2,0,0,16.0,1,1,1,1,583,816,953,409,543,485,543,863,926,863,454,293,362,206,998,278,457,1,257,1118,976,43,660,171,3,757,,30:59,1
2006-07,101181,Jose Calderon,Jose,1610612761,TOR,Toronto Raptors,0040600123,2007-04-27T00:00:00,TOR @ NJN,L,15.583333333333334,6,6,1.0,0,0,0.0,0,0,0.0,0,1,1,3,6,0,0,0,1,0,12,-6,11.7,0,0,16.0,1,785,785,785,1089,288,766,1,543,848,543,863,926,863,834,965,1101,287,17,701,457,1,257,1118,503,1132,946,171,3,757,,15:35,1
2006-07,2440,Matt Barnes,Matt,1610612744,GSW,Golden State Warriors,0040600143,2007-04-27T00:00:00,GSW vs. DAL,W,22.895,3,7,0.429,1,3,0.333,0,0,0.0,2,2,4,1,0,1,0,1,6,0,7,3,16.3,0,0,15.0,1,1,1,1,848,645,690,716,287,346,351,863,926,863,229,737,565,646,998,278,457,1066,1524,1118,782,517,783,171,3,792,,22:54,1
2006-07,2050,Morris Peterson,Morris,1610612761,TOR,Toronto Raptors,0040600123,2007-04-27T00:00:00,TOR @ NJN,L,33.88333333333333,3,7,0.429,1,4,0.25,0,0,0.0,1,6,7,0,0,0,0,0,5,1,7,7,15.4,0,0,15.0,1,785,785,785,496,645,690,716,287,236,446,863,926,863,454,200,278,986,998,701,457,1,1413,769,782,322,810,171,3,792,,33:53,1
2006-07,1904,Devean George,Devean,1610612742,DAL,Dallas Mavericks,0040600143,2007-04-27T00:00:00,DAL @ GSW,L,18.016666666666666,1,4,0.25,0,0,0.0,3,4,0.75,1,2,3,1,2,2,0,0,2,2,5,-3,14.1,0,0,13.0,1,785,785,785,997,994,953,1112,543,848,543,334,332,449,454,737,728,646,308,103,457,1,563,552,911,937,859,171,3,867,,18:01,1
2006-07,1725,Rasho Nesterovic,Rasho,1610612761,TOR,Toronto Raptors,0040600123,2007-04-27T00:00:00,TOR @ NJN,L,17.55,3,4,0.75,0,0,0.0,1,1,1.0,2,2,4,0,2,0,1,0,0,2,7,-6,12.8,0,0,13.0,1,785,785,785,1011,645,953,115,543,848,543,675,861,1,229,737,565,986,308,701,141,1,1,552,782,1132,902,171,3,867,,17:33,1
2006-07,1715,Jason Williams,Jason,1610612748,MIA,Miami Heat,0040600133,2007-04-27T00:00:00,MIA vs. CHI,L,27.3,1,7,0.143,1,4,0.25,2,2,1.0,0,1,1,3,0,1,0,0,1,1,5,-5,13.7,0,0,12.0,1,785,785,785,709,994,690,1222,287,236,446,459,556,1,834,965,1101,287,998,278,457,1,257,769,911,1073,870,171,3,907,,27:18,1
2006-07,1630,Mikki Moore,Mikki,1610612751,NJN,New Jersey Nets,0040600123,2007-04-27T00:00:00,NJN vs. TOR,W,25.566666666666666,3,6,0.5,0,0,0.0,1,1,1.0,0,1,1,1,1,1,0,1,3,1,7,12,11.7,0,0,11.0,1,1,1,1,776,645,766,409,543,848,543,675,861,1,834,965,1101,646,568,278,457,1066,912,769,782,171,946,171,3,937,,25:34,1
2006-07,224,Eddie Jones,Eddie,1610612748,MIA,Miami Heat,0040600133,2007-04-27T00:00:00,MIA vs. CHI,L,26.033333333333335,1,2,0.5,1,1,1.0,3,4,0.75,0,2,2,2,0,0,0,0,3,3,6,1,11.4,0,0,11.0,1,785,785,785,761,994,1167,409,287,649,1,334,332,449,834,737,913,423,998,701,457,1,912,396,837,656,956,171,3,937,,26:02,1
2006-07,136,P.J. Brown,P.J.,1610612741,CHI,Chicago Bulls,0040600133,2007-04-27T00:00:00,CHI @ MIA,W,16.926666666666666,2,4,0.5,0,0,0.0,2,2,1.0,0,4,4,1,1,0,0,0,4,1,6,3,11.3,0,0,11.0,1,1,1,1,1036,816,953,409,543,848,543,459,556,1,834,389,565,646,568,701,457,1,1206,769,837,517,960,171,3,937,,16:56,1
2006-07,956,Erick Dampier,Erick,1610612742,DAL,Dallas Mavericks,0040600143,2007-04-27T00:00:00,DAL @ GSW,L,12.54,1,2,0.5,0,0,0.0,1,2,0.5,5,3,8,0,2,0,0,0,3,2,3,-6,10.6,0,0,11.0,1,785,785,785,1182,994,1167,409,543,848,543,675,556,656,31,545,216,986,308,701,457,1,912,552,1052,1132,989,171,3,937,,12:32,1
2006-07,297,Alonzo Mourning,Alonzo,1610612748,MIA,Miami Heat,0040600133,2007-04-27T00:00:00,MIA vs. CHI,L,13.3,2,2,1.0,0,0,0.0,1,2,0.5,0,1,1,0,0,0,2,0,3,1,5,2,12.2,0,0,10.0,1,785,785,785,1157,816,1167,1,543,848,543,675,556,656,834,965,1101,986,998,701,55,1,912,769,911,581,927,171,3,983,,13:18,1
2006-07,2215,Jason Collins,Jason,1610612751,NJN,New Jersey Nets,0040600123,2007-04-27T00:00:00,NJN vs. TOR,W,27.566666666666666,1,1,1.0,0,0,0.0,0,0,0.0,0,2,2,0,0,1,1,0,5,1,2,1,10.4,0,0,8.0,1,1,1,1,700,994,1299,1,543,848,543,863,926,863,834,737,913,986,998,278,141,1,1413,769,1125,656,1001,171,3,1070,,27:34,1
2006-07,200772,Maurice Ager,Maurice,1610612742,DAL,Dallas Mavericks,0040600143,2007-04-27T00:00:00,DAL @ GSW,L,10.966666666666667,2,4,0.5,0,1,0.0,1,4,0.25,1,2,3,0,0,0,0,0,1,3,5,4,8.6,0,0,8.0,1,785,785,785,1235,816,953,409,543,649,543,675,332,851,454,737,728,986,998,701,457,1,257,396,911,462,1074,171,3,1070,,10:58,1
2006-07,200767,Josh Boone,Josh,1610612751,NJN,New Jersey Nets,0040600123,2007-04-27T00:00:00,NJN vs. TOR,W,11.3,2,3,0.667,0,0,0.0,0,0,0.0,2,2,4,0,1,0,0,1,0,1,4,2,7.8,0,0,8.0,1,1,1,1,1221,816,1052,158,543,848,543,863,926,863,229,737,565,986,568,701,457,1066,1,769,976,581,1112,171,3,1070,,11:18,1
2006-07,1506,Austin Croshere,Austin,1610612742,DAL,Dallas Mavericks,0040600143,2007-04-27T00:00:00,DAL @ GSW,L,11.5,1,3,0.333,0,0,0.0,4,4,1.0,1,1,2,0,1,0,0,1,1,3,6,-1,7.4,0,0,8.0,1,785,785,785,1215,994,1052,951,543,848,543,231,332,1,454,965,913,986,568,701,457,1066,257,396,837,812,1127,171,3,1070,,11:30,1
2006-07,2554,Mickael Pietrus,Mickael,1610612744,GSW,Golden State Warriors,0040600143,2007-04-27T00:00:00,GSW vs. DAL,W,20.266666666666666,0,5,0.0,0,2,0.0,1,2,0.5,2,3,5,0,3,0,1,0,4,1,1,7,7.0,0,0,8.0,1,1,1,1,925,1243,859,1243,543,485,543,675,556,656,229,545,466,986,161,701,141,1,1206,769,1285,322,1147,171,3,1070,,20:16,1
2006-07,200766,Marcus Williams,Marcus,1610612751,NJN,New Jersey Nets,0040600123,2007-04-27T00:00:00,NJN vs. TOR,W,8.19,2,5,0.4,0,2,0.0,0,0,0.0,0,1,1,2,1,0,0,0,0,1,4,-1,7.2,0,0,7.0,1,1,1,1,1300,816,859,790,543,485,543,863,926,863,834,965,1101,423,568,701,457,1,1,769,976,812,1136,171,3,1113,,8:11,1
2006-07,2617,Udonis Haslem,Udonis,1610612748,MIA,Miami Heat,0040600133,2007-04-27T00:00:00,MIA vs. CHI,L,24.365,1,5,0.2,0,0,0.0,3,4,0.75,0,1,1,0,0,0,0,1,5,4,5,-12,6.2,0,0,6.0,1,785,785,785,804,994,859,1169,543,848,543,334,332,449,834,965,1101,986,998,701,457,1066,1413,269,911,1378,1185,171,3,1166,,24:22,1
2006-07,361,Clifford Robinson,Clifford,1610612751,NJN,New Jersey Nets,0040600123,2007-04-27T00:00:00,NJN vs. TOR,W,9.838333333333333,1,3,0.333,1,2,0.5,0,0,0.0,0,0,0,0,1,1,0,0,0,0,3,4,5.0,0,0,6.0,1,1,1,1,1265,994,1052,951,287,485,153,863,926,863,834,1251,1327,986,568,278,457,1,1,1118,1052,462,1243,171,3,1166,,9:50,1
2006-07,2413,Juan Dixon,Juan,1610612761,TOR,Toronto Raptors,0040600123,2007-04-27T00:00:00,TOR @ NJN,L,8.55,0,2,0.0,0,2,0.0,0,0,0.0,0,1,1,0,1,2,0,0,0,0,0,-8,6.2,0,0,5.0,1,785,785,785,1296,1243,1167,1243,543,485,543,863,926,863,834,965,1101,986,568,103,457,1,1,1118,1311,1221,1185,171,3,1212,,8:33,1
2006-07,101121,Joey Graham,Joey,1610612761,TOR,Toronto Raptors,0040600123,2007-04-27T00:00:00,TOR @ NJN,L,12.8,0,4,0.0,0,0,0.0,2,2,1.0,1,0,1,1,1,0,0,0,0,2,2,-16,3.7,0,0,4.0,1,785,785,785,1171,1243,953,1243,543,848,543,459,556,1,454,1251,1101,646,568,701,457,1,1,552,1125,1477,1314,171,3,1264,,12:48,1
2006-07,2574,Jason Kapono,Jason,1610612748,MIA,Miami Heat,0040600133,2007-04-27T00:00:00,MIA vs. CHI,L,15.418333333333333,1,2,0.5,0,1,0.0,0,0,0.0,0,0,0,1,0,0,0,1,2,1,2,-11,3.5,0,0,3.0,1,785,785,785,1096,994,1167,409,543,649,543,863,926,863,834,1251,1327,646,998,701,457,1066,563,769,1125,1341,1319,171,3,1315,,15:25,1
2006-07,2205,DeSagana Diop,DeSagana,1610612742,DAL,Dallas Mavericks,0040600143,2007-04-27T00:00:00,DAL @ GSW,L,16.733333333333334,0,1,0.0,0,0,0.0,0,0,0.0,0,1,1,0,1,0,1,0,3,0,0,-13,3.2,0,0,3.0,1,785,785,785,1048,1243,1299,1243,543,848,543,863,926,863,834,965,1101,986,568,701,141,1,912,1118,1311,1413,1325,171,3,1315,,16:44,1
2006-07,101120,Antoine Wright,Antoine,1610612751,NJN,New Jersey Nets,0040600123,2007-04-27T00:00:00,NJN vs. TOR,W,8.991666666666667,1,1,1.0,0,0,0.0,0,0,0.0,0,0,0,0,1,0,0,0,1,0,2,5,1.0,0,0,2.0,1,1,1,1,1283,994,1299,1,543,848,543,863,926,863,834,1251,1327,986,568,701,457,1,257,1118,1125,416,1443,171,3,1362,,8:60,1
2006-07,2739,Luke Jackson,Luke,1610612761,TOR,Toronto Raptors,0040600123,2007-04-27T00:00:00,TOR @ NJN,L,3.7,0,0,0.0,0,0,0.0,0,0,0.0,0,0,0,1,0,0,0,0,1,0,0,3,1.5,0,0,1.0,1,785,785,785,1441,1243,1436,1243,543,848,543,863,926,863,834,1251,1327,646,998,701,457,1,257,1118,1311,517,1405,171,3,1423,,3:42,1
2006-07,1761,Greg Buckner,Greg,1610612742,DAL,Dallas Mavericks,0040600143,2007-04-27T00:00:00,DAL @ GSW,L,11.933333333333334,0,2,0.0,0,2,0.0,0,0,0.0,0,1,1,0,0,0,0,1,3,0,0,5,1.2,0,0,1.0,1,785,785,785,1203,1243,1167,1243,543,485,543,863,926,863,834,965,1101,986,998,701,457,1066,912,1118,1311,416,1421,171,3,1423,,11:56,1
2006-07,200748,Tyrus Thomas,Tyrus,1610612741,CHI,Chicago Bulls,0040600133,2007-04-27T00:00:00,CHI @ MIA,W,3.466666666666667,0,1,0.0,0,0,0.0,0,0,0.0,1,0,1,0,1,0,0,1,1,0,0,-8,0.2,0,0,1.0,1,1,1,1,1443,1243,1299,1243,543,848,543,863,926,863,454,1251,1101,986,568,701,457,1066,257,1118,1311,1221,1455,171,3,1423,,3:28,1
2006-07,200826,J.J. Barea,J.J.,1610612742,DAL,Dallas Mavericks,0040600143,2007-04-27T00:00:00,DAL @ GSW,L,2.033333333333333,0,0,0.0,0,0,0.0,0,2,0.0,0,0,0,0,0,0,0,0,0,2,0,4,0.0,0,0,0.0,1,785,785,785,1493,1243,1436,1243,543,848,543,863,556,863,834,1251,1327,986,998,701,457,1,1,552,1311,462,1461,171,3,1463,,2:02,1
2006-07,2694,Josh Powell,Josh,1610612744,GSW,Golden State Warriors,0040600143,2007-04-27T00:00:00,GSW vs. DAL,W,1.4833333333333334,0,0,0.0,0,0,0.0,0,0,0.0,0,0,0,0,0,0,0,0,0,0,0,0,0.0,0,0,0.0,1,1,1,1,1508,1243,1436,1243,543,848,543,863,926,863,834,1251,1327,986,998,701,457,1,1,1118,1311,715,1461,171,3,1463,,1:29,1
2006-07,101180,Sarunas Jasikevicius,Sarunas,1610612744,GSW,Golden State Warriors,0040600143,2007-04-27T00:00:00,GSW vs. DAL,W,1.55,0,1,0.0,0,0,0.0,0,0,0.0,0,0,0,0,0,0,0,0,1,0,0,-2,0.0,0,0,0.0,1,1,1,1,1505,1243,1299,1243,543,848,543,863,926,863,834,1251,1327,986,998,701,457,1,257,1118,1311,865,1461,171,3,1463,,1:33,1
2006-07,101235,Kelenna Azubuike,Kelenna,1610612744,GSW,Golden State Warriors,0040600143,2007-04-27T00:00:00,GSW vs. DAL,W,2.0933333333333333,0,0,0.0,0,0,0.0,0,0,0.0,0,0,0,0,0,0,0,0,0,0,0,-4,0.0,0,0,0.0,1,1,1,1,1491,1243,1436,1243,543,848,543,863,926,863,834,1251,1327,986,998,701,457,1,1,1118,1311,1002,1461,171,3,1463,,2:06,1
2006-07,2743,Kris Humphries,Kris,1610612761,TOR,Toronto Raptors,0040600123,2007-04-27T00:00:00,TOR @ NJN,L,4.516666666666667,0,0,0.0,0,0,0.0,0,0,0.0,0,0,0,0,1,0,0,0,2,0,0,-5,-1.0,0,0,0.0,1,785,785,785,1416,1243,1436,1243,543,848,543,863,926,863,834,1251,1327,986,568,701,457,1,563,1118,1311,1073,1551,171,3,1463,,4:31,1
2006-07,200757,Thabo Sefolosha,Thabo,1610612741,CHI,Chicago Bulls,0040600133,2007-04-27T00:00:00,CHI @ MIA,W,4.151666666666666,0,0,0.0,0,0,0.0,0,0,0.0,0,0,0,0,1,0,0,0,2,0,0,-11,-1.0,0,0,0.0,1,1,1,1,1428,1243,1436,1243,543,848,543,863,926,863,834,1251,1327,986,568,701,457,1,563,1118,1311,1341,1551,171,3,1463,,4:09,1
2006-07,977,Kobe Bryant,Kobe,1610612747,LAL,Los Angeles Lakers,0040600153,2007-04-26T00:00:00,LAL vs. PHX,W,44.81666666666667,15,26,0.577,2,3,0.667,13,13,1.0,0,6,6,6,5,1,1,2,3,8,45,1,62.2,0,0,63.0,1,1,1,1,61,3,12,309,122,346,86,7,21,1,834,200,362,112,39,278,141,1423,912,34,2,656,12,171,3,3,,44:49,1
2006-07,2419,Tayshaun Prince,Tayshaun,1610612765,DET,Detroit Pistons,0040600103,2007-04-26T00:00:00,DET @ ORL,W,43.36666666666667,8,16,0.5,3,5,0.6,4,4,1.0,1,6,7,5,2,3,0,0,0,4,23,13,45.9,0,0,44.0,1,1,1,1,114,145,175,409,43,160,129,231,332,1,454,200,278,150,308,32,457,1,1,269,133,145,109,171,3,86,,43:22,1
2006-07,2397,Yao Ming,ao Ming,1610612745,HOU,Houston Rockets,0040600173,2007-04-26T00:00:00,HOU @ UTA,L,39.04833333333333,6,14,0.429,0,0,0.0,14,16,0.875,3,11,14,1,8,0,1,1,3,8,26,-8,39.3,1,0,43.0,1,785,785,785,297,288,261,716,543,848,543,2,5,348,128,22,28,646,1,701,141,1066,912,34,77,1221,201,1,3,100,,39:03,1
2006-07,1885,Lamar Odom,Lamar,1610612747,LAL,Los Angeles Lakers,0040600153,2007-04-26T00:00:00,LAL vs. PHX,W,46.06666666666667,8,17,0.471,1,3,0.333,1,2,0.5,6,10,16,2,1,0,2,0,2,1,18,2,45.2,1,0,41.0,1,1,1,1,21,145,145,622,287,346,351,675,556,656,12,37,17,423,568,701,55,1,563,769,272,581,117,1,3,130,,46:04,1
2006-07,2405,Amar'e Stoudemire,Amar'e,1610612756,PHX,Phoenix Suns,0040600153,2007-04-26T00:00:00,PHX @ LAL,L,31.363333333333333,11,17,0.647,0,2,0.0,2,2,1.0,2,8,10,3,3,0,2,2,4,2,24,-12,43.5,1,0,41.0,1,785,785,785,569,36,145,221,543,485,543,459,556,1,229,90,122,287,161,701,55,1423,1206,552,110,1378,136,1,3,130,,31:22,1
2006-07,2430,Carlos Boozer,Carlos,1610612762,UTA,Utah Jazz,0040600173,2007-04-26T00:00:00,UTA vs. HOU,W,34.92166666666667,10,18,0.556,0,0,0.0,2,3,0.667,5,7,12,4,1,0,0,1,2,2,22,1,41.4,1,0,38.0,1,1,1,1,467,57,119,344,543,848,543,459,481,556,31,147,59,206,568,701,457,1066,563,552,160,656,159,1,3,194,,34:55,1
2006-07,2749,Jameer Nelson,Jameer,1610612753,ORL,Orlando Magic,0040600103,2007-04-26T00:00:00,ORL vs. DET,L,39.15,10,19,0.526,3,5,0.6,4,4,1.0,1,2,3,4,3,0,0,1,5,3,27,-9,33.6,0,0,37.0,1,785,785,785,287,57,85,395,43,160,129,231,332,1,454,737,728,206,161,701,457,1066,1413,396,59,1258,304,171,3,210,,39:09,1
2006-07,1497,Chauncey Billups,Chauncey,1610612765,DET,Detroit Pistons,0040600103,2007-04-26T00:00:00,DET @ ORL,W,37.5,8,13,0.615,2,3,0.667,3,6,0.5,0,6,6,3,3,2,0,0,1,4,21,16,35.7,0,0,36.0,1,1,1,1,367,145,316,257,122,346,86,334,197,656,834,200,362,287,161,103,457,1,257,269,180,97,261,171,3,229,,37:30,1
2006-07,1503,Tracy McGrady,Tracy,1610612745,HOU,Houston Rockets,0040600173,2007-04-26T00:00:00,HOU @ UTA,L,39.11666666666667,9,23,0.391,1,5,0.2,5,8,0.625,1,3,4,3,4,1,1,1,2,7,24,-5,35.3,0,0,36.0,1,785,785,785,290,92,25,856,287,160,492,164,103,620,454,545,565,287,88,278,141,1066,563,69,110,1073,266,171,3,229,,39:07,1
2006-07,2571,Leandro Barbosa,Leandro,1610612756,PHX,Phoenix Suns,0040600153,2007-04-26T00:00:00,PHX @ LAL,L,36.11666666666667,7,18,0.389,5,11,0.455,1,2,0.5,1,4,5,2,2,0,0,1,1,2,20,-14,27.0,0,0,32.0,1,785,785,785,413,201,119,858,4,2,282,675,556,656,454,389,466,423,308,701,457,1066,257,552,213,1440,477,171,3,296,,36:07,1
2006-07,101114,Deron Williams,Deron,1610612762,UTA,Utah Jazz,0040600173,2007-04-26T00:00:00,UTA vs. HOU,W,38.9,5,18,0.278,0,5,0.0,1,1,1.0,2,5,7,8,5,2,0,1,2,2,11,6,32.4,0,0,30.0,1,1,1,1,302,378,119,1099,543,160,543,675,861,1,229,293,278,56,39,103,457,1066,563,552,537,364,330,171,3,341,,38:54,1
2006-07,2198,Kwame Brown,Kwame,1610612747,LAL,Los Angeles Lakers,0040600153,2007-04-26T00:00:00,LAL vs. PHX,W,35.74166666666667,8,14,0.571,0,0,0.0,3,5,0.6,4,2,6,0,3,0,2,0,1,3,19,9,29.2,0,0,29.0,1,1,1,1,430,145,261,310,543,848,543,334,277,629,64,737,362,986,161,701,55,1,257,396,246,259,409,171,3,363,,35:45,1
2006-07,959,Steve Nash,Steve,1610612756,PHX,Phoenix Suns,0040600153,2007-04-26T00:00:00,PHX @ LAL,L,37.083333333333336,4,9,0.444,1,2,0.5,1,1,1.0,0,4,4,13,5,0,0,1,2,5,10,-1,29.3,1,0,28.0,1,785,785,785,377,489,553,682,287,485,153,675,861,1,834,389,565,14,39,701,457,1066,563,168,589,812,407,1,3,391,,37:05,1
2006-07,185,Chris Webber,Chris,1610612765,DET,Detroit Pistons,0040600103,2007-04-26T00:00:00,DET @ ORL,W,27.69,7,13,0.538,0,0,0.0,1,2,0.5,2,5,7,0,0,1,2,0,3,2,15,2,32.4,0,0,28.0,1,1,1,1,695,201,316,373,543,848,543,675,556,656,229,293,278,986,998,278,55,1,912,552,375,581,330,171,3,391,,27:41,1
2006-07,2246,Mehmet Okur,Mehmet,1610612762,UTA,Utah Jazz,0040600173,2007-04-26T00:00:00,UTA vs. HOU,W,35.9,2,12,0.167,0,6,0.0,3,3,1.0,1,2,3,1,1,4,4,1,3,5,7,-1,35.1,0,0,27.0,1,1,1,1,422,816,370,1200,543,99,543,334,481,1,454,737,728,646,568,8,16,1066,912,168,782,812,275,171,3,422,,35:54,1
2006-07,2045,Hedo Turkoglu,Hedo,1610612753,ORL,Orlando Magic,0040600103,2007-04-26T00:00:00,ORL vs. DET,L,38.46666666666667,4,10,0.4,0,2,0.0,2,3,0.667,1,6,7,4,3,2,1,0,1,1,10,-18,30.4,0,0,27.0,1,785,785,785,314,489,500,790,543,485,543,459,481,556,454,200,278,206,161,103,141,1,257,769,589,1509,378,171,3,422,,38:28,1
2006-07,2730,Dwight Howard,Dwight,1610612753,ORL,Orlando Magic,0040600103,2007-04-26T00:00:00,ORL vs. DET,L,44.35,5,10,0.5,0,0,0.0,1,2,0.5,2,10,12,1,3,0,1,2,3,6,11,-18,26.9,1,0,26.0,1,785,785,785,79,378,500,409,543,848,543,675,556,656,229,37,59,646,161,701,141,1423,912,105,537,1509,481,1,3,455,,44:21,1
2006-07,2203,Shane Battier,Shane,1610612745,HOU,Houston Rockets,0040600173,2007-04-26T00:00:00,HOU @ UTA,L,40.733333333333334,4,10,0.4,3,7,0.429,0,0,0.0,0,5,5,1,0,1,2,0,2,1,11,-8,27.5,0,0,26.0,1,785,785,785,212,489,500,790,43,44,286,863,926,863,834,293,466,646,998,278,55,1,563,769,537,1221,462,171,3,455,,40:44,1
2006-07,739,Rasheed Wallace,Rasheed,1610612765,DET,Detroit Pistons,0040600103,2007-04-26T00:00:00,DET @ ORL,W,29.95,6,13,0.462,3,3,1.0,0,0,0.0,2,4,6,0,0,0,1,1,4,0,15,0,25.2,0,0,26.0,1,1,1,1,615,288,316,640,43,346,1,863,926,863,229,389,362,986,998,701,141,1066,1206,1118,375,715,529,171,3,455,,29:57,1
2006-07,1747,Rafer Alston,Rafer,1610612745,HOU,Houston Rockets,0040600173,2007-04-26T00:00:00,HOU @ UTA,L,45.05,2,5,0.4,2,4,0.5,0,0,0.0,1,6,7,5,5,1,1,0,2,0,6,-5,22.9,0,0,24.0,1,785,785,785,46,816,859,790,122,236,153,863,926,863,454,200,278,150,39,278,141,1,563,1118,837,1073,605,171,3,513,,45:03,1
2006-07,1890,Shawn Marion,Shawn,1610612756,PHX,Phoenix Suns,0040600153,2007-04-26T00:00:00,PHX @ LAL,L,44.38333333333333,4,12,0.333,1,3,0.333,1,3,0.333,0,4,4,1,1,1,2,2,2,2,10,-7,24.3,0,0,22.0,1,785,785,785,78,489,370,951,287,346,351,675,481,833,834,389,565,646,568,278,55,1423,563,552,589,1179,561,171,3,571,,44:23,1
2006-07,686,Antonio McDyess,Antonio,1610612765,DET,Detroit Pistons,0040600103,2007-04-26T00:00:00,DET @ ORL,W,21.216666666666665,2,5,0.4,0,0,0.0,0,0,0.0,3,8,11,2,0,0,2,0,3,2,4,16,26.2,0,0,21.0,1,1,1,1,888,816,859,790,543,848,543,863,926,863,128,90,91,423,998,701,55,1,912,552,976,97,499,171,3,604,,21:13,1
2006-07,1723,Matt Harpring,Matt,1610612762,UTA,Utah Jazz,0040600173,2007-04-26T00:00:00,UTA vs. HOU,W,29.808333333333334,4,12,0.333,0,0,0.0,5,5,1.0,3,4,7,1,0,0,0,2,1,4,13,10,22.9,0,0,21.0,1,1,1,1,621,489,370,951,543,848,543,164,277,1,128,389,278,646,998,701,457,1423,257,269,450,227,605,171,3,604,,29:49,1
2006-07,1952,Raja Bell,Raja,1610612756,PHX,Phoenix Suns,0040600153,2007-04-26T00:00:00,PHX @ LAL,L,37.763333333333335,3,7,0.429,2,4,0.5,1,2,0.5,1,2,3,5,1,1,0,0,5,1,9,9,22.1,0,0,21.0,1,785,785,785,348,645,690,716,122,236,153,675,556,656,454,737,728,150,568,278,457,1,1413,769,648,259,619,171,3,604,,37:46,1
2006-07,1888,Richard Hamilton,Richard,1610612765,DET,Detroit Pistons,0040600103,2007-04-26T00:00:00,DET @ ORL,W,38.86666666666667,2,11,0.182,0,0,0.0,6,7,0.857,3,2,5,2,2,1,0,1,4,6,10,19,20.0,0,0,19.0,1,1,1,1,305,816,430,1195,543,848,543,120,154,363,128,737,466,423,308,278,457,1066,1206,105,589,53,666,171,3,658,,38:52,1
2006-07,2545,Darko Milicic,Darko,1610612753,ORL,Orlando Magic,0040600103,2007-04-26T00:00:00,ORL vs. DET,L,24.366666666666667,5,7,0.714,0,0,0.0,1,5,0.2,2,0,2,1,0,1,1,0,2,5,11,-18,20.9,0,0,18.0,1,785,785,785,803,378,690,139,543,848,543,675,277,858,229,1251,913,646,998,278,141,1,563,168,537,1509,643,171,3,689,,24:22,1
2006-07,255,Grant Hill,Grant,1610612753,ORL,Orlando Magic,0040600103,2007-04-26T00:00:00,ORL vs. DET,L,34.733333333333334,2,12,0.167,0,0,0.0,4,6,0.667,0,6,6,3,2,0,0,3,1,3,8,-12,17.7,0,0,17.0,1,785,785,785,472,816,370,1200,543,848,543,231,197,556,834,200,362,287,308,701,457,1516,257,396,714,1378,735,171,3,725,,34:44,1
2006-07,2564,Boris Diaw,Boris,1610612756,PHX,Phoenix Suns,0040600153,2007-04-26T00:00:00,PHX @ LAL,L,23.683333333333334,3,4,0.75,0,0,0.0,2,2,1.0,1,2,3,5,2,0,0,1,1,3,8,-9,17.1,0,0,16.0,1,785,785,785,824,645,953,115,543,848,543,459,556,1,454,737,728,150,308,701,457,1066,257,396,714,1258,751,171,3,757,,23:41,1
2006-07,1921,Gordan Giricek,Gordan,1610612762,UTA,Utah Jazz,0040600173,2007-04-26T00:00:00,UTA vs. HOU,W,22.308333333333334,4,9,0.444,2,2,1.0,0,0,0.0,0,3,3,1,2,0,0,0,3,2,10,14,13.1,0,0,16.0,1,1,1,1,861,489,553,682,122,485,1,863,926,863,834,545,728,646,308,701,457,1,912,552,589,126,894,171,3,757,,22:19,1
2006-07,965,Derek Fisher,Derek,1610612762,UTA,Utah Jazz,0040600173,2007-04-26T00:00:00,UTA vs. HOU,W,25.433333333333334,3,9,0.333,0,2,0.0,0,0,0.0,0,1,1,1,0,3,0,1,1,1,6,10,17.7,0,0,14.0,1,1,1,1,778,645,553,951,543,485,543,863,926,863,834,965,1101,646,998,32,457,1066,257,769,837,227,735,171,3,821,,25:26,1
2006-07,2575,Luke Walton,Luke,1610612747,LAL,Los Angeles Lakers,0040600153,2007-04-26T00:00:00,LAL vs. PHX,W,22.52,2,6,0.333,1,2,0.5,0,0,0.0,1,2,3,2,1,1,0,2,2,0,5,0,13.6,0,0,13.0,1,1,1,1,858,816,766,951,287,485,153,863,926,863,454,737,728,423,568,278,457,1423,563,1118,911,715,876,171,3,867,,22:31,1
2006-07,200794,Paul Millsap,Paul,1610612762,UTA,Utah Jazz,0040600173,2007-04-26T00:00:00,UTA vs. HOU,W,13.978333333333333,4,4,1.0,0,0,0.0,1,2,0.5,1,3,4,0,1,0,0,0,0,1,9,15,12.8,0,0,13.0,1,1,1,1,1136,489,953,1,543,848,543,675,556,656,454,545,565,986,568,701,457,1,1,769,648,108,902,171,3,867,,13:59,1
2006-07,2260,Jarron Collins,Jarron,1610612762,UTA,Utah Jazz,0040600173,2007-04-26T00:00:00,UTA vs. HOU,W,12.1,0,1,0.0,0,0,0.0,1,2,0.5,2,2,4,2,0,2,0,1,3,1,1,15,14.8,0,0,11.0,1,1,1,1,1193,1243,1299,1243,543,848,543,675,556,656,229,737,565,423,998,103,457,1066,912,769,1285,108,829,171,3,937,,12:06,1
2006-07,101236,Chuck Hayes,Chuck,1610612745,HOU,Houston Rockets,0040600173,2007-04-26T00:00:00,HOU @ UTA,L,28.631666666666668,0,2,0.0,0,0,0.0,0,2,0.0,3,4,7,1,2,1,0,1,4,1,0,3,10.9,0,0,10.0,1,785,785,785,657,1243,1167,1243,543,848,543,863,556,863,128,389,278,646,308,278,457,1066,1206,769,1311,517,969,171,3,983,,28:38,1
2006-07,703,Kurt Thomas,Kurt,1610612756,PHX,Phoenix Suns,0040600153,2007-04-26T00:00:00,PHX @ LAL,L,13.42,3,6,0.5,0,0,0.0,0,0,0.0,0,4,4,0,1,0,0,0,3,0,6,2,9.8,0,0,10.0,1,785,785,785,1152,645,766,409,543,848,543,863,926,863,834,389,565,986,568,701,457,1,912,1118,837,581,1031,171,3,983,,13:25,1
2006-07,1499,Tony Battie,Tony,1610612753,ORL,Orlando Magic,0040600103,2007-04-26T00:00:00,ORL vs. DET,L,22.166666666666668,1,4,0.25,0,0,0.0,0,0,0.0,1,5,6,1,0,0,0,0,3,0,2,7,10.7,0,0,9.0,1,785,785,785,863,994,953,1112,543,848,543,863,926,863,454,293,362,646,998,701,457,1,912,1118,1125,322,981,171,3,1022,,22:10,1
2006-07,200770,Jordan Farmar,Jordan,1610612747,LAL,Los Angeles Lakers,0040600153,2007-04-26T00:00:00,LAL vs. PHX,W,22.9,0,2,0.0,0,1,0.0,2,2,1.0,1,2,3,0,1,1,1,0,0,1,2,-10,10.6,0,0,9.0,1,1,1,1,847,1243,1167,1243,543,649,543,459,556,1,454,737,728,986,568,278,141,1,1,769,1125,1299,989,171,3,1022,,22:54,1
2006-07,1905,Andrei Kirilenko,Andrei,1610612762,UTA,Utah Jazz,0040600173,2007-04-26T00:00:00,UTA vs. HOU,W,26.65,1,2,0.5,0,0,0.0,0,2,0.0,1,2,3,1,1,1,0,0,4,2,2,0,9.1,0,0,8.0,1,1,1,1,737,994,1167,409,543,848,543,863,556,863,454,737,728,646,568,278,457,1,1206,552,1125,715,1059,171,3,1070,,26:39,1
2006-07,2470,Smush Parker,Smush,1610612747,LAL,Los Angeles Lakers,0040600153,2007-04-26T00:00:00,LAL vs. PHX,W,17.266666666666666,0,4,0.0,0,2,0.0,0,0,0.0,2,0,2,1,0,1,1,0,2,1,0,5,9.9,0,0,7.0,1,1,1,1,1022,1243,953,1243,543,485,543,863,926,863,229,1251,913,646,998,278,141,1,563,769,1311,416,1027,171,3,1113,,17:16,1
2006-07,101129,Luther Head,Luther,1610612745,HOU,Houston Rockets,0040600173,2007-04-26T00:00:00,HOU @ UTA,L,24.2,0,5,0.0,0,3,0.0,0,0,0.0,0,3,3,0,0,1,1,0,3,2,0,-17,9.6,0,0,7.0,1,785,785,785,811,1243,859,1243,543,346,543,863,926,863,834,545,728,986,998,278,141,1,912,552,1311,1492,1039,171,3,1113,,24:12,1
2006-07,905,Dale Davis,Dale,1610612765,DET,Detroit Pistons,0040600103,2007-04-26T00:00:00,DET @ ORL,W,15.326666666666666,1,3,0.333,0,0,0.0,1,2,0.5,1,0,1,1,0,0,1,1,1,1,3,11,8.7,0,0,7.0,1,1,1,1,1098,994,1052,951,543,848,543,675,556,656,454,1251,1101,646,998,701,141,1066,257,769,1052,198,1071,171,3,1113,,15:20,1
2006-07,2772,Trevor Ariza,Trevor,1610612753,ORL,Orlando Magic,0040600103,2007-04-26T00:00:00,ORL vs. DET,L,14.65,2,4,0.5,0,0,0.0,0,0,0.0,1,1,2,1,2,0,0,0,3,0,4,-1,5.9,0,0,7.0,1,785,785,785,1118,816,953,409,543,848,543,863,926,863,454,965,913,646,308,701,457,1,912,1118,976,812,1205,171,3,1113,,14:39,1
2006-07,101115,Andrew Bynum,Andrew,1610612747,LAL,Los Angeles Lakers,0040600153,2007-04-26T00:00:00,LAL vs. PHX,W,8.65,0,2,0.0,0,0,0.0,3,6,0.5,2,1,3,0,0,0,0,0,0,3,3,1,6.6,0,0,6.0,1,1,1,1,1291,1243,1167,1243,543,848,543,334,197,656,229,965,728,986,998,701,457,1,1,396,1052,656,1163,171,3,1166,,8:39,1
2006-07,2568,Carlos Delfino,Carlos,1610612765,DET,Detroit Pistons,0040600103,2007-04-26T00:00:00,DET @ ORL,W,11.3,0,2,0.0,0,2,0.0,0,0,0.0,0,3,3,0,0,1,0,0,0,2,0,0,6.6,0,0,5.0,1,1,1,1,1221,1243,1167,1243,543,485,543,863,926,863,834,545,728,986,998,278,457,1,1,552,1311,715,1163,171,3,1212,,11:18,1
2006-07,1742,Shammond Williams,Shammond,1610612747,LAL,Los Angeles Lakers,0040600153,2007-04-26T00:00:00,LAL vs. PHX,W,24.096666666666668,0,5,0.0,0,2,0.0,0,0,0.0,1,1,2,3,1,0,0,0,2,1,0,12,5.9,0,0,5.0,1,1,1,1,814,1243,859,1243,543,485,543,863,926,863,454,965,913,287,568,701,457,1,563,769,1311,171,1205,171,3,1212,,24:06,1
2006-07,2592,James Jones,James,1610612756,PHX,Phoenix Suns,0040600153,2007-04-26T00:00:00,PHX @ LAL,L,16.186666666666667,1,2,0.5,0,0,0.0,0,0,0.0,1,1,2,1,0,0,0,0,0,0,2,2,5.9,0,0,5.0,1,785,785,785,1064,994,1167,409,543,848,543,863,926,863,454,965,913,646,998,701,457,1,1,1118,1125,581,1205,171,3,1212,,16:11,1
2006-07,2436,Flip Murray,Flip,1610612765,DET,Detroit Pistons,0040600103,2007-04-26T00:00:00,DET @ ORL,W,12.966666666666667,0,2,0.0,0,0,0.0,2,2,1.0,0,1,1,2,1,0,0,0,3,1,2,0,5.2,0,0,5.0,1,1,1,1,1168,1243,1167,1243,543,848,543,459,556,1,834,965,1101,423,568,701,457,1,912,769,1125,715,1228,171,3,1212,,12:58,1
2006-07,2039,Keyon Dooling,Keyon,1610612753,ORL,Orlando Magic,0040600103,2007-04-26T00:00:00,ORL vs. DET,L,15.483333333333333,2,5,0.4,0,0,0.0,0,1,0.0,0,1,1,0,0,0,0,0,4,1,4,-8,5.2,0,0,5.0,1,785,785,785,1091,816,859,790,543,848,543,863,861,863,834,965,1101,986,998,701,457,1,1206,769,976,1221,1228,171,3,1212,,15:29,1
2006-07,2567,Brian Cook,Brian,1610612747,LAL,Los Angeles Lakers,0040600153,2007-04-26T00:00:00,LAL vs. PHX,W,11.958333333333334,1,3,0.333,1,2,0.5,0,0,0.0,0,1,1,0,0,0,0,0,3,0,3,8,4.2,0,0,5.0,1,1,1,1,1201,994,1052,951,287,485,153,863,926,863,834,965,1101,986,998,701,457,1,912,1118,1052,288,1288,171,3,1212,,11:58,1
2006-07,87,Dikembe Mutombo,Dikembe,1610612745,HOU,Houston Rockets,0040600173,2007-04-26T00:00:00,HOU @ UTA,L,5.968333333333334,0,0,0.0,0,0,0.0,0,0,0.0,1,0,1,0,0,0,1,0,2,0,0,-6,4.2,0,0,3.0,1,785,785,785,1366,1243,1436,1243,543,848,543,863,926,863,454,1251,1101,986,998,701,141,1,563,1118,1311,1132,1288,171,3,1315,,5:58,1
2006-07,436,Juwan Howard,Juwan,1610612745,HOU,Houston Rockets,0040600173,2007-04-26T00:00:00,HOU @ UTA,L,14.301666666666666,0,5,0.0,0,0,0.0,0,0,0.0,0,1,1,0,0,1,0,1,2,0,0,-15,4.2,0,0,3.0,1,785,785,785,1128,1243,859,1243,543,848,543,863,926,863,834,965,1101,986,998,278,457,1066,563,1118,1311,1463,1288,171,3,1315,,14:18,1
2006-07,2230,Maurice Evans,Maurice,1610612747,LAL,Los Angeles Lakers,0040600153,2007-04-26T00:00:00,LAL vs. PHX,W,5.983333333333333,0,2,0.0,0,0,0.0,0,0,0.0,2,0,2,1,0,0,0,0,0,0,0,2,3.9,0,0,3.0,1,1,1,1,1364,1243,1167,1243,543,848,543,863,926,863,229,1251,913,646,998,701,457,1,1,1118,1311,581,1305,171,3,1315,,5:59,1
2006-07,2306,Carlos Arroyo,Carlos,1610612753,ORL,Orlando Magic,0040600103,2007-04-26T00:00:00,ORL vs. DET,L,6.633333333333334,0,3,0.0,0,1,0.0,0,0,0.0,0,0,0,1,0,0,0,0,0,0,0,-3,1.5,0,0,1.0,1,785,785,785,1355,1243,1052,1243,543,649,543,863,926,863,834,1251,1327,646,998,701,457,1,1,1118,1311,937,1405,171,3,1423,,6:38,1
2006-07,2745,Kirk Snyder,Kirk,1610612745,HOU,Houston Rockets,0040600173,2007-04-26T00:00:00,HOU @ UTA,L,2.95,0,0,0.0,0,0,0.0,0,0,0.0,0,1,1,0,0,0,0,0,0,0,0,-9,1.2,0,0,1.0,1,785,785,785,1458,1243,1436,1243,543,848,543,863,926,863,834,965,1101,986,998,701,457,1,1,1118,1311,1258,1421,171,3,1423,,2:57,1
2006-07,101131,Jason Maxiell,Jason,1610612765,DET,Detroit Pistons,0040600103,2007-04-26T00:00:00,DET @ ORL,W,1.8166666666666667,0,0,0.0,0,0,0.0,0,0,0.0,0,0,0,0,0,0,0,0,0,0,0,3,0.0,0,0,0.0,1,1,1,1,1497,1243,1436,1243,543,848,543,863,926,863,834,1251,1327,986,998,701,457,1,1,1118,1311,517,1461,171,3,1463,,1:49,1
2006-07,1712,Antawn Jamison,Antawn,1610612764,WAS,Washington Wizards,0040600112,2007-04-25T00:00:00,WAS @ CLE,L,39.13333333333333,12,24,0.5,3,8,0.375,4,6,0.667,2,8,10,1,0,0,3,1,4,5,31,-4,53.5,1,0,51.0,1,785,785,785,288,18,20,409,43,21,342,231,197,556,229,90,122,646,998,701,27,1066,1206,168,26,1002,43,1,3,33,,39:08,1
2006-07,2572,Josh Howard,Josh,1610612742,DAL,Dallas Mavericks,0040600142,2007-04-25T00:00:00,DAL vs. GSW,W,40.67,8,13,0.615,0,3,0.0,6,7,0.857,3,8,11,3,3,5,2,0,4,7,22,14,57.7,1,0,50.0,1,1,1,1,213,145,316,257,543,346,543,120,154,363,128,90,91,287,161,3,55,1,1206,69,160,126,27,1,3,35,,40:40,1
2006-07,2544,LeBron James,LeBron,1610612739,CLE,Cleveland Cavaliers,0040600112,2007-04-25T00:00:00,CLE vs. WAS,W,44.99166666666667,8,22,0.364,0,3,0.0,11,13,0.846,4,4,8,7,2,1,2,1,2,7,27,12,54.1,0,0,48.0,1,1,1,1,52,145,38,910,543,346,543,16,21,379,64,389,216,78,308,278,55,1066,563,69,59,171,40,171,3,51,,44:60,1
2006-07,1495,Tim Duncan,Tim,1610612759,SAS,San Antonio Spurs,0040600162,2007-04-25T00:00:00,SAS vs. DEN,W,32.916666666666664,9,17,0.529,0,0,0.0,4,6,0.667,0,7,7,5,0,0,5,0,3,6,22,14,52.9,0,0,44.0,1,1,1,1,526,92,145,390,543,848,543,231,197,556,834,147,278,150,998,701,5,1,912,105,160,126,47,171,3,86,,32:55,1
2006-07,2546,Carmelo Anthony,Carmelo,1610612743,DEN,Denver Nuggets,0040600162,2007-04-25T00:00:00,DEN @ SAS,L,44.083333333333336,8,21,0.381,2,4,0.5,8,9,0.889,6,4,10,1,4,1,0,1,2,6,26,-9,38.5,1,0,41.0,1,785,785,785,91,145,52,873,122,236,153,54,76,343,12,389,122,646,88,278,457,1066,563,105,77,1258,223,1,3,130,,44:05,1
2006-07,2400,Drew Gooden,Drew,1610612739,CLE,Cleveland Cavaliers,0040600112,2007-04-25T00:00:00,CLE vs. WAS,W,32.01,10,13,0.769,0,0,0.0,4,5,0.8,4,10,14,2,1,0,0,0,4,4,24,10,42.8,1,0,40.0,1,1,1,1,553,57,316,113,543,848,543,231,277,409,64,37,28,423,568,701,457,1,1206,269,110,227,145,1,3,148,,32:01,1
2006-07,1891,Jason Terry,Jason,1610612742,DAL,Dallas Mavericks,0040600142,2007-04-25T00:00:00,DAL vs. GSW,W,41.4,12,23,0.522,1,7,0.143,3,3,1.0,0,1,1,2,3,3,1,2,0,3,28,14,41.2,0,0,40.0,1,1,1,1,181,18,25,406,287,44,532,334,481,1,834,965,1101,423,161,32,141,1423,1,396,52,126,161,171,3,148,,41:24,1
2006-07,1536,Stephen Jackson,Stephen,1610612744,GSW,Golden State Warriors,0040600142,2007-04-25T00:00:00,GSW @ DAL,L,37.6,9,16,0.563,3,7,0.429,9,11,0.818,1,2,3,1,8,1,0,0,4,8,30,-10,30.1,0,0,39.0,1,785,785,785,358,92,175,331,43,44,286,33,38,406,454,737,728,646,1,278,457,1,1206,34,36,1299,386,171,3,170,,37:36,1
2006-07,948,Marcus Camby,Marcus,1610612743,DEN,Denver Nuggets,0040600162,2007-04-25T00:00:00,DEN @ SAS,L,38.65833333333333,4,11,0.364,0,0,0.0,2,4,0.5,1,17,18,0,1,2,3,1,4,2,10,-6,45.6,1,0,38.0,1,785,785,785,309,489,430,910,543,848,543,459,332,656,454,1,7,986,568,103,27,1066,1206,552,589,1132,112,1,3,194,,38:40,1
2006-07,1717,Dirk Nowitzki,Dirk,1610612742,DAL,Dallas Mavericks,0040600142,2007-04-25T00:00:00,DAL vs. GSW,W,35.70333333333333,7,15,0.467,0,2,0.0,9,11,0.818,2,5,7,0,0,1,2,0,2,4,23,13,40.4,0,0,36.0,1,1,1,1,433,201,216,627,543,485,543,33,38,406,229,293,278,986,998,278,55,1,563,269,133,145,176,171,3,229,,35:42,1
2006-07,2202,Jason Richardson,Jason,1610612744,GSW,Golden State Warriors,0040600142,2007-04-25T00:00:00,GSW @ DAL,L,37.85,7,15,0.467,0,4,0.0,0,0,0.0,2,8,10,3,3,2,2,3,2,0,14,-15,39.5,1,0,35.0,1,785,785,785,342,201,216,627,543,236,543,863,926,863,229,90,122,287,161,103,55,1516,563,1118,410,1463,194,1,3,244,,37:51,1
2006-07,1716,Larry Hughes,Larry,1610612739,CLE,Cleveland Cavaliers,0040600112,2007-04-25T00:00:00,CLE vs. WAS,W,44.2,5,11,0.455,2,4,0.5,7,8,0.875,1,7,8,5,4,0,0,1,1,5,19,13,32.1,0,0,34.0,1,1,1,1,88,378,430,654,122,236,153,82,103,348,454,147,216,150,88,701,457,1066,257,168,246,145,335,171,3,263,,44:12,1
2006-07,947,Allen Iverson,Allen,1610612743,DEN,Denver Nuggets,0040600162,2007-04-25T00:00:00,DEN @ SAS,L,44.5,9,25,0.36,2,3,0.667,0,0,0.0,0,0,0,5,4,3,0,3,4,4,20,-4,32.5,0,0,33.0,1,785,785,785,72,92,14,930,122,346,86,863,926,863,834,1251,1327,150,88,32,457,1516,1206,269,213,1002,328,171,3,273,,44:30,1
2006-07,980,Zydrunas Ilgauskas,Zydrunas,1610612739,CLE,Cleveland Cavaliers,0040600112,2007-04-25T00:00:00,CLE vs. WAS,W,37.026666666666664,7,14,0.5,0,0,0.0,2,3,0.667,3,6,9,1,4,0,3,0,5,3,16,15,33.3,0,0,32.0,1,1,1,1,383,201,261,409,543,848,543,459,481,556,128,200,169,646,88,701,27,1,1413,396,329,108,313,171,3,296,,37:02,1
2006-07,711,Jerry Stackhouse,Jerry,1610612742,DAL,Dallas Mavericks,0040600142,2007-04-25T00:00:00,DAL vs. GSW,W,29.883333333333333,3,9,0.333,0,2,0.0,11,13,0.846,2,6,8,4,2,1,0,1,1,6,17,18,33.6,0,0,31.0,1,1,1,1,616,645,553,951,543,485,543,16,21,379,229,200,216,206,308,278,457,1066,257,105,295,69,304,171,3,318,,29:53,1
2006-07,2225,Tony Parker,Tony,1610612759,SAS,San Antonio Spurs,0040600162,2007-04-25T00:00:00,SAS vs. DEN,W,37.76,6,15,0.4,0,0,0.0,8,8,1.0,0,2,2,6,6,1,0,2,3,5,20,9,28.4,0,0,30.0,1,1,1,1,349,288,216,790,543,848,543,54,103,1,834,737,913,112,17,278,457,1423,912,168,213,259,432,171,3,341,,37:46,1
2006-07,2403,Nene,ene,1610612743,DEN,Denver Nuggets,0040600162,2007-04-25T00:00:00,DEN @ SAS,L,36.36666666666667,8,15,0.533,0,0,0.0,1,2,0.5,4,3,7,2,1,0,1,1,4,2,17,-12,30.4,0,0,28.0,1,785,785,785,408,145,216,382,543,848,543,675,556,656,64,545,278,423,568,701,141,1066,1206,552,295,1378,378,171,3,391,,36:22,1
2006-07,1498,Antonio Daniels,Antonio,1610612764,WAS,Washington Wizards,0040600112,2007-04-25T00:00:00,WAS @ CLE,L,44.05833333333333,4,10,0.4,0,1,0.0,3,4,0.75,0,1,1,11,2,2,0,0,1,4,11,0,32.7,1,0,27.0,1,785,785,785,92,489,500,790,543,649,543,334,332,449,834,965,1101,24,308,103,457,1,257,269,537,715,323,1,3,422,,44:04,1
2006-07,1938,Manu Ginobili,Manu,1610612759,SAS,San Antonio Spurs,0040600162,2007-04-25T00:00:00,SAS vs. DEN,W,29.033333333333335,6,12,0.5,1,3,0.333,4,4,1.0,1,3,4,4,2,0,0,0,1,3,17,2,25.8,0,0,26.0,1,1,1,1,643,288,370,409,287,346,351,231,332,1,454,545,565,206,308,701,457,1,257,396,295,581,510,171,3,455,,29:02,1
2006-07,101145,Monta Ellis,Monta,1610612744,GSW,Golden State Warriors,0040600142,2007-04-25T00:00:00,GSW @ DAL,L,32.7,8,15,0.533,0,2,0.0,4,4,1.0,2,1,3,0,3,1,0,2,4,3,20,-22,23.6,0,0,25.0,1,785,785,785,534,145,216,382,543,485,543,231,332,1,229,965,728,986,161,278,457,1423,1206,396,213,1538,578,171,3,488,,32:42,1
2006-07,1477,Bruce Bowen,Bruce,1610612759,SAS,San Antonio Spurs,0040600162,2007-04-25T00:00:00,SAS vs. DEN,W,33.99,3,6,0.5,3,4,0.75,0,0,0.0,0,4,4,2,0,3,0,0,3,1,9,6,25.8,0,0,24.0,1,1,1,1,492,645,766,409,43,236,71,863,926,863,834,389,565,423,998,32,457,1,912,769,648,364,510,171,3,513,,33:59,1
2006-07,714,Michael Finley,Michael,1610612759,SAS,San Antonio Spurs,0040600162,2007-04-25T00:00:00,SAS vs. DEN,W,30.885,5,11,0.455,1,5,0.2,3,3,1.0,3,4,7,0,0,1,0,0,3,2,14,9,25.4,0,0,24.0,1,1,1,1,592,378,430,654,287,160,492,334,481,1,128,389,278,986,998,278,457,1,912,552,410,259,524,171,3,513,,30:53,1
2006-07,2734,Devin Harris,Devin,1610612742,DAL,Dallas Mavericks,0040600142,2007-04-25T00:00:00,DAL vs. GSW,W,18.65,5,7,0.714,0,0,0.0,5,5,1.0,0,1,1,4,3,1,1,1,5,3,15,2,25.2,0,0,24.0,1,1,1,1,982,378,690,139,543,848,543,164,277,1,834,965,1101,206,161,278,141,1066,1413,396,375,581,529,171,3,513,,18:39,1
2006-07,2443,Darius Songaila,Darius,1610612764,WAS,Washington Wizards,0040600112,2007-04-25T00:00:00,WAS @ CLE,L,29.68166666666667,6,13,0.462,0,1,0.0,1,1,1.0,2,6,8,2,1,0,0,1,5,1,13,4,24.6,0,0,23.0,1,785,785,785,625,288,316,640,543,649,543,675,861,1,229,200,216,423,568,701,457,1066,1413,769,450,462,550,171,3,542,,29:41,1
2006-07,2581,Steve Blake,Steve,1610612743,DEN,Denver Nuggets,0040600162,2007-04-25T00:00:00,DEN @ SAS,L,34.63333333333333,3,5,0.6,2,3,0.667,0,0,0.0,1,3,4,7,2,1,0,0,2,1,8,-10,24.3,0,0,23.0,1,785,785,785,474,645,859,268,122,346,86,863,926,863,454,545,565,78,308,278,457,1,563,769,714,1299,561,171,3,542,,34:38,1
2006-07,1884,Baron Davis,Baron,1610612744,GSW,Golden State Warriors,0040600142,2007-04-25T00:00:00,GSW @ DAL,L,32.21333333333333,5,12,0.417,1,4,0.25,2,2,1.0,0,1,1,2,6,2,0,1,5,4,13,-6,17.2,0,0,21.0,1,785,785,785,546,378,370,762,287,236,446,459,556,1,834,965,1101,423,17,103,457,1066,1413,269,450,1132,746,171,3,604,,32:13,1
2006-07,101177,Fabricio Oberto,Fabricio,1610612759,SAS,San Antonio Spurs,0040600162,2007-04-25T00:00:00,SAS vs. DEN,W,32.18333333333333,4,10,0.4,0,0,0.0,0,0,0.0,2,8,10,2,0,0,0,2,1,0,8,8,23.0,0,0,20.0,1,1,1,1,549,489,500,790,543,848,543,863,926,863,229,90,122,423,998,701,457,1423,257,1118,714,288,600,171,3,626,,32:11,1
2006-07,2217,Brendan Haywood,Brendan,1610612764,WAS,Washington Wizards,0040600112,2007-04-25T00:00:00,WAS @ CLE,L,18.783333333333335,5,6,0.833,0,0,0.0,3,4,0.75,3,1,4,1,1,1,0,0,4,2,13,0,21.3,0,0,20.0,1,785,785,785,975,378,766,95,543,848,543,334,332,449,128,965,565,646,568,278,457,1,1206,552,450,715,630,171,3,626,,18:47,1
2006-07,2553,Jarvis Hayes,Jarvis,1610612764,WAS,Washington Wizards,0040600112,2007-04-25T00:00:00,WAS @ CLE,L,33.045,2,13,0.154,1,4,0.25,0,0,0.0,2,2,4,1,0,2,1,1,2,0,5,-10,20.3,0,0,17.0,1,785,785,785,519,816,316,1219,287,236,446,863,926,863,229,737,565,646,998,103,141,1066,563,1118,911,1299,657,171,3,725,,33:03,1
2006-07,2041,Etan Thomas,Etan,1610612764,WAS,Washington Wizards,0040600112,2007-04-25T00:00:00,WAS @ CLE,L,15.975,3,5,0.6,0,0,0.0,3,4,0.75,1,4,5,1,1,0,1,1,1,2,9,-14,18.5,0,0,17.0,1,785,785,785,1071,645,859,268,543,848,543,334,332,449,454,389,466,646,568,701,141,1066,257,552,648,1440,718,171,3,725,,15:59,1
2006-07,727,Eric Snow,Eric,1610612739,CLE,Cleveland Cavaliers,0040600112,2007-04-25T00:00:00,CLE vs. WAS,W,20.641666666666666,2,4,0.5,0,1,0.0,1,2,0.5,1,5,6,3,1,1,0,0,2,1,5,-15,18.7,0,0,16.0,1,1,1,1,909,816,953,409,543,649,543,675,556,656,454,293,362,287,568,278,457,1,563,769,911,1463,710,171,3,757,,20:39,1
2006-07,1733,Al Harrington,Al,1610612744,GSW,Golden State Warriors,0040600142,2007-04-25T00:00:00,GSW @ DAL,L,27.9,1,8,0.125,0,1,0.0,3,4,0.75,1,7,8,1,1,0,1,2,2,5,5,-6,18.1,0,0,16.0,1,785,785,785,689,994,616,1231,543,649,543,334,332,449,454,147,216,646,568,701,141,1423,563,168,911,1132,727,171,3,757,,27:54,1
2006-07,2205,DeSagana Diop,DeSagana,1610612742,DAL,Dallas Mavericks,0040600142,2007-04-25T00:00:00,DAL vs. GSW,W,26.73,1,2,0.5,0,0,0.0,0,0,0.0,2,4,6,1,0,2,1,0,3,0,2,26,19.7,0,0,15.0,1,1,1,1,734,994,1167,409,543,848,543,863,926,863,229,389,362,646,998,103,141,1,912,1118,1125,10,679,171,3,792,,26:44,1
2006-07,2052,DeShawn Stevenson,DeShawn,1610612764,WAS,Washington Wizards,0040600112,2007-04-25T00:00:00,WAS @ CLE,L,30.68166666666667,3,12,0.25,0,4,0.0,2,4,0.5,2,0,2,2,0,1,0,1,2,3,8,-21,16.4,0,0,14.0,1,785,785,785,594,645,370,1112,543,236,543,459,332,656,229,1251,913,423,998,278,457,1066,563,396,714,1533,775,171,3,821,,30:41,1
2006-07,2760,Anderson Varejao,Anderson,1610612739,CLE,Cleveland Cavaliers,0040600112,2007-04-25T00:00:00,CLE vs. WAS,W,20.783333333333335,3,6,0.5,0,0,0.0,0,0,0.0,2,5,7,1,1,0,0,1,3,2,6,-5,14.9,0,0,14.0,1,1,1,1,905,645,766,409,543,848,543,863,926,863,229,293,278,646,568,701,457,1066,912,552,837,1073,825,171,3,821,,20:47,1
2006-07,2562,Sasha Pavlovic,Sasha,1610612739,CLE,Cleveland Cavaliers,0040600112,2007-04-25T00:00:00,CLE vs. WAS,W,28.461666666666666,4,12,0.333,0,3,0.0,1,2,0.5,1,3,4,1,1,0,0,2,3,1,9,19,14.3,0,0,14.0,1,1,1,1,664,489,370,951,543,346,543,675,556,656,454,545,565,646,568,701,457,1423,912,769,648,53,854,171,3,821,,28:28,1
2006-07,2427,Roger Mason Jr.,Roger,1610612764,WAS,Washington Wizards,0040600112,2007-04-25T00:00:00,WAS @ CLE,L,21.208333333333332,2,6,0.333,2,4,0.5,4,5,0.8,0,1,1,1,0,0,0,0,4,3,10,10,12.7,0,0,14.0,1,785,785,785,889,816,766,951,122,236,153,231,277,409,834,965,1101,646,998,701,457,1,1206,396,589,227,908,171,3,821,,21:13,1
2006-07,1904,Devean George,Devean,1610612742,DAL,Dallas Mavericks,0040600142,2007-04-25T00:00:00,DAL vs. GSW,W,19.916666666666668,0,5,0.0,0,2,0.0,3,4,0.75,3,1,4,0,2,0,1,1,0,3,3,0,8.8,0,0,9.0,1,1,1,1,936,1243,859,1243,543,485,543,334,332,449,128,965,565,986,308,701,141,1066,1,396,1052,715,1068,171,3,1022,,19:55,1
2006-07,101235,Kelenna Azubuike,Kelenna,1610612744,GSW,Golden State Warriors,0040600142,2007-04-25T00:00:00,GSW @ DAL,L,7.07,0,1,0.0,0,1,0.0,2,2,1.0,1,3,4,0,0,1,0,0,0,1,2,9,9.8,0,0,8.0,1,785,785,785,1337,1243,1299,1243,543,649,543,459,556,1,454,545,565,986,998,278,457,1,1,769,1125,259,1031,171,3,1070,,7:04,1
2006-07,2740,Andris Biedrins,Andris,1610612744,GSW,Golden State Warriors,0040600142,2007-04-25T00:00:00,GSW @ DAL,L,20.3,2,2,1.0,0,0,0.0,0,0,0.0,0,2,2,0,2,0,1,0,1,0,4,2,7.4,0,0,8.0,1,785,785,785,922,816,1167,1,543,848,543,863,926,863,834,737,913,986,308,701,141,1,257,1118,976,581,1127,171,3,1070,,20:18,1
2006-07,1913,Michael Ruffin,Michael,1610612764,WAS,Washington Wizards,0040600112,2007-04-25T00:00:00,WAS @ CLE,L,7.433333333333334,1,1,1.0,0,0,0.0,0,0,0.0,1,2,3,0,0,1,0,0,0,1,2,0,8.6,0,0,7.0,1,785,785,785,1325,994,1299,1,543,848,543,863,926,863,454,737,728,986,998,278,457,1,1,769,1125,715,1074,171,3,1113,,7:26,1
2006-07,109,Robert Horry,Robert,1610612759,SAS,San Antonio Spurs,0040600162,2007-04-25T00:00:00,SAS vs. DEN,W,15.725,1,2,0.5,0,1,0.0,0,0,0.0,2,1,3,0,0,0,1,0,0,0,2,-8,8.6,0,0,7.0,1,1,1,1,1082,994,1167,409,543,649,543,863,926,863,229,965,728,986,998,701,141,1,1,1118,1125,1221,1074,171,3,1113,,15:44,1
2006-07,2440,Matt Barnes,Matt,1610612744,GSW,Golden State Warriors,0040600142,2007-04-25T00:00:00,GSW @ DAL,L,21.333333333333332,2,5,0.4,0,1,0.0,0,0,0.0,1,0,1,0,1,0,1,1,6,0,4,-13,7.2,0,0,7.0,1,785,785,785,883,816,859,790,543,649,543,863,926,863,454,1251,1101,986,568,701,141,1066,1524,1118,976,1413,1136,171,3,1113,,21:20,1
2006-07,101132,Linas Kleiza,Linas,1610612743,DEN,Denver Nuggets,0040600162,2007-04-25T00:00:00,DEN @ SAS,L,16.2,2,4,0.5,1,3,0.333,0,0,0.0,0,0,0,1,0,0,0,0,1,0,5,3,6.5,0,0,7.0,1,785,785,785,1063,816,953,409,287,346,351,863,926,863,834,1251,1327,646,998,701,457,1,257,1118,911,517,1173,171,3,1113,,16:12,1
2006-07,1922,Francisco Elson,Francisco,1610612759,SAS,San Antonio Spurs,0040600162,2007-04-25T00:00:00,SAS vs. DEN,W,10.183333333333334,0,3,0.0,0,0,0.0,2,2,1.0,2,3,5,0,3,0,0,0,0,1,2,1,5.0,0,0,7.0,1,1,1,1,1254,1243,1052,1243,543,848,543,459,556,1,229,545,466,986,161,701,457,1,1,769,1125,656,1243,171,3,1113,,10:11,1
2006-07,1761,Greg Buckner,Greg,1610612742,DAL,Dallas Mavericks,0040600142,2007-04-25T00:00:00,DAL vs. GSW,W,9.596666666666666,0,0,0.0,0,0,0.0,0,0,0.0,0,1,1,0,1,1,1,0,3,0,0,-3,6.2,0,0,5.0,1,1,1,1,1275,1243,1436,1243,543,848,543,863,926,863,834,965,1101,986,568,278,141,1,912,1118,1311,937,1185,171,3,1212,,9:36,1
2006-07,2747,JR Smith,JR,1610612743,DEN,Denver Nuggets,0040600162,2007-04-25T00:00:00,DEN @ SAS,L,11.815,0,4,0.0,0,3,0.0,2,2,1.0,0,3,3,0,0,0,0,0,1,1,2,-8,5.6,0,0,5.0,1,785,785,785,1205,1243,953,1243,543,346,543,459,556,1,834,545,728,986,998,701,457,1,257,769,1125,1221,1217,171,3,1212,,11:49,1
2006-07,2554,Mickael Pietrus,Mickael,1610612744,GSW,Golden State Warriors,0040600142,2007-04-25T00:00:00,GSW @ DAL,L,17.433333333333334,1,1,1.0,0,0,0.0,2,2,1.0,0,1,1,0,0,0,0,0,5,1,4,-14,5.2,0,0,5.0,1,785,785,785,1017,994,1299,1,543,848,543,459,556,1,834,965,1101,986,998,701,457,1,1413,769,976,1440,1228,171,3,1212,,17:26,1
2006-07,956,Erick Dampier,Erick,1610612742,DAL,Dallas Mavericks,0040600142,2007-04-25T00:00:00,DAL vs. GSW,W,14.45,1,1,1.0,0,0,0.0,0,0,0.0,0,2,2,1,1,0,0,0,5,3,2,-13,4.9,0,0,5.0,1,1,1,1,1124,994,1299,1,543,848,543,863,926,863,834,737,913,646,568,701,457,1,1413,396,1125,1413,1258,171,3,1212,,14:27,1
2006-07,699,Brent Barry,Brent,1610612759,SAS,San Antonio Spurs,0040600162,2007-04-25T00:00:00,SAS vs. DEN,W,5.15,1,1,1.0,1,1,1.0,0,0,0.0,0,0,0,1,0,0,0,0,1,0,3,6,4.5,0,0,5.0,1,1,1,1,1395,994,1299,1,287,649,1,863,926,863,834,1251,1327,646,998,701,457,1,257,1118,1052,364,1270,171,3,1212,,5:09,1
2006-07,200789,Daniel Gibson,Daniel,1610612739,CLE,Cleveland Cavaliers,0040600112,2007-04-25T00:00:00,CLE vs. WAS,W,7.216666666666667,1,2,0.5,1,1,1.0,0,0,0.0,0,0,0,0,0,0,0,0,0,0,3,-7,3.0,0,0,4.0,1,1,1,1,1333,994,1167,409,287,649,1,863,926,863,834,1251,1327,986,998,701,457,1,1,1118,1052,1179,1337,171,3,1264,,7:13,1
2006-07,101180,Sarunas Jasikevicius,Sarunas,1610612744,GSW,Golden State Warriors,0040600142,2007-04-25T00:00:00,GSW @ DAL,L,2.8,0,0,0.0,0,0,0.0,1,2,0.5,0,0,0,2,0,0,0,0,0,1,1,5,4.0,0,0,3.0,1,785,785,785,1471,1243,1436,1243,543,848,543,675,556,656,834,1251,1327,423,998,701,457,1,1,769,1285,416,1300,171,3,1315,,2:48,1
2006-07,2059,Eduardo Najera,Eduardo,1610612743,DEN,Denver Nuggets,0040600162,2007-04-25T00:00:00,DEN @ SAS,L,13.743333333333334,0,3,0.0,0,0,0.0,0,0,0.0,2,0,2,1,0,0,0,0,1,0,0,1,3.9,0,0,3.0,1,785,785,785,1140,1243,1052,1243,543,848,543,863,926,863,229,1251,913,646,998,701,457,1,257,1118,1311,656,1305,171,3,1315,,13:45,1
2006-07,1502,Adonal Foyle,Adonal,1610612744,GSW,Golden State Warriors,0040600142,2007-04-25T00:00:00,GSW @ DAL,L,2.8,1,1,1.0,0,0,0.0,0,0,0.0,0,1,1,0,0,0,0,0,0,0,2,5,3.2,0,0,3.0,1,785,785,785,1471,994,1299,1,543,848,543,863,926,863,834,965,1101,986,998,701,457,1,1,1118,1125,416,1325,171,3,1315,,2:48,1
2006-07,1521,Jacque Vaughn,Jacque,1610612759,SAS,San Antonio Spurs,0040600162,2007-04-25T00:00:00,SAS vs. DEN,W,12.173333333333334,0,3,0.0,0,0,0.0,0,0,0.0,0,2,2,0,1,0,0,0,1,1,0,-2,1.4,0,0,2.0,1,1,1,1,1190,1243,1052,1243,543,848,543,863,926,863,834,737,913,986,568,701,457,1,257,769,1311,865,1415,171,3,1362,,12:10,1
2006-07,1956,Ira Newble,Ira,1610612739,CLE,Cleveland Cavaliers,0040600112,2007-04-25T00:00:00,CLE vs. WAS,W,1.3183333333333334,0,0,0.0,0,0,0.0,0,0,0.0,0,0,0,0,0,0,0,0,1,0,0,-1,0.0,0,0,0.0,1,1,1,1,1511,1243,1436,1243,543,848,543,863,926,863,834,1251,1327,986,998,701,457,1,257,1118,1311,812,1461,171,3,1463,,1:19,1
2006-07,200772,Maurice Ager,Maurice,1610612742,DAL,Dallas Mavericks,0040600142,2007-04-25T00:00:00,DAL vs. GSW,W,1.5,0,1,0.0,0,0,0.0,0,0,0.0,0,0,0,0,0,0,0,0,0,0,0,-3,0.0,0,0,0.0,1,1,1,1,1506,1243,1299,1243,543,848,543,863,926,863,834,1251,1327,986,998,701,457,1,1,1118,1311,937,1461,171,3,1463,,1:30,1
2006-07,200826,J.J. Barea,J.J.,1610612742,DAL,Dallas Mavericks,0040600142,2007-04-25T00:00:00,DAL vs. GSW,W,1.5,0,0,0.0,0,0,0.0,0,0,0.0,0,0,0,0,0,0,0,0,0,0,0,-3,0.0,0,0,0.0,1,1,1,1,1506,1243,1436,1243,543,848,543,863,926,863,834,1251,1327,986,998,701,457,1,1,1118,1311,937,1461,171,3,1463,,1:30,1
2006-07,923,Donyell Marshall,Donyell,1610612739,CLE,Cleveland Cavaliers,0040600112,2007-04-25T00:00:00,CLE vs. WAS,W,3.35,0,0,0.0,0,0,0.0,0,0,0.0,0,0,0,0,0,0,0,0,0,0,0,-6,0.0,0,0,0.0,1,1,1,1,1445,1243,1436,1243,543,848,543,863,926,863,834,1251,1327,986,998,701,457,1,1,1118,1311,1132,1461,171,3,1463,,3:21,1
2006-07,1515,Anthony Parker,Anthony,1610612761,TOR,Toronto Raptors,0040600122,2007-04-24T00:00:00,TOR vs. NJN,W,44.925,8,13,0.615,3,4,0.75,7,9,0.778,0,8,8,1,1,4,1,0,2,5,26,13,51.1,0,0,48.0,1,1,1,1,54,145,316,257,43,236,71,82,76,440,834,90,216,646,568,8,141,1,563,168,77,145,59,171,3,51,,44:56,1
2006-07,2732,Ben Gordon,Ben,1610612741,CHI,Chicago Bulls,0040600132,2007-04-24T00:00:00,CHI vs. MIA,W,44.43,11,19,0.579,5,8,0.625,0,0,0.0,2,5,7,5,6,1,1,1,2,2,27,19,42.9,0,0,48.0,1,1,1,1,75,36,85,306,4,21,127,863,926,863,229,293,278,150,17,278,141,1066,563,552,59,53,144,171,3,51,,44:26,1
2006-07,2736,Luol Deng,Luol,1610612741,CHI,Chicago Bulls,0040600132,2007-04-24T00:00:00,CHI vs. MIA,W,39.126666666666665,11,19,0.579,0,0,0.0,4,4,1.0,3,2,5,6,3,2,1,0,2,3,26,20,47.0,0,0,43.0,1,1,1,1,289,36,85,306,543,848,543,231,332,1,128,737,466,112,161,103,141,1,563,396,77,43,97,171,3,100,,39:08,1
2006-07,1713,Vince Carter,Vince,1610612751,NJN,New Jersey Nets,0040600122,2007-04-24T00:00:00,NJN @ TOR,L,43.141666666666666,8,24,0.333,1,7,0.143,2,4,0.5,2,9,11,5,4,3,0,1,4,4,19,-8,44.7,1,0,42.0,1,785,785,785,121,145,20,951,287,44,532,459,332,656,229,56,91,150,88,32,457,1066,1206,269,246,1221,122,1,3,119,,43:09,1
2006-07,2547,Chris Bosh,Chris,1610612761,TOR,Toronto Raptors,0040600122,2007-04-24T00:00:00,TOR vs. NJN,W,44.56666666666667,10,20,0.5,0,0,0.0,5,6,0.833,2,11,13,0,2,0,2,0,3,9,25,6,44.6,1,0,42.0,1,1,1,1,71,57,67,409,543,848,543,164,197,382,229,22,42,986,308,701,55,1,912,15,95,364,124,1,3,119,,44:34,1
2006-07,467,Jason Kidd,Jason,1610612751,NJN,New Jersey Nets,0040600122,2007-04-24T00:00:00,NJN @ TOR,L,40.295,5,14,0.357,4,6,0.667,0,0,0.0,2,9,11,7,2,2,0,0,4,1,14,8,41.7,1,0,40.0,1,785,785,785,232,378,261,932,16,99,86,863,926,863,229,56,91,78,308,103,457,1,1206,769,410,288,156,1,3,148,,40:18,1
2006-07,2405,Amar'e Stoudemire,Amar'e,1610612756,PHX,Phoenix Suns,0040600152,2007-04-24T00:00:00,PHX vs. LAL,W,24.15,9,13,0.692,0,0,0.0,2,4,0.5,0,9,9,0,1,1,4,0,4,2,20,16,44.8,0,0,39.0,1,1,1,1,812,92,316,154,543,848,543,459,332,656,834,56,169,986,568,278,16,1,1206,552,213,97,119,171,3,170,,24:09,1
2006-07,2571,Leandro Barbosa,Leandro,1610612756,PHX,Phoenix Suns,0040600152,2007-04-24T00:00:00,PHX vs. LAL,W,26.433333333333334,11,18,0.611,4,8,0.5,0,0,0.0,0,2,2,3,1,2,0,0,3,0,26,19,37.9,0,0,39.0,1,1,1,1,747,36,119,264,16,21,153,863,926,863,834,737,913,287,568,103,457,1,912,1118,77,53,228,171,3,170,,26:26,1
2006-07,959,Steve Nash,Steve,1610612756,PHX,Phoenix Suns,0040600152,2007-04-24T00:00:00,PHX vs. LAL,W,24.816666666666666,7,11,0.636,2,4,0.5,0,0,0.0,0,5,5,14,3,0,0,0,2,2,16,19,40.0,1,0,37.0,1,1,1,1,792,201,430,229,122,236,153,863,926,863,834,293,466,8,161,701,457,1,563,552,329,53,182,1,3,210,,24:49,1
2006-07,1899,James Posey,James,1610612748,MIA,Miami Heat,0040600132,2007-04-24T00:00:00,MIA @ CHI,L,30.416666666666668,3,7,0.429,2,6,0.333,3,3,1.0,0,8,8,2,3,5,1,0,5,2,11,1,38.6,0,0,35.0,1,785,785,785,600,645,690,716,122,99,351,334,481,1,834,90,216,423,161,3,141,1,1413,552,537,656,219,171,3,244,,30:25,1
2006-07,1890,Shawn Marion,Shawn,1610612756,PHX,Phoenix Suns,0040600152,2007-04-24T00:00:00,PHX vs. LAL,W,33.18333333333333,7,18,0.389,0,2,0.0,4,4,1.0,4,6,10,4,0,1,0,3,3,3,18,25,39.0,1,0,34.0,1,1,1,1,514,201,119,858,543,485,543,231,332,1,64,200,122,206,998,278,457,1516,912,396,272,20,207,1,3,263,,33:11,1
2006-07,2548,Dwyane Wade,Dwyane,1610612748,MIA,Miami Heat,0040600132,2007-04-24T00:00:00,MIA @ CHI,L,40.611666666666665,9,19,0.474,0,0,0.0,3,6,0.5,0,3,3,7,7,1,0,0,1,6,21,-11,31.1,0,0,33.0,1,785,785,785,215,92,85,617,543,848,543,334,197,656,834,545,728,78,8,278,457,1,257,105,180,1341,358,171,3,273,,40:37,1
2006-07,2550,Kirk Hinrich,Kirk,1610612741,CHI,Chicago Bulls,0040600132,2007-04-24T00:00:00,CHI vs. MIA,W,27.68166666666667,6,12,0.5,2,2,1.0,0,0,0.0,1,2,3,8,2,1,0,1,5,0,14,10,30.6,0,0,29.0,1,1,1,1,696,288,370,409,122,485,1,863,926,863,454,737,728,56,308,278,457,1066,1413,1118,410,227,371,171,3,363,,27:41,1
2006-07,406,Shaquille O'Neal,Shaquille,1610612748,MIA,Miami Heat,0040600132,2007-04-24T00:00:00,MIA @ CHI,L,31.116666666666667,6,14,0.429,0,0,0.0,5,5,1.0,5,3,8,1,7,0,1,1,3,4,17,-19,24.1,0,0,28.0,1,785,785,785,578,288,261,716,543,848,543,164,277,1,31,545,216,646,8,701,141,1066,912,269,295,1519,569,171,3,391,,31:07,1
2006-07,1112,Ben Wallace,Ben,1610612741,CHI,Chicago Bulls,0040600132,2007-04-24T00:00:00,CHI vs. MIA,W,38.34,4,6,0.667,0,0,0.0,1,2,0.5,2,4,6,2,0,2,3,0,2,2,9,19,34.2,0,0,27.0,1,1,1,1,319,489,766,158,543,848,543,675,556,656,229,389,362,423,998,103,27,1,563,552,648,53,298,171,3,422,,38:20,1
2006-07,977,Kobe Bryant,Kobe,1610612747,LAL,Los Angeles Lakers,0040600152,2007-04-24T00:00:00,LAL @ PHX,L,34.15,5,13,0.385,1,4,0.25,4,4,1.0,1,3,4,5,3,1,0,1,0,4,15,-23,27.3,0,0,27.0,1,785,785,785,487,378,316,865,287,236,446,231,332,1,454,545,565,150,161,278,457,1066,1,269,375,1546,469,171,3,422,,34:09,1
2006-07,2575,Luke Walton,Luke,1610612747,LAL,Los Angeles Lakers,0040600152,2007-04-24T00:00:00,LAL @ PHX,L,21.783333333333335,2,8,0.25,2,4,0.5,3,4,0.75,3,3,6,3,4,3,0,2,1,3,9,-17,25.7,0,0,26.0,1,785,785,785,873,816,616,1112,122,236,153,334,332,449,128,545,362,287,88,32,457,1423,257,396,648,1492,513,171,3,455,,21:47,1
2006-07,2592,James Jones,James,1610612756,PHX,Phoenix Suns,0040600152,2007-04-24T00:00:00,PHX vs. LAL,W,30.933333333333334,3,8,0.375,2,4,0.5,4,4,1.0,2,1,3,2,1,1,2,0,1,3,12,17,26.6,0,0,25.0,1,1,1,1,586,645,616,876,122,236,153,231,332,1,229,965,728,423,568,278,55,1,257,396,503,79,485,171,3,488,,30:56,1
2006-07,1885,Lamar Odom,Lamar,1610612747,LAL,Los Angeles Lakers,0040600152,2007-04-24T00:00:00,LAL @ PHX,L,32.4,4,12,0.333,0,1,0.0,2,5,0.4,5,5,10,0,3,1,1,3,3,3,10,-21,25.0,1,0,24.0,1,785,785,785,540,489,370,951,543,649,543,459,277,826,31,293,122,986,161,278,141,1516,912,396,589,1533,535,1,3,513,,32:24,1
2006-07,136,P.J. Brown,P.J.,1610612741,CHI,Chicago Bulls,0040600132,2007-04-24T00:00:00,CHI vs. MIA,W,31.038333333333334,4,6,0.667,0,0,0.0,2,2,1.0,1,3,4,2,2,4,0,0,1,2,10,26,27.8,0,0,24.0,1,1,1,1,580,489,766,158,543,848,543,459,556,1,454,545,565,423,308,8,457,1,257,552,589,10,451,171,3,513,,31:02,1
2006-07,2210,Richard Jefferson,Richard,1610612751,NJN,New Jersey Nets,0040600122,2007-04-24T00:00:00,NJN @ TOR,L,41.791666666666664,4,16,0.25,1,3,0.333,4,4,1.0,0,7,7,3,3,0,0,2,2,4,13,1,22.9,0,0,24.0,1,785,785,785,167,489,175,1112,287,346,351,231,332,1,834,147,278,287,161,701,457,1423,563,269,450,656,605,171,3,513,,41:48,1
2006-07,2551,T.J. Ford,T.J.,1610612761,TOR,Toronto Raptors,0040600122,2007-04-24T00:00:00,TOR vs. NJN,W,30.245,4,12,0.333,1,3,0.333,4,4,1.0,1,0,1,6,1,1,0,0,2,3,13,6,25.2,0,0,23.0,1,1,1,1,608,489,370,951,287,346,351,231,332,1,454,1251,1101,112,568,278,457,1,563,396,450,364,529,171,3,542,,30:15,1
2006-07,2411,Bostjan Nachbar,Bostjan,1610612751,NJN,New Jersey Nets,0040600122,2007-04-24T00:00:00,NJN @ TOR,L,30.383333333333333,6,11,0.545,4,7,0.571,1,1,1.0,0,1,1,1,3,0,0,0,2,1,17,-7,16.7,0,0,23.0,1,785,785,785,604,288,430,358,16,44,141,675,861,1,834,965,1101,646,161,701,457,1,563,769,295,1179,760,171,3,542,,30:23,1
2006-07,101115,Andrew Bynum,Andrew,1610612747,LAL,Los Angeles Lakers,0040600152,2007-04-24T00:00:00,LAL @ PHX,L,17.8,4,7,0.571,0,0,0.0,1,2,0.5,5,7,12,0,0,0,0,0,2,1,9,-4,23.4,0,0,21.0,1,785,785,785,1003,489,690,310,543,848,543,675,556,656,31,147,59,986,998,701,457,1,563,769,648,1002,587,171,3,604,,17:48,1
2006-07,1952,Raja Bell,Raja,1610612756,PHX,Phoenix Suns,0040600152,2007-04-24T00:00:00,PHX vs. LAL,W,28.616666666666667,4,7,0.571,3,5,0.6,0,0,0.0,0,1,1,1,0,2,0,0,1,1,11,10,19.7,0,0,20.0,1,1,1,1,659,489,690,310,43,160,129,863,926,863,834,965,1101,646,998,103,457,1,257,769,537,227,679,171,3,626,,28:37,1
2006-07,703,Kurt Thomas,Kurt,1610612756,PHX,Phoenix Suns,0040600152,2007-04-24T00:00:00,PHX vs. LAL,W,20.9,2,3,0.667,0,0,0.0,3,4,0.75,3,6,9,1,0,1,0,0,1,4,7,11,22.3,0,0,19.0,1,1,1,1,901,816,1052,158,543,848,543,334,332,449,128,200,169,646,998,278,457,1,257,269,782,198,616,171,3,658,,20:54,1
2006-07,2804,Andres Nocioni,Andres,1610612741,CHI,Chicago Bulls,0040600132,2007-04-24T00:00:00,CHI vs. MIA,W,18.633333333333333,3,7,0.429,3,4,0.75,1,1,1.0,1,4,5,1,1,0,0,0,2,2,10,-7,16.5,0,0,19.0,1,1,1,1,983,645,690,716,43,236,71,675,861,1,454,389,466,646,568,701,457,1,563,552,589,1179,769,171,3,658,,18:38,1
2006-07,1630,Mikki Moore,Mikki,1610612751,NJN,New Jersey Nets,0040600122,2007-04-24T00:00:00,NJN @ TOR,L,32.79833333333333,3,4,0.75,0,0,0.0,2,3,0.667,3,3,6,1,1,0,1,0,3,2,8,7,18.7,0,0,17.0,1,785,785,785,530,645,953,115,543,848,543,459,481,556,128,545,362,646,568,701,141,1,912,552,714,322,710,171,3,725,,32:48,1
2006-07,2617,Udonis Haslem,Udonis,1610612748,MIA,Miami Heat,0040600132,2007-04-24T00:00:00,MIA @ CHI,L,21.883333333333333,3,5,0.6,0,0,0.0,0,0,0.0,0,4,4,3,1,1,0,2,1,1,6,-13,17.3,0,0,15.0,1,785,785,785,870,645,859,268,543,848,543,863,926,863,834,389,565,287,568,278,457,1423,257,769,837,1413,743,171,3,792,,21:53,1
2006-07,1715,Jason Williams,Jason,1610612748,MIA,Miami Heat,0040600132,2007-04-24T00:00:00,MIA @ CHI,L,30.276666666666667,1,7,0.143,1,5,0.2,1,2,0.5,0,4,4,4,1,1,0,1,0,3,4,-21,16.8,0,0,15.0,1,785,785,785,607,994,690,1222,287,160,492,675,556,656,834,389,565,206,568,278,457,1066,1,396,976,1533,756,171,3,792,,30:17,1
2006-07,200770,Jordan Farmar,Jordan,1610612747,LAL,Los Angeles Lakers,0040600152,2007-04-24T00:00:00,LAL @ PHX,L,21.45,4,8,0.5,1,3,0.333,1,1,1.0,0,1,1,3,1,0,0,0,1,3,10,-13,14.7,0,0,15.0,1,785,785,785,881,489,616,409,287,346,351,675,861,1,834,965,1101,287,568,701,457,1,257,396,589,1413,837,171,3,792,,21:27,1
2006-07,2230,Maurice Evans,Maurice,1610612747,LAL,Los Angeles Lakers,0040600152,2007-04-24T00:00:00,LAL @ PHX,L,23.183333333333334,4,9,0.444,2,5,0.4,0,0,0.0,1,0,1,0,0,1,0,0,2,1,10,-9,14.2,0,0,15.0,1,785,785,785,842,489,553,682,122,160,309,863,926,863,454,1251,1101,986,998,278,457,1,563,769,589,1258,857,171,3,792,,23:11,1
2006-07,1725,Rasho Nesterovic,Rasho,1610612761,TOR,Toronto Raptors,0040600122,2007-04-24T00:00:00,TOR vs. NJN,W,23.31833333333333,2,5,0.4,0,0,0.0,2,2,1.0,4,4,8,0,0,0,0,0,1,1,6,7,15.6,0,0,14.0,1,1,1,1,839,816,859,790,543,848,543,459,556,1,64,389,216,986,998,701,457,1,257,769,837,322,806,171,3,821,,23:19,1
2006-07,1742,Shammond Williams,Shammond,1610612747,LAL,Los Angeles Lakers,0040600152,2007-04-24T00:00:00,LAL @ PHX,L,19.366666666666667,4,6,0.667,1,2,0.5,0,0,0.0,0,0,0,2,0,0,1,0,2,0,9,-12,15.0,0,0,14.0,1,785,785,785,952,489,766,158,287,485,153,863,926,863,834,1251,1327,423,998,701,141,1,563,1118,648,1378,822,171,3,821,,19:22,1
2006-07,2574,Jason Kapono,Jason,1610612748,MIA,Miami Heat,0040600132,2007-04-24T00:00:00,MIA @ CHI,L,33.11666666666667,5,8,0.625,1,1,1.0,0,0,0.0,0,0,0,0,0,1,0,0,2,0,11,-3,14.0,0,0,14.0,1,785,785,785,517,378,616,240,287,649,1,863,926,863,834,1251,1327,986,998,278,457,1,563,1118,537,937,861,171,3,821,,33:07,1
2006-07,2564,Boris Diaw,Boris,1610612756,PHX,Phoenix Suns,0040600152,2007-04-24T00:00:00,PHX vs. LAL,W,30.466666666666665,4,6,0.667,0,1,0.0,0,1,0.0,3,1,4,2,2,0,0,0,3,4,8,26,13.8,0,0,14.0,1,1,1,1,598,489,766,158,543,649,543,863,861,863,128,965,565,423,308,701,457,1,912,269,714,10,865,171,3,821,,30:28,1
2006-07,952,Antoine Walker,Antoine,1610612748,MIA,Miami Heat,0040600132,2007-04-24T00:00:00,MIA @ CHI,L,24.25,4,8,0.5,1,3,0.333,2,2,1.0,0,1,1,1,0,0,0,0,2,2,11,-4,13.7,0,0,14.0,1,785,785,785,810,489,616,409,287,346,351,459,556,1,834,965,1101,646,998,701,457,1,563,552,537,1002,870,171,3,821,,24:15,1
2006-07,2198,Kwame Brown,Kwame,1610612747,LAL,Los Angeles Lakers,0040600152,2007-04-24T00:00:00,LAL @ PHX,L,18.0,3,6,0.5,0,0,0.0,1,2,0.5,0,4,4,0,1,0,1,0,4,1,7,-17,13.8,0,0,13.0,1,785,785,785,998,645,766,409,543,848,543,675,556,656,834,389,565,986,568,701,141,1,1206,769,782,1492,865,171,3,867,,18:00,1
2006-07,200757,Thabo Sefolosha,Thabo,1610612741,CHI,Chicago Bulls,0040600132,2007-04-24T00:00:00,CHI vs. MIA,W,12.756666666666666,4,5,0.8,1,1,1.0,0,0,0.0,0,3,3,0,2,0,0,0,1,1,9,11,10.6,0,0,13.0,1,1,1,1,1173,489,859,99,287,649,1,863,926,863,834,545,728,986,308,701,457,1,257,769,648,198,989,171,3,867,,12:45,1
2006-07,2050,Morris Peterson,Morris,1610612761,TOR,Toronto Raptors,0040600122,2007-04-24T00:00:00,TOR vs. NJN,W,34.11666666666667,2,5,0.4,2,3,0.667,0,0,0.0,0,3,3,2,3,0,0,0,3,1,6,10,9.6,0,0,13.0,1,1,1,1,488,816,859,790,122,346,86,863,926,863,834,545,728,423,161,701,457,1,912,769,837,227,1039,171,3,867,,34:07,1
2006-07,101181,Jose Calderon,Jose,1610612761,TOR,Toronto Raptors,0040600122,2007-04-24T00:00:00,TOR vs. NJN,W,17.89,4,11,0.364,0,3,0.0,0,0,0.0,0,1,1,3,0,0,0,0,2,1,8,2,13.7,0,0,12.0,1,1,1,1,1000,489,430,910,543,346,543,863,926,863,834,965,1101,287,998,701,457,1,563,769,714,581,870,171,3,907,,17:53,1
2006-07,2215,Jason Collins,Jason,1610612751,NJN,New Jersey Nets,0040600122,2007-04-24T00:00:00,NJN @ TOR,L,26.405,2,2,1.0,0,0,0.0,2,2,1.0,4,2,6,0,2,0,0,0,5,4,6,2,11.2,0,0,12.0,1,785,785,785,749,816,1167,1,543,848,543,459,556,1,64,737,362,986,308,701,457,1,1413,269,837,581,963,171,3,907,,26:24,1
2006-07,2756,Sasha Vujacic,Sasha,1610612747,LAL,Los Angeles Lakers,0040600152,2007-04-24T00:00:00,LAL @ PHX,L,20.016666666666666,3,6,0.5,1,3,0.333,0,0,0.0,1,0,1,2,1,0,0,0,2,0,7,-6,10.2,0,0,11.0,1,785,785,785,931,645,766,409,287,346,351,863,926,863,454,1251,1101,423,568,701,457,1,563,1118,782,1132,1011,171,3,937,,20:01,1
2006-07,2567,Brian Cook,Brian,1610612747,LAL,Los Angeles Lakers,0040600152,2007-04-24T00:00:00,LAL @ PHX,L,18.033333333333335,2,8,0.25,1,2,0.5,2,2,1.0,1,2,3,0,2,0,0,0,2,1,7,-11,8.6,0,0,11.0,1,785,785,785,996,816,616,1112,287,485,153,459,556,1,454,737,728,986,308,701,457,1,563,769,782,1341,1074,171,3,937,,18:02,1
2006-07,297,Alonzo Mourning,Alonzo,1610612748,MIA,Miami Heat,0040600132,2007-04-24T00:00:00,MIA @ CHI,L,11.518333333333333,2,2,1.0,0,0,0.0,2,2,1.0,0,1,1,0,1,0,1,0,0,1,6,-6,9.2,0,0,9.0,1,785,785,785,1214,816,1167,1,543,848,543,459,556,1,834,965,1101,986,568,701,141,1,1,769,837,1132,1054,171,3,1022,,11:31,1
2006-07,224,Eddie Jones,Eddie,1610612748,MIA,Miami Heat,0040600132,2007-04-24T00:00:00,MIA @ CHI,L,16.81,1,3,0.333,0,1,0.0,0,0,0.0,1,0,1,3,0,0,1,1,0,0,2,-14,10.7,0,0,8.0,1,785,785,785,1044,994,1052,951,543,649,543,863,926,863,454,1251,1101,287,998,701,141,1066,1,1118,1125,1440,981,171,3,1070,,16:49,1
2006-07,200748,Tyrus Thomas,Tyrus,1610612741,CHI,Chicago Bulls,0040600132,2007-04-24T00:00:00,CHI vs. MIA,W,7.25,0,2,0.0,0,0,0.0,2,3,0.667,0,1,1,2,0,1,0,2,1,2,2,-2,9.2,0,0,7.0,1,1,1,1,1331,1243,1167,1243,543,848,543,459,481,556,834,965,1101,423,998,278,457,1423,257,552,1125,865,1054,171,3,1113,,7:15,1
2006-07,2413,Juan Dixon,Juan,1610612761,TOR,Toronto Raptors,0040600122,2007-04-24T00:00:00,TOR vs. NJN,W,3.85,1,1,1.0,0,0,0.0,0,0,0.0,0,1,1,0,1,2,0,0,2,0,2,2,8.2,0,0,7.0,1,1,1,1,1436,994,1299,1,543,848,543,863,926,863,834,965,1101,986,568,103,457,1,563,1118,1125,581,1097,171,3,1113,,3:51,1
2006-07,200767,Josh Boone,Josh,1610612751,NJN,New Jersey Nets,0040600122,2007-04-24T00:00:00,NJN @ TOR,L,11.375,1,1,1.0,0,0,0.0,0,0,0.0,0,2,2,0,0,0,1,0,2,0,2,-12,7.4,0,0,6.0,1,785,785,785,1217,994,1299,1,543,848,543,863,926,863,834,737,913,986,998,701,141,1,563,1118,1125,1378,1127,171,3,1166,,11:23,1
2006-07,200745,Andrea Bargnani,Andrea,1610612761,TOR,Toronto Raptors,0040600122,2007-04-24T00:00:00,TOR vs. NJN,W,18.413333333333334,0,4,0.0,0,2,0.0,3,4,0.75,1,2,3,0,0,0,0,1,0,2,3,-3,6.6,0,0,6.0,1,1,1,1,987,1243,953,1243,543,485,543,334,332,449,454,737,728,986,998,701,457,1066,1,552,1052,937,1163,171,3,1166,,18:25,1
2006-07,2768,Chris Duhon,Chris,1610612741,CHI,Chicago Bulls,0040600132,2007-04-24T00:00:00,CHI vs. MIA,W,18.143333333333334,0,2,0.0,0,2,0.0,0,0,0.0,0,4,4,2,2,0,0,0,2,0,0,-2,5.8,0,0,6.0,1,1,1,1,994,1243,1167,1243,543,485,543,863,926,863,834,389,565,423,308,701,457,1,563,1118,1311,865,1213,171,3,1166,,18:09,1
2006-07,147,Jalen Rose,Jalen,1610612756,PHX,Phoenix Suns,0040600152,2007-04-24T00:00:00,PHX vs. LAL,W,8.866666666666667,1,4,0.25,0,1,0.0,0,0,0.0,0,1,1,2,0,0,0,0,2,0,2,-3,6.2,0,0,5.0,1,1,1,1,1287,994,953,1112,543,649,543,863,926,863,834,965,1101,423,998,701,457,1,563,1118,1125,937,1185,171,3,1212,,8:52,1
2006-07,101121,Joey Graham,Joey,1610612761,TOR,Toronto Raptors,0040600122,2007-04-24T00:00:00,TOR vs. NJN,W,11.6,0,3,0.0,0,0,0.0,0,0,0.0,0,1,1,0,1,2,0,1,1,0,0,-10,6.2,0,0,5.0,1,1,1,1,1212,1243,1052,1243,543,848,543,863,926,863,834,965,1101,986,568,103,457,1066,257,1118,1311,1299,1185,171,3,1212,,11:36,1
2006-07,101142,Ronny Turiaf,Ronny,1610612747,LAL,Los Angeles Lakers,0040600152,2007-04-24T00:00:00,LAL @ PHX,L,9.766666666666667,1,3,0.333,0,0,0.0,3,4,0.75,0,0,0,0,0,0,0,0,1,4,5,-3,5.0,0,0,5.0,1,785,785,785,1269,994,1052,951,543,848,543,334,332,449,834,1251,1327,986,998,701,457,1,257,269,911,937,1243,171,3,1212,,9:46,1
2006-07,2743,Kris Humphries,Kris,1610612761,TOR,Toronto Raptors,0040600122,2007-04-24T00:00:00,TOR vs. NJN,W,11.075,0,2,0.0,0,0,0.0,0,0,0.0,3,2,5,0,1,0,0,0,1,0,0,-3,5.0,0,0,5.0,1,1,1,1,1231,1243,1167,1243,543,848,543,863,926,863,128,737,466,986,568,701,457,1,257,1118,1311,937,1243,171,3,1212,,11:05,1
2006-07,200766,Marcus Williams,Marcus,1610612751,NJN,New Jersey Nets,0040600122,2007-04-24T00:00:00,NJN @ TOR,L,5.53,1,2,0.5,0,0,0.0,0,0,0.0,0,1,1,1,0,0,0,0,0,1,2,-7,4.7,0,0,4.0,1,785,785,785,1380,994,1167,409,543,848,543,863,926,863,834,965,1101,646,998,701,457,1,1,769,1125,1179,1264,171,3,1264,,5:32,1
2006-07,2556,Marcus Banks,Marcus,1610612756,PHX,Phoenix Suns,0040600152,2007-04-24T00:00:00,PHX vs. LAL,W,5.733333333333333,0,2,0.0,0,1,0.0,2,2,1.0,0,0,0,1,0,0,0,0,0,1,2,-2,3.5,0,0,3.0,1,1,1,1,1375,1243,1167,1243,543,649,543,459,556,1,834,1251,1327,646,998,701,457,1,1,769,1125,865,1319,171,3,1315,,5:44,1
2006-07,2469,Pat Burke,Pat,1610612756,PHX,Phoenix Suns,0040600152,2007-04-24T00:00:00,PHX vs. LAL,W,2.95,1,1,1.0,0,0,0.0,0,0,0.0,0,1,1,0,0,0,0,0,1,0,2,1,3.2,0,0,3.0,1,1,1,1,1458,994,1299,1,543,848,543,863,926,863,834,965,1101,986,998,701,457,1,257,1118,1125,656,1325,171,3,1315,,2:57,1
2006-07,2470,Smush Parker,Smush,1610612747,LAL,Los Angeles Lakers,0040600152,2007-04-24T00:00:00,LAL @ PHX,L,4.05,0,1,0.0,0,0,0.0,0,0,0.0,0,1,1,1,0,0,0,0,0,0,0,-4,2.7,0,0,2.0,1,785,785,785,1433,1243,1299,1243,543,848,543,863,926,863,834,965,1101,646,998,701,457,1,1,1118,1311,1002,1356,171,3,1362,,4:03,1
2006-07,15,Eric Piatkowski,Eric,1610612756,PHX,Phoenix Suns,0040600152,2007-04-24T00:00:00,PHX vs. LAL,W,2.95,1,1,1.0,0,0,0.0,0,0,0.0,0,0,0,0,0,0,0,0,0,0,2,1,2.0,0,0,2.0,1,1,1,1,1458,994,1299,1,543,848,543,863,926,863,834,1251,1327,986,998,701,457,1,1,1118,1125,656,1379,171,3,1362,,2:57,1
2006-07,101120,Antoine Wright,Antoine,1610612751,NJN,New Jersey Nets,0040600122,2007-04-24T00:00:00,NJN @ TOR,L,7.955,1,2,0.5,0,0,0.0,0,0,0.0,0,0,0,0,1,0,0,0,0,0,2,-14,1.0,0,0,2.0,1,785,785,785,1309,994,1167,409,543,848,543,863,926,863,834,1251,1327,986,568,701,457,1,1,1118,1125,1440,1443,171,3,1362,,7:57,1
2006-07,200801,Hassan Adams,Hassan,1610612751,NJN,New Jersey Nets,0040600122,2007-04-24T00:00:00,NJN @ TOR,L,0.325,0,0,0.0,0,0,0.0,0,0,0.0,0,0,0,0,0,0,0,0,0,0,0,0,0.0,0,0,0.0,1,785,785,785,1547,1243,1436,1243,543,848,543,863,926,863,834,1251,1327,986,998,701,457,1,1,1118,1311,715,1461,171,3,1463,,0:20,1
2006-07,1559,Adrian Griffin,Adrian,1610612741,CHI,Chicago Bulls,0040600132,2007-04-24T00:00:00,CHI vs. MIA,W,1.3,0,0,0.0,0,0,0.0,0,0,0.0,0,0,0,0,0,0,0,0,0,0,0,-2,0.0,0,0,0.0,1,1,1,1,1512,1243,1436,1243,543,848,543,863,926,863,834,1251,1327,986,998,701,457,1,1,1118,1311,865,1461,171,3,1463,,1:18,1
2006-07,2124,Malik Allen,Malik,1610612741,CHI,Chicago Bulls,0040600132,2007-04-24T00:00:00,CHI vs. MIA,W,1.3,0,0,0.0,0,0,0.0,0,0,0.0,0,0,0,0,0,0,0,0,1,0,0,-2,0.0,0,0,0.0,1,1,1,1,1512,1243,1436,1243,543,848,543,863,926,863,834,1251,1327,986,998,701,457,1,257,1118,1311,865,1461,171,3,1463,,1:18,1
2006-07,2430,Carlos Boozer,Carlos,1610612762,UTA,Utah Jazz,0040600172,2007-04-23T00:00:00,UTA @ HOU,L,42.1,17,30,0.567,0,0,0.0,7,9,0.778,3,9,12,6,1,0,0,0,4,6,41,-6,63.4,1,0,59.0,1,785,785,785,155,2,4,328,543,848,543,82,76,440,128,56,59,112,568,701,457,1,1206,105,3,1132,11,1,3,6,,42:06,1
2006-07,1503,Tracy McGrady,Tracy,1610612745,HOU,Houston Rockets,0040600172,2007-04-23T00:00:00,HOU vs. UTA,W,37.833333333333336,9,29,0.31,1,8,0.125,12,14,0.857,2,8,10,5,0,2,0,1,2,11,31,3,56.5,1,0,51.0,1,1,1,1,343,92,6,1064,287,21,541,8,11,363,229,90,122,150,998,103,457,1066,563,7,26,517,30,1,3,33,,37:50,1
2006-07,739,Rasheed Wallace,Rasheed,1610612765,DET,Detroit Pistons,0040600102,2007-04-23T00:00:00,DET vs. ORL,W,37.071666666666665,7,15,0.467,3,6,0.5,0,0,0.0,1,10,11,3,0,0,3,1,4,0,17,13,43.7,1,0,40.0,1,1,1,1,379,201,216,627,43,99,153,863,926,863,454,37,91,287,998,701,27,1066,1206,1118,295,145,132,1,3,148,,37:04,1
2006-07,2397,Yao Ming,ao Ming,1610612745,HOU,Houston Rockets,0040600172,2007-04-23T00:00:00,HOU vs. UTA,W,36.87166666666667,9,24,0.375,0,0,0.0,9,9,1.0,4,5,9,0,0,0,0,5,5,7,27,8,37.8,0,0,36.0,1,1,1,1,387,92,20,876,543,848,543,33,76,1,64,293,169,986,998,701,457,1559,1413,69,59,288,231,171,3,229,,36:52,1
2006-07,255,Grant Hill,Grant,1610612753,ORL,Orlando Magic,0040600102,2007-04-23T00:00:00,ORL @ DET,L,37.95,6,10,0.6,0,0,0.0,9,13,0.692,2,6,8,4,1,0,1,0,2,8,21,-3,38.6,0,0,35.0,1,785,785,785,336,288,500,268,543,848,543,33,21,553,229,200,216,206,568,701,141,1,563,34,180,937,219,171,3,244,,37:57,1
2006-07,1497,Chauncey Billups,Chauncey,1610612765,DET,Detroit Pistons,0040600102,2007-04-23T00:00:00,DET vs. ORL,W,41.53333333333333,7,12,0.583,2,5,0.4,5,6,0.833,0,2,2,8,1,1,0,1,2,5,21,10,37.4,0,0,35.0,1,1,1,1,176,201,370,302,122,160,309,164,197,382,834,737,913,56,568,278,457,1066,563,168,180,227,238,171,3,244,,41:32,1
2006-07,2045,Hedo Turkoglu,Hedo,1610612753,ORL,Orlando Magic,0040600102,2007-04-23T00:00:00,ORL @ DET,L,35.89666666666667,10,14,0.714,2,3,0.667,0,0,0.0,1,1,2,2,2,0,2,0,6,0,22,-6,31.4,0,0,32.0,1,785,785,785,423,57,261,139,122,346,86,863,926,863,454,965,913,423,308,701,55,1,1524,1118,160,1132,352,171,3,296,,35:54,1
2006-07,1888,Richard Hamilton,Richard,1610612765,DET,Detroit Pistons,0040600102,2007-04-23T00:00:00,DET vs. ORL,W,44.63333333333333,5,14,0.357,0,2,0.0,12,14,0.857,1,2,3,6,0,0,0,0,4,7,22,14,34.6,0,0,31.0,1,1,1,1,68,378,261,932,543,485,543,8,11,363,454,737,728,112,998,701,457,1,1206,69,160,126,285,171,3,318,,44:38,1
2006-07,2246,Mehmet Okur,Mehmet,1610612762,UTA,Utah Jazz,0040600172,2007-04-23T00:00:00,UTA @ HOU,L,35.18333333333333,2,9,0.222,0,2,0.0,0,0,0.0,4,6,10,6,1,1,4,0,5,0,4,-6,39.0,0,0,30.0,1,785,785,785,453,816,553,1160,543,485,543,863,926,863,64,200,122,112,568,278,16,1,1413,1118,976,1132,207,171,3,341,,35:11,1
2006-07,101114,Deron Williams,Deron,1610612762,UTA,Utah Jazz,0040600172,2007-04-23T00:00:00,UTA @ HOU,L,42.983333333333334,6,13,0.462,1,3,0.333,2,2,1.0,1,6,7,7,4,0,0,1,3,3,15,-18,29.9,0,0,30.0,1,785,785,785,127,288,316,640,287,346,351,459,556,1,454,200,278,78,88,701,457,1066,912,396,375,1509,393,171,3,341,,42:59,1
2006-07,185,Chris Webber,Chris,1610612765,DET,Detroit Pistons,0040600102,2007-04-23T00:00:00,DET vs. ORL,W,26.1,4,8,0.5,0,0,0.0,2,3,0.667,6,3,9,3,1,2,1,1,4,4,10,6,33.3,0,0,28.0,1,1,1,1,758,489,616,409,543,848,543,459,481,556,12,545,169,287,568,103,141,1066,1206,269,589,364,313,171,3,391,,26:06,1
2006-07,2419,Tayshaun Prince,Tayshaun,1610612765,DET,Detroit Pistons,0040600102,2007-04-23T00:00:00,DET vs. ORL,W,35.986666666666665,7,13,0.538,3,3,1.0,1,2,0.5,3,3,6,1,1,0,0,0,4,2,18,19,25.7,0,0,28.0,1,1,1,1,418,201,316,373,43,346,1,675,556,656,128,545,362,646,568,701,457,1,1206,552,272,53,513,171,3,391,,35:59,1
2006-07,101236,Chuck Hayes,Chuck,1610612745,HOU,Houston Rockets,0040600172,2007-04-23T00:00:00,HOU vs. UTA,W,26.736666666666668,5,5,1.0,0,0,0.0,2,2,1.0,7,5,12,0,1,1,0,0,1,3,12,5,28.4,1,0,26.0,1,1,1,1,731,378,859,1,543,848,543,459,556,1,7,293,59,986,568,278,457,1,257,396,503,416,432,1,3,455,,26:44,1
2006-07,1747,Rafer Alston,Rafer,1610612745,HOU,Houston Rockets,0040600172,2007-04-23T00:00:00,HOU vs. UTA,W,44.833333333333336,3,9,0.333,1,6,0.167,4,5,0.8,2,4,6,5,3,0,1,0,2,3,11,13,25.7,0,0,25.0,1,1,1,1,60,645,553,951,287,99,516,231,277,409,229,389,362,150,161,701,141,1,563,396,537,145,513,171,3,488,,44:50,1
2006-07,2545,Darko Milicic,Darko,1610612753,ORL,Orlando Magic,0040600102,2007-04-23T00:00:00,ORL @ DET,L,28.02,5,9,0.556,0,0,0.0,0,0,0.0,1,5,6,0,0,0,3,1,2,1,10,10,26.2,0,0,22.0,1,785,785,785,683,378,553,344,543,848,543,863,926,863,454,293,362,986,998,701,27,1066,563,769,589,227,499,171,3,571,,28:01,1
2006-07,1723,Matt Harpring,Matt,1610612762,UTA,Utah Jazz,0040600172,2007-04-23T00:00:00,UTA @ HOU,L,30.416666666666668,7,14,0.5,0,0,0.0,0,1,0.0,2,2,4,2,1,1,0,0,2,3,14,-5,23.8,0,0,22.0,1,785,785,785,600,201,261,409,543,848,543,863,861,863,229,737,565,423,568,278,457,1,563,396,410,1073,574,171,3,571,,30:25,1
2006-07,686,Antonio McDyess,Antonio,1610612765,DET,Detroit Pistons,0040600102,2007-04-23T00:00:00,DET vs. ORL,W,32.666666666666664,2,11,0.182,0,1,0.0,5,6,0.833,5,6,11,0,2,1,0,2,2,5,9,-3,23.2,0,0,22.0,1,1,1,1,537,816,430,1195,543,649,543,164,197,382,31,200,91,986,308,278,457,1423,563,168,648,937,592,171,3,571,,32:40,1
2006-07,2730,Dwight Howard,Dwight,1610612753,ORL,Orlando Magic,0040600102,2007-04-23T00:00:00,ORL @ DET,L,35.458333333333336,3,9,0.333,0,0,0.0,2,3,0.667,4,7,11,1,3,0,0,2,3,5,8,-9,19.7,0,0,20.0,1,785,785,785,442,645,553,951,543,848,543,459,481,556,64,147,91,646,161,701,457,1423,912,168,714,1258,679,171,3,626,,35:28,1
2006-07,2203,Shane Battier,Shane,1610612745,HOU,Houston Rockets,0040600172,2007-04-23T00:00:00,HOU vs. UTA,W,41.88333333333333,3,7,0.429,2,6,0.333,2,2,1.0,1,1,2,1,1,2,0,0,4,2,10,11,18.9,0,0,19.0,1,1,1,1,162,645,690,716,122,99,351,459,556,1,454,965,913,646,568,103,457,1,1206,552,589,198,709,171,3,658,,41:53,1
2006-07,2749,Jameer Nelson,Jameer,1610612753,ORL,Orlando Magic,0040600102,2007-04-23T00:00:00,ORL @ DET,L,29.366666666666667,3,12,0.25,1,4,0.25,2,3,0.667,1,5,6,3,2,0,0,1,2,2,9,-10,18.7,0,0,19.0,1,785,785,785,629,645,370,1112,287,236,446,459,481,556,454,293,362,287,308,701,457,1066,563,552,648,1299,710,171,3,658,,29:22,1
2006-07,2306,Carlos Arroyo,Carlos,1610612753,ORL,Orlando Magic,0040600102,2007-04-23T00:00:00,ORL @ DET,L,19.22,3,8,0.375,0,1,0.0,2,2,1.0,1,2,3,4,0,1,0,0,3,2,8,3,20.6,0,0,17.0,1,785,785,785,957,645,616,876,543,649,543,459,556,1,454,737,728,206,998,278,457,1,912,552,714,517,651,171,3,725,,19:13,1
2006-07,965,Derek Fisher,Derek,1610612762,UTA,Utah Jazz,0040600172,2007-04-23T00:00:00,UTA @ HOU,L,28.18166666666667,4,8,0.5,0,2,0.0,1,1,1.0,0,0,0,4,2,0,0,0,4,1,9,6,13.0,0,0,13.0,1,785,785,785,677,489,616,409,543,485,543,675,861,1,834,1251,1327,206,308,701,457,1,1206,769,648,364,897,171,3,867,,28:11,1
2006-07,2039,Keyon Dooling,Keyon,1610612753,ORL,Orlando Magic,0040600102,2007-04-23T00:00:00,ORL @ DET,L,13.253333333333334,2,3,0.667,0,0,0.0,1,1,1.0,0,1,1,3,0,0,1,0,1,1,5,-3,13.7,0,0,11.0,1,785,785,785,1159,816,1052,158,543,848,543,675,861,1,834,965,1101,287,998,701,141,1,257,769,911,937,870,171,3,937,,13:15,1
2006-07,1921,Gordan Giricek,Gordan,1610612762,UTA,Utah Jazz,0040600172,2007-04-23T00:00:00,UTA @ HOU,L,24.733333333333334,2,6,0.333,0,1,0.0,0,0,0.0,0,4,4,0,1,1,0,0,6,0,4,-4,10.8,0,0,10.0,1,785,785,785,794,816,766,951,543,649,543,863,926,863,834,389,565,986,568,278,457,1,1524,1118,976,1002,973,171,3,983,,24:44,1
2006-07,436,Juwan Howard,Juwan,1610612745,HOU,Houston Rockets,0040600172,2007-04-23T00:00:00,HOU vs. UTA,W,24.985,0,4,0.0,0,0,0.0,2,2,1.0,0,5,5,0,1,1,0,0,1,1,2,5,10.0,0,0,9.0,1,1,1,1,787,1243,953,1243,543,848,543,459,556,1,834,293,466,986,568,278,457,1,257,769,1125,416,1022,171,3,1022,,24:59,1
2006-07,101129,Luther Head,Luther,1610612745,HOU,Houston Rockets,0040600172,2007-04-23T00:00:00,HOU vs. UTA,W,16.823333333333334,0,3,0.0,0,3,0.0,1,2,0.5,0,4,4,4,2,0,0,0,0,1,1,3,9.8,0,0,9.0,1,1,1,1,1042,1243,1052,1243,543,346,543,675,556,656,834,389,565,206,308,701,457,1,1,769,1285,517,1031,171,3,1022,,16:49,1
2006-07,1499,Tony Battie,Tony,1610612753,ORL,Orlando Magic,0040600102,2007-04-23T00:00:00,ORL @ DET,L,27.05,2,7,0.286,0,0,0.0,1,2,0.5,1,3,4,0,0,0,0,0,3,2,5,-9,9.8,0,0,9.0,1,785,785,785,718,816,690,1081,543,848,543,675,556,656,454,545,565,986,998,701,457,1,912,552,911,1258,1031,171,3,1022,,27:03,1
2006-07,1905,Andrei Kirilenko,Andrei,1610612762,UTA,Utah Jazz,0040600172,2007-04-23T00:00:00,UTA @ HOU,L,17.583333333333332,0,3,0.0,0,1,0.0,0,0,0.0,0,3,3,0,2,0,2,0,5,0,0,-3,7.6,0,0,7.0,1,785,785,785,1010,1243,1052,1243,543,649,543,863,926,863,834,545,728,986,308,701,55,1,1413,1118,1311,937,1120,171,3,1113,,17:35,1
2006-07,2260,Jarron Collins,Jarron,1610612762,UTA,Utah Jazz,0040600172,2007-04-23T00:00:00,UTA @ HOU,L,10.583333333333334,0,0,0.0,0,0,0.0,1,2,0.5,1,1,2,1,0,1,0,0,0,1,1,-1,7.9,0,0,6.0,1,785,785,785,1245,1243,1436,1243,543,848,543,675,556,656,454,965,913,646,998,278,457,1,1,769,1285,812,1108,171,3,1166,,10:35,1
2006-07,2772,Trevor Ariza,Trevor,1610612753,ORL,Orlando Magic,0040600102,2007-04-23T00:00:00,ORL @ DET,L,13.785,1,4,0.25,0,0,0.0,0,2,0.0,1,0,1,2,1,0,0,0,2,1,2,-13,5.2,0,0,5.0,1,785,785,785,1138,994,953,1112,543,848,543,863,556,863,454,1251,1101,423,568,701,457,1,563,769,1125,1413,1228,171,3,1212,,13:47,1
2006-07,2568,Carlos Delfino,Carlos,1610612765,DET,Detroit Pistons,0040600102,2007-04-23T00:00:00,DET vs. ORL,W,12.175,0,3,0.0,0,1,0.0,1,2,0.5,0,2,2,1,0,0,0,1,1,1,1,-11,4.9,0,0,4.0,1,1,1,1,1189,1243,1052,1243,543,649,543,675,556,656,834,737,913,646,998,701,457,1066,257,769,1285,1341,1258,171,3,1264,,12:11,1
2006-07,87,Dikembe Mutombo,Dikembe,1610612745,HOU,Houston Rockets,0040600172,2007-04-23T00:00:00,HOU vs. UTA,W,6.866666666666666,0,0,0.0,0,0,0.0,2,2,1.0,1,1,2,0,0,0,0,0,0,1,2,-3,4.4,0,0,4.0,1,1,1,1,1347,1243,1436,1243,543,848,543,459,556,1,454,965,913,986,998,701,457,1,1,769,1125,937,1278,171,3,1264,,6:52,1
2006-07,200794,Paul Millsap,Paul,1610612762,UTA,Utah Jazz,0040600172,2007-04-23T00:00:00,UTA @ HOU,L,8.133333333333333,0,1,0.0,0,0,0.0,2,2,1.0,0,0,0,0,0,0,0,0,0,1,2,-3,2.0,0,0,2.0,1,785,785,785,1303,1243,1299,1243,543,848,543,459,556,1,834,1251,1327,986,998,701,457,1,1,769,1125,937,1379,171,3,1362,,8:08,1
2006-07,2745,Kirk Snyder,Kirk,1610612745,HOU,Houston Rockets,0040600172,2007-04-23T00:00:00,HOU vs. UTA,W,3.1666666666666665,1,2,0.5,0,1,0.0,0,0,0.0,0,0,0,0,1,0,0,0,0,0,2,-5,1.0,0,0,2.0,1,1,1,1,1449,994,1167,409,543,649,543,863,926,863,834,1251,1327,986,568,701,457,1,1,1118,1125,1073,1443,171,3,1362,,3:10,1
2006-07,200793,Dee Brown,Dee,1610612762,UTA,Utah Jazz,0040600172,2007-04-23T00:00:00,UTA @ HOU,L,0.10166666666666667,0,0,0.0,0,0,0.0,0,0,0.0,0,0,0,0,0,0,0,0,0,0,0,0,0.0,0,0,0.0,1,785,785,785,1559,1243,1436,1243,543,848,543,863,926,863,834,1251,1327,986,998,701,457,1,1,1118,1311,715,1461,171,3,1463,,0:06,1
2006-07,2436,Flip Murray,Flip,1610612765,DET,Detroit Pistons,0040600102,2007-04-23T00:00:00,DET vs. ORL,W,7.6,0,1,0.0,0,0,0.0,0,0,0.0,0,0,0,0,0,0,0,1,1,0,0,-1,0.0,0,0,0.0,1,1,1,1,1319,1243,1299,1243,543,848,543,863,926,863,834,1251,1327,986,998,701,457,1066,257,1118,1311,812,1461,171,3,1463,,7:36,1
2006-07,283,Lindsey Hunter,Lindsey,1610612765,DET,Detroit Pistons,0040600102,2007-04-23T00:00:00,DET vs. ORL,W,2.2333333333333334,0,1,0.0,0,1,0.0,0,0,0.0,0,0,0,0,1,0,0,0,0,0,0,-7,-1.0,0,0,0.0,1,1,1,1,1484,1243,1299,1243,543,649,543,863,926,863,834,1251,1327,986,568,701,457,1,1,1118,1311,1179,1551,171,3,1463,,2:14,1
2006-07,1884,Baron Davis,Baron,1610612744,GSW,Golden State Warriors,0040600141,2007-04-22T00:00:00,GSW @ DAL,W,44.3,11,20,0.55,4,7,0.571,7,8,0.875,2,12,14,8,3,3,1,0,4,7,33,17,70.8,1,0,67.0,1,1,1,1,82,36,67,357,16,44,141,82,103,348,229,16,28,56,161,32,141,1,1206,69,14,79,2,1,3,2,,44:18,1
2006-07,1712,Antawn Jamison,Antawn,1610612764,WAS,Washington Wizards,0040600111,2007-04-22T00:00:00,WAS @ CLE,L,45.45666666666666,10,27,0.37,1,6,0.167,7,11,0.636,5,9,14,2,1,1,1,1,4,6,28,-16,52.8,1,0,49.0,1,785,785,785,35,57,8,904,287,99,516,82,38,615,31,56,28,423,568,278,141,1066,1206,105,52,1477,48,1,3,44,,45:27,1
2006-07,977,Kobe Bryant,Kobe,1610612747,LAL,Los Angeles Lakers,0040600151,2007-04-22T00:00:00,LAL @ PHX,L,43.18333333333333,15,33,0.455,4,8,0.5,5,7,0.714,0,5,5,1,2,0,0,0,3,4,39,-13,44.5,0,0,49.0,1,785,785,785,118,3,1,654,16,21,153,164,154,535,834,293,466,646,308,701,457,1,912,269,4,1413,125,171,3,44,,43:11,1
2006-07,2572,Josh Howard,Josh,1610612742,DAL,Dallas Mavericks,0040600141,2007-04-22T00:00:00,DAL vs. GSW,L,43.31666666666667,8,21,0.381,3,4,0.75,2,2,1.0,4,9,13,2,2,3,1,1,3,4,21,1,49.6,1,0,47.0,1,785,785,785,116,145,52,873,43,236,71,459,556,1,64,56,42,423,308,32,141,1066,912,269,180,656,67,1,3,68,,43:19,1
2006-07,2405,Amar'e Stoudemire,Amar'e,1610612756,PHX,Phoenix Suns,0040600151,2007-04-22T00:00:00,PHX vs. LAL,W,42.36666666666667,9,16,0.563,0,0,0.0,5,6,0.833,3,9,12,1,0,2,2,1,3,6,23,15,50.9,1,0,44.0,1,1,1,1,148,92,175,331,543,848,543,164,197,382,128,56,59,646,998,103,55,1066,912,105,133,108,60,1,3,86,,42:22,1
2006-07,2544,LeBron James,LeBron,1610612739,CLE,Cleveland Cavaliers,0040600111,2007-04-22T00:00:00,CLE vs. WAS,W,44.31333333333333,7,14,0.5,0,2,0.0,9,11,0.818,2,7,9,7,1,2,0,0,1,10,23,17,49.3,0,0,43.0,1,1,1,1,81,201,261,409,543,485,543,33,38,406,229,147,169,78,568,103,457,1,257,9,133,79,71,171,3,100,,44:19,1
2006-07,1716,Larry Hughes,Larry,1610612739,CLE,Cleveland Cavaliers,0040600111,2007-04-22T00:00:00,CLE vs. WAS,W,44.92333333333333,9,17,0.529,1,4,0.25,8,8,1.0,0,7,7,1,4,2,1,3,3,5,27,17,41.9,0,0,42.0,1,1,1,1,55,92,145,390,287,236,446,54,103,1,834,147,278,646,88,103,141,1516,912,168,59,79,155,171,3,119,,44:55,1
2006-07,2546,Carmelo Anthony,Carmelo,1610612743,DEN,Denver Nuggets,0040600161,2007-04-22T00:00:00,DEN @ SAS,W,40.3,10,18,0.556,2,4,0.5,8,8,1.0,2,6,8,0,2,1,0,0,1,5,30,6,40.6,0,0,42.0,1,1,1,1,231,57,119,344,122,236,153,54,103,1,229,200,216,986,308,278,457,1,257,168,36,364,172,171,3,119,,40:18,1
2006-07,1890,Shawn Marion,Shawn,1610612756,PHX,Phoenix Suns,0040600151,2007-04-22T00:00:00,PHX vs. LAL,W,40.06666666666667,6,13,0.462,2,4,0.5,2,3,0.667,3,13,16,1,1,2,1,0,0,2,16,4,44.7,1,0,41.0,1,1,1,1,240,288,316,640,122,236,153,459,481,556,128,11,17,646,568,103,141,1,1,552,329,462,122,1,3,130,,40:04,1
2006-07,1536,Stephen Jackson,Stephen,1610612744,GSW,Golden State Warriors,0040600141,2007-04-22T00:00:00,GSW @ DAL,W,44.75,9,18,0.5,3,7,0.429,2,2,1.0,1,4,5,4,3,2,1,2,3,3,23,15,41.0,0,0,41.0,1,1,1,1,63,92,119,409,43,44,286,459,556,1,454,389,466,206,161,103,141,1423,912,396,133,108,165,171,3,130,,44:45,1
2006-07,1717,Dirk Nowitzki,Dirk,1610612742,DAL,Dallas Mavericks,0040600141,2007-04-22T00:00:00,DAL vs. GSW,L,38.94,4,16,0.25,0,2,0.0,6,8,0.75,5,7,12,4,2,2,3,1,2,7,14,-17,47.4,1,0,40.0,1,785,785,785,299,489,175,1112,543,485,543,120,103,449,31,147,59,206,308,103,27,1066,563,69,410,1492,92,1,3,148,,38:56,1
2006-07,947,Allen Iverson,Allen,1610612743,DEN,Denver Nuggets,0040600161,2007-04-22T00:00:00,DEN @ SAS,W,44.916666666666664,11,22,0.5,1,3,0.333,8,8,1.0,0,1,1,5,3,1,0,1,1,6,31,5,39.7,0,0,40.0,1,1,1,1,56,36,38,409,287,346,351,54,103,1,834,965,1101,150,161,278,457,1066,257,105,26,416,187,171,3,148,,44:55,1
2006-07,1495,Tim Duncan,Tim,1610612759,SAS,San Antonio Spurs,0040600161,2007-04-22T00:00:00,SAS vs. DEN,L,39.8,7,17,0.412,0,0,0.0,0,2,0.0,5,5,10,7,5,1,3,0,2,2,14,-9,43.5,1,0,39.0,1,785,785,785,256,201,145,780,543,848,543,863,556,863,31,293,122,78,39,278,27,1,563,552,410,1258,136,1,3,170,,39:48,1
2006-07,2571,Leandro Barbosa,Leandro,1610612756,PHX,Phoenix Suns,0040600151,2007-04-22T00:00:00,PHX vs. LAL,W,34.983333333333334,10,22,0.455,2,7,0.286,4,7,0.571,0,5,5,1,2,2,0,0,1,6,26,12,37.5,0,0,38.0,1,1,1,1,463,57,38,654,122,44,437,231,154,642,834,293,466,646,308,103,457,1,257,105,77,171,236,171,3,194,,34:59,1
2006-07,1885,Lamar Odom,Lamar,1610612747,LAL,Los Angeles Lakers,0040600151,2007-04-22T00:00:00,LAL @ PHX,L,40.0,8,16,0.5,0,1,0.0,1,2,0.5,2,14,16,2,3,0,1,1,3,3,17,-12,39.2,1,0,37.0,1,785,785,785,243,145,175,409,543,649,543,675,556,656,229,5,17,423,161,701,141,1066,912,396,295,1378,204,1,3,210,,40:00,1
2006-07,2225,Tony Parker,Tony,1610612759,SAS,San Antonio Spurs,0040600161,2007-04-22T00:00:00,SAS vs. DEN,L,37.1,8,20,0.4,0,1,0.0,3,4,0.75,3,3,6,8,2,2,0,2,2,3,19,-10,42.2,0,0,37.0,1,785,785,785,376,145,67,790,543,649,543,334,332,449,128,545,362,56,308,103,457,1423,563,396,246,1299,151,171,3,210,,37:06,1
2006-07,2403,Nene,ene,1610612743,DEN,Denver Nuggets,0040600161,2007-04-22T00:00:00,DEN @ SAS,W,37.55,5,12,0.417,0,0,0.0,3,5,0.6,8,4,12,2,5,2,1,3,3,5,13,4,34.4,1,0,33.0,1,1,1,1,363,378,370,762,543,848,543,334,277,629,3,389,59,423,39,103,141,1516,912,168,450,462,291,1,3,273,,37:33,1
2006-07,959,Steve Nash,Steve,1610612756,PHX,Phoenix Suns,0040600151,2007-04-22T00:00:00,PHX vs. LAL,W,40.6,7,17,0.412,2,4,0.5,4,4,1.0,1,0,1,10,3,0,0,0,1,4,20,7,33.2,1,0,33.0,1,1,1,1,216,201,145,780,122,236,153,231,332,1,454,1251,1101,31,161,701,457,1,257,269,213,322,317,1,3,273,,40:36,1
2006-07,1498,Antonio Daniels,Antonio,1610612764,WAS,Washington Wizards,0040600111,2007-04-22T00:00:00,WAS @ CLE,L,45.88333333333333,3,7,0.429,0,2,0.0,3,4,0.75,1,6,7,11,2,1,0,0,2,7,9,-15,34.9,0,0,29.0,1,785,785,785,25,645,690,716,543,485,543,334,332,449,454,200,278,24,308,278,457,1,563,69,648,1463,278,171,3,363,,45:53,1
2006-07,948,Marcus Camby,Marcus,1610612743,DEN,Denver Nuggets,0040600161,2007-04-22T00:00:00,DEN @ SAS,W,37.06666666666667,4,9,0.444,0,0,0.0,0,0,0.0,1,9,10,3,2,2,2,0,1,1,8,7,34.5,0,0,29.0,1,1,1,1,380,489,553,682,543,848,543,863,926,863,454,56,122,287,308,103,55,1,257,769,714,322,288,171,3,363,,37:04,1
2006-07,980,Zydrunas Ilgauskas,Zydrunas,1610612739,CLE,Cleveland Cavaliers,0040600111,2007-04-22T00:00:00,CLE vs. WAS,W,35.04,4,7,0.571,0,0,0.0,8,10,0.8,1,7,8,1,2,1,1,0,3,5,16,20,31.1,0,0,29.0,1,1,1,1,461,489,690,310,543,848,543,54,57,409,454,147,216,646,308,278,141,1,912,168,329,43,358,171,3,363,,35:02,1
2006-07,2734,Devin Harris,Devin,1610612742,DAL,Dallas Mavericks,0040600141,2007-04-22T00:00:00,DAL vs. GSW,L,37.05,8,18,0.444,0,2,0.0,3,4,0.75,0,3,3,2,1,2,0,1,0,4,19,-8,30.6,0,0,28.0,1,785,785,785,382,145,119,682,543,485,543,334,332,449,834,545,728,423,568,103,457,1066,1,269,246,1221,371,171,3,391,,37:03,1
2006-07,1891,Jason Terry,Jason,1610612742,DAL,Dallas Mavericks,0040600141,2007-04-22T00:00:00,DAL vs. GSW,L,37.21666666666667,6,14,0.429,1,4,0.25,4,5,0.8,2,2,4,3,0,1,0,1,2,3,17,-1,29.3,0,0,27.0,1,785,785,785,373,288,261,716,287,236,446,231,277,409,229,737,565,287,998,278,457,1066,563,396,295,812,407,171,3,422,,37:13,1
2006-07,2440,Matt Barnes,Matt,1610612744,GSW,Golden State Warriors,0040600141,2007-04-22T00:00:00,GSW @ DAL,W,24.95,3,4,0.75,2,3,0.667,2,2,1.0,2,2,4,3,0,2,1,0,2,2,10,20,28.3,0,0,25.0,1,1,1,1,789,645,953,115,122,346,86,459,556,1,229,737,565,287,998,103,141,1,563,552,589,43,437,171,3,488,,24:57,1
2006-07,2553,Jarvis Hayes,Jarvis,1610612764,WAS,Washington Wizards,0040600111,2007-04-22T00:00:00,WAS @ CLE,L,40.083333333333336,6,15,0.4,2,5,0.4,4,5,0.8,1,1,2,2,0,0,0,1,3,3,18,-11,23.4,0,0,24.0,1,785,785,785,238,288,216,790,122,160,309,231,277,409,454,965,913,423,998,701,457,1066,912,396,272,1341,587,171,3,513,,40:05,1
2006-07,2575,Luke Walton,Luke,1610612747,LAL,Los Angeles Lakers,0040600151,2007-04-22T00:00:00,LAL @ PHX,L,32.72833333333333,5,8,0.625,0,0,0.0,0,0,0.0,3,3,6,6,1,0,0,0,2,1,10,-3,25.2,0,0,22.0,1,785,785,785,533,378,616,240,543,848,543,863,926,863,128,545,362,112,568,701,457,1,563,769,589,937,529,171,3,571,,32:44,1
2006-07,109,Robert Horry,Robert,1610612759,SAS,San Antonio Spurs,0040600161,2007-04-22T00:00:00,SAS vs. DEN,L,24.75,5,10,0.5,2,5,0.4,2,2,1.0,1,0,1,1,0,1,1,1,2,1,14,8,22.7,0,0,22.0,1,785,785,785,793,378,500,409,122,160,309,459,556,1,454,1251,1101,646,998,278,141,1066,563,769,410,288,610,171,3,571,,24:45,1
2006-07,2202,Jason Richardson,Jason,1610612744,GSW,Golden State Warriors,0040600141,2007-04-22T00:00:00,GSW @ DAL,W,41.166666666666664,5,12,0.417,1,7,0.143,2,4,0.5,2,4,6,0,4,0,1,0,4,2,13,9,19.2,0,0,22.0,1,1,1,1,193,378,370,762,287,44,532,459,332,656,229,389,362,986,88,701,141,1,1206,552,450,259,697,171,3,571,,41:10,1
2006-07,2400,Drew Gooden,Drew,1610612739,CLE,Cleveland Cavaliers,0040600111,2007-04-22T00:00:00,CLE vs. WAS,W,28.416666666666668,5,10,0.5,0,0,0.0,0,0,0.0,1,5,6,3,2,0,1,0,2,0,10,9,22.7,0,0,21.0,1,1,1,1,667,378,500,409,543,848,543,863,926,863,454,293,362,287,308,701,141,1,563,1118,589,259,610,171,3,604,,28:25,1
2006-07,1904,Devean George,Devean,1610612742,DAL,Dallas Mavericks,0040600141,2007-04-22T00:00:00,DAL vs. GSW,L,31.283333333333335,3,8,0.375,2,5,0.4,2,2,1.0,0,5,5,1,2,1,0,1,4,2,10,-12,18.5,0,0,20.0,1,785,785,785,573,645,616,876,122,160,309,459,556,1,834,293,466,646,308,278,457,1066,1206,552,589,1378,718,171,3,626,,31:17,1
2006-07,2581,Steve Blake,Steve,1610612743,DEN,Denver Nuggets,0040600161,2007-04-22T00:00:00,DEN @ SAS,W,36.733333333333334,3,6,0.5,1,2,0.5,0,0,0.0,0,4,4,3,2,2,0,0,2,1,7,10,20.3,0,0,19.0,1,1,1,1,395,645,766,409,287,485,153,863,926,863,834,389,565,287,308,103,457,1,563,769,782,227,657,171,3,658,,36:44,1
2006-07,1938,Manu Ginobili,Manu,1610612759,SAS,San Antonio Spurs,0040600161,2007-04-22T00:00:00,SAS vs. DEN,L,30.933333333333334,4,15,0.267,1,5,0.2,0,0,0.0,3,4,7,2,2,0,0,0,2,1,9,-6,18.4,0,0,19.0,1,785,785,785,586,489,216,1108,287,160,492,863,926,863,128,389,278,423,308,701,457,1,563,769,648,1132,721,171,3,658,,30:56,1
2006-07,2052,DeShawn Stevenson,DeShawn,1610612764,WAS,Washington Wizards,0040600111,2007-04-22T00:00:00,WAS @ CLE,L,35.50666666666667,3,12,0.25,2,4,0.5,1,2,0.5,0,3,3,1,2,0,2,1,0,3,9,-14,18.1,0,0,19.0,1,785,785,785,439,645,370,1112,122,236,153,675,556,656,834,545,728,646,308,701,55,1066,1,396,648,1440,727,171,3,658,,35:30,1
2006-07,1733,Al Harrington,Al,1610612744,GSW,Golden State Warriors,0040600141,2007-04-22T00:00:00,GSW @ DAL,W,37.888333333333335,3,14,0.214,0,3,0.0,1,2,0.5,6,4,10,1,1,0,0,3,4,1,7,21,19.5,0,0,18.0,1,1,1,1,340,645,261,1166,543,346,543,675,556,656,12,389,122,646,568,701,457,1516,1206,769,782,38,690,171,3,689,,37:53,1
2006-07,200770,Jordan Farmar,Jordan,1610612747,LAL,Los Angeles Lakers,0040600151,2007-04-22T00:00:00,LAL @ PHX,L,31.67,4,9,0.444,1,4,0.25,0,0,0.0,0,2,2,2,1,2,0,0,4,0,9,-2,19.4,0,0,18.0,1,785,785,785,562,489,553,682,287,236,446,863,926,863,834,737,913,423,568,103,457,1,1206,1118,648,865,693,171,3,689,,31:40,1
2006-07,714,Michael Finley,Michael,1610612759,SAS,San Antonio Spurs,0040600161,2007-04-22T00:00:00,SAS vs. DEN,L,33.96666666666667,6,13,0.462,3,7,0.429,0,0,0.0,0,0,0,0,0,0,0,0,0,1,15,-9,15.0,0,0,18.0,1,785,785,785,493,288,316,640,43,44,286,863,926,863,834,1251,1327,986,998,701,457,1,1,769,375,1258,822,171,3,689,,33:58,1
2006-07,2760,Anderson Varejao,Anderson,1610612739,CLE,Cleveland Cavaliers,0040600111,2007-04-22T00:00:00,CLE vs. WAS,W,25.81,1,5,0.2,0,1,0.0,3,8,0.375,4,6,10,2,1,0,0,0,2,4,5,7,19.0,0,0,17.0,1,1,1,1,766,994,859,1169,543,649,543,334,103,831,64,200,122,423,568,701,457,1,563,269,911,322,705,171,3,725,,25:49,1
2006-07,2562,Sasha Pavlovic,Sasha,1610612739,CLE,Cleveland Cavaliers,0040600111,2007-04-22T00:00:00,CLE vs. WAS,W,27.53,3,9,0.333,1,2,0.5,2,2,1.0,1,1,2,0,1,2,0,1,4,1,9,4,16.4,0,0,16.0,1,1,1,1,702,645,553,951,287,485,153,459,556,1,454,965,913,986,568,103,457,1066,1206,769,648,462,775,171,3,757,,27:32,1
2006-07,2205,DeSagana Diop,DeSagana,1610612742,DAL,Dallas Mavericks,0040600141,2007-04-22T00:00:00,DAL vs. GSW,L,16.011666666666667,1,2,0.5,0,0,0.0,2,4,0.5,5,1,6,0,0,0,2,0,5,2,4,6,17.2,0,0,14.0,1,785,785,785,1068,994,1167,409,543,848,543,459,332,656,31,965,362,986,998,701,55,1,1413,552,976,364,746,171,3,821,,16:01,1
2006-07,101177,Fabricio Oberto,Fabricio,1610612759,SAS,San Antonio Spurs,0040600161,2007-04-22T00:00:00,SAS vs. DEN,L,15.433333333333334,4,4,1.0,0,0,0.0,0,0,0.0,1,5,6,0,0,0,0,0,2,1,8,4,15.2,0,0,14.0,1,785,785,785,1094,489,953,1,543,848,543,863,926,863,454,293,362,986,998,701,457,1,563,769,714,462,814,171,3,821,,15:26,1
2006-07,2198,Kwame Brown,Kwame,1610612747,LAL,Los Angeles Lakers,0040600151,2007-04-22T00:00:00,LAL @ PHX,L,29.166666666666668,2,6,0.333,0,0,0.0,0,0,0.0,4,3,7,1,1,0,0,2,3,1,4,9,12.9,0,0,12.0,1,785,785,785,637,816,766,951,543,848,543,863,926,863,64,545,278,646,568,701,457,1423,912,769,976,259,899,171,3,907,,29:10,1
2006-07,2564,Boris Diaw,Boris,1610612756,PHX,Phoenix Suns,0040600151,2007-04-22T00:00:00,PHX vs. LAL,W,24.413333333333334,2,7,0.286,0,1,0.0,1,2,0.5,1,2,3,4,2,0,0,0,1,3,5,6,12.6,0,0,12.0,1,1,1,1,801,816,690,1081,543,649,543,675,556,656,454,737,728,206,308,701,457,1,257,396,911,364,912,171,3,907,,24:25,1
2006-07,2443,Darius Songaila,Darius,1610612764,WAS,Washington Wizards,0040600111,2007-04-22T00:00:00,WAS @ CLE,L,16.813333333333333,3,5,0.6,0,1,0.0,2,2,1.0,0,1,1,1,1,0,0,0,6,1,8,-14,9.7,0,0,10.0,1,785,785,785,1043,645,859,268,543,649,543,459,556,1,834,965,1101,646,568,701,457,1,1524,769,714,1440,1037,171,3,983,,16:49,1
2006-07,101115,Andrew Bynum,Andrew,1610612747,LAL,Los Angeles Lakers,0040600151,2007-04-22T00:00:00,LAL @ PHX,L,12.1,3,4,0.75,0,0,0.0,0,2,0.0,0,3,3,0,1,0,0,0,2,1,6,-8,8.6,0,0,9.0,1,785,785,785,1193,645,953,115,543,848,543,863,556,863,834,545,728,986,568,701,457,1,563,769,837,1221,1074,171,3,1022,,12:06,1
2006-07,1477,Bruce Bowen,Bruce,1610612759,SAS,San Antonio Spurs,0040600161,2007-04-22T00:00:00,SAS vs. DEN,L,19.066666666666666,2,3,0.667,1,2,0.5,0,0,0.0,0,0,0,1,1,1,0,0,3,1,5,0,8.5,0,0,9.0,1,785,785,785,962,816,1052,158,287,485,153,863,926,863,834,1251,1327,646,568,278,457,1,912,769,911,715,1088,171,3,1022,,19:04,1
2006-07,2041,Etan Thomas,Etan,1610612764,WAS,Washington Wizards,0040600111,2007-04-22T00:00:00,WAS @ CLE,L,20.966666666666665,1,4,0.25,0,0,0.0,0,0,0.0,0,5,5,0,3,0,1,0,4,0,2,-10,8.0,0,0,9.0,1,785,785,785,897,994,953,1112,543,848,543,863,926,863,834,293,466,986,161,701,141,1,1206,1118,1125,1299,1105,171,3,1022,,20:58,1
2006-07,101145,Monta Ellis,Monta,1610612744,GSW,Golden State Warriors,0040600141,2007-04-22T00:00:00,GSW @ DAL,W,23.433333333333334,2,7,0.286,0,0,0.0,3,4,0.75,0,2,2,0,2,0,0,1,3,2,7,-10,7.4,0,0,9.0,1,1,1,1,833,816,690,1081,543,848,543,334,332,449,834,737,913,986,308,701,457,1066,912,552,782,1299,1127,171,3,1022,,23:26,1
2006-07,2427,Roger Mason Jr.,Roger,1610612764,WAS,Washington Wizards,0040600111,2007-04-22T00:00:00,WAS @ CLE,L,9.026666666666667,2,3,0.667,1,1,1.0,1,1,1.0,0,0,0,0,2,1,0,0,2,1,6,1,7.0,0,0,9.0,1,785,785,785,1282,816,1052,158,287,649,1,675,861,1,834,1251,1327,986,308,278,457,1,563,769,837,656,1147,171,3,1022,,9:02,1
2006-07,1913,Michael Ruffin,Michael,1610612764,WAS,Washington Wizards,0040600111,2007-04-22T00:00:00,WAS @ CLE,L,15.353333333333333,0,1,0.0,0,0,0.0,0,0,0.0,3,1,4,0,0,2,0,0,1,0,0,5,10.8,0,0,8.0,1,785,785,785,1097,1243,1299,1243,543,848,543,863,926,863,128,965,565,986,998,103,457,1,257,1118,1311,416,973,171,3,1070,,15:21,1
2006-07,2554,Mickael Pietrus,Mickael,1610612744,GSW,Golden State Warriors,0040600141,2007-04-22T00:00:00,GSW @ DAL,W,15.661666666666667,1,5,0.2,0,3,0.0,0,0,0.0,1,2,3,0,0,0,1,0,2,1,2,-9,8.6,0,0,7.0,1,1,1,1,1086,994,859,1169,543,346,543,863,926,863,454,737,728,986,998,701,141,1,563,769,1125,1258,1074,171,3,1113,,15:40,1
2006-07,727,Eric Snow,Eric,1610612739,CLE,Cleveland Cavaliers,0040600111,2007-04-22T00:00:00,CLE vs. WAS,W,22.08,2,5,0.4,0,1,0.0,0,0,0.0,0,1,1,2,0,0,0,0,1,0,4,9,8.2,0,0,7.0,1,1,1,1,867,816,859,790,543,649,543,863,926,863,834,965,1101,423,998,701,457,1,257,1118,976,259,1097,171,3,1113,,22:05,1
2006-07,2059,Eduardo Najera,Eduardo,1610612743,DEN,Denver Nuggets,0040600161,2007-04-22T00:00:00,DEN @ SAS,W,19.816666666666666,1,2,0.5,0,0,0.0,1,2,0.5,3,1,4,0,0,0,0,0,1,1,3,2,7.8,0,0,7.0,1,1,1,1,940,994,1167,409,543,848,543,675,556,656,128,965,565,986,998,701,457,1,257,769,1052,581,1112,171,3,1113,,19:49,1
2006-07,923,Donyell Marshall,Donyell,1610612739,CLE,Cleveland Cavaliers,0040600111,2007-04-22T00:00:00,CLE vs. WAS,W,5.76,1,3,0.333,1,3,0.333,0,0,0.0,1,2,3,0,0,0,0,0,3,0,3,-7,6.6,0,0,7.0,1,1,1,1,1373,994,1052,951,287,346,351,863,926,863,454,737,728,986,998,701,457,1,912,1118,1052,1179,1163,171,3,1113,,5:46,1
2006-07,699,Brent Barry,Brent,1610612759,SAS,San Antonio Spurs,0040600161,2007-04-22T00:00:00,SAS vs. DEN,L,12.033333333333333,1,3,0.333,1,3,0.333,0,0,0.0,0,1,1,2,1,0,0,0,0,2,3,3,6.2,0,0,7.0,1,785,785,785,1195,994,1052,951,287,346,351,863,926,863,834,965,1101,423,568,701,457,1,1,552,1052,517,1185,171,3,1113,,12:02,1
2006-07,2470,Smush Parker,Smush,1610612747,LAL,Los Angeles Lakers,0040600151,2007-04-22T00:00:00,LAL @ PHX,L,10.33,0,1,0.0,0,0,0.0,0,0,0.0,0,1,1,1,1,2,0,0,1,0,0,-2,7.7,0,0,6.0,1,785,785,785,1250,1243,1299,1243,543,848,543,863,926,863,834,965,1101,646,568,103,457,1,257,1118,1311,865,1118,171,3,1166,,10:20,1
2006-07,711,Jerry Stackhouse,Jerry,1610612742,DAL,Dallas Mavericks,0040600141,2007-04-22T00:00:00,DAL vs. GSW,L,20.45,0,6,0.0,0,2,0.0,0,0,0.0,0,1,1,3,5,1,0,1,2,0,0,-19,3.7,0,0,6.0,1,785,785,785,918,1243,766,1243,543,485,543,863,926,863,834,965,1101,287,39,278,457,1066,563,1118,1311,1519,1314,171,3,1166,,20:27,1
2006-07,1952,Raja Bell,Raja,1610612756,PHX,Phoenix Suns,0040600151,2007-04-22T00:00:00,PHX vs. LAL,W,39.24333333333333,1,6,0.167,0,5,0.0,0,0,0.0,0,2,2,1,0,0,0,0,2,1,2,9,5.9,0,0,5.0,1,1,1,1,281,994,766,1200,543,160,543,863,926,863,834,737,913,646,998,701,457,1,563,769,1125,259,1205,171,3,1212,,39:15,1
2006-07,101132,Linas Kleiza,Linas,1610612743,DEN,Denver Nuggets,0040600161,2007-04-22T00:00:00,DEN @ SAS,W,18.883333333333333,0,5,0.0,0,2,0.0,1,2,0.5,0,4,4,0,0,0,0,0,2,1,1,-1,5.8,0,0,5.0,1,1,1,1,969,1243,859,1243,543,485,543,675,556,656,834,389,565,986,998,701,457,1,563,769,1285,812,1213,171,3,1212,,18:53,1
2006-07,2740,Andris Biedrins,Andris,1610612744,GSW,Golden State Warriors,0040600141,2007-04-22T00:00:00,GSW @ DAL,W,7.85,1,1,1.0,0,0,0.0,0,0,0.0,0,1,1,0,1,0,1,0,0,0,2,-3,5.2,0,0,5.0,1,1,1,1,1314,994,1299,1,543,848,543,863,926,863,834,965,1101,986,568,701,141,1,1,1118,1125,937,1228,171,3,1212,,7:51,1
2006-07,2756,Sasha Vujacic,Sasha,1610612747,LAL,Los Angeles Lakers,0040600151,2007-04-22T00:00:00,LAL @ PHX,L,12.421666666666667,1,2,0.5,0,1,0.0,0,0,0.0,1,2,3,0,2,0,0,0,2,0,2,1,3.6,0,0,5.0,1,785,785,785,1185,994,1167,409,543,649,543,863,926,863,454,737,728,986,308,701,457,1,563,1118,1125,656,1317,171,3,1212,,12:25,1
2006-07,101154,Andray Blatche,Andray,1610612764,WAS,Washington Wizards,0040600111,2007-04-22T00:00:00,WAS @ CLE,L,3.71,1,2,0.5,0,0,0.0,0,0,0.0,1,1,2,0,0,0,0,0,1,0,2,2,4.4,0,0,4.0,1,785,785,785,1440,994,1167,409,543,848,543,863,926,863,454,965,913,986,998,701,457,1,257,1118,1125,581,1278,171,3,1264,,3:43,1
2006-07,2592,James Jones,James,1610612756,PHX,Phoenix Suns,0040600151,2007-04-22T00:00:00,PHX vs. LAL,W,15.21,1,3,0.333,0,2,0.0,1,2,0.5,0,1,1,0,0,0,0,0,2,1,3,-7,4.2,0,0,4.0,1,1,1,1,1100,994,1052,951,543,485,543,675,556,656,834,965,1101,986,998,701,457,1,563,769,1052,1179,1288,171,3,1264,,15:13,1
2006-07,1761,Greg Buckner,Greg,1610612742,DAL,Dallas Mavericks,0040600141,2007-04-22T00:00:00,DAL vs. GSW,L,13.381666666666666,0,0,0.0,0,0,0.0,0,0,0.0,1,2,3,1,1,0,0,0,0,0,0,-10,4.1,0,0,4.0,1,785,785,785,1154,1243,1436,1243,543,848,543,863,926,863,454,737,728,646,568,701,457,1,1,1118,1311,1299,1297,171,3,1264,,13:23,1
2006-07,1922,Francisco Elson,Francisco,1610612759,SAS,San Antonio Spurs,0040600161,2007-04-22T00:00:00,SAS vs. DEN,L,13.3,0,1,0.0,0,0,0.0,0,0,0.0,1,3,4,0,1,0,0,0,3,0,0,-11,3.8,0,0,4.0,1,785,785,785,1157,1243,1299,1243,543,848,543,863,926,863,454,545,565,986,568,701,457,1,912,1118,1311,1341,1312,171,3,1264,,13:18,1
2006-07,956,Erick Dampier,Erick,1610612742,DAL,Dallas Mavericks,0040600141,2007-04-22T00:00:00,DAL vs. GSW,L,2.35,0,0,0.0,0,0,0.0,0,0,0.0,2,1,3,0,0,0,0,0,0,0,0,0,3.6,0,0,3.0,1,785,785,785,1482,1243,1436,1243,543,848,543,863,926,863,229,965,728,986,998,701,457,1,1,1118,1311,715,1317,171,3,1315,,2:21,1
2006-07,1521,Jacque Vaughn,Jacque,1610612759,SAS,San Antonio Spurs,0040600161,2007-04-22T00:00:00,SAS vs. DEN,L,10.9,0,1,0.0,0,0,0.0,2,2,1.0,0,0,0,1,1,0,0,0,3,1,2,4,2.5,0,0,3.0,1,785,785,785,1239,1243,1299,1243,543,848,543,459,556,1,834,1251,1327,646,568,701,457,1,912,769,1125,462,1363,171,3,1315,,10:54,1
2006-07,2747,JR Smith,JR,1610612743,DEN,Denver Nuggets,0040600161,2007-04-22T00:00:00,DEN @ SAS,W,4.733333333333333,1,3,0.333,0,2,0.0,0,0,0.0,1,0,1,0,1,0,0,0,2,0,2,-3,2.2,0,0,3.0,1,1,1,1,1407,994,1052,951,543,485,543,863,926,863,454,1251,1101,986,568,701,457,1,563,1118,1125,937,1372,171,3,1315,,4:44,1
2006-07,2588,Matt Bonner,Matt,1610612759,SAS,San Antonio Spurs,0040600161,2007-04-22T00:00:00,SAS vs. DEN,L,2.716666666666667,0,1,0.0,0,1,0.0,0,0,0.0,0,0,0,0,0,1,0,0,1,0,0,-4,3.0,0,0,2.0,1,785,785,785,1476,1243,1299,1243,543,649,543,863,926,863,834,1251,1327,986,998,278,457,1,257,1118,1311,1002,1337,171,3,1362,,2:43,1
2006-07,2230,Maurice Evans,Maurice,1610612747,LAL,Los Angeles Lakers,0040600151,2007-04-22T00:00:00,LAL @ PHX,L,15.483333333333333,0,3,0.0,0,2,0.0,0,0,0.0,0,2,2,0,0,0,0,0,0,0,0,-5,2.4,0,0,2.0,1,785,785,785,1091,1243,1052,1243,543,485,543,863,926,863,834,737,913,986,998,701,457,1,1,1118,1311,1073,1365,171,3,1362,,15:29,1
2006-07,101182,Donell Taylor,Donell,1610612764,WAS,Washington Wizards,0040600111,2007-04-22T00:00:00,WAS @ CLE,L,2.1166666666666667,0,2,0.0,0,0,0.0,0,0,0.0,0,1,1,0,0,0,0,0,0,0,0,0,1.2,0,0,1.0,1,785,785,785,1486,1243,1167,1243,543,848,543,863,926,863,834,965,1101,986,998,701,457,1,1,1118,1311,715,1421,171,3,1423,,2:07,1
2006-07,2217,Brendan Haywood,Brendan,1610612764,WAS,Washington Wizards,0040600111,2007-04-22T00:00:00,WAS @ CLE,L,5.083333333333333,0,1,0.0,0,0,0.0,0,0,0.0,0,1,1,0,0,0,0,0,2,0,0,-3,1.2,0,0,1.0,1,785,785,785,1398,1243,1299,1243,543,848,543,863,926,863,834,965,1101,986,998,701,457,1,563,1118,1311,937,1421,171,3,1423,,5:05,1
2006-07,101142,Ronny Turiaf,Ronny,1610612747,LAL,Los Angeles Lakers,0040600151,2007-04-22T00:00:00,LAL @ PHX,L,6.733333333333333,0,1,0.0,0,0,0.0,0,0,0.0,0,1,1,0,0,0,0,0,1,1,0,-9,1.2,0,0,1.0,1,785,785,785,1349,1243,1299,1243,543,848,543,863,926,863,834,965,1101,986,998,701,457,1,257,769,1311,1258,1421,171,3,1423,,6:44,1
2006-07,2567,Brian Cook,Brian,1610612747,LAL,Los Angeles Lakers,0040600151,2007-04-22T00:00:00,LAL @ PHX,L,6.183333333333334,0,1,0.0,0,0,0.0,0,0,0.0,0,0,0,0,0,0,0,0,2,0,0,4,0.0,0,0,0.0,1,785,785,785,1363,1243,1299,1243,543,848,543,863,926,863,834,1251,1327,986,998,701,457,1,563,1118,1311,462,1461,171,3,1463,,6:11,1
2006-07,1956,Ira Newble,Ira,1610612739,CLE,Cleveland Cavaliers,0040600111,2007-04-22T00:00:00,CLE vs. WAS,W,5.333333333333333,0,1,0.0,0,1,0.0,0,0,0.0,0,0,0,0,0,0,0,0,2,0,0,1,0.0,0,0,0.0,1,1,1,1,1385,1243,1299,1243,543,649,543,863,926,863,834,1251,1327,986,998,701,457,1,563,1118,1311,656,1461,171,3,1463,,5:20,1
2006-07,200789,Daniel Gibson,Daniel,1610612739,CLE,Cleveland Cavaliers,0040600111,2007-04-22T00:00:00,CLE vs. WAS,W,0.7933333333333333,0,1,0.0,0,0,0.0,0,0,0.0,0,0,0,0,0,0,0,0,0,0,0,-2,0.0,0,0,0.0,1,1,1,1,1533,1243,1299,1243,543,848,543,863,926,863,834,1251,1327,986,998,701,457,1,1,1118,1311,865,1461,171,3,1463,,0:48,1
2006-07,703,Kurt Thomas,Kurt,1610612756,PHX,Phoenix Suns,0040600151,2007-04-22T00:00:00,PHX vs. LAL,W,3.1166666666666667,0,0,0.0,0,0,0.0,0,0,0.0,0,0,0,0,0,0,0,0,1,0,0,-6,0.0,0,0,0.0,1,1,1,1,1451,1243,1436,1243,543,848,543,863,926,863,834,1251,1327,986,998,701,457,1,257,1118,1311,1132,1461,171,3,1463,,3:07,1
2006-07,2736,Luol Deng,Luol,1610612741,CHI,Chicago Bulls,0040600131,2007-04-21T00:00:00,CHI vs. MIA,W,45.68333333333333,14,22,0.636,0,0,0.0,5,5,1.0,2,6,8,2,1,1,1,0,3,7,33,7,50.6,0,0,47.0,1,1,1,1,33,7,38,229,543,848,543,164,277,1,229,200,216,423,568,278,141,1,912,69,14,322,61,171,3,68,,45:41,1
2006-07,2397,Yao Ming,ao Ming,1610612745,HOU,Houston Rockets,0040600171,2007-04-21T00:00:00,HOU vs. UTA,W,35.48166666666667,8,18,0.444,0,0,0.0,12,14,0.857,4,9,13,0,4,1,1,1,2,9,28,-1,45.6,1,0,45.0,1,1,1,1,440,145,119,682,543,848,543,8,11,363,64,56,42,986,88,278,141,1066,563,15,52,812,112,1,3,80,,35:29,1
2006-07,1497,Chauncey Billups,Chauncey,1610612765,DET,Detroit Pistons,0040600101,2007-04-21T00:00:00,DET vs. ORL,W,40.53,5,13,0.385,1,6,0.167,11,12,0.917,0,4,4,11,5,2,1,0,5,10,22,18,47.3,1,0,44.0,1,1,1,1,221,378,316,865,287,99,516,16,28,330,834,389,565,24,39,103,141,1,1413,9,160,69,94,1,3,86,,40:32,1
2006-07,2732,Ben Gordon,Ben,1610612741,CHI,Chicago Bulls,0040600131,2007-04-21T00:00:00,CHI vs. MIA,W,43.166666666666664,7,19,0.368,0,5,0.0,10,11,0.909,1,6,7,11,5,1,0,2,2,9,24,16,46.9,1,0,44.0,1,1,1,1,120,201,85,905,543,160,543,25,38,333,454,200,278,24,39,278,457,1423,563,15,110,97,98,1,3,86,,43:10,1
2006-07,1503,Tracy McGrady,Tracy,1610612745,HOU,Houston Rockets,0040600171,2007-04-21T00:00:00,HOU vs. UTA,W,40.28333333333333,8,17,0.471,3,5,0.6,4,6,0.667,0,4,4,7,4,1,2,0,0,7,23,7,43.3,0,0,43.0,1,1,1,1,233,145,145,622,43,160,129,231,197,556,834,389,565,78,88,278,55,1,1,69,133,322,139,171,3,100,,40:17,1
2006-07,2730,Dwight Howard,Dwight,1610612753,ORL,Orlando Magic,0040600101,2007-04-21T00:00:00,ORL @ DET,L,44.031666666666666,5,8,0.625,0,0,0.0,3,11,0.273,5,14,19,3,6,0,3,1,4,8,13,-13,43.3,1,0,41.0,1,785,785,785,94,378,616,240,543,848,543,334,38,850,31,5,3,287,17,701,27,1066,1206,34,450,1413,139,1,3,130,,44:02,1
2006-07,2210,Richard Jefferson,Richard,1610612751,NJN,New Jersey Nets,0040600121,2007-04-21T00:00:00,NJN @ TOR,W,39.51166666666666,11,21,0.524,2,4,0.5,4,5,0.8,1,4,5,0,2,2,1,2,1,5,28,4,41.0,0,0,41.0,1,1,1,1,265,36,52,400,122,236,153,231,277,409,454,389,466,986,308,103,141,1423,257,168,52,462,165,171,3,130,,39:31,1
2006-07,101114,Deron Williams,Deron,1610612762,UTA,Utah Jazz,0040600171,2007-04-21T00:00:00,UTA @ HOU,L,43.0,7,19,0.368,0,5,0.0,1,2,0.5,0,9,9,9,4,3,0,2,1,3,15,-5,44.3,0,0,39.0,1,785,785,785,126,201,85,905,543,160,543,675,556,656,834,56,169,43,88,32,457,1423,257,396,375,1073,126,171,3,170,,43:00,1
2006-07,467,Jason Kidd,Jason,1610612751,NJN,New Jersey Nets,0040600121,2007-04-21T00:00:00,NJN @ TOR,W,38.09166666666667,3,11,0.273,1,8,0.125,1,2,0.5,3,7,10,15,3,2,0,0,3,1,8,1,45.5,1,0,38.0,1,1,1,1,331,645,430,1100,287,21,541,675,556,656,128,147,122,5,161,103,457,1,912,769,714,656,115,1,3,194,,38:06,1
2006-07,1713,Vince Carter,Vince,1610612751,NJN,New Jersey Nets,0040600121,2007-04-21T00:00:00,NJN @ TOR,W,33.223333333333336,5,19,0.263,1,3,0.333,5,8,0.625,0,7,7,3,3,1,3,0,4,5,16,-11,37.9,0,0,35.0,1,1,1,1,512,378,85,1110,287,346,351,164,103,620,834,147,278,287,161,278,27,1,1206,168,329,1341,228,171,3,244,,33:13,1
2006-07,1747,Rafer Alston,Rafer,1610612745,HOU,Houston Rockets,0040600171,2007-04-21T00:00:00,HOU vs. UTA,W,46.5,3,11,0.273,3,10,0.3,0,0,0.0,1,10,11,8,3,2,0,0,4,0,9,10,37.2,0,0,35.0,1,1,1,1,11,645,430,1100,43,3,435,863,926,863,454,37,91,56,161,103,457,1,1206,1118,648,227,243,171,3,244,,46:30,1
2006-07,1515,Anthony Parker,Anthony,1610612761,TOR,Toronto Raptors,0040600121,2007-04-21T00:00:00,TOR vs. NJN,L,41.846666666666664,5,12,0.417,4,7,0.571,2,4,0.5,1,8,9,0,2,3,0,3,4,2,16,2,33.8,0,0,35.0,1,785,785,785,163,378,370,762,16,44,141,459,332,656,454,90,169,986,308,32,457,1516,1206,552,329,581,303,171,3,244,,41:51,1
2006-07,1888,Richard Hamilton,Richard,1610612765,DET,Detroit Pistons,0040600101,2007-04-21T00:00:00,DET vs. ORL,W,43.45166666666667,9,19,0.474,0,0,0.0,4,6,0.667,2,2,4,4,0,1,0,3,3,3,22,8,35.8,0,0,32.0,1,1,1,1,112,92,85,617,543,848,543,231,197,556,229,737,565,206,998,278,457,1516,912,396,160,288,258,171,3,296,,43:27,1
2006-07,2547,Chris Bosh,Chris,1610612761,TOR,Toronto Raptors,0040600121,2007-04-21T00:00:00,TOR vs. NJN,L,33.916666666666664,7,16,0.438,0,1,0.0,8,10,0.8,0,5,5,3,1,1,0,0,3,7,22,14,34.5,0,0,32.0,1,785,785,785,494,201,175,708,543,649,543,54,57,409,834,293,466,287,568,278,457,1,912,69,160,126,288,171,3,296,,33:55,1
2006-07,952,Antoine Walker,Antoine,1610612748,MIA,Miami Heat,0040600131,2007-04-21T00:00:00,MIA @ CHI,L,30.166666666666668,5,14,0.357,4,7,0.571,6,6,1.0,1,2,3,3,1,0,1,1,5,4,20,14,30.1,0,0,32.0,1,785,785,785,609,378,261,932,16,44,141,120,197,1,454,737,728,287,568,701,141,1066,1413,269,213,126,386,171,3,296,,30:10,1
2006-07,406,Shaquille O'Neal,Shaquille,1610612748,MIA,Miami Heat,0040600131,2007-04-21T00:00:00,MIA @ CHI,L,26.816666666666666,9,14,0.643,0,0,0.0,1,3,0.333,2,4,6,3,2,0,1,1,6,5,19,-6,31.7,0,0,30.0,1,785,785,785,729,92,261,223,543,848,543,675,481,833,229,389,362,287,308,701,141,1066,1524,168,246,1132,344,171,3,341,,26:49,1
2006-07,2548,Dwyane Wade,Dwyane,1610612748,MIA,Miami Heat,0040600131,2007-04-21T00:00:00,MIA @ CHI,L,33.03333333333333,7,16,0.438,0,1,0.0,7,7,1.0,0,2,2,3,5,1,1,1,5,6,21,-7,28.9,0,0,30.0,1,785,785,785,520,201,175,708,543,649,543,82,154,1,834,737,913,287,39,278,141,1066,1413,105,180,1179,416,171,3,341,,33:02,1
2006-07,2804,Andres Nocioni,Andres,1610612741,CHI,Chicago Bulls,0040600131,2007-04-21T00:00:00,CHI vs. MIA,W,30.106666666666666,6,15,0.4,2,6,0.333,3,3,1.0,0,4,4,2,1,0,2,0,4,3,17,1,29.8,0,0,29.0,1,1,1,1,612,288,216,790,122,99,351,334,481,1,834,389,565,423,568,701,55,1,1206,396,295,656,396,171,3,363,,30:06,1
2006-07,2551,T.J. Ford,T.J.,1610612761,TOR,Toronto Raptors,0040600121,2007-04-21T00:00:00,TOR vs. NJN,L,27.0,8,13,0.615,0,1,0.0,5,6,0.833,1,1,2,2,3,1,1,0,1,5,21,-11,29.4,0,0,29.0,1,785,785,785,720,145,316,257,543,649,543,164,197,382,454,965,913,423,161,278,141,1,257,168,180,1341,406,171,3,363,,27:00,1
2006-07,739,Rasheed Wallace,Rasheed,1610612765,DET,Detroit Pistons,0040600101,2007-04-21T00:00:00,DET vs. ORL,W,35.11666666666667,6,12,0.5,3,5,0.6,1,2,0.5,1,5,6,1,0,1,0,1,3,1,16,14,27.7,0,0,28.0,1,1,1,1,458,288,370,409,43,160,129,675,556,656,454,293,362,646,998,278,457,1066,912,769,329,126,455,171,3,391,,35:07,1
2006-07,2045,Hedo Turkoglu,Hedo,1610612753,ORL,Orlando Magic,0040600101,2007-04-21T00:00:00,ORL @ DET,L,41.333333333333336,8,13,0.615,1,1,1.0,0,1,0.0,0,1,1,3,4,2,1,0,3,1,17,-8,27.7,0,0,28.0,1,785,785,785,182,145,316,257,287,649,1,863,861,863,834,965,1101,287,88,103,141,1,912,769,295,1221,455,171,3,391,,41:20,1
2006-07,2411,Bostjan Nachbar,Bostjan,1610612751,NJN,New Jersey Nets,0040600121,2007-04-21T00:00:00,NJN @ TOR,W,28.985,5,11,0.455,2,4,0.5,4,4,1.0,1,4,5,4,0,0,0,1,0,3,16,10,28.0,0,0,27.0,1,1,1,1,646,378,430,654,122,236,153,231,332,1,454,389,466,206,998,701,457,1066,1,396,329,227,445,171,3,422,,28:59,1
2006-07,2430,Carlos Boozer,Carlos,1610612762,UTA,Utah Jazz,0040600171,2007-04-21T00:00:00,UTA @ HOU,L,39.46666666666667,4,17,0.235,0,0,0.0,3,6,0.5,4,8,12,1,4,1,0,0,3,5,11,-11,25.9,1,0,26.0,1,785,785,785,269,489,145,1157,543,848,543,334,197,656,64,90,59,646,88,278,457,1,912,168,537,1341,506,1,3,455,,39:28,1
2006-07,101181,Jose Calderon,Jose,1610612761,TOR,Toronto Raptors,0040600121,2007-04-21T00:00:00,TOR vs. NJN,L,21.0,5,14,0.357,2,3,0.667,1,1,1.0,1,2,3,8,1,0,0,2,1,0,13,6,27.6,0,0,26.0,1,785,785,785,896,378,261,932,122,346,86,675,861,1,454,737,728,56,568,701,457,1423,257,1118,450,364,457,171,3,455,,21:00,1
2006-07,255,Grant Hill,Grant,1610612753,ORL,Orlando Magic,0040600101,2007-04-21T00:00:00,ORL @ DET,L,33.15,4,8,0.5,0,0,0.0,6,8,0.75,0,4,4,5,3,1,0,2,3,5,14,-9,26.3,0,0,25.0,1,785,785,785,515,489,616,409,543,848,543,120,103,449,834,389,565,150,161,278,457,1423,912,168,410,1258,496,171,3,488,,33:09,1
2006-07,1715,Jason Williams,Jason,1610612748,MIA,Miami Heat,0040600131,2007-04-21T00:00:00,MIA @ CHI,L,30.44,3,8,0.375,2,5,0.4,1,1,1.0,0,2,2,3,1,3,1,0,1,0,9,3,26.9,0,0,24.0,1,785,785,785,599,645,616,876,122,160,309,675,861,1,834,737,913,287,568,32,141,1,257,1118,648,517,481,171,3,513,,30:26,1
2006-07,1723,Matt Harpring,Matt,1610612762,UTA,Utah Jazz,0040600171,2007-04-21T00:00:00,UTA @ HOU,L,32.04833333333333,7,14,0.5,0,0,0.0,0,0,0.0,3,5,8,0,2,0,1,2,6,0,14,-3,24.6,0,0,24.0,1,785,785,785,551,201,261,409,543,848,543,863,926,863,128,293,216,986,308,701,141,1423,1524,1118,410,937,550,171,3,513,,32:03,1
2006-07,965,Derek Fisher,Derek,1610612762,UTA,Utah Jazz,0040600171,2007-04-21T00:00:00,UTA @ HOU,L,34.21666666666667,6,11,0.545,2,3,0.667,1,1,1.0,0,4,4,2,1,0,0,0,2,1,15,-12,21.8,0,0,23.0,1,785,785,785,484,288,430,358,122,346,86,675,861,1,834,389,565,423,568,701,457,1,563,769,375,1378,626,171,3,542,,34:13,1
2006-07,1630,Mikki Moore,Mikki,1610612751,NJN,New Jersey Nets,0040600121,2007-04-21T00:00:00,NJN @ TOR,W,28.135,3,8,0.375,0,0,0.0,3,4,0.75,3,4,7,0,1,2,1,0,4,3,9,15,25.4,0,0,22.0,1,1,1,1,678,645,616,876,543,848,543,334,332,449,128,389,278,986,568,103,141,1,1206,396,648,108,524,171,3,571,,28:08,1
2006-07,2419,Tayshaun Prince,Tayshaun,1610612765,DET,Detroit Pistons,0040600101,2007-04-21T00:00:00,DET vs. ORL,W,36.63333333333333,4,7,0.571,0,0,0.0,4,6,0.667,0,2,2,6,2,0,1,0,2,4,12,8,24.4,0,0,22.0,1,1,1,1,399,489,690,310,543,848,543,231,197,556,834,737,913,112,308,701,141,1,563,269,503,288,558,171,3,571,,36:38,1
2006-07,2246,Mehmet Okur,Mehmet,1610612762,UTA,Utah Jazz,0040600171,2007-04-21T00:00:00,UTA @ HOU,L,36.45,2,14,0.143,2,7,0.286,0,2,0.0,3,6,9,1,0,2,0,1,3,2,6,-6,24.3,0,0,22.0,1,785,785,785,404,816,261,1222,122,44,437,863,556,863,128,200,169,646,998,103,457,1066,912,552,837,1132,561,171,3,571,,36:27,1
2006-07,1112,Ben Wallace,Ben,1610612741,CHI,Chicago Bulls,0040600131,2007-04-21T00:00:00,CHI vs. MIA,W,44.57,2,6,0.333,0,0,0.0,0,2,0.0,6,8,14,1,2,0,1,1,2,7,4,8,23.3,0,0,21.0,1,1,1,1,70,816,766,951,543,848,543,863,556,863,12,90,28,646,308,701,141,1066,563,69,976,288,591,171,3,604,,44:34,1
2006-07,686,Antonio McDyess,Antonio,1610612765,DET,Detroit Pistons,0040600101,2007-04-21T00:00:00,DET vs. ORL,W,19.705,2,6,0.333,0,0,0.0,1,2,0.5,4,5,9,2,0,1,1,0,5,1,5,6,24.8,0,0,20.0,1,1,1,1,944,816,766,951,543,848,543,675,556,656,64,293,169,423,998,278,141,1,1413,769,911,364,540,171,3,626,,19:42,1
2006-07,2617,Udonis Haslem,Udonis,1610612748,MIA,Miami Heat,0040600131,2007-04-21T00:00:00,MIA @ CHI,L,24.60333333333333,4,6,0.667,0,0,0.0,3,4,0.75,0,6,6,0,0,0,1,0,3,3,11,-11,21.2,0,0,19.0,1,785,785,785,797,489,766,158,543,848,543,334,332,449,834,200,362,986,998,701,141,1,912,396,537,1341,634,171,3,658,,24:36,1
2006-07,2545,Darko Milicic,Darko,1610612753,ORL,Orlando Magic,0040600101,2007-04-21T00:00:00,ORL @ DET,L,27.05,5,6,0.833,0,0,0.0,4,7,0.571,2,2,4,1,1,0,0,0,3,5,14,7,19.3,0,0,19.0,1,785,785,785,718,378,766,95,543,848,543,231,154,642,229,737,565,646,568,701,457,1,912,168,410,322,696,171,3,658,,27:03,1
2006-07,101129,Luther Head,Luther,1610612745,HOU,Houston Rockets,0040600171,2007-04-21T00:00:00,HOU vs. UTA,W,26.323333333333334,2,8,0.25,1,6,0.167,1,2,0.5,0,4,4,3,0,1,1,1,2,1,6,6,21.3,0,0,18.0,1,1,1,1,752,816,616,1112,287,99,516,675,556,656,834,389,565,287,998,278,141,1066,563,769,837,364,630,171,3,689,,26:19,1
2006-07,200757,Thabo Sefolosha,Thabo,1610612741,CHI,Chicago Bulls,0040600131,2007-04-21T00:00:00,CHI vs. MIA,W,17.713333333333335,3,6,0.5,1,2,0.5,2,2,1.0,2,2,4,2,0,1,0,0,1,1,9,8,19.8,0,0,18.0,1,1,1,1,1006,645,766,409,287,485,153,459,556,1,229,737,565,423,998,278,457,1,257,769,648,288,673,171,3,689,,17:43,1
2006-07,2749,Jameer Nelson,Jameer,1610612753,ORL,Orlando Magic,0040600101,2007-04-21T00:00:00,ORL @ DET,L,31.295,4,9,0.444,0,2,0.0,2,2,1.0,0,1,1,3,3,2,0,0,6,2,10,-5,18.7,0,0,18.0,1,785,785,785,572,489,553,682,543,485,543,459,556,1,834,965,1101,287,161,103,457,1,1524,552,589,1073,710,171,3,689,,31:18,1
2006-07,185,Chris Webber,Chris,1610612765,DET,Detroit Pistons,0040600101,2007-04-21T00:00:00,DET vs. ORL,W,33.06166666666667,5,7,0.714,0,0,0.0,2,3,0.667,1,4,5,1,1,0,0,0,2,4,12,4,18.5,0,0,18.0,1,1,1,1,518,378,690,139,543,848,543,459,481,556,454,389,466,646,568,701,457,1,563,269,503,462,718,171,3,689,,33:04,1
2006-07,101236,Chuck Hayes,Chuck,1610612745,HOU,Houston Rockets,0040600171,2007-04-21T00:00:00,HOU vs. UTA,W,28.22833333333333,2,3,0.667,0,0,0.0,0,0,0.0,1,8,9,0,0,1,1,0,4,1,4,11,20.8,0,0,17.0,1,1,1,1,676,816,1052,158,543,848,543,863,926,863,454,90,169,986,998,278,141,1,1206,769,976,198,645,171,3,725,,28:14,1
2006-07,1725,Rasho Nesterovic,Rasho,1610612761,TOR,Toronto Raptors,0040600121,2007-04-21T00:00:00,TOR vs. NJN,L,18.566666666666666,1,5,0.2,0,0,0.0,0,0,0.0,4,6,10,3,1,0,1,0,0,0,2,-9,20.5,0,0,17.0,1,785,785,785,984,994,859,1169,543,848,543,863,926,863,64,200,122,287,568,701,141,1,1,1118,1125,1258,653,171,3,725,,18:34,1
2006-07,2743,Kris Humphries,Kris,1610612761,TOR,Toronto Raptors,0040600121,2007-04-21T00:00:00,TOR vs. NJN,L,24.095,2,4,0.5,0,0,0.0,1,2,0.5,2,4,6,0,0,1,1,1,4,1,5,3,18.2,0,0,15.0,1,785,785,785,815,816,953,409,543,848,543,675,556,656,229,389,362,986,998,278,141,1066,1206,769,911,517,722,171,3,792,,24:06,1
2006-07,2568,Carlos Delfino,Carlos,1610612765,DET,Detroit Pistons,0040600101,2007-04-21T00:00:00,DET vs. ORL,W,15.915,4,6,0.667,1,2,0.5,0,0,0.0,1,1,2,1,1,1,0,0,2,0,9,0,14.9,0,0,15.0,1,1,1,1,1077,489,766,158,287,485,153,863,926,863,454,965,913,646,568,278,457,1,563,1118,648,715,825,171,3,792,,15:55,1
2006-07,2039,Keyon Dooling,Keyon,1610612753,ORL,Orlando Magic,0040600101,2007-04-21T00:00:00,ORL @ DET,L,17.171666666666667,3,7,0.429,1,2,0.5,2,3,0.667,0,2,2,0,1,1,0,0,1,2,9,-2,13.4,0,0,14.0,1,785,785,785,1024,645,690,716,287,485,153,459,481,556,834,737,913,986,568,278,457,1,257,552,648,865,880,171,3,821,,17:10,1
2006-07,101120,Antoine Wright,Antoine,1610612751,NJN,New Jersey Nets,0040600121,2007-04-21T00:00:00,NJN @ TOR,W,15.101666666666667,3,6,0.5,0,1,0.0,0,0,0.0,1,2,3,0,1,1,1,0,0,0,6,12,14.6,0,0,13.0,1,1,1,1,1105,645,766,409,543,649,543,863,926,863,454,737,728,986,568,278,141,1,1,1118,837,171,840,171,3,867,,15:06,1
2006-07,436,Juwan Howard,Juwan,1610612745,HOU,Houston Rockets,0040600171,2007-04-21T00:00:00,HOU vs. UTA,W,23.995,2,5,0.4,0,0,0.0,4,4,1.0,0,3,3,0,2,1,0,0,0,3,8,2,12.6,0,0,13.0,1,1,1,1,817,816,859,790,543,848,543,231,332,1,834,545,728,986,308,278,457,1,1,396,714,581,912,171,3,867,,23:60,1
2006-07,2203,Shane Battier,Shane,1610612745,HOU,Houston Rockets,0040600171,2007-04-21T00:00:00,HOU vs. UTA,W,31.038333333333334,2,7,0.286,2,6,0.333,0,0,0.0,0,2,2,1,1,1,0,0,4,1,6,7,11.9,0,0,13.0,1,1,1,1,580,816,690,1081,122,99,351,863,926,863,834,737,913,646,568,278,457,1,1206,769,837,322,939,171,3,867,,31:02,1
2006-07,1499,Tony Battie,Tony,1610612753,ORL,Orlando Magic,0040600101,2007-04-21T00:00:00,ORL @ DET,L,24.116666666666667,4,6,0.667,0,0,0.0,0,2,0.0,1,3,4,0,0,0,0,0,2,1,8,-14,12.8,0,0,12.0,1,785,785,785,813,489,766,158,543,848,543,863,556,863,454,545,565,986,998,701,457,1,563,769,714,1440,902,171,3,907,,24:07,1
2006-07,2215,Jason Collins,Jason,1610612751,NJN,New Jersey Nets,0040600121,2007-04-21T00:00:00,NJN @ TOR,W,34.31166666666667,3,3,1.0,0,0,0.0,0,2,0.0,3,2,5,0,0,0,0,0,3,2,6,-12,12.0,0,0,11.0,1,1,1,1,483,645,1052,1,543,848,543,863,556,863,128,737,466,986,998,701,457,1,912,552,837,1378,934,171,3,937,,34:19,1
2006-07,136,P.J. Brown,P.J.,1610612741,CHI,Chicago Bulls,0040600131,2007-04-21T00:00:00,CHI vs. MIA,W,13.7,1,2,0.5,0,0,0.0,0,0,0.0,2,3,5,2,0,0,0,0,4,0,2,2,11.0,0,0,9.0,1,1,1,1,1141,994,1167,409,543,848,543,863,926,863,229,545,466,423,998,701,457,1,1206,1118,1125,581,968,171,3,1022,,13:42,1
2006-07,2574,Jason Kapono,Jason,1610612748,MIA,Miami Heat,0040600131,2007-04-21T00:00:00,MIA @ CHI,L,15.956666666666667,1,4,0.25,0,0,0.0,2,2,1.0,0,4,4,1,0,0,0,0,2,1,4,-2,10.3,0,0,9.0,1,785,785,785,1072,994,953,1112,543,848,543,459,556,1,834,389,565,646,998,701,457,1,563,769,976,865,1009,171,3,1022,,15:57,1
2006-07,101121,Joey Graham,Joey,1610612761,TOR,Toronto Raptors,0040600121,2007-04-21T00:00:00,TOR vs. NJN,L,35.28,2,5,0.4,0,0,0.0,0,0,0.0,0,4,4,1,2,0,0,0,4,1,4,4,8.3,0,0,9.0,1,785,785,785,449,816,859,790,543,848,543,863,926,863,834,389,565,646,308,701,457,1,1206,769,976,462,1093,171,3,1022,,35:17,1
2006-07,2550,Kirk Hinrich,Kirk,1610612741,CHI,Chicago Bulls,0040600131,2007-04-21T00:00:00,CHI vs. MIA,W,19.366666666666667,1,7,0.143,0,4,0.0,0,0,0.0,0,2,2,3,4,1,0,2,5,1,2,-7,7.9,0,0,9.0,1,1,1,1,952,994,690,1222,543,236,543,863,926,863,834,737,913,287,88,278,457,1423,1413,769,1125,1179,1108,171,3,1022,,19:22,1
2006-07,1905,Andrei Kirilenko,Andrei,1610612762,UTA,Utah Jazz,0040600171,2007-04-21T00:00:00,UTA @ HOU,L,15.951666666666666,1,3,0.333,0,0,0.0,0,2,0.0,1,0,1,1,0,1,1,0,1,1,2,-6,10.7,0,0,8.0,1,785,785,785,1073,994,1052,951,543,848,543,863,556,863,454,1251,1101,646,998,278,141,1,257,769,1125,1132,981,171,3,1070,,15:57,1
2006-07,2768,Chris Duhon,Chris,1610612741,CHI,Chicago Bulls,0040600131,2007-04-21T00:00:00,CHI vs. MIA,W,15.916666666666666,0,2,0.0,0,0,0.0,3,4,0.75,0,1,1,4,0,0,0,0,2,2,3,-7,10.2,0,0,8.0,1,1,1,1,1076,1243,1167,1243,543,848,543,334,332,449,834,965,1101,206,998,701,457,1,563,552,1052,1179,1011,171,3,1070,,15:55,1
2006-07,200767,Josh Boone,Josh,1610612751,NJN,New Jersey Nets,0040600121,2007-04-21T00:00:00,NJN @ TOR,W,12.703333333333333,1,1,1.0,0,0,0.0,1,1,1.0,1,1,2,1,1,0,1,0,1,1,3,2,8.9,0,0,8.0,1,1,1,1,1176,994,1299,1,543,848,543,675,861,1,454,965,913,646,568,701,141,1,257,769,1052,581,1065,171,3,1070,,12:42,1
2006-07,1921,Gordan Giricek,Gordan,1610612762,UTA,Utah Jazz,0040600171,2007-04-21T00:00:00,UTA @ HOU,L,18.783333333333335,2,5,0.4,0,2,0.0,2,2,1.0,0,1,1,1,0,0,0,0,2,2,6,-1,8.7,0,0,8.0,1,785,785,785,975,816,859,790,543,485,543,459,556,1,834,965,1101,646,998,701,457,1,563,552,837,812,1071,171,3,1070,,18:47,1
2006-07,200766,Marcus Williams,Marcus,1610612751,NJN,New Jersey Nets,0040600121,2007-04-21T00:00:00,NJN @ TOR,W,9.908333333333333,2,5,0.4,0,2,0.0,0,0,0.0,0,2,2,2,1,0,0,0,1,0,4,4,8.4,0,0,8.0,1,1,1,1,1264,816,859,790,543,485,543,863,926,863,834,737,913,423,568,701,457,1,257,1118,976,462,1090,171,3,1070,,9:55,1
2006-07,1899,James Posey,James,1610612748,MIA,Miami Heat,0040600131,2007-04-21T00:00:00,MIA @ CHI,L,27.85,2,3,0.667,1,2,0.5,0,0,0.0,0,2,2,0,0,0,0,0,3,1,5,4,7.4,0,0,8.0,1,785,785,785,691,816,1052,158,287,485,153,863,926,863,834,737,913,986,998,701,457,1,912,769,911,462,1127,171,3,1070,,27:51,1
2006-07,200748,Tyrus Thomas,Tyrus,1610612741,CHI,Chicago Bulls,0040600131,2007-04-21T00:00:00,CHI vs. MIA,W,9.776666666666667,1,3,0.333,0,0,0.0,0,0,0.0,0,1,1,0,0,0,2,0,1,1,2,-3,9.2,0,0,7.0,1,1,1,1,1268,994,1052,951,543,848,543,863,926,863,834,965,1101,986,998,701,55,1,257,769,1125,937,1054,171,3,1113,,9:47,1
2006-07,200794,Paul Millsap,Paul,1610612762,UTA,Utah Jazz,0040600171,2007-04-21T00:00:00,UTA @ HOU,L,13.166666666666666,1,2,0.5,0,0,0.0,2,2,1.0,1,0,1,0,0,1,0,0,3,1,4,3,8.2,0,0,7.0,1,785,785,785,1161,994,1167,409,543,848,543,459,556,1,454,1251,1101,986,998,278,457,1,912,769,976,517,1097,171,3,1113,,13:10,1
2006-07,224,Eddie Jones,Eddie,1610612748,MIA,Miami Heat,0040600131,2007-04-21T00:00:00,MIA @ CHI,L,23.616666666666667,0,4,0.0,0,4,0.0,2,2,1.0,0,3,3,0,1,1,0,0,4,1,2,-4,7.6,0,0,7.0,1,785,785,785,827,1243,953,1243,543,236,543,459,556,1,834,545,728,986,568,278,457,1,1206,769,1125,1002,1120,171,3,1113,,23:37,1
2006-07,2772,Trevor Ariza,Trevor,1610612753,ORL,Orlando Magic,0040600101,2007-04-21T00:00:00,ORL @ DET,L,7.468333333333334,1,2,0.5,0,0,0.0,1,2,0.5,1,1,2,2,1,0,0,1,1,1,3,4,7.4,0,0,7.0,1,785,785,785,1324,994,1167,409,543,848,543,675,556,656,454,965,913,423,568,701,457,1066,257,769,1052,462,1127,171,3,1113,,7:28,1
2006-07,2306,Carlos Arroyo,Carlos,1610612753,ORL,Orlando Magic,0040600101,2007-04-21T00:00:00,ORL @ DET,L,14.383333333333333,2,3,0.667,0,0,0.0,0,0,0.0,1,1,2,1,1,0,0,0,1,0,4,0,6.9,0,0,7.0,1,785,785,785,1126,816,1052,158,543,848,543,863,926,863,454,965,913,646,568,701,457,1,257,1118,976,715,1152,171,3,1113,,14:23,1
2006-07,2413,Juan Dixon,Juan,1610612761,TOR,Toronto Raptors,0040600121,2007-04-21T00:00:00,TOR vs. NJN,L,15.586666666666666,2,5,0.4,1,3,0.333,0,0,0.0,0,0,0,1,2,0,0,0,1,0,5,-11,4.5,0,0,7.0,1,785,785,785,1088,816,859,790,287,346,351,863,926,863,834,1251,1327,646,308,701,457,1,257,1118,911,1341,1270,171,3,1113,,15:35,1
2006-07,200745,Andrea Bargnani,Andrea,1610612761,TOR,Toronto Raptors,0040600121,2007-04-21T00:00:00,TOR vs. NJN,L,15.983333333333333,1,4,0.25,0,2,0.0,1,2,0.5,0,2,2,1,2,0,0,1,2,1,3,-17,4.9,0,0,6.0,1,785,785,785,1070,994,953,1112,543,485,543,675,556,656,834,737,913,646,308,701,457,1066,563,769,1052,1492,1258,171,3,1166,,15:59,1
2006-07,297,Alonzo Mourning,Alonzo,1610612748,MIA,Miami Heat,0040600131,2007-04-21T00:00:00,MIA @ CHI,L,13.973333333333333,0,1,0.0,0,0,0.0,0,2,0.0,1,3,4,1,0,0,0,1,0,2,0,-9,6.3,0,0,5.0,1,785,785,785,1137,1243,1299,1243,543,848,543,863,556,863,454,545,565,646,998,701,457,1066,1,552,1311,1258,1184,171,3,1212,,13:58,1
2006-07,101131,Jason Maxiell,Jason,1610612765,DET,Detroit Pistons,0040600101,2007-04-21T00:00:00,DET vs. ORL,W,3.85,1,1,1.0,0,0,0.0,0,0,0.0,0,1,1,0,0,0,1,0,0,0,2,-6,6.2,0,0,5.0,1,1,1,1,1436,994,1299,1,543,848,543,863,926,863,834,965,1101,986,998,701,141,1,1,1118,1125,1132,1185,171,3,1212,,3:51,1
2006-07,2260,Jarron Collins,Jarron,1610612762,UTA,Utah Jazz,0040600171,2007-04-21T00:00:00,UTA @ HOU,L,6.916666666666667,1,2,0.5,0,0,0.0,0,0,0.0,2,1,3,0,0,0,0,1,1,1,2,-4,5.6,0,0,5.0,1,785,785,785,1344,994,1167,409,543,848,543,863,926,863,229,965,728,986,998,701,457,1066,257,769,1125,1002,1217,171,3,1212,,6:55,1
2006-07,56,Gary Payton,Gary,1610612748,MIA,Miami Heat,0040600131,2007-04-21T00:00:00,MIA @ CHI,L,13.543333333333333,0,3,0.0,0,1,0.0,0,0,0.0,0,1,1,3,2,0,0,2,2,1,0,-7,3.7,0,0,4.0,1,785,785,785,1147,1243,1052,1243,543,649,543,863,926,863,834,965,1101,287,308,701,457,1423,563,769,1311,1179,1314,171,3,1264,,13:33,1
2006-07,283,Lindsey Hunter,Lindsey,1610612765,DET,Detroit Pistons,0040600101,2007-04-21T00:00:00,DET vs. ORL,W,7.47,0,1,0.0,0,1,0.0,0,0,0.0,0,0,0,3,0,0,0,0,1,1,0,-10,4.5,0,0,3.0,1,1,1,1,1323,1243,1299,1243,543,649,543,863,926,863,834,1251,1327,287,998,701,457,1,257,769,1311,1299,1270,171,3,1315,,7:28,1
2006-07,87,Dikembe Mutombo,Dikembe,1610612745,HOU,Houston Rockets,0040600171,2007-04-21T00:00:00,HOU vs. UTA,W,8.15,0,0,0.0,0,0,0.0,0,0,0.0,0,0,0,0,0,0,1,0,0,0,0,3,3.0,0,0,2.0,1,1,1,1,1302,1243,1436,1243,543,848,543,863,926,863,834,1251,1327,986,998,701,141,1,1,1118,1311,517,1337,171,3,1362,,8:09,1
2006-07,2050,Morris Peterson,Morris,1610612761,TOR,Toronto Raptors,0040600121,2007-04-21T00:00:00,TOR vs. NJN,L,6.725,0,2,0.0,0,2,0.0,0,0,0.0,1,0,1,0,0,0,0,0,0,0,0,-6,1.2,0,0,1.0,1,785,785,785,1350,1243,1167,1243,543,485,543,863,926,863,454,1251,1101,986,998,701,457,1,1,1118,1311,1132,1421,171,3,1423,,6:44,1
2006-07,200801,Hassan Adams,Hassan,1610612751,NJN,New Jersey Nets,0040600121,2007-04-21T00:00:00,NJN @ TOR,W,0.028333333333333332,0,0,0.0,0,0,0.0,0,0,0.0,0,0,0,0,0,0,0,0,0,0,0,0,0.0,0,0,0.0,1,1,1,1,1561,1243,1436,1243,543,848,543,863,926,863,834,1251,1327,986,998,701,457,1,1,1118,1311,715,1461,171,3,1463,,0:02,1
2006-07,905,Dale Davis,Dale,1610612765,DET,Detroit Pistons,0040600101,2007-04-21T00:00:00,DET vs. ORL,W,4.266666666666667,0,1,0.0,0,0,0.0,0,0,0.0,0,0,0,0,0,0,0,0,2,0,0,-2,0.0,0,0,0.0,1,1,1,1,1424,1243,1299,1243,543,848,543,863,926,863,834,1251,1327,986,998,701,457,1,563,1118,1311,865,1461,171,3,1463,,4:16,1
