SEASON_YEAR,PLAYER_ID,PLAYER_NAME,NICKNAME,TEAM_ID,TEAM_ABBREVIATION,TEAM_NAME,GAME_ID,GAME_DATE,MATCHUP,WL,MIN,FGM,FGA,FG_PCT,FG3M,FG3A,FG3_PCT,FTM,FTA,FT_PCT,OREB,DREB,REB,AST,TOV,STL,BLK,BLKA,PF,PFD,PTS,PLUS_MINUS,NBA_FANTASY_PTS,DD2,TD3,WNBA_FANTASY_PTS,GP_RANK,W_RANK,L_RANK,W_PCT_RANK,MIN_RANK,FGM_RANK,FGA_RANK,FG_PCT_RANK,FG3M_RANK,FG3A_RANK,FG3_PCT_RANK,FTM_RANK,FTA_RANK,FT_PCT_RANK,OREB_RANK,DREB_RANK,REB_RANK,AST_RANK,TOV_RANK,STL_RANK,BLK_RANK,BLKA_RANK,PF_RANK,PFD_RANK,PTS_RANK,PLUS_MINUS_RANK,NBA_FANTASY_PTS_RANK,DD2_RANK,TD3_RANK,WNBA_FANTASY_PTS_RANK,AVAILABLE_FLAG,MIN_SEC,TEAM_COUNT
2010-11,1891,Jason Terry,Jason,1610612742,DAL,Dallas Mavericks,0041000406,2011-06-12T00:00:00,DAL @ MIA,W,33.93333333333333,11,16,0.688,3,7,0.429,2,4,0.5,1,2,3,2,3,2,0,1,1,2,27,13,36.6,0,0,39.0,1,1,1,1,451,35,159,173,44,36,304,459,304,699,422,768,746,435,131,95,544,1013,286,541,72,129,233,145,5,133,,33:56,1
2010-11,1717,Dirk Nowitzki,Dirk,1610612742,DAL,Dallas Mavericks,0041000406,2011-06-12T00:00:00,DAL @ MIA,W,38.9,9,27,0.333,1,7,0.143,2,2,1.0,0,11,11,1,2,2,0,0,4,0,21,-4,39.7,1,0,38.0,1,1,1,1,244,86,9,960,259,36,548,459,543,1,830,20,69,674,261,95,544,1,1280,1154,170,1048,168,1,5,149,,38:54,1
2010-11,201596,Mario Chalmers,Mario,1610612748,MIA,Miami Heat,0041000406,2011-06-12T00:00:00,MIA vs. DAL,L,38.516666666666666,5,12,0.417,2,7,0.286,6,9,0.667,0,3,3,7,3,4,0,1,2,5,18,5,41.1,0,0,38.0,1,802,802,802,263,364,341,775,104,36,435,118,91,619,830,559,746,57,131,5,544,1013,603,160,244,422,153,145,5,149,,38:31,1
2010-11,2548,Dwyane Wade,Dwyane,1610612748,MIA,Miami Heat,0041000406,2011-06-12T00:00:00,MIA vs. DAL,L,41.11666666666667,6,16,0.375,0,4,0.0,5,7,0.714,3,5,8,6,5,1,2,0,3,6,17,3,39.6,0,0,37.0,1,802,802,802,146,264,159,896,558,223,558,171,156,608,133,262,208,82,24,278,76,1,980,104,278,535,171,145,5,176,,41:07,1
2010-11,2544,LeBron James,LeBron,1610612748,MIA,Miami Heat,0041000406,2011-06-12T00:00:00,MIA vs. DAL,L,40.35,9,15,0.6,2,5,0.4,1,4,0.25,1,3,4,6,6,1,1,0,2,3,21,-24,34.8,0,0,37.0,1,802,802,802,181,86,192,266,104,126,313,704,304,891,422,559,600,82,14,278,215,1,603,354,170,1601,288,145,5,176,,40:21,1
2010-11,200826,J.J. Barea,J.J.,1610612742,DAL,Dallas Mavericks,0041000406,2011-06-12T00:00:00,DAL @ MIA,W,29.608333333333334,7,12,0.583,1,3,0.333,0,0,0.0,2,1,3,5,3,2,0,1,3,1,15,-7,29.1,0,0,28.0,1,1,1,1,619,197,341,311,259,345,351,899,955,899,239,1016,746,131,131,95,544,1013,980,790,346,1234,419,145,5,376,,29:37,1
2010-11,2547,Chris Bosh,Chris,1610612748,MIA,Miami Heat,0041000406,2011-06-12T00:00:00,MIA vs. DAL,L,38.86666666666667,7,9,0.778,0,0,0.0,5,7,0.714,0,8,8,0,1,0,0,0,1,6,19,4,27.6,0,0,27.0,1,802,802,802,245,197,532,118,558,904,558,171,156,608,830,78,208,1022,557,734,544,1,286,104,225,469,452,145,5,405,,38:52,1
2010-11,467,Jason Kidd,Jason,1610612742,DAL,Dallas Mavericks,0041000406,2011-06-12T00:00:00,DAL @ MIA,W,36.28333333333333,2,4,0.5,2,3,0.667,3,4,0.75,0,4,4,8,2,0,1,0,1,3,9,18,26.8,0,0,25.0,1,1,1,1,352,828,1024,417,104,345,102,337,304,518,830,391,600,36,261,734,215,1,286,354,632,42,471,145,5,465,,36:17,1
2010-11,1890,Shawn Marion,Shawn,1610612742,DAL,Dallas Mavericks,0041000406,2011-06-12T00:00:00,DAL @ MIA,W,35.37166666666667,4,10,0.4,0,0,0.0,4,6,0.667,3,5,8,1,2,1,0,0,3,6,12,18,24.1,0,0,23.0,1,1,1,1,387,478,464,796,558,904,558,234,191,619,133,262,208,674,261,278,544,1,980,104,472,42,556,145,5,531,,35:22,1
2010-11,2617,Udonis Haslem,Udonis,1610612748,MIA,Miami Heat,0041000406,2011-06-12T00:00:00,MIA vs. DAL,L,33.85,4,9,0.444,0,0,0.0,3,4,0.75,3,6,9,0,0,0,0,0,3,3,11,-7,21.8,0,0,20.0,1,802,802,802,457,478,532,686,558,904,558,337,304,518,133,187,156,1022,1010,734,544,1,980,354,521,1234,621,145,5,614,,33:51,1
2010-11,2199,Tyson Chandler,Tyson,1610612742,DAL,Dallas Mavericks,0041000406,2011-06-12T00:00:00,DAL @ MIA,W,30.05,2,4,0.5,0,0,0.0,1,2,0.5,2,6,8,1,1,2,0,1,5,1,5,3,21.1,0,0,18.0,1,1,1,1,609,828,1024,417,558,904,558,704,543,699,239,187,208,674,557,95,544,1013,1479,790,958,535,638,145,5,681,,30:03,1
2010-11,2067,Eddie House,Eddie,1610612748,MIA,Miami Heat,0041000406,2011-06-12T00:00:00,MIA vs. DAL,L,21.133333333333333,3,7,0.429,3,6,0.5,0,0,0.0,0,3,3,1,0,1,0,0,3,0,9,-1,17.1,0,0,18.0,1,802,802,802,958,626,692,715,44,77,169,899,955,899,830,559,746,674,1010,278,544,1,980,1154,632,825,780,145,5,681,,21:08,1
2010-11,2052,DeShawn Stevenson,DeShawn,1610612742,DAL,Dallas Mavericks,0041000406,2011-06-12T00:00:00,DAL @ MIA,W,12.628333333333334,3,5,0.6,3,5,0.6,0,0,0.0,0,0,0,0,0,1,0,0,0,0,9,-8,12.0,0,0,14.0,1,1,1,1,1279,626,926,266,44,126,141,899,955,899,830,1317,1397,1022,1010,278,544,1,1,1154,632,1306,998,145,5,860,,12:38,1
2010-11,101133,Ian Mahinmi,Ian,1610612742,DAL,Dallas Mavericks,0041000406,2011-06-12T00:00:00,DAL @ MIA,W,11.033333333333333,2,3,0.667,0,0,0.0,0,0,0.0,2,1,3,0,0,1,0,0,5,0,4,-1,10.6,0,0,9.0,1,1,1,1,1323,828,1138,175,558,904,558,899,955,899,239,1016,746,1022,1010,278,544,1,1479,1154,1037,825,1068,145,5,1102,,11:02,1
2010-11,2073,Brian Cardinal,Brian,1610612742,DAL,Dallas Mavericks,0041000406,2011-06-12T00:00:00,DAL @ MIA,W,12.191666666666666,1,1,1.0,1,1,1.0,0,0,0.0,0,0,0,1,1,0,0,0,2,1,3,18,3.5,0,0,5.0,1,1,1,1,1294,1078,1386,1,259,677,1,899,955,899,830,1317,1397,674,557,734,544,1,603,790,1146,42,1402,145,5,1306,,12:12,1
2010-11,201202,Joel Anthony,Joel,1610612748,MIA,Miami Heat,0041000406,2011-06-12T00:00:00,MIA vs. DAL,L,10.916666666666666,0,2,0.0,0,0,0.0,0,0,0.0,2,1,3,0,0,0,0,0,0,0,0,-3,3.6,0,0,3.0,1,802,802,802,1327,1340,1267,1340,558,904,558,899,955,899,239,1016,746,1022,1010,734,544,1,1,1154,1390,985,1399,145,5,1411,,10:55,1
2010-11,2034,Mike Miller,Mike,1610612748,MIA,Miami Heat,0041000406,2011-06-12T00:00:00,MIA vs. DAL,L,8.283333333333333,0,1,0.0,0,1,0.0,0,0,0.0,0,1,1,0,0,0,0,0,0,0,0,-16,1.2,0,0,1.0,1,802,802,802,1385,1340,1386,1340,558,677,558,899,955,899,830,1016,1143,1022,1010,734,544,1,1,1154,1390,1545,1498,145,5,1499,,8:17,1
2010-11,436,Juwan Howard,Juwan,1610612748,MIA,Miami Heat,0041000406,2011-06-12T00:00:00,MIA vs. DAL,L,6.966666666666667,0,1,0.0,0,0,0.0,0,2,0.0,0,0,0,0,1,0,0,0,0,1,0,-11,-1.0,0,0,0.0,1,802,802,802,1432,1340,1386,1340,558,904,558,899,543,899,830,1317,1397,1022,557,734,544,1,1,790,1390,1419,1602,145,5,1539,,6:58,1
2010-11,1717,Dirk Nowitzki,Dirk,1610612742,DAL,Dallas Mavericks,0041000405,2011-06-09T00:00:00,DAL vs. MIA,W,39.62166666666667,9,18,0.5,1,1,1.0,10,10,1.0,0,6,6,3,2,1,0,1,2,7,29,14,41.7,0,0,41.0,1,1,1,1,204,86,109,417,259,677,1,36,68,1,830,187,351,291,261,278,544,1013,603,66,55,103,138,145,5,108,,39:37,1
2010-11,2548,Dwyane Wade,Dwyane,1610612748,MIA,Miami Heat,0041000405,2011-06-09T00:00:00,MIA @ DAL,L,34.45,6,12,0.5,1,2,0.5,10,12,0.833,0,2,2,8,4,2,1,1,2,6,23,-13,42.4,0,0,40.0,1,802,802,802,432,264,341,417,259,494,169,36,29,443,830,768,936,36,63,95,215,1013,603,104,129,1483,131,145,5,117,,34:27,1
2010-11,2544,LeBron James,LeBron,1610612748,MIA,Miami Heat,0041000405,2011-06-09T00:00:00,MIA @ DAL,L,45.63333333333333,8,19,0.421,0,4,0.0,1,2,0.5,1,9,10,10,4,0,1,1,3,5,17,-11,43.0,1,1,39.0,1,802,802,802,27,132,88,767,558,223,558,704,543,699,422,52,111,16,63,734,215,1013,980,160,278,1419,126,1,1,133,,45:38,1
2010-11,1891,Jason Terry,Jason,1610612742,DAL,Dallas Mavericks,0041000405,2011-06-09T00:00:00,DAL vs. MIA,W,30.483333333333334,8,12,0.667,3,5,0.6,2,2,1.0,0,4,4,6,2,0,0,0,1,3,21,1,32.8,0,0,34.0,1,1,1,1,591,132,341,175,44,126,141,459,543,1,830,391,600,82,261,734,544,1,286,354,170,654,332,145,5,226,,30:29,1
2010-11,2547,Chris Bosh,Chris,1610612748,MIA,Miami Heat,0041000405,2011-06-09T00:00:00,MIA @ DAL,L,39.38333333333333,6,12,0.5,0,1,0.0,7,9,0.778,6,4,10,1,4,0,1,0,3,5,19,-13,31.5,1,0,32.0,1,802,802,802,216,264,341,417,558,677,558,94,91,513,21,391,111,674,63,734,215,1,980,160,225,1483,349,1,5,286,,39:23,1
2010-11,467,Jason Kidd,Jason,1610612742,DAL,Dallas Mavericks,0041000405,2011-06-09T00:00:00,DAL vs. MIA,W,39.86666666666667,4,6,0.667,3,5,0.6,2,2,1.0,0,2,2,6,3,3,1,0,1,1,13,13,33.4,0,0,32.0,1,1,1,1,195,478,814,175,44,126,141,459,543,1,830,768,936,82,131,34,215,1,286,790,428,129,321,145,5,286,,39:52,1
2010-11,200826,J.J. Barea,J.J.,1610612742,DAL,Dallas Mavericks,0041000405,2011-06-09T00:00:00,DAL vs. MIA,W,25.65,6,11,0.545,4,5,0.8,1,1,1.0,1,1,2,5,1,0,0,1,1,3,17,4,25.9,0,0,28.0,1,1,1,1,766,264,409,378,18,126,80,704,881,1,422,1016,936,131,557,734,544,1013,286,354,278,469,501,145,5,376,,25:39,1
2010-11,201596,Mario Chalmers,Mario,1610612748,MIA,Miami Heat,0041000405,2011-06-09T00:00:00,MIA @ DAL,L,23.455,4,6,0.667,4,6,0.667,3,3,1.0,1,3,4,2,1,1,0,0,4,3,15,-1,24.8,0,0,27.0,1,802,802,802,861,478,814,175,18,77,102,337,478,1,422,559,600,435,557,278,544,1,1280,354,346,825,531,145,5,405,,23:27,1
2010-11,2199,Tyson Chandler,Tyson,1610612742,DAL,Dallas Mavericks,0041000405,2011-06-09T00:00:00,DAL vs. MIA,W,38.665,5,7,0.714,0,0,0.0,3,5,0.6,2,5,7,0,0,1,2,0,4,6,13,14,30.4,0,0,26.0,1,1,1,1,255,364,692,152,558,904,558,337,256,677,239,262,276,1022,1010,278,76,1,1280,104,428,103,378,145,5,438,,38:40,1
2010-11,2617,Udonis Haslem,Udonis,1610612748,MIA,Miami Heat,0041000405,2011-06-09T00:00:00,MIA @ DAL,L,32.995,5,8,0.625,0,0,0.0,0,0,0.0,1,4,5,2,0,0,1,1,2,0,10,0,22.0,0,0,19.0,1,802,802,802,494,364,606,248,558,904,558,899,955,899,422,391,458,435,1010,734,215,1013,603,1154,568,728,617,145,5,650,,32:60,1
2010-11,1890,Shawn Marion,Shawn,1610612742,DAL,Dallas Mavericks,0041000405,2011-06-09T00:00:00,DAL vs. MIA,W,34.03333333333333,4,11,0.364,0,0,0.0,0,0,0.0,1,3,4,3,2,2,0,2,3,1,8,21,21.3,0,0,19.0,1,1,1,1,445,478,409,934,558,904,558,899,955,899,422,559,600,291,261,95,544,1432,980,790,713,27,634,145,5,650,,34:02,1
2010-11,2034,Mike Miller,Mike,1610612748,MIA,Miami Heat,0041000405,2011-06-09T00:00:00,MIA @ DAL,L,23.2,3,5,0.6,3,4,0.75,0,0,0.0,0,2,2,2,1,1,0,0,4,0,9,0,16.4,0,0,18.0,1,802,802,802,869,626,926,266,44,223,85,899,955,899,830,768,936,435,557,278,544,1,1280,1154,632,728,805,145,5,681,,23:12,1
2010-11,2073,Brian Cardinal,Brian,1610612742,DAL,Dallas Mavericks,0041000405,2011-06-09T00:00:00,DAL vs. MIA,W,9.611666666666666,1,1,1.0,1,1,1.0,1,2,0.5,0,0,0,0,1,1,0,0,3,1,4,-7,6.0,0,0,7.0,1,1,1,1,1359,1078,1386,1,259,677,1,704,543,699,830,1317,1397,1022,557,278,544,1,980,790,1037,1234,1279,145,5,1201,,9:37,1
2010-11,436,Juwan Howard,Juwan,1610612748,MIA,Miami Heat,0041000405,2011-06-09T00:00:00,MIA @ DAL,L,5.816666666666666,3,3,1.0,0,0,0.0,0,0,0.0,0,0,0,0,0,0,0,0,3,0,6,6,6.0,0,0,6.0,1,802,802,802,1459,626,1138,1,558,904,558,899,955,899,830,1317,1397,1022,1010,734,544,1,980,1154,848,371,1279,145,5,1256,,5:49,1
2010-11,2052,DeShawn Stevenson,DeShawn,1610612742,DAL,Dallas Mavericks,0041000405,2011-06-09T00:00:00,DAL vs. MIA,W,13.966666666666667,1,2,0.5,1,2,0.5,1,2,0.5,0,0,0,0,0,0,0,0,2,1,4,-12,4.0,0,0,5.0,1,1,1,1,1229,1078,1267,417,259,494,169,704,543,699,830,1317,1397,1022,1010,734,544,1,603,790,1037,1453,1384,145,5,1306,,13:58,1
2010-11,101133,Ian Mahinmi,Ian,1610612742,DAL,Dallas Mavericks,0041000405,2011-06-09T00:00:00,DAL vs. MIA,W,8.101666666666667,1,1,1.0,0,0,0.0,1,3,0.333,0,1,1,0,0,0,0,0,3,3,3,-3,4.2,0,0,4.0,1,1,1,1,1390,1078,1386,1,558,904,558,704,478,877,830,1016,1143,1022,1010,734,544,1,980,354,1146,985,1369,145,5,1362,,8:06,1
2010-11,1710,Mike Bibby,Mike,1610612748,MIA,Miami Heat,0041000405,2011-06-09T00:00:00,MIA @ DAL,L,15.4,1,2,0.5,0,1,0.0,0,0,0.0,0,2,2,0,1,0,0,0,1,0,2,-7,3.4,0,0,4.0,1,802,802,802,1175,1078,1267,417,558,677,558,899,955,899,830,768,936,1022,557,734,544,1,286,1154,1223,1234,1407,145,5,1362,,15:24,1
2010-11,2067,Eddie House,Eddie,1610612748,MIA,Miami Heat,0041000405,2011-06-09T00:00:00,MIA @ DAL,L,3.466666666666667,0,2,0.0,0,2,0.0,0,0,0.0,0,1,1,0,1,1,0,0,1,0,0,3,3.2,0,0,3.0,1,802,802,802,1522,1340,1267,1340,558,494,558,899,955,899,830,1016,1143,1022,557,278,544,1,286,1154,1390,535,1413,145,5,1411,,3:28,1
2010-11,201202,Joel Anthony,Joel,1610612748,MIA,Miami Heat,0041000405,2011-06-09T00:00:00,MIA @ DAL,L,16.2,1,1,1.0,0,0,0.0,0,0,0.0,0,0,0,0,0,0,0,0,3,1,2,-9,2.0,0,0,2.0,1,802,802,802,1135,1078,1386,1,558,904,558,899,955,899,830,1317,1397,1022,1010,734,544,1,980,790,1223,1349,1477,145,5,1461,,16:12,1
2010-11,2548,Dwyane Wade,Dwyane,1610612748,MIA,Miami Heat,0041000404,2011-06-07T00:00:00,MIA @ DAL,L,39.43333333333333,13,20,0.65,0,2,0.0,6,9,0.667,4,2,6,2,2,2,2,1,3,6,32,-7,52.2,0,0,48.0,1,802,802,802,214,10,63,234,558,494,558,118,91,619,75,768,351,435,261,95,76,1013,980,104,37,1234,48,145,5,53,,39:26,1
2010-11,1717,Dirk Nowitzki,Dirk,1610612742,DAL,Dallas Mavericks,0041000404,2011-06-07T00:00:00,DAL vs. MIA,W,39.156666666666666,6,19,0.316,0,2,0.0,9,10,0.9,0,11,11,1,3,0,0,2,2,5,21,7,32.7,1,0,33.0,1,1,1,1,230,264,88,1103,558,494,558,51,68,397,830,20,69,674,131,734,544,1432,603,160,170,326,335,1,5,259,,39:09,1
2010-11,2547,Chris Bosh,Chris,1610612748,MIA,Miami Heat,0041000404,2011-06-07T00:00:00,MIA @ DAL,L,42.12833333333333,9,19,0.474,0,0,0.0,6,8,0.75,1,5,6,1,4,0,1,1,1,5,24,-2,31.7,0,0,33.0,1,802,802,802,106,86,88,630,558,904,558,118,117,518,422,262,351,674,63,734,215,1013,286,160,105,901,346,145,5,259,,42:08,1
2010-11,2199,Tyson Chandler,Tyson,1610612742,DAL,Dallas Mavericks,0041000404,2011-06-07T00:00:00,DAL vs. MIA,W,42.928333333333335,4,7,0.571,0,0,0.0,5,8,0.625,9,7,16,1,0,1,0,1,3,8,13,7,36.7,1,0,32.0,1,1,1,1,84,478,692,315,558,904,558,171,117,666,3,126,13,674,1010,278,544,1013,980,36,428,326,229,1,5,286,,42:56,1
2010-11,2544,LeBron James,LeBron,1610612748,MIA,Miami Heat,0041000404,2011-06-07T00:00:00,MIA @ DAL,L,45.71666666666667,3,11,0.273,0,3,0.0,2,4,0.5,3,6,9,7,4,2,0,0,4,5,8,-6,31.3,0,0,28.0,1,802,802,802,24,626,409,1167,558,345,558,459,304,699,133,187,156,57,63,95,544,1,1280,160,713,1182,356,145,5,376,,45:43,1
2010-11,1891,Jason Terry,Jason,1610612742,DAL,Dallas Mavericks,0041000404,2011-06-07T00:00:00,DAL vs. MIA,W,35.4,6,15,0.4,1,4,0.25,4,6,0.667,0,0,0,3,0,3,0,1,2,3,17,1,30.5,0,0,27.0,1,1,1,1,385,264,192,796,259,223,449,234,191,619,830,1317,1397,291,1010,34,544,1013,603,354,278,654,375,145,5,405,,35:24,1
2010-11,1890,Shawn Marion,Shawn,1610612742,DAL,Dallas Mavericks,0041000404,2011-06-07T00:00:00,DAL vs. MIA,W,25.751666666666665,7,12,0.583,0,0,0.0,2,2,1.0,2,2,4,0,2,0,1,0,2,1,16,-2,21.8,0,0,22.0,1,1,1,1,764,197,341,311,558,904,558,459,543,1,239,768,600,1022,261,734,215,1,603,790,311,901,621,145,5,557,,25:45,1
2010-11,201596,Mario Chalmers,Mario,1610612748,MIA,Miami Heat,0041000404,2011-06-07T00:00:00,MIA @ DAL,L,29.466666666666665,1,5,0.2,0,3,0.0,3,3,1.0,0,4,4,6,2,3,0,0,2,1,5,3,25.8,0,0,21.0,1,802,802,802,628,1078,926,1262,558,345,558,337,478,1,830,391,600,82,261,34,544,1,603,790,958,535,506,145,5,585,,29:28,1
2010-11,2052,DeShawn Stevenson,DeShawn,1610612742,DAL,Dallas Mavericks,0041000404,2011-06-07T00:00:00,DAL vs. MIA,W,25.633333333333333,3,7,0.429,3,7,0.429,2,2,1.0,0,3,3,1,0,0,0,0,3,1,11,6,16.1,0,0,18.0,1,1,1,1,769,626,692,715,44,36,304,459,543,1,830,559,746,674,1010,734,544,1,980,790,521,371,818,145,5,681,,25:38,1
2010-11,201202,Joel Anthony,Joel,1610612748,MIA,Miami Heat,0041000404,2011-06-07T00:00:00,MIA @ DAL,L,28.416666666666668,2,6,0.333,0,0,0.0,0,0,0.0,5,3,8,1,0,0,1,0,4,0,4,-8,18.1,0,0,15.0,1,802,802,802,666,828,814,960,558,904,558,899,955,899,41,559,208,674,1010,734,215,1,1280,1154,1037,1306,735,145,5,808,,28:25,1
2010-11,200826,J.J. Barea,J.J.,1610612742,DAL,Dallas Mavericks,0041000404,2011-06-07T00:00:00,DAL vs. MIA,W,21.633333333333333,3,9,0.333,0,2,0.0,2,2,1.0,1,2,3,4,1,0,0,1,2,3,8,-7,16.6,0,0,15.0,1,1,1,1,941,626,532,960,558,494,558,459,543,1,422,768,746,196,557,734,544,1013,603,354,713,1234,799,145,5,808,,21:38,1
2010-11,467,Jason Kidd,Jason,1610612742,DAL,Dallas Mavericks,0041000404,2011-06-07T00:00:00,DAL vs. MIA,W,38.96666666666667,0,3,0.0,0,3,0.0,0,0,0.0,0,3,3,3,4,3,1,0,1,2,0,12,16.1,0,0,14.0,1,1,1,1,239,1340,1138,1340,558,345,558,899,955,899,830,559,746,291,63,34,215,1,286,541,1390,163,818,145,5,860,,38:58,1
2010-11,2034,Mike Miller,Mike,1610612748,MIA,Miami Heat,0041000404,2011-06-07T00:00:00,MIA @ DAL,L,14.573333333333334,2,8,0.25,2,5,0.4,0,0,0.0,1,2,3,1,1,1,0,0,2,0,6,2,13.1,0,0,14.0,1,802,802,802,1208,828,606,1175,104,126,313,899,955,899,422,768,746,674,557,278,544,1,603,1154,848,591,953,145,5,860,,14:34,1
2010-11,2617,Udonis Haslem,Udonis,1610612748,MIA,Miami Heat,0041000404,2011-06-07T00:00:00,MIA @ DAL,L,21.398333333333333,2,5,0.4,0,0,0.0,0,0,0.0,0,4,4,0,0,0,1,0,3,0,4,4,11.8,0,0,10.0,1,802,802,802,950,828,926,796,558,904,558,899,955,899,830,391,600,1022,1010,734,215,1,980,1154,1037,469,1007,145,5,1052,,21:24,1
2010-11,1710,Mike Bibby,Mike,1610612748,MIA,Miami Heat,0041000404,2011-06-07T00:00:00,MIA @ DAL,L,16.2,0,1,0.0,0,1,0.0,0,0,0.0,1,1,2,1,0,0,0,0,3,1,0,-4,3.9,0,0,3.0,1,802,802,802,1135,1340,1386,1340,558,677,558,899,955,899,422,1016,936,674,1010,734,544,1,980,790,1390,1048,1393,145,5,1411,,16:12,1
2010-11,436,Juwan Howard,Juwan,1610612748,MIA,Miami Heat,0041000404,2011-06-07T00:00:00,MIA @ DAL,L,2.6666666666666665,0,0,0.0,0,0,0.0,0,0,0.0,0,2,2,0,0,0,0,0,1,0,0,3,2.4,0,0,2.0,1,802,802,802,1547,1340,1513,1340,558,904,558,899,955,899,830,768,936,1022,1010,734,544,1,286,1154,1390,535,1465,145,5,1461,,2:40,1
2010-11,2073,Brian Cardinal,Brian,1610612742,DAL,Dallas Mavericks,0041000404,2011-06-07T00:00:00,DAL vs. MIA,W,7.408333333333333,0,1,0.0,0,1,0.0,0,0,0.0,0,1,1,0,1,0,0,0,2,0,0,-1,0.2,0,0,1.0,1,1,1,1,1422,1340,1386,1340,558,677,558,899,955,899,830,1016,1143,1022,557,734,544,1,603,1154,1390,825,1529,145,5,1499,,7:25,1
2010-11,978,Peja Stojakovic,Peja,1610612742,DAL,Dallas Mavericks,0041000404,2011-06-07T00:00:00,DAL vs. MIA,W,0.03833333333333333,0,0,0.0,0,0,0.0,0,0,0.0,0,0,0,0,0,0,0,0,0,0,0,2,0.0,0,0,0.0,1,1,1,1,1614,1340,1513,1340,558,904,558,899,955,899,830,1317,1397,1022,1010,734,544,1,1,1154,1390,591,1534,145,5,1539,,0:02,1
2010-11,2217,Brendan Haywood,Brendan,1610612742,DAL,Dallas Mavericks,0041000404,2011-06-07T00:00:00,DAL vs. MIA,W,3.0833333333333335,0,0,0.0,0,0,0.0,0,0,0.0,0,0,0,0,0,0,0,0,1,0,0,-10,0.0,0,0,0.0,1,1,1,1,1535,1340,1513,1340,558,904,558,899,955,899,830,1317,1397,1022,1010,734,544,1,286,1154,1390,1385,1534,145,5,1539,,3:05,1
2010-11,1717,Dirk Nowitzki,Dirk,1610612742,DAL,Dallas Mavericks,0041000403,2011-06-05T00:00:00,DAL vs. MIA,L,41.968333333333334,11,21,0.524,3,5,0.6,9,9,1.0,1,10,11,1,3,1,3,1,1,6,34,12,57.7,1,0,57.0,1,802,802,802,118,35,52,412,44,126,141,51,91,1,422,32,69,674,131,278,27,1013,286,104,21,163,26,1,5,15,,41:58,1
2010-11,2548,Dwyane Wade,Dwyane,1610612748,MIA,Miami Heat,0041000403,2011-06-05T00:00:00,MIA @ DAL,W,38.63333333333333,12,21,0.571,2,4,0.5,3,4,0.75,3,8,11,3,0,1,1,2,3,3,29,-1,52.7,1,0,49.0,1,1,1,1,259,19,52,315,104,223,169,337,304,518,133,78,69,291,1010,278,215,1432,980,354,55,825,44,1,5,47,,38:38,1
2010-11,2544,LeBron James,LeBron,1610612748,MIA,Miami Heat,0041000403,2011-06-05T00:00:00,MIA @ DAL,W,45.25,6,14,0.429,1,4,0.25,4,4,1.0,0,3,3,9,4,2,0,2,3,3,17,1,36.1,0,0,34.0,1,1,1,1,29,264,229,715,259,223,449,234,304,1,830,559,746,28,63,95,544,1432,980,354,278,654,248,145,5,226,,45:15,1
2010-11,467,Jason Kidd,Jason,1610612742,DAL,Dallas Mavericks,0041000403,2011-06-05T00:00:00,DAL vs. MIA,L,35.45,3,8,0.375,2,5,0.4,1,2,0.5,1,5,6,10,4,0,1,1,2,1,9,5,30.2,0,0,29.0,1,802,802,802,381,626,606,896,104,126,313,704,543,699,422,262,351,16,63,734,215,1013,603,790,632,422,385,145,5,358,,35:27,1
2010-11,2199,Tyson Chandler,Tyson,1610612742,DAL,Dallas Mavericks,0041000403,2011-06-05T00:00:00,DAL vs. MIA,L,40.0,1,4,0.25,0,0,0.0,3,4,0.75,7,4,11,0,0,1,3,2,2,8,5,4,30.2,0,0,24.0,1,802,802,802,192,1078,1024,1175,558,904,558,337,304,518,13,391,69,1022,1010,278,27,1432,603,36,958,469,385,145,5,495,,40:00,1
2010-11,1891,Jason Terry,Jason,1610612742,DAL,Dallas Mavericks,0041000403,2011-06-05T00:00:00,DAL vs. MIA,L,32.05,5,13,0.385,1,3,0.333,4,6,0.667,0,3,3,2,0,1,0,1,0,4,15,-6,24.6,0,0,23.0,1,802,802,802,535,364,283,879,259,345,351,234,191,619,830,559,746,435,1010,278,544,1013,1,242,346,1182,537,145,5,531,,32:03,1
2010-11,2547,Chris Bosh,Chris,1610612748,MIA,Miami Heat,0041000403,2011-06-05T00:00:00,MIA @ DAL,W,37.483333333333334,7,18,0.389,0,0,0.0,4,5,0.8,1,2,3,1,2,0,0,2,4,3,18,-10,21.1,0,0,22.0,1,1,1,1,307,197,109,873,558,904,558,234,256,479,422,768,746,674,261,734,544,1432,1280,354,244,1385,638,145,5,557,,37:29,1
2010-11,201596,Mario Chalmers,Mario,1610612748,MIA,Miami Heat,0041000403,2011-06-05T00:00:00,MIA @ DAL,W,28.833333333333332,4,8,0.5,4,6,0.667,0,0,0.0,0,4,4,2,1,0,0,0,3,1,12,6,18.8,0,0,22.0,1,1,1,1,656,478,606,417,18,77,102,899,955,899,830,391,600,435,557,734,544,1,980,790,472,371,705,145,5,557,,28:50,1
2010-11,1890,Shawn Marion,Shawn,1610612742,DAL,Dallas Mavericks,0041000403,2011-06-05T00:00:00,DAL vs. MIA,L,43.125,4,12,0.333,0,1,0.0,2,2,1.0,2,2,4,3,2,0,1,0,2,2,10,-1,20.3,0,0,19.0,1,802,802,802,76,478,341,960,558,677,558,459,543,1,239,768,600,291,261,734,215,1,603,541,568,825,661,145,5,650,,43:08,1
2010-11,201202,Joel Anthony,Joel,1610612748,MIA,Miami Heat,0041000403,2011-06-05T00:00:00,MIA @ DAL,W,23.083333333333332,1,4,0.25,0,0,0.0,0,0,0.0,4,2,6,1,0,1,2,1,2,2,2,3,19.7,0,0,15.0,1,1,1,1,872,1078,1024,1175,558,904,558,899,955,899,75,768,351,674,1010,278,76,1013,603,541,1223,535,680,145,5,808,,23:05,1
2010-11,2617,Udonis Haslem,Udonis,1610612748,MIA,Miami Heat,0041000403,2011-06-05T00:00:00,MIA @ DAL,W,29.016666666666666,3,7,0.429,0,0,0.0,0,0,0.0,1,3,4,1,1,1,1,1,4,1,6,5,17.3,0,0,15.0,1,1,1,1,651,626,692,715,558,904,558,899,955,899,422,559,600,674,557,278,215,1013,1280,790,848,422,770,145,5,808,,29:01,1
2010-11,1710,Mike Bibby,Mike,1610612748,MIA,Miami Heat,0041000403,2011-06-05T00:00:00,MIA @ DAL,W,19.11,1,5,0.2,1,4,0.25,0,0,0.0,0,2,2,1,1,1,1,0,4,0,3,-4,11.9,0,0,11.0,1,1,1,1,1026,1078,926,1262,259,223,449,899,955,899,830,768,936,674,557,278,215,1,1280,1154,1146,1048,1004,145,5,1004,,19:07,1
2010-11,200826,J.J. Barea,J.J.,1610612742,DAL,Dallas Mavericks,0041000403,2011-06-05T00:00:00,DAL vs. MIA,L,19.033333333333335,2,8,0.25,1,5,0.2,1,2,0.5,0,2,2,1,4,0,0,0,1,3,6,3,5.9,0,0,10.0,1,802,802,802,1029,828,606,1175,259,126,510,704,543,699,830,768,936,674,63,734,544,1,286,354,848,535,1298,145,5,1052,,19:02,1
2010-11,2034,Mike Miller,Mike,1610612748,MIA,Miami Heat,0041000403,2011-06-05T00:00:00,MIA @ DAL,W,12.173333333333334,0,1,0.0,0,1,0.0,0,0,0.0,0,2,2,1,1,2,0,0,3,0,0,4,8.9,0,0,7.0,1,1,1,1,1296,1340,1386,1340,558,677,558,899,955,899,830,768,936,674,557,95,544,1,980,1154,1390,469,1148,145,5,1201,,12:10,1
2010-11,2052,DeShawn Stevenson,DeShawn,1610612742,DAL,Dallas Mavericks,0041000403,2011-06-05T00:00:00,DAL vs. MIA,L,14.191666666666666,1,1,1.0,1,1,1.0,0,0,0.0,0,1,1,1,0,0,0,0,0,1,3,-7,5.7,0,0,6.0,1,802,802,802,1219,1078,1386,1,259,677,1,899,955,899,830,1016,1143,674,1010,734,544,1,1,790,1146,1234,1303,145,5,1256,,14:12,1
2010-11,978,Peja Stojakovic,Peja,1610612742,DAL,Dallas Mavericks,0041000403,2011-06-05T00:00:00,DAL vs. MIA,L,6.066666666666666,1,2,0.5,0,1,0.0,0,0,0.0,0,3,3,0,1,0,0,0,1,0,2,-11,4.6,0,0,5.0,1,802,802,802,1449,1078,1267,417,558,677,558,899,955,899,830,559,746,1022,557,734,544,1,286,1154,1223,1419,1358,145,5,1306,,6:04,1
2010-11,436,Juwan Howard,Juwan,1610612748,MIA,Miami Heat,0041000403,2011-06-05T00:00:00,MIA @ DAL,W,6.416666666666667,0,0,0.0,0,0,0.0,1,2,0.5,0,1,1,1,0,0,0,0,1,1,1,6,3.7,0,0,3.0,1,1,1,1,1442,1340,1513,1340,558,904,558,704,543,699,830,1016,1143,674,1010,734,544,1,286,790,1367,371,1395,145,5,1411,,6:25,1
2010-11,101133,Ian Mahinmi,Ian,1610612742,DAL,Dallas Mavericks,0041000403,2011-06-05T00:00:00,DAL vs. MIA,L,8.0,0,1,0.0,0,0,0.0,2,2,1.0,1,0,1,0,0,0,0,0,5,2,2,-6,3.2,0,0,3.0,1,802,802,802,1394,1340,1386,1340,558,904,558,459,543,1,422,1317,1143,1022,1010,734,544,1,1479,541,1223,1182,1413,145,5,1411,,8:00,1
2010-11,2073,Brian Cardinal,Brian,1610612742,DAL,Dallas Mavericks,0041000403,2011-06-05T00:00:00,DAL vs. MIA,L,0.115,0,0,0.0,0,0,0.0,0,0,0.0,0,0,0,0,0,0,0,0,0,0,0,-3,0.0,0,0,0.0,1,802,802,802,1611,1340,1513,1340,558,904,558,899,955,899,830,1317,1397,1022,1010,734,544,1,1,1154,1390,985,1534,145,5,1539,,0:07,1
2010-11,2548,Dwyane Wade,Dwyane,1610612748,MIA,Miami Heat,0041000402,2011-06-02T00:00:00,MIA vs. DAL,L,42.15,13,20,0.65,2,7,0.286,8,12,0.667,2,3,5,6,1,3,1,0,2,7,36,5,62.0,0,0,57.0,1,802,802,802,105,10,63,234,104,36,435,73,29,619,239,559,458,82,557,34,215,1,603,66,14,422,11,145,5,15,,42:09,1
2010-11,2544,LeBron James,LeBron,1610612748,MIA,Miami Heat,0041000402,2011-06-02T00:00:00,MIA vs. DAL,L,39.61666666666667,8,15,0.533,2,7,0.286,2,4,0.5,1,7,8,4,5,4,1,0,4,5,20,-5,45.6,0,0,44.0,1,802,802,802,205,132,192,403,104,36,435,459,304,699,422,126,208,196,24,5,215,1,1280,160,198,1135,98,145,5,88,,39:37,1
2010-11,1717,Dirk Nowitzki,Dirk,1610612742,DAL,Dallas Mavericks,0041000402,2011-06-02T00:00:00,DAL @ MIA,W,42.05,10,22,0.455,1,2,0.5,3,3,1.0,1,10,11,4,5,0,1,2,2,5,24,13,41.2,1,0,42.0,1,1,1,1,112,54,35,664,259,494,169,337,478,1,422,32,69,196,24,734,215,1432,603,160,105,129,149,1,5,101,,42:03,1
2010-11,1890,Shawn Marion,Shawn,1610612742,DAL,Dallas Mavericks,0041000402,2011-06-02T00:00:00,DAL @ MIA,W,40.88333333333333,9,14,0.643,0,0,0.0,2,2,1.0,3,5,8,3,3,1,1,1,2,2,20,1,37.1,0,0,35.0,1,1,1,1,157,86,229,238,558,904,558,459,543,1,133,262,208,291,131,278,215,1013,603,541,198,654,219,145,5,203,,40:53,1
2010-11,1710,Mike Bibby,Mike,1610612748,MIA,Miami Heat,0041000402,2011-06-02T00:00:00,MIA vs. DAL,L,22.1,5,8,0.625,4,7,0.571,0,0,0.0,0,1,1,0,1,4,0,0,0,0,14,7,26.2,0,0,27.0,1,802,802,802,912,364,606,248,18,36,163,899,955,899,830,1016,1143,1022,557,5,544,1,1,1154,391,326,486,145,5,405,,22:06,1
2010-11,1891,Jason Terry,Jason,1610612742,DAL,Dallas Mavericks,0041000402,2011-06-02T00:00:00,DAL @ MIA,W,31.083333333333332,5,11,0.455,0,2,0.0,6,6,1.0,1,0,1,5,2,2,0,1,4,3,16,13,28.7,0,0,26.0,1,1,1,1,565,364,409,664,558,494,558,118,191,1,422,1317,1143,131,261,95,544,1013,1280,354,311,129,425,145,5,438,,31:05,1
2010-11,467,Jason Kidd,Jason,1610612742,DAL,Dallas Mavericks,0041000402,2011-06-02T00:00:00,DAL @ MIA,W,37.55,2,7,0.286,2,5,0.4,0,0,0.0,1,7,8,5,5,1,0,0,1,0,6,1,21.1,0,0,23.0,1,1,1,1,305,828,692,1127,104,126,313,899,955,899,422,126,208,131,24,278,544,1,286,1154,848,654,638,145,5,531,,37:33,1
2010-11,2199,Tyson Chandler,Tyson,1610612742,DAL,Dallas Mavericks,0041000402,2011-06-02T00:00:00,DAL @ MIA,W,38.1,4,6,0.667,0,0,0.0,5,8,0.625,4,3,7,0,0,1,0,1,5,6,13,4,24.4,0,0,22.0,1,1,1,1,278,478,814,175,558,904,558,171,117,666,75,559,276,1022,1010,278,544,1013,1479,104,428,469,544,145,5,557,,38:06,1
2010-11,2547,Chris Bosh,Chris,1610612748,MIA,Miami Heat,0041000402,2011-06-02T00:00:00,MIA vs. DAL,L,39.78333333333333,4,16,0.25,0,0,0.0,4,4,1.0,2,6,8,0,2,1,0,2,3,2,12,3,22.6,0,0,22.0,1,802,802,802,197,478,159,1175,558,904,558,234,304,1,239,187,208,1022,261,278,544,1432,980,541,472,535,600,145,5,557,,39:47,1
2010-11,2052,DeShawn Stevenson,DeShawn,1610612742,DAL,Dallas Mavericks,0041000402,2011-06-02T00:00:00,DAL @ MIA,W,22.15,3,6,0.5,3,5,0.6,0,0,0.0,1,2,3,0,1,3,0,0,2,0,9,-5,20.6,0,0,21.0,1,1,1,1,905,626,814,417,44,126,141,899,955,899,422,768,746,1022,557,34,544,1,603,1154,632,1135,653,145,5,585,,22:09,1
2010-11,201596,Mario Chalmers,Mario,1610612748,MIA,Miami Heat,0041000402,2011-06-02T00:00:00,MIA vs. DAL,L,24.933333333333334,3,8,0.375,1,6,0.167,2,4,0.5,0,0,0,3,1,1,0,0,1,2,9,-7,15.5,0,0,15.0,1,802,802,802,801,626,606,896,259,77,537,459,304,699,830,1317,1397,291,557,278,544,1,286,541,632,1234,847,145,5,808,,24:56,1
2010-11,200826,J.J. Barea,J.J.,1610612742,DAL,Dallas Mavericks,0041000402,2011-06-02T00:00:00,DAL @ MIA,W,14.05,2,7,0.286,0,3,0.0,1,2,0.5,0,3,3,1,0,0,0,0,1,1,5,-11,10.1,0,0,9.0,1,1,1,1,1226,828,692,1127,558,345,558,704,543,699,830,559,746,674,1010,734,544,1,286,790,958,1419,1096,145,5,1102,,14:03,1
2010-11,2034,Mike Miller,Mike,1610612748,MIA,Miami Heat,0041000402,2011-06-02T00:00:00,MIA vs. DAL,L,15.17,0,3,0.0,0,3,0.0,0,0,0.0,0,4,4,0,0,1,1,0,2,1,0,-3,10.8,0,0,8.0,1,802,802,802,1184,1340,1138,1340,558,345,558,899,955,899,830,391,600,1022,1010,278,215,1,603,790,1390,985,1061,145,5,1150,,15:10,1
2010-11,201202,Joel Anthony,Joel,1610612748,MIA,Miami Heat,0041000402,2011-06-02T00:00:00,MIA vs. DAL,L,26.816666666666666,0,0,0.0,0,0,0.0,0,0,0.0,0,1,1,0,0,0,3,0,3,1,0,2,10.2,0,0,7.0,1,802,802,802,719,1340,1513,1340,558,904,558,899,955,899,830,1016,1143,1022,1010,734,27,1,980,790,1390,591,1088,145,5,1201,,26:49,1
2010-11,2617,Udonis Haslem,Udonis,1610612748,MIA,Miami Heat,0041000402,2011-06-02T00:00:00,MIA vs. DAL,L,29.43,1,3,0.333,0,0,0.0,0,0,0.0,1,2,3,0,2,1,0,0,2,2,2,-12,6.6,0,0,7.0,1,802,802,802,631,1078,1138,960,558,904,558,899,955,899,422,768,746,1022,261,278,544,1,603,541,1223,1453,1247,145,5,1201,,29:26,1
2010-11,2217,Brendan Haywood,Brendan,1610612742,DAL,Dallas Mavericks,0041000402,2011-06-02T00:00:00,DAL @ MIA,W,8.183333333333334,1,2,0.5,0,0,0.0,0,0,0.0,0,0,0,0,1,0,0,1,2,0,2,5,1.0,0,0,2.0,1,1,1,1,1388,1078,1267,417,558,904,558,899,955,899,830,1317,1397,1022,557,734,544,1013,603,1154,1223,422,1525,145,5,1461,,8:11,1
2010-11,2073,Brian Cardinal,Brian,1610612742,DAL,Dallas Mavericks,0041000402,2011-06-02T00:00:00,DAL @ MIA,W,1.0,0,0,0.0,0,0,0.0,0,0,0.0,0,0,0,0,0,0,0,0,1,0,0,-4,0.0,0,0,0.0,1,1,1,1,1585,1340,1513,1340,558,904,558,899,955,899,830,1317,1397,1022,1010,734,544,1,286,1154,1390,1048,1534,145,5,1539,,1:00,1
2010-11,978,Peja Stojakovic,Peja,1610612742,DAL,Dallas Mavericks,0041000402,2011-06-02T00:00:00,DAL @ MIA,W,4.95,0,0,0.0,0,0,0.0,0,0,0.0,0,0,0,0,1,0,0,0,0,0,0,-7,-1.0,0,0,0.0,1,1,1,1,1481,1340,1513,1340,558,904,558,899,955,899,830,1317,1397,1022,557,734,544,1,1,1154,1390,1234,1602,145,5,1539,,4:57,1
2010-11,2548,Dwyane Wade,Dwyane,1610612748,MIA,Miami Heat,0041000401,2011-05-31T00:00:00,MIA vs. DAL,W,38.083333333333336,9,19,0.474,2,4,0.5,2,5,0.4,3,7,10,6,3,0,2,3,1,3,22,7,46.0,1,0,44.0,1,1,1,1,279,86,88,630,104,223,169,459,256,873,133,126,111,82,131,734,76,1558,286,354,151,326,93,1,5,88,,38:05,1
2010-11,2544,LeBron James,LeBron,1610612748,MIA,Miami Heat,0041000401,2011-05-31T00:00:00,MIA vs. DAL,W,45.25,9,16,0.563,4,5,0.8,2,2,1.0,0,9,9,5,1,1,0,0,4,3,24,9,44.3,0,0,44.0,1,1,1,1,29,86,159,355,18,126,80,459,543,1,830,52,156,131,557,278,544,1,1280,354,105,250,112,145,5,88,,45:15,1
2010-11,1717,Dirk Nowitzki,Dirk,1610612742,DAL,Dallas Mavericks,0041000401,2011-05-31T00:00:00,DAL @ MIA,L,40.45166666666667,7,18,0.389,1,2,0.5,12,12,1.0,0,8,8,2,2,0,0,1,4,6,27,-2,37.6,0,0,38.0,1,802,802,802,177,197,109,873,259,494,169,16,29,1,830,78,208,435,261,734,544,1013,1280,104,72,901,209,145,5,149,,40:27,1
2010-11,1890,Shawn Marion,Shawn,1610612742,DAL,Dallas Mavericks,0041000401,2011-05-31T00:00:00,DAL @ MIA,L,35.333333333333336,6,12,0.5,0,0,0.0,4,5,0.8,3,7,10,4,3,1,1,2,1,6,16,-9,37.0,1,0,34.0,1,802,802,802,393,264,341,417,558,904,558,234,256,479,133,126,111,196,131,278,215,1432,286,104,311,1349,224,1,5,226,,35:20,1
2010-11,2547,Chris Bosh,Chris,1610612748,MIA,Miami Heat,0041000401,2011-05-31T00:00:00,MIA vs. DAL,W,38.916666666666664,5,18,0.278,0,0,0.0,9,12,0.75,5,4,9,3,0,0,1,4,3,9,19,11,37.3,0,0,33.0,1,1,1,1,242,364,109,1163,558,904,558,51,29,518,41,391,156,291,1010,734,215,1596,980,18,225,190,217,145,5,259,,38:55,1
2010-11,467,Jason Kidd,Jason,1610612742,DAL,Dallas Mavericks,0041000401,2011-05-31T00:00:00,DAL @ MIA,L,36.416666666666664,3,8,0.375,3,7,0.429,0,0,0.0,0,4,4,6,3,0,1,0,0,0,9,-7,22.8,0,0,24.0,1,802,802,802,342,626,606,896,44,36,304,899,955,899,830,391,600,82,131,734,215,1,1,1154,632,1234,598,145,5,495,,36:25,1
2010-11,2199,Tyson Chandler,Tyson,1610612742,DAL,Dallas Mavericks,0041000401,2011-05-31T00:00:00,DAL @ MIA,L,33.78666666666667,3,4,0.75,0,0,0.0,3,5,0.6,0,4,4,2,2,1,2,0,5,3,9,-2,23.8,0,0,21.0,1,802,802,802,460,626,1024,122,558,904,558,337,256,677,830,391,600,435,261,278,76,1,1479,354,632,901,565,145,5,585,,33:47,1
2010-11,201596,Mario Chalmers,Mario,1610612748,MIA,Miami Heat,0041000401,2011-05-31T00:00:00,MIA vs. DAL,W,28.4,3,8,0.375,3,7,0.429,3,4,0.75,1,0,1,1,2,1,0,0,1,3,12,8,15.7,0,0,19.0,1,1,1,1,668,626,606,896,44,36,304,337,304,518,422,1317,1143,674,261,278,544,1,286,354,472,286,835,145,5,650,,28:24,1
2010-11,2217,Brendan Haywood,Brendan,1610612742,DAL,Dallas Mavericks,0041000401,2011-05-31T00:00:00,DAL @ MIA,L,14.213333333333333,0,1,0.0,0,0,0.0,3,6,0.5,2,5,7,0,0,1,3,0,3,3,3,-6,23.4,0,0,18.0,1,802,802,802,1216,1340,1386,1340,558,904,558,337,191,699,239,262,276,1022,1010,278,27,1,980,354,1146,1182,582,145,5,681,,14:13,1
2010-11,1891,Jason Terry,Jason,1610612742,DAL,Dallas Mavericks,0041000401,2011-05-31T00:00:00,DAL @ MIA,L,32.5,3,10,0.3,3,7,0.429,3,4,0.75,1,0,1,1,1,0,0,0,2,2,12,0,13.7,0,0,17.0,1,802,802,802,515,626,464,1112,44,36,304,337,304,518,422,1317,1143,674,557,734,544,1,603,541,472,728,923,145,5,719,,32:30,1
2010-11,2617,Udonis Haslem,Udonis,1610612748,MIA,Miami Heat,0041000401,2011-05-31T00:00:00,MIA vs. DAL,W,29.56833333333333,3,8,0.375,0,0,0.0,1,1,1.0,1,5,6,1,2,1,0,0,5,3,7,8,16.7,0,0,16.0,1,1,1,1,621,626,606,896,558,904,558,704,881,1,422,262,351,674,261,278,544,1,1479,354,789,286,797,145,5,763,,29:34,1
2010-11,2034,Mike Miller,Mike,1610612748,MIA,Miami Heat,0041000401,2011-05-31T00:00:00,MIA vs. DAL,W,20.198333333333334,2,5,0.4,2,4,0.5,0,0,0.0,2,3,5,1,1,0,0,0,4,0,6,2,12.5,0,0,14.0,1,1,1,1,986,828,926,796,104,223,169,899,955,899,239,559,458,674,557,734,544,1,1280,1154,848,591,983,145,5,860,,20:12,1
2010-11,2052,DeShawn Stevenson,DeShawn,1610612742,DAL,Dallas Mavericks,0041000401,2011-05-31T00:00:00,DAL @ MIA,L,14.431666666666667,2,3,0.667,2,3,0.667,0,0,0.0,0,2,2,0,0,0,1,0,2,1,6,-5,11.4,0,0,12.0,1,802,802,802,1211,828,1138,175,104,345,102,899,955,899,830,768,936,1022,1010,734,215,1,603,790,848,1135,1023,145,5,946,,14:26,1
2010-11,1710,Mike Bibby,Mike,1610612748,MIA,Miami Heat,0041000401,2011-05-31T00:00:00,MIA vs. DAL,W,14.1,0,4,0.0,0,4,0.0,0,0,0.0,0,0,0,3,0,2,0,0,1,0,0,-2,10.5,0,0,7.0,1,1,1,1,1222,1340,1024,1340,558,223,558,899,955,899,830,1317,1397,291,1010,95,544,1,286,1154,1390,901,1077,145,5,1201,,14:06,1
2010-11,200826,J.J. Barea,J.J.,1610612742,DAL,Dallas Mavericks,0041000401,2011-05-31T00:00:00,DAL @ MIA,L,18.15,1,8,0.125,0,0,0.0,0,0,0.0,0,0,0,3,0,1,0,1,2,0,2,-6,9.5,0,0,7.0,1,802,802,802,1066,1078,606,1325,558,904,558,899,955,899,830,1317,1397,291,1010,278,544,1013,603,1154,1223,1182,1114,145,5,1201,,18:09,1
2010-11,436,Juwan Howard,Juwan,1610612748,MIA,Miami Heat,0041000401,2011-05-31T00:00:00,MIA vs. DAL,W,7.616666666666666,0,1,0.0,0,0,0.0,2,2,1.0,3,0,3,0,0,0,0,1,0,1,2,2,5.6,0,0,5.0,1,1,1,1,1411,1340,1386,1340,558,904,558,459,543,1,133,1317,746,1022,1010,734,544,1013,1,790,1223,591,1311,145,5,1306,,7:37,1
2010-11,201202,Joel Anthony,Joel,1610612748,MIA,Miami Heat,0041000401,2011-05-31T00:00:00,MIA vs. DAL,W,17.866666666666667,0,1,0.0,0,0,0.0,0,0,0.0,1,2,3,0,1,0,1,0,2,0,0,-5,5.6,0,0,5.0,1,1,1,1,1074,1340,1386,1340,558,904,558,899,955,899,422,768,746,1022,557,734,215,1,603,1154,1390,1135,1311,145,5,1306,,17:52,1
2010-11,978,Peja Stojakovic,Peja,1610612742,DAL,Dallas Mavericks,0041000401,2011-05-31T00:00:00,DAL @ MIA,L,14.716666666666667,0,3,0.0,0,3,0.0,0,0,0.0,0,0,0,0,0,2,0,0,3,0,0,-3,6.0,0,0,4.0,1,802,802,802,1207,1340,1138,1340,558,345,558,899,955,899,830,1317,1397,1022,1010,95,544,1,980,1154,1390,985,1279,145,5,1362,,14:43,1
2010-11,2544,LeBron James,LeBron,1610612748,MIA,Miami Heat,0041000305,2011-05-26T00:00:00,MIA @ CHI,W,45.766666666666666,8,19,0.421,3,6,0.5,9,11,0.818,0,11,11,6,4,3,2,2,2,11,28,8,61.2,1,0,58.0,1,1,1,1,23,132,88,767,44,77,169,51,49,474,830,20,69,82,63,34,76,1432,603,5,64,286,13,1,5,12,,45:46,1
2010-11,201565,Derrick Rose,Derrick,1610612741,CHI,Chicago Bulls,0041000305,2011-05-26T00:00:00,CHI vs. MIA,L,42.03,9,29,0.31,2,8,0.25,5,6,0.833,2,3,5,8,4,1,1,3,5,3,25,-7,45.0,0,0,44.0,1,802,802,802,113,86,5,1107,104,18,449,171,191,443,239,559,458,36,63,278,215,1558,1479,354,90,1234,102,145,5,88,,42:02,1
2010-11,2547,Chris Bosh,Chris,1610612748,MIA,Miami Heat,0041000305,2011-05-26T00:00:00,MIA @ CHI,W,42.233333333333334,7,15,0.467,0,0,0.0,6,6,1.0,1,9,10,1,2,1,4,0,1,4,20,13,46.5,1,0,41.0,1,1,1,1,103,197,192,639,558,904,558,118,191,1,422,52,111,674,261,278,12,1,286,242,198,129,87,1,5,108,,42:14,1
2010-11,2548,Dwyane Wade,Dwyane,1610612748,MIA,Miami Heat,0041000305,2011-05-26T00:00:00,MIA @ CHI,W,38.318333333333335,6,13,0.462,1,2,0.5,8,11,0.727,2,4,6,2,9,2,0,1,4,7,21,0,28.2,0,0,34.0,1,1,1,1,271,264,283,648,259,494,169,73,49,605,239,391,351,435,1,95,544,1013,1280,66,170,728,440,145,5,226,,38:19,1
2010-11,2736,Luol Deng,Luol,1610612741,CHI,Chicago Bulls,0041000305,2011-05-26T00:00:00,CHI vs. MIA,L,35.93,6,17,0.353,2,4,0.5,4,5,0.8,1,6,7,4,3,1,0,1,5,5,18,-4,32.4,0,0,33.0,1,802,802,802,365,264,140,957,104,223,169,234,256,479,422,187,276,196,131,278,544,1013,1479,160,244,1048,339,145,5,259,,35:56,1
2010-11,201149,Joakim Noah,Joakim,1610612741,CHI,Chicago Bulls,0041000305,2011-05-26T00:00:00,CHI vs. MIA,L,27.816666666666666,2,4,0.5,0,0,0.0,1,2,0.5,1,7,8,0,0,2,3,0,4,3,5,-3,29.6,0,0,23.0,1,802,802,802,685,828,1024,417,558,904,558,704,543,699,422,126,208,1022,1010,95,27,1,1280,354,958,985,402,145,5,531,,27:49,1
2010-11,200758,Ronnie Brewer,Ronnie,1610612741,CHI,Chicago Bulls,0041000305,2011-05-26T00:00:00,CHI vs. MIA,L,26.54,4,5,0.8,1,2,0.5,1,2,0.5,1,2,3,1,0,1,1,0,3,1,10,-3,21.1,0,0,19.0,1,802,802,802,735,478,926,107,259,494,169,704,543,699,422,768,746,674,1010,278,215,1,980,790,568,985,638,145,5,650,,26:32,1
2010-11,703,Kurt Thomas,Kurt,1610612741,CHI,Chicago Bulls,0041000305,2011-05-26T00:00:00,CHI vs. MIA,L,18.183333333333334,2,5,0.4,0,0,0.0,0,0,0.0,4,4,8,1,1,0,1,1,2,0,4,-6,17.1,0,0,15.0,1,802,802,802,1064,828,926,796,558,904,558,899,955,899,75,391,208,674,557,734,215,1013,603,1154,1037,1182,780,145,5,808,,18:11,1
2010-11,2034,Mike Miller,Mike,1610612748,MIA,Miami Heat,0041000305,2011-05-26T00:00:00,MIA @ CHI,W,24.348333333333333,3,7,0.429,1,4,0.25,0,0,0.0,3,3,6,1,0,0,0,1,2,0,7,14,15.7,0,0,15.0,1,1,1,1,829,626,692,715,259,223,449,899,955,899,133,559,351,674,1010,734,544,1013,603,1154,789,103,835,145,5,808,,24:21,1
2010-11,201202,Joel Anthony,Joel,1610612748,MIA,Miami Heat,0041000305,2011-05-26T00:00:00,MIA @ CHI,W,27.673333333333332,1,2,0.5,0,0,0.0,1,3,0.333,0,2,2,0,0,1,2,1,3,3,3,-12,14.4,0,0,11.0,1,1,1,1,688,1078,1267,417,558,904,558,704,478,877,830,768,936,1022,1010,278,76,1013,980,354,1146,1453,887,145,5,1004,,27:40,1
2010-11,2430,Carlos Boozer,Carlos,1610612741,CHI,Chicago Bulls,0041000305,2011-05-26T00:00:00,CHI vs. MIA,L,26.21,1,6,0.167,0,0,0.0,3,4,0.75,1,5,6,0,0,0,0,2,4,3,5,5,12.2,0,0,11.0,1,802,802,802,746,1078,814,1290,558,904,558,337,304,518,422,262,351,1022,1010,734,544,1432,1280,354,958,422,991,145,5,1004,,26:13,1
2010-11,201959,Taj Gibson,Taj,1610612741,CHI,Chicago Bulls,0041000305,2011-05-26T00:00:00,CHI vs. MIA,L,23.79,0,3,0.0,0,0,0.0,0,0,0.0,1,6,7,1,1,1,0,0,2,0,0,-2,11.9,0,0,10.0,1,802,802,802,850,1340,1138,1340,558,904,558,899,955,899,422,187,276,674,557,278,544,1,603,1154,1390,901,1004,145,5,1052,,23:47,1
2010-11,2586,Keith Bogans,Keith,1610612741,CHI,Chicago Bulls,0041000305,2011-05-26T00:00:00,CHI vs. MIA,L,20.413333333333334,2,5,0.4,1,4,0.25,0,0,0.0,0,1,1,1,0,1,0,0,3,1,5,-2,10.7,0,0,10.0,1,802,802,802,981,828,926,796,259,223,449,899,955,899,830,1016,1143,674,1010,278,544,1,980,790,958,901,1064,145,5,1052,,20:25,1
2010-11,2594,Kyle Korver,Kyle,1610612741,CHI,Chicago Bulls,0041000305,2011-05-26T00:00:00,CHI vs. MIA,L,13.116666666666667,2,4,0.5,1,3,0.333,0,0,0.0,0,0,0,0,1,0,1,0,0,1,5,3,7.0,0,0,8.0,1,802,802,802,1259,828,1024,417,259,345,351,899,955,899,830,1317,1397,1022,557,734,215,1,1,790,958,535,1233,145,5,1150,,13:07,1
2010-11,201228,C.J. Watson,C.J.,1610612741,CHI,Chicago Bulls,0041000305,2011-05-26T00:00:00,CHI vs. MIA,L,5.97,1,3,0.333,0,1,0.0,1,2,0.5,0,0,0,2,0,1,0,1,0,1,3,4,9.0,0,0,7.0,1,802,802,802,1452,1078,1138,960,558,677,558,704,543,699,830,1317,1397,435,1010,278,544,1013,1,790,1146,469,1141,145,5,1201,,5:58,1
2010-11,201596,Mario Chalmers,Mario,1610612748,MIA,Miami Heat,0041000305,2011-05-26T00:00:00,MIA @ CHI,W,19.41,1,2,0.5,1,1,1.0,1,2,0.5,0,1,1,0,0,0,0,1,3,2,4,-6,5.2,0,0,6.0,1,1,1,1,1010,1078,1267,417,259,677,1,704,543,699,830,1016,1143,1022,1010,734,544,1013,980,541,1037,1182,1332,145,5,1256,,19:25,1
2010-11,2617,Udonis Haslem,Udonis,1610612748,MIA,Miami Heat,0041000305,2011-05-26T00:00:00,MIA @ CHI,W,25.916666666666668,0,4,0.0,0,0,0.0,0,0,0.0,0,5,5,0,0,0,0,1,2,1,0,5,6.0,0,0,5.0,1,1,1,1,757,1340,1024,1340,558,904,558,899,955,899,830,262,458,1022,1010,734,544,1013,603,790,1390,422,1279,145,5,1306,,25:55,1
2010-11,1710,Mike Bibby,Mike,1610612748,MIA,Miami Heat,0041000305,2011-05-26T00:00:00,MIA @ CHI,W,16.333333333333332,0,4,0.0,0,2,0.0,0,0,0.0,0,1,1,2,0,0,0,0,1,0,0,-7,4.2,0,0,3.0,1,1,1,1,1125,1340,1024,1340,558,494,558,899,955,899,830,1016,1143,435,1010,734,544,1,286,1154,1390,1234,1369,145,5,1411,,16:20,1
2010-11,201566,Russell Westbrook,Russell,1610612760,OKC,Oklahoma City Thunder,0041000315,2011-05-25T00:00:00,OKC @ DAL,L,44.25,11,28,0.393,0,3,0.0,9,9,1.0,4,4,8,5,3,2,1,1,2,6,31,-9,54.1,0,0,50.0,1,802,802,802,54,35,7,870,558,345,558,51,91,1,75,391,208,131,131,95,215,1013,603,104,44,1349,37,145,5,39,,44:15,1
2010-11,1890,Shawn Marion,Shawn,1610612742,DAL,Dallas Mavericks,0041000315,2011-05-25T00:00:00,DAL vs. OKC,W,39.6,10,17,0.588,0,1,0.0,6,7,0.857,3,5,8,3,2,1,3,1,1,4,26,10,50.1,0,0,45.0,1,1,1,1,207,54,140,305,558,677,558,118,156,421,133,262,208,291,261,278,27,1013,286,242,81,214,57,145,5,81,,39:36,1
2010-11,201142,Kevin Durant,Kevin,1610612760,OKC,Oklahoma City Thunder,0041000315,2011-05-25T00:00:00,OKC @ DAL,L,42.803333333333335,8,20,0.4,3,5,0.6,4,6,0.667,1,8,9,2,3,2,1,1,4,5,23,-7,42.8,0,0,43.0,1,802,802,802,89,132,63,796,44,126,141,234,191,619,422,78,156,435,131,95,215,1013,1280,160,129,1234,128,145,5,96,,42:48,1
2010-11,1717,Dirk Nowitzki,Dirk,1610612742,DAL,Dallas Mavericks,0041000315,2011-05-25T00:00:00,DAL vs. OKC,W,39.65,8,15,0.533,1,2,0.5,9,9,1.0,2,7,9,0,5,2,0,2,1,5,26,8,37.8,0,0,40.0,1,1,1,1,201,132,192,403,259,494,169,51,91,1,239,126,156,1022,24,95,544,1432,286,160,81,286,205,145,5,117,,39:39,1
2010-11,201935,James Harden,James,1610612760,OKC,Oklahoma City Thunder,0041000315,2011-05-25T00:00:00,OKC @ DAL,L,34.35,7,11,0.636,1,5,0.2,8,10,0.8,1,4,5,6,2,1,0,0,1,6,23,3,39.0,0,0,37.0,1,802,802,802,434,197,409,243,259,126,510,73,68,479,422,391,458,82,261,278,544,1,286,104,129,535,184,145,5,176,,34:21,1
2010-11,2555,Nick Collison,Nick,1610612760,OKC,Oklahoma City Thunder,0041000315,2011-05-25T00:00:00,OKC @ DAL,L,37.58833333333333,6,9,0.667,0,0,0.0,0,0,0.0,6,6,12,1,1,2,2,2,5,0,12,3,38.9,1,0,33.0,1,802,802,802,303,264,532,175,558,904,558,899,955,899,21,187,49,674,557,95,76,1432,1479,1154,472,535,187,1,5,259,,37:35,1
2010-11,200826,J.J. Barea,J.J.,1610612742,DAL,Dallas Mavericks,0041000315,2011-05-25T00:00:00,DAL vs. OKC,W,22.391666666666666,5,11,0.455,1,2,0.5,3,4,0.75,1,3,4,5,0,1,0,1,0,4,14,-8,29.3,0,0,26.0,1,1,1,1,900,364,409,664,259,494,169,337,304,518,422,559,600,131,1010,278,544,1013,1,242,391,1306,413,145,5,438,,22:24,1
2010-11,2199,Tyson Chandler,Tyson,1610612742,DAL,Dallas Mavericks,0041000315,2011-05-25T00:00:00,DAL vs. OKC,W,24.333333333333332,3,7,0.429,0,0,0.0,3,3,1.0,3,6,9,0,2,0,2,0,6,5,9,8,23.8,0,0,22.0,1,1,1,1,830,626,692,715,558,904,558,337,478,1,133,187,156,1022,261,734,76,1,1593,160,632,286,565,145,5,557,,24:20,1
2010-11,467,Jason Kidd,Jason,1610612742,DAL,Dallas Mavericks,0041000315,2011-05-25T00:00:00,DAL vs. OKC,W,33.93333333333333,1,7,0.143,0,3,0.0,0,0,0.0,4,3,7,10,1,1,0,3,0,0,2,11,27.4,0,0,21.0,1,1,1,1,451,1078,692,1315,558,345,558,899,955,899,75,559,276,16,557,278,544,1558,1,1154,1223,190,455,145,5,585,,33:56,1
2010-11,1891,Jason Terry,Jason,1610612742,DAL,Dallas Mavericks,0041000315,2011-05-25T00:00:00,DAL vs. OKC,W,30.73,3,9,0.333,2,3,0.667,4,5,0.8,0,1,1,0,2,1,0,0,4,2,12,4,14.2,0,0,17.0,1,1,1,1,583,626,532,960,104,345,102,234,256,479,830,1016,1143,1022,261,278,544,1,1280,541,472,469,899,145,5,719,,30:44,1
2010-11,2570,Kendrick Perkins,Kendrick,1610612760,OKC,Oklahoma City Thunder,0041000315,2011-05-25T00:00:00,OKC @ DAL,L,27.905,0,2,0.0,0,0,0.0,0,0,0.0,2,6,8,1,2,0,1,0,2,0,0,1,12.1,0,0,11.0,1,802,802,802,683,1340,1267,1340,558,904,558,899,955,899,239,187,208,674,261,734,215,1,603,1154,1390,654,995,145,5,1004,,27:54,1
2010-11,2217,Brendan Haywood,Brendan,1610612742,DAL,Dallas Mavericks,0041000315,2011-05-25T00:00:00,DAL vs. OKC,W,15.5,1,1,1.0,0,0,0.0,5,6,0.833,1,2,3,0,0,0,0,0,4,3,7,-5,10.6,0,0,10.0,1,1,1,1,1163,1078,1386,1,558,904,558,171,191,443,422,768,746,1022,1010,734,544,1,1280,354,789,1135,1068,145,5,1052,,15:30,1
2010-11,978,Peja Stojakovic,Peja,1610612742,DAL,Dallas Mavericks,0041000315,2011-05-25T00:00:00,DAL vs. OKC,W,9.1,1,4,0.25,1,4,0.25,0,0,0.0,0,1,1,1,0,1,0,0,0,0,3,-7,8.7,0,0,8.0,1,1,1,1,1368,1078,1024,1175,259,223,449,899,955,899,830,1016,1143,674,1010,278,544,1,1,1154,1146,1234,1155,145,5,1150,,9:06,1
2010-11,201953,Eric Maynor,Eric,1610612760,OKC,Oklahoma City Thunder,0041000315,2011-05-25T00:00:00,OKC @ DAL,L,20.911666666666665,2,6,0.333,1,3,0.333,0,0,0.0,0,1,1,1,2,0,0,0,4,0,5,-7,5.7,0,0,8.0,1,802,802,802,967,828,814,960,259,345,351,899,955,899,830,1016,1143,674,261,734,544,1,1280,1154,958,1234,1303,145,5,1150,,20:55,1
2010-11,201586,Serge Ibaka,Serge,1610612760,OKC,Oklahoma City Thunder,0041000315,2011-05-25T00:00:00,OKC @ DAL,L,13.883333333333333,1,6,0.167,0,0,0.0,0,0,0.0,1,2,3,0,0,0,1,1,4,0,2,-2,8.6,0,0,7.0,1,802,802,802,1233,1078,814,1290,558,904,558,899,955,899,422,768,746,1022,1010,734,215,1013,1280,1154,1223,901,1162,145,5,1201,,13:53,1
2010-11,2052,DeShawn Stevenson,DeShawn,1610612742,DAL,Dallas Mavericks,0041000315,2011-05-25T00:00:00,DAL vs. OKC,W,24.761666666666667,0,7,0.0,0,5,0.0,1,2,0.5,0,2,2,0,0,1,0,0,1,1,1,-1,6.4,0,0,5.0,1,1,1,1,810,1340,692,1340,558,126,558,704,543,699,830,768,936,1022,1010,278,544,1,286,790,1367,825,1256,145,5,1306,,24:46,1
2010-11,200757,Thabo Sefolosha,Thabo,1610612760,OKC,Oklahoma City Thunder,0041000315,2011-05-25T00:00:00,OKC @ DAL,L,14.058333333333334,0,0,0.0,0,0,0.0,0,0,0.0,0,2,2,0,0,0,1,0,2,0,0,-7,5.4,0,0,4.0,1,802,802,802,1225,1340,1513,1340,558,904,558,899,955,899,830,768,936,1022,1010,734,215,1,603,1154,1390,1234,1323,145,5,1362,,14:04,1
2010-11,201161,Daequan Cook,Daequan,1610612760,OKC,Oklahoma City Thunder,0041000315,2011-05-25T00:00:00,OKC @ DAL,L,4.25,0,0,0.0,0,0,0.0,0,0,0.0,0,1,1,0,0,0,0,0,0,0,0,5,1.2,0,0,1.0,1,802,802,802,1506,1340,1513,1340,558,904,558,899,955,899,830,1016,1143,1022,1010,734,544,1,1,1154,1390,422,1498,145,5,1499,,4:15,1
2010-11,2544,LeBron James,LeBron,1610612748,MIA,Miami Heat,0041000304,2011-05-24T00:00:00,MIA vs. CHI,W,49.38666666666666,11,26,0.423,0,1,0.0,13,13,1.0,2,4,6,6,5,2,2,1,4,9,35,-1,58.2,0,0,55.0,1,1,1,1,7,35,15,766,558,677,558,11,21,1,239,391,351,82,24,95,76,1013,1280,18,17,825,24,145,5,27,,49:23,1
2010-11,2736,Luol Deng,Luol,1610612741,CHI,Chicago Bulls,0041000304,2011-05-24T00:00:00,CHI @ MIA,L,43.65,8,16,0.5,2,5,0.4,2,2,1.0,1,7,8,2,3,3,2,1,4,5,20,-8,44.6,0,0,42.0,1,802,802,802,65,132,159,417,104,126,313,459,543,1,422,126,208,435,131,34,76,1013,1280,160,198,1306,110,145,5,101,,43:39,1
2010-11,201565,Derrick Rose,Derrick,1610612741,CHI,Chicago Bulls,0041000304,2011-05-24T00:00:00,CHI @ MIA,L,48.5,8,27,0.296,1,9,0.111,6,7,0.857,1,2,3,6,7,2,0,4,3,6,23,-2,34.6,0,0,37.0,1,802,802,802,10,132,9,1125,259,9,555,118,156,421,422,768,746,82,6,95,544,1596,980,104,129,901,291,145,5,176,,48:30,1
2010-11,2430,Carlos Boozer,Carlos,1610612741,CHI,Chicago Bulls,0041000304,2011-05-24T00:00:00,CHI @ MIA,L,49.163333333333334,7,14,0.5,0,0,0.0,6,9,0.667,0,11,11,3,1,1,0,1,4,7,20,9,39.7,1,0,36.0,1,802,802,802,8,197,229,417,558,904,558,118,91,619,830,20,69,291,557,278,544,1013,1280,66,198,250,168,1,5,192,,49:10,1
2010-11,201149,Joakim Noah,Joakim,1610612741,CHI,Chicago Bulls,0041000304,2011-05-24T00:00:00,CHI @ MIA,L,44.873333333333335,3,10,0.3,0,0,0.0,0,0,0.0,6,8,14,6,2,2,1,2,6,2,6,5,38.8,0,0,32.0,1,802,802,802,42,626,464,1112,558,904,558,899,955,899,21,78,24,82,261,95,215,1432,1593,541,848,422,191,145,5,286,,44:52,1
2010-11,2548,Dwyane Wade,Dwyane,1610612748,MIA,Miami Heat,0041000304,2011-05-24T00:00:00,MIA vs. CHI,W,40.96666666666667,5,16,0.313,0,1,0.0,4,4,1.0,0,5,5,1,2,2,4,3,3,3,14,-10,37.5,0,0,32.0,1,1,1,1,151,364,159,1104,558,677,558,234,304,1,830,262,458,674,261,95,12,1558,980,354,391,1385,213,145,5,286,,40:58,1
2010-11,2547,Chris Bosh,Chris,1610612748,MIA,Miami Heat,0041000304,2011-05-24T00:00:00,MIA vs. CHI,W,43.28333333333333,6,12,0.5,0,1,0.0,10,11,0.909,1,5,6,1,2,0,0,0,5,7,22,5,28.7,0,0,29.0,1,1,1,1,74,264,341,417,558,677,558,36,49,390,422,262,351,674,261,734,544,1,1479,66,151,422,425,145,5,358,,43:17,1
2010-11,2034,Mike Miller,Mike,1610612748,MIA,Miami Heat,0041000304,2011-05-24T00:00:00,MIA vs. CHI,W,26.096666666666668,5,8,0.625,2,5,0.4,0,0,0.0,1,8,9,1,0,1,0,0,1,0,12,36,27.3,0,0,26.0,1,1,1,1,752,364,606,248,104,126,313,899,955,899,422,78,156,674,1010,278,544,1,286,1154,472,2,457,145,5,438,,26:06,1
2010-11,201202,Joel Anthony,Joel,1610612748,MIA,Miami Heat,0041000304,2011-05-24T00:00:00,MIA vs. CHI,W,29.133333333333333,0,0,0.0,0,0,0.0,2,4,0.5,1,4,5,1,1,2,4,0,4,2,2,-14,26.5,0,0,20.0,1,1,1,1,644,1340,1513,1340,558,904,558,459,304,699,422,391,458,674,557,95,12,1,1280,541,1223,1512,478,145,5,614,,29:08,1
2010-11,201596,Mario Chalmers,Mario,1610612748,MIA,Miami Heat,0041000304,2011-05-24T00:00:00,MIA vs. CHI,W,20.886666666666667,3,3,1.0,2,2,1.0,1,2,0.5,0,0,0,0,0,4,0,0,1,3,9,10,21.0,0,0,19.0,1,1,1,1,968,626,1138,1,104,494,1,704,543,699,830,1317,1397,1022,1010,5,544,1,286,354,632,214,644,145,5,650,,20:53,1
2010-11,2617,Udonis Haslem,Udonis,1610612748,MIA,Miami Heat,0041000304,2011-05-24T00:00:00,MIA vs. CHI,W,33.583333333333336,0,5,0.0,0,0,0.0,2,2,1.0,2,7,9,2,3,1,0,1,4,3,2,25,15.8,0,0,15.0,1,1,1,1,468,1340,926,1340,558,904,558,459,543,1,239,126,156,435,131,278,544,1013,1280,354,1223,15,832,145,5,808,,33:35,1
2010-11,2586,Keith Bogans,Keith,1610612741,CHI,Chicago Bulls,0041000304,2011-05-24T00:00:00,CHI @ MIA,L,23.08,2,6,0.333,2,6,0.333,0,0,0.0,0,1,1,2,2,0,1,0,2,0,6,10,11.2,0,0,13.0,1,802,802,802,873,828,814,960,104,77,351,899,955,899,830,1016,1143,435,261,734,215,1,603,1154,848,214,1035,145,5,903,,23:05,1
2010-11,200758,Ronnie Brewer,Ronnie,1610612741,CHI,Chicago Bulls,0041000304,2011-05-24T00:00:00,CHI @ MIA,L,20.956666666666667,2,3,0.667,1,1,1.0,2,3,0.667,1,1,2,0,0,0,1,1,2,4,7,-12,12.4,0,0,12.0,1,802,802,802,966,828,1138,175,259,677,1,459,478,619,422,1016,936,1022,1010,734,215,1013,603,242,789,1453,985,145,5,946,,20:57,1
2010-11,201228,C.J. Watson,C.J.,1610612741,CHI,Chicago Bulls,0041000304,2011-05-24T00:00:00,CHI @ MIA,L,6.55,3,4,0.75,0,0,0.0,0,0,0.0,0,1,1,0,1,0,0,0,0,0,6,-12,6.2,0,0,7.0,1,802,802,802,1438,626,1024,122,558,904,558,899,955,899,830,1016,1143,1022,557,734,544,1,1,1154,848,1453,1265,145,5,1201,,6:33,1
2010-11,2594,Kyle Korver,Kyle,1610612741,CHI,Chicago Bulls,0041000304,2011-05-24T00:00:00,CHI @ MIA,L,16.263333333333332,2,6,0.333,0,3,0.0,1,1,1.0,0,1,1,1,3,0,0,0,3,0,5,0,4.7,0,0,7.0,1,802,802,802,1130,828,814,960,558,345,558,704,881,1,830,1016,1143,674,131,734,544,1,980,1154,958,728,1356,145,5,1201,,16:16,1
2010-11,1710,Mike Bibby,Mike,1610612748,MIA,Miami Heat,0041000304,2011-05-24T00:00:00,MIA vs. CHI,W,21.663333333333334,2,5,0.4,1,3,0.333,0,2,0.0,1,0,1,0,2,0,0,0,2,1,5,-11,4.2,0,0,7.0,1,1,1,1,939,828,926,796,259,345,351,899,543,899,422,1317,1143,1022,261,734,544,1,603,790,958,1419,1369,145,5,1201,,21:40,1
2010-11,201959,Taj Gibson,Taj,1610612741,CHI,Chicago Bulls,0041000304,2011-05-24T00:00:00,CHI @ MIA,L,10.076666666666666,0,1,0.0,0,0,0.0,0,0,0.0,1,0,1,0,0,0,0,1,2,0,0,-21,1.2,0,0,1.0,1,802,802,802,1351,1340,1386,1340,558,904,558,899,955,899,422,1317,1143,1022,1010,734,544,1013,603,1154,1390,1589,1498,145,5,1499,,10:05,1
2010-11,201600,Omer Asik,Omer,1610612741,CHI,Chicago Bulls,0041000304,2011-05-24T00:00:00,CHI @ MIA,L,1.8866666666666667,0,0,0.0,0,0,0.0,0,0,0.0,0,0,0,0,0,0,0,0,2,0,0,-9,0.0,0,0,0.0,1,802,802,802,1564,1340,1513,1340,558,904,558,899,955,899,830,1317,1397,1022,1010,734,544,1,603,1154,1390,1349,1534,145,5,1539,,1:53,1
2010-11,201142,Kevin Durant,Kevin,1610612760,OKC,Oklahoma City Thunder,0041000314,2011-05-23T00:00:00,OKC vs. DAL,L,48.96666666666667,9,22,0.409,2,7,0.286,9,10,0.9,3,12,15,4,9,0,1,1,2,8,29,-6,47.0,1,0,52.0,1,802,802,802,9,86,35,793,104,36,435,51,68,397,133,13,18,196,1,734,215,1013,603,36,55,1182,82,1,5,32,,48:58,1
2010-11,1717,Dirk Nowitzki,Dirk,1610612742,DAL,Dallas Mavericks,0041000314,2011-05-23T00:00:00,DAL @ OKC,W,45.0,12,20,0.6,2,3,0.667,14,15,0.933,0,5,5,3,4,0,0,2,2,9,40,9,46.5,0,0,50.0,1,1,1,1,36,19,63,266,104,345,102,8,13,381,830,262,458,291,63,734,544,1432,603,18,7,250,87,145,5,39,,45:00,1
2010-11,201566,Russell Westbrook,Russell,1610612760,OKC,Oklahoma City Thunder,0041000314,2011-05-23T00:00:00,OKC vs. DAL,L,41.96666666666667,7,22,0.318,0,3,0.0,5,8,0.625,3,5,8,8,6,3,0,0,5,5,19,-7,43.6,0,0,41.0,1,802,802,802,119,197,35,1099,558,345,558,171,117,666,133,262,208,36,14,34,544,1,1479,160,225,1234,117,145,5,108,,41:58,1
2010-11,467,Jason Kidd,Jason,1610612742,DAL,Dallas Mavericks,0041000314,2011-05-23T00:00:00,DAL @ OKC,W,40.95,5,9,0.556,3,6,0.5,4,4,1.0,0,5,5,7,3,4,0,0,1,3,17,8,42.5,0,0,40.0,1,1,1,1,153,364,532,361,44,77,169,234,304,1,830,262,458,57,131,5,544,1,286,354,278,286,130,145,5,117,,40:57,1
2010-11,201586,Serge Ibaka,Serge,1610612760,OKC,Oklahoma City Thunder,0041000314,2011-05-23T00:00:00,OKC vs. DAL,L,47.47833333333333,8,15,0.533,0,0,0.0,2,2,1.0,5,5,10,0,4,0,5,0,5,2,18,-10,41.0,1,0,38.0,1,802,802,802,14,132,192,403,558,904,558,459,543,1,41,262,111,1022,63,734,3,1,1479,541,244,1385,157,1,5,149,,47:29,1
2010-11,1891,Jason Terry,Jason,1610612742,DAL,Dallas Mavericks,0041000314,2011-05-23T00:00:00,DAL @ OKC,W,41.645,7,19,0.368,2,6,0.333,4,4,1.0,1,4,5,1,3,4,0,2,4,2,20,19,36.5,0,0,36.0,1,1,1,1,134,197,88,931,104,77,351,234,304,1,422,391,458,674,131,5,544,1432,1280,541,198,35,237,145,5,192,,41:39,1
2010-11,2555,Nick Collison,Nick,1610612760,OKC,Oklahoma City Thunder,0041000314,2011-05-23T00:00:00,OKC vs. DAL,L,31.163333333333334,5,7,0.714,0,0,0.0,2,2,1.0,6,1,7,3,1,1,1,1,6,1,12,-14,29.9,0,0,26.0,1,802,802,802,562,364,692,152,558,904,558,459,543,1,21,1016,276,291,557,278,215,1013,1593,790,472,1512,397,145,5,438,,31:10,1
2010-11,200757,Thabo Sefolosha,Thabo,1610612760,OKC,Oklahoma City Thunder,0041000314,2011-05-23T00:00:00,OKC vs. DAL,L,30.316666666666666,6,10,0.6,0,2,0.0,0,0,0.0,1,3,4,1,0,3,1,0,3,0,12,-9,30.3,0,0,25.0,1,802,802,802,599,264,464,266,558,494,558,899,955,899,422,559,600,674,1010,34,215,1,980,1154,472,1349,382,145,5,465,,30:19,1
2010-11,1890,Shawn Marion,Shawn,1610612742,DAL,Dallas Mavericks,0041000314,2011-05-23T00:00:00,DAL @ OKC,W,38.43833333333333,1,5,0.2,0,0,0.0,5,6,0.833,0,4,4,1,0,4,1,0,4,5,7,7,28.3,0,0,22.0,1,1,1,1,266,1078,926,1262,558,904,558,171,191,443,830,391,600,674,1010,5,215,1,1280,160,789,326,436,145,5,557,,38:26,1
2010-11,201935,James Harden,James,1610612760,OKC,Oklahoma City Thunder,0041000314,2011-05-23T00:00:00,OKC vs. DAL,L,22.888333333333332,3,5,0.6,0,0,0.0,1,2,0.5,0,7,7,2,4,1,0,0,6,2,7,4,17.4,0,0,18.0,1,802,802,802,879,626,926,266,558,904,558,704,543,699,830,126,276,435,63,278,544,1,1593,541,789,469,767,145,5,681,,22:53,1
2010-11,2199,Tyson Chandler,Tyson,1610612742,DAL,Dallas Mavericks,0041000314,2011-05-23T00:00:00,DAL @ OKC,W,35.36666666666667,2,4,0.5,0,0,0.0,1,1,1.0,2,6,8,0,0,2,0,1,4,4,5,10,20.6,0,0,17.0,1,1,1,1,388,828,1024,417,558,904,558,704,881,1,239,187,208,1022,1010,95,544,1013,1280,242,958,214,653,145,5,719,,35:22,1
2010-11,2217,Brendan Haywood,Brendan,1610612742,DAL,Dallas Mavericks,0041000314,2011-05-23T00:00:00,DAL @ OKC,W,17.621666666666666,2,2,1.0,0,0,0.0,5,8,0.625,2,1,3,1,0,0,1,0,2,4,9,-3,17.1,0,0,15.0,1,1,1,1,1084,828,1267,1,558,904,558,171,117,666,239,1016,746,674,1010,734,215,1,603,242,632,985,780,145,5,808,,17:37,1
2010-11,2570,Kendrick Perkins,Kendrick,1610612760,OKC,Oklahoma City Thunder,0041000314,2011-05-23T00:00:00,OKC vs. DAL,L,25.433333333333334,3,5,0.6,0,0,0.0,0,1,0.0,2,1,3,2,1,0,1,0,2,3,6,9,14.6,0,0,13.0,1,802,802,802,777,626,926,266,558,904,558,899,881,899,239,1016,746,435,557,734,215,1,603,354,848,250,880,145,5,903,,25:26,1
2010-11,200826,J.J. Barea,J.J.,1610612742,DAL,Dallas Mavericks,0041000314,2011-05-23T00:00:00,DAL @ OKC,W,16.466666666666665,3,10,0.3,0,3,0.0,1,1,1.0,0,2,2,1,0,1,0,2,0,2,7,-7,13.9,0,0,12.0,1,1,1,1,1120,626,464,1112,558,345,558,704,881,1,830,768,936,674,1010,278,544,1432,1,541,789,1234,918,145,5,946,,16:28,1
2010-11,201953,Eric Maynor,Eric,1610612760,OKC,Oklahoma City Thunder,0041000314,2011-05-23T00:00:00,OKC vs. DAL,L,11.153333333333334,1,4,0.25,0,1,0.0,0,0,0.0,0,1,1,3,0,1,0,0,0,1,2,0,10.7,0,0,8.0,1,802,802,802,1321,1078,1024,1175,558,677,558,899,955,899,830,1016,1143,291,1010,278,544,1,1,790,1223,728,1064,145,5,1150,,11:09,1
2010-11,978,Peja Stojakovic,Peja,1610612742,DAL,Dallas Mavericks,0041000314,2011-05-23T00:00:00,DAL @ OKC,W,16.823333333333334,2,7,0.286,0,3,0.0,0,0,0.0,0,1,1,2,2,0,0,2,2,0,4,2,6.2,0,0,7.0,1,1,1,1,1107,828,692,1127,558,345,558,899,955,899,830,1016,1143,435,261,734,544,1432,603,1154,1037,591,1265,145,5,1201,,16:49,1
2010-11,2052,DeShawn Stevenson,DeShawn,1610612742,DAL,Dallas Mavericks,0041000314,2011-05-23T00:00:00,DAL @ OKC,W,12.688333333333333,1,5,0.2,1,4,0.25,0,0,0.0,0,0,0,0,1,0,0,0,3,0,3,-10,2.0,0,0,4.0,1,1,1,1,1274,1078,926,1262,259,223,449,899,955,899,830,1317,1397,1022,557,734,544,1,980,1154,1146,1385,1477,145,5,1362,,12:41,1
2010-11,201161,Daequan Cook,Daequan,1610612760,OKC,Oklahoma City Thunder,0041000314,2011-05-23T00:00:00,OKC vs. DAL,L,5.633333333333334,0,0,0.0,0,0,0.0,0,0,0.0,0,0,0,0,0,0,0,0,0,0,0,-2,0.0,0,0,0.0,1,802,802,802,1468,1340,1513,1340,558,904,558,899,955,899,830,1317,1397,1022,1010,734,544,1,1,1154,1390,901,1534,145,5,1539,,5:38,1
2010-11,2430,Carlos Boozer,Carlos,1610612741,CHI,Chicago Bulls,0041000303,2011-05-22T00:00:00,CHI @ MIA,L,39.235,8,19,0.421,0,0,0.0,10,12,0.833,7,10,17,1,1,0,2,4,3,7,26,-6,52.9,1,0,48.0,1,802,802,802,225,132,88,767,558,904,558,36,29,443,13,32,8,674,557,734,76,1596,980,66,81,1182,43,1,5,53,,39:14,1
2010-11,2544,LeBron James,LeBron,1610612748,MIA,Miami Heat,0041000303,2011-05-22T00:00:00,MIA vs. CHI,W,43.916666666666664,6,13,0.462,1,2,0.5,9,9,1.0,1,5,6,10,0,2,2,1,4,6,22,16,56.2,1,0,47.0,1,1,1,1,61,264,283,648,259,494,169,51,91,1,422,262,351,16,1010,95,76,1013,1280,104,151,69,33,1,5,64,,43:55,1
2010-11,2547,Chris Bosh,Chris,1610612748,MIA,Miami Heat,0041000303,2011-05-22T00:00:00,MIA vs. CHI,W,42.6,13,18,0.722,0,0,0.0,8,10,0.8,0,5,5,2,2,2,1,1,2,8,34,15,50.0,0,0,47.0,1,1,1,1,94,10,109,151,558,904,558,73,68,479,830,262,458,435,261,95,215,1013,603,36,21,85,58,145,5,64,,42:36,1
2010-11,201565,Derrick Rose,Derrick,1610612741,CHI,Chicago Bulls,0041000303,2011-05-22T00:00:00,CHI @ MIA,L,38.788333333333334,8,19,0.421,1,3,0.333,3,3,1.0,1,4,5,5,2,1,0,1,2,2,20,-13,34.5,0,0,33.0,1,802,802,802,249,132,88,767,259,345,351,337,478,1,422,391,458,131,261,278,544,1013,603,541,198,1483,294,145,5,259,,38:47,1
2010-11,2548,Dwyane Wade,Dwyane,1610612748,MIA,Miami Heat,0041000303,2011-05-22T00:00:00,MIA vs. CHI,W,39.486666666666665,6,17,0.353,0,1,0.0,5,6,0.833,2,7,9,3,4,0,0,1,2,4,17,12,28.3,0,0,29.0,1,1,1,1,210,264,140,957,558,677,558,171,191,443,239,126,156,291,63,734,544,1013,603,242,278,163,436,145,5,358,,39:29,1
2010-11,2736,Luol Deng,Luol,1610612741,CHI,Chicago Bulls,0041000303,2011-05-22T00:00:00,CHI @ MIA,L,42.0,6,13,0.462,2,5,0.4,0,0,0.0,1,7,8,0,3,1,0,2,3,1,14,-12,23.6,0,0,26.0,1,802,802,802,115,264,283,648,104,126,313,899,955,899,422,126,208,1022,131,278,544,1432,980,790,391,1453,571,145,5,438,,42:00,1
2010-11,201202,Joel Anthony,Joel,1610612748,MIA,Miami Heat,0041000303,2011-05-22T00:00:00,MIA vs. CHI,W,29.051666666666666,1,2,0.5,0,0,0.0,1,2,0.5,1,3,4,2,0,0,5,1,3,1,3,4,25.8,0,0,19.0,1,1,1,1,649,1078,1267,417,558,904,558,704,543,699,422,559,600,435,1010,734,3,1013,980,790,1146,469,506,145,5,650,,29:03,1
2010-11,201149,Joakim Noah,Joakim,1610612741,CHI,Chicago Bulls,0041000303,2011-05-22T00:00:00,CHI @ MIA,L,29.06833333333333,0,4,0.0,0,0,0.0,1,2,0.5,1,4,5,6,2,0,2,0,5,1,1,-10,20.0,0,0,16.0,1,802,802,802,648,1340,1024,1340,558,904,558,704,543,699,422,391,458,82,261,734,76,1,1479,790,1367,1385,672,145,5,763,,29:04,1
2010-11,2617,Udonis Haslem,Udonis,1610612748,MIA,Miami Heat,0041000303,2011-05-22T00:00:00,MIA vs. CHI,W,24.05,4,7,0.571,0,0,0.0,0,0,0.0,1,3,4,1,1,1,0,0,1,1,8,3,16.3,0,0,15.0,1,1,1,1,835,478,692,315,558,904,558,899,955,899,422,559,600,674,557,278,544,1,286,790,713,535,811,145,5,808,,24:03,1
2010-11,201959,Taj Gibson,Taj,1610612741,CHI,Chicago Bulls,0041000303,2011-05-22T00:00:00,CHI @ MIA,L,12.348333333333333,5,6,0.833,0,0,0.0,1,2,0.5,3,0,3,0,1,0,0,0,2,1,11,-3,13.6,0,0,14.0,1,802,802,802,1290,364,814,99,558,904,558,704,543,699,133,1317,746,1022,557,734,544,1,603,790,521,985,928,145,5,860,,12:21,1
2010-11,1710,Mike Bibby,Mike,1610612748,MIA,Miami Heat,0041000303,2011-05-22T00:00:00,MIA vs. CHI,W,26.783333333333335,2,5,0.4,2,4,0.5,0,0,0.0,0,3,3,0,1,1,0,0,2,1,6,3,11.6,0,0,13.0,1,1,1,1,721,828,926,796,104,223,169,899,955,899,830,559,746,1022,557,278,544,1,603,790,848,535,1014,145,5,903,,26:47,1
2010-11,200758,Ronnie Brewer,Ronnie,1610612741,CHI,Chicago Bulls,0041000303,2011-05-22T00:00:00,CHI @ MIA,L,25.065,2,6,0.333,0,0,0.0,0,0,0.0,0,0,0,1,0,2,0,0,0,2,4,4,11.5,0,0,9.0,1,802,802,802,795,828,814,960,558,904,558,899,955,899,830,1317,1397,674,1010,95,544,1,1,541,1037,469,1020,145,5,1102,,25:04,1
2010-11,201596,Mario Chalmers,Mario,1610612748,MIA,Miami Heat,0041000303,2011-05-22T00:00:00,MIA vs. CHI,W,21.216666666666665,2,3,0.667,0,1,0.0,2,2,1.0,0,1,1,2,1,0,0,0,1,3,6,8,9.2,0,0,9.0,1,1,1,1,955,828,1138,175,558,677,558,459,543,1,830,1016,1143,435,557,734,544,1,286,354,848,286,1132,145,5,1102,,21:13,1
2010-11,2586,Keith Bogans,Keith,1610612741,CHI,Chicago Bulls,0041000303,2011-05-22T00:00:00,CHI @ MIA,L,18.2,1,3,0.333,1,3,0.333,1,2,0.5,0,1,1,0,2,0,0,0,2,1,4,-8,3.2,0,0,6.0,1,802,802,802,1062,1078,1138,960,259,345,351,704,543,699,830,1016,1143,1022,261,734,544,1,603,790,1037,1306,1413,145,5,1256,,18:12,1
2010-11,2594,Kyle Korver,Kyle,1610612741,CHI,Chicago Bulls,0041000303,2011-05-22T00:00:00,CHI @ MIA,L,10.735,1,2,0.5,1,1,1.0,0,0,0.0,0,1,1,0,0,0,0,0,4,0,3,-6,4.2,0,0,5.0,1,802,802,802,1333,1078,1267,417,259,677,1,899,955,899,830,1016,1143,1022,1010,734,544,1,1280,1154,1146,1182,1369,145,5,1306,,10:44,1
2010-11,201228,C.J. Watson,C.J.,1610612741,CHI,Chicago Bulls,0041000303,2011-05-22T00:00:00,CHI @ MIA,L,9.211666666666666,1,2,0.5,0,0,0.0,0,0,0.0,0,0,0,2,0,0,0,0,1,0,2,2,5.0,0,0,4.0,1,802,802,802,1367,1078,1267,417,558,904,558,899,955,899,830,1317,1397,435,1010,734,544,1,286,1154,1223,591,1346,145,5,1362,,9:13,1
2010-11,201600,Omer Asik,Omer,1610612741,CHI,Chicago Bulls,0041000303,2011-05-22T00:00:00,CHI @ MIA,L,15.348333333333333,0,3,0.0,0,0,0.0,0,0,0.0,0,1,1,0,0,1,0,1,2,2,0,-3,4.2,0,0,3.0,1,802,802,802,1177,1340,1138,1340,558,904,558,899,955,899,830,1016,1143,1022,1010,278,544,1013,603,541,1390,985,1369,145,5,1411,,15:21,1
2010-11,2034,Mike Miller,Mike,1610612748,MIA,Miami Heat,0041000303,2011-05-22T00:00:00,MIA vs. CHI,W,12.895,0,2,0.0,0,1,0.0,0,0,0.0,0,0,0,0,1,0,0,0,2,0,0,-6,-1.0,0,0,0.0,1,1,1,1,1267,1340,1267,1340,558,677,558,899,955,899,830,1317,1397,1022,557,734,544,1,603,1154,1390,1182,1602,145,5,1539,,12:54,1
2010-11,201142,Kevin Durant,Kevin,1610612760,OKC,Oklahoma City Thunder,0041000313,2011-05-21T00:00:00,OKC vs. DAL,L,45.95,7,22,0.318,0,8,0.0,10,11,0.909,3,9,12,5,1,2,2,2,3,9,24,1,56.9,1,0,49.0,1,802,802,802,19,197,35,1099,558,18,558,36,49,390,133,52,49,131,557,95,76,1432,980,18,105,654,30,1,5,47,,45:57,1
2010-11,201566,Russell Westbrook,Russell,1610612760,OKC,Oklahoma City Thunder,0041000313,2011-05-21T00:00:00,OKC vs. DAL,L,42.09166666666667,8,20,0.4,1,2,0.5,13,14,0.929,0,2,2,4,7,2,0,1,5,8,30,5,37.4,0,0,41.0,1,802,802,802,110,132,63,796,259,494,169,11,17,382,830,768,936,196,6,95,544,1013,1479,36,49,422,214,145,5,108,,42:06,1
2010-11,467,Jason Kidd,Jason,1610612742,DAL,Dallas Mavericks,0041000313,2011-05-21T00:00:00,DAL @ OKC,W,37.11666666666667,4,10,0.4,2,5,0.4,3,4,0.75,1,5,6,8,2,4,0,0,3,4,13,6,42.2,0,0,37.0,1,1,1,1,323,478,464,796,104,126,313,337,304,518,422,262,351,36,261,5,544,1,980,242,428,371,132,145,5,176,,37:07,1
2010-11,1890,Shawn Marion,Shawn,1610612742,DAL,Dallas Mavericks,0041000313,2011-05-21T00:00:00,DAL @ OKC,W,37.675,9,13,0.692,0,0,0.0,0,0,0.0,0,4,4,1,0,2,2,2,5,1,18,1,36.3,0,0,31.0,1,1,1,1,301,86,283,168,558,904,558,899,955,899,830,391,600,674,1010,95,76,1432,1479,790,244,654,240,145,5,313,,37:41,1
2010-11,2199,Tyson Chandler,Tyson,1610612742,DAL,Dallas Mavericks,0041000313,2011-05-21T00:00:00,DAL @ OKC,W,35.69166666666667,3,3,1.0,0,0,0.0,2,4,0.5,6,9,15,0,0,2,1,0,4,3,8,11,35.0,0,0,29.0,1,1,1,1,374,626,1138,1,558,904,558,459,304,699,21,52,18,1022,1010,95,215,1,1280,354,713,190,280,145,5,358,,35:42,1
2010-11,1891,Jason Terry,Jason,1610612742,DAL,Dallas Mavericks,0041000313,2011-05-21T00:00:00,DAL @ OKC,W,30.766666666666666,3,12,0.25,1,4,0.25,6,6,1.0,0,1,1,6,0,2,0,0,2,5,13,-3,29.2,0,0,25.0,1,1,1,1,581,626,341,1175,259,223,449,118,191,1,830,1016,1143,82,1010,95,544,1,603,160,428,985,418,145,5,465,,30:46,1
2010-11,2555,Nick Collison,Nick,1610612760,OKC,Oklahoma City Thunder,0041000313,2011-05-21T00:00:00,OKC vs. DAL,L,23.8,4,4,1.0,0,0,0.0,1,1,1.0,2,4,6,1,0,2,2,0,3,2,9,3,29.7,0,0,24.0,1,802,802,802,848,478,1024,1,558,904,558,704,881,1,239,391,351,674,1010,95,76,1,980,541,632,535,400,145,5,495,,23:48,1
2010-11,1717,Dirk Nowitzki,Dirk,1610612742,DAL,Dallas Mavericks,0041000313,2011-05-21T00:00:00,DAL @ OKC,W,36.73,7,21,0.333,1,6,0.167,3,3,1.0,0,4,4,1,7,0,0,4,1,2,18,-1,17.3,0,0,24.0,1,1,1,1,337,197,52,960,259,77,537,337,478,1,830,391,600,674,6,734,544,1596,286,541,244,825,770,145,5,495,,36:44,1
2010-11,201586,Serge Ibaka,Serge,1610612760,OKC,Oklahoma City Thunder,0041000313,2011-05-21T00:00:00,OKC vs. DAL,L,23.85,4,11,0.364,0,0,0.0,1,2,0.5,3,4,7,0,0,0,3,0,0,1,9,-19,26.4,0,0,22.0,1,802,802,802,845,478,409,934,558,904,558,704,543,699,133,391,276,1022,1010,734,27,1,1,790,632,1576,480,145,5,557,,23:51,1
2010-11,201935,James Harden,James,1610612760,OKC,Oklahoma City Thunder,0041000313,2011-05-21T00:00:00,OKC vs. DAL,L,35.74166666666667,2,9,0.222,0,4,0.0,3,4,0.75,2,7,9,1,2,1,0,0,2,2,7,4,20.3,0,0,19.0,1,802,802,802,371,828,532,1246,558,223,558,337,304,518,239,126,156,674,261,278,544,1,603,541,789,469,661,145,5,650,,35:45,1
2010-11,2570,Kendrick Perkins,Kendrick,1610612760,OKC,Oklahoma City Thunder,0041000313,2011-05-21T00:00:00,OKC vs. DAL,L,30.066666666666666,0,2,0.0,0,0,0.0,4,4,1.0,1,4,5,0,2,0,2,1,1,2,4,-10,14.0,0,0,13.0,1,802,802,802,608,1340,1267,1340,558,904,558,234,304,1,422,391,458,1022,261,734,76,1013,286,541,1037,1385,912,145,5,903,,30:04,1
2010-11,978,Peja Stojakovic,Peja,1610612742,DAL,Dallas Mavericks,0041000313,2011-05-21T00:00:00,DAL @ OKC,W,16.291666666666668,3,7,0.429,1,3,0.333,0,0,0.0,0,3,3,1,1,0,0,0,1,0,7,14,11.1,0,0,12.0,1,1,1,1,1127,626,692,715,259,345,351,899,955,899,830,559,746,674,557,734,544,1,286,1154,789,103,1046,145,5,946,,16:18,1
2010-11,2052,DeShawn Stevenson,DeShawn,1610612742,DAL,Dallas Mavericks,0041000313,2011-05-21T00:00:00,DAL @ OKC,W,21.803333333333335,3,6,0.5,2,3,0.667,0,0,0.0,0,0,0,0,0,1,0,1,2,1,8,5,11.0,0,0,12.0,1,1,1,1,934,626,814,417,104,345,102,899,955,899,830,1317,1397,1022,1010,278,544,1013,603,790,713,422,1050,145,5,946,,21:48,1
2010-11,200826,J.J. Barea,J.J.,1610612742,DAL,Dallas Mavericks,0041000313,2011-05-21T00:00:00,DAL @ OKC,W,13.783333333333333,2,5,0.4,0,0,0.0,0,0,0.0,1,1,2,4,1,0,0,2,5,0,4,0,11.4,0,0,10.0,1,1,1,1,1235,828,926,796,558,904,558,899,955,899,422,1016,936,196,557,734,544,1432,1479,1154,1037,728,1023,145,5,1052,,13:47,1
2010-11,200757,Thabo Sefolosha,Thabo,1610612760,OKC,Oklahoma City Thunder,0041000313,2011-05-21T00:00:00,OKC vs. DAL,L,18.541666666666668,2,3,0.667,0,1,0.0,0,0,0.0,1,3,4,0,1,1,0,0,0,0,4,-4,10.8,0,0,10.0,1,802,802,802,1047,828,1138,175,558,677,558,899,955,899,422,559,600,1022,557,278,544,1,1,1154,1037,1048,1061,145,5,1052,,18:33,1
2010-11,2217,Brendan Haywood,Brendan,1610612742,DAL,Dallas Mavericks,0041000313,2011-05-21T00:00:00,DAL @ OKC,W,10.141666666666667,2,5,0.4,0,0,0.0,0,1,0.0,1,1,2,0,1,0,1,0,1,1,4,-3,8.4,0,0,8.0,1,1,1,1,1346,828,926,796,558,904,558,899,881,899,422,1016,936,1022,557,734,215,1,286,790,1037,985,1170,145,5,1150,,10:09,1
2010-11,201161,Daequan Cook,Daequan,1610612760,OKC,Oklahoma City Thunder,0041000313,2011-05-21T00:00:00,OKC vs. DAL,L,14.05,0,2,0.0,0,2,0.0,0,0,0.0,0,0,0,0,0,0,0,0,3,0,0,1,0.0,0,0,0.0,1,802,802,802,1226,1340,1267,1340,558,494,558,899,955,899,830,1317,1397,1022,1010,734,544,1,980,1154,1390,654,1534,145,5,1539,,14:03,1
2010-11,201953,Eric Maynor,Eric,1610612760,OKC,Oklahoma City Thunder,0041000313,2011-05-21T00:00:00,OKC vs. DAL,L,5.908333333333333,0,1,0.0,0,0,0.0,0,0,0.0,0,0,0,0,1,0,0,0,0,0,0,-11,-1.0,0,0,0.0,1,802,802,802,1455,1340,1386,1340,558,904,558,899,955,899,830,1317,1397,1022,557,734,544,1,1,1154,1390,1419,1602,145,5,1539,,5:55,1
2010-11,201935,James Harden,James,1610612760,OKC,Oklahoma City Thunder,0041000312,2011-05-19T00:00:00,OKC @ DAL,W,32.35,6,9,0.667,4,7,0.571,7,8,0.875,0,7,7,4,0,2,0,0,2,8,23,14,43.4,0,0,42.0,1,1,1,1,524,264,532,175,18,36,163,94,117,408,830,126,276,196,1010,95,544,1,603,36,129,103,120,145,5,101,,32:21,1
2010-11,1717,Dirk Nowitzki,Dirk,1610612742,DAL,Dallas Mavericks,0041000312,2011-05-19T00:00:00,DAL vs. OKC,L,40.05,10,17,0.588,0,0,0.0,9,10,0.9,1,4,5,5,3,0,0,1,2,8,29,-6,39.5,0,0,39.0,1,802,802,802,187,54,140,305,558,904,558,51,68,397,422,391,458,131,131,734,544,1013,603,36,55,1182,173,145,5,133,,40:03,1
2010-11,467,Jason Kidd,Jason,1610612742,DAL,Dallas Mavericks,0041000312,2011-05-19T00:00:00,DAL vs. OKC,L,36.1,4,10,0.4,3,8,0.375,2,2,1.0,1,4,5,7,1,5,0,1,1,2,13,-2,43.5,0,0,38.0,1,802,802,802,358,478,464,796,44,18,348,459,543,1,422,391,458,57,557,1,544,1013,286,541,428,901,119,145,5,149,,36:06,1
2010-11,201142,Kevin Durant,Kevin,1610612760,OKC,Oklahoma City Thunder,0041000312,2011-05-19T00:00:00,OKC @ DAL,W,43.95,11,23,0.478,0,5,0.0,2,3,0.667,0,3,3,4,3,1,1,0,4,5,24,-2,36.6,0,0,35.0,1,1,1,1,60,35,27,627,558,126,558,459,478,619,830,559,746,196,131,278,215,1,1280,160,105,901,233,145,5,203,,43:57,1
2010-11,2199,Tyson Chandler,Tyson,1610612742,DAL,Dallas Mavericks,0041000312,2011-05-19T00:00:00,DAL vs. OKC,L,38.86666666666667,5,10,0.5,0,0,0.0,5,6,0.833,6,7,13,1,1,0,0,3,2,7,15,7,31.1,1,0,29.0,1,802,802,802,245,364,464,417,558,904,558,171,191,443,21,126,35,674,557,734,544,1558,603,66,346,326,360,1,5,358,,38:52,1
2010-11,201566,Russell Westbrook,Russell,1610612760,OKC,Oklahoma City Thunder,0041000312,2011-05-19T00:00:00,OKC @ DAL,W,28.4,7,15,0.467,1,2,0.5,3,4,0.75,3,0,3,4,4,0,0,0,1,2,18,-12,23.6,0,0,26.0,1,1,1,1,668,197,192,639,259,494,169,337,304,518,133,1317,746,196,63,734,544,1,286,541,244,1453,571,145,5,438,,28:24,1
2010-11,2555,Nick Collison,Nick,1610612760,OKC,Oklahoma City Thunder,0041000312,2011-05-19T00:00:00,OKC @ DAL,W,26.388333333333332,2,2,1.0,0,0,0.0,2,4,0.5,2,5,7,2,2,1,2,0,6,3,6,10,24.4,0,0,21.0,1,1,1,1,740,828,1267,1,558,904,558,459,304,699,239,262,276,435,261,278,76,1,1593,354,848,214,544,145,5,585,,26:23,1
2010-11,200826,J.J. Barea,J.J.,1610612742,DAL,Dallas Mavericks,0041000312,2011-05-19T00:00:00,DAL vs. OKC,L,15.666666666666666,4,8,0.5,3,5,0.6,0,0,0.0,0,3,3,4,0,0,0,0,1,2,11,-12,20.6,0,0,21.0,1,802,802,802,1154,478,606,417,44,126,141,899,955,899,830,559,746,196,1010,734,544,1,286,541,521,1453,653,145,5,585,,15:40,1
2010-11,1890,Shawn Marion,Shawn,1610612742,DAL,Dallas Mavericks,0041000312,2011-05-19T00:00:00,DAL vs. OKC,L,24.65,4,13,0.308,0,1,0.0,1,2,0.5,6,2,8,0,1,0,0,0,2,2,9,2,17.6,0,0,17.0,1,802,802,802,815,478,283,1108,558,677,558,704,543,699,21,768,208,1022,557,734,544,1,603,541,632,591,759,145,5,719,,24:39,1
2010-11,201953,Eric Maynor,Eric,1610612760,OKC,Oklahoma City Thunder,0041000312,2011-05-19T00:00:00,OKC @ DAL,W,19.6,5,9,0.556,0,1,0.0,3,3,1.0,1,1,2,1,0,0,0,2,1,2,13,18,16.9,0,0,16.0,1,1,1,1,1004,364,532,361,558,677,558,337,478,1,422,1016,936,674,1010,734,544,1432,286,541,428,42,791,145,5,763,,19:36,1
2010-11,978,Peja Stojakovic,Peja,1610612742,DAL,Dallas Mavericks,0041000312,2011-05-19T00:00:00,DAL vs. OKC,L,18.846666666666668,3,6,0.5,2,5,0.4,0,0,0.0,0,1,1,0,2,1,1,0,0,0,8,0,13.2,0,0,15.0,1,802,802,802,1038,626,814,417,104,126,313,899,955,899,830,1016,1143,1022,261,278,215,1,1,1154,713,728,946,145,5,808,,18:51,1
2010-11,200757,Thabo Sefolosha,Thabo,1610612760,OKC,Oklahoma City Thunder,0041000312,2011-05-19T00:00:00,OKC @ DAL,W,19.161666666666665,1,3,0.333,0,1,0.0,2,2,1.0,1,4,5,0,0,1,1,0,1,1,4,-9,16.0,0,0,13.0,1,1,1,1,1025,1078,1138,960,558,677,558,459,543,1,422,391,458,1022,1010,278,215,1,286,790,1037,1349,825,145,5,903,,19:10,1
2010-11,2570,Kendrick Perkins,Kendrick,1610612760,OKC,Oklahoma City Thunder,0041000312,2011-05-19T00:00:00,OKC @ DAL,W,24.416666666666668,2,2,1.0,0,0,0.0,0,0,0.0,0,4,4,2,3,0,1,0,4,0,4,-8,11.8,0,0,12.0,1,1,1,1,825,828,1267,1,558,904,558,899,955,899,830,391,600,435,131,734,215,1,1280,1154,1037,1306,1007,145,5,946,,24:25,1
2010-11,201586,Serge Ibaka,Serge,1610612760,OKC,Oklahoma City Thunder,0041000312,2011-05-19T00:00:00,OKC @ DAL,W,28.345,2,4,0.5,0,0,0.0,2,2,1.0,2,4,6,0,2,0,0,0,4,1,6,3,11.2,0,0,12.0,1,1,1,1,671,828,1024,417,558,904,558,459,543,1,239,391,351,1022,261,734,544,1,1280,790,848,535,1035,145,5,946,,28:21,1
2010-11,201161,Daequan Cook,Daequan,1610612760,OKC,Oklahoma City Thunder,0041000312,2011-05-19T00:00:00,OKC @ DAL,W,15.838333333333333,3,3,1.0,2,2,1.0,0,0,0.0,0,1,1,0,0,0,0,0,1,0,8,11,9.2,0,0,11.0,1,1,1,1,1149,626,1138,1,104,494,1,899,955,899,830,1016,1143,1022,1010,734,544,1,286,1154,713,190,1132,145,5,1004,,15:50,1
2010-11,2052,DeShawn Stevenson,DeShawn,1610612742,DAL,Dallas Mavericks,0041000312,2011-05-19T00:00:00,DAL vs. OKC,L,27.57,1,6,0.167,1,6,0.167,2,2,1.0,0,1,1,0,1,1,0,0,4,2,5,0,8.2,0,0,9.0,1,802,802,802,691,1078,814,1290,259,77,537,459,543,1,830,1016,1143,1022,557,278,544,1,1280,541,958,728,1180,145,5,1102,,27:34,1
2010-11,1891,Jason Terry,Jason,1610612742,DAL,Dallas Mavericks,0041000312,2011-05-19T00:00:00,DAL vs. OKC,L,29.116666666666667,3,9,0.333,0,2,0.0,2,2,1.0,0,0,0,1,3,0,0,0,4,1,8,-6,6.5,0,0,9.0,1,802,802,802,646,626,532,960,558,494,558,459,543,1,830,1317,1397,674,131,734,544,1,1280,790,713,1182,1252,145,5,1102,,29:07,1
2010-11,2217,Brendan Haywood,Brendan,1610612742,DAL,Dallas Mavericks,0041000312,2011-05-19T00:00:00,DAL vs. OKC,L,7.948333333333333,1,1,1.0,0,0,0.0,0,0,0.0,0,1,1,0,0,0,1,0,4,0,2,-7,6.2,0,0,5.0,1,802,802,802,1398,1078,1386,1,558,904,558,899,955,899,830,1016,1143,1022,1010,734,215,1,1280,1154,1223,1234,1265,145,5,1306,,7:57,1
2010-11,1737,Nazr Mohammed,Nazr,1610612760,OKC,Oklahoma City Thunder,0041000312,2011-05-19T00:00:00,OKC @ DAL,W,1.55,0,0,0.0,0,0,0.0,0,0,0.0,0,0,0,0,0,0,0,0,0,0,0,5,0.0,0,0,0.0,1,1,1,1,1573,1340,1513,1340,558,904,558,899,955,899,830,1317,1397,1022,1010,734,544,1,1,1154,1390,422,1534,145,5,1539,,1:33,1
2010-11,101133,Ian Mahinmi,Ian,1610612742,DAL,Dallas Mavericks,0041000312,2011-05-19T00:00:00,DAL vs. OKC,L,1.185,0,0,0.0,0,0,0.0,0,0,0.0,0,0,0,0,0,0,0,0,2,0,0,-6,0.0,0,0,0.0,1,802,802,802,1578,1340,1513,1340,558,904,558,899,955,899,830,1317,1397,1022,1010,734,544,1,603,1154,1390,1182,1534,145,5,1539,,1:11,1
2010-11,2544,LeBron James,LeBron,1610612748,MIA,Miami Heat,0041000302,2011-05-18T00:00:00,MIA @ CHI,W,45.65,12,21,0.571,2,6,0.333,3,7,0.429,3,7,10,5,5,3,0,0,3,9,29,8,52.5,1,0,52.0,1,1,1,1,26,19,52,315,104,77,351,337,156,870,133,126,111,131,24,34,544,1,980,18,55,286,45,1,5,32,,45:39,1
2010-11,2548,Dwyane Wade,Dwyane,1610612748,MIA,Miami Heat,0041000302,2011-05-18T00:00:00,MIA @ CHI,W,39.895,8,16,0.5,0,0,0.0,8,10,0.8,1,8,9,2,1,1,2,2,3,5,24,19,45.8,0,0,41.0,1,1,1,1,193,132,159,417,558,904,558,73,68,479,422,78,156,435,557,278,76,1432,980,160,105,35,95,145,5,108,,39:54,1
2010-11,201565,Derrick Rose,Derrick,1610612741,CHI,Chicago Bulls,0041000302,2011-05-18T00:00:00,CHI vs. MIA,L,41.788333333333334,7,23,0.304,0,3,0.0,7,10,0.7,5,1,6,8,2,1,0,3,3,9,21,-12,41.2,0,0,37.0,1,802,802,802,127,197,27,1111,558,345,558,94,68,615,41,1016,351,36,261,278,544,1558,980,18,170,1453,149,145,5,176,,41:47,1
2010-11,2430,Carlos Boozer,Carlos,1610612741,CHI,Chicago Bulls,0041000302,2011-05-18T00:00:00,CHI vs. MIA,L,26.89666666666667,3,10,0.3,0,0,0.0,1,2,0.5,4,4,8,2,2,2,2,1,2,2,7,-3,29.6,0,0,25.0,1,802,802,802,718,626,464,1112,558,904,558,704,543,699,75,391,208,435,261,95,76,1013,603,541,789,985,402,145,5,465,,26:54,1
2010-11,2617,Udonis Haslem,Udonis,1610612748,MIA,Miami Heat,0041000302,2011-05-18T00:00:00,MIA @ CHI,W,23.2,5,10,0.5,0,0,0.0,3,3,1.0,3,2,5,2,1,1,1,2,3,3,13,-11,27.0,0,0,24.0,1,1,1,1,869,364,464,417,558,904,558,337,478,1,133,768,458,435,557,278,215,1432,980,354,428,1419,466,145,5,495,,23:12,1
2010-11,201149,Joakim Noah,Joakim,1610612741,CHI,Chicago Bulls,0041000302,2011-05-18T00:00:00,CHI vs. MIA,L,31.496666666666666,4,9,0.444,0,0,0.0,1,2,0.5,5,3,8,1,1,1,1,1,4,1,9,-13,25.1,0,0,22.0,1,802,802,802,553,478,532,686,558,904,558,704,543,699,41,559,208,674,557,278,215,1013,1280,790,632,1483,522,145,5,557,,31:30,1
2010-11,2736,Luol Deng,Luol,1610612741,CHI,Chicago Bulls,0041000302,2011-05-18T00:00:00,CHI vs. MIA,L,45.93333333333333,5,15,0.333,1,7,0.143,2,2,1.0,2,3,5,2,4,0,0,1,3,3,13,-8,18.0,0,0,21.0,1,802,802,802,20,364,192,960,259,36,548,459,543,1,239,559,458,435,63,734,544,1013,980,354,428,1306,740,145,5,585,,45:56,1
2010-11,2547,Chris Bosh,Chris,1610612748,MIA,Miami Heat,0041000302,2011-05-18T00:00:00,MIA @ CHI,W,42.295,4,8,0.5,0,0,0.0,2,2,1.0,1,7,8,2,2,0,0,0,1,1,10,22,20.6,0,0,20.0,1,1,1,1,98,478,606,417,558,904,558,459,543,1,422,126,208,435,261,734,544,1,286,790,568,24,653,145,5,614,,42:18,1
2010-11,200758,Ronnie Brewer,Ronnie,1610612741,CHI,Chicago Bulls,0041000302,2011-05-18T00:00:00,CHI vs. MIA,L,16.04,2,4,0.5,0,0,0.0,3,4,0.75,0,4,4,2,0,2,0,0,0,2,7,5,20.8,0,0,17.0,1,802,802,802,1145,828,1024,417,558,904,558,337,304,518,830,391,600,435,1010,95,544,1,1,541,789,422,648,145,5,719,,16:02,1
2010-11,201959,Taj Gibson,Taj,1610612741,CHI,Chicago Bulls,0041000302,2011-05-18T00:00:00,CHI vs. MIA,L,21.10333333333333,4,7,0.571,0,0,0.0,0,1,0.0,1,0,1,0,0,0,3,0,2,1,8,-7,18.2,0,0,15.0,1,802,802,802,960,478,692,315,558,904,558,899,881,899,422,1317,1143,1022,1010,734,27,1,603,790,713,1234,730,145,5,808,,21:06,1
2010-11,1710,Mike Bibby,Mike,1610612748,MIA,Miami Heat,0041000302,2011-05-18T00:00:00,MIA @ CHI,W,34.87166666666667,1,6,0.167,1,5,0.2,2,2,1.0,0,2,2,4,0,0,1,0,3,3,5,16,16.4,0,0,14.0,1,1,1,1,406,1078,814,1290,259,126,510,459,543,1,830,768,936,196,1010,734,215,1,980,354,958,69,805,145,5,860,,34:52,1
2010-11,2034,Mike Miller,Mike,1610612748,MIA,Miami Heat,0041000302,2011-05-18T00:00:00,MIA @ CHI,W,18.3,1,2,0.5,0,1,0.0,0,0,0.0,1,6,7,1,0,1,0,0,3,0,2,-11,14.9,0,0,12.0,1,1,1,1,1055,1078,1267,417,558,677,558,899,955,899,422,187,276,674,1010,278,544,1,980,1154,1223,1419,868,145,5,946,,18:18,1
2010-11,2594,Kyle Korver,Kyle,1610612741,CHI,Chicago Bulls,0041000302,2011-05-18T00:00:00,CHI vs. MIA,L,17.626666666666665,1,7,0.143,1,5,0.2,0,0,0.0,0,4,4,0,0,0,0,0,4,0,3,-8,7.8,0,0,8.0,1,802,802,802,1083,1078,692,1315,259,126,510,899,955,899,830,391,600,1022,1010,734,544,1,1280,1154,1146,1306,1196,145,5,1150,,17:38,1
2010-11,2586,Keith Bogans,Keith,1610612741,CHI,Chicago Bulls,0041000302,2011-05-18T00:00:00,CHI vs. MIA,L,16.4,2,5,0.4,1,4,0.25,0,2,0.0,0,2,2,0,0,0,0,0,3,3,5,-9,7.4,0,0,8.0,1,802,802,802,1123,828,926,796,259,223,449,899,543,899,830,768,936,1022,1010,734,544,1,980,354,958,1349,1208,145,5,1150,,16:24,1
2010-11,201202,Joel Anthony,Joel,1610612748,MIA,Miami Heat,0041000302,2011-05-18T00:00:00,MIA @ CHI,W,22.471666666666668,0,1,0.0,0,0,0.0,0,0,0.0,1,1,2,1,2,1,1,1,4,0,0,16,7.9,0,0,7.0,1,1,1,1,894,1340,1386,1340,558,904,558,899,955,899,422,1016,936,674,261,278,215,1013,1280,1154,1390,69,1190,145,5,1201,,22:28,1
2010-11,2048,Jamaal Magloire,Jamaal,1610612748,MIA,Miami Heat,0041000302,2011-05-18T00:00:00,MIA @ CHI,W,4.505,1,2,0.5,0,0,0.0,0,0,0.0,0,2,2,1,1,0,0,1,3,1,2,-2,4.9,0,0,5.0,1,1,1,1,1496,1078,1267,417,558,904,558,899,955,899,830,768,936,674,557,734,544,1013,980,790,1223,901,1354,145,5,1306,,4:30,1
2010-11,201600,Omer Asik,Omer,1610612741,CHI,Chicago Bulls,0041000302,2011-05-18T00:00:00,CHI vs. MIA,L,16.503333333333334,0,0,0.0,0,0,0.0,0,1,0.0,0,2,2,0,1,0,1,0,2,2,0,3,4.4,0,0,4.0,1,802,802,802,1119,1340,1513,1340,558,904,558,899,881,899,830,768,936,1022,557,734,215,1,603,541,1390,535,1363,145,5,1362,,16:30,1
2010-11,201228,C.J. Watson,C.J.,1610612741,CHI,Chicago Bulls,0041000302,2011-05-18T00:00:00,CHI vs. MIA,L,6.211666666666667,0,2,0.0,0,1,0.0,2,2,1.0,0,1,1,0,0,0,0,0,2,3,2,2,3.2,0,0,3.0,1,802,802,802,1446,1340,1267,1340,558,677,558,459,543,1,830,1016,1143,1022,1010,734,544,1,603,354,1223,591,1413,145,5,1411,,6:13,1
2010-11,201596,Mario Chalmers,Mario,1610612748,MIA,Miami Heat,0041000302,2011-05-18T00:00:00,MIA @ CHI,W,5.283333333333333,0,1,0.0,0,1,0.0,0,0,0.0,0,0,0,0,3,0,1,0,3,3,0,-2,0.0,0,0,2.0,1,1,1,1,1475,1340,1386,1340,558,677,558,899,955,899,830,1317,1397,1022,131,734,215,1,980,354,1390,901,1534,145,5,1461,,5:17,1
2010-11,2592,James Jones,James,1610612748,MIA,Miami Heat,0041000302,2011-05-18T00:00:00,MIA @ CHI,W,1.7783333333333333,0,0,0.0,0,0,0.0,0,0,0.0,0,0,0,0,0,0,0,0,0,0,0,-2,0.0,0,0,0.0,1,1,1,1,1569,1340,1513,1340,558,904,558,899,955,899,830,1317,1397,1022,1010,734,544,1,1,1154,1390,901,1534,145,5,1539,,1:47,1
2010-11,436,Juwan Howard,Juwan,1610612748,MIA,Miami Heat,0041000302,2011-05-18T00:00:00,MIA @ CHI,W,1.75,0,1,0.0,0,0,0.0,0,0,0.0,0,0,0,0,0,0,0,1,0,0,0,-3,0.0,0,0,0.0,1,1,1,1,1570,1340,1386,1340,558,904,558,899,955,899,830,1317,1397,1022,1010,734,544,1013,1,1154,1390,985,1534,145,5,1539,,1:45,1
2010-11,1717,Dirk Nowitzki,Dirk,1610612742,DAL,Dallas Mavericks,0041000311,2011-05-17T00:00:00,DAL vs. OKC,W,40.9,12,15,0.8,0,0,0.0,24,24,1.0,0,6,6,4,2,0,4,0,3,16,48,12,71.2,0,0,66.0,1,1,1,1,156,19,192,107,558,904,558,1,1,1,830,187,351,196,261,734,12,1,980,2,1,163,3,145,5,3,,40:54,1
2010-11,201142,Kevin Durant,Kevin,1610612760,OKC,Oklahoma City Thunder,0041000311,2011-05-17T00:00:00,OKC @ DAL,L,41.88333333333333,10,18,0.556,2,5,0.4,18,19,0.947,0,8,8,5,3,1,2,0,3,10,40,-1,63.1,0,0,61.0,1,802,802,802,121,54,109,361,104,126,313,3,4,379,830,78,208,131,131,278,76,1,980,10,7,825,9,145,5,6,,41:53,1
2010-11,1891,Jason Terry,Jason,1610612742,DAL,Dallas Mavericks,0041000311,2011-05-17T00:00:00,DAL vs. OKC,W,32.843333333333334,8,16,0.5,4,8,0.5,4,4,1.0,0,1,1,2,1,0,1,0,4,3,24,15,30.2,0,0,33.0,1,1,1,1,501,132,159,417,18,18,169,234,304,1,830,1016,1143,435,557,734,215,1,1280,354,105,85,385,145,5,259,,32:51,1
2010-11,201566,Russell Westbrook,Russell,1610612760,OKC,Oklahoma City Thunder,0041000311,2011-05-17T00:00:00,OKC @ DAL,L,38.18333333333333,3,15,0.2,0,0,0.0,14,18,0.778,1,2,3,3,4,1,0,3,2,10,20,-7,27.1,0,0,28.0,1,802,802,802,274,626,192,1262,558,904,558,8,6,513,422,768,746,291,63,278,544,1558,603,10,198,1234,463,145,5,376,,38:11,1
2010-11,200826,J.J. Barea,J.J.,1610612742,DAL,Dallas Mavericks,0041000311,2011-05-17T00:00:00,DAL vs. OKC,W,16.19,8,12,0.667,2,3,0.667,3,3,1.0,1,2,3,1,2,0,0,0,0,3,21,-2,24.1,0,0,27.0,1,1,1,1,1137,132,341,175,104,345,102,337,478,1,422,768,746,674,261,734,544,1,1,354,170,901,556,145,5,405,,16:11,1
2010-11,1890,Shawn Marion,Shawn,1610612742,DAL,Dallas Mavericks,0041000311,2011-05-17T00:00:00,DAL vs. OKC,W,26.933333333333334,5,10,0.5,0,0,0.0,1,1,1.0,3,4,7,3,2,1,1,3,6,1,11,10,27.9,0,0,25.0,1,1,1,1,714,364,464,417,558,904,558,704,881,1,133,391,276,291,261,278,215,1558,1593,790,521,214,445,145,5,465,,26:56,1
2010-11,201586,Serge Ibaka,Serge,1610612760,OKC,Oklahoma City Thunder,0041000311,2011-05-17T00:00:00,OKC @ DAL,L,31.626666666666665,7,11,0.636,0,0,0.0,3,3,1.0,2,4,6,0,0,1,0,1,5,3,17,-2,27.2,0,0,25.0,1,802,802,802,547,197,409,243,558,904,558,337,478,1,239,391,351,1022,1010,278,544,1013,1479,354,278,901,460,145,5,465,,31:38,1
2010-11,467,Jason Kidd,Jason,1610612742,DAL,Dallas Mavericks,0041000311,2011-05-17T00:00:00,DAL vs. OKC,W,35.35,1,3,0.333,1,3,0.333,0,0,0.0,0,3,3,11,3,3,0,0,3,0,3,9,29.1,0,0,24.0,1,1,1,1,390,1078,1138,960,259,345,351,899,955,899,830,559,746,12,131,34,544,1,980,1154,1146,250,419,145,5,495,,35:21,1
2010-11,201935,James Harden,James,1610612760,OKC,Oklahoma City Thunder,0041000311,2011-05-17T00:00:00,OKC @ DAL,L,35.916666666666664,5,9,0.556,1,4,0.25,1,1,1.0,0,2,2,4,0,1,1,0,4,3,12,-13,26.4,0,0,23.0,1,802,802,802,366,364,532,361,259,223,449,704,881,1,830,768,936,196,1010,278,215,1,1280,354,472,1483,480,145,5,531,,35:55,1
2010-11,2570,Kendrick Perkins,Kendrick,1610612760,OKC,Oklahoma City Thunder,0041000311,2011-05-17T00:00:00,OKC @ DAL,L,27.783333333333335,3,4,0.75,0,0,0.0,1,2,0.5,2,3,5,2,0,1,0,1,2,1,7,-14,19.0,0,0,16.0,1,802,802,802,687,626,1024,122,558,904,558,704,543,699,239,559,458,435,1010,278,544,1013,603,790,789,1512,700,145,5,763,,27:47,1
2010-11,2199,Tyson Chandler,Tyson,1610612742,DAL,Dallas Mavericks,0041000311,2011-05-17T00:00:00,DAL vs. OKC,W,24.766666666666666,1,2,0.5,0,0,0.0,1,2,0.5,2,6,8,0,1,0,2,0,4,3,3,1,17.6,0,0,15.0,1,1,1,1,809,1078,1267,417,558,904,558,704,543,699,239,187,208,1022,557,734,76,1,1280,354,1146,654,759,145,5,808,,24:46,1
2010-11,200757,Thabo Sefolosha,Thabo,1610612760,OKC,Oklahoma City Thunder,0041000311,2011-05-17T00:00:00,OKC @ DAL,L,19.44,2,2,1.0,2,2,1.0,0,0,0.0,0,1,1,2,1,2,0,0,4,0,6,-2,15.2,0,0,15.0,1,802,802,802,1009,828,1267,1,104,494,1,899,955,899,830,1016,1143,435,557,95,544,1,1280,1154,848,901,854,145,5,808,,19:26,1
2010-11,2555,Nick Collison,Nick,1610612760,OKC,Oklahoma City Thunder,0041000311,2011-05-17T00:00:00,OKC @ DAL,L,16.816666666666666,2,4,0.5,0,0,0.0,0,0,0.0,5,0,5,1,3,0,0,0,4,1,4,7,8.5,0,0,10.0,1,802,802,802,1108,828,1024,417,558,904,558,899,955,899,41,1317,458,674,131,734,544,1,1280,790,1037,326,1167,145,5,1052,,16:49,1
2010-11,978,Peja Stojakovic,Peja,1610612742,DAL,Dallas Mavericks,0041000311,2011-05-17T00:00:00,DAL vs. OKC,W,20.518333333333334,1,8,0.125,1,6,0.167,0,0,0.0,1,1,2,1,0,1,0,0,0,0,3,-1,9.9,0,0,9.0,1,1,1,1,977,1078,606,1325,259,77,537,899,955,899,422,1016,936,674,1010,278,544,1,1,1154,1146,825,1104,145,5,1102,,20:31,1
2010-11,201161,Daequan Cook,Daequan,1610612760,OKC,Oklahoma City Thunder,0041000311,2011-05-17T00:00:00,OKC @ DAL,L,7.966666666666667,2,4,0.5,2,3,0.667,0,0,0.0,0,0,0,0,0,0,0,0,1,0,6,-9,6.0,0,0,8.0,1,802,802,802,1397,828,1024,417,104,345,102,899,955,899,830,1317,1397,1022,1010,734,544,1,286,1154,848,1349,1279,145,5,1150,,7:58,1
2010-11,2217,Brendan Haywood,Brendan,1610612742,DAL,Dallas Mavericks,0041000311,2011-05-17T00:00:00,DAL vs. OKC,W,23.233333333333334,1,1,1.0,0,0,0.0,1,2,0.5,1,2,3,0,0,0,0,0,3,1,3,8,6.6,0,0,6.0,1,1,1,1,866,1078,1386,1,558,904,558,704,543,699,422,768,746,1022,1010,734,544,1,980,790,1146,286,1247,145,5,1256,,23:14,1
2010-11,2052,DeShawn Stevenson,DeShawn,1610612742,DAL,Dallas Mavericks,0041000311,2011-05-17T00:00:00,DAL vs. OKC,W,14.5,1,4,0.25,1,3,0.333,0,0,0.0,0,0,0,0,0,1,0,0,4,0,3,-1,6.0,0,0,6.0,1,1,1,1,1209,1078,1024,1175,259,345,351,899,955,899,830,1317,1397,1022,1010,278,544,1,1280,1154,1146,825,1279,145,5,1256,,14:30,1
2010-11,201953,Eric Maynor,Eric,1610612760,OKC,Oklahoma City Thunder,0041000311,2011-05-17T00:00:00,OKC @ DAL,L,9.816666666666666,0,1,0.0,0,0,0.0,0,0,0.0,0,2,2,2,1,0,0,1,2,0,0,-2,4.4,0,0,4.0,1,802,802,802,1354,1340,1386,1340,558,904,558,899,955,899,830,768,936,435,557,734,544,1013,603,1154,1390,901,1363,145,5,1362,,9:49,1
2010-11,201147,Corey Brewer,Corey,1610612742,DAL,Dallas Mavericks,0041000311,2011-05-17T00:00:00,DAL vs. OKC,W,4.765,1,2,0.5,0,0,0.0,0,0,0.0,0,0,0,0,1,1,0,0,1,0,2,-6,4.0,0,0,4.0,1,1,1,1,1487,1078,1267,417,558,904,558,899,955,899,830,1317,1397,1022,557,278,544,1,286,1154,1223,1182,1384,145,5,1362,,4:46,1
2010-11,1737,Nazr Mohammed,Nazr,1610612760,OKC,Oklahoma City Thunder,0041000311,2011-05-17T00:00:00,OKC @ DAL,L,4.883333333333334,0,1,0.0,0,0,0.0,0,0,0.0,1,2,3,0,1,0,0,1,0,0,0,-2,2.6,0,0,3.0,1,802,802,802,1485,1340,1386,1340,558,904,558,899,955,899,422,768,746,1022,557,734,544,1013,1,1154,1390,901,1460,145,5,1411,,4:53,1
2010-11,101126,Nate Robinson,Nate,1610612760,OKC,Oklahoma City Thunder,0041000311,2011-05-17T00:00:00,OKC @ DAL,L,5.683333333333334,0,3,0.0,0,2,0.0,0,0,0.0,0,0,0,0,0,0,0,1,0,0,0,0,0.0,0,0,0.0,1,802,802,802,1465,1340,1138,1340,558,494,558,899,955,899,830,1317,1397,1022,1010,734,544,1013,1,1154,1390,728,1534,145,5,1539,,5:41,1
2010-11,201142,Kevin Durant,Kevin,1610612760,OKC,Oklahoma City Thunder,0041000227,2011-05-15T00:00:00,OKC vs. MEM,W,38.85,13,25,0.52,4,9,0.444,9,9,1.0,1,8,9,2,2,0,3,1,2,6,39,18,59.8,0,0,60.0,1,1,1,1,247,10,17,415,18,9,300,51,91,1,422,78,156,435,261,734,27,1013,603,104,10,42,17,145,5,8,,38:51,1
2010-11,2736,Luol Deng,Luol,1610612741,CHI,Chicago Bulls,0041000301,2011-05-15T00:00:00,CHI vs. MIA,W,44.78333333333333,7,15,0.467,4,6,0.667,3,3,1.0,2,5,7,2,0,4,1,2,2,2,21,18,47.4,0,0,44.0,1,1,1,1,44,197,192,639,18,77,102,337,478,1,239,262,276,435,1010,5,215,1432,603,541,170,42,78,145,5,88,,44:47,1
2010-11,201566,Russell Westbrook,Russell,1610612760,OKC,Oklahoma City Thunder,0041000227,2011-05-15T00:00:00,OKC vs. MEM,W,35.458333333333336,4,12,0.333,0,0,0.0,6,6,1.0,6,4,10,14,5,0,1,0,2,5,14,19,45.0,1,1,40.0,1,1,1,1,380,478,341,960,558,904,558,118,191,1,21,391,111,3,24,734,215,1,603,160,391,35,102,1,1,117,,35:28,1
2010-11,2547,Chris Bosh,Chris,1610612748,MIA,Miami Heat,0041000301,2011-05-15T00:00:00,MIA @ CHI,L,36.973333333333336,12,17,0.706,0,0,0.0,6,6,1.0,2,7,9,0,2,0,0,0,3,4,30,-15,38.8,0,0,39.0,1,802,802,802,328,19,140,162,558,904,558,118,191,1,239,126,156,1022,261,734,544,1,980,242,49,1530,191,145,5,133,,36:58,1
2010-11,2544,LeBron James,LeBron,1610612748,MIA,Miami Heat,0041000301,2011-05-15T00:00:00,MIA @ CHI,L,41.2,5,15,0.333,1,3,0.333,4,4,1.0,1,5,6,6,4,2,3,2,2,4,15,-14,42.2,0,0,38.0,1,802,802,802,144,364,192,960,259,345,351,234,304,1,422,262,351,82,63,95,27,1432,603,242,346,1512,132,145,5,149,,41:12,1
2010-11,201935,James Harden,James,1610612760,OKC,Oklahoma City Thunder,0041000227,2011-05-15T00:00:00,OKC vs. MEM,W,31.166666666666668,6,10,0.6,4,8,0.5,1,4,0.25,0,4,4,3,1,4,1,0,0,4,17,24,40.3,0,0,38.0,1,1,1,1,561,264,464,266,18,18,169,704,304,891,830,391,600,291,557,5,215,1,1,242,278,17,163,145,5,149,,31:10,1
2010-11,201565,Derrick Rose,Derrick,1610612741,CHI,Chicago Bulls,0041000301,2011-05-15T00:00:00,CHI vs. MIA,W,38.333333333333336,10,22,0.455,3,7,0.429,5,6,0.833,0,1,1,6,4,0,0,1,0,3,28,14,34.2,0,0,38.0,1,1,1,1,270,54,35,664,44,36,304,171,191,443,830,1016,1143,82,63,734,544,1013,1,354,64,103,306,145,5,149,,38:20,1
2010-11,201149,Joakim Noah,Joakim,1610612741,CHI,Chicago Bulls,0041000301,2011-05-15T00:00:00,CHI vs. MIA,W,35.733333333333334,4,14,0.286,0,0,0.0,1,2,0.5,8,6,14,4,1,2,2,2,1,1,9,15,42.8,0,0,35.0,1,1,1,1,372,478,229,1127,558,904,558,704,543,699,4,187,24,196,557,95,76,1432,286,790,632,85,128,145,5,203,,35:44,1
2010-11,2216,Zach Randolph,Zach,1610612763,MEM,Memphis Grizzlies,0041000227,2011-05-15T00:00:00,MEM @ OKC,L,38.03333333333333,6,15,0.4,0,0,0.0,5,6,0.833,6,4,10,1,1,1,1,1,3,6,17,-17,35.5,1,0,32.0,1,802,802,802,281,264,192,796,558,904,558,171,191,443,21,391,111,674,557,278,215,1013,980,104,278,1559,270,1,5,286,,38:02,1
2010-11,201144,Mike Conley,Mike,1610612763,MEM,Memphis Grizzlies,0041000227,2011-05-15T00:00:00,MEM @ OKC,L,40.151666666666664,7,19,0.368,2,3,0.667,2,2,1.0,1,4,5,6,3,0,0,5,2,2,18,-18,30.0,0,0,31.0,1,802,802,802,184,197,88,931,104,345,102,459,543,1,422,391,458,82,131,734,544,1614,603,541,244,1569,393,145,5,313,,40:09,1
2010-11,2548,Dwyane Wade,Dwyane,1610612748,MIA,Miami Heat,0041000301,2011-05-15T00:00:00,MIA @ CHI,L,39.361666666666665,7,17,0.412,0,1,0.0,4,4,1.0,0,3,3,3,4,3,0,1,1,3,18,-22,31.1,0,0,30.0,1,802,802,802,217,197,140,791,558,677,558,234,304,1,830,559,746,291,63,34,544,1013,286,354,244,1595,360,145,5,338,,39:22,1
2010-11,2555,Nick Collison,Nick,1610612760,OKC,Oklahoma City Thunder,0041000227,2011-05-15T00:00:00,OKC vs. MEM,W,33.0,3,4,0.75,0,0,0.0,2,2,1.0,4,8,12,1,0,1,3,1,3,2,8,26,35.9,0,0,29.0,1,1,1,1,493,626,1024,122,558,904,558,459,543,1,75,78,49,674,1010,278,27,1013,980,541,713,13,259,145,5,358,,33:00,1
2010-11,2430,Carlos Boozer,Carlos,1610612741,CHI,Chicago Bulls,0041000301,2011-05-15T00:00:00,CHI vs. MIA,W,25.956666666666667,5,10,0.5,0,0,0.0,4,4,1.0,4,5,9,2,1,1,0,1,2,2,14,1,29.8,0,0,27.0,1,1,1,1,755,364,464,417,558,904,558,234,304,1,75,262,156,435,557,278,544,1013,603,541,391,654,398,145,5,405,,25:57,1
2010-11,201188,Marc Gasol,Marc,1610612763,MEM,Memphis Grizzlies,0041000227,2011-05-15T00:00:00,MEM @ OKC,L,37.11666666666667,4,10,0.4,0,0,0.0,4,4,1.0,2,5,7,1,2,0,2,1,3,5,12,-8,25.9,0,0,24.0,1,802,802,802,323,478,464,796,558,904,558,234,304,1,239,262,276,674,261,734,76,1013,980,160,472,1306,501,145,5,495,,37:07,1
2010-11,201564,O.J. Mayo,O.J.,1610612763,MEM,Memphis Grizzlies,0041000227,2011-05-15T00:00:00,MEM @ OKC,L,31.783333333333335,5,12,0.417,1,5,0.2,3,5,0.6,1,4,5,2,1,0,1,1,4,2,14,-19,25.0,0,0,24.0,1,802,802,802,543,364,341,775,259,126,510,337,256,677,422,391,458,435,557,734,215,1013,1280,541,391,1576,524,145,5,495,,31:47,1
2010-11,201959,Taj Gibson,Taj,1610612741,CHI,Chicago Bulls,0041000301,2011-05-15T00:00:00,CHI vs. MIA,W,23.076666666666668,4,8,0.5,0,0,0.0,1,1,1.0,3,4,7,2,1,0,2,0,3,3,9,17,25.4,0,0,22.0,1,1,1,1,874,478,606,417,558,904,558,704,881,1,133,391,276,435,557,734,76,1,980,354,632,54,516,145,5,557,,23:05,1
2010-11,2754,Tony Allen,Tony,1610612763,MEM,Memphis Grizzlies,0041000227,2011-05-15T00:00:00,MEM @ OKC,L,27.458333333333332,3,6,0.5,0,1,0.0,1,2,0.5,1,2,3,1,1,4,1,1,3,1,7,-3,26.1,0,0,21.0,1,802,802,802,695,626,814,417,558,677,558,704,543,699,422,768,746,674,557,5,215,1013,980,790,789,985,494,145,5,585,,27:28,1
2010-11,201202,Joel Anthony,Joel,1610612748,MIA,Miami Heat,0041000301,2011-05-15T00:00:00,MIA @ CHI,L,30.583333333333332,0,1,0.0,0,0,0.0,0,0,0.0,2,4,6,0,0,1,3,1,3,1,0,-8,19.2,0,0,14.0,1,802,802,802,590,1340,1386,1340,558,904,558,899,955,899,239,391,351,1022,1010,278,27,1013,980,790,1390,1306,693,145,5,860,,30:35,1
2010-11,201228,C.J. Watson,C.J.,1610612741,CHI,Chicago Bulls,0041000301,2011-05-15T00:00:00,CHI vs. MIA,W,9.666666666666666,1,4,0.25,1,2,0.5,0,0,0.0,2,0,2,5,0,1,0,0,0,0,3,7,15.9,0,0,13.0,1,1,1,1,1356,1078,1024,1175,259,494,169,899,955,899,239,1317,936,131,1010,278,544,1,1,1154,1146,326,828,145,5,903,,9:40,1
2010-11,200758,Ronnie Brewer,Ronnie,1610612741,CHI,Chicago Bulls,0041000301,2011-05-15T00:00:00,CHI vs. MIA,W,19.176666666666666,3,5,0.6,0,1,0.0,2,2,1.0,0,3,3,0,0,1,0,0,1,1,8,13,14.6,0,0,13.0,1,1,1,1,1024,626,926,266,558,677,558,459,543,1,830,559,746,1022,1010,278,544,1,286,790,713,129,880,145,5,903,,19:11,1
2010-11,2570,Kendrick Perkins,Kendrick,1610612760,OKC,Oklahoma City Thunder,0041000227,2011-05-15T00:00:00,OKC vs. MEM,W,31.183333333333334,2,4,0.5,0,0,0.0,0,0,0.0,2,1,3,0,1,0,2,1,4,1,4,6,12.6,0,0,11.0,1,1,1,1,559,828,1024,417,558,904,558,899,955,899,239,1016,746,1022,557,734,76,1013,1280,790,1037,371,975,145,5,1004,,31:11,1
2010-11,200757,Thabo Sefolosha,Thabo,1610612760,OKC,Oklahoma City Thunder,0041000227,2011-05-15T00:00:00,OKC vs. MEM,W,15.0,2,5,0.4,0,3,0.0,0,0,0.0,0,3,3,2,3,1,0,0,2,0,4,-5,10.6,0,0,11.0,1,1,1,1,1190,828,926,796,558,345,558,899,955,899,830,559,746,435,131,278,544,1,603,1154,1037,1135,1068,145,5,1004,,15:00,1
2010-11,201596,Mario Chalmers,Mario,1610612748,MIA,Miami Heat,0041000301,2011-05-15T00:00:00,MIA @ CHI,L,22.748333333333335,4,7,0.571,1,2,0.5,0,0,0.0,0,1,1,0,3,0,0,0,2,0,9,-14,7.2,0,0,11.0,1,802,802,802,888,478,692,315,259,494,169,899,955,899,830,1016,1143,1022,131,734,544,1,603,1154,632,1512,1216,145,5,1004,,22:45,1
2010-11,2203,Shane Battier,Shane,1610612763,MEM,Memphis Grizzlies,0041000227,2011-05-15T00:00:00,MEM @ OKC,L,27.9,2,6,0.333,0,3,0.0,0,0,0.0,2,2,4,0,0,1,0,1,2,2,4,-15,11.8,0,0,10.0,1,802,802,802,684,828,814,960,558,345,558,899,955,899,239,768,600,1022,1010,278,544,1013,603,541,1037,1530,1007,145,5,1052,,27:54,1
2010-11,1737,Nazr Mohammed,Nazr,1610612760,OKC,Oklahoma City Thunder,0041000227,2011-05-15T00:00:00,OKC vs. MEM,W,15.25,3,4,0.75,0,0,0.0,0,0,0.0,0,1,1,0,0,1,0,1,3,0,6,10,10.2,0,0,9.0,1,1,1,1,1182,626,1024,122,558,904,558,899,955,899,830,1016,1143,1022,1010,278,544,1013,980,1154,848,214,1088,145,5,1102,,15:15,1
2010-11,202349,Greivis Vasquez,Greivis,1610612763,MEM,Memphis Grizzlies,0041000227,2011-05-15T00:00:00,MEM @ OKC,L,7.848333333333334,2,4,0.5,1,2,0.5,0,0,0.0,1,0,1,2,2,0,0,1,1,0,5,3,7.2,0,0,9.0,1,802,802,802,1402,828,1024,417,259,494,169,899,955,899,422,1317,1143,435,261,734,544,1013,286,1154,958,535,1216,145,5,1102,,7:51,1
2010-11,1710,Mike Bibby,Mike,1610612748,MIA,Miami Heat,0041000301,2011-05-15T00:00:00,MIA @ CHI,L,22.761666666666667,2,4,0.5,0,1,0.0,0,0,0.0,0,2,2,2,2,0,0,0,0,1,4,-5,7.4,0,0,8.0,1,802,802,802,885,828,1024,417,558,677,558,899,955,899,830,768,936,435,261,734,544,1,1,790,1037,1135,1208,145,5,1150,,22:46,1
2010-11,2594,Kyle Korver,Kyle,1610612741,CHI,Chicago Bulls,0041000301,2011-05-15T00:00:00,CHI vs. MIA,W,16.55666666666667,1,3,0.333,1,2,0.5,0,0,0.0,0,0,0,1,0,1,0,0,2,0,3,9,7.5,0,0,7.0,1,1,1,1,1116,1078,1138,960,259,494,169,899,955,899,830,1317,1397,674,1010,278,544,1,603,1154,1146,250,1204,145,5,1201,,16:33,1
2010-11,2586,Keith Bogans,Keith,1610612741,CHI,Chicago Bulls,0041000301,2011-05-15T00:00:00,CHI vs. MIA,W,15.483333333333333,1,4,0.25,1,3,0.333,0,0,0.0,0,0,0,1,0,1,0,0,2,1,3,2,7.5,0,0,7.0,1,1,1,1,1166,1078,1024,1175,259,345,351,899,955,899,830,1317,1397,674,1010,278,544,1,603,790,1146,591,1204,145,5,1201,,15:29,1
2010-11,201953,Eric Maynor,Eric,1610612760,OKC,Oklahoma City Thunder,0041000227,2011-05-15T00:00:00,OKC vs. MEM,W,12.541666666666666,1,3,0.333,1,2,0.5,0,0,0.0,0,1,1,2,0,0,0,0,1,0,3,-4,7.2,0,0,7.0,1,1,1,1,1283,1078,1138,960,259,494,169,899,955,899,830,1016,1143,435,1010,734,544,1,286,1154,1146,1048,1216,145,5,1201,,12:33,1
2010-11,101126,Nate Robinson,Nate,1610612760,OKC,Oklahoma City Thunder,0041000227,2011-05-15T00:00:00,OKC vs. MEM,W,1.8333333333333333,1,1,1.0,1,1,1.0,2,2,1.0,0,0,0,1,0,0,0,0,0,1,5,-4,6.5,0,0,7.0,1,1,1,1,1565,1078,1386,1,259,677,1,459,543,1,830,1317,1397,674,1010,734,544,1,1,790,958,1048,1252,145,5,1201,,1:50,1
2010-11,201600,Omer Asik,Omer,1610612741,CHI,Chicago Bulls,0041000301,2011-05-15T00:00:00,CHI vs. MIA,W,11.233333333333333,2,2,1.0,0,0,0.0,1,2,0.5,0,2,2,0,2,0,0,0,0,2,5,9,5.4,0,0,7.0,1,1,1,1,1320,828,1267,1,558,904,558,704,543,699,830,768,936,1022,261,734,544,1,1,541,958,250,1323,145,5,1201,,11:14,1
2010-11,2048,Jamaal Magloire,Jamaal,1610612748,MIA,Miami Heat,0041000301,2011-05-15T00:00:00,MIA @ CHI,L,10.133333333333333,1,3,0.333,0,0,0.0,0,0,0.0,1,1,2,0,0,1,0,1,1,0,2,-8,7.4,0,0,6.0,1,802,802,802,1347,1078,1138,960,558,904,558,899,955,899,422,1016,936,1022,1010,278,544,1013,286,1154,1223,1306,1208,145,5,1256,,10:08,1
2010-11,2592,James Jones,James,1610612748,MIA,Miami Heat,0041000301,2011-05-15T00:00:00,MIA @ CHI,L,24.1,1,2,0.5,1,1,1.0,1,1,1.0,0,1,1,0,0,0,0,0,3,0,4,-8,5.2,0,0,6.0,1,802,802,802,834,1078,1267,417,259,677,1,704,881,1,830,1016,1143,1022,1010,734,544,1,980,1154,1037,1306,1332,145,5,1256,,24:06,1
2010-11,201589,Darrell Arthur,Darrell,1610612763,MEM,Memphis Grizzlies,0041000227,2011-05-15T00:00:00,MEM @ OKC,L,16.511666666666667,2,6,0.333,1,1,1.0,0,0,0.0,0,0,0,0,0,0,0,0,1,0,5,-13,5.0,0,0,6.0,1,802,802,802,1118,828,814,960,259,677,1,899,955,899,830,1317,1397,1022,1010,734,544,1,286,1154,958,1483,1346,145,5,1256,,16:31,1
2010-11,201586,Serge Ibaka,Serge,1610612760,OKC,Oklahoma City Thunder,0041000227,2011-05-15T00:00:00,OKC vs. MEM,W,12.983333333333333,1,4,0.25,0,0,0.0,0,0,0.0,1,0,1,0,0,0,1,1,2,1,2,-7,6.2,0,0,5.0,1,1,1,1,1263,1078,1024,1175,558,904,558,899,955,899,422,1317,1143,1022,1010,734,215,1013,603,790,1223,1234,1265,145,5,1306,,12:59,1
2010-11,201970,Sam Young,Sam,1610612763,MEM,Memphis Grizzlies,0041000227,2011-05-15T00:00:00,MEM @ OKC,L,7.883333333333334,2,6,0.333,0,0,0.0,0,0,0.0,1,0,1,0,0,0,0,0,1,0,4,4,5.2,0,0,5.0,1,802,802,802,1400,828,814,960,558,904,558,899,955,899,422,1317,1143,1022,1010,734,544,1,286,1154,1037,469,1332,145,5,1306,,7:53,1
2010-11,201632,Hamed Haddadi,Hamed,1610612763,MEM,Memphis Grizzlies,0041000227,2011-05-15T00:00:00,MEM @ OKC,L,2.533333333333333,1,1,1.0,0,0,0.0,0,0,0.0,1,1,2,0,0,0,0,0,0,0,2,4,4.4,0,0,4.0,1,802,802,802,1548,1078,1386,1,558,904,558,899,955,899,422,1016,936,1022,1010,734,544,1,1,1154,1223,469,1363,145,5,1362,,2:32,1
2010-11,2767,Royal Ivey,Royal,1610612760,OKC,Oklahoma City Thunder,0041000227,2011-05-15T00:00:00,OKC vs. MEM,W,1.8333333333333333,1,1,1.0,1,1,1.0,0,0,0.0,0,0,0,0,0,0,0,0,0,0,3,-4,3.0,0,0,4.0,1,1,1,1,1565,1078,1386,1,259,677,1,899,955,899,830,1317,1397,1022,1010,734,544,1,1,1154,1146,1048,1434,145,5,1362,,1:50,1
2010-11,2034,Mike Miller,Mike,1610612748,MIA,Miami Heat,0041000301,2011-05-15T00:00:00,MIA @ CHI,L,3.4716666666666667,0,0,0.0,0,0,0.0,0,0,0.0,0,3,3,0,0,0,0,0,0,0,0,-3,3.6,0,0,3.0,1,802,802,802,1521,1340,1513,1340,558,904,558,899,955,899,830,559,746,1022,1010,734,544,1,1,1154,1390,985,1399,145,5,1411,,3:28,1
2010-11,200796,Leon Powe,Leon,1610612763,MEM,Memphis Grizzlies,0041000227,2011-05-15T00:00:00,MEM @ OKC,L,2.533333333333333,1,3,0.333,0,0,0.0,0,0,0.0,0,1,1,0,0,0,0,0,0,1,2,4,3.2,0,0,3.0,1,802,802,802,1548,1078,1138,960,558,904,558,899,955,899,830,1016,1143,1022,1010,734,544,1,1,790,1223,469,1413,145,5,1411,,2:32,1
2010-11,202397,Ish Smith,Ish,1610612763,MEM,Memphis Grizzlies,0041000227,2011-05-15T00:00:00,MEM @ OKC,L,0.24666666666666667,0,0,0.0,0,0,0.0,0,0,0.0,0,0,0,0,0,0,0,0,0,0,0,3,0.0,0,0,0.0,1,802,802,802,1608,1340,1513,1340,558,904,558,899,955,899,830,1317,1397,1022,1010,734,544,1,1,1154,1390,535,1534,145,5,1539,,0:15,1
2010-11,436,Juwan Howard,Juwan,1610612748,MIA,Miami Heat,0041000301,2011-05-15T00:00:00,MIA @ CHI,L,2.2333333333333334,0,0,0.0,0,0,0.0,0,0,0.0,0,0,0,0,0,0,0,0,0,0,0,-2,0.0,0,0,0.0,1,802,802,802,1553,1340,1513,1340,558,904,558,899,955,899,830,1317,1397,1022,1010,734,544,1,1,1154,1390,901,1534,145,5,1539,,2:14,1
2010-11,2617,Udonis Haslem,Udonis,1610612748,MIA,Miami Heat,0041000301,2011-05-15T00:00:00,MIA @ CHI,L,4.2,0,1,0.0,0,0,0.0,0,0,0.0,0,0,0,0,0,0,0,0,0,0,0,-4,0.0,0,0,0.0,1,802,802,802,1507,1340,1386,1340,558,904,558,899,955,899,830,1317,1397,1022,1010,734,544,1,1,1154,1390,1048,1534,145,5,1539,,4:12,1
2010-11,2067,Eddie House,Eddie,1610612748,MIA,Miami Heat,0041000301,2011-05-15T00:00:00,MIA @ CHI,L,2.2333333333333334,0,1,0.0,0,0,0.0,0,0,0.0,0,0,0,0,1,0,0,0,0,0,0,-2,-1.0,0,0,0.0,1,802,802,802,1553,1340,1386,1340,558,904,558,899,955,899,830,1317,1397,1022,557,734,544,1,1,1154,1390,901,1602,145,5,1539,,2:14,1
2010-11,201161,Daequan Cook,Daequan,1610612760,OKC,Oklahoma City Thunder,0041000227,2011-05-15T00:00:00,OKC vs. MEM,W,10.9,0,4,0.0,0,4,0.0,0,0,0.0,0,0,0,0,1,0,0,0,0,0,0,-4,-1.0,0,0,0.0,1,1,1,1,1328,1340,1024,1340,558,223,558,899,955,899,830,1317,1397,1022,557,734,544,1,1,1154,1390,1048,1602,145,5,1539,,10:54,1
2010-11,2216,Zach Randolph,Zach,1610612763,MEM,Memphis Grizzlies,0041000226,2011-05-13T00:00:00,MEM vs. OKC,W,39.68333333333333,12,22,0.545,0,1,0.0,6,8,0.75,1,12,13,0,2,0,2,2,3,8,30,16,49.6,1,0,47.0,1,1,1,1,200,19,35,378,558,677,558,118,117,518,422,13,35,1022,261,734,76,1432,980,36,49,69,60,1,5,64,,39:41,1
2010-11,201566,Russell Westbrook,Russell,1610612760,OKC,Oklahoma City Thunder,0041000226,2011-05-13T00:00:00,OKC @ MEM,L,36.96666666666667,11,22,0.5,1,5,0.2,4,5,0.8,0,3,3,4,5,2,0,1,2,4,27,-19,37.6,0,0,39.0,1,802,802,802,329,35,35,417,259,126,510,234,256,479,830,559,746,196,24,95,544,1013,603,242,72,1576,209,145,5,133,,36:58,1
2010-11,201144,Mike Conley,Mike,1610612763,MEM,Memphis Grizzlies,0041000226,2011-05-13T00:00:00,MEM vs. OKC,W,40.36666666666667,3,12,0.25,1,4,0.25,4,4,1.0,0,4,4,12,2,2,0,0,1,3,11,16,37.8,1,0,32.0,1,1,1,1,180,626,341,1175,259,223,449,234,304,1,830,391,600,6,261,95,544,1,286,354,521,69,205,1,5,286,,40:22,1
2010-11,201564,O.J. Mayo,O.J.,1610612763,MEM,Memphis Grizzlies,0041000226,2011-05-13T00:00:00,MEM vs. OKC,W,39.06666666666667,6,12,0.5,2,4,0.5,2,2,1.0,1,3,4,2,2,4,0,0,3,2,16,15,33.8,0,0,32.0,1,1,1,1,233,264,341,417,104,223,169,459,543,1,422,559,600,435,261,5,544,1,980,541,311,85,313,145,5,286,,39:04,1
2010-11,201188,Marc Gasol,Marc,1610612763,MEM,Memphis Grizzlies,0041000226,2011-05-13T00:00:00,MEM vs. OKC,W,39.34,3,8,0.375,0,0,0.0,2,2,1.0,1,8,9,2,1,2,3,1,4,4,8,17,35.8,0,0,29.0,1,1,1,1,219,626,606,896,558,904,558,459,543,1,422,78,156,435,557,95,27,1013,1280,242,713,54,263,145,5,358,,39:20,1
2010-11,201935,James Harden,James,1610612760,OKC,Oklahoma City Thunder,0041000226,2011-05-13T00:00:00,OKC @ MEM,L,39.33166666666666,5,10,0.5,2,5,0.4,2,3,0.667,0,6,6,5,2,0,0,1,2,4,14,-5,26.7,0,0,27.0,1,802,802,802,221,364,464,417,104,126,313,459,478,619,830,187,351,131,261,734,544,1013,603,242,391,1135,474,145,5,405,,39:20,1
2010-11,201142,Kevin Durant,Kevin,1610612760,OKC,Oklahoma City Thunder,0041000226,2011-05-13T00:00:00,OKC @ MEM,L,36.873333333333335,3,14,0.214,1,9,0.111,4,6,0.667,0,7,7,2,1,0,0,0,5,5,11,-1,21.4,0,0,21.0,1,802,802,802,333,626,229,1260,259,9,555,234,191,619,830,126,276,435,557,734,544,1,1479,160,521,825,631,145,5,585,,36:52,1
2010-11,2570,Kendrick Perkins,Kendrick,1610612760,OKC,Oklahoma City Thunder,0041000226,2011-05-13T00:00:00,OKC @ MEM,L,33.18333333333333,1,3,0.333,0,0,0.0,4,6,0.667,2,5,7,1,0,1,2,1,2,3,6,-13,24.9,0,0,20.0,1,802,802,802,487,1078,1138,960,558,904,558,234,191,619,239,262,276,674,1010,278,76,1013,603,354,848,1483,525,145,5,614,,33:11,1
2010-11,2754,Tony Allen,Tony,1610612763,MEM,Memphis Grizzlies,0041000226,2011-05-13T00:00:00,MEM vs. OKC,W,20.543333333333333,4,6,0.667,1,2,0.5,1,2,0.5,1,4,5,0,2,1,0,1,4,2,10,5,17.0,0,0,18.0,1,1,1,1,976,478,814,175,259,494,169,704,543,699,422,391,458,1022,261,278,544,1013,1280,541,568,422,786,145,5,681,,20:33,1
2010-11,201586,Serge Ibaka,Serge,1610612760,OKC,Oklahoma City Thunder,0041000226,2011-05-13T00:00:00,OKC @ MEM,L,25.383333333333333,4,6,0.667,0,0,0.0,0,0,0.0,2,3,5,0,3,0,1,0,5,0,8,-14,14.0,0,0,15.0,1,802,802,802,779,478,814,175,558,904,558,899,955,899,239,559,458,1022,131,734,215,1,1479,1154,713,1512,912,145,5,808,,25:23,1
2010-11,2555,Nick Collison,Nick,1610612760,OKC,Oklahoma City Thunder,0041000226,2011-05-13T00:00:00,OKC @ MEM,L,20.366666666666667,3,5,0.6,0,0,0.0,0,0,0.0,1,3,4,0,1,1,1,2,2,2,6,6,15.8,0,0,14.0,1,802,802,802,984,626,926,266,558,904,558,899,955,899,422,559,600,1022,557,278,215,1432,603,541,848,371,832,145,5,860,,20:22,1
2010-11,2203,Shane Battier,Shane,1610612763,MEM,Memphis Grizzlies,0041000226,2011-05-13T00:00:00,MEM vs. OKC,W,28.5,2,6,0.333,1,3,0.333,0,0,0.0,2,3,5,2,1,0,0,0,2,0,5,12,13.0,0,0,13.0,1,1,1,1,665,828,814,960,259,345,351,899,955,899,239,559,458,435,557,734,544,1,603,1154,958,163,959,145,5,903,,28:30,1
2010-11,201589,Darrell Arthur,Darrell,1610612763,MEM,Memphis Grizzlies,0041000226,2011-05-13T00:00:00,MEM vs. OKC,W,11.5,3,7,0.429,0,0,0.0,2,2,1.0,1,0,1,0,1,1,0,0,3,1,8,0,11.2,0,0,11.0,1,1,1,1,1312,626,692,715,558,904,558,459,543,1,422,1317,1143,1022,557,278,544,1,980,790,713,728,1035,145,5,1004,,11:30,1
2010-11,201953,Eric Maynor,Eric,1610612760,OKC,Oklahoma City Thunder,0041000226,2011-05-13T00:00:00,OKC @ MEM,L,11.033333333333333,2,5,0.4,0,1,0.0,2,2,1.0,0,2,2,1,1,0,0,0,0,1,6,7,8.9,0,0,9.0,1,802,802,802,1323,828,926,796,558,677,558,459,543,1,830,768,936,674,557,734,544,1,1,790,848,326,1148,145,5,1102,,11:02,1
2010-11,200757,Thabo Sefolosha,Thabo,1610612760,OKC,Oklahoma City Thunder,0041000226,2011-05-13T00:00:00,OKC @ MEM,L,16.121666666666666,2,4,0.5,0,2,0.0,0,0,0.0,0,1,1,1,2,0,1,0,0,0,4,-16,7.7,0,0,8.0,1,802,802,802,1141,828,1024,417,558,494,558,899,955,899,830,1016,1143,674,261,734,215,1,1,1154,1037,1545,1198,145,5,1150,,16:07,1
2010-11,201970,Sam Young,Sam,1610612763,MEM,Memphis Grizzlies,0041000226,2011-05-13T00:00:00,MEM vs. OKC,W,11.55,3,7,0.429,0,2,0.0,1,2,0.5,0,0,0,0,0,0,0,1,1,1,7,-13,7.0,0,0,7.0,1,1,1,1,1310,626,692,715,558,494,558,704,543,699,830,1317,1397,1022,1010,734,544,1013,286,790,789,1483,1233,145,5,1201,,11:33,1
2010-11,1737,Nazr Mohammed,Nazr,1610612760,OKC,Oklahoma City Thunder,0041000226,2011-05-13T00:00:00,OKC @ MEM,L,7.616666666666666,0,2,0.0,0,0,0.0,1,2,0.5,1,1,2,0,0,0,1,0,2,3,1,2,6.4,0,0,5.0,1,802,802,802,1411,1340,1267,1340,558,904,558,704,543,699,422,1016,936,1022,1010,734,215,1,603,354,1367,591,1256,145,5,1306,,7:37,1
2010-11,201161,Daequan Cook,Daequan,1610612760,OKC,Oklahoma City Thunder,0041000226,2011-05-13T00:00:00,OKC @ MEM,L,13.123333333333333,0,3,0.0,0,3,0.0,0,0,0.0,0,4,4,1,1,0,0,0,1,0,0,-7,5.3,0,0,5.0,1,802,802,802,1258,1340,1138,1340,558,345,558,899,955,899,830,391,600,674,557,734,544,1,286,1154,1390,1234,1330,145,5,1306,,13:07,1
2010-11,202349,Greivis Vasquez,Greivis,1610612763,MEM,Memphis Grizzlies,0041000226,2011-05-13T00:00:00,MEM vs. OKC,W,7.633333333333334,0,2,0.0,0,0,0.0,0,0,0.0,0,0,0,2,0,0,0,1,1,0,0,-4,3.0,0,0,2.0,1,1,1,1,1410,1340,1267,1340,558,904,558,899,955,899,830,1317,1397,435,1010,734,544,1013,286,1154,1390,1048,1434,145,5,1461,,7:38,1
2010-11,201632,Hamed Haddadi,Hamed,1610612763,MEM,Memphis Grizzlies,0041000226,2011-05-13T00:00:00,MEM vs. OKC,W,1.8166666666666667,0,1,0.0,0,0,0.0,0,0,0.0,0,0,0,0,0,0,0,0,0,0,0,-4,0.0,0,0,0.0,1,1,1,1,1567,1340,1386,1340,558,904,558,899,955,899,830,1317,1397,1022,1010,734,544,1,1,1154,1390,1048,1534,145,5,1539,,1:49,1
2010-11,2430,Carlos Boozer,Carlos,1610612741,CHI,Chicago Bulls,0041000206,2011-05-12T00:00:00,CHI @ ATL,W,34.72,10,16,0.625,0,0,0.0,3,3,1.0,2,8,10,5,1,1,0,0,2,2,23,18,44.5,1,0,40.0,1,1,1,1,416,54,159,248,558,904,558,337,478,1,239,78,111,131,557,278,544,1,603,541,129,42,111,1,5,117,,34:43,1
2010-11,201565,Derrick Rose,Derrick,1610612741,CHI,Chicago Bulls,0041000206,2011-05-12T00:00:00,CHI @ ATL,W,37.8,8,14,0.571,1,4,0.25,2,3,0.667,0,4,4,12,3,0,0,1,2,4,19,24,38.8,1,0,36.0,1,1,1,1,294,132,229,315,259,223,449,459,478,619,830,391,600,6,131,734,544,1013,603,242,225,17,191,1,5,192,,37:48,1
2010-11,2746,Josh Smith,Josh,1610612737,ATL,Atlanta Hawks,0041000206,2011-05-12T00:00:00,ATL vs. CHI,L,38.93333333333333,7,15,0.467,0,3,0.0,4,7,0.571,0,5,5,1,1,3,2,1,2,6,18,-24,39.5,0,0,34.0,1,802,802,802,240,197,192,639,558,345,558,234,156,690,830,262,458,674,557,34,76,1013,603,104,244,1601,173,145,5,226,,38:56,1
2010-11,2736,Luol Deng,Luol,1610612741,CHI,Chicago Bulls,0041000206,2011-05-12T00:00:00,CHI @ ATL,W,39.516666666666666,6,14,0.429,0,3,0.0,1,2,0.5,0,5,5,5,0,5,0,1,2,1,13,22,41.5,0,0,33.0,1,1,1,1,208,264,229,715,558,345,558,704,543,699,830,262,458,131,1010,1,544,1013,603,790,428,24,143,145,5,259,,39:31,1
2010-11,2207,Joe Johnson,Joe,1610612737,ATL,Atlanta Hawks,0041000206,2011-05-12T00:00:00,ATL vs. CHI,L,41.318333333333335,7,18,0.389,1,4,0.25,4,4,1.0,1,2,3,4,4,0,0,3,2,4,19,-24,24.6,0,0,27.0,1,802,802,802,141,197,109,873,259,223,449,234,304,1,422,768,746,196,63,734,544,1558,603,242,225,1601,537,145,5,405,,41:19,1
2010-11,201149,Joakim Noah,Joakim,1610612741,CHI,Chicago Bulls,0041000206,2011-05-12T00:00:00,CHI @ ATL,W,27.363333333333333,5,7,0.714,0,0,0.0,1,1,1.0,2,4,6,1,2,0,3,0,4,1,11,10,26.7,0,0,24.0,1,1,1,1,698,364,692,152,558,904,558,704,881,1,239,391,351,674,261,734,27,1,1280,790,521,214,474,145,5,495,,27:22,1
2010-11,2585,Zaza Pachulia,Zaza,1610612737,ATL,Atlanta Hawks,0041000206,2011-05-12T00:00:00,ATL vs. CHI,L,22.683333333333334,0,2,0.0,0,0,0.0,1,2,0.5,5,8,13,1,2,1,0,1,4,1,1,-7,19.1,0,0,17.0,1,802,802,802,889,1340,1267,1340,558,904,558,704,543,699,41,78,35,674,261,278,544,1013,1280,790,1367,1234,695,145,5,719,,22:41,1
2010-11,201959,Taj Gibson,Taj,1610612741,CHI,Chicago Bulls,0041000206,2011-05-12T00:00:00,CHI @ ATL,W,13.753333333333334,5,7,0.714,0,0,0.0,0,0,0.0,1,3,4,1,1,0,1,0,1,1,10,2,18.3,0,0,17.0,1,1,1,1,1238,364,692,152,558,904,558,899,955,899,422,559,600,674,557,734,215,1,286,790,568,591,728,145,5,719,,13:45,1
2010-11,201143,Al Horford,Al,1610612737,ATL,Atlanta Hawks,0041000206,2011-05-12T00:00:00,ATL vs. CHI,L,37.43333333333333,2,10,0.2,0,0,0.0,3,4,0.75,1,3,4,1,1,1,0,0,2,4,7,-21,15.3,0,0,14.0,1,802,802,802,308,828,464,1262,558,904,558,337,304,518,422,559,600,674,557,278,544,1,603,242,789,1589,852,145,5,860,,37:26,1
2010-11,2037,Jamal Crawford,Jamal,1610612737,ATL,Atlanta Hawks,0041000206,2011-05-12T00:00:00,ATL vs. CHI,L,24.73,2,10,0.2,0,3,0.0,4,4,1.0,0,1,1,2,1,1,0,1,0,4,8,-17,14.2,0,0,13.0,1,802,802,802,813,828,464,1262,558,345,558,234,304,1,830,1016,1143,435,557,278,544,1013,1,242,713,1559,899,145,5,903,,24:44,1
2010-11,201600,Omer Asik,Omer,1610612741,CHI,Chicago Bulls,0041000206,2011-05-12T00:00:00,CHI @ ATL,W,20.163333333333334,2,3,0.667,0,0,0.0,1,1,1.0,1,2,3,0,1,0,2,1,4,2,5,10,13.6,0,0,12.0,1,1,1,1,987,828,1138,175,558,904,558,704,881,1,422,768,746,1022,557,734,76,1013,1280,541,958,214,928,145,5,946,,20:10,1
2010-11,2594,Kyle Korver,Kyle,1610612741,CHI,Chicago Bulls,0041000206,2011-05-12T00:00:00,CHI @ ATL,W,19.203333333333333,3,7,0.429,1,3,0.333,0,0,0.0,0,0,0,2,0,0,0,0,5,0,7,-1,10.0,0,0,10.0,1,1,1,1,1022,626,692,715,259,345,351,899,955,899,830,1317,1397,435,1010,734,544,1,1479,1154,789,825,1101,145,5,1052,,19:12,1
2010-11,201952,Jeff Teague,Jeff,1610612737,ATL,Atlanta Hawks,0041000206,2011-05-12T00:00:00,ATL vs. CHI,L,22.415,2,6,0.333,0,0,0.0,0,0,0.0,0,2,2,3,2,0,0,0,0,0,4,-11,8.9,0,0,9.0,1,802,802,802,899,828,814,960,558,904,558,899,955,899,830,768,936,291,261,734,544,1,1,1154,1037,1419,1148,145,5,1102,,22:25,1
2010-11,201228,C.J. Watson,C.J.,1610612741,CHI,Chicago Bulls,0041000206,2011-05-12T00:00:00,CHI @ ATL,W,10.2,0,3,0.0,0,0,0.0,0,0,0.0,0,2,2,4,2,1,0,0,1,0,0,-4,9.4,0,0,8.0,1,1,1,1,1345,1340,1138,1340,558,904,558,899,955,899,830,768,936,196,261,278,544,1,286,1154,1390,1048,1120,145,5,1150,,10:12,1
2010-11,200756,Hilton Armstrong,Hilton,1610612737,ATL,Atlanta Hawks,0041000206,2011-05-12T00:00:00,ATL vs. CHI,L,5.216666666666667,1,1,1.0,0,0,0.0,1,2,0.5,1,0,1,1,0,1,0,0,0,2,3,4,8.7,0,0,7.0,1,802,802,802,1476,1078,1386,1,558,904,558,704,543,699,422,1317,1143,674,1010,278,544,1,1,541,1146,469,1155,145,5,1201,,5:13,1
2010-11,202377,Pape Sy,Pape,1610612737,ATL,Atlanta Hawks,0041000206,2011-05-12T00:00:00,ATL vs. CHI,L,5.216666666666667,2,3,0.667,0,0,0.0,1,2,0.5,0,0,0,1,0,0,0,0,0,1,5,4,6.5,0,0,6.0,1,802,802,802,1476,828,1138,175,558,904,558,704,543,699,830,1317,1397,674,1010,734,544,1,1,790,958,469,1252,145,5,1256,,5:13,1
2010-11,2586,Keith Bogans,Keith,1610612741,CHI,Chicago Bulls,0041000206,2011-05-12T00:00:00,CHI @ ATL,W,21.776666666666667,1,3,0.333,1,3,0.333,0,0,0.0,0,0,0,2,0,0,0,0,1,1,3,14,6.0,0,0,6.0,1,1,1,1,937,1078,1138,960,259,345,351,899,955,899,830,1317,1397,435,1010,734,544,1,286,790,1146,103,1279,145,5,1256,,21:47,1
2010-11,200758,Ronnie Brewer,Ronnie,1610612741,CHI,Chicago Bulls,0041000206,2011-05-12T00:00:00,CHI @ ATL,W,15.503333333333334,1,3,0.333,0,0,0.0,0,0,0.0,0,1,1,2,0,0,0,0,0,0,2,5,6.2,0,0,5.0,1,1,1,1,1162,1078,1138,960,558,904,558,899,955,899,830,1016,1143,435,1010,734,544,1,1,1154,1223,422,1265,145,5,1306,,15:30,1
2010-11,101107,Marvin Williams,Marvin,1610612737,ATL,Atlanta Hawks,0041000206,2011-05-12T00:00:00,ATL vs. CHI,L,15.1,0,3,0.0,0,0,0.0,0,0,0.0,0,1,1,0,1,1,1,0,1,0,0,1,6.2,0,0,5.0,1,802,802,802,1185,1340,1138,1340,558,904,558,899,955,899,830,1016,1143,1022,557,278,215,1,286,1154,1390,654,1265,145,5,1306,,15:06,1
2010-11,2863,Damien Wilkins,Damien,1610612737,ATL,Atlanta Hawks,0041000206,2011-05-12T00:00:00,ATL vs. CHI,L,4.95,1,3,0.333,0,1,0.0,0,0,0.0,1,2,3,0,0,0,0,0,0,0,2,4,5.6,0,0,5.0,1,802,802,802,1481,1078,1138,960,558,677,558,899,955,899,422,768,746,1022,1010,734,544,1,1,1154,1223,469,1311,145,5,1306,,4:57,1
2010-11,2215,Jason Collins,Jason,1610612737,ATL,Atlanta Hawks,0041000206,2011-05-12T00:00:00,ATL vs. CHI,L,16.786666666666665,2,2,1.0,0,0,0.0,0,0,0.0,0,1,1,0,0,0,0,0,1,0,4,-13,5.2,0,0,5.0,1,802,802,802,1109,828,1267,1,558,904,558,899,955,899,830,1016,1143,1022,1010,734,544,1,286,1154,1037,1483,1332,145,5,1306,,16:47,1
2010-11,2694,Josh Powell,Josh,1610612737,ATL,Atlanta Hawks,0041000206,2011-05-12T00:00:00,ATL vs. CHI,L,5.216666666666667,1,1,1.0,0,0,0.0,0,0,0.0,0,1,1,0,0,0,0,0,0,0,2,4,3.2,0,0,3.0,1,802,802,802,1476,1078,1386,1,558,904,558,899,955,899,830,1016,1143,1022,1010,734,544,1,1,1154,1223,469,1413,145,5,1411,,5:13,1
2010-11,2548,Dwyane Wade,Dwyane,1610612748,MIA,Miami Heat,0041000215,2011-05-11T00:00:00,MIA vs. BOS,W,43.21666666666667,13,19,0.684,0,1,0.0,8,15,0.533,2,8,10,5,3,4,0,1,3,10,34,8,62.5,1,0,57.0,1,1,1,1,75,10,88,174,558,677,558,73,13,698,239,78,111,131,131,5,544,1013,980,10,21,286,10,1,5,15,,43:13,1
2010-11,2544,LeBron James,LeBron,1610612748,MIA,Miami Heat,0041000215,2011-05-11T00:00:00,MIA vs. BOS,W,45.71666666666667,11,20,0.55,5,7,0.714,6,9,0.667,2,5,7,4,5,1,1,0,1,6,33,14,48.4,0,0,53.0,1,1,1,1,24,35,63,375,7,36,97,118,91,619,239,262,276,196,24,278,215,1,286,104,29,103,68,145,5,29,,45:43,1
2010-11,708,Kevin Garnett,Kevin,1610612738,BOS,Boston Celtics,0041000215,2011-05-11T00:00:00,BOS @ MIA,L,38.18333333333333,6,13,0.462,0,0,0.0,3,8,0.375,1,10,11,3,3,2,1,0,4,6,15,-8,38.7,1,0,35.0,1,802,802,802,274,264,283,648,558,904,558,337,117,875,422,32,69,291,131,95,215,1,1280,104,346,1306,195,1,5,203,,38:11,1
2010-11,951,Ray Allen,Ray,1610612738,BOS,Boston Celtics,0041000215,2011-05-11T00:00:00,BOS @ MIA,L,44.3,6,12,0.5,5,10,0.5,1,1,1.0,0,3,3,2,0,2,0,0,1,2,18,-4,30.6,0,0,32.0,1,802,802,802,51,264,341,417,7,3,169,704,881,1,830,559,746,435,1010,95,544,1,286,541,244,1048,373,145,5,286,,44:18,1
2010-11,201188,Marc Gasol,Marc,1610612763,MEM,Memphis Grizzlies,0041000225,2011-05-11T00:00:00,MEM @ OKC,L,31.233333333333334,6,9,0.667,0,0,0.0,3,6,0.5,0,5,5,1,2,3,2,0,2,8,15,-24,35.5,0,0,31.0,1,802,802,802,557,264,532,175,558,904,558,337,191,699,830,262,458,674,261,34,76,1,603,36,346,1601,270,145,5,313,,31:14,1
2010-11,201142,Kevin Durant,Kevin,1610612760,OKC,Oklahoma City Thunder,0041000225,2011-05-11T00:00:00,OKC vs. MEM,W,30.766666666666666,7,14,0.5,1,4,0.25,4,6,0.667,0,7,7,0,1,0,2,1,1,6,19,19,32.4,0,0,31.0,1,1,1,1,581,197,229,417,259,223,449,234,191,619,830,126,276,1022,557,734,76,1013,286,104,225,35,339,145,5,313,,30:46,1
2010-11,2547,Chris Bosh,Chris,1610612748,MIA,Miami Heat,0041000215,2011-05-11T00:00:00,MIA vs. BOS,W,40.416666666666664,4,9,0.444,0,0,0.0,6,6,1.0,2,9,11,2,0,0,1,2,3,3,14,14,33.2,1,0,29.0,1,1,1,1,179,478,532,686,558,904,558,118,191,1,239,52,69,435,1010,734,215,1432,980,354,391,103,326,1,5,358,,40:25,1
2010-11,201161,Daequan Cook,Daequan,1610612760,OKC,Oklahoma City Thunder,0041000225,2011-05-11T00:00:00,OKC vs. MEM,W,18.47833333333333,6,7,0.857,4,5,0.8,2,2,1.0,0,2,2,0,0,1,0,0,3,1,18,9,23.4,0,0,26.0,1,1,1,1,1051,264,692,96,18,126,80,459,543,1,830,768,936,1022,1010,278,544,1,980,790,244,250,582,145,5,438,,18:29,1
2010-11,201566,Russell Westbrook,Russell,1610612760,OKC,Oklahoma City Thunder,0041000225,2011-05-11T00:00:00,OKC vs. MEM,W,25.195,4,10,0.4,1,1,1.0,2,2,1.0,0,3,3,6,3,1,0,1,3,2,11,13,23.6,0,0,23.0,1,1,1,1,789,478,464,796,259,677,1,459,543,1,830,559,746,82,131,278,544,1013,980,541,521,129,571,145,5,531,,25:12,1
2010-11,2555,Nick Collison,Nick,1610612760,OKC,Oklahoma City Thunder,0041000225,2011-05-11T00:00:00,OKC vs. MEM,W,25.368333333333332,4,8,0.5,0,0,0.0,1,1,1.0,5,5,10,1,2,1,0,1,4,2,9,13,23.5,0,0,22.0,1,1,1,1,781,478,606,417,558,904,558,704,881,1,41,262,111,674,261,278,544,1013,1280,541,632,129,577,145,5,557,,25:22,1
2010-11,201586,Serge Ibaka,Serge,1610612760,OKC,Oklahoma City Thunder,0041000225,2011-05-11T00:00:00,OKC vs. MEM,W,21.268333333333334,3,8,0.375,0,0,0.0,3,4,0.75,2,2,4,0,0,1,3,1,3,2,9,15,25.8,0,0,21.0,1,1,1,1,954,626,606,896,558,904,558,337,304,518,239,768,600,1022,1010,278,27,1013,980,541,632,85,506,145,5,585,,21:16,1
2010-11,201935,James Harden,James,1610612760,OKC,Oklahoma City Thunder,0041000225,2011-05-11T00:00:00,OKC vs. MEM,W,26.466666666666665,4,8,0.5,1,4,0.25,0,0,0.0,1,5,6,5,3,0,0,0,2,1,9,29,20.7,0,0,21.0,1,1,1,1,739,478,606,417,259,223,449,899,955,899,422,262,351,131,131,734,544,1,603,790,632,8,651,145,5,585,,26:28,1
2010-11,1737,Nazr Mohammed,Nazr,1610612760,OKC,Oklahoma City Thunder,0041000225,2011-05-11T00:00:00,OKC vs. MEM,W,22.165,4,7,0.571,0,0,0.0,2,2,1.0,2,4,6,0,1,2,0,2,2,2,10,15,22.2,0,0,20.0,1,1,1,1,904,478,692,315,558,904,558,459,543,1,239,391,351,1022,557,95,544,1432,603,541,568,85,612,145,5,614,,22:10,1
2010-11,1718,Paul Pierce,Paul,1610612738,BOS,Boston Celtics,0041000215,2011-05-11T00:00:00,BOS @ MIA,L,34.995,5,12,0.417,1,3,0.333,1,1,1.0,0,3,3,4,4,0,0,2,5,2,12,-15,17.6,0,0,20.0,1,802,802,802,404,364,341,775,259,345,351,704,881,1,830,559,746,196,63,734,544,1432,1479,541,472,1530,759,145,5,614,,34:60,1
2010-11,201144,Mike Conley,Mike,1610612763,MEM,Memphis Grizzlies,0041000225,2011-05-11T00:00:00,MEM @ OKC,L,32.166666666666664,4,16,0.25,1,2,0.5,0,0,0.0,2,3,5,4,3,0,0,3,0,3,9,-22,18.0,0,0,19.0,1,802,802,802,531,478,159,1175,259,494,169,899,955,899,239,559,458,196,131,734,544,1558,1,354,632,1595,740,145,5,650,,32:10,1
2010-11,2216,Zach Randolph,Zach,1610612763,MEM,Memphis Grizzlies,0041000225,2011-05-11T00:00:00,MEM @ OKC,L,36.416666666666664,3,9,0.333,0,0,0.0,3,7,0.429,1,6,7,0,1,1,0,0,5,5,9,-12,19.4,0,0,18.0,1,802,802,802,342,626,532,960,558,904,558,337,156,870,422,187,276,1022,557,278,544,1,1479,160,632,1453,688,145,5,681,,36:25,1
2010-11,201589,Darrell Arthur,Darrell,1610612763,MEM,Memphis Grizzlies,0041000225,2011-05-11T00:00:00,MEM @ OKC,L,15.066666666666666,3,5,0.6,0,0,0.0,3,4,0.75,1,1,2,0,2,2,1,0,3,3,9,-9,18.4,0,0,17.0,1,802,802,802,1188,626,926,266,558,904,558,337,304,518,422,1016,936,1022,261,95,215,1,980,354,632,1349,723,145,5,719,,15:04,1
2010-11,201953,Eric Maynor,Eric,1610612760,OKC,Oklahoma City Thunder,0041000225,2011-05-11T00:00:00,OKC vs. MEM,W,22.805,0,5,0.0,0,1,0.0,1,2,0.5,1,1,2,9,2,1,0,1,2,1,1,14,17.9,0,0,14.0,1,1,1,1,882,1340,926,1340,558,677,558,704,543,699,422,1016,936,28,261,278,544,1013,603,790,1367,103,746,145,5,860,,22:48,1
2010-11,2420,Nenad Krstic,Nenad,1610612738,BOS,Boston Celtics,0041000215,2011-05-11T00:00:00,BOS @ MIA,L,15.605,3,3,1.0,0,0,0.0,2,3,0.667,0,2,2,0,0,0,2,0,4,2,8,-10,16.4,0,0,14.0,1,802,802,802,1155,626,1138,1,558,904,558,459,478,619,830,768,936,1022,1010,734,76,1,1280,541,713,1385,805,145,5,860,,15:36,1
2010-11,2754,Tony Allen,Tony,1610612763,MEM,Memphis Grizzlies,0041000225,2011-05-11T00:00:00,MEM @ OKC,L,27.13,4,13,0.308,0,0,0.0,0,0,0.0,1,1,2,2,3,1,0,1,3,0,8,-17,13.4,0,0,14.0,1,802,802,802,705,478,283,1108,558,904,558,899,955,899,422,1016,936,435,131,278,544,1013,980,1154,713,1559,938,145,5,860,,27:08,1
2010-11,201145,Jeff Green,Jeff,1610612738,BOS,Boston Celtics,0041000215,2011-05-11T00:00:00,BOS @ MIA,L,23.983333333333334,3,5,0.6,1,1,1.0,2,2,1.0,1,2,3,1,2,0,0,1,1,1,9,-3,12.1,0,0,14.0,1,802,802,802,838,626,926,266,259,677,1,459,543,1,422,768,746,674,261,734,544,1013,286,790,632,985,995,145,5,860,,23:59,1
2010-11,200765,Rajon Rondo,Rajon,1610612738,BOS,Boston Celtics,0041000215,2011-05-11T00:00:00,BOS @ MIA,L,30.245,3,5,0.6,0,0,0.0,0,0,0.0,0,2,2,3,2,1,0,0,2,1,6,3,13.9,0,0,13.0,1,802,802,802,603,626,926,266,558,904,558,899,955,899,830,768,936,291,261,278,544,1,603,790,848,535,918,145,5,903,,30:15,1
2010-11,202349,Greivis Vasquez,Greivis,1610612763,MEM,Memphis Grizzlies,0041000225,2011-05-11T00:00:00,MEM @ OKC,L,15.833333333333334,2,2,1.0,0,0,0.0,2,2,1.0,0,1,1,3,0,0,1,0,0,2,6,-5,14.7,0,0,12.0,1,802,802,802,1150,828,1267,1,558,904,558,459,543,1,830,1016,1143,291,1010,734,215,1,1,541,848,1135,876,145,5,946,,15:50,1
2010-11,201564,O.J. Mayo,O.J.,1610612763,MEM,Memphis Grizzlies,0041000225,2011-05-11T00:00:00,MEM @ OKC,L,27.203333333333333,2,9,0.222,1,5,0.2,0,0,0.0,1,1,2,4,0,0,0,0,1,1,5,-24,13.4,0,0,12.0,1,802,802,802,701,828,532,1246,259,126,510,899,955,899,422,1016,936,196,1010,734,544,1,286,790,958,1601,938,145,5,946,,27:12,1
2010-11,2753,Delonte West,Delonte,1610612738,BOS,Boston Celtics,0041000215,2011-05-11T00:00:00,BOS @ MIA,L,19.866666666666667,4,9,0.444,0,1,0.0,2,2,1.0,0,2,2,0,3,0,0,0,3,2,10,-14,9.4,0,0,12.0,1,802,802,802,996,478,532,686,558,677,558,459,543,1,830,768,936,1022,131,734,544,1,980,541,568,1512,1120,145,5,946,,19:52,1
2010-11,201175,Glen Davis,Glen,1610612738,BOS,Boston Celtics,0041000215,2011-05-11T00:00:00,BOS @ MIA,L,16.27166666666667,2,5,0.4,0,0,0.0,2,2,1.0,1,1,2,2,1,0,0,0,2,2,6,-3,10.4,0,0,10.0,1,802,802,802,1128,828,926,796,558,904,558,459,543,1,422,1016,936,435,557,734,544,1,603,541,848,985,1081,145,5,1052,,16:16,1
2010-11,201202,Joel Anthony,Joel,1610612748,MIA,Miami Heat,0041000215,2011-05-11T00:00:00,MIA vs. BOS,W,23.916666666666668,0,3,0.0,0,0,0.0,1,2,0.5,1,5,6,0,0,0,1,0,5,1,1,5,11.2,0,0,9.0,1,1,1,1,842,1340,1138,1340,558,904,558,704,543,699,422,262,351,1022,1010,734,215,1,1479,790,1367,422,1035,145,5,1102,,23:55,1
2010-11,201632,Hamed Haddadi,Hamed,1610612763,MEM,Memphis Grizzlies,0041000225,2011-05-11T00:00:00,MEM @ OKC,L,7.45,2,4,0.5,0,0,0.0,0,0,0.0,0,1,1,0,1,0,2,0,2,0,4,-4,10.2,0,0,9.0,1,802,802,802,1420,828,1024,417,558,904,558,899,955,899,830,1016,1143,1022,557,734,76,1,603,1154,1037,1048,1088,145,5,1102,,7:27,1
2010-11,979,Jermaine O'Neal,Jermaine,1610612738,BOS,Boston Celtics,0041000215,2011-05-11T00:00:00,BOS @ MIA,L,16.55,1,3,0.333,0,0,0.0,1,1,1.0,1,1,2,0,2,0,2,0,3,1,3,4,9.4,0,0,9.0,1,802,802,802,1117,1078,1138,960,558,904,558,704,881,1,422,1016,936,1022,261,734,76,1,980,790,1146,469,1120,145,5,1102,,16:33,1
2010-11,201970,Sam Young,Sam,1610612763,MEM,Memphis Grizzlies,0041000225,2011-05-11T00:00:00,MEM @ OKC,L,21.968333333333334,2,7,0.286,0,0,0.0,0,0,0.0,0,2,2,0,1,0,1,1,2,1,4,-3,8.4,0,0,8.0,1,802,802,802,921,828,692,1127,558,904,558,899,955,899,830,768,936,1022,557,734,215,1013,603,790,1037,985,1170,145,5,1150,,21:58,1
2010-11,436,Juwan Howard,Juwan,1610612748,MIA,Miami Heat,0041000215,2011-05-11T00:00:00,MIA vs. BOS,W,19.383333333333333,0,2,0.0,0,0,0.0,5,6,0.833,0,3,3,0,1,0,0,2,3,4,5,-2,7.6,0,0,8.0,1,1,1,1,1011,1340,1267,1340,558,904,558,171,191,443,830,559,746,1022,557,734,544,1432,980,242,958,901,1201,145,5,1150,,19:23,1
2010-11,200757,Thabo Sefolosha,Thabo,1610612760,OKC,Oklahoma City Thunder,0041000225,2011-05-11T00:00:00,OKC vs. MEM,W,16.086666666666666,1,2,0.5,0,1,0.0,0,0,0.0,2,4,6,0,2,0,0,0,2,0,2,-2,7.2,0,0,8.0,1,1,1,1,1143,1078,1267,417,558,677,558,899,955,899,239,391,351,1022,261,734,544,1,603,1154,1223,901,1216,145,5,1150,,16:05,1
2010-11,2570,Kendrick Perkins,Kendrick,1610612760,OKC,Oklahoma City Thunder,0041000225,2011-05-11T00:00:00,OKC vs. MEM,W,22.833333333333332,2,5,0.4,0,0,0.0,1,2,0.5,2,1,3,0,3,0,0,0,3,2,5,10,5.6,0,0,8.0,1,1,1,1,881,828,926,796,558,904,558,704,543,699,239,1016,746,1022,131,734,544,1,980,541,958,214,1311,145,5,1150,,22:50,1
2010-11,1710,Mike Bibby,Mike,1610612748,MIA,Miami Heat,0041000215,2011-05-11T00:00:00,MIA vs. BOS,W,19.566666666666666,1,3,0.333,1,3,0.333,0,0,0.0,0,0,0,1,0,1,0,0,0,0,3,-4,7.5,0,0,7.0,1,1,1,1,1005,1078,1138,960,259,345,351,899,955,899,830,1317,1397,674,1010,278,544,1,1,1154,1146,1048,1204,145,5,1201,,19:34,1
2010-11,2592,James Jones,James,1610612748,MIA,Miami Heat,0041000215,2011-05-11T00:00:00,MIA vs. BOS,W,21.033333333333335,1,4,0.25,1,3,0.333,0,0,0.0,0,0,0,0,0,1,0,0,1,0,3,10,6.0,0,0,6.0,1,1,1,1,964,1078,1024,1175,259,345,351,899,955,899,830,1317,1397,1022,1010,278,544,1,286,1154,1146,214,1279,145,5,1256,,21:02,1
2010-11,2767,Royal Ivey,Royal,1610612760,OKC,Oklahoma City Thunder,0041000225,2011-05-11T00:00:00,OKC vs. MEM,W,4.283333333333333,1,1,1.0,1,1,1.0,0,0,0.0,0,1,1,1,0,0,0,0,0,0,3,0,5.7,0,0,6.0,1,1,1,1,1502,1078,1386,1,259,677,1,899,955,899,830,1016,1143,674,1010,734,544,1,1,1154,1146,728,1303,145,5,1256,,4:17,1
2010-11,200796,Leon Powe,Leon,1610612763,MEM,Memphis Grizzlies,0041000225,2011-05-11T00:00:00,MEM @ OKC,L,5.833333333333333,0,0,0.0,0,0,0.0,3,4,0.75,1,1,2,0,0,0,0,0,0,2,3,-5,5.4,0,0,5.0,1,802,802,802,1458,1340,1513,1340,558,904,558,337,304,518,422,1016,936,1022,1010,734,544,1,1,541,1146,1135,1323,145,5,1306,,5:50,1
2010-11,202397,Ish Smith,Ish,1610612763,MEM,Memphis Grizzlies,0041000225,2011-05-11T00:00:00,MEM @ OKC,L,4.283333333333333,0,1,0.0,0,0,0.0,0,0,0.0,0,1,1,1,0,1,0,0,0,0,0,0,5.7,0,0,4.0,1,802,802,802,1502,1340,1386,1340,558,904,558,899,955,899,830,1016,1143,674,1010,278,544,1,1,1154,1390,728,1303,145,5,1362,,4:17,1
2010-11,101126,Nate Robinson,Nate,1610612760,OKC,Oklahoma City Thunder,0041000225,2011-05-11T00:00:00,OKC vs. MEM,W,4.283333333333333,1,3,0.333,1,3,0.333,0,0,0.0,0,0,0,0,0,0,0,0,1,0,3,0,3.0,0,0,4.0,1,1,1,1,1502,1078,1138,960,259,345,351,899,955,899,830,1317,1397,1022,1010,734,544,1,286,1154,1146,728,1434,145,5,1362,,4:17,1
2010-11,201596,Mario Chalmers,Mario,1610612748,MIA,Miami Heat,0041000215,2011-05-11T00:00:00,MIA vs. BOS,W,23.616666666666667,1,6,0.167,0,4,0.0,0,0,0.0,0,0,0,1,0,0,0,0,3,1,2,0,3.5,0,0,3.0,1,1,1,1,854,1078,814,1290,558,223,558,899,955,899,830,1317,1397,674,1010,734,544,1,980,790,1223,728,1402,145,5,1411,,23:37,1
2010-11,2034,Mike Miller,Mike,1610612748,MIA,Miami Heat,0041000215,2011-05-11T00:00:00,MIA vs. BOS,W,3.1333333333333333,1,3,0.333,0,1,0.0,0,0,0.0,1,0,1,0,0,0,0,0,0,0,2,5,3.2,0,0,3.0,1,1,1,1,1534,1078,1138,960,558,677,558,899,955,899,422,1317,1143,1022,1010,734,544,1,1,1154,1223,422,1413,145,5,1411,,3:08,1
2010-11,2203,Shane Battier,Shane,1610612763,MEM,Memphis Grizzlies,0041000225,2011-05-11T00:00:00,MEM @ OKC,L,15.415,0,3,0.0,0,1,0.0,0,0,0.0,1,2,3,0,1,0,0,0,1,1,0,-10,2.6,0,0,3.0,1,802,802,802,1174,1340,1138,1340,558,677,558,899,955,899,422,768,746,1022,557,734,544,1,286,790,1390,1385,1460,145,5,1411,,15:25,1
2010-11,201565,Derrick Rose,Derrick,1610612741,CHI,Chicago Bulls,0041000205,2011-05-10T00:00:00,CHI vs. ATL,W,42.11666666666667,11,24,0.458,1,5,0.2,10,13,0.769,0,2,2,10,2,0,0,4,2,7,33,17,48.4,1,0,46.0,1,1,1,1,107,35,24,663,259,126,510,36,21,517,830,768,936,16,261,734,544,1596,603,66,29,54,68,1,5,70,,42:07,1
2010-11,2746,Josh Smith,Josh,1610612737,ATL,Atlanta Hawks,0041000205,2011-05-10T00:00:00,ATL @ CHI,L,38.63333333333333,6,14,0.429,0,2,0.0,4,4,1.0,3,4,7,1,1,1,3,2,4,5,16,-6,36.9,0,0,32.0,1,802,802,802,259,264,229,715,558,494,558,234,304,1,133,391,276,674,557,278,27,1432,1280,160,311,1182,226,145,5,286,,38:38,1
2010-11,201952,Jeff Teague,Jeff,1610612737,ATL,Atlanta Hawks,0041000205,2011-05-10T00:00:00,ATL @ CHI,L,40.67,8,11,0.727,0,1,0.0,5,7,0.714,0,4,4,7,0,0,0,0,4,5,21,-12,36.3,0,0,32.0,1,802,802,802,164,132,409,148,558,677,558,171,156,608,830,391,600,57,1010,734,544,1,1280,160,170,1453,240,145,5,286,,40:40,1
2010-11,2736,Luol Deng,Luol,1610612741,CHI,Chicago Bulls,0041000205,2011-05-10T00:00:00,CHI vs. ATL,W,45.833333333333336,8,18,0.444,0,4,0.0,7,7,1.0,0,4,4,3,1,0,1,1,2,5,23,15,34.3,0,0,32.0,1,1,1,1,21,132,109,686,558,223,558,94,156,1,830,391,600,291,557,734,215,1013,603,160,129,85,301,145,5,286,,45:50,1
2010-11,201143,Al Horford,Al,1610612737,ATL,Atlanta Hawks,0041000205,2011-05-10T00:00:00,ATL @ CHI,L,42.266666666666666,6,13,0.462,0,0,0.0,0,0,0.0,3,7,10,3,4,0,2,0,5,0,12,-13,30.5,1,0,29.0,1,802,802,802,100,264,283,648,558,904,558,899,955,899,133,126,111,291,63,734,76,1,1479,1154,472,1483,375,1,5,358,,42:16,1
2010-11,2430,Carlos Boozer,Carlos,1610612741,CHI,Chicago Bulls,0041000205,2011-05-10T00:00:00,CHI vs. ATL,W,29.428333333333335,4,11,0.364,0,0,0.0,3,3,1.0,4,8,12,0,1,0,0,0,1,3,11,3,24.4,1,0,23.0,1,1,1,1,632,478,409,934,558,904,558,337,478,1,75,78,49,1022,557,734,544,1,286,354,521,535,544,1,5,531,,29:26,1
2010-11,2207,Joe Johnson,Joe,1610612737,ATL,Atlanta Hawks,0041000205,2011-05-10T00:00:00,ATL @ CHI,L,40.61,6,15,0.4,1,5,0.2,2,2,1.0,0,2,2,3,2,1,0,1,1,3,15,-11,22.9,0,0,23.0,1,802,802,802,170,264,192,796,259,126,510,459,543,1,830,768,936,291,261,278,544,1013,286,354,346,1419,593,145,5,531,,40:37,1
2010-11,2585,Zaza Pachulia,Zaza,1610612737,ATL,Atlanta Hawks,0041000205,2011-05-10T00:00:00,ATL @ CHI,L,22.89,5,6,0.833,0,0,0.0,3,4,0.75,1,3,4,1,0,0,0,0,4,3,13,3,19.3,0,0,18.0,1,802,802,802,878,364,814,99,558,904,558,337,304,518,422,559,600,674,1010,734,544,1,1280,354,428,535,692,145,5,681,,22:53,1
2010-11,2586,Keith Bogans,Keith,1610612741,CHI,Chicago Bulls,0041000205,2011-05-10T00:00:00,CHI vs. ATL,W,24.18,4,7,0.571,3,5,0.6,0,0,0.0,1,1,2,0,1,1,0,0,2,1,11,2,15.4,0,0,18.0,1,1,1,1,831,478,692,315,44,126,141,899,955,899,422,1016,936,1022,557,278,544,1,603,790,521,591,849,145,5,681,,24:11,1
2010-11,201959,Taj Gibson,Taj,1610612741,CHI,Chicago Bulls,0041000205,2011-05-10T00:00:00,CHI vs. ATL,W,20.055,5,5,1.0,0,0,0.0,1,3,0.333,1,1,2,2,1,0,1,0,3,2,11,9,18.4,0,0,17.0,1,1,1,1,990,364,926,1,558,904,558,704,478,877,422,1016,936,435,557,734,215,1,980,541,521,250,723,145,5,719,,20:03,1
2010-11,200758,Ronnie Brewer,Ronnie,1610612741,CHI,Chicago Bulls,0041000205,2011-05-10T00:00:00,CHI vs. ATL,W,20.605,2,3,0.667,0,0,0.0,0,0,0.0,2,3,5,1,0,2,0,0,1,0,4,6,17.5,0,0,14.0,1,1,1,1,974,828,1138,175,558,904,558,899,955,899,239,559,458,674,1010,95,544,1,286,1154,1037,371,762,145,5,860,,20:36,1
2010-11,201149,Joakim Noah,Joakim,1610612741,CHI,Chicago Bulls,0041000205,2011-05-10T00:00:00,CHI vs. ATL,W,26.645,0,2,0.0,0,0,0.0,0,0,0.0,1,5,6,3,1,1,0,0,3,1,0,4,13.7,0,0,11.0,1,1,1,1,733,1340,1267,1340,558,904,558,899,955,899,422,262,351,291,557,278,544,1,980,790,1390,469,923,145,5,1004,,26:39,1
2010-11,2037,Jamal Crawford,Jamal,1610612737,ATL,Atlanta Hawks,0041000205,2011-05-10T00:00:00,ATL @ CHI,L,26.75,1,9,0.111,0,4,0.0,0,0,0.0,0,1,1,4,2,0,0,0,2,0,2,-11,7.2,0,0,7.0,1,802,802,802,725,1078,532,1336,558,223,558,899,955,899,830,1016,1143,196,261,734,544,1,603,1154,1223,1419,1216,145,5,1201,,26:45,1
2010-11,201600,Omer Asik,Omer,1610612741,CHI,Chicago Bulls,0041000205,2011-05-10T00:00:00,CHI vs. ATL,W,19.871666666666666,0,0,0.0,0,0,0.0,0,2,0.0,1,3,4,0,1,0,1,0,2,2,0,8,6.8,0,0,6.0,1,1,1,1,995,1340,1513,1340,558,904,558,899,543,899,422,559,600,1022,557,734,215,1,603,541,1390,286,1243,145,5,1256,,19:52,1
2010-11,201228,C.J. Watson,C.J.,1610612741,CHI,Chicago Bulls,0041000205,2011-05-10T00:00:00,CHI vs. ATL,W,5.883333333333334,1,2,0.5,0,0,0.0,0,0,0.0,0,0,0,2,1,0,0,0,0,0,2,-5,4.0,0,0,4.0,1,1,1,1,1457,1078,1267,417,558,904,558,899,955,899,830,1317,1397,435,557,734,544,1,1,1154,1223,1135,1384,145,5,1362,,5:53,1
2010-11,2694,Josh Powell,Josh,1610612737,ATL,Atlanta Hawks,0041000205,2011-05-10T00:00:00,ATL @ CHI,L,1.2833333333333334,1,1,1.0,0,0,0.0,0,0,0.0,1,0,1,0,0,0,0,0,0,0,2,0,3.2,0,0,3.0,1,802,802,802,1575,1078,1386,1,558,904,558,899,955,899,422,1317,1143,1022,1010,734,544,1,1,1154,1223,728,1413,145,5,1411,,1:17,1
2010-11,101107,Marvin Williams,Marvin,1610612737,ATL,Atlanta Hawks,0041000205,2011-05-10T00:00:00,ATL @ CHI,L,8.52,1,2,0.5,0,0,0.0,0,0,0.0,0,1,1,0,0,0,0,0,0,0,2,-6,3.2,0,0,3.0,1,802,802,802,1377,1078,1267,417,558,904,558,899,955,899,830,1016,1143,1022,1010,734,544,1,1,1154,1223,1182,1413,145,5,1411,,8:31,1
2010-11,2594,Kyle Korver,Kyle,1610612741,CHI,Chicago Bulls,0041000205,2011-05-10T00:00:00,CHI vs. ATL,W,4.298333333333333,0,0,0.0,0,0,0.0,0,0,0.0,0,0,0,0,0,1,0,0,0,0,0,1,3.0,0,0,2.0,1,1,1,1,1501,1340,1513,1340,558,904,558,899,955,899,830,1317,1397,1022,1010,278,544,1,1,1154,1390,654,1434,145,5,1461,,4:18,1
2010-11,2215,Jason Collins,Jason,1610612737,ATL,Atlanta Hawks,0041000205,2011-05-10T00:00:00,ATL @ CHI,L,14.726666666666667,0,0,0.0,0,0,0.0,0,0,0.0,0,2,2,0,0,0,0,0,1,0,0,-4,2.4,0,0,2.0,1,802,802,802,1206,1340,1513,1340,558,904,558,899,955,899,830,768,936,1022,1010,734,544,1,286,1154,1390,1048,1465,145,5,1461,,14:44,1
2010-11,2863,Damien Wilkins,Damien,1610612737,ATL,Atlanta Hawks,0041000205,2011-05-10T00:00:00,ATL @ CHI,L,1.2833333333333334,0,0,0.0,0,0,0.0,0,0,0.0,0,0,0,1,0,0,0,0,0,0,0,0,1.5,0,0,1.0,1,802,802,802,1575,1340,1513,1340,558,904,558,899,955,899,830,1317,1397,674,1010,734,544,1,1,1154,1390,728,1489,145,5,1499,,1:17,1
2010-11,200756,Hilton Armstrong,Hilton,1610612737,ATL,Atlanta Hawks,0041000205,2011-05-10T00:00:00,ATL @ CHI,L,1.2833333333333334,0,0,0.0,0,0,0.0,0,0,0.0,0,1,1,0,1,0,0,0,0,0,0,0,0.2,0,0,1.0,1,802,802,802,1575,1340,1513,1340,558,904,558,899,955,899,830,1016,1143,1022,557,734,544,1,1,1154,1390,728,1529,145,5,1499,,1:17,1
2010-11,2446,Rasual Butler,Rasual,1610612741,CHI,Chicago Bulls,0041000205,2011-05-10T00:00:00,CHI vs. ATL,W,1.0833333333333333,0,0,0.0,0,0,0.0,0,0,0.0,0,0,0,0,0,0,0,0,0,0,0,0,0.0,0,0,0.0,1,1,1,1,1580,1340,1513,1340,558,904,558,899,955,899,830,1317,1397,1022,1010,734,544,1,1,1154,1390,728,1534,145,5,1539,,1:05,1
2010-11,202377,Pape Sy,Pape,1610612737,ATL,Atlanta Hawks,0041000205,2011-05-10T00:00:00,ATL @ CHI,L,1.0833333333333333,0,0,0.0,0,0,0.0,0,0,0.0,0,0,0,0,0,0,0,0,0,0,0,0,0.0,0,0,0.0,1,802,802,802,1580,1340,1513,1340,558,904,558,899,955,899,830,1317,1397,1022,1010,734,544,1,1,1154,1390,728,1534,145,5,1539,,1:05,1
2010-11,2544,LeBron James,LeBron,1610612748,MIA,Miami Heat,0041000214,2011-05-09T00:00:00,MIA @ BOS,W,50.278333333333336,12,28,0.429,2,6,0.333,9,9,1.0,3,11,14,3,5,3,0,1,3,9,35,7,60.3,1,0,60.0,1,1,1,1,5,19,7,715,104,77,351,51,91,1,133,20,24,291,24,34,544,1013,980,18,17,326,15,1,5,8,,50:17,1
2010-11,201566,Russell Westbrook,Russell,1610612760,OKC,Oklahoma City Thunder,0041000224,2011-05-09T00:00:00,OKC @ MEM,W,51.48,15,33,0.455,0,2,0.0,10,11,0.909,1,4,5,5,3,3,2,4,5,9,40,12,65.5,0,0,60.0,1,1,1,1,4,3,1,664,558,494,558,36,49,390,422,391,458,131,131,34,76,1596,1479,18,7,163,5,145,5,8,,51:29,1
2010-11,201142,Kevin Durant,Kevin,1610612760,OKC,Oklahoma City Thunder,0041000224,2011-05-09T00:00:00,OKC @ MEM,W,56.81333333333333,9,20,0.45,1,6,0.167,16,18,0.889,3,10,13,1,5,4,0,2,2,10,35,15,59.1,1,0,58.0,1,1,1,1,2,86,63,679,259,77,537,4,6,401,133,32,35,674,24,5,544,1432,603,10,17,85,20,1,5,12,,56:49,1
2010-11,2216,Zach Randolph,Zach,1610612763,MEM,Memphis Grizzlies,0041000224,2011-05-09T00:00:00,MEM vs. OKC,L,55.93666666666667,9,25,0.36,0,0,0.0,16,17,0.941,8,8,16,3,5,1,1,1,3,9,34,-5,58.7,1,0,57.0,1,802,802,802,3,86,17,947,558,904,558,4,9,380,4,78,13,291,24,278,215,1013,980,18,21,1135,22,1,5,15,,55:56,1
2010-11,201188,Marc Gasol,Marc,1610612763,MEM,Memphis Grizzlies,0041000224,2011-05-09T00:00:00,MEM vs. OKC,L,57.13333333333333,11,20,0.55,0,2,0.0,4,5,0.8,10,11,21,3,6,2,1,1,3,8,26,-9,58.7,1,0,56.0,1,802,802,802,1,35,63,375,558,494,558,234,256,479,2,20,1,291,14,95,215,1013,980,36,81,1349,22,1,5,22,,57:08,1
2010-11,1718,Paul Pierce,Paul,1610612738,BOS,Boston Celtics,0041000214,2011-05-09T00:00:00,BOS vs. MIA,L,44.86666666666667,10,20,0.5,1,6,0.167,6,7,0.857,0,8,8,3,4,1,2,1,4,4,27,-11,46.1,0,0,45.0,1,802,802,802,43,54,63,417,259,77,537,118,156,421,830,78,208,291,63,278,76,1013,1280,242,72,1419,92,145,5,81,,44:52,1
2010-11,2548,Dwyane Wade,Dwyane,1610612748,MIA,Miami Heat,0041000214,2011-05-09T00:00:00,MIA @ BOS,W,45.483333333333334,8,18,0.444,0,0,0.0,12,14,0.857,3,6,9,4,3,1,0,3,4,9,28,14,44.8,0,0,43.0,1,1,1,1,28,132,109,686,558,904,558,16,17,421,133,187,156,196,131,278,544,1558,1280,18,64,103,107,145,5,96,,45:29,1
2010-11,201935,James Harden,James,1610612760,OKC,Oklahoma City Thunder,0041000224,2011-05-09T00:00:00,OKC @ MEM,W,49.42166666666667,4,11,0.364,1,6,0.167,10,10,1.0,2,5,7,7,1,0,3,1,2,6,19,17,45.9,0,0,40.0,1,1,1,1,6,478,409,934,259,77,537,36,68,1,239,262,276,57,557,734,27,1013,603,104,225,54,94,145,5,117,,49:25,1
2010-11,2547,Chris Bosh,Chris,1610612748,MIA,Miami Heat,0041000214,2011-05-09T00:00:00,MIA @ BOS,W,44.94166666666667,8,17,0.471,0,0,0.0,4,5,0.8,4,8,12,0,1,2,0,0,1,3,20,6,39.4,1,0,36.0,1,1,1,1,38,132,140,633,558,904,558,234,256,479,75,78,49,1022,557,95,544,1,286,354,198,371,178,1,5,192,,44:57,1
2010-11,201564,O.J. Mayo,O.J.,1610612763,MEM,Memphis Grizzlies,0041000224,2011-05-09T00:00:00,MEM vs. OKC,L,37.27,7,14,0.5,4,6,0.667,0,0,0.0,2,3,5,5,0,0,1,1,6,0,18,-1,34.5,0,0,34.0,1,802,802,802,316,197,229,417,18,77,102,899,955,899,239,559,458,131,1010,734,215,1013,1593,1154,244,825,294,145,5,226,,37:16,1
2010-11,708,Kevin Garnett,Kevin,1610612738,BOS,Boston Celtics,0041000214,2011-05-09T00:00:00,BOS vs. MIA,L,41.233333333333334,1,10,0.1,0,0,0.0,5,6,0.833,0,10,10,2,2,3,2,0,5,6,7,-10,35.0,0,0,29.0,1,802,802,802,142,1078,464,1339,558,904,558,171,191,443,830,32,111,435,261,34,76,1,1479,104,789,1385,280,145,5,358,,41:14,1
2010-11,201144,Mike Conley,Mike,1610612763,MEM,Memphis Grizzlies,0041000224,2011-05-09T00:00:00,MEM vs. OKC,L,37.49166666666667,2,12,0.167,1,6,0.167,11,12,0.917,0,1,1,5,2,2,0,1,6,8,16,-2,28.7,0,0,27.0,1,802,802,802,306,828,341,1290,259,77,537,24,29,385,830,1016,1143,131,261,95,544,1013,1593,36,311,901,425,145,5,405,,37:30,1
2010-11,951,Ray Allen,Ray,1610612738,BOS,Boston Celtics,0041000214,2011-05-09T00:00:00,BOS vs. MIA,L,45.18333333333333,5,12,0.417,2,5,0.4,5,6,0.833,0,2,2,2,2,1,0,0,1,3,17,-2,23.4,0,0,25.0,1,802,802,802,31,364,341,775,104,126,313,171,191,443,830,768,936,435,261,278,544,1,286,354,278,901,582,145,5,465,,45:11,1
2010-11,202349,Greivis Vasquez,Greivis,1610612763,MEM,Memphis Grizzlies,0041000224,2011-05-09T00:00:00,MEM vs. OKC,L,26.93166666666667,4,12,0.333,1,4,0.25,5,5,1.0,1,3,4,2,0,0,0,1,2,3,14,-8,21.8,0,0,21.0,1,802,802,802,715,478,341,960,259,223,449,171,256,1,422,559,600,435,1010,734,544,1013,603,354,391,1306,621,145,5,585,,26:56,1
2010-11,2753,Delonte West,Delonte,1610612738,BOS,Boston Celtics,0041000214,2011-05-09T00:00:00,BOS vs. MIA,L,29.85,4,7,0.571,1,3,0.333,1,2,0.5,1,0,1,1,3,3,0,0,1,2,10,-11,18.7,0,0,19.0,1,802,802,802,611,478,692,315,259,345,351,704,543,699,422,1317,1143,674,131,34,544,1,286,541,568,1419,713,145,5,650,,29:51,1
2010-11,2203,Shane Battier,Shane,1610612763,MEM,Memphis Grizzlies,0041000224,2011-05-09T00:00:00,MEM vs. OKC,L,38.75,3,6,0.5,0,3,0.0,1,1,1.0,2,1,3,3,0,0,2,0,4,2,7,5,21.1,0,0,17.0,1,802,802,802,250,626,814,417,558,345,558,704,881,1,239,1016,746,291,1010,734,76,1,1280,541,789,422,638,145,5,719,,38:45,1
2010-11,200765,Rajon Rondo,Rajon,1610612738,BOS,Boston Celtics,0041000214,2011-05-09T00:00:00,BOS vs. MIA,L,38.15,4,7,0.571,0,0,0.0,2,2,1.0,1,1,2,5,3,0,0,0,1,4,10,-5,16.9,0,0,17.0,1,802,802,802,276,478,692,315,558,904,558,459,543,1,422,1016,936,131,131,734,544,1,286,242,568,1135,791,145,5,719,,38:09,1
2010-11,201161,Daequan Cook,Daequan,1610612760,OKC,Oklahoma City Thunder,0041000224,2011-05-09T00:00:00,OKC @ MEM,W,24.485,3,9,0.333,2,7,0.286,2,2,1.0,1,4,5,0,2,0,0,0,0,2,10,10,14.0,0,0,17.0,1,1,1,1,820,626,532,960,104,36,435,459,543,1,422,391,458,1022,261,734,544,1,1,541,568,214,912,145,5,719,,24:29,1
2010-11,979,Jermaine O'Neal,Jermaine,1610612738,BOS,Boston Celtics,0041000214,2011-05-09T00:00:00,BOS vs. MIA,L,28.233333333333334,3,6,0.5,0,0,0.0,2,2,1.0,1,3,4,2,0,1,0,1,3,3,8,-2,18.8,0,0,16.0,1,802,802,802,675,626,814,417,558,904,558,459,543,1,422,559,600,435,1010,278,544,1013,980,354,713,901,705,145,5,763,,28:14,1
2010-11,1737,Nazr Mohammed,Nazr,1610612760,OKC,Oklahoma City Thunder,0041000224,2011-05-09T00:00:00,OKC @ MEM,W,20.1,3,4,0.75,0,0,0.0,1,2,0.5,1,3,4,0,0,0,2,0,4,2,7,0,17.8,0,0,15.0,1,1,1,1,988,626,1024,122,558,904,558,704,543,699,422,559,600,1022,1010,734,76,1,1280,541,789,728,750,145,5,808,,20:06,1
2010-11,2754,Tony Allen,Tony,1610612763,MEM,Memphis Grizzlies,0041000224,2011-05-09T00:00:00,MEM vs. OKC,L,33.26,3,10,0.3,0,1,0.0,0,0,0.0,1,0,1,2,4,2,1,2,5,1,6,-23,15.2,0,0,15.0,1,802,802,802,480,626,464,1112,558,677,558,899,955,899,422,1317,1143,435,63,95,215,1432,1479,790,848,1597,854,145,5,808,,33:16,1
2010-11,2555,Nick Collison,Nick,1610612760,OKC,Oklahoma City Thunder,0041000224,2011-05-09T00:00:00,OKC @ MEM,W,34.735,2,4,0.5,0,0,0.0,0,0,0.0,1,4,5,1,0,2,0,0,5,2,4,22,17.5,0,0,14.0,1,1,1,1,414,828,1024,417,558,904,558,899,955,899,422,391,458,674,1010,95,544,1,1479,541,1037,24,762,145,5,860,,34:44,1
2010-11,201202,Joel Anthony,Joel,1610612748,MIA,Miami Heat,0041000214,2011-05-09T00:00:00,MIA @ BOS,W,30.641666666666666,2,2,1.0,0,0,0.0,0,0,0.0,0,4,4,1,2,0,2,0,2,1,4,0,14.3,0,0,13.0,1,1,1,1,587,828,1267,1,558,904,558,899,955,899,830,391,600,674,261,734,76,1,603,790,1037,728,896,145,5,903,,30:39,1
2010-11,2570,Kendrick Perkins,Kendrick,1610612760,OKC,Oklahoma City Thunder,0041000224,2011-05-09T00:00:00,OKC @ MEM,W,34.528333333333336,2,2,1.0,0,0,0.0,0,3,0.0,4,4,8,0,3,0,0,0,6,3,4,-10,10.6,0,0,12.0,1,1,1,1,426,828,1267,1,558,904,558,899,478,899,75,391,208,1022,131,734,544,1,1593,354,1037,1385,1068,145,5,946,,34:32,1
2010-11,201586,Serge Ibaka,Serge,1610612760,OKC,Oklahoma City Thunder,0041000224,2011-05-09T00:00:00,OKC @ MEM,W,16.845,3,5,0.6,0,0,0.0,1,2,0.5,1,1,2,0,1,0,1,1,5,1,7,-3,11.4,0,0,11.0,1,1,1,1,1106,626,926,266,558,904,558,704,543,699,422,1016,936,1022,557,734,215,1013,1479,790,789,985,1023,145,5,1004,,16:51,1
2010-11,201596,Mario Chalmers,Mario,1610612748,MIA,Miami Heat,0041000214,2011-05-09T00:00:00,MIA @ BOS,W,26.35,1,2,0.5,1,2,0.5,0,0,0.0,0,3,3,2,2,1,0,0,4,0,3,7,10.6,0,0,11.0,1,1,1,1,743,1078,1267,417,259,494,169,899,955,899,830,559,746,435,261,278,544,1,1280,1154,1146,326,1068,145,5,1004,,26:21,1
2010-11,201145,Jeff Green,Jeff,1610612738,BOS,Boston Celtics,0041000214,2011-05-09T00:00:00,BOS vs. MIA,L,17.355,2,4,0.5,1,2,0.5,2,2,1.0,0,1,1,0,1,0,0,0,3,1,7,1,7.2,0,0,9.0,1,802,802,802,1090,828,1024,417,259,494,169,459,543,1,830,1016,1143,1022,557,734,544,1,980,790,789,654,1216,145,5,1102,,17:21,1
2010-11,2592,James Jones,James,1610612748,MIA,Miami Heat,0041000214,2011-05-09T00:00:00,MIA @ BOS,W,29.533333333333335,1,1,1.0,0,0,0.0,0,0,0.0,0,2,2,0,1,2,0,0,3,0,2,9,9.4,0,0,8.0,1,1,1,1,625,1078,1386,1,558,904,558,899,955,899,830,768,936,1022,557,95,544,1,980,1154,1223,250,1120,145,5,1150,,29:32,1
2010-11,200757,Thabo Sefolosha,Thabo,1610612760,OKC,Oklahoma City Thunder,0041000224,2011-05-09T00:00:00,OKC @ MEM,W,14.966666666666667,1,3,0.333,0,2,0.0,2,2,1.0,1,2,3,1,1,0,0,0,0,1,4,-11,8.1,0,0,8.0,1,1,1,1,1191,1078,1138,960,558,494,558,459,543,1,422,768,746,674,557,734,544,1,1,790,1037,1419,1184,145,5,1150,,14:58,1
2010-11,201953,Eric Maynor,Eric,1610612760,OKC,Oklahoma City Thunder,0041000224,2011-05-09T00:00:00,OKC @ MEM,W,11.625,1,4,0.25,1,1,1.0,0,0,0.0,1,1,2,1,1,0,0,1,2,0,3,-2,5.9,0,0,7.0,1,1,1,1,1306,1078,1024,1175,259,677,1,899,955,899,422,1016,936,674,557,734,544,1013,603,1154,1146,901,1298,145,5,1201,,11:38,1
2010-11,201632,Hamed Haddadi,Hamed,1610612763,MEM,Memphis Grizzlies,0041000224,2011-05-09T00:00:00,MEM vs. OKC,L,3.1466666666666665,0,2,0.0,0,1,0.0,0,0,0.0,0,2,2,0,0,0,2,0,1,0,0,7,8.4,0,0,6.0,1,802,802,802,1533,1340,1267,1340,558,677,558,899,955,899,830,768,936,1022,1010,734,76,1,286,1154,1390,326,1170,145,5,1256,,3:09,1
2010-11,201589,Darrell Arthur,Darrell,1610612763,MEM,Memphis Grizzlies,0041000224,2011-05-09T00:00:00,MEM vs. OKC,L,8.553333333333333,1,6,0.167,0,0,0.0,0,0,0.0,0,1,1,0,0,0,1,0,4,0,2,-13,6.2,0,0,5.0,1,802,802,802,1376,1078,814,1290,558,904,558,899,955,899,830,1016,1143,1022,1010,734,215,1,1280,1154,1223,1483,1265,145,5,1306,,8:33,1
2010-11,1710,Mike Bibby,Mike,1610612748,MIA,Miami Heat,0041000214,2011-05-09T00:00:00,MIA @ BOS,W,20.85,2,6,0.333,0,3,0.0,0,0,0.0,0,1,1,0,2,0,0,0,3,1,4,1,3.2,0,0,5.0,1,1,1,1,970,828,814,960,558,345,558,899,955,899,830,1016,1143,1022,261,734,544,1,980,790,1037,654,1413,145,5,1306,,20:51,1
2010-11,201970,Sam Young,Sam,1610612763,MEM,Memphis Grizzlies,0041000224,2011-05-09T00:00:00,MEM vs. OKC,L,15.74,0,4,0.0,0,0,0.0,0,0,0.0,0,1,1,1,0,1,0,1,2,0,0,1,5.7,0,0,4.0,1,802,802,802,1151,1340,1024,1340,558,904,558,899,955,899,830,1016,1143,674,1010,278,544,1013,603,1154,1390,654,1303,145,5,1362,,15:44,1
2010-11,201175,Glen Davis,Glen,1610612738,BOS,Boston Celtics,0041000214,2011-05-09T00:00:00,BOS vs. MIA,L,16.611666666666668,1,4,0.25,0,0,0.0,2,2,1.0,0,0,0,0,1,0,0,0,3,1,4,2,3.0,0,0,4.0,1,802,802,802,1115,1078,1024,1175,558,904,558,459,543,1,830,1317,1397,1022,557,734,544,1,980,790,1037,591,1434,145,5,1362,,16:37,1
2010-11,2067,Eddie House,Eddie,1610612748,MIA,Miami Heat,0041000214,2011-05-09T00:00:00,MIA @ BOS,W,3.3833333333333333,0,1,0.0,0,0,0.0,0,0,0.0,0,0,0,0,0,1,0,0,0,0,0,0,3.0,0,0,2.0,1,1,1,1,1525,1340,1386,1340,558,904,558,899,955,899,830,1317,1397,1022,1010,278,544,1,1,1154,1390,728,1434,145,5,1461,,3:23,1
2010-11,980,Zydrunas Ilgauskas,Zydrunas,1610612748,MIA,Miami Heat,0041000214,2011-05-09T00:00:00,MIA @ BOS,W,3.5166666666666666,1,1,1.0,0,0,0.0,0,0,0.0,0,0,0,0,0,0,0,0,1,0,2,2,2.0,0,0,2.0,1,1,1,1,1518,1078,1386,1,558,904,558,899,955,899,830,1317,1397,1022,1010,734,544,1,286,1154,1223,591,1477,145,5,1461,,3:31,1
2010-11,2034,Mike Miller,Mike,1610612748,MIA,Miami Heat,0041000214,2011-05-09T00:00:00,MIA @ BOS,W,7.255,0,2,0.0,0,2,0.0,0,0,0.0,0,0,0,0,0,0,0,0,1,0,0,-2,0.0,0,0,0.0,1,1,1,1,1427,1340,1267,1340,558,494,558,899,955,899,830,1317,1397,1022,1010,734,544,1,286,1154,1390,901,1534,145,5,1539,,7:15,1
2010-11,406,Shaquille O'Neal,Shaquille,1610612738,BOS,Boston Celtics,0041000214,2011-05-09T00:00:00,BOS vs. MIA,L,3.5166666666666666,0,0,0.0,0,0,0.0,0,0,0.0,0,0,0,0,0,0,0,0,2,0,0,-2,0.0,0,0,0.0,1,802,802,802,1518,1340,1513,1340,558,904,558,899,955,899,830,1317,1397,1022,1010,734,544,1,603,1154,1390,901,1534,145,5,1539,,3:31,1
2010-11,202397,Ish Smith,Ish,1610612763,MEM,Memphis Grizzlies,0041000224,2011-05-09T00:00:00,MEM vs. OKC,L,0.7866666666666666,0,0,0.0,0,0,0.0,0,0,0.0,0,0,0,0,1,0,0,0,0,0,0,-2,-1.0,0,0,0.0,1,802,802,802,1599,1340,1513,1340,558,904,558,899,955,899,830,1317,1397,1022,557,734,544,1,1,1154,1390,901,1602,145,5,1539,,0:47,1
2010-11,2617,Udonis Haslem,Udonis,1610612748,MIA,Miami Heat,0041000214,2011-05-09T00:00:00,MIA @ BOS,W,2.7666666666666666,0,1,0.0,0,0,0.0,0,0,0.0,0,0,0,0,1,0,0,0,2,0,0,-4,-1.0,0,0,0.0,1,1,1,1,1545,1340,1386,1340,558,904,558,899,955,899,830,1317,1397,1022,557,734,544,1,603,1154,1390,1048,1602,145,5,1539,,2:46,1
2010-11,2746,Josh Smith,Josh,1610612737,ATL,Atlanta Hawks,0041000204,2011-05-08T00:00:00,ATL vs. CHI,W,44.181666666666665,8,22,0.364,0,1,0.0,7,9,0.778,5,11,16,8,2,1,2,4,3,7,23,18,61.2,1,0,53.0,1,1,1,1,56,132,35,934,558,677,558,94,91,513,41,20,13,36,261,278,76,1596,980,66,129,42,13,1,5,29,,44:11,1
2010-11,201565,Derrick Rose,Derrick,1610612741,CHI,Chicago Bulls,0041000204,2011-05-08T00:00:00,CHI @ ATL,L,44.348333333333336,12,32,0.375,1,3,0.333,9,11,0.818,2,2,4,10,3,1,0,6,1,7,34,-11,53.8,1,0,51.0,1,802,802,802,50,19,2,896,259,345,351,51,49,474,239,768,600,16,131,278,544,1615,286,66,21,1419,38,1,5,36,,44:21,1
2010-11,1891,Jason Terry,Jason,1610612742,DAL,Dallas Mavericks,0041000234,2011-05-08T00:00:00,DAL vs. LAL,W,25.233333333333334,11,14,0.786,9,10,0.9,1,2,0.5,0,1,1,4,3,0,1,0,2,1,32,29,39.2,0,0,48.0,1,1,1,1,788,35,229,117,1,3,78,704,543,699,830,1016,1143,196,131,734,215,1,603,790,37,8,181,145,5,53,,25:14,1
2010-11,978,Peja Stojakovic,Peja,1610612742,DAL,Dallas Mavericks,0041000234,2011-05-08T00:00:00,DAL vs. LAL,W,30.405,7,7,1.0,6,6,1.0,1,2,0.5,0,3,3,2,1,3,0,0,2,1,21,28,35.6,0,0,38.0,1,1,1,1,596,197,692,1,3,77,1,704,543,699,830,559,746,435,557,34,544,1,603,790,170,11,268,145,5,149,,30:24,1
2010-11,2207,Joe Johnson,Joe,1610612737,ATL,Atlanta Hawks,0041000204,2011-05-08T00:00:00,ATL vs. CHI,W,43.08,9,14,0.643,3,5,0.6,3,3,1.0,0,1,1,5,1,1,0,1,4,3,24,9,34.7,0,0,35.0,1,1,1,1,79,86,229,238,44,126,141,337,478,1,830,1016,1143,131,557,278,544,1013,1280,354,105,250,289,145,5,203,,43:05,1
2010-11,201143,Al Horford,Al,1610612737,ATL,Atlanta Hawks,0041000204,2011-05-08T00:00:00,ATL vs. CHI,W,30.633333333333333,9,11,0.818,0,0,0.0,2,2,1.0,0,5,5,4,2,1,1,0,3,2,20,8,36.0,0,0,33.0,1,1,1,1,588,86,409,104,558,904,558,459,543,1,830,262,458,196,261,278,215,1,980,541,198,286,252,145,5,259,,30:38,1
2010-11,200826,J.J. Barea,J.J.,1610612742,DAL,Dallas Mavericks,0041000234,2011-05-08T00:00:00,DAL vs. LAL,W,26.588333333333335,9,14,0.643,1,4,0.25,3,3,1.0,0,1,1,8,2,0,0,0,0,5,22,29,33.2,0,0,32.0,1,1,1,1,734,86,229,238,259,223,449,337,478,1,830,1016,1143,36,261,734,544,1,1,160,151,8,326,145,5,286,,26:35,1
2010-11,1717,Dirk Nowitzki,Dirk,1610612742,DAL,Dallas Mavericks,0041000234,2011-05-08T00:00:00,DAL vs. LAL,W,31.633333333333333,7,11,0.636,1,1,1.0,2,2,1.0,0,7,7,4,1,1,0,0,2,3,17,37,33.4,0,0,31.0,1,1,1,1,546,197,409,243,259,677,1,459,543,1,830,126,276,196,557,278,544,1,603,354,278,1,321,145,5,313,,31:38,1
2010-11,2200,Pau Gasol,Pau,1610612747,LAL,Los Angeles Lakers,0041000234,2011-05-08T00:00:00,LAL @ DAL,L,33.5,4,10,0.4,0,0,0.0,2,2,1.0,6,2,8,6,0,1,1,0,3,3,10,-23,34.6,0,0,28.0,1,802,802,802,473,478,464,796,558,904,558,459,543,1,21,768,208,82,1010,278,215,1,980,354,568,1597,291,145,5,376,,33:30,1
2010-11,200769,Shannon Brown,Shannon,1610612747,LAL,Los Angeles Lakers,0041000234,2011-05-08T00:00:00,LAL @ DAL,L,22.605,5,10,0.5,3,5,0.6,2,3,0.667,1,1,2,2,0,3,0,1,2,2,15,-24,29.4,0,0,28.0,1,802,802,802,891,364,464,417,44,126,141,459,478,619,422,1016,936,435,1010,34,544,1013,603,541,346,1601,409,145,5,376,,22:36,1
2010-11,2736,Luol Deng,Luol,1610612741,CHI,Chicago Bulls,0041000204,2011-05-08T00:00:00,CHI @ ATL,L,45.03333333333333,5,14,0.357,1,6,0.167,2,2,1.0,2,5,7,2,0,0,2,1,3,4,13,-9,30.4,0,0,27.0,1,802,802,802,34,364,229,948,259,77,537,459,543,1,239,262,276,435,1010,734,76,1013,980,242,428,1349,378,145,5,405,,45:02,1
2010-11,2430,Carlos Boozer,Carlos,1610612741,CHI,Chicago Bulls,0041000204,2011-05-08T00:00:00,CHI @ ATL,L,34.6,7,10,0.7,0,0,0.0,4,4,1.0,1,5,6,2,2,0,0,0,4,2,18,-6,26.2,0,0,26.0,1,802,802,802,422,197,464,163,558,904,558,234,304,1,422,262,351,435,261,734,544,1,1280,541,244,1182,486,145,5,438,,34:36,1
2010-11,201952,Jeff Teague,Jeff,1610612737,ATL,Atlanta Hawks,0041000204,2011-05-08T00:00:00,ATL vs. CHI,W,40.005,6,12,0.5,0,0,0.0,0,0,0.0,0,4,4,4,3,1,1,1,0,2,12,9,25.8,0,0,24.0,1,1,1,1,191,264,341,417,558,904,558,899,955,899,830,391,600,196,131,278,215,1013,1,541,472,250,506,145,5,495,,40:00,1
2010-11,201149,Joakim Noah,Joakim,1610612741,CHI,Chicago Bulls,0041000204,2011-05-08T00:00:00,CHI @ ATL,L,35.35,2,4,0.5,0,0,0.0,2,4,0.5,4,7,11,3,1,0,1,0,3,3,6,-16,25.7,0,0,22.0,1,802,802,802,390,828,1024,417,558,904,558,459,304,699,75,126,69,291,557,734,215,1,980,354,848,1545,512,145,5,557,,35:21,1
2010-11,201959,Taj Gibson,Taj,1610612741,CHI,Chicago Bulls,0041000204,2011-05-08T00:00:00,CHI @ ATL,L,13.4,3,3,1.0,0,0,0.0,3,4,0.75,0,0,0,0,0,2,4,0,2,2,9,-6,27.0,0,0,21.0,1,802,802,802,1250,626,1138,1,558,904,558,337,304,518,830,1317,1397,1022,1010,95,12,1,603,541,632,1182,466,145,5,585,,13:24,1
2010-11,467,Jason Kidd,Jason,1610612742,DAL,Dallas Mavericks,0041000234,2011-05-08T00:00:00,DAL vs. LAL,W,25.878333333333334,1,6,0.167,1,5,0.2,0,0,0.0,0,2,2,7,2,4,0,1,4,2,3,13,25.9,0,0,21.0,1,1,1,1,759,1078,814,1290,259,126,510,899,955,899,830,768,936,57,261,5,544,1013,1280,541,1146,129,501,145,5,585,,25:53,1
2010-11,977,Kobe Bryant,Kobe,1610612747,LAL,Los Angeles Lakers,0041000234,2011-05-08T00:00:00,LAL @ DAL,L,37.17,7,18,0.389,0,5,0.0,3,4,0.75,1,2,3,1,5,0,0,0,1,4,17,-29,17.1,0,0,21.0,1,802,802,802,320,197,109,873,558,126,558,337,304,518,422,768,746,674,24,734,544,1,286,242,278,1613,780,145,5,585,,37:10,1
2010-11,1897,Metta World Peace,Metta,1610612747,LAL,Los Angeles Lakers,0041000234,2011-05-08T00:00:00,LAL @ DAL,L,28.283333333333335,3,7,0.429,1,3,0.333,4,5,0.8,0,2,2,2,2,2,0,0,4,4,11,-12,20.4,0,0,20.0,1,802,802,802,673,626,692,715,259,345,351,234,256,479,830,768,936,435,261,95,544,1,1280,242,521,1453,657,145,5,614,,28:17,1
2010-11,1890,Shawn Marion,Shawn,1610612742,DAL,Dallas Mavericks,0041000234,2011-05-08T00:00:00,DAL vs. LAL,W,24.461666666666666,3,7,0.429,0,0,0.0,2,2,1.0,1,5,6,3,4,1,0,0,4,1,8,-1,18.7,0,0,19.0,1,1,1,1,824,626,692,715,558,904,558,459,543,1,422,262,351,291,63,278,544,1,1280,790,713,825,713,145,5,650,,24:28,1
2010-11,2037,Jamal Crawford,Jamal,1610612737,ATL,Atlanta Hawks,0041000204,2011-05-08T00:00:00,ATL vs. CHI,W,28.65,5,11,0.455,1,5,0.2,1,2,0.5,0,1,1,0,2,2,0,0,0,1,12,16,17.2,0,0,18.0,1,1,1,1,660,364,409,664,259,126,510,704,543,699,830,1016,1143,1022,261,95,544,1,1,790,472,69,774,145,5,681,,28:39,1
2010-11,965,Derek Fisher,Derek,1610612747,LAL,Los Angeles Lakers,0041000234,2011-05-08T00:00:00,LAL @ DAL,L,25.303333333333335,1,8,0.125,0,2,0.0,3,4,0.75,0,7,7,1,0,2,0,0,1,2,5,-15,20.9,0,0,17.0,1,802,802,802,784,1078,606,1325,558,494,558,337,304,518,830,126,276,674,1010,95,544,1,286,541,958,1530,645,145,5,719,,25:18,1
2010-11,2440,Matt Barnes,Matt,1610612747,LAL,Los Angeles Lakers,0041000234,2011-05-08T00:00:00,LAL @ DAL,L,12.725,4,7,0.571,0,2,0.0,1,1,1.0,3,2,5,1,1,1,0,0,2,1,9,-13,18.5,0,0,17.0,1,802,802,802,1272,478,692,315,558,494,558,704,881,1,133,768,458,674,557,278,544,1,603,790,632,1483,721,145,5,719,,12:44,1
2010-11,101115,Andrew Bynum,Andrew,1610612747,LAL,Los Angeles Lakers,0041000234,2011-05-08T00:00:00,LAL @ DAL,L,31.0,2,7,0.286,0,0,0.0,2,2,1.0,1,5,6,1,3,1,1,1,2,3,6,-29,17.7,0,0,17.0,1,802,802,802,571,828,692,1127,558,904,558,459,543,1,422,262,351,674,131,278,215,1013,603,354,848,1613,754,145,5,719,,31:00,1
2010-11,201600,Omer Asik,Omer,1610612741,CHI,Chicago Bulls,0041000204,2011-05-08T00:00:00,CHI @ ATL,L,12.65,1,2,0.5,0,0,0.0,1,2,0.5,3,5,8,1,0,0,2,0,2,1,3,4,20.1,0,0,16.0,1,802,802,802,1276,1078,1267,417,558,904,558,704,543,699,133,262,208,674,1010,734,76,1,603,790,1146,469,668,145,5,763,,12:39,1
2010-11,2585,Zaza Pachulia,Zaza,1610612737,ATL,Atlanta Hawks,0041000204,2011-05-08T00:00:00,ATL vs. CHI,W,25.533333333333335,1,3,0.333,0,0,0.0,3,4,0.75,2,7,9,2,1,0,0,0,2,4,5,-5,17.8,0,0,16.0,1,1,1,1,775,1078,1138,960,558,904,558,337,304,518,239,126,156,435,557,734,544,1,603,242,958,1135,750,145,5,763,,25:32,1
2010-11,2217,Brendan Haywood,Brendan,1610612742,DAL,Dallas Mavericks,0041000234,2011-05-08T00:00:00,DAL vs. LAL,W,16.996666666666666,1,1,1.0,0,0,0.0,2,3,0.667,3,5,8,1,3,0,1,0,2,3,4,19,15.1,0,0,15.0,1,1,1,1,1102,1078,1386,1,558,904,558,459,478,619,133,262,208,674,131,734,215,1,603,354,1037,35,859,145,5,808,,16:60,1
2010-11,2199,Tyson Chandler,Tyson,1610612742,DAL,Dallas Mavericks,0041000234,2011-05-08T00:00:00,DAL vs. LAL,W,26.253333333333334,2,4,0.5,0,0,0.0,1,1,1.0,2,7,9,0,1,0,0,1,2,3,5,13,14.8,0,0,14.0,1,1,1,1,745,828,1024,417,558,904,558,704,881,1,239,126,156,1022,557,734,544,1013,603,354,958,129,873,145,5,860,,26:15,1
2010-11,1885,Lamar Odom,Lamar,1610612747,LAL,Los Angeles Lakers,0041000234,2011-05-08T00:00:00,LAL @ DAL,L,17.65,4,5,0.8,0,0,0.0,2,5,0.4,2,0,2,1,3,0,0,0,5,3,10,-8,10.9,0,0,13.0,1,802,802,802,1080,478,926,107,558,904,558,459,256,873,239,1317,936,674,131,734,544,1,1479,354,568,1306,1056,145,5,903,,17:39,1
2010-11,2581,Steve Blake,Steve,1610612747,LAL,Los Angeles Lakers,0041000234,2011-05-08T00:00:00,LAL @ DAL,L,17.946666666666665,1,4,0.25,1,4,0.25,0,0,0.0,0,1,1,1,0,1,0,0,0,1,3,-17,8.7,0,0,8.0,1,802,802,802,1071,1078,1024,1175,259,223,449,899,955,899,830,1016,1143,674,1010,278,544,1,1,790,1146,1559,1155,145,5,1150,,17:57,1
2010-11,2052,DeShawn Stevenson,DeShawn,1610612742,DAL,Dallas Mavericks,0041000234,2011-05-08T00:00:00,DAL vs. LAL,W,18.3,1,6,0.167,1,5,0.2,0,0,0.0,0,1,1,2,1,0,0,0,4,0,3,1,6.2,0,0,7.0,1,1,1,1,1055,1078,814,1290,259,126,510,899,955,899,830,1016,1143,435,557,734,544,1,1280,1154,1146,654,1265,145,5,1201,,18:18,1
2010-11,201147,Corey Brewer,Corey,1610612742,DAL,Dallas Mavericks,0041000234,2011-05-08T00:00:00,DAL vs. LAL,W,4.75,1,2,0.5,0,0,0.0,0,0,0.0,0,0,0,0,1,2,0,0,0,0,2,4,7.0,0,0,6.0,1,1,1,1,1488,1078,1267,417,558,904,558,899,955,899,830,1317,1397,1022,557,95,544,1,1,1154,1223,469,1233,145,5,1256,,4:45,1
2010-11,2215,Jason Collins,Jason,1610612737,ATL,Atlanta Hawks,0041000204,2011-05-08T00:00:00,ATL vs. CHI,W,11.616666666666667,2,2,1.0,0,0,0.0,0,0,0.0,0,0,0,0,0,0,1,0,4,1,4,3,7.0,0,0,6.0,1,1,1,1,1307,828,1267,1,558,904,558,899,955,899,830,1317,1397,1022,1010,734,215,1,1280,790,1037,535,1233,145,5,1256,,11:37,1
2010-11,2073,Brian Cardinal,Brian,1610612742,DAL,Dallas Mavericks,0041000234,2011-05-08T00:00:00,DAL vs. LAL,W,4.75,1,1,1.0,1,1,1.0,0,0,0.0,0,1,1,1,0,0,0,0,0,0,3,4,5.7,0,0,6.0,1,1,1,1,1488,1078,1386,1,259,677,1,899,955,899,830,1016,1143,674,1010,734,544,1,1,1154,1146,469,1303,145,5,1256,,4:45,1
2010-11,201228,C.J. Watson,C.J.,1610612741,CHI,Chicago Bulls,0041000204,2011-05-08T00:00:00,CHI @ ATL,L,5.885,0,1,0.0,0,0,0.0,0,0,0.0,0,1,1,0,2,2,0,0,0,0,0,0,5.2,0,0,5.0,1,802,802,802,1456,1340,1386,1340,558,904,558,899,955,899,830,1016,1143,1022,261,95,544,1,1,1154,1390,728,1332,145,5,1306,,5:53,1
2010-11,2586,Keith Bogans,Keith,1610612741,CHI,Chicago Bulls,0041000204,2011-05-08T00:00:00,CHI @ ATL,L,16.966666666666665,1,2,0.5,1,2,0.5,0,0,0.0,0,0,0,1,1,0,0,0,3,0,3,-7,3.5,0,0,5.0,1,802,802,802,1103,1078,1267,417,259,494,169,899,955,899,830,1317,1397,674,557,734,544,1,980,1154,1146,1234,1402,145,5,1306,,16:58,1
2010-11,101107,Marvin Williams,Marvin,1610612737,ATL,Atlanta Hawks,0041000204,2011-05-08T00:00:00,ATL vs. CHI,W,15.341666666666667,0,5,0.0,0,0,0.0,0,0,0.0,0,0,0,0,1,0,2,4,3,0,0,2,5.0,0,0,4.0,1,1,1,1,1178,1340,926,1340,558,904,558,899,955,899,830,1317,1397,1022,557,734,76,1596,980,1154,1390,591,1346,145,5,1362,,15:21,1
2010-11,2594,Kyle Korver,Kyle,1610612741,CHI,Chicago Bulls,0041000204,2011-05-08T00:00:00,CHI @ ATL,L,18.736666666666668,1,8,0.125,0,5,0.0,0,0,0.0,0,0,0,0,1,1,0,0,0,0,2,-13,4.0,0,0,4.0,1,802,802,802,1042,1078,606,1325,558,126,558,899,955,899,830,1317,1397,1022,557,278,544,1,1,1154,1223,1483,1384,145,5,1362,,18:44,1
2010-11,101133,Ian Mahinmi,Ian,1610612742,DAL,Dallas Mavericks,0041000234,2011-05-08T00:00:00,DAL vs. LAL,W,4.75,0,0,0.0,0,0,0.0,2,4,0.5,0,1,1,0,0,0,0,0,1,2,2,4,3.2,0,0,3.0,1,1,1,1,1488,1340,1513,1340,558,904,558,459,304,699,830,1016,1143,1022,1010,734,544,1,286,541,1223,469,1413,145,5,1411,,4:45,1
2010-11,200758,Ronnie Brewer,Ronnie,1610612741,CHI,Chicago Bulls,0041000204,2011-05-08T00:00:00,CHI @ ATL,L,13.03,0,2,0.0,0,0,0.0,0,0,0.0,0,0,0,0,0,0,1,0,2,0,0,4,3.0,0,0,2.0,1,802,802,802,1262,1340,1267,1340,558,904,558,899,955,899,830,1317,1397,1022,1010,734,215,1,603,1154,1390,469,1434,145,5,1461,,13:02,1
2010-11,693,Joe Smith,Joe,1610612747,LAL,Los Angeles Lakers,0041000234,2011-05-08T00:00:00,LAL @ DAL,L,4.75,0,1,0.0,0,0,0.0,0,0,0.0,1,0,1,0,0,0,0,0,0,0,0,-4,1.2,0,0,1.0,1,802,802,802,1488,1340,1386,1340,558,904,558,899,955,899,422,1317,1143,1022,1010,734,544,1,1,1154,1390,1048,1498,145,5,1499,,4:45,1
2010-11,201234,Trey Johnson,Trey,1610612747,LAL,Los Angeles Lakers,0041000234,2011-05-08T00:00:00,LAL @ DAL,L,4.75,0,3,0.0,0,1,0.0,0,0,0.0,0,1,1,0,0,0,0,0,1,0,0,-4,1.2,0,0,1.0,1,802,802,802,1488,1340,1138,1340,558,677,558,899,955,899,830,1016,1143,1022,1010,734,544,1,286,1154,1390,1048,1498,145,5,1499,,4:45,1
2010-11,2575,Luke Walton,Luke,1610612747,LAL,Los Angeles Lakers,0041000234,2011-05-08T00:00:00,LAL @ DAL,L,4.316666666666666,0,2,0.0,0,2,0.0,0,0,0.0,0,1,1,0,2,0,0,0,0,0,0,-2,-0.8,0,0,1.0,1,802,802,802,1500,1340,1267,1340,558,494,558,899,955,899,830,1016,1143,1022,261,734,544,1,1,1154,1390,901,1600,145,5,1499,,4:19,1
2010-11,2863,Damien Wilkins,Damien,1610612737,ATL,Atlanta Hawks,0041000204,2011-05-08T00:00:00,ATL vs. CHI,W,0.9583333333333334,0,1,0.0,0,0,0.0,0,0,0.0,0,0,0,0,0,0,0,0,0,0,0,0,0.0,0,0,0.0,1,1,1,1,1591,1340,1386,1340,558,904,558,899,955,899,830,1317,1397,1022,1010,734,544,1,1,1154,1390,728,1534,145,5,1539,,0:58,1
2010-11,708,Kevin Garnett,Kevin,1610612738,BOS,Boston Celtics,0041000213,2011-05-07T00:00:00,BOS vs. MIA,W,37.78333333333333,13,20,0.65,0,1,0.0,2,2,1.0,4,14,18,1,0,2,0,0,3,1,28,17,57.1,1,0,51.0,1,1,1,1,296,10,63,234,558,677,558,459,543,1,75,2,6,674,1010,95,544,1,980,790,64,54,28,1,5,36,,37:47,1
2010-11,2216,Zach Randolph,Zach,1610612763,MEM,Memphis Grizzlies,0041000223,2011-05-07T00:00:00,MEM vs. OKC,W,44.49,8,22,0.364,0,1,0.0,5,8,0.625,8,13,21,2,3,0,1,1,3,5,21,-3,49.2,1,0,46.0,1,1,1,1,48,132,35,934,558,677,558,171,117,666,4,8,1,435,131,734,215,1013,980,160,170,985,61,1,5,70,,44:29,1
2010-11,201566,Russell Westbrook,Russell,1610612760,OKC,Oklahoma City Thunder,0041000223,2011-05-07T00:00:00,OKC @ MEM,L,42.92333333333333,7,22,0.318,1,3,0.333,8,8,1.0,3,3,6,12,7,2,0,0,6,5,23,0,47.2,1,0,46.0,1,802,802,802,85,197,35,1099,259,345,351,73,117,1,133,559,351,6,6,95,544,1,1593,160,129,728,81,1,5,70,,42:55,1
2010-11,1718,Paul Pierce,Paul,1610612738,BOS,Boston Celtics,0041000213,2011-05-07T00:00:00,BOS vs. MIA,W,40.65,9,20,0.45,5,7,0.714,4,4,1.0,2,3,5,5,1,2,0,2,2,4,27,12,45.5,0,0,46.0,1,1,1,1,165,86,63,679,7,36,97,234,304,1,239,559,458,131,557,95,544,1432,603,242,72,163,99,145,5,70,,40:39,1
2010-11,2548,Dwyane Wade,Dwyane,1610612748,MIA,Miami Heat,0041000213,2011-05-07T00:00:00,MIA @ BOS,L,40.053333333333335,8,19,0.421,1,5,0.2,6,7,0.857,3,3,6,7,3,1,1,2,3,7,23,-19,43.7,0,0,41.0,1,802,802,802,186,132,88,767,259,126,510,118,156,421,133,559,351,57,131,278,215,1432,980,66,129,1576,116,145,5,108,,40:03,1
2010-11,2544,LeBron James,LeBron,1610612748,MIA,Miami Heat,0041000213,2011-05-07T00:00:00,MIA @ BOS,L,42.8,6,16,0.375,0,3,0.0,3,7,0.429,2,5,7,4,4,2,5,1,3,4,15,-21,46.4,0,0,40.0,1,802,802,802,90,264,159,896,558,345,558,337,156,870,239,262,276,196,63,95,3,1013,980,242,346,1589,89,145,5,117,,42:48,1
2010-11,201564,O.J. Mayo,O.J.,1610612763,MEM,Memphis Grizzlies,0041000223,2011-05-07T00:00:00,MEM vs. OKC,W,41.8,6,18,0.333,2,6,0.333,4,4,1.0,2,4,6,4,0,2,2,2,3,2,18,23,43.2,0,0,38.0,1,1,1,1,125,264,109,960,104,77,351,234,304,1,239,391,351,196,1010,95,76,1432,980,541,244,20,124,145,5,149,,41:48,1
2010-11,201142,Kevin Durant,Kevin,1610612760,OKC,Oklahoma City Thunder,0041000223,2011-05-07T00:00:00,OKC @ MEM,L,48.03333333333333,10,24,0.417,2,7,0.286,0,1,0.0,0,12,12,1,2,0,0,3,2,1,22,-9,35.9,1,0,37.0,1,802,802,802,11,54,24,775,104,36,435,899,881,899,830,13,49,674,261,734,544,1558,603,790,151,1349,259,1,5,176,,48:02,1
2010-11,201586,Serge Ibaka,Serge,1610612760,OKC,Oklahoma City Thunder,0041000223,2011-05-07T00:00:00,OKC @ MEM,L,43.015,6,12,0.5,0,0,0.0,2,3,0.667,3,5,8,0,0,0,6,1,5,3,14,7,41.6,0,0,34.0,1,802,802,802,81,264,341,417,558,904,558,459,478,619,133,262,208,1022,1010,734,2,1013,1479,354,391,326,140,145,5,226,,43:01,1
2010-11,201144,Mike Conley,Mike,1610612763,MEM,Memphis Grizzlies,0041000223,2011-05-07T00:00:00,MEM vs. OKC,W,47.07333333333333,8,15,0.533,1,3,0.333,1,2,0.5,1,4,5,4,3,2,1,3,2,2,18,7,36.0,0,0,34.0,1,1,1,1,15,132,192,403,259,345,351,704,543,699,422,391,458,196,131,95,215,1558,603,541,244,326,252,145,5,226,,47:04,1
2010-11,201188,Marc Gasol,Marc,1610612763,MEM,Memphis Grizzlies,0041000223,2011-05-07T00:00:00,MEM vs. OKC,W,39.33166666666666,4,14,0.286,0,0,0.0,8,12,0.667,3,4,7,2,0,1,3,2,3,8,16,11,39.4,0,0,33.0,1,1,1,1,221,478,229,1127,558,904,558,73,29,619,133,391,276,435,1010,278,27,1432,980,36,311,190,178,145,5,259,,39:20,1
2010-11,201596,Mario Chalmers,Mario,1610612748,MIA,Miami Heat,0041000213,2011-05-07T00:00:00,MIA @ BOS,L,30.78,7,9,0.778,2,4,0.5,1,1,1.0,0,4,4,3,1,3,0,0,2,2,17,2,34.3,0,0,32.0,1,802,802,802,580,197,532,118,104,223,169,704,881,1,830,391,600,291,557,34,544,1,603,541,278,591,301,145,5,286,,30:47,1
2010-11,201202,Joel Anthony,Joel,1610612748,MIA,Miami Heat,0041000213,2011-05-07T00:00:00,MIA @ BOS,L,36.875,6,7,0.857,0,0,0.0,0,0,0.0,4,7,11,0,1,1,1,0,0,2,12,5,30.2,1,0,27.0,1,802,802,802,332,264,692,96,558,904,558,899,955,899,75,126,69,1022,557,278,215,1,1,541,472,422,385,1,5,405,,36:53,1
2010-11,201935,James Harden,James,1610612760,OKC,Oklahoma City Thunder,0041000223,2011-05-07T00:00:00,OKC @ MEM,L,25.415,4,9,0.444,1,5,0.2,3,3,1.0,2,3,5,2,2,1,2,1,2,3,12,-20,28.0,0,0,26.0,1,802,802,802,778,478,532,686,259,126,510,337,478,1,239,559,458,435,261,278,76,1013,603,354,472,1584,443,145,5,438,,25:25,1
2010-11,951,Ray Allen,Ray,1610612738,BOS,Boston Celtics,0041000213,2011-05-07T00:00:00,BOS vs. MIA,W,39.13666666666666,4,11,0.364,2,5,0.4,5,5,1.0,1,2,3,4,2,0,0,1,3,4,15,21,22.6,0,0,24.0,1,1,1,1,231,478,409,934,104,126,313,171,256,1,422,768,746,196,261,734,544,1013,980,242,346,27,600,145,5,495,,39:08,1
2010-11,2570,Kendrick Perkins,Kendrick,1610612760,OKC,Oklahoma City Thunder,0041000223,2011-05-07T00:00:00,OKC @ MEM,L,30.648333333333333,2,6,0.333,0,0,0.0,2,2,1.0,6,7,13,1,1,1,0,3,6,1,6,1,25.1,0,0,22.0,1,802,802,802,586,828,814,960,558,904,558,459,543,1,21,126,35,674,557,278,544,1558,1593,790,848,654,522,145,5,557,,30:39,1
2010-11,200765,Rajon Rondo,Rajon,1610612738,BOS,Boston Celtics,0041000213,2011-05-07T00:00:00,BOS vs. MIA,W,35.31,3,7,0.429,0,0,0.0,0,0,0.0,0,3,3,11,5,1,0,2,2,2,6,19,24.1,0,0,22.0,1,1,1,1,394,626,692,715,558,904,558,899,955,899,830,559,746,12,24,278,544,1432,603,541,848,35,556,145,5,557,,35:19,1
2010-11,2754,Tony Allen,Tony,1610612763,MEM,Memphis Grizzlies,0041000223,2011-05-07T00:00:00,MEM vs. OKC,W,29.35,2,5,0.4,0,0,0.0,6,10,0.6,2,2,4,2,1,1,1,0,2,6,10,5,22.8,0,0,20.0,1,1,1,1,636,828,926,796,558,904,558,118,68,677,239,768,600,435,557,278,215,1,603,104,568,422,598,145,5,614,,29:21,1
2010-11,2547,Chris Bosh,Chris,1610612748,MIA,Miami Heat,0041000213,2011-05-07T00:00:00,MIA @ BOS,L,30.248333333333335,1,6,0.167,0,0,0.0,4,4,1.0,3,2,5,1,2,1,1,1,2,2,6,-16,17.5,0,0,16.0,1,802,802,802,602,1078,814,1290,558,904,558,234,304,1,133,768,458,674,261,278,215,1013,603,541,848,1545,762,145,5,763,,30:15,1
2010-11,2753,Delonte West,Delonte,1610612738,BOS,Boston Celtics,0041000213,2011-05-07T00:00:00,BOS vs. MIA,W,25.368333333333332,4,7,0.571,2,4,0.5,1,2,0.5,0,0,0,3,1,0,0,1,3,1,11,-3,14.5,0,0,16.0,1,1,1,1,781,478,692,315,104,223,169,704,543,699,830,1317,1397,291,557,734,544,1013,980,790,521,985,885,145,5,763,,25:22,1
2010-11,200757,Thabo Sefolosha,Thabo,1610612760,OKC,Oklahoma City Thunder,0041000223,2011-05-07T00:00:00,OKC @ MEM,L,27.585,2,7,0.286,0,3,0.0,2,2,1.0,1,1,2,1,0,2,1,0,1,1,6,12,18.9,0,0,15.0,1,802,802,802,690,828,692,1127,558,345,558,459,543,1,422,1016,936,674,1010,95,215,1,286,790,848,163,703,145,5,808,,27:35,1
2010-11,979,Jermaine O'Neal,Jermaine,1610612738,BOS,Boston Celtics,0041000213,2011-05-07T00:00:00,BOS vs. MIA,W,21.533333333333335,1,3,0.333,0,0,0.0,0,0,0.0,1,3,4,1,0,0,3,2,2,0,2,13,17.3,0,0,13.0,1,1,1,1,944,1078,1138,960,558,904,558,899,955,899,422,559,600,674,1010,734,27,1432,603,1154,1223,129,770,145,5,903,,21:32,1
2010-11,201145,Jeff Green,Jeff,1610612738,BOS,Boston Celtics,0041000213,2011-05-07T00:00:00,BOS vs. MIA,W,20.863333333333333,2,3,0.667,0,1,0.0,2,2,1.0,0,2,2,0,2,1,1,0,0,3,6,-1,12.4,0,0,12.0,1,1,1,1,969,828,1138,175,558,677,558,459,543,1,830,768,936,1022,261,278,215,1,1,354,848,825,985,145,5,946,,20:52,1
2010-11,2555,Nick Collison,Nick,1610612760,OKC,Oklahoma City Thunder,0041000223,2011-05-07T00:00:00,OKC @ MEM,L,23.435,2,5,0.4,0,0,0.0,2,2,1.0,1,2,3,0,0,0,1,0,4,2,6,-11,12.6,0,0,11.0,1,802,802,802,862,828,926,796,558,904,558,459,543,1,422,768,746,1022,1010,734,215,1,1280,541,848,1419,975,145,5,1004,,23:26,1
2010-11,2592,James Jones,James,1610612748,MIA,Miami Heat,0041000213,2011-05-07T00:00:00,MIA @ BOS,L,26.676666666666666,2,7,0.286,2,7,0.286,0,0,0.0,0,1,1,0,0,1,0,0,4,0,6,1,10.2,0,0,11.0,1,802,802,802,732,828,692,1127,104,36,435,899,955,899,830,1016,1143,1022,1010,278,544,1,1280,1154,848,654,1088,145,5,1004,,26:41,1
2010-11,202349,Greivis Vasquez,Greivis,1610612763,MEM,Memphis Grizzlies,0041000223,2011-05-07T00:00:00,MEM vs. OKC,W,5.926666666666667,1,2,0.5,0,0,0.0,0,0,0.0,0,2,2,2,0,2,0,1,0,1,2,1,13.4,0,0,10.0,1,1,1,1,1453,1078,1267,417,558,904,558,899,955,899,830,768,936,435,1010,95,544,1013,1,790,1223,654,938,145,5,1052,,5:56,1
2010-11,201632,Hamed Haddadi,Hamed,1610612763,MEM,Memphis Grizzlies,0041000223,2011-05-07T00:00:00,MEM vs. OKC,W,5.651666666666666,0,1,0.0,0,0,0.0,5,6,0.833,2,0,2,0,0,0,1,0,1,4,5,6,10.4,0,0,9.0,1,1,1,1,1467,1340,1386,1340,558,904,558,171,191,443,239,1317,936,1022,1010,734,215,1,286,242,958,371,1081,145,5,1102,,5:39,1
2010-11,201970,Sam Young,Sam,1610612763,MEM,Memphis Grizzlies,0041000223,2011-05-07T00:00:00,MEM vs. OKC,W,15.5,2,6,0.333,0,0,0.0,0,0,0.0,0,3,3,0,2,1,0,1,0,0,4,-13,8.6,0,0,9.0,1,1,1,1,1163,828,814,960,558,904,558,899,955,899,830,559,746,1022,261,278,544,1013,1,1154,1037,1483,1162,145,5,1102,,15:30,1
2010-11,980,Zydrunas Ilgauskas,Zydrunas,1610612748,MIA,Miami Heat,0041000213,2011-05-07T00:00:00,MIA @ BOS,L,9.6,1,2,0.5,0,0,0.0,0,0,0.0,0,2,2,2,2,0,1,0,1,0,2,-19,8.4,0,0,8.0,1,802,802,802,1360,1078,1267,417,558,904,558,899,955,899,830,768,936,435,261,734,215,1,286,1154,1223,1576,1170,145,5,1150,,9:36,1
2010-11,2203,Shane Battier,Shane,1610612763,MEM,Memphis Grizzlies,0041000223,2011-05-07T00:00:00,MEM vs. OKC,W,24.893333333333334,1,2,0.5,0,0,0.0,0,0,0.0,2,2,4,1,0,0,0,0,1,1,2,5,8.3,0,0,7.0,1,1,1,1,805,1078,1267,417,558,904,558,899,955,899,239,768,600,674,1010,734,544,1,286,790,1223,422,1179,145,5,1201,,24:54,1
2010-11,201589,Darrell Arthur,Darrell,1610612763,MEM,Memphis Grizzlies,0041000223,2011-05-07T00:00:00,MEM vs. OKC,W,10.983333333333333,2,5,0.4,0,0,0.0,1,2,0.5,0,1,1,0,0,0,0,0,2,1,5,-2,6.2,0,0,6.0,1,1,1,1,1326,828,926,796,558,904,558,704,543,699,830,1016,1143,1022,1010,734,544,1,603,790,958,901,1265,145,5,1256,,10:59,1
2010-11,406,Shaquille O'Neal,Shaquille,1610612738,BOS,Boston Celtics,0041000213,2011-05-07T00:00:00,BOS vs. MIA,W,8.49,1,2,0.5,0,0,0.0,0,2,0.0,0,0,0,1,0,1,0,0,2,1,2,2,6.5,0,0,5.0,1,1,1,1,1378,1078,1267,417,558,904,558,899,543,899,830,1317,1397,674,1010,278,544,1,603,790,1223,591,1252,145,5,1306,,8:29,1
2010-11,201953,Eric Maynor,Eric,1610612760,OKC,Oklahoma City Thunder,0041000223,2011-05-07T00:00:00,OKC @ MEM,L,10.076666666666666,0,3,0.0,0,0,0.0,2,2,1.0,1,0,1,2,0,0,0,0,0,1,2,-8,6.2,0,0,5.0,1,802,802,802,1351,1340,1138,1340,558,904,558,459,543,1,422,1317,1143,435,1010,734,544,1,1,790,1223,1306,1265,145,5,1306,,10:05,1
2010-11,201175,Glen Davis,Glen,1610612738,BOS,Boston Celtics,0041000213,2011-05-07T00:00:00,BOS vs. MIA,W,10.79,0,1,0.0,0,0,0.0,0,0,0.0,2,2,4,1,1,0,0,1,0,0,0,0,5.3,0,0,5.0,1,1,1,1,1331,1340,1386,1340,558,904,558,899,955,899,239,768,600,674,557,734,544,1013,1,1154,1390,728,1330,145,5,1306,,10:47,1
2010-11,1737,Nazr Mohammed,Nazr,1610612760,OKC,Oklahoma City Thunder,0041000223,2011-05-07T00:00:00,OKC @ MEM,L,5.616666666666666,1,2,0.5,0,0,0.0,0,0,0.0,1,2,3,0,1,0,0,1,2,0,2,-7,4.6,0,0,5.0,1,802,802,802,1469,1078,1267,417,558,904,558,899,955,899,422,768,746,1022,557,734,544,1013,603,1154,1223,1234,1358,145,5,1306,,5:37,1
2010-11,2034,Mike Miller,Mike,1610612748,MIA,Miami Heat,0041000213,2011-05-07T00:00:00,MIA @ BOS,L,5.746666666666667,0,2,0.0,0,2,0.0,0,0,0.0,0,0,0,2,0,0,0,0,0,0,0,5,3.0,0,0,2.0,1,802,802,802,1461,1340,1267,1340,558,494,558,899,955,899,830,1317,1397,435,1010,734,544,1,1,1154,1390,422,1434,145,5,1461,,5:45,1
2010-11,1710,Mike Bibby,Mike,1610612748,MIA,Miami Heat,0041000213,2011-05-07T00:00:00,MIA @ BOS,L,17.22,0,5,0.0,0,2,0.0,0,0,0.0,0,0,0,1,1,0,0,0,1,0,0,-18,0.5,0,0,1.0,1,802,802,802,1095,1340,926,1340,558,494,558,899,955,899,830,1317,1397,674,557,734,544,1,286,1154,1390,1569,1528,145,5,1499,,17:13,1
2010-11,101144,Von Wafer,Von,1610612738,BOS,Boston Celtics,0041000213,2011-05-07T00:00:00,BOS vs. MIA,W,0.075,0,0,0.0,0,0,0.0,0,0,0.0,0,0,0,0,0,0,0,0,0,0,0,0,0.0,0,0,0.0,1,1,1,1,1612,1340,1513,1340,558,904,558,899,955,899,830,1317,1397,1022,1010,734,544,1,1,1154,1390,728,1534,145,5,1539,,0:05,1
2010-11,201161,Daequan Cook,Daequan,1610612760,OKC,Oklahoma City Thunder,0041000223,2011-05-07T00:00:00,OKC @ MEM,L,8.251666666666667,0,3,0.0,0,3,0.0,0,0,0.0,0,0,0,0,0,0,0,0,2,0,0,-5,0.0,0,0,0.0,1,802,802,802,1386,1340,1138,1340,558,345,558,899,955,899,830,1317,1397,1022,1010,734,544,1,603,1154,1390,1135,1534,145,5,1539,,8:15,1
2010-11,201565,Derrick Rose,Derrick,1610612741,CHI,Chicago Bulls,0041000203,2011-05-06T00:00:00,CHI @ ATL,W,37.916666666666664,16,27,0.593,4,7,0.571,8,9,0.889,1,4,5,7,2,1,1,1,1,4,44,17,64.5,0,0,64.0,1,1,1,1,289,1,9,303,18,36,163,73,91,401,422,391,458,57,261,278,215,1013,286,242,3,54,7,145,5,4,,37:55,1
2010-11,1717,Dirk Nowitzki,Dirk,1610612742,DAL,Dallas Mavericks,0041000233,2011-05-06T00:00:00,DAL vs. LAL,W,41.825,12,19,0.632,4,5,0.8,4,4,1.0,0,9,9,1,4,0,1,1,2,8,32,9,43.3,0,0,48.0,1,1,1,1,124,19,88,247,18,126,80,234,304,1,830,52,156,674,63,734,215,1013,603,36,37,250,122,145,5,53,,41:50,1
2010-11,2746,Josh Smith,Josh,1610612737,ATL,Atlanta Hawks,0041000203,2011-05-06T00:00:00,ATL vs. CHI,L,40.67333333333333,7,14,0.5,0,0,0.0,3,8,0.375,0,13,13,4,2,1,4,1,1,8,17,-16,51.6,1,0,44.0,1,802,802,802,163,197,229,417,558,904,558,337,117,875,830,8,35,196,261,278,12,1013,286,36,278,1545,52,1,5,88,,40:40,1
2010-11,101115,Andrew Bynum,Andrew,1610612747,LAL,Los Angeles Lakers,0041000233,2011-05-06T00:00:00,LAL @ DAL,L,37.15833333333333,9,16,0.563,0,0,0.0,3,3,1.0,4,6,10,1,3,1,0,1,5,5,21,-9,34.5,1,0,34.0,1,802,802,802,321,86,159,355,558,904,558,337,478,1,75,187,111,674,131,278,544,1013,1479,160,170,1349,294,1,5,226,,37:10,1
2010-11,1891,Jason Terry,Jason,1610612742,DAL,Dallas Mavericks,0041000233,2011-05-06T00:00:00,DAL vs. LAL,W,36.35,7,10,0.7,2,4,0.5,7,8,0.875,1,2,3,2,0,2,0,0,1,5,23,13,35.6,0,0,34.0,1,1,1,1,348,197,464,163,104,223,169,94,117,408,422,768,746,435,1010,95,544,1,286,160,129,129,268,145,5,226,,36:21,1
2010-11,1885,Lamar Odom,Lamar,1610612747,LAL,Los Angeles Lakers,0041000233,2011-05-06T00:00:00,LAL @ DAL,L,42.24166666666667,8,16,0.5,0,1,0.0,2,3,0.667,1,5,6,3,1,1,1,0,3,3,18,-1,34.7,0,0,31.0,1,802,802,802,102,132,159,417,558,677,558,459,478,619,422,262,351,291,557,278,215,1,980,354,244,825,289,145,5,313,,42:15,1
2010-11,201149,Joakim Noah,Joakim,1610612741,CHI,Chicago Bulls,0041000203,2011-05-06T00:00:00,CHI @ ATL,W,33.8,1,8,0.125,0,0,0.0,0,0,0.0,8,7,15,3,0,0,5,0,3,0,2,15,39.5,0,0,30.0,1,1,1,1,458,1078,606,1325,558,904,558,899,955,899,4,126,18,291,1010,734,3,1,980,1154,1223,85,173,145,5,338,,33:48,1
2010-11,977,Kobe Bryant,Kobe,1610612747,LAL,Los Angeles Lakers,0041000233,2011-05-06T00:00:00,LAL @ DAL,L,37.96333333333333,8,16,0.5,0,3,0.0,1,1,1.0,1,3,4,6,2,1,0,2,3,2,17,-6,31.8,0,0,29.0,1,802,802,802,287,132,159,417,558,345,558,704,881,1,422,559,600,82,261,278,544,1432,980,541,278,1182,344,145,5,358,,37:58,1
2010-11,201952,Jeff Teague,Jeff,1610612737,ATL,Atlanta Hawks,0041000203,2011-05-06T00:00:00,ATL vs. CHI,L,41.36666666666667,8,13,0.615,0,2,0.0,5,5,1.0,0,3,3,3,1,1,0,3,1,3,21,-16,31.1,0,0,29.0,1,802,802,802,139,132,283,258,558,494,558,171,256,1,830,559,746,291,557,278,544,1558,286,354,170,1545,360,145,5,358,,41:22,1
2010-11,201959,Taj Gibson,Taj,1610612741,CHI,Chicago Bulls,0041000203,2011-05-06T00:00:00,CHI @ ATL,W,25.966666666666665,5,9,0.556,0,0,0.0,3,4,0.75,7,4,11,0,1,0,2,0,2,2,13,8,31.2,1,0,28.0,1,1,1,1,754,364,532,361,558,904,558,337,304,518,13,391,69,1022,557,734,76,1,603,541,428,286,359,1,5,376,,25:58,1
2010-11,467,Jason Kidd,Jason,1610612742,DAL,Dallas Mavericks,0041000233,2011-05-06T00:00:00,DAL vs. LAL,W,35.416666666666664,3,12,0.25,2,8,0.25,3,4,0.75,0,4,4,9,4,0,1,0,1,2,11,4,28.3,0,0,28.0,1,1,1,1,384,626,341,1175,104,18,449,337,304,518,830,391,600,28,63,734,215,1,286,541,521,469,436,145,5,376,,35:25,1
2010-11,2200,Pau Gasol,Pau,1610612747,LAL,Los Angeles Lakers,0041000233,2011-05-06T00:00:00,LAL @ DAL,L,40.11333333333334,5,13,0.385,0,0,0.0,2,3,0.667,5,3,8,2,2,0,0,1,4,4,12,-7,22.6,0,0,22.0,1,802,802,802,185,364,283,879,558,904,558,459,478,619,41,559,208,435,261,734,544,1013,1280,242,472,1234,600,145,5,557,,40:07,1
2010-11,965,Derek Fisher,Derek,1610612747,LAL,Los Angeles Lakers,0041000233,2011-05-06T00:00:00,LAL @ DAL,L,35.20166666666667,3,8,0.375,1,2,0.5,2,2,1.0,0,2,2,5,1,2,0,1,4,1,9,-6,23.9,0,0,21.0,1,802,802,802,400,626,606,896,259,494,169,459,543,1,830,768,936,131,557,95,544,1013,1280,790,632,1182,563,145,5,585,,35:12,1
2010-11,978,Peja Stojakovic,Peja,1610612742,DAL,Dallas Mavericks,0041000233,2011-05-06T00:00:00,DAL vs. LAL,W,23.291666666666668,5,11,0.455,3,7,0.429,2,2,1.0,0,3,3,0,0,0,0,0,2,1,15,8,18.6,0,0,21.0,1,1,1,1,865,364,409,664,44,36,304,459,543,1,830,559,746,1022,1010,734,544,1,603,790,346,286,716,145,5,585,,23:18,1
2010-11,201143,Al Horford,Al,1610612737,ATL,Atlanta Hawks,0041000203,2011-05-06T00:00:00,ATL vs. CHI,L,37.376666666666665,5,12,0.417,0,0,0.0,0,0,0.0,3,5,8,2,0,0,0,2,2,1,10,-28,22.6,0,0,20.0,1,802,802,802,313,364,341,775,558,904,558,899,955,899,133,262,208,435,1010,734,544,1432,603,790,568,1611,600,145,5,614,,37:23,1
2010-11,1890,Shawn Marion,Shawn,1610612742,DAL,Dallas Mavericks,0041000233,2011-05-06T00:00:00,DAL vs. LAL,W,29.701666666666668,1,7,0.143,0,1,0.0,0,0,0.0,3,5,8,3,3,1,2,0,1,1,2,-1,22.1,0,0,19.0,1,1,1,1,616,1078,692,1315,558,677,558,899,955,899,133,262,208,291,131,278,76,1,286,790,1223,825,615,145,5,650,,29:42,1
2010-11,2594,Kyle Korver,Kyle,1610612741,CHI,Chicago Bulls,0041000203,2011-05-06T00:00:00,CHI @ ATL,W,17.971666666666668,4,6,0.667,3,4,0.75,0,0,0.0,0,1,1,1,3,1,0,0,3,1,11,8,13.7,0,0,18.0,1,1,1,1,1070,478,814,175,44,223,85,899,955,899,830,1016,1143,674,131,278,544,1,980,790,521,286,923,145,5,681,,17:58,1
2010-11,2199,Tyson Chandler,Tyson,1610612742,DAL,Dallas Mavericks,0041000233,2011-05-06T00:00:00,DAL vs. LAL,W,33.001666666666665,1,1,1.0,0,0,0.0,6,7,0.857,1,4,5,0,0,1,1,0,4,7,8,9,20.0,0,0,17.0,1,1,1,1,492,1078,1386,1,558,904,558,118,156,421,422,391,458,1022,1010,278,215,1,1280,66,713,250,672,145,5,719,,33:00,1
2010-11,2736,Luol Deng,Luol,1610612741,CHI,Chicago Bulls,0041000203,2011-05-06T00:00:00,CHI @ ATL,W,42.0,3,10,0.3,1,4,0.25,0,1,0.0,0,6,6,1,0,1,0,0,1,4,7,15,18.7,0,0,17.0,1,1,1,1,115,626,464,1112,259,223,449,899,881,899,830,187,351,674,1010,278,544,1,286,242,789,85,713,145,5,719,,42:00,1
2010-11,2207,Joe Johnson,Joe,1610612737,ATL,Atlanta Hawks,0041000203,2011-05-06T00:00:00,ATL vs. CHI,L,37.805,4,12,0.333,1,2,0.5,1,2,0.5,1,0,1,3,2,0,0,0,1,2,10,-20,13.7,0,0,15.0,1,802,802,802,292,478,341,960,259,494,169,704,543,699,422,1317,1143,291,261,734,544,1,286,541,568,1584,923,145,5,808,,37:48,1
2010-11,2037,Jamal Crawford,Jamal,1610612737,ATL,Atlanta Hawks,0041000203,2011-05-06T00:00:00,ATL vs. CHI,L,28.85,3,7,0.429,0,2,0.0,1,1,1.0,1,1,2,3,1,1,0,0,1,1,7,-9,15.9,0,0,14.0,1,802,802,802,655,626,692,715,558,494,558,704,881,1,422,1016,936,291,557,278,544,1,286,790,789,1349,828,145,5,860,,28:51,1
2010-11,2430,Carlos Boozer,Carlos,1610612741,CHI,Chicago Bulls,0041000203,2011-05-06T00:00:00,CHI @ ATL,W,22.033333333333335,3,6,0.5,0,0,0.0,0,0,0.0,1,5,6,2,3,0,0,2,3,0,6,9,13.2,0,0,14.0,1,1,1,1,915,626,814,417,558,904,558,899,955,899,422,262,351,435,131,734,544,1432,980,1154,848,250,946,145,5,860,,22:02,1
2010-11,200769,Shannon Brown,Shannon,1610612747,LAL,Los Angeles Lakers,0041000233,2011-05-06T00:00:00,LAL @ DAL,L,18.508333333333333,4,8,0.5,1,4,0.25,1,2,0.5,2,1,3,0,1,0,0,0,3,1,10,-1,12.6,0,0,14.0,1,802,802,802,1048,478,606,417,259,223,449,704,543,699,239,1016,746,1022,557,734,544,1,980,790,568,825,975,145,5,860,,18:31,1
2010-11,2581,Steve Blake,Steve,1610612747,LAL,Los Angeles Lakers,0041000233,2011-05-06T00:00:00,LAL @ DAL,L,14.76,2,3,0.667,1,1,1.0,0,0,0.0,0,3,3,2,0,1,0,0,1,1,5,-2,14.6,0,0,13.0,1,802,802,802,1204,828,1138,175,259,677,1,899,955,899,830,559,746,435,1010,278,544,1,286,790,958,901,880,145,5,903,,14:46,1
2010-11,201228,C.J. Watson,C.J.,1610612741,CHI,Chicago Bulls,0041000203,2011-05-06T00:00:00,CHI @ ATL,W,10.083333333333334,2,5,0.4,0,1,0.0,4,4,1.0,0,0,0,2,2,1,0,0,1,3,8,0,12.0,0,0,12.0,1,1,1,1,1350,828,926,796,558,677,558,234,304,1,830,1317,1397,435,261,278,544,1,286,354,713,728,998,145,5,946,,10:05,1
2010-11,101107,Marvin Williams,Marvin,1610612737,ATL,Atlanta Hawks,0041000203,2011-05-06T00:00:00,ATL vs. CHI,L,23.616666666666667,4,7,0.571,0,0,0.0,2,3,0.667,1,0,1,1,1,0,0,1,1,1,10,-15,11.7,0,0,12.0,1,802,802,802,854,478,692,315,558,904,558,459,478,619,422,1317,1143,674,557,734,544,1013,286,790,568,1530,1012,145,5,946,,23:37,1
2010-11,2586,Keith Bogans,Keith,1610612741,CHI,Chicago Bulls,0041000203,2011-05-06T00:00:00,CHI @ ATL,W,19.055,2,6,0.333,2,4,0.5,0,0,0.0,0,0,0,1,0,1,0,1,2,0,6,10,10.5,0,0,11.0,1,1,1,1,1028,828,814,960,104,223,169,899,955,899,830,1317,1397,674,1010,278,544,1013,603,1154,848,214,1077,145,5,1004,,19:03,1
2010-11,200758,Ronnie Brewer,Ronnie,1610612741,CHI,Chicago Bulls,0041000203,2011-05-06T00:00:00,CHI @ ATL,W,14.956666666666667,1,2,0.5,0,0,0.0,0,0,0.0,0,2,2,1,0,2,0,0,1,0,2,1,11.9,0,0,9.0,1,1,1,1,1193,1078,1267,417,558,904,558,899,955,899,830,768,936,674,1010,95,544,1,286,1154,1223,654,1004,145,5,1102,,14:57,1
2010-11,200826,J.J. Barea,J.J.,1610612742,DAL,Dallas Mavericks,0041000233,2011-05-06T00:00:00,DAL vs. LAL,W,13.6,1,5,0.2,0,2,0.0,2,4,0.5,0,0,0,5,0,0,0,0,0,2,4,1,11.5,0,0,9.0,1,1,1,1,1244,1078,926,1262,558,494,558,459,304,699,830,1317,1397,131,1010,734,544,1,1,541,1037,654,1020,145,5,1102,,13:36,1
2010-11,2217,Brendan Haywood,Brendan,1610612742,DAL,Dallas Mavericks,0041000233,2011-05-06T00:00:00,DAL vs. LAL,W,14.263333333333334,0,0,0.0,0,0,0.0,0,0,0.0,3,4,7,0,1,0,0,0,4,0,0,-2,7.4,0,0,7.0,1,1,1,1,1215,1340,1513,1340,558,904,558,899,955,899,133,391,276,1022,557,734,544,1,1280,1154,1390,901,1208,145,5,1201,,14:16,1
2010-11,202377,Pape Sy,Pape,1610612737,ATL,Atlanta Hawks,0041000203,2011-05-06T00:00:00,ATL vs. CHI,L,3.7666666666666666,0,0,0.0,0,0,0.0,1,2,0.5,1,0,1,2,1,1,0,0,1,1,1,3,7.2,0,0,6.0,1,802,802,802,1512,1340,1513,1340,558,904,558,704,543,699,422,1317,1143,435,557,278,544,1,286,790,1367,535,1216,145,5,1256,,3:46,1
2010-11,2052,DeShawn Stevenson,DeShawn,1610612742,DAL,Dallas Mavericks,0041000233,2011-05-06T00:00:00,DAL vs. LAL,W,11.416666666666666,1,1,1.0,1,1,1.0,0,0,0.0,0,0,0,2,0,0,0,0,3,0,3,-10,6.0,0,0,6.0,1,1,1,1,1315,1078,1386,1,259,677,1,899,955,899,830,1317,1397,435,1010,734,544,1,980,1154,1146,1385,1279,145,5,1256,,11:25,1
2010-11,200756,Hilton Armstrong,Hilton,1610612737,ATL,Atlanta Hawks,0041000203,2011-05-06T00:00:00,ATL vs. CHI,L,4.116666666666666,0,2,0.0,0,0,0.0,1,2,0.5,2,2,4,0,0,0,0,2,0,1,1,4,5.8,0,0,5.0,1,802,802,802,1509,1340,1267,1340,558,904,558,704,543,699,239,768,600,1022,1010,734,544,1432,1,790,1367,469,1301,145,5,1306,,4:07,1
2010-11,2863,Damien Wilkins,Damien,1610612737,ATL,Atlanta Hawks,0041000203,2011-05-06T00:00:00,ATL vs. CHI,L,7.511666666666667,2,2,1.0,0,0,0.0,0,0,0.0,0,0,0,0,0,0,0,0,1,1,4,6,4.0,0,0,4.0,1,802,802,802,1418,828,1267,1,558,904,558,899,955,899,830,1317,1397,1022,1010,734,544,1,286,790,1037,371,1384,145,5,1362,,7:31,1
2010-11,201600,Omer Asik,Omer,1610612741,CHI,Chicago Bulls,0041000203,2011-05-06T00:00:00,CHI @ ATL,W,14.2,0,0,0.0,0,0,0.0,0,0,0.0,1,0,1,0,0,0,1,0,3,1,0,2,4.2,0,0,3.0,1,1,1,1,1217,1340,1513,1340,558,904,558,899,955,899,422,1317,1143,1022,1010,734,215,1,980,790,1390,591,1369,145,5,1411,,14:12,1
2010-11,2585,Zaza Pachulia,Zaza,1610612737,ATL,Atlanta Hawks,0041000203,2011-05-06T00:00:00,ATL vs. CHI,L,9.05,0,0,0.0,0,0,0.0,1,2,0.5,0,1,1,0,1,0,0,0,4,1,1,3,1.2,0,0,2.0,1,802,802,802,1370,1340,1513,1340,558,904,558,704,543,699,830,1016,1143,1022,557,734,544,1,1280,790,1367,535,1498,145,5,1461,,9:03,1
2010-11,2440,Matt Barnes,Matt,1610612747,LAL,Los Angeles Lakers,0041000233,2011-05-06T00:00:00,LAL @ DAL,L,10.666666666666666,0,2,0.0,0,2,0.0,0,0,0.0,0,1,1,0,0,0,0,0,2,1,0,4,1.2,0,0,1.0,1,802,802,802,1334,1340,1267,1340,558,494,558,899,955,899,830,1016,1143,1022,1010,734,544,1,603,790,1390,469,1498,145,5,1499,,10:40,1
2010-11,2446,Rasual Butler,Rasual,1610612741,CHI,Chicago Bulls,0041000203,2011-05-06T00:00:00,CHI @ ATL,W,2.0166666666666666,0,0,0.0,0,0,0.0,0,0,0.0,0,0,0,0,0,0,0,0,0,0,0,0,0.0,0,0,0.0,1,1,1,1,1560,1340,1513,1340,558,904,558,899,955,899,830,1317,1397,1022,1010,734,544,1,1,1154,1390,728,1534,145,5,1539,,2:01,1
2010-11,201147,Corey Brewer,Corey,1610612742,DAL,Dallas Mavericks,0041000233,2011-05-06T00:00:00,DAL vs. LAL,W,1.1333333333333333,0,1,0.0,0,1,0.0,0,0,0.0,0,0,0,0,0,0,0,0,0,0,0,-1,0.0,0,0,0.0,1,1,1,1,1579,1340,1386,1340,558,677,558,899,955,899,830,1317,1397,1022,1010,734,544,1,1,1154,1390,825,1534,145,5,1539,,1:08,1
2010-11,2215,Jason Collins,Jason,1610612737,ATL,Atlanta Hawks,0041000203,2011-05-06T00:00:00,ATL vs. CHI,L,1.75,0,0,0.0,0,0,0.0,0,0,0.0,0,0,0,0,0,0,0,0,2,0,0,-1,0.0,0,0,0.0,1,802,802,802,1570,1340,1513,1340,558,904,558,899,955,899,830,1317,1397,1022,1010,734,544,1,603,1154,1390,825,1534,145,5,1539,,1:45,1
2010-11,693,Joe Smith,Joe,1610612747,LAL,Los Angeles Lakers,0041000233,2011-05-06T00:00:00,LAL @ DAL,L,3.3866666666666667,0,0,0.0,0,0,0.0,0,0,0.0,0,0,0,0,0,0,0,0,1,0,0,-2,0.0,0,0,0.0,1,802,802,802,1524,1340,1513,1340,558,904,558,899,955,899,830,1317,1397,1022,1010,734,544,1,286,1154,1390,901,1534,145,5,1539,,3:23,1
2010-11,2694,Josh Powell,Josh,1610612737,ATL,Atlanta Hawks,0041000203,2011-05-06T00:00:00,ATL vs. CHI,L,4.116666666666666,0,1,0.0,0,0,0.0,0,0,0.0,0,0,0,0,1,0,0,0,0,0,0,4,-1.0,0,0,0.0,1,802,802,802,1509,1340,1386,1340,558,904,558,899,955,899,830,1317,1397,1022,557,734,544,1,1,1154,1390,469,1602,145,5,1539,,4:07,1
2010-11,201565,Derrick Rose,Derrick,1610612741,CHI,Chicago Bulls,0041000202,2011-05-04T00:00:00,CHI vs. ATL,W,43.0,10,27,0.37,1,8,0.125,4,6,0.667,0,6,6,10,8,0,2,2,0,5,25,14,45.2,1,0,46.0,1,1,1,1,82,54,9,930,259,18,554,234,191,619,830,187,351,16,3,734,76,1432,1,160,90,103,100,1,5,70,,43:00,1
2010-11,201149,Joakim Noah,Joakim,1610612741,CHI,Chicago Bulls,0041000202,2011-05-04T00:00:00,CHI vs. ATL,W,38.516666666666666,6,8,0.75,0,0,0.0,7,8,0.875,7,7,14,2,2,3,1,0,5,4,19,12,48.8,1,0,43.0,1,1,1,1,263,264,606,122,558,904,558,94,117,408,13,126,24,435,261,34,215,1,1479,242,225,163,66,1,5,96,,38:31,1
2010-11,201952,Jeff Teague,Jeff,1610612737,ATL,Atlanta Hawks,0041000202,2011-05-04T00:00:00,ATL @ CHI,L,39.65,7,14,0.5,1,2,0.5,6,7,0.857,0,2,2,3,0,3,2,2,2,4,21,-7,42.9,0,0,37.0,1,802,802,802,201,197,229,417,259,494,169,118,156,421,830,768,936,291,1010,34,76,1432,603,242,170,1234,127,145,5,176,,39:39,1
2010-11,977,Kobe Bryant,Kobe,1610612747,LAL,Los Angeles Lakers,0041000232,2011-05-04T00:00:00,LAL vs. DAL,L,38.01833333333333,9,20,0.45,1,5,0.2,4,5,0.8,0,0,0,3,1,5,0,0,1,5,23,-8,41.5,0,0,37.0,1,802,802,802,282,86,63,679,259,126,510,234,256,479,830,1317,1397,291,557,1,544,1,286,160,129,1306,143,145,5,176,,38:01,1
2010-11,1717,Dirk Nowitzki,Dirk,1610612742,DAL,Dallas Mavericks,0041000232,2011-05-04T00:00:00,DAL @ LAL,W,38.31666666666667,9,16,0.563,2,3,0.667,4,5,0.8,1,6,7,2,1,0,0,1,2,5,24,15,34.4,0,0,35.0,1,1,1,1,272,86,159,355,104,345,102,234,256,479,422,187,276,435,557,734,544,1013,603,160,105,85,298,145,5,203,,38:19,1
2010-11,101115,Andrew Bynum,Andrew,1610612747,LAL,Los Angeles Lakers,0041000232,2011-05-04T00:00:00,LAL vs. DAL,L,37.13333333333333,8,11,0.727,0,0,0.0,2,2,1.0,7,6,13,1,1,0,1,1,2,2,18,-5,37.1,1,0,34.0,1,802,802,802,322,132,409,148,558,904,558,459,543,1,13,187,35,674,557,734,215,1013,603,541,244,1135,219,1,5,226,,37:08,1
2010-11,2207,Joe Johnson,Joe,1610612737,ATL,Atlanta Hawks,0041000202,2011-05-04T00:00:00,ATL @ CHI,L,41.66,7,15,0.467,1,3,0.333,1,2,0.5,1,4,5,1,2,5,0,1,2,2,16,-7,36.5,0,0,33.0,1,802,802,802,133,197,192,639,259,345,351,704,543,699,422,391,458,674,261,1,544,1013,603,541,311,1234,237,145,5,259,,41:40,1
2010-11,2736,Luol Deng,Luol,1610612741,CHI,Chicago Bulls,0041000202,2011-05-04T00:00:00,CHI vs. ATL,W,46.016666666666666,6,13,0.462,0,2,0.0,2,2,1.0,1,11,12,2,0,1,1,2,2,3,14,14,37.4,1,0,32.0,1,1,1,1,18,264,283,648,558,494,558,459,543,1,422,20,49,435,1010,278,215,1432,603,354,391,103,214,1,5,286,,46:01,1
2010-11,2746,Josh Smith,Josh,1610612737,ATL,Atlanta Hawks,0041000202,2011-05-04T00:00:00,ATL @ CHI,L,35.685,4,14,0.286,0,2,0.0,5,7,0.714,3,3,6,3,4,1,4,0,4,4,13,-4,35.7,0,0,32.0,1,802,802,802,375,478,229,1127,558,494,558,171,156,608,133,559,351,291,63,278,12,1,1280,242,428,1048,265,145,5,286,,35:41,1
2010-11,2200,Pau Gasol,Pau,1610612747,LAL,Los Angeles Lakers,0041000232,2011-05-04T00:00:00,LAL vs. DAL,L,32.8,5,12,0.417,0,0,0.0,3,6,0.5,2,8,10,1,1,1,1,1,5,4,13,-1,31.5,1,0,28.0,1,802,802,802,504,364,341,775,558,904,558,337,191,699,239,78,111,674,557,278,215,1013,1479,242,428,825,349,1,5,376,,32:48,1
2010-11,201143,Al Horford,Al,1610612737,ATL,Atlanta Hawks,0041000202,2011-05-04T00:00:00,ATL @ CHI,L,43.54,3,12,0.25,0,0,0.0,0,0,0.0,2,12,14,6,2,0,1,0,1,2,6,-13,32.8,0,0,28.0,1,802,802,802,69,626,341,1175,558,904,558,899,955,899,239,13,24,82,261,734,215,1,286,541,848,1483,332,145,5,376,,43:32,1
2010-11,1897,Metta World Peace,Metta,1610612747,LAL,Los Angeles Lakers,0041000232,2011-05-04T00:00:00,LAL vs. DAL,L,31.126666666666665,4,10,0.4,1,4,0.25,2,4,0.5,2,4,6,2,0,0,3,1,4,3,11,-9,30.2,0,0,26.0,1,802,802,802,564,478,464,796,259,223,449,459,304,699,239,391,351,435,1010,734,27,1013,1280,354,521,1349,385,145,5,438,,31:08,1
2010-11,1890,Shawn Marion,Shawn,1610612742,DAL,Dallas Mavericks,0041000232,2011-05-04T00:00:00,DAL @ LAL,W,33.885,5,10,0.5,0,0,0.0,4,5,0.8,4,5,9,1,2,0,0,0,1,4,14,3,24.3,0,0,24.0,1,1,1,1,454,364,464,417,558,904,558,234,256,479,75,262,156,674,261,734,544,1,286,242,391,535,548,145,5,495,,33:53,1
2010-11,467,Jason Kidd,Jason,1610612742,DAL,Dallas Mavericks,0041000232,2011-05-04T00:00:00,DAL @ LAL,W,33.87,3,10,0.3,2,8,0.25,2,3,0.667,0,2,2,6,4,1,0,0,4,1,10,10,20.4,0,0,22.0,1,1,1,1,456,626,464,1112,104,18,449,459,478,619,830,768,936,82,63,278,544,1,1280,790,568,214,657,145,5,557,,33:52,1
2010-11,1891,Jason Terry,Jason,1610612742,DAL,Dallas Mavericks,0041000232,2011-05-04T00:00:00,DAL @ LAL,W,32.36,3,12,0.25,1,1,1.0,2,2,1.0,0,2,2,5,0,2,0,0,0,2,9,13,24.9,0,0,21.0,1,1,1,1,523,626,341,1175,259,677,1,459,543,1,830,768,936,131,1010,95,544,1,1,541,632,129,525,145,5,585,,32:22,1
2010-11,2430,Carlos Boozer,Carlos,1610612741,CHI,Chicago Bulls,0041000202,2011-05-04T00:00:00,CHI vs. ATL,W,32.45,4,12,0.333,0,0,0.0,0,0,0.0,3,8,11,0,1,1,0,4,3,0,8,6,23.2,0,0,21.0,1,1,1,1,518,478,341,960,558,904,558,899,955,899,133,78,69,1022,557,278,544,1596,980,1154,713,371,589,145,5,585,,32:27,1
2010-11,2217,Brendan Haywood,Brendan,1610612742,DAL,Dallas Mavericks,0041000232,2011-05-04T00:00:00,DAL @ LAL,W,17.39666666666667,2,5,0.4,0,0,0.0,1,2,0.5,4,4,8,1,2,0,3,0,2,1,5,10,23.1,0,0,20.0,1,1,1,1,1088,828,926,796,558,904,558,704,543,699,75,391,208,674,261,734,27,1,603,790,958,214,591,145,5,614,,17:24,1
2010-11,2052,DeShawn Stevenson,DeShawn,1610612742,DAL,Dallas Mavericks,0041000232,2011-05-04T00:00:00,DAL @ LAL,W,12.74,3,6,0.5,3,6,0.5,0,0,0.0,0,2,2,1,0,1,1,0,2,1,9,-2,18.9,0,0,19.0,1,1,1,1,1271,626,814,417,44,77,169,899,955,899,830,768,936,674,1010,278,215,1,603,790,632,901,703,145,5,650,,12:44,1
2010-11,1885,Lamar Odom,Lamar,1610612747,LAL,Los Angeles Lakers,0041000232,2011-05-04T00:00:00,LAL vs. DAL,L,26.066666666666666,3,12,0.25,0,2,0.0,0,1,0.0,2,7,9,3,1,0,0,1,2,1,6,-18,20.3,0,0,18.0,1,802,802,802,753,626,341,1175,558,494,558,899,881,899,239,126,156,291,557,734,544,1013,603,790,848,1569,661,145,5,681,,26:04,1
2010-11,101107,Marvin Williams,Marvin,1610612737,ATL,Atlanta Hawks,0041000202,2011-05-04T00:00:00,ATL @ CHI,L,23.968333333333334,2,9,0.222,0,1,0.0,0,2,0.0,3,4,7,0,0,1,2,1,2,1,4,-11,21.4,0,0,17.0,1,802,802,802,839,828,532,1246,558,677,558,899,543,899,133,391,276,1022,1010,278,76,1013,603,790,1037,1419,631,145,5,719,,23:58,1
2010-11,200826,J.J. Barea,J.J.,1610612742,DAL,Dallas Mavericks,0041000232,2011-05-04T00:00:00,DAL @ LAL,W,17.03,4,9,0.444,0,2,0.0,4,4,1.0,0,1,1,4,2,0,0,1,0,3,12,3,17.2,0,0,17.0,1,1,1,1,1101,478,532,686,558,494,558,234,304,1,830,1016,1143,196,261,734,544,1013,1,354,472,535,774,145,5,719,,17:02,1
2010-11,965,Derek Fisher,Derek,1610612747,LAL,Los Angeles Lakers,0041000232,2011-05-04T00:00:00,LAL vs. DAL,L,31.97,2,7,0.286,0,2,0.0,0,0,0.0,0,3,3,5,1,2,0,0,2,0,4,-4,20.1,0,0,16.0,1,802,802,802,537,828,692,1127,558,494,558,899,955,899,830,559,746,131,557,95,544,1,603,1154,1037,1048,668,145,5,763,,31:58,1
2010-11,2586,Keith Bogans,Keith,1610612741,CHI,Chicago Bulls,0041000202,2011-05-04T00:00:00,CHI vs. ATL,W,17.533333333333335,2,4,0.5,2,4,0.5,0,0,0.0,0,4,4,1,0,1,0,0,2,0,6,1,15.3,0,0,15.0,1,1,1,1,1085,828,1024,417,104,223,169,899,955,899,830,391,600,674,1010,278,544,1,603,1154,848,654,852,145,5,808,,17:32,1
2010-11,2199,Tyson Chandler,Tyson,1610612742,DAL,Dallas Mavericks,0041000232,2011-05-04T00:00:00,DAL @ LAL,W,30.60333333333333,3,4,0.75,0,0,0.0,0,0,0.0,2,5,7,0,0,0,0,1,3,2,6,2,14.4,0,0,13.0,1,1,1,1,589,626,1024,122,558,904,558,899,955,899,239,262,276,1022,1010,734,544,1013,980,541,848,591,887,145,5,903,,30:36,1
2010-11,2037,Jamal Crawford,Jamal,1610612737,ATL,Atlanta Hawks,0041000202,2011-05-04T00:00:00,ATL @ CHI,L,34.57333333333333,2,10,0.2,1,5,0.2,6,6,1.0,0,0,0,1,2,0,0,0,2,3,11,-9,10.5,0,0,13.0,1,802,802,802,423,828,464,1262,259,126,510,118,191,1,830,1317,1397,674,261,734,544,1,603,354,521,1349,1077,145,5,903,,34:34,1
2010-11,2594,Kyle Korver,Kyle,1610612741,CHI,Chicago Bulls,0041000202,2011-05-04T00:00:00,CHI vs. ATL,W,18.45,1,9,0.111,1,5,0.2,2,2,1.0,0,2,2,2,1,0,0,0,1,2,5,11,9.4,0,0,10.0,1,1,1,1,1052,1078,532,1336,259,126,510,459,543,1,830,768,936,435,557,734,544,1,286,541,958,190,1120,145,5,1052,,18:27,1
2010-11,201959,Taj Gibson,Taj,1610612741,CHI,Chicago Bulls,0041000202,2011-05-04T00:00:00,CHI vs. ATL,W,15.55,1,3,0.333,0,0,0.0,0,0,0.0,3,2,5,1,0,0,0,1,0,0,2,7,9.5,0,0,8.0,1,1,1,1,1158,1078,1138,960,558,904,558,899,955,899,133,768,458,674,1010,734,544,1013,1,1154,1223,326,1114,145,5,1150,,15:33,1
2010-11,200758,Ronnie Brewer,Ronnie,1610612741,CHI,Chicago Bulls,0041000202,2011-05-04T00:00:00,CHI vs. ATL,W,11.466666666666667,1,3,0.333,0,1,0.0,0,0,0.0,0,2,2,1,1,0,1,0,0,1,2,0,7.9,0,0,7.0,1,1,1,1,1313,1078,1138,960,558,677,558,899,955,899,830,768,936,674,557,734,215,1,1,790,1223,728,1190,145,5,1201,,11:28,1
2010-11,200769,Shannon Brown,Shannon,1610612747,LAL,Los Angeles Lakers,0041000232,2011-05-04T00:00:00,LAL vs. DAL,L,13.396666666666667,3,4,0.75,0,1,0.0,0,2,0.0,0,0,0,1,2,0,0,0,2,1,6,-7,5.5,0,0,7.0,1,802,802,802,1251,626,1024,122,558,677,558,899,543,899,830,1317,1397,674,261,734,544,1,603,790,848,1234,1318,145,5,1201,,13:24,1
2010-11,2863,Damien Wilkins,Damien,1610612737,ATL,Atlanta Hawks,0041000202,2011-05-04T00:00:00,ATL @ CHI,L,6.926666666666667,1,1,1.0,0,0,0.0,0,0,0.0,0,2,2,0,1,0,1,0,0,0,2,-6,6.4,0,0,6.0,1,802,802,802,1433,1078,1386,1,558,904,558,899,955,899,830,768,936,1022,557,734,215,1,1,1154,1223,1182,1256,145,5,1256,,6:56,1
2010-11,978,Peja Stojakovic,Peja,1610612742,DAL,Dallas Mavericks,0041000232,2011-05-04T00:00:00,DAL @ LAL,W,23.798333333333332,2,9,0.222,0,5,0.0,0,0,0.0,0,1,1,0,0,0,0,2,2,1,4,6,5.2,0,0,5.0,1,1,1,1,849,828,532,1246,558,126,558,899,955,899,830,1016,1143,1022,1010,734,544,1432,603,790,1037,371,1332,145,5,1306,,23:48,1
2010-11,201228,C.J. Watson,C.J.,1610612741,CHI,Chicago Bulls,0041000202,2011-05-04T00:00:00,CHI vs. ATL,W,7.533333333333333,1,3,0.333,1,1,1.0,0,0,0.0,0,1,1,0,0,0,0,0,1,0,3,-1,4.2,0,0,5.0,1,1,1,1,1416,1078,1138,960,259,677,1,899,955,899,830,1016,1143,1022,1010,734,544,1,286,1154,1146,825,1369,145,5,1306,,7:32,1
2010-11,703,Kurt Thomas,Kurt,1610612741,CHI,Chicago Bulls,0041000202,2011-05-04T00:00:00,CHI vs. ATL,W,6.466666666666667,1,2,0.5,0,1,0.0,0,0,0.0,0,1,1,0,0,0,0,1,2,0,2,1,3.2,0,0,3.0,1,1,1,1,1441,1078,1267,417,558,677,558,899,955,899,830,1016,1143,1022,1010,734,544,1013,603,1154,1223,654,1413,145,5,1411,,6:28,1
2010-11,2440,Matt Barnes,Matt,1610612747,LAL,Los Angeles Lakers,0041000232,2011-05-04T00:00:00,LAL vs. DAL,L,9.825,0,2,0.0,0,1,0.0,0,0,0.0,0,2,2,1,1,0,0,0,2,0,0,-4,2.9,0,0,3.0,1,802,802,802,1353,1340,1267,1340,558,677,558,899,955,899,830,768,936,674,557,734,544,1,603,1154,1390,1048,1453,145,5,1411,,9:50,1
2010-11,2585,Zaza Pachulia,Zaza,1610612737,ATL,Atlanta Hawks,0041000202,2011-05-04T00:00:00,ATL @ CHI,L,8.0,0,1,0.0,0,0,0.0,0,0,0.0,1,1,2,0,1,0,0,1,1,1,0,-4,1.4,0,0,2.0,1,802,802,802,1394,1340,1386,1340,558,904,558,899,955,899,422,1016,936,1022,557,734,544,1013,286,790,1390,1048,1495,145,5,1461,,8:00,1
2010-11,2581,Steve Blake,Steve,1610612747,LAL,Los Angeles Lakers,0041000232,2011-05-04T00:00:00,LAL vs. DAL,L,19.663333333333334,0,5,0.0,0,5,0.0,0,0,0.0,0,1,1,1,2,0,0,0,0,0,0,-4,0.7,0,0,2.0,1,802,802,802,1000,1340,926,1340,558,126,558,899,955,899,830,1016,1143,674,261,734,544,1,1,1154,1390,1048,1527,145,5,1461,,19:40,1
2010-11,200756,Hilton Armstrong,Hilton,1610612737,ATL,Atlanta Hawks,0041000202,2011-05-04T00:00:00,ATL @ CHI,L,0.91,0,1,0.0,0,0,0.0,0,0,0.0,0,1,1,0,0,0,0,0,0,0,0,-1,1.2,0,0,1.0,1,802,802,802,1592,1340,1386,1340,558,904,558,899,955,899,830,1016,1143,1022,1010,734,544,1,1,1154,1390,825,1498,145,5,1499,,0:55,1
2010-11,201600,Omer Asik,Omer,1610612741,CHI,Chicago Bulls,0041000202,2011-05-04T00:00:00,CHI vs. ATL,W,3.0166666666666666,0,0,0.0,0,0,0.0,0,0,0.0,0,0,0,0,0,0,0,0,1,0,0,0,0.0,0,0,0.0,1,1,1,1,1539,1340,1513,1340,558,904,558,899,955,899,830,1317,1397,1022,1010,734,544,1,286,1154,1390,728,1534,145,5,1539,,3:01,1
2010-11,202377,Pape Sy,Pape,1610612737,ATL,Atlanta Hawks,0041000202,2011-05-04T00:00:00,ATL @ CHI,L,0.91,0,0,0.0,0,0,0.0,0,0,0.0,0,0,0,0,0,0,0,0,0,0,0,-1,0.0,0,0,0.0,1,802,802,802,1592,1340,1513,1340,558,904,558,899,955,899,830,1317,1397,1022,1010,734,544,1,1,1154,1390,825,1534,145,5,1539,,0:55,1
2010-11,2694,Josh Powell,Josh,1610612737,ATL,Atlanta Hawks,0041000202,2011-05-04T00:00:00,ATL @ CHI,L,0.91,0,0,0.0,0,0,0.0,0,0,0.0,0,0,0,0,0,0,0,0,0,0,0,-1,0.0,0,0,0.0,1,802,802,802,1592,1340,1513,1340,558,904,558,899,955,899,830,1317,1397,1022,1010,734,544,1,1,1154,1390,825,1534,145,5,1539,,0:55,1
2010-11,2215,Jason Collins,Jason,1610612737,ATL,Atlanta Hawks,0041000202,2011-05-04T00:00:00,ATL @ CHI,L,3.2666666666666666,0,0,0.0,0,0,0.0,0,0,0.0,0,0,0,0,0,0,0,0,1,0,0,-1,0.0,0,0,0.0,1,802,802,802,1527,1340,1513,1340,558,904,558,899,955,899,830,1317,1397,1022,1010,734,544,1,286,1154,1390,825,1534,145,5,1539,,3:16,1
2010-11,2544,LeBron James,LeBron,1610612748,MIA,Miami Heat,0041000212,2011-05-03T00:00:00,MIA vs. BOS,W,44.05,14,25,0.56,2,4,0.5,5,8,0.625,2,5,7,2,0,1,1,1,3,6,35,10,52.4,0,0,50.0,1,1,1,1,59,4,17,360,104,223,169,171,117,666,239,262,276,435,1010,278,215,1013,980,104,17,214,46,145,5,39,,44:03,1
2010-11,2548,Dwyane Wade,Dwyane,1610612748,MIA,Miami Heat,0041000212,2011-05-03T00:00:00,MIA vs. BOS,W,39.4,8,20,0.4,1,3,0.333,11,13,0.846,1,7,8,3,4,1,0,0,3,7,28,11,41.1,0,0,42.0,1,1,1,1,215,132,63,796,259,345,351,24,21,440,422,126,208,291,63,278,544,1,980,66,64,190,153,145,5,101,,39:24,1
2010-11,201188,Marc Gasol,Marc,1610612763,MEM,Memphis Grizzlies,0041000222,2011-05-03T00:00:00,MEM @ OKC,L,36.983333333333334,3,9,0.333,0,0,0.0,7,8,0.875,2,8,10,3,2,2,5,0,3,6,13,-2,48.5,1,0,40.0,1,802,802,802,327,626,532,960,558,904,558,94,117,408,239,78,111,291,261,95,3,1,980,104,428,901,67,1,5,117,,36:59,1
2010-11,200765,Rajon Rondo,Rajon,1610612738,BOS,Boston Celtics,0041000212,2011-05-03T00:00:00,BOS @ MIA,L,41.70166666666667,7,16,0.438,0,1,0.0,6,8,0.75,1,5,6,12,3,1,0,1,3,9,20,-6,45.2,1,0,40.0,1,802,802,802,131,197,159,711,558,677,558,118,117,518,422,262,351,6,131,278,544,1013,980,18,198,1182,100,1,5,117,,41:42,1
2010-11,201566,Russell Westbrook,Russell,1610612760,OKC,Oklahoma City Thunder,0041000222,2011-05-03T00:00:00,OKC vs. MEM,W,32.53333333333333,9,20,0.45,1,2,0.5,5,6,0.833,0,2,2,6,4,3,0,2,1,3,24,0,40.4,0,0,39.0,1,1,1,1,512,86,63,679,259,494,169,171,191,443,830,768,936,82,63,34,544,1432,286,354,105,728,162,145,5,133,,32:32,1
2010-11,201144,Mike Conley,Mike,1610612763,MEM,Memphis Grizzlies,0041000222,2011-05-03T00:00:00,MEM @ OKC,L,41.1,10,15,0.667,3,5,0.6,1,1,1.0,0,2,2,8,4,1,0,0,2,1,24,1,37.4,0,0,39.0,1,802,802,802,147,54,192,175,44,126,141,704,881,1,830,768,936,36,63,278,544,1,603,790,105,654,214,145,5,133,,41:06,1
2010-11,2547,Chris Bosh,Chris,1610612748,MIA,Miami Heat,0041000212,2011-05-03T00:00:00,MIA vs. BOS,W,38.75,5,10,0.5,0,0,0.0,7,11,0.636,3,8,11,4,2,1,2,0,1,7,17,11,43.2,1,0,38.0,1,1,1,1,250,364,464,417,558,904,558,94,49,664,133,78,69,196,261,278,76,1,286,66,278,190,124,1,5,149,,38:45,1
2010-11,201935,James Harden,James,1610612760,OKC,Oklahoma City Thunder,0041000222,2011-05-03T00:00:00,OKC vs. MEM,W,30.355,5,9,0.556,0,3,0.0,11,11,1.0,0,3,3,5,2,3,1,0,4,6,21,4,42.1,0,0,37.0,1,1,1,1,598,364,532,361,558,345,558,24,49,1,830,559,746,131,261,34,215,1,1280,104,170,469,134,145,5,176,,30:21,1
2010-11,201142,Kevin Durant,Kevin,1610612760,OKC,Oklahoma City Thunder,0041000222,2011-05-03T00:00:00,OKC vs. MEM,W,34.23,8,18,0.444,2,2,1.0,8,10,0.8,0,5,5,1,2,0,0,2,5,8,26,1,31.5,0,0,34.0,1,1,1,1,438,132,109,686,104,494,1,73,68,479,830,262,458,674,261,734,544,1432,1479,36,81,654,349,145,5,226,,34:14,1
2010-11,2216,Zach Randolph,Zach,1610612763,MEM,Memphis Grizzlies,0041000222,2011-05-03T00:00:00,MEM @ OKC,L,39.03333333333333,2,13,0.154,0,0,0.0,11,12,0.917,4,5,9,3,2,0,2,2,4,7,15,-8,34.3,0,0,31.0,1,802,802,802,234,828,283,1313,558,904,558,24,29,385,75,262,156,291,261,734,76,1432,1280,66,346,1306,301,145,5,313,,39:02,1
2010-11,201953,Eric Maynor,Eric,1610612760,OKC,Oklahoma City Thunder,0041000222,2011-05-03T00:00:00,OKC vs. MEM,W,15.466666666666667,6,7,0.857,3,4,0.75,0,0,0.0,0,1,1,2,2,3,0,0,1,0,15,9,26.2,0,0,27.0,1,1,1,1,1169,264,692,96,44,223,85,899,955,899,830,1016,1143,435,261,34,544,1,286,1154,346,250,486,145,5,405,,15:28,1
2010-11,708,Kevin Garnett,Kevin,1610612738,BOS,Boston Celtics,0041000212,2011-05-03T00:00:00,BOS @ MIA,L,37.10166666666667,8,20,0.4,0,0,0.0,0,0,0.0,1,5,6,0,2,1,1,2,5,0,16,-13,27.2,0,0,26.0,1,802,802,802,325,132,63,796,558,904,558,899,955,899,422,262,351,1022,261,278,215,1432,1479,1154,311,1483,460,145,5,438,,37:06,1
2010-11,1710,Mike Bibby,Mike,1610612748,MIA,Miami Heat,0041000212,2011-05-03T00:00:00,MIA vs. BOS,W,26.916666666666668,3,6,0.5,2,4,0.5,0,0,0.0,1,3,4,3,0,2,2,0,3,0,8,7,29.3,0,0,25.0,1,1,1,1,717,626,814,417,104,223,169,899,955,899,422,559,600,291,1010,95,76,1,980,1154,713,326,413,145,5,465,,26:55,1
2010-11,201564,O.J. Mayo,O.J.,1610612763,MEM,Memphis Grizzlies,0041000222,2011-05-03T00:00:00,MEM @ OKC,L,27.95,6,13,0.462,1,4,0.25,3,3,1.0,1,1,2,3,3,1,0,1,4,2,16,-2,22.9,0,0,24.0,1,802,802,802,681,264,283,648,259,223,449,337,478,1,422,1016,936,291,131,278,544,1013,1280,541,311,901,593,145,5,495,,27:57,1
2010-11,2555,Nick Collison,Nick,1610612760,OKC,Oklahoma City Thunder,0041000222,2011-05-03T00:00:00,OKC vs. MEM,W,25.108333333333334,2,3,0.667,0,0,0.0,3,4,0.75,2,5,7,1,1,2,1,1,5,2,7,12,24.9,0,0,21.0,1,1,1,1,790,828,1138,175,558,904,558,337,304,518,239,262,276,674,557,95,215,1013,1479,541,789,163,525,145,5,585,,25:07,1
2010-11,201145,Jeff Green,Jeff,1610612738,BOS,Boston Celtics,0041000212,2011-05-03T00:00:00,BOS @ MIA,L,21.8,4,6,0.667,2,2,1.0,1,2,0.5,1,3,4,0,1,2,0,0,1,2,11,5,20.8,0,0,21.0,1,802,802,802,935,478,814,175,104,494,1,704,543,699,422,559,600,1022,557,95,544,1,286,541,521,422,648,145,5,585,,21:48,1
2010-11,979,Jermaine O'Neal,Jermaine,1610612738,BOS,Boston Celtics,0041000212,2011-05-03T00:00:00,BOS @ MIA,L,18.5,2,7,0.286,0,0,0.0,4,5,0.8,5,4,9,1,1,0,1,2,4,4,8,0,22.3,0,0,20.0,1,802,802,802,1049,828,692,1127,558,904,558,234,256,479,41,391,156,674,557,734,215,1432,1280,242,713,728,610,145,5,614,,18:30,1
2010-11,1718,Paul Pierce,Paul,1610612738,BOS,Boston Celtics,0041000212,2011-05-03T00:00:00,BOS @ MIA,L,32.535,5,11,0.455,1,4,0.25,2,2,1.0,1,4,5,1,1,0,0,1,2,2,13,-10,19.5,0,0,20.0,1,802,802,802,511,364,409,664,259,223,449,459,543,1,422,391,458,674,557,734,544,1013,603,541,428,1385,683,145,5,614,,32:32,1
2010-11,201202,Joel Anthony,Joel,1610612748,MIA,Miami Heat,0041000212,2011-05-03T00:00:00,MIA vs. BOS,W,34.51166666666666,1,2,0.5,0,0,0.0,4,4,1.0,2,3,5,1,0,0,3,0,3,2,6,5,22.5,0,0,18.0,1,1,1,1,428,1078,1267,417,558,904,558,234,304,1,239,559,458,674,1010,734,27,1,980,541,848,422,606,145,5,681,,34:31,1
2010-11,201586,Serge Ibaka,Serge,1610612760,OKC,Oklahoma City Thunder,0041000222,2011-05-03T00:00:00,OKC vs. MEM,W,29.6,4,7,0.571,0,0,0.0,0,0,0.0,4,2,6,0,1,0,2,1,5,2,8,11,20.2,0,0,18.0,1,1,1,1,620,478,692,315,558,904,558,899,955,899,75,768,351,1022,557,734,76,1013,1479,541,713,190,665,145,5,681,,29:36,1
2010-11,201970,Sam Young,Sam,1610612763,MEM,Memphis Grizzlies,0041000222,2011-05-03T00:00:00,MEM @ OKC,L,25.6,6,11,0.545,0,1,0.0,0,0,0.0,1,3,4,0,0,1,0,1,1,0,12,-6,19.8,0,0,18.0,1,802,802,802,771,264,409,378,558,677,558,899,955,899,422,559,600,1022,1010,278,544,1013,286,1154,472,1182,676,145,5,681,,25:36,1
2010-11,951,Ray Allen,Ray,1610612738,BOS,Boston Celtics,0041000212,2011-05-03T00:00:00,BOS @ MIA,L,34.485,2,7,0.286,1,2,0.5,2,2,1.0,1,4,5,2,1,1,0,3,5,1,7,-15,18.0,0,0,17.0,1,802,802,802,430,828,692,1127,259,494,169,459,543,1,422,391,458,435,557,278,544,1558,1479,790,789,1530,740,145,5,719,,34:29,1
2010-11,201589,Darrell Arthur,Darrell,1610612763,MEM,Memphis Grizzlies,0041000222,2011-05-03T00:00:00,MEM @ OKC,L,19.983333333333334,4,9,0.444,0,0,0.0,1,2,0.5,3,1,4,2,3,1,0,1,3,2,9,-8,16.8,0,0,17.0,1,802,802,802,992,478,532,686,558,904,558,704,543,699,133,1016,600,435,131,278,544,1013,980,541,632,1306,795,145,5,719,,19:59,1
2010-11,2753,Delonte West,Delonte,1610612738,BOS,Boston Celtics,0041000212,2011-05-03T00:00:00,BOS @ MIA,L,14.915,4,4,1.0,2,2,1.0,0,0,0.0,0,1,1,1,2,1,0,0,1,1,10,-4,13.7,0,0,16.0,1,802,802,802,1195,478,1024,1,104,494,1,899,955,899,830,1016,1143,674,261,278,544,1,286,790,568,1048,923,145,5,763,,14:55,1
2010-11,2754,Tony Allen,Tony,1610612763,MEM,Memphis Grizzlies,0041000222,2011-05-03T00:00:00,MEM @ OKC,L,28.35,2,5,0.4,0,0,0.0,5,6,0.833,1,2,3,0,1,1,0,0,3,4,9,-1,14.6,0,0,14.0,1,802,802,802,670,828,926,796,558,904,558,171,191,443,422,768,746,1022,557,278,544,1,980,242,632,825,880,145,5,860,,28:21,1
2010-11,201175,Glen Davis,Glen,1610612738,BOS,Boston Celtics,0041000212,2011-05-03T00:00:00,BOS @ MIA,L,25.615,2,7,0.286,0,0,0.0,2,3,0.667,0,2,2,1,0,1,0,0,3,2,6,-14,12.9,0,0,11.0,1,802,802,802,770,828,692,1127,558,904,558,459,478,619,830,768,936,674,1010,278,544,1,980,541,848,1512,962,145,5,1004,,25:37,1
2010-11,2570,Kendrick Perkins,Kendrick,1610612760,OKC,Oklahoma City Thunder,0041000222,2011-05-03T00:00:00,OKC vs. MEM,W,32.21,1,2,0.5,0,0,0.0,0,0,0.0,0,5,5,2,2,0,1,0,4,1,2,-7,12.0,0,0,11.0,1,1,1,1,530,1078,1267,417,558,904,558,899,955,899,830,262,458,435,261,734,215,1,1280,790,1223,1234,998,145,5,1004,,32:13,1
2010-11,201596,Mario Chalmers,Mario,1610612748,MIA,Miami Heat,0041000212,2011-05-03T00:00:00,MIA vs. BOS,W,21.083333333333332,1,5,0.2,1,4,0.25,0,0,0.0,2,1,3,2,2,1,0,0,2,1,3,4,10.6,0,0,11.0,1,1,1,1,961,1078,926,1262,259,223,449,899,955,899,239,1016,746,435,261,278,544,1,603,790,1146,469,1068,145,5,1004,,21:05,1
2010-11,2203,Shane Battier,Shane,1610612763,MEM,Memphis Grizzlies,0041000222,2011-05-03T00:00:00,MEM @ OKC,L,14.1,2,4,0.5,0,1,0.0,0,2,0.0,1,2,3,0,0,0,0,0,3,4,4,-9,7.6,0,0,7.0,1,802,802,802,1222,828,1024,417,558,677,558,899,543,899,422,768,746,1022,1010,734,544,1,980,242,1037,1349,1201,145,5,1201,,14:06,1
2010-11,201161,Daequan Cook,Daequan,1610612760,OKC,Oklahoma City Thunder,0041000222,2011-05-03T00:00:00,OKC vs. MEM,W,10.393333333333333,2,3,0.667,1,2,0.5,0,0,0.0,0,1,1,0,0,0,0,1,0,0,5,6,6.2,0,0,7.0,1,1,1,1,1336,828,1138,175,259,494,169,899,955,899,830,1016,1143,1022,1010,734,544,1013,1,1154,958,371,1265,145,5,1201,,10:24,1
2010-11,2034,Mike Miller,Mike,1610612748,MIA,Miami Heat,0041000212,2011-05-03T00:00:00,MIA vs. BOS,W,5.6,1,1,1.0,1,1,1.0,0,0,0.0,0,2,2,0,1,0,0,0,1,1,3,1,4.4,0,0,6.0,1,1,1,1,1471,1078,1386,1,259,677,1,899,955,899,830,768,936,1022,557,734,544,1,286,790,1146,654,1363,145,5,1256,,5:36,1
2010-11,980,Zydrunas Ilgauskas,Zydrunas,1610612748,MIA,Miami Heat,0041000212,2011-05-03T00:00:00,MIA vs. BOS,W,10.766666666666667,1,5,0.2,0,0,0.0,0,0,0.0,1,2,3,0,1,0,0,1,3,0,2,-4,4.6,0,0,5.0,1,1,1,1,1332,1078,926,1262,558,904,558,899,955,899,422,768,746,1022,557,734,544,1013,980,1154,1223,1048,1358,145,5,1306,,10:46,1
2010-11,200757,Thabo Sefolosha,Thabo,1610612760,OKC,Oklahoma City Thunder,0041000222,2011-05-03T00:00:00,OKC vs. MEM,W,22.053333333333335,1,2,0.5,1,1,1.0,0,0,0.0,0,1,1,0,1,0,0,0,1,0,3,9,3.2,0,0,5.0,1,1,1,1,914,1078,1267,417,259,677,1,899,955,899,830,1016,1143,1022,557,734,544,1,286,1154,1146,250,1413,145,5,1306,,22:03,1
2010-11,2592,James Jones,James,1610612748,MIA,Miami Heat,0041000212,2011-05-03T00:00:00,MIA vs. BOS,W,18.921666666666667,0,1,0.0,0,0,0.0,0,0,0.0,0,1,1,0,0,0,1,0,3,0,0,10,4.2,0,0,3.0,1,1,1,1,1035,1340,1386,1340,558,904,558,899,955,899,830,1016,1143,1022,1010,734,215,1,980,1154,1390,214,1369,145,5,1411,,18:55,1
2010-11,202349,Greivis Vasquez,Greivis,1610612763,MEM,Memphis Grizzlies,0041000222,2011-05-03T00:00:00,MEM @ OKC,L,6.9,0,0,0.0,0,0,0.0,0,0,0.0,0,1,1,0,1,1,0,0,0,1,0,-10,3.2,0,0,3.0,1,802,802,802,1435,1340,1513,1340,558,904,558,899,955,899,830,1016,1143,1022,557,278,544,1,1,790,1390,1385,1413,145,5,1411,,6:54,1
2010-11,1737,Nazr Mohammed,Nazr,1610612760,OKC,Oklahoma City Thunder,0041000222,2011-05-03T00:00:00,OKC vs. MEM,W,8.05,0,1,0.0,0,0,0.0,0,2,0.0,1,2,3,0,1,0,0,0,1,1,0,0,2.6,0,0,3.0,1,1,1,1,1391,1340,1386,1340,558,904,558,899,543,899,422,768,746,1022,557,734,544,1,286,790,1390,728,1460,145,5,1411,,8:03,1
2010-11,101144,Von Wafer,Von,1610612738,BOS,Boston Celtics,0041000212,2011-05-03T00:00:00,BOS @ MIA,L,2.0316666666666667,0,0,0.0,0,0,0.0,0,0,0.0,0,0,0,0,0,0,0,0,0,1,0,1,0.0,0,0,0.0,1,802,802,802,1559,1340,1513,1340,558,904,558,899,955,899,830,1317,1397,1022,1010,734,544,1,1,790,1390,654,1534,145,5,1539,,2:02,1
2010-11,2420,Nenad Krstic,Nenad,1610612738,BOS,Boston Celtics,0041000212,2011-05-03T00:00:00,BOS @ MIA,L,11.315,0,1,0.0,0,0,0.0,0,0,0.0,0,0,0,0,0,0,0,0,0,0,0,1,0.0,0,0,0.0,1,802,802,802,1318,1340,1386,1340,558,904,558,899,955,899,830,1317,1397,1022,1010,734,544,1,1,1154,1390,654,1534,145,5,1539,,11:19,1
2010-11,1717,Dirk Nowitzki,Dirk,1610612742,DAL,Dallas Mavericks,0041000231,2011-05-02T00:00:00,DAL @ LAL,W,37.985,11,22,0.5,1,2,0.5,5,5,1.0,1,13,14,3,1,2,1,2,1,4,28,6,57.3,1,0,52.0,1,1,1,1,285,35,35,417,259,494,169,171,256,1,422,8,24,291,557,95,215,1432,286,242,64,371,27,1,5,32,,37:59,1
2010-11,2207,Joe Johnson,Joe,1610612737,ATL,Atlanta Hawks,0041000201,2011-05-02T00:00:00,ATL @ CHI,W,44.891666666666666,12,18,0.667,5,5,1.0,5,5,1.0,0,4,4,3,4,3,0,0,0,3,34,7,48.3,0,0,52.0,1,1,1,1,41,19,109,175,7,126,1,171,256,1,830,391,600,291,63,34,544,1,1,354,21,326,70,145,5,32,,44:54,1
2010-11,977,Kobe Bryant,Kobe,1610612747,LAL,Los Angeles Lakers,0041000231,2011-05-02T00:00:00,LAL vs. DAL,L,35.13166666666667,14,29,0.483,4,9,0.444,4,5,0.8,0,5,5,0,3,1,1,3,2,5,36,6,45.0,0,0,49.0,1,802,802,802,401,4,5,626,18,9,300,234,256,479,830,262,458,1022,131,278,215,1558,603,160,14,371,102,145,5,47,,35:08,1
2010-11,201565,Derrick Rose,Derrick,1610612741,CHI,Chicago Bulls,0041000201,2011-05-02T00:00:00,CHI vs. ATL,L,40.833333333333336,11,27,0.407,2,7,0.286,0,0,0.0,2,3,5,10,3,2,1,2,1,0,24,-4,51.0,1,0,47.0,1,802,802,802,159,35,9,795,104,36,435,899,955,899,239,559,458,16,131,95,215,1432,286,1154,105,1048,55,1,5,64,,40:50,1
2010-11,2200,Pau Gasol,Pau,1610612747,LAL,Los Angeles Lakers,0041000231,2011-05-02T00:00:00,LAL vs. DAL,L,36.016666666666666,5,10,0.5,0,0,0.0,5,6,0.833,5,6,11,7,3,0,1,2,3,3,15,9,38.7,1,0,35.0,1,802,802,802,362,364,464,417,558,904,558,171,191,443,41,187,69,57,131,734,215,1432,980,354,346,250,195,1,5,203,,36:01,1
2010-11,467,Jason Kidd,Jason,1610612742,DAL,Dallas Mavericks,0041000231,2011-05-02T00:00:00,DAL @ LAL,W,33.58166666666666,2,4,0.5,2,3,0.667,1,2,0.5,1,4,5,11,5,3,1,0,2,3,7,-4,36.5,0,0,33.0,1,1,1,1,469,828,1024,417,104,345,102,704,543,699,422,391,458,12,24,34,215,1,603,354,789,1048,237,145,5,259,,33:35,1
2010-11,2736,Luol Deng,Luol,1610612741,CHI,Chicago Bulls,0041000201,2011-05-02T00:00:00,CHI vs. ATL,L,44.516666666666666,8,12,0.667,0,0,0.0,5,6,0.833,3,3,6,2,2,1,1,1,2,6,21,-9,35.2,0,0,33.0,1,802,802,802,47,132,341,175,558,904,558,171,191,443,133,559,351,435,261,278,215,1013,603,104,170,1349,278,145,5,259,,44:31,1
2010-11,2037,Jamal Crawford,Jamal,1610612737,ATL,Atlanta Hawks,0041000201,2011-05-02T00:00:00,ATL @ CHI,W,35.016666666666666,8,16,0.5,2,4,0.5,4,4,1.0,0,1,1,3,1,1,1,2,2,2,22,6,32.7,0,0,32.0,1,1,1,1,403,132,159,417,104,223,169,234,304,1,830,1016,1143,291,557,278,215,1432,603,541,151,371,335,145,5,286,,35:01,1
2010-11,1885,Lamar Odom,Lamar,1610612747,LAL,Los Angeles Lakers,0041000231,2011-05-02T00:00:00,LAL vs. DAL,L,31.018333333333334,5,10,0.5,0,1,0.0,5,5,1.0,3,9,12,2,1,0,1,2,1,3,15,3,34.4,1,0,31.0,1,802,802,802,570,364,464,417,558,677,558,171,256,1,133,52,49,435,557,734,215,1432,286,354,346,535,298,1,5,313,,31:01,1
2010-11,201143,Al Horford,Al,1610612737,ATL,Atlanta Hawks,0041000201,2011-05-02T00:00:00,ATL @ CHI,W,37.925,4,7,0.571,0,0,0.0,1,2,0.5,3,10,13,4,0,0,2,1,3,4,9,13,36.6,0,0,30.0,1,1,1,1,288,478,692,315,558,904,558,704,543,699,133,32,35,196,1010,734,76,1013,980,242,632,129,233,145,5,338,,37:56,1
2010-11,2746,Josh Smith,Josh,1610612737,ATL,Atlanta Hawks,0041000201,2011-05-02T00:00:00,ATL @ CHI,W,33.47833333333333,3,11,0.273,0,1,0.0,2,4,0.5,0,6,6,4,1,1,4,1,4,2,8,9,35.2,0,0,28.0,1,1,1,1,474,626,409,1167,558,677,558,459,304,699,830,187,351,196,557,278,12,1013,1280,541,713,250,278,145,5,376,,33:29,1
2010-11,2199,Tyson Chandler,Tyson,1610612742,DAL,Dallas Mavericks,0041000231,2011-05-02T00:00:00,DAL @ LAL,W,34.80166666666667,5,8,0.625,0,0,0.0,1,2,0.5,1,8,9,1,0,0,3,0,2,1,11,-6,32.3,0,0,27.0,1,1,1,1,411,364,606,248,558,904,558,704,543,699,422,78,156,674,1010,734,27,1,603,790,521,1182,341,145,5,405,,34:48,1
2010-11,1891,Jason Terry,Jason,1610612742,DAL,Dallas Mavericks,0041000231,2011-05-02T00:00:00,DAL @ LAL,W,30.083333333333332,6,10,0.6,1,4,0.25,2,2,1.0,0,3,3,4,1,1,1,0,2,3,15,2,29.6,0,0,27.0,1,1,1,1,607,264,464,266,259,223,449,459,543,1,830,559,746,196,557,278,215,1,603,354,346,591,402,145,5,405,,30:05,1
2010-11,2430,Carlos Boozer,Carlos,1610612741,CHI,Chicago Bulls,0041000201,2011-05-02T00:00:00,CHI vs. ATL,L,34.525,6,11,0.545,0,0,0.0,2,2,1.0,0,8,8,3,1,0,0,2,2,2,14,-3,27.1,0,0,25.0,1,802,802,802,427,264,409,378,558,904,558,459,543,1,830,78,208,291,557,734,544,1432,603,541,391,985,463,145,5,465,,34:32,1
2010-11,201149,Joakim Noah,Joakim,1610612741,CHI,Chicago Bulls,0041000201,2011-05-02T00:00:00,CHI vs. ATL,L,39.233333333333334,3,7,0.429,0,0,0.0,5,6,0.833,1,8,9,2,0,0,1,2,3,5,11,0,27.8,0,0,24.0,1,802,802,802,226,626,692,715,558,904,558,171,191,443,422,78,156,435,1010,734,215,1432,980,160,521,728,447,145,5,495,,39:14,1
2010-11,965,Derek Fisher,Derek,1610612747,LAL,Los Angeles Lakers,0041000231,2011-05-02T00:00:00,LAL vs. DAL,L,30.916666666666668,3,6,0.5,1,2,0.5,1,1,1.0,0,1,1,6,0,2,1,0,3,1,8,-1,27.2,0,0,22.0,1,802,802,802,575,626,814,417,259,494,169,704,881,1,830,1016,1143,82,1010,95,215,1,980,790,713,825,460,145,5,557,,30:55,1
2010-11,1890,Shawn Marion,Shawn,1610612742,DAL,Dallas Mavericks,0041000231,2011-05-02T00:00:00,DAL @ LAL,W,34.21,5,13,0.385,0,0,0.0,0,0,0.0,2,2,4,4,2,1,1,3,1,0,10,-8,24.8,0,0,22.0,1,1,1,1,440,364,283,879,558,904,558,899,955,899,239,768,600,196,261,278,215,1558,286,1154,568,1306,531,145,5,557,,34:13,1
2010-11,201952,Jeff Teague,Jeff,1610612737,ATL,Atlanta Hawks,0041000201,2011-05-02T00:00:00,ATL @ CHI,W,44.608333333333334,5,11,0.455,0,1,0.0,0,0,0.0,0,2,2,5,1,1,0,1,2,2,10,6,21.9,0,0,19.0,1,1,1,1,46,364,409,664,558,677,558,899,955,899,830,768,936,131,557,278,544,1013,603,541,568,371,619,145,5,650,,44:37,1
2010-11,2594,Kyle Korver,Kyle,1610612741,CHI,Chicago Bulls,0041000201,2011-05-02T00:00:00,CHI vs. ATL,L,16.13,3,7,0.429,3,4,0.75,0,0,0.0,0,1,1,2,1,2,0,0,1,0,9,17,18.2,0,0,19.0,1,802,802,802,1140,626,692,715,44,223,85,899,955,899,830,1016,1143,435,557,95,544,1,286,1154,632,54,730,145,5,650,,16:08,1
2010-11,1897,Metta World Peace,Metta,1610612747,LAL,Los Angeles Lakers,0041000231,2011-05-02T00:00:00,LAL vs. DAL,L,31.233333333333334,1,8,0.125,0,3,0.0,0,0,0.0,1,2,3,4,1,3,1,0,0,0,2,1,22.6,0,0,17.0,1,802,802,802,557,1078,606,1325,558,345,558,899,955,899,422,768,746,196,557,34,215,1,1,1154,1223,654,600,145,5,719,,31:14,1
2010-11,200826,J.J. Barea,J.J.,1610612742,DAL,Dallas Mavericks,0041000231,2011-05-02T00:00:00,DAL @ LAL,W,14.431666666666667,3,6,0.5,2,4,0.5,0,0,0.0,0,2,2,5,0,0,0,1,1,0,8,8,17.9,0,0,17.0,1,1,1,1,1211,626,814,417,104,223,169,899,955,899,830,768,936,131,1010,734,544,1013,286,1154,713,286,746,145,5,719,,14:26,1
2010-11,101115,Andrew Bynum,Andrew,1610612747,LAL,Los Angeles Lakers,0041000231,2011-05-02T00:00:00,LAL vs. DAL,L,28.965,3,8,0.375,0,0,0.0,2,2,1.0,0,5,5,1,0,0,1,0,1,4,8,-16,18.5,0,0,16.0,1,802,802,802,653,626,606,896,558,904,558,459,543,1,830,262,458,674,1010,734,215,1,286,242,713,1545,721,145,5,763,,28:58,1
2010-11,978,Peja Stojakovic,Peja,1610612742,DAL,Dallas Mavericks,0041000231,2011-05-02T00:00:00,DAL @ LAL,W,23.805,4,8,0.5,2,3,0.667,0,0,0.0,0,2,2,0,0,0,0,1,1,0,10,6,12.4,0,0,14.0,1,1,1,1,847,478,606,417,104,345,102,899,955,899,830,768,936,1022,1010,734,544,1013,286,1154,568,371,985,145,5,860,,23:48,1
2010-11,200769,Shannon Brown,Shannon,1610612747,LAL,Los Angeles Lakers,0041000231,2011-05-02T00:00:00,LAL vs. DAL,L,13.635,3,6,0.5,0,2,0.0,0,1,0.0,0,1,1,0,2,2,1,0,0,1,6,-8,14.2,0,0,13.0,1,802,802,802,1243,626,814,417,558,494,558,899,881,899,830,1016,1143,1022,261,95,215,1,1,790,848,1306,899,145,5,903,,13:38,1
2010-11,201959,Taj Gibson,Taj,1610612741,CHI,Chicago Bulls,0041000201,2011-05-02T00:00:00,CHI vs. ATL,L,13.1,1,3,0.333,0,0,0.0,0,0,0.0,1,1,2,0,2,1,3,0,1,1,2,-4,14.4,0,0,12.0,1,802,802,802,1260,1078,1138,960,558,904,558,899,955,899,422,1016,936,1022,261,278,27,1,286,790,1223,1048,887,145,5,946,,13:06,1
2010-11,2440,Matt Barnes,Matt,1610612747,LAL,Los Angeles Lakers,0041000231,2011-05-02T00:00:00,LAL vs. DAL,L,16.0,2,6,0.333,0,1,0.0,0,0,0.0,2,3,5,1,1,0,1,1,2,0,4,-3,13.5,0,0,12.0,1,802,802,802,1147,828,814,960,558,677,558,899,955,899,239,559,458,674,557,734,215,1013,603,1154,1037,985,934,145,5,946,,16:00,1
2010-11,2585,Zaza Pachulia,Zaza,1610612737,ATL,Atlanta Hawks,0041000201,2011-05-02T00:00:00,ATL @ CHI,W,8.213333333333333,2,2,1.0,0,0,0.0,2,2,1.0,2,3,5,1,1,0,0,0,3,1,6,10,12.5,0,0,12.0,1,1,1,1,1387,828,1267,1,558,904,558,459,543,1,239,559,458,674,557,734,544,1,980,790,848,214,983,145,5,946,,8:13,1
2010-11,200758,Ronnie Brewer,Ronnie,1610612741,CHI,Chicago Bulls,0041000201,2011-05-02T00:00:00,CHI vs. ATL,L,14.12,2,4,0.5,1,1,1.0,1,2,0.5,1,0,1,1,1,0,1,1,2,1,6,-15,10.7,0,0,11.0,1,802,802,802,1221,828,1024,417,259,677,1,704,543,699,422,1317,1143,674,557,734,215,1013,603,790,848,1530,1064,145,5,1004,,14:07,1
2010-11,2863,Damien Wilkins,Damien,1610612737,ATL,Atlanta Hawks,0041000201,2011-05-02T00:00:00,ATL @ CHI,W,6.5,2,4,0.5,0,0,0.0,0,0,0.0,2,0,2,0,1,2,0,0,1,0,4,3,11.4,0,0,10.0,1,1,1,1,1440,828,1024,417,558,904,558,899,955,899,239,1317,936,1022,557,95,544,1,286,1154,1037,535,1023,145,5,1052,,6:30,1
2010-11,201147,Corey Brewer,Corey,1610612742,DAL,Dallas Mavericks,0041000231,2011-05-02T00:00:00,DAL @ LAL,W,8.35,2,4,0.5,1,2,0.5,0,0,0.0,0,1,1,1,0,1,0,1,2,1,5,11,10.7,0,0,10.0,1,1,1,1,1383,828,1024,417,259,494,169,899,955,899,830,1016,1143,674,1010,278,544,1013,603,790,958,190,1064,145,5,1052,,8:21,1
2010-11,201228,C.J. Watson,C.J.,1610612741,CHI,Chicago Bulls,0041000201,2011-05-02T00:00:00,CHI vs. ATL,L,11.016666666666667,2,7,0.286,1,3,0.333,0,0,0.0,0,3,3,1,1,0,0,0,1,1,5,-10,9.1,0,0,10.0,1,802,802,802,1325,828,692,1127,259,345,351,899,955,899,830,559,746,674,557,734,544,1,286,790,958,1385,1136,145,5,1052,,11:01,1
2010-11,101107,Marvin Williams,Marvin,1610612737,ATL,Atlanta Hawks,0041000201,2011-05-02T00:00:00,ATL @ CHI,W,21.9,2,6,0.333,0,2,0.0,1,1,1.0,0,2,2,0,1,0,1,1,2,0,5,-4,9.4,0,0,9.0,1,1,1,1,927,828,814,960,558,494,558,704,881,1,830,768,936,1022,557,734,215,1013,603,1154,958,1048,1120,145,5,1102,,21:54,1
2010-11,2215,Jason Collins,Jason,1610612737,ATL,Atlanta Hawks,0041000201,2011-05-02T00:00:00,ATL @ CHI,W,7.466666666666667,2,3,0.667,0,0,0.0,1,2,0.5,2,1,3,0,0,0,0,1,0,2,5,-10,8.6,0,0,8.0,1,1,1,1,1419,828,1138,175,558,904,558,704,543,699,239,1016,746,1022,1010,734,544,1013,1,541,958,1385,1162,145,5,1150,,7:28,1
2010-11,2586,Keith Bogans,Keith,1610612741,CHI,Chicago Bulls,0041000201,2011-05-02T00:00:00,CHI vs. ATL,L,17.383333333333333,1,4,0.25,1,3,0.333,0,0,0.0,0,0,0,0,0,1,0,0,1,0,3,-3,6.0,0,0,6.0,1,802,802,802,1089,1078,1024,1175,259,345,351,899,955,899,830,1317,1397,1022,1010,278,544,1,286,1154,1146,985,1279,145,5,1256,,17:23,1
2010-11,2217,Brendan Haywood,Brendan,1610612742,DAL,Dallas Mavericks,0041000231,2011-05-02T00:00:00,DAL @ LAL,W,13.185,1,1,1.0,0,0,0.0,0,0,0.0,0,0,0,0,0,0,1,0,4,0,2,6,5.0,0,0,4.0,1,1,1,1,1256,1078,1386,1,558,904,558,899,955,899,830,1317,1397,1022,1010,734,215,1,1280,1154,1223,371,1346,145,5,1362,,13:11,1
2010-11,2581,Steve Blake,Steve,1610612747,LAL,Los Angeles Lakers,0041000231,2011-05-02T00:00:00,LAL vs. DAL,L,17.083333333333332,0,1,0.0,0,1,0.0,0,0,0.0,0,1,1,0,0,1,0,0,0,0,0,-1,4.2,0,0,3.0,1,802,802,802,1100,1340,1386,1340,558,677,558,899,955,899,830,1016,1143,1022,1010,278,544,1,1,1154,1390,825,1369,145,5,1411,,17:05,1
2010-11,201600,Omer Asik,Omer,1610612741,CHI,Chicago Bulls,0041000201,2011-05-02T00:00:00,CHI vs. ATL,L,7.166666666666667,0,1,0.0,0,0,0.0,0,0,0.0,2,0,2,0,0,0,0,0,1,1,0,-4,2.4,0,0,2.0,1,802,802,802,1428,1340,1386,1340,558,904,558,899,955,899,239,1317,936,1022,1010,734,544,1,286,790,1390,1048,1465,145,5,1461,,7:10,1
2010-11,2052,DeShawn Stevenson,DeShawn,1610612742,DAL,Dallas Mavericks,0041000231,2011-05-02T00:00:00,DAL @ LAL,W,9.566666666666666,0,3,0.0,0,2,0.0,0,0,0.0,0,0,0,1,2,0,0,0,1,0,0,-11,-0.5,0,0,1.0,1,1,1,1,1361,1340,1138,1340,558,494,558,899,955,899,830,1317,1397,674,261,734,544,1,286,1154,1390,1419,1599,145,5,1499,,9:34,1
2010-11,703,Kurt Thomas,Kurt,1610612741,CHI,Chicago Bulls,0041000201,2011-05-02T00:00:00,CHI vs. ATL,L,1.975,0,0,0.0,0,0,0.0,0,0,0.0,0,0,0,0,0,0,0,0,1,0,0,-5,0.0,0,0,0.0,1,802,802,802,1561,1340,1513,1340,558,904,558,899,955,899,830,1317,1397,1022,1010,734,544,1,286,1154,1390,1135,1534,145,5,1539,,1:59,1
2010-11,201142,Kevin Durant,Kevin,1610612760,OKC,Oklahoma City Thunder,0041000221,2011-05-01T00:00:00,OKC vs. MEM,L,44.1,11,21,0.524,3,5,0.6,8,11,0.727,3,8,11,3,3,1,2,1,2,8,33,-10,56.7,1,0,56.0,1,802,802,802,58,35,52,412,44,126,141,73,49,605,133,78,69,291,131,278,76,1013,603,36,29,1385,32,1,5,22,,44:06,1
2010-11,2548,Dwyane Wade,Dwyane,1610612748,MIA,Miami Heat,0041000211,2011-05-01T00:00:00,MIA vs. BOS,W,37.3,14,21,0.667,2,5,0.4,8,9,0.889,0,1,1,5,2,3,2,0,4,7,38,8,59.7,0,0,56.0,1,1,1,1,315,4,52,175,104,126,313,73,91,401,830,1016,1143,131,261,34,76,1,1280,66,12,286,18,145,5,22,,37:18,1
2010-11,2216,Zach Randolph,Zach,1610612763,MEM,Memphis Grizzlies,0041000221,2011-05-01T00:00:00,MEM @ OKC,W,37.916666666666664,12,22,0.545,1,1,1.0,9,9,1.0,4,6,10,2,1,3,0,1,3,8,34,9,57.0,1,0,53.0,1,1,1,1,289,19,35,378,259,677,1,51,91,1,75,187,111,435,557,34,544,1013,980,36,21,250,29,1,5,29,,37:55,1
2010-11,201566,Russell Westbrook,Russell,1610612760,OKC,Oklahoma City Thunder,0041000221,2011-05-01T00:00:00,OKC vs. MEM,L,37.86666666666667,9,23,0.391,1,2,0.5,10,12,0.833,3,5,8,6,7,1,0,2,5,7,29,-6,43.6,0,0,46.0,1,802,802,802,291,86,27,871,259,494,169,36,29,443,133,262,208,82,6,278,544,1432,1479,66,55,1182,117,145,5,70,,37:52,1
2010-11,201188,Marc Gasol,Marc,1610612763,MEM,Memphis Grizzlies,0041000221,2011-05-01T00:00:00,MEM @ OKC,W,35.303333333333335,9,11,0.818,0,0,0.0,2,4,0.5,3,10,13,4,0,1,3,1,3,4,20,13,53.6,1,0,45.0,1,1,1,1,395,86,409,104,558,904,558,459,304,699,133,32,35,196,1010,278,27,1013,980,242,198,129,40,1,5,81,,35:18,1
2010-11,2544,LeBron James,LeBron,1610612748,MIA,Miami Heat,0041000211,2011-05-01T00:00:00,MIA vs. BOS,W,39.895,8,19,0.421,1,3,0.333,5,9,0.556,1,5,6,5,3,2,2,1,2,5,22,1,45.7,0,0,42.0,1,1,1,1,193,132,88,767,259,345,351,171,91,694,422,262,351,131,131,95,76,1013,603,160,151,654,96,145,5,101,,39:54,1
2010-11,201586,Serge Ibaka,Serge,1610612760,OKC,Oklahoma City Thunder,0041000221,2011-05-01T00:00:00,OKC vs. MEM,L,37.38,7,14,0.5,0,0,0.0,2,2,1.0,4,7,11,1,1,0,5,3,5,1,16,-12,44.7,1,0,38.0,1,802,802,802,312,197,229,417,558,904,558,459,543,1,75,126,69,674,557,734,3,1558,1479,790,311,1453,109,1,5,149,,37:23,1
2010-11,951,Ray Allen,Ray,1610612738,BOS,Boston Celtics,0041000211,2011-05-01T00:00:00,BOS @ MIA,L,38.666666666666664,9,13,0.692,5,8,0.625,2,2,1.0,1,2,3,3,0,1,0,1,4,2,25,-6,36.1,0,0,38.0,1,802,802,802,253,86,283,168,7,18,139,459,543,1,422,768,746,291,1010,278,544,1013,1280,541,90,1182,248,145,5,149,,38:40,1
2010-11,1718,Paul Pierce,Paul,1610612738,BOS,Boston Celtics,0041000211,2011-05-01T00:00:00,BOS @ MIA,L,34.75666666666667,6,14,0.429,3,7,0.429,4,6,0.667,1,6,7,2,4,1,0,1,3,5,19,-7,29.4,0,0,33.0,1,802,802,802,413,264,229,715,44,36,304,234,191,619,422,187,276,435,63,278,544,1013,980,160,225,1234,409,145,5,259,,34:45,1
2010-11,2592,James Jones,James,1610612748,MIA,Miami Heat,0041000211,2011-05-01T00:00:00,MIA vs. BOS,W,28.283333333333335,5,7,0.714,5,7,0.714,10,10,1.0,0,3,3,0,0,0,0,0,2,5,25,14,28.6,0,0,33.0,1,1,1,1,673,364,692,152,7,36,97,36,68,1,830,559,746,1022,1010,734,544,1,603,160,90,103,432,145,5,259,,28:17,1
2010-11,201144,Mike Conley,Mike,1610612763,MEM,Memphis Grizzlies,0041000221,2011-05-01T00:00:00,MEM @ OKC,W,38.733333333333334,5,13,0.385,0,2,0.0,5,6,0.833,0,1,1,7,0,2,1,1,5,6,15,4,35.7,0,0,29.0,1,1,1,1,252,364,283,879,558,494,558,171,191,443,830,1016,1143,57,1010,95,215,1013,1479,104,346,469,265,145,5,358,,38:44,1
2010-11,200765,Rajon Rondo,Rajon,1610612738,BOS,Boston Celtics,0041000211,2011-05-01T00:00:00,BOS @ MIA,L,32.38333333333333,3,10,0.3,0,0,0.0,2,2,1.0,0,7,7,7,5,3,0,3,4,5,8,7,30.9,0,0,28.0,1,802,802,802,521,626,464,1112,558,904,558,459,543,1,830,126,276,57,24,34,544,1558,1280,160,713,326,365,145,5,376,,32:23,1
2010-11,2203,Shane Battier,Shane,1610612763,MEM,Memphis Grizzlies,0041000221,2011-05-01T00:00:00,MEM @ OKC,W,27.53,4,9,0.444,1,1,1.0,2,2,1.0,2,3,5,1,1,2,2,1,1,1,11,12,29.5,0,0,26.0,1,1,1,1,693,478,532,686,259,677,1,459,543,1,239,559,458,674,557,95,76,1013,286,790,521,163,407,145,5,438,,27:32,1
2010-11,708,Kevin Garnett,Kevin,1610612738,BOS,Boston Celtics,0041000211,2011-05-01T00:00:00,BOS @ MIA,L,37.2,3,9,0.333,0,0,0.0,0,0,0.0,0,8,8,3,0,1,2,0,3,1,6,6,29.1,0,0,23.0,1,802,802,802,317,626,532,960,558,904,558,899,955,899,830,78,208,291,1010,278,76,1,980,790,848,371,419,145,5,531,,37:12,1
2010-11,2547,Chris Bosh,Chris,1610612748,MIA,Miami Heat,0041000211,2011-05-01T00:00:00,MIA vs. BOS,W,37.333333333333336,3,10,0.3,0,0,0.0,1,2,0.5,2,10,12,0,3,1,1,1,4,2,7,-5,24.4,0,0,23.0,1,1,1,1,314,626,464,1112,558,904,558,704,543,699,239,32,49,1022,131,278,215,1013,1280,541,789,1135,544,145,5,531,,37:20,1
2010-11,2753,Delonte West,Delonte,1610612738,BOS,Boston Celtics,0041000211,2011-05-01T00:00:00,BOS @ MIA,L,26.183333333333334,3,9,0.333,2,5,0.4,2,2,1.0,2,3,5,2,1,0,0,1,2,2,10,-8,18.0,0,0,19.0,1,802,802,802,748,626,532,960,104,126,313,459,543,1,239,559,458,435,557,734,544,1013,603,541,568,1306,740,145,5,650,,26:11,1
2010-11,2754,Tony Allen,Tony,1610612763,MEM,Memphis Grizzlies,0041000221,2011-05-01T00:00:00,MEM @ OKC,W,23.485,4,9,0.444,0,0,0.0,2,4,0.5,3,1,4,1,1,1,0,1,5,2,10,-7,18.3,0,0,17.0,1,1,1,1,859,478,532,686,558,904,558,459,304,699,133,1016,600,674,557,278,544,1013,1479,541,568,1234,728,145,5,719,,23:29,1
2010-11,201145,Jeff Green,Jeff,1610612738,BOS,Boston Celtics,0041000211,2011-05-01T00:00:00,BOS @ MIA,L,21.533333333333335,3,8,0.375,2,4,0.5,1,3,0.333,0,0,0,1,2,1,1,1,1,2,9,-9,14.5,0,0,16.0,1,802,802,802,944,626,606,896,104,223,169,704,478,877,830,1317,1397,674,261,278,215,1013,286,541,632,1349,885,145,5,763,,21:32,1
2010-11,201589,Darrell Arthur,Darrell,1610612763,MEM,Memphis Grizzlies,0041000221,2011-05-01T00:00:00,MEM @ OKC,W,19.233333333333334,2,7,0.286,0,0,0.0,2,2,1.0,1,2,3,2,0,1,1,2,2,3,6,7,18.6,0,0,15.0,1,1,1,1,1018,828,692,1127,558,904,558,459,543,1,422,768,746,435,1010,278,215,1432,603,354,848,326,716,145,5,808,,19:14,1
2010-11,201564,O.J. Mayo,O.J.,1610612763,MEM,Memphis Grizzlies,0041000221,2011-05-01T00:00:00,MEM @ OKC,W,23.565,2,7,0.286,1,3,0.333,1,1,1.0,1,4,5,1,3,1,0,0,1,1,6,16,13.5,0,0,15.0,1,1,1,1,856,828,692,1127,259,345,351,704,881,1,422,391,458,674,131,278,544,1,286,790,848,69,934,145,5,808,,23:34,1
2010-11,201202,Joel Anthony,Joel,1610612748,MIA,Miami Heat,0041000211,2011-05-01T00:00:00,MIA vs. BOS,W,31.183333333333334,0,1,0.0,0,0,0.0,2,2,1.0,1,4,5,1,2,0,2,0,4,2,2,15,13.5,0,0,12.0,1,1,1,1,559,1340,1386,1340,558,904,558,459,543,1,422,391,458,674,261,734,76,1,1280,541,1223,85,934,145,5,946,,31:11,1
2010-11,979,Jermaine O'Neal,Jermaine,1610612738,BOS,Boston Celtics,0041000211,2011-05-01T00:00:00,BOS @ MIA,L,20.716666666666665,3,6,0.5,0,0,0.0,3,3,1.0,1,2,3,0,0,0,0,0,4,4,9,2,12.6,0,0,12.0,1,802,802,802,973,626,814,417,558,904,558,337,478,1,422,768,746,1022,1010,734,544,1,1280,242,632,591,975,145,5,946,,20:43,1
2010-11,201935,James Harden,James,1610612760,OKC,Oklahoma City Thunder,0041000221,2011-05-01T00:00:00,OKC vs. MEM,L,23.863333333333333,2,5,0.4,1,3,0.333,0,0,0.0,0,2,2,2,2,1,0,0,5,0,5,-9,11.4,0,0,12.0,1,802,802,802,844,828,926,796,259,345,351,899,955,899,830,768,936,435,261,278,544,1,1479,1154,958,1349,1023,145,5,946,,23:52,1
2010-11,201953,Eric Maynor,Eric,1610612760,OKC,Oklahoma City Thunder,0041000221,2011-05-01T00:00:00,OKC vs. MEM,L,10.133333333333333,0,3,0.0,0,2,0.0,3,4,0.75,1,0,1,3,2,2,0,1,1,2,3,-7,12.7,0,0,11.0,1,802,802,802,1347,1340,1138,1340,558,494,558,337,304,518,422,1317,1143,291,261,95,544,1013,286,541,1146,1234,970,145,5,1004,,10:08,1
2010-11,201970,Sam Young,Sam,1610612763,MEM,Memphis Grizzlies,0041000221,2011-05-01T00:00:00,MEM @ OKC,W,24.966666666666665,4,8,0.5,0,1,0.0,0,0,0.0,3,0,3,0,0,0,0,0,1,0,8,2,11.6,0,0,11.0,1,1,1,1,800,478,606,417,558,677,558,899,955,899,133,1317,746,1022,1010,734,544,1,286,1154,713,591,1014,145,5,1004,,24:58,1
2010-11,1710,Mike Bibby,Mike,1610612748,MIA,Miami Heat,0041000211,2011-05-01T00:00:00,MIA vs. BOS,W,21.911666666666665,1,4,0.25,1,3,0.333,0,0,0.0,0,3,3,1,0,0,1,0,2,1,3,7,11.1,0,0,10.0,1,1,1,1,925,1078,1024,1175,259,345,351,899,955,899,830,559,746,674,1010,734,215,1,603,790,1146,326,1046,145,5,1052,,21:55,1
2010-11,2555,Nick Collison,Nick,1610612760,OKC,Oklahoma City Thunder,0041000221,2011-05-01T00:00:00,OKC vs. MEM,L,15.086666666666666,2,3,0.667,0,0,0.0,1,2,0.5,2,0,2,0,0,1,0,0,3,1,5,-11,10.4,0,0,9.0,1,802,802,802,1187,828,1138,175,558,904,558,704,543,699,239,1317,936,1022,1010,278,544,1,980,790,958,1419,1081,145,5,1102,,15:05,1
2010-11,2570,Kendrick Perkins,Kendrick,1610612760,OKC,Oklahoma City Thunder,0041000221,2011-05-01T00:00:00,OKC vs. MEM,L,29.286666666666665,1,3,0.333,0,0,0.0,0,0,0.0,3,3,6,1,2,0,0,0,2,3,2,-8,8.7,0,0,9.0,1,802,802,802,638,1078,1138,960,558,904,558,899,955,899,133,559,351,674,261,734,544,1,603,354,1223,1306,1155,145,5,1102,,29:17,1
2010-11,202349,Greivis Vasquez,Greivis,1610612763,MEM,Memphis Grizzlies,0041000221,2011-05-01T00:00:00,MEM @ OKC,W,9.266666666666667,2,3,0.667,0,0,0.0,0,0,0.0,0,1,1,3,1,0,0,1,2,0,4,9,8.7,0,0,8.0,1,1,1,1,1366,828,1138,175,558,904,558,899,955,899,830,1016,1143,291,557,734,544,1013,603,1154,1037,250,1155,145,5,1150,,9:16,1
2010-11,201596,Mario Chalmers,Mario,1610612748,MIA,Miami Heat,0041000211,2011-05-01T00:00:00,MIA vs. BOS,W,23.205,1,4,0.25,0,1,0.0,0,0,0.0,0,2,2,2,2,1,0,1,0,2,2,-1,8.4,0,0,8.0,1,1,1,1,868,1078,1024,1175,558,677,558,899,955,899,830,768,936,435,261,278,544,1013,1,541,1223,825,1170,145,5,1150,,23:12,1
2010-11,201175,Glen Davis,Glen,1610612738,BOS,Boston Celtics,0041000211,2011-05-01T00:00:00,BOS @ MIA,L,22.876666666666665,2,5,0.4,0,0,0.0,0,0,0.0,1,3,4,0,1,0,0,1,2,0,4,-21,7.8,0,0,8.0,1,802,802,802,880,828,926,796,558,904,558,899,955,899,422,559,600,1022,557,734,544,1013,603,1154,1037,1589,1196,145,5,1150,,22:53,1
2010-11,2034,Mike Miller,Mike,1610612748,MIA,Miami Heat,0041000211,2011-05-01T00:00:00,MIA vs. BOS,W,8.371666666666666,0,0,0.0,0,0,0.0,0,0,0.0,0,3,3,3,1,0,0,0,0,0,0,13,7.1,0,0,6.0,1,1,1,1,1382,1340,1513,1340,558,904,558,899,955,899,830,559,746,291,557,734,544,1,1,1154,1390,129,1230,145,5,1256,,8:22,1
2010-11,201161,Daequan Cook,Daequan,1610612760,OKC,Oklahoma City Thunder,0041000221,2011-05-01T00:00:00,OKC vs. MEM,L,10.116666666666667,1,3,0.333,1,2,0.5,0,0,0.0,0,1,1,0,0,0,0,0,1,0,3,4,4.2,0,0,5.0,1,802,802,802,1349,1078,1138,960,259,494,169,899,955,899,830,1016,1143,1022,1010,734,544,1,286,1154,1146,469,1369,145,5,1306,,10:07,1
2010-11,200757,Thabo Sefolosha,Thabo,1610612760,OKC,Oklahoma City Thunder,0041000221,2011-05-01T00:00:00,OKC vs. MEM,L,24.583333333333332,2,2,1.0,0,0,0.0,1,1,1.0,0,0,0,0,1,0,0,0,1,1,5,-3,4.0,0,0,5.0,1,802,802,802,816,828,1267,1,558,904,558,704,881,1,830,1317,1397,1022,557,734,544,1,286,790,958,985,1384,145,5,1306,,24:35,1
2010-11,980,Zydrunas Ilgauskas,Zydrunas,1610612748,MIA,Miami Heat,0041000211,2011-05-01T00:00:00,MIA vs. BOS,W,12.516666666666667,0,2,0.0,0,0,0.0,0,0,0.0,1,3,4,0,3,0,0,0,3,0,0,-7,1.8,0,0,4.0,1,1,1,1,1285,1340,1267,1340,558,904,558,899,955,899,422,559,600,1022,131,734,544,1,980,1154,1390,1234,1488,145,5,1362,,12:31,1
2010-11,1737,Nazr Mohammed,Nazr,1610612760,OKC,Oklahoma City Thunder,0041000221,2011-05-01T00:00:00,OKC vs. MEM,L,7.583333333333333,0,1,0.0,0,0,0.0,0,0,0.0,0,0,0,0,0,0,1,0,0,0,0,-3,3.0,0,0,2.0,1,802,802,802,1414,1340,1386,1340,558,904,558,899,955,899,830,1317,1397,1022,1010,734,215,1,1,1154,1390,985,1434,145,5,1461,,7:35,1
2010-11,2420,Nenad Krstic,Nenad,1610612738,BOS,Boston Celtics,0041000211,2011-05-01T00:00:00,BOS @ MIA,L,5.683333333333334,0,1,0.0,0,0,0.0,0,0,0.0,1,1,2,0,0,0,0,0,1,0,0,-9,2.4,0,0,2.0,1,802,802,802,1465,1340,1386,1340,558,904,558,899,955,899,422,1016,936,1022,1010,734,544,1,286,1154,1390,1349,1465,145,5,1461,,5:41,1
2010-11,2216,Zach Randolph,Zach,1610612763,MEM,Memphis Grizzlies,0041000146,2011-04-29T00:00:00,MEM vs. SAS,W,40.276666666666664,12,22,0.545,0,2,0.0,7,8,0.875,5,6,11,2,1,1,0,2,2,9,31,14,49.2,1,0,46.0,1,1,1,1,182,19,35,378,558,494,558,94,117,408,41,187,69,435,557,278,544,1432,603,18,44,103,61,1,5,70,,40:17,1
2010-11,1495,Tim Duncan,Tim,1610612759,SAS,San Antonio Spurs,0041000146,2011-04-29T00:00:00,SAS @ MEM,L,35.3,5,13,0.385,0,0,0.0,2,2,1.0,5,5,10,3,5,1,3,1,3,4,12,-12,35.5,1,0,33.0,1,802,802,802,396,364,283,879,558,904,558,459,543,1,41,262,111,291,24,278,27,1013,980,242,472,1453,270,1,5,259,,35:18,1
2010-11,201188,Marc Gasol,Marc,1610612763,MEM,Memphis Grizzlies,0041000146,2011-04-29T00:00:00,MEM vs. SAS,W,41.71,6,9,0.667,0,0,0.0,0,2,0.0,5,8,13,1,4,0,2,0,3,3,12,10,31.1,1,0,30.0,1,1,1,1,130,264,532,175,558,904,558,899,543,899,41,78,35,674,63,734,76,1,980,354,472,214,360,1,5,338,,41:43,1
2010-11,1938,Manu Ginobili,Manu,1610612759,SAS,San Antonio Spurs,0041000146,2011-04-29T00:00:00,SAS @ MEM,L,33.78333333333333,6,14,0.429,2,8,0.25,2,2,1.0,0,2,2,2,1,3,0,0,3,3,16,-7,29.4,0,0,28.0,1,802,802,802,461,264,229,715,104,18,449,459,543,1,830,768,936,435,557,34,544,1,980,354,311,1234,409,145,5,376,,33:47,1
2010-11,2225,Tony Parker,Tony,1610612759,SAS,San Antonio Spurs,0041000146,2011-04-29T00:00:00,SAS @ MEM,L,39.16833333333334,10,17,0.588,0,1,0.0,3,4,0.75,0,1,1,4,2,0,0,0,1,5,23,-10,28.2,0,0,28.0,1,802,802,802,229,54,140,305,558,677,558,337,304,518,830,1016,1143,196,261,734,544,1,286,160,129,1385,440,145,5,376,,39:10,1
2010-11,2754,Tony Allen,Tony,1610612763,MEM,Memphis Grizzlies,0041000146,2011-04-29T00:00:00,MEM vs. SAS,W,32.72666666666667,4,9,0.444,0,1,0.0,3,4,0.75,2,2,4,2,3,4,1,1,2,4,11,0,30.8,0,0,27.0,1,1,1,1,506,478,532,686,558,677,558,337,304,518,239,768,600,435,131,5,215,1013,603,242,521,728,368,145,5,405,,32:44,1
2010-11,201588,George Hill,George,1610612759,SAS,San Antonio Spurs,0041000146,2011-04-29T00:00:00,SAS @ MEM,L,38.53,3,10,0.3,0,2,0.0,0,0,0.0,0,7,7,2,0,2,1,1,6,0,6,0,26.4,0,0,21.0,1,802,802,802,262,626,464,1112,558,494,558,899,955,899,830,126,276,435,1010,95,215,1013,1593,1154,848,728,480,145,5,585,,38:32,1
2010-11,202349,Greivis Vasquez,Greivis,1610612763,MEM,Memphis Grizzlies,0041000146,2011-04-29T00:00:00,MEM vs. SAS,W,23.483333333333334,4,8,0.5,0,3,0.0,3,4,0.75,1,2,3,1,0,1,0,0,0,2,11,0,19.1,0,0,17.0,1,1,1,1,860,478,606,417,558,345,558,337,304,518,422,768,746,674,1010,278,544,1,1,541,521,728,695,145,5,719,,23:29,1
2010-11,202390,Gary Neal,Gary,1610612759,SAS,San Antonio Spurs,0041000146,2011-04-29T00:00:00,SAS @ MEM,L,22.458333333333332,3,12,0.25,0,5,0.0,2,2,1.0,0,5,5,1,1,1,0,2,3,1,8,6,17.5,0,0,16.0,1,802,802,802,895,626,341,1175,558,126,558,459,543,1,830,262,458,674,557,278,544,1432,980,790,713,371,762,145,5,763,,22:28,1
2010-11,2588,Matt Bonner,Matt,1610612759,SAS,San Antonio Spurs,0041000146,2011-04-29T00:00:00,SAS @ MEM,L,20.475,3,4,0.75,2,3,0.667,1,2,0.5,1,1,2,1,0,0,1,0,5,1,9,8,15.9,0,0,16.0,1,802,802,802,978,626,1024,122,104,345,102,704,543,699,422,1016,936,674,1010,734,215,1,1479,790,632,286,828,145,5,763,,20:29,1
2010-11,201144,Mike Conley,Mike,1610612763,MEM,Memphis Grizzlies,0041000146,2011-04-29T00:00:00,MEM vs. SAS,W,24.516666666666666,3,9,0.333,0,2,0.0,3,4,0.75,0,3,3,3,1,0,0,2,5,3,9,8,16.1,0,0,15.0,1,1,1,1,818,626,532,960,558,494,558,337,304,518,830,559,746,291,557,734,544,1432,1479,354,632,286,818,145,5,808,,24:31,1
2010-11,686,Antonio McDyess,Antonio,1610612759,SAS,San Antonio Spurs,0041000146,2011-04-29T00:00:00,SAS @ MEM,L,26.108333333333334,4,7,0.571,0,0,0.0,2,2,1.0,2,0,2,2,0,0,0,0,2,4,10,-15,15.4,0,0,14.0,1,802,802,802,751,478,692,315,558,904,558,459,543,1,239,1317,936,435,1010,734,544,1,603,242,568,1530,849,145,5,860,,26:07,1
2010-11,2203,Shane Battier,Shane,1610612763,MEM,Memphis Grizzlies,0041000146,2011-04-29T00:00:00,MEM vs. SAS,W,23.516666666666666,1,1,1.0,0,0,0.0,0,0,0.0,1,6,7,1,0,0,1,0,2,0,2,0,14.9,0,0,12.0,1,1,1,1,857,1078,1386,1,558,904,558,899,955,899,422,187,276,674,1010,734,215,1,603,1154,1223,728,868,145,5,946,,23:31,1
2010-11,201970,Sam Young,Sam,1610612763,MEM,Memphis Grizzlies,0041000146,2011-04-29T00:00:00,MEM vs. SAS,W,22.016666666666666,4,6,0.667,1,1,1.0,0,0,0.0,0,1,1,0,0,0,0,0,1,1,9,9,10.2,0,0,11.0,1,1,1,1,916,478,814,175,259,677,1,899,955,899,830,1016,1143,1022,1010,734,544,1,286,790,632,250,1088,145,5,1004,,22:01,1
2010-11,201589,Darrell Arthur,Darrell,1610612763,MEM,Memphis Grizzlies,0041000146,2011-04-29T00:00:00,MEM vs. SAS,W,13.9,3,6,0.5,0,0,0.0,2,2,1.0,0,0,0,1,3,0,1,0,2,1,8,-5,9.5,0,0,11.0,1,1,1,1,1232,626,814,417,558,904,558,459,543,1,830,1317,1397,674,131,734,215,1,603,790,713,1135,1114,145,5,1004,,13:54,1
2010-11,201168,Tiago Splitter,Tiago,1610612759,SAS,San Antonio Spurs,0041000146,2011-04-29T00:00:00,SAS @ MEM,L,13.716666666666667,2,4,0.5,0,0,0.0,0,0,0.0,1,1,2,0,1,2,0,1,2,0,4,4,11.4,0,0,10.0,1,802,802,802,1240,828,1024,417,558,904,558,899,955,899,422,1016,936,1022,557,95,544,1013,603,1154,1037,469,1023,145,5,1052,,13:43,1
2010-11,201564,O.J. Mayo,O.J.,1610612763,MEM,Memphis Grizzlies,0041000146,2011-04-29T00:00:00,MEM vs. SAS,W,17.796666666666667,1,3,0.333,0,0,0.0,4,6,0.667,0,1,1,1,1,0,0,1,1,3,6,7,7.7,0,0,8.0,1,1,1,1,1075,1078,1138,960,558,904,558,234,191,619,830,1016,1143,674,557,734,544,1013,286,354,848,326,1198,145,5,1150,,17:48,1
2010-11,201980,Danny Green,Danny,1610612759,SAS,San Antonio Spurs,0041000146,2011-04-29T00:00:00,SAS @ MEM,L,0.24333333333333335,1,2,0.5,1,2,0.5,0,0,0.0,0,0,0,0,0,0,0,0,1,0,3,-1,3.0,0,0,4.0,1,802,802,802,1609,1078,1267,417,259,494,169,899,955,899,830,1317,1397,1022,1010,734,544,1,286,1154,1146,825,1434,145,5,1362,,0:15,1
2010-11,2210,Richard Jefferson,Richard,1610612759,SAS,San Antonio Spurs,0041000146,2011-04-29T00:00:00,SAS @ MEM,L,10.216666666666667,0,2,0.0,0,1,0.0,0,0,0.0,0,1,1,0,1,0,1,0,0,0,0,-13,3.2,0,0,3.0,1,802,802,802,1344,1340,1267,1340,558,677,558,899,955,899,830,1016,1143,1022,557,734,215,1,1,1154,1390,1483,1413,145,5,1411,,10:13,1
2010-11,201632,Hamed Haddadi,Hamed,1610612763,MEM,Memphis Grizzlies,0041000146,2011-04-29T00:00:00,MEM vs. SAS,W,0.056666666666666664,0,0,0.0,0,0,0.0,0,0,0.0,0,0,0,0,0,0,0,0,0,0,0,-3,0.0,0,0,0.0,1,1,1,1,1613,1340,1513,1340,558,904,558,899,955,899,830,1317,1397,1022,1010,734,544,1,1,1154,1390,985,1534,145,5,1539,,0:03,1
2010-11,2730,Dwight Howard,Dwight,1610612753,ORL,Orlando Magic,0041000136,2011-04-28T00:00:00,ORL @ ATL,L,48.0,8,14,0.571,0,0,0.0,9,12,0.75,5,10,15,2,6,1,3,1,2,9,25,-3,52.0,1,0,50.0,1,802,802,802,12,132,229,315,558,904,558,51,29,518,41,32,18,435,14,278,27,1013,603,18,90,985,50,1,5,39,,48:00,1
2010-11,1717,Dirk Nowitzki,Dirk,1610612742,DAL,Dallas Mavericks,0041000166,2011-04-28T00:00:00,DAL @ POR,W,38.925,11,17,0.647,0,1,0.0,11,11,1.0,1,10,11,4,4,0,1,0,5,7,33,12,51.2,1,0,50.0,1,1,1,1,241,35,140,237,558,677,558,24,49,1,422,32,69,196,63,734,215,1,1479,66,29,163,54,1,5,39,,38:56,1
2010-11,2222,Gerald Wallace,Gerald,1610612757,POR,Portland Trail Blazers,0041000166,2011-04-28T00:00:00,POR vs. DAL,L,32.75833333333333,10,17,0.588,1,6,0.167,11,12,0.917,5,7,12,2,1,1,0,1,3,6,32,9,51.4,1,0,49.0,1,802,802,802,505,54,140,305,259,77,537,24,29,385,41,126,49,435,557,278,544,1013,980,104,37,250,53,1,5,47,,32:46,1
2010-11,2207,Joe Johnson,Joe,1610612737,ATL,Atlanta Hawks,0041000136,2011-04-28T00:00:00,ATL vs. ORL,W,46.266666666666666,10,25,0.4,1,4,0.25,2,2,1.0,7,3,10,4,2,0,0,2,0,1,23,-2,39.0,1,0,38.0,1,1,1,1,17,54,17,796,259,223,449,459,543,1,13,559,111,196,261,734,544,1432,1,790,129,901,184,1,5,149,,46:16,1
2010-11,101115,Andrew Bynum,Andrew,1610612747,LAL,Los Angeles Lakers,0041000156,2011-04-28T00:00:00,LAL @ NOH,W,29.333333333333332,8,13,0.615,0,0,0.0,2,2,1.0,8,4,12,1,4,1,2,0,2,3,18,14,38.9,1,0,37.0,1,1,1,1,637,132,283,258,558,904,558,459,543,1,4,391,49,674,63,278,76,1,603,354,244,103,187,1,5,176,,29:20,1
2010-11,1891,Jason Terry,Jason,1610612742,DAL,Dallas Mavericks,0041000166,2011-04-28T00:00:00,DAL @ POR,W,33.88333333333333,9,16,0.563,2,5,0.4,2,2,1.0,1,2,3,8,3,0,0,0,1,4,22,17,34.6,0,0,35.0,1,1,1,1,455,86,159,355,104,126,313,459,543,1,422,768,746,36,131,734,544,1,286,242,151,54,291,145,5,203,,33:53,1
2010-11,977,Kobe Bryant,Kobe,1610612747,LAL,Los Angeles Lakers,0041000156,2011-04-28T00:00:00,LAL @ NOH,W,30.283333333333335,6,16,0.375,2,4,0.5,10,10,1.0,1,0,1,2,4,3,0,0,1,6,24,15,33.2,0,0,35.0,1,1,1,1,601,264,159,896,104,223,169,36,68,1,422,1317,1143,435,63,34,544,1,286,104,105,85,326,145,5,203,,30:17,1
2010-11,101108,Chris Paul,Chris,1610612740,NOH,New Orleans Hornets,0041000156,2011-04-28T00:00:00,NOH vs. LAL,L,43.43333333333333,4,9,0.444,1,2,0.5,1,1,1.0,0,8,8,11,5,2,0,0,2,4,10,-17,37.1,1,0,34.0,1,802,802,802,71,478,532,686,259,494,169,704,881,1,830,78,208,12,24,95,544,1,603,242,568,1559,219,1,5,226,,43:26,1
2010-11,200746,LaMarcus Aldridge,LaMarcus,1610612757,POR,Portland Trail Blazers,0041000166,2011-04-28T00:00:00,POR vs. DAL,L,42.968333333333334,11,25,0.44,0,0,0.0,2,4,0.5,6,4,10,0,1,0,0,0,2,5,24,-13,35.0,1,0,34.0,1,802,802,802,83,35,17,709,558,904,558,459,304,699,21,391,111,1022,557,734,544,1,603,160,105,1483,280,1,5,226,,42:58,1
2010-11,2200,Pau Gasol,Pau,1610612747,LAL,Los Angeles Lakers,0041000156,2011-04-28T00:00:00,LAL @ NOH,W,34.15,5,12,0.417,0,0,0.0,6,6,1.0,1,7,8,3,2,0,2,1,4,3,16,10,34.1,0,0,31.0,1,1,1,1,444,364,341,775,558,904,558,118,191,1,422,126,208,291,261,734,76,1013,1280,354,311,214,308,145,5,313,,34:09,1
2010-11,201143,Al Horford,Al,1610612737,ATL,Atlanta Hawks,0041000136,2011-04-28T00:00:00,ATL vs. ORL,W,44.93333333333333,3,9,0.333,0,0,0.0,4,4,1.0,4,8,12,6,2,0,1,1,4,2,10,-1,34.4,1,0,30.0,1,1,1,1,39,626,532,960,558,904,558,234,304,1,75,78,49,82,261,734,215,1013,1280,541,568,825,298,1,5,338,,44:56,1
2010-11,2045,Hedo Turkoglu,Hedo,1610612753,ORL,Orlando Magic,0041000136,2011-04-28T00:00:00,ORL @ ATL,L,40.78333333333333,5,13,0.385,3,6,0.5,2,2,1.0,0,1,1,3,2,4,0,0,2,1,15,-1,30.7,0,0,30.0,1,802,802,802,160,364,283,879,44,77,169,459,543,1,830,1016,1143,291,261,5,544,1,603,790,346,825,371,145,5,338,,40:47,1
2010-11,2037,Jamal Crawford,Jamal,1610612737,ATL,Atlanta Hawks,0041000136,2011-04-28T00:00:00,ATL vs. ORL,W,31.033333333333335,6,16,0.375,3,10,0.3,4,4,1.0,0,1,1,1,0,2,0,1,0,5,19,6,27.7,0,0,28.0,1,1,1,1,568,264,159,896,44,3,434,234,304,1,830,1016,1143,674,1010,95,544,1013,1,160,225,371,450,145,5,376,,31:02,1
2010-11,1885,Lamar Odom,Lamar,1610612747,LAL,Los Angeles Lakers,0041000156,2011-04-28T00:00:00,LAL @ NOH,W,31.516666666666666,5,10,0.5,1,2,0.5,3,4,0.75,1,7,8,4,0,0,0,0,1,3,14,11,29.6,0,0,27.0,1,1,1,1,551,364,464,417,259,494,169,337,304,518,422,126,208,196,1010,734,544,1,286,354,391,190,402,145,5,405,,31:31,1
2010-11,202083,Wesley Matthews,Wesley,1610612757,POR,Portland Trail Blazers,0041000166,2011-04-28T00:00:00,POR vs. DAL,L,37.8,5,14,0.357,2,7,0.286,7,7,1.0,0,2,2,1,0,0,0,1,0,4,19,-10,22.9,0,0,24.0,1,802,802,802,294,364,229,948,104,36,435,94,156,1,830,768,936,674,1010,734,544,1013,1,242,225,1385,593,145,5,495,,37:48,1
2010-11,2749,Jameer Nelson,Jameer,1610612753,ORL,Orlando Magic,0041000136,2011-04-28T00:00:00,ORL @ ATL,L,37.41833333333334,5,10,0.5,0,2,0.0,1,2,0.5,0,0,0,6,1,3,0,0,1,3,11,7,28.0,0,0,23.0,1,802,802,802,310,364,464,417,558,494,558,704,543,699,830,1317,1397,82,557,34,544,1,286,354,521,326,443,145,5,531,,37:25,1
2010-11,1890,Shawn Marion,Shawn,1610612742,DAL,Dallas Mavericks,0041000166,2011-04-28T00:00:00,DAL @ POR,W,32.958333333333336,7,15,0.467,0,0,0.0,2,2,1.0,4,2,6,1,0,0,0,1,3,1,16,6,24.7,0,0,23.0,1,1,1,1,496,197,192,639,558,904,558,459,543,1,75,768,351,674,1010,734,544,1013,980,790,311,371,535,145,5,531,,32:58,1
2010-11,2731,Emeka Okafor,Emeka,1610612740,NOH,New Orleans Hornets,0041000156,2011-04-28T00:00:00,NOH vs. LAL,L,31.133333333333333,3,3,1.0,0,0,0.0,1,2,0.5,4,3,7,0,2,2,2,0,5,2,7,-6,25.4,0,0,22.0,1,802,802,802,563,626,1138,1,558,904,558,704,543,699,75,559,276,1022,261,95,76,1,1479,541,789,1182,516,145,5,557,,31:08,1
2010-11,2550,Kirk Hinrich,Kirk,1610612737,ATL,Atlanta Hawks,0041000136,2011-04-28T00:00:00,ATL vs. ORL,W,20.966666666666665,4,7,0.571,2,3,0.667,1,1,1.0,0,1,1,2,0,3,0,1,3,0,11,-1,24.2,0,0,22.0,1,1,1,1,965,478,692,315,104,345,102,704,881,1,830,1016,1143,435,1010,34,544,1013,980,1154,521,825,551,145,5,557,,20:58,1
2010-11,2772,Trevor Ariza,Trevor,1610612740,NOH,New Orleans Hornets,0041000156,2011-04-28T00:00:00,NOH vs. LAL,L,42.11666666666667,4,10,0.4,0,3,0.0,4,4,1.0,1,4,5,5,2,0,0,0,3,2,12,-17,23.5,0,0,22.0,1,802,802,802,107,478,464,796,558,345,558,234,304,1,422,391,458,131,261,734,544,1,980,541,472,1559,577,145,5,557,,42:07,1
2010-11,948,Marcus Camby,Marcus,1610612757,POR,Portland Trail Blazers,0041000166,2011-04-28T00:00:00,POR vs. DAL,L,42.303333333333335,1,3,0.333,0,0,0.0,0,0,0.0,3,6,9,2,3,2,2,0,0,1,2,-4,24.8,0,0,21.0,1,802,802,802,97,1078,1138,960,558,904,558,899,955,899,133,187,156,435,131,95,76,1,1,790,1223,1048,531,145,5,585,,42:18,1
2010-11,201171,Carl Landry,Carl,1610612740,NOH,New Orleans Hornets,0041000156,2011-04-28T00:00:00,NOH vs. LAL,L,34.53333333333333,6,13,0.462,0,0,0.0,7,7,1.0,0,2,2,0,2,0,0,1,3,5,19,-14,19.4,0,0,21.0,1,802,802,802,425,264,283,648,558,904,558,94,156,1,830,768,936,1022,261,734,544,1013,980,160,225,1512,688,145,5,585,,34:32,1
2010-11,467,Jason Kidd,Jason,1610612742,DAL,Dallas Mavericks,0041000166,2011-04-28T00:00:00,DAL @ POR,W,36.36666666666667,3,7,0.429,1,4,0.25,0,0,0.0,0,2,2,6,1,2,0,0,1,0,7,1,23.4,0,0,20.0,1,1,1,1,346,626,692,715,259,223,449,899,955,899,830,768,936,82,557,95,544,1,286,1154,789,654,582,145,5,614,,36:22,1
2010-11,2746,Josh Smith,Josh,1610612737,ATL,Atlanta Hawks,0041000136,2011-04-28T00:00:00,ATL vs. ORL,W,32.13333333333333,3,14,0.214,0,2,0.0,2,2,1.0,1,3,4,2,4,1,2,1,3,2,8,-4,20.8,0,0,20.0,1,1,1,1,534,626,229,1260,558,494,558,459,543,1,422,559,600,435,63,278,76,1013,980,541,713,1048,648,145,5,614,,32:08,1
2010-11,1897,Metta World Peace,Metta,1610612747,LAL,Los Angeles Lakers,0041000156,2011-04-28T00:00:00,LAL @ NOH,W,29.76,2,6,0.333,0,2,0.0,0,0,0.0,2,3,5,5,0,1,1,0,2,2,4,18,23.5,0,0,18.0,1,1,1,1,615,828,814,960,558,494,558,899,955,899,239,559,458,131,1010,278,215,1,603,541,1037,42,577,145,5,681,,29:46,1
2010-11,2199,Tyson Chandler,Tyson,1610612742,DAL,Dallas Mavericks,0041000166,2011-04-28T00:00:00,DAL @ POR,W,32.69833333333333,4,5,0.8,0,0,0.0,1,4,0.25,2,5,7,0,0,0,1,0,1,5,9,1,20.4,0,0,18.0,1,1,1,1,508,478,926,107,558,904,558,704,304,891,239,262,276,1022,1010,734,215,1,286,160,632,654,657,145,5,681,,32:42,1
2010-11,201158,Marco Belinelli,Marco,1610612740,NOH,New Orleans Hornets,0041000156,2011-04-28T00:00:00,NOH vs. LAL,L,27.17,4,12,0.333,1,3,0.333,2,2,1.0,0,1,1,1,0,2,0,2,2,1,11,-5,19.7,0,0,18.0,1,802,802,802,703,478,341,960,259,345,351,459,543,1,830,1016,1143,674,1010,95,544,1432,603,790,521,1135,680,145,5,681,,27:10,1
2010-11,2440,Matt Barnes,Matt,1610612747,LAL,Los Angeles Lakers,0041000156,2011-04-28T00:00:00,LAL @ NOH,W,18.196666666666665,3,5,0.6,2,2,1.0,0,0,0.0,1,4,5,0,0,0,1,0,3,0,8,0,17.0,0,0,17.0,1,1,1,1,1063,626,926,266,104,494,1,899,955,899,422,391,458,1022,1010,734,215,1,980,1154,713,728,786,145,5,719,,18:12,1
2010-11,200826,J.J. Barea,J.J.,1610612742,DAL,Dallas Mavericks,0041000166,2011-04-28T00:00:00,DAL @ POR,W,15.1,3,5,0.6,1,2,0.5,0,0,0.0,0,4,4,4,0,0,0,0,1,0,7,3,17.8,0,0,16.0,1,1,1,1,1185,626,926,266,259,494,169,899,955,899,830,391,600,196,1010,734,544,1,286,1154,789,535,750,145,5,763,,15:06,1
2010-11,200750,Brandon Roy,Brandon,1610612757,POR,Portland Trail Blazers,0041000166,2011-04-28T00:00:00,POR vs. DAL,L,29.125,4,6,0.667,1,2,0.5,0,0,0.0,0,3,3,3,0,0,0,0,3,0,9,-13,17.1,0,0,16.0,1,802,802,802,645,478,814,175,259,494,169,899,955,899,830,559,746,291,1010,734,544,1,980,1154,632,1483,780,145,5,763,,29:08,1
2010-11,101107,Marvin Williams,Marvin,1610612737,ATL,Atlanta Hawks,0041000136,2011-04-28T00:00:00,ATL vs. ORL,W,21.866666666666667,4,6,0.667,2,3,0.667,0,0,0.0,1,2,3,1,1,0,0,0,1,0,10,12,14.1,0,0,16.0,1,1,1,1,930,478,814,175,104,345,102,899,955,899,422,768,746,674,557,734,544,1,286,1154,568,163,906,145,5,763,,21:52,1
2010-11,965,Derek Fisher,Derek,1610612747,LAL,Los Angeles Lakers,0041000156,2011-04-28T00:00:00,LAL @ NOH,W,33.626666666666665,3,4,0.75,0,1,0.0,0,0,0.0,0,2,2,3,1,1,0,0,2,3,6,15,14.9,0,0,13.0,1,1,1,1,467,626,1024,122,558,677,558,899,955,899,830,768,936,291,557,278,544,1,603,354,848,85,868,145,5,903,,33:38,1
2010-11,101138,Brandon Bass,Brandon,1610612753,ORL,Orlando Magic,0041000136,2011-04-28T00:00:00,ORL @ ATL,L,21.133333333333333,3,6,0.5,0,0,0.0,0,0,0.0,0,3,3,0,2,0,2,1,0,1,6,-4,13.6,0,0,13.0,1,802,802,802,958,626,814,417,558,904,558,899,955,899,830,559,746,1022,261,734,76,1013,1,790,848,1048,928,145,5,903,,21:08,1
2010-11,200755,JJ Redick,JJ,1610612753,ORL,Orlando Magic,0041000136,2011-04-28T00:00:00,ORL @ ATL,L,19.653333333333332,3,8,0.375,0,3,0.0,0,0,0.0,0,3,3,1,1,0,1,0,0,1,6,-9,13.1,0,0,12.0,1,802,802,802,1001,626,606,896,558,345,558,899,955,899,830,559,746,674,557,734,215,1,1,790,848,1349,953,145,5,946,,19:39,1
2010-11,201583,Ryan Anderson,Ryan,1610612753,ORL,Orlando Magic,0041000136,2011-04-28T00:00:00,ORL @ ATL,L,23.963333333333335,1,4,0.25,1,3,0.333,2,2,1.0,2,2,4,0,0,0,1,0,3,2,5,2,12.8,0,0,12.0,1,802,802,802,841,1078,1024,1175,259,345,351,459,543,1,239,768,600,1022,1010,734,215,1,980,541,958,591,965,145,5,946,,23:58,1
2010-11,2240,Gilbert Arenas,Gilbert,1610612753,ORL,Orlando Magic,0041000136,2011-04-28T00:00:00,ORL @ ATL,L,18.48,2,5,0.4,0,1,0.0,2,2,1.0,0,4,4,2,1,0,0,0,4,1,6,-1,12.8,0,0,12.0,1,802,802,802,1050,828,926,796,558,677,558,459,543,1,830,391,600,435,557,734,544,1,1280,790,848,825,965,145,5,946,,18:29,1
2010-11,1889,Andre Miller,Andre,1610612757,POR,Portland Trail Blazers,0041000166,2011-04-28T00:00:00,POR vs. DAL,L,25.275,2,7,0.286,0,2,0.0,1,3,0.333,1,2,3,4,2,0,0,0,3,3,5,-3,12.6,0,0,12.0,1,802,802,802,786,828,692,1127,558,494,558,704,478,877,422,768,746,196,261,734,544,1,980,354,958,985,975,145,5,946,,25:17,1
2010-11,2584,Willie Green,Willie,1610612740,NOH,New Orleans Hornets,0041000156,2011-04-28T00:00:00,NOH vs. LAL,L,17.196666666666665,3,9,0.333,1,4,0.25,2,2,1.0,0,0,0,1,0,0,0,1,2,2,9,-9,10.5,0,0,11.0,1,802,802,802,1096,626,532,960,259,223,449,459,543,1,830,1317,1397,674,1010,734,544,1013,603,541,632,1349,1077,145,5,1004,,17:12,1
2010-11,2585,Zaza Pachulia,Zaza,1610612737,ATL,Atlanta Hawks,0041000136,2011-04-28T00:00:00,ATL vs. ORL,W,23.866666666666667,0,1,0.0,0,0,0.0,1,2,0.5,1,4,5,2,1,1,0,1,5,4,1,9,12.0,0,0,10.0,1,1,1,1,843,1340,1386,1340,558,904,558,704,543,699,422,391,458,435,557,278,544,1013,1479,242,1367,250,998,145,5,1052,,23:52,1
2010-11,200769,Shannon Brown,Shannon,1610612747,LAL,Los Angeles Lakers,0041000156,2011-04-28T00:00:00,LAL @ NOH,W,17.76,2,5,0.4,0,2,0.0,4,4,1.0,0,2,2,0,0,0,0,1,1,3,8,3,10.4,0,0,10.0,1,1,1,1,1077,828,926,796,558,494,558,234,304,1,830,768,936,1022,1010,734,544,1013,286,354,713,535,1081,145,5,1052,,17:46,1
2010-11,978,Peja Stojakovic,Peja,1610612742,DAL,Dallas Mavericks,0041000166,2011-04-28T00:00:00,DAL @ POR,W,24.11,1,7,0.143,1,4,0.25,3,3,1.0,1,0,1,0,0,1,0,1,0,1,6,-4,10.2,0,0,10.0,1,1,1,1,833,1078,692,1315,259,223,449,337,478,1,422,1317,1143,1022,1010,278,544,1013,1,790,848,1048,1088,145,5,1052,,24:07,1
2010-11,2202,Jason Richardson,Jason,1610612753,ORL,Orlando Magic,0041000136,2011-04-28T00:00:00,ORL @ ATL,L,25.10333333333333,2,7,0.286,1,4,0.25,2,2,1.0,0,1,1,0,0,0,0,2,3,1,7,1,8.2,0,0,9.0,1,802,802,802,792,828,692,1127,259,223,449,459,543,1,830,1016,1143,1022,1010,734,544,1432,980,790,789,654,1180,145,5,1102,,25:06,1
2010-11,201164,Rudy Fernandez,Rudy,1610612757,POR,Portland Trail Blazers,0041000166,2011-04-28T00:00:00,POR vs. DAL,L,12.833333333333334,1,3,0.333,1,2,0.5,0,0,0.0,0,2,2,2,0,0,0,0,1,0,3,4,8.4,0,0,8.0,1,802,802,802,1270,1078,1138,960,259,494,169,899,955,899,830,768,936,435,1010,734,544,1,286,1154,1146,469,1170,145,5,1150,,12:50,1
2010-11,2215,Jason Collins,Jason,1610612737,ATL,Atlanta Hawks,0041000136,2011-04-28T00:00:00,ATL vs. ORL,W,16.683333333333334,1,1,1.0,0,0,0.0,0,0,0.0,0,2,2,0,3,1,1,0,3,1,2,-3,7.4,0,0,8.0,1,1,1,1,1111,1078,1386,1,558,904,558,899,955,899,830,768,936,1022,131,278,215,1,980,790,1223,985,1208,145,5,1150,,16:41,1
2010-11,2052,DeShawn Stevenson,DeShawn,1610612742,DAL,Dallas Mavericks,0041000166,2011-04-28T00:00:00,DAL @ POR,W,10.65,1,3,0.333,1,2,0.5,0,0,0.0,0,1,1,0,0,1,0,0,3,0,3,-7,7.2,0,0,7.0,1,1,1,1,1335,1078,1138,960,259,494,169,899,955,899,830,1016,1143,1022,1010,278,544,1,980,1154,1146,1234,1216,145,5,1201,,10:39,1
2010-11,101127,Jarrett Jack,Jarrett,1610612740,NOH,New Orleans Hornets,0041000156,2011-04-28T00:00:00,NOH vs. LAL,L,13.916666666666666,3,7,0.429,0,1,0.0,0,0,0.0,0,1,1,0,2,0,0,1,1,2,6,-4,5.2,0,0,7.0,1,802,802,802,1230,626,692,715,558,677,558,899,955,899,830,1016,1143,1022,261,734,544,1013,286,541,848,1048,1332,145,5,1201,,13:55,1
2010-11,2581,Steve Blake,Steve,1610612747,LAL,Los Angeles Lakers,0041000156,2011-04-28T00:00:00,LAL @ NOH,W,13.373333333333333,0,3,0.0,0,1,0.0,0,0,0.0,0,0,0,4,1,1,0,0,2,0,0,2,8.0,0,0,6.0,1,1,1,1,1252,1340,1138,1340,558,677,558,899,955,899,830,1317,1397,196,557,278,544,1,603,1154,1390,591,1188,145,5,1256,,13:22,1
2010-11,2217,Brendan Haywood,Brendan,1610612742,DAL,Dallas Mavericks,0041000166,2011-04-28T00:00:00,DAL @ POR,W,15.308333333333334,0,3,0.0,0,0,0.0,0,0,0.0,3,1,4,0,1,0,1,1,4,0,0,6,6.8,0,0,6.0,1,1,1,1,1181,1340,1138,1340,558,904,558,899,955,899,133,1016,600,1022,557,734,215,1013,1280,1154,1390,371,1243,145,5,1256,,15:19,1
2010-11,201160,Jason Smith,Jason,1610612740,NOH,New Orleans Hornets,0041000156,2011-04-28T00:00:00,NOH vs. LAL,L,13.765,2,5,0.4,0,0,0.0,0,0,0.0,0,2,2,0,0,0,0,1,2,0,4,-4,6.4,0,0,6.0,1,802,802,802,1237,828,926,796,558,904,558,899,955,899,830,768,936,1022,1010,734,544,1013,603,1154,1037,1048,1256,145,5,1256,,13:46,1
2010-11,2788,DJ Mbenga,DJ,1610612740,NOH,New Orleans Hornets,0041000156,2011-04-28T00:00:00,NOH vs. LAL,L,7.366666666666666,0,0,0.0,0,0,0.0,0,0,0.0,2,0,2,1,0,1,0,0,2,0,0,-7,6.9,0,0,5.0,1,802,802,802,1424,1340,1513,1340,558,904,558,899,955,899,239,1317,936,674,1010,278,544,1,603,1154,1390,1234,1241,145,5,1306,,7:22,1
2010-11,201587,Nicolas Batum,Nicolas,1610612757,POR,Portland Trail Blazers,0041000166,2011-04-28T00:00:00,POR vs. DAL,L,12.211666666666666,0,3,0.0,0,2,0.0,0,0,0.0,0,0,0,2,0,0,1,1,4,0,0,-3,6.0,0,0,4.0,1,802,802,802,1292,1340,1138,1340,558,494,558,899,955,899,830,1317,1397,435,1010,734,215,1013,1280,1154,1390,985,1279,145,5,1362,,12:13,1
2010-11,201189,Aaron Gray,Aaron,1610612740,NOH,New Orleans Hornets,0041000156,2011-04-28T00:00:00,NOH vs. LAL,L,7.368333333333333,0,0,0.0,0,0,0.0,0,0,0.0,0,2,2,1,1,0,0,0,1,0,0,-5,2.9,0,0,3.0,1,802,802,802,1423,1340,1513,1340,558,904,558,899,955,899,830,768,936,674,557,734,544,1,286,1154,1390,1135,1453,145,5,1411,,7:22,1
2010-11,202347,Quincy Pondexter,Quincy,1610612740,NOH,New Orleans Hornets,0041000156,2011-04-28T00:00:00,NOH vs. LAL,L,1.0,1,2,0.5,0,1,0.0,0,0,0.0,0,0,0,0,0,0,0,0,0,0,2,-1,2.0,0,0,2.0,1,802,802,802,1585,1078,1267,417,558,677,558,899,955,899,830,1317,1397,1022,1010,734,544,1,1,1154,1223,825,1477,145,5,1461,,1:00,1
2010-11,202419,Chris Johnson,Chris,1610612757,POR,Portland Trail Blazers,0041000166,2011-04-28T00:00:00,POR vs. DAL,L,4.725,1,1,1.0,0,0,0.0,0,0,0.0,0,0,0,0,0,0,0,0,2,0,2,-2,2.0,0,0,2.0,1,802,802,802,1493,1078,1386,1,558,904,558,899,955,899,830,1317,1397,1022,1010,734,544,1,603,1154,1223,901,1477,145,5,1461,,4:44,1
2010-11,201234,Trey Johnson,Trey,1610612747,LAL,Los Angeles Lakers,0041000156,2011-04-28T00:00:00,LAL @ NOH,W,1.0,0,0,0.0,0,0,0.0,0,0,0.0,0,0,0,1,0,0,0,0,0,0,0,1,1.5,0,0,1.0,1,1,1,1,1585,1340,1513,1340,558,904,558,899,955,899,830,1317,1397,674,1010,734,544,1,1,1154,1390,654,1489,145,5,1499,,1:00,1
2010-11,693,Joe Smith,Joe,1610612747,LAL,Los Angeles Lakers,0041000156,2011-04-28T00:00:00,LAL @ NOH,W,1.0,0,0,0.0,0,0,0.0,0,0,0.0,0,0,0,0,0,0,0,0,0,0,0,1,0.0,0,0,0.0,1,1,1,1,1585,1340,1513,1340,558,904,558,899,955,899,830,1317,1397,1022,1010,734,544,1,1,1154,1390,654,1534,145,5,1539,,1:00,1
2010-11,200756,Hilton Armstrong,Hilton,1610612737,ATL,Atlanta Hawks,0041000136,2011-04-28T00:00:00,ATL vs. ORL,W,2.25,0,0,0.0,0,0,0.0,0,0,0.0,0,0,0,0,0,0,0,0,0,0,0,-1,0.0,0,0,0.0,1,1,1,1,1552,1340,1513,1340,558,904,558,899,955,899,830,1317,1397,1022,1010,734,544,1,1,1154,1390,825,1534,145,5,1539,,2:15,1
2010-11,201607,Patrick Ewing,Patrick,1610612740,NOH,New Orleans Hornets,0041000156,2011-04-28T00:00:00,NOH vs. LAL,L,1.0,0,0,0.0,0,0,0.0,0,0,0.0,0,0,0,0,0,0,0,0,0,0,0,-1,0.0,0,0,0.0,1,802,802,802,1585,1340,1513,1340,558,904,558,899,955,899,830,1317,1397,1022,1010,734,544,1,1,1154,1390,825,1534,145,5,1539,,1:00,1
2010-11,2047,Quentin Richardson,Quentin,1610612753,ORL,Orlando Magic,0041000136,2011-04-28T00:00:00,ORL @ ATL,L,5.465,0,0,0.0,0,0,0.0,0,0,0.0,0,0,0,0,0,0,0,0,0,0,0,-7,0.0,0,0,0.0,1,802,802,802,1472,1340,1513,1340,558,904,558,899,955,899,830,1317,1397,1022,1010,734,544,1,1,1154,1390,1234,1534,145,5,1539,,5:28,1
2010-11,1938,Manu Ginobili,Manu,1610612759,SAS,San Antonio Spurs,0041000145,2011-04-27T00:00:00,SAS vs. MEM,W,41.885,10,18,0.556,4,9,0.444,9,10,0.9,1,5,6,6,6,4,0,0,4,6,33,10,55.2,0,0,57.0,1,1,1,1,120,54,109,361,18,9,300,51,68,397,422,262,351,82,14,5,544,1,1280,104,29,214,36,145,5,15,,41:53,1
2010-11,201142,Kevin Durant,Kevin,1610612760,OKC,Oklahoma City Thunder,0041000175,2011-04-27T00:00:00,OKC vs. DEN,W,42.196666666666665,14,27,0.519,2,10,0.2,11,12,0.917,1,4,5,2,0,1,2,0,2,7,41,7,59.0,0,0,56.0,1,1,1,1,104,4,9,416,104,3,510,24,29,385,422,391,458,435,1010,278,76,1,603,66,5,326,21,145,5,22,,42:12,1
2010-11,2548,Dwyane Wade,Dwyane,1610612748,MIA,Miami Heat,0041000115,2011-04-27T00:00:00,MIA vs. PHI,W,41.85,10,25,0.4,1,5,0.2,5,6,0.833,3,8,11,7,2,1,1,1,0,4,26,6,53.7,1,0,49.0,1,1,1,1,123,54,17,796,259,126,510,171,191,443,133,78,69,57,261,278,215,1013,1,242,81,371,39,1,5,47,,41:51,1
2010-11,2216,Zach Randolph,Zach,1610612763,MEM,Memphis Grizzlies,0041000145,2011-04-27T00:00:00,MEM @ SAS,L,44.126666666666665,10,17,0.588,0,0,0.0,6,7,0.857,2,9,11,6,2,0,1,0,3,4,26,-2,49.2,1,0,45.0,1,802,802,802,57,54,140,305,558,904,558,118,156,421,239,52,69,82,261,734,215,1,980,242,81,901,61,1,5,81,,44:08,1
2010-11,2225,Tony Parker,Tony,1610612759,SAS,San Antonio Spurs,0041000145,2011-04-27T00:00:00,SAS vs. MEM,W,43.858333333333334,9,20,0.45,0,2,0.0,6,9,0.667,0,2,2,9,1,1,1,3,4,5,24,-5,44.9,0,0,39.0,1,1,1,1,63,86,63,679,558,494,558,118,91,619,830,768,936,28,557,278,215,1558,1280,160,105,1135,106,145,5,133,,43:52,1
2010-11,2544,LeBron James,LeBron,1610612748,MIA,Miami Heat,0041000115,2011-04-27T00:00:00,MIA vs. PHI,W,41.666666666666664,5,13,0.385,2,5,0.4,4,5,0.8,3,7,10,8,3,1,0,1,2,5,16,5,40.0,1,0,38.0,1,1,1,1,132,364,283,879,104,126,313,234,256,479,133,126,111,36,131,278,544,1013,603,160,311,422,165,1,5,149,,41:40,1
2010-11,2738,Andre Iguodala,Andre,1610612755,PHI,Philadelphia 76ers,0041000115,2011-04-27T00:00:00,PHI @ MIA,L,35.21666666666667,10,14,0.714,0,2,0.0,2,4,0.5,1,9,10,4,0,0,0,0,3,4,22,7,40.0,1,0,36.0,1,802,802,802,399,54,229,152,558,494,558,459,304,699,422,52,111,196,1010,734,544,1,980,242,151,326,165,1,5,192,,35:13,1
2010-11,201144,Mike Conley,Mike,1610612763,MEM,Memphis Grizzlies,0041000145,2011-04-27T00:00:00,MEM @ SAS,L,42.71,9,20,0.45,0,2,0.0,2,2,1.0,1,4,5,5,1,2,1,1,4,3,20,2,41.5,0,0,36.0,1,802,802,802,92,86,63,679,558,494,558,459,543,1,422,391,458,131,557,95,215,1013,1280,354,198,591,143,145,5,192,,42:43,1
2010-11,2547,Chris Bosh,Chris,1610612748,MIA,Miami Heat,0041000115,2011-04-27T00:00:00,MIA vs. PHI,W,40.516666666666666,7,16,0.438,0,1,0.0,8,10,0.8,5,6,11,0,2,1,0,2,2,7,22,-7,36.2,1,0,35.0,1,1,1,1,174,197,159,711,558,677,558,73,68,479,41,187,69,1022,261,278,544,1432,603,66,151,1234,243,1,5,203,,40:31,1
2010-11,1882,Elton Brand,Elton,1610612755,PHI,Philadelphia 76ers,0041000115,2011-04-27T00:00:00,PHI @ MIA,L,37.76166666666666,10,17,0.588,0,0,0.0,2,2,1.0,1,5,6,2,0,1,1,0,6,1,22,3,38.2,0,0,34.0,1,802,802,802,299,54,140,305,558,904,558,459,543,1,422,262,351,435,1010,278,215,1,1593,790,151,535,198,145,5,226,,37:46,1
2010-11,201188,Marc Gasol,Marc,1610612763,MEM,Memphis Grizzlies,0041000145,2011-04-27T00:00:00,MEM @ SAS,L,41.736666666666665,5,14,0.357,0,0,0.0,1,1,1.0,2,15,17,1,4,1,1,1,5,2,11,-4,34.9,1,0,33.0,1,802,802,802,128,364,229,948,558,904,558,704,881,1,239,1,8,674,63,278,215,1013,1479,541,521,1048,286,1,5,259,,41:44,1
2010-11,201586,Serge Ibaka,Serge,1610612760,OKC,Oklahoma City Thunder,0041000175,2011-04-27T00:00:00,OKC vs. DEN,W,34.86666666666667,0,4,0.0,0,1,0.0,1,2,0.5,4,4,8,2,5,2,9,0,3,2,1,5,41.6,0,0,33.0,1,1,1,1,407,1340,1024,1340,558,677,558,704,543,699,75,391,208,435,24,95,1,1,980,541,1367,422,140,145,5,259,,34:52,1
2010-11,1495,Tim Duncan,Tim,1610612759,SAS,San Antonio Spurs,0041000145,2011-04-27T00:00:00,SAS vs. MEM,W,39.78,5,13,0.385,0,0,0.0,3,4,0.75,3,9,12,3,3,1,1,1,0,4,13,4,34.9,1,0,32.0,1,1,1,1,198,364,283,879,558,904,558,337,304,518,133,52,49,291,131,278,215,1013,1,242,428,469,286,1,5,286,,39:47,1
2010-11,201596,Mario Chalmers,Mario,1610612748,MIA,Miami Heat,0041000115,2011-04-27T00:00:00,MIA vs. PHI,W,30.666666666666668,7,14,0.5,6,12,0.5,0,0,0.0,0,2,2,2,0,1,0,0,1,0,20,20,28.4,0,0,32.0,1,1,1,1,585,197,229,417,3,1,169,899,955,899,830,768,936,435,1010,278,544,1,286,1154,198,32,434,145,5,286,,30:40,1
2010-11,201970,Sam Young,Sam,1610612763,MEM,Memphis Grizzlies,0041000145,2011-04-27T00:00:00,MEM @ SAS,L,32.305,7,12,0.583,1,2,0.5,3,3,1.0,2,4,6,0,1,2,1,0,2,2,18,11,33.2,0,0,31.0,1,802,802,802,527,197,341,311,259,494,169,337,478,1,239,391,351,1022,557,95,215,1,603,541,244,190,326,145,5,313,,32:18,1
2010-11,2030,Kenyon Martin,Kenyon,1610612743,DEN,Denver Nuggets,0041000175,2011-04-27T00:00:00,DEN @ OKC,L,33.2,7,14,0.5,0,0,0.0,0,0,0.0,2,8,10,2,0,2,0,1,4,0,14,-7,35.0,1,0,30.0,1,802,802,802,486,197,229,417,558,904,558,899,955,899,239,78,111,435,1010,95,544,1013,1280,1154,391,1234,280,1,5,338,,33:12,1
2010-11,201935,James Harden,James,1610612760,OKC,Oklahoma City Thunder,0041000175,2011-04-27T00:00:00,OKC vs. DEN,W,32.416666666666664,2,7,0.286,2,6,0.333,6,8,0.75,0,7,7,3,2,2,1,0,2,5,12,4,31.9,0,0,30.0,1,1,1,1,520,828,692,1127,104,77,351,118,117,518,830,126,276,291,261,95,215,1,603,160,472,469,343,145,5,338,,32:25,1
2010-11,201950,Jrue Holiday,Jrue,1610612755,PHI,Philadelphia 76ers,0041000115,2011-04-27T00:00:00,PHI @ MIA,L,37.38333333333333,3,9,0.333,0,1,0.0,4,5,0.8,1,4,5,8,3,2,1,2,1,2,10,3,34.0,0,0,29.0,1,802,802,802,311,626,532,960,558,677,558,234,256,479,422,391,458,36,131,95,215,1432,286,541,568,535,310,145,5,358,,37:23,1
2010-11,101109,Raymond Felton,Raymond,1610612743,DEN,Denver Nuggets,0041000175,2011-04-27T00:00:00,DEN @ OKC,L,26.715,4,9,0.444,1,3,0.333,4,4,1.0,0,3,3,4,5,4,0,0,1,3,13,6,29.6,0,0,29.0,1,802,802,802,728,478,532,686,259,345,351,234,304,1,830,559,746,196,24,5,544,1,286,354,428,371,402,145,5,358,,26:43,1
2010-11,201566,Russell Westbrook,Russell,1610612760,OKC,Oklahoma City Thunder,0041000175,2011-04-27T00:00:00,OKC vs. DEN,W,35.95666666666666,3,15,0.2,1,3,0.333,7,10,0.7,2,3,5,4,3,1,0,2,3,5,14,4,26.0,0,0,26.0,1,1,1,1,364,626,192,1262,259,345,351,94,68,615,239,559,458,196,131,278,544,1432,980,160,391,469,498,145,5,438,,35:57,1
2010-11,201167,Arron Afflalo,Arron,1610612743,DEN,Denver Nuggets,0041000175,2011-04-27T00:00:00,DEN @ OKC,L,30.833333333333332,6,15,0.4,1,5,0.2,2,2,1.0,0,4,4,3,2,0,0,4,5,1,15,-5,22.3,0,0,23.0,1,802,802,802,576,264,192,796,259,126,510,459,543,1,830,391,600,291,261,734,544,1596,1479,790,346,1135,610,145,5,531,,30:50,1
2010-11,201951,Ty Lawson,Ty,1610612743,DEN,Denver Nuggets,0041000175,2011-04-27T00:00:00,DEN @ OKC,L,30.423333333333332,4,8,0.5,2,3,0.667,3,5,0.6,1,2,3,4,1,0,0,2,1,4,13,-1,21.6,0,0,22.0,1,802,802,802,595,478,606,417,104,345,102,337,256,677,422,768,746,196,557,734,544,1432,286,242,428,825,627,145,5,557,,30:25,1
2010-11,2570,Kendrick Perkins,Kendrick,1610612760,OKC,Oklahoma City Thunder,0041000175,2011-04-27T00:00:00,OKC vs. DEN,W,29.783333333333335,4,9,0.444,0,0,0.0,3,4,0.75,2,7,9,1,0,0,0,0,3,2,11,9,23.3,0,0,21.0,1,1,1,1,614,478,532,686,558,904,558,337,304,518,239,126,156,674,1010,734,544,1,980,541,521,250,587,145,5,585,,29:47,1
2010-11,200757,Thabo Sefolosha,Thabo,1610612760,OKC,Oklahoma City Thunder,0041000175,2011-04-27T00:00:00,OKC vs. DEN,W,19.816666666666666,2,6,0.333,0,1,0.0,4,4,1.0,3,5,8,0,0,2,0,0,1,2,8,-3,23.6,0,0,20.0,1,1,1,1,997,828,814,960,558,677,558,234,304,1,133,262,208,1022,1010,95,544,1,286,541,713,985,571,145,5,614,,19:49,1
2010-11,202323,Evan Turner,Evan,1610612755,PHI,Philadelphia 76ers,0041000115,2011-04-27T00:00:00,PHI @ MIA,L,27.963333333333335,2,10,0.2,0,0,0.0,0,0,0.0,2,8,10,1,0,1,1,1,3,1,4,-9,23.5,0,0,19.0,1,802,802,802,680,828,464,1262,558,904,558,899,955,899,239,78,111,674,1010,278,215,1013,980,790,1037,1349,577,145,5,650,,27:58,1
2010-11,201152,Thaddeus Young,Thaddeus,1610612755,PHI,Philadelphia 76ers,0041000115,2011-04-27T00:00:00,PHI @ MIA,L,28.216666666666665,6,8,0.75,0,0,0.0,1,3,0.333,2,3,5,1,1,0,0,0,2,3,13,-12,19.5,0,0,19.0,1,802,802,802,676,264,606,122,558,904,558,704,478,877,239,559,458,674,557,734,544,1,603,354,428,1453,683,145,5,650,,28:13,1
2010-11,201588,George Hill,George,1610612759,SAS,San Antonio Spurs,0041000145,2011-04-27T00:00:00,SAS vs. MEM,W,30.38,3,7,0.429,0,1,0.0,6,6,1.0,1,4,5,2,2,0,0,0,1,6,12,8,19.0,0,0,19.0,1,1,1,1,597,626,692,715,558,677,558,118,191,1,422,391,458,435,261,734,544,1,286,104,472,286,700,145,5,650,,30:23,1
2010-11,2403,Nene,ene,1610612743,DEN,Denver Nuggets,0041000175,2011-04-27T00:00:00,DEN @ OKC,L,31.5,3,9,0.333,0,0,0.0,2,3,0.667,1,8,9,0,3,1,0,3,4,5,8,-6,18.8,0,0,19.0,1,802,802,802,552,626,532,960,558,904,558,459,478,619,422,78,156,1022,131,278,544,1558,1280,160,713,1182,705,145,5,650,,31:30,1
2010-11,201568,Danilo Gallinari,Danilo,1610612743,DEN,Denver Nuggets,0041000175,2011-04-27T00:00:00,DEN @ OKC,L,25.868333333333332,3,6,0.5,1,2,0.5,4,4,1.0,0,2,2,2,2,1,0,2,5,3,11,2,17.4,0,0,18.0,1,802,802,802,760,626,814,417,259,494,169,234,304,1,830,768,936,435,261,278,544,1432,1479,354,521,591,767,145,5,681,,25:52,1
2010-11,686,Antonio McDyess,Antonio,1610612759,SAS,San Antonio Spurs,0041000145,2011-04-27T00:00:00,SAS vs. MEM,W,31.583333333333332,2,6,0.333,0,0,0.0,0,0,0.0,3,5,8,1,2,1,1,0,3,0,4,11,19.1,0,0,17.0,1,1,1,1,549,828,814,960,558,904,558,899,955,899,133,262,208,674,261,278,215,1,980,1154,1037,190,695,145,5,719,,31:35,1
2010-11,2754,Tony Allen,Tony,1610612763,MEM,Memphis Grizzlies,0041000145,2011-04-27T00:00:00,MEM @ SAS,L,23.831666666666667,2,6,0.333,0,1,0.0,3,4,0.75,0,2,2,0,3,4,0,1,1,2,7,-7,18.4,0,0,17.0,1,802,802,802,846,828,814,960,558,677,558,337,304,518,830,768,936,1022,131,5,544,1013,286,541,789,1234,723,145,5,719,,23:50,1
2010-11,201564,O.J. Mayo,O.J.,1610612763,MEM,Memphis Grizzlies,0041000145,2011-04-27T00:00:00,MEM @ SAS,L,19.94333333333333,3,4,0.75,1,1,1.0,2,2,1.0,1,1,2,1,2,2,0,0,5,1,9,-12,16.9,0,0,17.0,1,802,802,802,994,626,1024,122,259,677,1,459,543,1,422,1016,936,674,261,95,544,1,1479,790,632,1453,791,145,5,719,,19:57,1
2010-11,2592,James Jones,James,1610612748,MIA,Miami Heat,0041000115,2011-04-27T00:00:00,MIA vs. PHI,W,26.703333333333333,3,7,0.429,3,6,0.5,0,0,0.0,0,3,3,0,0,1,0,0,4,0,9,9,15.6,0,0,17.0,1,1,1,1,730,626,692,715,44,77,169,899,955,899,830,559,746,1022,1010,278,544,1,1280,1154,632,250,842,145,5,719,,26:42,1
2010-11,201163,Wilson Chandler,Wilson,1610612743,DEN,Denver Nuggets,0041000175,2011-04-27T00:00:00,DEN @ OKC,L,23.393333333333334,3,5,0.6,0,1,0.0,2,3,0.667,0,4,4,0,0,0,2,0,3,2,8,-5,18.8,0,0,16.0,1,802,802,802,863,626,926,266,558,677,558,459,478,619,830,391,600,1022,1010,734,76,1,980,541,713,1135,705,145,5,763,,23:24,1
2010-11,2210,Richard Jefferson,Richard,1610612759,SAS,San Antonio Spurs,0041000145,2011-04-27T00:00:00,SAS vs. MEM,W,32.935,2,7,0.286,1,4,0.25,1,1,1.0,1,4,5,1,1,1,0,0,3,1,6,0,15.5,0,0,15.0,1,1,1,1,497,828,692,1127,259,223,449,704,881,1,422,391,458,674,557,278,544,1,980,790,848,728,847,145,5,808,,32:56,1
2010-11,201168,Tiago Splitter,Tiago,1610612759,SAS,San Antonio Spurs,0041000145,2011-04-27T00:00:00,SAS vs. MEM,W,14.851666666666667,3,3,1.0,0,0,0.0,0,2,0.0,0,3,3,1,0,1,1,0,0,3,6,1,17.1,0,0,14.0,1,1,1,1,1197,626,1138,1,558,904,558,899,543,899,830,559,746,674,1010,278,215,1,1,354,848,654,780,145,5,860,,14:51,1
2010-11,201975,Jodie Meeks,Jodie,1610612755,PHI,Philadelphia 76ers,0041000115,2011-04-27T00:00:00,PHI @ MIA,L,22.643333333333334,4,8,0.5,2,6,0.333,2,2,1.0,0,0,0,0,1,0,0,0,2,0,12,-10,11.0,0,0,14.0,1,802,802,802,890,478,606,417,104,77,351,459,543,1,830,1317,1397,1022,557,734,544,1,603,1154,472,1385,1050,145,5,860,,22:39,1
2010-11,201202,Joel Anthony,Joel,1610612748,MIA,Miami Heat,0041000115,2011-04-27T00:00:00,MIA vs. PHI,W,38.98,0,0,0.0,0,0,0.0,4,4,1.0,1,4,5,0,1,0,2,0,1,2,4,17,15.0,0,0,13.0,1,1,1,1,238,1340,1513,1340,558,904,558,234,304,1,422,391,458,1022,557,734,76,1,286,541,1037,54,863,145,5,903,,38:59,1
2010-11,2203,Shane Battier,Shane,1610612763,MEM,Memphis Grizzlies,0041000145,2011-04-27T00:00:00,MEM @ SAS,L,33.96666666666667,2,5,0.4,1,4,0.25,1,2,0.5,1,3,4,2,1,0,0,0,4,3,6,-4,12.8,0,0,13.0,1,802,802,802,449,828,926,796,259,223,449,704,543,699,422,559,600,435,557,734,544,1,1280,354,848,1048,965,145,5,903,,33:58,1
2010-11,201953,Eric Maynor,Eric,1610612760,OKC,Oklahoma City Thunder,0041000175,2011-04-27T00:00:00,OKC vs. DEN,W,12.043333333333333,3,7,0.429,1,3,0.333,2,2,1.0,0,1,1,2,3,0,0,0,1,2,9,-1,10.2,0,0,13.0,1,1,1,1,1298,626,692,715,259,345,351,459,543,1,830,1016,1143,435,131,734,544,1,286,541,632,825,1088,145,5,903,,12:03,1
2010-11,201150,Spencer Hawes,Spencer,1610612755,PHI,Philadelphia 76ers,0041000115,2011-04-27T00:00:00,PHI @ MIA,L,24.981666666666666,2,7,0.286,0,0,0.0,0,0,0.0,2,2,4,4,0,0,0,0,0,0,4,-2,14.8,0,0,12.0,1,802,802,802,797,828,692,1127,558,904,558,899,955,899,239,768,600,196,1010,734,544,1,1,1154,1037,901,873,145,5,946,,24:59,1
2010-11,2555,Nick Collison,Nick,1610612760,OKC,Oklahoma City Thunder,0041000175,2011-04-27T00:00:00,OKC vs. DEN,W,19.65,1,4,0.25,0,0,0.0,0,0,0.0,3,1,4,2,1,1,1,0,4,1,2,-7,14.8,0,0,12.0,1,1,1,1,1002,1078,1024,1175,558,904,558,899,955,899,133,1016,600,435,557,278,215,1,1280,790,1223,1234,873,145,5,946,,19:39,1
2010-11,201589,Darrell Arthur,Darrell,1610612763,MEM,Memphis Grizzlies,0041000145,2011-04-27T00:00:00,MEM @ SAS,L,16.078333333333333,2,7,0.286,0,0,0.0,0,0,0.0,1,2,3,1,1,1,1,1,3,0,4,-10,14.1,0,0,12.0,1,802,802,802,1144,828,692,1127,558,904,558,899,955,899,422,768,746,674,557,278,215,1013,980,1154,1037,1385,906,145,5,946,,16:05,1
2010-11,2747,JR Smith,JR,1610612743,DEN,Denver Nuggets,0041000175,2011-04-27T00:00:00,DEN @ OKC,L,14.733333333333333,3,8,0.375,2,3,0.667,0,0,0.0,0,1,1,0,2,0,0,2,1,0,8,0,7.2,0,0,11.0,1,802,802,802,1205,626,606,896,104,345,102,899,955,899,830,1016,1143,1022,261,734,544,1432,286,1154,713,728,1216,145,5,1004,,14:44,1
2010-11,2588,Matt Bonner,Matt,1610612759,SAS,San Antonio Spurs,0041000145,2011-04-27T00:00:00,SAS vs. MEM,W,19.506666666666668,2,6,0.333,1,4,0.25,0,0,0.0,0,3,3,0,0,0,0,0,1,2,5,0,8.6,0,0,9.0,1,1,1,1,1006,828,814,960,259,223,449,899,955,899,830,559,746,1022,1010,734,544,1,286,541,958,728,1162,145,5,1102,,19:30,1
2010-11,202390,Gary Neal,Gary,1610612759,SAS,San Antonio Spurs,0041000145,2011-04-27T00:00:00,SAS vs. MEM,W,10.22,3,5,0.6,1,2,0.5,0,0,0.0,1,0,1,0,0,0,0,1,2,1,7,6,8.2,0,0,9.0,1,1,1,1,1343,626,926,266,259,494,169,899,955,899,422,1317,1143,1022,1010,734,544,1013,603,790,789,371,1180,145,5,1102,,10:13,1
2010-11,1737,Nazr Mohammed,Nazr,1610612760,OKC,Oklahoma City Thunder,0041000175,2011-04-27T00:00:00,OKC vs. DEN,W,4.833333333333333,1,3,0.333,0,0,0.0,0,0,0.0,1,1,2,0,0,1,1,1,0,1,2,2,10.4,0,0,8.0,1,1,1,1,1486,1078,1138,960,558,904,558,899,955,899,422,1016,936,1022,1010,278,215,1013,1,790,1223,591,1081,145,5,1150,,4:50,1
2010-11,2365,Chris Andersen,Chris,1610612743,DEN,Denver Nuggets,0041000175,2011-04-27T00:00:00,DEN @ OKC,L,18.266666666666666,1,1,1.0,0,0,0.0,0,0,0.0,0,2,2,1,1,0,1,0,1,1,2,3,7.9,0,0,7.0,1,802,802,802,1058,1078,1386,1,558,904,558,899,955,899,830,768,936,674,557,734,215,1,286,790,1223,535,1190,145,5,1201,,18:16,1
2010-11,1733,Al Harrington,Al,1610612743,DEN,Denver Nuggets,0041000175,2011-04-27T00:00:00,DEN @ OKC,L,5.066666666666666,2,3,0.667,1,1,1.0,0,0,0.0,0,0,0,0,2,0,0,0,2,0,5,-2,3.0,0,0,6.0,1,802,802,802,1480,828,1138,175,259,677,1,899,955,899,830,1317,1397,1022,261,734,544,1,603,1154,958,901,1434,145,5,1256,,5:04,1
2010-11,202349,Greivis Vasquez,Greivis,1610612763,MEM,Memphis Grizzlies,0041000145,2011-04-27T00:00:00,MEM @ SAS,L,10.29,1,2,0.5,0,0,0.0,0,2,0.0,0,0,0,3,1,0,0,0,1,1,2,-9,5.5,0,0,5.0,1,802,802,802,1341,1078,1267,417,558,904,558,899,543,899,830,1317,1397,291,557,734,544,1,286,790,1223,1349,1318,145,5,1306,,10:17,1
2010-11,101150,Lou Williams,Lou,1610612755,PHI,Philadelphia 76ers,0041000115,2011-04-27T00:00:00,PHI @ MIA,L,21.166666666666668,2,8,0.25,0,1,0.0,0,1,0.0,0,0,0,0,2,0,0,0,1,1,4,-11,2.0,0,0,4.0,1,802,802,802,957,828,606,1175,558,677,558,899,881,899,830,1317,1397,1022,261,734,544,1,286,790,1037,1419,1477,145,5,1362,,21:10,1
2010-11,1499,Tony Battie,Tony,1610612755,PHI,Philadelphia 76ers,0041000115,2011-04-27T00:00:00,PHI @ MIA,L,4.666666666666667,0,2,0.0,0,0,0.0,0,0,0.0,0,1,1,0,0,0,1,0,0,0,0,1,4.2,0,0,3.0,1,802,802,802,1494,1340,1267,1340,558,904,558,899,955,899,830,1016,1143,1022,1010,734,215,1,1,1154,1390,654,1369,145,5,1411,,4:40,1
2010-11,2067,Eddie House,Eddie,1610612748,MIA,Miami Heat,0041000115,2011-04-27T00:00:00,MIA vs. PHI,W,8.783333333333333,0,3,0.0,0,1,0.0,0,0,0.0,1,0,1,0,0,1,0,0,2,0,0,1,4.2,0,0,3.0,1,1,1,1,1374,1340,1138,1340,558,677,558,899,955,899,422,1317,1143,1022,1010,278,544,1,603,1154,1390,654,1369,145,5,1411,,8:47,1
2010-11,201161,Daequan Cook,Daequan,1610612760,OKC,Oklahoma City Thunder,0041000175,2011-04-27T00:00:00,OKC vs. DEN,W,8.436666666666667,0,0,0.0,0,0,0.0,0,0,0.0,0,2,2,0,0,0,0,0,0,0,0,-5,2.4,0,0,2.0,1,1,1,1,1380,1340,1513,1340,558,904,558,899,955,899,830,768,936,1022,1010,734,544,1,1,1154,1390,1135,1465,145,5,1461,,8:26,1
2010-11,980,Zydrunas Ilgauskas,Zydrunas,1610612748,MIA,Miami Heat,0041000115,2011-04-27T00:00:00,MIA vs. PHI,W,4.45,0,1,0.0,0,0,0.0,0,0,0.0,2,0,2,0,1,0,0,0,0,0,0,-10,1.4,0,0,2.0,1,1,1,1,1497,1340,1386,1340,558,904,558,899,955,899,239,1317,936,1022,557,734,544,1,1,1154,1390,1385,1495,145,5,1461,,4:27,1
2010-11,436,Juwan Howard,Juwan,1610612748,MIA,Miami Heat,0041000115,2011-04-27T00:00:00,MIA vs. PHI,W,1.9333333333333333,0,0,0.0,0,0,0.0,0,0,0.0,0,1,1,0,0,0,0,0,0,0,0,-1,1.2,0,0,1.0,1,1,1,1,1562,1340,1513,1340,558,904,558,899,955,899,830,1016,1143,1022,1010,734,544,1,1,1154,1390,825,1498,145,5,1499,,1:56,1
2010-11,1710,Mike Bibby,Mike,1610612748,MIA,Miami Heat,0041000115,2011-04-27T00:00:00,MIA vs. PHI,W,4.45,0,1,0.0,0,0,0.0,0,0,0.0,0,1,1,0,1,0,0,0,0,0,0,-10,0.2,0,0,1.0,1,1,1,1,1497,1340,1386,1340,558,904,558,899,955,899,830,1016,1143,1022,557,734,544,1,1,1154,1390,1385,1529,145,5,1499,,4:27,1
2010-11,201632,Hamed Haddadi,Hamed,1610612763,MEM,Memphis Grizzlies,0041000145,2011-04-27T00:00:00,MEM @ SAS,L,0.011666666666666667,0,0,0.0,0,0,0.0,0,0,0.0,0,0,0,0,0,0,0,0,0,0,0,0,0.0,0,0,0.0,1,802,802,802,1615,1340,1513,1340,558,904,558,899,955,899,830,1317,1397,1022,1010,734,544,1,1,1154,1390,728,1534,145,5,1539,,0:01,1
2010-11,2736,Luol Deng,Luol,1610612741,CHI,Chicago Bulls,0041000105,2011-04-26T00:00:00,CHI vs. IND,W,40.916666666666664,7,14,0.5,3,5,0.6,7,8,0.875,1,5,6,7,2,3,1,0,1,6,24,31,51.7,0,0,48.0,1,1,1,1,155,197,229,417,44,126,141,94,117,408,422,262,351,57,261,34,215,1,286,104,105,5,51,145,5,53,,40:55,1
2010-11,201565,Derrick Rose,Derrick,1610612741,CHI,Chicago Bulls,0041000105,2011-04-26T00:00:00,CHI vs. IND,W,29.793333333333333,8,17,0.471,3,8,0.375,6,7,0.857,1,1,2,6,2,2,2,1,5,4,25,26,46.4,0,0,44.0,1,1,1,1,612,132,140,633,44,18,348,118,156,421,422,1016,936,82,261,95,76,1013,1479,242,90,13,89,145,5,88,,29:48,1
2010-11,101108,Chris Paul,Chris,1610612740,NOH,New Orleans Hornets,0041000155,2011-04-26T00:00:00,NOH @ LAL,L,40.7,6,12,0.5,1,3,0.333,7,8,0.875,0,4,4,12,4,1,0,2,1,5,20,-7,41.8,1,0,39.0,1,802,802,802,162,264,341,417,259,345,351,94,117,408,830,391,600,6,63,278,544,1432,286,160,198,1234,137,1,5,133,,40:42,1
2010-11,2772,Trevor Ariza,Trevor,1610612740,NOH,New Orleans Hornets,0041000155,2011-04-26T00:00:00,NOH @ LAL,L,33.21666666666667,8,17,0.471,5,8,0.625,1,1,1.0,0,2,2,3,2,3,0,1,3,1,22,-13,35.9,0,0,38.0,1,802,802,802,484,132,140,633,7,18,139,704,881,1,830,768,936,291,261,34,544,1013,980,790,151,1483,259,145,5,149,,33:13,1
2010-11,201149,Joakim Noah,Joakim,1610612741,CHI,Chicago Bulls,0041000105,2011-04-26T00:00:00,CHI vs. IND,W,31.55,3,6,0.5,0,0,0.0,8,9,0.889,2,6,8,3,1,1,4,1,5,8,14,34,42.1,0,0,35.0,1,1,1,1,550,626,814,417,558,904,558,73,91,401,239,187,208,291,557,278,12,1013,1479,36,391,3,134,145,5,203,,31:33,1
2010-11,101115,Andrew Bynum,Andrew,1610612747,LAL,Los Angeles Lakers,0041000155,2011-04-26T00:00:00,LAL vs. NOH,W,29.266666666666666,6,11,0.545,0,0,0.0,6,7,0.857,5,5,10,2,3,0,2,1,3,5,18,7,36.0,1,0,34.0,1,1,1,1,639,264,409,378,558,904,558,118,156,421,41,262,111,435,131,734,76,1013,980,160,244,326,252,1,5,226,,29:16,1
2010-11,2746,Josh Smith,Josh,1610612737,ATL,Atlanta Hawks,0041000135,2011-04-26T00:00:00,ATL @ ORL,L,29.183333333333334,7,18,0.389,1,2,0.5,7,12,0.583,2,9,11,0,1,0,0,1,3,8,22,-16,34.2,1,0,34.0,1,802,802,802,643,197,109,873,259,494,169,94,29,689,239,52,69,1022,557,734,544,1013,980,36,151,1545,306,1,5,226,,29:11,1
2010-11,2200,Pau Gasol,Pau,1610612747,LAL,Los Angeles Lakers,0041000155,2011-04-26T00:00:00,LAL vs. NOH,W,37.583333333333336,6,12,0.5,0,0,0.0,4,5,0.8,2,6,8,4,3,0,3,0,2,5,16,12,37.6,0,0,34.0,1,1,1,1,304,264,341,417,558,904,558,234,256,479,239,187,208,196,131,734,27,1,603,160,311,163,209,145,5,226,,37:35,1
2010-11,101122,Danny Granger,Danny,1610612754,IND,Indiana Pacers,0041000105,2011-04-26T00:00:00,IND @ CHI,L,36.733333333333334,7,16,0.438,3,4,0.75,3,3,1.0,1,5,6,3,3,0,0,1,3,2,20,-27,28.7,0,0,32.0,1,802,802,802,336,197,159,711,44,223,85,337,478,1,422,262,351,291,131,734,544,1013,980,541,198,1609,425,145,5,286,,36:44,1
2010-11,201143,Al Horford,Al,1610612737,ATL,Atlanta Hawks,0041000135,2011-04-26T00:00:00,ATL @ ORL,L,38.31666666666667,3,9,0.333,0,0,0.0,3,4,0.75,2,12,14,6,1,0,1,1,3,5,9,-24,36.8,0,0,31.0,1,802,802,802,272,626,532,960,558,904,558,337,304,518,239,13,24,82,557,734,215,1013,980,160,632,1601,227,145,5,313,,38:19,1
2010-11,201946,Tyler Hansbrough,Tyler,1610612754,IND,Indiana Pacers,0041000105,2011-04-26T00:00:00,IND @ CHI,L,32.475,3,9,0.333,0,0,0.0,8,9,0.889,4,7,11,0,4,1,0,1,3,8,14,-19,26.2,1,0,27.0,1,802,802,802,517,626,532,960,558,904,558,73,91,401,75,126,69,1022,63,278,544,1013,980,36,391,1576,486,1,5,405,,32:29,1
2010-11,1885,Lamar Odom,Lamar,1610612747,LAL,Los Angeles Lakers,0041000155,2011-04-26T00:00:00,LAL vs. NOH,W,28.763333333333332,4,12,0.333,1,4,0.25,4,4,1.0,1,6,7,2,1,1,1,0,3,4,13,13,29.4,0,0,27.0,1,1,1,1,658,478,341,960,259,223,449,234,304,1,422,187,276,435,557,278,215,1,980,242,428,129,409,145,5,405,,28:46,1
2010-11,977,Kobe Bryant,Kobe,1610612747,LAL,Los Angeles Lakers,0041000155,2011-04-26T00:00:00,LAL vs. NOH,W,28.633333333333333,8,13,0.615,0,1,0.0,3,4,0.75,1,1,2,4,3,1,0,0,3,3,19,9,27.4,0,0,27.0,1,1,1,1,661,132,283,258,558,677,558,337,304,518,422,1016,936,196,131,278,544,1,980,354,225,250,455,145,5,405,,28:38,1
2010-11,201158,Marco Belinelli,Marco,1610612740,NOH,New Orleans Hornets,0041000155,2011-04-26T00:00:00,NOH @ LAL,L,39.083333333333336,8,14,0.571,3,5,0.6,2,2,1.0,0,0,0,1,0,1,0,1,2,2,21,-14,25.5,0,0,27.0,1,802,802,802,232,132,229,315,44,126,141,459,543,1,830,1317,1397,674,1010,278,544,1013,603,541,170,1512,514,145,5,405,,39:05,1
2010-11,2586,Keith Bogans,Keith,1610612741,CHI,Chicago Bulls,0041000105,2011-04-26T00:00:00,CHI vs. IND,W,21.483333333333334,5,7,0.714,5,7,0.714,0,0,0.0,1,1,2,1,1,2,0,0,0,0,15,17,23.9,0,0,27.0,1,1,1,1,946,364,692,152,7,36,97,899,955,899,422,1016,936,674,557,95,544,1,1,1154,346,54,563,145,5,405,,21:29,1
2010-11,201583,Ryan Anderson,Ryan,1610612753,ORL,Orlando Magic,0041000135,2011-04-26T00:00:00,ORL vs. ATL,W,29.216666666666665,3,9,0.333,3,5,0.6,2,2,1.0,1,6,7,1,0,2,0,1,2,1,11,27,26.9,0,0,26.0,1,1,1,1,641,626,532,960,44,126,141,459,543,1,422,187,276,674,1010,95,544,1013,603,790,521,12,469,145,5,438,,29:13,1
2010-11,2749,Jameer Nelson,Jameer,1610612753,ORL,Orlando Magic,0041000135,2011-04-26T00:00:00,ORL vs. ATL,W,25.933333333333334,4,10,0.4,1,3,0.333,0,0,0.0,0,3,3,5,2,3,0,0,3,1,9,17,27.1,0,0,24.0,1,1,1,1,756,478,464,796,259,345,351,899,955,899,830,559,746,131,261,34,544,1,980,790,632,54,463,145,5,495,,25:56,1
2010-11,965,Derek Fisher,Derek,1610612747,LAL,Los Angeles Lakers,0041000155,2011-04-26T00:00:00,LAL vs. NOH,W,33.55,5,6,0.833,2,3,0.667,1,2,0.5,0,2,2,3,1,1,1,0,1,1,13,2,24.9,0,0,24.0,1,1,1,1,472,364,814,99,104,345,102,704,543,699,830,768,936,291,557,278,215,1,286,790,428,591,525,145,5,495,,33:33,1
2010-11,101107,Marvin Williams,Marvin,1610612737,ATL,Atlanta Hawks,0041000135,2011-04-26T00:00:00,ATL @ ORL,L,21.866666666666667,4,6,0.667,1,2,0.5,3,3,1.0,1,4,5,0,4,2,1,0,4,1,12,-18,23.0,0,0,24.0,1,802,802,802,930,478,814,175,259,494,169,337,478,1,422,391,458,1022,63,95,215,1,1280,790,472,1569,592,145,5,495,,21:52,1
2010-11,2202,Jason Richardson,Jason,1610612753,ORL,Orlando Magic,0041000135,2011-04-26T00:00:00,ORL vs. ATL,W,24.755,6,14,0.429,3,6,0.5,2,2,1.0,1,2,3,1,0,0,0,2,4,1,17,8,22.1,0,0,24.0,1,1,1,1,811,264,229,715,44,77,169,459,543,1,422,768,746,674,1010,734,544,1432,1280,790,278,286,615,145,5,495,,24:45,1
2010-11,201959,Taj Gibson,Taj,1610612741,CHI,Chicago Bulls,0041000105,2011-04-26T00:00:00,CHI vs. IND,W,30.45,5,8,0.625,0,0,0.0,0,0,0.0,1,6,7,0,2,1,1,0,6,1,10,19,22.4,0,0,21.0,1,1,1,1,593,364,606,248,558,904,558,899,955,899,422,187,276,1022,261,278,215,1,1593,790,568,35,607,145,5,585,,30:27,1
2010-11,101138,Brandon Bass,Brandon,1610612753,ORL,Orlando Magic,0041000135,2011-04-26T00:00:00,ORL vs. ATL,W,24.5,2,8,0.25,0,0,0.0,5,5,1.0,1,6,7,0,0,0,2,0,1,3,9,23,23.4,0,0,20.0,1,1,1,1,819,828,606,1175,558,904,558,171,256,1,422,187,276,1022,1010,734,76,1,286,354,632,20,582,145,5,614,,24:30,1
2010-11,2730,Dwight Howard,Dwight,1610612753,ORL,Orlando Magic,0041000135,2011-04-26T00:00:00,ORL vs. ATL,W,28.966666666666665,1,4,0.25,0,0,0.0,6,10,0.6,3,5,8,0,1,1,1,0,4,8,8,13,22.6,0,0,20.0,1,1,1,1,652,1078,1024,1175,558,904,558,118,68,677,133,262,208,1022,557,278,215,1,1280,36,713,129,600,145,5,614,,28:58,1
2010-11,201171,Carl Landry,Carl,1610612740,NOH,New Orleans Hornets,0041000155,2011-04-26T00:00:00,NOH @ LAL,L,35.626666666666665,3,7,0.429,0,0,0.0,2,4,0.5,2,2,4,2,3,2,1,2,3,4,8,-7,21.8,0,0,20.0,1,802,802,802,377,626,692,715,558,904,558,459,304,699,239,768,600,435,131,95,215,1432,980,242,713,1234,621,145,5,614,,35:38,1
2010-11,200755,JJ Redick,JJ,1610612753,ORL,Orlando Magic,0041000135,2011-04-26T00:00:00,ORL vs. ATL,W,19.345,6,8,0.75,0,0,0.0,2,3,0.667,0,3,3,3,2,0,0,0,1,4,14,17,20.1,0,0,20.0,1,1,1,1,1015,264,606,122,558,904,558,459,478,619,830,559,746,291,261,734,544,1,286,242,391,54,668,145,5,614,,19:21,1
2010-11,2594,Kyle Korver,Kyle,1610612741,CHI,Chicago Bulls,0041000105,2011-04-26T00:00:00,CHI vs. IND,W,21.991666666666667,5,14,0.357,2,7,0.286,1,1,1.0,0,1,1,2,2,1,0,1,0,1,13,6,18.2,0,0,20.0,1,1,1,1,919,364,229,948,104,36,435,704,881,1,830,1016,1143,435,261,278,544,1013,1,790,428,371,730,145,5,614,,21:60,1
2010-11,2240,Gilbert Arenas,Gilbert,1610612753,ORL,Orlando Magic,0041000135,2011-04-26T00:00:00,ORL vs. ATL,W,22.066666666666666,4,11,0.364,1,5,0.2,0,1,0.0,2,2,4,4,0,0,0,0,3,1,9,8,19.8,0,0,18.0,1,1,1,1,913,478,409,934,259,126,510,899,881,899,239,768,600,196,1010,734,544,1,980,790,632,286,676,145,5,681,,22:04,1
2010-11,2731,Emeka Okafor,Emeka,1610612740,NOH,New Orleans Hornets,0041000155,2011-04-26T00:00:00,NOH @ LAL,L,37.68333333333333,2,3,0.667,0,0,0.0,1,4,0.25,1,4,5,0,3,2,1,1,5,4,5,-7,17.0,0,0,16.0,1,802,802,802,300,828,1138,175,558,904,558,704,304,891,422,391,458,1022,131,95,215,1013,1479,242,958,1234,786,145,5,763,,37:41,1
2010-11,201954,Darren Collison,Darren,1610612754,IND,Indiana Pacers,0041000105,2011-04-26T00:00:00,IND @ CHI,L,29.535,3,7,0.429,1,1,1.0,0,0,0.0,2,1,3,5,2,0,0,2,1,1,7,-21,16.1,0,0,16.0,1,802,802,802,624,626,692,715,259,677,1,899,955,899,239,1016,746,131,261,734,544,1432,286,790,789,1589,818,145,5,763,,29:32,1
2010-11,1897,Metta World Peace,Metta,1610612747,LAL,Los Angeles Lakers,0041000155,2011-04-26T00:00:00,LAL vs. NOH,W,32.583333333333336,4,8,0.5,1,3,0.333,2,2,1.0,1,1,2,2,2,0,0,1,2,2,11,2,14.4,0,0,16.0,1,1,1,1,510,478,606,417,259,345,351,459,543,1,422,1016,936,435,261,734,544,1013,603,541,521,591,887,145,5,763,,32:35,1
2010-11,201579,Roy Hibbert,Roy,1610612754,IND,Indiana Pacers,0041000105,2011-04-26T00:00:00,IND @ CHI,L,22.75,4,7,0.571,0,0,0.0,3,4,0.75,2,3,5,0,4,0,0,2,3,2,11,-19,13.0,0,0,16.0,1,802,802,802,887,478,692,315,558,904,558,337,304,518,239,559,458,1022,63,734,544,1432,980,541,521,1576,959,145,5,763,,22:45,1
2010-11,2045,Hedo Turkoglu,Hedo,1610612753,ORL,Orlando Magic,0041000135,2011-04-26T00:00:00,ORL vs. ATL,W,18.8,4,7,0.571,1,1,1.0,0,0,0.0,0,2,2,3,0,0,0,0,3,0,9,4,15.9,0,0,15.0,1,1,1,1,1040,478,692,315,259,677,1,899,955,899,830,768,936,291,1010,734,544,1,980,1154,632,469,828,145,5,808,,18:48,1
2010-11,201228,C.J. Watson,C.J.,1610612741,CHI,Chicago Bulls,0041000105,2011-04-26T00:00:00,CHI vs. IND,W,18.206666666666667,3,8,0.375,0,3,0.0,0,0,0.0,0,1,1,7,2,0,0,1,1,0,6,1,15.7,0,0,14.0,1,1,1,1,1061,626,606,896,558,345,558,899,955,899,830,1016,1143,57,261,734,544,1013,286,1154,848,654,835,145,5,860,,18:12,1
2010-11,202331,Paul George,Paul,1610612754,IND,Indiana Pacers,0041000105,2011-04-26T00:00:00,IND @ CHI,L,23.016666666666666,2,8,0.25,1,4,0.25,2,2,1.0,1,1,2,0,1,0,2,1,3,2,7,-19,14.4,0,0,14.0,1,802,802,802,876,828,606,1175,259,223,449,459,543,1,422,1016,936,1022,557,734,76,1013,980,541,789,1576,887,145,5,860,,23:01,1
2010-11,2047,Quentin Richardson,Quentin,1610612753,ORL,Orlando Magic,0041000135,2011-04-26T00:00:00,ORL vs. ATL,W,29.2,2,6,0.333,1,4,0.25,2,2,1.0,1,5,6,0,0,0,0,0,2,1,7,21,14.2,0,0,14.0,1,1,1,1,642,828,814,960,259,223,449,459,543,1,422,262,351,1022,1010,734,544,1,603,790,789,27,899,145,5,860,,29:12,1
2010-11,200769,Shannon Brown,Shannon,1610612747,LAL,Los Angeles Lakers,0041000155,2011-04-26T00:00:00,LAL vs. NOH,W,19.366666666666667,2,8,0.25,2,5,0.4,2,2,1.0,1,3,4,0,0,0,0,0,1,2,8,7,12.8,0,0,14.0,1,1,1,1,1012,828,606,1175,104,126,313,459,543,1,422,559,600,1022,1010,734,544,1,286,541,713,326,965,145,5,860,,19:22,1
2010-11,2550,Kirk Hinrich,Kirk,1610612737,ATL,Atlanta Hawks,0041000135,2011-04-26T00:00:00,ATL @ ORL,L,25.861666666666668,3,5,0.6,0,2,0.0,0,0,0.0,0,1,1,3,0,1,0,0,5,1,6,-15,14.7,0,0,12.0,1,802,802,802,762,626,926,266,558,494,558,899,955,899,830,1016,1143,291,1010,278,544,1,1479,790,848,1530,876,145,5,946,,25:52,1
2010-11,2581,Steve Blake,Steve,1610612747,LAL,Los Angeles Lakers,0041000155,2011-04-26T00:00:00,LAL vs. NOH,W,14.836666666666666,1,1,1.0,1,1,1.0,0,0,0.0,0,3,3,3,0,1,0,0,2,1,3,14,14.1,0,0,12.0,1,1,1,1,1198,1078,1386,1,259,677,1,899,955,899,830,559,746,291,1010,278,544,1,603,790,1146,103,906,145,5,946,,14:50,1
2010-11,2399,Mike Dunleavy,Mike,1610612754,IND,Indiana Pacers,0041000105,2011-04-26T00:00:00,IND @ CHI,L,18.856666666666666,1,6,0.167,0,2,0.0,2,2,1.0,0,3,3,1,1,2,0,0,1,1,4,-5,14.1,0,0,12.0,1,802,802,802,1037,1078,814,1290,558,494,558,459,543,1,830,559,746,674,557,95,544,1,286,790,1037,1135,906,145,5,946,,18:51,1
2010-11,201575,Brandon Rush,Brandon,1610612754,IND,Indiana Pacers,0041000105,2011-04-26T00:00:00,IND @ CHI,L,18.031666666666666,3,5,0.6,1,1,1.0,0,0,0.0,0,2,2,0,0,0,1,0,1,0,7,-11,12.4,0,0,12.0,1,802,802,802,1069,626,926,266,259,677,1,899,955,899,830,768,936,1022,1010,734,215,1,286,1154,789,1419,985,145,5,946,,18:02,1
2010-11,2440,Matt Barnes,Matt,1610612747,LAL,Los Angeles Lakers,0041000155,2011-04-26T00:00:00,LAL vs. NOH,W,15.416666666666666,1,4,0.25,0,1,0.0,3,4,0.75,4,0,4,1,2,1,0,1,3,2,5,14,12.3,0,0,12.0,1,1,1,1,1173,1078,1024,1175,558,677,558,337,304,518,75,1317,600,674,261,278,544,1013,980,541,958,103,989,145,5,946,,15:25,1
2010-11,2207,Joe Johnson,Joe,1610612737,ATL,Atlanta Hawks,0041000135,2011-04-26T00:00:00,ATL @ ORL,L,35.42166666666667,2,12,0.167,1,4,0.25,0,0,0.0,1,2,3,1,1,0,1,0,2,2,5,-28,12.1,0,0,12.0,1,802,802,802,383,828,341,1290,259,223,449,899,955,899,422,768,746,674,557,734,215,1,603,541,958,1611,995,145,5,946,,35:25,1
2010-11,2563,Dahntay Jones,Dahntay,1610612754,IND,Indiana Pacers,0041000105,2011-04-26T00:00:00,IND @ CHI,L,11.443333333333333,3,7,0.429,0,1,0.0,4,4,1.0,1,0,1,1,1,0,0,1,1,3,10,0,11.7,0,0,12.0,1,802,802,802,1314,626,692,715,558,677,558,234,304,1,422,1317,1143,674,557,734,544,1013,286,354,568,728,1012,145,5,946,,11:27,1
2010-11,201947,Earl Clark,Earl,1610612753,ORL,Orlando Magic,0041000135,2011-04-26T00:00:00,ORL vs. ATL,W,6.016666666666667,1,3,0.333,0,0,0.0,0,0,0.0,2,2,4,1,0,1,1,0,0,0,2,-6,14.3,0,0,11.0,1,1,1,1,1450,1078,1138,960,558,904,558,899,955,899,239,768,600,674,1010,278,215,1,1,1154,1223,1182,896,145,5,1004,,6:01,1
2010-11,2584,Willie Green,Willie,1610612740,NOH,New Orleans Hornets,0041000155,2011-04-26T00:00:00,NOH @ LAL,L,15.433333333333334,4,7,0.571,0,2,0.0,0,0,0.0,0,1,1,2,1,0,0,0,4,2,8,-1,11.2,0,0,11.0,1,802,802,802,1170,478,692,315,558,494,558,899,955,899,830,1016,1143,435,557,734,544,1,1280,541,713,825,1035,145,5,1004,,15:26,1
2010-11,201985,AJ Price,AJ,1610612754,IND,Indiana Pacers,0041000105,2011-04-26T00:00:00,IND @ CHI,L,13.45,2,6,0.333,1,3,0.333,2,2,1.0,0,0,0,2,1,0,0,0,1,2,7,-6,9.0,0,0,10.0,1,802,802,802,1248,828,814,960,259,345,351,459,543,1,830,1317,1397,435,557,734,544,1,286,541,789,1182,1141,145,5,1052,,13:27,1
2010-11,2037,Jamal Crawford,Jamal,1610612737,ATL,Atlanta Hawks,0041000135,2011-04-26T00:00:00,ATL @ ORL,L,24.866666666666667,2,8,0.25,1,4,0.25,3,3,1.0,0,1,1,0,2,0,0,0,0,2,8,-30,7.2,0,0,10.0,1,802,802,802,807,828,606,1175,259,223,449,337,478,1,830,1016,1143,1022,261,734,544,1,1,541,713,1615,1216,145,5,1052,,24:52,1
2010-11,2430,Carlos Boozer,Carlos,1610612741,CHI,Chicago Bulls,0041000105,2011-04-26T00:00:00,CHI vs. IND,W,15.516666666666667,1,5,0.2,0,0,0.0,0,0,0.0,0,5,5,1,0,0,0,0,4,0,2,4,9.5,0,0,8.0,1,1,1,1,1161,1078,926,1262,558,904,558,899,955,899,830,262,458,674,1010,734,544,1,1280,1154,1223,469,1114,145,5,1150,,15:31,1
2010-11,201189,Aaron Gray,Aaron,1610612740,NOH,New Orleans Hornets,0041000155,2011-04-26T00:00:00,NOH @ LAL,L,13.8,0,0,0.0,0,0,0.0,0,0,0.0,0,6,6,0,1,0,1,0,2,1,0,-2,9.2,0,0,8.0,1,802,802,802,1234,1340,1513,1340,558,904,558,899,955,899,830,187,351,1022,557,734,215,1,603,790,1390,901,1132,145,5,1150,,13:48,1
2010-11,2585,Zaza Pachulia,Zaza,1610612737,ATL,Atlanta Hawks,0041000135,2011-04-26T00:00:00,ATL @ ORL,L,20.016666666666666,1,2,0.5,0,0,0.0,2,2,1.0,0,1,1,2,1,0,0,1,2,2,4,-12,7.2,0,0,7.0,1,802,802,802,991,1078,1267,417,558,904,558,459,543,1,830,1016,1143,435,557,734,544,1013,603,541,1037,1453,1216,145,5,1201,,20:01,1
2010-11,201952,Jeff Teague,Jeff,1610612737,ATL,Atlanta Hawks,0041000135,2011-04-26T00:00:00,ATL @ ORL,L,7.7,1,4,0.25,0,1,0.0,3,4,0.75,0,0,0,2,1,0,0,0,0,2,5,5,7.0,0,0,7.0,1,802,802,802,1406,1078,1024,1175,558,677,558,337,304,518,830,1317,1397,435,557,734,544,1,1,541,958,422,1233,145,5,1201,,7:42,1
2010-11,201600,Omer Asik,Omer,1610612741,CHI,Chicago Bulls,0041000105,2011-04-26T00:00:00,CHI vs. IND,W,14.966666666666667,1,2,0.5,0,0,0.0,0,2,0.0,2,3,5,0,2,0,0,0,1,3,2,-5,6.0,0,0,7.0,1,1,1,1,1191,1078,1267,417,558,904,558,899,543,899,239,559,458,1022,261,734,544,1,286,354,1223,1135,1279,145,5,1201,,14:58,1
2010-11,2768,Chris Duhon,Chris,1610612753,ORL,Orlando Magic,0041000135,2011-04-26T00:00:00,ORL vs. ATL,W,3.9,1,2,0.5,1,2,0.5,2,2,1.0,0,0,0,0,0,0,0,0,0,1,5,0,5.0,0,0,6.0,1,1,1,1,1511,1078,1267,417,259,494,169,459,543,1,830,1317,1397,1022,1010,734,544,1,1,790,958,728,1346,145,5,1256,,3:54,1
2010-11,1902,Jeff Foster,Jeff,1610612754,IND,Indiana Pacers,0041000105,2011-04-26T00:00:00,IND @ CHI,L,19.033333333333335,0,1,0.0,0,0,0.0,0,0,0.0,1,1,2,1,0,0,1,1,3,1,0,0,6.9,0,0,5.0,1,802,802,802,1029,1340,1386,1340,558,904,558,899,955,899,422,1016,936,674,1010,734,215,1013,980,790,1390,728,1241,145,5,1306,,19:02,1
2010-11,2694,Josh Powell,Josh,1610612737,ATL,Atlanta Hawks,0041000135,2011-04-26T00:00:00,ATL @ ORL,L,7.7,1,2,0.5,0,0,0.0,0,0,0.0,1,2,3,0,0,0,0,1,0,0,2,5,5.6,0,0,5.0,1,802,802,802,1406,1078,1267,417,558,904,558,899,955,899,422,768,746,1022,1010,734,544,1013,1,1154,1223,422,1311,145,5,1306,,7:42,1
2010-11,2446,Rasual Butler,Rasual,1610612741,CHI,Chicago Bulls,0041000105,2011-04-26T00:00:00,CHI vs. IND,W,3.5166666666666666,1,1,1.0,1,1,1.0,0,0,0.0,0,1,1,0,0,0,0,0,0,0,3,2,4.2,0,0,5.0,1,1,1,1,1518,1078,1386,1,259,677,1,899,955,899,830,1016,1143,1022,1010,734,544,1,1,1154,1146,591,1369,145,5,1306,,3:31,1
2010-11,200758,Ronnie Brewer,Ronnie,1610612741,CHI,Chicago Bulls,0041000105,2011-04-26T00:00:00,CHI vs. IND,W,11.608333333333333,1,1,1.0,0,0,0.0,0,0,0.0,0,0,0,0,0,0,1,0,0,0,2,0,5.0,0,0,4.0,1,1,1,1,1308,1078,1386,1,558,904,558,899,955,899,830,1317,1397,1022,1010,734,215,1,1,1154,1223,728,1346,145,5,1362,,11:37,1
2010-11,2551,T.J. Ford,T.J.,1610612754,IND,Indiana Pacers,0041000105,2011-04-26T00:00:00,IND @ CHI,L,4.933333333333334,1,1,1.0,0,0,0.0,0,0,0.0,0,1,1,1,1,0,0,0,0,0,2,0,3.7,0,0,4.0,1,802,802,802,1483,1078,1386,1,558,904,558,899,955,899,830,1016,1143,674,557,734,544,1,1,1154,1223,728,1395,145,5,1362,,4:56,1
2010-11,201177,Josh McRoberts,Josh,1610612754,IND,Indiana Pacers,0041000105,2011-04-26T00:00:00,IND @ CHI,L,9.741666666666667,0,1,0.0,0,0,0.0,0,0,0.0,1,1,2,0,2,1,0,0,3,1,0,-8,3.4,0,0,4.0,1,802,802,802,1355,1340,1386,1340,558,904,558,899,955,899,422,1016,936,1022,261,278,544,1,980,790,1390,1306,1407,145,5,1362,,9:45,1
2010-11,201607,Patrick Ewing,Patrick,1610612740,NOH,New Orleans Hornets,0041000155,2011-04-26T00:00:00,NOH @ LAL,L,1.0833333333333333,1,1,1.0,1,1,1.0,0,0,0.0,0,0,0,0,0,0,0,0,0,0,3,0,3.0,0,0,4.0,1,802,802,802,1580,1078,1386,1,259,677,1,899,955,899,830,1317,1397,1022,1010,734,544,1,1,1154,1146,728,1434,145,5,1362,,1:05,1
2010-11,101127,Jarrett Jack,Jarrett,1610612740,NOH,New Orleans Hornets,0041000155,2011-04-26T00:00:00,NOH @ LAL,L,14.273333333333333,0,3,0.0,0,1,0.0,1,2,0.5,0,2,2,1,3,0,0,0,2,1,1,-14,1.9,0,0,4.0,1,802,802,802,1214,1340,1138,1340,558,677,558,704,543,699,830,768,936,674,131,734,544,1,603,790,1367,1512,1487,145,5,1362,,14:16,1
2010-11,200756,Hilton Armstrong,Hilton,1610612737,ATL,Atlanta Hawks,0041000135,2011-04-26T00:00:00,ATL @ ORL,L,7.3,0,0,0.0,0,0,0.0,1,2,0.5,0,2,2,0,0,0,0,0,1,1,1,7,3.4,0,0,3.0,1,802,802,802,1425,1340,1513,1340,558,904,558,704,543,699,830,768,936,1022,1010,734,544,1,286,790,1367,326,1407,145,5,1411,,7:18,1
2010-11,2863,Damien Wilkins,Damien,1610612737,ATL,Atlanta Hawks,0041000135,2011-04-26T00:00:00,ATL @ ORL,L,7.7,1,2,0.5,0,1,0.0,0,0,0.0,0,1,1,0,0,0,0,0,0,0,2,5,3.2,0,0,3.0,1,802,802,802,1406,1078,1267,417,558,677,558,899,955,899,830,1016,1143,1022,1010,734,544,1,1,1154,1223,422,1413,145,5,1411,,7:42,1
2010-11,2215,Jason Collins,Jason,1610612737,ATL,Atlanta Hawks,0041000135,2011-04-26T00:00:00,ATL @ ORL,L,14.066666666666666,0,1,0.0,0,0,0.0,0,2,0.0,0,1,1,1,0,0,0,0,2,1,0,-4,2.7,0,0,2.0,1,802,802,802,1224,1340,1386,1340,558,904,558,899,543,899,830,1016,1143,674,1010,734,544,1,603,790,1390,1048,1455,145,5,1461,,14:04,1
2010-11,2124,Malik Allen,Malik,1610612753,ORL,Orlando Magic,0041000135,2011-04-26T00:00:00,ORL vs. ATL,W,7.3,0,1,0.0,0,0,0.0,1,2,0.5,0,1,1,0,0,0,0,0,2,1,1,-7,2.2,0,0,2.0,1,1,1,1,1425,1340,1386,1340,558,904,558,704,543,699,830,1016,1143,1022,1010,734,544,1,603,790,1367,1234,1472,145,5,1461,,7:18,1
2010-11,201160,Jason Smith,Jason,1610612740,NOH,New Orleans Hornets,0041000155,2011-04-26T00:00:00,NOH @ LAL,L,8.016666666666667,1,2,0.5,0,0,0.0,0,0,0.0,0,0,0,0,0,0,0,0,3,0,2,-15,2.0,0,0,2.0,1,802,802,802,1393,1078,1267,417,558,904,558,899,955,899,830,1317,1397,1022,1010,734,544,1,980,1154,1223,1530,1477,145,5,1461,,8:01,1
2010-11,202347,Quincy Pondexter,Quincy,1610612740,NOH,New Orleans Hornets,0041000155,2011-04-26T00:00:00,NOH @ LAL,L,1.0833333333333333,0,1,0.0,0,1,0.0,0,0,0.0,0,1,1,0,0,0,0,0,0,0,0,0,1.2,0,0,1.0,1,802,802,802,1580,1340,1386,1340,558,677,558,899,955,899,830,1016,1143,1022,1010,734,544,1,1,1154,1390,728,1498,145,5,1499,,1:05,1
2010-11,201142,Kevin Durant,Kevin,1610612760,OKC,Oklahoma City Thunder,0041000174,2011-04-25T00:00:00,OKC @ DEN,L,41.53333333333333,8,18,0.444,5,6,0.833,10,11,0.909,1,4,5,3,3,1,0,1,5,7,31,-1,41.5,0,0,46.0,1,802,802,802,135,132,109,686,7,77,79,36,49,390,422,391,458,291,131,278,544,1013,1479,66,44,825,143,145,5,70,,41:32,1
2010-11,201566,Russell Westbrook,Russell,1610612760,OKC,Oklahoma City Thunder,0041000174,2011-04-25T00:00:00,OKC @ DEN,L,39.2,12,30,0.4,0,7,0.0,6,7,0.857,5,1,6,5,3,1,1,2,5,5,30,4,47.7,0,0,45.0,1,802,802,802,227,19,3,796,558,36,558,118,156,421,41,1016,351,131,131,278,215,1432,1479,160,49,469,75,145,5,81,,39:12,1
2010-11,1717,Dirk Nowitzki,Dirk,1610612742,DAL,Dallas Mavericks,0041000165,2011-04-25T00:00:00,DAL vs. POR,W,37.05166666666667,8,18,0.444,0,1,0.0,9,11,0.818,3,5,8,3,3,2,0,4,1,5,25,4,42.1,0,0,40.0,1,1,1,1,326,132,109,686,558,677,558,51,49,474,133,262,208,291,131,95,544,1596,286,160,90,469,134,145,5,117,,37:03,1
2010-11,201586,Serge Ibaka,Serge,1610612760,OKC,Oklahoma City Thunder,0041000174,2011-04-25T00:00:00,OKC @ DEN,L,36.85333333333333,5,9,0.556,0,0,0.0,3,4,0.75,2,12,14,0,0,0,5,0,2,3,13,-7,44.8,1,0,37.0,1,802,802,802,334,364,532,361,558,904,558,337,304,518,239,13,24,1022,1010,734,3,1,603,354,428,1234,107,1,5,176,,36:51,1
2010-11,2222,Gerald Wallace,Gerald,1610612757,POR,Portland Trail Blazers,0041000165,2011-04-25T00:00:00,POR @ DAL,L,33.915,5,11,0.455,0,2,0.0,6,6,1.0,0,9,9,2,4,2,2,1,4,5,16,-8,37.8,0,0,35.0,1,802,802,802,453,364,409,664,558,494,558,118,191,1,830,52,156,435,63,95,76,1013,1280,160,311,1306,205,145,5,203,,33:55,1
2010-11,201951,Ty Lawson,Ty,1610612743,DEN,Denver Nuggets,0041000174,2011-04-25T00:00:00,DEN vs. OKC,W,36.126666666666665,8,16,0.5,2,4,0.5,9,9,1.0,3,0,3,3,1,0,0,2,4,6,27,0,34.1,0,0,35.0,1,1,1,1,357,132,159,417,104,223,169,51,91,1,133,1317,746,291,557,734,544,1432,1280,104,72,728,308,145,5,203,,36:08,1
2010-11,2199,Tyson Chandler,Tyson,1610612742,DAL,Dallas Mavericks,0041000165,2011-04-25T00:00:00,DAL vs. POR,W,34.835,3,4,0.75,0,0,0.0,8,12,0.667,13,7,20,0,2,0,0,0,4,8,14,11,36.0,1,0,34.0,1,1,1,1,409,626,1024,122,558,904,558,73,29,619,1,126,3,1022,261,734,544,1,1280,36,391,190,252,1,5,226,,34:50,1
2010-11,1890,Shawn Marion,Shawn,1610612742,DAL,Dallas Mavericks,0041000165,2011-04-25T00:00:00,DAL vs. POR,W,31.816666666666666,6,14,0.429,0,0,0.0,2,2,1.0,2,2,4,3,1,4,2,1,2,1,14,13,40.3,0,0,33.0,1,1,1,1,542,264,229,715,558,904,558,459,543,1,239,768,600,291,557,5,76,1013,603,790,391,129,163,145,5,259,,31:49,1
2010-11,201568,Danilo Gallinari,Danilo,1610612743,DEN,Denver Nuggets,0041000174,2011-04-25T00:00:00,DEN vs. OKC,W,33.8,6,13,0.462,3,4,0.75,3,5,0.6,0,6,6,4,1,1,0,1,2,2,18,8,33.2,0,0,33.0,1,1,1,1,458,264,283,648,44,223,85,337,256,677,830,187,351,196,557,278,544,1013,603,541,244,286,326,145,5,259,,33:48,1
2010-11,200746,LaMarcus Aldridge,LaMarcus,1610612757,POR,Portland Trail Blazers,0041000165,2011-04-25T00:00:00,POR @ DAL,L,40.843333333333334,6,15,0.4,0,0,0.0,0,0,0.0,4,5,9,2,1,2,2,0,2,2,12,-21,36.8,0,0,31.0,1,802,802,802,158,264,192,796,558,904,558,899,955,899,75,262,156,435,557,95,76,1,603,541,472,1589,227,145,5,313,,40:51,1
2010-11,2225,Tony Parker,Tony,1610612759,SAS,San Antonio Spurs,0041000144,2011-04-25T00:00:00,SAS @ MEM,L,32.166666666666664,9,12,0.75,1,2,0.5,4,4,1.0,0,3,3,1,7,1,0,1,0,4,23,-9,24.1,0,0,30.0,1,802,802,802,531,86,341,122,259,494,169,234,304,1,830,559,746,674,6,278,544,1013,1,242,129,1349,556,145,5,338,,32:10,1
2010-11,201935,James Harden,James,1610612760,OKC,Oklahoma City Thunder,0041000174,2011-04-25T00:00:00,OKC @ DEN,L,31.383333333333333,2,5,0.4,1,3,0.333,2,2,1.0,1,7,8,5,3,1,2,0,4,2,7,1,30.1,0,0,27.0,1,802,802,802,554,828,926,796,259,345,351,459,543,1,422,126,208,131,131,278,76,1,1280,541,789,654,392,145,5,405,,31:23,1
2010-11,2216,Zach Randolph,Zach,1610612763,MEM,Memphis Grizzlies,0041000144,2011-04-25T00:00:00,MEM vs. SAS,W,31.283333333333335,3,7,0.429,0,1,0.0,5,5,1.0,1,8,9,3,3,2,0,1,4,4,11,12,29.3,0,0,27.0,1,1,1,1,555,626,692,715,558,677,558,171,256,1,422,78,156,291,131,95,544,1013,1280,242,521,163,413,145,5,405,,31:17,1
2010-11,1889,Andre Miller,Andre,1610612757,POR,Portland Trail Blazers,0041000165,2011-04-25T00:00:00,POR @ DAL,L,32.31333333333333,8,14,0.571,1,1,1.0,1,2,0.5,1,0,1,7,2,0,0,1,2,2,18,-11,27.7,0,0,27.0,1,802,802,802,526,132,229,315,259,677,1,704,543,699,422,1317,1143,57,261,734,544,1013,603,541,244,1419,450,145,5,405,,32:19,1
2010-11,201587,Nicolas Batum,Nicolas,1610612757,POR,Portland Trail Blazers,0041000165,2011-04-25T00:00:00,POR @ DAL,L,30.783333333333335,5,12,0.417,2,7,0.286,0,0,0.0,1,3,4,0,1,2,2,1,2,1,12,-7,27.8,0,0,26.0,1,802,802,802,578,364,341,775,104,36,435,899,955,899,422,559,600,1022,557,95,76,1013,603,790,472,1234,447,145,5,438,,30:47,1
2010-11,1938,Manu Ginobili,Manu,1610612759,SAS,San Antonio Spurs,0041000144,2011-04-25T00:00:00,SAS @ MEM,L,29.466666666666665,5,13,0.385,2,6,0.333,2,2,1.0,0,2,2,4,2,2,0,0,1,3,14,-6,26.4,0,0,26.0,1,802,802,802,628,364,283,879,104,77,351,459,543,1,830,768,936,196,261,95,544,1,286,354,391,1182,480,145,5,438,,29:28,1
2010-11,1891,Jason Terry,Jason,1610612742,DAL,Dallas Mavericks,0041000165,2011-04-25T00:00:00,DAL vs. POR,W,33.315,8,18,0.444,1,5,0.2,3,3,1.0,0,2,2,1,2,1,0,0,2,2,20,8,24.9,0,0,26.0,1,1,1,1,476,132,109,686,259,126,510,337,478,1,830,768,936,674,261,278,544,1,603,541,198,286,525,145,5,438,,33:19,1
2010-11,467,Jason Kidd,Jason,1610612742,DAL,Dallas Mavericks,0041000165,2011-04-25T00:00:00,DAL vs. POR,W,36.39833333333333,1,7,0.143,0,5,0.0,2,2,1.0,1,6,7,14,2,0,0,0,4,2,4,18,31.4,0,0,25.0,1,1,1,1,344,1078,692,1315,558,126,558,459,543,1,422,187,276,3,261,734,544,1,1280,541,1037,42,354,145,5,465,,36:24,1
2010-11,201188,Marc Gasol,Marc,1610612763,MEM,Memphis Grizzlies,0041000144,2011-04-25T00:00:00,MEM vs. SAS,W,35.35666666666667,3,5,0.6,0,0,0.0,3,4,0.75,5,4,9,3,1,0,2,0,1,4,9,13,29.3,0,0,25.0,1,1,1,1,389,626,926,266,558,904,558,337,304,518,41,391,156,291,557,734,76,1,286,242,632,129,413,145,5,465,,35:21,1
2010-11,2403,Nene,ene,1610612743,DEN,Denver Nuggets,0041000174,2011-04-25T00:00:00,DEN vs. OKC,W,30.1,3,8,0.375,0,0,0.0,4,9,0.444,4,5,9,2,1,1,1,2,5,5,10,-8,28.8,0,0,25.0,1,1,1,1,606,626,606,896,558,904,558,234,91,869,75,262,156,435,557,278,215,1432,1479,160,568,1306,423,145,5,465,,30:06,1
2010-11,201144,Mike Conley,Mike,1610612763,MEM,Memphis Grizzlies,0041000144,2011-04-25T00:00:00,MEM vs. SAS,W,36.94,6,15,0.4,1,2,0.5,2,2,1.0,0,2,2,7,1,0,0,1,3,1,15,4,26.9,0,0,25.0,1,1,1,1,331,264,192,796,259,494,169,459,543,1,830,768,936,57,557,734,544,1013,980,790,346,469,469,145,5,465,,36:56,1
2010-11,2030,Kenyon Martin,Kenyon,1610612743,DEN,Denver Nuggets,0041000174,2011-04-25T00:00:00,DEN vs. OKC,W,27.048333333333332,6,8,0.75,0,0,0.0,1,2,0.5,1,8,9,0,1,0,1,0,5,1,13,0,25.8,0,0,24.0,1,1,1,1,706,264,606,122,558,904,558,704,543,699,422,78,156,1022,557,734,215,1,1479,790,428,728,506,145,5,495,,27:03,1
2010-11,2754,Tony Allen,Tony,1610612763,MEM,Memphis Grizzlies,0041000144,2011-04-25T00:00:00,MEM vs. SAS,W,27.013333333333332,5,10,0.5,0,1,0.0,2,2,1.0,1,2,3,2,0,3,0,0,2,2,12,12,27.6,0,0,23.0,1,1,1,1,709,364,464,417,558,677,558,459,543,1,422,768,746,435,1010,34,544,1,603,541,472,163,452,145,5,531,,27:01,1
2010-11,2747,JR Smith,JR,1610612743,DEN,Denver Nuggets,0041000174,2011-04-25T00:00:00,DEN vs. OKC,W,23.5,5,11,0.455,3,5,0.6,2,2,1.0,1,1,2,0,1,0,0,1,2,2,15,4,16.4,0,0,20.0,1,1,1,1,858,364,409,664,44,126,141,459,543,1,422,1016,936,1022,557,734,544,1013,603,541,346,469,805,145,5,614,,23:30,1
2010-11,201589,Darrell Arthur,Darrell,1610612763,MEM,Memphis Grizzlies,0041000144,2011-04-25T00:00:00,MEM vs. SAS,W,17.116666666666667,7,10,0.7,0,0,0.0,0,0,0.0,1,1,2,1,0,0,1,0,0,1,14,13,20.9,0,0,19.0,1,1,1,1,1099,197,464,163,558,904,558,899,955,899,422,1016,936,674,1010,734,215,1,1,790,391,129,645,145,5,650,,17:07,1
2010-11,2203,Shane Battier,Shane,1610612763,MEM,Memphis Grizzlies,0041000144,2011-04-25T00:00:00,MEM vs. SAS,W,24.916666666666668,3,5,0.6,1,3,0.333,2,2,1.0,0,4,4,1,1,2,0,0,1,1,9,16,20.3,0,0,19.0,1,1,1,1,802,626,926,266,259,345,351,459,543,1,830,391,600,674,557,95,544,1,286,790,632,69,661,145,5,650,,24:55,1
2010-11,201168,Tiago Splitter,Tiago,1610612759,SAS,San Antonio Spurs,0041000144,2011-04-25T00:00:00,SAS @ MEM,L,21.536666666666665,5,9,0.556,0,0,0.0,0,1,0.0,6,3,9,0,1,0,0,0,2,6,10,-14,19.8,0,0,19.0,1,802,802,802,943,364,532,361,558,904,558,899,881,899,21,559,156,1022,557,734,544,1,603,104,568,1512,676,145,5,650,,21:32,1
2010-11,201564,O.J. Mayo,O.J.,1610612763,MEM,Memphis Grizzlies,0041000144,2011-04-25T00:00:00,MEM vs. SAS,W,18.60333333333333,4,10,0.4,2,3,0.667,1,2,0.5,0,2,2,1,0,1,0,0,4,1,11,15,17.9,0,0,18.0,1,1,1,1,1045,478,464,796,104,345,102,704,543,699,830,768,936,674,1010,278,544,1,1280,790,521,85,746,145,5,681,,18:36,1
2010-11,1495,Tim Duncan,Tim,1610612759,SAS,San Antonio Spurs,0041000144,2011-04-25T00:00:00,SAS @ MEM,L,29.383333333333333,3,7,0.429,0,0,0.0,0,0,0.0,0,7,7,2,2,0,1,0,2,0,6,-13,18.4,0,0,17.0,1,802,802,802,633,626,692,715,558,904,558,899,955,899,830,126,276,435,261,734,215,1,603,1154,848,1483,723,145,5,719,,29:23,1
2010-11,202390,Gary Neal,Gary,1610612759,SAS,San Antonio Spurs,0041000144,2011-04-25T00:00:00,SAS @ MEM,L,18.616666666666667,3,6,0.5,1,2,0.5,4,4,1.0,0,2,2,2,0,0,0,0,0,2,11,-8,16.4,0,0,16.0,1,802,802,802,1043,626,814,417,259,494,169,234,304,1,830,768,936,435,1010,734,544,1,1,541,521,1306,805,145,5,763,,18:37,1
2010-11,101109,Raymond Felton,Raymond,1610612743,DEN,Denver Nuggets,0041000174,2011-04-25T00:00:00,DEN vs. OKC,W,25.55,2,10,0.2,1,3,0.333,6,9,0.667,0,1,1,3,1,0,0,0,0,6,11,1,15.7,0,0,16.0,1,1,1,1,774,828,464,1262,259,345,351,118,91,619,830,1016,1143,291,557,734,544,1,1,104,521,654,835,145,5,763,,25:33,1
2010-11,201588,George Hill,George,1610612759,SAS,San Antonio Spurs,0041000144,2011-04-25T00:00:00,SAS @ MEM,L,29.083333333333332,4,7,0.571,1,3,0.333,1,2,0.5,0,1,1,2,2,1,0,0,2,1,10,-26,15.2,0,0,16.0,1,802,802,802,647,478,692,315,259,345,351,704,543,699,830,1016,1143,435,261,278,544,1,603,790,568,1608,854,145,5,763,,29:05,1
2010-11,2365,Chris Andersen,Chris,1610612743,DEN,Denver Nuggets,0041000174,2011-04-25T00:00:00,DEN vs. OKC,W,17.525,0,2,0.0,0,0,0.0,1,2,0.5,2,4,6,2,0,1,2,1,1,2,1,11,20.2,0,0,15.0,1,1,1,1,1087,1340,1267,1340,558,904,558,704,543,699,239,391,351,435,1010,278,76,1013,286,541,1367,190,665,145,5,808,,17:32,1
2010-11,202349,Greivis Vasquez,Greivis,1610612763,MEM,Memphis Grizzlies,0041000144,2011-04-25T00:00:00,MEM vs. SAS,W,12.61,4,4,1.0,1,1,1.0,0,0,0.0,0,2,2,3,2,0,0,0,0,0,9,14,13.9,0,0,15.0,1,1,1,1,1281,478,1024,1,259,677,1,899,955,899,830,768,936,291,261,734,544,1,1,1154,632,103,918,145,5,808,,12:37,1
2010-11,948,Marcus Camby,Marcus,1610612757,POR,Portland Trail Blazers,0041000165,2011-04-25T00:00:00,POR @ DAL,L,20.286666666666665,2,4,0.5,0,0,0.0,0,0,0.0,3,5,8,0,1,0,1,0,4,0,4,2,15.6,0,0,14.0,1,802,802,802,985,828,1024,417,558,904,558,899,955,899,133,262,208,1022,557,734,215,1,1280,1154,1037,591,842,145,5,860,,20:17,1
2010-11,200757,Thabo Sefolosha,Thabo,1610612760,OKC,Oklahoma City Thunder,0041000174,2011-04-25T00:00:00,OKC @ DEN,L,21.036666666666665,2,4,0.5,1,2,0.5,0,0,0.0,0,4,4,3,1,0,0,0,1,0,5,-6,13.3,0,0,13.0,1,802,802,802,963,828,1024,417,259,494,169,899,955,899,830,391,600,291,557,734,544,1,286,1154,958,1182,943,145,5,903,,21:02,1
2010-11,2217,Brendan Haywood,Brendan,1610612742,DAL,Dallas Mavericks,0041000165,2011-04-25T00:00:00,DAL vs. POR,W,12.863333333333333,1,1,1.0,0,0,0.0,1,3,0.333,1,4,5,0,0,0,2,0,2,3,3,0,15.0,0,0,12.0,1,1,1,1,1268,1078,1386,1,558,904,558,704,478,877,422,391,458,1022,1010,734,76,1,603,354,1146,728,863,145,5,946,,12:52,1
2010-11,2555,Nick Collison,Nick,1610612760,OKC,Oklahoma City Thunder,0041000174,2011-04-25T00:00:00,OKC @ DEN,L,14.83,3,5,0.6,0,0,0.0,1,1,1.0,2,1,3,0,0,0,1,0,2,1,7,0,13.6,0,0,12.0,1,802,802,802,1200,626,926,266,558,904,558,704,881,1,239,1016,746,1022,1010,734,215,1,603,790,789,728,928,145,5,946,,14:50,1
2010-11,201167,Arron Afflalo,Arron,1610612743,DEN,Denver Nuggets,0041000174,2011-04-25T00:00:00,DEN vs. OKC,W,21.815,2,7,0.286,0,1,0.0,2,2,1.0,0,3,3,3,1,0,0,2,1,1,6,-2,13.1,0,0,12.0,1,1,1,1,933,828,692,1127,558,677,558,459,543,1,830,559,746,291,557,734,544,1432,286,790,848,901,953,145,5,946,,21:49,1
2010-11,978,Peja Stojakovic,Peja,1610612742,DAL,Dallas Mavericks,0041000165,2011-04-25T00:00:00,DAL vs. POR,W,24.733333333333334,3,7,0.429,2,4,0.5,1,2,0.5,0,1,1,0,0,0,0,0,2,1,9,7,10.2,0,0,12.0,1,1,1,1,812,626,692,715,104,223,169,704,543,699,830,1016,1143,1022,1010,734,544,1,603,790,632,326,1088,145,5,946,,24:44,1
2010-11,1733,Al Harrington,Al,1610612743,DEN,Denver Nuggets,0041000174,2011-04-25T00:00:00,DEN vs. OKC,W,16.1,0,4,0.0,0,1,0.0,3,4,0.75,0,2,2,2,0,2,0,0,1,2,3,0,14.4,0,0,11.0,1,1,1,1,1142,1340,1024,1340,558,677,558,337,304,518,830,768,936,435,1010,95,544,1,286,541,1146,728,887,145,5,1004,,16:06,1
2010-11,201970,Sam Young,Sam,1610612763,MEM,Memphis Grizzlies,0041000144,2011-04-25T00:00:00,MEM vs. SAS,W,20.766666666666666,3,7,0.429,0,1,0.0,2,4,0.5,0,3,3,0,0,0,0,0,0,2,8,-3,11.6,0,0,11.0,1,1,1,1,971,626,692,715,558,677,558,459,304,699,830,559,746,1022,1010,734,544,1,1,541,713,985,1014,145,5,1004,,20:46,1
2010-11,2570,Kendrick Perkins,Kendrick,1610612760,OKC,Oklahoma City Thunder,0041000174,2011-04-25T00:00:00,OKC @ DEN,L,26.966666666666665,1,3,0.333,0,0,0.0,1,4,0.25,1,5,6,0,2,1,0,0,3,3,3,-3,11.2,0,0,11.0,1,802,802,802,711,1078,1138,960,558,904,558,704,304,891,422,262,351,1022,261,278,544,1,980,354,1146,985,1035,145,5,1004,,26:58,1
2010-11,2210,Richard Jefferson,Richard,1610612759,SAS,San Antonio Spurs,0041000144,2011-04-25T00:00:00,SAS @ MEM,L,26.783333333333335,0,4,0.0,0,1,0.0,0,0,0.0,0,4,4,2,0,1,1,0,3,1,0,-12,13.8,0,0,10.0,1,802,802,802,721,1340,1024,1340,558,677,558,899,955,899,830,391,600,435,1010,278,215,1,980,790,1390,1453,922,145,5,1052,,26:47,1
2010-11,200750,Brandon Roy,Brandon,1610612757,POR,Portland Trail Blazers,0041000165,2011-04-25T00:00:00,POR @ DAL,L,26.15,2,7,0.286,0,2,0.0,1,2,0.5,0,3,3,2,1,0,0,1,4,3,5,-18,10.6,0,0,10.0,1,802,802,802,750,828,692,1127,558,494,558,704,543,699,830,559,746,435,557,734,544,1013,1280,354,958,1569,1068,145,5,1052,,26:09,1
2010-11,201980,Danny Green,Danny,1610612759,SAS,San Antonio Spurs,0041000144,2011-04-25T00:00:00,SAS @ MEM,L,5.716666666666667,1,4,0.25,0,2,0.0,0,0,0.0,0,1,1,2,1,1,1,0,0,0,2,2,11.2,0,0,9.0,1,802,802,802,1462,1078,1024,1175,558,494,558,899,955,899,830,1016,1143,435,557,278,215,1,1,1154,1223,591,1035,145,5,1102,,5:43,1
2010-11,200826,J.J. Barea,J.J.,1610612742,DAL,Dallas Mavericks,0041000165,2011-04-25T00:00:00,DAL vs. POR,W,14.8,2,6,0.333,0,0,0.0,0,0,0.0,0,2,2,1,1,1,0,1,1,1,4,-7,9.9,0,0,9.0,1,1,1,1,1201,828,814,960,558,904,558,899,955,899,830,768,936,674,557,278,544,1013,286,790,1037,1234,1104,145,5,1102,,14:48,1
2010-11,686,Antonio McDyess,Antonio,1610612759,SAS,San Antonio Spurs,0041000144,2011-04-25T00:00:00,SAS @ MEM,L,19.35,2,5,0.4,0,0,0.0,0,1,0.0,1,3,4,1,1,0,0,1,3,2,4,-5,9.3,0,0,9.0,1,802,802,802,1014,828,926,796,558,904,558,899,881,899,422,559,600,674,557,734,544,1013,980,541,1037,1135,1131,145,5,1102,,19:21,1
2010-11,202083,Wesley Matthews,Wesley,1610612757,POR,Portland Trail Blazers,0041000165,2011-04-25T00:00:00,POR @ DAL,L,36.39833333333333,3,7,0.429,0,2,0.0,2,4,0.5,0,0,0,0,1,0,0,0,4,4,8,-7,7.0,0,0,8.0,1,802,802,802,344,626,692,715,558,494,558,459,304,699,830,1317,1397,1022,557,734,544,1,1280,242,713,1234,1233,145,5,1150,,36:24,1
2010-11,201953,Eric Maynor,Eric,1610612760,OKC,Oklahoma City Thunder,0041000174,2011-04-25T00:00:00,OKC @ DEN,L,8.8,2,3,0.667,0,0,0.0,1,2,0.5,0,1,1,1,0,0,0,1,1,1,5,-7,7.7,0,0,7.0,1,802,802,802,1373,828,1138,175,558,904,558,704,543,699,830,1016,1143,674,1010,734,544,1013,286,790,958,1234,1198,145,5,1201,,8:48,1
2010-11,201164,Rudy Fernandez,Rudy,1610612757,POR,Portland Trail Blazers,0041000165,2011-04-25T00:00:00,POR @ DAL,L,11.58,1,4,0.25,1,2,0.5,2,3,0.667,0,1,1,0,1,0,0,0,1,1,5,1,5.2,0,0,7.0,1,802,802,802,1309,1078,1024,1175,259,494,169,459,478,619,830,1016,1143,1022,557,734,544,1,286,790,958,654,1332,145,5,1201,,11:35,1
2010-11,202397,Ish Smith,Ish,1610612763,MEM,Memphis Grizzlies,0041000144,2011-04-25T00:00:00,MEM vs. SAS,W,3.15,2,2,1.0,0,0,0.0,0,0,0.0,0,1,1,1,0,0,0,0,1,0,4,-4,6.7,0,0,6.0,1,1,1,1,1531,828,1267,1,558,904,558,899,955,899,830,1016,1143,674,1010,734,544,1,286,1154,1037,1048,1245,145,5,1256,,3:09,1
2010-11,2588,Matt Bonner,Matt,1610612759,SAS,San Antonio Spurs,0041000144,2011-04-25T00:00:00,SAS @ MEM,L,16.463333333333335,2,4,0.5,0,2,0.0,0,0,0.0,1,1,2,0,1,0,0,0,2,0,4,-3,5.4,0,0,6.0,1,802,802,802,1121,828,1024,417,558,494,558,899,955,899,422,1016,936,1022,557,734,544,1,603,1154,1037,985,1323,145,5,1256,,16:28,1
2010-11,201971,DeJuan Blair,DeJuan,1610612759,SAS,San Antonio Spurs,0041000144,2011-04-25T00:00:00,SAS @ MEM,L,5.716666666666667,1,4,0.25,0,0,0.0,0,0,0.0,1,0,1,0,0,0,1,1,1,0,2,2,6.2,0,0,5.0,1,802,802,802,1462,1078,1024,1175,558,904,558,899,955,899,422,1317,1143,1022,1010,734,215,1013,286,1154,1223,591,1265,145,5,1306,,5:43,1
2010-11,201161,Daequan Cook,Daequan,1610612760,OKC,Oklahoma City Thunder,0041000174,2011-04-25T00:00:00,OKC @ DEN,L,11.846666666666666,0,1,0.0,0,1,0.0,0,0,0.0,0,3,3,0,2,1,0,0,2,0,0,2,4.6,0,0,5.0,1,802,802,802,1302,1340,1386,1340,558,677,558,899,955,899,830,559,746,1022,261,278,544,1,603,1154,1390,591,1358,145,5,1306,,11:51,1
2010-11,202419,Chris Johnson,Chris,1610612757,POR,Portland Trail Blazers,0041000165,2011-04-25T00:00:00,POR @ DAL,L,6.236666666666666,0,0,0.0,0,0,0.0,2,2,1.0,0,2,2,0,0,0,0,0,1,1,2,12,4.4,0,0,4.0,1,802,802,802,1445,1340,1513,1340,558,904,558,459,543,1,830,768,936,1022,1010,734,544,1,286,790,1223,163,1363,145,5,1362,,6:14,1
2010-11,200796,Leon Powe,Leon,1610612763,MEM,Memphis Grizzlies,0041000144,2011-04-25T00:00:00,MEM vs. SAS,W,3.15,1,5,0.2,0,0,0.0,0,0,0.0,1,0,1,0,0,0,0,2,0,0,2,-4,3.2,0,0,3.0,1,1,1,1,1531,1078,926,1262,558,904,558,899,955,899,422,1317,1143,1022,1010,734,544,1432,1,1154,1223,1048,1413,145,5,1411,,3:09,1
2010-11,201163,Wilson Chandler,Wilson,1610612743,DEN,Denver Nuggets,0041000174,2011-04-25T00:00:00,DEN vs. OKC,W,8.435,0,4,0.0,0,1,0.0,0,0,0.0,2,1,3,0,1,0,0,0,1,0,0,1,2.6,0,0,3.0,1,1,1,1,1381,1340,1024,1340,558,677,558,899,955,899,239,1016,746,1022,557,734,544,1,286,1154,1390,654,1460,145,5,1411,,8:26,1
2010-11,200779,Steve Novak,Steve,1610612759,SAS,San Antonio Spurs,0041000144,2011-04-25T00:00:00,SAS @ MEM,L,5.716666666666667,0,0,0.0,0,0,0.0,0,0,0.0,0,1,1,0,0,0,0,0,0,0,0,2,1.2,0,0,1.0,1,802,802,802,1462,1340,1513,1340,558,904,558,899,955,899,830,1016,1143,1022,1010,734,544,1,1,1154,1390,591,1498,145,5,1499,,5:43,1
2010-11,201632,Hamed Haddadi,Hamed,1610612763,MEM,Memphis Grizzlies,0041000144,2011-04-25T00:00:00,MEM vs. SAS,W,9.093333333333334,0,1,0.0,0,0,0.0,0,0,0.0,0,1,1,0,0,0,0,0,3,0,0,2,1.2,0,0,1.0,1,1,1,1,1369,1340,1386,1340,558,904,558,899,955,899,830,1016,1143,1022,1010,734,544,1,980,1154,1390,591,1498,145,5,1499,,9:06,1
2010-11,201988,Patty Mills,Patty,1610612757,POR,Portland Trail Blazers,0041000165,2011-04-25T00:00:00,POR @ DAL,L,0.89,0,0,0.0,0,0,0.0,0,0,0.0,0,0,0,0,0,0,0,0,0,0,0,2,0.0,0,0,0.0,1,802,802,802,1597,1340,1513,1340,558,904,558,899,955,899,830,1317,1397,1022,1010,734,544,1,1,1154,1390,591,1534,145,5,1539,,0:53,1
2010-11,2073,Brian Cardinal,Brian,1610612742,DAL,Dallas Mavericks,0041000165,2011-04-25T00:00:00,DAL vs. POR,W,0.625,0,0,0.0,0,0,0.0,0,0,0.0,0,0,0,0,0,0,0,0,0,0,0,0,0.0,0,0,0.0,1,1,1,1,1602,1340,1513,1340,558,904,558,899,955,899,830,1317,1397,1022,1010,734,544,1,1,1154,1390,728,1534,145,5,1539,,0:38,1
2010-11,201147,Corey Brewer,Corey,1610612742,DAL,Dallas Mavericks,0041000165,2011-04-25T00:00:00,DAL vs. POR,W,0.4083333333333333,0,0,0.0,0,0,0.0,0,0,0.0,0,0,0,0,0,0,0,0,0,0,0,0,0.0,0,0,0.0,1,1,1,1,1604,1340,1513,1340,558,904,558,899,955,899,830,1317,1397,1022,1010,734,544,1,1,1154,1390,728,1534,145,5,1539,,0:25,1
2010-11,101133,Ian Mahinmi,Ian,1610612742,DAL,Dallas Mavericks,0041000165,2011-04-25T00:00:00,DAL vs. POR,W,0.3016666666666667,0,0,0.0,0,0,0.0,0,0,0.0,0,0,0,0,0,0,0,0,0,0,0,0,0.0,0,0,0.0,1,1,1,1,1605,1340,1513,1340,558,904,558,899,955,899,830,1317,1397,1022,1010,734,544,1,1,1154,1390,728,1534,145,5,1539,,0:18,1
2010-11,202356,Armon Johnson,Armon,1610612757,POR,Portland Trail Blazers,0041000165,2011-04-25T00:00:00,POR @ DAL,L,0.3016666666666667,0,0,0.0,0,0,0.0,0,0,0.0,0,0,0,0,0,0,0,0,0,0,0,0,0.0,0,0,0.0,1,802,802,802,1605,1340,1513,1340,558,904,558,899,955,899,830,1317,1397,1022,1010,734,544,1,1,1154,1390,728,1534,145,5,1539,,0:18,1
2010-11,2853,Earl Barron,Earl,1610612757,POR,Portland Trail Blazers,0041000165,2011-04-25T00:00:00,POR @ DAL,L,0.3016666666666667,0,0,0.0,0,0,0.0,0,0,0.0,0,0,0,0,0,0,0,0,0,0,0,0,0.0,0,0,0.0,1,802,802,802,1605,1340,1513,1340,558,904,558,899,955,899,830,1317,1397,1022,1010,734,544,1,1,1154,1390,728,1534,145,5,1539,,0:18,1
2010-11,1737,Nazr Mohammed,Nazr,1610612760,OKC,Oklahoma City Thunder,0041000174,2011-04-25T00:00:00,OKC @ DEN,L,7.55,0,1,0.0,0,0,0.0,0,0,0.0,0,0,0,0,1,0,0,0,2,0,0,2,-1.0,0,0,0.0,1,802,802,802,1415,1340,1386,1340,558,904,558,899,955,899,830,1317,1397,1022,557,734,544,1,603,1154,1390,591,1602,145,5,1539,,7:33,1
2010-11,2052,DeShawn Stevenson,DeShawn,1610612742,DAL,Dallas Mavericks,0041000165,2011-04-25T00:00:00,DAL vs. POR,W,12.851666666666667,0,3,0.0,0,2,0.0,0,0,0.0,0,0,0,0,1,0,0,1,1,1,0,1,-1.0,0,0,0.0,1,1,1,1,1269,1340,1138,1340,558,494,558,899,955,899,830,1317,1397,1022,557,734,544,1013,286,790,1390,654,1602,145,5,1539,,12:51,1
2010-11,101108,Chris Paul,Chris,1610612740,NOH,New Orleans Hornets,0041000154,2011-04-24T00:00:00,NOH vs. LAL,W,43.55,7,14,0.5,2,4,0.5,11,11,1.0,2,11,13,15,5,2,0,0,2,9,27,9,66.1,1,1,61.0,1,1,1,1,67,197,229,417,104,223,169,24,49,1,239,20,35,2,24,95,544,1,603,18,72,250,4,1,1,6,,43:33,1
2010-11,2548,Dwyane Wade,Dwyane,1610612748,MIA,Miami Heat,0041000114,2011-04-24T00:00:00,MIA @ PHI,L,39.733333333333334,9,21,0.429,1,3,0.333,3,4,0.75,3,5,8,4,2,3,5,2,2,4,22,-7,59.6,0,0,51.0,1,802,802,802,199,86,52,715,259,345,351,337,304,518,133,262,208,196,261,34,3,1432,603,242,151,1234,19,145,5,36,,39:44,1
2010-11,2730,Dwight Howard,Dwight,1610612753,ORL,Orlando Magic,0041000134,2011-04-24T00:00:00,ORL @ ATL,L,42.24333333333333,9,14,0.643,0,0,0.0,11,16,0.688,3,14,17,0,8,0,2,1,4,14,29,6,47.4,1,0,50.0,1,802,802,802,101,86,229,238,558,904,558,24,11,618,133,2,8,1022,3,734,76,1013,1280,3,55,371,78,1,5,39,,42:15,1
2010-11,2544,LeBron James,LeBron,1610612748,MIA,Miami Heat,0041000114,2011-04-24T00:00:00,MIA @ PHI,L,43.545,11,20,0.55,0,4,0.0,9,11,0.818,2,5,7,6,1,1,1,1,2,8,31,-4,53.4,0,0,48.0,1,802,802,802,68,35,63,375,558,223,558,51,49,474,239,262,276,82,557,278,215,1013,603,36,44,1048,41,145,5,53,,43:33,1
2010-11,2546,Carmelo Anthony,Carmelo,1610612752,NYK,New York Knicks,0041000124,2011-04-24T00:00:00,NYK vs. BOS,L,42.708333333333336,10,24,0.417,2,7,0.286,10,11,0.909,3,6,9,3,2,1,0,3,4,7,32,-10,48.3,0,0,48.0,1,802,802,802,93,54,24,775,104,36,435,36,49,390,133,187,156,291,261,278,544,1558,1280,66,37,1385,70,145,5,53,,42:43,1
2010-11,708,Kevin Garnett,Kevin,1610612738,BOS,Boston Celtics,0041000124,2011-04-24T00:00:00,BOS @ NYK,W,32.83833333333333,10,16,0.625,0,0,0.0,6,6,1.0,4,6,10,1,1,1,2,0,2,5,26,8,47.5,1,0,43.0,1,1,1,1,502,54,159,248,558,904,558,118,191,1,75,187,111,674,557,278,76,1,603,160,81,286,77,1,5,96,,32:50,1
2010-11,2037,Jamal Crawford,Jamal,1610612737,ATL,Atlanta Hawks,0041000134,2011-04-24T00:00:00,ATL vs. ORL,W,32.93333333333333,10,18,0.556,3,6,0.5,2,6,0.333,0,3,3,6,1,0,1,0,1,4,25,5,39.6,0,0,39.0,1,1,1,1,498,54,109,361,44,77,169,459,191,877,830,559,746,82,557,734,215,1,286,242,90,422,171,145,5,133,,32:56,1
2010-11,200765,Rajon Rondo,Rajon,1610612738,BOS,Boston Celtics,0041000124,2011-04-24T00:00:00,BOS @ NYK,W,41.35,8,12,0.667,0,0,0.0,5,11,0.455,0,5,5,12,6,0,0,0,0,7,21,5,39.0,1,0,38.0,1,1,1,1,140,132,341,175,558,904,558,171,49,868,830,262,458,6,14,734,544,1,1,66,170,422,184,1,5,149,,41:21,1
2010-11,2405,Amar'e Stoudemire,Amar'e,1610612752,NYK,New York Knicks,0041000124,2011-04-24T00:00:00,NYK vs. BOS,L,44.4,5,20,0.25,0,0,0.0,9,12,0.75,6,6,12,3,5,0,1,1,5,11,19,-11,35.9,1,0,36.0,1,802,802,802,49,364,63,1175,558,904,558,51,29,518,21,187,49,291,24,734,215,1013,1479,5,225,1419,259,1,5,192,,44:24,1
2010-11,201143,Al Horford,Al,1610612737,ATL,Atlanta Hawks,0041000134,2011-04-24T00:00:00,ATL vs. ORL,W,41.516666666666666,6,15,0.4,0,0,0.0,2,2,1.0,1,11,12,4,1,1,1,1,3,3,14,5,39.4,1,0,34.0,1,1,1,1,136,264,192,796,558,904,558,459,543,1,422,20,49,196,557,278,215,1013,980,354,391,422,178,1,5,226,,41:31,1
2010-11,977,Kobe Bryant,Kobe,1610612747,LAL,Los Angeles Lakers,0041000154,2011-04-24T00:00:00,LAL @ NOH,L,36.07666666666667,5,18,0.278,0,3,0.0,7,9,0.778,1,5,6,8,2,1,0,2,4,6,17,-1,37.2,0,0,33.0,1,802,802,802,360,364,109,1163,558,345,558,94,91,513,422,262,351,36,261,278,544,1432,1280,104,278,825,218,145,5,259,,36:05,1
2010-11,2200,Pau Gasol,Pau,1610612747,LAL,Los Angeles Lakers,0041000154,2011-04-24T00:00:00,LAL @ NOH,L,36.45,6,11,0.545,0,0,0.0,4,7,0.571,2,2,4,4,0,1,3,1,5,4,16,-5,38.8,0,0,32.0,1,802,802,802,341,264,409,378,558,904,558,234,156,690,239,768,600,196,1010,278,27,1013,1479,242,311,1135,191,145,5,286,,36:27,1
2010-11,1882,Elton Brand,Elton,1610612755,PHI,Philadelphia 76ers,0041000114,2011-04-24T00:00:00,PHI vs. MIA,W,35.9,6,11,0.545,0,0,0.0,3,4,0.75,3,8,11,1,2,0,2,0,3,3,15,10,33.7,1,0,31.0,1,1,1,1,367,264,409,378,558,904,558,337,304,518,133,78,69,674,261,734,76,1,980,354,346,214,317,1,5,313,,35:54,1
2010-11,2738,Andre Iguodala,Andre,1610612755,PHI,Philadelphia 76ers,0041000114,2011-04-24T00:00:00,PHI vs. MIA,W,33.05,5,13,0.385,2,4,0.5,4,4,1.0,0,5,5,4,4,2,0,0,5,5,16,0,30.0,0,0,31.0,1,1,1,1,490,364,283,879,104,223,169,234,304,1,830,262,458,196,63,95,544,1,1479,160,311,728,393,145,5,313,,33:03,1
2010-11,2207,Joe Johnson,Joe,1610612737,ATL,Atlanta Hawks,0041000134,2011-04-24T00:00:00,ATL vs. ORL,W,33.28333333333333,6,15,0.4,1,4,0.25,7,8,0.875,4,5,9,1,6,0,0,1,3,6,20,2,26.3,0,0,31.0,1,1,1,1,477,264,192,796,259,223,449,94,117,408,75,262,156,674,14,734,544,1013,980,104,198,591,485,145,5,313,,33:17,1
2010-11,951,Ray Allen,Ray,1610612738,BOS,Boston Celtics,0041000124,2011-04-24T00:00:00,BOS @ NYK,W,41.98,5,13,0.385,2,6,0.333,2,2,1.0,1,4,5,5,0,1,1,0,2,2,14,11,33.5,0,0,30.0,1,1,1,1,117,364,283,879,104,77,351,459,543,1,422,391,458,131,1010,278,215,1,603,541,391,190,320,145,5,338,,41:59,1
2010-11,2240,Gilbert Arenas,Gilbert,1610612753,ORL,Orlando Magic,0041000134,2011-04-24T00:00:00,ORL @ ATL,L,22.15,9,18,0.5,1,3,0.333,1,1,1.0,2,3,5,2,1,0,1,0,4,1,20,3,31.0,0,0,30.0,1,802,802,802,905,86,109,417,259,345,351,704,881,1,239,559,458,435,557,734,215,1,1280,790,198,535,364,145,5,338,,22:09,1
2010-11,2746,Josh Smith,Josh,1610612737,ATL,Atlanta Hawks,0041000134,2011-04-24T00:00:00,ATL vs. ORL,W,38.66166666666667,4,10,0.4,0,2,0.0,1,4,0.25,1,9,10,5,2,0,2,0,5,4,9,-3,32.5,0,0,28.0,1,1,1,1,256,478,464,796,558,494,558,704,304,891,422,52,111,131,261,734,76,1,1479,242,632,985,338,145,5,376,,38:40,1
2010-11,101115,Andrew Bynum,Andrew,1610612747,LAL,Los Angeles Lakers,0041000154,2011-04-24T00:00:00,LAL @ NOH,L,34.655,3,8,0.375,0,0,0.0,5,6,0.833,4,5,9,0,2,1,3,0,4,5,11,3,31.8,0,0,28.0,1,802,802,802,421,626,606,896,558,904,558,171,191,443,75,262,156,1022,261,278,27,1,1280,160,521,535,344,145,5,376,,34:39,1
2010-11,1718,Paul Pierce,Paul,1610612738,BOS,Boston Celtics,0041000124,2011-04-24T00:00:00,BOS @ NYK,W,38.03666666666667,5,18,0.278,1,4,0.25,2,2,1.0,0,5,5,3,1,3,0,2,4,4,13,13,31.5,0,0,28.0,1,1,1,1,280,364,109,1163,259,223,449,459,543,1,830,262,458,291,557,34,544,1432,1280,242,428,129,349,145,5,376,,38:02,1
2010-11,201171,Carl Landry,Carl,1610612740,NOH,New Orleans Hornets,0041000154,2011-04-24T00:00:00,NOH vs. LAL,W,39.00666666666667,6,11,0.545,0,0,0.0,4,4,1.0,4,3,7,3,1,1,0,3,6,4,16,1,30.9,0,0,28.0,1,1,1,1,236,264,409,378,558,904,558,234,304,1,75,559,276,291,557,278,544,1558,1593,242,311,654,365,145,5,376,,39:00,1
2010-11,2550,Kirk Hinrich,Kirk,1610612737,ATL,Atlanta Hawks,0041000134,2011-04-24T00:00:00,ATL vs. ORL,W,41.516666666666666,6,11,0.545,2,3,0.667,0,0,0.0,0,4,4,4,1,2,0,1,2,1,14,-1,29.8,0,0,28.0,1,1,1,1,136,264,409,378,104,345,102,899,955,899,830,391,600,196,557,95,544,1013,603,790,391,825,398,145,5,376,,41:31,1
2010-11,2772,Trevor Ariza,Trevor,1610612740,NOH,New Orleans Hornets,0041000154,2011-04-24T00:00:00,NOH vs. LAL,W,41.88333333333333,8,17,0.471,0,3,0.0,3,4,0.75,0,6,6,3,2,0,0,1,3,2,19,1,28.7,0,0,28.0,1,1,1,1,121,132,140,633,558,345,558,337,304,518,830,187,351,291,261,734,544,1013,980,541,225,654,425,145,5,376,,41:53,1
2010-11,202323,Evan Turner,Evan,1610612755,PHI,Philadelphia 76ers,0041000114,2011-04-24T00:00:00,PHI vs. MIA,W,27.166666666666668,7,13,0.538,1,2,0.5,2,2,1.0,1,5,6,1,0,1,0,4,1,1,17,3,28.7,0,0,27.0,1,1,1,1,704,197,283,394,259,494,169,459,543,1,422,262,351,674,1010,278,544,1596,286,790,278,535,425,145,5,405,,27:10,1
2010-11,1897,Metta World Peace,Metta,1610612747,LAL,Los Angeles Lakers,0041000154,2011-04-24T00:00:00,LAL @ NOH,L,34.88333333333333,7,10,0.7,2,4,0.5,0,2,0.0,1,3,4,0,1,2,0,0,2,2,16,-1,25.8,0,0,26.0,1,802,802,802,405,197,464,163,104,223,169,899,543,899,422,559,600,1022,557,95,544,1,603,541,311,825,506,145,5,438,,34:53,1
2010-11,101150,Lou Williams,Lou,1610612755,PHI,Philadelphia 76ers,0041000114,2011-04-24T00:00:00,PHI vs. MIA,W,30.948333333333334,6,14,0.429,2,6,0.333,3,4,0.75,0,4,4,1,1,1,0,2,1,3,17,-9,25.3,0,0,26.0,1,1,1,1,573,264,229,715,104,77,351,337,304,518,830,391,600,674,557,278,544,1432,286,354,278,1349,518,145,5,438,,30:57,1
2010-11,201596,Mario Chalmers,Mario,1610612748,MIA,Miami Heat,0041000114,2011-04-24T00:00:00,MIA @ PHI,L,31.283333333333335,3,9,0.333,3,9,0.333,0,0,0.0,0,3,3,2,1,4,0,0,5,0,9,13,26.6,0,0,25.0,1,802,802,802,555,626,532,960,44,9,351,899,955,899,830,559,746,435,557,5,544,1,1479,1154,632,129,477,145,5,465,,31:17,1
2010-11,201950,Jrue Holiday,Jrue,1610612755,PHI,Philadelphia 76ers,0041000114,2011-04-24T00:00:00,PHI vs. MIA,W,35.733333333333334,4,11,0.364,2,5,0.4,0,0,0.0,1,3,4,5,4,2,0,1,4,1,10,14,24.3,0,0,25.0,1,1,1,1,372,478,409,934,104,126,313,899,955,899,422,559,600,131,63,95,544,1013,1280,790,568,103,548,145,5,465,,35:44,1
2010-11,1853,Anthony Carter,Anthony,1610612752,NYK,New York Knicks,0041000124,2011-04-24T00:00:00,NYK vs. BOS,L,23.233333333333334,5,7,0.714,1,2,0.5,0,0,0.0,0,5,5,4,2,1,0,0,1,1,11,3,24.0,0,0,23.0,1,802,802,802,866,364,692,152,259,494,169,899,955,899,830,262,458,196,261,278,544,1,286,790,521,535,560,145,5,531,,23:14,1
2010-11,2547,Chris Bosh,Chris,1610612748,MIA,Miami Heat,0041000114,2011-04-24T00:00:00,MIA @ PHI,L,43.07833333333333,5,12,0.417,0,0,0.0,2,2,1.0,0,5,5,1,2,0,2,1,3,1,12,-4,23.5,0,0,22.0,1,802,802,802,80,364,341,775,558,904,558,459,543,1,830,262,458,674,261,734,76,1013,980,790,472,1048,577,145,5,557,,43:05,1
2010-11,2749,Jameer Nelson,Jameer,1610612753,ORL,Orlando Magic,0041000134,2011-04-24T00:00:00,ORL @ ATL,L,38.36666666666667,3,12,0.25,0,4,0.0,0,0,0.0,1,2,3,6,0,2,0,2,1,3,6,-1,24.6,0,0,19.0,1,802,802,802,268,626,341,1175,558,223,558,899,955,899,422,768,746,82,1010,95,544,1432,286,354,848,825,537,145,5,650,,38:22,1
2010-11,201175,Glen Davis,Glen,1610612738,BOS,Boston Celtics,0041000124,2011-04-24T00:00:00,BOS @ NYK,W,27.183333333333334,6,8,0.75,0,0,0.0,2,2,1.0,0,5,5,0,3,0,0,1,4,3,14,5,17.0,0,0,19.0,1,1,1,1,702,264,606,122,558,904,558,459,543,1,830,262,458,1022,131,734,544,1013,1280,354,391,422,786,145,5,650,,27:11,1
2010-11,2731,Emeka Okafor,Emeka,1610612740,NOH,New Orleans Hornets,0041000154,2011-04-24T00:00:00,NOH vs. LAL,W,32.38333333333333,3,7,0.429,0,0,0.0,0,0,0.0,5,1,6,0,2,1,2,1,5,1,6,1,20.2,0,0,18.0,1,1,1,1,521,626,692,715,558,904,558,899,955,899,41,1016,351,1022,261,278,76,1013,1479,790,848,654,665,145,5,681,,32:23,1
2010-11,200761,Shawne Williams,Shawne,1610612752,NYK,New York Knicks,0041000124,2011-04-24T00:00:00,NYK vs. BOS,L,37.43333333333333,2,9,0.222,2,5,0.4,0,0,0.0,1,3,4,2,1,1,1,1,4,0,6,-6,18.8,0,0,18.0,1,802,802,802,308,828,532,1246,104,126,313,899,955,899,422,559,600,435,557,278,215,1013,1280,1154,848,1182,705,145,5,681,,37:26,1
2010-11,101138,Brandon Bass,Brandon,1610612753,ORL,Orlando Magic,0041000134,2011-04-24T00:00:00,ORL @ ATL,L,22.77166666666667,4,6,0.667,0,0,0.0,3,4,0.75,1,0,1,0,1,2,0,0,0,2,11,-17,17.2,0,0,16.0,1,802,802,802,883,478,814,175,558,904,558,337,304,518,422,1317,1143,1022,557,95,544,1,1,541,521,1559,774,145,5,763,,22:46,1
2010-11,2045,Hedo Turkoglu,Hedo,1610612753,ORL,Orlando Magic,0041000134,2011-04-24T00:00:00,ORL @ ATL,L,39.335,2,12,0.167,0,6,0.0,2,4,0.5,0,6,6,2,3,1,0,0,5,4,6,3,16.2,0,0,16.0,1,802,802,802,220,828,341,1290,558,77,558,459,304,699,830,187,351,435,131,278,544,1,1479,242,848,535,814,145,5,763,,39:20,1
2010-11,201150,Spencer Hawes,Spencer,1610612755,PHI,Philadelphia 76ers,0041000114,2011-04-24T00:00:00,PHI vs. MIA,W,25.011666666666667,1,8,0.125,0,0,0.0,2,2,1.0,2,6,8,3,0,0,0,1,3,2,4,18,18.1,0,0,15.0,1,1,1,1,796,1078,606,1325,558,904,558,459,543,1,239,187,208,291,1010,734,544,1013,980,541,1037,42,735,145,5,808,,25:01,1
2010-11,2047,Quentin Richardson,Quentin,1610612753,ORL,Orlando Magic,0041000134,2011-04-24T00:00:00,ORL @ ATL,L,28.633333333333333,3,5,0.6,1,3,0.333,0,0,0.0,0,4,4,1,0,1,0,0,4,1,7,-4,16.3,0,0,15.0,1,802,802,802,661,626,926,266,259,345,351,899,955,899,830,391,600,674,1010,278,544,1,1280,790,789,1048,811,145,5,808,,28:38,1
2010-11,965,Derek Fisher,Derek,1610612747,LAL,Los Angeles Lakers,0041000154,2011-04-24T00:00:00,LAL @ NOH,L,34.348333333333336,4,7,0.571,0,2,0.0,2,2,1.0,0,1,1,2,1,1,0,0,3,1,10,-3,16.2,0,0,15.0,1,802,802,802,435,478,692,315,558,494,558,459,543,1,830,1016,1143,435,557,278,544,1,980,790,568,985,814,145,5,808,,34:21,1
2010-11,2420,Nenad Krstic,Nenad,1610612738,BOS,Boston Celtics,0041000124,2011-04-24T00:00:00,BOS @ NYK,W,7.6033333333333335,2,2,1.0,0,0,0.0,0,0,0.0,2,3,5,1,1,0,2,0,2,2,4,5,16.5,0,0,14.0,1,1,1,1,1413,828,1267,1,558,904,558,899,955,899,239,559,458,674,557,734,76,1,603,541,1037,422,804,145,5,860,,7:36,1
2010-11,201583,Ryan Anderson,Ryan,1610612753,ORL,Orlando Magic,0041000134,2011-04-24T00:00:00,ORL @ ATL,L,24.368333333333332,1,6,0.167,0,4,0.0,2,2,1.0,3,2,5,0,0,2,0,1,2,1,4,2,16.0,0,0,13.0,1,802,802,802,828,1078,814,1290,558,223,558,459,543,1,133,768,458,1022,1010,95,544,1013,603,790,1037,591,825,145,5,903,,24:22,1
2010-11,979,Jermaine O'Neal,Jermaine,1610612738,BOS,Boston Celtics,0041000124,2011-04-24T00:00:00,BOS @ NYK,W,21.666666666666668,1,2,0.5,0,0,0.0,0,0,0.0,0,6,6,1,1,1,1,1,4,1,2,14,15.7,0,0,13.0,1,1,1,1,938,1078,1267,417,558,904,558,899,955,899,830,187,351,674,557,278,215,1013,1280,790,1223,103,835,145,5,903,,21:40,1
2010-11,2592,James Jones,James,1610612748,MIA,Miami Heat,0041000114,2011-04-24T00:00:00,MIA @ PHI,L,19.488333333333333,2,5,0.4,1,3,0.333,0,0,0.0,1,5,6,1,1,0,0,0,1,1,5,-3,12.7,0,0,13.0,1,802,802,802,1007,828,926,796,259,345,351,899,955,899,422,262,351,674,557,734,544,1,286,790,958,985,970,145,5,903,,19:29,1
2010-11,201611,Henry Walker,Henry,1610612752,NYK,New York Knicks,0041000124,2011-04-24T00:00:00,NYK vs. BOS,L,14.908333333333333,2,5,0.4,1,4,0.25,0,0,0.0,1,2,3,2,2,1,0,0,2,0,5,-5,12.6,0,0,13.0,1,802,802,802,1196,828,926,796,259,223,449,899,955,899,422,768,746,435,261,278,544,1,603,1154,958,1135,975,145,5,903,,14:55,1
2010-11,101127,Jarrett Jack,Jarrett,1610612740,NOH,New Orleans Hornets,0041000154,2011-04-24T00:00:00,NOH vs. LAL,W,12.96,1,6,0.167,0,2,0.0,3,4,0.75,0,3,3,2,0,1,0,0,0,3,5,10,14.6,0,0,12.0,1,1,1,1,1266,1078,814,1290,558,494,558,337,304,518,830,559,746,435,1010,278,544,1,1,354,958,214,880,145,5,946,,12:58,1
2010-11,201158,Marco Belinelli,Marco,1610612740,NOH,New Orleans Hornets,0041000154,2011-04-24T00:00:00,NOH vs. LAL,W,32.166666666666664,3,11,0.273,1,4,0.25,0,0,0.0,0,1,1,1,0,1,0,1,3,0,7,-2,12.7,0,0,12.0,1,1,1,1,531,626,409,1167,259,223,449,899,955,899,830,1016,1143,674,1010,278,544,1013,980,1154,789,901,970,145,5,946,,32:10,1
2010-11,201145,Jeff Green,Jeff,1610612738,BOS,Boston Celtics,0041000124,2011-04-24T00:00:00,BOS @ NYK,W,16.75,2,7,0.286,0,1,0.0,1,1,1.0,2,5,7,0,2,0,0,2,3,1,5,-1,11.4,0,0,12.0,1,1,1,1,1110,828,692,1127,558,677,558,704,881,1,239,262,276,1022,261,734,544,1432,980,790,958,825,1023,145,5,946,,16:45,1
2010-11,2581,Steve Blake,Steve,1610612747,LAL,Los Angeles Lakers,0041000154,2011-04-24T00:00:00,LAL @ NOH,L,13.651666666666667,2,3,0.667,2,3,0.667,0,0,0.0,0,2,2,2,0,0,0,0,1,0,6,-2,11.4,0,0,12.0,1,802,802,802,1242,828,1138,175,104,345,102,899,955,899,830,768,936,435,1010,734,544,1,286,1154,848,901,1023,145,5,946,,13:39,1
2010-11,2427,Roger Mason Jr.,Roger,1610612752,NYK,New York Knicks,0041000124,2011-04-24T00:00:00,NYK vs. BOS,L,22.116666666666667,2,6,0.333,2,5,0.4,0,0,0.0,2,1,3,1,1,0,0,0,3,0,6,6,10.1,0,0,12.0,1,802,802,802,910,828,814,960,104,126,313,899,955,899,239,1016,746,674,557,734,544,1,980,1154,848,371,1096,145,5,946,,22:07,1
2010-11,201962,Toney Douglas,Toney,1610612752,NYK,New York Knicks,0041000124,2011-04-24T00:00:00,NYK vs. BOS,L,22.516666666666666,3,11,0.273,0,3,0.0,0,0,0.0,0,3,3,2,0,0,0,0,3,0,6,-14,12.6,0,0,11.0,1,802,802,802,893,626,409,1167,558,345,558,899,955,899,830,559,746,435,1010,734,544,1,980,1154,848,1512,975,145,5,1004,,22:31,1
2010-11,101142,Ronny Turiaf,Ronny,1610612752,NYK,New York Knicks,0041000124,2011-04-24T00:00:00,NYK vs. BOS,L,12.5,1,2,0.5,0,0,0.0,1,3,0.333,0,3,3,0,0,0,2,0,2,3,3,-10,12.6,0,0,10.0,1,802,802,802,1287,1078,1267,417,558,904,558,704,478,877,830,559,746,1022,1010,734,76,1,603,354,1146,1385,975,145,5,1052,,12:30,1
2010-11,201152,Thaddeus Young,Thaddeus,1610612755,PHI,Philadelphia 76ers,0041000114,2011-04-24T00:00:00,PHI vs. MIA,W,19.768333333333334,1,4,0.25,0,0,0.0,0,0,0.0,1,3,4,2,1,1,0,0,1,2,2,-17,11.8,0,0,10.0,1,1,1,1,998,1078,1024,1175,558,904,558,899,955,899,422,559,600,435,557,278,544,1,286,541,1223,1559,1007,145,5,1052,,19:46,1
2010-11,201189,Aaron Gray,Aaron,1610612740,NOH,New Orleans Hornets,0041000154,2011-04-24T00:00:00,NOH vs. LAL,W,15.521666666666667,3,3,1.0,0,0,0.0,1,2,0.5,1,2,3,0,0,0,0,0,3,1,7,-2,10.6,0,0,10.0,1,1,1,1,1160,626,1138,1,558,904,558,704,543,699,422,768,746,1022,1010,734,544,1,980,790,789,901,1068,145,5,1052,,15:31,1
2010-11,201975,Jodie Meeks,Jodie,1610612755,PHI,Philadelphia 76ers,0041000114,2011-04-24T00:00:00,PHI vs. MIA,W,20.438333333333333,2,3,0.667,1,1,1.0,0,0,0.0,1,2,3,1,0,0,0,0,0,0,5,8,10.1,0,0,10.0,1,1,1,1,980,828,1138,175,259,677,1,899,955,899,422,768,746,674,1010,734,544,1,1,1154,958,286,1096,145,5,1052,,20:26,1
2010-11,1885,Lamar Odom,Lamar,1610612747,LAL,Los Angeles Lakers,0041000154,2011-04-24T00:00:00,LAL @ NOH,L,24.895,1,7,0.143,0,3,0.0,4,4,1.0,1,3,4,0,2,0,0,0,0,4,6,-8,8.8,0,0,10.0,1,802,802,802,804,1078,692,1315,558,345,558,234,304,1,422,559,600,1022,261,734,544,1,1,242,848,1306,1153,145,5,1052,,24:54,1
2010-11,201202,Joel Anthony,Joel,1610612748,MIA,Miami Heat,0041000114,2011-04-24T00:00:00,MIA @ PHI,L,33.983333333333334,0,2,0.0,0,0,0.0,2,2,1.0,2,5,7,0,1,0,0,0,0,2,2,18,9.4,0,0,9.0,1,802,802,802,448,1340,1267,1340,558,904,558,459,543,1,239,262,276,1022,557,734,544,1,1,541,1223,42,1120,145,5,1102,,33:59,1
2010-11,1499,Tony Battie,Tony,1610612755,PHI,Philadelphia 76ers,0041000114,2011-04-24T00:00:00,PHI vs. MIA,W,11.983333333333333,0,2,0.0,0,0,0.0,0,0,0.0,0,4,4,0,1,0,2,0,0,0,0,-7,9.8,0,0,8.0,1,1,1,1,1299,1340,1267,1340,558,904,558,899,955,899,830,391,600,1022,557,734,76,1,1,1154,1390,1234,1108,145,5,1150,,11:59,1
2010-11,2753,Delonte West,Delonte,1610612738,BOS,Boston Celtics,0041000124,2011-04-24T00:00:00,BOS @ NYK,W,12.591666666666667,1,3,0.333,0,1,0.0,0,0,0.0,0,5,5,1,0,0,0,0,2,0,2,0,9.5,0,0,8.0,1,1,1,1,1282,1078,1138,960,558,677,558,899,955,899,830,262,458,674,1010,734,544,1,603,1154,1223,728,1114,145,5,1150,,12:36,1
2010-11,200769,Shannon Brown,Shannon,1610612747,LAL,Los Angeles Lakers,0041000154,2011-04-24T00:00:00,LAL @ NOH,L,12.723333333333333,3,6,0.5,0,2,0.0,0,0,0.0,0,2,2,0,1,0,0,0,0,0,6,-6,7.4,0,0,8.0,1,802,802,802,1273,626,814,417,558,494,558,899,955,899,830,768,936,1022,557,734,544,1,1,1154,848,1182,1208,145,5,1150,,12:43,1
2010-11,101107,Marvin Williams,Marvin,1610612737,ATL,Atlanta Hawks,0041000134,2011-04-24T00:00:00,ATL vs. ORL,W,15.43,1,2,0.5,0,0,0.0,0,0,0.0,0,1,1,0,1,2,0,0,1,0,2,10,8.2,0,0,7.0,1,1,1,1,1172,1078,1267,417,558,904,558,899,955,899,830,1016,1143,1022,557,95,544,1,286,1154,1223,214,1180,145,5,1201,,15:26,1
2010-11,2215,Jason Collins,Jason,1610612737,ATL,Atlanta Hawks,0041000134,2011-04-24T00:00:00,ATL vs. ORL,W,17.941666666666666,1,2,0.5,0,0,0.0,0,0,0.0,1,3,4,0,1,0,0,0,5,2,2,-2,5.8,0,0,6.0,1,1,1,1,1072,1078,1267,417,558,904,558,899,955,899,422,559,600,1022,557,734,544,1,1479,541,1223,901,1301,145,5,1256,,17:57,1
2010-11,2584,Willie Green,Willie,1610612740,NOH,New Orleans Hornets,0041000154,2011-04-24T00:00:00,NOH vs. LAL,W,13.44,1,3,0.333,1,1,1.0,1,2,0.5,0,0,0,1,0,0,0,0,1,1,4,-3,5.5,0,0,6.0,1,1,1,1,1249,1078,1138,960,259,677,1,704,543,699,830,1317,1397,674,1010,734,544,1,286,790,1037,985,1318,145,5,1256,,13:26,1
2010-11,202361,Landry Fields,Landry,1610612752,NYK,New York Knicks,0041000124,2011-04-24T00:00:00,NYK vs. BOS,L,14.2,0,3,0.0,0,1,0.0,1,2,0.5,0,0,0,2,0,0,1,0,0,1,1,-12,7.0,0,0,5.0,1,802,802,802,1217,1340,1138,1340,558,677,558,704,543,699,830,1317,1397,435,1010,734,215,1,1,790,1367,1453,1233,145,5,1306,,14:12,1
2010-11,200756,Hilton Armstrong,Hilton,1610612737,ATL,Atlanta Hawks,0041000134,2011-04-24T00:00:00,ATL vs. ORL,W,7.816666666666666,0,0,0.0,0,0,0.0,0,0,0.0,0,0,0,0,0,2,0,0,3,1,0,-3,6.0,0,0,4.0,1,1,1,1,1404,1340,1513,1340,558,904,558,899,955,899,830,1317,1397,1022,1010,95,544,1,980,790,1390,985,1279,145,5,1362,,7:49,1
2010-11,2788,DJ Mbenga,DJ,1610612740,NOH,New Orleans Hornets,0041000154,2011-04-24T00:00:00,NOH vs. LAL,W,5.381666666666667,1,1,1.0,0,0,0.0,0,0,0.0,0,0,0,0,0,0,1,0,0,0,2,4,5.0,0,0,4.0,1,1,1,1,1473,1078,1386,1,558,904,558,899,955,899,830,1317,1397,1022,1010,734,215,1,1,1154,1223,469,1346,145,5,1362,,5:23,1
2010-11,1710,Mike Bibby,Mike,1610612748,MIA,Miami Heat,0041000114,2011-04-24T00:00:00,MIA @ PHI,L,13.6,0,6,0.0,0,4,0.0,0,0,0.0,1,3,4,0,0,0,0,0,1,1,0,-15,4.8,0,0,4.0,1,802,802,802,1244,1340,814,1340,558,223,558,899,955,899,422,559,600,1022,1010,734,544,1,286,790,1390,1530,1355,145,5,1362,,13:36,1
2010-11,2694,Josh Powell,Josh,1610612737,ATL,Atlanta Hawks,0041000134,2011-04-24T00:00:00,ATL vs. ORL,W,10.9,1,2,0.5,0,0,0.0,0,0,0.0,0,1,1,1,1,0,0,0,3,0,2,2,3.7,0,0,4.0,1,1,1,1,1328,1078,1267,417,558,904,558,899,955,899,830,1016,1143,674,557,734,544,1,980,1154,1223,591,1395,145,5,1362,,10:54,1
2010-11,200755,JJ Redick,JJ,1610612753,ORL,Orlando Magic,0041000134,2011-04-24T00:00:00,ORL @ ATL,L,22.131666666666668,0,6,0.0,0,3,0.0,2,2,1.0,0,1,1,0,0,0,0,0,1,0,2,-7,3.2,0,0,3.0,1,802,802,802,908,1340,814,1340,558,345,558,459,543,1,830,1016,1143,1022,1010,734,544,1,286,1154,1223,1234,1413,145,5,1411,,22:08,1
2010-11,980,Zydrunas Ilgauskas,Zydrunas,1610612748,MIA,Miami Heat,0041000114,2011-04-24T00:00:00,MIA @ PHI,L,10.366666666666667,0,3,0.0,0,0,0.0,1,2,0.5,0,1,1,0,0,0,0,0,3,1,1,-18,2.2,0,0,2.0,1,802,802,802,1338,1340,1138,1340,558,904,558,704,543,699,830,1016,1143,1022,1010,734,544,1,980,790,1367,1569,1472,145,5,1461,,10:22,1
2010-11,2407,Jared Jeffries,Jared,1610612752,NYK,New York Knicks,0041000124,2011-04-24T00:00:00,NYK vs. BOS,L,5.983333333333333,0,1,0.0,0,0,0.0,0,0,0.0,0,0,0,0,1,0,1,1,1,0,0,-1,2.0,0,0,2.0,1,802,802,802,1451,1340,1386,1340,558,904,558,899,955,899,830,1317,1397,1022,557,734,215,1013,286,1154,1390,825,1477,145,5,1461,,5:59,1
2010-11,2440,Matt Barnes,Matt,1610612747,LAL,Los Angeles Lakers,0041000154,2011-04-24T00:00:00,LAL @ NOH,L,12.316666666666666,0,2,0.0,0,1,0.0,0,0,0.0,0,0,0,1,0,0,0,0,3,3,0,-2,1.5,0,0,1.0,1,802,802,802,1291,1340,1267,1340,558,677,558,899,955,899,830,1317,1397,674,1010,734,544,1,980,354,1390,901,1489,145,5,1499,,12:19,1
2010-11,201160,Jason Smith,Jason,1610612740,NOH,New Orleans Hornets,0041000154,2011-04-24T00:00:00,NOH vs. LAL,W,3.7066666666666666,0,1,0.0,0,0,0.0,0,0,0.0,0,0,0,0,0,0,0,0,2,1,0,6,0.0,0,0,0.0,1,1,1,1,1515,1340,1386,1340,558,904,558,899,955,899,830,1317,1397,1022,1010,734,544,1,603,790,1390,371,1534,145,5,1539,,3:42,1
2010-11,2067,Eddie House,Eddie,1610612748,MIA,Miami Heat,0041000114,2011-04-24T00:00:00,MIA @ PHI,L,2.816666666666667,0,0,0.0,0,0,0.0,0,0,0.0,0,0,0,0,0,0,0,0,0,0,0,2,0.0,0,0,0.0,1,802,802,802,1544,1340,1513,1340,558,904,558,899,955,899,830,1317,1397,1022,1010,734,544,1,1,1154,1390,591,1534,145,5,1539,,2:49,1
2010-11,436,Juwan Howard,Juwan,1610612748,MIA,Miami Heat,0041000114,2011-04-24T00:00:00,MIA @ PHI,L,2.105,0,0,0.0,0,0,0.0,0,0,0.0,0,0,0,0,0,0,0,0,0,0,0,-2,0.0,0,0,0.0,1,802,802,802,1558,1340,1513,1340,558,904,558,899,955,899,830,1317,1397,1022,1010,734,544,1,1,1154,1390,901,1534,145,5,1539,,2:06,1
2010-11,201142,Kevin Durant,Kevin,1610612760,OKC,Oklahoma City Thunder,0041000173,2011-04-23T00:00:00,OKC @ DEN,W,42.91166666666667,7,22,0.318,3,8,0.375,9,12,0.75,0,4,4,6,2,1,3,0,5,6,26,5,49.8,0,0,47.0,1,1,1,1,86,197,35,1099,44,18,348,51,29,518,830,391,600,82,261,278,27,1,1479,104,81,422,59,145,5,64,,42:55,1
2010-11,201586,Serge Ibaka,Serge,1610612760,OKC,Oklahoma City Thunder,0041000173,2011-04-23T00:00:00,OKC @ DEN,W,39.00833333333333,6,13,0.462,0,0,0.0,10,10,1.0,6,10,16,0,1,0,4,0,5,5,22,5,52.2,1,0,46.0,1,1,1,1,235,264,283,648,558,904,558,36,68,1,21,32,13,1022,557,734,12,1,1479,160,151,422,48,1,5,70,,39:01,1
2010-11,1495,Tim Duncan,Tim,1610612759,SAS,San Antonio Spurs,0041000143,2011-04-23T00:00:00,SAS @ MEM,L,36.31666666666667,5,11,0.455,0,0,0.0,3,6,0.5,1,10,11,6,0,0,5,0,3,3,13,-2,50.2,1,0,40.0,1,802,802,802,349,364,409,664,558,904,558,337,191,699,422,32,69,82,1010,734,3,1,980,354,428,901,56,1,5,117,,36:19,1
2010-11,201565,Derrick Rose,Derrick,1610612741,CHI,Chicago Bulls,0041000104,2011-04-23T00:00:00,CHI @ IND,L,43.455,6,22,0.273,1,9,0.111,2,4,0.5,1,3,4,10,3,4,1,2,0,4,15,-2,46.8,1,0,40.0,1,802,802,802,70,264,35,1167,259,9,555,459,304,699,422,559,600,16,131,5,215,1432,1,242,346,901,84,1,5,117,,43:27,1
2010-11,201566,Russell Westbrook,Russell,1610612760,OKC,Oklahoma City Thunder,0041000173,2011-04-23T00:00:00,OKC @ DEN,W,36.25,6,15,0.4,0,3,0.0,11,13,0.846,2,7,9,8,2,0,0,4,4,8,23,14,43.8,0,0,40.0,1,1,1,1,354,264,192,796,558,345,558,24,21,440,239,126,156,36,261,734,544,1596,1280,36,129,103,115,145,5,117,,36:15,1
2010-11,200746,LaMarcus Aldridge,LaMarcus,1610612757,POR,Portland Trail Blazers,0041000164,2011-04-23T00:00:00,POR vs. DAL,W,46.806666666666665,6,16,0.375,0,0,0.0,6,6,1.0,1,5,6,1,1,4,3,0,3,6,18,4,46.7,0,0,39.0,1,1,1,1,16,264,159,896,558,904,558,118,191,1,422,262,351,674,557,5,27,1,980,104,244,469,85,145,5,133,,46:48,1
2010-11,2430,Carlos Boozer,Carlos,1610612741,CHI,Chicago Bulls,0041000104,2011-04-23T00:00:00,CHI @ IND,L,36.29,6,15,0.4,0,1,0.0,3,3,1.0,4,9,13,4,4,1,2,1,3,2,15,13,41.6,1,0,38.0,1,802,802,802,351,264,192,796,558,677,558,337,478,1,75,52,35,196,63,278,76,1013,980,541,346,129,140,1,5,149,,36:17,1
2010-11,101122,Danny Granger,Danny,1610612754,IND,Indiana Pacers,0041000104,2011-04-23T00:00:00,IND vs. CHI,W,37.595,9,19,0.474,0,4,0.0,6,7,0.857,1,9,10,4,1,0,0,0,0,3,24,-5,41.0,1,0,38.0,1,1,1,1,302,86,88,630,558,223,558,118,156,421,422,52,111,196,557,734,544,1,1,354,105,1135,157,1,5,149,,37:36,1
2010-11,2216,Zach Randolph,Zach,1610612763,MEM,Memphis Grizzlies,0041000143,2011-04-23T00:00:00,MEM vs. SAS,W,40.483333333333334,8,21,0.381,1,1,1.0,8,10,0.8,2,3,5,3,2,2,0,6,3,6,25,-1,39.5,0,0,38.0,1,1,1,1,175,132,52,895,259,677,1,73,68,479,239,559,458,291,261,95,544,1615,980,104,90,825,173,145,5,149,,40:29,1
2010-11,1938,Manu Ginobili,Manu,1610612759,SAS,San Antonio Spurs,0041000143,2011-04-23T00:00:00,SAS @ MEM,L,35.483333333333334,5,12,0.417,1,2,0.5,12,14,0.857,0,3,3,5,3,0,2,0,2,9,23,6,37.1,0,0,36.0,1,802,802,802,379,364,341,775,259,494,169,16,17,421,830,559,746,131,131,734,76,1,603,18,129,371,219,145,5,192,,35:29,1
2010-11,2403,Nene,ene,1610612743,DEN,Denver Nuggets,0041000173,2011-04-23T00:00:00,DEN vs. OKC,L,31.066666666666666,5,10,0.5,0,0,0.0,5,10,0.5,4,6,10,4,1,0,3,3,2,7,15,-4,41.0,1,0,35.0,1,802,802,802,566,364,464,417,558,904,558,171,68,699,75,187,111,196,557,734,27,1558,603,66,346,1048,157,1,5,203,,31:04,1
2010-11,201149,Joakim Noah,Joakim,1610612741,CHI,Chicago Bulls,0041000104,2011-04-23T00:00:00,CHI @ IND,L,32.723333333333336,8,13,0.615,0,0,0.0,5,7,0.714,7,7,14,0,2,0,0,1,5,4,21,-14,35.8,1,0,35.0,1,802,802,802,507,132,283,258,558,904,558,171,156,608,13,126,24,1022,261,734,544,1013,1479,242,170,1512,263,1,5,203,,32:43,1
2010-11,200750,Brandon Roy,Brandon,1610612757,POR,Portland Trail Blazers,0041000164,2011-04-23T00:00:00,POR vs. DAL,W,24.47833333333333,9,13,0.692,2,5,0.4,4,5,0.8,2,2,4,5,2,0,0,1,0,5,24,16,34.3,0,0,35.0,1,1,1,1,822,86,283,168,104,126,313,234,256,479,239,768,600,131,261,734,544,1013,1,160,105,69,301,145,5,203,,24:29,1
2010-11,201144,Mike Conley,Mike,1610612763,MEM,Memphis Grizzlies,0041000143,2011-04-23T00:00:00,MEM vs. SAS,W,40.56166666666667,4,12,0.333,0,2,0.0,6,8,0.75,0,6,6,8,1,3,0,0,3,4,14,-1,41.2,0,0,34.0,1,1,1,1,172,478,341,960,558,494,558,118,117,518,830,187,351,36,557,34,544,1,980,242,391,825,149,145,5,226,,40:34,1
2010-11,201579,Roy Hibbert,Roy,1610612754,IND,Indiana Pacers,0041000104,2011-04-23T00:00:00,IND vs. CHI,W,32.285,6,12,0.5,0,0,0.0,4,5,0.8,4,6,10,1,3,0,3,0,3,7,16,-2,35.5,1,0,33.0,1,1,1,1,528,264,341,417,558,904,558,234,256,479,75,187,111,674,131,734,27,1,980,66,311,901,270,1,5,259,,32:17,1
2010-11,201188,Marc Gasol,Marc,1610612763,MEM,Memphis Grizzlies,0041000143,2011-04-23T00:00:00,MEM vs. SAS,W,40.016666666666666,7,13,0.538,0,0,0.0,3,4,0.75,2,7,9,3,1,0,1,0,4,3,17,8,34.3,0,0,31.0,1,1,1,1,188,197,283,394,558,904,558,337,304,518,239,126,156,291,557,734,215,1,1280,354,278,286,301,145,5,313,,40:01,1
2010-11,2225,Tony Parker,Tony,1610612759,SAS,San Antonio Spurs,0041000143,2011-04-23T00:00:00,SAS @ MEM,L,29.785,5,14,0.357,0,1,0.0,6,8,0.75,1,4,5,5,6,2,0,4,3,5,16,-5,29.5,0,0,30.0,1,802,802,802,613,364,229,948,558,677,558,118,117,518,422,391,458,131,14,95,544,1596,980,160,311,1135,407,145,5,338,,29:47,1
2010-11,2747,JR Smith,JR,1610612743,DEN,Denver Nuggets,0041000173,2011-04-23T00:00:00,DEN vs. OKC,L,14.32,4,12,0.333,4,9,0.444,3,5,0.6,0,6,6,2,1,0,0,0,3,2,15,14,24.2,0,0,27.0,1,802,802,802,1213,478,341,960,18,9,300,337,256,677,830,187,351,435,557,734,544,1,980,541,346,103,551,145,5,405,,14:19,1
2010-11,1717,Dirk Nowitzki,Dirk,1610612742,DAL,Dallas Mavericks,0041000164,2011-04-23T00:00:00,DAL @ POR,L,38.016666666666666,7,17,0.412,2,4,0.5,4,4,1.0,0,2,2,3,4,0,0,2,1,4,20,-8,22.9,0,0,27.0,1,802,802,802,283,197,140,791,104,223,169,234,304,1,830,768,936,291,63,734,544,1432,286,242,198,1306,593,145,5,405,,38:01,1
2010-11,1890,Shawn Marion,Shawn,1610612742,DAL,Dallas Mavericks,0041000164,2011-04-23T00:00:00,DAL @ POR,L,33.013333333333335,6,11,0.545,0,1,0.0,0,0,0.0,1,10,11,2,2,0,0,0,3,2,12,4,26.2,1,0,25.0,1,802,802,802,491,264,409,378,558,677,558,899,955,899,422,32,69,435,261,734,544,1,980,541,472,469,486,1,5,465,,33:01,1
2010-11,2736,Luol Deng,Luol,1610612741,CHI,Chicago Bulls,0041000104,2011-04-23T00:00:00,CHI @ IND,L,45.083333333333336,5,14,0.357,1,5,0.2,5,6,0.833,2,1,3,3,1,1,0,1,3,7,16,-1,26.1,0,0,25.0,1,802,802,802,33,364,229,948,259,126,510,171,191,443,239,1016,746,291,557,278,544,1013,980,66,311,825,494,145,5,465,,45:05,1
2010-11,467,Jason Kidd,Jason,1610612742,DAL,Dallas Mavericks,0041000164,2011-04-23T00:00:00,DAL @ POR,L,28.816666666666666,3,6,0.5,3,5,0.6,0,0,0.0,0,5,5,4,1,2,0,1,4,2,9,2,26.0,0,0,25.0,1,802,802,802,657,626,814,417,44,126,141,899,955,899,830,262,458,196,557,95,544,1013,1280,541,632,591,498,145,5,465,,28:49,1
2010-11,2030,Kenyon Martin,Kenyon,1610612743,DEN,Denver Nuggets,0041000173,2011-04-23T00:00:00,DEN vs. OKC,L,32.25833333333333,5,10,0.5,0,0,0.0,5,8,0.625,2,5,7,1,5,0,1,1,4,5,15,-6,22.9,0,0,25.0,1,802,802,802,529,364,464,417,558,904,558,171,117,666,239,262,276,674,24,734,215,1013,1280,160,346,1182,593,145,5,465,,32:16,1
2010-11,2222,Gerald Wallace,Gerald,1610612757,POR,Portland Trail Blazers,0041000164,2011-04-23T00:00:00,POR vs. DAL,W,40.266666666666666,3,9,0.333,0,3,0.0,4,4,1.0,1,10,11,3,3,0,0,1,1,3,10,6,24.7,1,0,24.0,1,1,1,1,183,626,532,960,558,345,558,234,304,1,422,32,69,291,131,734,544,1013,286,354,568,371,535,1,5,495,,40:16,1
2010-11,2365,Chris Andersen,Chris,1610612743,DEN,Denver Nuggets,0041000173,2011-04-23T00:00:00,DEN vs. OKC,L,16.933333333333334,3,4,0.75,0,0,0.0,7,8,0.875,3,2,5,0,1,1,2,0,2,6,13,1,27.0,0,0,24.0,1,802,802,802,1105,626,1024,122,558,904,558,94,117,408,133,768,458,1022,557,278,76,1,603,104,428,654,466,145,5,495,,16:56,1
2010-11,686,Antonio McDyess,Antonio,1610612759,SAS,San Antonio Spurs,0041000143,2011-04-23T00:00:00,SAS @ MEM,L,28.416666666666668,4,7,0.571,0,0,0.0,0,0,0.0,3,7,10,1,1,1,1,0,5,1,8,5,26.5,0,0,23.0,1,802,802,802,666,478,692,315,558,904,558,899,955,899,133,126,111,674,557,278,215,1,1479,790,713,422,478,145,5,531,,28:25,1
2010-11,201935,James Harden,James,1610612760,OKC,Oklahoma City Thunder,0041000173,2011-04-23T00:00:00,OKC @ DEN,W,31.733333333333334,3,8,0.375,2,4,0.5,2,4,0.5,0,5,5,2,1,2,0,1,4,3,10,11,24.0,0,0,23.0,1,1,1,1,545,626,606,896,104,223,169,459,304,699,830,262,458,435,557,95,544,1013,1280,354,568,190,560,145,5,531,,31:44,1
2010-11,202331,Paul George,Paul,1610612754,IND,Indiana Pacers,0041000104,2011-04-23T00:00:00,IND vs. CHI,W,22.006666666666668,4,7,0.571,1,3,0.333,0,0,0.0,0,5,5,1,1,2,0,1,1,0,9,10,21.5,0,0,20.0,1,1,1,1,917,478,692,315,259,345,351,899,955,899,830,262,458,674,557,95,544,1013,286,1154,632,214,629,145,5,614,,22:00,1
2010-11,201588,George Hill,George,1610612759,SAS,San Antonio Spurs,0041000143,2011-04-23T00:00:00,SAS @ MEM,L,26.93166666666667,5,10,0.5,1,4,0.25,0,0,0.0,1,4,5,1,2,0,1,0,1,1,11,-2,19.5,0,0,20.0,1,802,802,802,715,364,464,417,259,223,449,899,955,899,422,391,458,674,261,734,215,1,286,790,521,901,683,145,5,614,,26:56,1
2010-11,1889,Andre Miller,Andre,1610612757,POR,Portland Trail Blazers,0041000164,2011-04-23T00:00:00,POR vs. DAL,W,30.448333333333334,5,10,0.5,0,1,0.0,4,4,1.0,0,3,3,1,3,1,0,0,0,2,14,-5,19.1,0,0,20.0,1,1,1,1,594,364,464,417,558,677,558,234,304,1,830,559,746,674,131,278,544,1,1,541,391,1135,695,145,5,614,,30:27,1
2010-11,1891,Jason Terry,Jason,1610612742,DAL,Dallas Mavericks,0041000164,2011-04-23T00:00:00,DAL @ POR,L,31.833333333333332,5,16,0.313,1,5,0.2,2,2,1.0,0,3,3,3,2,0,0,1,2,2,13,-15,19.1,0,0,20.0,1,802,802,802,541,364,159,1104,259,126,510,459,543,1,830,559,746,291,261,734,544,1013,603,541,428,1530,695,145,5,614,,31:50,1
2010-11,201589,Darrell Arthur,Darrell,1610612763,MEM,Memphis Grizzlies,0041000143,2011-04-23T00:00:00,MEM vs. SAS,W,15.5,4,7,0.571,0,0,0.0,1,1,1.0,3,3,6,0,1,0,2,1,2,1,9,-1,21.2,0,0,19.0,1,1,1,1,1163,478,692,315,558,904,558,704,881,1,133,559,351,1022,557,734,76,1013,603,790,632,825,636,145,5,650,,15:30,1
2010-11,201167,Arron Afflalo,Arron,1610612743,DEN,Denver Nuggets,0041000173,2011-04-23T00:00:00,DEN vs. OKC,L,32.486666666666665,4,12,0.333,2,6,0.333,3,4,0.75,0,2,2,1,0,0,0,1,4,1,13,-12,16.9,0,0,18.0,1,802,802,802,516,478,341,960,104,77,351,337,304,518,830,768,936,674,1010,734,544,1013,1280,790,428,1453,791,145,5,681,,32:29,1
2010-11,201564,O.J. Mayo,O.J.,1610612763,MEM,Memphis Grizzlies,0041000143,2011-04-23T00:00:00,MEM vs. SAS,W,28.616666666666667,3,8,0.375,2,4,0.5,2,2,1.0,0,3,3,3,3,0,0,1,3,1,10,8,15.1,0,0,18.0,1,1,1,1,663,626,606,896,104,223,169,459,543,1,830,559,746,291,131,734,544,1013,980,790,568,286,859,145,5,681,,28:37,1
2010-11,202083,Wesley Matthews,Wesley,1610612757,POR,Portland Trail Blazers,0041000164,2011-04-23T00:00:00,POR vs. DAL,W,36.3,4,10,0.4,1,3,0.333,2,2,1.0,1,0,1,2,0,1,0,0,3,2,11,-3,18.2,0,0,17.0,1,1,1,1,350,478,464,796,259,345,351,459,543,1,422,1317,1143,435,1010,278,544,1,980,541,521,985,730,145,5,719,,36:18,1
2010-11,101109,Raymond Felton,Raymond,1610612743,DEN,Denver Nuggets,0041000173,2011-04-23T00:00:00,DEN vs. OKC,L,31.063333333333333,3,9,0.333,0,2,0.0,0,2,0.0,0,4,4,4,2,1,0,0,2,3,6,-6,17.8,0,0,16.0,1,802,802,802,567,626,532,960,558,494,558,899,543,899,830,391,600,196,261,278,544,1,603,354,848,1182,750,145,5,763,,31:04,1
2010-11,201587,Nicolas Batum,Nicolas,1610612757,POR,Portland Trail Blazers,0041000164,2011-04-23T00:00:00,POR vs. DAL,W,24.668333333333333,2,5,0.4,1,4,0.25,0,0,0.0,0,3,3,0,1,1,2,0,4,2,5,-1,16.6,0,0,15.0,1,1,1,1,814,828,926,796,259,223,449,899,955,899,830,559,746,1022,557,278,76,1,1280,541,958,825,799,145,5,808,,24:40,1
2010-11,201951,Ty Lawson,Ty,1610612743,DEN,Denver Nuggets,0041000173,2011-04-23T00:00:00,DEN vs. OKC,L,29.361666666666668,3,8,0.375,0,1,0.0,2,2,1.0,0,3,3,4,1,0,0,1,0,2,8,-5,16.6,0,0,15.0,1,802,802,802,635,626,606,896,558,677,558,459,543,1,830,559,746,196,557,734,544,1013,1,541,713,1135,799,145,5,808,,29:22,1
2010-11,201954,Darren Collison,Darren,1610612754,IND,Indiana Pacers,0041000104,2011-04-23T00:00:00,IND vs. CHI,W,32.92666666666667,2,11,0.182,1,2,0.5,1,2,0.5,1,1,2,2,1,1,1,3,3,1,6,-4,16.4,0,0,15.0,1,1,1,1,500,828,409,1288,259,494,169,704,543,699,422,1016,936,435,557,278,215,1558,980,790,848,1048,805,145,5,808,,32:56,1
2010-11,2052,DeShawn Stevenson,DeShawn,1610612742,DAL,Dallas Mavericks,0041000164,2011-04-23T00:00:00,DAL @ POR,L,16.166666666666668,2,4,0.5,2,4,0.5,2,2,1.0,0,2,2,3,1,0,0,0,1,1,8,13,13.9,0,0,15.0,1,802,802,802,1138,828,1024,417,104,223,169,459,543,1,830,768,936,291,557,734,544,1,286,790,713,129,918,145,5,808,,16:10,1
2010-11,2199,Tyson Chandler,Tyson,1610612742,DAL,Dallas Mavericks,0041000164,2011-04-23T00:00:00,DAL @ POR,L,29.7,2,6,0.333,0,0,0.0,2,2,1.0,4,3,7,1,1,0,0,2,5,3,6,-6,14.9,0,0,14.0,1,802,802,802,617,828,814,960,558,904,558,459,543,1,75,559,276,674,557,734,544,1432,1479,354,848,1182,868,145,5,860,,29:42,1
2010-11,2203,Shane Battier,Shane,1610612763,MEM,Memphis Grizzlies,0041000143,2011-04-23T00:00:00,MEM vs. SAS,W,27.283333333333335,4,7,0.571,1,3,0.333,0,0,0.0,1,2,3,1,0,0,0,1,2,1,9,11,14.1,0,0,14.0,1,1,1,1,700,478,692,315,259,345,351,899,955,899,422,768,746,674,1010,734,544,1013,603,790,632,190,906,145,5,860,,27:17,1
2010-11,978,Peja Stojakovic,Peja,1610612742,DAL,Dallas Mavericks,0041000164,2011-04-23T00:00:00,DAL @ POR,L,24.97,3,7,0.429,2,5,0.4,0,0,0.0,0,0,0,0,0,2,0,0,1,0,8,0,14.0,0,0,14.0,1,802,802,802,798,626,692,715,104,126,313,899,955,899,830,1317,1397,1022,1010,95,544,1,286,1154,713,728,912,145,5,860,,24:58,1
2010-11,201985,AJ Price,AJ,1610612754,IND,Indiana Pacers,0041000104,2011-04-23T00:00:00,IND vs. CHI,W,14.795,3,6,0.5,2,4,0.5,2,2,1.0,0,1,1,1,0,0,0,0,0,2,10,10,12.7,0,0,14.0,1,1,1,1,1202,626,814,417,104,223,169,459,543,1,830,1016,1143,674,1010,734,544,1,1,541,568,214,970,145,5,860,,14:48,1
2010-11,948,Marcus Camby,Marcus,1610612757,POR,Portland Trail Blazers,0041000164,2011-04-23T00:00:00,POR vs. DAL,W,18.605,0,1,0.0,0,0,0.0,0,0,0.0,1,4,5,0,0,1,3,0,4,0,0,-6,18.0,0,0,13.0,1,1,1,1,1044,1340,1386,1340,558,904,558,899,955,899,422,391,458,1022,1010,278,27,1,1280,1154,1390,1182,740,145,5,903,,18:36,1
2010-11,1902,Jeff Foster,Jeff,1610612754,IND,Indiana Pacers,0041000104,2011-04-23T00:00:00,IND vs. CHI,W,15.695,1,2,0.5,0,0,0.0,0,2,0.0,7,2,9,0,0,0,1,0,3,2,2,5,15.8,0,0,13.0,1,1,1,1,1152,1078,1267,417,558,904,558,899,543,899,13,768,156,1022,1010,734,215,1,980,541,1223,422,832,145,5,903,,15:42,1
2010-11,2210,Richard Jefferson,Richard,1610612759,SAS,San Antonio Spurs,0041000143,2011-04-23T00:00:00,SAS @ MEM,L,35.86666666666667,1,4,0.25,0,2,0.0,2,2,1.0,1,4,5,0,1,1,1,0,2,2,4,0,15.0,0,0,13.0,1,802,802,802,368,1078,1024,1175,558,494,558,459,543,1,422,391,458,1022,557,278,215,1,603,541,1037,728,863,145,5,903,,35:52,1
2010-11,201177,Josh McRoberts,Josh,1610612754,IND,Indiana Pacers,0041000104,2011-04-23T00:00:00,IND vs. CHI,W,22.766666666666666,2,6,0.333,0,0,0.0,2,4,0.5,1,2,3,2,2,1,0,1,4,2,6,4,13.6,0,0,13.0,1,1,1,1,884,828,814,960,558,904,558,459,304,699,422,768,746,435,261,278,544,1013,1280,541,848,469,928,145,5,903,,22:46,1
2010-11,2594,Kyle Korver,Kyle,1610612741,CHI,Chicago Bulls,0041000104,2011-04-23T00:00:00,CHI @ IND,L,21.92,3,8,0.375,1,2,0.5,2,2,1.0,0,1,1,0,0,1,0,0,3,2,9,0,13.2,0,0,13.0,1,802,802,802,924,626,606,896,259,494,169,459,543,1,830,1016,1143,1022,1010,278,544,1,980,541,632,728,946,145,5,903,,21:55,1
2010-11,2217,Brendan Haywood,Brendan,1610612742,DAL,Dallas Mavericks,0041000164,2011-04-23T00:00:00,DAL @ POR,L,18.3,1,2,0.5,0,0,0.0,0,0,0.0,3,2,5,0,0,0,2,0,2,0,2,4,14.0,0,0,11.0,1,802,802,802,1055,1078,1267,417,558,904,558,899,955,899,133,768,458,1022,1010,734,76,1,603,1154,1223,469,912,145,5,1004,,18:18,1
2010-11,2588,Matt Bonner,Matt,1610612759,SAS,San Antonio Spurs,0041000143,2011-04-23T00:00:00,SAS @ MEM,L,21.65,2,4,0.5,0,2,0.0,1,2,0.5,3,2,5,0,0,0,0,0,2,1,5,-10,11.0,0,0,10.0,1,802,802,802,940,828,1024,417,558,494,558,704,543,699,133,768,458,1022,1010,734,544,1,603,790,958,1385,1050,145,5,1052,,21:39,1
2010-11,2399,Mike Dunleavy,Mike,1610612754,IND,Indiana Pacers,0041000104,2011-04-23T00:00:00,IND vs. CHI,W,11.34,1,2,0.5,1,2,0.5,4,8,0.5,0,2,2,0,0,0,0,0,0,3,7,13,9.4,0,0,10.0,1,1,1,1,1316,1078,1267,417,259,494,169,234,117,699,830,768,936,1022,1010,734,544,1,1,354,789,129,1120,145,5,1052,,11:20,1
2010-11,202349,Greivis Vasquez,Greivis,1610612763,MEM,Memphis Grizzlies,0041000143,2011-04-23T00:00:00,MEM vs. SAS,W,7.4383333333333335,0,1,0.0,0,0,0.0,0,0,0.0,0,2,2,3,0,1,1,0,1,1,0,4,12.9,0,0,9.0,1,1,1,1,1421,1340,1386,1340,558,904,558,899,955,899,830,768,936,291,1010,278,215,1,286,790,1390,469,962,145,5,1102,,7:26,1
2010-11,2754,Tony Allen,Tony,1610612763,MEM,Memphis Grizzlies,0041000143,2011-04-23T00:00:00,MEM vs. SAS,W,24.916666666666668,1,3,0.333,0,0,0.0,0,0,0.0,0,2,2,3,1,1,0,0,6,1,2,-13,10.9,0,0,9.0,1,1,1,1,802,1078,1138,960,558,904,558,899,955,899,830,768,936,291,557,278,544,1,1593,790,1223,1483,1056,145,5,1102,,24:55,1
2010-11,200757,Thabo Sefolosha,Thabo,1610612760,OKC,Oklahoma City Thunder,0041000173,2011-04-23T00:00:00,OKC @ DEN,W,21.041666666666668,2,6,0.333,0,1,0.0,0,0,0.0,0,3,3,0,0,1,0,1,2,0,4,0,10.6,0,0,9.0,1,1,1,1,962,828,814,960,558,677,558,899,955,899,830,559,746,1022,1010,278,544,1013,603,1154,1037,728,1068,145,5,1102,,21:03,1
2010-11,201163,Wilson Chandler,Wilson,1610612743,DEN,Denver Nuggets,0041000173,2011-04-23T00:00:00,DEN vs. OKC,L,21.793333333333333,1,4,0.25,0,1,0.0,1,2,0.5,0,3,3,1,1,1,0,0,6,1,3,0,10.1,0,0,9.0,1,802,802,802,936,1078,1024,1175,558,677,558,704,543,699,830,559,746,674,557,278,544,1,1593,790,1146,728,1096,145,5,1102,,21:48,1
2010-11,201568,Danilo Gallinari,Danilo,1610612743,DEN,Denver Nuggets,0041000173,2011-04-23T00:00:00,DEN vs. OKC,L,18.8,1,6,0.167,0,2,0.0,4,4,1.0,1,1,2,1,0,0,0,2,1,4,6,1,9.9,0,0,9.0,1,802,802,802,1040,1078,814,1290,558,494,558,234,304,1,422,1016,936,674,1010,734,544,1432,286,242,848,654,1104,145,5,1102,,18:48,1
2010-11,200826,J.J. Barea,J.J.,1610612742,DAL,Dallas Mavericks,0041000164,2011-04-23T00:00:00,DAL @ POR,L,19.183333333333334,2,7,0.286,0,2,0.0,0,0,0.0,1,1,2,3,3,0,0,2,2,1,4,-4,7.9,0,0,9.0,1,802,802,802,1023,828,692,1127,558,494,558,899,955,899,422,1016,936,291,131,734,544,1432,603,790,1037,1048,1190,145,5,1102,,19:11,1
2010-11,202390,Gary Neal,Gary,1610612759,SAS,San Antonio Spurs,0041000143,2011-04-23T00:00:00,SAS @ MEM,L,15.933333333333334,2,9,0.222,0,4,0.0,0,0,0.0,1,2,3,1,0,0,0,0,1,1,4,-8,9.1,0,0,8.0,1,802,802,802,1148,828,532,1246,558,223,558,899,955,899,422,768,746,674,1010,734,544,1,286,790,1037,1306,1136,145,5,1150,,15:56,1
2010-11,2570,Kendrick Perkins,Kendrick,1610612760,OKC,Oklahoma City Thunder,0041000173,2011-04-23T00:00:00,OKC @ DEN,W,19.241666666666667,1,2,0.5,0,0,0.0,0,0,0.0,0,2,2,0,2,0,2,0,4,1,2,3,8.4,0,0,8.0,1,1,1,1,1017,1078,1267,417,558,904,558,899,955,899,830,768,936,1022,261,734,76,1,1280,790,1223,535,1170,145,5,1150,,19:15,1
2010-11,201161,Daequan Cook,Daequan,1610612760,OKC,Oklahoma City Thunder,0041000173,2011-04-23T00:00:00,OKC @ DEN,W,9.613333333333333,1,5,0.2,1,4,0.25,0,0,0.0,0,2,2,0,0,1,0,0,0,0,3,-3,8.4,0,0,8.0,1,1,1,1,1358,1078,926,1262,259,223,449,899,955,899,830,768,936,1022,1010,278,544,1,1,1154,1146,985,1170,145,5,1150,,9:37,1
2010-11,2563,Dahntay Jones,Dahntay,1610612754,IND,Indiana Pacers,0041000104,2011-04-23T00:00:00,IND vs. CHI,W,21.875,1,4,0.25,0,1,0.0,3,4,0.75,0,0,0,1,2,1,0,0,3,2,5,-12,7.5,0,0,8.0,1,1,1,1,929,1078,1024,1175,558,677,558,337,304,518,830,1317,1397,674,261,278,544,1,980,541,958,1453,1204,145,5,1150,,21:53,1
2010-11,1737,Nazr Mohammed,Nazr,1610612760,OKC,Oklahoma City Thunder,0041000173,2011-04-23T00:00:00,OKC @ DEN,W,13.683333333333334,1,3,0.333,0,0,0.0,0,2,0.0,1,4,5,0,0,0,0,0,4,1,2,-1,8.0,0,0,7.0,1,1,1,1,1241,1078,1138,960,558,904,558,899,543,899,422,391,458,1022,1010,734,544,1,1280,790,1223,825,1188,145,5,1201,,13:41,1
2010-11,201946,Tyler Hansbrough,Tyler,1610612754,IND,Indiana Pacers,0041000104,2011-04-23T00:00:00,IND vs. CHI,W,25.253333333333334,2,8,0.25,0,0,0.0,0,0,0.0,1,0,1,0,1,1,0,1,2,1,4,3,7.2,0,0,7.0,1,1,1,1,787,828,606,1175,558,904,558,899,955,899,422,1317,1143,1022,557,278,544,1013,603,790,1037,535,1216,145,5,1201,,25:15,1
2010-11,2555,Nick Collison,Nick,1610612760,OKC,Oklahoma City Thunder,0041000173,2011-04-23T00:00:00,OKC @ DEN,W,14.766666666666667,2,3,0.667,0,0,0.0,1,2,0.5,2,0,2,0,1,0,0,0,3,1,5,-8,6.4,0,0,7.0,1,1,1,1,1203,828,1138,175,558,904,558,704,543,699,239,1317,936,1022,557,734,544,1,980,790,958,1306,1256,145,5,1201,,14:46,1
2010-11,2586,Keith Bogans,Keith,1610612741,CHI,Chicago Bulls,0041000104,2011-04-23T00:00:00,CHI @ IND,L,19.666666666666668,0,1,0.0,0,1,0.0,0,0,0.0,0,2,2,0,0,0,2,0,0,0,0,-2,8.4,0,0,6.0,1,802,802,802,999,1340,1386,1340,558,677,558,899,955,899,830,768,936,1022,1010,734,76,1,1,1154,1390,901,1170,145,5,1256,,19:40,1
2010-11,201970,Sam Young,Sam,1610612763,MEM,Memphis Grizzlies,0041000143,2011-04-23T00:00:00,MEM vs. SAS,W,15.183333333333334,2,6,0.333,0,1,0.0,1,4,0.25,0,1,1,0,1,0,0,1,0,1,5,0,5.2,0,0,6.0,1,1,1,1,1183,828,814,960,558,677,558,704,304,891,830,1016,1143,1022,557,734,544,1013,1,790,958,728,1332,145,5,1256,,15:11,1
2010-11,201959,Taj Gibson,Taj,1610612741,CHI,Chicago Bulls,0041000104,2011-04-23T00:00:00,CHI @ IND,L,16.333333333333332,0,5,0.0,0,1,0.0,0,0,0.0,1,3,4,1,0,0,0,0,3,0,0,3,6.3,0,0,5.0,1,802,802,802,1125,1340,926,1340,558,677,558,899,955,899,422,559,600,674,1010,734,544,1,980,1154,1390,535,1263,145,5,1306,,16:20,1
2010-11,201971,DeJuan Blair,DeJuan,1610612759,SAS,San Antonio Spurs,0041000143,2011-04-23T00:00:00,SAS @ MEM,L,9.616666666666667,2,4,0.5,0,0,0.0,0,0,0.0,1,0,1,0,0,0,0,0,0,1,4,1,5.2,0,0,5.0,1,802,802,802,1357,828,1024,417,558,904,558,899,955,899,422,1317,1143,1022,1010,734,544,1,1,790,1037,654,1332,145,5,1306,,9:37,1
2010-11,201600,Omer Asik,Omer,1610612741,CHI,Chicago Bulls,0041000104,2011-04-23T00:00:00,CHI @ IND,L,2.9266666666666667,0,0,0.0,0,0,0.0,0,0,0.0,0,2,2,0,0,0,1,0,0,0,0,-5,5.4,0,0,4.0,1,802,802,802,1543,1340,1513,1340,558,904,558,899,955,899,830,768,936,1022,1010,734,215,1,1,1154,1390,1135,1323,145,5,1362,,2:56,1
2010-11,201164,Rudy Fernandez,Rudy,1610612757,POR,Portland Trail Blazers,0041000164,2011-04-23T00:00:00,POR vs. DAL,W,16.216666666666665,0,5,0.0,0,3,0.0,2,2,1.0,0,1,1,1,0,0,0,0,0,1,2,1,4.7,0,0,4.0,1,1,1,1,1132,1340,926,1340,558,345,558,459,543,1,830,1016,1143,674,1010,734,544,1,1,790,1223,654,1356,145,5,1362,,16:13,1
2010-11,200758,Ronnie Brewer,Ronnie,1610612741,CHI,Chicago Bulls,0041000104,2011-04-23T00:00:00,CHI @ IND,L,9.33,1,1,1.0,0,0,0.0,0,0,0.0,0,2,2,0,0,0,0,0,1,0,2,-7,4.4,0,0,4.0,1,802,802,802,1365,1078,1386,1,558,904,558,899,955,899,830,768,936,1022,1010,734,544,1,286,1154,1223,1234,1363,145,5,1362,,9:20,1
2010-11,703,Kurt Thomas,Kurt,1610612741,CHI,Chicago Bulls,0041000104,2011-04-23T00:00:00,CHI @ IND,L,7.726666666666667,2,2,1.0,0,0,0.0,0,0,0.0,0,0,0,0,1,0,0,0,2,0,4,-7,3.0,0,0,4.0,1,802,802,802,1405,828,1267,1,558,904,558,899,955,899,830,1317,1397,1022,557,734,544,1,603,1154,1037,1234,1434,145,5,1362,,7:44,1
2010-11,201228,C.J. Watson,C.J.,1610612741,CHI,Chicago Bulls,0041000104,2011-04-23T00:00:00,CHI @ IND,L,4.545,0,1,0.0,0,1,0.0,2,2,1.0,0,1,1,1,2,0,0,0,3,1,2,-3,2.7,0,0,4.0,1,802,802,802,1495,1340,1386,1340,558,677,558,459,543,1,830,1016,1143,674,261,734,544,1,980,790,1223,985,1455,145,5,1362,,4:33,1
2010-11,1733,Al Harrington,Al,1610612743,DEN,Denver Nuggets,0041000173,2011-04-23T00:00:00,DEN vs. OKC,L,11.916666666666666,0,3,0.0,0,2,0.0,0,0,0.0,0,1,1,0,0,1,0,1,1,0,0,2,4.2,0,0,3.0,1,802,802,802,1301,1340,1138,1340,558,494,558,899,955,899,830,1016,1143,1022,1010,278,544,1013,286,1154,1390,591,1369,145,5,1411,,11:55,1
2010-11,201953,Eric Maynor,Eric,1610612760,OKC,Oklahoma City Thunder,0041000173,2011-04-23T00:00:00,OKC @ DEN,W,11.75,0,3,0.0,0,1,0.0,0,0,0.0,0,1,1,1,0,0,0,0,0,0,0,-11,2.7,0,0,2.0,1,1,1,1,1303,1340,1138,1340,558,677,558,899,955,899,830,1016,1143,674,1010,734,544,1,1,1154,1390,1419,1455,145,5,1461,,11:45,1
2010-11,201575,Brandon Rush,Brandon,1610612754,IND,Indiana Pacers,0041000104,2011-04-23T00:00:00,IND vs. CHI,W,3.4616666666666664,0,2,0.0,0,0,0.0,0,0,0.0,0,2,2,0,0,0,0,0,1,0,0,3,2.4,0,0,2.0,1,1,1,1,1523,1340,1267,1340,558,904,558,899,955,899,830,768,936,1022,1010,734,544,1,286,1154,1390,535,1465,145,5,1461,,3:28,1
2010-11,202419,Chris Johnson,Chris,1610612757,POR,Portland Trail Blazers,0041000164,2011-04-23T00:00:00,POR vs. DAL,W,2.21,0,0,0.0,0,0,0.0,0,0,0.0,0,0,0,0,0,0,0,0,0,0,0,-2,0.0,0,0,0.0,1,1,1,1,1555,1340,1513,1340,558,904,558,899,955,899,830,1317,1397,1022,1010,734,544,1,1,1154,1390,901,1534,145,5,1539,,2:13,1
2010-11,1718,Paul Pierce,Paul,1610612738,BOS,Boston Celtics,0041000123,2011-04-22T00:00:00,BOS @ NYK,W,33.21666666666667,14,19,0.737,6,8,0.75,4,4,1.0,0,3,3,1,3,3,0,0,3,5,38,23,49.1,0,0,54.0,1,1,1,1,484,4,88,147,3,18,85,234,304,1,830,559,746,674,131,34,544,1,980,160,12,20,65,145,5,28,,33:13,1
2010-11,200765,Rajon Rondo,Rajon,1610612738,BOS,Boston Celtics,0041000123,2011-04-22T00:00:00,BOS @ NYK,W,40.96666666666667,5,13,0.385,0,0,0.0,5,6,0.833,6,5,11,20,4,2,0,2,4,3,15,23,60.2,1,1,50.0,1,1,1,1,151,364,283,879,558,904,558,171,191,443,21,262,69,1,63,95,544,1432,1280,354,346,20,16,1,1,39,,40:58,1
2010-11,977,Kobe Bryant,Kobe,1610612747,LAL,Los Angeles Lakers,0041000153,2011-04-22T00:00:00,LAL @ NOH,W,34.21666666666667,10,20,0.5,4,7,0.571,6,7,0.857,0,6,6,2,4,3,1,0,2,7,30,15,48.2,0,0,50.0,1,1,1,1,439,54,63,417,18,36,163,118,156,421,830,187,351,435,63,34,215,1,603,66,49,85,73,145,5,39,,34:13,1
2010-11,951,Ray Allen,Ray,1610612738,BOS,Boston Celtics,0041000123,2011-04-22T00:00:00,BOS @ NYK,W,37.18,11,18,0.611,8,11,0.727,2,2,1.0,0,3,3,1,2,2,0,1,2,1,32,34,41.1,0,0,48.0,1,1,1,1,319,35,109,264,2,2,96,459,543,1,830,559,746,674,261,95,544,1013,603,790,37,3,153,145,5,53,,37:11,1
2010-11,2730,Dwight Howard,Dwight,1610612753,ORL,Orlando Magic,0041000133,2011-04-22T00:00:00,ORL @ ATL,L,44.66,8,14,0.571,0,0,0.0,5,9,0.556,2,13,15,0,3,0,3,0,5,10,21,3,45.0,1,0,42.0,1,802,802,802,45,132,229,315,558,904,558,171,91,694,239,8,18,1022,131,734,27,1,1479,10,170,535,102,1,5,101,,44:40,1
2010-11,101108,Chris Paul,Chris,1610612740,NOH,New Orleans Hornets,0041000153,2011-04-22T00:00:00,NOH vs. LAL,L,38.416666666666664,9,13,0.692,1,3,0.333,3,5,0.6,1,4,5,8,5,2,0,0,2,7,22,-12,41.0,0,0,40.0,1,802,802,802,267,86,283,168,259,345,351,337,256,677,422,391,458,36,24,95,544,1,603,66,151,1453,157,145,5,117,,38:25,1
2010-11,2772,Trevor Ariza,Trevor,1610612740,NOH,New Orleans Hornets,0041000153,2011-04-22T00:00:00,NOH vs. LAL,L,42.291666666666664,5,13,0.385,0,2,0.0,2,3,0.667,2,10,12,3,1,4,2,1,5,2,12,-11,47.9,1,0,39.0,1,802,802,802,99,364,283,879,558,494,558,459,478,619,239,32,49,291,557,5,76,1013,1479,541,472,1419,74,1,5,133,,42:18,1
2010-11,2546,Carmelo Anthony,Carmelo,1610612752,NYK,New York Knicks,0041000123,2011-04-22T00:00:00,NYK vs. BOS,L,35.233333333333334,4,16,0.25,1,3,0.333,6,8,0.75,3,8,11,6,5,2,1,1,2,7,15,-27,41.2,1,0,39.0,1,802,802,802,397,478,159,1175,259,345,351,118,117,518,133,78,69,82,24,95,215,1013,603,66,346,1609,149,1,5,133,,35:14,1
2010-11,2037,Jamal Crawford,Jamal,1610612737,ATL,Atlanta Hawks,0041000133,2011-04-22T00:00:00,ATL vs. ORL,W,28.688333333333333,7,19,0.368,3,5,0.6,6,8,0.75,0,3,3,3,1,1,1,0,3,5,23,1,36.1,0,0,36.0,1,1,1,1,659,197,88,931,44,126,141,118,117,518,830,559,746,291,557,278,215,1,980,160,129,654,248,145,5,192,,28:41,1
2010-11,200761,Shawne Williams,Shawne,1610612752,NYK,New York Knicks,0041000123,2011-04-22T00:00:00,NYK vs. BOS,L,31.883333333333333,6,10,0.6,2,5,0.4,3,4,0.75,2,4,6,2,1,2,2,0,0,2,17,13,38.2,0,0,35.0,1,802,802,802,540,264,464,266,104,126,313,337,304,518,239,391,351,435,557,95,76,1,1,541,278,129,198,145,5,203,,31:53,1
2010-11,2200,Pau Gasol,Pau,1610612747,LAL,Los Angeles Lakers,0041000153,2011-04-22T00:00:00,LAL @ NOH,W,33.25,7,13,0.538,1,1,1.0,2,2,1.0,4,6,10,4,3,0,1,2,3,4,17,17,35.0,1,0,34.0,1,1,1,1,481,197,283,394,259,677,1,459,543,1,75,187,111,196,131,734,215,1432,980,242,278,54,280,1,5,226,,33:15,1
2010-11,2749,Jameer Nelson,Jameer,1610612753,ORL,Orlando Magic,0041000133,2011-04-22T00:00:00,ORL @ ATL,L,41.1,5,17,0.294,1,7,0.143,2,2,1.0,1,4,5,10,2,2,0,3,2,4,13,0,38.0,1,0,33.0,1,802,802,802,147,364,140,1126,259,36,548,459,543,1,422,391,458,16,261,95,544,1558,603,242,428,728,201,1,5,259,,41:06,1
2010-11,2207,Joe Johnson,Joe,1610612737,ATL,Atlanta Hawks,0041000133,2011-04-22T00:00:00,ATL vs. ORL,W,43.81666666666667,9,23,0.391,1,2,0.5,2,4,0.5,2,3,5,5,0,0,0,3,0,4,21,6,34.5,0,0,32.0,1,1,1,1,64,86,27,871,259,494,169,459,304,699,239,559,458,131,1010,734,544,1558,1,242,170,371,294,145,5,286,,43:49,1
2010-11,2746,Josh Smith,Josh,1610612737,ATL,Atlanta Hawks,0041000133,2011-04-22T00:00:00,ATL vs. ORL,W,37.96666666666667,6,13,0.462,0,3,0.0,3,3,1.0,1,9,10,2,4,1,1,0,2,3,15,6,32.0,1,0,31.0,1,1,1,1,286,264,283,648,558,345,558,337,478,1,422,52,111,435,63,278,215,1,603,354,346,371,342,1,5,313,,37:58,1
2010-11,2202,Jason Richardson,Jason,1610612753,ORL,Orlando Magic,0041000133,2011-04-22T00:00:00,ORL @ ATL,L,33.71666666666667,4,10,0.4,2,6,0.333,4,4,1.0,2,7,9,4,0,0,1,0,2,2,14,5,33.8,0,0,31.0,1,802,802,802,463,478,464,796,104,77,351,234,304,1,239,126,156,196,1010,734,215,1,603,541,391,422,313,145,5,313,,33:43,1
2010-11,708,Kevin Garnett,Kevin,1610612738,BOS,Boston Celtics,0041000123,2011-04-22T00:00:00,BOS @ NYK,W,32.93333333333333,4,9,0.444,0,0,0.0,1,1,1.0,4,8,12,4,5,3,0,1,2,1,9,31,33.4,0,0,31.0,1,1,1,1,498,478,532,686,558,904,558,704,881,1,75,78,49,196,24,34,544,1013,603,790,632,5,321,145,5,313,,32:56,1
2010-11,201171,Carl Landry,Carl,1610612740,NOH,New Orleans Hornets,0041000153,2011-04-22T00:00:00,NOH vs. LAL,L,34.82666666666667,6,12,0.5,0,0,0.0,11,12,0.917,3,2,5,0,3,0,0,1,3,8,23,-10,26.0,0,0,28.0,1,802,802,802,410,264,341,417,558,904,558,24,29,385,133,768,458,1022,131,734,544,1013,980,36,129,1385,498,145,5,376,,34:50,1
2010-11,101115,Andrew Bynum,Andrew,1610612747,LAL,Los Angeles Lakers,0041000153,2011-04-22T00:00:00,LAL @ NOH,W,34.7,6,13,0.462,0,0,0.0,2,2,1.0,5,6,11,0,2,0,0,1,4,2,14,12,25.2,1,0,25.0,1,1,1,1,418,264,283,648,558,904,558,459,543,1,41,187,69,1022,261,734,544,1013,1280,541,391,163,519,1,5,465,,34:42,1
2010-11,2407,Jared Jeffries,Jared,1610612752,NYK,New York Knicks,0041000123,2011-04-22T00:00:00,NYK vs. BOS,L,34.166666666666664,5,11,0.455,0,0,0.0,2,2,1.0,4,1,5,0,0,1,3,1,3,1,12,-5,30.0,0,0,25.0,1,802,802,802,442,364,409,664,558,904,558,459,543,1,75,1016,458,1022,1010,278,27,1013,980,790,472,1135,393,145,5,465,,34:10,1
2010-11,201143,Al Horford,Al,1610612737,ATL,Atlanta Hawks,0041000133,2011-04-22T00:00:00,ATL vs. ORL,W,42.81666666666667,6,14,0.429,0,0,0.0,1,2,0.5,4,3,7,1,1,1,1,1,3,3,13,0,27.9,0,0,25.0,1,1,1,1,88,264,229,715,558,904,558,704,543,699,75,559,276,674,557,278,215,1013,980,354,428,728,445,145,5,465,,42:49,1
2010-11,2731,Emeka Okafor,Emeka,1610612740,NOH,New Orleans Hornets,0041000153,2011-04-22T00:00:00,NOH vs. LAL,L,40.95,7,9,0.778,0,0,0.0,1,2,0.5,4,4,8,0,4,0,1,0,3,2,15,-12,23.6,0,0,25.0,1,802,802,802,153,197,532,118,558,904,558,704,543,699,75,391,208,1022,63,734,215,1,980,541,346,1453,571,145,5,465,,40:57,1
2010-11,1885,Lamar Odom,Lamar,1610612747,LAL,Los Angeles Lakers,0041000153,2011-04-22T00:00:00,LAL @ NOH,W,25.106666666666666,4,8,0.5,0,1,0.0,5,6,0.833,2,7,9,2,3,0,0,0,5,4,13,1,23.8,0,0,24.0,1,1,1,1,791,478,606,417,558,677,558,171,191,443,239,126,156,435,131,734,544,1,1479,242,428,654,565,145,5,495,,25:06,1
2010-11,201962,Toney Douglas,Toney,1610612752,NYK,New York Knicks,0041000123,2011-04-22T00:00:00,NYK vs. BOS,L,29.516666666666666,4,6,0.667,3,4,0.75,4,4,1.0,1,2,3,3,3,0,0,0,3,4,15,-23,20.1,0,0,24.0,1,802,802,802,626,478,814,175,44,223,85,234,304,1,422,768,746,291,131,734,544,1,980,242,346,1597,668,145,5,495,,29:31,1
2010-11,965,Derek Fisher,Derek,1610612747,LAL,Los Angeles Lakers,0041000153,2011-04-22T00:00:00,LAL @ NOH,W,31.783333333333335,3,4,0.75,1,1,1.0,3,4,0.75,0,1,1,5,1,3,0,0,2,4,10,16,26.7,0,0,23.0,1,1,1,1,543,626,1024,122,259,677,1,337,304,518,830,1016,1143,131,557,34,544,1,603,242,568,69,474,145,5,531,,31:47,1
2010-11,101138,Brandon Bass,Brandon,1610612753,ORL,Orlando Magic,0041000133,2011-04-22T00:00:00,ORL @ ATL,L,33.25,5,8,0.625,0,0,0.0,0,0,0.0,4,1,5,0,2,1,1,1,2,2,10,-9,20.0,0,0,19.0,1,802,802,802,481,364,606,248,558,904,558,899,955,899,75,1016,458,1022,261,278,215,1013,603,541,568,1349,672,145,5,650,,33:15,1
2010-11,979,Jermaine O'Neal,Jermaine,1610612738,BOS,Boston Celtics,0041000123,2011-04-22T00:00:00,BOS @ NYK,W,27.0,3,7,0.429,0,0,0.0,0,0,0.0,1,2,3,2,2,0,3,1,5,3,6,30,19.6,0,0,17.0,1,1,1,1,710,626,692,715,558,904,558,899,955,899,422,768,746,435,261,734,27,1013,1479,354,848,7,682,145,5,719,,27:00,1
2010-11,201145,Jeff Green,Jeff,1610612738,BOS,Boston Celtics,0041000123,2011-04-22T00:00:00,BOS @ NYK,W,21.4,3,8,0.375,0,2,0.0,3,4,0.75,0,4,4,0,1,1,1,0,5,3,9,-12,18.8,0,0,17.0,1,1,1,1,949,626,606,896,558,494,558,337,304,518,830,391,600,1022,557,278,215,1,1479,354,632,1453,705,145,5,719,,21:24,1
2010-11,2045,Hedo Turkoglu,Hedo,1610612753,ORL,Orlando Magic,0041000133,2011-04-22T00:00:00,ORL @ ATL,L,32.666666666666664,3,11,0.273,1,6,0.167,2,4,0.5,0,2,2,4,0,0,0,0,4,2,9,1,17.4,0,0,16.0,1,802,802,802,509,626,409,1167,259,77,537,459,304,699,830,768,936,196,1010,734,544,1,1280,541,632,654,767,145,5,763,,32:40,1
2010-11,201611,Henry Walker,Henry,1610612752,NYK,New York Knicks,0041000123,2011-04-22T00:00:00,NYK vs. BOS,L,24.383333333333333,4,9,0.444,1,1,1.0,0,1,0.0,1,0,1,1,2,2,0,1,3,3,9,6,15.7,0,0,16.0,1,802,802,802,827,478,532,686,259,677,1,899,881,899,422,1317,1143,674,261,95,544,1013,980,354,632,371,835,145,5,763,,24:23,1
2010-11,2047,Quentin Richardson,Quentin,1610612753,ORL,Orlando Magic,0041000133,2011-04-22T00:00:00,ORL @ ATL,L,15.333333333333334,3,3,1.0,3,3,1.0,0,0,0.0,1,2,3,1,0,0,0,0,2,0,9,-5,14.1,0,0,16.0,1,802,802,802,1179,626,1138,1,44,345,1,899,955,899,422,768,746,674,1010,734,544,1,603,1154,632,1135,906,145,5,763,,15:20,1
2010-11,202361,Landry Fields,Landry,1610612752,NYK,New York Knicks,0041000123,2011-04-22T00:00:00,NYK vs. BOS,L,21.9,1,5,0.2,0,2,0.0,0,2,0.0,0,4,4,3,3,2,1,0,0,1,2,-9,17.3,0,0,15.0,1,802,802,802,927,1078,926,1262,558,494,558,899,543,899,830,391,600,291,131,95,215,1,1,790,1223,1349,770,145,5,808,,21:54,1
2010-11,2550,Kirk Hinrich,Kirk,1610612737,ATL,Atlanta Hawks,0041000133,2011-04-22T00:00:00,ATL vs. ORL,W,26.75,3,7,0.429,2,4,0.5,0,0,0.0,0,2,2,3,0,0,0,1,3,1,8,7,14.9,0,0,15.0,1,1,1,1,725,626,692,715,104,223,169,899,955,899,830,768,936,291,1010,734,544,1013,980,790,713,326,868,145,5,808,,26:45,1
2010-11,2585,Zaza Pachulia,Zaza,1610612737,ATL,Atlanta Hawks,0041000133,2011-04-22T00:00:00,ATL vs. ORL,W,26.366666666666667,1,2,0.5,0,0,0.0,2,2,1.0,1,4,5,3,0,0,1,0,5,4,4,6,17.5,0,0,14.0,1,1,1,1,742,1078,1267,417,558,904,558,459,543,1,422,391,458,291,1010,734,215,1,1479,242,1037,371,762,145,5,860,,26:22,1
2010-11,2427,Roger Mason Jr.,Roger,1610612752,NYK,New York Knicks,0041000123,2011-04-22T00:00:00,NYK vs. BOS,L,15.6,4,8,0.5,2,5,0.4,0,0,0.0,0,0,0,2,0,0,0,0,1,0,10,-1,13.0,0,0,14.0,1,802,802,802,1156,478,606,417,104,126,313,899,955,899,830,1317,1397,435,1010,734,544,1,286,1154,568,825,959,145,5,860,,15:36,1
2010-11,1897,Metta World Peace,Metta,1610612747,LAL,Los Angeles Lakers,0041000153,2011-04-22T00:00:00,LAL @ NOH,W,29.566666666666666,4,8,0.5,0,1,0.0,1,1,1.0,2,0,2,2,0,0,0,1,3,2,9,11,14.4,0,0,13.0,1,1,1,1,622,478,606,417,558,677,558,704,881,1,239,1317,936,435,1010,734,544,1013,980,541,632,190,887,145,5,903,,29:34,1
2010-11,2405,Amar'e Stoudemire,Amar'e,1610612752,NYK,New York Knicks,0041000123,2011-04-22T00:00:00,NYK vs. BOS,L,32.81666666666667,2,8,0.25,0,0,0.0,3,4,0.75,1,2,3,1,1,0,0,1,2,3,7,-34,11.1,0,0,11.0,1,802,802,802,503,828,606,1175,558,904,558,337,304,518,422,768,746,674,557,734,544,1013,603,354,789,1616,1046,145,5,1004,,32:49,1
2010-11,101127,Jarrett Jack,Jarrett,1610612740,NOH,New Orleans Hornets,0041000153,2011-04-22T00:00:00,NOH vs. LAL,L,21.908333333333335,1,6,0.167,0,0,0.0,0,0,0.0,0,2,2,4,0,0,1,0,0,1,2,-8,13.4,0,0,10.0,1,802,802,802,926,1078,814,1290,558,904,558,899,955,899,830,768,936,196,1010,734,215,1,1,790,1223,1306,938,145,5,1052,,21:55,1
2010-11,201175,Glen Davis,Glen,1610612738,BOS,Boston Celtics,0041000123,2011-04-22T00:00:00,BOS @ NYK,W,19.60333333333333,2,5,0.4,0,0,0.0,0,0,0.0,0,4,4,2,0,0,0,1,1,0,4,-16,11.8,0,0,10.0,1,1,1,1,1003,828,926,796,558,904,558,899,955,899,830,391,600,435,1010,734,544,1013,286,1154,1037,1545,1007,145,5,1052,,19:36,1
2010-11,200755,JJ Redick,JJ,1610612753,ORL,Orlando Magic,0041000133,2011-04-22T00:00:00,ORL @ ATL,L,21.183333333333334,3,8,0.375,1,4,0.25,1,2,0.5,0,0,0,0,1,0,0,0,1,2,8,-13,7.0,0,0,9.0,1,802,802,802,956,626,606,896,259,223,449,704,543,699,830,1317,1397,1022,557,734,544,1,286,541,713,1483,1233,145,5,1102,,21:11,1
2010-11,2440,Matt Barnes,Matt,1610612747,LAL,Los Angeles Lakers,0041000153,2011-04-22T00:00:00,LAL @ NOH,W,16.133333333333333,1,4,0.25,0,2,0.0,0,2,0.0,1,1,2,0,0,2,0,0,2,1,2,-1,10.4,0,0,8.0,1,1,1,1,1139,1078,1024,1175,558,494,558,899,543,899,422,1016,936,1022,1010,95,544,1,603,790,1223,825,1081,145,5,1150,,16:08,1
2010-11,101107,Marvin Williams,Marvin,1610612737,ATL,Atlanta Hawks,0041000133,2011-04-22T00:00:00,ATL vs. ORL,W,12.611666666666666,1,1,1.0,0,0,0.0,0,0,0.0,0,2,2,2,1,1,0,0,3,0,2,5,9.4,0,0,8.0,1,1,1,1,1280,1078,1386,1,558,904,558,899,955,899,830,768,936,435,557,278,544,1,980,1154,1223,422,1120,145,5,1150,,12:37,1
2010-11,201160,Jason Smith,Jason,1610612740,NOH,New Orleans Hornets,0041000153,2011-04-22T00:00:00,NOH vs. LAL,L,9.466666666666667,3,3,1.0,0,0,0.0,0,0,0.0,0,1,1,1,0,0,0,0,3,0,6,-3,8.7,0,0,8.0,1,802,802,802,1362,626,1138,1,558,904,558,899,955,899,830,1016,1143,674,1010,734,544,1,980,1154,848,985,1155,145,5,1150,,9:28,1
2010-11,200769,Shannon Brown,Shannon,1610612747,LAL,Los Angeles Lakers,0041000153,2011-04-22T00:00:00,LAL @ NOH,W,18.266666666666666,1,4,0.25,0,2,0.0,0,0,0.0,0,2,2,0,0,0,1,0,0,1,2,4,7.4,0,0,6.0,1,1,1,1,1058,1078,1024,1175,558,494,558,899,955,899,830,768,936,1022,1010,734,215,1,1,790,1223,469,1208,145,5,1256,,18:16,1
2010-11,2581,Steve Blake,Steve,1610612747,LAL,Los Angeles Lakers,0041000153,2011-04-22T00:00:00,LAL @ NOH,W,16.216666666666665,1,1,1.0,1,1,1.0,0,0,0.0,0,0,0,2,0,0,0,0,2,0,3,-2,6.0,0,0,6.0,1,1,1,1,1132,1078,1386,1,259,677,1,899,955,899,830,1317,1397,435,1010,734,544,1,603,1154,1146,901,1279,145,5,1256,,16:13,1
2010-11,201158,Marco Belinelli,Marco,1610612740,NOH,New Orleans Hornets,0041000153,2011-04-22T00:00:00,NOH vs. LAL,L,22.433333333333334,2,8,0.25,1,7,0.143,0,0,0.0,0,0,0,0,1,0,0,0,2,1,5,-13,4.0,0,0,6.0,1,802,802,802,897,828,606,1175,259,36,548,899,955,899,830,1317,1397,1022,557,734,544,1,603,790,958,1483,1384,145,5,1256,,22:26,1
2010-11,201583,Ryan Anderson,Ryan,1610612753,ORL,Orlando Magic,0041000133,2011-04-22T00:00:00,ORL @ ATL,L,18.09,0,2,0.0,0,2,0.0,0,0,0.0,0,2,2,1,1,1,0,0,5,1,0,-2,5.9,0,0,5.0,1,802,802,802,1067,1340,1267,1340,558,494,558,899,955,899,830,768,936,674,557,278,544,1,1479,790,1390,901,1298,145,5,1306,,18:05,1
2010-11,2215,Jason Collins,Jason,1610612737,ATL,Atlanta Hawks,0041000133,2011-04-22T00:00:00,ATL vs. ORL,W,17.333333333333332,1,1,1.0,0,0,0.0,0,0,0.0,2,1,3,0,0,0,0,0,3,3,2,-2,5.6,0,0,5.0,1,1,1,1,1091,1078,1386,1,558,904,558,899,955,899,239,1016,746,1022,1010,734,544,1,980,354,1223,901,1311,145,5,1306,,17:20,1
2010-11,101142,Ronny Turiaf,Ronny,1610612752,NYK,New York Knicks,0041000123,2011-04-22T00:00:00,NYK vs. BOS,L,10.316666666666666,2,2,1.0,0,0,0.0,1,1,1.0,0,0,0,0,2,0,0,0,2,1,5,-15,3.0,0,0,5.0,1,802,802,802,1339,828,1267,1,558,904,558,704,881,1,830,1317,1397,1022,261,734,544,1,603,790,958,1530,1434,145,5,1306,,10:19,1
2010-11,1853,Anthony Carter,Anthony,1610612752,NYK,New York Knicks,0041000123,2011-04-22T00:00:00,NYK vs. BOS,L,4.183333333333334,1,1,1.0,0,0,0.0,2,2,1.0,0,0,0,0,1,0,0,0,0,2,4,10,3.0,0,0,4.0,1,802,802,802,1508,1078,1386,1,558,904,558,459,543,1,830,1317,1397,1022,557,734,544,1,1,541,1037,214,1434,145,5,1362,,4:11,1
2010-11,201189,Aaron Gray,Aaron,1610612740,NOH,New Orleans Hornets,0041000153,2011-04-22T00:00:00,NOH vs. LAL,L,7.023333333333333,0,1,0.0,0,0,0.0,0,0,0.0,0,1,1,0,0,1,0,0,1,0,0,-1,4.2,0,0,3.0,1,802,802,802,1431,1340,1386,1340,558,904,558,899,955,899,830,1016,1143,1022,1010,278,544,1,286,1154,1390,825,1369,145,5,1411,,7:01,1
2010-11,2753,Delonte West,Delonte,1610612738,BOS,Boston Celtics,0041000123,2011-04-22T00:00:00,BOS @ NYK,W,13.766666666666667,0,2,0.0,0,2,0.0,0,0,0.0,0,0,0,1,1,1,0,0,1,0,0,-16,3.5,0,0,3.0,1,1,1,1,1236,1340,1267,1340,558,494,558,899,955,899,830,1317,1397,674,557,278,544,1,286,1154,1390,1545,1402,145,5,1411,,13:46,1
2010-11,2788,DJ Mbenga,DJ,1610612740,NOH,New Orleans Hornets,0041000153,2011-04-22T00:00:00,NOH vs. LAL,L,3.7333333333333334,0,0,0.0,0,0,0.0,1,2,0.5,0,2,2,0,0,0,0,0,2,1,1,-2,3.4,0,0,3.0,1,802,802,802,1513,1340,1513,1340,558,904,558,704,543,699,830,768,936,1022,1010,734,544,1,603,790,1367,901,1407,145,5,1411,,3:44,1
2010-11,2584,Willie Green,Willie,1610612740,NOH,New Orleans Hornets,0041000153,2011-04-22T00:00:00,NOH vs. LAL,L,12.533333333333333,0,4,0.0,0,0,0.0,0,0,0.0,1,1,2,0,0,0,0,0,3,1,0,-2,2.4,0,0,2.0,1,802,802,802,1284,1340,1024,1340,558,904,558,899,955,899,422,1016,936,1022,1010,734,544,1,980,790,1390,901,1465,145,5,1461,,12:32,1
2010-11,202347,Quincy Pondexter,Quincy,1610612740,NOH,New Orleans Hornets,0041000153,2011-04-22T00:00:00,NOH vs. LAL,L,6.416666666666667,0,3,0.0,0,1,0.0,0,0,0.0,0,0,0,1,0,0,0,1,1,0,0,4,1.5,0,0,1.0,1,802,802,802,1442,1340,1138,1340,558,677,558,899,955,899,830,1317,1397,674,1010,734,544,1013,286,1154,1390,469,1489,145,5,1499,,6:25,1
2010-11,201952,Jeff Teague,Jeff,1610612737,ATL,Atlanta Hawks,0041000133,2011-04-22T00:00:00,ATL vs. ORL,W,1.7166666666666666,0,1,0.0,0,0,0.0,0,0,0.0,0,0,0,1,0,0,0,0,1,0,0,-6,1.5,0,0,1.0,1,1,1,1,1572,1340,1386,1340,558,904,558,899,955,899,830,1317,1397,674,1010,734,544,1,286,1154,1390,1182,1489,145,5,1499,,1:43,1
2010-11,2694,Josh Powell,Josh,1610612737,ATL,Atlanta Hawks,0041000133,2011-04-22T00:00:00,ATL vs. ORL,W,1.9333333333333333,0,0,0.0,0,0,0.0,0,0,0.0,0,1,1,0,0,0,0,0,0,0,0,-3,1.2,0,0,1.0,1,1,1,1,1562,1340,1513,1340,558,904,558,899,955,899,830,1016,1143,1022,1010,734,544,1,1,1154,1390,985,1498,145,5,1499,,1:56,1
2010-11,2211,Troy Murphy,Troy,1610612738,BOS,Boston Celtics,0041000123,2011-04-22T00:00:00,BOS @ NYK,W,3.05,0,0,0.0,0,0,0.0,0,0,0.0,1,0,1,0,0,0,0,0,0,0,0,-4,1.2,0,0,1.0,1,1,1,1,1537,1340,1513,1340,558,904,558,899,955,899,422,1317,1143,1022,1010,734,544,1,1,1154,1390,1048,1498,145,5,1499,,3:03,1
2010-11,101144,Von Wafer,Von,1610612738,BOS,Boston Celtics,0041000123,2011-04-22T00:00:00,BOS @ NYK,W,3.05,0,2,0.0,0,1,0.0,0,0,0.0,0,1,1,0,0,0,0,1,0,0,0,-4,1.2,0,0,1.0,1,1,1,1,1537,1340,1267,1340,558,677,558,899,955,899,830,1016,1143,1022,1010,734,544,1013,1,1154,1390,1048,1498,145,5,1499,,3:03,1
2010-11,2420,Nenad Krstic,Nenad,1610612738,BOS,Boston Celtics,0041000123,2011-04-22T00:00:00,BOS @ NYK,W,7.833333333333333,0,0,0.0,0,0,0.0,0,0,0.0,1,0,1,0,2,0,0,0,1,0,0,-4,-0.8,0,0,1.0,1,1,1,1,1403,1340,1513,1340,558,904,558,899,955,899,422,1317,1143,1022,261,734,544,1,286,1154,1390,1048,1600,145,5,1499,,7:50,1
2010-11,693,Joe Smith,Joe,1610612747,LAL,Los Angeles Lakers,0041000153,2011-04-22T00:00:00,LAL @ NOH,W,0.76,0,1,0.0,0,0,0.0,0,0,0.0,0,0,0,0,0,0,0,0,0,0,0,-3,0.0,0,0,0.0,1,1,1,1,1600,1340,1386,1340,558,904,558,899,955,899,830,1317,1397,1022,1010,734,544,1,1,1154,1390,985,1534,145,5,1539,,0:46,1
2010-11,2548,Dwyane Wade,Dwyane,1610612748,MIA,Miami Heat,0041000113,2011-04-21T00:00:00,MIA @ PHI,W,39.46666666666667,10,19,0.526,0,0,0.0,12,12,1.0,6,4,10,8,3,1,2,1,0,7,32,1,62.0,1,0,56.0,1,1,1,1,211,54,88,409,558,904,558,16,29,1,21,391,111,36,131,278,76,1013,1,66,37,654,11,1,5,22,,39:28,1
2010-11,2544,LeBron James,LeBron,1610612748,MIA,Miami Heat,0041000113,2011-04-21T00:00:00,MIA @ PHI,W,44.266666666666666,8,15,0.533,1,4,0.25,7,10,0.7,1,14,15,6,1,1,0,1,1,7,24,8,53.0,1,0,48.0,1,1,1,1,53,132,192,403,259,223,449,94,68,615,422,2,18,82,557,278,544,1013,286,66,105,286,42,1,5,53,,44:16,1
2010-11,1891,Jason Terry,Jason,1610612742,DAL,Dallas Mavericks,0041000163,2011-04-21T00:00:00,DAL @ POR,L,40.458333333333336,10,13,0.769,5,7,0.714,4,5,0.8,0,1,1,7,2,1,0,0,3,3,29,7,41.7,0,0,44.0,1,802,802,802,176,54,283,121,7,36,97,234,256,479,830,1016,1143,57,261,278,544,1,980,354,55,326,138,145,5,88,,40:28,1
2010-11,1717,Dirk Nowitzki,Dirk,1610612742,DAL,Dallas Mavericks,0041000163,2011-04-21T00:00:00,DAL @ POR,L,40.43333333333333,10,21,0.476,1,2,0.5,4,7,0.571,0,9,9,2,2,0,1,2,3,7,25,-1,39.8,0,0,39.0,1,802,802,802,178,54,52,628,259,494,169,234,156,690,830,52,156,435,261,734,215,1432,980,66,90,825,167,145,5,133,,40:26,1
2010-11,202083,Wesley Matthews,Wesley,1610612757,POR,Portland Trail Blazers,0041000163,2011-04-21T00:00:00,POR vs. DAL,W,36.36666666666667,8,12,0.667,4,6,0.667,5,6,0.833,0,2,2,3,0,2,0,0,2,4,25,5,37.9,0,0,38.0,1,1,1,1,346,132,341,175,18,77,102,171,191,443,830,768,936,291,1010,95,544,1,603,242,90,422,203,145,5,149,,36:22,1
2010-11,201565,Derrick Rose,Derrick,1610612741,CHI,Chicago Bulls,0041000103,2011-04-21T00:00:00,CHI @ IND,W,42.53333333333333,4,18,0.222,2,6,0.333,13,15,0.867,1,2,3,2,5,4,0,2,2,7,23,6,36.6,0,0,38.0,1,1,1,1,95,478,109,1246,104,77,351,11,13,420,422,768,746,435,24,5,544,1432,603,66,129,371,233,145,5,149,,42:32,1
2010-11,2736,Luol Deng,Luol,1610612741,CHI,Chicago Bulls,0041000103,2011-04-21T00:00:00,CHI @ IND,W,45.18333333333333,8,19,0.421,2,6,0.333,3,4,0.75,3,3,6,6,2,0,1,0,3,3,21,9,38.2,0,0,37.0,1,1,1,1,31,132,88,767,104,77,351,337,304,518,133,559,351,82,261,734,215,1,980,354,170,250,198,145,5,176,,45:11,1
2010-11,201950,Jrue Holiday,Jrue,1610612755,PHI,Philadelphia 76ers,0041000113,2011-04-21T00:00:00,PHI vs. MIA,L,41.483333333333334,7,13,0.538,4,5,0.8,2,4,0.5,1,1,2,8,2,1,0,1,2,2,20,0,35.4,0,0,36.0,1,802,802,802,138,197,283,394,18,126,80,459,304,699,422,1016,936,36,261,278,544,1013,603,541,198,728,274,145,5,192,,41:29,1
2010-11,1882,Elton Brand,Elton,1610612755,PHI,Philadelphia 76ers,0041000113,2011-04-21T00:00:00,PHI vs. MIA,L,40.975,9,15,0.6,0,0,0.0,3,4,0.75,3,8,11,0,1,0,1,1,5,2,21,1,36.2,1,0,34.0,1,802,802,802,150,86,192,266,558,904,558,337,304,518,133,78,69,1022,557,734,215,1013,1479,541,170,654,243,1,5,226,,40:59,1
2010-11,2547,Chris Bosh,Chris,1610612748,MIA,Miami Heat,0041000113,2011-04-21T00:00:00,MIA @ PHI,W,40.61666666666667,8,19,0.421,0,0,0.0,3,6,0.5,3,3,6,1,3,1,3,1,1,4,19,6,36.7,0,0,34.0,1,1,1,1,168,132,88,767,558,904,558,337,191,699,133,559,351,674,131,278,27,1013,286,242,225,371,229,145,5,226,,40:37,1
2010-11,101122,Danny Granger,Danny,1610612754,IND,Indiana Pacers,0041000103,2011-04-21T00:00:00,IND vs. CHI,L,34.56666666666667,10,21,0.476,1,5,0.2,0,0,0.0,2,2,4,2,1,2,0,1,3,1,21,-9,33.8,0,0,32.0,1,802,802,802,424,54,52,628,259,126,510,899,955,899,239,768,600,435,557,95,544,1013,980,790,170,1349,313,145,5,286,,34:34,1
2010-11,201149,Joakim Noah,Joakim,1610612741,CHI,Chicago Bulls,0041000103,2011-04-21T00:00:00,CHI @ IND,W,35.223333333333336,3,6,0.5,0,0,0.0,5,6,0.833,1,9,10,2,0,0,4,1,4,5,11,6,38.0,1,0,31.0,1,1,1,1,398,626,814,417,558,904,558,171,191,443,422,52,111,435,1010,734,12,1013,1280,160,521,371,201,1,5,313,,35:13,1
2010-11,2738,Andre Iguodala,Andre,1610612755,PHI,Philadelphia 76ers,0041000113,2011-04-21T00:00:00,PHI vs. MIA,L,40.61666666666667,3,10,0.3,1,4,0.25,3,4,0.75,3,2,5,10,1,1,1,0,4,3,10,-3,36.0,1,0,30.0,1,802,802,802,168,626,464,1112,259,223,449,337,304,518,133,768,458,16,557,278,215,1,1280,354,568,985,252,1,5,338,,40:37,1
2010-11,200746,LaMarcus Aldridge,LaMarcus,1610612757,POR,Portland Trail Blazers,0041000163,2011-04-21T00:00:00,POR vs. DAL,W,43.11333333333334,9,21,0.429,0,0,0.0,2,2,1.0,1,3,4,1,1,1,1,1,3,6,20,0,31.3,0,0,29.0,1,1,1,1,77,86,52,715,558,904,558,459,543,1,422,559,600,674,557,278,215,1013,980,104,198,728,356,145,5,358,,43:07,1
2010-11,202331,Paul George,Paul,1610612754,IND,Indiana Pacers,0041000103,2011-04-21T00:00:00,IND vs. CHI,L,29.47,1,9,0.111,0,1,0.0,4,4,1.0,4,8,12,2,0,2,2,3,1,3,6,-2,35.4,0,0,28.0,1,802,802,802,627,1078,532,1336,558,677,558,234,304,1,75,78,49,435,1010,95,76,1558,286,354,848,901,274,145,5,376,,29:28,1
2010-11,2222,Gerald Wallace,Gerald,1610612757,POR,Portland Trail Blazers,0041000163,2011-04-21T00:00:00,POR vs. DAL,W,41.795,2,6,0.333,1,1,1.0,2,2,1.0,1,10,11,3,2,2,1,1,4,2,7,-1,31.7,0,0,28.0,1,1,1,1,126,828,814,960,259,677,1,459,543,1,422,32,69,291,261,95,215,1013,1280,541,789,825,346,145,5,376,,41:48,1
2010-11,1889,Andre Miller,Andre,1610612757,POR,Portland Trail Blazers,0041000163,2011-04-21T00:00:00,POR vs. DAL,W,33.266666666666666,6,13,0.462,1,2,0.5,3,3,1.0,1,1,2,7,3,0,0,0,2,5,16,6,25.9,0,0,26.0,1,1,1,1,478,264,283,648,259,494,169,337,478,1,422,1016,936,57,131,734,544,1,603,160,311,371,501,145,5,438,,33:16,1
2010-11,467,Jason Kidd,Jason,1610612742,DAL,Dallas Mavericks,0041000163,2011-04-21T00:00:00,DAL @ POR,L,38.36666666666667,3,9,0.333,2,8,0.25,0,0,0.0,0,6,6,3,5,2,1,0,2,1,8,-1,23.7,0,0,25.0,1,802,802,802,268,626,532,960,104,18,449,899,955,899,830,187,351,291,24,95,215,1,603,790,713,825,569,145,5,465,,38:22,1
2010-11,200750,Brandon Roy,Brandon,1610612757,POR,Portland Trail Blazers,0041000163,2011-04-21T00:00:00,POR vs. DAL,W,23.65,6,10,0.6,1,3,0.333,3,3,1.0,0,1,1,4,0,1,0,0,2,2,16,7,26.2,0,0,24.0,1,1,1,1,853,264,464,266,259,345,351,337,478,1,830,1016,1143,196,1010,278,544,1,603,541,311,326,486,145,5,495,,23:39,1
2010-11,101150,Lou Williams,Lou,1610612755,PHI,Philadelphia 76ers,0041000113,2011-04-21T00:00:00,PHI vs. MIA,L,30.783333333333335,5,12,0.417,2,5,0.4,3,5,0.6,0,1,1,4,0,1,0,0,2,3,15,-15,25.2,0,0,24.0,1,802,802,802,578,364,341,775,104,126,313,337,256,677,830,1016,1143,196,1010,278,544,1,603,354,346,1530,519,145,5,495,,30:47,1
2010-11,201150,Spencer Hawes,Spencer,1610612755,PHI,Philadelphia 76ers,0041000113,2011-04-21T00:00:00,PHI vs. MIA,L,21.983333333333334,6,11,0.545,0,1,0.0,0,0,0.0,1,5,6,0,0,0,2,1,1,1,12,0,25.2,0,0,22.0,1,802,802,802,920,264,409,378,558,677,558,899,955,899,422,262,351,1022,1010,734,76,1013,286,790,472,728,519,145,5,557,,21:59,1
2010-11,948,Marcus Camby,Marcus,1610612757,POR,Portland Trail Blazers,0041000163,2011-04-21T00:00:00,POR vs. DAL,W,20.766666666666666,3,6,0.5,0,0,0.0,0,2,0.0,4,6,10,0,0,1,1,0,4,2,6,0,24.0,0,0,20.0,1,1,1,1,971,626,814,417,558,904,558,899,543,899,75,187,111,1022,1010,278,215,1,1280,541,848,728,560,145,5,614,,20:46,1
2010-11,2430,Carlos Boozer,Carlos,1610612741,CHI,Chicago Bulls,0041000103,2011-04-21T00:00:00,CHI @ IND,W,31.936666666666667,2,10,0.2,0,0,0.0,0,0,0.0,3,8,11,3,3,1,0,2,4,1,4,6,21.7,0,0,20.0,1,1,1,1,538,828,464,1262,558,904,558,899,955,899,133,78,69,291,131,278,544,1432,1280,790,1037,371,626,145,5,614,,31:56,1
2010-11,980,Zydrunas Ilgauskas,Zydrunas,1610612748,MIA,Miami Heat,0041000113,2011-04-21T00:00:00,MIA @ PHI,W,16.033333333333335,5,9,0.556,0,0,0.0,0,0,0.0,8,0,8,0,1,0,1,1,3,0,10,-14,21.6,0,0,20.0,1,1,1,1,1146,364,532,361,558,904,558,899,955,899,4,1317,208,1022,557,734,215,1013,980,1154,568,1512,627,145,5,614,,16:02,1
2010-11,2594,Kyle Korver,Kyle,1610612741,CHI,Chicago Bulls,0041000103,2011-04-21T00:00:00,CHI @ IND,W,19.22,5,6,0.833,2,3,0.667,0,0,0.0,1,1,2,2,1,0,1,0,2,0,12,-1,19.4,0,0,20.0,1,1,1,1,1019,364,814,99,104,345,102,899,955,899,422,1016,936,435,557,734,215,1,603,1154,472,825,688,145,5,614,,19:13,1
2010-11,201946,Tyler Hansbrough,Tyler,1610612754,IND,Indiana Pacers,0041000103,2011-04-21T00:00:00,IND vs. CHI,L,31.033333333333335,3,12,0.25,0,0,0.0,4,4,1.0,4,1,5,1,1,1,0,1,1,4,10,-13,19.5,0,0,18.0,1,802,802,802,568,626,341,1175,558,904,558,234,304,1,75,1016,458,674,557,278,544,1013,286,242,568,1483,683,145,5,681,,31:02,1
2010-11,1890,Shawn Marion,Shawn,1610612742,DAL,Dallas Mavericks,0041000163,2011-04-21T00:00:00,DAL @ POR,L,27.37,4,8,0.5,0,0,0.0,1,1,1.0,2,6,8,1,2,0,0,1,1,1,9,-16,18.1,0,0,18.0,1,802,802,802,697,478,606,417,558,904,558,704,881,1,239,187,208,674,261,734,544,1013,286,790,632,1545,735,145,5,681,,27:22,1
2010-11,201177,Josh McRoberts,Josh,1610612754,IND,Indiana Pacers,0041000103,2011-04-21T00:00:00,IND vs. CHI,L,16.966666666666665,2,2,1.0,0,0,0.0,5,5,1.0,0,2,2,0,1,2,1,0,2,3,9,9,19.4,0,0,17.0,1,802,802,802,1103,828,1267,1,558,904,558,171,256,1,830,768,936,1022,557,95,215,1,603,354,632,250,688,145,5,719,,16:58,1
2010-11,201975,Jodie Meeks,Jodie,1610612755,PHI,Philadelphia 76ers,0041000113,2011-04-21T00:00:00,PHI vs. MIA,L,28.161666666666665,2,8,0.25,2,6,0.333,0,0,0.0,1,2,3,2,0,2,0,2,1,0,6,1,18.6,0,0,17.0,1,802,802,802,678,828,606,1175,104,77,351,899,955,899,422,768,746,435,1010,95,544,1432,286,1154,848,654,716,145,5,719,,28:10,1
2010-11,201579,Roy Hibbert,Roy,1610612754,IND,Indiana Pacers,0041000103,2011-04-21T00:00:00,IND vs. CHI,L,22.923333333333332,3,12,0.25,0,0,0.0,0,0,0.0,3,4,7,0,2,0,2,3,5,4,6,-4,18.4,0,0,17.0,1,802,802,802,877,626,341,1175,558,904,558,899,955,899,133,391,276,1022,261,734,76,1558,1479,242,848,1048,723,145,5,719,,22:55,1
2010-11,2217,Brendan Haywood,Brendan,1610612742,DAL,Dallas Mavericks,0041000163,2011-04-21T00:00:00,DAL @ POR,L,30.296666666666667,2,2,1.0,0,0,0.0,2,6,0.333,2,4,6,0,2,1,1,0,3,4,6,4,17.2,0,0,16.0,1,802,802,802,600,828,1267,1,558,904,558,459,191,877,239,391,351,1022,261,278,215,1,980,242,848,469,774,145,5,763,,30:18,1
2010-11,201959,Taj Gibson,Taj,1610612741,CHI,Chicago Bulls,0041000103,2011-04-21T00:00:00,CHI @ IND,W,20.563333333333333,3,5,0.6,0,0,0.0,0,0,0.0,1,4,5,0,2,0,2,0,0,1,6,-1,16.0,0,0,15.0,1,1,1,1,975,626,926,266,558,904,558,899,955,899,422,391,458,1022,261,734,76,1,1,790,848,825,825,145,5,808,,20:34,1
2010-11,2586,Keith Bogans,Keith,1610612741,CHI,Chicago Bulls,0041000103,2011-04-21T00:00:00,CHI @ IND,W,19.316666666666666,3,4,0.75,3,3,1.0,0,0,0.0,0,0,0,1,0,1,0,1,1,0,9,4,13.5,0,0,15.0,1,1,1,1,1016,626,1024,122,44,345,1,899,955,899,830,1317,1397,674,1010,278,544,1013,286,1154,632,469,934,145,5,808,,19:19,1
2010-11,2592,James Jones,James,1610612748,MIA,Miami Heat,0041000113,2011-04-21T00:00:00,MIA @ PHI,W,26.483333333333334,2,3,0.667,2,3,0.667,2,2,1.0,0,5,5,0,2,0,0,0,2,1,8,10,12.0,0,0,15.0,1,1,1,1,737,828,1138,175,104,345,102,459,543,1,830,262,458,1022,261,734,544,1,603,790,713,214,998,145,5,808,,26:29,1
2010-11,201954,Darren Collison,Darren,1610612754,IND,Indiana Pacers,0041000103,2011-04-21T00:00:00,IND vs. CHI,L,34.471666666666664,4,8,0.5,0,0,0.0,1,2,0.5,0,1,1,2,4,1,0,0,1,1,9,-2,12.2,0,0,14.0,1,802,802,802,431,478,606,417,558,904,558,704,543,699,830,1016,1143,435,63,278,544,1,286,790,632,901,991,145,5,860,,34:28,1
2010-11,201985,AJ Price,AJ,1610612754,IND,Indiana Pacers,0041000103,2011-04-21T00:00:00,IND vs. CHI,L,13.25,2,9,0.222,0,2,0.0,0,0,0.0,0,3,3,1,0,2,0,0,2,1,4,0,15.1,0,0,12.0,1,802,802,802,1254,828,532,1246,558,494,558,899,955,899,830,559,746,674,1010,95,544,1,603,790,1037,728,859,145,5,946,,13:15,1
2010-11,2563,Dahntay Jones,Dahntay,1610612754,IND,Indiana Pacers,0041000103,2011-04-21T00:00:00,IND vs. CHI,L,16.226666666666667,5,9,0.556,0,1,0.0,1,1,1.0,1,0,1,0,0,0,0,1,3,1,11,-5,12.2,0,0,12.0,1,802,802,802,1131,364,532,361,558,677,558,704,881,1,422,1317,1143,1022,1010,734,544,1013,980,790,521,1135,991,145,5,946,,16:14,1
2010-11,201202,Joel Anthony,Joel,1610612748,MIA,Miami Heat,0041000113,2011-04-21T00:00:00,MIA @ PHI,W,29.261666666666667,2,6,0.333,0,0,0.0,0,0,0.0,1,3,4,1,0,0,1,1,3,0,4,15,13.3,0,0,11.0,1,1,1,1,640,828,814,960,558,904,558,899,955,899,422,559,600,674,1010,734,215,1013,980,1154,1037,85,943,145,5,1004,,29:16,1
2010-11,201152,Thaddeus Young,Thaddeus,1610612755,PHI,Philadelphia 76ers,0041000113,2011-04-21T00:00:00,PHI vs. MIA,L,21.925,1,8,0.125,0,0,0.0,2,2,1.0,1,2,3,0,2,1,1,2,2,1,4,-7,11.6,0,0,11.0,1,802,802,802,922,1078,606,1325,558,904,558,459,543,1,422,768,746,1022,261,278,215,1432,603,790,1037,1234,1014,145,5,1004,,21:56,1
2010-11,1902,Jeff Foster,Jeff,1610612754,IND,Indiana Pacers,0041000103,2011-04-21T00:00:00,IND vs. CHI,L,25.076666666666668,1,1,1.0,0,0,0.0,0,0,0.0,1,6,7,0,2,0,1,0,2,1,2,0,11.4,0,0,11.0,1,802,802,802,793,1078,1386,1,558,904,558,899,955,899,422,187,276,1022,261,734,215,1,603,790,1223,728,1023,145,5,1004,,25:05,1
2010-11,978,Peja Stojakovic,Peja,1610612742,DAL,Dallas Mavericks,0041000163,2011-04-21T00:00:00,DAL @ POR,L,21.993333333333332,3,7,0.429,1,4,0.25,0,0,0.0,0,3,3,0,1,0,0,0,0,0,7,-6,9.6,0,0,11.0,1,802,802,802,918,626,692,715,259,223,449,899,955,899,830,559,746,1022,557,734,544,1,1,1154,789,1182,1111,145,5,1004,,21:60,1
2010-11,201587,Nicolas Batum,Nicolas,1610612757,POR,Portland Trail Blazers,0041000163,2011-04-21T00:00:00,POR vs. DAL,W,24.4,2,5,0.4,1,1,1.0,2,2,1.0,0,1,1,0,2,1,0,1,1,1,7,-1,9.2,0,0,11.0,1,1,1,1,826,828,926,796,259,677,1,459,543,1,830,1016,1143,1022,261,278,544,1013,286,790,789,825,1132,145,5,1004,,24:24,1
2010-11,2399,Mike Dunleavy,Mike,1610612754,IND,Indiana Pacers,0041000103,2011-04-21T00:00:00,IND vs. CHI,L,13.73,2,4,0.5,0,1,0.0,2,2,1.0,0,0,0,2,0,0,0,0,0,1,6,3,9.0,0,0,8.0,1,802,802,802,1239,828,1024,417,558,677,558,459,543,1,830,1317,1397,435,1010,734,544,1,1,790,848,535,1141,145,5,1150,,13:44,1
2010-11,200826,J.J. Barea,J.J.,1610612742,DAL,Dallas Mavericks,0041000163,2011-04-21T00:00:00,DAL @ POR,L,21.356666666666666,2,5,0.4,0,1,0.0,2,4,0.5,0,0,0,2,0,0,0,2,4,3,6,-2,9.0,0,0,8.0,1,802,802,802,952,828,926,796,558,677,558,459,304,699,830,1317,1397,435,1010,734,544,1432,1280,354,848,901,1141,145,5,1150,,21:21,1
2010-11,202419,Chris Johnson,Chris,1610612757,POR,Portland Trail Blazers,0041000163,2011-04-21T00:00:00,POR vs. DAL,W,5.6033333333333335,0,0,0.0,0,0,0.0,0,0,0.0,0,3,3,0,0,0,2,0,0,0,0,7,9.6,0,0,7.0,1,1,1,1,1470,1340,1513,1340,558,904,558,899,955,899,830,559,746,1022,1010,734,76,1,1,1154,1390,326,1111,145,5,1201,,5:36,1
2010-11,2199,Tyson Chandler,Tyson,1610612742,DAL,Dallas Mavericks,0041000163,2011-04-21T00:00:00,DAL @ POR,L,15.4,1,3,0.333,0,0,0.0,0,0,0.0,3,1,4,1,1,0,0,1,6,1,2,-2,7.3,0,0,7.0,1,802,802,802,1175,1078,1138,960,558,904,558,899,955,899,133,1016,600,674,557,734,544,1013,1593,790,1223,901,1215,145,5,1201,,15:24,1
2010-11,1710,Mike Bibby,Mike,1610612748,MIA,Miami Heat,0041000113,2011-04-21T00:00:00,MIA @ PHI,W,26.705,1,5,0.2,1,3,0.333,0,0,0.0,1,0,1,0,2,0,1,0,0,1,3,-3,5.2,0,0,7.0,1,1,1,1,729,1078,926,1262,259,345,351,899,955,899,422,1317,1143,1022,261,734,215,1,1,790,1146,985,1332,145,5,1201,,26:42,1
2010-11,200758,Ronnie Brewer,Ronnie,1610612741,CHI,Chicago Bulls,0041000103,2011-04-21T00:00:00,CHI @ IND,W,10.23,0,2,0.0,0,0,0.0,2,2,1.0,0,3,3,1,0,0,0,0,0,1,2,0,7.1,0,0,6.0,1,1,1,1,1342,1340,1267,1340,558,904,558,459,543,1,830,559,746,674,1010,734,544,1,1,790,1223,728,1230,145,5,1256,,10:14,1
2010-11,1499,Tony Battie,Tony,1610612755,PHI,Philadelphia 76ers,0041000113,2011-04-21T00:00:00,PHI vs. MIA,L,7.15,2,2,1.0,0,0,0.0,0,0,0.0,1,1,2,0,0,0,0,0,2,0,4,-3,6.4,0,0,6.0,1,802,802,802,1430,828,1267,1,558,904,558,899,955,899,422,1016,936,1022,1010,734,544,1,603,1154,1037,985,1256,145,5,1256,,7:09,1
2010-11,202323,Evan Turner,Evan,1610612755,PHI,Philadelphia 76ers,0041000113,2011-04-21T00:00:00,PHI vs. MIA,L,6.921666666666667,1,3,0.333,0,0,0.0,0,0,0.0,0,1,1,0,0,1,0,1,1,0,2,-4,6.2,0,0,5.0,1,802,802,802,1434,1078,1138,960,558,904,558,899,955,899,830,1016,1143,1022,1010,278,544,1013,286,1154,1223,1048,1265,145,5,1306,,6:55,1
2010-11,201164,Rudy Fernandez,Rudy,1610612757,POR,Portland Trail Blazers,0041000163,2011-04-21T00:00:00,POR vs. DAL,W,11.038333333333334,0,2,0.0,0,1,0.0,0,1,0.0,0,3,3,0,1,0,1,0,2,0,0,2,5.6,0,0,5.0,1,1,1,1,1322,1340,1267,1340,558,677,558,899,881,899,830,559,746,1022,557,734,215,1,603,1154,1390,591,1311,145,5,1306,,11:02,1
2010-11,201596,Mario Chalmers,Mario,1610612748,MIA,Miami Heat,0041000113,2011-04-21T00:00:00,MIA @ PHI,W,17.166666666666668,0,3,0.0,0,2,0.0,0,0,0.0,0,1,1,3,0,0,0,0,2,0,0,7,5.7,0,0,4.0,1,1,1,1,1097,1340,1138,1340,558,494,558,899,955,899,830,1016,1143,291,1010,734,544,1,603,1154,1390,326,1303,145,5,1362,,17:10,1
2010-11,703,Kurt Thomas,Kurt,1610612741,CHI,Chicago Bulls,0041000103,2011-04-21T00:00:00,CHI @ IND,W,5.343333333333334,0,1,0.0,0,1,0.0,0,0,0.0,0,2,2,0,0,0,1,0,2,0,0,0,5.4,0,0,4.0,1,1,1,1,1474,1340,1386,1340,558,677,558,899,955,899,830,768,936,1022,1010,734,215,1,603,1154,1390,728,1323,145,5,1362,,5:21,1
2010-11,201228,C.J. Watson,C.J.,1610612741,CHI,Chicago Bulls,0041000103,2011-04-21T00:00:00,CHI @ IND,W,7.516666666666667,0,1,0.0,0,1,0.0,0,0,0.0,0,0,0,3,2,0,0,0,1,2,0,-6,2.5,0,0,3.0,1,1,1,1,1417,1340,1386,1340,558,677,558,899,955,899,830,1317,1397,291,261,734,544,1,286,541,1390,1182,1464,145,5,1411,,7:31,1
2010-11,201600,Omer Asik,Omer,1610612741,CHI,Chicago Bulls,0041000103,2011-04-21T00:00:00,CHI @ IND,W,2.933333333333333,0,0,0.0,0,0,0.0,0,0,0.0,0,0,0,0,0,1,0,0,1,0,0,-3,3.0,0,0,2.0,1,1,1,1,1541,1340,1513,1340,558,904,558,899,955,899,830,1317,1397,1022,1010,278,544,1,286,1154,1390,985,1434,145,5,1461,,2:56,1
2010-11,201575,Brandon Rush,Brandon,1610612754,IND,Indiana Pacers,0041000103,2011-04-21T00:00:00,IND vs. CHI,L,2.285,0,0,0.0,0,0,0.0,0,0,0.0,0,0,0,1,0,0,0,0,0,0,0,3,1.5,0,0,1.0,1,802,802,802,1551,1340,1513,1340,558,904,558,899,955,899,830,1317,1397,674,1010,734,544,1,1,1154,1390,535,1489,145,5,1499,,2:17,1
2010-11,2052,DeShawn Stevenson,DeShawn,1610612742,DAL,Dallas Mavericks,0041000163,2011-04-21T00:00:00,DAL @ POR,L,4.325,0,0,0.0,0,0,0.0,0,0,0.0,0,0,0,0,1,0,0,0,0,0,0,-8,-1.0,0,0,0.0,1,802,802,802,1499,1340,1513,1340,558,904,558,899,955,899,830,1317,1397,1022,557,734,544,1,1,1154,1390,1306,1602,145,5,1539,,4:20,1
2010-11,201566,Russell Westbrook,Russell,1610612760,OKC,Oklahoma City Thunder,0041000172,2011-04-20T00:00:00,OKC vs. DEN,W,32.961666666666666,7,18,0.389,3,6,0.5,4,4,1.0,1,3,4,7,7,1,1,0,3,6,21,21,35.3,0,0,39.0,1,1,1,1,495,197,109,873,44,77,169,234,304,1,422,559,600,57,6,278,215,1,980,104,170,27,277,145,5,133,,32:58,1
2010-11,1938,Manu Ginobili,Manu,1610612759,SAS,San Antonio Spurs,0041000142,2011-04-20T00:00:00,SAS vs. MEM,W,33.711666666666666,5,13,0.385,0,3,0.0,7,13,0.538,1,6,7,4,5,4,1,1,3,9,17,16,41.4,0,0,38.0,1,1,1,1,464,364,283,879,558,345,558,94,21,697,422,187,276,196,24,5,215,1013,980,18,278,69,148,145,5,149,,33:43,1
2010-11,201142,Kevin Durant,Kevin,1610612760,OKC,Oklahoma City Thunder,0041000172,2011-04-20T00:00:00,OKC vs. DEN,W,39.5,7,15,0.467,3,7,0.429,6,7,0.857,2,3,5,5,1,1,0,0,2,6,23,20,38.5,0,0,38.0,1,1,1,1,209,197,192,639,44,36,304,118,156,421,239,559,458,131,557,278,544,1,603,104,129,32,197,145,5,149,,39:30,1
2010-11,201188,Marc Gasol,Marc,1610612763,MEM,Memphis Grizzlies,0041000142,2011-04-20T00:00:00,MEM @ SAS,L,44.19833333333333,2,9,0.222,0,0,0.0,8,11,0.727,3,14,17,2,1,2,1,2,5,9,12,-4,43.4,1,0,37.0,1,802,802,802,55,828,532,1246,558,904,558,73,49,605,133,2,8,435,557,95,215,1432,1479,18,472,1048,120,1,5,176,,44:12,1
2010-11,2772,Trevor Ariza,Trevor,1610612740,NOH,New Orleans Hornets,0041000152,2011-04-20T00:00:00,NOH @ LAL,L,42.45,8,15,0.533,2,3,0.667,4,6,0.667,4,3,7,3,0,0,1,0,0,6,22,-8,37.9,0,0,36.0,1,802,802,802,96,132,192,403,104,345,102,234,191,619,75,559,276,291,1010,734,215,1,1,104,151,1306,203,145,5,192,,42:27,1
2010-11,101115,Andrew Bynum,Andrew,1610612747,LAL,Los Angeles Lakers,0041000152,2011-04-20T00:00:00,LAL vs. NOH,W,31.886666666666667,8,11,0.727,0,0,0.0,1,3,0.333,1,10,11,1,1,1,2,0,6,3,17,8,39.7,1,0,35.0,1,1,1,1,539,132,409,148,558,904,558,704,478,877,422,32,69,674,557,278,76,1,1593,354,278,286,168,1,5,203,,31:53,1
2010-11,1495,Tim Duncan,Tim,1610612759,SAS,San Antonio Spurs,0041000142,2011-04-20T00:00:00,SAS vs. MEM,W,34.733333333333334,7,12,0.583,0,0,0.0,2,2,1.0,2,8,10,0,5,1,3,1,6,2,16,7,35.0,1,0,34.0,1,1,1,1,415,197,341,311,558,904,558,459,543,1,239,78,111,1022,24,278,27,1013,1593,541,311,326,280,1,5,226,,34:44,1
2010-11,201951,Ty Lawson,Ty,1610612743,DEN,Denver Nuggets,0041000172,2011-04-20T00:00:00,DEN @ OKC,L,36.678333333333335,7,13,0.538,1,2,0.5,5,5,1.0,1,3,4,3,2,2,1,0,2,3,20,-4,36.3,0,0,34.0,1,802,802,802,338,197,283,394,259,494,169,171,256,1,422,559,600,291,261,95,215,1,603,354,198,1048,240,145,5,226,,36:41,1
2010-11,101108,Chris Paul,Chris,1610612740,NOH,New Orleans Hornets,0041000152,2011-04-20T00:00:00,NOH @ LAL,L,43.416666666666664,5,11,0.455,2,4,0.5,8,12,0.667,0,3,3,9,1,0,0,2,4,6,20,-7,36.1,0,0,34.0,1,802,802,802,72,364,409,664,104,223,169,73,29,619,830,559,746,28,557,734,544,1432,1280,104,198,1234,248,145,5,226,,43:25,1
2010-11,1897,Metta World Peace,Metta,1610612747,LAL,Los Angeles Lakers,0041000152,2011-04-20T00:00:00,LAL vs. NOH,W,33.166666666666664,6,14,0.429,2,5,0.4,1,1,1.0,3,3,6,2,1,2,2,0,1,1,15,-6,36.2,0,0,33.0,1,1,1,1,488,264,229,715,104,126,313,704,881,1,133,559,351,435,557,95,76,1,286,790,346,1182,243,145,5,259,,33:10,1
2010-11,201588,George Hill,George,1610612759,SAS,San Antonio Spurs,0041000142,2011-04-20T00:00:00,SAS vs. MEM,W,23.733333333333334,3,9,0.333,2,2,1.0,8,9,0.889,3,2,5,4,1,2,0,2,2,7,16,-5,33.0,0,0,31.0,1,1,1,1,851,626,532,960,104,494,1,73,91,401,133,768,458,196,557,95,544,1432,603,66,311,1135,331,145,5,313,,23:44,1
2010-11,201586,Serge Ibaka,Serge,1610612760,OKC,Oklahoma City Thunder,0041000172,2011-04-20T00:00:00,OKC vs. DEN,W,23.088333333333335,5,8,0.625,0,0,0.0,2,2,1.0,3,9,12,0,2,0,2,0,4,1,12,9,30.4,1,0,28.0,1,1,1,1,871,364,606,248,558,904,558,459,543,1,133,52,49,1022,261,734,76,1,1280,790,472,250,378,1,5,376,,23:05,1
2010-11,2403,Nene,ene,1610612743,DEN,Denver Nuggets,0041000172,2011-04-20T00:00:00,DEN @ OKC,L,35.65,2,8,0.25,0,0,0.0,12,18,0.667,2,7,9,1,1,1,0,0,4,10,16,-6,30.3,0,0,28.0,1,802,802,802,376,828,606,1175,558,904,558,16,6,619,239,126,156,674,557,278,544,1,1280,10,311,1182,382,145,5,376,,35:39,1
2010-11,2225,Tony Parker,Tony,1610612759,SAS,San Antonio Spurs,0041000142,2011-04-20T00:00:00,SAS vs. MEM,W,35.516666666666666,6,14,0.429,0,1,0.0,0,0,0.0,0,4,4,7,2,1,1,1,0,0,12,4,31.3,0,0,27.0,1,1,1,1,378,264,229,715,558,677,558,899,955,899,830,391,600,57,261,278,215,1013,1,1154,472,469,356,145,5,405,,35:31,1
2010-11,1885,Lamar Odom,Lamar,1610612747,LAL,Los Angeles Lakers,0041000152,2011-04-20T00:00:00,LAL vs. NOH,W,27.785,8,12,0.667,0,1,0.0,0,2,0.0,0,7,7,2,2,0,1,0,3,2,16,12,28.4,0,0,27.0,1,1,1,1,686,132,341,175,558,677,558,899,543,899,830,126,276,435,261,734,215,1,980,541,311,163,434,145,5,405,,27:47,1
2010-11,201970,Sam Young,Sam,1610612763,MEM,Memphis Grizzlies,0041000142,2011-04-20T00:00:00,MEM @ SAS,L,27.016666666666666,7,13,0.538,1,2,0.5,2,2,1.0,0,4,4,1,1,1,1,0,3,1,17,-4,28.3,0,0,27.0,1,802,802,802,708,197,283,394,259,494,169,459,543,1,830,391,600,674,557,278,215,1,980,790,278,1048,436,145,5,405,,27:01,1
2010-11,201935,James Harden,James,1610612760,OKC,Oklahoma City Thunder,0041000172,2011-04-20T00:00:00,OKC vs. DEN,W,28.205,5,9,0.556,2,5,0.4,6,6,1.0,1,4,5,1,1,0,0,0,4,3,18,4,24.5,0,0,26.0,1,1,1,1,677,364,532,361,104,126,313,118,191,1,422,391,458,674,557,734,544,1,1280,354,244,469,540,145,5,438,,28:12,1
2010-11,2216,Zach Randolph,Zach,1610612763,MEM,Memphis Grizzlies,0041000142,2011-04-20T00:00:00,MEM @ SAS,L,26.766666666666666,5,14,0.357,0,0,0.0,1,1,1.0,1,4,5,3,0,3,0,3,5,0,11,3,30.5,0,0,25.0,1,802,802,802,723,364,229,948,558,904,558,704,881,1,422,391,458,291,1010,34,544,1558,1479,1154,521,535,375,145,5,465,,26:46,1
2010-11,201171,Carl Landry,Carl,1610612740,NOH,New Orleans Hornets,0041000152,2011-04-20T00:00:00,NOH @ LAL,L,35.45,4,12,0.333,0,0,0.0,4,4,1.0,1,6,7,0,3,1,2,2,5,3,12,-10,26.4,0,0,25.0,1,802,802,802,381,478,341,960,558,904,558,234,304,1,422,187,276,1022,131,278,76,1432,1479,354,472,1385,480,145,5,465,,35:27,1
2010-11,201144,Mike Conley,Mike,1610612763,MEM,Memphis Grizzlies,0041000142,2011-04-20T00:00:00,MEM @ SAS,L,40.71666666666667,6,15,0.4,0,2,0.0,1,2,0.5,1,6,7,4,5,0,0,2,2,5,13,0,22.4,0,0,24.0,1,802,802,802,161,264,192,796,558,494,558,704,543,699,422,187,276,196,24,734,544,1432,603,160,428,728,607,145,5,495,,40:43,1
2010-11,1733,Al Harrington,Al,1610612743,DEN,Denver Nuggets,0041000172,2011-04-20T00:00:00,DEN @ OKC,L,25.283333333333335,6,9,0.667,3,4,0.75,0,0,0.0,1,3,4,2,1,0,0,1,2,1,15,-1,21.8,0,0,24.0,1,802,802,802,785,264,532,175,44,223,85,899,955,899,422,559,600,435,557,734,544,1013,603,790,346,825,621,145,5,495,,25:17,1
2010-11,2754,Tony Allen,Tony,1610612763,MEM,Memphis Grizzlies,0041000142,2011-04-20T00:00:00,MEM @ SAS,L,27.325,7,13,0.538,0,0,0.0,1,1,1.0,2,0,2,2,4,1,1,1,4,1,15,-6,22.4,0,0,23.0,1,802,802,802,699,197,283,394,558,904,558,704,881,1,239,1317,936,435,63,278,215,1013,1280,790,346,1182,607,145,5,531,,27:20,1
2010-11,2210,Richard Jefferson,Richard,1610612759,SAS,San Antonio Spurs,0041000142,2011-04-20T00:00:00,SAS vs. MEM,W,33.56166666666667,5,8,0.625,3,6,0.5,3,4,0.75,0,4,4,0,2,0,0,0,2,2,16,4,18.8,0,0,23.0,1,1,1,1,471,364,606,248,44,77,169,337,304,518,830,391,600,1022,261,734,544,1,603,541,311,469,705,145,5,531,,33:34,1
2010-11,2200,Pau Gasol,Pau,1610612747,LAL,Los Angeles Lakers,0041000152,2011-04-20T00:00:00,LAL vs. NOH,W,36.263333333333335,2,10,0.2,0,0,0.0,4,4,1.0,5,0,5,1,3,1,3,1,2,6,8,1,24.5,0,0,22.0,1,1,1,1,353,828,464,1262,558,904,558,234,304,1,41,1317,458,674,131,278,27,1013,603,104,713,654,540,145,5,557,,36:16,1
2010-11,201589,Darrell Arthur,Darrell,1610612763,MEM,Memphis Grizzlies,0041000142,2011-04-20T00:00:00,MEM @ SAS,L,21.368333333333332,4,5,0.8,0,0,0.0,0,1,0.0,2,2,4,0,0,1,3,0,0,4,8,-10,24.8,0,0,20.0,1,802,802,802,951,478,926,107,558,904,558,899,881,899,239,768,600,1022,1010,278,27,1,1,242,713,1385,531,145,5,614,,21:22,1
2010-11,101109,Raymond Felton,Raymond,1610612743,DEN,Denver Nuggets,0041000172,2011-04-20T00:00:00,DEN @ OKC,L,35.98833333333334,5,11,0.455,2,4,0.5,4,4,1.0,0,0,0,2,0,0,0,0,4,2,16,-20,19.0,0,0,20.0,1,802,802,802,363,364,409,664,104,223,169,234,304,1,830,1317,1397,435,1010,734,544,1,1280,541,311,1584,700,145,5,614,,35:59,1
2010-11,2555,Nick Collison,Nick,1610612760,OKC,Oklahoma City Thunder,0041000172,2011-04-20T00:00:00,OKC vs. DEN,W,25.366666666666667,4,5,0.8,0,0,0.0,2,2,1.0,3,5,8,1,0,0,0,0,1,1,10,16,21.1,0,0,19.0,1,1,1,1,783,478,926,107,558,904,558,459,543,1,133,262,208,674,1010,734,544,1,286,790,568,69,638,145,5,650,,25:22,1
2010-11,686,Antonio McDyess,Antonio,1610612759,SAS,San Antonio Spurs,0041000142,2011-04-20T00:00:00,SAS vs. MEM,W,26.805,2,6,0.333,0,0,0.0,1,2,0.5,1,4,5,2,1,0,3,0,3,2,5,0,22.0,0,0,18.0,1,1,1,1,720,828,814,960,558,904,558,704,543,699,422,391,458,435,557,734,27,1,980,541,958,728,617,145,5,681,,26:48,1
2010-11,2570,Kendrick Perkins,Kendrick,1610612760,OKC,Oklahoma City Thunder,0041000172,2011-04-20T00:00:00,OKC vs. DEN,W,25.65,2,6,0.333,0,0,0.0,3,5,0.6,6,5,11,0,1,0,0,0,6,3,7,3,19.2,0,0,18.0,1,1,1,1,766,828,814,960,558,904,558,337,256,677,21,262,69,1022,557,734,544,1,1593,354,789,535,693,145,5,681,,25:39,1
2010-11,977,Kobe Bryant,Kobe,1610612747,LAL,Los Angeles Lakers,0041000152,2011-04-20T00:00:00,LAL vs. NOH,W,34.77166666666667,3,10,0.3,0,2,0.0,5,8,0.625,2,1,3,2,2,1,0,3,4,5,11,1,18.6,0,0,18.0,1,1,1,1,412,626,464,1112,558,494,558,171,117,666,239,1016,746,435,261,278,544,1558,1280,160,521,654,716,145,5,681,,34:46,1
2010-11,965,Derek Fisher,Derek,1610612747,LAL,Los Angeles Lakers,0041000152,2011-04-20T00:00:00,LAL vs. NOH,W,30.116666666666667,2,9,0.222,1,1,1.0,4,4,1.0,1,2,3,4,0,0,0,1,2,4,9,-1,18.6,0,0,17.0,1,1,1,1,605,828,532,1246,259,677,1,234,304,1,422,768,746,196,1010,734,544,1013,603,242,632,825,716,145,5,719,,30:07,1
2010-11,2440,Matt Barnes,Matt,1610612747,LAL,Los Angeles Lakers,0041000152,2011-04-20T00:00:00,LAL vs. NOH,W,11.743333333333334,4,4,1.0,0,0,0.0,0,0,0.0,0,4,4,0,0,2,0,0,2,1,8,8,18.8,0,0,16.0,1,1,1,1,1304,478,1024,1,558,904,558,899,955,899,830,391,600,1022,1010,95,544,1,603,790,713,286,705,145,5,763,,11:45,1
2010-11,201568,Danilo Gallinari,Danilo,1610612743,DEN,Denver Nuggets,0041000172,2011-04-20T00:00:00,DEN @ OKC,L,37.2,3,8,0.375,1,3,0.333,0,2,0.0,0,3,3,1,2,2,0,1,4,3,7,-12,16.1,0,0,16.0,1,802,802,802,317,626,606,896,259,345,351,899,543,899,830,559,746,674,261,95,544,1013,1280,354,789,1453,818,145,5,763,,37:12,1
2010-11,2203,Shane Battier,Shane,1610612763,MEM,Memphis Grizzlies,0041000142,2011-04-20T00:00:00,MEM @ SAS,L,27.45,1,7,0.143,1,5,0.2,0,0,0.0,2,4,6,1,0,1,1,0,3,1,3,-5,17.7,0,0,15.0,1,802,802,802,696,1078,692,1315,259,126,510,899,955,899,239,391,351,674,1010,278,215,1,980,790,1146,1135,754,145,5,808,,27:27,1
2010-11,200757,Thabo Sefolosha,Thabo,1610612760,OKC,Oklahoma City Thunder,0041000172,2011-04-20T00:00:00,OKC vs. DEN,W,22.283333333333335,3,7,0.429,0,3,0.0,0,0,0.0,1,2,3,0,2,3,0,0,2,0,6,11,16.6,0,0,15.0,1,1,1,1,903,626,692,715,558,345,558,899,955,899,422,768,746,1022,261,34,544,1,603,1154,848,190,799,145,5,808,,22:17,1
2010-11,2731,Emeka Okafor,Emeka,1610612740,NOH,New Orleans Hornets,0041000152,2011-04-20T00:00:00,NOH @ LAL,L,23.7,3,5,0.6,0,0,0.0,1,3,0.333,2,3,5,0,1,1,0,1,4,2,7,1,15.0,0,0,14.0,1,802,802,802,852,626,926,266,558,904,558,704,478,877,239,559,458,1022,557,278,544,1013,1280,541,789,654,863,145,5,860,,23:42,1
2010-11,2030,Kenyon Martin,Kenyon,1610612743,DEN,Denver Nuggets,0041000172,2011-04-20T00:00:00,DEN @ OKC,L,22.383333333333333,2,6,0.333,0,0,0.0,3,4,0.75,1,5,6,0,1,0,0,0,1,2,7,-14,13.2,0,0,13.0,1,802,802,802,901,828,814,960,558,904,558,337,304,518,422,262,351,1022,557,734,544,1,286,541,789,1512,946,145,5,903,,22:23,1
2010-11,201161,Daequan Cook,Daequan,1610612760,OKC,Oklahoma City Thunder,0041000172,2011-04-20T00:00:00,OKC vs. DEN,W,16.633333333333333,2,7,0.286,2,7,0.286,0,0,0.0,0,5,5,0,1,0,0,0,1,0,6,5,11.0,0,0,13.0,1,1,1,1,1114,828,692,1127,104,36,435,899,955,899,830,262,458,1022,557,734,544,1,286,1154,848,422,1050,145,5,903,,16:38,1
2010-11,201189,Aaron Gray,Aaron,1610612740,NOH,New Orleans Hornets,0041000152,2011-04-20T00:00:00,NOH @ LAL,L,23.066666666666666,1,4,0.25,0,0,0.0,0,2,0.0,2,6,8,0,3,0,1,0,4,1,2,-11,11.6,0,0,12.0,1,802,802,802,875,1078,1024,1175,558,904,558,899,543,899,239,187,208,1022,131,734,215,1,1280,790,1223,1419,1014,145,5,946,,23:04,1
2010-11,202390,Gary Neal,Gary,1610612759,SAS,San Antonio Spurs,0041000142,2011-04-20T00:00:00,SAS vs. MEM,W,18.171666666666667,2,4,0.5,1,2,0.5,1,1,1.0,0,4,4,1,1,0,0,0,2,0,6,-2,11.3,0,0,12.0,1,1,1,1,1065,828,1024,417,259,494,169,704,881,1,830,391,600,674,557,734,544,1,603,1154,848,901,1033,145,5,946,,18:10,1
2010-11,201953,Eric Maynor,Eric,1610612760,OKC,Oklahoma City Thunder,0041000172,2011-04-20T00:00:00,OKC vs. DEN,W,15.038333333333334,1,6,0.167,0,2,0.0,1,2,0.5,0,1,1,5,0,1,0,1,0,1,3,-4,14.7,0,0,11.0,1,1,1,1,1189,1078,814,1290,558,494,558,704,543,699,830,1016,1143,131,1010,278,544,1013,1,790,1146,1048,876,145,5,1004,,15:02,1
2010-11,2588,Matt Bonner,Matt,1610612759,SAS,San Antonio Spurs,0041000142,2011-04-20T00:00:00,SAS vs. MEM,W,19.956666666666667,1,3,0.333,1,3,0.333,0,0,0.0,1,3,4,1,0,1,0,0,5,0,3,3,12.3,0,0,11.0,1,1,1,1,993,1078,1138,960,259,345,351,899,955,899,422,559,600,674,1010,278,544,1,1479,1154,1146,535,989,145,5,1004,,19:57,1
2010-11,201163,Wilson Chandler,Wilson,1610612743,DEN,Denver Nuggets,0041000172,2011-04-20T00:00:00,DEN @ OKC,L,29.633333333333333,0,6,0.0,0,2,0.0,4,4,1.0,0,4,4,1,2,1,0,0,2,3,4,-1,11.3,0,0,11.0,1,802,802,802,618,1340,814,1340,558,494,558,234,304,1,830,391,600,674,261,278,544,1,603,354,1037,825,1033,145,5,1004,,29:38,1
2010-11,200769,Shannon Brown,Shannon,1610612747,LAL,Los Angeles Lakers,0041000152,2011-04-20T00:00:00,LAL vs. NOH,W,16.383333333333333,1,4,0.25,1,1,1.0,0,0,0.0,0,2,2,3,2,1,0,0,0,0,3,12,10.9,0,0,11.0,1,1,1,1,1124,1078,1024,1175,259,677,1,899,955,899,830,768,936,291,261,278,544,1,1,1154,1146,163,1056,145,5,1004,,16:23,1
2010-11,201564,O.J. Mayo,O.J.,1610612763,MEM,Memphis Grizzlies,0041000142,2011-04-20T00:00:00,MEM @ SAS,L,18.991666666666667,2,11,0.182,0,4,0.0,1,2,0.5,0,1,1,4,1,0,0,0,1,1,5,4,11.2,0,0,10.0,1,802,802,802,1033,828,409,1288,558,223,558,704,543,699,830,1016,1143,196,557,734,544,1,286,790,958,469,1035,145,5,1052,,18:60,1
2010-11,101127,Jarrett Jack,Jarrett,1610612740,NOH,New Orleans Hornets,0041000152,2011-04-20T00:00:00,NOH @ LAL,L,26.68166666666667,2,6,0.333,0,0,0.0,2,3,0.667,0,3,3,1,3,0,0,1,1,1,6,-13,8.1,0,0,10.0,1,802,802,802,731,828,814,960,558,904,558,459,478,619,830,559,746,674,131,734,544,1013,286,790,848,1483,1184,145,5,1052,,26:41,1
2010-11,201971,DeJuan Blair,DeJuan,1610612759,SAS,San Antonio Spurs,0041000142,2011-04-20T00:00:00,SAS vs. MEM,W,13.066666666666666,1,4,0.25,0,0,0.0,0,1,0.0,2,3,5,2,1,0,0,2,0,3,2,1,10.0,0,0,9.0,1,1,1,1,1261,1078,1024,1175,558,904,558,899,881,899,239,559,458,435,557,734,544,1432,1,354,1223,654,1101,145,5,1102,,13:04,1
2010-11,2584,Willie Green,Willie,1610612740,NOH,New Orleans Hornets,0041000152,2011-04-20T00:00:00,NOH @ LAL,L,11.931666666666667,2,6,0.333,0,1,0.0,1,2,0.5,0,0,0,0,2,2,0,0,2,1,5,-2,9.0,0,0,9.0,1,802,802,802,1300,828,814,960,558,677,558,704,543,699,830,1317,1397,1022,261,95,544,1,603,790,958,901,1141,145,5,1102,,11:56,1
2010-11,201158,Marco Belinelli,Marco,1610612740,NOH,New Orleans Hornets,0041000152,2011-04-20T00:00:00,NOH @ LAL,L,22.115,2,9,0.222,0,3,0.0,0,0,0.0,0,2,2,1,3,1,0,2,1,0,4,7,7.9,0,0,9.0,1,802,802,802,911,828,532,1246,558,345,558,899,955,899,830,768,936,674,131,278,544,1432,286,1154,1037,326,1190,145,5,1102,,22:07,1
2010-11,2581,Steve Blake,Steve,1610612747,LAL,Los Angeles Lakers,0041000152,2011-04-20T00:00:00,LAL vs. NOH,W,17.883333333333333,0,2,0.0,0,1,0.0,0,0,0.0,1,2,3,5,2,0,0,0,0,0,0,10,9.1,0,0,8.0,1,1,1,1,1073,1340,1267,1340,558,677,558,899,955,899,422,768,746,131,261,734,544,1,1,1154,1390,214,1136,145,5,1150,,17:53,1
2010-11,2747,JR Smith,JR,1610612743,DEN,Denver Nuggets,0041000172,2011-04-20T00:00:00,DEN @ OKC,L,6.7,1,6,0.167,0,1,0.0,0,0,0.0,0,0,0,2,2,1,0,1,1,1,2,-17,6.0,0,0,6.0,1,802,802,802,1436,1078,814,1290,558,677,558,899,955,899,830,1317,1397,435,261,278,544,1013,286,790,1223,1559,1279,145,5,1256,,6:42,1
2010-11,202349,Greivis Vasquez,Greivis,1610612763,MEM,Memphis Grizzlies,0041000142,2011-04-20T00:00:00,MEM @ SAS,L,3.6333333333333333,1,1,1.0,1,1,1.0,0,0,0.0,0,1,1,0,2,0,0,0,2,1,3,-4,2.2,0,0,5.0,1,802,802,802,1516,1078,1386,1,259,677,1,899,955,899,830,1016,1143,1022,261,734,544,1,603,790,1146,1048,1472,145,5,1306,,3:38,1
2010-11,2788,DJ Mbenga,DJ,1610612740,NOH,New Orleans Hornets,0041000152,2011-04-20T00:00:00,NOH @ LAL,L,3.0516666666666667,0,0,0.0,0,0,0.0,0,0,0.0,0,0,0,0,0,1,1,0,1,0,0,1,6.0,0,0,4.0,1,802,802,802,1536,1340,1513,1340,558,904,558,899,955,899,830,1317,1397,1022,1010,278,215,1,286,1154,1390,654,1279,145,5,1362,,3:03,1
2010-11,201585,Kosta Koufos,Kosta,1610612743,DEN,Denver Nuggets,0041000172,2011-04-20T00:00:00,DEN @ OKC,L,2.1666666666666665,1,1,1.0,0,0,0.0,0,0,0.0,0,0,0,0,0,0,0,0,0,0,2,2,2.0,0,0,2.0,1,802,802,802,1556,1078,1386,1,558,904,558,899,955,899,830,1317,1397,1022,1010,734,544,1,1,1154,1223,591,1477,145,5,1461,,2:10,1
2010-11,201814,Gary Forbes,Gary,1610612743,DEN,Denver Nuggets,0041000172,2011-04-20T00:00:00,DEN @ OKC,L,2.1666666666666665,0,1,0.0,0,0,0.0,0,0,0.0,0,1,1,0,0,0,0,0,0,0,0,2,1.2,0,0,1.0,1,802,802,802,1556,1340,1386,1340,558,904,558,899,955,899,830,1016,1143,1022,1010,734,544,1,1,1154,1390,591,1498,145,5,1499,,2:10,1
2010-11,201160,Jason Smith,Jason,1610612740,NOH,New Orleans Hornets,0041000152,2011-04-20T00:00:00,NOH @ LAL,L,8.136666666666667,0,1,0.0,0,0,0.0,0,0,0.0,0,1,1,0,0,0,0,0,0,0,0,-3,1.2,0,0,1.0,1,802,802,802,1389,1340,1386,1340,558,904,558,899,955,899,830,1016,1143,1022,1010,734,544,1,1,1154,1390,985,1498,145,5,1499,,8:08,1
2010-11,201980,Danny Green,Danny,1610612759,SAS,San Antonio Spurs,0041000142,2011-04-20T00:00:00,SAS vs. MEM,W,0.7433333333333333,0,0,0.0,0,0,0.0,0,0,0.0,0,0,0,0,0,0,0,0,0,0,0,2,0.0,0,0,0.0,1,1,1,1,1601,1340,1513,1340,558,904,558,899,955,899,830,1317,1397,1022,1010,734,544,1,1,1154,1390,591,1534,145,5,1539,,0:45,1
2010-11,1737,Nazr Mohammed,Nazr,1610612760,OKC,Oklahoma City Thunder,0041000172,2011-04-20T00:00:00,OKC vs. DEN,W,11.273333333333333,0,1,0.0,0,0,0.0,0,0,0.0,0,0,0,0,0,0,0,0,3,0,0,0,0.0,0,0,0.0,1,1,1,1,1319,1340,1386,1340,558,904,558,899,955,899,830,1317,1397,1022,1010,734,544,1,980,1154,1390,728,1534,145,5,1539,,11:16,1
2010-11,200796,Leon Powe,Leon,1610612763,MEM,Memphis Grizzlies,0041000142,2011-04-20T00:00:00,MEM @ SAS,L,2.533333333333333,0,0,0.0,0,0,0.0,0,0,0.0,0,0,0,0,0,0,0,0,0,0,0,-4,0.0,0,0,0.0,1,802,802,802,1548,1340,1513,1340,558,904,558,899,955,899,830,1317,1397,1022,1010,734,544,1,1,1154,1390,1048,1534,145,5,1539,,2:32,1
2010-11,2365,Chris Andersen,Chris,1610612743,DEN,Denver Nuggets,0041000172,2011-04-20T00:00:00,DEN @ OKC,L,6.15,0,0,0.0,0,0,0.0,0,0,0.0,0,0,0,0,0,0,0,0,1,1,0,-14,0.0,0,0,0.0,1,802,802,802,1448,1340,1513,1340,558,904,558,899,955,899,830,1317,1397,1022,1010,734,544,1,286,790,1390,1512,1534,145,5,1539,,6:09,1
2010-11,2546,Carmelo Anthony,Carmelo,1610612752,NYK,New York Knicks,0041000122,2011-04-19T00:00:00,NYK @ BOS,L,43.9,14,30,0.467,4,8,0.5,10,11,0.909,5,12,17,6,1,0,2,1,5,8,42,-5,76.4,1,0,73.0,1,802,802,802,62,4,3,639,18,18,169,36,49,390,41,13,8,82,557,734,76,1013,1479,36,4,1135,1,1,5,1,,43:54,1
2010-11,2730,Dwight Howard,Dwight,1610612753,ORL,Orlando Magic,0041000132,2011-04-19T00:00:00,ORL vs. ATL,W,48.0,9,12,0.75,0,0,0.0,15,19,0.789,8,11,19,0,7,2,1,1,5,12,33,6,57.8,1,0,58.0,1,1,1,1,12,86,341,122,558,904,558,6,4,512,4,20,4,1022,6,95,215,1013,1479,4,29,371,25,1,5,12,,48:00,1
2010-11,1717,Dirk Nowitzki,Dirk,1610612742,DAL,Dallas Mavericks,0041000162,2011-04-19T00:00:00,DAL vs. POR,W,37.80166666666667,9,22,0.409,0,0,0.0,15,17,0.882,1,6,7,4,1,1,1,0,2,10,33,17,52.4,0,0,48.0,1,1,1,1,293,86,35,793,558,904,558,6,9,407,422,187,276,196,557,278,215,1,603,10,29,54,46,145,5,53,,37:48,1
2010-11,200765,Rajon Rondo,Rajon,1610612738,BOS,Boston Celtics,0041000122,2011-04-19T00:00:00,BOS vs. NYK,W,42.11333333333334,13,23,0.565,0,1,0.0,4,7,0.571,0,4,4,7,4,2,0,0,0,5,30,8,47.3,0,0,45.0,1,1,1,1,109,10,27,354,558,677,558,234,156,690,830,391,600,57,63,95,544,1,1,160,49,286,80,145,5,81,,42:07,1
2010-11,200746,LaMarcus Aldridge,LaMarcus,1610612757,POR,Portland Trail Blazers,0041000162,2011-04-19T00:00:00,POR @ DAL,L,43.61333333333334,9,18,0.5,0,0,0.0,6,8,0.75,1,9,10,2,1,0,3,1,4,6,24,-13,47.0,1,0,42.0,1,802,802,802,66,86,109,417,558,904,558,118,117,518,422,52,111,435,557,734,27,1013,1280,104,105,1483,82,1,5,101,,43:37,1
2010-11,467,Jason Kidd,Jason,1610612742,DAL,Dallas Mavericks,0041000162,2011-04-19T00:00:00,DAL vs. POR,W,33.41833333333334,7,11,0.636,3,6,0.5,1,1,1.0,0,4,4,8,0,0,1,0,0,2,18,6,37.8,0,0,35.0,1,1,1,1,475,197,409,243,44,77,169,704,881,1,830,391,600,36,1010,734,215,1,1,541,244,371,205,145,5,203,,33:25,1
2010-11,1889,Andre Miller,Andre,1610612757,POR,Portland Trail Blazers,0041000162,2011-04-19T00:00:00,POR @ DAL,L,38.49333333333333,5,10,0.5,2,2,1.0,6,7,0.857,1,5,6,8,1,0,0,2,5,3,18,-7,36.2,0,0,34.0,1,802,802,802,265,364,464,417,104,494,1,118,156,421,422,262,351,36,557,734,544,1432,1479,354,244,1234,243,145,5,226,,38:30,1
2010-11,1718,Paul Pierce,Paul,1610612738,BOS,Boston Celtics,0041000122,2011-04-19T00:00:00,BOS vs. NYK,W,45.016666666666666,8,18,0.444,1,3,0.333,3,3,1.0,0,5,5,2,2,1,2,1,4,4,20,8,36.0,0,0,34.0,1,1,1,1,35,132,109,686,259,345,351,337,478,1,830,262,458,435,261,278,76,1013,1280,242,198,286,252,145,5,226,,45:01,1
2010-11,951,Ray Allen,Ray,1610612738,BOS,Boston Celtics,0041000122,2011-04-19T00:00:00,BOS vs. NYK,W,38.65,6,8,0.75,4,4,1.0,2,2,1.0,0,4,4,2,1,3,0,0,3,2,18,11,33.8,0,0,34.0,1,1,1,1,257,264,606,122,18,223,1,459,543,1,830,391,600,435,557,34,544,1,980,541,244,190,313,145,5,226,,38:39,1
2010-11,2037,Jamal Crawford,Jamal,1610612737,ATL,Atlanta Hawks,0041000132,2011-04-19T00:00:00,ATL @ ORL,L,30.933333333333334,8,17,0.471,3,5,0.6,6,7,0.857,0,1,1,2,2,1,0,0,5,6,25,-8,30.2,0,0,33.0,1,802,802,802,574,132,140,633,44,126,141,118,156,421,830,1016,1143,435,261,278,544,1,1479,104,90,1306,385,145,5,259,,30:56,1
2010-11,978,Peja Stojakovic,Peja,1610612742,DAL,Dallas Mavericks,0041000162,2011-04-19T00:00:00,DAL vs. POR,W,27.048333333333332,8,13,0.615,5,10,0.5,0,0,0.0,1,4,5,0,0,1,0,0,2,0,21,10,30.0,0,0,33.0,1,1,1,1,706,132,283,258,7,3,169,899,955,899,422,391,458,1022,1010,278,544,1,603,1154,170,214,393,145,5,259,,27:03,1
2010-11,708,Kevin Garnett,Kevin,1610612738,BOS,Boston Celtics,0041000122,2011-04-19T00:00:00,BOS vs. NYK,W,36.21666666666667,6,16,0.375,0,0,0.0,0,0,0.0,2,8,10,6,3,1,1,0,1,1,12,10,36.0,1,0,32.0,1,1,1,1,355,264,159,896,558,904,558,899,955,899,239,78,111,82,131,278,215,1,286,790,472,214,252,1,5,286,,36:13,1
2010-11,2222,Gerald Wallace,Gerald,1610612757,POR,Portland Trail Blazers,0041000162,2011-04-19T00:00:00,POR @ DAL,L,38.0,6,11,0.545,1,3,0.333,5,8,0.625,1,6,7,6,2,0,0,0,3,6,18,-6,33.4,0,0,32.0,1,802,802,802,284,264,409,378,259,345,351,171,117,666,422,187,276,82,261,734,544,1,980,104,244,1182,321,145,5,286,,38:00,1
2010-11,2207,Joe Johnson,Joe,1610612737,ATL,Atlanta Hawks,0041000132,2011-04-19T00:00:00,ATL @ ORL,L,43.416666666666664,6,15,0.4,2,3,0.667,0,2,0.0,1,6,7,5,5,2,0,1,1,2,14,-2,30.9,0,0,32.0,1,802,802,802,72,264,192,796,104,345,102,899,543,899,422,187,276,131,24,95,544,1013,286,541,391,901,365,145,5,286,,43:25,1
2010-11,2746,Josh Smith,Josh,1610612737,ATL,Atlanta Hawks,0041000132,2011-04-19T00:00:00,ATL @ ORL,L,34.86666666666667,8,14,0.571,1,4,0.25,0,0,0.0,1,5,6,3,2,1,1,0,4,0,17,7,32.7,0,0,31.0,1,802,802,802,407,132,229,315,259,223,449,899,955,899,422,262,351,291,261,278,215,1,1280,1154,278,326,335,145,5,313,,34:52,1
2010-11,201962,Toney Douglas,Toney,1610612752,NYK,New York Knicks,0041000122,2011-04-19T00:00:00,NYK @ BOS,L,34.416666666666664,5,16,0.313,2,6,0.333,2,2,1.0,1,6,7,2,1,2,0,1,4,2,14,-4,30.4,0,0,29.0,1,802,802,802,433,364,159,1104,104,77,351,459,543,1,422,187,276,435,557,95,544,1013,1280,541,391,1048,378,145,5,358,,34:25,1
2010-11,2749,Jameer Nelson,Jameer,1610612753,ORL,Orlando Magic,0041000132,2011-04-19T00:00:00,ORL vs. ATL,W,37.766666666666666,4,15,0.267,0,3,0.0,5,6,0.833,1,7,8,2,1,2,0,4,4,7,13,12,30.6,0,0,27.0,1,1,1,1,298,478,192,1174,558,345,558,171,191,443,422,126,208,435,557,95,544,1596,1280,66,428,163,373,145,5,405,,37:46,1
2010-11,201143,Al Horford,Al,1610612737,ATL,Atlanta Hawks,0041000132,2011-04-19T00:00:00,ATL @ ORL,L,26.166666666666668,4,11,0.364,0,1,0.0,2,4,0.5,1,9,10,2,2,0,2,0,2,4,10,0,29.0,1,0,26.0,1,802,802,802,749,478,409,934,558,677,558,459,304,699,422,52,111,435,261,734,76,1,603,242,568,728,422,1,5,438,,26:10,1
2010-11,2045,Hedo Turkoglu,Hedo,1610612753,ORL,Orlando Magic,0041000132,2011-04-19T00:00:00,ORL vs. ATL,W,39.446666666666665,4,16,0.25,1,7,0.143,1,2,0.5,1,3,4,5,1,2,0,0,0,2,10,14,27.3,0,0,24.0,1,1,1,1,213,478,159,1175,259,36,548,704,543,699,422,559,600,131,557,95,544,1,1,541,568,103,457,145,5,495,,39:27,1
2010-11,2407,Jared Jeffries,Jared,1610612752,NYK,New York Knicks,0041000122,2011-04-19T00:00:00,NYK @ BOS,L,25.566666666666666,5,7,0.714,0,0,0.0,0,0,0.0,4,2,6,0,2,1,2,0,3,1,10,3,24.2,0,0,22.0,1,802,802,802,773,364,692,152,558,904,558,899,955,899,75,768,351,1022,261,278,76,1,980,790,568,535,551,145,5,557,,25:34,1
2010-11,2202,Jason Richardson,Jason,1610612753,ORL,Orlando Magic,0041000132,2011-04-19T00:00:00,ORL vs. ATL,W,28.518333333333334,3,12,0.25,2,5,0.4,0,0,0.0,2,4,6,0,2,2,1,2,4,0,8,-4,22.2,0,0,22.0,1,1,1,1,664,626,341,1175,104,126,313,899,955,899,239,391,351,1022,261,95,215,1432,1280,1154,713,1048,612,145,5,557,,28:31,1
2010-11,202083,Wesley Matthews,Wesley,1610612757,POR,Portland Trail Blazers,0041000162,2011-04-19T00:00:00,POR @ DAL,L,36.06,6,11,0.545,1,2,0.5,0,0,0.0,1,0,1,0,3,0,1,0,4,1,13,-4,14.2,0,0,17.0,1,802,802,802,361,264,409,378,259,494,169,899,955,899,422,1317,1143,1022,131,734,215,1,1280,790,428,1048,899,145,5,719,,36:04,1
2010-11,2199,Tyson Chandler,Tyson,1610612742,DAL,Dallas Mavericks,0041000162,2011-04-19T00:00:00,DAL vs. POR,W,27.54,2,4,0.5,0,0,0.0,0,0,0.0,4,6,10,0,1,1,0,1,4,1,4,3,18.0,0,0,16.0,1,1,1,1,692,828,1024,417,558,904,558,899,955,899,75,187,111,1022,557,278,544,1013,1280,790,1037,535,740,145,5,763,,27:32,1
2010-11,1891,Jason Terry,Jason,1610612742,DAL,Dallas Mavericks,0041000162,2011-04-19T00:00:00,DAL vs. POR,W,33.10166666666667,5,12,0.417,0,2,0.0,0,0,0.0,0,1,1,1,1,2,0,1,0,0,10,10,17.7,0,0,16.0,1,1,1,1,489,364,341,775,558,494,558,899,955,899,830,1016,1143,674,557,95,544,1013,1,1154,568,214,754,145,5,763,,33:06,1
2010-11,2550,Kirk Hinrich,Kirk,1610612737,ATL,Atlanta Hawks,0041000132,2011-04-19T00:00:00,ATL @ ORL,L,30.2,4,12,0.333,1,4,0.25,0,0,0.0,1,0,1,1,2,0,2,1,4,1,9,-9,15.7,0,0,16.0,1,802,802,802,604,478,341,960,259,223,449,899,955,899,422,1317,1143,674,261,734,76,1013,1280,790,632,1349,835,145,5,763,,30:12,1
2010-11,201583,Ryan Anderson,Ryan,1610612753,ORL,Orlando Magic,0041000132,2011-04-19T00:00:00,ORL vs. ATL,W,27.616666666666667,3,7,0.429,2,4,0.5,0,0,0.0,4,2,6,0,0,0,0,0,2,2,8,-2,15.2,0,0,16.0,1,1,1,1,689,626,692,715,104,223,169,899,955,899,75,768,351,1022,1010,734,544,1,603,541,713,901,854,145,5,763,,27:37,1
2010-11,201587,Nicolas Batum,Nicolas,1610612757,POR,Portland Trail Blazers,0041000162,2011-04-19T00:00:00,POR @ DAL,L,24.846666666666668,4,7,0.571,2,5,0.4,0,0,0.0,0,0,0,2,2,1,0,0,2,1,10,-12,14.0,0,0,16.0,1,802,802,802,808,478,692,315,104,126,313,899,955,899,830,1317,1397,435,261,278,544,1,603,790,568,1453,912,145,5,763,,24:51,1
2010-11,201611,Henry Walker,Henry,1610612752,NYK,New York Knicks,0041000122,2011-04-19T00:00:00,NYK @ BOS,L,32.516666666666666,0,11,0.0,0,5,0.0,2,2,1.0,2,6,8,1,1,2,0,1,1,3,2,10,18.1,0,0,15.0,1,802,802,802,514,1340,409,1340,558,126,558,459,543,1,239,187,208,674,557,95,544,1013,286,354,1223,214,735,145,5,808,,32:31,1
2010-11,948,Marcus Camby,Marcus,1610612757,POR,Portland Trail Blazers,0041000162,2011-04-19T00:00:00,POR @ DAL,L,35.85166666666667,2,5,0.4,1,1,1.0,0,0,0.0,3,5,8,1,1,0,0,0,3,1,5,-7,15.1,0,0,15.0,1,802,802,802,369,828,926,796,259,677,1,899,955,899,133,262,208,674,557,734,544,1,980,790,958,1234,859,145,5,808,,35:51,1
2010-11,101138,Brandon Bass,Brandon,1610612753,ORL,Orlando Magic,0041000132,2011-04-19T00:00:00,ORL vs. ATL,W,20.383333333333333,2,6,0.333,0,0,0.0,4,4,1.0,4,3,7,0,2,0,0,0,3,2,8,8,14.4,0,0,15.0,1,1,1,1,983,828,814,960,558,904,558,234,304,1,75,559,276,1022,261,734,544,1,980,541,713,286,887,145,5,808,,20:23,1
2010-11,201175,Glen Davis,Glen,1610612738,BOS,Boston Celtics,0041000122,2011-04-19T00:00:00,BOS vs. NYK,W,26.948333333333334,2,3,0.667,0,0,0.0,0,0,0.0,2,4,6,2,0,1,0,1,4,2,4,-11,17.2,0,0,14.0,1,1,1,1,713,828,1138,175,558,904,558,899,955,899,239,391,351,435,1010,278,544,1013,1280,541,1037,1419,774,145,5,860,,26:57,1
2010-11,101142,Ronny Turiaf,Ronny,1610612752,NYK,New York Knicks,0041000122,2011-04-19T00:00:00,NYK @ BOS,L,22.433333333333334,1,3,0.333,0,0,0.0,4,4,1.0,3,0,3,3,1,1,0,0,0,2,6,-6,16.1,0,0,14.0,1,802,802,802,897,1078,1138,960,558,904,558,234,304,1,133,1317,746,291,557,278,544,1,1,541,848,1182,818,145,5,860,,22:26,1
2010-11,200761,Shawne Williams,Shawne,1610612752,NYK,New York Knicks,0041000122,2011-04-19T00:00:00,NYK @ BOS,L,22.45,1,3,0.333,1,2,0.5,3,4,0.75,1,3,4,1,2,1,0,0,2,4,6,1,13.3,0,0,14.0,1,802,802,802,896,1078,1138,960,259,494,169,337,304,518,422,559,600,674,261,278,544,1,603,242,848,654,943,145,5,860,,22:27,1
2010-11,1890,Shawn Marion,Shawn,1610612742,DAL,Dallas Mavericks,0041000162,2011-04-19T00:00:00,DAL vs. POR,W,26.533333333333335,3,5,0.6,0,0,0.0,0,0,0.0,0,3,3,2,0,0,1,0,3,1,6,-2,15.6,0,0,13.0,1,1,1,1,736,626,926,266,558,904,558,899,955,899,830,559,746,435,1010,734,215,1,980,790,848,901,842,145,5,903,,26:32,1
2010-11,2585,Zaza Pachulia,Zaza,1610612737,ATL,Atlanta Hawks,0041000132,2011-04-19T00:00:00,ATL @ ORL,L,19.216666666666665,1,3,0.333,0,0,0.0,0,0,0.0,3,5,8,1,0,0,0,0,4,1,2,6,13.1,0,0,11.0,1,802,802,802,1020,1078,1138,960,558,904,558,899,955,899,133,262,208,674,1010,734,544,1,1280,790,1223,371,953,145,5,1004,,19:13,1
2010-11,200755,JJ Redick,JJ,1610612753,ORL,Orlando Magic,0041000132,2011-04-19T00:00:00,ORL vs. ATL,W,19.451666666666668,1,6,0.167,0,3,0.0,4,5,0.8,0,1,1,2,2,1,0,0,1,2,6,13,11.2,0,0,11.0,1,1,1,1,1008,1078,814,1290,558,345,558,234,256,479,830,1016,1143,435,261,278,544,1,286,541,848,129,1035,145,5,1004,,19:27,1
2010-11,2215,Jason Collins,Jason,1610612737,ATL,Atlanta Hawks,0041000132,2011-04-19T00:00:00,ATL @ ORL,L,18.916666666666668,0,1,0.0,0,0,0.0,1,2,0.5,1,0,1,0,0,3,1,0,3,4,1,2,14.2,0,0,10.0,1,802,802,802,1036,1340,1386,1340,558,904,558,704,543,699,422,1317,1143,1022,1010,34,215,1,980,242,1367,591,899,145,5,1052,,18:55,1
2010-11,979,Jermaine O'Neal,Jermaine,1610612738,BOS,Boston Celtics,0041000122,2011-04-19T00:00:00,BOS vs. NYK,W,20.403333333333332,1,3,0.333,0,0,0.0,0,0,0.0,2,1,3,1,0,0,2,1,4,0,2,10,13.1,0,0,10.0,1,1,1,1,982,1078,1138,960,558,904,558,899,955,899,239,1016,746,674,1010,734,76,1013,1280,1154,1223,214,953,145,5,1052,,20:24,1
2010-11,200826,J.J. Barea,J.J.,1610612742,DAL,Dallas Mavericks,0041000162,2011-04-19T00:00:00,DAL vs. POR,W,16.265,2,7,0.286,0,1,0.0,2,2,1.0,0,0,0,4,2,0,0,1,2,5,6,7,10.0,0,0,10.0,1,1,1,1,1129,828,692,1127,558,677,558,459,543,1,830,1317,1397,196,261,734,544,1013,603,160,848,326,1101,145,5,1052,,16:16,1
2010-11,201145,Jeff Green,Jeff,1610612738,BOS,Boston Celtics,0041000122,2011-04-19T00:00:00,BOS vs. NYK,W,12.2,2,8,0.25,1,2,0.5,1,2,0.5,2,1,3,0,0,0,0,1,5,2,6,-7,9.6,0,0,10.0,1,1,1,1,1293,828,606,1175,259,494,169,704,543,699,239,1016,746,1022,1010,734,544,1013,1479,541,848,1234,1111,145,5,1052,,12:12,1
2010-11,2405,Amar'e Stoudemire,Amar'e,1610612752,NYK,New York Knicks,0041000122,2011-04-19T00:00:00,NYK @ BOS,L,17.65,2,9,0.222,0,0,0.0,0,2,0.0,2,3,5,1,2,0,0,2,0,1,4,-6,9.5,0,0,10.0,1,802,802,802,1080,828,532,1246,558,904,558,899,543,899,239,559,458,674,261,734,544,1432,1,790,1037,1182,1114,145,5,1052,,17:39,1
2010-11,2217,Brendan Haywood,Brendan,1610612742,DAL,Dallas Mavericks,0041000162,2011-04-19T00:00:00,DAL vs. POR,W,20.46,1,1,1.0,0,0,0.0,0,4,0.0,4,1,5,1,1,0,0,0,4,2,2,9,8.5,0,0,8.0,1,1,1,1,979,1078,1386,1,558,904,558,899,304,899,75,1016,458,674,557,734,544,1,1280,541,1223,250,1167,145,5,1150,,20:28,1
2010-11,101107,Marvin Williams,Marvin,1610612737,ATL,Atlanta Hawks,0041000132,2011-04-19T00:00:00,ATL @ ORL,L,19.366666666666667,1,6,0.167,0,3,0.0,2,2,1.0,3,0,3,1,1,0,0,0,0,2,4,-7,8.1,0,0,8.0,1,802,802,802,1012,1078,814,1290,558,345,558,459,543,1,133,1317,746,674,557,734,544,1,1,541,1037,1234,1184,145,5,1150,,19:22,1
2010-11,201164,Rudy Fernandez,Rudy,1610612757,POR,Portland Trail Blazers,0041000162,2011-04-19T00:00:00,POR @ DAL,L,10.88,0,1,0.0,0,0,0.0,1,2,0.5,0,3,3,1,0,1,0,0,1,1,1,-7,9.1,0,0,7.0,1,802,802,802,1330,1340,1386,1340,558,904,558,704,543,699,830,559,746,674,1010,278,544,1,286,790,1367,1234,1136,145,5,1201,,10:53,1
2010-11,2753,Delonte West,Delonte,1610612738,BOS,Boston Celtics,0041000122,2011-04-19T00:00:00,BOS vs. NYK,W,15.468333333333334,1,4,0.25,0,1,0.0,2,2,1.0,1,1,2,1,0,0,0,1,1,1,4,-9,7.9,0,0,7.0,1,1,1,1,1168,1078,1024,1175,558,677,558,459,543,1,422,1016,936,674,1010,734,544,1013,286,790,1037,1349,1190,145,5,1201,,15:28,1
2010-11,2427,Roger Mason Jr.,Roger,1610612752,NYK,New York Knicks,0041000122,2011-04-19T00:00:00,NYK @ BOS,L,17.716666666666665,1,4,0.25,1,3,0.333,0,0,0.0,1,0,1,0,0,1,0,0,2,0,3,5,7.2,0,0,7.0,1,802,802,802,1078,1078,1024,1175,259,345,351,899,955,899,422,1317,1143,1022,1010,278,544,1,603,1154,1146,422,1216,145,5,1201,,17:43,1
2010-11,202361,Landry Fields,Landry,1610612752,NYK,New York Knicks,0041000122,2011-04-19T00:00:00,NYK @ BOS,L,15.483333333333333,2,4,0.5,0,1,0.0,0,2,0.0,0,0,0,0,1,0,1,0,0,1,4,-13,6.0,0,0,6.0,1,802,802,802,1166,828,1024,417,558,677,558,899,543,899,830,1317,1397,1022,557,734,215,1,1,790,1037,1483,1279,145,5,1256,,15:29,1
2010-11,1853,Anthony Carter,Anthony,1610612752,NYK,New York Knicks,0041000122,2011-04-19T00:00:00,NYK @ BOS,L,7.866666666666666,1,3,0.333,0,0,0.0,0,0,0.0,1,1,2,0,1,0,0,0,0,0,2,0,3.4,0,0,4.0,1,802,802,802,1401,1078,1138,960,558,904,558,899,955,899,422,1016,936,1022,557,734,544,1,1,1154,1223,728,1407,145,5,1362,,7:52,1
2010-11,2052,DeShawn Stevenson,DeShawn,1610612742,DAL,Dallas Mavericks,0041000162,2011-04-19T00:00:00,DAL vs. POR,W,13.215,0,1,0.0,0,0,0.0,1,2,0.5,0,0,0,0,0,1,0,1,1,1,1,1,4.0,0,0,3.0,1,1,1,1,1255,1340,1386,1340,558,904,558,704,543,699,830,1317,1397,1022,1010,278,544,1013,286,790,1367,654,1384,145,5,1411,,13:13,1
2010-11,2240,Gilbert Arenas,Gilbert,1610612753,ORL,Orlando Magic,0041000132,2011-04-19T00:00:00,ORL vs. ATL,W,6.166666666666667,1,3,0.333,0,1,0.0,0,0,0.0,0,1,1,0,1,0,0,0,1,0,2,-11,2.2,0,0,3.0,1,1,1,1,1447,1078,1138,960,558,677,558,899,955,899,830,1016,1143,1022,557,734,544,1,286,1154,1223,1419,1472,145,5,1411,,6:10,1
2010-11,2863,Damien Wilkins,Damien,1610612737,ATL,Atlanta Hawks,0041000132,2011-04-19T00:00:00,ATL @ ORL,L,2.716666666666667,0,0,0.0,0,0,0.0,0,0,0.0,0,0,0,0,0,0,1,0,0,0,0,-3,3.0,0,0,2.0,1,802,802,802,1546,1340,1513,1340,558,904,558,899,955,899,830,1317,1397,1022,1010,734,215,1,1,1154,1390,985,1434,145,5,1461,,2:43,1
2010-11,2073,Brian Cardinal,Brian,1610612742,DAL,Dallas Mavericks,0041000162,2011-04-19T00:00:00,DAL vs. POR,W,1.0483333333333333,0,0,0.0,0,0,0.0,0,0,0.0,0,1,1,0,0,0,0,0,0,0,0,0,1.2,0,0,1.0,1,1,1,1,1584,1340,1513,1340,558,904,558,899,955,899,830,1016,1143,1022,1010,734,544,1,1,1154,1390,728,1498,145,5,1499,,1:03,1
2010-11,202356,Armon Johnson,Armon,1610612757,POR,Portland Trail Blazers,0041000162,2011-04-19T00:00:00,POR @ DAL,L,0.005,0,0,0.0,0,0,0.0,0,0,0.0,0,1,1,0,0,0,0,0,0,0,0,0,1.2,0,0,1.0,1,802,802,802,1616,1340,1513,1340,558,904,558,899,955,899,830,1016,1143,1022,1010,734,544,1,1,1154,1390,728,1498,145,5,1499,,0:00,1
2010-11,201147,Corey Brewer,Corey,1610612742,DAL,Dallas Mavericks,0041000162,2011-04-19T00:00:00,DAL vs. POR,W,3.5683333333333334,0,0,0.0,0,0,0.0,0,0,0.0,0,1,1,0,0,0,0,0,2,0,0,-1,1.2,0,0,1.0,1,1,1,1,1517,1340,1513,1340,558,904,558,899,955,899,830,1016,1143,1022,1010,734,544,1,603,1154,1390,825,1498,145,5,1499,,3:34,1
2010-11,2694,Josh Powell,Josh,1610612737,ATL,Atlanta Hawks,0041000132,2011-04-19T00:00:00,ATL @ ORL,L,7.65,0,1,0.0,0,0,0.0,0,0,0.0,1,0,1,0,0,0,0,0,1,0,0,-7,1.2,0,0,1.0,1,802,802,802,1409,1340,1386,1340,558,904,558,899,955,899,422,1317,1143,1022,1010,734,544,1,286,1154,1390,1234,1498,145,5,1499,,7:39,1
2010-11,201988,Patty Mills,Patty,1610612757,POR,Portland Trail Blazers,0041000162,2011-04-19T00:00:00,POR @ DAL,L,4.266666666666667,0,2,0.0,0,1,0.0,0,0,0.0,0,1,1,0,1,0,0,0,0,0,0,2,0.2,0,0,1.0,1,802,802,802,1505,1340,1267,1340,558,677,558,899,955,899,830,1016,1143,1022,557,734,544,1,1,1154,1390,591,1529,145,5,1499,,4:16,1
2010-11,200756,Hilton Armstrong,Hilton,1610612737,ATL,Atlanta Hawks,0041000132,2011-04-19T00:00:00,ATL @ ORL,L,6.55,0,1,0.0,0,0,0.0,0,0,0.0,1,0,1,0,1,0,0,0,3,1,0,-9,0.2,0,0,1.0,1,802,802,802,1438,1340,1386,1340,558,904,558,899,955,899,422,1317,1143,1022,557,734,544,1,980,790,1390,1349,1529,145,5,1499,,6:33,1
2010-11,2420,Nenad Krstic,Nenad,1610612738,BOS,Boston Celtics,0041000122,2011-04-19T00:00:00,BOS vs. NYK,W,2.9833333333333334,0,0,0.0,0,0,0.0,0,0,0.0,0,0,0,0,0,0,0,0,0,0,0,-5,0.0,0,0,0.0,1,1,1,1,1540,1340,1513,1340,558,904,558,899,955,899,830,1317,1397,1022,1010,734,544,1,1,1154,1390,1135,1534,145,5,1539,,2:59,1
2010-11,2047,Quentin Richardson,Quentin,1610612753,ORL,Orlando Magic,0041000132,2011-04-19T00:00:00,ORL vs. ATL,W,12.65,0,1,0.0,0,0,0.0,0,0,0.0,0,0,0,0,0,0,0,0,1,0,0,-6,0.0,0,0,0.0,1,1,1,1,1276,1340,1386,1340,558,904,558,899,955,899,830,1317,1397,1022,1010,734,544,1,286,1154,1390,1182,1534,145,5,1539,,12:39,1
2010-11,200750,Brandon Roy,Brandon,1610612757,POR,Portland Trail Blazers,0041000162,2011-04-19T00:00:00,POR @ DAL,L,7.983333333333333,0,1,0.0,0,0,0.0,0,2,0.0,0,0,0,0,1,0,0,0,0,1,0,-6,-1.0,0,0,0.0,1,802,802,802,1396,1340,1386,1340,558,904,558,899,543,899,830,1317,1397,1022,557,734,544,1,1,790,1390,1182,1602,145,5,1539,,7:59,1
2010-11,201565,Derrick Rose,Derrick,1610612741,CHI,Chicago Bulls,0041000102,2011-04-18T00:00:00,CHI vs. IND,W,39.65,11,25,0.44,2,5,0.4,12,13,0.923,1,7,8,7,6,2,0,3,4,8,36,11,56.1,0,0,57.0,1,1,1,1,201,35,17,709,104,126,313,16,21,384,422,126,208,57,14,95,544,1558,1280,36,14,190,34,145,5,15,,39:39,1
2010-11,2544,LeBron James,LeBron,1610612748,MIA,Miami Heat,0041000112,2011-04-18T00:00:00,MIA vs. PHI,W,38.916666666666664,10,19,0.526,1,1,1.0,8,10,0.8,1,6,7,6,0,0,0,1,1,6,29,24,46.4,0,0,43.0,1,1,1,1,242,54,88,409,259,677,1,73,68,479,422,187,276,82,1010,734,544,1013,286,104,55,17,89,145,5,96,,38:55,1
2010-11,2547,Chris Bosh,Chris,1610612748,MIA,Miami Heat,0041000112,2011-04-18T00:00:00,MIA vs. PHI,W,34.71666666666667,9,13,0.692,0,1,0.0,3,3,1.0,2,9,11,1,0,3,1,0,3,3,21,20,47.7,1,0,41.0,1,1,1,1,417,86,283,168,558,677,558,337,478,1,239,52,69,674,1010,34,215,1,980,354,170,32,75,1,5,108,,34:43,1
2010-11,2430,Carlos Boozer,Carlos,1610612741,CHI,Chicago Bulls,0041000102,2011-04-18T00:00:00,CHI vs. IND,W,42.01166666666666,6,12,0.5,0,0,0.0,5,9,0.556,5,11,16,0,3,1,0,1,3,6,17,12,36.2,1,0,35.0,1,1,1,1,114,264,341,417,558,904,558,171,91,694,41,20,13,1022,131,278,544,1013,980,104,278,163,243,1,5,203,,42:01,1
2010-11,101122,Danny Granger,Danny,1610612754,IND,Indiana Pacers,0041000102,2011-04-18T00:00:00,IND @ CHI,L,34.7,7,14,0.5,0,2,0.0,5,6,0.833,1,1,2,4,1,3,0,0,4,3,19,-12,35.4,0,0,31.0,1,802,802,802,418,197,229,417,558,494,558,171,191,443,422,1016,936,196,557,34,544,1,1280,354,225,1453,274,145,5,313,,34:42,1
2010-11,2548,Dwyane Wade,Dwyane,1610612748,MIA,Miami Heat,0041000112,2011-04-18T00:00:00,MIA vs. PHI,W,34.03333333333333,4,11,0.364,0,1,0.0,6,7,0.857,1,5,6,2,5,2,1,1,2,4,14,16,28.2,0,0,28.0,1,1,1,1,445,478,409,934,558,677,558,118,156,421,422,262,351,435,24,95,215,1013,603,242,391,69,440,145,5,376,,34:02,1
2010-11,201149,Joakim Noah,Joakim,1610612741,CHI,Chicago Bulls,0041000102,2011-04-18T00:00:00,CHI vs. IND,W,29.368333333333332,2,10,0.2,0,0,0.0,0,1,0.0,6,4,10,3,4,3,2,1,5,3,4,12,31.5,0,0,27.0,1,1,1,1,634,828,464,1262,558,904,558,899,881,899,21,391,111,291,63,34,76,1013,1479,354,1037,163,349,145,5,405,,29:22,1
2010-11,202331,Paul George,Paul,1610612754,IND,Indiana Pacers,0041000102,2011-04-18T00:00:00,IND @ CHI,L,35.056666666666665,2,7,0.286,1,4,0.25,1,2,0.5,0,4,4,1,4,3,4,0,4,2,6,-11,29.3,0,0,26.0,1,802,802,802,402,828,692,1127,259,223,449,704,543,699,830,391,600,674,63,34,12,1,1280,541,848,1419,413,145,5,438,,35:03,1
2010-11,201152,Thaddeus Young,Thaddeus,1610612755,PHI,Philadelphia 76ers,0041000112,2011-04-18T00:00:00,PHI @ MIA,L,28.95,8,20,0.4,0,0,0.0,2,3,0.667,5,1,6,0,2,1,0,4,3,3,18,-12,26.2,0,0,26.0,1,802,802,802,654,132,63,796,558,904,558,459,478,619,41,1016,351,1022,261,278,544,1596,980,354,244,1453,486,145,5,438,,28:57,1
2010-11,201950,Jrue Holiday,Jrue,1610612755,PHI,Philadelphia 76ers,0041000112,2011-04-18T00:00:00,PHI @ MIA,L,34.166666666666664,5,13,0.385,2,5,0.4,0,0,0.0,0,3,3,2,2,2,1,0,2,0,12,-23,25.6,0,0,25.0,1,802,802,802,442,364,283,879,104,126,313,899,955,899,830,559,746,435,261,95,215,1,603,1154,472,1597,513,145,5,465,,34:10,1
2010-11,2736,Luol Deng,Luol,1610612741,CHI,Chicago Bulls,0041000102,2011-04-18T00:00:00,CHI vs. IND,W,39.28333333333333,3,13,0.231,1,3,0.333,7,8,0.875,3,3,6,0,3,2,0,1,1,6,14,13,24.2,0,0,25.0,1,1,1,1,223,626,283,1245,259,345,351,94,117,408,133,559,351,1022,131,95,544,1013,286,104,391,129,551,145,5,465,,39:17,1
2010-11,202323,Evan Turner,Evan,1610612755,PHI,Philadelphia 76ers,0041000112,2011-04-18T00:00:00,PHI @ MIA,L,25.883333333333333,6,10,0.6,3,3,1.0,0,0,0.0,1,5,6,1,0,0,0,1,3,0,15,-7,23.7,0,0,25.0,1,802,802,802,758,264,464,266,44,345,1,899,955,899,422,262,351,674,1010,734,544,1013,980,1154,346,1234,569,145,5,465,,25:53,1
2010-11,2738,Andre Iguodala,Andre,1610612755,PHI,Philadelphia 76ers,0041000112,2011-04-18T00:00:00,PHI @ MIA,L,36.21666666666667,2,8,0.25,0,2,0.0,1,2,0.5,2,5,7,7,5,1,1,0,2,1,5,-20,24.9,0,0,23.0,1,802,802,802,355,828,606,1175,558,494,558,704,543,699,239,262,276,57,24,278,215,1,603,790,958,1584,525,145,5,531,,36:13,1
2010-11,201579,Roy Hibbert,Roy,1610612754,IND,Indiana Pacers,0041000102,2011-04-18T00:00:00,IND @ CHI,L,21.446666666666665,3,7,0.429,0,0,0.0,2,4,0.5,1,3,4,1,2,1,3,1,5,3,8,-16,24.3,0,0,21.0,1,802,802,802,947,626,692,715,558,904,558,459,304,699,422,559,600,674,261,278,27,1013,1479,354,713,1545,548,145,5,585,,21:27,1
2010-11,201985,AJ Price,AJ,1610612754,IND,Indiana Pacers,0041000102,2011-04-18T00:00:00,IND @ CHI,L,24.485,3,8,0.375,2,4,0.5,5,5,1.0,2,1,3,1,5,1,0,0,1,2,13,-17,16.1,0,0,21.0,1,802,802,802,820,626,606,896,104,223,169,171,256,1,239,1016,746,674,24,278,544,1,286,541,428,1559,818,145,5,585,,24:29,1
2010-11,101150,Lou Williams,Lou,1610612755,PHI,Philadelphia 76ers,0041000112,2011-04-18T00:00:00,PHI @ MIA,L,24.0,1,8,0.125,0,2,0.0,6,7,0.857,0,1,1,6,0,2,0,0,0,7,8,-8,24.2,0,0,19.0,1,802,802,802,837,1078,606,1325,558,494,558,118,156,421,830,1016,1143,82,1010,95,544,1,1,66,713,1306,551,145,5,650,,24:00,1
2010-11,201202,Joel Anthony,Joel,1610612748,MIA,Miami Heat,0041000112,2011-04-18T00:00:00,MIA vs. PHI,W,26.766666666666666,1,3,0.333,0,0,0.0,2,4,0.5,3,3,6,0,0,1,3,0,2,3,4,15,23.2,0,0,18.0,1,1,1,1,723,1078,1138,960,558,904,558,459,304,699,133,559,351,1022,1010,278,27,1,603,354,1037,85,589,145,5,681,,26:46,1
2010-11,201946,Tyler Hansbrough,Tyler,1610612754,IND,Indiana Pacers,0041000102,2011-04-18T00:00:00,IND @ CHI,L,40.00666666666667,2,12,0.167,0,0,0.0,2,2,1.0,2,4,6,2,1,2,0,3,3,2,6,-6,21.2,0,0,18.0,1,802,802,802,189,828,341,1290,558,904,558,459,543,1,239,391,351,435,557,95,544,1558,980,541,848,1182,636,145,5,681,,40:00,1
2010-11,2399,Mike Dunleavy,Mike,1610612754,IND,Indiana Pacers,0041000102,2011-04-18T00:00:00,IND @ CHI,L,12.643333333333333,3,5,0.6,2,3,0.667,0,0,0.0,0,0,0,4,0,1,0,0,1,3,8,9,17.0,0,0,16.0,1,802,802,802,1278,626,926,266,104,345,102,899,955,899,830,1317,1397,196,1010,278,544,1,286,354,713,250,786,145,5,763,,12:39,1
2010-11,1902,Jeff Foster,Jeff,1610612754,IND,Indiana Pacers,0041000102,2011-04-18T00:00:00,IND @ CHI,L,17.658333333333335,4,5,0.8,0,0,0.0,1,4,0.25,0,4,4,1,2,1,0,0,4,5,9,12,16.3,0,0,16.0,1,802,802,802,1079,478,926,107,558,904,558,704,304,891,830,391,600,674,261,278,544,1,1280,160,632,163,811,145,5,763,,17:40,1
2010-11,201177,Josh McRoberts,Josh,1610612754,IND,Indiana Pacers,0041000102,2011-04-18T00:00:00,IND @ CHI,L,16.678333333333335,3,9,0.333,0,1,0.0,0,0,0.0,3,3,6,3,0,0,0,1,5,2,6,-2,17.7,0,0,15.0,1,802,802,802,1112,626,532,960,558,677,558,899,955,899,133,559,351,291,1010,734,544,1013,1479,541,848,901,754,145,5,808,,16:41,1
2010-11,980,Zydrunas Ilgauskas,Zydrunas,1610612748,MIA,Miami Heat,0041000112,2011-04-18T00:00:00,MIA vs. PHI,W,18.033333333333335,2,2,1.0,0,0,0.0,3,4,0.75,1,5,6,0,1,0,1,0,1,4,7,9,16.2,0,0,15.0,1,1,1,1,1068,828,1267,1,558,904,558,337,304,518,422,262,351,1022,557,734,215,1,286,242,789,250,814,145,5,808,,18:02,1
2010-11,1710,Mike Bibby,Mike,1610612748,MIA,Miami Heat,0041000112,2011-04-18T00:00:00,MIA vs. PHI,W,25.866666666666667,2,7,0.286,1,5,0.2,0,0,0.0,0,4,4,3,0,0,0,0,1,1,5,16,14.3,0,0,13.0,1,1,1,1,761,828,692,1127,259,126,510,899,955,899,830,391,600,291,1010,734,544,1,286,790,958,69,896,145,5,903,,25:52,1
2010-11,201954,Darren Collison,Darren,1610612754,IND,Indiana Pacers,0041000102,2011-04-18T00:00:00,IND @ CHI,L,14.833333333333334,2,5,0.4,0,1,0.0,4,4,1.0,0,1,1,2,1,1,0,0,0,2,8,6,14.2,0,0,13.0,1,802,802,802,1199,828,926,796,558,677,558,234,304,1,830,1016,1143,435,557,278,544,1,1,541,713,371,899,145,5,903,,14:50,1
2010-11,2592,James Jones,James,1610612748,MIA,Miami Heat,0041000112,2011-04-18T00:00:00,MIA vs. PHI,W,23.966666666666665,3,6,0.5,1,3,0.333,0,0,0.0,0,3,3,0,0,0,1,0,1,0,7,7,13.6,0,0,13.0,1,1,1,1,840,626,814,417,259,345,351,899,955,899,830,559,746,1022,1010,734,215,1,286,1154,789,326,928,145,5,903,,23:58,1
2010-11,1882,Elton Brand,Elton,1610612755,PHI,Philadelphia 76ers,0041000112,2011-04-18T00:00:00,PHI @ MIA,L,30.483333333333334,1,5,0.2,0,0,0.0,1,2,0.5,3,4,7,0,1,0,1,1,3,2,3,-18,13.4,0,0,12.0,1,802,802,802,591,1078,926,1262,558,904,558,704,543,699,133,391,276,1022,557,734,215,1013,980,541,1146,1569,938,145,5,946,,30:29,1
2010-11,201228,C.J. Watson,C.J.,1610612741,CHI,Chicago Bulls,0041000102,2011-04-18T00:00:00,CHI vs. IND,W,8.448333333333334,3,6,0.5,0,0,0.0,1,1,1.0,0,1,1,0,1,2,0,0,2,1,7,-3,13.2,0,0,12.0,1,1,1,1,1379,626,814,417,558,904,558,704,881,1,830,1016,1143,1022,557,95,544,1,603,790,789,985,946,145,5,946,,8:27,1
2010-11,201975,Jodie Meeks,Jodie,1610612755,PHI,Philadelphia 76ers,0041000112,2011-04-18T00:00:00,PHI @ MIA,L,26.483333333333334,2,6,0.333,1,2,0.5,2,2,1.0,0,3,3,1,1,0,0,0,1,1,7,-9,11.1,0,0,12.0,1,802,802,802,737,828,814,960,259,494,169,459,543,1,830,559,746,674,557,734,544,1,286,790,789,1349,1046,145,5,946,,26:29,1
2010-11,201959,Taj Gibson,Taj,1610612741,CHI,Chicago Bulls,0041000102,2011-04-18T00:00:00,CHI vs. IND,W,12.421666666666667,1,1,1.0,0,0,0.0,0,0,0.0,0,4,4,0,0,0,2,0,1,0,2,-4,12.8,0,0,10.0,1,1,1,1,1289,1078,1386,1,558,904,558,899,955,899,830,391,600,1022,1010,734,76,1,286,1154,1223,1048,965,145,5,1052,,12:25,1
2010-11,703,Kurt Thomas,Kurt,1610612741,CHI,Chicago Bulls,0041000102,2011-04-18T00:00:00,CHI vs. IND,W,10.316666666666666,2,4,0.5,0,0,0.0,0,0,0.0,2,2,4,0,1,0,1,1,1,0,4,-7,10.8,0,0,10.0,1,1,1,1,1339,828,1024,417,558,904,558,899,955,899,239,768,600,1022,557,734,215,1013,286,1154,1037,1234,1061,145,5,1052,,10:19,1
2010-11,200758,Ronnie Brewer,Ronnie,1610612741,CHI,Chicago Bulls,0041000102,2011-04-18T00:00:00,CHI vs. IND,W,15.578333333333333,1,3,0.333,0,1,0.0,2,2,1.0,1,2,3,3,2,0,0,0,1,1,4,-14,10.1,0,0,10.0,1,1,1,1,1157,1078,1138,960,558,677,558,459,543,1,422,768,746,291,261,734,544,1,286,790,1037,1512,1096,145,5,1052,,15:35,1
2010-11,2594,Kyle Korver,Kyle,1610612741,CHI,Chicago Bulls,0041000102,2011-04-18T00:00:00,CHI vs. IND,W,22.121666666666666,2,4,0.5,1,1,1.0,0,0,0.0,0,3,3,1,1,0,0,0,5,1,5,5,9.1,0,0,10.0,1,1,1,1,909,828,1024,417,259,677,1,899,955,899,830,559,746,674,557,734,544,1,1479,790,958,422,1136,145,5,1052,,22:07,1
2010-11,201596,Mario Chalmers,Mario,1610612748,MIA,Miami Heat,0041000112,2011-04-18T00:00:00,MIA vs. PHI,W,22.133333333333333,1,7,0.143,0,3,0.0,0,0,0.0,0,2,2,3,1,1,0,0,5,0,2,5,10.9,0,0,9.0,1,1,1,1,907,1078,692,1315,558,345,558,899,955,899,830,768,936,291,557,278,544,1,1479,1154,1223,422,1056,145,5,1102,,22:08,1
2010-11,2586,Keith Bogans,Keith,1610612741,CHI,Chicago Bulls,0041000102,2011-04-18T00:00:00,CHI vs. IND,W,19.016666666666666,1,5,0.2,1,4,0.25,0,0,0.0,2,0,2,1,0,1,0,0,1,1,3,8,9.9,0,0,9.0,1,1,1,1,1032,1078,926,1262,259,223,449,899,955,899,239,1317,936,674,1010,278,544,1,286,790,1146,286,1104,145,5,1102,,19:01,1
2010-11,201575,Brandon Rush,Brandon,1610612754,IND,Indiana Pacers,0041000102,2011-04-18T00:00:00,IND @ CHI,L,13.908333333333333,1,3,0.333,0,1,0.0,0,0,0.0,0,3,3,2,0,0,0,0,0,0,2,0,8.6,0,0,7.0,1,802,802,802,1231,1078,1138,960,558,677,558,899,955,899,830,559,746,435,1010,734,544,1,1,1154,1223,728,1162,145,5,1201,,13:55,1
2010-11,2551,T.J. Ford,T.J.,1610612754,IND,Indiana Pacers,0041000102,2011-04-18T00:00:00,IND @ CHI,L,8.583333333333334,2,2,1.0,1,1,1.0,0,0,0.0,0,0,0,1,1,0,0,0,0,0,5,7,5.5,0,0,7.0,1,802,802,802,1375,828,1267,1,259,677,1,899,955,899,830,1317,1397,674,557,734,544,1,1,1154,958,326,1318,145,5,1201,,8:35,1
2010-11,1499,Tony Battie,Tony,1610612755,PHI,Philadelphia 76ers,0041000112,2011-04-18T00:00:00,PHI @ MIA,L,12.966666666666667,1,1,1.0,0,0,0.0,1,2,0.5,1,2,3,0,0,0,0,0,3,2,3,-2,6.6,0,0,6.0,1,802,802,802,1264,1078,1386,1,558,904,558,704,543,699,422,768,746,1022,1010,734,544,1,980,541,1146,901,1247,145,5,1256,,12:58,1
2010-11,201578,Marreese Speights,Marreese,1610612755,PHI,Philadelphia 76ers,0041000112,2011-04-18T00:00:00,PHI @ MIA,L,8.333333333333334,0,5,0.0,0,0,0.0,0,0,0.0,0,4,4,1,0,0,0,0,1,0,0,4,6.3,0,0,5.0,1,802,802,802,1384,1340,926,1340,558,904,558,899,955,899,830,391,600,674,1010,734,544,1,286,1154,1390,469,1263,145,5,1306,,8:20,1
2010-11,436,Juwan Howard,Juwan,1610612748,MIA,Miami Heat,0041000112,2011-04-18T00:00:00,MIA vs. PHI,W,3.2,1,1,1.0,0,0,0.0,1,1,1.0,0,0,0,0,0,0,0,0,0,0,3,-3,3.0,0,0,3.0,1,1,1,1,1529,1078,1386,1,558,904,558,704,881,1,830,1317,1397,1022,1010,734,544,1,1,1154,1146,985,1434,145,5,1411,,3:12,1
2010-11,2048,Jamaal Magloire,Jamaal,1610612748,MIA,Miami Heat,0041000112,2011-04-18T00:00:00,MIA vs. PHI,W,3.2,0,0,0.0,0,0,0.0,0,0,0.0,0,1,1,1,0,0,0,0,0,0,0,-3,2.7,0,0,2.0,1,1,1,1,1529,1340,1513,1340,558,904,558,899,955,899,830,1016,1143,674,1010,734,544,1,1,1154,1390,985,1455,145,5,1461,,3:12,1
2010-11,201150,Spencer Hawes,Spencer,1610612755,PHI,Philadelphia 76ers,0041000112,2011-04-18T00:00:00,PHI @ MIA,L,12.516666666666667,1,3,0.333,0,0,0.0,0,2,0.0,0,0,0,0,1,0,0,1,3,1,2,-10,1.0,0,0,2.0,1,802,802,802,1285,1078,1138,960,558,904,558,899,543,899,830,1317,1397,1022,557,734,544,1013,980,790,1223,1385,1525,145,5,1461,,12:31,1
2010-11,2067,Eddie House,Eddie,1610612748,MIA,Miami Heat,0041000112,2011-04-18T00:00:00,MIA vs. PHI,W,5.916666666666667,1,3,0.333,0,1,0.0,0,0,0.0,0,0,0,0,2,0,0,1,0,0,2,-3,0.0,0,0,2.0,1,1,1,1,1454,1078,1138,960,558,677,558,899,955,899,830,1317,1397,1022,261,734,544,1013,1,1154,1223,985,1534,145,5,1461,,5:55,1
2010-11,201600,Omer Asik,Omer,1610612741,CHI,Chicago Bulls,0041000102,2011-04-18T00:00:00,CHI vs. IND,W,1.7833333333333334,0,0,0.0,0,0,0.0,0,0,0.0,0,0,0,0,0,0,0,0,0,0,0,-3,0.0,0,0,0.0,1,1,1,1,1568,1340,1513,1340,558,904,558,899,955,899,830,1317,1397,1022,1010,734,544,1,1,1154,1390,985,1534,145,5,1539,,1:47,1
2010-11,2034,Mike Miller,Mike,1610612748,MIA,Miami Heat,0041000112,2011-04-18T00:00:00,MIA vs. PHI,W,3.25,0,0,0.0,0,0,0.0,0,0,0.0,0,0,0,0,1,0,0,0,1,0,0,2,-1.0,0,0,0.0,1,1,1,1,1528,1340,1513,1340,558,904,558,899,955,899,830,1317,1397,1022,557,734,544,1,286,1154,1390,591,1602,145,5,1539,,3:15,1
2010-11,101108,Chris Paul,Chris,1610612740,NOH,New Orleans Hornets,0041000151,2011-04-17T00:00:00,NOH @ LAL,W,40.55,11,18,0.611,2,3,0.667,9,12,0.75,0,7,7,14,2,4,0,1,0,8,33,7,72.4,1,0,64.0,1,1,1,1,173,35,109,264,104,345,102,51,29,518,830,126,276,3,261,5,544,1013,1,36,29,326,2,1,5,4,,40:33,1
2010-11,201142,Kevin Durant,Kevin,1610612760,OKC,Oklahoma City Thunder,0041000171,2011-04-17T00:00:00,OKC vs. DEN,W,42.85,13,22,0.591,3,6,0.5,12,15,0.8,0,9,9,2,1,1,0,2,3,9,41,2,56.8,0,0,57.0,1,1,1,1,87,10,35,304,44,77,169,16,13,479,830,52,156,435,557,278,544,1432,980,18,5,591,31,145,5,15,,42:51,1
2010-11,201566,Russell Westbrook,Russell,1610612760,OKC,Oklahoma City Thunder,0041000171,2011-04-17T00:00:00,OKC vs. DEN,W,36.55,12,23,0.522,3,4,0.75,4,5,0.8,2,4,6,7,5,1,0,1,2,7,31,-4,46.7,0,0,49.0,1,1,1,1,339,19,27,414,44,223,85,234,256,479,239,391,351,57,24,278,544,1013,603,66,44,1048,85,145,5,47,,36:33,1
2010-11,2405,Amar'e Stoudemire,Amar'e,1610612752,NYK,New York Knicks,0041000121,2011-04-17T00:00:00,NYK @ BOS,L,38.65,12,18,0.667,0,0,0.0,4,6,0.667,2,9,11,2,4,1,2,1,3,3,28,-9,49.2,1,0,47.0,1,802,802,802,257,19,109,175,558,904,558,234,191,619,239,52,69,435,63,278,76,1013,980,354,64,1349,61,1,5,64,,38:39,1
2010-11,2216,Zach Randolph,Zach,1610612763,MEM,Memphis Grizzlies,0041000141,2011-04-17T00:00:00,MEM @ SAS,W,40.99,10,15,0.667,0,1,0.0,5,8,0.625,0,14,14,3,4,0,2,1,4,5,25,2,48.3,1,0,46.0,1,1,1,1,149,54,192,175,558,677,558,171,117,666,830,2,24,291,63,734,76,1013,1280,160,90,591,70,1,5,70,,40:59,1
2010-11,977,Kobe Bryant,Kobe,1610612747,LAL,Los Angeles Lakers,0041000151,2011-04-17T00:00:00,LAL vs. NOH,L,42.083333333333336,13,26,0.5,1,2,0.5,7,8,0.875,1,3,4,5,5,0,1,0,2,6,34,2,44.3,0,0,46.0,1,802,802,802,111,10,15,417,259,494,169,94,117,408,422,559,600,131,24,734,215,1,603,104,21,591,112,145,5,70,,42:05,1
2010-11,201188,Marc Gasol,Marc,1610612763,MEM,Memphis Grizzlies,0041000141,2011-04-17T00:00:00,MEM @ SAS,W,39.2,9,10,0.9,0,0,0.0,6,10,0.6,3,6,9,3,2,0,2,0,5,8,24,8,43.3,0,0,40.0,1,1,1,1,227,86,464,95,558,904,558,118,68,677,133,187,156,291,261,734,76,1,1479,36,105,286,122,145,5,117,,39:12,1
2010-11,708,Kevin Garnett,Kevin,1610612738,BOS,Boston Celtics,0041000121,2011-04-17T00:00:00,BOS vs. NYK,W,34.18333333333333,5,14,0.357,0,0,0.0,5,6,0.833,5,8,13,3,3,3,0,2,2,3,15,3,41.1,1,0,37.0,1,1,1,1,441,364,229,948,558,904,558,171,191,443,41,78,35,291,131,34,544,1432,603,354,346,535,153,1,5,176,,34:11,1
2010-11,1495,Tim Duncan,Tim,1610612759,SAS,San Antonio Spurs,0041000141,2011-04-17T00:00:00,SAS vs. MEM,L,36.46666666666667,8,13,0.615,0,0,0.0,0,2,0.0,5,8,13,2,3,0,2,0,3,2,16,-2,37.6,1,0,35.0,1,802,802,802,340,132,283,258,558,904,558,899,543,899,41,78,35,435,131,734,76,1,980,541,311,901,209,1,5,203,,36:28,1
2010-11,2403,Nene,ene,1610612743,DEN,Denver Nuggets,0041000171,2011-04-17T00:00:00,DEN @ OKC,L,33.711666666666666,9,11,0.818,0,0,0.0,4,8,0.5,3,5,8,1,2,2,0,1,2,5,22,-4,37.1,0,0,35.0,1,802,802,802,464,86,409,104,558,904,558,234,117,699,133,262,208,674,261,95,544,1013,603,160,151,1048,219,145,5,203,,33:43,1
2010-11,951,Ray Allen,Ray,1610612738,BOS,Boston Celtics,0041000121,2011-04-17T00:00:00,BOS vs. NYK,W,41.733333333333334,9,15,0.6,3,5,0.6,3,3,1.0,1,5,6,1,2,0,0,1,0,4,24,4,30.7,0,0,34.0,1,1,1,1,129,86,192,266,44,126,141,337,478,1,422,262,351,674,261,734,544,1013,1,242,105,469,371,145,5,226,,41:44,1
2010-11,201588,George Hill,George,1610612759,SAS,San Antonio Spurs,0041000141,2011-04-17T00:00:00,SAS vs. MEM,L,40.623333333333335,2,7,0.286,0,3,0.0,11,13,0.846,0,7,7,3,1,4,0,0,3,11,15,1,38.9,0,0,33.0,1,802,802,802,167,828,692,1127,558,345,558,24,21,440,830,126,276,291,557,5,544,1,980,5,346,654,187,145,5,259,,40:37,1
2010-11,2225,Tony Parker,Tony,1610612759,SAS,San Antonio Spurs,0041000141,2011-04-17T00:00:00,SAS vs. MEM,L,40.56666666666667,4,16,0.25,0,1,0.0,12,16,0.75,0,1,1,5,2,3,0,2,2,10,20,6,35.7,0,0,32.0,1,802,802,802,171,478,159,1175,558,677,558,16,11,518,830,1016,1143,131,261,34,544,1432,603,10,198,371,265,145,5,286,,40:34,1
2010-11,201144,Mike Conley,Mike,1610612763,MEM,Memphis Grizzlies,0041000141,2011-04-17T00:00:00,MEM @ SAS,W,44.28,4,10,0.4,1,2,0.5,6,8,0.75,1,3,4,10,4,0,0,0,4,7,15,-1,30.8,1,0,30.0,1,1,1,1,52,478,464,796,259,494,169,118,117,518,422,559,600,16,63,734,544,1,1280,66,346,825,368,1,5,338,,44:17,1
2010-11,1897,Metta World Peace,Metta,1610612747,LAL,Los Angeles Lakers,0041000151,2011-04-17T00:00:00,LAL vs. NOH,L,36.08,4,8,0.5,2,3,0.667,6,6,1.0,5,6,11,1,2,0,0,0,5,4,16,3,28.7,1,0,30.0,1,802,802,802,359,478,606,417,104,345,102,118,191,1,41,187,69,674,261,734,544,1,1479,242,311,535,425,1,5,338,,36:05,1
2010-11,1718,Paul Pierce,Paul,1610612738,BOS,Boston Celtics,0041000121,2011-04-17T00:00:00,BOS vs. NYK,W,39.35,6,16,0.375,2,5,0.4,4,5,0.8,1,3,4,4,4,1,0,1,3,4,18,-4,27.8,0,0,30.0,1,1,1,1,218,264,159,896,104,126,313,234,256,479,422,559,600,196,63,278,544,1013,980,242,244,1048,447,145,5,338,,39:21,1
2010-11,2546,Carmelo Anthony,Carmelo,1610612752,NYK,New York Knicks,0041000121,2011-04-17T00:00:00,NYK @ BOS,L,33.65,5,18,0.278,2,8,0.25,3,4,0.75,2,2,4,4,5,2,0,2,5,4,15,2,26.8,0,0,29.0,1,802,802,802,466,364,109,1163,104,18,449,337,304,518,239,768,600,196,24,95,544,1432,1479,242,346,591,471,145,5,358,,33:39,1
2010-11,200765,Rajon Rondo,Rajon,1610612738,BOS,Boston Celtics,0041000121,2011-04-17T00:00:00,BOS vs. NYK,W,43.083333333333336,5,14,0.357,0,1,0.0,0,2,0.0,3,6,9,9,1,0,0,3,0,2,10,2,33.3,0,0,28.0,1,1,1,1,78,364,229,948,558,677,558,899,543,899,133,187,156,28,557,734,544,1558,1,541,568,591,325,145,5,376,,43:05,1
2010-11,101115,Andrew Bynum,Andrew,1610612747,LAL,Los Angeles Lakers,0041000151,2011-04-17T00:00:00,LAL vs. NOH,L,25.653333333333332,4,7,0.571,0,0,0.0,5,7,0.714,1,8,9,0,1,0,2,1,4,4,13,-15,28.8,0,0,26.0,1,802,802,802,765,478,692,315,558,904,558,171,156,608,422,78,156,1022,557,734,76,1013,1280,242,428,1530,423,145,5,438,,25:39,1
2010-11,201568,Danilo Gallinari,Danilo,1610612743,DEN,Denver Nuggets,0041000171,2011-04-17T00:00:00,DEN @ OKC,L,31.981666666666666,6,11,0.545,2,4,0.5,4,6,0.667,0,4,4,2,2,0,0,1,5,5,18,-4,23.8,0,0,26.0,1,802,802,802,536,264,409,378,104,223,169,234,191,619,830,391,600,435,261,734,544,1013,1479,160,244,1048,565,145,5,438,,31:59,1
2010-11,201951,Ty Lawson,Ty,1610612743,DEN,Denver Nuggets,0041000171,2011-04-17T00:00:00,DEN @ OKC,L,34.24666666666667,4,7,0.571,0,1,0.0,2,2,1.0,2,2,4,5,1,3,0,1,2,2,10,9,30.3,0,0,25.0,1,802,802,802,437,478,692,315,558,677,558,459,543,1,239,768,600,131,557,34,544,1013,603,541,568,250,382,145,5,465,,34:15,1
2010-11,2200,Pau Gasol,Pau,1610612747,LAL,Los Angeles Lakers,0041000151,2011-04-17T00:00:00,LAL vs. NOH,L,37.781666666666666,2,9,0.222,0,1,0.0,4,4,1.0,0,6,6,6,0,0,2,0,2,2,8,1,30.2,0,0,24.0,1,802,802,802,297,828,532,1246,558,677,558,234,304,1,830,187,351,82,1010,734,76,1,603,541,713,654,385,145,5,495,,37:47,1
2010-11,201163,Wilson Chandler,Wilson,1610612743,DEN,Denver Nuggets,0041000171,2011-04-17T00:00:00,DEN @ OKC,L,31.60333333333333,4,10,0.4,1,2,0.5,0,0,0.0,0,8,8,0,0,1,2,1,3,0,9,3,27.6,0,0,24.0,1,802,802,802,548,478,464,796,259,494,169,899,955,899,830,78,208,1022,1010,278,76,1013,980,1154,632,535,452,145,5,495,,31:36,1
2010-11,101127,Jarrett Jack,Jarrett,1610612740,NOH,New Orleans Hornets,0041000151,2011-04-17T00:00:00,NOH @ LAL,W,21.6,5,6,0.833,0,1,0.0,5,7,0.714,1,3,4,5,0,0,0,0,0,3,15,16,27.3,0,0,24.0,1,1,1,1,942,364,814,99,558,677,558,171,156,608,422,559,600,131,1010,734,544,1,1,354,346,69,457,145,5,495,,21:36,1
2010-11,979,Jermaine O'Neal,Jermaine,1610612738,BOS,Boston Celtics,0041000121,2011-04-17T00:00:00,BOS vs. NYK,W,22.558333333333334,6,6,1.0,0,0,0.0,0,0,0.0,3,1,4,0,2,0,4,0,5,2,12,-11,26.8,0,0,24.0,1,1,1,1,892,264,814,1,558,904,558,899,955,899,133,1016,600,1022,261,734,12,1,1479,541,472,1419,471,145,5,495,,22:34,1
2010-11,101142,Ronny Turiaf,Ronny,1610612752,NYK,New York Knicks,0041000121,2011-04-17T00:00:00,NYK @ BOS,L,29.433333333333334,4,5,0.8,0,0,0.0,1,2,0.5,1,4,5,1,0,0,4,1,0,2,9,1,28.5,0,0,23.0,1,802,802,802,630,478,926,107,558,904,558,704,543,699,422,391,458,674,1010,734,12,1013,1,541,632,654,433,145,5,531,,29:26,1
2010-11,101109,Raymond Felton,Raymond,1610612743,DEN,Denver Nuggets,0041000171,2011-04-17T00:00:00,DEN @ OKC,L,32.51833333333333,4,11,0.364,0,4,0.0,4,5,0.8,0,1,1,8,2,1,0,1,3,3,12,-8,26.2,0,0,23.0,1,802,802,802,513,478,409,934,558,223,558,234,256,479,830,1016,1143,36,261,278,544,1013,980,354,472,1306,486,145,5,531,,32:31,1
2010-11,201171,Carl Landry,Carl,1610612740,NOH,New Orleans Hornets,0041000151,2011-04-17T00:00:00,NOH @ LAL,W,33.25,6,13,0.462,0,0,0.0,5,5,1.0,1,4,5,1,0,0,0,1,5,5,17,-2,24.5,0,0,23.0,1,1,1,1,481,264,283,648,558,904,558,171,256,1,422,391,458,674,1010,734,544,1013,1479,160,278,901,540,145,5,531,,33:15,1
2010-11,2210,Richard Jefferson,Richard,1610612759,SAS,San Antonio Spurs,0041000141,2011-04-17T00:00:00,SAS vs. MEM,L,36.95333333333333,4,6,0.667,2,3,0.667,3,4,0.75,0,6,6,2,1,0,0,0,3,3,13,0,22.2,0,0,23.0,1,802,802,802,330,478,814,175,104,345,102,337,304,518,830,187,351,435,557,734,544,1,980,354,428,728,612,145,5,531,,36:57,1
2010-11,2030,Kenyon Martin,Kenyon,1610612743,DEN,Denver Nuggets,0041000171,2011-04-17T00:00:00,DEN @ OKC,L,33.26166666666666,4,12,0.333,0,0,0.0,2,4,0.5,0,7,7,5,0,0,0,3,4,2,10,-1,25.9,0,0,22.0,1,802,802,802,479,478,341,960,558,904,558,459,304,699,830,126,276,131,1010,734,544,1558,1280,541,568,825,501,145,5,557,,33:16,1
2010-11,201953,Eric Maynor,Eric,1610612760,OKC,Oklahoma City Thunder,0041000171,2011-04-17T00:00:00,OKC vs. DEN,W,11.538333333333334,5,7,0.714,2,3,0.667,0,0,0.0,0,2,2,1,1,1,0,0,0,0,12,8,17.9,0,0,19.0,1,1,1,1,1311,364,692,152,104,345,102,899,955,899,830,768,936,674,557,278,544,1,1,1154,472,286,746,145,5,650,,11:32,1
2010-11,201564,O.J. Mayo,O.J.,1610612763,MEM,Memphis Grizzlies,0041000141,2011-04-17T00:00:00,MEM @ SAS,W,29.566666666666666,5,13,0.385,3,4,0.75,0,0,0.0,0,3,3,0,1,0,0,0,6,1,13,7,15.6,0,0,19.0,1,1,1,1,622,364,283,879,44,223,85,899,955,899,830,559,746,1022,557,734,544,1,1593,790,428,326,842,145,5,650,,29:34,1
2010-11,201935,James Harden,James,1610612760,OKC,Oklahoma City Thunder,0041000171,2011-04-17T00:00:00,OKC vs. DEN,W,25.795,1,5,0.2,0,4,0.0,3,4,0.75,0,3,3,4,0,1,2,0,2,3,5,7,23.6,0,0,18.0,1,1,1,1,763,1078,926,1262,558,223,558,337,304,518,830,559,746,196,1010,278,76,1,603,354,958,326,571,145,5,681,,25:48,1
2010-11,2772,Trevor Ariza,Trevor,1610612740,NOH,New Orleans Hornets,0041000151,2011-04-17T00:00:00,NOH @ LAL,W,39.0,2,13,0.154,0,2,0.0,2,4,0.5,0,7,7,3,0,1,0,1,2,2,6,9,21.9,0,0,18.0,1,1,1,1,237,828,283,1313,558,494,558,459,304,699,830,126,276,291,1010,278,544,1013,603,541,848,250,619,145,5,681,,39:00,1
2010-11,1497,Chauncey Billups,Chauncey,1610612752,NYK,New York Knicks,0041000121,2011-04-17T00:00:00,NYK @ BOS,L,34.505,3,11,0.273,2,6,0.333,2,2,1.0,0,2,2,4,3,0,0,0,2,1,10,1,15.4,0,0,18.0,1,802,802,802,429,626,409,1167,104,77,351,459,543,1,830,768,936,196,131,734,544,1,603,790,568,654,849,145,5,681,,34:30,1
2010-11,2407,Jared Jeffries,Jared,1610612752,NYK,New York Knicks,0041000121,2011-04-17T00:00:00,NYK @ BOS,L,18.925,1,4,0.25,0,0,0.0,1,2,0.5,5,4,9,1,0,1,1,1,0,3,3,-8,21.3,0,0,17.0,1,802,802,802,1034,1078,1024,1175,558,904,558,704,543,699,41,391,156,674,1010,278,215,1013,1,354,1146,1306,634,145,5,719,,18:56,1
2010-11,202390,Gary Neal,Gary,1610612759,SAS,San Antonio Spurs,0041000141,2011-04-17T00:00:00,SAS vs. MEM,L,25.376666666666665,4,10,0.4,2,4,0.5,0,0,0.0,0,3,3,0,0,0,1,0,3,0,10,-16,16.6,0,0,17.0,1,802,802,802,780,478,464,796,104,223,169,899,955,899,830,559,746,1022,1010,734,215,1,980,1154,568,1545,799,145,5,719,,25:23,1
2010-11,2203,Shane Battier,Shane,1610612763,MEM,Memphis Grizzlies,0041000141,2011-04-17T00:00:00,MEM @ SAS,W,25.066666666666666,4,5,0.8,2,2,1.0,0,0,0.0,0,1,1,2,1,1,0,0,1,1,10,-3,16.2,0,0,17.0,1,1,1,1,794,478,926,107,104,494,1,899,955,899,830,1016,1143,435,557,278,544,1,286,790,568,985,814,145,5,719,,25:04,1
2010-11,2588,Matt Bonner,Matt,1610612759,SAS,San Antonio Spurs,0041000141,2011-04-17T00:00:00,SAS vs. MEM,L,24.476666666666667,2,4,0.5,2,4,0.5,6,6,1.0,1,2,3,0,0,0,0,0,3,3,12,-10,15.6,0,0,17.0,1,802,802,802,823,828,1024,417,104,223,169,118,191,1,422,768,746,1022,1010,734,544,1,980,354,472,1385,842,145,5,719,,24:29,1
2010-11,201586,Serge Ibaka,Serge,1610612760,OKC,Oklahoma City Thunder,0041000171,2011-04-17T00:00:00,OKC vs. DEN,W,24.868333333333332,1,8,0.125,0,0,0.0,1,2,0.5,2,3,5,0,1,0,4,0,2,1,3,-4,20.0,0,0,16.0,1,1,1,1,806,1078,606,1325,558,904,558,704,543,699,239,559,458,1022,557,734,12,1,603,790,1146,1048,672,145,5,763,,24:52,1
2010-11,201189,Aaron Gray,Aaron,1610612740,NOH,New Orleans Hornets,0041000151,2011-04-17T00:00:00,NOH @ LAL,W,20.083333333333332,5,5,1.0,0,0,0.0,2,4,0.5,0,1,1,1,0,1,0,0,2,3,12,25,17.7,0,0,16.0,1,1,1,1,989,364,926,1,558,904,558,459,304,699,830,1016,1143,674,1010,278,544,1,603,354,472,15,754,145,5,763,,20:05,1
2010-11,965,Derek Fisher,Derek,1610612747,LAL,Los Angeles Lakers,0041000151,2011-04-17T00:00:00,LAL vs. NOH,L,38.666666666666664,3,8,0.375,1,1,1.0,1,2,0.5,0,5,5,2,2,0,0,0,5,2,8,-4,15.0,0,0,16.0,1,802,802,802,253,626,606,896,259,677,1,704,543,699,830,262,458,435,261,734,544,1,1479,541,713,1048,863,145,5,763,,38:40,1
2010-11,2754,Tony Allen,Tony,1610612763,MEM,Memphis Grizzlies,0041000141,2011-04-17T00:00:00,MEM @ SAS,W,24.55,2,6,0.333,0,0,0.0,3,6,0.5,0,3,3,3,0,1,0,2,3,3,7,8,18.1,0,0,15.0,1,1,1,1,817,828,814,960,558,904,558,337,191,699,830,559,746,291,1010,278,544,1432,980,354,789,286,735,145,5,808,,24:33,1
2010-11,2365,Chris Andersen,Chris,1610612743,DEN,Denver Nuggets,0041000171,2011-04-17T00:00:00,DEN @ OKC,L,14.138333333333334,3,4,0.75,0,0,0.0,2,4,0.5,0,1,1,0,1,1,2,0,3,2,8,1,17.2,0,0,15.0,1,802,802,802,1220,626,1024,122,558,904,558,459,304,699,830,1016,1143,1022,557,278,76,1,980,541,713,654,774,145,5,808,,14:08,1
2010-11,201971,DeJuan Blair,DeJuan,1610612759,SAS,San Antonio Spurs,0041000141,2011-04-17T00:00:00,SAS vs. MEM,L,21.923333333333332,3,9,0.333,0,0,0.0,3,4,0.75,5,1,6,0,1,0,0,3,5,2,9,8,15.2,0,0,15.0,1,802,802,802,923,626,532,960,558,904,558,337,304,518,41,1016,351,1022,557,734,544,1558,1479,541,632,286,854,145,5,808,,21:55,1
2010-11,1885,Lamar Odom,Lamar,1610612747,LAL,Los Angeles Lakers,0041000151,2011-04-17T00:00:00,LAL vs. NOH,L,30.831666666666667,3,6,0.5,2,5,0.4,2,4,0.5,0,1,1,2,1,0,0,0,2,3,10,-8,13.2,0,0,15.0,1,802,802,802,577,626,814,417,104,126,313,459,304,699,830,1016,1143,435,557,734,544,1,603,354,568,1306,946,145,5,808,,30:50,1
2010-11,2747,JR Smith,JR,1610612743,DEN,Denver Nuggets,0041000171,2011-04-17T00:00:00,DEN @ OKC,L,17.221666666666668,3,8,0.375,0,3,0.0,3,4,0.75,0,1,1,1,2,1,0,0,1,3,9,-11,12.7,0,0,13.0,1,802,802,802,1094,626,606,896,558,345,558,337,304,518,830,1016,1143,674,261,278,544,1,286,354,632,1419,970,145,5,903,,17:13,1
2010-11,201158,Marco Belinelli,Marco,1610612740,NOH,New Orleans Hornets,0041000151,2011-04-17T00:00:00,NOH @ LAL,W,29.883333333333333,4,9,0.444,2,4,0.5,0,0,0.0,0,1,1,0,0,0,0,0,2,1,10,-8,11.2,0,0,13.0,1,1,1,1,610,478,532,686,104,223,169,899,955,899,830,1016,1143,1022,1010,734,544,1,603,790,568,1306,1035,145,5,903,,29:53,1
2010-11,201962,Toney Douglas,Toney,1610612752,NYK,New York Knicks,0041000121,2011-04-17T00:00:00,NYK @ BOS,L,25.641666666666666,3,8,0.375,2,5,0.4,0,0,0.0,0,0,0,2,0,0,0,0,2,1,8,-4,11.0,0,0,12.0,1,802,802,802,768,626,606,896,104,126,313,899,955,899,830,1317,1397,435,1010,734,544,1,603,790,713,1048,1050,145,5,946,,25:39,1
2010-11,2570,Kendrick Perkins,Kendrick,1610612760,OKC,Oklahoma City Thunder,0041000171,2011-04-17T00:00:00,OKC vs. DEN,W,27.513333333333332,2,4,0.5,0,0,0.0,0,0,0.0,2,3,5,0,2,0,1,1,3,0,4,-2,11.0,0,0,11.0,1,1,1,1,694,828,1024,417,558,904,558,899,955,899,239,559,458,1022,261,734,215,1013,980,1154,1037,901,1050,145,5,1004,,27:31,1
2010-11,2584,Willie Green,Willie,1610612740,NOH,New Orleans Hornets,0041000151,2011-04-17T00:00:00,NOH @ LAL,W,12.966666666666667,4,7,0.571,0,1,0.0,0,1,0.0,0,2,2,0,0,0,0,0,2,1,8,3,10.4,0,0,10.0,1,1,1,1,1264,478,692,315,558,677,558,899,881,899,830,768,936,1022,1010,734,544,1,603,790,713,535,1081,145,5,1052,,12:58,1
2010-11,200769,Shannon Brown,Shannon,1610612747,LAL,Los Angeles Lakers,0041000151,2011-04-17T00:00:00,LAL vs. NOH,L,13.266666666666667,4,6,0.667,0,1,0.0,0,0,0.0,1,0,1,1,1,0,0,0,1,0,8,-12,9.7,0,0,10.0,1,802,802,802,1253,478,814,175,558,677,558,899,955,899,422,1317,1143,674,557,734,544,1,286,1154,713,1453,1109,145,5,1052,,13:16,1
2010-11,1853,Anthony Carter,Anthony,1610612752,NYK,New York Knicks,0041000121,2011-04-17T00:00:00,NYK @ BOS,L,13.495,1,4,0.25,0,1,0.0,0,0,0.0,1,0,1,2,0,1,1,0,0,0,2,-3,12.2,0,0,9.0,1,802,802,802,1247,1078,1024,1175,558,677,558,899,955,899,422,1317,1143,435,1010,278,215,1,1,1154,1223,985,991,145,5,1102,,13:30,1
2010-11,201160,Jason Smith,Jason,1610612740,NOH,New Orleans Hornets,0041000151,2011-04-17T00:00:00,NOH @ LAL,W,14.47,1,3,0.333,0,0,0.0,0,0,0.0,1,2,3,0,0,2,0,0,1,1,2,10,11.6,0,0,9.0,1,1,1,1,1210,1078,1138,960,558,904,558,899,955,899,422,768,746,1022,1010,95,544,1,286,790,1223,214,1014,145,5,1102,,14:28,1
2010-11,201589,Darrell Arthur,Darrell,1610612763,MEM,Memphis Grizzlies,0041000141,2011-04-17T00:00:00,MEM @ SAS,W,14.943333333333333,2,5,0.4,0,0,0.0,1,1,1.0,1,1,2,0,1,0,1,0,5,2,5,-4,9.4,0,0,9.0,1,1,1,1,1194,828,926,796,558,904,558,704,881,1,422,1016,936,1022,557,734,215,1,1479,541,958,1048,1120,145,5,1102,,14:57,1
2010-11,201175,Glen Davis,Glen,1610612738,BOS,Boston Celtics,0041000121,2011-04-17T00:00:00,BOS vs. NYK,W,25.441666666666666,1,8,0.125,0,1,0.0,0,2,0.0,1,4,5,0,2,1,0,1,2,2,2,13,9.0,0,0,9.0,1,1,1,1,776,1078,606,1325,558,677,558,899,543,899,422,391,458,1022,261,278,544,1013,603,541,1223,129,1141,145,5,1102,,25:27,1
2010-11,201611,Henry Walker,Henry,1610612752,NYK,New York Knicks,0041000121,2011-04-17T00:00:00,NYK @ BOS,L,17.316666666666666,3,5,0.6,1,1,1.0,0,0,0.0,1,0,1,0,2,0,0,0,3,0,7,-4,6.2,0,0,9.0,1,802,802,802,1092,626,926,266,259,677,1,899,955,899,422,1317,1143,1022,261,734,544,1,980,1154,789,1048,1265,145,5,1102,,17:19,1
2010-11,1737,Nazr Mohammed,Nazr,1610612760,OKC,Oklahoma City Thunder,0041000171,2011-04-17T00:00:00,OKC vs. DEN,W,17.77,1,4,0.25,0,0,0.0,0,0,0.0,0,3,3,0,1,0,1,0,4,0,2,3,7.6,0,0,7.0,1,1,1,1,1076,1078,1024,1175,558,904,558,899,955,899,830,559,746,1022,557,734,215,1,1280,1154,1223,535,1201,145,5,1201,,17:46,1
2010-11,1733,Al Harrington,Al,1610612743,DEN,Denver Nuggets,0041000171,2011-04-17T00:00:00,DEN @ OKC,L,11.316666666666666,2,3,0.667,1,2,0.5,0,0,0.0,0,0,0,1,1,0,0,0,1,0,5,-5,5.5,0,0,7.0,1,802,802,802,1317,828,1138,175,259,494,169,899,955,899,830,1317,1397,674,557,734,544,1,286,1154,958,1135,1318,145,5,1201,,11:19,1
2010-11,200757,Thabo Sefolosha,Thabo,1610612760,OKC,Oklahoma City Thunder,0041000171,2011-04-17T00:00:00,OKC vs. DEN,W,22.38,0,1,0.0,0,1,0.0,2,2,1.0,1,2,3,1,0,0,0,0,1,1,2,-4,7.1,0,0,6.0,1,1,1,1,902,1340,1386,1340,558,677,558,459,543,1,422,768,746,674,1010,734,544,1,286,790,1223,1048,1230,145,5,1256,,22:23,1
2010-11,201234,Trey Johnson,Trey,1610612747,LAL,Los Angeles Lakers,0041000151,2011-04-17T00:00:00,LAL vs. NOH,L,5.8,1,2,0.5,0,0,0.0,1,2,0.5,1,2,3,0,0,0,0,0,1,1,3,-5,6.6,0,0,6.0,1,802,802,802,1460,1078,1267,417,558,904,558,704,543,699,422,768,746,1022,1010,734,544,1,286,790,1146,1135,1247,145,5,1256,,5:48,1
2010-11,2731,Emeka Okafor,Emeka,1610612740,NOH,New Orleans Hornets,0041000151,2011-04-17T00:00:00,NOH @ LAL,W,21.846666666666668,2,4,0.5,0,0,0.0,0,0,0.0,1,1,2,0,0,0,0,2,6,0,4,-16,6.4,0,0,6.0,1,1,1,1,932,828,1024,417,558,904,558,899,955,899,422,1016,936,1022,1010,734,544,1432,1593,1154,1037,1545,1256,145,5,1256,,21:51,1
2010-11,200761,Shawne Williams,Shawne,1610612752,NYK,New York Knicks,0041000121,2011-04-17T00:00:00,NYK @ BOS,L,9.35,1,2,0.5,1,2,0.5,0,0,0.0,0,0,0,0,0,0,1,0,2,1,3,7,6.0,0,0,6.0,1,802,802,802,1364,1078,1267,417,259,494,169,899,955,899,830,1317,1397,1022,1010,734,215,1,603,790,1146,326,1279,145,5,1256,,9:21,1
2010-11,201145,Jeff Green,Jeff,1610612738,BOS,Boston Celtics,0041000121,2011-04-17T00:00:00,BOS vs. NYK,W,16.666666666666668,2,4,0.5,0,1,0.0,0,0,0.0,0,0,0,0,1,0,1,0,1,0,4,1,6.0,0,0,6.0,1,1,1,1,1113,828,1024,417,558,677,558,899,955,899,830,1317,1397,1022,557,734,215,1,286,1154,1037,654,1279,145,5,1256,,16:40,1
2010-11,201161,Daequan Cook,Daequan,1610612760,OKC,Oklahoma City Thunder,0041000171,2011-04-17T00:00:00,OKC vs. DEN,W,5.15,2,2,1.0,1,1,1.0,0,0,0.0,0,0,0,0,0,0,0,0,2,0,5,2,5.0,0,0,6.0,1,1,1,1,1479,828,1267,1,259,677,1,899,955,899,830,1317,1397,1022,1010,734,544,1,603,1154,958,591,1346,145,5,1256,,5:09,1
2010-11,2753,Delonte West,Delonte,1610612738,BOS,Boston Celtics,0041000121,2011-04-17T00:00:00,BOS vs. NYK,W,12.066666666666666,1,2,0.5,0,0,0.0,0,0,0.0,0,1,1,2,1,0,0,1,2,0,2,2,5.2,0,0,5.0,1,1,1,1,1297,1078,1267,417,558,904,558,899,955,899,830,1016,1143,435,557,734,544,1013,603,1154,1223,591,1332,145,5,1306,,12:04,1
2010-11,2788,DJ Mbenga,DJ,1610612740,NOH,New Orleans Hornets,0041000151,2011-04-17T00:00:00,NOH @ LAL,W,6.35,1,1,1.0,0,0,0.0,0,0,0.0,0,1,1,0,1,0,1,0,2,0,2,1,5.2,0,0,5.0,1,1,1,1,1444,1078,1386,1,558,904,558,899,955,899,830,1016,1143,1022,557,734,215,1,603,1154,1223,654,1332,145,5,1306,,6:21,1
2010-11,686,Antonio McDyess,Antonio,1610612759,SAS,San Antonio Spurs,0041000141,2011-04-17T00:00:00,SAS vs. MEM,L,13.133333333333333,1,5,0.2,0,0,0.0,1,2,0.5,0,1,1,1,2,0,0,0,5,2,3,-2,3.7,0,0,5.0,1,802,802,802,1257,1078,926,1262,558,904,558,704,543,699,830,1016,1143,674,261,734,544,1,1479,541,1146,901,1395,145,5,1306,,13:08,1
2010-11,2420,Nenad Krstic,Nenad,1610612738,BOS,Boston Celtics,0041000121,2011-04-17T00:00:00,BOS vs. NYK,W,4.916666666666667,0,1,0.0,0,0,0.0,0,0,0.0,1,1,2,1,0,0,0,0,0,0,0,0,3.9,0,0,3.0,1,1,1,1,1484,1340,1386,1340,558,904,558,899,955,899,422,1016,936,674,1010,734,544,1,1,1154,1390,728,1393,145,5,1411,,4:55,1
2010-11,2555,Nick Collison,Nick,1610612760,OKC,Oklahoma City Thunder,0041000171,2011-04-17T00:00:00,OKC vs. DEN,W,25.585,1,1,1.0,0,0,0.0,0,0,0.0,0,1,1,0,0,0,0,0,3,3,2,12,3.2,0,0,3.0,1,1,1,1,772,1078,1386,1,558,904,558,899,955,899,830,1016,1143,1022,1010,734,544,1,980,354,1223,163,1413,145,5,1411,,25:35,1
2010-11,201970,Sam Young,Sam,1610612763,MEM,Memphis Grizzlies,0041000141,2011-04-17T00:00:00,MEM @ SAS,W,15.433333333333334,1,3,0.333,0,1,0.0,0,0,0.0,0,1,1,0,2,0,0,0,4,0,2,-4,1.2,0,0,3.0,1,1,1,1,1170,1078,1138,960,558,677,558,899,955,899,830,1016,1143,1022,261,734,544,1,1280,1154,1223,1048,1498,145,5,1411,,15:26,1
2010-11,202349,Greivis Vasquez,Greivis,1610612763,MEM,Memphis Grizzlies,0041000141,2011-04-17T00:00:00,MEM @ SAS,W,3.72,0,0,0.0,0,0,0.0,0,0,0.0,0,1,1,1,0,0,0,0,1,0,0,4,2.7,0,0,2.0,1,1,1,1,1514,1340,1513,1340,558,904,558,899,955,899,830,1016,1143,674,1010,734,544,1,286,1154,1390,469,1455,145,5,1461,,3:43,1
2010-11,2440,Matt Barnes,Matt,1610612747,LAL,Los Angeles Lakers,0041000151,2011-04-17T00:00:00,LAL vs. NOH,L,8.033333333333333,0,2,0.0,0,0,0.0,0,0,0.0,0,0,0,0,1,1,0,0,2,0,0,-11,2.0,0,0,2.0,1,802,802,802,1392,1340,1267,1340,558,904,558,899,955,899,830,1317,1397,1022,557,278,544,1,603,1154,1390,1419,1477,145,5,1461,,8:02,1
2010-11,202361,Landry Fields,Landry,1610612752,NYK,New York Knicks,0041000121,2011-04-17T00:00:00,NYK @ BOS,L,19.033333333333335,0,3,0.0,0,0,0.0,0,0,0.0,1,0,1,0,0,0,0,0,0,0,0,7,1.2,0,0,1.0,1,802,802,802,1029,1340,1138,1340,558,904,558,899,955,899,422,1317,1143,1022,1010,734,544,1,1,1154,1390,326,1498,145,5,1499,,19:02,1
2010-11,689,Theo Ratliff,Theo,1610612747,LAL,Los Angeles Lakers,0041000151,2011-04-17T00:00:00,LAL vs. NOH,L,0.9016666666666666,0,0,0.0,0,0,0.0,0,0,0.0,0,1,1,0,0,0,0,0,0,0,0,2,1.2,0,0,1.0,1,802,802,802,1595,1340,1513,1340,558,904,558,899,955,899,830,1016,1143,1022,1010,734,544,1,1,1154,1390,591,1498,145,5,1499,,0:54,1
2010-11,693,Joe Smith,Joe,1610612747,LAL,Los Angeles Lakers,0041000151,2011-04-17T00:00:00,LAL vs. NOH,L,0.9016666666666666,0,0,0.0,0,0,0.0,0,0,0.0,0,0,0,0,0,0,0,0,0,0,0,2,0.0,0,0,0.0,1,802,802,802,1595,1340,1513,1340,558,904,558,899,955,899,830,1317,1397,1022,1010,734,544,1,1,1154,1390,591,1534,145,5,1539,,0:54,1
2010-11,201980,Danny Green,Danny,1610612759,SAS,San Antonio Spurs,0041000141,2011-04-17T00:00:00,SAS vs. MEM,L,0.48,0,0,0.0,0,0,0.0,0,0,0.0,0,0,0,0,0,0,0,0,0,0,0,0,0.0,0,0,0.0,1,802,802,802,1603,1340,1513,1340,558,904,558,899,955,899,830,1317,1397,1022,1010,734,544,1,1,1154,1390,728,1534,145,5,1539,,0:29,1
2010-11,202397,Ish Smith,Ish,1610612763,MEM,Memphis Grizzlies,0041000141,2011-04-17T00:00:00,MEM @ SAS,W,1.3833333333333333,0,0,0.0,0,0,0.0,0,0,0.0,0,0,0,0,0,0,0,0,0,0,0,-2,0.0,0,0,0.0,1,1,1,1,1574,1340,1513,1340,558,904,558,899,955,899,830,1317,1397,1022,1010,734,544,1,1,1154,1390,901,1534,145,5,1539,,1:23,1
2010-11,201632,Hamed Haddadi,Hamed,1610612763,MEM,Memphis Grizzlies,0041000141,2011-04-17T00:00:00,MEM @ SAS,W,0.8666666666666667,0,0,0.0,0,0,0.0,0,0,0.0,0,0,0,0,1,0,0,0,0,0,0,0,-1.0,0,0,0.0,1,1,1,1,1598,1340,1513,1340,558,904,558,899,955,899,830,1317,1397,1022,557,734,544,1,1,1154,1390,728,1602,145,5,1539,,0:52,1
2010-11,2730,Dwight Howard,Dwight,1610612753,ORL,Orlando Magic,0041000131,2011-04-16T00:00:00,ORL vs. ATL,L,45.8,16,23,0.696,0,1,0.0,14,22,0.636,6,13,19,1,8,0,1,0,5,19,46,-10,65.3,1,0,68.0,1,802,802,802,22,1,27,167,558,677,558,8,2,664,21,8,4,674,3,734,215,1,1479,1,2,1385,6,1,5,2,,45:48,1
2010-11,201565,Derrick Rose,Derrick,1610612741,CHI,Chicago Bulls,0041000101,2011-04-16T00:00:00,CHI vs. IND,W,38.583333333333336,10,23,0.435,0,9,0.0,19,21,0.905,2,4,6,6,3,1,3,0,2,11,39,3,64.2,0,0,59.0,1,1,1,1,261,54,27,714,558,9,558,2,3,396,239,391,351,82,131,278,27,1,603,5,10,535,8,145,5,11,,38:35,1
2010-11,2544,LeBron James,LeBron,1610612748,MIA,Miami Heat,0041000111,2011-04-16T00:00:00,MIA vs. PHI,W,42.71666666666667,4,14,0.286,0,2,0.0,13,14,0.929,4,10,14,5,2,1,3,0,3,8,21,4,55.3,1,0,48.0,1,1,1,1,91,478,229,1127,558,494,558,11,17,382,75,32,24,131,261,278,27,1,980,36,170,469,35,1,5,53,,42:43,1
2010-11,467,Jason Kidd,Jason,1610612742,DAL,Dallas Mavericks,0041000161,2011-04-16T00:00:00,DAL vs. POR,W,34.3,9,14,0.643,6,10,0.6,0,0,0.0,1,4,5,4,1,2,1,0,0,0,24,12,44.0,0,0,45.0,1,1,1,1,436,86,229,238,3,3,141,899,955,899,422,391,458,196,557,95,215,1,1,1154,105,163,114,145,5,81,,34:18,1
2010-11,1717,Dirk Nowitzki,Dirk,1610612742,DAL,Dallas Mavericks,0041000161,2011-04-16T00:00:00,DAL vs. POR,W,39.45333333333333,7,20,0.35,1,1,1.0,13,13,1.0,0,10,10,2,6,0,0,1,3,11,28,17,37.0,1,0,41.0,1,1,1,1,212,197,63,959,259,677,1,11,21,1,830,32,111,435,14,734,544,1013,980,5,64,54,224,1,5,108,,39:27,1
2010-11,101122,Danny Granger,Danny,1610612754,IND,Indiana Pacers,0041000101,2011-04-16T00:00:00,IND @ CHI,L,39.833333333333336,10,20,0.5,4,8,0.5,0,0,0.0,1,5,6,3,1,1,1,1,2,0,24,-5,40.7,0,0,41.0,1,802,802,802,196,54,63,417,18,18,169,899,955,899,422,262,351,291,557,278,215,1013,603,1154,105,1135,161,145,5,108,,39:50,1
2010-11,201954,Darren Collison,Darren,1610612754,IND,Indiana Pacers,0041000101,2011-04-16T00:00:00,IND @ CHI,L,34.0,7,15,0.467,2,2,1.0,1,3,0.333,1,5,6,9,1,2,1,4,2,3,17,-3,45.7,0,0,40.0,1,802,802,802,447,197,192,639,104,494,1,704,478,877,422,262,351,28,557,95,215,1596,603,354,278,985,96,145,5,117,,34:00,1
2010-11,200746,LaMarcus Aldridge,LaMarcus,1610612757,POR,Portland Trail Blazers,0041000161,2011-04-16T00:00:00,POR @ DAL,L,40.65,12,20,0.6,0,0,0.0,3,4,0.75,3,3,6,2,4,1,1,2,5,4,27,-8,39.2,0,0,39.0,1,802,802,802,165,19,63,266,558,904,558,337,304,518,133,559,351,435,63,278,215,1432,1479,242,72,1306,181,145,5,133,,40:39,1
2010-11,2547,Chris Bosh,Chris,1610612748,MIA,Miami Heat,0041000111,2011-04-16T00:00:00,MIA vs. PHI,W,39.61666666666667,8,17,0.471,0,0,0.0,9,11,0.818,3,9,12,1,2,0,0,0,1,6,25,11,38.9,1,0,38.0,1,1,1,1,205,132,140,633,558,904,558,51,49,474,133,52,49,674,261,734,544,1,286,104,90,190,187,1,5,149,,39:37,1
2010-11,201950,Jrue Holiday,Jrue,1610612755,PHI,Philadelphia 76ers,0041000111,2011-04-16T00:00:00,PHI @ MIA,L,39.25333333333333,5,12,0.417,3,5,0.6,6,6,1.0,0,5,5,5,0,3,0,1,1,5,19,-8,41.5,0,0,38.0,1,802,802,802,224,364,341,775,44,126,141,118,191,1,830,262,458,131,1010,34,544,1013,286,160,225,1306,143,145,5,149,,39:15,1
2010-11,2749,Jameer Nelson,Jameer,1610612753,ORL,Orlando Magic,0041000131,2011-04-16T00:00:00,ORL vs. ATL,L,35.81666666666667,10,18,0.556,4,7,0.571,3,4,0.75,4,2,6,1,2,0,0,0,3,4,27,-10,33.7,0,0,38.0,1,802,802,802,370,54,109,361,18,36,163,337,304,518,75,768,351,674,261,734,544,1,980,242,72,1385,317,145,5,149,,35:49,1
2010-11,2207,Joe Johnson,Joe,1610612737,ATL,Atlanta Hawks,0041000131,2011-04-16T00:00:00,ATL @ ORL,W,44.983333333333334,9,16,0.563,0,1,0.0,7,8,0.875,0,5,5,5,2,1,0,1,3,4,25,13,39.5,0,0,37.0,1,1,1,1,37,86,159,355,558,677,558,94,117,408,830,262,458,131,261,278,544,1013,980,242,90,129,173,145,5,176,,44:59,1
2010-11,2037,Jamal Crawford,Jamal,1610612737,ATL,Atlanta Hawks,0041000131,2011-04-16T00:00:00,ATL @ ORL,W,30.95,7,14,0.5,4,7,0.571,5,6,0.833,0,1,1,5,1,0,1,0,1,3,23,-1,33.7,0,0,35.0,1,1,1,1,572,197,229,417,18,36,163,171,191,443,830,1016,1143,131,557,734,215,1,286,354,129,825,317,145,5,203,,30:57,1
2010-11,201152,Thaddeus Young,Thaddeus,1610612755,PHI,Philadelphia 76ers,0041000111,2011-04-16T00:00:00,PHI @ MIA,L,27.945,9,20,0.45,0,1,0.0,2,4,0.5,8,3,11,1,1,1,0,0,5,4,20,-7,36.7,1,0,34.0,1,802,802,802,682,86,63,679,558,677,558,459,304,699,4,559,69,674,557,278,544,1,1479,242,198,1234,229,1,5,226,,27:57,1
2010-11,2736,Luol Deng,Luol,1610612741,CHI,Chicago Bulls,0041000101,2011-04-16T00:00:00,CHI vs. IND,W,41.18333333333333,7,13,0.538,2,3,0.667,2,4,0.5,5,5,10,2,2,1,0,0,3,3,18,10,34.0,1,0,34.0,1,1,1,1,145,197,283,394,104,345,102,459,304,699,41,262,111,435,261,278,544,1,980,354,244,214,310,1,5,226,,41:11,1
2010-11,948,Marcus Camby,Marcus,1610612757,POR,Portland Trail Blazers,0041000161,2011-04-16T00:00:00,POR @ DAL,L,29.033333333333335,2,3,0.667,0,0,0.0,0,0,0.0,4,14,18,5,0,0,2,0,3,1,4,-1,39.1,0,0,31.0,1,802,802,802,650,828,1138,175,558,904,558,899,955,899,75,2,6,131,1010,734,76,1,980,790,1037,825,183,145,5,313,,29:02,1
2010-11,2548,Dwyane Wade,Dwyane,1610612748,MIA,Miami Heat,0041000111,2011-04-16T00:00:00,MIA vs. PHI,W,35.38333333333333,6,13,0.462,0,1,0.0,5,8,0.625,1,6,7,5,2,0,1,0,5,4,17,16,33.9,0,0,31.0,1,1,1,1,386,264,283,648,558,677,558,171,117,666,422,187,276,131,261,734,215,1,1479,242,278,69,312,145,5,313,,35:23,1
2010-11,201149,Joakim Noah,Joakim,1610612741,CHI,Chicago Bulls,0041000101,2011-04-16T00:00:00,CHI vs. IND,W,30.716666666666665,5,12,0.417,0,0,0.0,0,1,0.0,8,3,11,1,0,1,3,2,3,1,10,1,36.7,1,0,30.0,1,1,1,1,584,364,341,775,558,904,558,899,881,899,4,559,69,674,1010,278,27,1432,980,790,568,654,229,1,5,338,,30:43,1
2010-11,1889,Andre Miller,Andre,1610612757,POR,Portland Trail Blazers,0041000161,2011-04-16T00:00:00,POR @ DAL,L,33.72666666666667,7,13,0.538,0,2,0.0,4,5,0.8,1,3,4,6,2,1,0,0,5,3,18,-6,32.8,0,0,30.0,1,802,802,802,462,197,283,394,558,494,558,234,256,479,422,559,600,82,261,278,544,1,1479,354,244,1182,332,145,5,338,,33:44,1
2010-11,2746,Josh Smith,Josh,1610612737,ATL,Atlanta Hawks,0041000131,2011-04-16T00:00:00,ATL @ ORL,W,33.56666666666667,6,12,0.5,1,2,0.5,2,7,0.286,1,7,8,2,2,2,0,0,4,5,15,6,31.6,0,0,30.0,1,1,1,1,470,264,341,417,259,494,169,459,156,890,422,126,208,435,261,95,544,1,1280,160,346,371,348,145,5,338,,33:34,1
2010-11,201946,Tyler Hansbrough,Tyler,1610612754,IND,Indiana Pacers,0041000101,2011-04-16T00:00:00,IND @ CHI,L,35.34166666666667,10,19,0.526,0,0,0.0,2,3,0.667,2,2,4,2,2,1,0,1,4,5,22,-1,30.8,0,0,30.0,1,802,802,802,392,54,88,409,558,904,558,459,478,619,239,768,600,435,261,278,544,1013,1280,160,151,825,368,145,5,338,,35:21,1
2010-11,1882,Elton Brand,Elton,1610612755,PHI,Philadelphia 76ers,0041000111,2011-04-16T00:00:00,PHI @ MIA,L,40.00666666666667,8,14,0.571,0,0,0.0,1,1,1.0,2,5,7,0,0,1,1,0,4,3,17,2,31.4,0,0,28.0,1,802,802,802,189,132,229,315,558,904,558,704,881,1,239,262,276,1022,1010,278,215,1,1280,354,278,591,354,145,5,376,,40:00,1
2010-11,201143,Al Horford,Al,1610612737,ATL,Atlanta Hawks,0041000131,2011-04-16T00:00:00,ATL @ ORL,W,44.93333333333333,7,14,0.5,0,1,0.0,2,2,1.0,1,5,6,3,1,1,0,0,2,3,16,8,29.7,0,0,27.0,1,1,1,1,39,197,229,417,558,677,558,459,543,1,422,262,351,291,557,278,544,1,603,354,311,286,400,145,5,405,,44:56,1
2010-11,201579,Roy Hibbert,Roy,1610612754,IND,Indiana Pacers,0041000101,2011-04-16T00:00:00,IND @ CHI,L,32.31666666666667,4,7,0.571,0,0,0.0,3,4,0.75,5,3,8,1,2,1,1,0,5,5,11,-1,26.1,0,0,24.0,1,802,802,802,525,478,692,315,558,904,558,337,304,518,41,559,208,674,261,278,215,1,1479,160,521,825,494,145,5,495,,32:19,1
2010-11,2550,Kirk Hinrich,Kirk,1610612737,ATL,Atlanta Hawks,0041000131,2011-04-16T00:00:00,ATL @ ORL,W,28.033333333333335,6,10,0.6,1,3,0.333,0,0,0.0,0,5,5,3,1,1,0,0,4,1,13,21,25.5,0,0,24.0,1,1,1,1,679,264,464,266,259,345,351,899,955,899,830,262,458,291,557,278,544,1,1280,790,428,27,514,145,5,495,,28:02,1
2010-11,2594,Kyle Korver,Kyle,1610612741,CHI,Chicago Bulls,0041000101,2011-04-16T00:00:00,CHI vs. IND,W,21.321666666666665,4,7,0.571,4,4,1.0,1,1,1.0,0,2,2,3,2,0,1,0,2,1,13,13,20.9,0,0,24.0,1,1,1,1,953,478,692,315,18,223,1,704,881,1,830,768,936,291,261,734,215,1,603,790,428,129,645,145,5,495,,21:19,1
2010-11,2738,Andre Iguodala,Andre,1610612755,PHI,Philadelphia 76ers,0041000111,2011-04-16T00:00:00,PHI @ MIA,L,36.79666666666667,2,7,0.286,0,2,0.0,0,0,0.0,1,7,8,9,4,1,0,1,2,0,4,-2,26.1,0,0,23.0,1,802,802,802,335,828,692,1127,558,494,558,899,955,899,422,126,208,28,63,278,544,1013,603,1154,1037,901,494,145,5,531,,36:48,1
2010-11,201587,Nicolas Batum,Nicolas,1610612757,POR,Portland Trail Blazers,0041000161,2011-04-16T00:00:00,POR @ DAL,L,33.96666666666667,6,14,0.429,1,7,0.143,1,2,0.5,0,2,2,4,1,0,0,0,1,2,14,-4,21.4,0,0,21.0,1,802,802,802,449,264,229,715,259,36,548,704,543,699,830,768,936,196,557,734,544,1,286,541,391,1048,631,145,5,585,,33:58,1
2010-11,1890,Shawn Marion,Shawn,1610612742,DAL,Dallas Mavericks,0041000161,2011-04-16T00:00:00,DAL vs. POR,W,34.666666666666664,2,6,0.333,0,0,0.0,2,2,1.0,1,4,5,3,1,1,2,1,3,2,6,13,24.5,0,0,20.0,1,1,1,1,420,828,814,960,558,904,558,459,543,1,422,391,458,291,557,278,76,1013,980,541,848,129,540,145,5,614,,34:40,1
2010-11,2045,Hedo Turkoglu,Hedo,1610612753,ORL,Orlando Magic,0041000131,2011-04-16T00:00:00,ORL vs. ATL,L,38.15,2,9,0.222,1,4,0.25,1,2,0.5,0,4,4,5,1,1,1,0,4,2,6,-13,23.3,0,0,20.0,1,802,802,802,276,828,532,1246,259,223,449,704,543,699,830,391,600,131,557,278,215,1,1280,541,848,1483,587,145,5,614,,38:09,1
2010-11,2222,Gerald Wallace,Gerald,1610612757,POR,Portland Trail Blazers,0041000161,2011-04-16T00:00:00,POR @ DAL,L,38.803333333333335,4,13,0.308,0,2,0.0,0,0,0.0,1,4,5,1,3,3,0,4,4,2,8,-4,21.5,0,0,20.0,1,802,802,802,248,478,283,1108,558,494,558,899,955,899,422,391,458,674,131,34,544,1596,1280,541,713,1048,629,145,5,614,,38:48,1
2010-11,101150,Lou Williams,Lou,1610612755,PHI,Philadelphia 76ers,0041000111,2011-04-16T00:00:00,PHI @ MIA,L,22.761666666666667,3,10,0.3,2,6,0.333,2,2,1.0,0,2,2,4,1,1,0,0,2,1,10,1,20.4,0,0,20.0,1,802,802,802,885,626,464,1112,104,77,351,459,543,1,830,768,936,196,557,278,544,1,603,790,568,654,657,145,5,614,,22:46,1
2010-11,2430,Carlos Boozer,Carlos,1610612741,CHI,Chicago Bulls,0041000101,2011-04-16T00:00:00,CHI vs. IND,W,26.19333333333333,4,11,0.364,0,0,0.0,4,5,0.8,1,5,6,0,4,0,1,2,5,3,12,-5,18.2,0,0,20.0,1,1,1,1,747,478,409,934,558,904,558,234,256,479,422,262,351,1022,63,734,215,1432,1479,354,472,1135,730,145,5,614,,26:12,1
2010-11,1891,Jason Terry,Jason,1610612742,DAL,Dallas Mavericks,0041000161,2011-04-16T00:00:00,DAL vs. POR,W,26.75,2,5,0.4,0,1,0.0,6,8,0.75,0,1,1,3,1,2,0,0,3,5,10,13,20.7,0,0,18.0,1,1,1,1,725,828,926,796,558,677,558,118,117,518,830,1016,1143,291,557,95,544,1,980,160,568,129,651,145,5,681,,26:45,1
2010-11,2592,James Jones,James,1610612748,MIA,Miami Heat,0041000111,2011-04-16T00:00:00,MIA vs. PHI,W,24.968333333333334,4,8,0.5,1,4,0.25,0,0,0.0,2,3,5,1,0,1,0,0,0,0,9,5,19.5,0,0,18.0,1,1,1,1,799,478,606,417,259,223,449,899,955,899,239,559,458,674,1010,278,544,1,1,1154,632,422,683,145,5,681,,24:58,1
2010-11,2199,Tyson Chandler,Tyson,1610612742,DAL,Dallas Mavericks,0041000161,2011-04-16T00:00:00,DAL vs. POR,W,32.44,1,1,1.0,0,0,0.0,2,2,1.0,4,5,9,0,1,0,2,0,2,2,4,6,19.8,0,0,17.0,1,1,1,1,519,1078,1386,1,558,904,558,459,543,1,75,262,156,1022,557,734,76,1,603,541,1037,371,676,145,5,719,,32:26,1
2010-11,980,Zydrunas Ilgauskas,Zydrunas,1610612748,MIA,Miami Heat,0041000111,2011-04-16T00:00:00,MIA vs. PHI,W,18.266666666666666,4,5,0.8,0,0,0.0,0,0,0.0,2,4,6,1,0,0,0,0,1,1,8,-4,16.7,0,0,15.0,1,1,1,1,1058,478,926,107,558,904,558,899,955,899,239,391,351,674,1010,734,544,1,286,790,713,1048,797,145,5,808,,18:16,1
2010-11,703,Kurt Thomas,Kurt,1610612741,CHI,Chicago Bulls,0041000101,2011-04-16T00:00:00,CHI vs. IND,W,24.023333333333333,3,4,0.75,0,0,0.0,0,0,0.0,3,1,4,2,0,1,0,0,2,0,6,11,16.8,0,0,14.0,1,1,1,1,836,626,1024,122,558,904,558,899,955,899,133,1016,600,435,1010,278,544,1,603,1154,848,190,795,145,5,860,,24:01,1
2010-11,201975,Jodie Meeks,Jodie,1610612755,PHI,Philadelphia 76ers,0041000111,2011-04-16T00:00:00,PHI @ MIA,L,26.956666666666667,3,6,0.5,2,3,0.667,1,2,0.5,0,1,1,0,0,1,0,0,2,2,9,-4,13.2,0,0,14.0,1,802,802,802,712,626,814,417,104,345,102,704,543,699,830,1016,1143,1022,1010,278,544,1,603,541,632,1048,946,145,5,860,,26:57,1
2010-11,2240,Gilbert Arenas,Gilbert,1610612753,ORL,Orlando Magic,0041000131,2011-04-16T00:00:00,ORL vs. ATL,L,12.183333333333334,2,5,0.4,1,2,0.5,1,2,0.5,0,0,0,4,3,1,0,0,2,1,6,0,12.0,0,0,13.0,1,802,802,802,1295,828,926,796,259,494,169,704,543,699,830,1317,1397,196,131,278,544,1,603,790,848,728,998,145,5,903,,12:11,1
2010-11,1710,Mike Bibby,Mike,1610612748,MIA,Miami Heat,0041000111,2011-04-16T00:00:00,MIA vs. PHI,W,28.34,3,9,0.333,2,7,0.286,0,0,0.0,0,2,2,1,3,0,0,0,2,0,8,-7,8.9,0,0,13.0,1,1,1,1,672,626,532,960,104,36,435,899,955,899,830,768,936,674,131,734,544,1,603,1154,713,1234,1148,145,5,903,,28:20,1
2010-11,101107,Marvin Williams,Marvin,1610612737,ATL,Atlanta Hawks,0041000131,2011-04-16T00:00:00,ATL @ ORL,W,16.433333333333334,2,3,0.667,0,0,0.0,2,2,1.0,1,0,1,1,0,2,0,1,0,2,6,0,14.7,0,0,12.0,1,1,1,1,1122,828,1138,175,558,904,558,459,543,1,422,1317,1143,674,1010,95,544,1013,1,541,848,728,876,145,5,946,,16:26,1
2010-11,1902,Jeff Foster,Jeff,1610612754,IND,Indiana Pacers,0041000101,2011-04-16T00:00:00,IND @ CHI,L,15.683333333333334,1,3,0.333,0,0,0.0,2,2,1.0,1,1,2,2,1,1,1,0,2,1,4,-4,14.4,0,0,12.0,1,802,802,802,1153,1078,1138,960,558,904,558,459,543,1,422,1016,936,435,557,278,215,1,603,790,1037,1048,887,145,5,946,,15:41,1
2010-11,201164,Rudy Fernandez,Rudy,1610612757,POR,Portland Trail Blazers,0041000161,2011-04-16T00:00:00,POR @ DAL,L,18.34,2,3,0.667,1,2,0.5,1,1,1.0,2,0,2,1,0,1,0,0,2,1,6,0,12.9,0,0,12.0,1,802,802,802,1054,828,1138,175,259,494,169,704,881,1,239,1317,936,674,1010,278,544,1,603,790,848,728,962,145,5,946,,18:20,1
2010-11,978,Peja Stojakovic,Peja,1610612742,DAL,Dallas Mavericks,0041000161,2011-04-16T00:00:00,DAL vs. POR,W,18.593333333333334,2,7,0.286,2,4,0.5,0,0,0.0,0,2,2,0,0,0,1,0,2,0,6,-4,11.4,0,0,12.0,1,1,1,1,1046,828,692,1127,104,223,169,899,955,899,830,768,936,1022,1010,734,215,1,603,1154,848,1048,1023,145,5,946,,18:36,1
2010-11,201596,Mario Chalmers,Mario,1610612748,MIA,Miami Heat,0041000111,2011-04-16T00:00:00,MIA vs. PHI,W,21.426666666666666,2,2,1.0,1,1,1.0,1,2,0.5,0,1,1,1,2,1,0,0,1,1,6,12,9.7,0,0,11.0,1,1,1,1,948,828,1267,1,259,677,1,704,543,699,830,1016,1143,674,261,278,544,1,286,790,848,163,1109,145,5,1004,,21:26,1
2010-11,201575,Brandon Rush,Brandon,1610612754,IND,Indiana Pacers,0041000101,2011-04-16T00:00:00,IND @ CHI,L,17.533333333333335,2,3,0.667,2,2,1.0,1,2,0.5,0,0,0,0,1,1,0,0,3,3,7,-2,9.0,0,0,11.0,1,802,802,802,1085,828,1138,175,104,494,1,704,543,699,830,1317,1397,1022,557,278,544,1,980,354,789,901,1141,145,5,1004,,17:32,1
2010-11,201985,AJ Price,AJ,1610612754,IND,Indiana Pacers,0041000101,2011-04-16T00:00:00,IND @ CHI,L,14.0,3,6,0.5,2,3,0.667,0,1,0.0,0,0,0,1,1,0,0,0,1,3,8,-2,8.5,0,0,11.0,1,802,802,802,1228,626,814,417,104,345,102,899,881,899,830,1317,1397,674,557,734,544,1,286,354,713,901,1167,145,5,1004,,14:00,1
2010-11,200758,Ronnie Brewer,Ronnie,1610612741,CHI,Chicago Bulls,0041000101,2011-04-16T00:00:00,CHI vs. IND,W,16.211666666666666,1,3,0.333,0,0,0.0,0,0,0.0,1,2,3,1,0,2,0,1,0,0,2,-2,13.1,0,0,10.0,1,1,1,1,1134,1078,1138,960,558,904,558,899,955,899,422,768,746,674,1010,95,544,1013,1,1154,1223,901,953,145,5,1052,,16:13,1
2010-11,201177,Josh McRoberts,Josh,1610612754,IND,Indiana Pacers,0041000101,2011-04-16T00:00:00,IND @ CHI,L,12.658333333333333,1,6,0.167,0,0,0.0,2,2,1.0,3,2,5,1,0,0,0,3,3,1,4,-4,11.5,0,0,10.0,1,802,802,802,1275,1078,814,1290,558,904,558,459,543,1,133,768,458,674,1010,734,544,1558,980,790,1037,1048,1020,145,5,1052,,12:40,1
2010-11,2217,Brendan Haywood,Brendan,1610612742,DAL,Dallas Mavericks,0041000161,2011-04-16T00:00:00,DAL vs. POR,W,15.55,1,2,0.5,0,0,0.0,0,2,0.0,4,2,6,0,1,0,1,0,1,1,2,0,11.2,0,0,10.0,1,1,1,1,1158,1078,1267,417,558,904,558,899,543,899,75,768,351,1022,557,734,215,1,286,790,1223,728,1035,145,5,1052,,15:33,1
2010-11,202331,Paul George,Paul,1610612754,IND,Indiana Pacers,0041000101,2011-04-16T00:00:00,IND @ CHI,L,23.32,1,2,0.5,0,1,0.0,0,0,0.0,0,2,2,1,1,0,2,0,2,0,2,-7,10.9,0,0,9.0,1,802,802,802,864,1078,1267,417,558,677,558,899,955,899,830,768,936,674,557,734,76,1,603,1154,1223,1234,1056,145,5,1102,,23:19,1
2010-11,201202,Joel Anthony,Joel,1610612748,MIA,Miami Heat,0041000111,2011-04-16T00:00:00,MIA vs. PHI,W,26.348333333333333,0,3,0.0,0,0,0.0,3,4,0.75,3,1,4,0,2,0,1,2,3,4,3,7,8.8,0,0,9.0,1,1,1,1,744,1340,1138,1340,558,904,558,337,304,518,133,1016,600,1022,261,734,215,1432,980,242,1146,326,1153,145,5,1102,,26:21,1
2010-11,201578,Marreese Speights,Marreese,1610612755,PHI,Philadelphia 76ers,0041000111,2011-04-16T00:00:00,PHI @ MIA,L,12.433333333333334,2,7,0.286,0,0,0.0,0,0,0.0,1,1,2,0,0,0,1,1,3,0,4,-4,9.4,0,0,8.0,1,802,802,802,1288,828,692,1127,558,904,558,899,955,899,422,1016,936,1022,1010,734,215,1013,980,1154,1037,1048,1120,145,5,1150,,12:26,1
2010-11,2202,Jason Richardson,Jason,1610612753,ORL,Orlando Magic,0041000131,2011-04-16T00:00:00,ORL vs. ATL,L,41.22833333333333,2,8,0.25,0,4,0.0,0,0,0.0,0,1,1,1,1,1,0,0,3,1,4,-12,8.7,0,0,8.0,1,802,802,802,143,828,606,1175,558,223,558,899,955,899,830,1016,1143,674,557,278,544,1,980,790,1037,1453,1155,145,5,1150,,41:14,1
2010-11,201959,Taj Gibson,Taj,1610612741,CHI,Chicago Bulls,0041000101,2011-04-16T00:00:00,CHI vs. IND,W,11.7,1,2,0.5,0,0,0.0,0,0,0.0,1,2,3,1,2,0,1,0,2,0,2,6,8.1,0,0,8.0,1,1,1,1,1305,1078,1267,417,558,904,558,899,955,899,422,768,746,674,261,734,215,1,603,1154,1223,371,1184,145,5,1150,,11:42,1
2010-11,2052,DeShawn Stevenson,DeShawn,1610612742,DAL,Dallas Mavericks,0041000161,2011-04-16T00:00:00,DAL vs. POR,W,18.823333333333334,2,4,0.5,1,2,0.5,0,0,0.0,0,1,1,1,1,0,0,0,1,3,5,-8,6.7,0,0,8.0,1,1,1,1,1039,828,1024,417,259,494,169,899,955,899,830,1016,1143,674,557,734,544,1,286,354,958,1306,1245,145,5,1150,,18:49,1
2010-11,200750,Brandon Roy,Brandon,1610612757,POR,Portland Trail Blazers,0041000161,2011-04-16T00:00:00,POR @ DAL,L,26.373333333333335,1,7,0.143,0,2,0.0,0,1,0.0,0,2,2,3,0,0,0,1,4,3,2,-10,8.9,0,0,7.0,1,802,802,802,741,1078,692,1315,558,494,558,899,881,899,830,768,936,291,1010,734,544,1013,1280,354,1223,1385,1148,145,5,1201,,26:22,1
2010-11,201150,Spencer Hawes,Spencer,1610612755,PHI,Philadelphia 76ers,0041000111,2011-04-16T00:00:00,PHI @ MIA,L,13.533333333333333,2,4,0.5,0,0,0.0,0,0,0.0,0,1,1,2,1,0,0,1,4,0,4,-2,7.2,0,0,7.0,1,802,802,802,1246,828,1024,417,558,904,558,899,955,899,830,1016,1143,435,557,734,544,1013,1280,1154,1037,901,1216,145,5,1201,,13:32,1
2010-11,200755,JJ Redick,JJ,1610612753,ORL,Orlando Magic,0041000131,2011-04-16T00:00:00,ORL vs. ATL,L,18.388333333333332,2,6,0.333,0,2,0.0,0,0,0.0,0,3,3,0,1,0,0,1,4,0,4,14,6.6,0,0,7.0,1,802,802,802,1053,828,814,960,558,494,558,899,955,899,830,559,746,1022,557,734,544,1013,1280,1154,1037,103,1247,145,5,1201,,18:23,1
2010-11,200826,J.J. Barea,J.J.,1610612742,DAL,Dallas Mavericks,0041000161,2011-04-16T00:00:00,DAL vs. POR,W,19.216666666666665,1,7,0.143,0,1,0.0,2,2,1.0,0,0,0,1,1,0,0,1,1,2,4,-9,4.5,0,0,5.0,1,1,1,1,1020,1078,692,1315,558,677,558,459,543,1,830,1317,1397,674,557,734,544,1013,286,541,1037,1349,1362,145,5,1306,,19:13,1
2010-11,202083,Wesley Matthews,Wesley,1610612757,POR,Portland Trail Blazers,0041000161,2011-04-16T00:00:00,POR @ DAL,L,19.106666666666666,1,3,0.333,0,1,0.0,0,0,0.0,0,1,1,0,3,1,0,0,2,0,2,-7,3.2,0,0,5.0,1,802,802,802,1027,1078,1138,960,558,677,558,899,955,899,830,1016,1143,1022,131,278,544,1,603,1154,1223,1234,1413,145,5,1306,,19:06,1
2010-11,2399,Mike Dunleavy,Mike,1610612754,IND,Indiana Pacers,0041000101,2011-04-16T00:00:00,IND @ CHI,L,15.313333333333333,0,3,0.0,0,2,0.0,0,0,0.0,0,1,1,1,0,1,0,0,1,0,0,4,5.7,0,0,4.0,1,802,802,802,1180,1340,1138,1340,558,494,558,899,955,899,830,1016,1143,674,1010,278,544,1,286,1154,1390,469,1303,145,5,1362,,15:19,1
2010-11,101138,Brandon Bass,Brandon,1610612753,ORL,Orlando Magic,0041000131,2011-04-16T00:00:00,ORL vs. ATL,L,17.15,0,4,0.0,0,0,0.0,0,0,0.0,2,0,2,2,0,0,0,0,1,0,0,-20,5.4,0,0,4.0,1,802,802,802,1098,1340,1024,1340,558,904,558,899,955,899,239,1317,936,435,1010,734,544,1,286,1154,1390,1584,1323,145,5,1362,,17:09,1
2010-11,201583,Ryan Anderson,Ryan,1610612753,ORL,Orlando Magic,0041000131,2011-04-16T00:00:00,ORL vs. ATL,L,24.116666666666667,0,2,0.0,0,2,0.0,0,0,0.0,0,3,3,1,0,0,0,0,2,1,0,4,5.1,0,0,4.0,1,802,802,802,832,1340,1267,1340,558,494,558,899,955,899,830,559,746,674,1010,734,544,1,603,790,1390,469,1345,145,5,1362,,24:07,1
2010-11,201228,C.J. Watson,C.J.,1610612741,CHI,Chicago Bulls,0041000101,2011-04-16T00:00:00,CHI vs. IND,W,9.416666666666666,1,4,0.25,0,1,0.0,0,0,0.0,0,0,0,2,1,0,0,1,1,3,2,2,4.0,0,0,4.0,1,1,1,1,1363,1078,1024,1175,558,677,558,899,955,899,830,1317,1397,435,557,734,544,1013,286,354,1223,591,1384,145,5,1362,,9:25,1
2010-11,2047,Quentin Richardson,Quentin,1610612753,ORL,Orlando Magic,0041000131,2011-04-16T00:00:00,ORL vs. ATL,L,7.166666666666667,0,0,0.0,0,0,0.0,0,0,0.0,1,1,2,0,2,0,1,0,0,0,0,-3,3.4,0,0,4.0,1,802,802,802,1428,1340,1513,1340,558,904,558,899,955,899,422,1016,936,1022,261,734,215,1,1,1154,1390,985,1407,145,5,1362,,7:10,1
2010-11,2586,Keith Bogans,Keith,1610612741,CHI,Chicago Bulls,0041000101,2011-04-16T00:00:00,CHI vs. IND,W,17.283333333333335,0,3,0.0,0,3,0.0,0,0,0.0,0,3,3,0,0,0,0,0,1,3,0,-11,3.6,0,0,3.0,1,1,1,1,1093,1340,1138,1340,558,345,558,899,955,899,830,559,746,1022,1010,734,544,1,286,354,1390,1419,1399,145,5,1411,,17:17,1
2010-11,202323,Evan Turner,Evan,1610612755,PHI,Philadelphia 76ers,0041000111,2011-04-16T00:00:00,PHI @ MIA,L,8.96,1,2,0.5,0,0,0.0,0,0,0.0,0,0,0,1,0,0,0,1,1,1,2,-5,3.5,0,0,3.0,1,802,802,802,1371,1078,1267,417,558,904,558,899,955,899,830,1317,1397,674,1010,734,544,1013,286,790,1223,1135,1402,145,5,1411,,8:58,1
2010-11,2694,Josh Powell,Josh,1610612737,ATL,Atlanta Hawks,0041000131,2011-04-16T00:00:00,ATL @ ORL,W,7.933333333333334,1,1,1.0,0,0,0.0,0,0,0.0,0,1,1,0,0,0,0,0,4,0,2,4,3.2,0,0,3.0,1,1,1,1,1399,1078,1386,1,558,904,558,899,955,899,830,1016,1143,1022,1010,734,544,1,1280,1154,1223,469,1413,145,5,1411,,7:56,1
2010-11,2215,Jason Collins,Jason,1610612737,ATL,Atlanta Hawks,0041000131,2011-04-16T00:00:00,ATL @ ORL,W,17.65,0,1,0.0,0,0,0.0,1,2,0.5,0,0,0,0,1,1,0,0,6,4,1,14,3.0,0,0,3.0,1,1,1,1,1080,1340,1386,1340,558,904,558,704,543,699,830,1317,1397,1022,557,278,544,1,1593,242,1367,103,1434,145,5,1411,,17:39,1
2010-11,2585,Zaza Pachulia,Zaza,1610612737,ATL,Atlanta Hawks,0041000131,2011-04-16T00:00:00,ATL @ ORL,W,8.916666666666666,0,1,0.0,0,0,0.0,2,2,1.0,1,0,1,0,1,0,0,0,3,2,2,-11,2.2,0,0,3.0,1,1,1,1,1372,1340,1386,1340,558,904,558,459,543,1,422,1317,1143,1022,557,734,544,1,980,541,1223,1419,1472,145,5,1411,,8:55,1
2010-11,2804,Andres Nocioni,Andres,1610612755,PHI,Philadelphia 76ers,0041000111,2011-04-16T00:00:00,PHI @ MIA,L,10.388333333333334,0,3,0.0,0,2,0.0,0,0,0.0,0,2,2,0,1,0,0,0,1,0,0,-7,1.4,0,0,2.0,1,802,802,802,1337,1340,1138,1340,558,494,558,899,955,899,830,768,936,1022,557,734,544,1,286,1154,1390,1234,1495,145,5,1461,,10:23,1
2010-11,201600,Omer Asik,Omer,1610612741,CHI,Chicago Bulls,0041000101,2011-04-16T00:00:00,CHI vs. IND,W,3.3666666666666667,0,0,0.0,0,0,0.0,0,0,0.0,0,1,1,0,0,0,0,0,0,0,0,-3,1.2,0,0,1.0,1,1,1,1,1526,1340,1513,1340,558,904,558,899,955,899,830,1016,1143,1022,1010,734,544,1,1,1154,1390,985,1498,145,5,1499,,3:22,1
2010-11,2034,Mike Miller,Mike,1610612748,MIA,Miami Heat,0041000111,2011-04-16T00:00:00,MIA vs. PHI,W,2.933333333333333,0,3,0.0,0,2,0.0,0,0,0.0,0,1,1,0,0,0,0,0,0,1,0,-4,1.2,0,0,1.0,1,1,1,1,1541,1340,1138,1340,558,494,558,899,955,899,830,1016,1143,1022,1010,734,544,1,1,790,1390,1048,1498,145,5,1499,,2:56,1
2010-11,2041,Etan Thomas,Etan,1610612737,ATL,Atlanta Hawks,0041000131,2011-04-16T00:00:00,ATL @ ORL,W,6.6,0,2,0.0,0,0,0.0,0,0,0.0,1,0,1,0,0,0,0,1,1,0,0,-4,1.2,0,0,1.0,1,1,1,1,1437,1340,1267,1340,558,904,558,899,955,899,422,1317,1143,1022,1010,734,544,1013,286,1154,1390,1048,1498,145,5,1499,,6:36,1
2010-11,2073,Brian Cardinal,Brian,1610612742,DAL,Dallas Mavericks,0041000161,2011-04-16T00:00:00,DAL vs. POR,W,0.20666666666666667,0,0,0.0,0,0,0.0,0,0,0.0,0,0,0,0,0,0,0,0,0,0,0,0,0.0,0,0,0.0,1,1,1,1,1610,1340,1513,1340,558,904,558,899,955,899,830,1317,1397,1022,1010,734,544,1,1,1154,1390,728,1534,145,5,1539,,0:12,1
2010-11,1499,Tony Battie,Tony,1610612755,PHI,Philadelphia 76ers,0041000111,2011-04-16T00:00:00,PHI @ MIA,L,0.965,0,0,0.0,0,0,0.0,0,0,0.0,0,0,0,0,0,0,0,0,0,0,0,-4,0.0,0,0,0.0,1,802,802,802,1590,1340,1513,1340,558,904,558,899,955,899,830,1317,1397,1022,1010,734,544,1,1,1154,1390,1048,1534,145,5,1539,,0:58,1
