GAME_ID,TEAM_ID,LABEL,OPP_TEAM_ID,SEASON,HOME_WIN_PCT,HOME_NET_RATING,HOME_OFF_EFF,HOME_DEF_EFF,HOME_FG3A_PG,HOME_FG3_PCT,HOME_REB_PG,HOME_TOV_PG,AWAY_WIN_PCT,AWAY_NET_RATING,AWAY_OFF_EFF,AWAY_DEF_EFF,AWAY_FG3A_PG,AWAY_FG3_PCT,AWAY_REB_PG,AWAY_TOV_PG,H2H_WIN_PCT,DIFF_WIN_PCT,DIFF_NET_RTG,DIFF_OFF_EFF,DIFF_DEF_EFF,DIFF_FG3A_PG,DIFF_FG3_PCT,DIFF_REB_PG,DIFF_TOV_PG
40500406,1610612742,0,1610612748,2005-06,0.7317073170731707,6.097560975609756,99.14634146341463,93.07317073170732,13.573170731707316,0.3754390243902439,42.207317073170735,12.865853658536585,0.6341463414634146,3.8902439024390243,99.89024390243902,96.02439024390245,17.573170731707318,0.33558536585365856,43.08536585365854,13.890243902439025,1.0,0.09756097560975607,2.207317073170732,-0.7439024390243958,-2.9512195121951237,-4.000000000000002,0.039853658536585346,-0.8780487804878021,-1.02439024390244
40500405,1610612748,1,1610612742,2005-06,0.6341463414634146,3.8902439024390243,99.89024390243902,96.02439024390245,17.573170731707318,0.33558536585365856,43.08536585365854,13.890243902439025,0.7317073170731707,6.097560975609756,99.14634146341463,93.07317073170732,13.573170731707316,0.3754390243902439,42.207317073170735,12.865853658536585,0.0,-0.09756097560975607,-2.207317073170732,0.7439024390243958,2.9512195121951237,4.000000000000002,-0.039853658536585346,0.8780487804878021,1.02439024390244
40500404,1610612748,1,1610612742,2005-06,0.6341463414634146,3.8902439024390243,99.89024390243902,96.02439024390245,17.573170731707318,0.33558536585365856,43.08536585365854,13.890243902439025,0.7317073170731707,6.097560975609756,99.14634146341463,93.07317073170732,13.573170731707316,0.3754390243902439,42.207317073170735,12.865853658536585,0.0,-0.09756097560975607,-2.207317073170732,0.7439024390243958,2.9512195121951237,4.000000000000002,-0.039853658536585346,0.8780487804878021,1.02439024390244
40500403,1610612748,1,1610612742,2005-06,0.6341463414634146,3.8902439024390243,99.89024390243902,96.02439024390245,17.573170731707318,0.33558536585365856,43.08536585365854,13.890243902439025,0.7317073170731707,6.097560975609756,99.14634146341463,93.07317073170732,13.573170731707316,0.3754390243902439,42.207317073170735,12.865853658536585,0.0,-0.09756097560975607,-2.207317073170732,0.7439024390243958,2.9512195121951237,4.000000000000002,-0.039853658536585346,0.8780487804878021,1.02439024390244
40500402,1610612742,1,1610612748,2005-06,0.7317073170731707,6.097560975609756,99.14634146341463,93.07317073170732,13.573170731707316,0.3754390243902439,42.207317073170735,12.865853658536585,0.6341463414634146,3.8902439024390243,99.89024390243902,96.02439024390245,17.573170731707318,0.33558536585365856,43.08536585365854,13.890243902439025,1.0,0.09756097560975607,2.207317073170732,-0.7439024390243958,-2.9512195121951237,-4.000000000000002,0.039853658536585346,-0.8780487804878021,-1.02439024390244
40500401,1610612742,1,1610612748,2005-06,0.7317073170731707,6.097560975609756,99.14634146341463,93.07317073170732,13.573170731707316,0.3754390243902439,42.207317073170735,12.865853658536585,0.6341463414634146,3.8902439024390243,99.89024390243902,96.02439024390245,17.573170731707318,0.33558536585365856,43.08536585365854,13.890243902439025,1.0,0.09756097560975607,2.207317073170732,-0.7439024390243958,-2.9512195121951237,-4.000000000000002,0.039853658536585346,-0.8780487804878021,-1.02439024390244
40500316,1610612756,0,1610612742,2005-06,0.6585365853658537,5.536585365853658,108.36585365853658,102.8170731707317,25.573170731707318,0.397280487804878,41.80487804878049,12.78048780487805,0.7317073170731707,6.097560975609756,99.14634146341463,93.07317073170732,13.573170731707316,0.3754390243902439,42.207317073170735,12.865853658536585,0.5,-0.07317073170731703,-0.5609756097560981,9.21951219512195,9.743902439024382,12.000000000000002,0.02184146341463411,-0.40243902439024737,-0.08536585365853533
40500306,1610612748,1,1610612765,2005-06,0.6341463414634146,3.8902439024390243,99.89024390243902,96.02439024390245,17.573170731707318,0.33558536585365856,43.08536585365854,13.890243902439025,0.7804878048780488,6.670731707317073,96.84146341463415,90.17073170731707,17.695121951219512,0.38834146341463416,40.51219512195122,10.75609756097561,0.25,-0.14634146341463417,-2.780487804878049,3.0487804878048763,5.853658536585371,-0.12195121951219434,-0.0527560975609756,2.5731707317073145,3.134146341463415
40500315,1610612742,1,1610612756,2005-06,0.7317073170731707,6.097560975609756,99.14634146341463,93.07317073170732,13.573170731707316,0.3754390243902439,42.207317073170735,12.865853658536585,0.6585365853658537,5.536585365853658,108.36585365853658,102.8170731707317,25.573170731707318,0.397280487804878,41.80487804878049,12.78048780487805,0.5,0.07317073170731703,0.5609756097560981,-9.21951219512195,-9.743902439024382,-12.000000000000002,-0.02184146341463411,0.40243902439024737,0.08536585365853533
40500305,1610612765,1,1610612748,2005-06,0.7804878048780488,6.670731707317073,96.84146341463415,90.17073170731707,17.695121951219512,0.38834146341463416,40.51219512195122,10.75609756097561,0.6341463414634146,3.8902439024390243,99.89024390243902,96.02439024390245,17.573170731707318,0.33558536585365856,43.08536585365854,13.890243902439025,0.75,0.14634146341463417,2.780487804878049,-3.0487804878048763,-5.853658536585371,0.12195121951219434,0.0527560975609756,-2.5731707317073145,-3.134146341463415
40500314,1610612756,1,1610612742,2005-06,0.6585365853658537,5.536585365853658,108.36585365853658,102.8170731707317,25.573170731707318,0.397280487804878,41.80487804878049,12.78048780487805,0.7317073170731707,6.097560975609756,99.14634146341463,93.07317073170732,13.573170731707316,0.3754390243902439,42.207317073170735,12.865853658536585,0.5,-0.07317073170731703,-0.5609756097560981,9.21951219512195,9.743902439024382,12.000000000000002,0.02184146341463411,-0.40243902439024737,-0.08536585365853533
40500304,1610612748,1,1610612765,2005-06,0.6341463414634146,3.8902439024390243,99.89024390243902,96.02439024390245,17.573170731707318,0.33558536585365856,43.08536585365854,13.890243902439025,0.7804878048780488,6.670731707317073,96.84146341463415,90.17073170731707,17.695121951219512,0.38834146341463416,40.51219512195122,10.75609756097561,0.25,-0.14634146341463417,-2.780487804878049,3.0487804878048763,5.853658536585371,-0.12195121951219434,-0.0527560975609756,2.5731707317073145,3.134146341463415
40500313,1610612756,0,1610612742,2005-06,0.6585365853658537,5.536585365853658,108.36585365853658,102.8170731707317,25.573170731707318,0.397280487804878,41.80487804878049,12.78048780487805,0.7317073170731707,6.097560975609756,99.14634146341463,93.07317073170732,13.573170731707316,0.3754390243902439,42.207317073170735,12.865853658536585,0.5,-0.07317073170731703,-0.5609756097560981,9.21951219512195,9.743902439024382,12.000000000000002,0.02184146341463411,-0.40243902439024737,-0.08536585365853533
40500303,1610612748,1,1610612765,2005-06,0.6341463414634146,3.8902439024390243,99.89024390243902,96.02439024390245,17.573170731707318,0.33558536585365856,43.08536585365854,13.890243902439025,0.7804878048780488,6.670731707317073,96.84146341463415,90.17073170731707,17.695121951219512,0.38834146341463416,40.51219512195122,10.75609756097561,0.25,-0.14634146341463417,-2.780487804878049,3.0487804878048763,5.853658536585371,-0.12195121951219434,-0.0527560975609756,2.5731707317073145,3.134146341463415
40500312,1610612742,1,1610612756,2005-06,0.7317073170731707,6.097560975609756,99.14634146341463,93.07317073170732,13.573170731707316,0.3754390243902439,42.207317073170735,12.865853658536585,0.6585365853658537,5.536585365853658,108.36585365853658,102.8170731707317,25.573170731707318,0.397280487804878,41.80487804878049,12.78048780487805,0.5,0.07317073170731703,0.5609756097560981,-9.21951219512195,-9.743902439024382,-12.000000000000002,-0.02184146341463411,0.40243902439024737,0.08536585365853533
40500302,1610612765,1,1610612748,2005-06,0.7804878048780488,6.670731707317073,96.84146341463415,90.17073170731707,17.695121951219512,0.38834146341463416,40.51219512195122,10.75609756097561,0.6341463414634146,3.8902439024390243,99.89024390243902,96.02439024390245,17.573170731707318,0.33558536585365856,43.08536585365854,13.890243902439025,0.75,0.14634146341463417,2.780487804878049,-3.0487804878048763,-5.853658536585371,0.12195121951219434,0.0527560975609756,-2.5731707317073145,-3.134146341463415
40500311,1610612742,0,1610612756,2005-06,0.7317073170731707,6.097560975609756,99.14634146341463,93.07317073170732,13.573170731707316,0.3754390243902439,42.207317073170735,12.865853658536585,0.6585365853658537,5.536585365853658,108.36585365853658,102.8170731707317,25.573170731707318,0.397280487804878,41.80487804878049,12.78048780487805,0.5,0.07317073170731703,0.5609756097560981,-9.21951219512195,-9.743902439024382,-12.000000000000002,-0.02184146341463411,0.40243902439024737,0.08536585365853533
40500301,1610612765,0,1610612748,2005-06,0.7804878048780488,6.670731707317073,96.84146341463415,90.17073170731707,17.695121951219512,0.38834146341463416,40.51219512195122,10.75609756097561,0.6341463414634146,3.8902439024390243,99.89024390243902,96.02439024390245,17.573170731707318,0.33558536585365856,43.08536585365854,13.890243902439025,0.75,0.14634146341463417,2.780487804878049,-3.0487804878048763,-5.853658536585371,0.12195121951219434,0.0527560975609756,-2.5731707317073145,-3.134146341463415
40500227,1610612759,0,1610612742,2005-06,0.7682926829268293,6.829268292682927,95.57317073170732,88.7560975609756,16.609756097560975,0.3776951219512195,41.451219512195124,13.25609756097561,0.7317073170731707,6.097560975609756,99.14634146341463,93.07317073170732,13.573170731707316,0.3754390243902439,42.207317073170735,12.865853658536585,0.5,0.03658536585365857,0.7317073170731705,-3.5731707317073074,-4.317073170731717,3.036585365853659,0.0022560975609756118,-0.7560975609756113,0.39024390243902474
40500237,1610612756,1,1610612746,2005-06,0.6585365853658537,5.536585365853658,108.36585365853658,102.8170731707317,25.573170731707318,0.397280487804878,41.80487804878049,12.78048780487805,0.573170731707317,1.5731707317073171,97.1951219512195,95.6219512195122,10.28048780487805,0.34002439024390246,43.073170731707314,13.78048780487805,0.5,0.08536585365853666,3.963414634146341,11.170731707317074,7.195121951219505,15.292682926829269,0.05725609756097555,-1.2682926829268268,-1.0
40500207,1610612765,1,1610612739,2005-06,0.7804878048780488,6.670731707317073,96.84146341463415,90.17073170731707,17.695121951219512,0.38834146341463416,40.51219512195122,10.75609756097561,0.6097560975609756,2.231707317073171,97.58536585365853,95.35365853658537,17.865853658536587,0.33870731707317075,42.31707317073171,13.402439024390244,0.75,0.1707317073170732,4.439024390243903,-0.7439024390243816,-5.182926829268297,-0.1707317073170742,0.0496341463414634,-1.8048780487804876,-2.6463414634146343
40500206,1610612739,0,1610612765,2005-06,0.6097560975609756,2.231707317073171,97.58536585365853,95.35365853658537,17.865853658536587,0.33870731707317075,42.31707317073171,13.402439024390244,0.7804878048780488,6.670731707317073,96.84146341463415,90.17073170731707,17.695121951219512,0.38834146341463416,40.51219512195122,10.75609756097561,0.25,-0.1707317073170732,-4.439024390243903,0.7439024390243816,5.182926829268297,0.1707317073170742,-0.0496341463414634,1.8048780487804876,2.6463414634146343
40500226,1610612742,0,1610612759,2005-06,0.7317073170731707,6.097560975609756,99.14634146341463,93.07317073170732,13.573170731707316,0.3754390243902439,42.207317073170735,12.865853658536585,0.7682926829268293,6.829268292682927,95.57317073170732,88.7560975609756,16.609756097560975,0.3776951219512195,41.451219512195124,13.25609756097561,0.5,-0.03658536585365857,-0.7317073170731705,3.5731707317073074,4.317073170731717,-3.036585365853659,-0.0022560975609756118,0.7560975609756113,-0.39024390243902474
40500236,1610612746,1,1610612756,2005-06,0.573170731707317,1.5731707317073171,97.1951219512195,95.6219512195122,10.28048780487805,0.34002439024390246,43.073170731707314,13.78048780487805,0.6585365853658537,5.536585365853658,108.36585365853658,102.8170731707317,25.573170731707318,0.397280487804878,41.80487804878049,12.78048780487805,0.5,-0.08536585365853666,-3.963414634146341,-11.170731707317074,-7.195121951219505,-15.292682926829269,-0.05725609756097555,1.2682926829268268,1.0
40500205,1610612765,0,1610612739,2005-06,0.7804878048780488,6.670731707317073,96.84146341463415,90.17073170731707,17.695121951219512,0.38834146341463416,40.51219512195122,10.75609756097561,0.6097560975609756,2.231707317073171,97.58536585365853,95.35365853658537,17.865853658536587,0.33870731707317075,42.31707317073171,13.402439024390244,0.75,0.1707317073170732,4.439024390243903,-0.7439024390243816,-5.182926829268297,-0.1707317073170742,0.0496341463414634,-1.8048780487804876,-2.6463414634146343
40500225,1610612759,1,1610612742,2005-06,0.7682926829268293,6.829268292682927,95.57317073170732,88.7560975609756,16.609756097560975,0.3776951219512195,41.451219512195124,13.25609756097561,0.7317073170731707,6.097560975609756,99.14634146341463,93.07317073170732,13.573170731707316,0.3754390243902439,42.207317073170735,12.865853658536585,0.5,0.03658536585365857,0.7317073170731705,-3.5731707317073074,-4.317073170731717,3.036585365853659,0.0022560975609756118,-0.7560975609756113,0.39024390243902474
40500235,1610612756,1,1610612746,2005-06,0.6585365853658537,5.536585365853658,108.36585365853658,102.8170731707317,25.573170731707318,0.397280487804878,41.80487804878049,12.78048780487805,0.573170731707317,1.5731707317073171,97.1951219512195,95.6219512195122,10.28048780487805,0.34002439024390246,43.073170731707314,13.78048780487805,0.5,0.08536585365853666,3.963414634146341,11.170731707317074,7.195121951219505,15.292682926829269,0.05725609756097555,-1.2682926829268268,-1.0
40500215,1610612748,1,1610612751,2005-06,0.6341463414634146,3.8902439024390243,99.89024390243902,96.02439024390245,17.573170731707318,0.33558536585365856,43.08536585365854,13.890243902439025,0.5975609756097561,1.3658536585365855,93.79268292682927,92.42682926829268,17.646341463414632,0.32432926829268294,40.98780487804878,12.987804878048781,0.25,0.03658536585365857,2.524390243902439,6.097560975609753,3.597560975609767,-0.07317073170731447,0.01125609756097562,2.0975609756097597,0.9024390243902438
40500224,1610612742,1,1610612759,2005-06,0.7317073170731707,6.097560975609756,99.14634146341463,93.07317073170732,13.573170731707316,0.3754390243902439,42.207317073170735,12.865853658536585,0.7682926829268293,6.829268292682927,95.57317073170732,88.7560975609756,16.609756097560975,0.3776951219512195,41.451219512195124,13.25609756097561,0.5,-0.03658536585365857,-0.7317073170731705,3.5731707317073074,4.317073170731717,-3.036585365853659,-0.0022560975609756118,0.7560975609756113,-0.39024390243902474
40500204,1610612739,1,1610612765,2005-06,0.6097560975609756,2.231707317073171,97.58536585365853,95.35365853658537,17.865853658536587,0.33870731707317075,42.31707317073171,13.402439024390244,0.7804878048780488,6.670731707317073,96.84146341463415,90.17073170731707,17.695121951219512,0.38834146341463416,40.51219512195122,10.75609756097561,0.25,-0.1707317073170732,-4.439024390243903,0.7439024390243816,5.182926829268297,0.1707317073170742,-0.0496341463414634,1.8048780487804876,2.6463414634146343
40500214,1610612751,0,1610612748,2005-06,0.5975609756097561,1.3658536585365855,93.79268292682927,92.42682926829268,17.646341463414632,0.32432926829268294,40.98780487804878,12.987804878048781,0.6341463414634146,3.8902439024390243,99.89024390243902,96.02439024390245,17.573170731707318,0.33558536585365856,43.08536585365854,13.890243902439025,0.75,-0.03658536585365857,-2.524390243902439,-6.097560975609753,-3.597560975609767,0.07317073170731447,-0.01125609756097562,-2.0975609756097597,-0.9024390243902438
40500234,1610612746,1,1610612756,2005-06,0.573170731707317,1.5731707317073171,97.1951219512195,95.6219512195122,10.28048780487805,0.34002439024390246,43.073170731707314,13.78048780487805,0.6585365853658537,5.536585365853658,108.36585365853658,102.8170731707317,25.573170731707318,0.397280487804878,41.80487804878049,12.78048780487805,0.5,-0.08536585365853666,-3.963414634146341,-11.170731707317074,-7.195121951219505,-15.292682926829269,-0.05725609756097555,1.2682926829268268,1.0
40500223,1610612742,1,1610612759,2005-06,0.7317073170731707,6.097560975609756,99.14634146341463,93.07317073170732,13.573170731707316,0.3754390243902439,42.207317073170735,12.865853658536585,0.7682926829268293,6.829268292682927,95.57317073170732,88.7560975609756,16.609756097560975,0.3776951219512195,41.451219512195124,13.25609756097561,0.5,-0.03658536585365857,-0.7317073170731705,3.5731707317073074,4.317073170731717,-3.036585365853659,-0.0022560975609756118,0.7560975609756113,-0.39024390243902474
40500203,1610612739,1,1610612765,2005-06,0.6097560975609756,2.231707317073171,97.58536585365853,95.35365853658537,17.865853658536587,0.33870731707317075,42.31707317073171,13.402439024390244,0.7804878048780488,6.670731707317073,96.84146341463415,90.17073170731707,17.695121951219512,0.38834146341463416,40.51219512195122,10.75609756097561,0.25,-0.1707317073170732,-4.439024390243903,0.7439024390243816,5.182926829268297,0.1707317073170742,-0.0496341463414634,1.8048780487804876,2.6463414634146343
40500233,1610612746,0,1610612756,2005-06,0.573170731707317,1.5731707317073171,97.1951219512195,95.6219512195122,10.28048780487805,0.34002439024390246,43.073170731707314,13.78048780487805,0.6585365853658537,5.536585365853658,108.36585365853658,102.8170731707317,25.573170731707318,0.397280487804878,41.80487804878049,12.78048780487805,0.5,-0.08536585365853666,-3.963414634146341,-11.170731707317074,-7.195121951219505,-15.292682926829269,-0.05725609756097555,1.2682926829268268,1.0
40500213,1610612751,0,1610612748,2005-06,0.5975609756097561,1.3658536585365855,93.79268292682927,92.42682926829268,17.646341463414632,0.32432926829268294,40.98780487804878,12.987804878048781,0.6341463414634146,3.8902439024390243,99.89024390243902,96.02439024390245,17.573170731707318,0.33558536585365856,43.08536585365854,13.890243902439025,0.75,-0.03658536585365857,-2.524390243902439,-6.097560975609753,-3.597560975609767,0.07317073170731447,-0.01125609756097562,-2.0975609756097597,-0.9024390243902438
40500232,1610612756,0,1610612746,2005-06,0.6585365853658537,5.536585365853658,108.36585365853658,102.8170731707317,25.573170731707318,0.397280487804878,41.80487804878049,12.78048780487805,0.573170731707317,1.5731707317073171,97.1951219512195,95.6219512195122,10.28048780487805,0.34002439024390246,43.073170731707314,13.78048780487805,0.5,0.08536585365853666,3.963414634146341,11.170731707317074,7.195121951219505,15.292682926829269,0.05725609756097555,-1.2682926829268268,-1.0
40500212,1610612748,1,1610612751,2005-06,0.6341463414634146,3.8902439024390243,99.89024390243902,96.02439024390245,17.573170731707318,0.33558536585365856,43.08536585365854,13.890243902439025,0.5975609756097561,1.3658536585365855,93.79268292682927,92.42682926829268,17.646341463414632,0.32432926829268294,40.98780487804878,12.987804878048781,0.25,0.03658536585365857,2.524390243902439,6.097560975609753,3.597560975609767,-0.07317073170731447,0.01125609756097562,2.0975609756097597,0.9024390243902438
40500222,1610612759,0,1610612742,2005-06,0.7682926829268293,6.829268292682927,95.57317073170732,88.7560975609756,16.609756097560975,0.3776951219512195,41.451219512195124,13.25609756097561,0.7317073170731707,6.097560975609756,99.14634146341463,93.07317073170732,13.573170731707316,0.3754390243902439,42.207317073170735,12.865853658536585,0.5,0.03658536585365857,0.7317073170731705,-3.5731707317073074,-4.317073170731717,3.036585365853659,0.0022560975609756118,-0.7560975609756113,0.39024390243902474
40500202,1610612765,1,1610612739,2005-06,0.7804878048780488,6.670731707317073,96.84146341463415,90.17073170731707,17.695121951219512,0.38834146341463416,40.51219512195122,10.75609756097561,0.6097560975609756,2.231707317073171,97.58536585365853,95.35365853658537,17.865853658536587,0.33870731707317075,42.31707317073171,13.402439024390244,0.75,0.1707317073170732,4.439024390243903,-0.7439024390243816,-5.182926829268297,-0.1707317073170742,0.0496341463414634,-1.8048780487804876,-2.6463414634146343
40500211,1610612748,0,1610612751,2005-06,0.6341463414634146,3.8902439024390243,99.89024390243902,96.02439024390245,17.573170731707318,0.33558536585365856,43.08536585365854,13.890243902439025,0.5975609756097561,1.3658536585365855,93.79268292682927,92.42682926829268,17.646341463414632,0.32432926829268294,40.98780487804878,12.987804878048781,0.25,0.03658536585365857,2.524390243902439,6.097560975609753,3.597560975609767,-0.07317073170731447,0.01125609756097562,2.0975609756097597,0.9024390243902438
40500231,1610612756,1,1610612746,2005-06,0.6585365853658537,5.536585365853658,108.36585365853658,102.8170731707317,25.573170731707318,0.397280487804878,41.80487804878049,12.78048780487805,0.573170731707317,1.5731707317073171,97.1951219512195,95.6219512195122,10.28048780487805,0.34002439024390246,43.073170731707314,13.78048780487805,0.5,0.08536585365853666,3.963414634146341,11.170731707317074,7.195121951219505,15.292682926829269,0.05725609756097555,-1.2682926829268268,-1.0
40500201,1610612765,1,1610612739,2005-06,0.7804878048780488,6.670731707317073,96.84146341463415,90.17073170731707,17.695121951219512,0.38834146341463416,40.51219512195122,10.75609756097561,0.6097560975609756,2.231707317073171,97.58536585365853,95.35365853658537,17.865853658536587,0.33870731707317075,42.31707317073171,13.402439024390244,0.75,0.1707317073170732,4.439024390243903,-0.7439024390243816,-5.182926829268297,-0.1707317073170742,0.0496341463414634,-1.8048780487804876,-2.6463414634146343
40500221,1610612759,1,1610612742,2005-06,0.7682926829268293,6.829268292682927,95.57317073170732,88.7560975609756,16.609756097560975,0.3776951219512195,41.451219512195124,13.25609756097561,0.7317073170731707,6.097560975609756,99.14634146341463,93.07317073170732,13.573170731707316,0.3754390243902439,42.207317073170735,12.865853658536585,0.5,0.03658536585365857,0.7317073170731705,-3.5731707317073074,-4.317073170731717,3.036585365853659,0.0022560975609756118,-0.7560975609756113,0.39024390243902474
40500157,1610612756,1,1610612747,2005-06,0.6585365853658537,5.536585365853658,108.36585365853658,102.8170731707317,25.573170731707318,0.397280487804878,41.80487804878049,12.78048780487805,0.5487804878048781,2.5,99.4390243902439,96.9390243902439,19.304878048780488,0.3492560975609756,42.170731707317074,13.378048780487806,0.75,0.1097560975609756,3.036585365853658,8.926829268292678,5.878048780487802,6.26829268292683,0.048024390243902426,-0.3658536585365866,-0.5975609756097562
40500136,1610612764,0,1610612739,2005-06,0.5121951219512195,1.8658536585365855,101.65853658536585,99.8048780487805,17.0,0.3596341463414634,41.207317073170735,13.414634146341463,0.6097560975609756,2.231707317073171,97.58536585365853,95.35365853658537,17.865853658536587,0.33870731707317075,42.31707317073171,13.402439024390244,0.75,-0.09756097560975607,-0.36585365853658547,4.073170731707322,4.451219512195124,-0.8658536585365866,0.020926829268292646,-1.1097560975609753,0.012195121951219079
40500146,1610612758,0,1610612759,2005-06,0.5365853658536586,1.5365853658536586,98.85365853658537,97.3170731707317,17.170731707317074,0.349280487804878,40.548780487804876,13.975609756097562,0.7682926829268293,6.829268292682927,95.57317073170732,88.7560975609756,16.609756097560975,0.3776951219512195,41.451219512195124,13.25609756097561,0.3333333333333333,-0.23170731707317072,-5.2926829268292686,3.2804878048780495,8.560975609756099,0.560975609756099,-0.02841463414634149,-0.9024390243902474,0.7195121951219523
40500156,1610612747,0,1610612756,2005-06,0.5487804878048781,2.5,99.4390243902439,96.9390243902439,19.304878048780488,0.3492560975609756,42.170731707317074,13.378048780487806,0.6585365853658537,5.536585365853658,108.36585365853658,102.8170731707317,25.573170731707318,0.397280487804878,41.80487804878049,12.78048780487805,0.25,-0.1097560975609756,-3.036585365853658,-8.926829268292678,-5.878048780487802,-6.26829268292683,-0.048024390243902426,0.3658536585365866,0.5975609756097562
40500116,1610612741,0,1610612748,2005-06,0.5,0.6219512195121951,97.8048780487805,97.17073170731707,18.01219512195122,0.3761341463414634,42.78048780487805,14.597560975609756,0.6341463414634146,3.8902439024390243,99.89024390243902,96.02439024390245,17.573170731707318,0.33558536585365856,43.08536585365854,13.890243902439025,0.3333333333333333,-0.13414634146341464,-3.268292682926829,-2.08536585365853,1.146341463414629,0.43902439024390105,0.04054878048780486,-0.30487804878048763,0.7073170731707314
40500126,1610612754,0,1610612751,2005-06,0.5,1.9268292682926829,93.89024390243902,92.0,18.73170731707317,0.34582926829268296,42.15853658536585,14.682926829268293,0.5975609756097561,1.3658536585365855,93.79268292682927,92.42682926829268,17.646341463414632,0.32432926829268294,40.98780487804878,12.987804878048781,0.6666666666666666,-0.09756097560975607,0.5609756097560974,0.09756097560975263,-0.4268292682926784,1.085365853658537,0.02150000000000002,1.1707317073170742,1.6951219512195124
40500105,1610612765,1,1610612749,2005-06,0.7804878048780488,6.670731707317073,96.84146341463415,90.17073170731707,17.695121951219512,0.38834146341463416,40.51219512195122,10.75609756097561,0.4878048780487805,-1.0365853658536586,97.8048780487805,98.84146341463415,16.28048780487805,0.38176829268292684,41.18292682926829,14.036585365853659,0.75,0.29268292682926833,7.7073170731707314,-0.9634146341463463,-8.670731707317074,1.414634146341463,0.006573170731707323,-0.6707317073170671,-3.2804878048780495
40500135,1610612739,1,1610612764,2005-06,0.6097560975609756,2.231707317073171,97.58536585365853,95.35365853658537,17.865853658536587,0.33870731707317075,42.31707317073171,13.402439024390244,0.5121951219512195,1.8658536585365855,101.65853658536585,99.8048780487805,17.0,0.3596341463414634,41.207317073170735,13.414634146341463,0.25,0.09756097560975607,0.36585365853658547,-4.073170731707322,-4.451219512195124,0.8658536585365866,-0.020926829268292646,1.1097560975609753,-0.012195121951219079
40500155,1610612756,1,1610612747,2005-06,0.6585365853658537,5.536585365853658,108.36585365853658,102.8170731707317,25.573170731707318,0.397280487804878,41.80487804878049,12.78048780487805,0.5487804878048781,2.5,99.4390243902439,96.9390243902439,19.304878048780488,0.3492560975609756,42.170731707317074,13.378048780487806,0.75,0.1097560975609756,3.036585365853658,8.926829268292678,5.878048780487802,6.26829268292683,0.048024390243902426,-0.3658536585365866,-0.5975609756097562
40500145,1610612759,1,1610612758,2005-06,0.7682926829268293,6.829268292682927,95.57317073170732,88.7560975609756,16.609756097560975,0.3776951219512195,41.451219512195124,13.25609756097561,0.5365853658536586,1.5365853658536586,98.85365853658537,97.3170731707317,17.170731707317074,0.349280487804878,40.548780487804876,13.975609756097562,0.6666666666666666,0.23170731707317072,5.2926829268292686,-3.2804878048780495,-8.560975609756099,-0.560975609756099,0.02841463414634149,0.9024390243902474,-0.7195121951219523
40500115,1610612748,1,1610612741,2005-06,0.6341463414634146,3.8902439024390243,99.89024390243902,96.02439024390245,17.573170731707318,0.33558536585365856,43.08536585365854,13.890243902439025,0.5,0.6219512195121951,97.8048780487805,97.17073170731707,18.01219512195122,0.3761341463414634,42.78048780487805,14.597560975609756,0.6666666666666666,0.13414634146341464,3.268292682926829,2.08536585365853,-1.146341463414629,-0.43902439024390105,-0.04054878048780486,0.30487804878048763,-0.7073170731707314
40500125,1610612751,1,1610612754,2005-06,0.5975609756097561,1.3658536585365855,93.79268292682927,92.42682926829268,17.646341463414632,0.32432926829268294,40.98780487804878,12.987804878048781,0.5,1.9268292682926829,93.89024390243902,92.0,18.73170731707317,0.34582926829268296,42.15853658536585,14.682926829268293,0.3333333333333333,0.09756097560975607,-0.5609756097560974,-0.09756097560975263,0.4268292682926784,-1.085365853658537,-0.02150000000000002,-1.1707317073170742,-1.6951219512195124
40500165,1610612746,1,1610612743,2005-06,0.573170731707317,1.5731707317073171,97.1951219512195,95.6219512195122,10.28048780487805,0.34002439024390246,43.073170731707314,13.78048780487805,0.5365853658536586,0.24390243902439024,100.32926829268293,100.09756097560975,13.121951219512194,0.32358536585365855,41.329268292682926,14.390243902439025,0.75,0.03658536585365846,1.329268292682927,-3.1341463414634205,-4.475609756097555,-2.841463414634145,0.016439024390243917,1.7439024390243887,-0.6097560975609753
40500104,1610612749,0,1610612765,2005-06,0.4878048780487805,-1.0365853658536586,97.8048780487805,98.84146341463415,16.28048780487805,0.38176829268292684,41.18292682926829,14.036585365853659,0.7804878048780488,6.670731707317073,96.84146341463415,90.17073170731707,17.695121951219512,0.38834146341463416,40.51219512195122,10.75609756097561,0.25,-0.29268292682926833,-7.7073170731707314,0.9634146341463463,8.670731707317074,-1.414634146341463,-0.006573170731707323,0.6707317073170671,3.2804878048780495
40500174,1610612763,0,1610612742,2005-06,0.5975609756097561,3.6707317073170733,92.17073170731707,88.47560975609755,19.24390243902439,0.381,39.18292682926829,12.878048780487806,0.7317073170731707,6.097560975609756,99.14634146341463,93.07317073170732,13.573170731707316,0.3754390243902439,42.207317073170735,12.865853658536585,0.25,-0.13414634146341464,-2.426829268292683,-6.975609756097555,-4.597560975609767,5.670731707317072,0.0055609756097561025,-3.0243902439024453,0.012195121951220855
40500144,1610612758,1,1610612759,2005-06,0.5365853658536586,1.5365853658536586,98.85365853658537,97.3170731707317,17.170731707317074,0.349280487804878,40.548780487804876,13.975609756097562,0.7682926829268293,6.829268292682927,95.57317073170732,88.7560975609756,16.609756097560975,0.3776951219512195,41.451219512195124,13.25609756097561,0.3333333333333333,-0.23170731707317072,-5.2926829268292686,3.2804878048780495,8.560975609756099,0.560975609756099,-0.02841463414634149,-0.9024390243902474,0.7195121951219523
40500134,1610612764,1,1610612739,2005-06,0.5121951219512195,1.8658536585365855,101.65853658536585,99.8048780487805,17.0,0.3596341463414634,41.207317073170735,13.414634146341463,0.6097560975609756,2.231707317073171,97.58536585365853,95.35365853658537,17.865853658536587,0.33870731707317075,42.31707317073171,13.402439024390244,0.75,-0.09756097560975607,-0.36585365853658547,4.073170731707322,4.451219512195124,-0.8658536585365866,0.020926829268292646,-1.1097560975609753,0.012195121951219079
40500114,1610612741,1,1610612748,2005-06,0.5,0.6219512195121951,97.8048780487805,97.17073170731707,18.01219512195122,0.3761341463414634,42.78048780487805,14.597560975609756,0.6341463414634146,3.8902439024390243,99.89024390243902,96.02439024390245,17.573170731707318,0.33558536585365856,43.08536585365854,13.890243902439025,0.3333333333333333,-0.13414634146341464,-3.268292682926829,-2.08536585365853,1.146341463414629,0.43902439024390105,0.04054878048780486,-0.30487804878048763,0.7073170731707314
40500154,1610612747,1,1610612756,2005-06,0.5487804878048781,2.5,99.4390243902439,96.9390243902439,19.304878048780488,0.3492560975609756,42.170731707317074,13.378048780487806,0.6585365853658537,5.536585365853658,108.36585365853658,102.8170731707317,25.573170731707318,0.397280487804878,41.80487804878049,12.78048780487805,0.25,-0.1097560975609756,-3.036585365853658,-8.926829268292678,-5.878048780487802,-6.26829268292683,-0.048024390243902426,0.3658536585365866,0.5975609756097562
40500124,1610612754,0,1610612751,2005-06,0.5,1.9268292682926829,93.89024390243902,92.0,18.73170731707317,0.34582926829268296,42.15853658536585,14.682926829268293,0.5975609756097561,1.3658536585365855,93.79268292682927,92.42682926829268,17.646341463414632,0.32432926829268294,40.98780487804878,12.987804878048781,0.6666666666666666,-0.09756097560975607,0.5609756097560974,0.09756097560975263,-0.4268292682926784,1.085365853658537,0.02150000000000002,1.1707317073170742,1.6951219512195124
40500164,1610612743,0,1610612746,2005-06,0.5365853658536586,0.24390243902439024,100.32926829268293,100.09756097560975,13.121951219512194,0.32358536585365855,41.329268292682926,14.390243902439025,0.573170731707317,1.5731707317073171,97.1951219512195,95.6219512195122,10.28048780487805,0.34002439024390246,43.073170731707314,13.78048780487805,0.25,-0.03658536585365846,-1.329268292682927,3.1341463414634205,4.475609756097555,2.841463414634145,-0.016439024390243917,-1.7439024390243887,0.6097560975609753
40500173,1610612763,0,1610612742,2005-06,0.5975609756097561,3.6707317073170733,92.17073170731707,88.47560975609755,19.24390243902439,0.381,39.18292682926829,12.878048780487806,0.7317073170731707,6.097560975609756,99.14634146341463,93.07317073170732,13.573170731707316,0.3754390243902439,42.207317073170735,12.865853658536585,0.25,-0.13414634146341464,-2.426829268292683,-6.975609756097555,-4.597560975609767,5.670731707317072,0.0055609756097561025,-3.0243902439024453,0.012195121951220855
40500103,1610612749,1,1610612765,2005-06,0.4878048780487805,-1.0365853658536586,97.8048780487805,98.84146341463415,16.28048780487805,0.38176829268292684,41.18292682926829,14.036585365853659,0.7804878048780488,6.670731707317073,96.84146341463415,90.17073170731707,17.695121951219512,0.38834146341463416,40.51219512195122,10.75609756097561,0.25,-0.29268292682926833,-7.7073170731707314,0.9634146341463463,8.670731707317074,-1.414634146341463,-0.006573170731707323,0.6707317073170671,3.2804878048780495
40500133,1610612764,0,1610612739,2005-06,0.5121951219512195,1.8658536585365855,101.65853658536585,99.8048780487805,17.0,0.3596341463414634,41.207317073170735,13.414634146341463,0.6097560975609756,2.231707317073171,97.58536585365853,95.35365853658537,17.865853658536587,0.33870731707317075,42.31707317073171,13.402439024390244,0.75,-0.09756097560975607,-0.36585365853658547,4.073170731707322,4.451219512195124,-0.8658536585365866,0.020926829268292646,-1.1097560975609753,0.012195121951219079
40500153,1610612747,1,1610612756,2005-06,0.5487804878048781,2.5,99.4390243902439,96.9390243902439,19.304878048780488,0.3492560975609756,42.170731707317074,13.378048780487806,0.6585365853658537,5.536585365853658,108.36585365853658,102.8170731707317,25.573170731707318,0.397280487804878,41.80487804878049,12.78048780487805,0.25,-0.1097560975609756,-3.036585365853658,-8.926829268292678,-5.878048780487802,-6.26829268292683,-0.048024390243902426,0.3658536585365866,0.5975609756097562
40500143,1610612758,1,1610612759,2005-06,0.5365853658536586,1.5365853658536586,98.85365853658537,97.3170731707317,17.170731707317074,0.349280487804878,40.548780487804876,13.975609756097562,0.7682926829268293,6.829268292682927,95.57317073170732,88.7560975609756,16.609756097560975,0.3776951219512195,41.451219512195124,13.25609756097561,0.3333333333333333,-0.23170731707317072,-5.2926829268292686,3.2804878048780495,8.560975609756099,0.560975609756099,-0.02841463414634149,-0.9024390243902474,0.7195121951219523
40500163,1610612743,1,1610612746,2005-06,0.5365853658536586,0.24390243902439024,100.32926829268293,100.09756097560975,13.121951219512194,0.32358536585365855,41.329268292682926,14.390243902439025,0.573170731707317,1.5731707317073171,97.1951219512195,95.6219512195122,10.28048780487805,0.34002439024390246,43.073170731707314,13.78048780487805,0.25,-0.03658536585365846,-1.329268292682927,3.1341463414634205,4.475609756097555,2.841463414634145,-0.016439024390243917,-1.7439024390243887,0.6097560975609753
40500113,1610612741,1,1610612748,2005-06,0.5,0.6219512195121951,97.8048780487805,97.17073170731707,18.01219512195122,0.3761341463414634,42.78048780487805,14.597560975609756,0.6341463414634146,3.8902439024390243,99.89024390243902,96.02439024390245,17.573170731707318,0.33558536585365856,43.08536585365854,13.890243902439025,0.3333333333333333,-0.13414634146341464,-3.268292682926829,-2.08536585365853,1.146341463414629,0.43902439024390105,0.04054878048780486,-0.30487804878048763,0.7073170731707314
40500123,1610612754,1,1610612751,2005-06,0.5,1.9268292682926829,93.89024390243902,92.0,18.73170731707317,0.34582926829268296,42.15853658536585,14.682926829268293,0.5975609756097561,1.3658536585365855,93.79268292682927,92.42682926829268,17.646341463414632,0.32432926829268294,40.98780487804878,12.987804878048781,0.6666666666666666,-0.09756097560975607,0.5609756097560974,0.09756097560975263,-0.4268292682926784,1.085365853658537,0.02150000000000002,1.1707317073170742,1.6951219512195124
40500152,1610612756,0,1610612747,2005-06,0.6585365853658537,5.536585365853658,108.36585365853658,102.8170731707317,25.573170731707318,0.397280487804878,41.80487804878049,12.78048780487805,0.5487804878048781,2.5,99.4390243902439,96.9390243902439,19.304878048780488,0.3492560975609756,42.170731707317074,13.378048780487806,0.75,0.1097560975609756,3.036585365853658,8.926829268292678,5.878048780487802,6.26829268292683,0.048024390243902426,-0.3658536585365866,-0.5975609756097562
40500102,1610612765,1,1610612749,2005-06,0.7804878048780488,6.670731707317073,96.84146341463415,90.17073170731707,17.695121951219512,0.38834146341463416,40.51219512195122,10.75609756097561,0.4878048780487805,-1.0365853658536586,97.8048780487805,98.84146341463415,16.28048780487805,0.38176829268292684,41.18292682926829,14.036585365853659,0.75,0.29268292682926833,7.7073170731707314,-0.9634146341463463,-8.670731707317074,1.414634146341463,0.006573170731707323,-0.6707317073170671,-3.2804878048780495
40500172,1610612742,1,1610612763,2005-06,0.7317073170731707,6.097560975609756,99.14634146341463,93.07317073170732,13.573170731707316,0.3754390243902439,42.207317073170735,12.865853658536585,0.5975609756097561,3.6707317073170733,92.17073170731707,88.47560975609755,19.24390243902439,0.381,39.18292682926829,12.878048780487806,0.75,0.13414634146341464,2.426829268292683,6.975609756097555,4.597560975609767,-5.670731707317072,-0.0055609756097561025,3.0243902439024453,-0.012195121951220855
40500122,1610612751,1,1610612754,2005-06,0.5975609756097561,1.3658536585365855,93.79268292682927,92.42682926829268,17.646341463414632,0.32432926829268294,40.98780487804878,12.987804878048781,0.5,1.9268292682926829,93.89024390243902,92.0,18.73170731707317,0.34582926829268296,42.15853658536585,14.682926829268293,0.3333333333333333,0.09756097560975607,-0.5609756097560974,-0.09756097560975263,0.4268292682926784,-1.085365853658537,-0.02150000000000002,-1.1707317073170742,-1.6951219512195124
40500142,1610612759,1,1610612758,2005-06,0.7682926829268293,6.829268292682927,95.57317073170732,88.7560975609756,16.609756097560975,0.3776951219512195,41.451219512195124,13.25609756097561,0.5365853658536586,1.5365853658536586,98.85365853658537,97.3170731707317,17.170731707317074,0.349280487804878,40.548780487804876,13.975609756097562,0.6666666666666666,0.23170731707317072,5.2926829268292686,-3.2804878048780495,-8.560975609756099,-0.560975609756099,0.02841463414634149,0.9024390243902474,-0.7195121951219523
40500132,1610612739,0,1610612764,2005-06,0.6097560975609756,2.231707317073171,97.58536585365853,95.35365853658537,17.865853658536587,0.33870731707317075,42.31707317073171,13.402439024390244,0.5121951219512195,1.8658536585365855,101.65853658536585,99.8048780487805,17.0,0.3596341463414634,41.207317073170735,13.414634146341463,0.25,0.09756097560975607,0.36585365853658547,-4.073170731707322,-4.451219512195124,0.8658536585365866,-0.020926829268292646,1.1097560975609753,-0.012195121951219079
40500162,1610612746,1,1610612743,2005-06,0.573170731707317,1.5731707317073171,97.1951219512195,95.6219512195122,10.28048780487805,0.34002439024390246,43.073170731707314,13.78048780487805,0.5365853658536586,0.24390243902439024,100.32926829268293,100.09756097560975,13.121951219512194,0.32358536585365855,41.329268292682926,14.390243902439025,0.75,0.03658536585365846,1.329268292682927,-3.1341463414634205,-4.475609756097555,-2.841463414634145,0.016439024390243917,1.7439024390243887,-0.6097560975609753
40500112,1610612748,1,1610612741,2005-06,0.6341463414634146,3.8902439024390243,99.89024390243902,96.02439024390245,17.573170731707318,0.33558536585365856,43.08536585365854,13.890243902439025,0.5,0.6219512195121951,97.8048780487805,97.17073170731707,18.01219512195122,0.3761341463414634,42.78048780487805,14.597560975609756,0.6666666666666666,0.13414634146341464,3.268292682926829,2.08536585365853,-1.146341463414629,-0.43902439024390105,-0.04054878048780486,0.30487804878048763,-0.7073170731707314
40500171,1610612742,1,1610612763,2005-06,0.7317073170731707,6.097560975609756,99.14634146341463,93.07317073170732,13.573170731707316,0.3754390243902439,42.207317073170735,12.865853658536585,0.5975609756097561,3.6707317073170733,92.17073170731707,88.47560975609755,19.24390243902439,0.381,39.18292682926829,12.878048780487806,0.75,0.13414634146341464,2.426829268292683,6.975609756097555,4.597560975609767,-5.670731707317072,-0.0055609756097561025,3.0243902439024453,-0.012195121951220855
40500121,1610612751,0,1610612754,2005-06,0.5975609756097561,1.3658536585365855,93.79268292682927,92.42682926829268,17.646341463414632,0.32432926829268294,40.98780487804878,12.987804878048781,0.5,1.9268292682926829,93.89024390243902,92.0,18.73170731707317,0.34582926829268296,42.15853658536585,14.682926829268293,0.3333333333333333,0.09756097560975607,-0.5609756097560974,-0.09756097560975263,0.4268292682926784,-1.085365853658537,-0.02150000000000002,-1.1707317073170742,-1.6951219512195124
40500101,1610612765,1,1610612749,2005-06,0.7804878048780488,6.670731707317073,96.84146341463415,90.17073170731707,17.695121951219512,0.38834146341463416,40.51219512195122,10.75609756097561,0.4878048780487805,-1.0365853658536586,97.8048780487805,98.84146341463415,16.28048780487805,0.38176829268292684,41.18292682926829,14.036585365853659,0.75,0.29268292682926833,7.7073170731707314,-0.9634146341463463,-8.670731707317074,1.414634146341463,0.006573170731707323,-0.6707317073170671,-3.2804878048780495
40500151,1610612756,1,1610612747,2005-06,0.6585365853658537,5.536585365853658,108.36585365853658,102.8170731707317,25.573170731707318,0.397280487804878,41.80487804878049,12.78048780487805,0.5487804878048781,2.5,99.4390243902439,96.9390243902439,19.304878048780488,0.3492560975609756,42.170731707317074,13.378048780487806,0.75,0.1097560975609756,3.036585365853658,8.926829268292678,5.878048780487802,6.26829268292683,0.048024390243902426,-0.3658536585365866,-0.5975609756097562
40500111,1610612748,1,1610612741,2005-06,0.6341463414634146,3.8902439024390243,99.89024390243902,96.02439024390245,17.573170731707318,0.33558536585365856,43.08536585365854,13.890243902439025,0.5,0.6219512195121951,97.8048780487805,97.17073170731707,18.01219512195122,0.3761341463414634,42.78048780487805,14.597560975609756,0.6666666666666666,0.13414634146341464,3.268292682926829,2.08536585365853,-1.146341463414629,-0.43902439024390105,-0.04054878048780486,0.30487804878048763,-0.7073170731707314
40500161,1610612746,1,1610612743,2005-06,0.573170731707317,1.5731707317073171,97.1951219512195,95.6219512195122,10.28048780487805,0.34002439024390246,43.073170731707314,13.78048780487805,0.5365853658536586,0.24390243902439024,100.32926829268293,100.09756097560975,13.121951219512194,0.32358536585365855,41.329268292682926,14.390243902439025,0.75,0.03658536585365846,1.329268292682927,-3.1341463414634205,-4.475609756097555,-2.841463414634145,0.016439024390243917,1.7439024390243887,-0.6097560975609753
40500141,1610612759,1,1610612758,2005-06,0.7682926829268293,6.829268292682927,95.57317073170732,88.7560975609756,16.609756097560975,0.3776951219512195,41.451219512195124,13.25609756097561,0.5365853658536586,1.5365853658536586,98.85365853658537,97.3170731707317,17.170731707317074,0.349280487804878,40.548780487804876,13.975609756097562,0.6666666666666666,0.23170731707317072,5.2926829268292686,-3.2804878048780495,-8.560975609756099,-0.560975609756099,0.02841463414634149,0.9024390243902474,-0.7195121951219523
40500131,1610612739,1,1610612764,2005-06,0.6097560975609756,2.231707317073171,97.58536585365853,95.35365853658537,17.865853658536587,0.33870731707317075,42.31707317073171,13.402439024390244,0.5121951219512195,1.8658536585365855,101.65853658536585,99.8048780487805,17.0,0.3596341463414634,41.207317073170735,13.414634146341463,0.25,0.09756097560975607,0.36585365853658547,-4.073170731707322,-4.451219512195124,0.8658536585365866,-0.020926829268292646,1.1097560975609753,-0.012195121951219079
40600404,1610612739,0,1610612759,2006-07,0.6097560975609756,3.8048780487804876,96.7560975609756,92.92682926829268,17.121951219512194,0.34606097560975607,43.51219512195122,13.74390243902439,0.7073170731707317,8.426829268292684,98.52439024390245,90.09756097560975,19.036585365853657,0.37632926829268293,40.707317073170735,13.28048780487805,1.0,-0.09756097560975607,-4.621951219512196,-1.768292682926841,2.829268292682926,-1.914634146341463,-0.030268292682926856,2.8048780487804876,0.463414634146341
40600403,1610612739,0,1610612759,2006-07,0.6097560975609756,3.8048780487804876,96.7560975609756,92.92682926829268,17.121951219512194,0.34606097560975607,43.51219512195122,13.74390243902439,0.7073170731707317,8.426829268292684,98.52439024390245,90.09756097560975,19.036585365853657,0.37632926829268293,40.707317073170735,13.28048780487805,1.0,-0.09756097560975607,-4.621951219512196,-1.768292682926841,2.829268292682926,-1.914634146341463,-0.030268292682926856,2.8048780487804876,0.463414634146341
40600402,1610612759,1,1610612739,2006-07,0.7073170731707317,8.426829268292684,98.52439024390245,90.09756097560975,19.036585365853657,0.37632926829268293,40.707317073170735,13.28048780487805,0.6097560975609756,3.8048780487804876,96.7560975609756,92.92682926829268,17.121951219512194,0.34606097560975607,43.51219512195122,13.74390243902439,0.0,0.09756097560975607,4.621951219512196,1.768292682926841,-2.829268292682926,1.914634146341463,0.030268292682926856,-2.8048780487804876,-0.463414634146341
40600401,1610612759,1,1610612739,2006-07,0.7073170731707317,8.426829268292684,98.52439024390245,90.09756097560975,19.036585365853657,0.37632926829268293,40.707317073170735,13.28048780487805,0.6097560975609756,3.8048780487804876,96.7560975609756,92.92682926829268,17.121951219512194,0.34606097560975607,43.51219512195122,13.74390243902439,0.0,0.09756097560975607,4.621951219512196,1.768292682926841,-2.829268292682926,1.914634146341463,0.030268292682926856,-2.8048780487804876,-0.463414634146341
40600306,1610612739,1,1610612765,2006-07,0.6097560975609756,3.8048780487804876,96.7560975609756,92.92682926829268,17.121951219512194,0.34606097560975607,43.51219512195122,13.74390243902439,0.6463414634146342,4.170731707317073,96.0,91.84146341463415,15.914634146341463,0.3435853658536585,40.51219512195122,11.71951219512195,0.25,-0.03658536585365857,-0.3658536585365857,0.7560975609756042,1.08536585365853,1.2073170731707314,0.002475609756097563,3.0,2.02439024390244
40600305,1610612765,0,1610612739,2006-07,0.6463414634146342,4.170731707317073,96.0,91.84146341463415,15.914634146341463,0.3435853658536585,40.51219512195122,11.71951219512195,0.6097560975609756,3.8048780487804876,96.7560975609756,92.92682926829268,17.121951219512194,0.34606097560975607,43.51219512195122,13.74390243902439,0.75,0.03658536585365857,0.3658536585365857,-0.7560975609756042,-1.08536585365853,-1.2073170731707314,-0.002475609756097563,-3.0,-2.02439024390244
40600315,1610612759,1,1610612762,2006-07,0.7073170731707317,8.426829268292684,98.52439024390245,90.09756097560975,19.036585365853657,0.37632926829268293,40.707317073170735,13.28048780487805,0.6219512195121951,2.8658536585365852,101.48780487804878,98.6219512195122,12.878048780487806,0.3329390243902439,42.51219512195122,15.073170731707316,0.5,0.08536585365853655,5.560975609756099,-2.963414634146332,-8.524390243902445,6.158536585365852,0.04339024390243901,-1.8048780487804876,-1.7926829268292668
40600304,1610612739,1,1610612765,2006-07,0.6097560975609756,3.8048780487804876,96.7560975609756,92.92682926829268,17.121951219512194,0.34606097560975607,43.51219512195122,13.74390243902439,0.6463414634146342,4.170731707317073,96.0,91.84146341463415,15.914634146341463,0.3435853658536585,40.51219512195122,11.71951219512195,0.25,-0.03658536585365857,-0.3658536585365857,0.7560975609756042,1.08536585365853,1.2073170731707314,0.002475609756097563,3.0,2.02439024390244
40600314,1610612762,0,1610612759,2006-07,0.6219512195121951,2.8658536585365852,101.48780487804878,98.6219512195122,12.878048780487806,0.3329390243902439,42.51219512195122,15.073170731707316,0.7073170731707317,8.426829268292684,98.52439024390245,90.09756097560975,19.036585365853657,0.37632926829268293,40.707317073170735,13.28048780487805,0.5,-0.08536585365853655,-5.560975609756099,2.963414634146332,8.524390243902445,-6.158536585365852,-0.04339024390243901,1.8048780487804876,1.7926829268292668
40600303,1610612739,1,1610612765,2006-07,0.6097560975609756,3.8048780487804876,96.7560975609756,92.92682926829268,17.121951219512194,0.34606097560975607,43.51219512195122,13.74390243902439,0.6463414634146342,4.170731707317073,96.0,91.84146341463415,15.914634146341463,0.3435853658536585,40.51219512195122,11.71951219512195,0.25,-0.03658536585365857,-0.3658536585365857,0.7560975609756042,1.08536585365853,1.2073170731707314,0.002475609756097563,3.0,2.02439024390244
40600313,1610612762,1,1610612759,2006-07,0.6219512195121951,2.8658536585365852,101.48780487804878,98.6219512195122,12.878048780487806,0.3329390243902439,42.51219512195122,15.073170731707316,0.7073170731707317,8.426829268292684,98.52439024390245,90.09756097560975,19.036585365853657,0.37632926829268293,40.707317073170735,13.28048780487805,0.5,-0.08536585365853655,-5.560975609756099,2.963414634146332,8.524390243902445,-6.158536585365852,-0.04339024390243901,1.8048780487804876,1.7926829268292668
40600302,1610612765,1,1610612739,2006-07,0.6463414634146342,4.170731707317073,96.0,91.84146341463415,15.914634146341463,0.3435853658536585,40.51219512195122,11.71951219512195,0.6097560975609756,3.8048780487804876,96.7560975609756,92.92682926829268,17.121951219512194,0.34606097560975607,43.51219512195122,13.74390243902439,0.75,0.03658536585365857,0.3658536585365857,-0.7560975609756042,-1.08536585365853,-1.2073170731707314,-0.002475609756097563,-3.0,-2.02439024390244
40600312,1610612759,1,1610612762,2006-07,0.7073170731707317,8.426829268292684,98.52439024390245,90.09756097560975,19.036585365853657,0.37632926829268293,40.707317073170735,13.28048780487805,0.6219512195121951,2.8658536585365852,101.48780487804878,98.6219512195122,12.878048780487806,0.3329390243902439,42.51219512195122,15.073170731707316,0.5,0.08536585365853655,5.560975609756099,-2.963414634146332,-8.524390243902445,6.158536585365852,0.04339024390243901,-1.8048780487804876,-1.7926829268292668
40600301,1610612765,1,1610612739,2006-07,0.6463414634146342,4.170731707317073,96.0,91.84146341463415,15.914634146341463,0.3435853658536585,40.51219512195122,11.71951219512195,0.6097560975609756,3.8048780487804876,96.7560975609756,92.92682926829268,17.121951219512194,0.34606097560975607,43.51219512195122,13.74390243902439,0.75,0.03658536585365857,0.3658536585365857,-0.7560975609756042,-1.08536585365853,-1.2073170731707314,-0.002475609756097563,-3.0,-2.02439024390244
40600311,1610612759,1,1610612762,2006-07,0.7073170731707317,8.426829268292684,98.52439024390245,90.09756097560975,19.036585365853657,0.37632926829268293,40.707317073170735,13.28048780487805,0.6219512195121951,2.8658536585365852,101.48780487804878,98.6219512195122,12.878048780487806,0.3329390243902439,42.51219512195122,15.073170731707316,0.5,0.08536585365853655,5.560975609756099,-2.963414634146332,-8.524390243902445,6.158536585365852,0.04339024390243901,-1.8048780487804876,-1.7926829268292668
40600236,1610612759,1,1610612756,2006-07,0.7073170731707317,8.426829268292684,98.52439024390245,90.09756097560975,19.036585365853657,0.37632926829268293,40.707317073170735,13.28048780487805,0.7439024390243902,7.317073170731708,110.20731707317073,102.90243902439025,23.963414634146343,0.40082926829268295,40.48780487804878,13.987804878048781,0.6666666666666666,-0.03658536585365857,1.1097560975609762,-11.682926829268283,-12.804878048780495,-4.9268292682926855,-0.024500000000000022,0.21951219512195763,-0.7073170731707314
40600216,1610612751,0,1610612739,2006-07,0.5,-0.7560975609756098,97.57317073170732,98.34146341463415,20.4390243902439,0.35232926829268296,40.81707317073171,14.109756097560975,0.6097560975609756,3.8048780487804876,96.7560975609756,92.92682926829268,17.121951219512194,0.34606097560975607,43.51219512195122,13.74390243902439,0.3333333333333333,-0.1097560975609756,-4.560975609756097,0.8170731707317174,5.41463414634147,3.3170731707317067,0.00626829268292689,-2.6951219512195124,0.3658536585365848
40600206,1610612741,0,1610612765,2006-07,0.5975609756097561,5.024390243902439,98.78048780487805,93.76829268292683,15.085365853658537,0.38934146341463416,43.670731707317074,15.402439024390244,0.6463414634146342,4.170731707317073,96.0,91.84146341463415,15.914634146341463,0.3435853658536585,40.51219512195122,11.71951219512195,0.75,-0.04878048780487809,0.8536585365853657,2.7804878048780495,1.9268292682926784,-0.8292682926829258,0.04575609756097565,3.1585365853658516,3.6829268292682933
40600215,1610612739,0,1610612751,2006-07,0.6097560975609756,3.8048780487804876,96.7560975609756,92.92682926829268,17.121951219512194,0.34606097560975607,43.51219512195122,13.74390243902439,0.5,-0.7560975609756098,97.57317073170732,98.34146341463415,20.4390243902439,0.35232926829268296,40.81707317073171,14.109756097560975,0.6666666666666666,0.1097560975609756,4.560975609756097,-0.8170731707317174,-5.41463414634147,-3.3170731707317067,-0.00626829268292689,2.6951219512195124,-0.3658536585365848
40600235,1610612756,0,1610612759,2006-07,0.7439024390243902,7.317073170731708,110.20731707317073,102.90243902439025,23.963414634146343,0.40082926829268295,40.48780487804878,13.987804878048781,0.7073170731707317,8.426829268292684,98.52439024390245,90.09756097560975,19.036585365853657,0.37632926829268293,40.707317073170735,13.28048780487805,0.3333333333333333,0.03658536585365857,-1.1097560975609762,11.682926829268283,12.804878048780495,4.9268292682926855,0.024500000000000022,-0.21951219512195763,0.7073170731707314
40600225,1610612762,1,1610612744,2006-07,0.6219512195121951,2.8658536585365852,101.48780487804878,98.6219512195122,12.878048780487806,0.3329390243902439,42.51219512195122,15.073170731707316,0.5121951219512195,-0.34146341463414637,106.54878048780488,106.89024390243902,23.98780487804878,0.35182926829268296,41.41463414634146,15.682926829268293,0.5,0.1097560975609756,3.2073170731707314,-5.060975609756099,-8.268292682926827,-11.109756097560975,-0.01889024390243904,1.0975609756097597,-0.609756097560977
40600205,1610612765,0,1610612741,2006-07,0.6463414634146342,4.170731707317073,96.0,91.84146341463415,15.914634146341463,0.3435853658536585,40.51219512195122,11.71951219512195,0.5975609756097561,5.024390243902439,98.78048780487805,93.76829268292683,15.085365853658537,0.38934146341463416,43.670731707317074,15.402439024390244,0.25,0.04878048780487809,-0.8536585365853657,-2.7804878048780495,-1.9268292682926784,0.8292682926829258,-0.04575609756097565,-3.1585365853658516,-3.6829268292682933
40600214,1610612751,0,1610612739,2006-07,0.5,-0.7560975609756098,97.57317073170732,98.34146341463415,20.4390243902439,0.35232926829268296,40.81707317073171,14.109756097560975,0.6097560975609756,3.8048780487804876,96.7560975609756,92.92682926829268,17.121951219512194,0.34606097560975607,43.51219512195122,13.74390243902439,0.3333333333333333,-0.1097560975609756,-4.560975609756097,0.8170731707317174,5.41463414634147,3.3170731707317067,0.00626829268292689,-2.6951219512195124,0.3658536585365848
40600234,1610612759,0,1610612756,2006-07,0.7073170731707317,8.426829268292684,98.52439024390245,90.09756097560975,19.036585365853657,0.37632926829268293,40.707317073170735,13.28048780487805,0.7439024390243902,7.317073170731708,110.20731707317073,102.90243902439025,23.963414634146343,0.40082926829268295,40.48780487804878,13.987804878048781,0.6666666666666666,-0.03658536585365857,1.1097560975609762,-11.682926829268283,-12.804878048780495,-4.9268292682926855,-0.024500000000000022,0.21951219512195763,-0.7073170731707314
40600204,1610612741,1,1610612765,2006-07,0.5975609756097561,5.024390243902439,98.78048780487805,93.76829268292683,15.085365853658537,0.38934146341463416,43.670731707317074,15.402439024390244,0.6463414634146342,4.170731707317073,96.0,91.84146341463415,15.914634146341463,0.3435853658536585,40.51219512195122,11.71951219512195,0.75,-0.04878048780487809,0.8536585365853657,2.7804878048780495,1.9268292682926784,-0.8292682926829258,0.04575609756097565,3.1585365853658516,3.6829268292682933
40600224,1610612744,0,1610612762,2006-07,0.5121951219512195,-0.34146341463414637,106.54878048780488,106.89024390243902,23.98780487804878,0.35182926829268296,41.41463414634146,15.682926829268293,0.6219512195121951,2.8658536585365852,101.48780487804878,98.6219512195122,12.878048780487806,0.3329390243902439,42.51219512195122,15.073170731707316,0.5,-0.1097560975609756,-3.2073170731707314,5.060975609756099,8.268292682926827,11.109756097560975,0.01889024390243904,-1.0975609756097597,0.609756097560977
40600213,1610612751,1,1610612739,2006-07,0.5,-0.7560975609756098,97.57317073170732,98.34146341463415,20.4390243902439,0.35232926829268296,40.81707317073171,14.109756097560975,0.6097560975609756,3.8048780487804876,96.7560975609756,92.92682926829268,17.121951219512194,0.34606097560975607,43.51219512195122,13.74390243902439,0.3333333333333333,-0.1097560975609756,-4.560975609756097,0.8170731707317174,5.41463414634147,3.3170731707317067,0.00626829268292689,-2.6951219512195124,0.3658536585365848
40600233,1610612759,1,1610612756,2006-07,0.7073170731707317,8.426829268292684,98.52439024390245,90.09756097560975,19.036585365853657,0.37632926829268293,40.707317073170735,13.28048780487805,0.7439024390243902,7.317073170731708,110.20731707317073,102.90243902439025,23.963414634146343,0.40082926829268295,40.48780487804878,13.987804878048781,0.6666666666666666,-0.03658536585365857,1.1097560975609762,-11.682926829268283,-12.804878048780495,-4.9268292682926855,-0.024500000000000022,0.21951219512195763,-0.7073170731707314
40600223,1610612744,1,1610612762,2006-07,0.5121951219512195,-0.34146341463414637,106.54878048780488,106.89024390243902,23.98780487804878,0.35182926829268296,41.41463414634146,15.682926829268293,0.6219512195121951,2.8658536585365852,101.48780487804878,98.6219512195122,12.878048780487806,0.3329390243902439,42.51219512195122,15.073170731707316,0.5,-0.1097560975609756,-3.2073170731707314,5.060975609756099,8.268292682926827,11.109756097560975,0.01889024390243904,-1.0975609756097597,0.609756097560977
40600203,1610612741,0,1610612765,2006-07,0.5975609756097561,5.024390243902439,98.78048780487805,93.76829268292683,15.085365853658537,0.38934146341463416,43.670731707317074,15.402439024390244,0.6463414634146342,4.170731707317073,96.0,91.84146341463415,15.914634146341463,0.3435853658536585,40.51219512195122,11.71951219512195,0.75,-0.04878048780487809,0.8536585365853657,2.7804878048780495,1.9268292682926784,-0.8292682926829258,0.04575609756097565,3.1585365853658516,3.6829268292682933
40600222,1610612762,1,1610612744,2006-07,0.6219512195121951,2.8658536585365852,101.48780487804878,98.6219512195122,12.878048780487806,0.3329390243902439,42.51219512195122,15.073170731707316,0.5121951219512195,-0.34146341463414637,106.54878048780488,106.89024390243902,23.98780487804878,0.35182926829268296,41.41463414634146,15.682926829268293,0.5,0.1097560975609756,3.2073170731707314,-5.060975609756099,-8.268292682926827,-11.109756097560975,-0.01889024390243904,1.0975609756097597,-0.609756097560977
40600232,1610612756,1,1610612759,2006-07,0.7439024390243902,7.317073170731708,110.20731707317073,102.90243902439025,23.963414634146343,0.40082926829268295,40.48780487804878,13.987804878048781,0.7073170731707317,8.426829268292684,98.52439024390245,90.09756097560975,19.036585365853657,0.37632926829268293,40.707317073170735,13.28048780487805,0.3333333333333333,0.03658536585365857,-1.1097560975609762,11.682926829268283,12.804878048780495,4.9268292682926855,0.024500000000000022,-0.21951219512195763,0.7073170731707314
40600212,1610612739,1,1610612751,2006-07,0.6097560975609756,3.8048780487804876,96.7560975609756,92.92682926829268,17.121951219512194,0.34606097560975607,43.51219512195122,13.74390243902439,0.5,-0.7560975609756098,97.57317073170732,98.34146341463415,20.4390243902439,0.35232926829268296,40.81707317073171,14.109756097560975,0.6666666666666666,0.1097560975609756,4.560975609756097,-0.8170731707317174,-5.41463414634147,-3.3170731707317067,-0.00626829268292689,2.6951219512195124,-0.3658536585365848
40600202,1610612765,1,1610612741,2006-07,0.6463414634146342,4.170731707317073,96.0,91.84146341463415,15.914634146341463,0.3435853658536585,40.51219512195122,11.71951219512195,0.5975609756097561,5.024390243902439,98.78048780487805,93.76829268292683,15.085365853658537,0.38934146341463416,43.670731707317074,15.402439024390244,0.25,0.04878048780487809,-0.8536585365853657,-2.7804878048780495,-1.9268292682926784,0.8292682926829258,-0.04575609756097565,-3.1585365853658516,-3.6829268292682933
40600221,1610612762,1,1610612744,2006-07,0.6219512195121951,2.8658536585365852,101.48780487804878,98.6219512195122,12.878048780487806,0.3329390243902439,42.51219512195122,15.073170731707316,0.5121951219512195,-0.34146341463414637,106.54878048780488,106.89024390243902,23.98780487804878,0.35182926829268296,41.41463414634146,15.682926829268293,0.5,0.1097560975609756,3.2073170731707314,-5.060975609756099,-8.268292682926827,-11.109756097560975,-0.01889024390243904,1.0975609756097597,-0.609756097560977
40600231,1610612756,0,1610612759,2006-07,0.7439024390243902,7.317073170731708,110.20731707317073,102.90243902439025,23.963414634146343,0.40082926829268295,40.48780487804878,13.987804878048781,0.7073170731707317,8.426829268292684,98.52439024390245,90.09756097560975,19.036585365853657,0.37632926829268293,40.707317073170735,13.28048780487805,0.3333333333333333,0.03658536585365857,-1.1097560975609762,11.682926829268283,12.804878048780495,4.9268292682926855,0.024500000000000022,-0.21951219512195763,0.7073170731707314
40600211,1610612739,1,1610612751,2006-07,0.6097560975609756,3.8048780487804876,96.7560975609756,92.92682926829268,17.121951219512194,0.34606097560975607,43.51219512195122,13.74390243902439,0.5,-0.7560975609756098,97.57317073170732,98.34146341463415,20.4390243902439,0.35232926829268296,40.81707317073171,14.109756097560975,0.6666666666666666,0.1097560975609756,4.560975609756097,-0.8170731707317174,-5.41463414634147,-3.3170731707317067,-0.00626829268292689,2.6951219512195124,-0.3658536585365848
40600201,1610612765,1,1610612741,2006-07,0.6463414634146342,4.170731707317073,96.0,91.84146341463415,15.914634146341463,0.3435853658536585,40.51219512195122,11.71951219512195,0.5975609756097561,5.024390243902439,98.78048780487805,93.76829268292683,15.085365853658537,0.38934146341463416,43.670731707317074,15.402439024390244,0.25,0.04878048780487809,-0.8536585365853657,-2.7804878048780495,-1.9268292682926784,0.8292682926829258,-0.04575609756097565,-3.1585365853658516,-3.6829268292682933
40600177,1610612745,0,1610612762,2006-07,0.6341463414634146,4.853658536585366,96.98780487804878,92.13414634146342,23.085365853658537,0.37017073170731707,43.329268292682926,13.597560975609756,0.6219512195121951,2.8658536585365852,101.48780487804878,98.6219512195122,12.878048780487806,0.3329390243902439,42.51219512195122,15.073170731707316,0.25,0.012195121951219523,1.9878048780487805,-4.5,-6.487804878048777,10.207317073170731,0.03723170731707315,0.8170731707317032,-1.47560975609756
40600126,1610612751,1,1610612761,2006-07,0.5,-0.7560975609756098,97.57317073170732,98.34146341463415,20.4390243902439,0.35232926829268296,40.81707317073171,14.109756097560975,0.573170731707317,0.9878048780487805,99.47560975609755,98.48780487804878,17.853658536585368,0.3565609756097561,39.451219512195124,12.926829268292684,0.5,-0.07317073170731703,-1.7439024390243902,-1.9024390243902332,-0.14634146341462895,2.5853658536585336,-0.004231707317073119,1.3658536585365866,1.1829268292682915
40600146,1610612744,1,1610612742,2006-07,0.5121951219512195,-0.34146341463414637,106.54878048780488,106.89024390243902,23.98780487804878,0.35182926829268296,41.41463414634146,15.682926829268293,0.8170731707317073,7.2317073170731705,100.01219512195122,92.79268292682927,17.121951219512194,0.38182926829268293,41.890243902439025,13.109756097560975,1.0,-0.30487804878048774,-7.573170731707317,6.536585365853654,14.097560975609753,6.865853658536587,-0.02999999999999997,-0.47560975609756184,2.573170731707318
40600176,1610612762,1,1610612745,2006-07,0.6219512195121951,2.8658536585365852,101.48780487804878,98.6219512195122,12.878048780487806,0.3329390243902439,42.51219512195122,15.073170731707316,0.6341463414634146,4.853658536585366,96.98780487804878,92.13414634146342,23.085365853658537,0.37017073170731707,43.329268292682926,13.597560975609756,0.75,-0.012195121951219523,-1.9878048780487805,4.5,6.487804878048777,-10.207317073170731,-0.03723170731707315,-0.8170731707317032,1.47560975609756
40600155,1610612756,1,1610612747,2006-07,0.7439024390243902,7.317073170731708,110.20731707317073,102.90243902439025,23.963414634146343,0.40082926829268295,40.48780487804878,13.987804878048781,0.5121951219512195,-0.06097560975609756,103.34146341463415,103.41463414634147,21.024390243902438,0.3478780487804878,41.23170731707317,15.036585365853659,0.75,0.23170731707317072,7.378048780487805,6.8658536585365795,-0.5121951219512226,2.9390243902439046,0.05295121951219517,-0.7439024390243958,-1.048780487804878
40600165,1610612759,1,1610612743,2006-07,0.7073170731707317,8.426829268292684,98.52439024390245,90.09756097560975,19.036585365853657,0.37632926829268293,40.707317073170735,13.28048780487805,0.5487804878048781,1.6097560975609757,105.35365853658537,103.73170731707317,17.5609756097561,0.33280487804878045,43.40243902439025,16.121951219512194,0.6666666666666666,0.15853658536585358,6.8170731707317085,-6.829268292682926,-13.63414634146342,1.4756097560975583,0.04352439024390248,-2.6951219512195124,-2.841463414634145
40600145,1610612742,1,1610612744,2006-07,0.8170731707317073,7.2317073170731705,100.01219512195122,92.79268292682927,17.121951219512194,0.38182926829268293,41.890243902439025,13.109756097560975,0.5121951219512195,-0.34146341463414637,106.54878048780488,106.89024390243902,23.98780487804878,0.35182926829268296,41.41463414634146,15.682926829268293,0.0,0.30487804878048774,7.573170731707317,-6.536585365853654,-14.097560975609753,-6.865853658536587,0.02999999999999997,0.47560975609756184,-2.573170731707318
40600125,1610612761,1,1610612751,2006-07,0.573170731707317,0.9878048780487805,99.47560975609755,98.48780487804878,17.853658536585368,0.3565609756097561,39.451219512195124,12.926829268292684,0.5,-0.7560975609756098,97.57317073170732,98.34146341463415,20.4390243902439,0.35232926829268296,40.81707317073171,14.109756097560975,0.5,0.07317073170731703,1.7439024390243902,1.9024390243902332,0.14634146341462895,-2.5853658536585336,0.004231707317073119,-1.3658536585365866,-1.1829268292682915
40600114,1610612764,0,1610612739,2006-07,0.5,-0.5121951219512195,104.34146341463415,104.85365853658537,19.682926829268293,0.34568292682926827,41.18292682926829,13.231707317073171,0.6097560975609756,3.8048780487804876,96.7560975609756,92.92682926829268,17.121951219512194,0.34606097560975607,43.51219512195122,13.74390243902439,0.3333333333333333,-0.1097560975609756,-4.317073170731707,7.585365853658544,11.926829268292693,2.560975609756099,-0.0003780487804878052,-2.329268292682933,-0.5121951219512191
40600175,1610612745,1,1610612762,2006-07,0.6341463414634146,4.853658536585366,96.98780487804878,92.13414634146342,23.085365853658537,0.37017073170731707,43.329268292682926,13.597560975609756,0.6219512195121951,2.8658536585365852,101.48780487804878,98.6219512195122,12.878048780487806,0.3329390243902439,42.51219512195122,15.073170731707316,0.25,0.012195121951219523,1.9878048780487805,-4.5,-6.487804878048777,10.207317073170731,0.03723170731707315,0.8170731707317032,-1.47560975609756
40600164,1610612743,0,1610612759,2006-07,0.5487804878048781,1.6097560975609757,105.35365853658537,103.73170731707317,17.5609756097561,0.33280487804878045,43.40243902439025,16.121951219512194,0.7073170731707317,8.426829268292684,98.52439024390245,90.09756097560975,19.036585365853657,0.37632926829268293,40.707317073170735,13.28048780487805,0.3333333333333333,-0.15853658536585358,-6.8170731707317085,6.829268292682926,13.63414634146342,-1.4756097560975583,-0.04352439024390248,2.6951219512195124,2.841463414634145
40600134,1610612748,0,1610612741,2006-07,0.5365853658536586,-0.926829268292683,94.6219512195122,95.53658536585365,18.76829268292683,0.3430853658536585,40.76829268292683,13.926829268292684,0.5975609756097561,5.024390243902439,98.78048780487805,93.76829268292683,15.085365853658537,0.38934146341463416,43.670731707317074,15.402439024390244,0.25,-0.060975609756097504,-5.951219512195122,-4.158536585365852,1.7682926829268268,3.6829268292682933,-0.04625609756097565,-2.9024390243902474,-1.47560975609756
40600124,1610612751,1,1610612761,2006-07,0.5,-0.7560975609756098,97.57317073170732,98.34146341463415,20.4390243902439,0.35232926829268296,40.81707317073171,14.109756097560975,0.573170731707317,0.9878048780487805,99.47560975609755,98.48780487804878,17.853658536585368,0.3565609756097561,39.451219512195124,12.926829268292684,0.5,-0.07317073170731703,-1.7439024390243902,-1.9024390243902332,-0.14634146341462895,2.5853658536585336,-0.004231707317073119,1.3658536585365866,1.1829268292682915
40600154,1610612747,0,1610612756,2006-07,0.5121951219512195,-0.06097560975609756,103.34146341463415,103.41463414634147,21.024390243902438,0.3478780487804878,41.23170731707317,15.036585365853659,0.7439024390243902,7.317073170731708,110.20731707317073,102.90243902439025,23.963414634146343,0.40082926829268295,40.48780487804878,13.987804878048781,0.25,-0.23170731707317072,-7.378048780487805,-6.8658536585365795,0.5121951219512226,-2.9390243902439046,-0.05295121951219517,0.7439024390243958,1.048780487804878
40600144,1610612744,1,1610612742,2006-07,0.5121951219512195,-0.34146341463414637,106.54878048780488,106.89024390243902,23.98780487804878,0.35182926829268296,41.41463414634146,15.682926829268293,0.8170731707317073,7.2317073170731705,100.01219512195122,92.79268292682927,17.121951219512194,0.38182926829268293,41.890243902439025,13.109756097560975,1.0,-0.30487804878048774,-7.573170731707317,6.536585365853654,14.097560975609753,6.865853658536587,-0.02999999999999997,-0.47560975609756184,2.573170731707318
40600104,1610612753,0,1610612765,2006-07,0.4878048780487805,0.7804878048780488,94.76829268292683,93.98780487804878,11.731707317073171,0.3458414634146342,40.707317073170735,16.26829268292683,0.6463414634146342,4.170731707317073,96.0,91.84146341463415,15.914634146341463,0.3435853658536585,40.51219512195122,11.71951219512195,0.0,-0.1585365853658537,-3.3902439024390247,-1.2317073170731732,2.146341463414629,-4.1829268292682915,0.0022560975609756673,0.19512195121951237,4.54878048780488
40600113,1610612764,0,1610612739,2006-07,0.5,-0.5121951219512195,104.34146341463415,104.85365853658537,19.682926829268293,0.34568292682926827,41.18292682926829,13.231707317073171,0.6097560975609756,3.8048780487804876,96.7560975609756,92.92682926829268,17.121951219512194,0.34606097560975607,43.51219512195122,13.74390243902439,0.3333333333333333,-0.1097560975609756,-4.317073170731707,7.585365853658544,11.926829268292693,2.560975609756099,-0.0003780487804878052,-2.329268292682933,-0.5121951219512191
40600163,1610612743,0,1610612759,2006-07,0.5487804878048781,1.6097560975609757,105.35365853658537,103.73170731707317,17.5609756097561,0.33280487804878045,43.40243902439025,16.121951219512194,0.7073170731707317,8.426829268292684,98.52439024390245,90.09756097560975,19.036585365853657,0.37632926829268293,40.707317073170735,13.28048780487805,0.3333333333333333,-0.15853658536585358,-6.8170731707317085,6.829268292682926,13.63414634146342,-1.4756097560975583,-0.04352439024390248,2.6951219512195124,2.841463414634145
40600174,1610612762,1,1610612745,2006-07,0.6219512195121951,2.8658536585365852,101.48780487804878,98.6219512195122,12.878048780487806,0.3329390243902439,42.51219512195122,15.073170731707316,0.6341463414634146,4.853658536585366,96.98780487804878,92.13414634146342,23.085365853658537,0.37017073170731707,43.329268292682926,13.597560975609756,0.75,-0.012195121951219523,-1.9878048780487805,4.5,6.487804878048777,-10.207317073170731,-0.03723170731707315,-0.8170731707317032,1.47560975609756
40600133,1610612748,0,1610612741,2006-07,0.5365853658536586,-0.926829268292683,94.6219512195122,95.53658536585365,18.76829268292683,0.3430853658536585,40.76829268292683,13.926829268292684,0.5975609756097561,5.024390243902439,98.78048780487805,93.76829268292683,15.085365853658537,0.38934146341463416,43.670731707317074,15.402439024390244,0.25,-0.060975609756097504,-5.951219512195122,-4.158536585365852,1.7682926829268268,3.6829268292682933,-0.04625609756097565,-2.9024390243902474,-1.47560975609756
40600123,1610612751,1,1610612761,2006-07,0.5,-0.7560975609756098,97.57317073170732,98.34146341463415,20.4390243902439,0.35232926829268296,40.81707317073171,14.109756097560975,0.573170731707317,0.9878048780487805,99.47560975609755,98.48780487804878,17.853658536585368,0.3565609756097561,39.451219512195124,12.926829268292684,0.5,-0.07317073170731703,-1.7439024390243902,-1.9024390243902332,-0.14634146341462895,2.5853658536585336,-0.004231707317073119,1.3658536585365866,1.1829268292682915
40600143,1610612744,1,1610612742,2006-07,0.5121951219512195,-0.34146341463414637,106.54878048780488,106.89024390243902,23.98780487804878,0.35182926829268296,41.41463414634146,15.682926829268293,0.8170731707317073,7.2317073170731705,100.01219512195122,92.79268292682927,17.121951219512194,0.38182926829268293,41.890243902439025,13.109756097560975,1.0,-0.30487804878048774,-7.573170731707317,6.536585365853654,14.097560975609753,6.865853658536587,-0.02999999999999997,-0.47560975609756184,2.573170731707318
40600103,1610612753,0,1610612765,2006-07,0.4878048780487805,0.7804878048780488,94.76829268292683,93.98780487804878,11.731707317073171,0.3458414634146342,40.707317073170735,16.26829268292683,0.6463414634146342,4.170731707317073,96.0,91.84146341463415,15.914634146341463,0.3435853658536585,40.51219512195122,11.71951219512195,0.0,-0.1585365853658537,-3.3902439024390247,-1.2317073170731732,2.146341463414629,-4.1829268292682915,0.0022560975609756673,0.19512195121951237,4.54878048780488
40600153,1610612747,1,1610612756,2006-07,0.5121951219512195,-0.06097560975609756,103.34146341463415,103.41463414634147,21.024390243902438,0.3478780487804878,41.23170731707317,15.036585365853659,0.7439024390243902,7.317073170731708,110.20731707317073,102.90243902439025,23.963414634146343,0.40082926829268295,40.48780487804878,13.987804878048781,0.25,-0.23170731707317072,-7.378048780487805,-6.8658536585365795,0.5121951219512226,-2.9390243902439046,-0.05295121951219517,0.7439024390243958,1.048780487804878
40600173,1610612762,1,1610612745,2006-07,0.6219512195121951,2.8658536585365852,101.48780487804878,98.6219512195122,12.878048780487806,0.3329390243902439,42.51219512195122,15.073170731707316,0.6341463414634146,4.853658536585366,96.98780487804878,92.13414634146342,23.085365853658537,0.37017073170731707,43.329268292682926,13.597560975609756,0.75,-0.012195121951219523,-1.9878048780487805,4.5,6.487804878048777,-10.207317073170731,-0.03723170731707315,-0.8170731707317032,1.47560975609756
40600162,1610612759,1,1610612743,2006-07,0.7073170731707317,8.426829268292684,98.52439024390245,90.09756097560975,19.036585365853657,0.37632926829268293,40.707317073170735,13.28048780487805,0.5487804878048781,1.6097560975609757,105.35365853658537,103.73170731707317,17.5609756097561,0.33280487804878045,43.40243902439025,16.121951219512194,0.6666666666666666,0.15853658536585358,6.8170731707317085,-6.829268292682926,-13.63414634146342,1.4756097560975583,0.04352439024390248,-2.6951219512195124,-2.841463414634145
40600112,1610612739,1,1610612764,2006-07,0.6097560975609756,3.8048780487804876,96.7560975609756,92.92682926829268,17.121951219512194,0.34606097560975607,43.51219512195122,13.74390243902439,0.5,-0.5121951219512195,104.34146341463415,104.85365853658537,19.682926829268293,0.34568292682926827,41.18292682926829,13.231707317073171,0.6666666666666666,0.1097560975609756,4.317073170731707,-7.585365853658544,-11.926829268292693,-2.560975609756099,0.0003780487804878052,2.329268292682933,0.5121951219512191
40600142,1610612742,1,1610612744,2006-07,0.8170731707317073,7.2317073170731705,100.01219512195122,92.79268292682927,17.121951219512194,0.38182926829268293,41.890243902439025,13.109756097560975,0.5121951219512195,-0.34146341463414637,106.54878048780488,106.89024390243902,23.98780487804878,0.35182926829268296,41.41463414634146,15.682926829268293,0.0,0.30487804878048774,7.573170731707317,-6.536585365853654,-14.097560975609753,-6.865853658536587,0.02999999999999997,0.47560975609756184,-2.573170731707318
40600132,1610612741,1,1610612748,2006-07,0.5975609756097561,5.024390243902439,98.78048780487805,93.76829268292683,15.085365853658537,0.38934146341463416,43.670731707317074,15.402439024390244,0.5365853658536586,-0.926829268292683,94.6219512195122,95.53658536585365,18.76829268292683,0.3430853658536585,40.76829268292683,13.926829268292684,0.75,0.060975609756097504,5.951219512195122,4.158536585365852,-1.7682926829268268,-3.6829268292682933,0.04625609756097565,2.9024390243902474,1.47560975609756
40600122,1610612761,1,1610612751,2006-07,0.573170731707317,0.9878048780487805,99.47560975609755,98.48780487804878,17.853658536585368,0.3565609756097561,39.451219512195124,12.926829268292684,0.5,-0.7560975609756098,97.57317073170732,98.34146341463415,20.4390243902439,0.35232926829268296,40.81707317073171,14.109756097560975,0.5,0.07317073170731703,1.7439024390243902,1.9024390243902332,0.14634146341462895,-2.5853658536585336,0.004231707317073119,-1.3658536585365866,-1.1829268292682915
40600152,1610612756,1,1610612747,2006-07,0.7439024390243902,7.317073170731708,110.20731707317073,102.90243902439025,23.963414634146343,0.40082926829268295,40.48780487804878,13.987804878048781,0.5121951219512195,-0.06097560975609756,103.34146341463415,103.41463414634147,21.024390243902438,0.3478780487804878,41.23170731707317,15.036585365853659,0.75,0.23170731707317072,7.378048780487805,6.8658536585365795,-0.5121951219512226,2.9390243902439046,0.05295121951219517,-0.7439024390243958,-1.048780487804878
40600172,1610612745,1,1610612762,2006-07,0.6341463414634146,4.853658536585366,96.98780487804878,92.13414634146342,23.085365853658537,0.37017073170731707,43.329268292682926,13.597560975609756,0.6219512195121951,2.8658536585365852,101.48780487804878,98.6219512195122,12.878048780487806,0.3329390243902439,42.51219512195122,15.073170731707316,0.25,0.012195121951219523,1.9878048780487805,-4.5,-6.487804878048777,10.207317073170731,0.03723170731707315,0.8170731707317032,-1.47560975609756
40600102,1610612765,1,1610612753,2006-07,0.6463414634146342,4.170731707317073,96.0,91.84146341463415,15.914634146341463,0.3435853658536585,40.51219512195122,11.71951219512195,0.4878048780487805,0.7804878048780488,94.76829268292683,93.98780487804878,11.731707317073171,0.3458414634146342,40.707317073170735,16.26829268292683,1.0,0.1585365853658537,3.3902439024390247,1.2317073170731732,-2.146341463414629,4.1829268292682915,-0.0022560975609756673,-0.19512195121951237,-4.54878048780488
40600141,1610612742,0,1610612744,2006-07,0.8170731707317073,7.2317073170731705,100.01219512195122,92.79268292682927,17.121951219512194,0.38182926829268293,41.890243902439025,13.109756097560975,0.5121951219512195,-0.34146341463414637,106.54878048780488,106.89024390243902,23.98780487804878,0.35182926829268296,41.41463414634146,15.682926829268293,0.0,0.30487804878048774,7.573170731707317,-6.536585365853654,-14.097560975609753,-6.865853658536587,0.02999999999999997,0.47560975609756184,-2.573170731707318
40600111,1610612739,1,1610612764,2006-07,0.6097560975609756,3.8048780487804876,96.7560975609756,92.92682926829268,17.121951219512194,0.34606097560975607,43.51219512195122,13.74390243902439,0.5,-0.5121951219512195,104.34146341463415,104.85365853658537,19.682926829268293,0.34568292682926827,41.18292682926829,13.231707317073171,0.6666666666666666,0.1097560975609756,4.317073170731707,-7.585365853658544,-11.926829268292693,-2.560975609756099,0.0003780487804878052,2.329268292682933,0.5121951219512191
40600151,1610612756,1,1610612747,2006-07,0.7439024390243902,7.317073170731708,110.20731707317073,102.90243902439025,23.963414634146343,0.40082926829268295,40.48780487804878,13.987804878048781,0.5121951219512195,-0.06097560975609756,103.34146341463415,103.41463414634147,21.024390243902438,0.3478780487804878,41.23170731707317,15.036585365853659,0.75,0.23170731707317072,7.378048780487805,6.8658536585365795,-0.5121951219512226,2.9390243902439046,0.05295121951219517,-0.7439024390243958,-1.048780487804878
40600161,1610612759,0,1610612743,2006-07,0.7073170731707317,8.426829268292684,98.52439024390245,90.09756097560975,19.036585365853657,0.37632926829268293,40.707317073170735,13.28048780487805,0.5487804878048781,1.6097560975609757,105.35365853658537,103.73170731707317,17.5609756097561,0.33280487804878045,43.40243902439025,16.121951219512194,0.6666666666666666,0.15853658536585358,6.8170731707317085,-6.829268292682926,-13.63414634146342,1.4756097560975583,0.04352439024390248,-2.6951219512195124,-2.841463414634145
40600101,1610612765,1,1610612753,2006-07,0.6463414634146342,4.170731707317073,96.0,91.84146341463415,15.914634146341463,0.3435853658536585,40.51219512195122,11.71951219512195,0.4878048780487805,0.7804878048780488,94.76829268292683,93.98780487804878,11.731707317073171,0.3458414634146342,40.707317073170735,16.26829268292683,1.0,0.1585365853658537,3.3902439024390247,1.2317073170731732,-2.146341463414629,4.1829268292682915,-0.0022560975609756673,-0.19512195121951237,-4.54878048780488
40600121,1610612761,0,1610612751,2006-07,0.573170731707317,0.9878048780487805,99.47560975609755,98.48780487804878,17.853658536585368,0.3565609756097561,39.451219512195124,12.926829268292684,0.5,-0.7560975609756098,97.57317073170732,98.34146341463415,20.4390243902439,0.35232926829268296,40.81707317073171,14.109756097560975,0.5,0.07317073170731703,1.7439024390243902,1.9024390243902332,0.14634146341462895,-2.5853658536585336,0.004231707317073119,-1.3658536585365866,-1.1829268292682915
40600171,1610612745,1,1610612762,2006-07,0.6341463414634146,4.853658536585366,96.98780487804878,92.13414634146342,23.085365853658537,0.37017073170731707,43.329268292682926,13.597560975609756,0.6219512195121951,2.8658536585365852,101.48780487804878,98.6219512195122,12.878048780487806,0.3329390243902439,42.51219512195122,15.073170731707316,0.25,0.012195121951219523,1.9878048780487805,-4.5,-6.487804878048777,10.207317073170731,0.03723170731707315,0.8170731707317032,-1.47560975609756
40600131,1610612741,1,1610612748,2006-07,0.5975609756097561,5.024390243902439,98.78048780487805,93.76829268292683,15.085365853658537,0.38934146341463416,43.670731707317074,15.402439024390244,0.5365853658536586,-0.926829268292683,94.6219512195122,95.53658536585365,18.76829268292683,0.3430853658536585,40.76829268292683,13.926829268292684,0.75,0.060975609756097504,5.951219512195122,4.158536585365852,-1.7682926829268268,-3.6829268292682933,0.04625609756097565,2.9024390243902474,1.47560975609756
40700406,1610612738,1,1610612747,2007-08,0.8048780487804879,10.25609756097561,100.54878048780488,90.29268292682927,19.073170731707318,0.37676829268292683,42.01219512195122,14.402439024390244,0.6951219512195121,7.2560975609756095,108.58536585365853,101.32926829268293,21.353658536585368,0.3805731707317073,44.146341463414636,13.634146341463415,1.0,0.10975609756097571,3.0,-8.036585365853654,-11.036585365853654,-2.2804878048780495,-0.003804878048780491,-2.1341463414634134,0.7682926829268286
40700405,1610612747,1,1610612738,2007-08,0.6951219512195121,7.2560975609756095,108.58536585365853,101.32926829268293,21.353658536585368,0.3805731707317073,44.146341463414636,13.634146341463415,0.8048780487804879,10.25609756097561,100.54878048780488,90.29268292682927,19.073170731707318,0.37676829268292683,42.01219512195122,14.402439024390244,0.0,-0.10975609756097571,-3.0,8.036585365853654,11.036585365853654,2.2804878048780495,0.003804878048780491,2.1341463414634134,-0.7682926829268286
40700404,1610612747,0,1610612738,2007-08,0.6951219512195121,7.2560975609756095,108.58536585365853,101.32926829268293,21.353658536585368,0.3805731707317073,44.146341463414636,13.634146341463415,0.8048780487804879,10.25609756097561,100.54878048780488,90.29268292682927,19.073170731707318,0.37676829268292683,42.01219512195122,14.402439024390244,0.0,-0.10975609756097571,-3.0,8.036585365853654,11.036585365853654,2.2804878048780495,0.003804878048780491,2.1341463414634134,-0.7682926829268286
40700403,1610612747,1,1610612738,2007-08,0.6951219512195121,7.2560975609756095,108.58536585365853,101.32926829268293,21.353658536585368,0.3805731707317073,44.146341463414636,13.634146341463415,0.8048780487804879,10.25609756097561,100.54878048780488,90.29268292682927,19.073170731707318,0.37676829268292683,42.01219512195122,14.402439024390244,0.0,-0.10975609756097571,-3.0,8.036585365853654,11.036585365853654,2.2804878048780495,0.003804878048780491,2.1341463414634134,-0.7682926829268286
40700402,1610612738,1,1610612747,2007-08,0.8048780487804879,10.25609756097561,100.54878048780488,90.29268292682927,19.073170731707318,0.37676829268292683,42.01219512195122,14.402439024390244,0.6951219512195121,7.2560975609756095,108.58536585365853,101.32926829268293,21.353658536585368,0.3805731707317073,44.146341463414636,13.634146341463415,1.0,0.10975609756097571,3.0,-8.036585365853654,-11.036585365853654,-2.2804878048780495,-0.003804878048780491,-2.1341463414634134,0.7682926829268286
40700401,1610612738,1,1610612747,2007-08,0.8048780487804879,10.25609756097561,100.54878048780488,90.29268292682927,19.073170731707318,0.37676829268292683,42.01219512195122,14.402439024390244,0.6951219512195121,7.2560975609756095,108.58536585365853,101.32926829268293,21.353658536585368,0.3805731707317073,44.146341463414636,13.634146341463415,1.0,0.10975609756097571,3.0,-8.036585365853654,-11.036585365853654,-2.2804878048780495,-0.003804878048780491,-2.1341463414634134,0.7682926829268286
40700306,1610612765,0,1610612738,2007-08,0.7195121951219512,7.341463414634147,97.46341463414635,90.07317073170732,16.21951219512195,0.36640243902439024,41.426829268292686,11.097560975609756,0.8048780487804879,10.25609756097561,100.54878048780488,90.29268292682927,19.073170731707318,0.37676829268292683,42.01219512195122,14.402439024390244,0.3333333333333333,-0.08536585365853666,-2.914634146341463,-3.08536585365853,-0.21951219512195053,-2.8536585365853675,-0.010365853658536595,-0.5853658536585371,-3.3048780487804876
40700315,1610612747,1,1610612759,2007-08,0.6951219512195121,7.2560975609756095,108.58536585365853,101.32926829268293,21.353658536585368,0.3805731707317073,44.146341463414636,13.634146341463415,0.6829268292682927,4.7926829268292686,95.36585365853658,90.57317073170732,19.634146341463413,0.36891463414634146,41.25609756097561,11.963414634146341,0.5,0.012195121951219412,2.463414634146341,13.21951219512195,10.756097560975604,1.719512195121954,0.011658536585365864,2.8902439024390247,1.6707317073170742
40700305,1610612738,1,1610612765,2007-08,0.8048780487804879,10.25609756097561,100.54878048780488,90.29268292682927,19.073170731707318,0.37676829268292683,42.01219512195122,14.402439024390244,0.7195121951219512,7.341463414634147,97.46341463414635,90.07317073170732,16.21951219512195,0.36640243902439024,41.426829268292686,11.097560975609756,0.6666666666666666,0.08536585365853666,2.914634146341463,3.08536585365853,0.21951219512195053,2.8536585365853675,0.010365853658536595,0.5853658536585371,3.3048780487804876
40700314,1610612759,0,1610612747,2007-08,0.6829268292682927,4.7926829268292686,95.36585365853658,90.57317073170732,19.634146341463413,0.36891463414634146,41.25609756097561,11.963414634146341,0.6951219512195121,7.2560975609756095,108.58536585365853,101.32926829268293,21.353658536585368,0.3805731707317073,44.146341463414636,13.634146341463415,0.5,-0.012195121951219412,-2.463414634146341,-13.21951219512195,-10.756097560975604,-1.719512195121954,-0.011658536585365864,-2.8902439024390247,-1.6707317073170742
40700304,1610612765,1,1610612738,2007-08,0.7195121951219512,7.341463414634147,97.46341463414635,90.07317073170732,16.21951219512195,0.36640243902439024,41.426829268292686,11.097560975609756,0.8048780487804879,10.25609756097561,100.54878048780488,90.29268292682927,19.073170731707318,0.37676829268292683,42.01219512195122,14.402439024390244,0.3333333333333333,-0.08536585365853666,-2.914634146341463,-3.08536585365853,-0.21951219512195053,-2.8536585365853675,-0.010365853658536595,-0.5853658536585371,-3.3048780487804876
40700313,1610612759,1,1610612747,2007-08,0.6829268292682927,4.7926829268292686,95.36585365853658,90.57317073170732,19.634146341463413,0.36891463414634146,41.25609756097561,11.963414634146341,0.6951219512195121,7.2560975609756095,108.58536585365853,101.32926829268293,21.353658536585368,0.3805731707317073,44.146341463414636,13.634146341463415,0.5,-0.012195121951219412,-2.463414634146341,-13.21951219512195,-10.756097560975604,-1.719512195121954,-0.011658536585365864,-2.8902439024390247,-1.6707317073170742
40700303,1610612765,0,1610612738,2007-08,0.7195121951219512,7.341463414634147,97.46341463414635,90.07317073170732,16.21951219512195,0.36640243902439024,41.426829268292686,11.097560975609756,0.8048780487804879,10.25609756097561,100.54878048780488,90.29268292682927,19.073170731707318,0.37676829268292683,42.01219512195122,14.402439024390244,0.3333333333333333,-0.08536585365853666,-2.914634146341463,-3.08536585365853,-0.21951219512195053,-2.8536585365853675,-0.010365853658536595,-0.5853658536585371,-3.3048780487804876
40700312,1610612747,1,1610612759,2007-08,0.6951219512195121,7.2560975609756095,108.58536585365853,101.32926829268293,21.353658536585368,0.3805731707317073,44.146341463414636,13.634146341463415,0.6829268292682927,4.7926829268292686,95.36585365853658,90.57317073170732,19.634146341463413,0.36891463414634146,41.25609756097561,11.963414634146341,0.5,0.012195121951219412,2.463414634146341,13.21951219512195,10.756097560975604,1.719512195121954,0.011658536585365864,2.8902439024390247,1.6707317073170742
40700302,1610612738,0,1610612765,2007-08,0.8048780487804879,10.25609756097561,100.54878048780488,90.29268292682927,19.073170731707318,0.37676829268292683,42.01219512195122,14.402439024390244,0.7195121951219512,7.341463414634147,97.46341463414635,90.07317073170732,16.21951219512195,0.36640243902439024,41.426829268292686,11.097560975609756,0.6666666666666666,0.08536585365853666,2.914634146341463,3.08536585365853,0.21951219512195053,2.8536585365853675,0.010365853658536595,0.5853658536585371,3.3048780487804876
40700311,1610612747,1,1610612759,2007-08,0.6951219512195121,7.2560975609756095,108.58536585365853,101.32926829268293,21.353658536585368,0.3805731707317073,44.146341463414636,13.634146341463415,0.6829268292682927,4.7926829268292686,95.36585365853658,90.57317073170732,19.634146341463413,0.36891463414634146,41.25609756097561,11.963414634146341,0.5,0.012195121951219412,2.463414634146341,13.21951219512195,10.756097560975604,1.719512195121954,0.011658536585365864,2.8902439024390247,1.6707317073170742
40700301,1610612738,1,1610612765,2007-08,0.8048780487804879,10.25609756097561,100.54878048780488,90.29268292682927,19.073170731707318,0.37676829268292683,42.01219512195122,14.402439024390244,0.7195121951219512,7.341463414634147,97.46341463414635,90.07317073170732,16.21951219512195,0.36640243902439024,41.426829268292686,11.097560975609756,0.6666666666666666,0.08536585365853666,2.914634146341463,3.08536585365853,0.21951219512195053,2.8536585365853675,0.010365853658536595,0.5853658536585371,3.3048780487804876
40700237,1610612740,0,1610612759,2007-08,0.6829268292682927,5.280487804878049,100.85365853658537,95.57317073170732,19.76829268292683,0.3823780487804878,41.84146341463415,11.292682926829269,0.6829268292682927,4.7926829268292686,95.36585365853658,90.57317073170732,19.634146341463413,0.36891463414634146,41.25609756097561,11.963414634146341,0.5,0.0,0.48780487804878003,5.487804878048792,5.0,0.13414634146341697,0.013463414634146353,0.5853658536585371,-0.6707317073170724
40700207,1610612738,1,1610612739,2007-08,0.8048780487804879,10.25609756097561,100.54878048780488,90.29268292682927,19.073170731707318,0.37676829268292683,42.01219512195122,14.402439024390244,0.5487804878048781,-0.35365853658536583,96.3780487804878,96.73170731707317,18.829268292682926,0.3468658536585366,44.573170731707314,13.182926829268293,0.5,0.25609756097560976,10.609756097560975,4.170731707317074,-6.439024390243901,0.24390243902439224,0.029902439024390215,-2.560975609756092,1.2195121951219505
40700226,1610612762,0,1610612747,2007-08,0.6585365853658537,6.878048780487805,106.21951219512195,99.34146341463415,13.353658536585366,0.36629268292682926,40.8780487804878,14.25609756097561,0.6951219512195121,7.2560975609756095,108.58536585365853,101.32926829268293,21.353658536585368,0.3805731707317073,44.146341463414636,13.634146341463415,0.25,-0.03658536585365846,-0.37804878048780477,-2.3658536585365795,-1.9878048780487774,-8.000000000000002,-0.014280487804878061,-3.268292682926834,0.6219512195121943
40700206,1610612739,1,1610612738,2007-08,0.5487804878048781,-0.35365853658536583,96.3780487804878,96.73170731707317,18.829268292682926,0.3468658536585366,44.573170731707314,13.182926829268293,0.8048780487804879,10.25609756097561,100.54878048780488,90.29268292682927,19.073170731707318,0.37676829268292683,42.01219512195122,14.402439024390244,0.5,-0.25609756097560976,-10.609756097560975,-4.170731707317074,6.439024390243901,-0.24390243902439224,-0.029902439024390215,2.560975609756092,-1.2195121951219505
40700236,1610612759,1,1610612740,2007-08,0.6829268292682927,4.7926829268292686,95.36585365853658,90.57317073170732,19.634146341463413,0.36891463414634146,41.25609756097561,11.963414634146341,0.6829268292682927,5.280487804878049,100.85365853658537,95.57317073170732,19.76829268292683,0.3823780487804878,41.84146341463415,11.292682926829269,0.5,0.0,-0.48780487804878003,-5.487804878048792,-5.0,-0.13414634146341697,-0.013463414634146353,-0.5853658536585371,0.6707317073170724
40700225,1610612747,1,1610612762,2007-08,0.6951219512195121,7.2560975609756095,108.58536585365853,101.32926829268293,21.353658536585368,0.3805731707317073,44.146341463414636,13.634146341463415,0.6585365853658537,6.878048780487805,106.21951219512195,99.34146341463415,13.353658536585366,0.36629268292682926,40.8780487804878,14.25609756097561,0.75,0.03658536585365846,0.37804878048780477,2.3658536585365795,1.9878048780487774,8.000000000000002,0.014280487804878061,3.268292682926834,-0.6219512195121943
40700205,1610612738,1,1610612739,2007-08,0.8048780487804879,10.25609756097561,100.54878048780488,90.29268292682927,19.073170731707318,0.37676829268292683,42.01219512195122,14.402439024390244,0.5487804878048781,-0.35365853658536583,96.3780487804878,96.73170731707317,18.829268292682926,0.3468658536585366,44.573170731707314,13.182926829268293,0.5,0.25609756097560976,10.609756097560975,4.170731707317074,-6.439024390243901,0.24390243902439224,0.029902439024390215,-2.560975609756092,1.2195121951219505
40700215,1610612765,1,1610612753,2007-08,0.7195121951219512,7.341463414634147,97.46341463414635,90.07317073170732,16.21951219512195,0.36640243902439024,41.426829268292686,11.097560975609756,0.6341463414634146,5.463414634146342,104.47560975609755,99.01219512195122,25.29268292682927,0.38937804878048776,42.01219512195122,13.829268292682928,0.5,0.08536585365853655,1.8780487804878048,-7.012195121951208,-8.939024390243901,-9.073170731707318,-0.022975609756097526,-0.5853658536585371,-2.7317073170731714
40700235,1610612740,1,1610612759,2007-08,0.6829268292682927,5.280487804878049,100.85365853658537,95.57317073170732,19.76829268292683,0.3823780487804878,41.84146341463415,11.292682926829269,0.6829268292682927,4.7926829268292686,95.36585365853658,90.57317073170732,19.634146341463413,0.36891463414634146,41.25609756097561,11.963414634146341,0.5,0.0,0.48780487804878003,5.487804878048792,5.0,0.13414634146341697,0.013463414634146353,0.5853658536585371,-0.6707317073170724
40700204,1610612739,1,1610612738,2007-08,0.5487804878048781,-0.35365853658536583,96.3780487804878,96.73170731707317,18.829268292682926,0.3468658536585366,44.573170731707314,13.182926829268293,0.8048780487804879,10.25609756097561,100.54878048780488,90.29268292682927,19.073170731707318,0.37676829268292683,42.01219512195122,14.402439024390244,0.5,-0.25609756097560976,-10.609756097560975,-4.170731707317074,6.439024390243901,-0.24390243902439224,-0.029902439024390215,2.560975609756092,-1.2195121951219505
40700224,1610612762,1,1610612747,2007-08,0.6585365853658537,6.878048780487805,106.21951219512195,99.34146341463415,13.353658536585366,0.36629268292682926,40.8780487804878,14.25609756097561,0.6951219512195121,7.2560975609756095,108.58536585365853,101.32926829268293,21.353658536585368,0.3805731707317073,44.146341463414636,13.634146341463415,0.25,-0.03658536585365846,-0.37804878048780477,-2.3658536585365795,-1.9878048780487774,-8.000000000000002,-0.014280487804878061,-3.268292682926834,0.6219512195121943
40700234,1610612759,1,1610612740,2007-08,0.6829268292682927,4.7926829268292686,95.36585365853658,90.57317073170732,19.634146341463413,0.36891463414634146,41.25609756097561,11.963414634146341,0.6829268292682927,5.280487804878049,100.85365853658537,95.57317073170732,19.76829268292683,0.3823780487804878,41.84146341463415,11.292682926829269,0.5,0.0,-0.48780487804878003,-5.487804878048792,-5.0,-0.13414634146341697,-0.013463414634146353,-0.5853658536585371,0.6707317073170724
40700214,1610612753,0,1610612765,2007-08,0.6341463414634146,5.463414634146342,104.47560975609755,99.01219512195122,25.29268292682927,0.38937804878048776,42.01219512195122,13.829268292682928,0.7195121951219512,7.341463414634147,97.46341463414635,90.07317073170732,16.21951219512195,0.36640243902439024,41.426829268292686,11.097560975609756,0.5,-0.08536585365853655,-1.8780487804878048,7.012195121951208,8.939024390243901,9.073170731707318,0.022975609756097526,0.5853658536585371,2.7317073170731714
40700203,1610612739,1,1610612738,2007-08,0.5487804878048781,-0.35365853658536583,96.3780487804878,96.73170731707317,18.829268292682926,0.3468658536585366,44.573170731707314,13.182926829268293,0.8048780487804879,10.25609756097561,100.54878048780488,90.29268292682927,19.073170731707318,0.37676829268292683,42.01219512195122,14.402439024390244,0.5,-0.25609756097560976,-10.609756097560975,-4.170731707317074,6.439024390243901,-0.24390243902439224,-0.029902439024390215,2.560975609756092,-1.2195121951219505
40700223,1610612762,1,1610612747,2007-08,0.6585365853658537,6.878048780487805,106.21951219512195,99.34146341463415,13.353658536585366,0.36629268292682926,40.8780487804878,14.25609756097561,0.6951219512195121,7.2560975609756095,108.58536585365853,101.32926829268293,21.353658536585368,0.3805731707317073,44.146341463414636,13.634146341463415,0.25,-0.03658536585365846,-0.37804878048780477,-2.3658536585365795,-1.9878048780487774,-8.000000000000002,-0.014280487804878061,-3.268292682926834,0.6219512195121943
40700233,1610612759,1,1610612740,2007-08,0.6829268292682927,4.7926829268292686,95.36585365853658,90.57317073170732,19.634146341463413,0.36891463414634146,41.25609756097561,11.963414634146341,0.6829268292682927,5.280487804878049,100.85365853658537,95.57317073170732,19.76829268292683,0.3823780487804878,41.84146341463415,11.292682926829269,0.5,0.0,-0.48780487804878003,-5.487804878048792,-5.0,-0.13414634146341697,-0.013463414634146353,-0.5853658536585371,0.6707317073170724
40700202,1610612738,1,1610612739,2007-08,0.8048780487804879,10.25609756097561,100.54878048780488,90.29268292682927,19.073170731707318,0.37676829268292683,42.01219512195122,14.402439024390244,0.5487804878048781,-0.35365853658536583,96.3780487804878,96.73170731707317,18.829268292682926,0.3468658536585366,44.573170731707314,13.182926829268293,0.5,0.25609756097560976,10.609756097560975,4.170731707317074,-6.439024390243901,0.24390243902439224,0.029902439024390215,-2.560975609756092,1.2195121951219505
40700213,1610612753,1,1610612765,2007-08,0.6341463414634146,5.463414634146342,104.47560975609755,99.01219512195122,25.29268292682927,0.38937804878048776,42.01219512195122,13.829268292682928,0.7195121951219512,7.341463414634147,97.46341463414635,90.07317073170732,16.21951219512195,0.36640243902439024,41.426829268292686,11.097560975609756,0.5,-0.08536585365853655,-1.8780487804878048,7.012195121951208,8.939024390243901,9.073170731707318,0.022975609756097526,0.5853658536585371,2.7317073170731714
40700222,1610612747,1,1610612762,2007-08,0.6951219512195121,7.2560975609756095,108.58536585365853,101.32926829268293,21.353658536585368,0.3805731707317073,44.146341463414636,13.634146341463415,0.6585365853658537,6.878048780487805,106.21951219512195,99.34146341463415,13.353658536585366,0.36629268292682926,40.8780487804878,14.25609756097561,0.75,0.03658536585365846,0.37804878048780477,2.3658536585365795,1.9878048780487774,8.000000000000002,0.014280487804878061,3.268292682926834,-0.6219512195121943
40700201,1610612738,1,1610612739,2007-08,0.8048780487804879,10.25609756097561,100.54878048780488,90.29268292682927,19.073170731707318,0.37676829268292683,42.01219512195122,14.402439024390244,0.5487804878048781,-0.35365853658536583,96.3780487804878,96.73170731707317,18.829268292682926,0.3468658536585366,44.573170731707314,13.182926829268293,0.5,0.25609756097560976,10.609756097560975,4.170731707317074,-6.439024390243901,0.24390243902439224,0.029902439024390215,-2.560975609756092,1.2195121951219505
40700232,1610612740,1,1610612759,2007-08,0.6829268292682927,5.280487804878049,100.85365853658537,95.57317073170732,19.76829268292683,0.3823780487804878,41.84146341463415,11.292682926829269,0.6829268292682927,4.7926829268292686,95.36585365853658,90.57317073170732,19.634146341463413,0.36891463414634146,41.25609756097561,11.963414634146341,0.5,0.0,0.48780487804878003,5.487804878048792,5.0,0.13414634146341697,0.013463414634146353,0.5853658536585371,-0.6707317073170724
40700212,1610612765,1,1610612753,2007-08,0.7195121951219512,7.341463414634147,97.46341463414635,90.07317073170732,16.21951219512195,0.36640243902439024,41.426829268292686,11.097560975609756,0.6341463414634146,5.463414634146342,104.47560975609755,99.01219512195122,25.29268292682927,0.38937804878048776,42.01219512195122,13.829268292682928,0.5,0.08536585365853655,1.8780487804878048,-7.012195121951208,-8.939024390243901,-9.073170731707318,-0.022975609756097526,-0.5853658536585371,-2.7317073170731714
40700107,1610612738,1,1610612737,2007-08,0.8048780487804879,10.25609756097561,100.54878048780488,90.29268292682927,19.073170731707318,0.37676829268292683,42.01219512195122,14.402439024390244,0.45121951219512196,-1.8170731707317074,98.21951219512195,100.03658536585365,13.146341463414634,0.34345121951219515,42.21951219512195,14.268292682926829,1.0,0.3536585365853659,12.073170731707316,2.329268292682926,-9.743902439024382,5.926829268292684,0.03331707317073168,-0.2073170731707279,0.1341463414634152
40700221,1610612747,1,1610612762,2007-08,0.6951219512195121,7.2560975609756095,108.58536585365853,101.32926829268293,21.353658536585368,0.3805731707317073,44.146341463414636,13.634146341463415,0.6585365853658537,6.878048780487805,106.21951219512195,99.34146341463415,13.353658536585366,0.36629268292682926,40.8780487804878,14.25609756097561,0.75,0.03658536585365846,0.37804878048780477,2.3658536585365795,1.9878048780487774,8.000000000000002,0.014280487804878061,3.268292682926834,-0.6219512195121943
40700231,1610612740,1,1610612759,2007-08,0.6829268292682927,5.280487804878049,100.85365853658537,95.57317073170732,19.76829268292683,0.3823780487804878,41.84146341463415,11.292682926829269,0.6829268292682927,4.7926829268292686,95.36585365853658,90.57317073170732,19.634146341463413,0.36891463414634146,41.25609756097561,11.963414634146341,0.5,0.0,0.48780487804878003,5.487804878048792,5.0,0.13414634146341697,0.013463414634146353,0.5853658536585371,-0.6707317073170724
40700211,1610612765,1,1610612753,2007-08,0.7195121951219512,7.341463414634147,97.46341463414635,90.07317073170732,16.21951219512195,0.36640243902439024,41.426829268292686,11.097560975609756,0.6341463414634146,5.463414634146342,104.47560975609755,99.01219512195122,25.29268292682927,0.38937804878048776,42.01219512195122,13.829268292682928,0.5,0.08536585365853655,1.8780487804878048,-7.012195121951208,-8.939024390243901,-9.073170731707318,-0.022975609756097526,-0.5853658536585371,-2.7317073170731714
40700136,1610612764,0,1610612739,2007-08,0.524390243902439,-0.32926829268292684,98.82926829268293,99.15853658536585,19.682926829268293,0.35082926829268296,41.59756097560975,12.585365853658537,0.5487804878048781,-0.35365853658536583,96.3780487804878,96.73170731707317,18.829268292682926,0.3468658536585366,44.573170731707314,13.182926829268293,0.5,-0.024390243902439046,0.02439024390243899,2.4512195121951237,2.4268292682926784,0.8536585365853675,0.003963414634146345,-2.975609756097562,-0.5975609756097562
40700176,1610612762,1,1610612745,2007-08,0.6585365853658537,6.878048780487805,106.21951219512195,99.34146341463415,13.353658536585366,0.36629268292682926,40.8780487804878,14.25609756097561,0.6707317073170732,4.682926829268292,96.71951219512195,92.03658536585365,20.817073170731707,0.33860975609756094,44.646341463414636,13.060975609756097,0.6666666666666666,-0.012195121951219523,2.1951219512195124,9.5,7.304878048780495,-7.463414634146341,0.027682926829268317,-3.768292682926834,1.1951219512195124
40700106,1610612737,1,1610612738,2007-08,0.45121951219512196,-1.8170731707317074,98.21951219512195,100.03658536585365,13.146341463414634,0.34345121951219515,42.21951219512195,14.268292682926829,0.8048780487804879,10.25609756097561,100.54878048780488,90.29268292682927,19.073170731707318,0.37676829268292683,42.01219512195122,14.402439024390244,0.0,-0.3536585365853659,-12.073170731707316,-2.329268292682926,9.743902439024382,-5.926829268292684,-0.03331707317073168,0.2073170731707279,-0.1341463414634152
40700116,1610612755,0,1610612765,2007-08,0.4878048780487805,0.4146341463414634,96.6219512195122,96.20731707317073,11.609756097560975,0.3226341463414634,41.91463414634146,13.560975609756097,0.7195121951219512,7.341463414634147,97.46341463414635,90.07317073170732,16.21951219512195,0.36640243902439024,41.426829268292686,11.097560975609756,0.5,-0.23170731707317072,-6.926829268292683,-0.8414634146341484,6.134146341463406,-4.609756097560975,-0.04376829268292681,0.48780487804877737,2.463414634146341
40700105,1610612738,1,1610612737,2007-08,0.8048780487804879,10.25609756097561,100.54878048780488,90.29268292682927,19.073170731707318,0.37676829268292683,42.01219512195122,14.402439024390244,0.45121951219512196,-1.8170731707317074,98.21951219512195,100.03658536585365,13.146341463414634,0.34345121951219515,42.21951219512195,14.268292682926829,1.0,0.3536585365853659,12.073170731707316,2.329268292682926,-9.743902439024382,5.926829268292684,0.03331707317073168,-0.2073170731707279,0.1341463414634152
40700135,1610612739,0,1610612764,2007-08,0.5487804878048781,-0.35365853658536583,96.3780487804878,96.73170731707317,18.829268292682926,0.3468658536585366,44.573170731707314,13.182926829268293,0.524390243902439,-0.32926829268292684,98.82926829268293,99.15853658536585,19.682926829268293,0.35082926829268296,41.59756097560975,12.585365853658537,0.5,0.024390243902439046,-0.02439024390243899,-2.4512195121951237,-2.4268292682926784,-0.8536585365853675,-0.003963414634146345,2.975609756097562,0.5975609756097562
40700175,1610612745,1,1610612762,2007-08,0.6707317073170732,4.682926829268292,96.71951219512195,92.03658536585365,20.817073170731707,0.33860975609756094,44.646341463414636,13.060975609756097,0.6585365853658537,6.878048780487805,106.21951219512195,99.34146341463415,13.353658536585366,0.36629268292682926,40.8780487804878,14.25609756097561,0.3333333333333333,0.012195121951219523,-2.1951219512195124,-9.5,-7.304878048780495,7.463414634146341,-0.027682926829268317,3.768292682926834,-1.1951219512195124
40700165,1610612759,1,1610612756,2007-08,0.6829268292682927,4.7926829268292686,95.36585365853658,90.57317073170732,19.634146341463413,0.36891463414634146,41.25609756097561,11.963414634146341,0.6707317073170732,5.048780487804878,110.07317073170732,105.02439024390245,21.51219512195122,0.38732926829268294,41.5,13.890243902439025,0.25,0.012195121951219523,-0.25609756097560954,-14.707317073170742,-14.451219512195124,-1.8780487804878057,-0.01841463414634148,-0.24390243902438868,-1.9268292682926838
40700115,1610612765,1,1610612755,2007-08,0.7195121951219512,7.341463414634147,97.46341463414635,90.07317073170732,16.21951219512195,0.36640243902439024,41.426829268292686,11.097560975609756,0.4878048780487805,0.4146341463414634,96.6219512195122,96.20731707317073,11.609756097560975,0.3226341463414634,41.91463414634146,13.560975609756097,0.5,0.23170731707317072,6.926829268292683,0.8414634146341484,-6.134146341463406,4.609756097560975,0.04376829268292681,-0.48780487804877737,-2.463414634146341
40700155,1610612740,1,1610612742,2007-08,0.6829268292682927,5.280487804878049,100.85365853658537,95.57317073170732,19.76829268292683,0.3823780487804878,41.84146341463415,11.292682926829269,0.6219512195121951,4.536585365853658,100.41463414634147,95.8780487804878,17.109756097560975,0.3558780487804878,43.0,12.048780487804878,0.5,0.060975609756097615,0.7439024390243905,0.43902439024390105,-0.3048780487804805,2.658536585365855,0.026500000000000024,-1.1585365853658516,-0.7560975609756095
40700125,1610612753,1,1610612761,2007-08,0.6341463414634146,5.463414634146342,104.47560975609755,99.01219512195122,25.29268292682927,0.38937804878048776,42.01219512195122,13.829268292682928,0.5,2.902439024390244,100.1829268292683,97.28048780487805,17.79268292682927,0.3894878048780488,40.073170731707314,11.195121951219512,0.6666666666666666,0.13414634146341464,2.560975609756098,4.292682926829258,1.7317073170731732,7.5,-0.00010975609756103122,1.9390243902439082,2.634146341463415
40700104,1610612737,1,1610612738,2007-08,0.45121951219512196,-1.8170731707317074,98.21951219512195,100.03658536585365,13.146341463414634,0.34345121951219515,42.21951219512195,14.268292682926829,0.8048780487804879,10.25609756097561,100.54878048780488,90.29268292682927,19.073170731707318,0.37676829268292683,42.01219512195122,14.402439024390244,0.0,-0.3536585365853659,-12.073170731707316,-2.329268292682926,9.743902439024382,-5.926829268292684,-0.03331707317073168,0.2073170731707279,-0.1341463414634152
40700144,1610612743,0,1610612747,2007-08,0.6097560975609756,3.707317073170732,110.65853658536585,106.95121951219512,19.573170731707318,0.35143902439024394,44.09756097560975,14.402439024390244,0.6951219512195121,7.2560975609756095,108.58536585365853,101.32926829268293,21.353658536585368,0.3805731707317073,44.146341463414636,13.634146341463415,0.0,-0.08536585365853655,-3.5487804878048776,2.0731707317073216,5.621951219512198,-1.7804878048780495,-0.029134146341463385,-0.04878048780488342,0.7682926829268286
40700134,1610612764,0,1610612739,2007-08,0.524390243902439,-0.32926829268292684,98.82926829268293,99.15853658536585,19.682926829268293,0.35082926829268296,41.59756097560975,12.585365853658537,0.5487804878048781,-0.35365853658536583,96.3780487804878,96.73170731707317,18.829268292682926,0.3468658536585366,44.573170731707314,13.182926829268293,0.5,-0.024390243902439046,0.02439024390243899,2.4512195121951237,2.4268292682926784,0.8536585365853675,0.003963414634146345,-2.975609756097562,-0.5975609756097562
40700114,1610612755,0,1610612765,2007-08,0.4878048780487805,0.4146341463414634,96.6219512195122,96.20731707317073,11.609756097560975,0.3226341463414634,41.91463414634146,13.560975609756097,0.7195121951219512,7.341463414634147,97.46341463414635,90.07317073170732,16.21951219512195,0.36640243902439024,41.426829268292686,11.097560975609756,0.5,-0.23170731707317072,-6.926829268292683,-0.8414634146341484,6.134146341463406,-4.609756097560975,-0.04376829268292681,0.48780487804877737,2.463414634146341
40700164,1610612756,1,1610612759,2007-08,0.6707317073170732,5.048780487804878,110.07317073170732,105.02439024390245,21.51219512195122,0.38732926829268294,41.5,13.890243902439025,0.6829268292682927,4.7926829268292686,95.36585365853658,90.57317073170732,19.634146341463413,0.36891463414634146,41.25609756097561,11.963414634146341,0.75,-0.012195121951219523,0.25609756097560954,14.707317073170742,14.451219512195124,1.8780487804878057,0.01841463414634148,0.24390243902438868,1.9268292682926838
40700154,1610612742,0,1610612740,2007-08,0.6219512195121951,4.536585365853658,100.41463414634147,95.8780487804878,17.109756097560975,0.3558780487804878,43.0,12.048780487804878,0.6829268292682927,5.280487804878049,100.85365853658537,95.57317073170732,19.76829268292683,0.3823780487804878,41.84146341463415,11.292682926829269,0.5,-0.060975609756097615,-0.7439024390243905,-0.43902439024390105,0.3048780487804805,-2.658536585365855,-0.026500000000000024,1.1585365853658516,0.7560975609756095
40700124,1610612761,0,1610612753,2007-08,0.5,2.902439024390244,100.1829268292683,97.28048780487805,17.79268292682927,0.3894878048780488,40.073170731707314,11.195121951219512,0.6341463414634146,5.463414634146342,104.47560975609755,99.01219512195122,25.29268292682927,0.38937804878048776,42.01219512195122,13.829268292682928,0.3333333333333333,-0.13414634146341464,-2.560975609756098,-4.292682926829258,-1.7317073170731732,-7.5,0.00010975609756103122,-1.9390243902439082,-2.634146341463415
40700143,1610612743,0,1610612747,2007-08,0.6097560975609756,3.707317073170732,110.65853658536585,106.95121951219512,19.573170731707318,0.35143902439024394,44.09756097560975,14.402439024390244,0.6951219512195121,7.2560975609756095,108.58536585365853,101.32926829268293,21.353658536585368,0.3805731707317073,44.146341463414636,13.634146341463415,0.0,-0.08536585365853655,-3.5487804878048776,2.0731707317073216,5.621951219512198,-1.7804878048780495,-0.029134146341463385,-0.04878048780488342,0.7682926829268286
40700103,1610612737,1,1610612738,2007-08,0.45121951219512196,-1.8170731707317074,98.21951219512195,100.03658536585365,13.146341463414634,0.34345121951219515,42.21951219512195,14.268292682926829,0.8048780487804879,10.25609756097561,100.54878048780488,90.29268292682927,19.073170731707318,0.37676829268292683,42.01219512195122,14.402439024390244,0.0,-0.3536585365853659,-12.073170731707316,-2.329268292682926,9.743902439024382,-5.926829268292684,-0.03331707317073168,0.2073170731707279,-0.1341463414634152
40700174,1610612762,1,1610612745,2007-08,0.6585365853658537,6.878048780487805,106.21951219512195,99.34146341463415,13.353658536585366,0.36629268292682926,40.8780487804878,14.25609756097561,0.6707317073170732,4.682926829268292,96.71951219512195,92.03658536585365,20.817073170731707,0.33860975609756094,44.646341463414636,13.060975609756097,0.6666666666666666,-0.012195121951219523,2.1951219512195124,9.5,7.304878048780495,-7.463414634146341,0.027682926829268317,-3.768292682926834,1.1951219512195124
40700113,1610612755,1,1610612765,2007-08,0.4878048780487805,0.4146341463414634,96.6219512195122,96.20731707317073,11.609756097560975,0.3226341463414634,41.91463414634146,13.560975609756097,0.7195121951219512,7.341463414634147,97.46341463414635,90.07317073170732,16.21951219512195,0.36640243902439024,41.426829268292686,11.097560975609756,0.5,-0.23170731707317072,-6.926829268292683,-0.8414634146341484,6.134146341463406,-4.609756097560975,-0.04376829268292681,0.48780487804877737,2.463414634146341
40700153,1610612742,1,1610612740,2007-08,0.6219512195121951,4.536585365853658,100.41463414634147,95.8780487804878,17.109756097560975,0.3558780487804878,43.0,12.048780487804878,0.6829268292682927,5.280487804878049,100.85365853658537,95.57317073170732,19.76829268292683,0.3823780487804878,41.84146341463415,11.292682926829269,0.5,-0.060975609756097615,-0.7439024390243905,-0.43902439024390105,0.3048780487804805,-2.658536585365855,-0.026500000000000024,1.1585365853658516,0.7560975609756095
40700163,1610612756,0,1610612759,2007-08,0.6707317073170732,5.048780487804878,110.07317073170732,105.02439024390245,21.51219512195122,0.38732926829268294,41.5,13.890243902439025,0.6829268292682927,4.7926829268292686,95.36585365853658,90.57317073170732,19.634146341463413,0.36891463414634146,41.25609756097561,11.963414634146341,0.75,-0.012195121951219523,0.25609756097560954,14.707317073170742,14.451219512195124,1.8780487804878057,0.01841463414634148,0.24390243902438868,1.9268292682926838
40700133,1610612764,1,1610612739,2007-08,0.524390243902439,-0.32926829268292684,98.82926829268293,99.15853658536585,19.682926829268293,0.35082926829268296,41.59756097560975,12.585365853658537,0.5487804878048781,-0.35365853658536583,96.3780487804878,96.73170731707317,18.829268292682926,0.3468658536585366,44.573170731707314,13.182926829268293,0.5,-0.024390243902439046,0.02439024390243899,2.4512195121951237,2.4268292682926784,0.8536585365853675,0.003963414634146345,-2.975609756097562,-0.5975609756097562
40700173,1610612762,0,1610612745,2007-08,0.6585365853658537,6.878048780487805,106.21951219512195,99.34146341463415,13.353658536585366,0.36629268292682926,40.8780487804878,14.25609756097561,0.6707317073170732,4.682926829268292,96.71951219512195,92.03658536585365,20.817073170731707,0.33860975609756094,44.646341463414636,13.060975609756097,0.6666666666666666,-0.012195121951219523,2.1951219512195124,9.5,7.304878048780495,-7.463414634146341,0.027682926829268317,-3.768292682926834,1.1951219512195124
40700123,1610612761,1,1610612753,2007-08,0.5,2.902439024390244,100.1829268292683,97.28048780487805,17.79268292682927,0.3894878048780488,40.073170731707314,11.195121951219512,0.6341463414634146,5.463414634146342,104.47560975609755,99.01219512195122,25.29268292682927,0.38937804878048776,42.01219512195122,13.829268292682928,0.3333333333333333,-0.13414634146341464,-2.560975609756098,-4.292682926829258,-1.7317073170731732,-7.5,0.00010975609756103122,-1.9390243902439082,-2.634146341463415
40700112,1610612765,1,1610612755,2007-08,0.7195121951219512,7.341463414634147,97.46341463414635,90.07317073170732,16.21951219512195,0.36640243902439024,41.426829268292686,11.097560975609756,0.4878048780487805,0.4146341463414634,96.6219512195122,96.20731707317073,11.609756097560975,0.3226341463414634,41.91463414634146,13.560975609756097,0.5,0.23170731707317072,6.926829268292683,0.8414634146341484,-6.134146341463406,4.609756097560975,0.04376829268292681,-0.48780487804877737,-2.463414634146341
40700102,1610612738,1,1610612737,2007-08,0.8048780487804879,10.25609756097561,100.54878048780488,90.29268292682927,19.073170731707318,0.37676829268292683,42.01219512195122,14.402439024390244,0.45121951219512196,-1.8170731707317074,98.21951219512195,100.03658536585365,13.146341463414634,0.34345121951219515,42.21951219512195,14.268292682926829,1.0,0.3536585365853659,12.073170731707316,2.329268292682926,-9.743902439024382,5.926829268292684,0.03331707317073168,-0.2073170731707279,0.1341463414634152
40700142,1610612747,1,1610612743,2007-08,0.6951219512195121,7.2560975609756095,108.58536585365853,101.32926829268293,21.353658536585368,0.3805731707317073,44.146341463414636,13.634146341463415,0.6097560975609756,3.707317073170732,110.65853658536585,106.95121951219512,19.573170731707318,0.35143902439024394,44.09756097560975,14.402439024390244,1.0,0.08536585365853655,3.5487804878048776,-2.0731707317073216,-5.621951219512198,1.7804878048780495,0.029134146341463385,0.04878048780488342,-0.7682926829268286
40700122,1610612753,1,1610612761,2007-08,0.6341463414634146,5.463414634146342,104.47560975609755,99.01219512195122,25.29268292682927,0.38937804878048776,42.01219512195122,13.829268292682928,0.5,2.902439024390244,100.1829268292683,97.28048780487805,17.79268292682927,0.3894878048780488,40.073170731707314,11.195121951219512,0.6666666666666666,0.13414634146341464,2.560975609756098,4.292682926829258,1.7317073170731732,7.5,-0.00010975609756103122,1.9390243902439082,2.634146341463415
40700162,1610612759,1,1610612756,2007-08,0.6829268292682927,4.7926829268292686,95.36585365853658,90.57317073170732,19.634146341463413,0.36891463414634146,41.25609756097561,11.963414634146341,0.6707317073170732,5.048780487804878,110.07317073170732,105.02439024390245,21.51219512195122,0.38732926829268294,41.5,13.890243902439025,0.25,0.012195121951219523,-0.25609756097560954,-14.707317073170742,-14.451219512195124,-1.8780487804878057,-0.01841463414634148,-0.24390243902438868,-1.9268292682926838
40700152,1610612740,1,1610612742,2007-08,0.6829268292682927,5.280487804878049,100.85365853658537,95.57317073170732,19.76829268292683,0.3823780487804878,41.84146341463415,11.292682926829269,0.6219512195121951,4.536585365853658,100.41463414634147,95.8780487804878,17.109756097560975,0.3558780487804878,43.0,12.048780487804878,0.5,0.060975609756097615,0.7439024390243905,0.43902439024390105,-0.3048780487804805,2.658536585365855,0.026500000000000024,-1.1585365853658516,-0.7560975609756095
40700132,1610612739,1,1610612764,2007-08,0.5487804878048781,-0.35365853658536583,96.3780487804878,96.73170731707317,18.829268292682926,0.3468658536585366,44.573170731707314,13.182926829268293,0.524390243902439,-0.32926829268292684,98.82926829268293,99.15853658536585,19.682926829268293,0.35082926829268296,41.59756097560975,12.585365853658537,0.5,0.024390243902439046,-0.02439024390243899,-2.4512195121951237,-2.4268292682926784,-0.8536585365853675,-0.003963414634146345,2.975609756097562,0.5975609756097562
40700172,1610612745,0,1610612762,2007-08,0.6707317073170732,4.682926829268292,96.71951219512195,92.03658536585365,20.817073170731707,0.33860975609756094,44.646341463414636,13.060975609756097,0.6585365853658537,6.878048780487805,106.21951219512195,99.34146341463415,13.353658536585366,0.36629268292682926,40.8780487804878,14.25609756097561,0.3333333333333333,0.012195121951219523,-2.1951219512195124,-9.5,-7.304878048780495,7.463414634146341,-0.027682926829268317,3.768292682926834,-1.1951219512195124
40700141,1610612747,1,1610612743,2007-08,0.6951219512195121,7.2560975609756095,108.58536585365853,101.32926829268293,21.353658536585368,0.3805731707317073,44.146341463414636,13.634146341463415,0.6097560975609756,3.707317073170732,110.65853658536585,106.95121951219512,19.573170731707318,0.35143902439024394,44.09756097560975,14.402439024390244,1.0,0.08536585365853655,3.5487804878048776,-2.0731707317073216,-5.621951219512198,1.7804878048780495,0.029134146341463385,0.04878048780488342,-0.7682926829268286
40700101,1610612738,1,1610612737,2007-08,0.8048780487804879,10.25609756097561,100.54878048780488,90.29268292682927,19.073170731707318,0.37676829268292683,42.01219512195122,14.402439024390244,0.45121951219512196,-1.8170731707317074,98.21951219512195,100.03658536585365,13.146341463414634,0.34345121951219515,42.21951219512195,14.268292682926829,1.0,0.3536585365853659,12.073170731707316,2.329268292682926,-9.743902439024382,5.926829268292684,0.03331707317073168,-0.2073170731707279,0.1341463414634152
40700111,1610612765,0,1610612755,2007-08,0.7195121951219512,7.341463414634147,97.46341463414635,90.07317073170732,16.21951219512195,0.36640243902439024,41.426829268292686,11.097560975609756,0.4878048780487805,0.4146341463414634,96.6219512195122,96.20731707317073,11.609756097560975,0.3226341463414634,41.91463414634146,13.560975609756097,0.5,0.23170731707317072,6.926829268292683,0.8414634146341484,-6.134146341463406,4.609756097560975,0.04376829268292681,-0.48780487804877737,-2.463414634146341
40700121,1610612753,1,1610612761,2007-08,0.6341463414634146,5.463414634146342,104.47560975609755,99.01219512195122,25.29268292682927,0.38937804878048776,42.01219512195122,13.829268292682928,0.5,2.902439024390244,100.1829268292683,97.28048780487805,17.79268292682927,0.3894878048780488,40.073170731707314,11.195121951219512,0.6666666666666666,0.13414634146341464,2.560975609756098,4.292682926829258,1.7317073170731732,7.5,-0.00010975609756103122,1.9390243902439082,2.634146341463415
40700151,1610612740,1,1610612742,2007-08,0.6829268292682927,5.280487804878049,100.85365853658537,95.57317073170732,19.76829268292683,0.3823780487804878,41.84146341463415,11.292682926829269,0.6219512195121951,4.536585365853658,100.41463414634147,95.8780487804878,17.109756097560975,0.3558780487804878,43.0,12.048780487804878,0.5,0.060975609756097615,0.7439024390243905,0.43902439024390105,-0.3048780487804805,2.658536585365855,0.026500000000000024,-1.1585365853658516,-0.7560975609756095
40700131,1610612739,1,1610612764,2007-08,0.5487804878048781,-0.35365853658536583,96.3780487804878,96.73170731707317,18.829268292682926,0.3468658536585366,44.573170731707314,13.182926829268293,0.524390243902439,-0.32926829268292684,98.82926829268293,99.15853658536585,19.682926829268293,0.35082926829268296,41.59756097560975,12.585365853658537,0.5,0.024390243902439046,-0.02439024390243899,-2.4512195121951237,-2.4268292682926784,-0.8536585365853675,-0.003963414634146345,2.975609756097562,0.5975609756097562
40700171,1610612745,0,1610612762,2007-08,0.6707317073170732,4.682926829268292,96.71951219512195,92.03658536585365,20.817073170731707,0.33860975609756094,44.646341463414636,13.060975609756097,0.6585365853658537,6.878048780487805,106.21951219512195,99.34146341463415,13.353658536585366,0.36629268292682926,40.8780487804878,14.25609756097561,0.3333333333333333,0.012195121951219523,-2.1951219512195124,-9.5,-7.304878048780495,7.463414634146341,-0.027682926829268317,3.768292682926834,-1.1951219512195124
40700161,1610612759,1,1610612756,2007-08,0.6829268292682927,4.7926829268292686,95.36585365853658,90.57317073170732,19.634146341463413,0.36891463414634146,41.25609756097561,11.963414634146341,0.6707317073170732,5.048780487804878,110.07317073170732,105.02439024390245,21.51219512195122,0.38732926829268294,41.5,13.890243902439025,0.25,0.012195121951219523,-0.25609756097560954,-14.707317073170742,-14.451219512195124,-1.8780487804878057,-0.01841463414634148,-0.24390243902438868,-1.9268292682926838
40800405,1610612753,0,1610612747,2008-09,0.7195121951219512,6.695121951219512,101.04878048780488,94.35365853658537,26.182926829268293,0.3767317073170732,43.25609756097561,13.5,0.7926829268292683,7.658536585365853,106.92682926829268,99.26829268292683,18.48780487804878,0.36534146341463414,43.926829268292686,13.121951219512194,1.0,-0.07317073170731714,-0.963414634146341,-5.878048780487802,-4.914634146341456,7.695121951219512,0.011390243902439035,-0.6707317073170742,0.37804878048780566
40800404,1610612753,0,1610612747,2008-09,0.7195121951219512,6.695121951219512,101.04878048780488,94.35365853658537,26.182926829268293,0.3767317073170732,43.25609756097561,13.5,0.7926829268292683,7.658536585365853,106.92682926829268,99.26829268292683,18.48780487804878,0.36534146341463414,43.926829268292686,13.121951219512194,1.0,-0.07317073170731714,-0.963414634146341,-5.878048780487802,-4.914634146341456,7.695121951219512,0.011390243902439035,-0.6707317073170742,0.37804878048780566
40800403,1610612753,1,1610612747,2008-09,0.7195121951219512,6.695121951219512,101.04878048780488,94.35365853658537,26.182926829268293,0.3767317073170732,43.25609756097561,13.5,0.7926829268292683,7.658536585365853,106.92682926829268,99.26829268292683,18.48780487804878,0.36534146341463414,43.926829268292686,13.121951219512194,1.0,-0.07317073170731714,-0.963414634146341,-5.878048780487802,-4.914634146341456,7.695121951219512,0.011390243902439035,-0.6707317073170742,0.37804878048780566
40800402,1610612747,1,1610612753,2008-09,0.7926829268292683,7.658536585365853,106.92682926829268,99.26829268292683,18.48780487804878,0.36534146341463414,43.926829268292686,13.121951219512194,0.7195121951219512,6.695121951219512,101.04878048780488,94.35365853658537,26.182926829268293,0.3767317073170732,43.25609756097561,13.5,0.0,0.07317073170731714,0.963414634146341,5.878048780487802,4.914634146341456,-7.695121951219512,-0.011390243902439035,0.6707317073170742,-0.37804878048780566
40800401,1610612747,1,1610612753,2008-09,0.7926829268292683,7.658536585365853,106.92682926829268,99.26829268292683,18.48780487804878,0.36534146341463414,43.926829268292686,13.121951219512194,0.7195121951219512,6.695121951219512,101.04878048780488,94.35365853658537,26.182926829268293,0.3767317073170732,43.25609756097561,13.5,0.0,0.07317073170731714,0.963414634146341,5.878048780487802,4.914634146341456,-7.695121951219512,-0.011390243902439035,0.6707317073170742,-0.37804878048780566
40800306,1610612753,1,1610612739,2008-09,0.7195121951219512,6.695121951219512,101.04878048780488,94.35365853658537,26.182926829268293,0.3767317073170732,43.25609756097561,13.5,0.8048780487804879,8.926829268292684,100.28048780487805,91.35365853658537,20.365853658536587,0.3942682926829268,42.19512195121951,11.975609756097562,0.6666666666666666,-0.08536585365853666,-2.2317073170731714,0.7682926829268268,3.0,5.817073170731707,-0.01753658536585362,1.060975609756099,1.5243902439024382
40800316,1610612743,0,1610612747,2008-09,0.6585365853658537,3.4146341463414633,104.32926829268293,100.91463414634147,18.01219512195122,0.3675121951219512,41.609756097560975,14.951219512195122,0.7926829268292683,7.658536585365853,106.92682926829268,99.26829268292683,18.48780487804878,0.36534146341463414,43.926829268292686,13.121951219512194,0.25,-0.13414634146341464,-4.2439024390243905,-2.5975609756097526,1.6463414634146432,-0.47560975609756184,0.002170731707317075,-2.3170731707317103,1.8292682926829276
40800305,1610612739,1,1610612753,2008-09,0.8048780487804879,8.926829268292684,100.28048780487805,91.35365853658537,20.365853658536587,0.3942682926829268,42.19512195121951,11.975609756097562,0.7195121951219512,6.695121951219512,101.04878048780488,94.35365853658537,26.182926829268293,0.3767317073170732,43.25609756097561,13.5,0.3333333333333333,0.08536585365853666,2.2317073170731714,-0.7682926829268268,-3.0,-5.817073170731707,0.01753658536585362,-1.060975609756099,-1.5243902439024382
40800315,1610612747,1,1610612743,2008-09,0.7926829268292683,7.658536585365853,106.92682926829268,99.26829268292683,18.48780487804878,0.36534146341463414,43.926829268292686,13.121951219512194,0.6585365853658537,3.4146341463414633,104.32926829268293,100.91463414634147,18.01219512195122,0.3675121951219512,41.609756097560975,14.951219512195122,0.75,0.13414634146341464,4.2439024390243905,2.5975609756097526,-1.6463414634146432,0.47560975609756184,-0.002170731707317075,2.3170731707317103,-1.8292682926829276
40800304,1610612753,1,1610612739,2008-09,0.7195121951219512,6.695121951219512,101.04878048780488,94.35365853658537,26.182926829268293,0.3767317073170732,43.25609756097561,13.5,0.8048780487804879,8.926829268292684,100.28048780487805,91.35365853658537,20.365853658536587,0.3942682926829268,42.19512195121951,11.975609756097562,0.6666666666666666,-0.08536585365853666,-2.2317073170731714,0.7682926829268268,3.0,5.817073170731707,-0.01753658536585362,1.060975609756099,1.5243902439024382
40800314,1610612743,1,1610612747,2008-09,0.6585365853658537,3.4146341463414633,104.32926829268293,100.91463414634147,18.01219512195122,0.3675121951219512,41.609756097560975,14.951219512195122,0.7926829268292683,7.658536585365853,106.92682926829268,99.26829268292683,18.48780487804878,0.36534146341463414,43.926829268292686,13.121951219512194,0.25,-0.13414634146341464,-4.2439024390243905,-2.5975609756097526,1.6463414634146432,-0.47560975609756184,0.002170731707317075,-2.3170731707317103,1.8292682926829276
40800303,1610612753,1,1610612739,2008-09,0.7195121951219512,6.695121951219512,101.04878048780488,94.35365853658537,26.182926829268293,0.3767317073170732,43.25609756097561,13.5,0.8048780487804879,8.926829268292684,100.28048780487805,91.35365853658537,20.365853658536587,0.3942682926829268,42.19512195121951,11.975609756097562,0.6666666666666666,-0.08536585365853666,-2.2317073170731714,0.7682926829268268,3.0,5.817073170731707,-0.01753658536585362,1.060975609756099,1.5243902439024382
40800313,1610612743,0,1610612747,2008-09,0.6585365853658537,3.4146341463414633,104.32926829268293,100.91463414634147,18.01219512195122,0.3675121951219512,41.609756097560975,14.951219512195122,0.7926829268292683,7.658536585365853,106.92682926829268,99.26829268292683,18.48780487804878,0.36534146341463414,43.926829268292686,13.121951219512194,0.25,-0.13414634146341464,-4.2439024390243905,-2.5975609756097526,1.6463414634146432,-0.47560975609756184,0.002170731707317075,-2.3170731707317103,1.8292682926829276
40800302,1610612739,1,1610612753,2008-09,0.8048780487804879,8.926829268292684,100.28048780487805,91.35365853658537,20.365853658536587,0.3942682926829268,42.19512195121951,11.975609756097562,0.7195121951219512,6.695121951219512,101.04878048780488,94.35365853658537,26.182926829268293,0.3767317073170732,43.25609756097561,13.5,0.3333333333333333,0.08536585365853666,2.2317073170731714,-0.7682926829268268,-3.0,-5.817073170731707,0.01753658536585362,-1.060975609756099,-1.5243902439024382
40800312,1610612747,0,1610612743,2008-09,0.7926829268292683,7.658536585365853,106.92682926829268,99.26829268292683,18.48780487804878,0.36534146341463414,43.926829268292686,13.121951219512194,0.6585365853658537,3.4146341463414633,104.32926829268293,100.91463414634147,18.01219512195122,0.3675121951219512,41.609756097560975,14.951219512195122,0.75,0.13414634146341464,4.2439024390243905,2.5975609756097526,-1.6463414634146432,0.47560975609756184,-0.002170731707317075,2.3170731707317103,-1.8292682926829276
40800301,1610612739,0,1610612753,2008-09,0.8048780487804879,8.926829268292684,100.28048780487805,91.35365853658537,20.365853658536587,0.3942682926829268,42.19512195121951,11.975609756097562,0.7195121951219512,6.695121951219512,101.04878048780488,94.35365853658537,26.182926829268293,0.3767317073170732,43.25609756097561,13.5,0.3333333333333333,0.08536585365853666,2.2317073170731714,-0.7682926829268268,-3.0,-5.817073170731707,0.01753658536585362,-1.060975609756099,-1.5243902439024382
40800311,1610612747,1,1610612743,2008-09,0.7926829268292683,7.658536585365853,106.92682926829268,99.26829268292683,18.48780487804878,0.36534146341463414,43.926829268292686,13.121951219512194,0.6585365853658537,3.4146341463414633,104.32926829268293,100.91463414634147,18.01219512195122,0.3675121951219512,41.609756097560975,14.951219512195122,0.75,0.13414634146341464,4.2439024390243905,2.5975609756097526,-1.6463414634146432,0.47560975609756184,-0.002170731707317075,2.3170731707317103,-1.8292682926829276
40800217,1610612738,0,1610612753,2008-09,0.7560975609756098,7.512195121951219,100.91463414634147,93.40243902439025,16.524390243902438,0.39004878048780484,42.13414634146341,15.0,0.7195121951219512,6.695121951219512,101.04878048780488,94.35365853658537,26.182926829268293,0.3767317073170732,43.25609756097561,13.5,0.5,0.03658536585365857,0.8170731707317067,-0.13414634146340632,-0.9512195121951237,-9.658536585365855,0.013317073170731664,-1.121951219512198,1.5
40800227,1610612747,1,1610612745,2008-09,0.7926829268292683,7.658536585365853,106.92682926829268,99.26829268292683,18.48780487804878,0.36534146341463414,43.926829268292686,13.121951219512194,0.6463414634146342,4.0,98.41463414634147,94.41463414634147,20.195121951219512,0.37391463414634146,42.97560975609756,13.329268292682928,1.0,0.14634146341463417,3.6585365853658534,8.512195121951208,4.853658536585357,-1.7073170731707314,-0.008573170731707325,0.9512195121951237,-0.20731707317073322
40800226,1610612745,1,1610612747,2008-09,0.6463414634146342,4.0,98.41463414634147,94.41463414634147,20.195121951219512,0.37391463414634146,42.97560975609756,13.329268292682928,0.7926829268292683,7.658536585365853,106.92682926829268,99.26829268292683,18.48780487804878,0.36534146341463414,43.926829268292686,13.121951219512194,0.0,-0.14634146341463417,-3.6585365853658534,-8.512195121951208,-4.853658536585357,1.7073170731707314,0.008573170731707325,-0.9512195121951237,0.20731707317073322
40800216,1610612753,1,1610612738,2008-09,0.7195121951219512,6.695121951219512,101.04878048780488,94.35365853658537,26.182926829268293,0.3767317073170732,43.25609756097561,13.5,0.7560975609756098,7.512195121951219,100.91463414634147,93.40243902439025,16.524390243902438,0.39004878048780484,42.13414634146341,15.0,0.5,-0.03658536585365857,-0.8170731707317067,0.13414634146340632,0.9512195121951237,9.658536585365855,-0.013317073170731664,1.121951219512198,-1.5
40800235,1610612743,1,1610612742,2008-09,0.6585365853658537,3.4146341463414633,104.32926829268293,100.91463414634147,18.01219512195122,0.3675121951219512,41.609756097560975,14.951219512195122,0.6097560975609756,1.975609756097561,101.7439024390244,99.76829268292683,19.902439024390244,0.35429268292682925,42.73170731707317,12.207317073170731,1.0,0.04878048780487809,1.4390243902439024,2.58536585365853,1.1463414634146432,-1.8902439024390247,0.013219512195121963,-1.121951219512198,2.7439024390243905
40800225,1610612747,1,1610612745,2008-09,0.7926829268292683,7.658536585365853,106.92682926829268,99.26829268292683,18.48780487804878,0.36534146341463414,43.926829268292686,13.121951219512194,0.6463414634146342,4.0,98.41463414634147,94.41463414634147,20.195121951219512,0.37391463414634146,42.97560975609756,13.329268292682928,1.0,0.14634146341463417,3.6585365853658534,8.512195121951208,4.853658536585357,-1.7073170731707314,-0.008573170731707325,0.9512195121951237,-0.20731707317073322
40800215,1610612738,1,1610612753,2008-09,0.7560975609756098,7.512195121951219,100.91463414634147,93.40243902439025,16.524390243902438,0.39004878048780484,42.13414634146341,15.0,0.7195121951219512,6.695121951219512,101.04878048780488,94.35365853658537,26.182926829268293,0.3767317073170732,43.25609756097561,13.5,0.5,0.03658536585365857,0.8170731707317067,-0.13414634146340632,-0.9512195121951237,-9.658536585365855,0.013317073170731664,-1.121951219512198,1.5
40800204,1610612737,0,1610612739,2008-09,0.573170731707317,1.5731707317073171,98.1219512195122,96.54878048780488,19.914634146341463,0.3658170731707317,40.02439024390244,12.195121951219512,0.8048780487804879,8.926829268292684,100.28048780487805,91.35365853658537,20.365853658536587,0.3942682926829268,42.19512195121951,11.975609756097562,0.25,-0.23170731707317083,-7.353658536585367,-2.1585365853658516,5.195121951219505,-0.4512195121951237,-0.02845121951219509,-2.170731707317074,0.21951219512195053
40800234,1610612742,1,1610612743,2008-09,0.6097560975609756,1.975609756097561,101.7439024390244,99.76829268292683,19.902439024390244,0.35429268292682925,42.73170731707317,12.207317073170731,0.6585365853658537,3.4146341463414633,104.32926829268293,100.91463414634147,18.01219512195122,0.3675121951219512,41.609756097560975,14.951219512195122,0.0,-0.04878048780487809,-1.4390243902439024,-2.58536585365853,-1.1463414634146432,1.8902439024390247,-0.013219512195121963,1.121951219512198,-2.7439024390243905
40800224,1610612745,1,1610612747,2008-09,0.6463414634146342,4.0,98.41463414634147,94.41463414634147,20.195121951219512,0.37391463414634146,42.97560975609756,13.329268292682928,0.7926829268292683,7.658536585365853,106.92682926829268,99.26829268292683,18.48780487804878,0.36534146341463414,43.926829268292686,13.121951219512194,0.0,-0.14634146341463417,-3.6585365853658534,-8.512195121951208,-4.853658536585357,1.7073170731707314,0.008573170731707325,-0.9512195121951237,0.20731707317073322
40800214,1610612753,0,1610612738,2008-09,0.7195121951219512,6.695121951219512,101.04878048780488,94.35365853658537,26.182926829268293,0.3767317073170732,43.25609756097561,13.5,0.7560975609756098,7.512195121951219,100.91463414634147,93.40243902439025,16.524390243902438,0.39004878048780484,42.13414634146341,15.0,0.5,-0.03658536585365857,-0.8170731707317067,0.13414634146340632,0.9512195121951237,9.658536585365855,-0.013317073170731664,1.121951219512198,-1.5
40800203,1610612737,0,1610612739,2008-09,0.573170731707317,1.5731707317073171,98.1219512195122,96.54878048780488,19.914634146341463,0.3658170731707317,40.02439024390244,12.195121951219512,0.8048780487804879,8.926829268292684,100.28048780487805,91.35365853658537,20.365853658536587,0.3942682926829268,42.19512195121951,11.975609756097562,0.25,-0.23170731707317083,-7.353658536585367,-2.1585365853658516,5.195121951219505,-0.4512195121951237,-0.02845121951219509,-2.170731707317074,0.21951219512195053
40800233,1610612742,0,1610612743,2008-09,0.6097560975609756,1.975609756097561,101.7439024390244,99.76829268292683,19.902439024390244,0.35429268292682925,42.73170731707317,12.207317073170731,0.6585365853658537,3.4146341463414633,104.32926829268293,100.91463414634147,18.01219512195122,0.3675121951219512,41.609756097560975,14.951219512195122,0.0,-0.04878048780487809,-1.4390243902439024,-2.58536585365853,-1.1463414634146432,1.8902439024390247,-0.013219512195121963,1.121951219512198,-2.7439024390243905
40800223,1610612745,0,1610612747,2008-09,0.6463414634146342,4.0,98.41463414634147,94.41463414634147,20.195121951219512,0.37391463414634146,42.97560975609756,13.329268292682928,0.7926829268292683,7.658536585365853,106.92682926829268,99.26829268292683,18.48780487804878,0.36534146341463414,43.926829268292686,13.121951219512194,0.0,-0.14634146341463417,-3.6585365853658534,-8.512195121951208,-4.853658536585357,1.7073170731707314,0.008573170731707325,-0.9512195121951237,0.20731707317073322
40800213,1610612753,1,1610612738,2008-09,0.7195121951219512,6.695121951219512,101.04878048780488,94.35365853658537,26.182926829268293,0.3767317073170732,43.25609756097561,13.5,0.7560975609756098,7.512195121951219,100.91463414634147,93.40243902439025,16.524390243902438,0.39004878048780484,42.13414634146341,15.0,0.5,-0.03658536585365857,-0.8170731707317067,0.13414634146340632,0.9512195121951237,9.658536585365855,-0.013317073170731664,1.121951219512198,-1.5
40800202,1610612739,1,1610612737,2008-09,0.8048780487804879,8.926829268292684,100.28048780487805,91.35365853658537,20.365853658536587,0.3942682926829268,42.19512195121951,11.975609756097562,0.573170731707317,1.5731707317073171,98.1219512195122,96.54878048780488,19.914634146341463,0.3658170731707317,40.02439024390244,12.195121951219512,0.75,0.23170731707317083,7.353658536585367,2.1585365853658516,-5.195121951219505,0.4512195121951237,0.02845121951219509,2.170731707317074,-0.21951219512195053
40800212,1610612738,1,1610612753,2008-09,0.7560975609756098,7.512195121951219,100.91463414634147,93.40243902439025,16.524390243902438,0.39004878048780484,42.13414634146341,15.0,0.7195121951219512,6.695121951219512,101.04878048780488,94.35365853658537,26.182926829268293,0.3767317073170732,43.25609756097561,13.5,0.5,0.03658536585365857,0.8170731707317067,-0.13414634146340632,-0.9512195121951237,-9.658536585365855,0.013317073170731664,-1.121951219512198,1.5
40800222,1610612747,1,1610612745,2008-09,0.7926829268292683,7.658536585365853,106.92682926829268,99.26829268292683,18.48780487804878,0.36534146341463414,43.926829268292686,13.121951219512194,0.6463414634146342,4.0,98.41463414634147,94.41463414634147,20.195121951219512,0.37391463414634146,42.97560975609756,13.329268292682928,1.0,0.14634146341463417,3.6585365853658534,8.512195121951208,4.853658536585357,-1.7073170731707314,-0.008573170731707325,0.9512195121951237,-0.20731707317073322
40800232,1610612743,1,1610612742,2008-09,0.6585365853658537,3.4146341463414633,104.32926829268293,100.91463414634147,18.01219512195122,0.3675121951219512,41.609756097560975,14.951219512195122,0.6097560975609756,1.975609756097561,101.7439024390244,99.76829268292683,19.902439024390244,0.35429268292682925,42.73170731707317,12.207317073170731,1.0,0.04878048780487809,1.4390243902439024,2.58536585365853,1.1463414634146432,-1.8902439024390247,0.013219512195121963,-1.121951219512198,2.7439024390243905
40800201,1610612739,1,1610612737,2008-09,0.8048780487804879,8.926829268292684,100.28048780487805,91.35365853658537,20.365853658536587,0.3942682926829268,42.19512195121951,11.975609756097562,0.573170731707317,1.5731707317073171,98.1219512195122,96.54878048780488,19.914634146341463,0.3658170731707317,40.02439024390244,12.195121951219512,0.75,0.23170731707317083,7.353658536585367,2.1585365853658516,-5.195121951219505,0.4512195121951237,0.02845121951219509,2.170731707317074,-0.21951219512195053
40800221,1610612747,0,1610612745,2008-09,0.7926829268292683,7.658536585365853,106.92682926829268,99.26829268292683,18.48780487804878,0.36534146341463414,43.926829268292686,13.121951219512194,0.6463414634146342,4.0,98.41463414634147,94.41463414634147,20.195121951219512,0.37391463414634146,42.97560975609756,13.329268292682928,1.0,0.14634146341463417,3.6585365853658534,8.512195121951208,4.853658536585357,-1.7073170731707314,-0.008573170731707325,0.9512195121951237,-0.20731707317073322
40800211,1610612738,0,1610612753,2008-09,0.7560975609756098,7.512195121951219,100.91463414634147,93.40243902439025,16.524390243902438,0.39004878048780484,42.13414634146341,15.0,0.7195121951219512,6.695121951219512,101.04878048780488,94.35365853658537,26.182926829268293,0.3767317073170732,43.25609756097561,13.5,0.5,0.03658536585365857,0.8170731707317067,-0.13414634146340632,-0.9512195121951237,-9.658536585365855,0.013317073170731664,-1.121951219512198,1.5
40800137,1610612737,1,1610612748,2008-09,0.573170731707317,1.5731707317073171,98.1219512195122,96.54878048780488,19.914634146341463,0.3658170731707317,40.02439024390244,12.195121951219512,0.524390243902439,0.25609756097560976,98.3048780487805,98.04878048780488,19.890243902439025,0.3581219512195122,39.5,11.939024390243903,0.75,0.04878048780487798,1.3170731707317074,-0.18292682926829684,-1.5,0.024390243902438158,0.007695121951219519,0.5243902439024382,0.25609756097560954
40800231,1610612743,1,1610612742,2008-09,0.6585365853658537,3.4146341463414633,104.32926829268293,100.91463414634147,18.01219512195122,0.3675121951219512,41.609756097560975,14.951219512195122,0.6097560975609756,1.975609756097561,101.7439024390244,99.76829268292683,19.902439024390244,0.35429268292682925,42.73170731707317,12.207317073170731,1.0,0.04878048780487809,1.4390243902439024,2.58536585365853,1.1463414634146432,-1.8902439024390247,0.013219512195121963,-1.121951219512198,2.7439024390243905
40800117,1610612738,1,1610612741,2008-09,0.7560975609756098,7.512195121951219,100.91463414634147,93.40243902439025,16.524390243902438,0.39004878048780484,42.13414634146341,15.0,0.5,-0.2804878048780488,102.17073170731707,102.45121951219512,15.768292682926829,0.3754390243902439,42.08536585365854,13.865853658536585,0.6666666666666666,0.25609756097560976,7.792682926829268,-1.2560975609756042,-9.048780487804876,0.7560975609756095,0.014609756097560933,0.048780487804876316,1.1341463414634152
40800136,1610612748,1,1610612737,2008-09,0.524390243902439,0.25609756097560976,98.3048780487805,98.04878048780488,19.890243902439025,0.3581219512195122,39.5,11.939024390243903,0.573170731707317,1.5731707317073171,98.1219512195122,96.54878048780488,19.914634146341463,0.3658170731707317,40.02439024390244,12.195121951219512,0.25,-0.04878048780487798,-1.3170731707317074,0.18292682926829684,1.5,-0.024390243902438158,-0.007695121951219519,-0.5243902439024382,-0.25609756097560954
40800126,1610612755,0,1610612753,2008-09,0.5,0.07317073170731707,97.40243902439025,97.32926829268293,13.073170731707316,0.3134512195121951,41.15853658536585,13.5,0.7195121951219512,6.695121951219512,101.04878048780488,94.35365853658537,26.182926829268293,0.3767317073170732,43.25609756097561,13.5,0.0,-0.2195121951219512,-6.621951219512195,-3.646341463414629,2.9756097560975547,-13.109756097560977,-0.06328048780487805,-2.0975609756097597,0.0
40800176,1610612745,1,1610612757,2008-09,0.6463414634146342,4.0,98.41463414634147,94.41463414634147,20.195121951219512,0.37391463414634146,42.97560975609756,13.329268292682928,0.6585365853658537,5.341463414634147,99.42682926829268,94.08536585365853,18.963414634146343,0.3835,41.707317073170735,12.121951219512194,0.6666666666666666,-0.012195121951219523,-1.3414634146341466,-1.0121951219512084,0.32926829268294,1.2317073170731696,-0.009585365853658545,1.2682926829268268,1.2073170731707332
40800116,1610612741,1,1610612738,2008-09,0.5,-0.2804878048780488,102.17073170731707,102.45121951219512,15.768292682926829,0.3754390243902439,42.08536585365854,13.865853658536585,0.7560975609756098,7.512195121951219,100.91463414634147,93.40243902439025,16.524390243902438,0.39004878048780484,42.13414634146341,15.0,0.3333333333333333,-0.25609756097560976,-7.792682926829268,1.2560975609756042,9.048780487804876,-0.7560975609756095,-0.014609756097560933,-0.048780487804876316,-1.1341463414634152
40800135,1610612737,1,1610612748,2008-09,0.573170731707317,1.5731707317073171,98.1219512195122,96.54878048780488,19.914634146341463,0.3658170731707317,40.02439024390244,12.195121951219512,0.524390243902439,0.25609756097560976,98.3048780487805,98.04878048780488,19.890243902439025,0.3581219512195122,39.5,11.939024390243903,0.75,0.04878048780487798,1.3170731707317074,-0.18292682926829684,-1.5,0.024390243902438158,0.007695121951219519,0.5243902439024382,0.25609756097560954
40800155,1610612743,1,1610612740,2008-09,0.6585365853658537,3.4146341463414633,104.32926829268293,100.91463414634147,18.01219512195122,0.3675121951219512,41.609756097560975,14.951219512195122,0.5975609756097561,1.548780487804878,95.8170731707317,94.26829268292683,18.609756097560975,0.3555609756097561,39.69512195121951,11.707317073170731,0.5,0.060975609756097615,1.8658536585365852,8.512195121951223,6.646341463414643,-0.5975609756097562,0.011951219512195133,1.914634146341463,3.2439024390243905
40800175,1610612757,1,1610612745,2008-09,0.6585365853658537,5.341463414634147,99.42682926829268,94.08536585365853,18.963414634146343,0.3835,41.707317073170735,12.121951219512194,0.6463414634146342,4.0,98.41463414634147,94.41463414634147,20.195121951219512,0.37391463414634146,42.97560975609756,13.329268292682928,0.3333333333333333,0.012195121951219523,1.3414634146341466,1.0121951219512084,-0.32926829268294,-1.2317073170731696,0.009585365853658545,-1.2682926829268268,-1.2073170731707332
40800165,1610612759,0,1610612742,2008-09,0.6585365853658537,3.7560975609756095,97.04878048780488,93.29268292682927,19.75609756097561,0.3899756097560976,41.048780487804876,11.134146341463415,0.6097560975609756,1.975609756097561,101.7439024390244,99.76829268292683,19.902439024390244,0.35429268292682925,42.73170731707317,12.207317073170731,0.5,0.04878048780487809,1.7804878048780486,-4.6951219512195195,-6.475609756097555,-0.1463414634146325,0.035682926829268324,-1.6829268292682968,-1.0731707317073162
40800115,1610612738,1,1610612741,2008-09,0.7560975609756098,7.512195121951219,100.91463414634147,93.40243902439025,16.524390243902438,0.39004878048780484,42.13414634146341,15.0,0.5,-0.2804878048780488,102.17073170731707,102.45121951219512,15.768292682926829,0.3754390243902439,42.08536585365854,13.865853658536585,0.6666666666666666,0.25609756097560976,7.792682926829268,-1.2560975609756042,-9.048780487804876,0.7560975609756095,0.014609756097560933,0.048780487804876316,1.1341463414634152
40800125,1610612753,1,1610612755,2008-09,0.7195121951219512,6.695121951219512,101.04878048780488,94.35365853658537,26.182926829268293,0.3767317073170732,43.25609756097561,13.5,0.5,0.07317073170731707,97.40243902439025,97.32926829268293,13.073170731707316,0.3134512195121951,41.15853658536585,13.5,1.0,0.2195121951219512,6.621951219512195,3.646341463414629,-2.9756097560975547,13.109756097560977,0.06328048780487805,2.0975609756097597,0.0
40800145,1610612747,1,1610612762,2008-09,0.7926829268292683,7.658536585365853,106.92682926829268,99.26829268292683,18.48780487804878,0.36534146341463414,43.926829268292686,13.121951219512194,0.5853658536585366,2.6463414634146343,103.5609756097561,100.91463414634147,13.682926829268293,0.3440121951219512,41.01219512195122,14.25609756097561,0.6666666666666666,0.20731707317073178,5.012195121951219,3.3658536585365795,-1.6463414634146432,4.804878048780488,0.021329268292682946,2.914634146341463,-1.1341463414634152
40800134,1610612748,0,1610612737,2008-09,0.524390243902439,0.25609756097560976,98.3048780487805,98.04878048780488,19.890243902439025,0.3581219512195122,39.5,11.939024390243903,0.573170731707317,1.5731707317073171,98.1219512195122,96.54878048780488,19.914634146341463,0.3658170731707317,40.02439024390244,12.195121951219512,0.25,-0.04878048780487798,-1.3170731707317074,0.18292682926829684,1.5,-0.024390243902438158,-0.007695121951219519,-0.5243902439024382,-0.25609756097560954
40800154,1610612740,0,1610612743,2008-09,0.5975609756097561,1.548780487804878,95.8170731707317,94.26829268292683,18.609756097560975,0.3555609756097561,39.69512195121951,11.707317073170731,0.6585365853658537,3.4146341463414633,104.32926829268293,100.91463414634147,18.01219512195122,0.3675121951219512,41.609756097560975,14.951219512195122,0.5,-0.060975609756097615,-1.8658536585365852,-8.512195121951223,-6.646341463414643,0.5975609756097562,-0.011951219512195133,-1.914634146341463,-3.2439024390243905
40800104,1610612765,0,1610612739,2008-09,0.47560975609756095,-0.4878048780487805,94.23170731707317,94.71951219512195,13.158536585365853,0.3418414634146341,41.426829268292686,11.231707317073171,0.8048780487804879,8.926829268292684,100.28048780487805,91.35365853658537,20.365853658536587,0.3942682926829268,42.19512195121951,11.975609756097562,0.25,-0.3292682926829269,-9.414634146341465,-6.048780487804876,3.3658536585365795,-7.207317073170733,-0.052426829268292674,-0.7682926829268268,-0.7439024390243905
40800174,1610612745,1,1610612757,2008-09,0.6463414634146342,4.0,98.41463414634147,94.41463414634147,20.195121951219512,0.37391463414634146,42.97560975609756,13.329268292682928,0.6585365853658537,5.341463414634147,99.42682926829268,94.08536585365853,18.963414634146343,0.3835,41.707317073170735,12.121951219512194,0.6666666666666666,-0.012195121951219523,-1.3414634146341466,-1.0121951219512084,0.32926829268294,1.2317073170731696,-0.009585365853658545,1.2682926829268268,1.2073170731707332
40800124,1610612755,0,1610612753,2008-09,0.5,0.07317073170731707,97.40243902439025,97.32926829268293,13.073170731707316,0.3134512195121951,41.15853658536585,13.5,0.7195121951219512,6.695121951219512,101.04878048780488,94.35365853658537,26.182926829268293,0.3767317073170732,43.25609756097561,13.5,0.0,-0.2195121951219512,-6.621951219512195,-3.646341463414629,2.9756097560975547,-13.109756097560977,-0.06328048780487805,-2.0975609756097597,0.0
40800114,1610612741,1,1610612738,2008-09,0.5,-0.2804878048780488,102.17073170731707,102.45121951219512,15.768292682926829,0.3754390243902439,42.08536585365854,13.865853658536585,0.7560975609756098,7.512195121951219,100.91463414634147,93.40243902439025,16.524390243902438,0.39004878048780484,42.13414634146341,15.0,0.3333333333333333,-0.25609756097560976,-7.792682926829268,1.2560975609756042,9.048780487804876,-0.7560975609756095,-0.014609756097560933,-0.048780487804876316,-1.1341463414634152
40800144,1610612762,0,1610612747,2008-09,0.5853658536585366,2.6463414634146343,103.5609756097561,100.91463414634147,13.682926829268293,0.3440121951219512,41.01219512195122,14.25609756097561,0.7926829268292683,7.658536585365853,106.92682926829268,99.26829268292683,18.48780487804878,0.36534146341463414,43.926829268292686,13.121951219512194,0.3333333333333333,-0.20731707317073178,-5.012195121951219,-3.3658536585365795,1.6463414634146432,-4.804878048780488,-0.021329268292682946,-2.914634146341463,1.1341463414634152
40800153,1610612740,1,1610612743,2008-09,0.5975609756097561,1.548780487804878,95.8170731707317,94.26829268292683,18.609756097560975,0.3555609756097561,39.69512195121951,11.707317073170731,0.6585365853658537,3.4146341463414633,104.32926829268293,100.91463414634147,18.01219512195122,0.3675121951219512,41.609756097560975,14.951219512195122,0.5,-0.060975609756097615,-1.8658536585365852,-8.512195121951223,-6.646341463414643,0.5975609756097562,-0.011951219512195133,-1.914634146341463,-3.2439024390243905
40800164,1610612742,1,1610612759,2008-09,0.6097560975609756,1.975609756097561,101.7439024390244,99.76829268292683,19.902439024390244,0.35429268292682925,42.73170731707317,12.207317073170731,0.6585365853658537,3.7560975609756095,97.04878048780488,93.29268292682927,19.75609756097561,0.3899756097560976,41.048780487804876,11.134146341463415,0.5,-0.04878048780487809,-1.7804878048780486,4.6951219512195195,6.475609756097555,0.1463414634146325,-0.035682926829268324,1.6829268292682968,1.0731707317073162
40800133,1610612748,1,1610612737,2008-09,0.524390243902439,0.25609756097560976,98.3048780487805,98.04878048780488,19.890243902439025,0.3581219512195122,39.5,11.939024390243903,0.573170731707317,1.5731707317073171,98.1219512195122,96.54878048780488,19.914634146341463,0.3658170731707317,40.02439024390244,12.195121951219512,0.25,-0.04878048780487798,-1.3170731707317074,0.18292682926829684,1.5,-0.024390243902438158,-0.007695121951219519,-0.5243902439024382,-0.25609756097560954
40800103,1610612765,0,1610612739,2008-09,0.47560975609756095,-0.4878048780487805,94.23170731707317,94.71951219512195,13.158536585365853,0.3418414634146341,41.426829268292686,11.231707317073171,0.8048780487804879,8.926829268292684,100.28048780487805,91.35365853658537,20.365853658536587,0.3942682926829268,42.19512195121951,11.975609756097562,0.25,-0.3292682926829269,-9.414634146341465,-6.048780487804876,3.3658536585365795,-7.207317073170733,-0.052426829268292674,-0.7682926829268268,-0.7439024390243905
40800123,1610612755,1,1610612753,2008-09,0.5,0.07317073170731707,97.40243902439025,97.32926829268293,13.073170731707316,0.3134512195121951,41.15853658536585,13.5,0.7195121951219512,6.695121951219512,101.04878048780488,94.35365853658537,26.182926829268293,0.3767317073170732,43.25609756097561,13.5,0.0,-0.2195121951219512,-6.621951219512195,-3.646341463414629,2.9756097560975547,-13.109756097560977,-0.06328048780487805,-2.0975609756097597,0.0
40800173,1610612745,1,1610612757,2008-09,0.6463414634146342,4.0,98.41463414634147,94.41463414634147,20.195121951219512,0.37391463414634146,42.97560975609756,13.329268292682928,0.6585365853658537,5.341463414634147,99.42682926829268,94.08536585365853,18.963414634146343,0.3835,41.707317073170735,12.121951219512194,0.6666666666666666,-0.012195121951219523,-1.3414634146341466,-1.0121951219512084,0.32926829268294,1.2317073170731696,-0.009585365853658545,1.2682926829268268,1.2073170731707332
40800143,1610612762,1,1610612747,2008-09,0.5853658536585366,2.6463414634146343,103.5609756097561,100.91463414634147,13.682926829268293,0.3440121951219512,41.01219512195122,14.25609756097561,0.7926829268292683,7.658536585365853,106.92682926829268,99.26829268292683,18.48780487804878,0.36534146341463414,43.926829268292686,13.121951219512194,0.3333333333333333,-0.20731707317073178,-5.012195121951219,-3.3658536585365795,1.6463414634146432,-4.804878048780488,-0.021329268292682946,-2.914634146341463,1.1341463414634152
40800113,1610612741,0,1610612738,2008-09,0.5,-0.2804878048780488,102.17073170731707,102.45121951219512,15.768292682926829,0.3754390243902439,42.08536585365854,13.865853658536585,0.7560975609756098,7.512195121951219,100.91463414634147,93.40243902439025,16.524390243902438,0.39004878048780484,42.13414634146341,15.0,0.3333333333333333,-0.25609756097560976,-7.792682926829268,1.2560975609756042,9.048780487804876,-0.7560975609756095,-0.014609756097560933,-0.048780487804876316,-1.1341463414634152
40800163,1610612742,1,1610612759,2008-09,0.6097560975609756,1.975609756097561,101.7439024390244,99.76829268292683,19.902439024390244,0.35429268292682925,42.73170731707317,12.207317073170731,0.6585365853658537,3.7560975609756095,97.04878048780488,93.29268292682927,19.75609756097561,0.3899756097560976,41.048780487804876,11.134146341463415,0.5,-0.04878048780487809,-1.7804878048780486,4.6951219512195195,6.475609756097555,0.1463414634146325,-0.035682926829268324,1.6829268292682968,1.0731707317073162
40800122,1610612753,1,1610612755,2008-09,0.7195121951219512,6.695121951219512,101.04878048780488,94.35365853658537,26.182926829268293,0.3767317073170732,43.25609756097561,13.5,0.5,0.07317073170731707,97.40243902439025,97.32926829268293,13.073170731707316,0.3134512195121951,41.15853658536585,13.5,1.0,0.2195121951219512,6.621951219512195,3.646341463414629,-2.9756097560975547,13.109756097560977,0.06328048780487805,2.0975609756097597,0.0
40800132,1610612737,0,1610612748,2008-09,0.573170731707317,1.5731707317073171,98.1219512195122,96.54878048780488,19.914634146341463,0.3658170731707317,40.02439024390244,12.195121951219512,0.524390243902439,0.25609756097560976,98.3048780487805,98.04878048780488,19.890243902439025,0.3581219512195122,39.5,11.939024390243903,0.75,0.04878048780487798,1.3170731707317074,-0.18292682926829684,-1.5,0.024390243902438158,0.007695121951219519,0.5243902439024382,0.25609756097560954
40800152,1610612743,1,1610612740,2008-09,0.6585365853658537,3.4146341463414633,104.32926829268293,100.91463414634147,18.01219512195122,0.3675121951219512,41.609756097560975,14.951219512195122,0.5975609756097561,1.548780487804878,95.8170731707317,94.26829268292683,18.609756097560975,0.3555609756097561,39.69512195121951,11.707317073170731,0.5,0.060975609756097615,1.8658536585365852,8.512195121951223,6.646341463414643,-0.5975609756097562,0.011951219512195133,1.914634146341463,3.2439024390243905
40800102,1610612739,1,1610612765,2008-09,0.8048780487804879,8.926829268292684,100.28048780487805,91.35365853658537,20.365853658536587,0.3942682926829268,42.19512195121951,11.975609756097562,0.47560975609756095,-0.4878048780487805,94.23170731707317,94.71951219512195,13.158536585365853,0.3418414634146341,41.426829268292686,11.231707317073171,0.75,0.3292682926829269,9.414634146341465,6.048780487804876,-3.3658536585365795,7.207317073170733,0.052426829268292674,0.7682926829268268,0.7439024390243905
40800172,1610612757,1,1610612745,2008-09,0.6585365853658537,5.341463414634147,99.42682926829268,94.08536585365853,18.963414634146343,0.3835,41.707317073170735,12.121951219512194,0.6463414634146342,4.0,98.41463414634147,94.41463414634147,20.195121951219512,0.37391463414634146,42.97560975609756,13.329268292682928,0.3333333333333333,0.012195121951219523,1.3414634146341466,1.0121951219512084,-0.32926829268294,-1.2317073170731696,0.009585365853658545,-1.2682926829268268,-1.2073170731707332
40800142,1610612747,1,1610612762,2008-09,0.7926829268292683,7.658536585365853,106.92682926829268,99.26829268292683,18.48780487804878,0.36534146341463414,43.926829268292686,13.121951219512194,0.5853658536585366,2.6463414634146343,103.5609756097561,100.91463414634147,13.682926829268293,0.3440121951219512,41.01219512195122,14.25609756097561,0.6666666666666666,0.20731707317073178,5.012195121951219,3.3658536585365795,-1.6463414634146432,4.804878048780488,0.021329268292682946,2.914634146341463,-1.1341463414634152
40800112,1610612738,1,1610612741,2008-09,0.7560975609756098,7.512195121951219,100.91463414634147,93.40243902439025,16.524390243902438,0.39004878048780484,42.13414634146341,15.0,0.5,-0.2804878048780488,102.17073170731707,102.45121951219512,15.768292682926829,0.3754390243902439,42.08536585365854,13.865853658536585,0.6666666666666666,0.25609756097560976,7.792682926829268,-1.2560975609756042,-9.048780487804876,0.7560975609756095,0.014609756097560933,0.048780487804876316,1.1341463414634152
40800162,1610612759,1,1610612742,2008-09,0.6585365853658537,3.7560975609756095,97.04878048780488,93.29268292682927,19.75609756097561,0.3899756097560976,41.048780487804876,11.134146341463415,0.6097560975609756,1.975609756097561,101.7439024390244,99.76829268292683,19.902439024390244,0.35429268292682925,42.73170731707317,12.207317073170731,0.5,0.04878048780487809,1.7804878048780486,-4.6951219512195195,-6.475609756097555,-0.1463414634146325,0.035682926829268324,-1.6829268292682968,-1.0731707317073162
40800151,1610612743,1,1610612740,2008-09,0.6585365853658537,3.4146341463414633,104.32926829268293,100.91463414634147,18.01219512195122,0.3675121951219512,41.609756097560975,14.951219512195122,0.5975609756097561,1.548780487804878,95.8170731707317,94.26829268292683,18.609756097560975,0.3555609756097561,39.69512195121951,11.707317073170731,0.5,0.060975609756097615,1.8658536585365852,8.512195121951223,6.646341463414643,-0.5975609756097562,0.011951219512195133,1.914634146341463,3.2439024390243905
40800121,1610612753,0,1610612755,2008-09,0.7195121951219512,6.695121951219512,101.04878048780488,94.35365853658537,26.182926829268293,0.3767317073170732,43.25609756097561,13.5,0.5,0.07317073170731707,97.40243902439025,97.32926829268293,13.073170731707316,0.3134512195121951,41.15853658536585,13.5,1.0,0.2195121951219512,6.621951219512195,3.646341463414629,-2.9756097560975547,13.109756097560977,0.06328048780487805,2.0975609756097597,0.0
40800141,1610612747,1,1610612762,2008-09,0.7926829268292683,7.658536585365853,106.92682926829268,99.26829268292683,18.48780487804878,0.36534146341463414,43.926829268292686,13.121951219512194,0.5853658536585366,2.6463414634146343,103.5609756097561,100.91463414634147,13.682926829268293,0.3440121951219512,41.01219512195122,14.25609756097561,0.6666666666666666,0.20731707317073178,5.012195121951219,3.3658536585365795,-1.6463414634146432,4.804878048780488,0.021329268292682946,2.914634146341463,-1.1341463414634152
40800131,1610612737,1,1610612748,2008-09,0.573170731707317,1.5731707317073171,98.1219512195122,96.54878048780488,19.914634146341463,0.3658170731707317,40.02439024390244,12.195121951219512,0.524390243902439,0.25609756097560976,98.3048780487805,98.04878048780488,19.890243902439025,0.3581219512195122,39.5,11.939024390243903,0.75,0.04878048780487798,1.3170731707317074,-0.18292682926829684,-1.5,0.024390243902438158,0.007695121951219519,0.5243902439024382,0.25609756097560954
40800161,1610612759,0,1610612742,2008-09,0.6585365853658537,3.7560975609756095,97.04878048780488,93.29268292682927,19.75609756097561,0.3899756097560976,41.048780487804876,11.134146341463415,0.6097560975609756,1.975609756097561,101.7439024390244,99.76829268292683,19.902439024390244,0.35429268292682925,42.73170731707317,12.207317073170731,0.5,0.04878048780487809,1.7804878048780486,-4.6951219512195195,-6.475609756097555,-0.1463414634146325,0.035682926829268324,-1.6829268292682968,-1.0731707317073162
40800101,1610612739,1,1610612765,2008-09,0.8048780487804879,8.926829268292684,100.28048780487805,91.35365853658537,20.365853658536587,0.3942682926829268,42.19512195121951,11.975609756097562,0.47560975609756095,-0.4878048780487805,94.23170731707317,94.71951219512195,13.158536585365853,0.3418414634146341,41.426829268292686,11.231707317073171,0.75,0.3292682926829269,9.414634146341465,6.048780487804876,-3.3658536585365795,7.207317073170733,0.052426829268292674,0.7682926829268268,0.7439024390243905
40800111,1610612738,0,1610612741,2008-09,0.7560975609756098,7.512195121951219,100.91463414634147,93.40243902439025,16.524390243902438,0.39004878048780484,42.13414634146341,15.0,0.5,-0.2804878048780488,102.17073170731707,102.45121951219512,15.768292682926829,0.3754390243902439,42.08536585365854,13.865853658536585,0.6666666666666666,0.25609756097560976,7.792682926829268,-1.2560975609756042,-9.048780487804876,0.7560975609756095,0.014609756097560933,0.048780487804876316,1.1341463414634152
40800171,1610612757,0,1610612745,2008-09,0.6585365853658537,5.341463414634147,99.42682926829268,94.08536585365853,18.963414634146343,0.3835,41.707317073170735,12.121951219512194,0.6463414634146342,4.0,98.41463414634147,94.41463414634147,20.195121951219512,0.37391463414634146,42.97560975609756,13.329268292682928,0.3333333333333333,0.012195121951219523,1.3414634146341466,1.0121951219512084,-0.32926829268294,-1.2317073170731696,0.009585365853658545,-1.2682926829268268,-1.2073170731707332
40900407,1610612747,1,1610612738,2009-10,0.6951219512195121,4.7073170731707314,101.6951219512195,96.97560975609755,19.048780487804876,0.3381829268292683,44.329268292682926,13.0,0.6097560975609756,3.658536585365854,99.21951219512195,95.5609756097561,17.475609756097562,0.341609756097561,38.59756097560975,14.048780487804878,0.5,0.08536585365853655,1.0487804878048776,2.4756097560975547,1.4146341463414558,1.5731707317073145,-0.003426829268292686,5.731707317073173,-1.048780487804878
40900406,1610612747,1,1610612738,2009-10,0.6951219512195121,4.7073170731707314,101.6951219512195,96.97560975609755,19.048780487804876,0.3381829268292683,44.329268292682926,13.0,0.6097560975609756,3.658536585365854,99.21951219512195,95.5609756097561,17.475609756097562,0.341609756097561,38.59756097560975,14.048780487804878,0.5,0.08536585365853655,1.0487804878048776,2.4756097560975547,1.4146341463414558,1.5731707317073145,-0.003426829268292686,5.731707317073173,-1.048780487804878
40900405,1610612738,1,1610612747,2009-10,0.6097560975609756,3.658536585365854,99.21951219512195,95.5609756097561,17.475609756097562,0.341609756097561,38.59756097560975,14.048780487804878,0.6951219512195121,4.7073170731707314,101.6951219512195,96.97560975609755,19.048780487804876,0.3381829268292683,44.329268292682926,13.0,0.5,-0.08536585365853655,-1.0487804878048776,-2.4756097560975547,-1.4146341463414558,-1.5731707317073145,0.003426829268292686,-5.731707317073173,1.048780487804878
40900404,1610612738,1,1610612747,2009-10,0.6097560975609756,3.658536585365854,99.21951219512195,95.5609756097561,17.475609756097562,0.341609756097561,38.59756097560975,14.048780487804878,0.6951219512195121,4.7073170731707314,101.6951219512195,96.97560975609755,19.048780487804876,0.3381829268292683,44.329268292682926,13.0,0.5,-0.08536585365853655,-1.0487804878048776,-2.4756097560975547,-1.4146341463414558,-1.5731707317073145,0.003426829268292686,-5.731707317073173,1.048780487804878
40900403,1610612738,0,1610612747,2009-10,0.6097560975609756,3.658536585365854,99.21951219512195,95.5609756097561,17.475609756097562,0.341609756097561,38.59756097560975,14.048780487804878,0.6951219512195121,4.7073170731707314,101.6951219512195,96.97560975609755,19.048780487804876,0.3381829268292683,44.329268292682926,13.0,0.5,-0.08536585365853655,-1.0487804878048776,-2.4756097560975547,-1.4146341463414558,-1.5731707317073145,0.003426829268292686,-5.731707317073173,1.048780487804878
40900402,1610612747,0,1610612738,2009-10,0.6951219512195121,4.7073170731707314,101.6951219512195,96.97560975609755,19.048780487804876,0.3381829268292683,44.329268292682926,13.0,0.6097560975609756,3.658536585365854,99.21951219512195,95.5609756097561,17.475609756097562,0.341609756097561,38.59756097560975,14.048780487804878,0.5,0.08536585365853655,1.0487804878048776,2.4756097560975547,1.4146341463414558,1.5731707317073145,-0.003426829268292686,5.731707317073173,-1.048780487804878
40900401,1610612747,1,1610612738,2009-10,0.6951219512195121,4.7073170731707314,101.6951219512195,96.97560975609755,19.048780487804876,0.3381829268292683,44.329268292682926,13.0,0.6097560975609756,3.658536585365854,99.21951219512195,95.5609756097561,17.475609756097562,0.341609756097561,38.59756097560975,14.048780487804878,0.5,0.08536585365853655,1.0487804878048776,2.4756097560975547,1.4146341463414558,1.5731707317073145,-0.003426829268292686,5.731707317073173,-1.048780487804878
40900316,1610612756,0,1610612747,2009-10,0.6585365853658537,4.902439024390244,110.23170731707317,105.32926829268293,21.585365853658537,0.40947560975609754,43.0,14.109756097560975,0.6951219512195121,4.7073170731707314,101.6951219512195,96.97560975609755,19.048780487804876,0.3381829268292683,44.329268292682926,13.0,0.25,-0.03658536585365846,0.19512195121951237,8.536585365853668,8.353658536585371,2.536585365853661,0.07129268292682922,-1.3292682926829258,1.1097560975609753
40900306,1610612738,1,1610612753,2009-10,0.6097560975609756,3.658536585365854,99.21951219512195,95.5609756097561,17.475609756097562,0.341609756097561,38.59756097560975,14.048780487804878,0.7195121951219512,7.487804878048781,102.7560975609756,95.26829268292683,27.329268292682926,0.37715853658536586,43.24390243902439,13.621951219512194,0.25,-0.1097560975609756,-3.829268292682927,-3.5365853658536537,0.2926829268292721,-9.853658536585364,-0.035548780487804854,-4.646341463414636,0.42682926829268375
40900315,1610612747,1,1610612756,2009-10,0.6951219512195121,4.7073170731707314,101.6951219512195,96.97560975609755,19.048780487804876,0.3381829268292683,44.329268292682926,13.0,0.6585365853658537,4.902439024390244,110.23170731707317,105.32926829268293,21.585365853658537,0.40947560975609754,43.0,14.109756097560975,0.75,0.03658536585365846,-0.19512195121951237,-8.536585365853668,-8.353658536585371,-2.536585365853661,-0.07129268292682922,1.3292682926829258,-1.1097560975609753
40900305,1610612753,1,1610612738,2009-10,0.7195121951219512,7.487804878048781,102.7560975609756,95.26829268292683,27.329268292682926,0.37715853658536586,43.24390243902439,13.621951219512194,0.6097560975609756,3.658536585365854,99.21951219512195,95.5609756097561,17.475609756097562,0.341609756097561,38.59756097560975,14.048780487804878,0.75,0.1097560975609756,3.829268292682927,3.5365853658536537,-0.2926829268292721,9.853658536585364,0.035548780487804854,4.646341463414636,-0.42682926829268375
40900314,1610612756,1,1610612747,2009-10,0.6585365853658537,4.902439024390244,110.23170731707317,105.32926829268293,21.585365853658537,0.40947560975609754,43.0,14.109756097560975,0.6951219512195121,4.7073170731707314,101.6951219512195,96.97560975609755,19.048780487804876,0.3381829268292683,44.329268292682926,13.0,0.25,-0.03658536585365846,0.19512195121951237,8.536585365853668,8.353658536585371,2.536585365853661,0.07129268292682922,-1.3292682926829258,1.1097560975609753
40900304,1610612738,0,1610612753,2009-10,0.6097560975609756,3.658536585365854,99.21951219512195,95.5609756097561,17.475609756097562,0.341609756097561,38.59756097560975,14.048780487804878,0.7195121951219512,7.487804878048781,102.7560975609756,95.26829268292683,27.329268292682926,0.37715853658536586,43.24390243902439,13.621951219512194,0.25,-0.1097560975609756,-3.829268292682927,-3.5365853658536537,0.2926829268292721,-9.853658536585364,-0.035548780487804854,-4.646341463414636,0.42682926829268375
40900313,1610612756,1,1610612747,2009-10,0.6585365853658537,4.902439024390244,110.23170731707317,105.32926829268293,21.585365853658537,0.40947560975609754,43.0,14.109756097560975,0.6951219512195121,4.7073170731707314,101.6951219512195,96.97560975609755,19.048780487804876,0.3381829268292683,44.329268292682926,13.0,0.25,-0.03658536585365846,0.19512195121951237,8.536585365853668,8.353658536585371,2.536585365853661,0.07129268292682922,-1.3292682926829258,1.1097560975609753
40900303,1610612738,1,1610612753,2009-10,0.6097560975609756,3.658536585365854,99.21951219512195,95.5609756097561,17.475609756097562,0.341609756097561,38.59756097560975,14.048780487804878,0.7195121951219512,7.487804878048781,102.7560975609756,95.26829268292683,27.329268292682926,0.37715853658536586,43.24390243902439,13.621951219512194,0.25,-0.1097560975609756,-3.829268292682927,-3.5365853658536537,0.2926829268292721,-9.853658536585364,-0.035548780487804854,-4.646341463414636,0.42682926829268375
40900312,1610612747,1,1610612756,2009-10,0.6951219512195121,4.7073170731707314,101.6951219512195,96.97560975609755,19.048780487804876,0.3381829268292683,44.329268292682926,13.0,0.6585365853658537,4.902439024390244,110.23170731707317,105.32926829268293,21.585365853658537,0.40947560975609754,43.0,14.109756097560975,0.75,0.03658536585365846,-0.19512195121951237,-8.536585365853668,-8.353658536585371,-2.536585365853661,-0.07129268292682922,1.3292682926829258,-1.1097560975609753
40900302,1610612753,0,1610612738,2009-10,0.7195121951219512,7.487804878048781,102.7560975609756,95.26829268292683,27.329268292682926,0.37715853658536586,43.24390243902439,13.621951219512194,0.6097560975609756,3.658536585365854,99.21951219512195,95.5609756097561,17.475609756097562,0.341609756097561,38.59756097560975,14.048780487804878,0.75,0.1097560975609756,3.829268292682927,3.5365853658536537,-0.2926829268292721,9.853658536585364,0.035548780487804854,4.646341463414636,-0.42682926829268375
40900311,1610612747,1,1610612756,2009-10,0.6951219512195121,4.7073170731707314,101.6951219512195,96.97560975609755,19.048780487804876,0.3381829268292683,44.329268292682926,13.0,0.6585365853658537,4.902439024390244,110.23170731707317,105.32926829268293,21.585365853658537,0.40947560975609754,43.0,14.109756097560975,0.75,0.03658536585365846,-0.19512195121951237,-8.536585365853668,-8.353658536585371,-2.536585365853661,-0.07129268292682922,1.3292682926829258,-1.1097560975609753
40900301,1610612753,0,1610612738,2009-10,0.7195121951219512,7.487804878048781,102.7560975609756,95.26829268292683,27.329268292682926,0.37715853658536586,43.24390243902439,13.621951219512194,0.6097560975609756,3.658536585365854,99.21951219512195,95.5609756097561,17.475609756097562,0.341609756097561,38.59756097560975,14.048780487804878,0.75,0.1097560975609756,3.829268292682927,3.5365853658536537,-0.2926829268292721,9.853658536585364,0.035548780487804854,4.646341463414636,-0.42682926829268375
40900206,1610612738,1,1610612739,2009-10,0.6097560975609756,3.658536585365854,99.21951219512195,95.5609756097561,17.475609756097562,0.341609756097561,38.59756097560975,14.048780487804878,0.7439024390243902,6.524390243902439,102.10975609756098,95.58536585365853,19.29268292682927,0.3828658536585366,42.47560975609756,13.036585365853659,0.5,-0.13414634146341464,-2.8658536585365852,-2.8902439024390247,-0.024390243902431052,-1.8170731707317067,-0.04125609756097559,-3.878048780487809,1.012195121951219
40900205,1610612739,0,1610612738,2009-10,0.7439024390243902,6.524390243902439,102.10975609756098,95.58536585365853,19.29268292682927,0.3828658536585366,42.47560975609756,13.036585365853659,0.6097560975609756,3.658536585365854,99.21951219512195,95.5609756097561,17.475609756097562,0.341609756097561,38.59756097560975,14.048780487804878,0.5,0.13414634146341464,2.8658536585365852,2.8902439024390247,0.024390243902431052,1.8170731707317067,0.04125609756097559,3.878048780487809,-1.012195121951219
40900214,1610612737,0,1610612753,2009-10,0.6463414634146342,4.658536585365853,101.6829268292683,97.02439024390245,17.74390243902439,0.35923170731707316,41.707317073170735,11.475609756097562,0.7195121951219512,7.487804878048781,102.7560975609756,95.26829268292683,27.329268292682926,0.37715853658536586,43.24390243902439,13.621951219512194,0.25,-0.07317073170731703,-2.8292682926829276,-1.0731707317073074,1.7560975609756184,-9.585365853658537,-0.0179268292682927,-1.5365853658536537,-2.1463414634146325
40900234,1610612762,0,1610612747,2009-10,0.6463414634146342,5.341463414634147,104.23170731707317,98.89024390243902,14.71951219512195,0.35048780487804876,42.19512195121951,14.585365853658537,0.6951219512195121,4.7073170731707314,101.6951219512195,96.97560975609755,19.048780487804876,0.3381829268292683,44.329268292682926,13.0,0.25,-0.04878048780487798,0.6341463414634152,2.536585365853668,1.91463414634147,-4.329268292682926,0.012304878048780443,-2.1341463414634134,1.585365853658537
40900204,1610612738,1,1610612739,2009-10,0.6097560975609756,3.658536585365854,99.21951219512195,95.5609756097561,17.475609756097562,0.341609756097561,38.59756097560975,14.048780487804878,0.7439024390243902,6.524390243902439,102.10975609756098,95.58536585365853,19.29268292682927,0.3828658536585366,42.47560975609756,13.036585365853659,0.5,-0.13414634146341464,-2.8658536585365852,-2.8902439024390247,-0.024390243902431052,-1.8170731707317067,-0.04125609756097559,-3.878048780487809,1.012195121951219
40900224,1610612759,0,1610612756,2009-10,0.6097560975609756,5.073170731707317,101.36585365853658,96.28048780487805,18.865853658536587,0.3653170731707317,42.78048780487805,12.951219512195122,0.6585365853658537,4.902439024390244,110.23170731707317,105.32926829268293,21.585365853658537,0.40947560975609754,43.0,14.109756097560975,0.3333333333333333,-0.04878048780487809,0.17073170731707332,-8.865853658536594,-9.048780487804876,-2.7195121951219505,-0.04415853658536584,-0.21951219512195053,-1.1585365853658534
40900233,1610612762,0,1610612747,2009-10,0.6463414634146342,5.341463414634147,104.23170731707317,98.89024390243902,14.71951219512195,0.35048780487804876,42.19512195121951,14.585365853658537,0.6951219512195121,4.7073170731707314,101.6951219512195,96.97560975609755,19.048780487804876,0.3381829268292683,44.329268292682926,13.0,0.25,-0.04878048780487798,0.6341463414634152,2.536585365853668,1.91463414634147,-4.329268292682926,0.012304878048780443,-2.1341463414634134,1.585365853658537
40900213,1610612737,0,1610612753,2009-10,0.6463414634146342,4.658536585365853,101.6829268292683,97.02439024390245,17.74390243902439,0.35923170731707316,41.707317073170735,11.475609756097562,0.7195121951219512,7.487804878048781,102.7560975609756,95.26829268292683,27.329268292682926,0.37715853658536586,43.24390243902439,13.621951219512194,0.25,-0.07317073170731703,-2.8292682926829276,-1.0731707317073074,1.7560975609756184,-9.585365853658537,-0.0179268292682927,-1.5365853658536537,-2.1463414634146325
40900223,1610612759,0,1610612756,2009-10,0.6097560975609756,5.073170731707317,101.36585365853658,96.28048780487805,18.865853658536587,0.3653170731707317,42.78048780487805,12.951219512195122,0.6585365853658537,4.902439024390244,110.23170731707317,105.32926829268293,21.585365853658537,0.40947560975609754,43.0,14.109756097560975,0.3333333333333333,-0.04878048780487809,0.17073170731707332,-8.865853658536594,-9.048780487804876,-2.7195121951219505,-0.04415853658536584,-0.21951219512195053,-1.1585365853658534
40900203,1610612738,0,1610612739,2009-10,0.6097560975609756,3.658536585365854,99.21951219512195,95.5609756097561,17.475609756097562,0.341609756097561,38.59756097560975,14.048780487804878,0.7439024390243902,6.524390243902439,102.10975609756098,95.58536585365853,19.29268292682927,0.3828658536585366,42.47560975609756,13.036585365853659,0.5,-0.13414634146341464,-2.8658536585365852,-2.8902439024390247,-0.024390243902431052,-1.8170731707317067,-0.04125609756097559,-3.878048780487809,1.012195121951219
40900212,1610612753,1,1610612737,2009-10,0.7195121951219512,7.487804878048781,102.7560975609756,95.26829268292683,27.329268292682926,0.37715853658536586,43.24390243902439,13.621951219512194,0.6463414634146342,4.658536585365853,101.6829268292683,97.02439024390245,17.74390243902439,0.35923170731707316,41.707317073170735,11.475609756097562,0.75,0.07317073170731703,2.8292682926829276,1.0731707317073074,-1.7560975609756184,9.585365853658537,0.0179268292682927,1.5365853658536537,2.1463414634146325
40900222,1610612756,1,1610612759,2009-10,0.6585365853658537,4.902439024390244,110.23170731707317,105.32926829268293,21.585365853658537,0.40947560975609754,43.0,14.109756097560975,0.6097560975609756,5.073170731707317,101.36585365853658,96.28048780487805,18.865853658536587,0.3653170731707317,42.78048780487805,12.951219512195122,0.6666666666666666,0.04878048780487809,-0.17073170731707332,8.865853658536594,9.048780487804876,2.7195121951219505,0.04415853658536584,0.21951219512195053,1.1585365853658534
40900211,1610612753,1,1610612737,2009-10,0.7195121951219512,7.487804878048781,102.7560975609756,95.26829268292683,27.329268292682926,0.37715853658536586,43.24390243902439,13.621951219512194,0.6463414634146342,4.658536585365853,101.6829268292683,97.02439024390245,17.74390243902439,0.35923170731707316,41.707317073170735,11.475609756097562,0.75,0.07317073170731703,2.8292682926829276,1.0731707317073074,-1.7560975609756184,9.585365853658537,0.0179268292682927,1.5365853658536537,2.1463414634146325
40900232,1610612747,1,1610612762,2009-10,0.6951219512195121,4.7073170731707314,101.6951219512195,96.97560975609755,19.048780487804876,0.3381829268292683,44.329268292682926,13.0,0.6463414634146342,5.341463414634147,104.23170731707317,98.89024390243902,14.71951219512195,0.35048780487804876,42.19512195121951,14.585365853658537,0.75,0.04878048780487798,-0.6341463414634152,-2.536585365853668,-1.91463414634147,4.329268292682926,-0.012304878048780443,2.1341463414634134,-1.585365853658537
40900221,1610612756,1,1610612759,2009-10,0.6585365853658537,4.902439024390244,110.23170731707317,105.32926829268293,21.585365853658537,0.40947560975609754,43.0,14.109756097560975,0.6097560975609756,5.073170731707317,101.36585365853658,96.28048780487805,18.865853658536587,0.3653170731707317,42.78048780487805,12.951219512195122,0.6666666666666666,0.04878048780487809,-0.17073170731707332,8.865853658536594,9.048780487804876,2.7195121951219505,0.04415853658536584,0.21951219512195053,1.1585365853658534
40900202,1610612739,0,1610612738,2009-10,0.7439024390243902,6.524390243902439,102.10975609756098,95.58536585365853,19.29268292682927,0.3828658536585366,42.47560975609756,13.036585365853659,0.6097560975609756,3.658536585365854,99.21951219512195,95.5609756097561,17.475609756097562,0.341609756097561,38.59756097560975,14.048780487804878,0.5,0.13414634146341464,2.8658536585365852,2.8902439024390247,0.024390243902431052,1.8170731707317067,0.04125609756097559,3.878048780487809,-1.012195121951219
40900231,1610612747,1,1610612762,2009-10,0.6951219512195121,4.7073170731707314,101.6951219512195,96.97560975609755,19.048780487804876,0.3381829268292683,44.329268292682926,13.0,0.6463414634146342,5.341463414634147,104.23170731707317,98.89024390243902,14.71951219512195,0.35048780487804876,42.19512195121951,14.585365853658537,0.75,0.04878048780487798,-0.6341463414634152,-2.536585365853668,-1.91463414634147,4.329268292682926,-0.012304878048780443,2.1341463414634134,-1.585365853658537
40900127,1610612737,1,1610612749,2009-10,0.6463414634146342,4.658536585365853,101.6829268292683,97.02439024390245,17.74390243902439,0.35923170731707316,41.707317073170735,11.475609756097562,0.5609756097560976,1.6951219512195121,97.67073170731707,95.97560975609755,22.109756097560975,0.3572560975609756,42.98780487804878,12.682926829268293,0.6666666666666666,0.08536585365853655,2.963414634146341,4.012195121951223,1.0487804878048905,-4.365853658536587,0.0019756097560975627,-1.2804878048780424,-1.2073170731707314
40900201,1610612739,1,1610612738,2009-10,0.7439024390243902,6.524390243902439,102.10975609756098,95.58536585365853,19.29268292682927,0.3828658536585366,42.47560975609756,13.036585365853659,0.6097560975609756,3.658536585365854,99.21951219512195,95.5609756097561,17.475609756097562,0.341609756097561,38.59756097560975,14.048780487804878,0.5,0.13414634146341464,2.8658536585365852,2.8902439024390247,0.024390243902431052,1.8170731707317067,0.04125609756097559,3.878048780487809,-1.012195121951219
40900176,1610612762,1,1610612743,2009-10,0.6463414634146342,5.341463414634147,104.23170731707317,98.89024390243902,14.71951219512195,0.35048780487804876,42.19512195121951,14.585365853658537,0.6463414634146342,4.146341463414634,106.45121951219512,102.36585365853658,18.5,0.3563658536585366,41.390243902439025,13.512195121951219,0.25,0.0,1.1951219512195124,-2.2195121951219505,-3.4756097560975547,-3.7804878048780495,-0.005878048780487866,0.8048780487804876,1.073170731707318
40900126,1610612749,0,1610612737,2009-10,0.5609756097560976,1.6951219512195121,97.67073170731707,95.97560975609755,22.109756097560975,0.3572560975609756,42.98780487804878,12.682926829268293,0.6463414634146342,4.658536585365853,101.6829268292683,97.02439024390245,17.74390243902439,0.35923170731707316,41.707317073170735,11.475609756097562,0.3333333333333333,-0.08536585365853655,-2.963414634146341,-4.012195121951223,-1.0487804878048905,4.365853658536587,-0.0019756097560975627,1.2804878048780424,1.2073170731707314
40900146,1610612760,0,1610612747,2009-10,0.6097560975609756,3.4878048780487805,101.48780487804878,98.0,14.987804878048781,0.33896341463414636,43.5,14.195121951219512,0.6951219512195121,4.7073170731707314,101.6951219512195,96.97560975609755,19.048780487804876,0.3381829268292683,44.329268292682926,13.0,0.25,-0.08536585365853655,-1.219512195121951,-0.2073170731707279,1.0243902439024453,-4.060975609756095,0.0007804878048780495,-0.8292682926829258,1.1951219512195124
40900166,1610612757,0,1610612756,2009-10,0.6097560975609756,3.3048780487804876,98.10975609756098,94.8048780487805,16.926829268292682,0.35042682926829266,40.19512195121951,11.524390243902438,0.6585365853658537,4.902439024390244,110.23170731707317,105.32926829268293,21.585365853658537,0.40947560975609754,43.0,14.109756097560975,0.6666666666666666,-0.04878048780487809,-1.5975609756097562,-12.121951219512198,-10.524390243902431,-4.658536585365855,-0.059048780487804875,-2.8048780487804876,-2.585365853658537
40900156,1610612759,1,1610612742,2009-10,0.6097560975609756,5.073170731707317,101.36585365853658,96.28048780487805,18.865853658536587,0.3653170731707317,42.78048780487805,12.951219512195122,0.6707317073170732,2.7195121951219514,102.0,99.28048780487805,18.26829268292683,0.37085365853658536,41.707317073170735,12.378048780487806,0.25,-0.060975609756097615,2.3536585365853657,-0.6341463414634205,-3.0,0.5975609756097562,-0.0055365853658536635,1.0731707317073145,0.5731707317073162
40900125,1610612737,0,1610612749,2009-10,0.6463414634146342,4.658536585365853,101.6829268292683,97.02439024390245,17.74390243902439,0.35923170731707316,41.707317073170735,11.475609756097562,0.5609756097560976,1.6951219512195121,97.67073170731707,95.97560975609755,22.109756097560975,0.3572560975609756,42.98780487804878,12.682926829268293,0.6666666666666666,0.08536585365853655,2.963414634146341,4.012195121951223,1.0487804878048905,-4.365853658536587,0.0019756097560975627,-1.2804878048780424,-1.2073170731707314
40900175,1610612743,1,1610612762,2009-10,0.6463414634146342,4.146341463414634,106.45121951219512,102.36585365853658,18.5,0.3563658536585366,41.390243902439025,13.512195121951219,0.6463414634146342,5.341463414634147,104.23170731707317,98.89024390243902,14.71951219512195,0.35048780487804876,42.19512195121951,14.585365853658537,0.75,0.0,-1.1951219512195124,2.2195121951219505,3.4756097560975547,3.7804878048780495,0.005878048780487866,-0.8048780487804876,-1.073170731707318
40900145,1610612747,1,1610612760,2009-10,0.6951219512195121,4.7073170731707314,101.6951219512195,96.97560975609755,19.048780487804876,0.3381829268292683,44.329268292682926,13.0,0.6097560975609756,3.4878048780487805,101.48780487804878,98.0,14.987804878048781,0.33896341463414636,43.5,14.195121951219512,0.75,0.08536585365853655,1.219512195121951,0.2073170731707279,-1.0243902439024453,4.060975609756095,-0.0007804878048780495,0.8292682926829258,-1.1951219512195124
40900135,1610612738,1,1610612748,2009-10,0.6097560975609756,3.658536585365854,99.21951219512195,95.5609756097561,17.475609756097562,0.341609756097561,38.59756097560975,14.048780487804878,0.573170731707317,2.2804878048780486,96.51219512195122,94.23170731707317,17.390243902439025,0.3420365853658537,41.80487804878049,12.329268292682928,1.0,0.03658536585365857,1.3780487804878052,2.707317073170728,1.3292682926829258,0.0853658536585371,-0.0004268292682926833,-3.207317073170735,1.7195121951219505
40900155,1610612742,1,1610612759,2009-10,0.6707317073170732,2.7195121951219514,102.0,99.28048780487805,18.26829268292683,0.37085365853658536,41.707317073170735,12.378048780487806,0.6097560975609756,5.073170731707317,101.36585365853658,96.28048780487805,18.865853658536587,0.3653170731707317,42.78048780487805,12.951219512195122,0.75,0.060975609756097615,-2.3536585365853657,0.6341463414634205,3.0,-0.5975609756097562,0.0055365853658536635,-1.0731707317073145,-0.5731707317073162
40900105,1610612739,1,1610612741,2009-10,0.7439024390243902,6.524390243902439,102.10975609756098,95.58536585365853,19.29268292682927,0.3828658536585366,42.47560975609756,13.036585365853659,0.5,-1.6341463414634145,97.47560975609755,99.10975609756098,13.0,0.33608536585365856,44.53658536585366,13.670731707317072,0.5,0.24390243902439024,8.158536585365853,4.6341463414634205,-3.5243902439024453,6.2926829268292686,0.046780487804878035,-2.060975609756099,-0.6341463414634134
40900114,1610612766,0,1610612753,2009-10,0.5365853658536586,1.4634146341463414,95.28048780487805,93.8170731707317,16.23170731707317,0.34345121951219515,40.829268292682926,14.878048780487806,0.7195121951219512,7.487804878048781,102.7560975609756,95.26829268292683,27.329268292682926,0.37715853658536586,43.24390243902439,13.621951219512194,0.25,-0.18292682926829262,-6.02439024390244,-7.475609756097555,-1.4512195121951237,-11.097560975609756,-0.033707317073170706,-2.414634146341463,1.2560975609756113
40900165,1610612756,1,1610612757,2009-10,0.6585365853658537,4.902439024390244,110.23170731707317,105.32926829268293,21.585365853658537,0.40947560975609754,43.0,14.109756097560975,0.6097560975609756,3.3048780487804876,98.10975609756098,94.8048780487805,16.926829268292682,0.35042682926829266,40.19512195121951,11.524390243902438,0.3333333333333333,0.04878048780487809,1.5975609756097562,12.121951219512198,10.524390243902431,4.658536585365855,0.059048780487804875,2.8048780487804876,2.585365853658537
40900124,1610612749,1,1610612737,2009-10,0.5609756097560976,1.6951219512195121,97.67073170731707,95.97560975609755,22.109756097560975,0.3572560975609756,42.98780487804878,12.682926829268293,0.6463414634146342,4.658536585365853,101.6829268292683,97.02439024390245,17.74390243902439,0.35923170731707316,41.707317073170735,11.475609756097562,0.3333333333333333,-0.08536585365853655,-2.963414634146341,-4.012195121951223,-1.0487804878048905,4.365853658536587,-0.0019756097560975627,1.2804878048780424,1.2073170731707314
40900154,1610612759,1,1610612742,2009-10,0.6097560975609756,5.073170731707317,101.36585365853658,96.28048780487805,18.865853658536587,0.3653170731707317,42.78048780487805,12.951219512195122,0.6707317073170732,2.7195121951219514,102.0,99.28048780487805,18.26829268292683,0.37085365853658536,41.707317073170735,12.378048780487806,0.25,-0.060975609756097615,2.3536585365853657,-0.6341463414634205,-3.0,0.5975609756097562,-0.0055365853658536635,1.0731707317073145,0.5731707317073162
40900174,1610612762,1,1610612743,2009-10,0.6463414634146342,5.341463414634147,104.23170731707317,98.89024390243902,14.71951219512195,0.35048780487804876,42.19512195121951,14.585365853658537,0.6463414634146342,4.146341463414634,106.45121951219512,102.36585365853658,18.5,0.3563658536585366,41.390243902439025,13.512195121951219,0.25,0.0,1.1951219512195124,-2.2195121951219505,-3.4756097560975547,-3.7804878048780495,-0.005878048780487866,0.8048780487804876,1.073170731707318
40900104,1610612741,0,1610612739,2009-10,0.5,-1.6341463414634145,97.47560975609755,99.10975609756098,13.0,0.33608536585365856,44.53658536585366,13.670731707317072,0.7439024390243902,6.524390243902439,102.10975609756098,95.58536585365853,19.29268292682927,0.3828658536585366,42.47560975609756,13.036585365853659,0.5,-0.24390243902439024,-8.158536585365853,-4.6341463414634205,3.5243902439024453,-6.2926829268292686,-0.046780487804878035,2.060975609756099,0.6341463414634134
40900134,1610612748,1,1610612738,2009-10,0.573170731707317,2.2804878048780486,96.51219512195122,94.23170731707317,17.390243902439025,0.3420365853658537,41.80487804878049,12.329268292682928,0.6097560975609756,3.658536585365854,99.21951219512195,95.5609756097561,17.475609756097562,0.341609756097561,38.59756097560975,14.048780487804878,0.0,-0.03658536585365857,-1.3780487804878052,-2.707317073170728,-1.3292682926829258,-0.0853658536585371,0.0004268292682926833,3.207317073170735,-1.7195121951219505
40900113,1610612766,0,1610612753,2009-10,0.5365853658536586,1.4634146341463414,95.28048780487805,93.8170731707317,16.23170731707317,0.34345121951219515,40.829268292682926,14.878048780487806,0.7195121951219512,7.487804878048781,102.7560975609756,95.26829268292683,27.329268292682926,0.37715853658536586,43.24390243902439,13.621951219512194,0.25,-0.18292682926829262,-6.02439024390244,-7.475609756097555,-1.4512195121951237,-11.097560975609756,-0.033707317073170706,-2.414634146341463,1.2560975609756113
40900164,1610612757,1,1610612756,2009-10,0.6097560975609756,3.3048780487804876,98.10975609756098,94.8048780487805,16.926829268292682,0.35042682926829266,40.19512195121951,11.524390243902438,0.6585365853658537,4.902439024390244,110.23170731707317,105.32926829268293,21.585365853658537,0.40947560975609754,43.0,14.109756097560975,0.6666666666666666,-0.04878048780487809,-1.5975609756097562,-12.121951219512198,-10.524390243902431,-4.658536585365855,-0.059048780487804875,-2.8048780487804876,-2.585365853658537
40900144,1610612760,1,1610612747,2009-10,0.6097560975609756,3.4878048780487805,101.48780487804878,98.0,14.987804878048781,0.33896341463414636,43.5,14.195121951219512,0.6951219512195121,4.7073170731707314,101.6951219512195,96.97560975609755,19.048780487804876,0.3381829268292683,44.329268292682926,13.0,0.25,-0.08536585365853655,-1.219512195121951,-0.2073170731707279,1.0243902439024453,-4.060975609756095,0.0007804878048780495,-0.8292682926829258,1.1951219512195124
40900123,1610612749,1,1610612737,2009-10,0.5609756097560976,1.6951219512195121,97.67073170731707,95.97560975609755,22.109756097560975,0.3572560975609756,42.98780487804878,12.682926829268293,0.6463414634146342,4.658536585365853,101.6829268292683,97.02439024390245,17.74390243902439,0.35923170731707316,41.707317073170735,11.475609756097562,0.3333333333333333,-0.08536585365853655,-2.963414634146341,-4.012195121951223,-1.0487804878048905,4.365853658536587,-0.0019756097560975627,1.2804878048780424,1.2073170731707314
40900153,1610612759,1,1610612742,2009-10,0.6097560975609756,5.073170731707317,101.36585365853658,96.28048780487805,18.865853658536587,0.3653170731707317,42.78048780487805,12.951219512195122,0.6707317073170732,2.7195121951219514,102.0,99.28048780487805,18.26829268292683,0.37085365853658536,41.707317073170735,12.378048780487806,0.25,-0.060975609756097615,2.3536585365853657,-0.6341463414634205,-3.0,0.5975609756097562,-0.0055365853658536635,1.0731707317073145,0.5731707317073162
40900133,1610612748,0,1610612738,2009-10,0.573170731707317,2.2804878048780486,96.51219512195122,94.23170731707317,17.390243902439025,0.3420365853658537,41.80487804878049,12.329268292682928,0.6097560975609756,3.658536585365854,99.21951219512195,95.5609756097561,17.475609756097562,0.341609756097561,38.59756097560975,14.048780487804878,0.0,-0.03658536585365857,-1.3780487804878052,-2.707317073170728,-1.3292682926829258,-0.0853658536585371,0.0004268292682926833,3.207317073170735,-1.7195121951219505
40900173,1610612762,1,1610612743,2009-10,0.6463414634146342,5.341463414634147,104.23170731707317,98.89024390243902,14.71951219512195,0.35048780487804876,42.19512195121951,14.585365853658537,0.6463414634146342,4.146341463414634,106.45121951219512,102.36585365853658,18.5,0.3563658536585366,41.390243902439025,13.512195121951219,0.25,0.0,1.1951219512195124,-2.2195121951219505,-3.4756097560975547,-3.7804878048780495,-0.005878048780487866,0.8048780487804876,1.073170731707318
40900163,1610612757,0,1610612756,2009-10,0.6097560975609756,3.3048780487804876,98.10975609756098,94.8048780487805,16.926829268292682,0.35042682926829266,40.19512195121951,11.524390243902438,0.6585365853658537,4.902439024390244,110.23170731707317,105.32926829268293,21.585365853658537,0.40947560975609754,43.0,14.109756097560975,0.6666666666666666,-0.04878048780487809,-1.5975609756097562,-12.121951219512198,-10.524390243902431,-4.658536585365855,-0.059048780487804875,-2.8048780487804876,-2.585365853658537
40900103,1610612741,1,1610612739,2009-10,0.5,-1.6341463414634145,97.47560975609755,99.10975609756098,13.0,0.33608536585365856,44.53658536585366,13.670731707317072,0.7439024390243902,6.524390243902439,102.10975609756098,95.58536585365853,19.29268292682927,0.3828658536585366,42.47560975609756,13.036585365853659,0.5,-0.24390243902439024,-8.158536585365853,-4.6341463414634205,3.5243902439024453,-6.2926829268292686,-0.046780487804878035,2.060975609756099,0.6341463414634134
40900143,1610612760,1,1610612747,2009-10,0.6097560975609756,3.4878048780487805,101.48780487804878,98.0,14.987804878048781,0.33896341463414636,43.5,14.195121951219512,0.6951219512195121,4.7073170731707314,101.6951219512195,96.97560975609755,19.048780487804876,0.3381829268292683,44.329268292682926,13.0,0.25,-0.08536585365853655,-1.219512195121951,-0.2073170731707279,1.0243902439024453,-4.060975609756095,0.0007804878048780495,-0.8292682926829258,1.1951219512195124
40900152,1610612742,0,1610612759,2009-10,0.6707317073170732,2.7195121951219514,102.0,99.28048780487805,18.26829268292683,0.37085365853658536,41.707317073170735,12.378048780487806,0.6097560975609756,5.073170731707317,101.36585365853658,96.28048780487805,18.865853658536587,0.3653170731707317,42.78048780487805,12.951219512195122,0.75,0.060975609756097615,-2.3536585365853657,0.6341463414634205,3.0,-0.5975609756097562,0.0055365853658536635,-1.0731707317073145,-0.5731707317073162
40900112,1610612753,1,1610612766,2009-10,0.7195121951219512,7.487804878048781,102.7560975609756,95.26829268292683,27.329268292682926,0.37715853658536586,43.24390243902439,13.621951219512194,0.5365853658536586,1.4634146341463414,95.28048780487805,93.8170731707317,16.23170731707317,0.34345121951219515,40.829268292682926,14.878048780487806,0.75,0.18292682926829262,6.02439024390244,7.475609756097555,1.4512195121951237,11.097560975609756,0.033707317073170706,2.414634146341463,-1.2560975609756113
40900122,1610612737,1,1610612749,2009-10,0.6463414634146342,4.658536585365853,101.6829268292683,97.02439024390245,17.74390243902439,0.35923170731707316,41.707317073170735,11.475609756097562,0.5609756097560976,1.6951219512195121,97.67073170731707,95.97560975609755,22.109756097560975,0.3572560975609756,42.98780487804878,12.682926829268293,0.6666666666666666,0.08536585365853655,2.963414634146341,4.012195121951223,1.0487804878048905,-4.365853658536587,0.0019756097560975627,-1.2804878048780424,-1.2073170731707314
40900142,1610612747,1,1610612760,2009-10,0.6951219512195121,4.7073170731707314,101.6951219512195,96.97560975609755,19.048780487804876,0.3381829268292683,44.329268292682926,13.0,0.6097560975609756,3.4878048780487805,101.48780487804878,98.0,14.987804878048781,0.33896341463414636,43.5,14.195121951219512,0.75,0.08536585365853655,1.219512195121951,0.2073170731707279,-1.0243902439024453,4.060975609756095,-0.0007804878048780495,0.8292682926829258,-1.1951219512195124
40900162,1610612756,1,1610612757,2009-10,0.6585365853658537,4.902439024390244,110.23170731707317,105.32926829268293,21.585365853658537,0.40947560975609754,43.0,14.109756097560975,0.6097560975609756,3.3048780487804876,98.10975609756098,94.8048780487805,16.926829268292682,0.35042682926829266,40.19512195121951,11.524390243902438,0.3333333333333333,0.04878048780487809,1.5975609756097562,12.121951219512198,10.524390243902431,4.658536585365855,0.059048780487804875,2.8048780487804876,2.585365853658537
40900132,1610612738,1,1610612748,2009-10,0.6097560975609756,3.658536585365854,99.21951219512195,95.5609756097561,17.475609756097562,0.341609756097561,38.59756097560975,14.048780487804878,0.573170731707317,2.2804878048780486,96.51219512195122,94.23170731707317,17.390243902439025,0.3420365853658537,41.80487804878049,12.329268292682928,1.0,0.03658536585365857,1.3780487804878052,2.707317073170728,1.3292682926829258,0.0853658536585371,-0.0004268292682926833,-3.207317073170735,1.7195121951219505
40900172,1610612743,0,1610612762,2009-10,0.6463414634146342,4.146341463414634,106.45121951219512,102.36585365853658,18.5,0.3563658536585366,41.390243902439025,13.512195121951219,0.6463414634146342,5.341463414634147,104.23170731707317,98.89024390243902,14.71951219512195,0.35048780487804876,42.19512195121951,14.585365853658537,0.75,0.0,-1.1951219512195124,2.2195121951219505,3.4756097560975547,3.7804878048780495,0.005878048780487866,-0.8048780487804876,-1.073170731707318
40900102,1610612739,1,1610612741,2009-10,0.7439024390243902,6.524390243902439,102.10975609756098,95.58536585365853,19.29268292682927,0.3828658536585366,42.47560975609756,13.036585365853659,0.5,-1.6341463414634145,97.47560975609755,99.10975609756098,13.0,0.33608536585365856,44.53658536585366,13.670731707317072,0.5,0.24390243902439024,8.158536585365853,4.6341463414634205,-3.5243902439024453,6.2926829268292686,0.046780487804878035,-2.060975609756099,-0.6341463414634134
40900161,1610612756,0,1610612757,2009-10,0.6585365853658537,4.902439024390244,110.23170731707317,105.32926829268293,21.585365853658537,0.40947560975609754,43.0,14.109756097560975,0.6097560975609756,3.3048780487804876,98.10975609756098,94.8048780487805,16.926829268292682,0.35042682926829266,40.19512195121951,11.524390243902438,0.3333333333333333,0.04878048780487809,1.5975609756097562,12.121951219512198,10.524390243902431,4.658536585365855,0.059048780487804875,2.8048780487804876,2.585365853658537
40900111,1610612753,1,1610612766,2009-10,0.7195121951219512,7.487804878048781,102.7560975609756,95.26829268292683,27.329268292682926,0.37715853658536586,43.24390243902439,13.621951219512194,0.5365853658536586,1.4634146341463414,95.28048780487805,93.8170731707317,16.23170731707317,0.34345121951219515,40.829268292682926,14.878048780487806,0.75,0.18292682926829262,6.02439024390244,7.475609756097555,1.4512195121951237,11.097560975609756,0.033707317073170706,2.414634146341463,-1.2560975609756113
40900141,1610612747,1,1610612760,2009-10,0.6951219512195121,4.7073170731707314,101.6951219512195,96.97560975609755,19.048780487804876,0.3381829268292683,44.329268292682926,13.0,0.6097560975609756,3.4878048780487805,101.48780487804878,98.0,14.987804878048781,0.33896341463414636,43.5,14.195121951219512,0.75,0.08536585365853655,1.219512195121951,0.2073170731707279,-1.0243902439024453,4.060975609756095,-0.0007804878048780495,0.8292682926829258,-1.1951219512195124
40900151,1610612742,1,1610612759,2009-10,0.6707317073170732,2.7195121951219514,102.0,99.28048780487805,18.26829268292683,0.37085365853658536,41.707317073170735,12.378048780487806,0.6097560975609756,5.073170731707317,101.36585365853658,96.28048780487805,18.865853658536587,0.3653170731707317,42.78048780487805,12.951219512195122,0.75,0.060975609756097615,-2.3536585365853657,0.6341463414634205,3.0,-0.5975609756097562,0.0055365853658536635,-1.0731707317073145,-0.5731707317073162
40900171,1610612743,1,1610612762,2009-10,0.6463414634146342,4.146341463414634,106.45121951219512,102.36585365853658,18.5,0.3563658536585366,41.390243902439025,13.512195121951219,0.6463414634146342,5.341463414634147,104.23170731707317,98.89024390243902,14.71951219512195,0.35048780487804876,42.19512195121951,14.585365853658537,0.75,0.0,-1.1951219512195124,2.2195121951219505,3.4756097560975547,3.7804878048780495,0.005878048780487866,-0.8048780487804876,-1.073170731707318
40900101,1610612739,1,1610612741,2009-10,0.7439024390243902,6.524390243902439,102.10975609756098,95.58536585365853,19.29268292682927,0.3828658536585366,42.47560975609756,13.036585365853659,0.5,-1.6341463414634145,97.47560975609755,99.10975609756098,13.0,0.33608536585365856,44.53658536585366,13.670731707317072,0.5,0.24390243902439024,8.158536585365853,4.6341463414634205,-3.5243902439024453,6.2926829268292686,0.046780487804878035,-2.060975609756099,-0.6341463414634134
40900131,1610612738,1,1610612748,2009-10,0.6097560975609756,3.658536585365854,99.21951219512195,95.5609756097561,17.475609756097562,0.341609756097561,38.59756097560975,14.048780487804878,0.573170731707317,2.2804878048780486,96.51219512195122,94.23170731707317,17.390243902439025,0.3420365853658537,41.80487804878049,12.329268292682928,1.0,0.03658536585365857,1.3780487804878052,2.707317073170728,1.3292682926829258,0.0853658536585371,-0.0004268292682926833,-3.207317073170735,1.7195121951219505
40900121,1610612737,1,1610612749,2009-10,0.6463414634146342,4.658536585365853,101.6829268292683,97.02439024390245,17.74390243902439,0.35923170731707316,41.707317073170735,11.475609756097562,0.5609756097560976,1.6951219512195121,97.67073170731707,95.97560975609755,22.109756097560975,0.3572560975609756,42.98780487804878,12.682926829268293,0.6666666666666666,0.08536585365853655,2.963414634146341,4.012195121951223,1.0487804878048905,-4.365853658536587,0.0019756097560975627,-1.2804878048780424,-1.2073170731707314
41000406,1610612748,0,1610612742,2010-11,0.7073170731707317,7.439024390243903,102.0609756097561,94.59756097560975,18.036585365853657,0.36735365853658536,42.146341463414636,13.21951219512195,0.6951219512195121,4.2317073170731705,100.2439024390244,96.01219512195122,21.5609756097561,0.3644268292682927,41.4390243902439,13.5,0.0,0.012195121951219523,3.2073170731707323,1.8170731707317032,-1.41463414634147,-3.5243902439024417,0.0029268292682926855,0.707317073170735,-0.2804878048780495
41000405,1610612742,1,1610612748,2010-11,0.6951219512195121,4.2317073170731705,100.2439024390244,96.01219512195122,21.5609756097561,0.3644268292682927,41.4390243902439,13.5,0.7073170731707317,7.439024390243903,102.0609756097561,94.59756097560975,18.036585365853657,0.36735365853658536,42.146341463414636,13.21951219512195,1.0,-0.012195121951219523,-3.2073170731707323,-1.8170731707317032,1.41463414634147,3.5243902439024417,-0.0029268292682926855,-0.707317073170735,0.2804878048780495
41000404,1610612742,1,1610612748,2010-11,0.6951219512195121,4.2317073170731705,100.2439024390244,96.01219512195122,21.5609756097561,0.3644268292682927,41.4390243902439,13.5,0.7073170731707317,7.439024390243903,102.0609756097561,94.59756097560975,18.036585365853657,0.36735365853658536,42.146341463414636,13.21951219512195,1.0,-0.012195121951219523,-3.2073170731707323,-1.8170731707317032,1.41463414634147,3.5243902439024417,-0.0029268292682926855,-0.707317073170735,0.2804878048780495
41000403,1610612742,0,1610612748,2010-11,0.6951219512195121,4.2317073170731705,100.2439024390244,96.01219512195122,21.5609756097561,0.3644268292682927,41.4390243902439,13.5,0.7073170731707317,7.439024390243903,102.0609756097561,94.59756097560975,18.036585365853657,0.36735365853658536,42.146341463414636,13.21951219512195,1.0,-0.012195121951219523,-3.2073170731707323,-1.8170731707317032,1.41463414634147,3.5243902439024417,-0.0029268292682926855,-0.707317073170735,0.2804878048780495
41000402,1610612748,0,1610612742,2010-11,0.7073170731707317,7.439024390243903,102.0609756097561,94.59756097560975,18.036585365853657,0.36735365853658536,42.146341463414636,13.21951219512195,0.6951219512195121,4.2317073170731705,100.2439024390244,96.01219512195122,21.5609756097561,0.3644268292682927,41.4390243902439,13.5,0.0,0.012195121951219523,3.2073170731707323,1.8170731707317032,-1.41463414634147,-3.5243902439024417,0.0029268292682926855,0.707317073170735,-0.2804878048780495
41000401,1610612748,1,1610612742,2010-11,0.7073170731707317,7.439024390243903,102.0609756097561,94.59756097560975,18.036585365853657,0.36735365853658536,42.146341463414636,13.21951219512195,0.6951219512195121,4.2317073170731705,100.2439024390244,96.01219512195122,21.5609756097561,0.3644268292682927,41.4390243902439,13.5,0.0,0.012195121951219523,3.2073170731707323,1.8170731707317032,-1.41463414634147,-3.5243902439024417,0.0029268292682926855,0.707317073170735,-0.2804878048780495
41000305,1610612741,0,1610612748,2010-11,0.7560975609756098,7.317073170731708,98.6219512195122,91.3048780487805,17.25609756097561,0.3603292682926829,44.15853658536585,13.463414634146341,0.7073170731707317,7.439024390243903,102.0609756097561,94.59756097560975,18.036585365853657,0.36735365853658536,42.146341463414636,13.21951219512195,1.0,0.04878048780487809,-0.12195121951219523,-3.439024390243901,-3.292682926829258,-0.7804878048780459,-0.007024390243902445,2.0121951219512155,0.24390243902439046
41000315,1610612742,1,1610612760,2010-11,0.6951219512195121,4.2317073170731705,100.2439024390244,96.01219512195122,21.5609756097561,0.3644268292682927,41.4390243902439,13.5,0.6707317073170732,3.792682926829268,104.82926829268293,101.03658536585365,17.109756097560975,0.34929268292682925,42.76829268292683,13.463414634146341,0.6666666666666666,0.024390243902438935,0.4390243902439024,-4.58536585365853,-5.024390243902431,4.451219512195124,0.015134146341463428,-1.3292682926829258,0.03658536585365901
41000304,1610612748,1,1610612741,2010-11,0.7073170731707317,7.439024390243903,102.0609756097561,94.59756097560975,18.036585365853657,0.36735365853658536,42.146341463414636,13.21951219512195,0.7560975609756098,7.317073170731708,98.6219512195122,91.3048780487805,17.25609756097561,0.3603292682926829,44.15853658536585,13.463414634146341,0.0,-0.04878048780487809,0.12195121951219523,3.439024390243901,3.292682926829258,0.7804878048780459,0.007024390243902445,-2.0121951219512155,-0.24390243902439046
41000314,1610612760,0,1610612742,2010-11,0.6707317073170732,3.792682926829268,104.82926829268293,101.03658536585365,17.109756097560975,0.34929268292682925,42.76829268292683,13.463414634146341,0.6951219512195121,4.2317073170731705,100.2439024390244,96.01219512195122,21.5609756097561,0.3644268292682927,41.4390243902439,13.5,0.3333333333333333,-0.024390243902438935,-0.4390243902439024,4.58536585365853,5.024390243902431,-4.451219512195124,-0.015134146341463428,1.3292682926829258,-0.03658536585365901
41000303,1610612748,1,1610612741,2010-11,0.7073170731707317,7.439024390243903,102.0609756097561,94.59756097560975,18.036585365853657,0.36735365853658536,42.146341463414636,13.21951219512195,0.7560975609756098,7.317073170731708,98.6219512195122,91.3048780487805,17.25609756097561,0.3603292682926829,44.15853658536585,13.463414634146341,0.0,-0.04878048780487809,0.12195121951219523,3.439024390243901,3.292682926829258,0.7804878048780459,0.007024390243902445,-2.0121951219512155,-0.24390243902439046
41000313,1610612760,0,1610612742,2010-11,0.6707317073170732,3.792682926829268,104.82926829268293,101.03658536585365,17.109756097560975,0.34929268292682925,42.76829268292683,13.463414634146341,0.6951219512195121,4.2317073170731705,100.2439024390244,96.01219512195122,21.5609756097561,0.3644268292682927,41.4390243902439,13.5,0.3333333333333333,-0.024390243902438935,-0.4390243902439024,4.58536585365853,5.024390243902431,-4.451219512195124,-0.015134146341463428,1.3292682926829258,-0.03658536585365901
41000312,1610612742,0,1610612760,2010-11,0.6951219512195121,4.2317073170731705,100.2439024390244,96.01219512195122,21.5609756097561,0.3644268292682927,41.4390243902439,13.5,0.6707317073170732,3.792682926829268,104.82926829268293,101.03658536585365,17.109756097560975,0.34929268292682925,42.76829268292683,13.463414634146341,0.6666666666666666,0.024390243902438935,0.4390243902439024,-4.58536585365853,-5.024390243902431,4.451219512195124,0.015134146341463428,-1.3292682926829258,0.03658536585365901
41000302,1610612741,0,1610612748,2010-11,0.7560975609756098,7.317073170731708,98.6219512195122,91.3048780487805,17.25609756097561,0.3603292682926829,44.15853658536585,13.463414634146341,0.7073170731707317,7.439024390243903,102.0609756097561,94.59756097560975,18.036585365853657,0.36735365853658536,42.146341463414636,13.21951219512195,1.0,0.04878048780487809,-0.12195121951219523,-3.439024390243901,-3.292682926829258,-0.7804878048780459,-0.007024390243902445,2.0121951219512155,0.24390243902439046
41000311,1610612742,1,1610612760,2010-11,0.6951219512195121,4.2317073170731705,100.2439024390244,96.01219512195122,21.5609756097561,0.3644268292682927,41.4390243902439,13.5,0.6707317073170732,3.792682926829268,104.82926829268293,101.03658536585365,17.109756097560975,0.34929268292682925,42.76829268292683,13.463414634146341,0.6666666666666666,0.024390243902438935,0.4390243902439024,-4.58536585365853,-5.024390243902431,4.451219512195124,0.015134146341463428,-1.3292682926829258,0.03658536585365901
41000301,1610612741,1,1610612748,2010-11,0.7560975609756098,7.317073170731708,98.6219512195122,91.3048780487805,17.25609756097561,0.3603292682926829,44.15853658536585,13.463414634146341,0.7073170731707317,7.439024390243903,102.0609756097561,94.59756097560975,18.036585365853657,0.36735365853658536,42.146341463414636,13.21951219512195,1.0,0.04878048780487809,-0.12195121951219523,-3.439024390243901,-3.292682926829258,-0.7804878048780459,-0.007024390243902445,2.0121951219512155,0.24390243902439046
41000227,1610612760,1,1610612763,2010-11,0.6707317073170732,3.792682926829268,104.82926829268293,101.03658536585365,17.109756097560975,0.34929268292682925,42.76829268292683,13.463414634146341,0.5609756097560976,2.341463414634146,99.9390243902439,97.59756097560975,11.292682926829269,0.3286829268292683,40.98780487804878,13.426829268292684,0.25,0.1097560975609756,1.451219512195122,4.890243902439025,3.439024390243901,5.817073170731707,0.02060975609756094,1.7804878048780495,0.03658536585365724
41000226,1610612763,1,1610612760,2010-11,0.5609756097560976,2.341463414634146,99.9390243902439,97.59756097560975,11.292682926829269,0.3286829268292683,40.98780487804878,13.426829268292684,0.6707317073170732,3.792682926829268,104.82926829268293,101.03658536585365,17.109756097560975,0.34929268292682925,42.76829268292683,13.463414634146341,0.75,-0.1097560975609756,-1.451219512195122,-4.890243902439025,-3.439024390243901,-5.817073170731707,-0.02060975609756094,-1.7804878048780495,-0.03658536585365724
41000206,1610612737,0,1610612741,2010-11,0.5365853658536586,-0.7926829268292683,95.0,95.8170731707317,17.402439024390244,0.3594878048780488,39.292682926829265,12.78048780487805,0.7560975609756098,7.317073170731708,98.6219512195122,91.3048780487805,17.25609756097561,0.3603292682926829,44.15853658536585,13.463414634146341,0.3333333333333333,-0.2195121951219512,-8.109756097560975,-3.621951219512198,4.512195121951208,0.1463414634146325,-0.0008414634146340916,-4.865853658536587,-0.6829268292682915
41000215,1610612748,1,1610612738,2010-11,0.7073170731707317,7.439024390243903,102.0609756097561,94.59756097560975,18.036585365853657,0.36735365853658536,42.146341463414636,13.21951219512195,0.6829268292682927,5.365853658536586,96.5,91.13414634146342,13.646341463414634,0.3614512195121951,38.792682926829265,13.597560975609756,0.25,0.024390243902438935,2.073170731707317,5.560975609756099,3.463414634146332,4.390243902439023,0.005902439024390249,3.353658536585371,-0.37804878048780566
41000225,1610612760,1,1610612763,2010-11,0.6707317073170732,3.792682926829268,104.82926829268293,101.03658536585365,17.109756097560975,0.34929268292682925,42.76829268292683,13.463414634146341,0.5609756097560976,2.341463414634146,99.9390243902439,97.59756097560975,11.292682926829269,0.3286829268292683,40.98780487804878,13.426829268292684,0.25,0.1097560975609756,1.451219512195122,4.890243902439025,3.439024390243901,5.817073170731707,0.02060975609756094,1.7804878048780495,0.03658536585365724
41000205,1610612741,1,1610612737,2010-11,0.7560975609756098,7.317073170731708,98.6219512195122,91.3048780487805,17.25609756097561,0.3603292682926829,44.15853658536585,13.463414634146341,0.5365853658536586,-0.7926829268292683,95.0,95.8170731707317,17.402439024390244,0.3594878048780488,39.292682926829265,12.78048780487805,0.6666666666666666,0.2195121951219512,8.109756097560975,3.621951219512198,-4.512195121951208,-0.1463414634146325,0.0008414634146340916,4.865853658536587,0.6829268292682915
41000224,1610612763,0,1610612760,2010-11,0.5609756097560976,2.341463414634146,99.9390243902439,97.59756097560975,11.292682926829269,0.3286829268292683,40.98780487804878,13.426829268292684,0.6707317073170732,3.792682926829268,104.82926829268293,101.03658536585365,17.109756097560975,0.34929268292682925,42.76829268292683,13.463414634146341,0.75,-0.1097560975609756,-1.451219512195122,-4.890243902439025,-3.439024390243901,-5.817073170731707,-0.02060975609756094,-1.7804878048780495,-0.03658536585365724
41000214,1610612738,0,1610612748,2010-11,0.6829268292682927,5.365853658536586,96.5,91.13414634146342,13.646341463414634,0.3614512195121951,38.792682926829265,13.597560975609756,0.7073170731707317,7.439024390243903,102.0609756097561,94.59756097560975,18.036585365853657,0.36735365853658536,42.146341463414636,13.21951219512195,0.75,-0.024390243902438935,-2.073170731707317,-5.560975609756099,-3.463414634146332,-4.390243902439023,-0.005902439024390249,-3.353658536585371,0.37804878048780566
41000234,1610612742,1,1610612747,2010-11,0.6951219512195121,4.2317073170731705,100.2439024390244,96.01219512195122,21.5609756097561,0.3644268292682927,41.4390243902439,13.5,0.6951219512195121,6.109756097560975,101.47560975609755,95.36585365853658,18.134146341463413,0.3515609756097561,43.96341463414634,12.573170731707316,0.3333333333333333,0.0,-1.8780487804878048,-1.231707317073159,0.6463414634146432,3.4268292682926855,0.012865853658536597,-2.524390243902438,0.9268292682926838
41000204,1610612737,1,1610612741,2010-11,0.5365853658536586,-0.7926829268292683,95.0,95.8170731707317,17.402439024390244,0.3594878048780488,39.292682926829265,12.78048780487805,0.7560975609756098,7.317073170731708,98.6219512195122,91.3048780487805,17.25609756097561,0.3603292682926829,44.15853658536585,13.463414634146341,0.3333333333333333,-0.2195121951219512,-8.109756097560975,-3.621951219512198,4.512195121951208,0.1463414634146325,-0.0008414634146340916,-4.865853658536587,-0.6829268292682915
41000223,1610612763,1,1610612760,2010-11,0.5609756097560976,2.341463414634146,99.9390243902439,97.59756097560975,11.292682926829269,0.3286829268292683,40.98780487804878,13.426829268292684,0.6707317073170732,3.792682926829268,104.82926829268293,101.03658536585365,17.109756097560975,0.34929268292682925,42.76829268292683,13.463414634146341,0.75,-0.1097560975609756,-1.451219512195122,-4.890243902439025,-3.439024390243901,-5.817073170731707,-0.02060975609756094,-1.7804878048780495,-0.03658536585365724
41000213,1610612738,1,1610612748,2010-11,0.6829268292682927,5.365853658536586,96.5,91.13414634146342,13.646341463414634,0.3614512195121951,38.792682926829265,13.597560975609756,0.7073170731707317,7.439024390243903,102.0609756097561,94.59756097560975,18.036585365853657,0.36735365853658536,42.146341463414636,13.21951219512195,0.75,-0.024390243902438935,-2.073170731707317,-5.560975609756099,-3.463414634146332,-4.390243902439023,-0.005902439024390249,-3.353658536585371,0.37804878048780566
41000203,1610612737,0,1610612741,2010-11,0.5365853658536586,-0.7926829268292683,95.0,95.8170731707317,17.402439024390244,0.3594878048780488,39.292682926829265,12.78048780487805,0.7560975609756098,7.317073170731708,98.6219512195122,91.3048780487805,17.25609756097561,0.3603292682926829,44.15853658536585,13.463414634146341,0.3333333333333333,-0.2195121951219512,-8.109756097560975,-3.621951219512198,4.512195121951208,0.1463414634146325,-0.0008414634146340916,-4.865853658536587,-0.6829268292682915
41000233,1610612742,1,1610612747,2010-11,0.6951219512195121,4.2317073170731705,100.2439024390244,96.01219512195122,21.5609756097561,0.3644268292682927,41.4390243902439,13.5,0.6951219512195121,6.109756097560975,101.47560975609755,95.36585365853658,18.134146341463413,0.3515609756097561,43.96341463414634,12.573170731707316,0.3333333333333333,0.0,-1.8780487804878048,-1.231707317073159,0.6463414634146432,3.4268292682926855,0.012865853658536597,-2.524390243902438,0.9268292682926838
41000202,1610612741,1,1610612737,2010-11,0.7560975609756098,7.317073170731708,98.6219512195122,91.3048780487805,17.25609756097561,0.3603292682926829,44.15853658536585,13.463414634146341,0.5365853658536586,-0.7926829268292683,95.0,95.8170731707317,17.402439024390244,0.3594878048780488,39.292682926829265,12.78048780487805,0.6666666666666666,0.2195121951219512,8.109756097560975,3.621951219512198,-4.512195121951208,-0.1463414634146325,0.0008414634146340916,4.865853658536587,0.6829268292682915
41000232,1610612747,0,1610612742,2010-11,0.6951219512195121,6.109756097560975,101.47560975609755,95.36585365853658,18.134146341463413,0.3515609756097561,43.96341463414634,12.573170731707316,0.6951219512195121,4.2317073170731705,100.2439024390244,96.01219512195122,21.5609756097561,0.3644268292682927,41.4390243902439,13.5,0.6666666666666666,0.0,1.8780487804878048,1.231707317073159,-0.6463414634146432,-3.4268292682926855,-0.012865853658536597,2.524390243902438,-0.9268292682926838
41000212,1610612748,1,1610612738,2010-11,0.7073170731707317,7.439024390243903,102.0609756097561,94.59756097560975,18.036585365853657,0.36735365853658536,42.146341463414636,13.21951219512195,0.6829268292682927,5.365853658536586,96.5,91.13414634146342,13.646341463414634,0.3614512195121951,38.792682926829265,13.597560975609756,0.25,0.024390243902438935,2.073170731707317,5.560975609756099,3.463414634146332,4.390243902439023,0.005902439024390249,3.353658536585371,-0.37804878048780566
41000222,1610612760,1,1610612763,2010-11,0.6707317073170732,3.792682926829268,104.82926829268293,101.03658536585365,17.109756097560975,0.34929268292682925,42.76829268292683,13.463414634146341,0.5609756097560976,2.341463414634146,99.9390243902439,97.59756097560975,11.292682926829269,0.3286829268292683,40.98780487804878,13.426829268292684,0.25,0.1097560975609756,1.451219512195122,4.890243902439025,3.439024390243901,5.817073170731707,0.02060975609756094,1.7804878048780495,0.03658536585365724
41000201,1610612741,0,1610612737,2010-11,0.7560975609756098,7.317073170731708,98.6219512195122,91.3048780487805,17.25609756097561,0.3603292682926829,44.15853658536585,13.463414634146341,0.5365853658536586,-0.7926829268292683,95.0,95.8170731707317,17.402439024390244,0.3594878048780488,39.292682926829265,12.78048780487805,0.6666666666666666,0.2195121951219512,8.109756097560975,3.621951219512198,-4.512195121951208,-0.1463414634146325,0.0008414634146340916,4.865853658536587,0.6829268292682915
41000231,1610612747,0,1610612742,2010-11,0.6951219512195121,6.109756097560975,101.47560975609755,95.36585365853658,18.134146341463413,0.3515609756097561,43.96341463414634,12.573170731707316,0.6951219512195121,4.2317073170731705,100.2439024390244,96.01219512195122,21.5609756097561,0.3644268292682927,41.4390243902439,13.5,0.6666666666666666,0.0,1.8780487804878048,1.231707317073159,-0.6463414634146432,-3.4268292682926855,-0.012865853658536597,2.524390243902438,-0.9268292682926838
41000211,1610612748,1,1610612738,2010-11,0.7073170731707317,7.439024390243903,102.0609756097561,94.59756097560975,18.036585365853657,0.36735365853658536,42.146341463414636,13.21951219512195,0.6829268292682927,5.365853658536586,96.5,91.13414634146342,13.646341463414634,0.3614512195121951,38.792682926829265,13.597560975609756,0.25,0.024390243902438935,2.073170731707317,5.560975609756099,3.463414634146332,4.390243902439023,0.005902439024390249,3.353658536585371,-0.37804878048780566
41000221,1610612760,0,1610612763,2010-11,0.6707317073170732,3.792682926829268,104.82926829268293,101.03658536585365,17.109756097560975,0.34929268292682925,42.76829268292683,13.463414634146341,0.5609756097560976,2.341463414634146,99.9390243902439,97.59756097560975,11.292682926829269,0.3286829268292683,40.98780487804878,13.426829268292684,0.25,0.1097560975609756,1.451219512195122,4.890243902439025,3.439024390243901,5.817073170731707,0.02060975609756094,1.7804878048780495,0.03658536585365724
41000146,1610612763,1,1610612759,2010-11,0.5609756097560976,2.341463414634146,99.9390243902439,97.59756097560975,11.292682926829269,0.3286829268292683,40.98780487804878,13.426829268292684,0.7439024390243902,5.7073170731707314,103.6829268292683,97.97560975609755,21.0609756097561,0.39558536585365855,41.853658536585364,12.853658536585366,0.5,-0.18292682926829262,-3.3658536585365852,-3.743902439024396,-0.3780487804878021,-9.76829268292683,-0.06690243902439025,-0.8658536585365866,0.573170731707318
41000166,1610612757,0,1610612742,2010-11,0.5853658536585366,1.524390243902439,96.29268292682927,94.76829268292683,18.329268292682926,0.345719512195122,39.34146341463415,12.414634146341463,0.6951219512195121,4.2317073170731705,100.2439024390244,96.01219512195122,21.5609756097561,0.3644268292682927,41.4390243902439,13.5,0.5,-0.1097560975609756,-2.7073170731707314,-3.9512195121951237,-1.2439024390243958,-3.231707317073173,-0.018707317073170693,-2.0975609756097526,-1.085365853658537
41000136,1610612737,1,1610612753,2010-11,0.5365853658536586,-0.7926829268292683,95.0,95.8170731707317,17.402439024390244,0.3594878048780488,39.292682926829265,12.78048780487805,0.6341463414634146,5.463414634146342,99.20731707317073,93.7439024390244,25.646341463414632,0.3613048780487805,43.207317073170735,14.390243902439025,0.75,-0.09756097560975607,-6.25609756097561,-4.207317073170728,2.0731707317073074,-8.243902439024389,-0.0018170731707316534,-3.91463414634147,-1.6097560975609753
41000156,1610612740,0,1610612747,2010-11,0.5609756097560976,0.8902439024390244,94.92682926829268,94.03658536585365,15.024390243902438,0.36246341463414633,40.146341463414636,12.207317073170731,0.6951219512195121,6.109756097560975,101.47560975609755,95.36585365853658,18.134146341463413,0.3515609756097561,43.96341463414634,12.573170731707316,0.0,-0.13414634146341453,-5.2195121951219505,-6.548780487804876,-1.3292682926829258,-3.1097560975609753,0.010902439024390254,-3.817073170731703,-0.3658536585365848
41000115,1610612748,1,1610612755,2010-11,0.7073170731707317,7.439024390243903,102.0609756097561,94.59756097560975,18.036585365853657,0.36735365853658536,42.146341463414636,13.21951219512195,0.5,1.5,99.01219512195122,97.51219512195122,15.21951219512195,0.35193902439024394,41.80487804878049,12.207317073170731,1.0,0.20731707317073167,5.939024390243903,3.0487804878048763,-2.91463414634147,2.8170731707317067,0.015414634146341422,0.3414634146341484,1.012195121951219
41000175,1610612760,1,1610612743,2010-11,0.6707317073170732,3.792682926829268,104.82926829268293,101.03658536585365,17.109756097560975,0.34929268292682925,42.76829268292683,13.463414634146341,0.6097560975609756,4.7560975609756095,107.45121951219512,102.6951219512195,20.78048780487805,0.3798170731707317,41.98780487804878,13.78048780487805,0.75,0.060975609756097615,-0.9634146341463414,-2.621951219512198,-1.6585365853658516,-3.670731707317074,-0.030524390243902466,0.7804878048780495,-0.3170731707317085
41000145,1610612759,1,1610612763,2010-11,0.7439024390243902,5.7073170731707314,103.6829268292683,97.97560975609755,21.0609756097561,0.39558536585365855,41.853658536585364,12.853658536585366,0.5609756097560976,2.341463414634146,99.9390243902439,97.59756097560975,11.292682926829269,0.3286829268292683,40.98780487804878,13.426829268292684,0.5,0.18292682926829262,3.3658536585365852,3.743902439024396,0.3780487804878021,9.76829268292683,0.06690243902439025,0.8658536585365866,-0.573170731707318
41000135,1610612753,1,1610612737,2010-11,0.6341463414634146,5.463414634146342,99.20731707317073,93.7439024390244,25.646341463414632,0.3613048780487805,43.207317073170735,14.390243902439025,0.5365853658536586,-0.7926829268292683,95.0,95.8170731707317,17.402439024390244,0.3594878048780488,39.292682926829265,12.78048780487805,0.25,0.09756097560975607,6.25609756097561,4.207317073170728,-2.0731707317073074,8.243902439024389,0.0018170731707316534,3.91463414634147,1.6097560975609753
41000105,1610612741,1,1610612754,2010-11,0.7560975609756098,7.317073170731708,98.6219512195122,91.3048780487805,17.25609756097561,0.3603292682926829,44.15853658536585,13.463414634146341,0.45121951219512196,-1.0731707317073171,99.79268292682927,100.86585365853658,20.158536585365855,0.34985365853658534,43.548780487804876,14.75609756097561,0.75,0.3048780487804878,8.390243902439025,-1.1707317073170742,-9.560975609756085,-2.902439024390244,0.01047560975609757,0.6097560975609753,-1.2926829268292686
41000155,1610612747,1,1610612740,2010-11,0.6951219512195121,6.109756097560975,101.47560975609755,95.36585365853658,18.134146341463413,0.3515609756097561,43.96341463414634,12.573170731707316,0.5609756097560976,0.8902439024390244,94.92682926829268,94.03658536585365,15.024390243902438,0.36246341463414633,40.146341463414636,12.207317073170731,1.0,0.13414634146341453,5.2195121951219505,6.548780487804876,1.3292682926829258,3.1097560975609753,-0.010902439024390254,3.817073170731703,0.3658536585365848
41000174,1610612743,1,1610612760,2010-11,0.6097560975609756,4.7560975609756095,107.45121951219512,102.6951219512195,20.78048780487805,0.3798170731707317,41.98780487804878,13.78048780487805,0.6707317073170732,3.792682926829268,104.82926829268293,101.03658536585365,17.109756097560975,0.34929268292682925,42.76829268292683,13.463414634146341,0.25,-0.060975609756097615,0.9634146341463414,2.621951219512198,1.6585365853658516,3.670731707317074,0.030524390243902466,-0.7804878048780495,0.3170731707317085
41000144,1610612763,1,1610612759,2010-11,0.5609756097560976,2.341463414634146,99.9390243902439,97.59756097560975,11.292682926829269,0.3286829268292683,40.98780487804878,13.426829268292684,0.7439024390243902,5.7073170731707314,103.6829268292683,97.97560975609755,21.0609756097561,0.39558536585365855,41.853658536585364,12.853658536585366,0.5,-0.18292682926829262,-3.3658536585365852,-3.743902439024396,-0.3780487804878021,-9.76829268292683,-0.06690243902439025,-0.8658536585365866,0.573170731707318
41000165,1610612742,1,1610612757,2010-11,0.6951219512195121,4.2317073170731705,100.2439024390244,96.01219512195122,21.5609756097561,0.3644268292682927,41.4390243902439,13.5,0.5853658536585366,1.524390243902439,96.29268292682927,94.76829268292683,18.329268292682926,0.345719512195122,39.34146341463415,12.414634146341463,0.5,0.1097560975609756,2.7073170731707314,3.9512195121951237,1.2439024390243958,3.231707317073173,0.018707317073170693,2.0975609756097526,1.085365853658537
41000154,1610612740,1,1610612747,2010-11,0.5609756097560976,0.8902439024390244,94.92682926829268,94.03658536585365,15.024390243902438,0.36246341463414633,40.146341463414636,12.207317073170731,0.6951219512195121,6.109756097560975,101.47560975609755,95.36585365853658,18.134146341463413,0.3515609756097561,43.96341463414634,12.573170731707316,0.0,-0.13414634146341453,-5.2195121951219505,-6.548780487804876,-1.3292682926829258,-3.1097560975609753,0.010902439024390254,-3.817073170731703,-0.3658536585365848
41000114,1610612755,1,1610612748,2010-11,0.5,1.5,99.01219512195122,97.51219512195122,15.21951219512195,0.35193902439024394,41.80487804878049,12.207317073170731,0.7073170731707317,7.439024390243903,102.0609756097561,94.59756097560975,18.036585365853657,0.36735365853658536,42.146341463414636,13.21951219512195,0.0,-0.20731707317073167,-5.939024390243903,-3.0487804878048763,2.91463414634147,-2.8170731707317067,-0.015414634146341422,-0.3414634146341484,-1.012195121951219
41000134,1610612737,1,1610612753,2010-11,0.5365853658536586,-0.7926829268292683,95.0,95.8170731707317,17.402439024390244,0.3594878048780488,39.292682926829265,12.78048780487805,0.6341463414634146,5.463414634146342,99.20731707317073,93.7439024390244,25.646341463414632,0.3613048780487805,43.207317073170735,14.390243902439025,0.75,-0.09756097560975607,-6.25609756097561,-4.207317073170728,2.0731707317073074,-8.243902439024389,-0.0018170731707316534,-3.91463414634147,-1.6097560975609753
41000124,1610612752,0,1610612738,2010-11,0.5121951219512195,0.7804878048780488,106.51219512195122,105.73170731707317,25.378048780487806,0.36552439024390243,40.451219512195124,13.341463414634147,0.6829268292682927,5.365853658536586,96.5,91.13414634146342,13.646341463414634,0.3614512195121951,38.792682926829265,13.597560975609756,0.0,-0.1707317073170732,-4.585365853658537,10.012195121951223,14.597560975609753,11.731707317073171,0.004073170731707321,1.6585365853658587,-0.25609756097560954
41000173,1610612743,0,1610612760,2010-11,0.6097560975609756,4.7560975609756095,107.45121951219512,102.6951219512195,20.78048780487805,0.3798170731707317,41.98780487804878,13.78048780487805,0.6707317073170732,3.792682926829268,104.82926829268293,101.03658536585365,17.109756097560975,0.34929268292682925,42.76829268292683,13.463414634146341,0.25,-0.060975609756097615,0.9634146341463414,2.621951219512198,1.6585365853658516,3.670731707317074,0.030524390243902466,-0.7804878048780495,0.3170731707317085
41000164,1610612757,1,1610612742,2010-11,0.5853658536585366,1.524390243902439,96.29268292682927,94.76829268292683,18.329268292682926,0.345719512195122,39.34146341463415,12.414634146341463,0.6951219512195121,4.2317073170731705,100.2439024390244,96.01219512195122,21.5609756097561,0.3644268292682927,41.4390243902439,13.5,0.5,-0.1097560975609756,-2.7073170731707314,-3.9512195121951237,-1.2439024390243958,-3.231707317073173,-0.018707317073170693,-2.0975609756097526,-1.085365853658537
41000143,1610612763,1,1610612759,2010-11,0.5609756097560976,2.341463414634146,99.9390243902439,97.59756097560975,11.292682926829269,0.3286829268292683,40.98780487804878,13.426829268292684,0.7439024390243902,5.7073170731707314,103.6829268292683,97.97560975609755,21.0609756097561,0.39558536585365855,41.853658536585364,12.853658536585366,0.5,-0.18292682926829262,-3.3658536585365852,-3.743902439024396,-0.3780487804878021,-9.76829268292683,-0.06690243902439025,-0.8658536585365866,0.573170731707318
41000104,1610612754,1,1610612741,2010-11,0.45121951219512196,-1.0731707317073171,99.79268292682927,100.86585365853658,20.158536585365855,0.34985365853658534,43.548780487804876,14.75609756097561,0.7560975609756098,7.317073170731708,98.6219512195122,91.3048780487805,17.25609756097561,0.3603292682926829,44.15853658536585,13.463414634146341,0.25,-0.3048780487804878,-8.390243902439025,1.1707317073170742,9.560975609756085,2.902439024390244,-0.01047560975609757,-0.6097560975609753,1.2926829268292686
41000123,1610612752,0,1610612738,2010-11,0.5121951219512195,0.7804878048780488,106.51219512195122,105.73170731707317,25.378048780487806,0.36552439024390243,40.451219512195124,13.341463414634147,0.6829268292682927,5.365853658536586,96.5,91.13414634146342,13.646341463414634,0.3614512195121951,38.792682926829265,13.597560975609756,0.0,-0.1707317073170732,-4.585365853658537,10.012195121951223,14.597560975609753,11.731707317073171,0.004073170731707321,1.6585365853658587,-0.25609756097560954
41000133,1610612737,1,1610612753,2010-11,0.5365853658536586,-0.7926829268292683,95.0,95.8170731707317,17.402439024390244,0.3594878048780488,39.292682926829265,12.78048780487805,0.6341463414634146,5.463414634146342,99.20731707317073,93.7439024390244,25.646341463414632,0.3613048780487805,43.207317073170735,14.390243902439025,0.75,-0.09756097560975607,-6.25609756097561,-4.207317073170728,2.0731707317073074,-8.243902439024389,-0.0018170731707316534,-3.91463414634147,-1.6097560975609753
41000153,1610612740,0,1610612747,2010-11,0.5609756097560976,0.8902439024390244,94.92682926829268,94.03658536585365,15.024390243902438,0.36246341463414633,40.146341463414636,12.207317073170731,0.6951219512195121,6.109756097560975,101.47560975609755,95.36585365853658,18.134146341463413,0.3515609756097561,43.96341463414634,12.573170731707316,0.0,-0.13414634146341453,-5.2195121951219505,-6.548780487804876,-1.3292682926829258,-3.1097560975609753,0.010902439024390254,-3.817073170731703,-0.3658536585365848
41000163,1610612757,1,1610612742,2010-11,0.5853658536585366,1.524390243902439,96.29268292682927,94.76829268292683,18.329268292682926,0.345719512195122,39.34146341463415,12.414634146341463,0.6951219512195121,4.2317073170731705,100.2439024390244,96.01219512195122,21.5609756097561,0.3644268292682927,41.4390243902439,13.5,0.5,-0.1097560975609756,-2.7073170731707314,-3.9512195121951237,-1.2439024390243958,-3.231707317073173,-0.018707317073170693,-2.0975609756097526,-1.085365853658537
41000103,1610612754,0,1610612741,2010-11,0.45121951219512196,-1.0731707317073171,99.79268292682927,100.86585365853658,20.158536585365855,0.34985365853658534,43.548780487804876,14.75609756097561,0.7560975609756098,7.317073170731708,98.6219512195122,91.3048780487805,17.25609756097561,0.3603292682926829,44.15853658536585,13.463414634146341,0.25,-0.3048780487804878,-8.390243902439025,1.1707317073170742,9.560975609756085,2.902439024390244,-0.01047560975609757,-0.6097560975609753,1.2926829268292686
41000113,1610612755,0,1610612748,2010-11,0.5,1.5,99.01219512195122,97.51219512195122,15.21951219512195,0.35193902439024394,41.80487804878049,12.207317073170731,0.7073170731707317,7.439024390243903,102.0609756097561,94.59756097560975,18.036585365853657,0.36735365853658536,42.146341463414636,13.21951219512195,0.0,-0.20731707317073167,-5.939024390243903,-3.0487804878048763,2.91463414634147,-2.8170731707317067,-0.015414634146341422,-0.3414634146341484,-1.012195121951219
41000152,1610612747,1,1610612740,2010-11,0.6951219512195121,6.109756097560975,101.47560975609755,95.36585365853658,18.134146341463413,0.3515609756097561,43.96341463414634,12.573170731707316,0.5609756097560976,0.8902439024390244,94.92682926829268,94.03658536585365,15.024390243902438,0.36246341463414633,40.146341463414636,12.207317073170731,1.0,0.13414634146341453,5.2195121951219505,6.548780487804876,1.3292682926829258,3.1097560975609753,-0.010902439024390254,3.817073170731703,0.3658536585365848
41000172,1610612760,1,1610612743,2010-11,0.6707317073170732,3.792682926829268,104.82926829268293,101.03658536585365,17.109756097560975,0.34929268292682925,42.76829268292683,13.463414634146341,0.6097560975609756,4.7560975609756095,107.45121951219512,102.6951219512195,20.78048780487805,0.3798170731707317,41.98780487804878,13.78048780487805,0.75,0.060975609756097615,-0.9634146341463414,-2.621951219512198,-1.6585365853658516,-3.670731707317074,-0.030524390243902466,0.7804878048780495,-0.3170731707317085
41000142,1610612759,1,1610612763,2010-11,0.7439024390243902,5.7073170731707314,103.6829268292683,97.97560975609755,21.0609756097561,0.39558536585365855,41.853658536585364,12.853658536585366,0.5609756097560976,2.341463414634146,99.9390243902439,97.59756097560975,11.292682926829269,0.3286829268292683,40.98780487804878,13.426829268292684,0.5,0.18292682926829262,3.3658536585365852,3.743902439024396,0.3780487804878021,9.76829268292683,0.06690243902439025,0.8658536585365866,-0.573170731707318
41000122,1610612738,1,1610612752,2010-11,0.6829268292682927,5.365853658536586,96.5,91.13414634146342,13.646341463414634,0.3614512195121951,38.792682926829265,13.597560975609756,0.5121951219512195,0.7804878048780488,106.51219512195122,105.73170731707317,25.378048780487806,0.36552439024390243,40.451219512195124,13.341463414634147,1.0,0.1707317073170732,4.585365853658537,-10.012195121951223,-14.597560975609753,-11.731707317073171,-0.004073170731707321,-1.6585365853658587,0.25609756097560954
41000132,1610612753,1,1610612737,2010-11,0.6341463414634146,5.463414634146342,99.20731707317073,93.7439024390244,25.646341463414632,0.3613048780487805,43.207317073170735,14.390243902439025,0.5365853658536586,-0.7926829268292683,95.0,95.8170731707317,17.402439024390244,0.3594878048780488,39.292682926829265,12.78048780487805,0.25,0.09756097560975607,6.25609756097561,4.207317073170728,-2.0731707317073074,8.243902439024389,0.0018170731707316534,3.91463414634147,1.6097560975609753
41000162,1610612742,1,1610612757,2010-11,0.6951219512195121,4.2317073170731705,100.2439024390244,96.01219512195122,21.5609756097561,0.3644268292682927,41.4390243902439,13.5,0.5853658536585366,1.524390243902439,96.29268292682927,94.76829268292683,18.329268292682926,0.345719512195122,39.34146341463415,12.414634146341463,0.5,0.1097560975609756,2.7073170731707314,3.9512195121951237,1.2439024390243958,3.231707317073173,0.018707317073170693,2.0975609756097526,1.085365853658537
41000102,1610612741,1,1610612754,2010-11,0.7560975609756098,7.317073170731708,98.6219512195122,91.3048780487805,17.25609756097561,0.3603292682926829,44.15853658536585,13.463414634146341,0.45121951219512196,-1.0731707317073171,99.79268292682927,100.86585365853658,20.158536585365855,0.34985365853658534,43.548780487804876,14.75609756097561,0.75,0.3048780487804878,8.390243902439025,-1.1707317073170742,-9.560975609756085,-2.902439024390244,0.01047560975609757,0.6097560975609753,-1.2926829268292686
41000112,1610612748,1,1610612755,2010-11,0.7073170731707317,7.439024390243903,102.0609756097561,94.59756097560975,18.036585365853657,0.36735365853658536,42.146341463414636,13.21951219512195,0.5,1.5,99.01219512195122,97.51219512195122,15.21951219512195,0.35193902439024394,41.80487804878049,12.207317073170731,1.0,0.20731707317073167,5.939024390243903,3.0487804878048763,-2.91463414634147,2.8170731707317067,0.015414634146341422,0.3414634146341484,1.012195121951219
41000171,1610612760,1,1610612743,2010-11,0.6707317073170732,3.792682926829268,104.82926829268293,101.03658536585365,17.109756097560975,0.34929268292682925,42.76829268292683,13.463414634146341,0.6097560975609756,4.7560975609756095,107.45121951219512,102.6951219512195,20.78048780487805,0.3798170731707317,41.98780487804878,13.78048780487805,0.75,0.060975609756097615,-0.9634146341463414,-2.621951219512198,-1.6585365853658516,-3.670731707317074,-0.030524390243902466,0.7804878048780495,-0.3170731707317085
41000141,1610612759,0,1610612763,2010-11,0.7439024390243902,5.7073170731707314,103.6829268292683,97.97560975609755,21.0609756097561,0.39558536585365855,41.853658536585364,12.853658536585366,0.5609756097560976,2.341463414634146,99.9390243902439,97.59756097560975,11.292682926829269,0.3286829268292683,40.98780487804878,13.426829268292684,0.5,0.18292682926829262,3.3658536585365852,3.743902439024396,0.3780487804878021,9.76829268292683,0.06690243902439025,0.8658536585365866,-0.573170731707318
41000121,1610612738,1,1610612752,2010-11,0.6829268292682927,5.365853658536586,96.5,91.13414634146342,13.646341463414634,0.3614512195121951,38.792682926829265,13.597560975609756,0.5121951219512195,0.7804878048780488,106.51219512195122,105.73170731707317,25.378048780487806,0.36552439024390243,40.451219512195124,13.341463414634147,1.0,0.1707317073170732,4.585365853658537,-10.012195121951223,-14.597560975609753,-11.731707317073171,-0.004073170731707321,-1.6585365853658587,0.25609756097560954
41000151,1610612747,0,1610612740,2010-11,0.6951219512195121,6.109756097560975,101.47560975609755,95.36585365853658,18.134146341463413,0.3515609756097561,43.96341463414634,12.573170731707316,0.5609756097560976,0.8902439024390244,94.92682926829268,94.03658536585365,15.024390243902438,0.36246341463414633,40.146341463414636,12.207317073170731,1.0,0.13414634146341453,5.2195121951219505,6.548780487804876,1.3292682926829258,3.1097560975609753,-0.010902439024390254,3.817073170731703,0.3658536585365848
41000101,1610612741,1,1610612754,2010-11,0.7560975609756098,7.317073170731708,98.6219512195122,91.3048780487805,17.25609756097561,0.3603292682926829,44.15853658536585,13.463414634146341,0.45121951219512196,-1.0731707317073171,99.79268292682927,100.86585365853658,20.158536585365855,0.34985365853658534,43.548780487804876,14.75609756097561,0.75,0.3048780487804878,8.390243902439025,-1.1707317073170742,-9.560975609756085,-2.902439024390244,0.01047560975609757,0.6097560975609753,-1.2926829268292686
41000161,1610612742,1,1610612757,2010-11,0.6951219512195121,4.2317073170731705,100.2439024390244,96.01219512195122,21.5609756097561,0.3644268292682927,41.4390243902439,13.5,0.5853658536585366,1.524390243902439,96.29268292682927,94.76829268292683,18.329268292682926,0.345719512195122,39.34146341463415,12.414634146341463,0.5,0.1097560975609756,2.7073170731707314,3.9512195121951237,1.2439024390243958,3.231707317073173,0.018707317073170693,2.0975609756097526,1.085365853658537
41000131,1610612753,0,1610612737,2010-11,0.6341463414634146,5.463414634146342,99.20731707317073,93.7439024390244,25.646341463414632,0.3613048780487805,43.207317073170735,14.390243902439025,0.5365853658536586,-0.7926829268292683,95.0,95.8170731707317,17.402439024390244,0.3594878048780488,39.292682926829265,12.78048780487805,0.25,0.09756097560975607,6.25609756097561,4.207317073170728,-2.0731707317073074,8.243902439024389,0.0018170731707316534,3.91463414634147,1.6097560975609753
41000111,1610612748,1,1610612755,2010-11,0.7073170731707317,7.439024390243903,102.0609756097561,94.59756097560975,18.036585365853657,0.36735365853658536,42.146341463414636,13.21951219512195,0.5,1.5,99.01219512195122,97.51219512195122,15.21951219512195,0.35193902439024394,41.80487804878049,12.207317073170731,1.0,0.20731707317073167,5.939024390243903,3.0487804878048763,-2.91463414634147,2.8170731707317067,0.015414634146341422,0.3414634146341484,1.012195121951219
41200407,1610612748,1,1610612759,2012-13,0.8048780487804879,7.865853658536586,102.8780487804878,95.01219512195122,22.0609756097561,0.39356097560975606,38.609756097560975,13.268292682926829,0.7073170731707317,6.402439024390244,103.02439024390245,96.6219512195122,21.51219512195122,0.37720731707317073,41.30487804878049,14.134146341463415,1.0,0.09756097560975618,1.4634146341463419,-0.14634146341464316,-1.6097560975609753,0.5487804878048799,0.016353658536585325,-2.6951219512195124,-0.8658536585365866
41200406,1610612748,1,1610612759,2012-13,0.8048780487804879,7.865853658536586,102.8780487804878,95.01219512195122,22.0609756097561,0.39356097560975606,38.609756097560975,13.268292682926829,0.7073170731707317,6.402439024390244,103.02439024390245,96.6219512195122,21.51219512195122,0.37720731707317073,41.30487804878049,14.134146341463415,1.0,0.09756097560975618,1.4634146341463419,-0.14634146341464316,-1.6097560975609753,0.5487804878048799,0.016353658536585325,-2.6951219512195124,-0.8658536585365866
41200405,1610612759,1,1610612748,2012-13,0.7073170731707317,6.402439024390244,103.02439024390245,96.6219512195122,21.51219512195122,0.37720731707317073,41.30487804878049,14.134146341463415,0.8048780487804879,7.865853658536586,102.8780487804878,95.01219512195122,22.0609756097561,0.39356097560975606,38.609756097560975,13.268292682926829,0.0,-0.09756097560975618,-1.4634146341463419,0.14634146341464316,1.6097560975609753,-0.5487804878048799,-0.016353658536585325,2.6951219512195124,0.8658536585365866
41200404,1610612759,0,1610612748,2012-13,0.7073170731707317,6.402439024390244,103.02439024390245,96.6219512195122,21.51219512195122,0.37720731707317073,41.30487804878049,14.134146341463415,0.8048780487804879,7.865853658536586,102.8780487804878,95.01219512195122,22.0609756097561,0.39356097560975606,38.609756097560975,13.268292682926829,0.0,-0.09756097560975618,-1.4634146341463419,0.14634146341464316,1.6097560975609753,-0.5487804878048799,-0.016353658536585325,2.6951219512195124,0.8658536585365866
41200403,1610612759,1,1610612748,2012-13,0.7073170731707317,6.402439024390244,103.02439024390245,96.6219512195122,21.51219512195122,0.37720731707317073,41.30487804878049,14.134146341463415,0.8048780487804879,7.865853658536586,102.8780487804878,95.01219512195122,22.0609756097561,0.39356097560975606,38.609756097560975,13.268292682926829,0.0,-0.09756097560975618,-1.4634146341463419,0.14634146341464316,1.6097560975609753,-0.5487804878048799,-0.016353658536585325,2.6951219512195124,0.8658536585365866
41200402,1610612748,1,1610612759,2012-13,0.8048780487804879,7.865853658536586,102.8780487804878,95.01219512195122,22.0609756097561,0.39356097560975606,38.609756097560975,13.268292682926829,0.7073170731707317,6.402439024390244,103.02439024390245,96.6219512195122,21.51219512195122,0.37720731707317073,41.30487804878049,14.134146341463415,1.0,0.09756097560975618,1.4634146341463419,-0.14634146341464316,-1.6097560975609753,0.5487804878048799,0.016353658536585325,-2.6951219512195124,-0.8658536585365866
41200401,1610612748,0,1610612759,2012-13,0.8048780487804879,7.865853658536586,102.8780487804878,95.01219512195122,22.0609756097561,0.39356097560975606,38.609756097560975,13.268292682926829,0.7073170731707317,6.402439024390244,103.02439024390245,96.6219512195122,21.51219512195122,0.37720731707317073,41.30487804878049,14.134146341463415,1.0,0.09756097560975618,1.4634146341463419,-0.14634146341464316,-1.6097560975609753,0.5487804878048799,0.016353658536585325,-2.6951219512195124,-0.8658536585365866
41200307,1610612748,1,1610612754,2012-13,0.8048780487804879,7.865853658536586,102.8780487804878,95.01219512195122,22.0609756097561,0.39356097560975606,38.609756097560975,13.268292682926829,0.6049382716049383,4.0,94.74074074074075,90.71604938271605,19.74074074074074,0.3492345679012346,45.851851851851855,14.54320987654321,0.3333333333333333,0.19993977717554956,3.8658536585365857,8.137308039747055,4.296145739235172,2.3202348690153585,0.044326407708521476,-7.2420957542908795,-1.274917193616382
41200306,1610612754,1,1610612748,2012-13,0.6049382716049383,4.0,94.74074074074075,90.71604938271605,19.74074074074074,0.3492345679012346,45.851851851851855,14.54320987654321,0.8048780487804879,7.865853658536586,102.8780487804878,95.01219512195122,22.0609756097561,0.39356097560975606,38.609756097560975,13.268292682926829,0.6666666666666666,-0.19993977717554956,-3.8658536585365857,-8.137308039747055,-4.296145739235172,-2.3202348690153585,-0.044326407708521476,7.2420957542908795,1.274917193616382
41200305,1610612748,1,1610612754,2012-13,0.8048780487804879,7.865853658536586,102.8780487804878,95.01219512195122,22.0609756097561,0.39356097560975606,38.609756097560975,13.268292682926829,0.6049382716049383,4.0,94.74074074074075,90.71604938271605,19.74074074074074,0.3492345679012346,45.851851851851855,14.54320987654321,0.3333333333333333,0.19993977717554956,3.8658536585365857,8.137308039747055,4.296145739235172,2.3202348690153585,0.044326407708521476,-7.2420957542908795,-1.274917193616382
41200304,1610612754,1,1610612748,2012-13,0.6049382716049383,4.0,94.74074074074075,90.71604938271605,19.74074074074074,0.3492345679012346,45.851851851851855,14.54320987654321,0.8048780487804879,7.865853658536586,102.8780487804878,95.01219512195122,22.0609756097561,0.39356097560975606,38.609756097560975,13.268292682926829,0.6666666666666666,-0.19993977717554956,-3.8658536585365857,-8.137308039747055,-4.296145739235172,-2.3202348690153585,-0.044326407708521476,7.2420957542908795,1.274917193616382
41200314,1610612763,0,1610612759,2012-13,0.6829268292682927,4.146341463414634,93.40243902439025,89.2560975609756,13.5,0.3409756097560976,42.73170731707317,13.158536585365853,0.7073170731707317,6.402439024390244,103.02439024390245,96.6219512195122,21.51219512195122,0.37720731707317073,41.30487804878049,14.134146341463415,0.5,-0.024390243902438935,-2.2560975609756095,-9.621951219512198,-7.365853658536594,-8.012195121951219,-0.03623170731707315,1.4268292682926855,-0.9756097560975618
41200303,1610612754,0,1610612748,2012-13,0.6049382716049383,4.0,94.74074074074075,90.71604938271605,19.74074074074074,0.3492345679012346,45.851851851851855,14.54320987654321,0.8048780487804879,7.865853658536586,102.8780487804878,95.01219512195122,22.0609756097561,0.39356097560975606,38.609756097560975,13.268292682926829,0.6666666666666666,-0.19993977717554956,-3.8658536585365857,-8.137308039747055,-4.296145739235172,-2.3202348690153585,-0.044326407708521476,7.2420957542908795,1.274917193616382
41200313,1610612763,0,1610612759,2012-13,0.6829268292682927,4.146341463414634,93.40243902439025,89.2560975609756,13.5,0.3409756097560976,42.73170731707317,13.158536585365853,0.7073170731707317,6.402439024390244,103.02439024390245,96.6219512195122,21.51219512195122,0.37720731707317073,41.30487804878049,14.134146341463415,0.5,-0.024390243902438935,-2.2560975609756095,-9.621951219512198,-7.365853658536594,-8.012195121951219,-0.03623170731707315,1.4268292682926855,-0.9756097560975618
41200302,1610612748,0,1610612754,2012-13,0.8048780487804879,7.865853658536586,102.8780487804878,95.01219512195122,22.0609756097561,0.39356097560975606,38.609756097560975,13.268292682926829,0.6049382716049383,4.0,94.74074074074075,90.71604938271605,19.74074074074074,0.3492345679012346,45.851851851851855,14.54320987654321,0.3333333333333333,0.19993977717554956,3.8658536585365857,8.137308039747055,4.296145739235172,2.3202348690153585,0.044326407708521476,-7.2420957542908795,-1.274917193616382
41200301,1610612748,1,1610612754,2012-13,0.8048780487804879,7.865853658536586,102.8780487804878,95.01219512195122,22.0609756097561,0.39356097560975606,38.609756097560975,13.268292682926829,0.6049382716049383,4.0,94.74074074074075,90.71604938271605,19.74074074074074,0.3492345679012346,45.851851851851855,14.54320987654321,0.3333333333333333,0.19993977717554956,3.8658536585365857,8.137308039747055,4.296145739235172,2.3202348690153585,0.044326407708521476,-7.2420957542908795,-1.274917193616382
41200312,1610612759,1,1610612763,2012-13,0.7073170731707317,6.402439024390244,103.02439024390245,96.6219512195122,21.51219512195122,0.37720731707317073,41.30487804878049,14.134146341463415,0.6829268292682927,4.146341463414634,93.40243902439025,89.2560975609756,13.5,0.3409756097560976,42.73170731707317,13.158536585365853,0.5,0.024390243902438935,2.2560975609756095,9.621951219512198,7.365853658536594,8.012195121951219,0.03623170731707315,-1.4268292682926855,0.9756097560975618
41200311,1610612759,1,1610612763,2012-13,0.7073170731707317,6.402439024390244,103.02439024390245,96.6219512195122,21.51219512195122,0.37720731707317073,41.30487804878049,14.134146341463415,0.6829268292682927,4.146341463414634,93.40243902439025,89.2560975609756,13.5,0.3409756097560976,42.73170731707317,13.158536585365853,0.5,0.024390243902438935,2.2560975609756095,9.621951219512198,7.365853658536594,8.012195121951219,0.03623170731707315,-1.4268292682926855,0.9756097560975618
41200216,1610612754,1,1610612752,2012-13,0.6049382716049383,4.0,94.74074074074075,90.71604938271605,19.74074074074074,0.3492345679012346,45.851851851851855,14.54320987654321,0.6585365853658537,4.304878048780488,99.95121951219512,95.71951219512195,28.914634146341463,0.37320731707317073,40.5609756097561,11.560975609756097,0.5,-0.053598313760915395,-0.30487804878048763,-5.210478771454376,-5.0034628124059,-9.173893405600722,-0.023972749171936147,5.290876242095756,2.9822342667871133
41200215,1610612752,1,1610612754,2012-13,0.6585365853658537,4.304878048780488,99.95121951219512,95.71951219512195,28.914634146341463,0.37320731707317073,40.5609756097561,11.560975609756097,0.6049382716049383,4.0,94.74074074074075,90.71604938271605,19.74074074074074,0.3492345679012346,45.851851851851855,14.54320987654321,0.5,0.053598313760915395,0.30487804878048763,5.210478771454376,5.0034628124059,9.173893405600722,0.023972749171936147,-5.290876242095756,-2.9822342667871133
41200236,1610612744,0,1610612759,2012-13,0.573170731707317,0.8902439024390244,101.17073170731707,100.28048780487805,19.902439024390244,0.40010975609756094,44.951219512195124,14.75609756097561,0.7073170731707317,6.402439024390244,103.02439024390245,96.6219512195122,21.51219512195122,0.37720731707317073,41.30487804878049,14.134146341463415,0.5,-0.13414634146341464,-5.512195121951219,-1.853658536585371,3.6585365853658516,-1.6097560975609753,0.02290243902439021,3.646341463414636,0.6219512195121943
41200205,1610612748,1,1610612741,2012-13,0.8048780487804879,7.865853658536586,102.8780487804878,95.01219512195122,22.0609756097561,0.39356097560975606,38.609756097560975,13.268292682926829,0.5487804878048781,0.3170731707317073,93.1829268292683,92.86585365853658,15.426829268292684,0.3508170731707317,43.170731707317074,13.658536585365853,0.5,0.25609756097560976,7.548780487804878,9.695121951219505,2.146341463414643,6.634146341463415,0.04274390243902437,-4.560975609756099,-0.39024390243902474
41200225,1610612760,0,1610612763,2012-13,0.7317073170731707,9.231707317073171,105.71951219512195,96.51219512195122,19.365853658536587,0.3765731707317073,43.646341463414636,14.646341463414634,0.6829268292682927,4.146341463414634,93.40243902439025,89.2560975609756,13.5,0.3409756097560976,42.73170731707317,13.158536585365853,0.3333333333333333,0.04878048780487798,5.085365853658537,12.317073170731703,7.256097560975618,5.865853658536587,0.03559756097560973,0.9146341463414629,1.487804878048781
41200214,1610612754,1,1610612752,2012-13,0.6049382716049383,4.0,94.74074074074075,90.71604938271605,19.74074074074074,0.3492345679012346,45.851851851851855,14.54320987654321,0.6585365853658537,4.304878048780488,99.95121951219512,95.71951219512195,28.914634146341463,0.37320731707317073,40.5609756097561,11.560975609756097,0.5,-0.053598313760915395,-0.30487804878048763,-5.210478771454376,-5.0034628124059,-9.173893405600722,-0.023972749171936147,5.290876242095756,2.9822342667871133
41200235,1610612759,1,1610612744,2012-13,0.7073170731707317,6.402439024390244,103.02439024390245,96.6219512195122,21.51219512195122,0.37720731707317073,41.30487804878049,14.134146341463415,0.573170731707317,0.8902439024390244,101.17073170731707,100.28048780487805,19.902439024390244,0.40010975609756094,44.951219512195124,14.75609756097561,0.5,0.13414634146341464,5.512195121951219,1.853658536585371,-3.6585365853658516,1.6097560975609753,-0.02290243902439021,-3.646341463414636,-0.6219512195121943
41200204,1610612741,0,1610612748,2012-13,0.5487804878048781,0.3170731707317073,93.1829268292683,92.86585365853658,15.426829268292684,0.3508170731707317,43.170731707317074,13.658536585365853,0.8048780487804879,7.865853658536586,102.8780487804878,95.01219512195122,22.0609756097561,0.39356097560975606,38.609756097560975,13.268292682926829,0.5,-0.25609756097560976,-7.548780487804878,-9.695121951219505,-2.146341463414643,-6.634146341463415,-0.04274390243902437,4.560975609756099,0.39024390243902474
41200224,1610612763,1,1610612760,2012-13,0.6829268292682927,4.146341463414634,93.40243902439025,89.2560975609756,13.5,0.3409756097560976,42.73170731707317,13.158536585365853,0.7317073170731707,9.231707317073171,105.71951219512195,96.51219512195122,19.365853658536587,0.3765731707317073,43.646341463414636,14.646341463414634,0.6666666666666666,-0.04878048780487798,-5.085365853658537,-12.317073170731703,-7.256097560975618,-5.865853658536587,-0.03559756097560973,-0.9146341463414629,-1.487804878048781
41200234,1610612744,1,1610612759,2012-13,0.573170731707317,0.8902439024390244,101.17073170731707,100.28048780487805,19.902439024390244,0.40010975609756094,44.951219512195124,14.75609756097561,0.7073170731707317,6.402439024390244,103.02439024390245,96.6219512195122,21.51219512195122,0.37720731707317073,41.30487804878049,14.134146341463415,0.5,-0.13414634146341464,-5.512195121951219,-1.853658536585371,3.6585365853658516,-1.6097560975609753,0.02290243902439021,3.646341463414636,0.6219512195121943
41200213,1610612754,1,1610612752,2012-13,0.6049382716049383,4.0,94.74074074074075,90.71604938271605,19.74074074074074,0.3492345679012346,45.851851851851855,14.54320987654321,0.6585365853658537,4.304878048780488,99.95121951219512,95.71951219512195,28.914634146341463,0.37320731707317073,40.5609756097561,11.560975609756097,0.5,-0.053598313760915395,-0.30487804878048763,-5.210478771454376,-5.0034628124059,-9.173893405600722,-0.023972749171936147,5.290876242095756,2.9822342667871133
41200223,1610612763,1,1610612760,2012-13,0.6829268292682927,4.146341463414634,93.40243902439025,89.2560975609756,13.5,0.3409756097560976,42.73170731707317,13.158536585365853,0.7317073170731707,9.231707317073171,105.71951219512195,96.51219512195122,19.365853658536587,0.3765731707317073,43.646341463414636,14.646341463414634,0.6666666666666666,-0.04878048780487798,-5.085365853658537,-12.317073170731703,-7.256097560975618,-5.865853658536587,-0.03559756097560973,-0.9146341463414629,-1.487804878048781
41200233,1610612744,0,1610612759,2012-13,0.573170731707317,0.8902439024390244,101.17073170731707,100.28048780487805,19.902439024390244,0.40010975609756094,44.951219512195124,14.75609756097561,0.7073170731707317,6.402439024390244,103.02439024390245,96.6219512195122,21.51219512195122,0.37720731707317073,41.30487804878049,14.134146341463415,0.5,-0.13414634146341464,-5.512195121951219,-1.853658536585371,3.6585365853658516,-1.6097560975609753,0.02290243902439021,3.646341463414636,0.6219512195121943
41200203,1610612741,0,1610612748,2012-13,0.5487804878048781,0.3170731707317073,93.1829268292683,92.86585365853658,15.426829268292684,0.3508170731707317,43.170731707317074,13.658536585365853,0.8048780487804879,7.865853658536586,102.8780487804878,95.01219512195122,22.0609756097561,0.39356097560975606,38.609756097560975,13.268292682926829,0.5,-0.25609756097560976,-7.548780487804878,-9.695121951219505,-2.146341463414643,-6.634146341463415,-0.04274390243902437,4.560975609756099,0.39024390243902474
41200202,1610612748,1,1610612741,2012-13,0.8048780487804879,7.865853658536586,102.8780487804878,95.01219512195122,22.0609756097561,0.39356097560975606,38.609756097560975,13.268292682926829,0.5487804878048781,0.3170731707317073,93.1829268292683,92.86585365853658,15.426829268292684,0.3508170731707317,43.170731707317074,13.658536585365853,0.5,0.25609756097560976,7.548780487804878,9.695121951219505,2.146341463414643,6.634146341463415,0.04274390243902437,-4.560975609756099,-0.39024390243902474
41200232,1610612759,0,1610612744,2012-13,0.7073170731707317,6.402439024390244,103.02439024390245,96.6219512195122,21.51219512195122,0.37720731707317073,41.30487804878049,14.134146341463415,0.573170731707317,0.8902439024390244,101.17073170731707,100.28048780487805,19.902439024390244,0.40010975609756094,44.951219512195124,14.75609756097561,0.5,0.13414634146341464,5.512195121951219,1.853658536585371,-3.6585365853658516,1.6097560975609753,-0.02290243902439021,-3.646341463414636,-0.6219512195121943
41200212,1610612752,1,1610612754,2012-13,0.6585365853658537,4.304878048780488,99.95121951219512,95.71951219512195,28.914634146341463,0.37320731707317073,40.5609756097561,11.560975609756097,0.6049382716049383,4.0,94.74074074074075,90.71604938271605,19.74074074074074,0.3492345679012346,45.851851851851855,14.54320987654321,0.5,0.053598313760915395,0.30487804878048763,5.210478771454376,5.0034628124059,9.173893405600722,0.023972749171936147,-5.290876242095756,-2.9822342667871133
41200222,1610612760,0,1610612763,2012-13,0.7317073170731707,9.231707317073171,105.71951219512195,96.51219512195122,19.365853658536587,0.3765731707317073,43.646341463414636,14.646341463414634,0.6829268292682927,4.146341463414634,93.40243902439025,89.2560975609756,13.5,0.3409756097560976,42.73170731707317,13.158536585365853,0.3333333333333333,0.04878048780487798,5.085365853658537,12.317073170731703,7.256097560975618,5.865853658536587,0.03559756097560973,0.9146341463414629,1.487804878048781
41200231,1610612759,1,1610612744,2012-13,0.7073170731707317,6.402439024390244,103.02439024390245,96.6219512195122,21.51219512195122,0.37720731707317073,41.30487804878049,14.134146341463415,0.573170731707317,0.8902439024390244,101.17073170731707,100.28048780487805,19.902439024390244,0.40010975609756094,44.951219512195124,14.75609756097561,0.5,0.13414634146341464,5.512195121951219,1.853658536585371,-3.6585365853658516,1.6097560975609753,-0.02290243902439021,-3.646341463414636,-0.6219512195121943
41200201,1610612748,0,1610612741,2012-13,0.8048780487804879,7.865853658536586,102.8780487804878,95.01219512195122,22.0609756097561,0.39356097560975606,38.609756097560975,13.268292682926829,0.5487804878048781,0.3170731707317073,93.1829268292683,92.86585365853658,15.426829268292684,0.3508170731707317,43.170731707317074,13.658536585365853,0.5,0.25609756097560976,7.548780487804878,9.695121951219505,2.146341463414643,6.634146341463415,0.04274390243902437,-4.560975609756099,-0.39024390243902474
41200211,1610612752,0,1610612754,2012-13,0.6585365853658537,4.304878048780488,99.95121951219512,95.71951219512195,28.914634146341463,0.37320731707317073,40.5609756097561,11.560975609756097,0.6049382716049383,4.0,94.74074074074075,90.71604938271605,19.74074074074074,0.3492345679012346,45.851851851851855,14.54320987654321,0.5,0.053598313760915395,0.30487804878048763,5.210478771454376,5.0034628124059,9.173893405600722,0.023972749171936147,-5.290876242095756,-2.9822342667871133
41200221,1610612760,1,1610612763,2012-13,0.7317073170731707,9.231707317073171,105.71951219512195,96.51219512195122,19.365853658536587,0.3765731707317073,43.646341463414636,14.646341463414634,0.6829268292682927,4.146341463414634,93.40243902439025,89.2560975609756,13.5,0.3409756097560976,42.73170731707317,13.158536585365853,0.3333333333333333,0.04878048780487798,5.085365853658537,12.317073170731703,7.256097560975618,5.865853658536587,0.03559756097560973,0.9146341463414629,1.487804878048781
41200137,1610612751,0,1610612741,2012-13,0.5975609756097561,1.7560975609756098,96.8780487804878,95.09756097560975,21.463414634146343,0.3563658536585366,42.76829268292683,13.902439024390244,0.5487804878048781,0.3170731707317073,93.1829268292683,92.86585365853658,15.426829268292684,0.3508170731707317,43.170731707317074,13.658536585365853,0.25,0.04878048780487798,1.4390243902439024,3.6951219512195053,2.231707317073173,6.036585365853659,0.0055487804878049385,-0.40243902439024737,0.24390243902439046
41200116,1610612738,0,1610612752,2012-13,0.5061728395061729,-0.2222222222222222,96.51851851851852,96.74074074074075,17.160493827160494,0.3600493827160494,39.34567901234568,13.901234567901234,0.6585365853658537,4.304878048780488,99.95121951219512,95.71951219512195,28.914634146341463,0.37320731707317073,40.5609756097561,11.560975609756097,0.25,-0.15236374585968082,-4.52710027100271,-3.4327009936766046,1.021228545618797,-11.75414031918097,-0.013157934357121315,-1.215296597410422,2.340258958145137
41200176,1610612763,1,1610612746,2012-13,0.6829268292682927,4.146341463414634,93.40243902439025,89.2560975609756,13.5,0.3409756097560976,42.73170731707317,13.158536585365853,0.6829268292682927,6.451219512195122,101.08536585365853,94.63414634146342,21.365853658536587,0.35437804878048784,41.6219512195122,13.804878048780488,0.25,0.0,-2.3048780487804876,-7.682926829268283,-5.378048780487816,-7.865853658536587,-0.013402439024390256,1.1097560975609753,-0.6463414634146343
41200126,1610612737,0,1610612754,2012-13,0.5365853658536586,0.35365853658536583,97.95121951219512,97.54878048780488,23.182926829268293,0.3733170731707317,40.86585365853659,14.25609756097561,0.6049382716049383,4.0,94.74074074074075,90.71604938271605,19.74074074074074,0.3492345679012346,45.851851851851855,14.54320987654321,0.5,-0.06835290575127972,-3.6463414634146343,3.210478771454376,6.8327311050888255,3.442186088527553,0.024082505269497123,-4.985998193315268,-0.287112315567601
41200146,1610612745,0,1610612760,2012-13,0.5487804878048781,3.451219512195122,105.95121951219512,102.47560975609755,28.890243902439025,0.3658170731707317,43.426829268292686,15.829268292682928,0.7317073170731707,9.231707317073171,105.71951219512195,96.51219512195122,19.365853658536587,0.3765731707317073,43.646341463414636,14.646341463414634,0.3333333333333333,-0.18292682926829262,-5.7804878048780495,0.23170731707317316,5.963414634146332,9.524390243902438,-0.01075609756097562,-0.21951219512195053,1.1829268292682933
41200166,1610612744,1,1610612743,2012-13,0.573170731707317,0.8902439024390244,101.17073170731707,100.28048780487805,19.902439024390244,0.40010975609756094,44.951219512195124,14.75609756097561,0.6951219512195121,5.060975609756097,106.14634146341463,101.0609756097561,18.51219512195122,0.34212195121951217,45.03658536585366,14.695121951219512,0.25,-0.12195121951219512,-4.170731707317072,-4.975609756097555,-0.7804878048780495,1.3902439024390247,0.057987804878048776,-0.0853658536585371,0.06097560975609717
41200136,1610612741,0,1610612751,2012-13,0.5487804878048781,0.3170731707317073,93.1829268292683,92.86585365853658,15.426829268292684,0.3508170731707317,43.170731707317074,13.658536585365853,0.5975609756097561,1.7560975609756098,96.8780487804878,95.09756097560975,21.463414634146343,0.3563658536585366,42.76829268292683,13.902439024390244,0.75,-0.04878048780487798,-1.4390243902439024,-3.6951219512195053,-2.231707317073173,-6.036585365853659,-0.0055487804878049385,0.40243902439024737,-0.24390243902439046
41200125,1610612754,1,1610612737,2012-13,0.6049382716049383,4.0,94.74074074074075,90.71604938271605,19.74074074074074,0.3492345679012346,45.851851851851855,14.54320987654321,0.5365853658536586,0.35365853658536583,97.95121951219512,97.54878048780488,23.182926829268293,0.3733170731707317,40.86585365853659,14.25609756097561,0.5,0.06835290575127972,3.6463414634146343,-3.210478771454376,-6.8327311050888255,-3.442186088527553,-0.024082505269497123,4.985998193315268,0.287112315567601
41200145,1610612760,0,1610612745,2012-13,0.7317073170731707,9.231707317073171,105.71951219512195,96.51219512195122,19.365853658536587,0.3765731707317073,43.646341463414636,14.646341463414634,0.5487804878048781,3.451219512195122,105.95121951219512,102.47560975609755,28.890243902439025,0.3658170731707317,43.426829268292686,15.829268292682928,0.6666666666666666,0.18292682926829262,5.7804878048780495,-0.23170731707317316,-5.963414634146332,-9.524390243902438,0.01075609756097562,0.21951219512195053,-1.1829268292682933
41200115,1610612752,0,1610612738,2012-13,0.6585365853658537,4.304878048780488,99.95121951219512,95.71951219512195,28.914634146341463,0.37320731707317073,40.5609756097561,11.560975609756097,0.5061728395061729,-0.2222222222222222,96.51851851851852,96.74074074074075,17.160493827160494,0.3600493827160494,39.34567901234568,13.901234567901234,0.75,0.15236374585968082,4.52710027100271,3.4327009936766046,-1.021228545618797,11.75414031918097,0.013157934357121315,1.215296597410422,-2.340258958145137
41200175,1610612746,0,1610612763,2012-13,0.6829268292682927,6.451219512195122,101.08536585365853,94.63414634146342,21.365853658536587,0.35437804878048784,41.6219512195122,13.804878048780488,0.6829268292682927,4.146341463414634,93.40243902439025,89.2560975609756,13.5,0.3409756097560976,42.73170731707317,13.158536585365853,0.75,0.0,2.3048780487804876,7.682926829268283,5.378048780487816,7.865853658536587,0.013402439024390256,-1.1097560975609753,0.6463414634146343
41200165,1610612743,1,1610612744,2012-13,0.6951219512195121,5.060975609756097,106.14634146341463,101.0609756097561,18.51219512195122,0.34212195121951217,45.03658536585366,14.695121951219512,0.573170731707317,0.8902439024390244,101.17073170731707,100.28048780487805,19.902439024390244,0.40010975609756094,44.951219512195124,14.75609756097561,0.75,0.12195121951219512,4.170731707317072,4.975609756097555,0.7804878048780495,-1.3902439024390247,-0.057987804878048776,0.0853658536585371,-0.06097560975609717
41200144,1610612745,1,1610612760,2012-13,0.5487804878048781,3.451219512195122,105.95121951219512,102.47560975609755,28.890243902439025,0.3658170731707317,43.426829268292686,15.829268292682928,0.7317073170731707,9.231707317073171,105.71951219512195,96.51219512195122,19.365853658536587,0.3765731707317073,43.646341463414636,14.646341463414634,0.3333333333333333,-0.18292682926829262,-5.7804878048780495,0.23170731707317316,5.963414634146332,9.524390243902438,-0.01075609756097562,-0.21951219512195053,1.1829268292682933
41200135,1610612751,1,1610612741,2012-13,0.5975609756097561,1.7560975609756098,96.8780487804878,95.09756097560975,21.463414634146343,0.3563658536585366,42.76829268292683,13.902439024390244,0.5487804878048781,0.3170731707317073,93.1829268292683,92.86585365853658,15.426829268292684,0.3508170731707317,43.170731707317074,13.658536585365853,0.25,0.04878048780487798,1.4390243902439024,3.6951219512195053,2.231707317073173,6.036585365853659,0.0055487804878049385,-0.40243902439024737,0.24390243902439046
41200124,1610612737,1,1610612754,2012-13,0.5365853658536586,0.35365853658536583,97.95121951219512,97.54878048780488,23.182926829268293,0.3733170731707317,40.86585365853659,14.25609756097561,0.6049382716049383,4.0,94.74074074074075,90.71604938271605,19.74074074074074,0.3492345679012346,45.851851851851855,14.54320987654321,0.5,-0.06835290575127972,-3.6463414634146343,3.210478771454376,6.8327311050888255,3.442186088527553,0.024082505269497123,-4.985998193315268,-0.287112315567601
41200164,1610612744,1,1610612743,2012-13,0.573170731707317,0.8902439024390244,101.17073170731707,100.28048780487805,19.902439024390244,0.40010975609756094,44.951219512195124,14.75609756097561,0.6951219512195121,5.060975609756097,106.14634146341463,101.0609756097561,18.51219512195122,0.34212195121951217,45.03658536585366,14.695121951219512,0.25,-0.12195121951219512,-4.170731707317072,-4.975609756097555,-0.7804878048780495,1.3902439024390247,0.057987804878048776,-0.0853658536585371,0.06097560975609717
41200154,1610612747,0,1610612759,2012-13,0.5487804878048781,1.1341463414634145,102.20731707317073,101.04878048780488,24.573170731707318,0.3534390243902439,44.80487804878049,14.646341463414634,0.7073170731707317,6.402439024390244,103.02439024390245,96.6219512195122,21.51219512195122,0.37720731707317073,41.30487804878049,14.134146341463415,0.3333333333333333,-0.15853658536585358,-5.2682926829268295,-0.8170731707317174,4.426829268292678,3.060975609756099,-0.02376829268292685,3.5,0.5121951219512191
41200114,1610612738,1,1610612752,2012-13,0.5061728395061729,-0.2222222222222222,96.51851851851852,96.74074074074075,17.160493827160494,0.3600493827160494,39.34567901234568,13.901234567901234,0.6585365853658537,4.304878048780488,99.95121951219512,95.71951219512195,28.914634146341463,0.37320731707317073,40.5609756097561,11.560975609756097,0.25,-0.15236374585968082,-4.52710027100271,-3.4327009936766046,1.021228545618797,-11.75414031918097,-0.013157934357121315,-1.215296597410422,2.340258958145137
41200104,1610612749,0,1610612748,2012-13,0.4634146341463415,-1.5,98.8780487804878,100.3780487804878,20.365853658536587,0.3557560975609756,43.96341463414634,13.621951219512194,0.8048780487804879,7.865853658536586,102.8780487804878,95.01219512195122,22.0609756097561,0.39356097560975606,38.609756097560975,13.268292682926829,0.25,-0.34146341463414637,-9.365853658536587,-4.0,5.3658536585365795,-1.6951219512195124,-0.037804878048780466,5.353658536585364,0.3536585365853657
41200143,1610612745,0,1610612760,2012-13,0.5487804878048781,3.451219512195122,105.95121951219512,102.47560975609755,28.890243902439025,0.3658170731707317,43.426829268292686,15.829268292682928,0.7317073170731707,9.231707317073171,105.71951219512195,96.51219512195122,19.365853658536587,0.3765731707317073,43.646341463414636,14.646341463414634,0.3333333333333333,-0.18292682926829262,-5.7804878048780495,0.23170731707317316,5.963414634146332,9.524390243902438,-0.01075609756097562,-0.21951219512195053,1.1829268292682933
41200123,1610612737,1,1610612754,2012-13,0.5365853658536586,0.35365853658536583,97.95121951219512,97.54878048780488,23.182926829268293,0.3733170731707317,40.86585365853659,14.25609756097561,0.6049382716049383,4.0,94.74074074074075,90.71604938271605,19.74074074074074,0.3492345679012346,45.851851851851855,14.54320987654321,0.5,-0.06835290575127972,-3.6463414634146343,3.210478771454376,6.8327311050888255,3.442186088527553,0.024082505269497123,-4.985998193315268,-0.287112315567601
41200134,1610612741,1,1610612751,2012-13,0.5487804878048781,0.3170731707317073,93.1829268292683,92.86585365853658,15.426829268292684,0.3508170731707317,43.170731707317074,13.658536585365853,0.5975609756097561,1.7560975609756098,96.8780487804878,95.09756097560975,21.463414634146343,0.3563658536585366,42.76829268292683,13.902439024390244,0.75,-0.04878048780487798,-1.4390243902439024,-3.6951219512195053,-2.231707317073173,-6.036585365853659,-0.0055487804878049385,0.40243902439024737,-0.24390243902439046
41200174,1610612763,1,1610612746,2012-13,0.6829268292682927,4.146341463414634,93.40243902439025,89.2560975609756,13.5,0.3409756097560976,42.73170731707317,13.158536585365853,0.6829268292682927,6.451219512195122,101.08536585365853,94.63414634146342,21.365853658536587,0.35437804878048784,41.6219512195122,13.804878048780488,0.25,0.0,-2.3048780487804876,-7.682926829268283,-5.378048780487816,-7.865853658536587,-0.013402439024390256,1.1097560975609753,-0.6463414634146343
41200163,1610612744,1,1610612743,2012-13,0.573170731707317,0.8902439024390244,101.17073170731707,100.28048780487805,19.902439024390244,0.40010975609756094,44.951219512195124,14.75609756097561,0.6951219512195121,5.060975609756097,106.14634146341463,101.0609756097561,18.51219512195122,0.34212195121951217,45.03658536585366,14.695121951219512,0.25,-0.12195121951219512,-4.170731707317072,-4.975609756097555,-0.7804878048780495,1.3902439024390247,0.057987804878048776,-0.0853658536585371,0.06097560975609717
41200153,1610612747,0,1610612759,2012-13,0.5487804878048781,1.1341463414634145,102.20731707317073,101.04878048780488,24.573170731707318,0.3534390243902439,44.80487804878049,14.646341463414634,0.7073170731707317,6.402439024390244,103.02439024390245,96.6219512195122,21.51219512195122,0.37720731707317073,41.30487804878049,14.134146341463415,0.3333333333333333,-0.15853658536585358,-5.2682926829268295,-0.8170731707317174,4.426829268292678,3.060975609756099,-0.02376829268292685,3.5,0.5121951219512191
41200113,1610612738,0,1610612752,2012-13,0.5061728395061729,-0.2222222222222222,96.51851851851852,96.74074074074075,17.160493827160494,0.3600493827160494,39.34567901234568,13.901234567901234,0.6585365853658537,4.304878048780488,99.95121951219512,95.71951219512195,28.914634146341463,0.37320731707317073,40.5609756097561,11.560975609756097,0.25,-0.15236374585968082,-4.52710027100271,-3.4327009936766046,1.021228545618797,-11.75414031918097,-0.013157934357121315,-1.215296597410422,2.340258958145137
41200133,1610612741,1,1610612751,2012-13,0.5487804878048781,0.3170731707317073,93.1829268292683,92.86585365853658,15.426829268292684,0.3508170731707317,43.170731707317074,13.658536585365853,0.5975609756097561,1.7560975609756098,96.8780487804878,95.09756097560975,21.463414634146343,0.3563658536585366,42.76829268292683,13.902439024390244,0.75,-0.04878048780487798,-1.4390243902439024,-3.6951219512195053,-2.231707317073173,-6.036585365853659,-0.0055487804878049385,0.40243902439024737,-0.24390243902439046
41200103,1610612749,0,1610612748,2012-13,0.4634146341463415,-1.5,98.8780487804878,100.3780487804878,20.365853658536587,0.3557560975609756,43.96341463414634,13.621951219512194,0.8048780487804879,7.865853658536586,102.8780487804878,95.01219512195122,22.0609756097561,0.39356097560975606,38.609756097560975,13.268292682926829,0.25,-0.34146341463414637,-9.365853658536587,-4.0,5.3658536585365795,-1.6951219512195124,-0.037804878048780466,5.353658536585364,0.3536585365853657
41200173,1610612763,1,1610612746,2012-13,0.6829268292682927,4.146341463414634,93.40243902439025,89.2560975609756,13.5,0.3409756097560976,42.73170731707317,13.158536585365853,0.6829268292682927,6.451219512195122,101.08536585365853,94.63414634146342,21.365853658536587,0.35437804878048784,41.6219512195122,13.804878048780488,0.25,0.0,-2.3048780487804876,-7.682926829268283,-5.378048780487816,-7.865853658536587,-0.013402439024390256,1.1097560975609753,-0.6463414634146343
41200152,1610612759,1,1610612747,2012-13,0.7073170731707317,6.402439024390244,103.02439024390245,96.6219512195122,21.51219512195122,0.37720731707317073,41.30487804878049,14.134146341463415,0.5487804878048781,1.1341463414634145,102.20731707317073,101.04878048780488,24.573170731707318,0.3534390243902439,44.80487804878049,14.646341463414634,0.6666666666666666,0.15853658536585358,5.2682926829268295,0.8170731707317174,-4.426829268292678,-3.060975609756099,0.02376829268292685,-3.5,-0.5121951219512191
41200142,1610612760,1,1610612745,2012-13,0.7317073170731707,9.231707317073171,105.71951219512195,96.51219512195122,19.365853658536587,0.3765731707317073,43.646341463414636,14.646341463414634,0.5487804878048781,3.451219512195122,105.95121951219512,102.47560975609755,28.890243902439025,0.3658170731707317,43.426829268292686,15.829268292682928,0.6666666666666666,0.18292682926829262,5.7804878048780495,-0.23170731707317316,-5.963414634146332,-9.524390243902438,0.01075609756097562,0.21951219512195053,-1.1829268292682933
41200122,1610612754,1,1610612737,2012-13,0.6049382716049383,4.0,94.74074074074075,90.71604938271605,19.74074074074074,0.3492345679012346,45.851851851851855,14.54320987654321,0.5365853658536586,0.35365853658536583,97.95121951219512,97.54878048780488,23.182926829268293,0.3733170731707317,40.86585365853659,14.25609756097561,0.5,0.06835290575127972,3.6463414634146343,-3.210478771454376,-6.8327311050888255,-3.442186088527553,-0.024082505269497123,4.985998193315268,0.287112315567601
41200102,1610612748,1,1610612749,2012-13,0.8048780487804879,7.865853658536586,102.8780487804878,95.01219512195122,22.0609756097561,0.39356097560975606,38.609756097560975,13.268292682926829,0.4634146341463415,-1.5,98.8780487804878,100.3780487804878,20.365853658536587,0.3557560975609756,43.96341463414634,13.621951219512194,0.75,0.34146341463414637,9.365853658536587,4.0,-5.3658536585365795,1.6951219512195124,0.037804878048780466,-5.353658536585364,-0.3536585365853657
41200112,1610612752,1,1610612738,2012-13,0.6585365853658537,4.304878048780488,99.95121951219512,95.71951219512195,28.914634146341463,0.37320731707317073,40.5609756097561,11.560975609756097,0.5061728395061729,-0.2222222222222222,96.51851851851852,96.74074074074075,17.160493827160494,0.3600493827160494,39.34567901234568,13.901234567901234,0.75,0.15236374585968082,4.52710027100271,3.4327009936766046,-1.021228545618797,11.75414031918097,0.013157934357121315,1.215296597410422,-2.340258958145137
41200162,1610612743,0,1610612744,2012-13,0.6951219512195121,5.060975609756097,106.14634146341463,101.0609756097561,18.51219512195122,0.34212195121951217,45.03658536585366,14.695121951219512,0.573170731707317,0.8902439024390244,101.17073170731707,100.28048780487805,19.902439024390244,0.40010975609756094,44.951219512195124,14.75609756097561,0.75,0.12195121951219512,4.170731707317072,4.975609756097555,0.7804878048780495,-1.3902439024390247,-0.057987804878048776,0.0853658536585371,-0.06097560975609717
41200172,1610612746,1,1610612763,2012-13,0.6829268292682927,6.451219512195122,101.08536585365853,94.63414634146342,21.365853658536587,0.35437804878048784,41.6219512195122,13.804878048780488,0.6829268292682927,4.146341463414634,93.40243902439025,89.2560975609756,13.5,0.3409756097560976,42.73170731707317,13.158536585365853,0.75,0.0,2.3048780487804876,7.682926829268283,5.378048780487816,7.865853658536587,0.013402439024390256,-1.1097560975609753,0.6463414634146343
41200132,1610612751,0,1610612741,2012-13,0.5975609756097561,1.7560975609756098,96.8780487804878,95.09756097560975,21.463414634146343,0.3563658536585366,42.76829268292683,13.902439024390244,0.5487804878048781,0.3170731707317073,93.1829268292683,92.86585365853658,15.426829268292684,0.3508170731707317,43.170731707317074,13.658536585365853,0.25,0.04878048780487798,1.4390243902439024,3.6951219512195053,2.231707317073173,6.036585365853659,0.0055487804878049385,-0.40243902439024737,0.24390243902439046
41200151,1610612759,1,1610612747,2012-13,0.7073170731707317,6.402439024390244,103.02439024390245,96.6219512195122,21.51219512195122,0.37720731707317073,41.30487804878049,14.134146341463415,0.5487804878048781,1.1341463414634145,102.20731707317073,101.04878048780488,24.573170731707318,0.3534390243902439,44.80487804878049,14.646341463414634,0.6666666666666666,0.15853658536585358,5.2682926829268295,0.8170731707317174,-4.426829268292678,-3.060975609756099,0.02376829268292685,-3.5,-0.5121951219512191
41200141,1610612760,1,1610612745,2012-13,0.7317073170731707,9.231707317073171,105.71951219512195,96.51219512195122,19.365853658536587,0.3765731707317073,43.646341463414636,14.646341463414634,0.5487804878048781,3.451219512195122,105.95121951219512,102.47560975609755,28.890243902439025,0.3658170731707317,43.426829268292686,15.829268292682928,0.6666666666666666,0.18292682926829262,5.7804878048780495,-0.23170731707317316,-5.963414634146332,-9.524390243902438,0.01075609756097562,0.21951219512195053,-1.1829268292682933
41200121,1610612754,1,1610612737,2012-13,0.6049382716049383,4.0,94.74074074074075,90.71604938271605,19.74074074074074,0.3492345679012346,45.851851851851855,14.54320987654321,0.5365853658536586,0.35365853658536583,97.95121951219512,97.54878048780488,23.182926829268293,0.3733170731707317,40.86585365853659,14.25609756097561,0.5,0.06835290575127972,3.6463414634146343,-3.210478771454376,-6.8327311050888255,-3.442186088527553,-0.024082505269497123,4.985998193315268,0.287112315567601
41200101,1610612748,1,1610612749,2012-13,0.8048780487804879,7.865853658536586,102.8780487804878,95.01219512195122,22.0609756097561,0.39356097560975606,38.609756097560975,13.268292682926829,0.4634146341463415,-1.5,98.8780487804878,100.3780487804878,20.365853658536587,0.3557560975609756,43.96341463414634,13.621951219512194,0.75,0.34146341463414637,9.365853658536587,4.0,-5.3658536585365795,1.6951219512195124,0.037804878048780466,-5.353658536585364,-0.3536585365853657
41200171,1610612746,1,1610612763,2012-13,0.6829268292682927,6.451219512195122,101.08536585365853,94.63414634146342,21.365853658536587,0.35437804878048784,41.6219512195122,13.804878048780488,0.6829268292682927,4.146341463414634,93.40243902439025,89.2560975609756,13.5,0.3409756097560976,42.73170731707317,13.158536585365853,0.75,0.0,2.3048780487804876,7.682926829268283,5.378048780487816,7.865853658536587,0.013402439024390256,-1.1097560975609753,0.6463414634146343
41200131,1610612751,1,1610612741,2012-13,0.5975609756097561,1.7560975609756098,96.8780487804878,95.09756097560975,21.463414634146343,0.3563658536585366,42.76829268292683,13.902439024390244,0.5487804878048781,0.3170731707317073,93.1829268292683,92.86585365853658,15.426829268292684,0.3508170731707317,43.170731707317074,13.658536585365853,0.25,0.04878048780487798,1.4390243902439024,3.6951219512195053,2.231707317073173,6.036585365853659,0.0055487804878049385,-0.40243902439024737,0.24390243902439046
41200161,1610612743,1,1610612744,2012-13,0.6951219512195121,5.060975609756097,106.14634146341463,101.0609756097561,18.51219512195122,0.34212195121951217,45.03658536585366,14.695121951219512,0.573170731707317,0.8902439024390244,101.17073170731707,100.28048780487805,19.902439024390244,0.40010975609756094,44.951219512195124,14.75609756097561,0.75,0.12195121951219512,4.170731707317072,4.975609756097555,0.7804878048780495,-1.3902439024390247,-0.057987804878048776,0.0853658536585371,-0.06097560975609717
41200111,1610612752,1,1610612738,2012-13,0.6585365853658537,4.304878048780488,99.95121951219512,95.71951219512195,28.914634146341463,0.37320731707317073,40.5609756097561,11.560975609756097,0.5061728395061729,-0.2222222222222222,96.51851851851852,96.74074074074075,17.160493827160494,0.3600493827160494,39.34567901234568,13.901234567901234,0.75,0.15236374585968082,4.52710027100271,3.4327009936766046,-1.021228545618797,11.75414031918097,0.013157934357121315,1.215296597410422,-2.340258958145137
41300405,1610612759,1,1610612748,2013-14,0.7560975609756098,7.719512195121951,105.35365853658537,97.63414634146342,21.426829268292682,0.3970975609756097,43.26829268292683,14.060975609756097,0.6585365853658537,4.7560975609756095,102.1951219512195,97.4390243902439,22.304878048780488,0.36415853658536584,36.8780487804878,14.21951219512195,0.5,0.09756097560975607,2.963414634146342,3.158536585365866,0.19512195121951947,-0.8780487804878057,0.032939024390243876,6.390243902439025,-0.15853658536585336
41300404,1610612748,0,1610612759,2013-14,0.6585365853658537,4.7560975609756095,102.1951219512195,97.4390243902439,22.304878048780488,0.36415853658536584,36.8780487804878,14.21951219512195,0.7560975609756098,7.719512195121951,105.35365853658537,97.63414634146342,21.426829268292682,0.3970975609756097,43.26829268292683,14.060975609756097,0.5,-0.09756097560975607,-2.963414634146342,-3.158536585365866,-0.19512195121951947,0.8780487804878057,-0.032939024390243876,-6.390243902439025,0.15853658536585336
41300403,1610612748,0,1610612759,2013-14,0.6585365853658537,4.7560975609756095,102.1951219512195,97.4390243902439,22.304878048780488,0.36415853658536584,36.8780487804878,14.21951219512195,0.7560975609756098,7.719512195121951,105.35365853658537,97.63414634146342,21.426829268292682,0.3970975609756097,43.26829268292683,14.060975609756097,0.5,-0.09756097560975607,-2.963414634146342,-3.158536585365866,-0.19512195121951947,0.8780487804878057,-0.032939024390243876,-6.390243902439025,0.15853658536585336
41300402,1610612759,0,1610612748,2013-14,0.7560975609756098,7.719512195121951,105.35365853658537,97.63414634146342,21.426829268292682,0.3970975609756097,43.26829268292683,14.060975609756097,0.6585365853658537,4.7560975609756095,102.1951219512195,97.4390243902439,22.304878048780488,0.36415853658536584,36.8780487804878,14.21951219512195,0.5,0.09756097560975607,2.963414634146342,3.158536585365866,0.19512195121951947,-0.8780487804878057,0.032939024390243876,6.390243902439025,-0.15853658536585336
41300401,1610612759,1,1610612748,2013-14,0.7560975609756098,7.719512195121951,105.35365853658537,97.63414634146342,21.426829268292682,0.3970975609756097,43.26829268292683,14.060975609756097,0.6585365853658537,4.7560975609756095,102.1951219512195,97.4390243902439,22.304878048780488,0.36415853658536584,36.8780487804878,14.21951219512195,0.5,0.09756097560975607,2.963414634146342,3.158536585365866,0.19512195121951947,-0.8780487804878057,0.032939024390243876,6.390243902439025,-0.15853658536585336
41300316,1610612760,0,1610612759,2013-14,0.7195121951219512,6.341463414634147,106.15853658536585,99.8170731707317,22.426829268292682,0.3644390243902439,44.73170731707317,14.841463414634147,0.7560975609756098,7.719512195121951,105.35365853658537,97.63414634146342,21.426829268292682,0.3970975609756097,43.26829268292683,14.060975609756097,1.0,-0.03658536585365857,-1.3780487804878048,0.8048780487804805,2.1829268292682826,1.0,-0.03265853658536583,1.4634146341463463,0.7804878048780495
41300306,1610612748,1,1610612754,2013-14,0.6585365853658537,4.7560975609756095,102.1951219512195,97.4390243902439,22.304878048780488,0.36415853658536584,36.8780487804878,14.21951219512195,0.6829268292682927,4.451219512195122,96.7439024390244,92.34146341463415,18.804878048780488,0.3563170731707317,44.69512195121951,14.451219512195122,0.5,-0.024390243902439046,0.30487804878048763,5.4512195121951095,5.097560975609753,3.5,0.007841463414634153,-7.81707317073171,-0.23170731707317138
41300315,1610612759,1,1610612760,2013-14,0.7560975609756098,7.719512195121951,105.35365853658537,97.63414634146342,21.426829268292682,0.3970975609756097,43.26829268292683,14.060975609756097,0.7195121951219512,6.341463414634147,106.15853658536585,99.8170731707317,22.426829268292682,0.3644390243902439,44.73170731707317,14.841463414634147,0.0,0.03658536585365857,1.3780487804878048,-0.8048780487804805,-2.1829268292682826,-1.0,0.03265853658536583,-1.4634146341463463,-0.7804878048780495
41300305,1610612754,1,1610612748,2013-14,0.6829268292682927,4.451219512195122,96.7439024390244,92.34146341463415,18.804878048780488,0.3563170731707317,44.69512195121951,14.451219512195122,0.6585365853658537,4.7560975609756095,102.1951219512195,97.4390243902439,22.304878048780488,0.36415853658536584,36.8780487804878,14.21951219512195,0.5,0.024390243902439046,-0.30487804878048763,-5.4512195121951095,-5.097560975609753,-3.5,-0.007841463414634153,7.81707317073171,0.23170731707317138
41300314,1610612760,1,1610612759,2013-14,0.7195121951219512,6.341463414634147,106.15853658536585,99.8170731707317,22.426829268292682,0.3644390243902439,44.73170731707317,14.841463414634147,0.7560975609756098,7.719512195121951,105.35365853658537,97.63414634146342,21.426829268292682,0.3970975609756097,43.26829268292683,14.060975609756097,1.0,-0.03658536585365857,-1.3780487804878048,0.8048780487804805,2.1829268292682826,1.0,-0.03265853658536583,1.4634146341463463,0.7804878048780495
41300304,1610612748,1,1610612754,2013-14,0.6585365853658537,4.7560975609756095,102.1951219512195,97.4390243902439,22.304878048780488,0.36415853658536584,36.8780487804878,14.21951219512195,0.6829268292682927,4.451219512195122,96.7439024390244,92.34146341463415,18.804878048780488,0.3563170731707317,44.69512195121951,14.451219512195122,0.5,-0.024390243902439046,0.30487804878048763,5.4512195121951095,5.097560975609753,3.5,0.007841463414634153,-7.81707317073171,-0.23170731707317138
41300313,1610612760,1,1610612759,2013-14,0.7195121951219512,6.341463414634147,106.15853658536585,99.8170731707317,22.426829268292682,0.3644390243902439,44.73170731707317,14.841463414634147,0.7560975609756098,7.719512195121951,105.35365853658537,97.63414634146342,21.426829268292682,0.3970975609756097,43.26829268292683,14.060975609756097,1.0,-0.03658536585365857,-1.3780487804878048,0.8048780487804805,2.1829268292682826,1.0,-0.03265853658536583,1.4634146341463463,0.7804878048780495
41300303,1610612748,1,1610612754,2013-14,0.6585365853658537,4.7560975609756095,102.1951219512195,97.4390243902439,22.304878048780488,0.36415853658536584,36.8780487804878,14.21951219512195,0.6829268292682927,4.451219512195122,96.7439024390244,92.34146341463415,18.804878048780488,0.3563170731707317,44.69512195121951,14.451219512195122,0.5,-0.024390243902439046,0.30487804878048763,5.4512195121951095,5.097560975609753,3.5,0.007841463414634153,-7.81707317073171,-0.23170731707317138
41300312,1610612759,1,1610612760,2013-14,0.7560975609756098,7.719512195121951,105.35365853658537,97.63414634146342,21.426829268292682,0.3970975609756097,43.26829268292683,14.060975609756097,0.7195121951219512,6.341463414634147,106.15853658536585,99.8170731707317,22.426829268292682,0.3644390243902439,44.73170731707317,14.841463414634147,0.0,0.03658536585365857,1.3780487804878048,-0.8048780487804805,-2.1829268292682826,-1.0,0.03265853658536583,-1.4634146341463463,-0.7804878048780495
41300302,1610612754,0,1610612748,2013-14,0.6829268292682927,4.451219512195122,96.7439024390244,92.34146341463415,18.804878048780488,0.3563170731707317,44.69512195121951,14.451219512195122,0.6585365853658537,4.7560975609756095,102.1951219512195,97.4390243902439,22.304878048780488,0.36415853658536584,36.8780487804878,14.21951219512195,0.5,0.024390243902439046,-0.30487804878048763,-5.4512195121951095,-5.097560975609753,-3.5,-0.007841463414634153,7.81707317073171,0.23170731707317138
41300311,1610612759,1,1610612760,2013-14,0.7560975609756098,7.719512195121951,105.35365853658537,97.63414634146342,21.426829268292682,0.3970975609756097,43.26829268292683,14.060975609756097,0.7195121951219512,6.341463414634147,106.15853658536585,99.8170731707317,22.426829268292682,0.3644390243902439,44.73170731707317,14.841463414634147,0.0,0.03658536585365857,1.3780487804878048,-0.8048780487804805,-2.1829268292682826,-1.0,0.03265853658536583,-1.4634146341463463,-0.7804878048780495
41300301,1610612754,1,1610612748,2013-14,0.6829268292682927,4.451219512195122,96.7439024390244,92.34146341463415,18.804878048780488,0.3563170731707317,44.69512195121951,14.451219512195122,0.6585365853658537,4.7560975609756095,102.1951219512195,97.4390243902439,22.304878048780488,0.36415853658536584,36.8780487804878,14.21951219512195,0.5,0.024390243902439046,-0.30487804878048763,-5.4512195121951095,-5.097560975609753,-3.5,-0.007841463414634153,7.81707317073171,0.23170731707317138
41300206,1610612764,0,1610612754,2013-14,0.5365853658536586,1.2682926829268293,100.65853658536585,99.39024390243902,20.78048780487805,0.3765,42.18292682926829,14.085365853658537,0.6829268292682927,4.451219512195122,96.7439024390244,92.34146341463415,18.804878048780488,0.3563170731707317,44.69512195121951,14.451219512195122,0.3333333333333333,-0.14634146341463417,-3.1829268292682924,3.914634146341456,7.048780487804876,1.9756097560975618,0.02018292682926831,-2.5121951219512226,-0.3658536585365848
41300236,1610612746,0,1610612760,2013-14,0.6951219512195121,6.926829268292683,107.92682926829268,100.95121951219512,23.975609756097562,0.35125609756097564,43.0,13.317073170731707,0.7195121951219512,6.341463414634147,106.15853658536585,99.8170731707317,22.426829268292682,0.3644390243902439,44.73170731707317,14.841463414634147,0.5,-0.024390243902439046,0.5853658536585362,1.7682926829268268,1.1341463414634205,1.5487804878048799,-0.013182926829268249,-1.7317073170731732,-1.52439024390244
41300215,1610612748,1,1610612751,2013-14,0.6585365853658537,4.7560975609756095,102.1951219512195,97.4390243902439,22.304878048780488,0.36415853658536584,36.8780487804878,14.21951219512195,0.5365853658536586,-1.0,98.52439024390245,99.52439024390245,23.4390243902439,0.3616341463414634,38.146341463414636,13.951219512195122,0.0,0.12195121951219512,5.7560975609756095,3.67073170731706,-2.085365853658544,-1.1341463414634134,0.0025243902439024413,-1.268292682926834,0.2682926829268286
41300225,1610612759,1,1610612757,2013-14,0.7560975609756098,7.719512195121951,105.35365853658537,97.63414634146342,21.426829268292682,0.3970975609756097,43.26829268292683,14.060975609756097,0.6585365853658537,3.9878048780487805,106.7439024390244,102.7560975609756,25.25609756097561,0.37065853658536585,46.4390243902439,13.341463414634147,0.5,0.09756097560975607,3.731707317073171,-1.3902439024390247,-5.121951219512184,-3.8292682926829293,0.02643902439024387,-3.170731707317074,0.7195121951219505
41300235,1610612760,1,1610612746,2013-14,0.7195121951219512,6.341463414634147,106.15853658536585,99.8170731707317,22.426829268292682,0.3644390243902439,44.73170731707317,14.841463414634147,0.6951219512195121,6.926829268292683,107.92682926829268,100.95121951219512,23.975609756097562,0.35125609756097564,43.0,13.317073170731707,0.5,0.024390243902439046,-0.5853658536585362,-1.7682926829268268,-1.1341463414634205,-1.5487804878048799,0.013182926829268249,1.7317073170731732,1.52439024390244
41300205,1610612754,0,1610612764,2013-14,0.6829268292682927,4.451219512195122,96.7439024390244,92.34146341463415,18.804878048780488,0.3563170731707317,44.69512195121951,14.451219512195122,0.5365853658536586,1.2682926829268293,100.65853658536585,99.39024390243902,20.78048780487805,0.3765,42.18292682926829,14.085365853658537,0.6666666666666666,0.14634146341463417,3.1829268292682924,-3.914634146341456,-7.048780487804876,-1.9756097560975618,-0.02018292682926831,2.5121951219512226,0.3658536585365848
41300224,1610612757,1,1610612759,2013-14,0.6585365853658537,3.9878048780487805,106.7439024390244,102.7560975609756,25.25609756097561,0.37065853658536585,46.4390243902439,13.341463414634147,0.7560975609756098,7.719512195121951,105.35365853658537,97.63414634146342,21.426829268292682,0.3970975609756097,43.26829268292683,14.060975609756097,0.5,-0.09756097560975607,-3.731707317073171,1.3902439024390247,5.121951219512184,3.8292682926829293,-0.02643902439024387,3.170731707317074,-0.7195121951219505
41300214,1610612751,0,1610612748,2013-14,0.5365853658536586,-1.0,98.52439024390245,99.52439024390245,23.4390243902439,0.3616341463414634,38.146341463414636,13.951219512195122,0.6585365853658537,4.7560975609756095,102.1951219512195,97.4390243902439,22.304878048780488,0.36415853658536584,36.8780487804878,14.21951219512195,1.0,-0.12195121951219512,-5.7560975609756095,-3.67073170731706,2.085365853658544,1.1341463414634134,-0.0025243902439024413,1.268292682926834,-0.2682926829268286
41300234,1610612746,1,1610612760,2013-14,0.6951219512195121,6.926829268292683,107.92682926829268,100.95121951219512,23.975609756097562,0.35125609756097564,43.0,13.317073170731707,0.7195121951219512,6.341463414634147,106.15853658536585,99.8170731707317,22.426829268292682,0.3644390243902439,44.73170731707317,14.841463414634147,0.5,-0.024390243902439046,0.5853658536585362,1.7682926829268268,1.1341463414634205,1.5487804878048799,-0.013182926829268249,-1.7317073170731732,-1.52439024390244
41300204,1610612764,0,1610612754,2013-14,0.5365853658536586,1.2682926829268293,100.65853658536585,99.39024390243902,20.78048780487805,0.3765,42.18292682926829,14.085365853658537,0.6829268292682927,4.451219512195122,96.7439024390244,92.34146341463415,18.804878048780488,0.3563170731707317,44.69512195121951,14.451219512195122,0.3333333333333333,-0.14634146341463417,-3.1829268292682924,3.914634146341456,7.048780487804876,1.9756097560975618,0.02018292682926831,-2.5121951219512226,-0.3658536585365848
41300223,1610612757,0,1610612759,2013-14,0.6585365853658537,3.9878048780487805,106.7439024390244,102.7560975609756,25.25609756097561,0.37065853658536585,46.4390243902439,13.341463414634147,0.7560975609756098,7.719512195121951,105.35365853658537,97.63414634146342,21.426829268292682,0.3970975609756097,43.26829268292683,14.060975609756097,0.5,-0.09756097560975607,-3.731707317073171,1.3902439024390247,5.121951219512184,3.8292682926829293,-0.02643902439024387,3.170731707317074,-0.7195121951219505
41300213,1610612751,1,1610612748,2013-14,0.5365853658536586,-1.0,98.52439024390245,99.52439024390245,23.4390243902439,0.3616341463414634,38.146341463414636,13.951219512195122,0.6585365853658537,4.7560975609756095,102.1951219512195,97.4390243902439,22.304878048780488,0.36415853658536584,36.8780487804878,14.21951219512195,1.0,-0.12195121951219512,-5.7560975609756095,-3.67073170731706,2.085365853658544,1.1341463414634134,-0.0025243902439024413,1.268292682926834,-0.2682926829268286
41300203,1610612764,0,1610612754,2013-14,0.5365853658536586,1.2682926829268293,100.65853658536585,99.39024390243902,20.78048780487805,0.3765,42.18292682926829,14.085365853658537,0.6829268292682927,4.451219512195122,96.7439024390244,92.34146341463415,18.804878048780488,0.3563170731707317,44.69512195121951,14.451219512195122,0.3333333333333333,-0.14634146341463417,-3.1829268292682924,3.914634146341456,7.048780487804876,1.9756097560975618,0.02018292682926831,-2.5121951219512226,-0.3658536585365848
41300233,1610612746,0,1610612760,2013-14,0.6951219512195121,6.926829268292683,107.92682926829268,100.95121951219512,23.975609756097562,0.35125609756097564,43.0,13.317073170731707,0.7195121951219512,6.341463414634147,106.15853658536585,99.8170731707317,22.426829268292682,0.3644390243902439,44.73170731707317,14.841463414634147,0.5,-0.024390243902439046,0.5853658536585362,1.7682926829268268,1.1341463414634205,1.5487804878048799,-0.013182926829268249,-1.7317073170731732,-1.52439024390244
41300222,1610612759,1,1610612757,2013-14,0.7560975609756098,7.719512195121951,105.35365853658537,97.63414634146342,21.426829268292682,0.3970975609756097,43.26829268292683,14.060975609756097,0.6585365853658537,3.9878048780487805,106.7439024390244,102.7560975609756,25.25609756097561,0.37065853658536585,46.4390243902439,13.341463414634147,0.5,0.09756097560975607,3.731707317073171,-1.3902439024390247,-5.121951219512184,-3.8292682926829293,0.02643902439024387,-3.170731707317074,0.7195121951219505
41300212,1610612748,1,1610612751,2013-14,0.6585365853658537,4.7560975609756095,102.1951219512195,97.4390243902439,22.304878048780488,0.36415853658536584,36.8780487804878,14.21951219512195,0.5365853658536586,-1.0,98.52439024390245,99.52439024390245,23.4390243902439,0.3616341463414634,38.146341463414636,13.951219512195122,0.0,0.12195121951219512,5.7560975609756095,3.67073170731706,-2.085365853658544,-1.1341463414634134,0.0025243902439024413,-1.268292682926834,0.2682926829268286
41300232,1610612760,1,1610612746,2013-14,0.7195121951219512,6.341463414634147,106.15853658536585,99.8170731707317,22.426829268292682,0.3644390243902439,44.73170731707317,14.841463414634147,0.6951219512195121,6.926829268292683,107.92682926829268,100.95121951219512,23.975609756097562,0.35125609756097564,43.0,13.317073170731707,0.5,0.024390243902439046,-0.5853658536585362,-1.7682926829268268,-1.1341463414634205,-1.5487804878048799,0.013182926829268249,1.7317073170731732,1.52439024390244
41300202,1610612754,1,1610612764,2013-14,0.6829268292682927,4.451219512195122,96.7439024390244,92.34146341463415,18.804878048780488,0.3563170731707317,44.69512195121951,14.451219512195122,0.5365853658536586,1.2682926829268293,100.65853658536585,99.39024390243902,20.78048780487805,0.3765,42.18292682926829,14.085365853658537,0.6666666666666666,0.14634146341463417,3.1829268292682924,-3.914634146341456,-7.048780487804876,-1.9756097560975618,-0.02018292682926831,2.5121951219512226,0.3658536585365848
41300221,1610612759,1,1610612757,2013-14,0.7560975609756098,7.719512195121951,105.35365853658537,97.63414634146342,21.426829268292682,0.3970975609756097,43.26829268292683,14.060975609756097,0.6585365853658537,3.9878048780487805,106.7439024390244,102.7560975609756,25.25609756097561,0.37065853658536585,46.4390243902439,13.341463414634147,0.5,0.09756097560975607,3.731707317073171,-1.3902439024390247,-5.121951219512184,-3.8292682926829293,0.02643902439024387,-3.170731707317074,0.7195121951219505
41300211,1610612748,1,1610612751,2013-14,0.6585365853658537,4.7560975609756095,102.1951219512195,97.4390243902439,22.304878048780488,0.36415853658536584,36.8780487804878,14.21951219512195,0.5365853658536586,-1.0,98.52439024390245,99.52439024390245,23.4390243902439,0.3616341463414634,38.146341463414636,13.951219512195122,0.0,0.12195121951219512,5.7560975609756095,3.67073170731706,-2.085365853658544,-1.1341463414634134,0.0025243902439024413,-1.268292682926834,0.2682926829268286
41300201,1610612754,0,1610612764,2013-14,0.6829268292682927,4.451219512195122,96.7439024390244,92.34146341463415,18.804878048780488,0.3563170731707317,44.69512195121951,14.451219512195122,0.5365853658536586,1.2682926829268293,100.65853658536585,99.39024390243902,20.78048780487805,0.3765,42.18292682926829,14.085365853658537,0.6666666666666666,0.14634146341463417,3.1829268292682924,-3.914634146341456,-7.048780487804876,-1.9756097560975618,-0.02018292682926831,2.5121951219512226,0.3658536585365848
41300231,1610612760,0,1610612746,2013-14,0.7195121951219512,6.341463414634147,106.15853658536585,99.8170731707317,22.426829268292682,0.3644390243902439,44.73170731707317,14.841463414634147,0.6951219512195121,6.926829268292683,107.92682926829268,100.95121951219512,23.975609756097562,0.35125609756097564,43.0,13.317073170731707,0.5,0.024390243902439046,-0.5853658536585362,-1.7682926829268268,-1.1341463414634205,-1.5487804878048799,0.013182926829268249,1.7317073170731732,1.52439024390244
41300127,1610612761,0,1610612751,2013-14,0.5853658536585366,3.2195121951219514,101.28048780487805,98.03658536585365,23.378048780487806,0.3703170731707317,42.52439024390244,13.402439024390244,0.5365853658536586,-1.0,98.52439024390245,99.52439024390245,23.4390243902439,0.3616341463414634,38.146341463414636,13.951219512195122,0.5,0.04878048780487798,4.219512195121951,2.756097560975604,-1.4878048780487916,-0.060975609756095395,0.0086829268292683,4.378048780487802,-0.5487804878048781
41300147,1610612759,1,1610612742,2013-14,0.7560975609756098,7.719512195121951,105.35365853658537,97.63414634146342,21.426829268292682,0.3970975609756097,43.26829268292683,14.060975609756097,0.5975609756097561,2.402439024390244,104.84146341463415,102.4390243902439,22.890243902439025,0.3818048780487805,40.90243902439025,13.195121951219512,1.0,0.1585365853658537,5.317073170731708,0.5121951219512226,-4.8048780487804805,-1.4634146341463428,0.015292682926829226,2.3658536585365795,0.8658536585365848
41300107,1610612754,1,1610612737,2013-14,0.6829268292682927,4.451219512195122,96.7439024390244,92.34146341463415,18.804878048780488,0.3563170731707317,44.69512195121951,14.451219512195122,0.4634146341463415,-0.47560975609756095,101.0,101.47560975609755,25.804878048780488,0.35979268292682925,39.97560975609756,14.5,0.5,0.21951219512195125,4.926829268292683,-4.256097560975604,-9.134146341463406,-7.0,-0.003475609756097564,4.7195121951219505,-0.04878048780487809
41300157,1610612760,1,1610612763,2013-14,0.7195121951219512,6.341463414634147,106.15853658536585,99.8170731707317,22.426829268292682,0.3644390243902439,44.73170731707317,14.841463414634147,0.6097560975609756,1.5731707317073171,96.14634146341463,94.57317073170732,13.987804878048781,0.35191463414634144,42.390243902439025,12.926829268292684,0.75,0.1097560975609756,4.7682926829268295,10.012195121951223,5.243902439024382,8.439024390243901,0.01252439024390245,2.3414634146341484,1.914634146341463
41300167,1610612746,1,1610612744,2013-14,0.6951219512195121,6.926829268292683,107.92682926829268,100.95121951219512,23.975609756097562,0.35125609756097564,43.0,13.317073170731707,0.6219512195121951,4.804878048780488,104.2560975609756,99.45121951219512,24.841463414634145,0.3790487804878049,45.30487804878049,14.939024390243903,0.5,0.07317073170731703,2.1219512195121952,3.670731707317074,1.5,-0.865853658536583,-0.027792682926829237,-2.3048780487804876,-1.6219512195121961
41300176,1610612757,1,1610612745,2013-14,0.6585365853658537,3.9878048780487805,106.7439024390244,102.7560975609756,25.25609756097561,0.37065853658536585,46.4390243902439,13.341463414634147,0.6585365853658537,4.560975609756097,107.67073170731707,103.10975609756098,26.573170731707318,0.35659756097560974,45.329268292682926,15.414634146341463,0.25,0.0,-0.5731707317073167,-0.9268292682926784,-0.35365853658537105,-1.3170731707317067,0.01406097560975611,1.1097560975609753,-2.0731707317073162
41300126,1610612751,1,1610612761,2013-14,0.5365853658536586,-1.0,98.52439024390245,99.52439024390245,23.4390243902439,0.3616341463414634,38.146341463414636,13.951219512195122,0.5853658536585366,3.2195121951219514,101.28048780487805,98.03658536585365,23.378048780487806,0.3703170731707317,42.52439024390244,13.402439024390244,0.5,-0.04878048780487798,-4.219512195121951,-2.756097560975604,1.4878048780487916,0.060975609756095395,-0.0086829268292683,-4.378048780487802,0.5487804878048781
41300146,1610612742,1,1610612759,2013-14,0.5975609756097561,2.402439024390244,104.84146341463415,102.4390243902439,22.890243902439025,0.3818048780487805,40.90243902439025,13.195121951219512,0.7560975609756098,7.719512195121951,105.35365853658537,97.63414634146342,21.426829268292682,0.3970975609756097,43.26829268292683,14.060975609756097,0.0,-0.1585365853658537,-5.317073170731708,-0.5121951219512226,4.8048780487804805,1.4634146341463428,-0.015292682926829226,-2.3658536585365795,-0.8658536585365848
41300166,1610612744,1,1610612746,2013-14,0.6219512195121951,4.804878048780488,104.2560975609756,99.45121951219512,24.841463414634145,0.3790487804878049,45.30487804878049,14.939024390243903,0.6951219512195121,6.926829268292683,107.92682926829268,100.95121951219512,23.975609756097562,0.35125609756097564,43.0,13.317073170731707,0.5,-0.07317073170731703,-2.1219512195121952,-3.670731707317074,-1.5,0.865853658536583,0.027792682926829237,2.3048780487804876,1.6219512195121961
41300156,1610612763,0,1610612760,2013-14,0.6097560975609756,1.5731707317073171,96.14634146341463,94.57317073170732,13.987804878048781,0.35191463414634144,42.390243902439025,12.926829268292684,0.7195121951219512,6.341463414634147,106.15853658536585,99.8170731707317,22.426829268292682,0.3644390243902439,44.73170731707317,14.841463414634147,0.25,-0.1097560975609756,-4.7682926829268295,-10.012195121951223,-5.243902439024382,-8.439024390243901,-0.01252439024390245,-2.3414634146341484,-1.914634146341463
41300106,1610612737,0,1610612754,2013-14,0.4634146341463415,-0.47560975609756095,101.0,101.47560975609755,25.804878048780488,0.35979268292682925,39.97560975609756,14.5,0.6829268292682927,4.451219512195122,96.7439024390244,92.34146341463415,18.804878048780488,0.3563170731707317,44.69512195121951,14.451219512195122,0.5,-0.21951219512195125,-4.926829268292683,4.256097560975604,9.134146341463406,7.0,0.003475609756097564,-4.7195121951219505,0.04878048780487809
41300175,1610612745,1,1610612757,2013-14,0.6585365853658537,4.560975609756097,107.67073170731707,103.10975609756098,26.573170731707318,0.35659756097560974,45.329268292682926,15.414634146341463,0.6585365853658537,3.9878048780487805,106.7439024390244,102.7560975609756,25.25609756097561,0.37065853658536585,46.4390243902439,13.341463414634147,0.75,0.0,0.5731707317073167,0.9268292682926784,0.35365853658537105,1.3170731707317067,-0.01406097560975611,-1.1097560975609753,2.0731707317073162
41300145,1610612759,1,1610612742,2013-14,0.7560975609756098,7.719512195121951,105.35365853658537,97.63414634146342,21.426829268292682,0.3970975609756097,43.26829268292683,14.060975609756097,0.5975609756097561,2.402439024390244,104.84146341463415,102.4390243902439,22.890243902439025,0.3818048780487805,40.90243902439025,13.195121951219512,1.0,0.1585365853658537,5.317073170731708,0.5121951219512226,-4.8048780487804805,-1.4634146341463428,0.015292682926829226,2.3658536585365795,0.8658536585365848
41300125,1610612761,1,1610612751,2013-14,0.5853658536585366,3.2195121951219514,101.28048780487805,98.03658536585365,23.378048780487806,0.3703170731707317,42.52439024390244,13.402439024390244,0.5365853658536586,-1.0,98.52439024390245,99.52439024390245,23.4390243902439,0.3616341463414634,38.146341463414636,13.951219512195122,0.5,0.04878048780487798,4.219512195121951,2.756097560975604,-1.4878048780487916,-0.060975609756095395,0.0086829268292683,4.378048780487802,-0.5487804878048781
41300135,1610612741,0,1610612764,2013-14,0.5853658536585366,1.853658536585366,93.65853658536585,91.8048780487805,17.79268292682927,0.34659756097560973,44.146341463414636,14.0,0.5365853658536586,1.2682926829268293,100.65853658536585,99.39024390243902,20.78048780487805,0.3765,42.18292682926829,14.085365853658537,0.3333333333333333,0.04878048780487798,0.5853658536585367,-7.0,-7.58536585365853,-2.987804878048781,-0.02990243902439027,1.9634146341463463,-0.0853658536585371
41300165,1610612746,1,1610612744,2013-14,0.6951219512195121,6.926829268292683,107.92682926829268,100.95121951219512,23.975609756097562,0.35125609756097564,43.0,13.317073170731707,0.6219512195121951,4.804878048780488,104.2560975609756,99.45121951219512,24.841463414634145,0.3790487804878049,45.30487804878049,14.939024390243903,0.5,0.07317073170731703,2.1219512195121952,3.670731707317074,1.5,-0.865853658536583,-0.027792682926829237,-2.3048780487804876,-1.6219512195121961
41300155,1610612760,0,1610612763,2013-14,0.7195121951219512,6.341463414634147,106.15853658536585,99.8170731707317,22.426829268292682,0.3644390243902439,44.73170731707317,14.841463414634147,0.6097560975609756,1.5731707317073171,96.14634146341463,94.57317073170732,13.987804878048781,0.35191463414634144,42.390243902439025,12.926829268292684,0.75,0.1097560975609756,4.7682926829268295,10.012195121951223,5.243902439024382,8.439024390243901,0.01252439024390245,2.3414634146341484,1.914634146341463
41300144,1610612742,0,1610612759,2013-14,0.5975609756097561,2.402439024390244,104.84146341463415,102.4390243902439,22.890243902439025,0.3818048780487805,40.90243902439025,13.195121951219512,0.7560975609756098,7.719512195121951,105.35365853658537,97.63414634146342,21.426829268292682,0.3970975609756097,43.26829268292683,14.060975609756097,0.0,-0.1585365853658537,-5.317073170731708,-0.5121951219512226,4.8048780487804805,1.4634146341463428,-0.015292682926829226,-2.3658536585365795,-0.8658536585365848
41300114,1610612766,0,1610612748,2013-14,0.524390243902439,-0.21951219512195122,96.85365853658537,97.07317073170732,17.9390243902439,0.3495853658536585,42.68292682926829,11.634146341463415,0.6585365853658537,4.7560975609756095,102.1951219512195,97.4390243902439,22.304878048780488,0.36415853658536584,36.8780487804878,14.21951219512195,0.0,-0.13414634146341464,-4.975609756097561,-5.341463414634134,-0.3658536585365795,-4.365853658536587,-0.01457317073170733,5.804878048780488,-2.5853658536585353
41300105,1610612754,0,1610612737,2013-14,0.6829268292682927,4.451219512195122,96.7439024390244,92.34146341463415,18.804878048780488,0.3563170731707317,44.69512195121951,14.451219512195122,0.4634146341463415,-0.47560975609756095,101.0,101.47560975609755,25.804878048780488,0.35979268292682925,39.97560975609756,14.5,0.5,0.21951219512195125,4.926829268292683,-4.256097560975604,-9.134146341463406,-7.0,-0.003475609756097564,4.7195121951219505,-0.04878048780487809
41300134,1610612764,1,1610612741,2013-14,0.5365853658536586,1.2682926829268293,100.65853658536585,99.39024390243902,20.78048780487805,0.3765,42.18292682926829,14.085365853658537,0.5853658536585366,1.853658536585366,93.65853658536585,91.8048780487805,17.79268292682927,0.34659756097560973,44.146341463414636,14.0,0.6666666666666666,-0.04878048780487798,-0.5853658536585367,7.0,7.58536585365853,2.987804878048781,0.02990243902439027,-1.9634146341463463,0.0853658536585371
41300174,1610612757,1,1610612745,2013-14,0.6585365853658537,3.9878048780487805,106.7439024390244,102.7560975609756,25.25609756097561,0.37065853658536585,46.4390243902439,13.341463414634147,0.6585365853658537,4.560975609756097,107.67073170731707,103.10975609756098,26.573170731707318,0.35659756097560974,45.329268292682926,15.414634146341463,0.25,0.0,-0.5731707317073167,-0.9268292682926784,-0.35365853658537105,-1.3170731707317067,0.01406097560975611,1.1097560975609753,-2.0731707317073162
41300124,1610612751,0,1610612761,2013-14,0.5365853658536586,-1.0,98.52439024390245,99.52439024390245,23.4390243902439,0.3616341463414634,38.146341463414636,13.951219512195122,0.5853658536585366,3.2195121951219514,101.28048780487805,98.03658536585365,23.378048780487806,0.3703170731707317,42.52439024390244,13.402439024390244,0.5,-0.04878048780487798,-4.219512195121951,-2.756097560975604,1.4878048780487916,0.060975609756095395,-0.0086829268292683,-4.378048780487802,0.5487804878048781
41300164,1610612744,1,1610612746,2013-14,0.6219512195121951,4.804878048780488,104.2560975609756,99.45121951219512,24.841463414634145,0.3790487804878049,45.30487804878049,14.939024390243903,0.6951219512195121,6.926829268292683,107.92682926829268,100.95121951219512,23.975609756097562,0.35125609756097564,43.0,13.317073170731707,0.5,-0.07317073170731703,-2.1219512195121952,-3.670731707317074,-1.5,0.865853658536583,0.027792682926829237,2.3048780487804876,1.6219512195121961
41300154,1610612763,0,1610612760,2013-14,0.6097560975609756,1.5731707317073171,96.14634146341463,94.57317073170732,13.987804878048781,0.35191463414634144,42.390243902439025,12.926829268292684,0.7195121951219512,6.341463414634147,106.15853658536585,99.8170731707317,22.426829268292682,0.3644390243902439,44.73170731707317,14.841463414634147,0.25,-0.1097560975609756,-4.7682926829268295,-10.012195121951223,-5.243902439024382,-8.439024390243901,-0.01252439024390245,-2.3414634146341484,-1.914634146341463
41300143,1610612742,1,1610612759,2013-14,0.5975609756097561,2.402439024390244,104.84146341463415,102.4390243902439,22.890243902439025,0.3818048780487805,40.90243902439025,13.195121951219512,0.7560975609756098,7.719512195121951,105.35365853658537,97.63414634146342,21.426829268292682,0.3970975609756097,43.26829268292683,14.060975609756097,0.0,-0.1585365853658537,-5.317073170731708,-0.5121951219512226,4.8048780487804805,1.4634146341463428,-0.015292682926829226,-2.3658536585365795,-0.8658536585365848
41300104,1610612737,0,1610612754,2013-14,0.4634146341463415,-0.47560975609756095,101.0,101.47560975609755,25.804878048780488,0.35979268292682925,39.97560975609756,14.5,0.6829268292682927,4.451219512195122,96.7439024390244,92.34146341463415,18.804878048780488,0.3563170731707317,44.69512195121951,14.451219512195122,0.5,-0.21951219512195125,-4.926829268292683,4.256097560975604,9.134146341463406,7.0,0.003475609756097564,-4.7195121951219505,0.04878048780487809
41300113,1610612766,0,1610612748,2013-14,0.524390243902439,-0.21951219512195122,96.85365853658537,97.07317073170732,17.9390243902439,0.3495853658536585,42.68292682926829,11.634146341463415,0.6585365853658537,4.7560975609756095,102.1951219512195,97.4390243902439,22.304878048780488,0.36415853658536584,36.8780487804878,14.21951219512195,0.0,-0.13414634146341464,-4.975609756097561,-5.341463414634134,-0.3658536585365795,-4.365853658536587,-0.01457317073170733,5.804878048780488,-2.5853658536585353
41300173,1610612757,0,1610612745,2013-14,0.6585365853658537,3.9878048780487805,106.7439024390244,102.7560975609756,25.25609756097561,0.37065853658536585,46.4390243902439,13.341463414634147,0.6585365853658537,4.560975609756097,107.67073170731707,103.10975609756098,26.573170731707318,0.35659756097560974,45.329268292682926,15.414634146341463,0.25,0.0,-0.5731707317073167,-0.9268292682926784,-0.35365853658537105,-1.3170731707317067,0.01406097560975611,1.1097560975609753,-2.0731707317073162
41300123,1610612751,1,1610612761,2013-14,0.5365853658536586,-1.0,98.52439024390245,99.52439024390245,23.4390243902439,0.3616341463414634,38.146341463414636,13.951219512195122,0.5853658536585366,3.2195121951219514,101.28048780487805,98.03658536585365,23.378048780487806,0.3703170731707317,42.52439024390244,13.402439024390244,0.5,-0.04878048780487798,-4.219512195121951,-2.756097560975604,1.4878048780487916,0.060975609756095395,-0.0086829268292683,-4.378048780487802,0.5487804878048781
41300133,1610612764,0,1610612741,2013-14,0.5365853658536586,1.2682926829268293,100.65853658536585,99.39024390243902,20.78048780487805,0.3765,42.18292682926829,14.085365853658537,0.5853658536585366,1.853658536585366,93.65853658536585,91.8048780487805,17.79268292682927,0.34659756097560973,44.146341463414636,14.0,0.6666666666666666,-0.04878048780487798,-0.5853658536585367,7.0,7.58536585365853,2.987804878048781,0.02990243902439027,-1.9634146341463463,0.0853658536585371
41300103,1610612737,1,1610612754,2013-14,0.4634146341463415,-0.47560975609756095,101.0,101.47560975609755,25.804878048780488,0.35979268292682925,39.97560975609756,14.5,0.6829268292682927,4.451219512195122,96.7439024390244,92.34146341463415,18.804878048780488,0.3563170731707317,44.69512195121951,14.451219512195122,0.5,-0.21951219512195125,-4.926829268292683,4.256097560975604,9.134146341463406,7.0,0.003475609756097564,-4.7195121951219505,0.04878048780487809
41300163,1610612744,0,1610612746,2013-14,0.6219512195121951,4.804878048780488,104.2560975609756,99.45121951219512,24.841463414634145,0.3790487804878049,45.30487804878049,14.939024390243903,0.6951219512195121,6.926829268292683,107.92682926829268,100.95121951219512,23.975609756097562,0.35125609756097564,43.0,13.317073170731707,0.5,-0.07317073170731703,-2.1219512195121952,-3.670731707317074,-1.5,0.865853658536583,0.027792682926829237,2.3048780487804876,1.6219512195121961
41300153,1610612763,1,1610612760,2013-14,0.6097560975609756,1.5731707317073171,96.14634146341463,94.57317073170732,13.987804878048781,0.35191463414634144,42.390243902439025,12.926829268292684,0.7195121951219512,6.341463414634147,106.15853658536585,99.8170731707317,22.426829268292682,0.3644390243902439,44.73170731707317,14.841463414634147,0.25,-0.1097560975609756,-4.7682926829268295,-10.012195121951223,-5.243902439024382,-8.439024390243901,-0.01252439024390245,-2.3414634146341484,-1.914634146341463
41300112,1610612748,1,1610612766,2013-14,0.6585365853658537,4.7560975609756095,102.1951219512195,97.4390243902439,22.304878048780488,0.36415853658536584,36.8780487804878,14.21951219512195,0.524390243902439,-0.21951219512195122,96.85365853658537,97.07317073170732,17.9390243902439,0.3495853658536585,42.68292682926829,11.634146341463415,1.0,0.13414634146341464,4.975609756097561,5.341463414634134,0.3658536585365795,4.365853658536587,0.01457317073170733,-5.804878048780488,2.5853658536585353
41300172,1610612745,0,1610612757,2013-14,0.6585365853658537,4.560975609756097,107.67073170731707,103.10975609756098,26.573170731707318,0.35659756097560974,45.329268292682926,15.414634146341463,0.6585365853658537,3.9878048780487805,106.7439024390244,102.7560975609756,25.25609756097561,0.37065853658536585,46.4390243902439,13.341463414634147,0.75,0.0,0.5731707317073167,0.9268292682926784,0.35365853658537105,1.3170731707317067,-0.01406097560975611,-1.1097560975609753,2.0731707317073162
41300142,1610612759,0,1610612742,2013-14,0.7560975609756098,7.719512195121951,105.35365853658537,97.63414634146342,21.426829268292682,0.3970975609756097,43.26829268292683,14.060975609756097,0.5975609756097561,2.402439024390244,104.84146341463415,102.4390243902439,22.890243902439025,0.3818048780487805,40.90243902439025,13.195121951219512,1.0,0.1585365853658537,5.317073170731708,0.5121951219512226,-4.8048780487804805,-1.4634146341463428,0.015292682926829226,2.3658536585365795,0.8658536585365848
41300132,1610612741,0,1610612764,2013-14,0.5853658536585366,1.853658536585366,93.65853658536585,91.8048780487805,17.79268292682927,0.34659756097560973,44.146341463414636,14.0,0.5365853658536586,1.2682926829268293,100.65853658536585,99.39024390243902,20.78048780487805,0.3765,42.18292682926829,14.085365853658537,0.3333333333333333,0.04878048780487798,0.5853658536585367,-7.0,-7.58536585365853,-2.987804878048781,-0.02990243902439027,1.9634146341463463,-0.0853658536585371
41300122,1610612761,1,1610612751,2013-14,0.5853658536585366,3.2195121951219514,101.28048780487805,98.03658536585365,23.378048780487806,0.3703170731707317,42.52439024390244,13.402439024390244,0.5365853658536586,-1.0,98.52439024390245,99.52439024390245,23.4390243902439,0.3616341463414634,38.146341463414636,13.951219512195122,0.5,0.04878048780487798,4.219512195121951,2.756097560975604,-1.4878048780487916,-0.060975609756095395,0.0086829268292683,4.378048780487802,-0.5487804878048781
41300102,1610612754,1,1610612737,2013-14,0.6829268292682927,4.451219512195122,96.7439024390244,92.34146341463415,18.804878048780488,0.3563170731707317,44.69512195121951,14.451219512195122,0.4634146341463415,-0.47560975609756095,101.0,101.47560975609755,25.804878048780488,0.35979268292682925,39.97560975609756,14.5,0.5,0.21951219512195125,4.926829268292683,-4.256097560975604,-9.134146341463406,-7.0,-0.003475609756097564,4.7195121951219505,-0.04878048780487809
41300152,1610612760,0,1610612763,2013-14,0.7195121951219512,6.341463414634147,106.15853658536585,99.8170731707317,22.426829268292682,0.3644390243902439,44.73170731707317,14.841463414634147,0.6097560975609756,1.5731707317073171,96.14634146341463,94.57317073170732,13.987804878048781,0.35191463414634144,42.390243902439025,12.926829268292684,0.75,0.1097560975609756,4.7682926829268295,10.012195121951223,5.243902439024382,8.439024390243901,0.01252439024390245,2.3414634146341484,1.914634146341463
41300162,1610612746,1,1610612744,2013-14,0.6951219512195121,6.926829268292683,107.92682926829268,100.95121951219512,23.975609756097562,0.35125609756097564,43.0,13.317073170731707,0.6219512195121951,4.804878048780488,104.2560975609756,99.45121951219512,24.841463414634145,0.3790487804878049,45.30487804878049,14.939024390243903,0.5,0.07317073170731703,2.1219512195121952,3.670731707317074,1.5,-0.865853658536583,-0.027792682926829237,-2.3048780487804876,-1.6219512195121961
41300111,1610612748,1,1610612766,2013-14,0.6585365853658537,4.7560975609756095,102.1951219512195,97.4390243902439,22.304878048780488,0.36415853658536584,36.8780487804878,14.21951219512195,0.524390243902439,-0.21951219512195122,96.85365853658537,97.07317073170732,17.9390243902439,0.3495853658536585,42.68292682926829,11.634146341463415,1.0,0.13414634146341464,4.975609756097561,5.341463414634134,0.3658536585365795,4.365853658536587,0.01457317073170733,-5.804878048780488,2.5853658536585353
41300131,1610612741,0,1610612764,2013-14,0.5853658536585366,1.853658536585366,93.65853658536585,91.8048780487805,17.79268292682927,0.34659756097560973,44.146341463414636,14.0,0.5365853658536586,1.2682926829268293,100.65853658536585,99.39024390243902,20.78048780487805,0.3765,42.18292682926829,14.085365853658537,0.3333333333333333,0.04878048780487798,0.5853658536585367,-7.0,-7.58536585365853,-2.987804878048781,-0.02990243902439027,1.9634146341463463,-0.0853658536585371
41300141,1610612759,1,1610612742,2013-14,0.7560975609756098,7.719512195121951,105.35365853658537,97.63414634146342,21.426829268292682,0.3970975609756097,43.26829268292683,14.060975609756097,0.5975609756097561,2.402439024390244,104.84146341463415,102.4390243902439,22.890243902439025,0.3818048780487805,40.90243902439025,13.195121951219512,1.0,0.1585365853658537,5.317073170731708,0.5121951219512226,-4.8048780487804805,-1.4634146341463428,0.015292682926829226,2.3658536585365795,0.8658536585365848
41300171,1610612745,0,1610612757,2013-14,0.6585365853658537,4.560975609756097,107.67073170731707,103.10975609756098,26.573170731707318,0.35659756097560974,45.329268292682926,15.414634146341463,0.6585365853658537,3.9878048780487805,106.7439024390244,102.7560975609756,25.25609756097561,0.37065853658536585,46.4390243902439,13.341463414634147,0.75,0.0,0.5731707317073167,0.9268292682926784,0.35365853658537105,1.3170731707317067,-0.01406097560975611,-1.1097560975609753,2.0731707317073162
41300101,1610612754,0,1610612737,2013-14,0.6829268292682927,4.451219512195122,96.7439024390244,92.34146341463415,18.804878048780488,0.3563170731707317,44.69512195121951,14.451219512195122,0.4634146341463415,-0.47560975609756095,101.0,101.47560975609755,25.804878048780488,0.35979268292682925,39.97560975609756,14.5,0.5,0.21951219512195125,4.926829268292683,-4.256097560975604,-9.134146341463406,-7.0,-0.003475609756097564,4.7195121951219505,-0.04878048780487809
41300121,1610612761,0,1610612751,2013-14,0.5853658536585366,3.2195121951219514,101.28048780487805,98.03658536585365,23.378048780487806,0.3703170731707317,42.52439024390244,13.402439024390244,0.5365853658536586,-1.0,98.52439024390245,99.52439024390245,23.4390243902439,0.3616341463414634,38.146341463414636,13.951219512195122,0.5,0.04878048780487798,4.219512195121951,2.756097560975604,-1.4878048780487916,-0.060975609756095395,0.0086829268292683,4.378048780487802,-0.5487804878048781
41300151,1610612760,1,1610612763,2013-14,0.7195121951219512,6.341463414634147,106.15853658536585,99.8170731707317,22.426829268292682,0.3644390243902439,44.73170731707317,14.841463414634147,0.6097560975609756,1.5731707317073171,96.14634146341463,94.57317073170732,13.987804878048781,0.35191463414634144,42.390243902439025,12.926829268292684,0.75,0.1097560975609756,4.7682926829268295,10.012195121951223,5.243902439024382,8.439024390243901,0.01252439024390245,2.3414634146341484,1.914634146341463
41300161,1610612746,0,1610612744,2013-14,0.6951219512195121,6.926829268292683,107.92682926829268,100.95121951219512,23.975609756097562,0.35125609756097564,43.0,13.317073170731707,0.6219512195121951,4.804878048780488,104.2560975609756,99.45121951219512,24.841463414634145,0.3790487804878049,45.30487804878049,14.939024390243903,0.5,0.07317073170731703,2.1219512195121952,3.670731707317074,1.5,-0.865853658536583,-0.027792682926829237,-2.3048780487804876,-1.6219512195121961
41400406,1610612739,0,1610612744,2014-15,0.6463414634146342,4.475609756097561,103.13414634146342,98.65853658536585,27.475609756097562,0.3637560975609756,42.96341463414634,13.634146341463415,0.8170731707317073,10.097560975609756,109.95121951219512,99.85365853658537,27.036585365853657,0.39787804878048777,44.71951219512195,14.097560975609756,0.5,-0.1707317073170731,-5.621951219512195,-6.817073170731703,-1.1951219512195195,0.4390243902439046,-0.03412195121951217,-1.7560975609756113,-0.463414634146341
41400405,1610612744,1,1610612739,2014-15,0.8170731707317073,10.097560975609756,109.95121951219512,99.85365853658537,27.036585365853657,0.39787804878048777,44.71951219512195,14.097560975609756,0.6463414634146342,4.475609756097561,103.13414634146342,98.65853658536585,27.475609756097562,0.3637560975609756,42.96341463414634,13.634146341463415,0.5,0.1707317073170731,5.621951219512195,6.817073170731703,1.1951219512195195,-0.4390243902439046,0.03412195121951217,1.7560975609756113,0.463414634146341
41400404,1610612739,0,1610612744,2014-15,0.6463414634146342,4.475609756097561,103.13414634146342,98.65853658536585,27.475609756097562,0.3637560975609756,42.96341463414634,13.634146341463415,0.8170731707317073,10.097560975609756,109.95121951219512,99.85365853658537,27.036585365853657,0.39787804878048777,44.71951219512195,14.097560975609756,0.5,-0.1707317073170731,-5.621951219512195,-6.817073170731703,-1.1951219512195195,0.4390243902439046,-0.03412195121951217,-1.7560975609756113,-0.463414634146341
41400403,1610612739,1,1610612744,2014-15,0.6463414634146342,4.475609756097561,103.13414634146342,98.65853658536585,27.475609756097562,0.3637560975609756,42.96341463414634,13.634146341463415,0.8170731707317073,10.097560975609756,109.95121951219512,99.85365853658537,27.036585365853657,0.39787804878048777,44.71951219512195,14.097560975609756,0.5,-0.1707317073170731,-5.621951219512195,-6.817073170731703,-1.1951219512195195,0.4390243902439046,-0.03412195121951217,-1.7560975609756113,-0.463414634146341
41400402,1610612744,0,1610612739,2014-15,0.8170731707317073,10.097560975609756,109.95121951219512,99.85365853658537,27.036585365853657,0.39787804878048777,44.71951219512195,14.097560975609756,0.6463414634146342,4.475609756097561,103.13414634146342,98.65853658536585,27.475609756097562,0.3637560975609756,42.96341463414634,13.634146341463415,0.5,0.1707317073170731,5.621951219512195,6.817073170731703,1.1951219512195195,-0.4390243902439046,0.03412195121951217,1.7560975609756113,0.463414634146341
41400401,1610612744,1,1610612739,2014-15,0.8170731707317073,10.097560975609756,109.95121951219512,99.85365853658537,27.036585365853657,0.39787804878048777,44.71951219512195,14.097560975609756,0.6463414634146342,4.475609756097561,103.13414634146342,98.65853658536585,27.475609756097562,0.3637560975609756,42.96341463414634,13.634146341463415,0.5,0.1707317073170731,5.621951219512195,6.817073170731703,1.1951219512195195,-0.4390243902439046,0.03412195121951217,1.7560975609756113,0.463414634146341
41400315,1610612744,1,1610612745,2014-15,0.8170731707317073,10.097560975609756,109.95121951219512,99.85365853658537,27.036585365853657,0.39787804878048777,44.71951219512195,14.097560975609756,0.6829268292682927,3.4390243902439024,103.92682926829268,100.48780487804878,32.68292682926829,0.34847560975609754,43.68292682926829,15.939024390243903,1.0,0.13414634146341453,6.658536585365853,6.024390243902445,-0.6341463414634063,-5.6463414634146325,0.04940243902439023,1.0365853658536608,-1.8414634146341466
41400304,1610612739,1,1610612737,2014-15,0.6463414634146342,4.475609756097561,103.13414634146342,98.65853658536585,27.475609756097562,0.3637560975609756,42.96341463414634,13.634146341463415,0.7317073170731707,5.426829268292683,102.54878048780488,97.1219512195122,26.24390243902439,0.38014634146341464,40.5609756097561,13.451219512195122,0.25,-0.08536585365853655,-0.9512195121951219,0.5853658536585442,1.5365853658536537,1.2317073170731732,-0.01639024390243904,2.4024390243902403,0.1829268292682933
41400314,1610612745,1,1610612744,2014-15,0.6829268292682927,3.4390243902439024,103.92682926829268,100.48780487804878,32.68292682926829,0.34847560975609754,43.68292682926829,15.939024390243903,0.8170731707317073,10.097560975609756,109.95121951219512,99.85365853658537,27.036585365853657,0.39787804878048777,44.71951219512195,14.097560975609756,0.0,-0.13414634146341453,-6.658536585365853,-6.024390243902445,0.6341463414634063,5.6463414634146325,-0.04940243902439023,-1.0365853658536608,1.8414634146341466
41400303,1610612739,1,1610612737,2014-15,0.6463414634146342,4.475609756097561,103.13414634146342,98.65853658536585,27.475609756097562,0.3637560975609756,42.96341463414634,13.634146341463415,0.7317073170731707,5.426829268292683,102.54878048780488,97.1219512195122,26.24390243902439,0.38014634146341464,40.5609756097561,13.451219512195122,0.25,-0.08536585365853655,-0.9512195121951219,0.5853658536585442,1.5365853658536537,1.2317073170731732,-0.01639024390243904,2.4024390243902403,0.1829268292682933
41400313,1610612745,0,1610612744,2014-15,0.6829268292682927,3.4390243902439024,103.92682926829268,100.48780487804878,32.68292682926829,0.34847560975609754,43.68292682926829,15.939024390243903,0.8170731707317073,10.097560975609756,109.95121951219512,99.85365853658537,27.036585365853657,0.39787804878048777,44.71951219512195,14.097560975609756,0.0,-0.13414634146341453,-6.658536585365853,-6.024390243902445,0.6341463414634063,5.6463414634146325,-0.04940243902439023,-1.0365853658536608,1.8414634146341466
41400302,1610612737,0,1610612739,2014-15,0.7317073170731707,5.426829268292683,102.54878048780488,97.1219512195122,26.24390243902439,0.38014634146341464,40.5609756097561,13.451219512195122,0.6463414634146342,4.475609756097561,103.13414634146342,98.65853658536585,27.475609756097562,0.3637560975609756,42.96341463414634,13.634146341463415,0.75,0.08536585365853655,0.9512195121951219,-0.5853658536585442,-1.5365853658536537,-1.2317073170731732,0.01639024390243904,-2.4024390243902403,-0.1829268292682933
41400312,1610612744,1,1610612745,2014-15,0.8170731707317073,10.097560975609756,109.95121951219512,99.85365853658537,27.036585365853657,0.39787804878048777,44.71951219512195,14.097560975609756,0.6829268292682927,3.4390243902439024,103.92682926829268,100.48780487804878,32.68292682926829,0.34847560975609754,43.68292682926829,15.939024390243903,1.0,0.13414634146341453,6.658536585365853,6.024390243902445,-0.6341463414634063,-5.6463414634146325,0.04940243902439023,1.0365853658536608,-1.8414634146341466
41400301,1610612737,0,1610612739,2014-15,0.7317073170731707,5.426829268292683,102.54878048780488,97.1219512195122,26.24390243902439,0.38014634146341464,40.5609756097561,13.451219512195122,0.6463414634146342,4.475609756097561,103.13414634146342,98.65853658536585,27.475609756097562,0.3637560975609756,42.96341463414634,13.634146341463415,0.75,0.08536585365853655,0.9512195121951219,-0.5853658536585442,-1.5365853658536537,-1.2317073170731732,0.01639024390243904,-2.4024390243902403,-0.1829268292682933
41400311,1610612744,1,1610612745,2014-15,0.8170731707317073,10.097560975609756,109.95121951219512,99.85365853658537,27.036585365853657,0.39787804878048777,44.71951219512195,14.097560975609756,0.6829268292682927,3.4390243902439024,103.92682926829268,100.48780487804878,32.68292682926829,0.34847560975609754,43.68292682926829,15.939024390243903,1.0,0.13414634146341453,6.658536585365853,6.024390243902445,-0.6341463414634063,-5.6463414634146325,0.04940243902439023,1.0365853658536608,-1.8414634146341466
41400237,1610612745,1,1610612746,2014-15,0.6829268292682927,3.4390243902439024,103.92682926829268,100.48780487804878,32.68292682926829,0.34847560975609754,43.68292682926829,15.939024390243903,0.6829268292682927,6.585365853658536,106.71951219512195,100.13414634146342,26.853658536585368,0.37247560975609756,42.6219512195122,11.792682926829269,0.5,0.0,-3.146341463414634,-2.792682926829272,0.35365853658535684,5.829268292682922,-0.02400000000000002,1.0609756097560918,4.146341463414634
41400206,1610612764,0,1610612737,2014-15,0.5609756097560976,0.7195121951219512,98.53658536585365,97.8170731707317,16.841463414634145,0.36173170731707316,44.670731707317074,14.378048780487806,0.7317073170731707,5.426829268292683,102.54878048780488,97.1219512195122,26.24390243902439,0.38014634146341464,40.5609756097561,13.451219512195122,0.25,-0.1707317073170731,-4.7073170731707314,-4.012195121951223,0.6951219512195053,-9.402439024390244,-0.01841463414634148,4.109756097560975,0.9268292682926838
41400226,1610612763,0,1610612744,2014-15,0.6707317073170732,3.2439024390243905,98.3170731707317,95.07317073170732,15.195121951219512,0.33630487804878045,42.5609756097561,12.975609756097562,0.8170731707317073,10.097560975609756,109.95121951219512,99.85365853658537,27.036585365853657,0.39787804878048777,44.71951219512195,14.097560975609756,0.3333333333333333,-0.14634146341463405,-6.853658536585366,-11.63414634146342,-4.7804878048780495,-11.841463414634145,-0.061573170731707316,-2.1585365853658516,-1.1219512195121943
41400216,1610612741,0,1610612739,2014-15,0.6097560975609756,3.0,100.79268292682927,97.79268292682927,22.25609756097561,0.3535853658536585,45.74390243902439,13.170731707317072,0.6463414634146342,4.475609756097561,103.13414634146342,98.65853658536585,27.475609756097562,0.3637560975609756,42.96341463414634,13.634146341463415,0.25,-0.03658536585365857,-1.475609756097561,-2.3414634146341484,-0.8658536585365795,-5.2195121951219505,-0.010170731707317082,2.7804878048780495,-0.46341463414634276
41400236,1610612746,0,1610612745,2014-15,0.6829268292682927,6.585365853658536,106.71951219512195,100.13414634146342,26.853658536585368,0.37247560975609756,42.6219512195122,11.792682926829269,0.6829268292682927,3.4390243902439024,103.92682926829268,100.48780487804878,32.68292682926829,0.34847560975609754,43.68292682926829,15.939024390243903,0.5,0.0,3.146341463414634,2.792682926829272,-0.35365853658535684,-5.829268292682922,0.02400000000000002,-1.0609756097560918,-4.146341463414634
41400205,1610612737,1,1610612764,2014-15,0.7317073170731707,5.426829268292683,102.54878048780488,97.1219512195122,26.24390243902439,0.38014634146341464,40.5609756097561,13.451219512195122,0.5609756097560976,0.7195121951219512,98.53658536585365,97.8170731707317,16.841463414634145,0.36173170731707316,44.670731707317074,14.378048780487806,0.75,0.1707317073170731,4.7073170731707314,4.012195121951223,-0.6951219512195053,9.402439024390244,0.01841463414634148,-4.109756097560975,-0.9268292682926838
41400225,1610612744,1,1610612763,2014-15,0.8170731707317073,10.097560975609756,109.95121951219512,99.85365853658537,27.036585365853657,0.39787804878048777,44.71951219512195,14.097560975609756,0.6707317073170732,3.2439024390243905,98.3170731707317,95.07317073170732,15.195121951219512,0.33630487804878045,42.5609756097561,12.975609756097562,0.6666666666666666,0.14634146341463405,6.853658536585366,11.63414634146342,4.7804878048780495,11.841463414634145,0.061573170731707316,2.1585365853658516,1.1219512195121943
41400215,1610612739,1,1610612741,2014-15,0.6463414634146342,4.475609756097561,103.13414634146342,98.65853658536585,27.475609756097562,0.3637560975609756,42.96341463414634,13.634146341463415,0.6097560975609756,3.0,100.79268292682927,97.79268292682927,22.25609756097561,0.3535853658536585,45.74390243902439,13.170731707317072,0.75,0.03658536585365857,1.475609756097561,2.3414634146341484,0.8658536585365795,5.2195121951219505,0.010170731707317082,-2.7804878048780495,0.46341463414634276
41400235,1610612745,1,1610612746,2014-15,0.6829268292682927,3.4390243902439024,103.92682926829268,100.48780487804878,32.68292682926829,0.34847560975609754,43.68292682926829,15.939024390243903,0.6829268292682927,6.585365853658536,106.71951219512195,100.13414634146342,26.853658536585368,0.37247560975609756,42.6219512195122,11.792682926829269,0.5,0.0,-3.146341463414634,-2.792682926829272,0.35365853658535684,5.829268292682922,-0.02400000000000002,1.0609756097560918,4.146341463414634
41400204,1610612764,0,1610612737,2014-15,0.5609756097560976,0.7195121951219512,98.53658536585365,97.8170731707317,16.841463414634145,0.36173170731707316,44.670731707317074,14.378048780487806,0.7317073170731707,5.426829268292683,102.54878048780488,97.1219512195122,26.24390243902439,0.38014634146341464,40.5609756097561,13.451219512195122,0.25,-0.1707317073170731,-4.7073170731707314,-4.012195121951223,0.6951219512195053,-9.402439024390244,-0.01841463414634148,4.109756097560975,0.9268292682926838
41400224,1610612763,0,1610612744,2014-15,0.6707317073170732,3.2439024390243905,98.3170731707317,95.07317073170732,15.195121951219512,0.33630487804878045,42.5609756097561,12.975609756097562,0.8170731707317073,10.097560975609756,109.95121951219512,99.85365853658537,27.036585365853657,0.39787804878048777,44.71951219512195,14.097560975609756,0.3333333333333333,-0.14634146341463405,-6.853658536585366,-11.63414634146342,-4.7804878048780495,-11.841463414634145,-0.061573170731707316,-2.1585365853658516,-1.1219512195121943
41400234,1610612746,1,1610612745,2014-15,0.6829268292682927,6.585365853658536,106.71951219512195,100.13414634146342,26.853658536585368,0.37247560975609756,42.6219512195122,11.792682926829269,0.6829268292682927,3.4390243902439024,103.92682926829268,100.48780487804878,32.68292682926829,0.34847560975609754,43.68292682926829,15.939024390243903,0.5,0.0,3.146341463414634,2.792682926829272,-0.35365853658535684,-5.829268292682922,0.02400000000000002,-1.0609756097560918,-4.146341463414634
41400214,1610612741,0,1610612739,2014-15,0.6097560975609756,3.0,100.79268292682927,97.79268292682927,22.25609756097561,0.3535853658536585,45.74390243902439,13.170731707317072,0.6463414634146342,4.475609756097561,103.13414634146342,98.65853658536585,27.475609756097562,0.3637560975609756,42.96341463414634,13.634146341463415,0.25,-0.03658536585365857,-1.475609756097561,-2.3414634146341484,-0.8658536585365795,-5.2195121951219505,-0.010170731707317082,2.7804878048780495,-0.46341463414634276
41400203,1610612764,1,1610612737,2014-15,0.5609756097560976,0.7195121951219512,98.53658536585365,97.8170731707317,16.841463414634145,0.36173170731707316,44.670731707317074,14.378048780487806,0.7317073170731707,5.426829268292683,102.54878048780488,97.1219512195122,26.24390243902439,0.38014634146341464,40.5609756097561,13.451219512195122,0.25,-0.1707317073170731,-4.7073170731707314,-4.012195121951223,0.6951219512195053,-9.402439024390244,-0.01841463414634148,4.109756097560975,0.9268292682926838
41400223,1610612763,1,1610612744,2014-15,0.6707317073170732,3.2439024390243905,98.3170731707317,95.07317073170732,15.195121951219512,0.33630487804878045,42.5609756097561,12.975609756097562,0.8170731707317073,10.097560975609756,109.95121951219512,99.85365853658537,27.036585365853657,0.39787804878048777,44.71951219512195,14.097560975609756,0.3333333333333333,-0.14634146341463405,-6.853658536585366,-11.63414634146342,-4.7804878048780495,-11.841463414634145,-0.061573170731707316,-2.1585365853658516,-1.1219512195121943
41400233,1610612746,1,1610612745,2014-15,0.6829268292682927,6.585365853658536,106.71951219512195,100.13414634146342,26.853658536585368,0.37247560975609756,42.6219512195122,11.792682926829269,0.6829268292682927,3.4390243902439024,103.92682926829268,100.48780487804878,32.68292682926829,0.34847560975609754,43.68292682926829,15.939024390243903,0.5,0.0,3.146341463414634,2.792682926829272,-0.35365853658535684,-5.829268292682922,0.02400000000000002,-1.0609756097560918,-4.146341463414634
41400213,1610612741,1,1610612739,2014-15,0.6097560975609756,3.0,100.79268292682927,97.79268292682927,22.25609756097561,0.3535853658536585,45.74390243902439,13.170731707317072,0.6463414634146342,4.475609756097561,103.13414634146342,98.65853658536585,27.475609756097562,0.3637560975609756,42.96341463414634,13.634146341463415,0.25,-0.03658536585365857,-1.475609756097561,-2.3414634146341484,-0.8658536585365795,-5.2195121951219505,-0.010170731707317082,2.7804878048780495,-0.46341463414634276
41400212,1610612739,1,1610612741,2014-15,0.6463414634146342,4.475609756097561,103.13414634146342,98.65853658536585,27.475609756097562,0.3637560975609756,42.96341463414634,13.634146341463415,0.6097560975609756,3.0,100.79268292682927,97.79268292682927,22.25609756097561,0.3535853658536585,45.74390243902439,13.170731707317072,0.75,0.03658536585365857,1.475609756097561,2.3414634146341484,0.8658536585365795,5.2195121951219505,0.010170731707317082,-2.7804878048780495,0.46341463414634276
41400232,1610612745,1,1610612746,2014-15,0.6829268292682927,3.4390243902439024,103.92682926829268,100.48780487804878,32.68292682926829,0.34847560975609754,43.68292682926829,15.939024390243903,0.6829268292682927,6.585365853658536,106.71951219512195,100.13414634146342,26.853658536585368,0.37247560975609756,42.6219512195122,11.792682926829269,0.5,0.0,-3.146341463414634,-2.792682926829272,0.35365853658535684,5.829268292682922,-0.02400000000000002,1.0609756097560918,4.146341463414634
41400222,1610612744,0,1610612763,2014-15,0.8170731707317073,10.097560975609756,109.95121951219512,99.85365853658537,27.036585365853657,0.39787804878048777,44.71951219512195,14.097560975609756,0.6707317073170732,3.2439024390243905,98.3170731707317,95.07317073170732,15.195121951219512,0.33630487804878045,42.5609756097561,12.975609756097562,0.6666666666666666,0.14634146341463405,6.853658536585366,11.63414634146342,4.7804878048780495,11.841463414634145,0.061573170731707316,2.1585365853658516,1.1219512195121943
41400202,1610612737,1,1610612764,2014-15,0.7317073170731707,5.426829268292683,102.54878048780488,97.1219512195122,26.24390243902439,0.38014634146341464,40.5609756097561,13.451219512195122,0.5609756097560976,0.7195121951219512,98.53658536585365,97.8170731707317,16.841463414634145,0.36173170731707316,44.670731707317074,14.378048780487806,0.75,0.1707317073170731,4.7073170731707314,4.012195121951223,-0.6951219512195053,9.402439024390244,0.01841463414634148,-4.109756097560975,-0.9268292682926838
41400211,1610612739,0,1610612741,2014-15,0.6463414634146342,4.475609756097561,103.13414634146342,98.65853658536585,27.475609756097562,0.3637560975609756,42.96341463414634,13.634146341463415,0.6097560975609756,3.0,100.79268292682927,97.79268292682927,22.25609756097561,0.3535853658536585,45.74390243902439,13.170731707317072,0.75,0.03658536585365857,1.475609756097561,2.3414634146341484,0.8658536585365795,5.2195121951219505,0.010170731707317082,-2.7804878048780495,0.46341463414634276
41400231,1610612745,0,1610612746,2014-15,0.6829268292682927,3.4390243902439024,103.92682926829268,100.48780487804878,32.68292682926829,0.34847560975609754,43.68292682926829,15.939024390243903,0.6829268292682927,6.585365853658536,106.71951219512195,100.13414634146342,26.853658536585368,0.37247560975609756,42.6219512195122,11.792682926829269,0.5,0.0,-3.146341463414634,-2.792682926829272,0.35365853658535684,5.829268292682922,-0.02400000000000002,1.0609756097560918,4.146341463414634
41400221,1610612744,1,1610612763,2014-15,0.8170731707317073,10.097560975609756,109.95121951219512,99.85365853658537,27.036585365853657,0.39787804878048777,44.71951219512195,14.097560975609756,0.6707317073170732,3.2439024390243905,98.3170731707317,95.07317073170732,15.195121951219512,0.33630487804878045,42.5609756097561,12.975609756097562,0.6666666666666666,0.14634146341463405,6.853658536585366,11.63414634146342,4.7804878048780495,11.841463414634145,0.061573170731707316,2.1585365853658516,1.1219512195121943
41400201,1610612737,0,1610612764,2014-15,0.7317073170731707,5.426829268292683,102.54878048780488,97.1219512195122,26.24390243902439,0.38014634146341464,40.5609756097561,13.451219512195122,0.5609756097560976,0.7195121951219512,98.53658536585365,97.8170731707317,16.841463414634145,0.36173170731707316,44.670731707317074,14.378048780487806,0.75,0.1707317073170731,4.7073170731707314,4.012195121951223,-0.6951219512195053,9.402439024390244,0.01841463414634148,-4.109756097560975,-0.9268292682926838
41400167,1610612746,1,1610612759,2014-15,0.6829268292682927,6.585365853658536,106.71951219512195,100.13414634146342,26.853658536585368,0.37247560975609756,42.6219512195122,11.792682926829269,0.6707317073170732,6.195121951219512,103.1829268292683,96.98780487804878,22.524390243902438,0.3618048780487805,43.63414634146341,13.463414634146341,0.5,0.012195121951219523,0.39024390243902385,3.5365853658536537,3.146341463414643,4.329268292682929,0.010670731707317083,-1.0121951219512155,-1.6707317073170724
41400106,1610612751,0,1610612737,2014-15,0.4634146341463415,-2.8780487804878048,98.02439024390245,100.90243902439025,19.914634146341463,0.32719512195121947,42.353658536585364,13.390243902439025,0.7317073170731707,5.426829268292683,102.54878048780488,97.1219512195122,26.24390243902439,0.38014634146341464,40.5609756097561,13.451219512195122,0.0,-0.26829268292682923,-8.304878048780488,-4.524390243902431,3.7804878048780495,-6.329268292682926,-0.05295121951219517,1.792682926829265,-0.06097560975609717
41400126,1610612749,0,1610612741,2014-15,0.5,0.4268292682926829,97.84146341463415,97.41463414634147,18.29268292682927,0.3638292682926829,42.073170731707314,15.963414634146341,0.6097560975609756,3.0,100.79268292682927,97.79268292682927,22.25609756097561,0.3535853658536585,45.74390243902439,13.170731707317072,0.25,-0.1097560975609756,-2.573170731707317,-2.9512195121951237,-0.3780487804878021,-3.9634146341463428,0.0102439024390244,-3.670731707317074,2.7926829268292686
41400166,1610612759,0,1610612746,2014-15,0.6707317073170732,6.195121951219512,103.1829268292683,96.98780487804878,22.524390243902438,0.3618048780487805,43.63414634146341,13.463414634146341,0.6829268292682927,6.585365853658536,106.71951219512195,100.13414634146342,26.853658536585368,0.37247560975609756,42.6219512195122,11.792682926829269,0.5,-0.012195121951219523,-0.39024390243902385,-3.5365853658536537,-3.146341463414643,-4.329268292682929,-0.010670731707317083,1.0121951219512155,1.6707317073170724
41400105,1610612737,1,1610612751,2014-15,0.7317073170731707,5.426829268292683,102.54878048780488,97.1219512195122,26.24390243902439,0.38014634146341464,40.5609756097561,13.451219512195122,0.4634146341463415,-2.8780487804878048,98.02439024390245,100.90243902439025,19.914634146341463,0.32719512195121947,42.353658536585364,13.390243902439025,1.0,0.26829268292682923,8.304878048780488,4.524390243902431,-3.7804878048780495,6.329268292682926,0.05295121951219517,-1.792682926829265,0.06097560975609717
41400175,1610612763,1,1610612757,2014-15,0.6707317073170732,3.2439024390243905,98.3170731707317,95.07317073170732,15.195121951219512,0.33630487804878045,42.5609756097561,12.975609756097562,0.6219512195121951,4.2317073170731705,102.79268292682927,98.5609756097561,27.20731707317073,0.36117073170731706,45.853658536585364,13.25609756097561,1.0,0.04878048780487809,-0.98780487804878,-4.475609756097569,-3.4878048780487774,-12.012195121951219,-0.024865853658536607,-3.292682926829265,-0.2804878048780477
41400165,1610612746,0,1610612759,2014-15,0.6829268292682927,6.585365853658536,106.71951219512195,100.13414634146342,26.853658536585368,0.37247560975609756,42.6219512195122,11.792682926829269,0.6707317073170732,6.195121951219512,103.1829268292683,96.98780487804878,22.524390243902438,0.3618048780487805,43.63414634146341,13.463414634146341,0.5,0.012195121951219523,0.39024390243902385,3.5365853658536537,3.146341463414643,4.329268292682929,0.010670731707317083,-1.0121951219512155,-1.6707317073170724
41400155,1610612745,1,1610612742,2014-15,0.6829268292682927,3.4390243902439024,103.92682926829268,100.48780487804878,32.68292682926829,0.34847560975609754,43.68292682926829,15.939024390243903,0.6097560975609756,2.902439024390244,105.21951219512195,102.3170731707317,25.390243902439025,0.34903658536585364,42.26829268292683,12.548780487804878,0.75,0.07317073170731714,0.5365853658536586,-1.292682926829272,-1.8292682926829258,7.292682926829265,-0.0005609756097560981,1.414634146341463,3.3902439024390247
41400174,1610612757,1,1610612763,2014-15,0.6219512195121951,4.2317073170731705,102.79268292682927,98.5609756097561,27.20731707317073,0.36117073170731706,45.853658536585364,13.25609756097561,0.6707317073170732,3.2439024390243905,98.3170731707317,95.07317073170732,15.195121951219512,0.33630487804878045,42.5609756097561,12.975609756097562,0.0,-0.04878048780487809,0.98780487804878,4.475609756097569,3.4878048780487774,12.012195121951219,0.024865853658536607,3.292682926829265,0.2804878048780477
41400104,1610612751,1,1610612737,2014-15,0.4634146341463415,-2.8780487804878048,98.02439024390245,100.90243902439025,19.914634146341463,0.32719512195121947,42.353658536585364,13.390243902439025,0.7317073170731707,5.426829268292683,102.54878048780488,97.1219512195122,26.24390243902439,0.38014634146341464,40.5609756097561,13.451219512195122,0.0,-0.26829268292682923,-8.304878048780488,-4.524390243902431,3.7804878048780495,-6.329268292682926,-0.05295121951219517,1.792682926829265,-0.06097560975609717
41400125,1610612741,0,1610612749,2014-15,0.6097560975609756,3.0,100.79268292682927,97.79268292682927,22.25609756097561,0.3535853658536585,45.74390243902439,13.170731707317072,0.5,0.4268292682926829,97.84146341463415,97.41463414634147,18.29268292682927,0.3638292682926829,42.073170731707314,15.963414634146341,0.75,0.1097560975609756,2.573170731707317,2.9512195121951237,0.3780487804878021,3.9634146341463428,-0.0102439024390244,3.670731707317074,-2.7926829268292686
41400164,1610612759,0,1610612746,2014-15,0.6707317073170732,6.195121951219512,103.1829268292683,96.98780487804878,22.524390243902438,0.3618048780487805,43.63414634146341,13.463414634146341,0.6829268292682927,6.585365853658536,106.71951219512195,100.13414634146342,26.853658536585368,0.37247560975609756,42.6219512195122,11.792682926829269,0.5,-0.012195121951219523,-0.39024390243902385,-3.5365853658536537,-3.146341463414643,-4.329268292682929,-0.010670731707317083,1.0121951219512155,1.6707317073170724
41400134,1610612764,1,1610612761,2014-15,0.5609756097560976,0.7195121951219512,98.53658536585365,97.8170731707317,16.841463414634145,0.36173170731707316,44.670731707317074,14.378048780487806,0.5975609756097561,3.097560975609756,103.98780487804878,100.91463414634147,25.121951219512194,0.35117073170731705,41.548780487804876,12.195121951219512,0.0,-0.03658536585365846,-2.3780487804878048,-5.451219512195124,-3.097560975609767,-8.28048780487805,0.010560975609756107,3.121951219512198,2.1829268292682933
41400114,1610612738,0,1610612739,2014-15,0.4878048780487805,0.15853658536585366,101.36585365853658,101.20731707317073,24.646341463414632,0.3261829268292683,43.84146341463415,13.268292682926829,0.6463414634146342,4.475609756097561,103.13414634146342,98.65853658536585,27.475609756097562,0.3637560975609756,42.96341463414634,13.634146341463415,0.5,-0.1585365853658537,-4.317073170731708,-1.768292682926841,2.5487804878048763,-2.8292682926829293,-0.037573170731707295,0.8780487804878092,-0.3658536585365866
41400154,1610612742,1,1610612745,2014-15,0.6097560975609756,2.902439024390244,105.21951219512195,102.3170731707317,25.390243902439025,0.34903658536585364,42.26829268292683,12.548780487804878,0.6829268292682927,3.4390243902439024,103.92682926829268,100.48780487804878,32.68292682926829,0.34847560975609754,43.68292682926829,15.939024390243903,0.25,-0.07317073170731714,-0.5365853658536586,1.292682926829272,1.8292682926829258,-7.292682926829265,0.0005609756097560981,-1.414634146341463,-3.3902439024390247
41400144,1610612740,0,1610612744,2014-15,0.5487804878048781,0.7926829268292683,99.35365853658537,98.5609756097561,19.304878048780488,0.3715,43.451219512195124,12.597560975609756,0.8170731707317073,10.097560975609756,109.95121951219512,99.85365853658537,27.036585365853657,0.39787804878048777,44.71951219512195,14.097560975609756,0.25,-0.2682926829268292,-9.304878048780488,-10.597560975609753,-1.292682926829272,-7.73170731707317,-0.026378048780487773,-1.2682926829268268,-1.5
41400124,1610612749,1,1610612741,2014-15,0.5,0.4268292682926829,97.84146341463415,97.41463414634147,18.29268292682927,0.3638292682926829,42.073170731707314,15.963414634146341,0.6097560975609756,3.0,100.79268292682927,97.79268292682927,22.25609756097561,0.3535853658536585,45.74390243902439,13.170731707317072,0.25,-0.1097560975609756,-2.573170731707317,-2.9512195121951237,-0.3780487804878021,-3.9634146341463428,0.0102439024390244,-3.670731707317074,2.7926829268292686
41400173,1610612757,0,1610612763,2014-15,0.6219512195121951,4.2317073170731705,102.79268292682927,98.5609756097561,27.20731707317073,0.36117073170731706,45.853658536585364,13.25609756097561,0.6707317073170732,3.2439024390243905,98.3170731707317,95.07317073170732,15.195121951219512,0.33630487804878045,42.5609756097561,12.975609756097562,0.0,-0.04878048780487809,0.98780487804878,4.475609756097569,3.4878048780487774,12.012195121951219,0.024865853658536607,3.292682926829265,0.2804878048780477
41400103,1610612751,1,1610612737,2014-15,0.4634146341463415,-2.8780487804878048,98.02439024390245,100.90243902439025,19.914634146341463,0.32719512195121947,42.353658536585364,13.390243902439025,0.7317073170731707,5.426829268292683,102.54878048780488,97.1219512195122,26.24390243902439,0.38014634146341464,40.5609756097561,13.451219512195122,0.0,-0.26829268292682923,-8.304878048780488,-4.524390243902431,3.7804878048780495,-6.329268292682926,-0.05295121951219517,1.792682926829265,-0.06097560975609717
41400153,1610612742,0,1610612745,2014-15,0.6097560975609756,2.902439024390244,105.21951219512195,102.3170731707317,25.390243902439025,0.34903658536585364,42.26829268292683,12.548780487804878,0.6829268292682927,3.4390243902439024,103.92682926829268,100.48780487804878,32.68292682926829,0.34847560975609754,43.68292682926829,15.939024390243903,0.25,-0.07317073170731714,-0.5365853658536586,1.292682926829272,1.8292682926829258,-7.292682926829265,0.0005609756097560981,-1.414634146341463,-3.3902439024390247
41400133,1610612764,1,1610612761,2014-15,0.5609756097560976,0.7195121951219512,98.53658536585365,97.8170731707317,16.841463414634145,0.36173170731707316,44.670731707317074,14.378048780487806,0.5975609756097561,3.097560975609756,103.98780487804878,100.91463414634147,25.121951219512194,0.35117073170731705,41.548780487804876,12.195121951219512,0.0,-0.03658536585365846,-2.3780487804878048,-5.451219512195124,-3.097560975609767,-8.28048780487805,0.010560975609756107,3.121951219512198,2.1829268292682933
41400163,1610612759,1,1610612746,2014-15,0.6707317073170732,6.195121951219512,103.1829268292683,96.98780487804878,22.524390243902438,0.3618048780487805,43.63414634146341,13.463414634146341,0.6829268292682927,6.585365853658536,106.71951219512195,100.13414634146342,26.853658536585368,0.37247560975609756,42.6219512195122,11.792682926829269,0.5,-0.012195121951219523,-0.39024390243902385,-3.5365853658536537,-3.146341463414643,-4.329268292682929,-0.010670731707317083,1.0121951219512155,1.6707317073170724
41400113,1610612738,0,1610612739,2014-15,0.4878048780487805,0.15853658536585366,101.36585365853658,101.20731707317073,24.646341463414632,0.3261829268292683,43.84146341463415,13.268292682926829,0.6463414634146342,4.475609756097561,103.13414634146342,98.65853658536585,27.475609756097562,0.3637560975609756,42.96341463414634,13.634146341463415,0.5,-0.1585365853658537,-4.317073170731708,-1.768292682926841,2.5487804878048763,-2.8292682926829293,-0.037573170731707295,0.8780487804878092,-0.3658536585365866
41400123,1610612749,0,1610612741,2014-15,0.5,0.4268292682926829,97.84146341463415,97.41463414634147,18.29268292682927,0.3638292682926829,42.073170731707314,15.963414634146341,0.6097560975609756,3.0,100.79268292682927,97.79268292682927,22.25609756097561,0.3535853658536585,45.74390243902439,13.170731707317072,0.25,-0.1097560975609756,-2.573170731707317,-2.9512195121951237,-0.3780487804878021,-3.9634146341463428,0.0102439024390244,-3.670731707317074,2.7926829268292686
41400143,1610612740,0,1610612744,2014-15,0.5487804878048781,0.7926829268292683,99.35365853658537,98.5609756097561,19.304878048780488,0.3715,43.451219512195124,12.597560975609756,0.8170731707317073,10.097560975609756,109.95121951219512,99.85365853658537,27.036585365853657,0.39787804878048777,44.71951219512195,14.097560975609756,0.25,-0.2682926829268292,-9.304878048780488,-10.597560975609753,-1.292682926829272,-7.73170731707317,-0.026378048780487773,-1.2682926829268268,-1.5
41400172,1610612763,1,1610612757,2014-15,0.6707317073170732,3.2439024390243905,98.3170731707317,95.07317073170732,15.195121951219512,0.33630487804878045,42.5609756097561,12.975609756097562,0.6219512195121951,4.2317073170731705,102.79268292682927,98.5609756097561,27.20731707317073,0.36117073170731706,45.853658536585364,13.25609756097561,1.0,0.04878048780487809,-0.98780487804878,-4.475609756097569,-3.4878048780487774,-12.012195121951219,-0.024865853658536607,-3.292682926829265,-0.2804878048780477
41400162,1610612746,0,1610612759,2014-15,0.6829268292682927,6.585365853658536,106.71951219512195,100.13414634146342,26.853658536585368,0.37247560975609756,42.6219512195122,11.792682926829269,0.6707317073170732,6.195121951219512,103.1829268292683,96.98780487804878,22.524390243902438,0.3618048780487805,43.63414634146341,13.463414634146341,0.5,0.012195121951219523,0.39024390243902385,3.5365853658536537,3.146341463414643,4.329268292682929,0.010670731707317083,-1.0121951219512155,-1.6707317073170724
41400102,1610612737,1,1610612751,2014-15,0.7317073170731707,5.426829268292683,102.54878048780488,97.1219512195122,26.24390243902439,0.38014634146341464,40.5609756097561,13.451219512195122,0.4634146341463415,-2.8780487804878048,98.02439024390245,100.90243902439025,19.914634146341463,0.32719512195121947,42.353658536585364,13.390243902439025,1.0,0.26829268292682923,8.304878048780488,4.524390243902431,-3.7804878048780495,6.329268292682926,0.05295121951219517,-1.792682926829265,0.06097560975609717
41400152,1610612745,1,1610612742,2014-15,0.6829268292682927,3.4390243902439024,103.92682926829268,100.48780487804878,32.68292682926829,0.34847560975609754,43.68292682926829,15.939024390243903,0.6097560975609756,2.902439024390244,105.21951219512195,102.3170731707317,25.390243902439025,0.34903658536585364,42.26829268292683,12.548780487804878,0.75,0.07317073170731714,0.5365853658536586,-1.292682926829272,-1.8292682926829258,7.292682926829265,-0.0005609756097560981,1.414634146341463,3.3902439024390247
41400132,1610612761,0,1610612764,2014-15,0.5975609756097561,3.097560975609756,103.98780487804878,100.91463414634147,25.121951219512194,0.35117073170731705,41.548780487804876,12.195121951219512,0.5609756097560976,0.7195121951219512,98.53658536585365,97.8170731707317,16.841463414634145,0.36173170731707316,44.670731707317074,14.378048780487806,1.0,0.03658536585365846,2.3780487804878048,5.451219512195124,3.097560975609767,8.28048780487805,-0.010560975609756107,-3.121951219512198,-2.1829268292682933
41400112,1610612739,1,1610612738,2014-15,0.6463414634146342,4.475609756097561,103.13414634146342,98.65853658536585,27.475609756097562,0.3637560975609756,42.96341463414634,13.634146341463415,0.4878048780487805,0.15853658536585366,101.36585365853658,101.20731707317073,24.646341463414632,0.3261829268292683,43.84146341463415,13.268292682926829,0.5,0.1585365853658537,4.317073170731708,1.768292682926841,-2.5487804878048763,2.8292682926829293,0.037573170731707295,-0.8780487804878092,0.3658536585365866
41400122,1610612741,1,1610612749,2014-15,0.6097560975609756,3.0,100.79268292682927,97.79268292682927,22.25609756097561,0.3535853658536585,45.74390243902439,13.170731707317072,0.5,0.4268292682926829,97.84146341463415,97.41463414634147,18.29268292682927,0.3638292682926829,42.073170731707314,15.963414634146341,0.75,0.1097560975609756,2.573170731707317,2.9512195121951237,0.3780487804878021,3.9634146341463428,-0.0102439024390244,3.670731707317074,-2.7926829268292686
41400142,1610612744,1,1610612740,2014-15,0.8170731707317073,10.097560975609756,109.95121951219512,99.85365853658537,27.036585365853657,0.39787804878048777,44.71951219512195,14.097560975609756,0.5487804878048781,0.7926829268292683,99.35365853658537,98.5609756097561,19.304878048780488,0.3715,43.451219512195124,12.597560975609756,0.75,0.2682926829268292,9.304878048780488,10.597560975609753,1.292682926829272,7.73170731707317,0.026378048780487773,1.2682926829268268,1.5
41400101,1610612737,1,1610612751,2014-15,0.7317073170731707,5.426829268292683,102.54878048780488,97.1219512195122,26.24390243902439,0.38014634146341464,40.5609756097561,13.451219512195122,0.4634146341463415,-2.8780487804878048,98.02439024390245,100.90243902439025,19.914634146341463,0.32719512195121947,42.353658536585364,13.390243902439025,1.0,0.26829268292682923,8.304878048780488,4.524390243902431,-3.7804878048780495,6.329268292682926,0.05295121951219517,-1.792682926829265,0.06097560975609717
41400111,1610612739,1,1610612738,2014-15,0.6463414634146342,4.475609756097561,103.13414634146342,98.65853658536585,27.475609756097562,0.3637560975609756,42.96341463414634,13.634146341463415,0.4878048780487805,0.15853658536585366,101.36585365853658,101.20731707317073,24.646341463414632,0.3261829268292683,43.84146341463415,13.268292682926829,0.5,0.1585365853658537,4.317073170731708,1.768292682926841,-2.5487804878048763,2.8292682926829293,0.037573170731707295,-0.8780487804878092,0.3658536585365866
41400161,1610612746,1,1610612759,2014-15,0.6829268292682927,6.585365853658536,106.71951219512195,100.13414634146342,26.853658536585368,0.37247560975609756,42.6219512195122,11.792682926829269,0.6707317073170732,6.195121951219512,103.1829268292683,96.98780487804878,22.524390243902438,0.3618048780487805,43.63414634146341,13.463414634146341,0.5,0.012195121951219523,0.39024390243902385,3.5365853658536537,3.146341463414643,4.329268292682929,0.010670731707317083,-1.0121951219512155,-1.6707317073170724
41400171,1610612763,1,1610612757,2014-15,0.6707317073170732,3.2439024390243905,98.3170731707317,95.07317073170732,15.195121951219512,0.33630487804878045,42.5609756097561,12.975609756097562,0.6219512195121951,4.2317073170731705,102.79268292682927,98.5609756097561,27.20731707317073,0.36117073170731706,45.853658536585364,13.25609756097561,1.0,0.04878048780487809,-0.98780487804878,-4.475609756097569,-3.4878048780487774,-12.012195121951219,-0.024865853658536607,-3.292682926829265,-0.2804878048780477
41400141,1610612744,1,1610612740,2014-15,0.8170731707317073,10.097560975609756,109.95121951219512,99.85365853658537,27.036585365853657,0.39787804878048777,44.71951219512195,14.097560975609756,0.5487804878048781,0.7926829268292683,99.35365853658537,98.5609756097561,19.304878048780488,0.3715,43.451219512195124,12.597560975609756,0.75,0.2682926829268292,9.304878048780488,10.597560975609753,1.292682926829272,7.73170731707317,0.026378048780487773,1.2682926829268268,1.5
41400121,1610612741,1,1610612749,2014-15,0.6097560975609756,3.0,100.79268292682927,97.79268292682927,22.25609756097561,0.3535853658536585,45.74390243902439,13.170731707317072,0.5,0.4268292682926829,97.84146341463415,97.41463414634147,18.29268292682927,0.3638292682926829,42.073170731707314,15.963414634146341,0.75,0.1097560975609756,2.573170731707317,2.9512195121951237,0.3780487804878021,3.9634146341463428,-0.0102439024390244,3.670731707317074,-2.7926829268292686
41400131,1610612761,0,1610612764,2014-15,0.5975609756097561,3.097560975609756,103.98780487804878,100.91463414634147,25.121951219512194,0.35117073170731705,41.548780487804876,12.195121951219512,0.5609756097560976,0.7195121951219512,98.53658536585365,97.8170731707317,16.841463414634145,0.36173170731707316,44.670731707317074,14.378048780487806,1.0,0.03658536585365846,2.3780487804878048,5.451219512195124,3.097560975609767,8.28048780487805,-0.010560975609756107,-3.121951219512198,-2.1829268292682933
41400151,1610612745,1,1610612742,2014-15,0.6829268292682927,3.4390243902439024,103.92682926829268,100.48780487804878,32.68292682926829,0.34847560975609754,43.68292682926829,15.939024390243903,0.6097560975609756,2.902439024390244,105.21951219512195,102.3170731707317,25.390243902439025,0.34903658536585364,42.26829268292683,12.548780487804878,0.75,0.07317073170731714,0.5365853658536586,-1.292682926829272,-1.8292682926829258,7.292682926829265,-0.0005609756097560981,1.414634146341463,3.3902439024390247
41500407,1610612744,0,1610612739,2015-16,0.8902439024390244,10.865853658536585,114.89024390243902,104.13414634146342,31.609756097560975,0.41423170731707315,46.19512195121951,14.865853658536585,0.6951219512195121,6.0,104.32926829268293,98.32926829268293,29.609756097560975,0.3624512195121951,44.51219512195122,12.878048780487806,1.0,0.19512195121951226,4.865853658536585,10.560975609756099,5.804878048780495,2.0,0.05178048780487804,1.6829268292682897,1.9878048780487791
41500406,1610612739,1,1610612744,2015-16,0.6951219512195121,6.0,104.32926829268293,98.32926829268293,29.609756097560975,0.3624512195121951,44.51219512195122,12.878048780487806,0.8902439024390244,10.865853658536585,114.89024390243902,104.13414634146342,31.609756097560975,0.41423170731707315,46.19512195121951,14.865853658536585,0.0,-0.19512195121951226,-4.865853658536585,-10.560975609756099,-5.804878048780495,-2.0,-0.05178048780487804,-1.6829268292682897,-1.9878048780487791
41500405,1610612744,0,1610612739,2015-16,0.8902439024390244,10.865853658536585,114.89024390243902,104.13414634146342,31.609756097560975,0.41423170731707315,46.19512195121951,14.865853658536585,0.6951219512195121,6.0,104.32926829268293,98.32926829268293,29.609756097560975,0.3624512195121951,44.51219512195122,12.878048780487806,1.0,0.19512195121951226,4.865853658536585,10.560975609756099,5.804878048780495,2.0,0.05178048780487804,1.6829268292682897,1.9878048780487791
41500404,1610612739,0,1610612744,2015-16,0.6951219512195121,6.0,104.32926829268293,98.32926829268293,29.609756097560975,0.3624512195121951,44.51219512195122,12.878048780487806,0.8902439024390244,10.865853658536585,114.89024390243902,104.13414634146342,31.609756097560975,0.41423170731707315,46.19512195121951,14.865853658536585,0.0,-0.19512195121951226,-4.865853658536585,-10.560975609756099,-5.804878048780495,-2.0,-0.05178048780487804,-1.6829268292682897,-1.9878048780487791
41500403,1610612739,1,1610612744,2015-16,0.6951219512195121,6.0,104.32926829268293,98.32926829268293,29.609756097560975,0.3624512195121951,44.51219512195122,12.878048780487806,0.8902439024390244,10.865853658536585,114.89024390243902,104.13414634146342,31.609756097560975,0.41423170731707315,46.19512195121951,14.865853658536585,0.0,-0.19512195121951226,-4.865853658536585,-10.560975609756099,-5.804878048780495,-2.0,-0.05178048780487804,-1.6829268292682897,-1.9878048780487791
41500402,1610612744,1,1610612739,2015-16,0.8902439024390244,10.865853658536585,114.89024390243902,104.13414634146342,31.609756097560975,0.41423170731707315,46.19512195121951,14.865853658536585,0.6951219512195121,6.0,104.32926829268293,98.32926829268293,29.609756097560975,0.3624512195121951,44.51219512195122,12.878048780487806,1.0,0.19512195121951226,4.865853658536585,10.560975609756099,5.804878048780495,2.0,0.05178048780487804,1.6829268292682897,1.9878048780487791
41500401,1610612744,1,1610612739,2015-16,0.8902439024390244,10.865853658536585,114.89024390243902,104.13414634146342,31.609756097560975,0.41423170731707315,46.19512195121951,14.865853658536585,0.6951219512195121,6.0,104.32926829268293,98.32926829268293,29.609756097560975,0.3624512195121951,44.51219512195122,12.878048780487806,1.0,0.19512195121951226,4.865853658536585,10.560975609756099,5.804878048780495,2.0,0.05178048780487804,1.6829268292682897,1.9878048780487791
41500317,1610612744,1,1610612760,2015-16,0.8902439024390244,10.865853658536585,114.89024390243902,104.13414634146342,31.609756097560975,0.41423170731707315,46.19512195121951,14.865853658536585,0.6707317073170732,7.280487804878049,110.21951219512195,102.9390243902439,23.71951219512195,0.35,48.6219512195122,15.475609756097562,1.0,0.2195121951219512,3.585365853658536,4.670731707317074,1.1951219512195195,7.890243902439025,0.06423170731707317,-2.4268292682926855,-0.609756097560977
41500316,1610612760,0,1610612744,2015-16,0.6707317073170732,7.280487804878049,110.21951219512195,102.9390243902439,23.71951219512195,0.35,48.6219512195122,15.475609756097562,0.8902439024390244,10.865853658536585,114.89024390243902,104.13414634146342,31.609756097560975,0.41423170731707315,46.19512195121951,14.865853658536585,0.0,-0.2195121951219512,-3.585365853658536,-4.670731707317074,-1.1951219512195195,-7.890243902439025,-0.06423170731707317,2.4268292682926855,0.609756097560977
41500306,1610612761,0,1610612739,2015-16,0.6829268292682927,4.5,102.70731707317073,98.20731707317073,23.353658536585368,0.3662560975609756,43.41463414634146,12.121951219512194,0.6951219512195121,6.0,104.32926829268293,98.32926829268293,29.609756097560975,0.3624512195121951,44.51219512195122,12.878048780487806,0.6666666666666666,-0.012195121951219412,-1.5,-1.621951219512198,-0.1219512195121979,-6.256097560975608,0.003804878048780491,-1.0975609756097597,-0.7560975609756113
41500315,1610612744,1,1610612760,2015-16,0.8902439024390244,10.865853658536585,114.89024390243902,104.13414634146342,31.609756097560975,0.41423170731707315,46.19512195121951,14.865853658536585,0.6707317073170732,7.280487804878049,110.21951219512195,102.9390243902439,23.71951219512195,0.35,48.6219512195122,15.475609756097562,1.0,0.2195121951219512,3.585365853658536,4.670731707317074,1.1951219512195195,7.890243902439025,0.06423170731707317,-2.4268292682926855,-0.609756097560977
41500305,1610612739,1,1610612761,2015-16,0.6951219512195121,6.0,104.32926829268293,98.32926829268293,29.609756097560975,0.3624512195121951,44.51219512195122,12.878048780487806,0.6829268292682927,4.5,102.70731707317073,98.20731707317073,23.353658536585368,0.3662560975609756,43.41463414634146,12.121951219512194,0.3333333333333333,0.012195121951219412,1.5,1.621951219512198,0.1219512195121979,6.256097560975608,-0.003804878048780491,1.0975609756097597,0.7560975609756113
41500314,1610612760,1,1610612744,2015-16,0.6707317073170732,7.280487804878049,110.21951219512195,102.9390243902439,23.71951219512195,0.35,48.6219512195122,15.475609756097562,0.8902439024390244,10.865853658536585,114.89024390243902,104.13414634146342,31.609756097560975,0.41423170731707315,46.19512195121951,14.865853658536585,0.0,-0.2195121951219512,-3.585365853658536,-4.670731707317074,-1.1951219512195195,-7.890243902439025,-0.06423170731707317,2.4268292682926855,0.609756097560977
41500304,1610612761,1,1610612739,2015-16,0.6829268292682927,4.5,102.70731707317073,98.20731707317073,23.353658536585368,0.3662560975609756,43.41463414634146,12.121951219512194,0.6951219512195121,6.0,104.32926829268293,98.32926829268293,29.609756097560975,0.3624512195121951,44.51219512195122,12.878048780487806,0.6666666666666666,-0.012195121951219412,-1.5,-1.621951219512198,-0.1219512195121979,-6.256097560975608,0.003804878048780491,-1.0975609756097597,-0.7560975609756113
41500313,1610612760,1,1610612744,2015-16,0.6707317073170732,7.280487804878049,110.21951219512195,102.9390243902439,23.71951219512195,0.35,48.6219512195122,15.475609756097562,0.8902439024390244,10.865853658536585,114.89024390243902,104.13414634146342,31.609756097560975,0.41423170731707315,46.19512195121951,14.865853658536585,0.0,-0.2195121951219512,-3.585365853658536,-4.670731707317074,-1.1951219512195195,-7.890243902439025,-0.06423170731707317,2.4268292682926855,0.609756097560977
41500303,1610612761,1,1610612739,2015-16,0.6829268292682927,4.5,102.70731707317073,98.20731707317073,23.353658536585368,0.3662560975609756,43.41463414634146,12.121951219512194,0.6951219512195121,6.0,104.32926829268293,98.32926829268293,29.609756097560975,0.3624512195121951,44.51219512195122,12.878048780487806,0.6666666666666666,-0.012195121951219412,-1.5,-1.621951219512198,-0.1219512195121979,-6.256097560975608,0.003804878048780491,-1.0975609756097597,-0.7560975609756113
41500302,1610612739,1,1610612761,2015-16,0.6951219512195121,6.0,104.32926829268293,98.32926829268293,29.609756097560975,0.3624512195121951,44.51219512195122,12.878048780487806,0.6829268292682927,4.5,102.70731707317073,98.20731707317073,23.353658536585368,0.3662560975609756,43.41463414634146,12.121951219512194,0.3333333333333333,0.012195121951219412,1.5,1.621951219512198,0.1219512195121979,6.256097560975608,-0.003804878048780491,1.0975609756097597,0.7560975609756113
41500312,1610612744,1,1610612760,2015-16,0.8902439024390244,10.865853658536585,114.89024390243902,104.13414634146342,31.609756097560975,0.41423170731707315,46.19512195121951,14.865853658536585,0.6707317073170732,7.280487804878049,110.21951219512195,102.9390243902439,23.71951219512195,0.35,48.6219512195122,15.475609756097562,1.0,0.2195121951219512,3.585365853658536,4.670731707317074,1.1951219512195195,7.890243902439025,0.06423170731707317,-2.4268292682926855,-0.609756097560977
41500301,1610612739,1,1610612761,2015-16,0.6951219512195121,6.0,104.32926829268293,98.32926829268293,29.609756097560975,0.3624512195121951,44.51219512195122,12.878048780487806,0.6829268292682927,4.5,102.70731707317073,98.20731707317073,23.353658536585368,0.3662560975609756,43.41463414634146,12.121951219512194,0.3333333333333333,0.012195121951219412,1.5,1.621951219512198,0.1219512195121979,6.256097560975608,-0.003804878048780491,1.0975609756097597,0.7560975609756113
41500311,1610612744,0,1610612760,2015-16,0.8902439024390244,10.865853658536585,114.89024390243902,104.13414634146342,31.609756097560975,0.41423170731707315,46.19512195121951,14.865853658536585,0.6707317073170732,7.280487804878049,110.21951219512195,102.9390243902439,23.71951219512195,0.35,48.6219512195122,15.475609756097562,1.0,0.2195121951219512,3.585365853658536,4.670731707317074,1.1951219512195195,7.890243902439025,0.06423170731707317,-2.4268292682926855,-0.609756097560977
41500217,1610612761,1,1610612748,2015-16,0.6829268292682927,4.5,102.70731707317073,98.20731707317073,23.353658536585368,0.3662560975609756,43.41463414634146,12.121951219512194,0.5853658536585366,1.646341463414634,100.04878048780488,98.40243902439025,18.048780487804876,0.333109756097561,44.1219512195122,13.231707317073171,0.75,0.09756097560975618,2.8536585365853657,2.6585365853658516,-0.19512195121951947,5.304878048780491,0.03314634146341461,-0.707317073170735,-1.109756097560977
41500216,1610612748,1,1610612761,2015-16,0.5853658536585366,1.646341463414634,100.04878048780488,98.40243902439025,18.048780487804876,0.333109756097561,44.1219512195122,13.231707317073171,0.6829268292682927,4.5,102.70731707317073,98.20731707317073,23.353658536585368,0.3662560975609756,43.41463414634146,12.121951219512194,0.25,-0.09756097560975618,-2.8536585365853657,-2.6585365853658516,0.19512195121951947,-5.304878048780491,-0.03314634146341461,0.707317073170735,1.109756097560977
41500236,1610612760,1,1610612759,2015-16,0.6707317073170732,7.280487804878049,110.21951219512195,102.9390243902439,23.71951219512195,0.35,48.6219512195122,15.475609756097562,0.8170731707317073,10.634146341463415,103.53658536585365,92.90243902439025,18.51219512195122,0.3796951219512195,43.91463414634146,12.536585365853659,0.5,-0.14634146341463405,-3.3536585365853666,6.682926829268297,10.036585365853654,5.2073170731707314,-0.02969512195121954,4.707317073170735,2.939024390243903
41500225,1610612744,1,1610612757,2015-16,0.8902439024390244,10.865853658536585,114.89024390243902,104.13414634146342,31.609756097560975,0.41423170731707315,46.19512195121951,14.865853658536585,0.5365853658536586,0.8292682926829268,105.14634146341463,104.3170731707317,28.48780487804878,0.36885365853658536,45.48780487804878,14.073170731707316,0.75,0.35365853658536583,10.036585365853657,9.743902439024396,-0.18292682926828263,3.1219512195121943,0.04537804878048779,0.707317073170735,0.7926829268292686
41500215,1610612761,1,1610612748,2015-16,0.6829268292682927,4.5,102.70731707317073,98.20731707317073,23.353658536585368,0.3662560975609756,43.41463414634146,12.121951219512194,0.5853658536585366,1.646341463414634,100.04878048780488,98.40243902439025,18.048780487804876,0.333109756097561,44.1219512195122,13.231707317073171,0.75,0.09756097560975618,2.8536585365853657,2.6585365853658516,-0.19512195121951947,5.304878048780491,0.03314634146341461,-0.707317073170735,-1.109756097560977
41500235,1610612759,0,1610612760,2015-16,0.8170731707317073,10.634146341463415,103.53658536585365,92.90243902439025,18.51219512195122,0.3796951219512195,43.91463414634146,12.536585365853659,0.6707317073170732,7.280487804878049,110.21951219512195,102.9390243902439,23.71951219512195,0.35,48.6219512195122,15.475609756097562,0.5,0.14634146341463405,3.3536585365853666,-6.682926829268297,-10.036585365853654,-5.2073170731707314,0.02969512195121954,-4.707317073170735,-2.939024390243903
41500214,1610612748,1,1610612761,2015-16,0.5853658536585366,1.646341463414634,100.04878048780488,98.40243902439025,18.048780487804876,0.333109756097561,44.1219512195122,13.231707317073171,0.6829268292682927,4.5,102.70731707317073,98.20731707317073,23.353658536585368,0.3662560975609756,43.41463414634146,12.121951219512194,0.25,-0.09756097560975618,-2.8536585365853657,-2.6585365853658516,0.19512195121951947,-5.304878048780491,-0.03314634146341461,0.707317073170735,1.109756097560977
41500224,1610612757,0,1610612744,2015-16,0.5365853658536586,0.8292682926829268,105.14634146341463,104.3170731707317,28.48780487804878,0.36885365853658536,45.48780487804878,14.073170731707316,0.8902439024390244,10.865853658536585,114.89024390243902,104.13414634146342,31.609756097560975,0.41423170731707315,46.19512195121951,14.865853658536585,0.25,-0.35365853658536583,-10.036585365853657,-9.743902439024396,0.18292682926828263,-3.1219512195121943,-0.04537804878048779,-0.707317073170735,-0.7926829268292686
41500234,1610612760,1,1610612759,2015-16,0.6707317073170732,7.280487804878049,110.21951219512195,102.9390243902439,23.71951219512195,0.35,48.6219512195122,15.475609756097562,0.8170731707317073,10.634146341463415,103.53658536585365,92.90243902439025,18.51219512195122,0.3796951219512195,43.91463414634146,12.536585365853659,0.5,-0.14634146341463405,-3.3536585365853666,6.682926829268297,10.036585365853654,5.2073170731707314,-0.02969512195121954,4.707317073170735,2.939024390243903
41500204,1610612737,0,1610612739,2015-16,0.5853658536585366,3.607317073170732,102.84146341463415,99.23170731707317,28.365853658536587,0.35164634146341467,42.08536585365854,14.524390243902438,0.6951219512195121,6.0,104.32926829268293,98.32926829268293,29.609756097560975,0.3624512195121951,44.51219512195122,12.878048780487806,0.0,-0.1097560975609756,-2.392682926829268,-1.4878048780487774,0.9024390243902474,-1.2439024390243887,-0.010804878048780442,-2.4268292682926855,1.6463414634146325
41500213,1610612748,0,1610612761,2015-16,0.5853658536585366,1.646341463414634,100.04878048780488,98.40243902439025,18.048780487804876,0.333109756097561,44.1219512195122,13.231707317073171,0.6829268292682927,4.5,102.70731707317073,98.20731707317073,23.353658536585368,0.3662560975609756,43.41463414634146,12.121951219512194,0.25,-0.09756097560975618,-2.8536585365853657,-2.6585365853658516,0.19512195121951947,-5.304878048780491,-0.03314634146341461,0.707317073170735,1.109756097560977
41500223,1610612757,1,1610612744,2015-16,0.5365853658536586,0.8292682926829268,105.14634146341463,104.3170731707317,28.48780487804878,0.36885365853658536,45.48780487804878,14.073170731707316,0.8902439024390244,10.865853658536585,114.89024390243902,104.13414634146342,31.609756097560975,0.41423170731707315,46.19512195121951,14.865853658536585,0.25,-0.35365853658536583,-10.036585365853657,-9.743902439024396,0.18292682926828263,-3.1219512195121943,-0.04537804878048779,-0.707317073170735,-0.7926829268292686
41500233,1610612760,0,1610612759,2015-16,0.6707317073170732,7.280487804878049,110.21951219512195,102.9390243902439,23.71951219512195,0.35,48.6219512195122,15.475609756097562,0.8170731707317073,10.634146341463415,103.53658536585365,92.90243902439025,18.51219512195122,0.3796951219512195,43.91463414634146,12.536585365853659,0.5,-0.14634146341463405,-3.3536585365853666,6.682926829268297,10.036585365853654,5.2073170731707314,-0.02969512195121954,4.707317073170735,2.939024390243903
41500203,1610612737,0,1610612739,2015-16,0.5853658536585366,3.607317073170732,102.84146341463415,99.23170731707317,28.365853658536587,0.35164634146341467,42.08536585365854,14.524390243902438,0.6951219512195121,6.0,104.32926829268293,98.32926829268293,29.609756097560975,0.3624512195121951,44.51219512195122,12.878048780487806,0.0,-0.1097560975609756,-2.392682926829268,-1.4878048780487774,0.9024390243902474,-1.2439024390243887,-0.010804878048780442,-2.4268292682926855,1.6463414634146325
41500212,1610612761,1,1610612748,2015-16,0.6829268292682927,4.5,102.70731707317073,98.20731707317073,23.353658536585368,0.3662560975609756,43.41463414634146,12.121951219512194,0.5853658536585366,1.646341463414634,100.04878048780488,98.40243902439025,18.048780487804876,0.333109756097561,44.1219512195122,13.231707317073171,0.75,0.09756097560975618,2.8536585365853657,2.6585365853658516,-0.19512195121951947,5.304878048780491,0.03314634146341461,-0.707317073170735,-1.109756097560977
41500202,1610612739,1,1610612737,2015-16,0.6951219512195121,6.0,104.32926829268293,98.32926829268293,29.609756097560975,0.3624512195121951,44.51219512195122,12.878048780487806,0.5853658536585366,3.607317073170732,102.84146341463415,99.23170731707317,28.365853658536587,0.35164634146341467,42.08536585365854,14.524390243902438,1.0,0.1097560975609756,2.392682926829268,1.4878048780487774,-0.9024390243902474,1.2439024390243887,0.010804878048780442,2.4268292682926855,-1.6463414634146325
41500211,1610612761,0,1610612748,2015-16,0.6829268292682927,4.5,102.70731707317073,98.20731707317073,23.353658536585368,0.3662560975609756,43.41463414634146,12.121951219512194,0.5853658536585366,1.646341463414634,100.04878048780488,98.40243902439025,18.048780487804876,0.333109756097561,44.1219512195122,13.231707317073171,0.75,0.09756097560975618,2.8536585365853657,2.6585365853658516,-0.19512195121951947,5.304878048780491,0.03314634146341461,-0.707317073170735,-1.109756097560977
41500222,1610612744,1,1610612757,2015-16,0.8902439024390244,10.865853658536585,114.89024390243902,104.13414634146342,31.609756097560975,0.41423170731707315,46.19512195121951,14.865853658536585,0.5365853658536586,0.8292682926829268,105.14634146341463,104.3170731707317,28.48780487804878,0.36885365853658536,45.48780487804878,14.073170731707316,0.75,0.35365853658536583,10.036585365853657,9.743902439024396,-0.18292682926828263,3.1219512195121943,0.04537804878048779,0.707317073170735,0.7926829268292686
41500201,1610612739,1,1610612737,2015-16,0.6951219512195121,6.0,104.32926829268293,98.32926829268293,29.609756097560975,0.3624512195121951,44.51219512195122,12.878048780487806,0.5853658536585366,3.607317073170732,102.84146341463415,99.23170731707317,28.365853658536587,0.35164634146341467,42.08536585365854,14.524390243902438,1.0,0.1097560975609756,2.392682926829268,1.4878048780487774,-0.9024390243902474,1.2439024390243887,0.010804878048780442,2.4268292682926855,-1.6463414634146325
41500232,1610612759,0,1610612760,2015-16,0.8170731707317073,10.634146341463415,103.53658536585365,92.90243902439025,18.51219512195122,0.3796951219512195,43.91463414634146,12.536585365853659,0.6707317073170732,7.280487804878049,110.21951219512195,102.9390243902439,23.71951219512195,0.35,48.6219512195122,15.475609756097562,0.5,0.14634146341463405,3.3536585365853666,-6.682926829268297,-10.036585365853654,-5.2073170731707314,0.02969512195121954,-4.707317073170735,-2.939024390243903
41500117,1610612761,1,1610612754,2015-16,0.6829268292682927,4.5,102.70731707317073,98.20731707317073,23.353658536585368,0.3662560975609756,43.41463414634146,12.121951219512194,0.5487804878048781,1.7073170731707317,102.15853658536585,100.45121951219512,23.036585365853657,0.3488292682926829,44.21951219512195,14.341463414634147,0.75,0.13414634146341464,2.7926829268292686,0.5487804878048763,-2.243902439024396,0.31707317073171026,0.0174268292682927,-0.8048780487804876,-2.2195121951219523
41500221,1610612744,1,1610612757,2015-16,0.8902439024390244,10.865853658536585,114.89024390243902,104.13414634146342,31.609756097560975,0.41423170731707315,46.19512195121951,14.865853658536585,0.5365853658536586,0.8292682926829268,105.14634146341463,104.3170731707317,28.48780487804878,0.36885365853658536,45.48780487804878,14.073170731707316,0.75,0.35365853658536583,10.036585365853657,9.743902439024396,-0.18292682926828263,3.1219512195121943,0.04537804878048779,0.707317073170735,0.7926829268292686
41500127,1610612748,1,1610612766,2015-16,0.5853658536585366,1.646341463414634,100.04878048780488,98.40243902439025,18.048780487804876,0.333109756097561,44.1219512195122,13.231707317073171,0.5853658536585366,2.7195121951219514,103.40243902439025,100.6829268292683,29.390243902439025,0.36154878048780487,43.9390243902439,11.865853658536585,0.5,0.0,-1.0731707317073174,-3.353658536585371,-2.2804878048780495,-11.341463414634148,-0.028439024390243872,0.18292682926829684,1.3658536585365866
41500231,1610612759,1,1610612760,2015-16,0.8170731707317073,10.634146341463415,103.53658536585365,92.90243902439025,18.51219512195122,0.3796951219512195,43.91463414634146,12.536585365853659,0.6707317073170732,7.280487804878049,110.21951219512195,102.9390243902439,23.71951219512195,0.35,48.6219512195122,15.475609756097562,0.5,0.14634146341463405,3.3536585365853666,-6.682926829268297,-10.036585365853654,-5.2073170731707314,0.02969512195121954,-4.707317073170735,-2.939024390243903
41500176,1610612757,1,1610612746,2015-16,0.5365853658536586,0.8292682926829268,105.14634146341463,104.3170731707317,28.48780487804878,0.36885365853658536,45.48780487804878,14.073170731707316,0.6463414634146342,4.280487804878049,104.5,100.21951219512195,26.70731707317073,0.36517073170731706,42.048780487804876,12.390243902439025,0.25,-0.1097560975609756,-3.451219512195122,0.646341463414629,4.097560975609753,1.7804878048780495,0.003682926829268296,3.439024390243901,1.6829268292682915
41500116,1610612754,1,1610612761,2015-16,0.5487804878048781,1.7073170731707317,102.15853658536585,100.45121951219512,23.036585365853657,0.3488292682926829,44.21951219512195,14.341463414634147,0.6829268292682927,4.5,102.70731707317073,98.20731707317073,23.353658536585368,0.3662560975609756,43.41463414634146,12.121951219512194,0.25,-0.13414634146341464,-2.7926829268292686,-0.5487804878048763,2.243902439024396,-0.31707317073171026,-0.0174268292682927,0.8048780487804876,2.2195121951219523
41500126,1610612766,0,1610612748,2015-16,0.5853658536585366,2.7195121951219514,103.40243902439025,100.6829268292683,29.390243902439025,0.36154878048780487,43.9390243902439,11.865853658536585,0.5853658536585366,1.646341463414634,100.04878048780488,98.40243902439025,18.048780487804876,0.333109756097561,44.1219512195122,13.231707317073171,0.5,0.0,1.0731707317073174,3.353658536585371,2.2804878048780495,11.341463414634148,0.028439024390243872,-0.18292682926829684,-1.3658536585365866
41500136,1610612738,0,1610612737,2015-16,0.5853658536585366,3.207317073170732,105.71951219512195,102.51219512195122,26.121951219512194,0.3353048780487805,44.91463414634146,13.463414634146341,0.5853658536585366,3.607317073170732,102.84146341463415,99.23170731707317,28.365853658536587,0.35164634146341467,42.08536585365854,14.524390243902438,0.25,0.0,-0.3999999999999999,2.878048780487802,3.2804878048780495,-2.2439024390243922,-0.01634146341463416,2.829268292682926,-1.0609756097560972
41500175,1610612746,0,1610612757,2015-16,0.6463414634146342,4.280487804878049,104.5,100.21951219512195,26.70731707317073,0.36517073170731706,42.048780487804876,12.390243902439025,0.5365853658536586,0.8292682926829268,105.14634146341463,104.3170731707317,28.48780487804878,0.36885365853658536,45.48780487804878,14.073170731707316,0.75,0.1097560975609756,3.451219512195122,-0.646341463414629,-4.097560975609753,-1.7804878048780495,-0.003682926829268296,-3.439024390243901,-1.6829268292682915
41500125,1610612748,0,1610612766,2015-16,0.5853658536585366,1.646341463414634,100.04878048780488,98.40243902439025,18.048780487804876,0.333109756097561,44.1219512195122,13.231707317073171,0.5853658536585366,2.7195121951219514,103.40243902439025,100.6829268292683,29.390243902439025,0.36154878048780487,43.9390243902439,11.865853658536585,0.5,0.0,-1.0731707317073174,-3.353658536585371,-2.2804878048780495,-11.341463414634148,-0.028439024390243872,0.18292682926829684,1.3658536585365866
41500145,1610612744,1,1610612745,2015-16,0.8902439024390244,10.865853658536585,114.89024390243902,104.13414634146342,31.609756097560975,0.41423170731707315,46.19512195121951,14.865853658536585,0.5,0.1951219512195122,106.54878048780488,106.35365853658537,30.890243902439025,0.34806097560975613,43.0609756097561,15.24390243902439,1.0,0.3902439024390244,10.670731707317072,8.341463414634148,-2.2195121951219505,0.7195121951219505,0.06617073170731702,3.1341463414634134,-0.37804878048780566
41500115,1610612761,1,1610612754,2015-16,0.6829268292682927,4.5,102.70731707317073,98.20731707317073,23.353658536585368,0.3662560975609756,43.41463414634146,12.121951219512194,0.5487804878048781,1.7073170731707317,102.15853658536585,100.45121951219512,23.036585365853657,0.3488292682926829,44.21951219512195,14.341463414634147,0.75,0.13414634146341464,2.7926829268292686,0.5487804878048763,-2.243902439024396,0.31707317073171026,0.0174268292682927,-0.8048780487804876,-2.2195121951219523
41500135,1610612737,1,1610612738,2015-16,0.5853658536585366,3.607317073170732,102.84146341463415,99.23170731707317,28.365853658536587,0.35164634146341467,42.08536585365854,14.524390243902438,0.5853658536585366,3.207317073170732,105.71951219512195,102.51219512195122,26.121951219512194,0.3353048780487805,44.91463414634146,13.463414634146341,0.75,0.0,0.3999999999999999,-2.878048780487802,-3.2804878048780495,2.2439024390243922,0.01634146341463416,-2.829268292682926,1.0609756097560972
41500124,1610612766,1,1610612748,2015-16,0.5853658536585366,2.7195121951219514,103.40243902439025,100.6829268292683,29.390243902439025,0.36154878048780487,43.9390243902439,11.865853658536585,0.5853658536585366,1.646341463414634,100.04878048780488,98.40243902439025,18.048780487804876,0.333109756097561,44.1219512195122,13.231707317073171,0.5,0.0,1.0731707317073174,3.353658536585371,2.2804878048780495,11.341463414634148,0.028439024390243872,-0.18292682926829684,-1.3658536585365866
41500174,1610612757,1,1610612746,2015-16,0.5365853658536586,0.8292682926829268,105.14634146341463,104.3170731707317,28.48780487804878,0.36885365853658536,45.48780487804878,14.073170731707316,0.6463414634146342,4.280487804878049,104.5,100.21951219512195,26.70731707317073,0.36517073170731706,42.048780487804876,12.390243902439025,0.25,-0.1097560975609756,-3.451219512195122,0.646341463414629,4.097560975609753,1.7804878048780495,0.003682926829268296,3.439024390243901,1.6829268292682915
41500165,1610612760,1,1610612742,2015-16,0.6707317073170732,7.280487804878049,110.21951219512195,102.9390243902439,23.71951219512195,0.35,48.6219512195122,15.475609756097562,0.5121951219512195,-0.3073170731707317,102.29268292682927,102.59756097560975,28.5609756097561,0.3430121951219512,43.073170731707314,12.329268292682928,1.0,0.1585365853658537,7.587804878048781,7.926829268292678,0.3414634146341484,-4.841463414634148,0.006987804878048787,5.548780487804883,3.1463414634146343
41500134,1610612738,1,1610612737,2015-16,0.5853658536585366,3.207317073170732,105.71951219512195,102.51219512195122,26.121951219512194,0.3353048780487805,44.91463414634146,13.463414634146341,0.5853658536585366,3.607317073170732,102.84146341463415,99.23170731707317,28.365853658536587,0.35164634146341467,42.08536585365854,14.524390243902438,0.25,0.0,-0.3999999999999999,2.878048780487802,3.2804878048780495,-2.2439024390243922,-0.01634146341463416,2.829268292682926,-1.0609756097560972
41500144,1610612745,0,1610612744,2015-16,0.5,0.1951219512195122,106.54878048780488,106.35365853658537,30.890243902439025,0.34806097560975613,43.0609756097561,15.24390243902439,0.8902439024390244,10.865853658536585,114.89024390243902,104.13414634146342,31.609756097560975,0.41423170731707315,46.19512195121951,14.865853658536585,0.0,-0.3902439024390244,-10.670731707317072,-8.341463414634148,2.2195121951219505,-0.7195121951219505,-0.06617073170731702,-3.1341463414634134,0.37804878048780566
41500104,1610612765,0,1610612739,2015-16,0.5365853658536586,0.6341463414634146,101.96341463414635,101.35365853658537,26.195121951219512,0.34379268292682924,46.31707317073171,12.963414634146341,0.6951219512195121,6.0,104.32926829268293,98.32926829268293,29.609756097560975,0.3624512195121951,44.51219512195122,12.878048780487806,0.75,-0.15853658536585358,-5.365853658536586,-2.3658536585365795,3.0243902439024453,-3.414634146341463,-0.01865853658536587,1.8048780487804876,0.08536585365853533
41500154,1610612763,0,1610612759,2015-16,0.5121951219512195,-2.2439024390243905,99.09756097560975,101.34146341463415,18.548780487804876,0.3276829268292683,41.6219512195122,12.695121951219512,0.8170731707317073,10.634146341463415,103.53658536585365,92.90243902439025,18.51219512195122,0.3796951219512195,43.91463414634146,12.536585365853659,0.0,-0.30487804878048774,-12.878048780487806,-4.439024390243901,8.439024390243901,0.03658536585365724,-0.05201219512195121,-2.292682926829265,0.15853658536585336
41500173,1610612757,1,1610612746,2015-16,0.5365853658536586,0.8292682926829268,105.14634146341463,104.3170731707317,28.48780487804878,0.36885365853658536,45.48780487804878,14.073170731707316,0.6463414634146342,4.280487804878049,104.5,100.21951219512195,26.70731707317073,0.36517073170731706,42.048780487804876,12.390243902439025,0.25,-0.1097560975609756,-3.451219512195122,0.646341463414629,4.097560975609753,1.7804878048780495,0.003682926829268296,3.439024390243901,1.6829268292682915
41500114,1610612754,1,1610612761,2015-16,0.5487804878048781,1.7073170731707317,102.15853658536585,100.45121951219512,23.036585365853657,0.3488292682926829,44.21951219512195,14.341463414634147,0.6829268292682927,4.5,102.70731707317073,98.20731707317073,23.353658536585368,0.3662560975609756,43.41463414634146,12.121951219512194,0.25,-0.13414634146341464,-2.7926829268292686,-0.5487804878048763,2.243902439024396,-0.31707317073171026,-0.0174268292682927,0.8048780487804876,2.2195121951219523
41500164,1610612742,0,1610612760,2015-16,0.5121951219512195,-0.3073170731707317,102.29268292682927,102.59756097560975,28.5609756097561,0.3430121951219512,43.073170731707314,12.329268292682928,0.6707317073170732,7.280487804878049,110.21951219512195,102.9390243902439,23.71951219512195,0.35,48.6219512195122,15.475609756097562,0.0,-0.1585365853658537,-7.587804878048781,-7.926829268292678,-0.3414634146341484,4.841463414634148,-0.006987804878048787,-5.548780487804883,-3.1463414634146343
41500123,1610612766,1,1610612748,2015-16,0.5853658536585366,2.7195121951219514,103.40243902439025,100.6829268292683,29.390243902439025,0.36154878048780487,43.9390243902439,11.865853658536585,0.5853658536585366,1.646341463414634,100.04878048780488,98.40243902439025,18.048780487804876,0.333109756097561,44.1219512195122,13.231707317073171,0.5,0.0,1.0731707317073174,3.353658536585371,2.2804878048780495,11.341463414634148,0.028439024390243872,-0.18292682926829684,-1.3658536585365866
41500133,1610612738,1,1610612737,2015-16,0.5853658536585366,3.207317073170732,105.71951219512195,102.51219512195122,26.121951219512194,0.3353048780487805,44.91463414634146,13.463414634146341,0.5853658536585366,3.607317073170732,102.84146341463415,99.23170731707317,28.365853658536587,0.35164634146341467,42.08536585365854,14.524390243902438,0.25,0.0,-0.3999999999999999,2.878048780487802,3.2804878048780495,-2.2439024390243922,-0.01634146341463416,2.829268292682926,-1.0609756097560972
41500103,1610612765,0,1610612739,2015-16,0.5365853658536586,0.6341463414634146,101.96341463414635,101.35365853658537,26.195121951219512,0.34379268292682924,46.31707317073171,12.963414634146341,0.6951219512195121,6.0,104.32926829268293,98.32926829268293,29.609756097560975,0.3624512195121951,44.51219512195122,12.878048780487806,0.75,-0.15853658536585358,-5.365853658536586,-2.3658536585365795,3.0243902439024453,-3.414634146341463,-0.01865853658536587,1.8048780487804876,0.08536585365853533
41500153,1610612763,0,1610612759,2015-16,0.5121951219512195,-2.2439024390243905,99.09756097560975,101.34146341463415,18.548780487804876,0.3276829268292683,41.6219512195122,12.695121951219512,0.8170731707317073,10.634146341463415,103.53658536585365,92.90243902439025,18.51219512195122,0.3796951219512195,43.91463414634146,12.536585365853659,0.0,-0.30487804878048774,-12.878048780487806,-4.439024390243901,8.439024390243901,0.03658536585365724,-0.05201219512195121,-2.292682926829265,0.15853658536585336
41500113,1610612754,0,1610612761,2015-16,0.5487804878048781,1.7073170731707317,102.15853658536585,100.45121951219512,23.036585365853657,0.3488292682926829,44.21951219512195,14.341463414634147,0.6829268292682927,4.5,102.70731707317073,98.20731707317073,23.353658536585368,0.3662560975609756,43.41463414634146,12.121951219512194,0.25,-0.13414634146341464,-2.7926829268292686,-0.5487804878048763,2.243902439024396,-0.31707317073171026,-0.0174268292682927,0.8048780487804876,2.2195121951219523
41500163,1610612742,0,1610612760,2015-16,0.5121951219512195,-0.3073170731707317,102.29268292682927,102.59756097560975,28.5609756097561,0.3430121951219512,43.073170731707314,12.329268292682928,0.6707317073170732,7.280487804878049,110.21951219512195,102.9390243902439,23.71951219512195,0.35,48.6219512195122,15.475609756097562,0.0,-0.1585365853658537,-7.587804878048781,-7.926829268292678,-0.3414634146341484,4.841463414634148,-0.006987804878048787,-5.548780487804883,-3.1463414634146343
41500143,1610612745,1,1610612744,2015-16,0.5,0.1951219512195122,106.54878048780488,106.35365853658537,30.890243902439025,0.34806097560975613,43.0609756097561,15.24390243902439,0.8902439024390244,10.865853658536585,114.89024390243902,104.13414634146342,31.609756097560975,0.41423170731707315,46.19512195121951,14.865853658536585,0.0,-0.3902439024390244,-10.670731707317072,-8.341463414634148,2.2195121951219505,-0.7195121951219505,-0.06617073170731702,-3.1341463414634134,0.37804878048780566
41500172,1610612746,1,1610612757,2015-16,0.6463414634146342,4.280487804878049,104.5,100.21951219512195,26.70731707317073,0.36517073170731706,42.048780487804876,12.390243902439025,0.5365853658536586,0.8292682926829268,105.14634146341463,104.3170731707317,28.48780487804878,0.36885365853658536,45.48780487804878,14.073170731707316,0.75,0.1097560975609756,3.451219512195122,-0.646341463414629,-4.097560975609753,-1.7804878048780495,-0.003682926829268296,-3.439024390243901,-1.6829268292682915
41500102,1610612739,1,1610612765,2015-16,0.6951219512195121,6.0,104.32926829268293,98.32926829268293,29.609756097560975,0.3624512195121951,44.51219512195122,12.878048780487806,0.5365853658536586,0.6341463414634146,101.96341463414635,101.35365853658537,26.195121951219512,0.34379268292682924,46.31707317073171,12.963414634146341,0.25,0.15853658536585358,5.365853658536586,2.3658536585365795,-3.0243902439024453,3.414634146341463,0.01865853658536587,-1.8048780487804876,-0.08536585365853533
41500122,1610612748,1,1610612766,2015-16,0.5853658536585366,1.646341463414634,100.04878048780488,98.40243902439025,18.048780487804876,0.333109756097561,44.1219512195122,13.231707317073171,0.5853658536585366,2.7195121951219514,103.40243902439025,100.6829268292683,29.390243902439025,0.36154878048780487,43.9390243902439,11.865853658536585,0.5,0.0,-1.0731707317073174,-3.353658536585371,-2.2804878048780495,-11.341463414634148,-0.028439024390243872,0.18292682926829684,1.3658536585365866
41500132,1610612737,1,1610612738,2015-16,0.5853658536585366,3.607317073170732,102.84146341463415,99.23170731707317,28.365853658536587,0.35164634146341467,42.08536585365854,14.524390243902438,0.5853658536585366,3.207317073170732,105.71951219512195,102.51219512195122,26.121951219512194,0.3353048780487805,44.91463414634146,13.463414634146341,0.75,0.0,0.3999999999999999,-2.878048780487802,-3.2804878048780495,2.2439024390243922,0.01634146341463416,-2.829268292682926,1.0609756097560972
41500152,1610612759,1,1610612763,2015-16,0.8170731707317073,10.634146341463415,103.53658536585365,92.90243902439025,18.51219512195122,0.3796951219512195,43.91463414634146,12.536585365853659,0.5121951219512195,-2.2439024390243905,99.09756097560975,101.34146341463415,18.548780487804876,0.3276829268292683,41.6219512195122,12.695121951219512,1.0,0.30487804878048774,12.878048780487806,4.439024390243901,-8.439024390243901,-0.03658536585365724,0.05201219512195121,2.292682926829265,-0.15853658536585336
41500142,1610612744,1,1610612745,2015-16,0.8902439024390244,10.865853658536585,114.89024390243902,104.13414634146342,31.609756097560975,0.41423170731707315,46.19512195121951,14.865853658536585,0.5,0.1951219512195122,106.54878048780488,106.35365853658537,30.890243902439025,0.34806097560975613,43.0609756097561,15.24390243902439,1.0,0.3902439024390244,10.670731707317072,8.341463414634148,-2.2195121951219505,0.7195121951219505,0.06617073170731702,3.1341463414634134,-0.37804878048780566
41500162,1610612760,0,1610612742,2015-16,0.6707317073170732,7.280487804878049,110.21951219512195,102.9390243902439,23.71951219512195,0.35,48.6219512195122,15.475609756097562,0.5121951219512195,-0.3073170731707317,102.29268292682927,102.59756097560975,28.5609756097561,0.3430121951219512,43.073170731707314,12.329268292682928,1.0,0.1585365853658537,7.587804878048781,7.926829268292678,0.3414634146341484,-4.841463414634148,0.006987804878048787,5.548780487804883,3.1463414634146343
41500112,1610612761,1,1610612754,2015-16,0.6829268292682927,4.5,102.70731707317073,98.20731707317073,23.353658536585368,0.3662560975609756,43.41463414634146,12.121951219512194,0.5487804878048781,1.7073170731707317,102.15853658536585,100.45121951219512,23.036585365853657,0.3488292682926829,44.21951219512195,14.341463414634147,0.75,0.13414634146341464,2.7926829268292686,0.5487804878048763,-2.243902439024396,0.31707317073171026,0.0174268292682927,-0.8048780487804876,-2.2195121951219523
41500171,1610612746,1,1610612757,2015-16,0.6463414634146342,4.280487804878049,104.5,100.21951219512195,26.70731707317073,0.36517073170731706,42.048780487804876,12.390243902439025,0.5365853658536586,0.8292682926829268,105.14634146341463,104.3170731707317,28.48780487804878,0.36885365853658536,45.48780487804878,14.073170731707316,0.75,0.1097560975609756,3.451219512195122,-0.646341463414629,-4.097560975609753,-1.7804878048780495,-0.003682926829268296,-3.439024390243901,-1.6829268292682915
41500121,1610612748,1,1610612766,2015-16,0.5853658536585366,1.646341463414634,100.04878048780488,98.40243902439025,18.048780487804876,0.333109756097561,44.1219512195122,13.231707317073171,0.5853658536585366,2.7195121951219514,103.40243902439025,100.6829268292683,29.390243902439025,0.36154878048780487,43.9390243902439,11.865853658536585,0.5,0.0,-1.0731707317073174,-3.353658536585371,-2.2804878048780495,-11.341463414634148,-0.028439024390243872,0.18292682926829684,1.3658536585365866
41500151,1610612759,1,1610612763,2015-16,0.8170731707317073,10.634146341463415,103.53658536585365,92.90243902439025,18.51219512195122,0.3796951219512195,43.91463414634146,12.536585365853659,0.5121951219512195,-2.2439024390243905,99.09756097560975,101.34146341463415,18.548780487804876,0.3276829268292683,41.6219512195122,12.695121951219512,1.0,0.30487804878048774,12.878048780487806,4.439024390243901,-8.439024390243901,-0.03658536585365724,0.05201219512195121,2.292682926829265,-0.15853658536585336
41500101,1610612739,1,1610612765,2015-16,0.6951219512195121,6.0,104.32926829268293,98.32926829268293,29.609756097560975,0.3624512195121951,44.51219512195122,12.878048780487806,0.5365853658536586,0.6341463414634146,101.96341463414635,101.35365853658537,26.195121951219512,0.34379268292682924,46.31707317073171,12.963414634146341,0.25,0.15853658536585358,5.365853658536586,2.3658536585365795,-3.0243902439024453,3.414634146341463,0.01865853658536587,-1.8048780487804876,-0.08536585365853533
41500161,1610612760,1,1610612742,2015-16,0.6707317073170732,7.280487804878049,110.21951219512195,102.9390243902439,23.71951219512195,0.35,48.6219512195122,15.475609756097562,0.5121951219512195,-0.3073170731707317,102.29268292682927,102.59756097560975,28.5609756097561,0.3430121951219512,43.073170731707314,12.329268292682928,1.0,0.1585365853658537,7.587804878048781,7.926829268292678,0.3414634146341484,-4.841463414634148,0.006987804878048787,5.548780487804883,3.1463414634146343
41500111,1610612761,0,1610612754,2015-16,0.6829268292682927,4.5,102.70731707317073,98.20731707317073,23.353658536585368,0.3662560975609756,43.41463414634146,12.121951219512194,0.5487804878048781,1.7073170731707317,102.15853658536585,100.45121951219512,23.036585365853657,0.3488292682926829,44.21951219512195,14.341463414634147,0.75,0.13414634146341464,2.7926829268292686,0.5487804878048763,-2.243902439024396,0.31707317073171026,0.0174268292682927,-0.8048780487804876,-2.2195121951219523
41500141,1610612744,1,1610612745,2015-16,0.8902439024390244,10.865853658536585,114.89024390243902,104.13414634146342,31.609756097560975,0.41423170731707315,46.19512195121951,14.865853658536585,0.5,0.1951219512195122,106.54878048780488,106.35365853658537,30.890243902439025,0.34806097560975613,43.0609756097561,15.24390243902439,1.0,0.3902439024390244,10.670731707317072,8.341463414634148,-2.2195121951219505,0.7195121951219505,0.06617073170731702,3.1341463414634134,-0.37804878048780566
41500131,1610612737,1,1610612738,2015-16,0.5853658536585366,3.607317073170732,102.84146341463415,99.23170731707317,28.365853658536587,0.35164634146341467,42.08536585365854,14.524390243902438,0.5853658536585366,3.207317073170732,105.71951219512195,102.51219512195122,26.121951219512194,0.3353048780487805,44.91463414634146,13.463414634146341,0.75,0.0,0.3999999999999999,-2.878048780487802,-3.2804878048780495,2.2439024390243922,0.01634146341463416,-2.829268292682926,1.0609756097560972
41600405,1610612744,1,1610612739,2016-17,0.8170731707317073,11.634146341463415,115.89024390243902,104.2560975609756,31.24390243902439,0.38595121951219513,44.426829268292686,14.414634146341463,0.6219512195121951,3.182926829268293,110.34146341463415,107.15853658536585,33.890243902439025,0.3821707317073171,43.74390243902439,13.182926829268293,0.5,0.19512195121951215,8.451219512195122,5.548780487804876,-2.9024390243902474,-2.646341463414636,0.003780487804878052,0.6829268292682968,1.2317073170731696
41600404,1610612739,1,1610612744,2016-17,0.6219512195121951,3.182926829268293,110.34146341463415,107.15853658536585,33.890243902439025,0.3821707317073171,43.74390243902439,13.182926829268293,0.8170731707317073,11.634146341463415,115.89024390243902,104.2560975609756,31.24390243902439,0.38595121951219513,44.426829268292686,14.414634146341463,0.5,-0.19512195121951215,-8.451219512195122,-5.548780487804876,2.9024390243902474,2.646341463414636,-0.003780487804878052,-0.6829268292682968,-1.2317073170731696
41600403,1610612739,0,1610612744,2016-17,0.6219512195121951,3.182926829268293,110.34146341463415,107.15853658536585,33.890243902439025,0.3821707317073171,43.74390243902439,13.182926829268293,0.8170731707317073,11.634146341463415,115.89024390243902,104.2560975609756,31.24390243902439,0.38595121951219513,44.426829268292686,14.414634146341463,0.5,-0.19512195121951215,-8.451219512195122,-5.548780487804876,2.9024390243902474,2.646341463414636,-0.003780487804878052,-0.6829268292682968,-1.2317073170731696
41600402,1610612744,1,1610612739,2016-17,0.8170731707317073,11.634146341463415,115.89024390243902,104.2560975609756,31.24390243902439,0.38595121951219513,44.426829268292686,14.414634146341463,0.6219512195121951,3.182926829268293,110.34146341463415,107.15853658536585,33.890243902439025,0.3821707317073171,43.74390243902439,13.182926829268293,0.5,0.19512195121951215,8.451219512195122,5.548780487804876,-2.9024390243902474,-2.646341463414636,0.003780487804878052,0.6829268292682968,1.2317073170731696
41600401,1610612744,1,1610612739,2016-17,0.8170731707317073,11.634146341463415,115.89024390243902,104.2560975609756,31.24390243902439,0.38595121951219513,44.426829268292686,14.414634146341463,0.6219512195121951,3.182926829268293,110.34146341463415,107.15853658536585,33.890243902439025,0.3821707317073171,43.74390243902439,13.182926829268293,0.5,0.19512195121951215,8.451219512195122,5.548780487804876,-2.9024390243902474,-2.646341463414636,0.003780487804878052,0.6829268292682968,1.2317073170731696
41600305,1610612738,0,1610612739,2016-17,0.6463414634146342,2.6341463414634148,108.01219512195122,105.3780487804878,33.426829268292686,0.35874390243902443,41.96341463414634,12.646341463414634,0.6219512195121951,3.182926829268293,110.34146341463415,107.15853658536585,33.890243902439025,0.3821707317073171,43.74390243902439,13.182926829268293,0.25,0.024390243902439046,-0.5487804878048781,-2.329268292682926,-1.7804878048780495,-0.4634146341463392,-0.023426829268292648,-1.7804878048780495,-0.536585365853659
41600304,1610612739,1,1610612738,2016-17,0.6219512195121951,3.182926829268293,110.34146341463415,107.15853658536585,33.890243902439025,0.3821707317073171,43.74390243902439,13.182926829268293,0.6463414634146342,2.6341463414634148,108.01219512195122,105.3780487804878,33.426829268292686,0.35874390243902443,41.96341463414634,12.646341463414634,0.75,-0.024390243902439046,0.5487804878048781,2.329268292682926,1.7804878048780495,0.4634146341463392,0.023426829268292648,1.7804878048780495,0.536585365853659
41600314,1610612759,0,1610612744,2016-17,0.7439024390243902,7.195121951219512,105.32926829268293,98.13414634146342,23.5,0.3940121951219512,43.8780487804878,12.890243902439025,0.8170731707317073,11.634146341463415,115.89024390243902,104.2560975609756,31.24390243902439,0.38595121951219513,44.426829268292686,14.414634146341463,0.6666666666666666,-0.07317073170731703,-4.439024390243903,-10.560975609756099,-6.121951219512184,-7.743902439024389,0.00806097560975605,-0.5487804878048834,-1.5243902439024382
41600303,1610612739,0,1610612738,2016-17,0.6219512195121951,3.182926829268293,110.34146341463415,107.15853658536585,33.890243902439025,0.3821707317073171,43.74390243902439,13.182926829268293,0.6463414634146342,2.6341463414634148,108.01219512195122,105.3780487804878,33.426829268292686,0.35874390243902443,41.96341463414634,12.646341463414634,0.75,-0.024390243902439046,0.5487804878048781,2.329268292682926,1.7804878048780495,0.4634146341463392,0.023426829268292648,1.7804878048780495,0.536585365853659
41600313,1610612759,0,1610612744,2016-17,0.7439024390243902,7.195121951219512,105.32926829268293,98.13414634146342,23.5,0.3940121951219512,43.8780487804878,12.890243902439025,0.8170731707317073,11.634146341463415,115.89024390243902,104.2560975609756,31.24390243902439,0.38595121951219513,44.426829268292686,14.414634146341463,0.6666666666666666,-0.07317073170731703,-4.439024390243903,-10.560975609756099,-6.121951219512184,-7.743902439024389,0.00806097560975605,-0.5487804878048834,-1.5243902439024382
41600302,1610612738,0,1610612739,2016-17,0.6463414634146342,2.6341463414634148,108.01219512195122,105.3780487804878,33.426829268292686,0.35874390243902443,41.96341463414634,12.646341463414634,0.6219512195121951,3.182926829268293,110.34146341463415,107.15853658536585,33.890243902439025,0.3821707317073171,43.74390243902439,13.182926829268293,0.25,0.024390243902439046,-0.5487804878048781,-2.329268292682926,-1.7804878048780495,-0.4634146341463392,-0.023426829268292648,-1.7804878048780495,-0.536585365853659
41600301,1610612738,0,1610612739,2016-17,0.6463414634146342,2.6341463414634148,108.01219512195122,105.3780487804878,33.426829268292686,0.35874390243902443,41.96341463414634,12.646341463414634,0.6219512195121951,3.182926829268293,110.34146341463415,107.15853658536585,33.890243902439025,0.3821707317073171,43.74390243902439,13.182926829268293,0.25,0.024390243902439046,-0.5487804878048781,-2.329268292682926,-1.7804878048780495,-0.4634146341463392,-0.023426829268292648,-1.7804878048780495,-0.536585365853659
41600312,1610612744,1,1610612759,2016-17,0.8170731707317073,11.634146341463415,115.89024390243902,104.2560975609756,31.24390243902439,0.38595121951219513,44.426829268292686,14.414634146341463,0.7439024390243902,7.195121951219512,105.32926829268293,98.13414634146342,23.5,0.3940121951219512,43.8780487804878,12.890243902439025,0.3333333333333333,0.07317073170731703,4.439024390243903,10.560975609756099,6.121951219512184,7.743902439024389,-0.00806097560975605,0.5487804878048834,1.5243902439024382
41600207,1610612738,1,1610612764,2016-17,0.6463414634146342,2.6341463414634148,108.01219512195122,105.3780487804878,33.426829268292686,0.35874390243902443,41.96341463414634,12.646341463414634,0.5975609756097561,1.8048780487804879,109.1829268292683,107.3780487804878,24.75609756097561,0.37403658536585366,42.853658536585364,13.451219512195122,0.5,0.04878048780487809,0.8292682926829269,-1.1707317073170742,-2.0,8.670731707317074,-0.015292682926829226,-0.8902439024390247,-0.8048780487804876
41600311,1610612744,1,1610612759,2016-17,0.8170731707317073,11.634146341463415,115.89024390243902,104.2560975609756,31.24390243902439,0.38595121951219513,44.426829268292686,14.414634146341463,0.7439024390243902,7.195121951219512,105.32926829268293,98.13414634146342,23.5,0.3940121951219512,43.8780487804878,12.890243902439025,0.3333333333333333,0.07317073170731703,4.439024390243903,10.560975609756099,6.121951219512184,7.743902439024389,-0.00806097560975605,0.5487804878048834,1.5243902439024382
41600206,1610612764,1,1610612738,2016-17,0.5975609756097561,1.8048780487804879,109.1829268292683,107.3780487804878,24.75609756097561,0.37403658536585366,42.853658536585364,13.451219512195122,0.6463414634146342,2.6341463414634148,108.01219512195122,105.3780487804878,33.426829268292686,0.35874390243902443,41.96341463414634,12.646341463414634,0.5,-0.04878048780487809,-0.8292682926829269,1.1707317073170742,2.0,-8.670731707317074,0.015292682926829226,0.8902439024390247,0.8048780487804876
41600236,1610612745,0,1610612759,2016-17,0.6707317073170732,5.7682926829268295,115.34146341463415,109.57317073170732,40.31707317073171,0.3561829268292683,44.36585365853659,14.487804878048781,0.7439024390243902,7.195121951219512,105.32926829268293,98.13414634146342,23.5,0.3940121951219512,43.8780487804878,12.890243902439025,0.25,-0.07317073170731703,-1.4268292682926829,10.012195121951223,11.439024390243901,16.81707317073171,-0.037829268292682905,0.4878048780487845,1.5975609756097562
41600205,1610612738,1,1610612764,2016-17,0.6463414634146342,2.6341463414634148,108.01219512195122,105.3780487804878,33.426829268292686,0.35874390243902443,41.96341463414634,12.646341463414634,0.5975609756097561,1.8048780487804879,109.1829268292683,107.3780487804878,24.75609756097561,0.37403658536585366,42.853658536585364,13.451219512195122,0.5,0.04878048780487809,0.8292682926829269,-1.1707317073170742,-2.0,8.670731707317074,-0.015292682926829226,-0.8902439024390247,-0.8048780487804876
41600235,1610612759,1,1610612745,2016-17,0.7439024390243902,7.195121951219512,105.32926829268293,98.13414634146342,23.5,0.3940121951219512,43.8780487804878,12.890243902439025,0.6707317073170732,5.7682926829268295,115.34146341463415,109.57317073170732,40.31707317073171,0.3561829268292683,44.36585365853659,14.487804878048781,0.75,0.07317073170731703,1.4268292682926829,-10.012195121951223,-11.439024390243901,-16.81707317073171,0.037829268292682905,-0.4878048780487845,-1.5975609756097562
41600224,1610612762,0,1610612744,2016-17,0.6219512195121951,3.9390243902439024,100.70731707317073,96.76829268292683,25.951219512195124,0.371609756097561,43.23170731707317,12.926829268292684,0.8170731707317073,11.634146341463415,115.89024390243902,104.2560975609756,31.24390243902439,0.38595121951219513,44.426829268292686,14.414634146341463,0.3333333333333333,-0.19512195121951215,-7.695121951219512,-15.182926829268297,-7.487804878048777,-5.292682926829265,-0.014341463414634159,-1.1951219512195124,-1.4878048780487791
41600204,1610612764,1,1610612738,2016-17,0.5975609756097561,1.8048780487804879,109.1829268292683,107.3780487804878,24.75609756097561,0.37403658536585366,42.853658536585364,13.451219512195122,0.6463414634146342,2.6341463414634148,108.01219512195122,105.3780487804878,33.426829268292686,0.35874390243902443,41.96341463414634,12.646341463414634,0.5,-0.04878048780487809,-0.8292682926829269,1.1707317073170742,2.0,-8.670731707317074,0.015292682926829226,0.8902439024390247,0.8048780487804876
41600214,1610612761,0,1610612739,2016-17,0.6219512195121951,4.2073170731707314,106.85365853658537,102.64634146341463,24.341463414634145,0.3649268292682927,43.25609756097561,11.817073170731707,0.6219512195121951,3.182926829268293,110.34146341463415,107.15853658536585,33.890243902439025,0.3821707317073171,43.74390243902439,13.182926829268293,0.25,0.0,1.0243902439024386,-3.4878048780487774,-4.512195121951223,-9.54878048780488,-0.017243902439024406,-0.48780487804877737,-1.3658536585365866
41600234,1610612745,1,1610612759,2016-17,0.6707317073170732,5.7682926829268295,115.34146341463415,109.57317073170732,40.31707317073171,0.3561829268292683,44.36585365853659,14.487804878048781,0.7439024390243902,7.195121951219512,105.32926829268293,98.13414634146342,23.5,0.3940121951219512,43.8780487804878,12.890243902439025,0.25,-0.07317073170731703,-1.4268292682926829,10.012195121951223,11.439024390243901,16.81707317073171,-0.037829268292682905,0.4878048780487845,1.5975609756097562
41600223,1610612762,0,1610612744,2016-17,0.6219512195121951,3.9390243902439024,100.70731707317073,96.76829268292683,25.951219512195124,0.371609756097561,43.23170731707317,12.926829268292684,0.8170731707317073,11.634146341463415,115.89024390243902,104.2560975609756,31.24390243902439,0.38595121951219513,44.426829268292686,14.414634146341463,0.3333333333333333,-0.19512195121951215,-7.695121951219512,-15.182926829268297,-7.487804878048777,-5.292682926829265,-0.014341463414634159,-1.1951219512195124,-1.4878048780487791
41600213,1610612761,0,1610612739,2016-17,0.6219512195121951,4.2073170731707314,106.85365853658537,102.64634146341463,24.341463414634145,0.3649268292682927,43.25609756097561,11.817073170731707,0.6219512195121951,3.182926829268293,110.34146341463415,107.15853658536585,33.890243902439025,0.3821707317073171,43.74390243902439,13.182926829268293,0.25,0.0,1.0243902439024386,-3.4878048780487774,-4.512195121951223,-9.54878048780488,-0.017243902439024406,-0.48780487804877737,-1.3658536585365866
41600233,1610612745,0,1610612759,2016-17,0.6707317073170732,5.7682926829268295,115.34146341463415,109.57317073170732,40.31707317073171,0.3561829268292683,44.36585365853659,14.487804878048781,0.7439024390243902,7.195121951219512,105.32926829268293,98.13414634146342,23.5,0.3940121951219512,43.8780487804878,12.890243902439025,0.25,-0.07317073170731703,-1.4268292682926829,10.012195121951223,11.439024390243901,16.81707317073171,-0.037829268292682905,0.4878048780487845,1.5975609756097562
41600222,1610612744,1,1610612762,2016-17,0.8170731707317073,11.634146341463415,115.89024390243902,104.2560975609756,31.24390243902439,0.38595121951219513,44.426829268292686,14.414634146341463,0.6219512195121951,3.9390243902439024,100.70731707317073,96.76829268292683,25.951219512195124,0.371609756097561,43.23170731707317,12.926829268292684,0.6666666666666666,0.19512195121951215,7.695121951219512,15.182926829268297,7.487804878048777,5.292682926829265,0.014341463414634159,1.1951219512195124,1.4878048780487791
41600203,1610612764,1,1610612738,2016-17,0.5975609756097561,1.8048780487804879,109.1829268292683,107.3780487804878,24.75609756097561,0.37403658536585366,42.853658536585364,13.451219512195122,0.6463414634146342,2.6341463414634148,108.01219512195122,105.3780487804878,33.426829268292686,0.35874390243902443,41.96341463414634,12.646341463414634,0.5,-0.04878048780487809,-0.8292682926829269,1.1707317073170742,2.0,-8.670731707317074,0.015292682926829226,0.8902439024390247,0.8048780487804876
41600232,1610612759,1,1610612745,2016-17,0.7439024390243902,7.195121951219512,105.32926829268293,98.13414634146342,23.5,0.3940121951219512,43.8780487804878,12.890243902439025,0.6707317073170732,5.7682926829268295,115.34146341463415,109.57317073170732,40.31707317073171,0.3561829268292683,44.36585365853659,14.487804878048781,0.75,0.07317073170731703,1.4268292682926829,-10.012195121951223,-11.439024390243901,-16.81707317073171,0.037829268292682905,-0.4878048780487845,-1.5975609756097562
41600212,1610612739,1,1610612761,2016-17,0.6219512195121951,3.182926829268293,110.34146341463415,107.15853658536585,33.890243902439025,0.3821707317073171,43.74390243902439,13.182926829268293,0.6219512195121951,4.2073170731707314,106.85365853658537,102.64634146341463,24.341463414634145,0.3649268292682927,43.25609756097561,11.817073170731707,0.75,0.0,-1.0243902439024386,3.4878048780487774,4.512195121951223,9.54878048780488,0.017243902439024406,0.48780487804877737,1.3658536585365866
41600221,1610612744,1,1610612762,2016-17,0.8170731707317073,11.634146341463415,115.89024390243902,104.2560975609756,31.24390243902439,0.38595121951219513,44.426829268292686,14.414634146341463,0.6219512195121951,3.9390243902439024,100.70731707317073,96.76829268292683,25.951219512195124,0.371609756097561,43.23170731707317,12.926829268292684,0.6666666666666666,0.19512195121951215,7.695121951219512,15.182926829268297,7.487804878048777,5.292682926829265,0.014341463414634159,1.1951219512195124,1.4878048780487791
41600202,1610612738,1,1610612764,2016-17,0.6463414634146342,2.6341463414634148,108.01219512195122,105.3780487804878,33.426829268292686,0.35874390243902443,41.96341463414634,12.646341463414634,0.5975609756097561,1.8048780487804879,109.1829268292683,107.3780487804878,24.75609756097561,0.37403658536585366,42.853658536585364,13.451219512195122,0.5,0.04878048780487809,0.8292682926829269,-1.1707317073170742,-2.0,8.670731707317074,-0.015292682926829226,-0.8902439024390247,-0.8048780487804876
41600211,1610612739,1,1610612761,2016-17,0.6219512195121951,3.182926829268293,110.34146341463415,107.15853658536585,33.890243902439025,0.3821707317073171,43.74390243902439,13.182926829268293,0.6219512195121951,4.2073170731707314,106.85365853658537,102.64634146341463,24.341463414634145,0.3649268292682927,43.25609756097561,11.817073170731707,0.75,0.0,-1.0243902439024386,3.4878048780487774,4.512195121951223,9.54878048780488,0.017243902439024406,0.48780487804877737,1.3658536585365866
41600231,1610612759,0,1610612745,2016-17,0.7439024390243902,7.195121951219512,105.32926829268293,98.13414634146342,23.5,0.3940121951219512,43.8780487804878,12.890243902439025,0.6707317073170732,5.7682926829268295,115.34146341463415,109.57317073170732,40.31707317073171,0.3561829268292683,44.36585365853659,14.487804878048781,0.75,0.07317073170731703,1.4268292682926829,-10.012195121951223,-11.439024390243901,-16.81707317073171,0.037829268292682905,-0.4878048780487845,-1.5975609756097562
41600201,1610612738,1,1610612764,2016-17,0.6463414634146342,2.6341463414634148,108.01219512195122,105.3780487804878,33.426829268292686,0.35874390243902443,41.96341463414634,12.646341463414634,0.5975609756097561,1.8048780487804879,109.1829268292683,107.3780487804878,24.75609756097561,0.37403658536585366,42.853658536585364,13.451219512195122,0.5,0.04878048780487809,0.8292682926829269,-1.1707317073170742,-2.0,8.670731707317074,-0.015292682926829226,-0.8902439024390247,-0.8048780487804876
41600177,1610612746,0,1610612762,2016-17,0.6219512195121951,4.2926829268292686,108.67073170731707,104.3780487804878,27.378048780487806,0.3736829268292683,43.02439024390244,12.463414634146341,0.6219512195121951,3.9390243902439024,100.70731707317073,96.76829268292683,25.951219512195124,0.371609756097561,43.23170731707317,12.926829268292684,0.75,0.0,0.35365853658536617,7.963414634146346,7.609756097560975,1.426829268292682,0.002073170731707319,-0.207317073170735,-0.46341463414634276
41600136,1610612737,0,1610612764,2016-17,0.524390243902439,-0.8536585365853658,103.15853658536585,104.01219512195122,26.0609756097561,0.3413414634146341,44.329268292682926,15.231707317073171,0.5975609756097561,1.8048780487804879,109.1829268292683,107.3780487804878,24.75609756097561,0.37403658536585366,42.853658536585364,13.451219512195122,0.25,-0.07317073170731703,-2.658536585365854,-6.024390243902445,-3.3658536585365795,1.3048780487804876,-0.03269512195121954,1.4756097560975618,1.7804878048780495
41600106,1610612741,0,1610612738,2016-17,0.5,0.4268292682926829,102.86585365853658,102.4390243902439,22.329268292682926,0.33440243902439026,46.292682926829265,12.987804878048781,0.6463414634146342,2.6341463414634148,108.01219512195122,105.3780487804878,33.426829268292686,0.35874390243902443,41.96341463414634,12.646341463414634,0.5,-0.14634146341463417,-2.207317073170732,-5.146341463414643,-2.939024390243901,-11.09756097560976,-0.024341463414634168,4.329268292682926,0.34146341463414664
41600176,1610612762,0,1610612746,2016-17,0.6219512195121951,3.9390243902439024,100.70731707317073,96.76829268292683,25.951219512195124,0.371609756097561,43.23170731707317,12.926829268292684,0.6219512195121951,4.2926829268292686,108.67073170731707,104.3780487804878,27.378048780487806,0.3736829268292683,43.02439024390244,12.463414634146341,0.25,0.0,-0.35365853658536617,-7.963414634146346,-7.609756097560975,-1.426829268292682,-0.002073170731707319,0.207317073170735,0.46341463414634276
41600156,1610612763,0,1610612759,2016-17,0.524390243902439,0.4878048780487805,100.47560975609755,99.98780487804878,26.451219512195124,0.3509634146341463,42.76829268292683,12.426829268292684,0.7439024390243902,7.195121951219512,105.32926829268293,98.13414634146342,23.5,0.3940121951219512,43.8780487804878,12.890243902439025,0.5,-0.2195121951219512,-6.7073170731707314,-4.853658536585371,1.8536585365853568,2.9512195121951237,-0.04304878048780486,-1.1097560975609753,-0.463414634146341
41600126,1610612749,0,1610612761,2016-17,0.5121951219512195,-0.18292682926829268,103.6219512195122,103.8048780487805,23.73170731707317,0.3725,40.390243902439025,13.365853658536585,0.6219512195121951,4.2073170731707314,106.85365853658537,102.64634146341463,24.341463414634145,0.3649268292682927,43.25609756097561,11.817073170731707,0.25,-0.1097560975609756,-4.390243902439024,-3.231707317073173,1.1585365853658658,-0.6097560975609753,0.007573170731707324,-2.8658536585365866,1.548780487804878
41600105,1610612738,1,1610612741,2016-17,0.6463414634146342,2.6341463414634148,108.01219512195122,105.3780487804878,33.426829268292686,0.35874390243902443,41.96341463414634,12.646341463414634,0.5,0.4268292682926829,102.86585365853658,102.4390243902439,22.329268292682926,0.33440243902439026,46.292682926829265,12.987804878048781,0.5,0.14634146341463417,2.207317073170732,5.146341463414643,2.939024390243901,11.09756097560976,0.024341463414634168,-4.329268292682926,-0.34146341463414664
41600135,1610612764,1,1610612737,2016-17,0.5975609756097561,1.8048780487804879,109.1829268292683,107.3780487804878,24.75609756097561,0.37403658536585366,42.853658536585364,13.451219512195122,0.524390243902439,-0.8536585365853658,103.15853658536585,104.01219512195122,26.0609756097561,0.3413414634146341,44.329268292682926,15.231707317073171,0.75,0.07317073170731703,2.658536585365854,6.024390243902445,3.3658536585365795,-1.3048780487804876,0.03269512195121954,-1.4756097560975618,-1.7804878048780495
41600165,1610612745,1,1610612760,2016-17,0.6707317073170732,5.7682926829268295,115.34146341463415,109.57317073170732,40.31707317073171,0.3561829268292683,44.36585365853659,14.487804878048781,0.573170731707317,0.7317073170731707,106.59756097560975,105.84146341463415,25.804878048780488,0.32653658536585367,46.6219512195122,14.621951219512194,0.75,0.09756097560975618,5.036585365853659,8.743902439024396,3.731707317073173,14.512195121951223,0.029646341463414605,-2.2560975609756113,-0.13414634146341342
41600175,1610612746,0,1610612762,2016-17,0.6219512195121951,4.2926829268292686,108.67073170731707,104.3780487804878,27.378048780487806,0.3736829268292683,43.02439024390244,12.463414634146341,0.6219512195121951,3.9390243902439024,100.70731707317073,96.76829268292683,25.951219512195124,0.371609756097561,43.23170731707317,12.926829268292684,0.75,0.0,0.35365853658536617,7.963414634146346,7.609756097560975,1.426829268292682,0.002073170731707319,-0.207317073170735,-0.46341463414634276
41600155,1610612759,1,1610612763,2016-17,0.7439024390243902,7.195121951219512,105.32926829268293,98.13414634146342,23.5,0.3940121951219512,43.8780487804878,12.890243902439025,0.524390243902439,0.4878048780487805,100.47560975609755,99.98780487804878,26.451219512195124,0.3509634146341463,42.76829268292683,12.426829268292684,0.5,0.2195121951219512,6.7073170731707314,4.853658536585371,-1.8536585365853568,-2.9512195121951237,0.04304878048780486,1.1097560975609753,0.463414634146341
41600125,1610612761,1,1610612749,2016-17,0.6219512195121951,4.2073170731707314,106.85365853658537,102.64634146341463,24.341463414634145,0.3649268292682927,43.25609756097561,11.817073170731707,0.5121951219512195,-0.18292682926829268,103.6219512195122,103.8048780487805,23.73170731707317,0.3725,40.390243902439025,13.365853658536585,0.75,0.1097560975609756,4.390243902439024,3.231707317073173,-1.1585365853658658,0.6097560975609753,-0.007573170731707324,2.8658536585365866,-1.548780487804878
41600134,1610612737,1,1610612764,2016-17,0.524390243902439,-0.8536585365853658,103.15853658536585,104.01219512195122,26.0609756097561,0.3413414634146341,44.329268292682926,15.231707317073171,0.5975609756097561,1.8048780487804879,109.1829268292683,107.3780487804878,24.75609756097561,0.37403658536585366,42.853658536585364,13.451219512195122,0.25,-0.07317073170731703,-2.658536585365854,-6.024390243902445,-3.3658536585365795,1.3048780487804876,-0.03269512195121954,1.4756097560975618,1.7804878048780495
41600144,1610612757,0,1610612744,2016-17,0.5,-0.524390243902439,107.9390243902439,108.46341463414635,27.70731707317073,0.37509756097560976,43.65853658536585,13.134146341463415,0.8170731707317073,11.634146341463415,115.89024390243902,104.2560975609756,31.24390243902439,0.38595121951219513,44.426829268292686,14.414634146341463,0.0,-0.31707317073170727,-12.158536585365855,-7.951219512195124,4.207317073170742,-3.5365853658536572,-0.010853658536585375,-0.768292682926834,-1.2804878048780477
41600164,1610612760,0,1610612745,2016-17,0.573170731707317,0.7317073170731707,106.59756097560975,105.84146341463415,25.804878048780488,0.32653658536585367,46.6219512195122,14.621951219512194,0.6707317073170732,5.7682926829268295,115.34146341463415,109.57317073170732,40.31707317073171,0.3561829268292683,44.36585365853659,14.487804878048781,0.25,-0.09756097560975618,-5.036585365853659,-8.743902439024396,-3.731707317073173,-14.512195121951223,-0.029646341463414605,2.2560975609756113,0.13414634146341342
41600174,1610612762,1,1610612746,2016-17,0.6219512195121951,3.9390243902439024,100.70731707317073,96.76829268292683,25.951219512195124,0.371609756097561,43.23170731707317,12.926829268292684,0.6219512195121951,4.2926829268292686,108.67073170731707,104.3780487804878,27.378048780487806,0.3736829268292683,43.02439024390244,12.463414634146341,0.25,0.0,-0.35365853658536617,-7.963414634146346,-7.609756097560975,-1.426829268292682,-0.002073170731707319,0.207317073170735,0.46341463414634276
41600104,1610612741,0,1610612738,2016-17,0.5,0.4268292682926829,102.86585365853658,102.4390243902439,22.329268292682926,0.33440243902439026,46.292682926829265,12.987804878048781,0.6463414634146342,2.6341463414634148,108.01219512195122,105.3780487804878,33.426829268292686,0.35874390243902443,41.96341463414634,12.646341463414634,0.5,-0.14634146341463417,-2.207317073170732,-5.146341463414643,-2.939024390243901,-11.09756097560976,-0.024341463414634168,4.329268292682926,0.34146341463414664
41600114,1610612754,0,1610612739,2016-17,0.5121951219512195,-0.2170731707317073,105.09756097560975,105.3170731707317,22.98780487804878,0.37153658536585366,42.0,13.25609756097561,0.6219512195121951,3.182926829268293,110.34146341463415,107.15853658536585,33.890243902439025,0.3821707317073171,43.74390243902439,13.182926829268293,0.25,-0.1097560975609756,-3.4000000000000004,-5.243902439024396,-1.8414634146341484,-10.902439024390244,-0.010634146341463424,-1.7439024390243887,0.07317073170731625
41600133,1610612737,1,1610612764,2016-17,0.524390243902439,-0.8536585365853658,103.15853658536585,104.01219512195122,26.0609756097561,0.3413414634146341,44.329268292682926,15.231707317073171,0.5975609756097561,1.8048780487804879,109.1829268292683,107.3780487804878,24.75609756097561,0.37403658536585366,42.853658536585364,13.451219512195122,0.25,-0.07317073170731703,-2.658536585365854,-6.024390243902445,-3.3658536585365795,1.3048780487804876,-0.03269512195121954,1.4756097560975618,1.7804878048780495
41600124,1610612749,0,1610612761,2016-17,0.5121951219512195,-0.18292682926829268,103.6219512195122,103.8048780487805,23.73170731707317,0.3725,40.390243902439025,13.365853658536585,0.6219512195121951,4.2073170731707314,106.85365853658537,102.64634146341463,24.341463414634145,0.3649268292682927,43.25609756097561,11.817073170731707,0.25,-0.1097560975609756,-4.390243902439024,-3.231707317073173,1.1585365853658658,-0.6097560975609753,0.007573170731707324,-2.8658536585365866,1.548780487804878
41600154,1610612763,1,1610612759,2016-17,0.524390243902439,0.4878048780487805,100.47560975609755,99.98780487804878,26.451219512195124,0.3509634146341463,42.76829268292683,12.426829268292684,0.7439024390243902,7.195121951219512,105.32926829268293,98.13414634146342,23.5,0.3940121951219512,43.8780487804878,12.890243902439025,0.5,-0.2195121951219512,-6.7073170731707314,-4.853658536585371,1.8536585365853568,2.9512195121951237,-0.04304878048780486,-1.1097560975609753,-0.463414634146341
41600143,1610612757,0,1610612744,2016-17,0.5,-0.524390243902439,107.9390243902439,108.46341463414635,27.70731707317073,0.37509756097560976,43.65853658536585,13.134146341463415,0.8170731707317073,11.634146341463415,115.89024390243902,104.2560975609756,31.24390243902439,0.38595121951219513,44.426829268292686,14.414634146341463,0.0,-0.31707317073170727,-12.158536585365855,-7.951219512195124,4.207317073170742,-3.5365853658536572,-0.010853658536585375,-0.768292682926834,-1.2804878048780477
41600103,1610612741,0,1610612738,2016-17,0.5,0.4268292682926829,102.86585365853658,102.4390243902439,22.329268292682926,0.33440243902439026,46.292682926829265,12.987804878048781,0.6463414634146342,2.6341463414634148,108.01219512195122,105.3780487804878,33.426829268292686,0.35874390243902443,41.96341463414634,12.646341463414634,0.5,-0.14634146341463417,-2.207317073170732,-5.146341463414643,-2.939024390243901,-11.09756097560976,-0.024341463414634168,4.329268292682926,0.34146341463414664
41600173,1610612762,0,1610612746,2016-17,0.6219512195121951,3.9390243902439024,100.70731707317073,96.76829268292683,25.951219512195124,0.371609756097561,43.23170731707317,12.926829268292684,0.6219512195121951,4.2926829268292686,108.67073170731707,104.3780487804878,27.378048780487806,0.3736829268292683,43.02439024390244,12.463414634146341,0.25,0.0,-0.35365853658536617,-7.963414634146346,-7.609756097560975,-1.426829268292682,-0.002073170731707319,0.207317073170735,0.46341463414634276
41600163,1610612760,1,1610612745,2016-17,0.573170731707317,0.7317073170731707,106.59756097560975,105.84146341463415,25.804878048780488,0.32653658536585367,46.6219512195122,14.621951219512194,0.6707317073170732,5.7682926829268295,115.34146341463415,109.57317073170732,40.31707317073171,0.3561829268292683,44.36585365853659,14.487804878048781,0.25,-0.09756097560975618,-5.036585365853659,-8.743902439024396,-3.731707317073173,-14.512195121951223,-0.029646341463414605,2.2560975609756113,0.13414634146341342
41600153,1610612763,1,1610612759,2016-17,0.524390243902439,0.4878048780487805,100.47560975609755,99.98780487804878,26.451219512195124,0.3509634146341463,42.76829268292683,12.426829268292684,0.7439024390243902,7.195121951219512,105.32926829268293,98.13414634146342,23.5,0.3940121951219512,43.8780487804878,12.890243902439025,0.5,-0.2195121951219512,-6.7073170731707314,-4.853658536585371,1.8536585365853568,2.9512195121951237,-0.04304878048780486,-1.1097560975609753,-0.463414634146341
41600123,1610612749,1,1610612761,2016-17,0.5121951219512195,-0.18292682926829268,103.6219512195122,103.8048780487805,23.73170731707317,0.3725,40.390243902439025,13.365853658536585,0.6219512195121951,4.2073170731707314,106.85365853658537,102.64634146341463,24.341463414634145,0.3649268292682927,43.25609756097561,11.817073170731707,0.25,-0.1097560975609756,-4.390243902439024,-3.231707317073173,1.1585365853658658,-0.6097560975609753,0.007573170731707324,-2.8658536585365866,1.548780487804878
41600113,1610612754,0,1610612739,2016-17,0.5121951219512195,-0.2170731707317073,105.09756097560975,105.3170731707317,22.98780487804878,0.37153658536585366,42.0,13.25609756097561,0.6219512195121951,3.182926829268293,110.34146341463415,107.15853658536585,33.890243902439025,0.3821707317073171,43.74390243902439,13.182926829268293,0.25,-0.1097560975609756,-3.4000000000000004,-5.243902439024396,-1.8414634146341484,-10.902439024390244,-0.010634146341463424,-1.7439024390243887,0.07317073170731625
41600142,1610612744,1,1610612757,2016-17,0.8170731707317073,11.634146341463415,115.89024390243902,104.2560975609756,31.24390243902439,0.38595121951219513,44.426829268292686,14.414634146341463,0.5,-0.524390243902439,107.9390243902439,108.46341463414635,27.70731707317073,0.37509756097560976,43.65853658536585,13.134146341463415,1.0,0.31707317073170727,12.158536585365855,7.951219512195124,-4.207317073170742,3.5365853658536572,0.010853658536585375,0.768292682926834,1.2804878048780477
41600162,1610612745,1,1610612760,2016-17,0.6707317073170732,5.7682926829268295,115.34146341463415,109.57317073170732,40.31707317073171,0.3561829268292683,44.36585365853659,14.487804878048781,0.573170731707317,0.7317073170731707,106.59756097560975,105.84146341463415,25.804878048780488,0.32653658536585367,46.6219512195122,14.621951219512194,0.75,0.09756097560975618,5.036585365853659,8.743902439024396,3.731707317073173,14.512195121951223,0.029646341463414605,-2.2560975609756113,-0.13414634146341342
41600132,1610612764,1,1610612737,2016-17,0.5975609756097561,1.8048780487804879,109.1829268292683,107.3780487804878,24.75609756097561,0.37403658536585366,42.853658536585364,13.451219512195122,0.524390243902439,-0.8536585365853658,103.15853658536585,104.01219512195122,26.0609756097561,0.3413414634146341,44.329268292682926,15.231707317073171,0.75,0.07317073170731703,2.658536585365854,6.024390243902445,3.3658536585365795,-1.3048780487804876,0.03269512195121954,-1.4756097560975618,-1.7804878048780495
41600172,1610612746,1,1610612762,2016-17,0.6219512195121951,4.2926829268292686,108.67073170731707,104.3780487804878,27.378048780487806,0.3736829268292683,43.02439024390244,12.463414634146341,0.6219512195121951,3.9390243902439024,100.70731707317073,96.76829268292683,25.951219512195124,0.371609756097561,43.23170731707317,12.926829268292684,0.75,0.0,0.35365853658536617,7.963414634146346,7.609756097560975,1.426829268292682,0.002073170731707319,-0.207317073170735,-0.46341463414634276
41600102,1610612738,0,1610612741,2016-17,0.6463414634146342,2.6341463414634148,108.01219512195122,105.3780487804878,33.426829268292686,0.35874390243902443,41.96341463414634,12.646341463414634,0.5,0.4268292682926829,102.86585365853658,102.4390243902439,22.329268292682926,0.33440243902439026,46.292682926829265,12.987804878048781,0.5,0.14634146341463417,2.207317073170732,5.146341463414643,2.939024390243901,11.09756097560976,0.024341463414634168,-4.329268292682926,-0.34146341463414664
41600122,1610612761,1,1610612749,2016-17,0.6219512195121951,4.2073170731707314,106.85365853658537,102.64634146341463,24.341463414634145,0.3649268292682927,43.25609756097561,11.817073170731707,0.5121951219512195,-0.18292682926829268,103.6219512195122,103.8048780487805,23.73170731707317,0.3725,40.390243902439025,13.365853658536585,0.75,0.1097560975609756,4.390243902439024,3.231707317073173,-1.1585365853658658,0.6097560975609753,-0.007573170731707324,2.8658536585365866,-1.548780487804878
41600112,1610612739,1,1610612754,2016-17,0.6219512195121951,3.182926829268293,110.34146341463415,107.15853658536585,33.890243902439025,0.3821707317073171,43.74390243902439,13.182926829268293,0.5121951219512195,-0.2170731707317073,105.09756097560975,105.3170731707317,22.98780487804878,0.37153658536585366,42.0,13.25609756097561,0.75,0.1097560975609756,3.4000000000000004,5.243902439024396,1.8414634146341484,10.902439024390244,0.010634146341463424,1.7439024390243887,-0.07317073170731625
41600152,1610612759,1,1610612763,2016-17,0.7439024390243902,7.195121951219512,105.32926829268293,98.13414634146342,23.5,0.3940121951219512,43.8780487804878,12.890243902439025,0.524390243902439,0.4878048780487805,100.47560975609755,99.98780487804878,26.451219512195124,0.3509634146341463,42.76829268292683,12.426829268292684,0.5,0.2195121951219512,6.7073170731707314,4.853658536585371,-1.8536585365853568,-2.9512195121951237,0.04304878048780486,1.1097560975609753,0.463414634146341
41600131,1610612764,1,1610612737,2016-17,0.5975609756097561,1.8048780487804879,109.1829268292683,107.3780487804878,24.75609756097561,0.37403658536585366,42.853658536585364,13.451219512195122,0.524390243902439,-0.8536585365853658,103.15853658536585,104.01219512195122,26.0609756097561,0.3413414634146341,44.329268292682926,15.231707317073171,0.75,0.07317073170731703,2.658536585365854,6.024390243902445,3.3658536585365795,-1.3048780487804876,0.03269512195121954,-1.4756097560975618,-1.7804878048780495
41600141,1610612744,1,1610612757,2016-17,0.8170731707317073,11.634146341463415,115.89024390243902,104.2560975609756,31.24390243902439,0.38595121951219513,44.426829268292686,14.414634146341463,0.5,-0.524390243902439,107.9390243902439,108.46341463414635,27.70731707317073,0.37509756097560976,43.65853658536585,13.134146341463415,1.0,0.31707317073170727,12.158536585365855,7.951219512195124,-4.207317073170742,3.5365853658536572,0.010853658536585375,0.768292682926834,1.2804878048780477
41600161,1610612745,1,1610612760,2016-17,0.6707317073170732,5.7682926829268295,115.34146341463415,109.57317073170732,40.31707317073171,0.3561829268292683,44.36585365853659,14.487804878048781,0.573170731707317,0.7317073170731707,106.59756097560975,105.84146341463415,25.804878048780488,0.32653658536585367,46.6219512195122,14.621951219512194,0.75,0.09756097560975618,5.036585365853659,8.743902439024396,3.731707317073173,14.512195121951223,0.029646341463414605,-2.2560975609756113,-0.13414634146341342
41600101,1610612738,0,1610612741,2016-17,0.6463414634146342,2.6341463414634148,108.01219512195122,105.3780487804878,33.426829268292686,0.35874390243902443,41.96341463414634,12.646341463414634,0.5,0.4268292682926829,102.86585365853658,102.4390243902439,22.329268292682926,0.33440243902439026,46.292682926829265,12.987804878048781,0.5,0.14634146341463417,2.207317073170732,5.146341463414643,2.939024390243901,11.09756097560976,0.024341463414634168,-4.329268292682926,-0.34146341463414664
41600111,1610612739,1,1610612754,2016-17,0.6219512195121951,3.182926829268293,110.34146341463415,107.15853658536585,33.890243902439025,0.3821707317073171,43.74390243902439,13.182926829268293,0.5121951219512195,-0.2170731707317073,105.09756097560975,105.3170731707317,22.98780487804878,0.37153658536585366,42.0,13.25609756097561,0.75,0.1097560975609756,3.4000000000000004,5.243902439024396,1.8414634146341484,10.902439024390244,0.010634146341463424,1.7439024390243887,-0.07317073170731625
41600171,1610612746,0,1610612762,2016-17,0.6219512195121951,4.2926829268292686,108.67073170731707,104.3780487804878,27.378048780487806,0.3736829268292683,43.02439024390244,12.463414634146341,0.6219512195121951,3.9390243902439024,100.70731707317073,96.76829268292683,25.951219512195124,0.371609756097561,43.23170731707317,12.926829268292684,0.75,0.0,0.35365853658536617,7.963414634146346,7.609756097560975,1.426829268292682,0.002073170731707319,-0.207317073170735,-0.46341463414634276
41600151,1610612759,1,1610612763,2016-17,0.7439024390243902,7.195121951219512,105.32926829268293,98.13414634146342,23.5,0.3940121951219512,43.8780487804878,12.890243902439025,0.524390243902439,0.4878048780487805,100.47560975609755,99.98780487804878,26.451219512195124,0.3509634146341463,42.76829268292683,12.426829268292684,0.5,0.2195121951219512,6.7073170731707314,4.853658536585371,-1.8536585365853568,-2.9512195121951237,0.04304878048780486,1.1097560975609753,0.463414634146341
41600121,1610612761,0,1610612749,2016-17,0.6219512195121951,4.2073170731707314,106.85365853658537,102.64634146341463,24.341463414634145,0.3649268292682927,43.25609756097561,11.817073170731707,0.5121951219512195,-0.18292682926829268,103.6219512195122,103.8048780487805,23.73170731707317,0.3725,40.390243902439025,13.365853658536585,0.75,0.1097560975609756,4.390243902439024,3.231707317073173,-1.1585365853658658,0.6097560975609753,-0.007573170731707324,2.8658536585365866,-1.548780487804878
41700404,1610612739,0,1610612744,2017-18,0.6097560975609756,0.9121951219512194,110.86585365853658,109.92682926829268,32.146341463414636,0.3723658536585366,42.13414634146341,13.304878048780488,0.7073170731707317,5.9365853658536585,113.46341463414635,107.48780487804878,28.890243902439025,0.3888048780487805,43.51219512195122,14.987804878048781,0.0,-0.09756097560975607,-5.024390243902439,-2.597560975609767,2.439024390243901,3.2560975609756113,-0.016439024390243917,-1.3780487804878092,-1.6829268292682933
41700403,1610612739,0,1610612744,2017-18,0.6097560975609756,0.9121951219512194,110.86585365853658,109.92682926829268,32.146341463414636,0.3723658536585366,42.13414634146341,13.304878048780488,0.7073170731707317,5.9365853658536585,113.46341463414635,107.48780487804878,28.890243902439025,0.3888048780487805,43.51219512195122,14.987804878048781,0.0,-0.09756097560975607,-5.024390243902439,-2.597560975609767,2.439024390243901,3.2560975609756113,-0.016439024390243917,-1.3780487804878092,-1.6829268292682933
41700402,1610612744,1,1610612739,2017-18,0.7073170731707317,5.9365853658536585,113.46341463414635,107.48780487804878,28.890243902439025,0.3888048780487805,43.51219512195122,14.987804878048781,0.6097560975609756,0.9121951219512194,110.86585365853658,109.92682926829268,32.146341463414636,0.3723658536585366,42.13414634146341,13.304878048780488,1.0,0.09756097560975607,5.024390243902439,2.597560975609767,-2.439024390243901,-3.2560975609756113,0.016439024390243917,1.3780487804878092,1.6829268292682933
41700401,1610612744,1,1610612739,2017-18,0.7073170731707317,5.9365853658536585,113.46341463414635,107.48780487804878,28.890243902439025,0.3888048780487805,43.51219512195122,14.987804878048781,0.6097560975609756,0.9121951219512194,110.86585365853658,109.92682926829268,32.146341463414636,0.3723658536585366,42.13414634146341,13.304878048780488,1.0,0.09756097560975607,5.024390243902439,2.597560975609767,-2.439024390243901,-3.2560975609756113,0.016439024390243917,1.3780487804878092,1.6829268292682933
41700317,1610612745,0,1610612744,2017-18,0.7926829268292683,8.543902439024391,112.35365853658537,103.8780487804878,42.31707317073171,0.3638292682926829,43.46341463414634,13.170731707317072,0.7073170731707317,5.9365853658536585,113.46341463414635,107.48780487804878,28.890243902439025,0.3888048780487805,43.51219512195122,14.987804878048781,0.6666666666666666,0.08536585365853666,2.6073170731707327,-1.1097560975609753,-3.6097560975609753,13.426829268292686,-0.024975609756097583,-0.04878048780488342,-1.8170731707317085
41700307,1610612738,0,1610612739,2017-18,0.6707317073170732,3.551219512195122,104.01219512195122,100.42682926829268,30.390243902439025,0.38128048780487805,44.451219512195124,13.304878048780488,0.6097560975609756,0.9121951219512194,110.86585365853658,109.92682926829268,32.146341463414636,0.3723658536585366,42.13414634146341,13.304878048780488,0.3333333333333333,0.060975609756097615,2.6390243902439026,-6.853658536585357,-9.5,-1.7560975609756113,0.008914634146341471,2.3170731707317103,0.0
41700316,1610612744,1,1610612745,2017-18,0.7073170731707317,5.9365853658536585,113.46341463414635,107.48780487804878,28.890243902439025,0.3888048780487805,43.51219512195122,14.987804878048781,0.7926829268292683,8.543902439024391,112.35365853658537,103.8780487804878,42.31707317073171,0.3638292682926829,43.46341463414634,13.170731707317072,0.3333333333333333,-0.08536585365853666,-2.6073170731707327,1.1097560975609753,3.6097560975609753,-13.426829268292686,0.024975609756097583,0.04878048780488342,1.8170731707317085
41700306,1610612739,1,1610612738,2017-18,0.6097560975609756,0.9121951219512194,110.86585365853658,109.92682926829268,32.146341463414636,0.3723658536585366,42.13414634146341,13.304878048780488,0.6707317073170732,3.551219512195122,104.01219512195122,100.42682926829268,30.390243902439025,0.38128048780487805,44.451219512195124,13.304878048780488,0.6666666666666666,-0.060975609756097615,-2.6390243902439026,6.853658536585357,9.5,1.7560975609756113,-0.008914634146341471,-2.3170731707317103,0.0
41700315,1610612745,1,1610612744,2017-18,0.7926829268292683,8.543902439024391,112.35365853658537,103.8780487804878,42.31707317073171,0.3638292682926829,43.46341463414634,13.170731707317072,0.7073170731707317,5.9365853658536585,113.46341463414635,107.48780487804878,28.890243902439025,0.3888048780487805,43.51219512195122,14.987804878048781,0.6666666666666666,0.08536585365853666,2.6073170731707327,-1.1097560975609753,-3.6097560975609753,13.426829268292686,-0.024975609756097583,-0.04878048780488342,-1.8170731707317085
41700305,1610612738,1,1610612739,2017-18,0.6707317073170732,3.551219512195122,104.01219512195122,100.42682926829268,30.390243902439025,0.38128048780487805,44.451219512195124,13.304878048780488,0.6097560975609756,0.9121951219512194,110.86585365853658,109.92682926829268,32.146341463414636,0.3723658536585366,42.13414634146341,13.304878048780488,0.3333333333333333,0.060975609756097615,2.6390243902439026,-6.853658536585357,-9.5,-1.7560975609756113,0.008914634146341471,2.3170731707317103,0.0
41700314,1610612744,0,1610612745,2017-18,0.7073170731707317,5.9365853658536585,113.46341463414635,107.48780487804878,28.890243902439025,0.3888048780487805,43.51219512195122,14.987804878048781,0.7926829268292683,8.543902439024391,112.35365853658537,103.8780487804878,42.31707317073171,0.3638292682926829,43.46341463414634,13.170731707317072,0.3333333333333333,-0.08536585365853666,-2.6073170731707327,1.1097560975609753,3.6097560975609753,-13.426829268292686,0.024975609756097583,0.04878048780488342,1.8170731707317085
41700304,1610612739,1,1610612738,2017-18,0.6097560975609756,0.9121951219512194,110.86585365853658,109.92682926829268,32.146341463414636,0.3723658536585366,42.13414634146341,13.304878048780488,0.6707317073170732,3.551219512195122,104.01219512195122,100.42682926829268,30.390243902439025,0.38128048780487805,44.451219512195124,13.304878048780488,0.6666666666666666,-0.060975609756097615,-2.6390243902439026,6.853658536585357,9.5,1.7560975609756113,-0.008914634146341471,-2.3170731707317103,0.0
41700313,1610612744,1,1610612745,2017-18,0.7073170731707317,5.9365853658536585,113.46341463414635,107.48780487804878,28.890243902439025,0.3888048780487805,43.51219512195122,14.987804878048781,0.7926829268292683,8.543902439024391,112.35365853658537,103.8780487804878,42.31707317073171,0.3638292682926829,43.46341463414634,13.170731707317072,0.3333333333333333,-0.08536585365853666,-2.6073170731707327,1.1097560975609753,3.6097560975609753,-13.426829268292686,0.024975609756097583,0.04878048780488342,1.8170731707317085
41700303,1610612739,1,1610612738,2017-18,0.6097560975609756,0.9121951219512194,110.86585365853658,109.92682926829268,32.146341463414636,0.3723658536585366,42.13414634146341,13.304878048780488,0.6707317073170732,3.551219512195122,104.01219512195122,100.42682926829268,30.390243902439025,0.38128048780487805,44.451219512195124,13.304878048780488,0.6666666666666666,-0.060975609756097615,-2.6390243902439026,6.853658536585357,9.5,1.7560975609756113,-0.008914634146341471,-2.3170731707317103,0.0
41700312,1610612745,1,1610612744,2017-18,0.7926829268292683,8.543902439024391,112.35365853658537,103.8780487804878,42.31707317073171,0.3638292682926829,43.46341463414634,13.170731707317072,0.7073170731707317,5.9365853658536585,113.46341463414635,107.48780487804878,28.890243902439025,0.3888048780487805,43.51219512195122,14.987804878048781,0.6666666666666666,0.08536585365853666,2.6073170731707327,-1.1097560975609753,-3.6097560975609753,13.426829268292686,-0.024975609756097583,-0.04878048780488342,-1.8170731707317085
41700302,1610612738,1,1610612739,2017-18,0.6707317073170732,3.551219512195122,104.01219512195122,100.42682926829268,30.390243902439025,0.38128048780487805,44.451219512195124,13.304878048780488,0.6097560975609756,0.9121951219512194,110.86585365853658,109.92682926829268,32.146341463414636,0.3723658536585366,42.13414634146341,13.304878048780488,0.3333333333333333,0.060975609756097615,2.6390243902439026,-6.853658536585357,-9.5,-1.7560975609756113,0.008914634146341471,2.3170731707317103,0.0
41700311,1610612745,0,1610612744,2017-18,0.7926829268292683,8.543902439024391,112.35365853658537,103.8780487804878,42.31707317073171,0.3638292682926829,43.46341463414634,13.170731707317072,0.7073170731707317,5.9365853658536585,113.46341463414635,107.48780487804878,28.890243902439025,0.3888048780487805,43.51219512195122,14.987804878048781,0.6666666666666666,0.08536585365853666,2.6073170731707327,-1.1097560975609753,-3.6097560975609753,13.426829268292686,-0.024975609756097583,-0.04878048780488342,-1.8170731707317085
41700301,1610612738,1,1610612739,2017-18,0.6707317073170732,3.551219512195122,104.01219512195122,100.42682926829268,30.390243902439025,0.38128048780487805,44.451219512195124,13.304878048780488,0.6097560975609756,0.9121951219512194,110.86585365853658,109.92682926829268,32.146341463414636,0.3723658536585366,42.13414634146341,13.304878048780488,0.3333333333333333,0.060975609756097615,2.6390243902439026,-6.853658536585357,-9.5,-1.7560975609756113,0.008914634146341471,2.3170731707317103,0.0
41700215,1610612738,1,1610612755,2017-18,0.6707317073170732,3.551219512195122,104.01219512195122,100.42682926829268,30.390243902439025,0.38128048780487805,44.451219512195124,13.304878048780488,0.6341463414634146,4.524390243902439,109.8048780487805,105.3048780487805,29.817073170731707,0.366890243902439,47.426829268292686,15.865853658536585,0.75,0.03658536585365857,-0.973170731707317,-5.792682926829272,-4.878048780487816,0.573170731707318,0.014390243902439037,-2.975609756097562,-2.560975609756097
41700225,1610612745,1,1610612762,2017-18,0.7926829268292683,8.543902439024391,112.35365853658537,103.8780487804878,42.31707317073171,0.3638292682926829,43.46341463414634,13.170731707317072,0.5853658536585366,4.34390243902439,104.14634146341463,99.84146341463415,29.573170731707318,0.36653658536585365,43.25609756097561,14.085365853658537,1.0,0.20731707317073178,4.200000000000001,8.207317073170742,4.036585365853654,12.743902439024392,-0.002707317073170734,0.2073170731707279,-0.9146341463414647
41700235,1610612744,1,1610612740,2017-18,0.7073170731707317,5.9365853658536585,113.46341463414635,107.48780487804878,28.890243902439025,0.3888048780487805,43.51219512195122,14.987804878048781,0.5853658536585366,1.5609756097560976,111.71951219512195,110.41463414634147,28.195121951219512,0.3594390243902439,44.329268292682926,14.414634146341463,0.75,0.12195121951219512,4.37560975609756,1.7439024390243958,-2.9268292682926926,0.6951219512195124,0.02936585365853661,-0.8170731707317032,0.573170731707318
41700214,1610612755,1,1610612738,2017-18,0.6341463414634146,4.524390243902439,109.8048780487805,105.3048780487805,29.817073170731707,0.366890243902439,47.426829268292686,15.865853658536585,0.6707317073170732,3.551219512195122,104.01219512195122,100.42682926829268,30.390243902439025,0.38128048780487805,44.451219512195124,13.304878048780488,0.25,-0.03658536585365857,0.973170731707317,5.792682926829272,4.878048780487816,-0.573170731707318,-0.014390243902439037,2.975609756097562,2.560975609756097
41700204,1610612739,1,1610612761,2017-18,0.6097560975609756,0.9121951219512194,110.86585365853658,109.92682926829268,32.146341463414636,0.3723658536585366,42.13414634146341,13.304878048780488,0.7195121951219512,7.829268292682927,111.65853658536585,103.8780487804878,32.98780487804878,0.35723170731707315,43.98780487804878,12.74390243902439,0.6666666666666666,-0.1097560975609756,-6.917073170731707,-0.7926829268292721,6.048780487804876,-0.8414634146341413,0.015134146341463428,-1.853658536585364,0.5609756097560972
41700224,1610612762,0,1610612745,2017-18,0.5853658536585366,4.34390243902439,104.14634146341463,99.84146341463415,29.573170731707318,0.36653658536585365,43.25609756097561,14.085365853658537,0.7926829268292683,8.543902439024391,112.35365853658537,103.8780487804878,42.31707317073171,0.3638292682926829,43.46341463414634,13.170731707317072,0.0,-0.20731707317073178,-4.200000000000001,-8.207317073170742,-4.036585365853654,-12.743902439024392,0.002707317073170734,-0.2073170731707279,0.9146341463414647
41700234,1610612740,0,1610612744,2017-18,0.5853658536585366,1.5609756097560976,111.71951219512195,110.41463414634147,28.195121951219512,0.3594390243902439,44.329268292682926,14.414634146341463,0.7073170731707317,5.9365853658536585,113.46341463414635,107.48780487804878,28.890243902439025,0.3888048780487805,43.51219512195122,14.987804878048781,0.25,-0.12195121951219512,-4.37560975609756,-1.7439024390243958,2.9268292682926926,-0.6951219512195124,-0.02936585365853661,0.8170731707317032,-0.573170731707318
41700213,1610612755,0,1610612738,2017-18,0.6341463414634146,4.524390243902439,109.8048780487805,105.3048780487805,29.817073170731707,0.366890243902439,47.426829268292686,15.865853658536585,0.6707317073170732,3.551219512195122,104.01219512195122,100.42682926829268,30.390243902439025,0.38128048780487805,44.451219512195124,13.304878048780488,0.25,-0.03658536585365857,0.973170731707317,5.792682926829272,4.878048780487816,-0.573170731707318,-0.014390243902439037,2.975609756097562,2.560975609756097
41700203,1610612739,1,1610612761,2017-18,0.6097560975609756,0.9121951219512194,110.86585365853658,109.92682926829268,32.146341463414636,0.3723658536585366,42.13414634146341,13.304878048780488,0.7195121951219512,7.829268292682927,111.65853658536585,103.8780487804878,32.98780487804878,0.35723170731707315,43.98780487804878,12.74390243902439,0.6666666666666666,-0.1097560975609756,-6.917073170731707,-0.7926829268292721,6.048780487804876,-0.8414634146341413,0.015134146341463428,-1.853658536585364,0.5609756097560972
41700223,1610612762,0,1610612745,2017-18,0.5853658536585366,4.34390243902439,104.14634146341463,99.84146341463415,29.573170731707318,0.36653658536585365,43.25609756097561,14.085365853658537,0.7926829268292683,8.543902439024391,112.35365853658537,103.8780487804878,42.31707317073171,0.3638292682926829,43.46341463414634,13.170731707317072,0.0,-0.20731707317073178,-4.200000000000001,-8.207317073170742,-4.036585365853654,-12.743902439024392,0.002707317073170734,-0.2073170731707279,0.9146341463414647
41700233,1610612740,1,1610612744,2017-18,0.5853658536585366,1.5609756097560976,111.71951219512195,110.41463414634147,28.195121951219512,0.3594390243902439,44.329268292682926,14.414634146341463,0.7073170731707317,5.9365853658536585,113.46341463414635,107.48780487804878,28.890243902439025,0.3888048780487805,43.51219512195122,14.987804878048781,0.25,-0.12195121951219512,-4.37560975609756,-1.7439024390243958,2.9268292682926926,-0.6951219512195124,-0.02936585365853661,0.8170731707317032,-0.573170731707318
41700202,1610612761,0,1610612739,2017-18,0.7195121951219512,7.829268292682927,111.65853658536585,103.8780487804878,32.98780487804878,0.35723170731707315,43.98780487804878,12.74390243902439,0.6097560975609756,0.9121951219512194,110.86585365853658,109.92682926829268,32.146341463414636,0.3723658536585366,42.13414634146341,13.304878048780488,0.3333333333333333,0.1097560975609756,6.917073170731707,0.7926829268292721,-6.048780487804876,0.8414634146341413,-0.015134146341463428,1.853658536585364,-0.5609756097560972
41700212,1610612738,1,1610612755,2017-18,0.6707317073170732,3.551219512195122,104.01219512195122,100.42682926829268,30.390243902439025,0.38128048780487805,44.451219512195124,13.304878048780488,0.6341463414634146,4.524390243902439,109.8048780487805,105.3048780487805,29.817073170731707,0.366890243902439,47.426829268292686,15.865853658536585,0.75,0.03658536585365857,-0.973170731707317,-5.792682926829272,-4.878048780487816,0.573170731707318,0.014390243902439037,-2.975609756097562,-2.560975609756097
41700222,1610612745,0,1610612762,2017-18,0.7926829268292683,8.543902439024391,112.35365853658537,103.8780487804878,42.31707317073171,0.3638292682926829,43.46341463414634,13.170731707317072,0.5853658536585366,4.34390243902439,104.14634146341463,99.84146341463415,29.573170731707318,0.36653658536585365,43.25609756097561,14.085365853658537,1.0,0.20731707317073178,4.200000000000001,8.207317073170742,4.036585365853654,12.743902439024392,-0.002707317073170734,0.2073170731707279,-0.9146341463414647
41700232,1610612744,1,1610612740,2017-18,0.7073170731707317,5.9365853658536585,113.46341463414635,107.48780487804878,28.890243902439025,0.3888048780487805,43.51219512195122,14.987804878048781,0.5853658536585366,1.5609756097560976,111.71951219512195,110.41463414634147,28.195121951219512,0.3594390243902439,44.329268292682926,14.414634146341463,0.75,0.12195121951219512,4.37560975609756,1.7439024390243958,-2.9268292682926926,0.6951219512195124,0.02936585365853661,-0.8170731707317032,0.573170731707318
41700201,1610612761,0,1610612739,2017-18,0.7195121951219512,7.829268292682927,111.65853658536585,103.8780487804878,32.98780487804878,0.35723170731707315,43.98780487804878,12.74390243902439,0.6097560975609756,0.9121951219512194,110.86585365853658,109.92682926829268,32.146341463414636,0.3723658536585366,42.13414634146341,13.304878048780488,0.3333333333333333,0.1097560975609756,6.917073170731707,0.7926829268292721,-6.048780487804876,0.8414634146341413,-0.015134146341463428,1.853658536585364,-0.5609756097560972
41700211,1610612738,1,1610612755,2017-18,0.6707317073170732,3.551219512195122,104.01219512195122,100.42682926829268,30.390243902439025,0.38128048780487805,44.451219512195124,13.304878048780488,0.6341463414634146,4.524390243902439,109.8048780487805,105.3048780487805,29.817073170731707,0.366890243902439,47.426829268292686,15.865853658536585,0.75,0.03658536585365857,-0.973170731707317,-5.792682926829272,-4.878048780487816,0.573170731707318,0.014390243902439037,-2.975609756097562,-2.560975609756097
41700137,1610612739,1,1610612754,2017-18,0.6097560975609756,0.9121951219512194,110.86585365853658,109.92682926829268,32.146341463414636,0.3723658536585366,42.13414634146341,13.304878048780488,0.5853658536585366,1.4536585365853658,105.5609756097561,104.1829268292683,24.51219512195122,0.3657682926829268,42.34146341463415,12.768292682926829,0.25,0.024390243902439046,-0.5414634146341464,5.3048780487804805,5.743902439024382,7.634146341463417,0.006597560975609762,-0.207317073170735,0.536585365853659
41700221,1610612745,1,1610612762,2017-18,0.7926829268292683,8.543902439024391,112.35365853658537,103.8780487804878,42.31707317073171,0.3638292682926829,43.46341463414634,13.170731707317072,0.5853658536585366,4.34390243902439,104.14634146341463,99.84146341463415,29.573170731707318,0.36653658536585365,43.25609756097561,14.085365853658537,1.0,0.20731707317073178,4.200000000000001,8.207317073170742,4.036585365853654,12.743902439024392,-0.002707317073170734,0.2073170731707279,-0.9146341463414647
41700117,1610612738,1,1610612749,2017-18,0.6707317073170732,3.551219512195122,104.01219512195122,100.42682926829268,30.390243902439025,0.38128048780487805,44.451219512195124,13.304878048780488,0.5365853658536586,-0.35609756097560974,106.47560975609755,106.78048780487805,24.682926829268293,0.3562682926829268,39.84146341463415,13.146341463414634,0.5,0.13414634146341464,3.9073170731707316,-2.463414634146332,-6.353658536585371,5.7073170731707314,0.02501219512195124,4.609756097560975,0.15853658536585336
41700231,1610612744,1,1610612740,2017-18,0.7073170731707317,5.9365853658536585,113.46341463414635,107.48780487804878,28.890243902439025,0.3888048780487805,43.51219512195122,14.987804878048781,0.5853658536585366,1.5609756097560976,111.71951219512195,110.41463414634147,28.195121951219512,0.3594390243902439,44.329268292682926,14.414634146341463,0.75,0.12195121951219512,4.37560975609756,1.7439024390243958,-2.9268292682926926,0.6951219512195124,0.02936585365853661,-0.8170731707317032,0.573170731707318
41700106,1610612764,0,1610612761,2017-18,0.524390243902439,0.5853658536585366,106.60975609756098,106.02439024390245,26.5,0.37296341463414634,43.1219512195122,14.048780487804878,0.7195121951219512,7.829268292682927,111.65853658536585,103.8780487804878,32.98780487804878,0.35723170731707315,43.98780487804878,12.74390243902439,0.5,-0.19512195121951215,-7.2439024390243905,-5.048780487804876,2.146341463414643,-6.487804878048777,0.015731707317073185,-0.8658536585365795,1.3048780487804876
41700136,1610612754,1,1610612739,2017-18,0.5853658536585366,1.4536585365853658,105.5609756097561,104.1829268292683,24.51219512195122,0.3657682926829268,42.34146341463415,12.768292682926829,0.6097560975609756,0.9121951219512194,110.86585365853658,109.92682926829268,32.146341463414636,0.3723658536585366,42.13414634146341,13.304878048780488,0.75,-0.024390243902439046,0.5414634146341464,-5.3048780487804805,-5.743902439024382,-7.634146341463417,-0.006597560975609762,0.207317073170735,-0.536585365853659
41700176,1610612762,1,1610612760,2017-18,0.5853658536585366,4.34390243902439,104.14634146341463,99.84146341463415,29.573170731707318,0.36653658536585365,43.25609756097561,14.085365853658537,0.5853658536585366,3.317073170731707,107.85365853658537,104.4390243902439,30.378048780487806,0.35214634146341467,45.0609756097561,13.439024390243903,0.25,0.0,1.026829268292683,-3.707317073170742,-4.597560975609753,-0.8048780487804876,0.014390243902438982,-1.8048780487804876,0.6463414634146343
41700116,1610612749,1,1610612738,2017-18,0.5365853658536586,-0.35609756097560974,106.47560975609755,106.78048780487805,24.682926829268293,0.3562682926829268,39.84146341463415,13.146341463414634,0.6707317073170732,3.551219512195122,104.01219512195122,100.42682926829268,30.390243902439025,0.38128048780487805,44.451219512195124,13.304878048780488,0.5,-0.13414634146341464,-3.9073170731707316,2.463414634146332,6.353658536585371,-5.7073170731707314,-0.02501219512195124,-4.609756097560975,-0.15853658536585336
41700145,1610612745,1,1610612750,2017-18,0.7926829268292683,8.543902439024391,112.35365853658537,103.8780487804878,42.31707317073171,0.3638292682926829,43.46341463414634,13.170731707317072,0.573170731707317,2.1951219512195124,109.51219512195122,107.28048780487805,22.5,0.35800000000000004,41.96341463414634,11.74390243902439,1.0,0.2195121951219513,6.348780487804879,2.8414634146341484,-3.4024390243902474,19.81707317073171,0.0058292682926828765,1.5,1.426829268292682
41700175,1610612760,1,1610612762,2017-18,0.5853658536585366,3.317073170731707,107.85365853658537,104.4390243902439,30.378048780487806,0.35214634146341467,45.0609756097561,13.439024390243903,0.5853658536585366,4.34390243902439,104.14634146341463,99.84146341463415,29.573170731707318,0.36653658536585365,43.25609756097561,14.085365853658537,0.75,0.0,-1.026829268292683,3.707317073170742,4.597560975609753,0.8048780487804876,-0.014390243902438982,1.8048780487804876,-0.6463414634146343
41700105,1610612761,1,1610612764,2017-18,0.7195121951219512,7.829268292682927,111.65853658536585,103.8780487804878,32.98780487804878,0.35723170731707315,43.98780487804878,12.74390243902439,0.524390243902439,0.5853658536585366,106.60975609756098,106.02439024390245,26.5,0.37296341463414634,43.1219512195122,14.048780487804878,0.5,0.19512195121951215,7.2439024390243905,5.048780487804876,-2.146341463414643,6.487804878048777,-0.015731707317073185,0.8658536585365795,-1.3048780487804876
41700135,1610612739,1,1610612754,2017-18,0.6097560975609756,0.9121951219512194,110.86585365853658,109.92682926829268,32.146341463414636,0.3723658536585366,42.13414634146341,13.304878048780488,0.5853658536585366,1.4536585365853658,105.5609756097561,104.1829268292683,24.51219512195122,0.3657682926829268,42.34146341463415,12.768292682926829,0.25,0.024390243902439046,-0.5414634146341464,5.3048780487804805,5.743902439024382,7.634146341463417,0.006597560975609762,-0.207317073170735,0.536585365853659
41700115,1610612738,1,1610612749,2017-18,0.6707317073170732,3.551219512195122,104.01219512195122,100.42682926829268,30.390243902439025,0.38128048780487805,44.451219512195124,13.304878048780488,0.5365853658536586,-0.35609756097560974,106.47560975609755,106.78048780487805,24.682926829268293,0.3562682926829268,39.84146341463415,13.146341463414634,0.5,0.13414634146341464,3.9073170731707316,-2.463414634146332,-6.353658536585371,5.7073170731707314,0.02501219512195124,4.609756097560975,0.15853658536585336
41700155,1610612744,1,1610612759,2017-18,0.7073170731707317,5.9365853658536585,113.46341463414635,107.48780487804878,28.890243902439025,0.3888048780487805,43.51219512195122,14.987804878048781,0.573170731707317,2.848780487804878,102.73170731707317,99.84146341463415,24.109756097560975,0.35225609756097565,44.21951219512195,12.682926829268293,0.75,0.13414634146341464,3.0878048780487806,10.731707317073173,7.646341463414629,4.7804878048780495,0.036548780487804855,-0.7073170731707279,2.3048780487804876
41700125,1610612755,1,1610612748,2017-18,0.6341463414634146,4.524390243902439,109.8048780487805,105.3048780487805,29.817073170731707,0.366890243902439,47.426829268292686,15.865853658536585,0.5365853658536586,0.45121951219512196,103.41463414634147,102.9390243902439,30.5609756097561,0.35797560975609755,43.46341463414634,13.634146341463415,0.5,0.09756097560975607,4.073170731707317,6.390243902439025,2.3658536585365937,-0.7439024390243922,0.008914634146341471,3.9634146341463463,2.2317073170731696
41700144,1610612750,0,1610612745,2017-18,0.573170731707317,2.1951219512195124,109.51219512195122,107.28048780487805,22.5,0.35800000000000004,41.96341463414634,11.74390243902439,0.7926829268292683,8.543902439024391,112.35365853658537,103.8780487804878,42.31707317073171,0.3638292682926829,43.46341463414634,13.170731707317072,0.0,-0.2195121951219513,-6.348780487804879,-2.8414634146341484,3.4024390243902474,-19.81707317073171,-0.0058292682926828765,-1.5,-1.426829268292682
41700174,1610612762,1,1610612760,2017-18,0.5853658536585366,4.34390243902439,104.14634146341463,99.84146341463415,29.573170731707318,0.36653658536585365,43.25609756097561,14.085365853658537,0.5853658536585366,3.317073170731707,107.85365853658537,104.4390243902439,30.378048780487806,0.35214634146341467,45.0609756097561,13.439024390243903,0.25,0.0,1.026829268292683,-3.707317073170742,-4.597560975609753,-0.8048780487804876,0.014390243902438982,-1.8048780487804876,0.6463414634146343
41700104,1610612764,1,1610612761,2017-18,0.524390243902439,0.5853658536585366,106.60975609756098,106.02439024390245,26.5,0.37296341463414634,43.1219512195122,14.048780487804878,0.7195121951219512,7.829268292682927,111.65853658536585,103.8780487804878,32.98780487804878,0.35723170731707315,43.98780487804878,12.74390243902439,0.5,-0.19512195121951215,-7.2439024390243905,-5.048780487804876,2.146341463414643,-6.487804878048777,0.015731707317073185,-0.8658536585365795,1.3048780487804876
41700134,1610612754,0,1610612739,2017-18,0.5853658536585366,1.4536585365853658,105.5609756097561,104.1829268292683,24.51219512195122,0.3657682926829268,42.34146341463415,12.768292682926829,0.6097560975609756,0.9121951219512194,110.86585365853658,109.92682926829268,32.146341463414636,0.3723658536585366,42.13414634146341,13.304878048780488,0.75,-0.024390243902439046,0.5414634146341464,-5.3048780487804805,-5.743902439024382,-7.634146341463417,-0.006597560975609762,0.207317073170735,-0.536585365853659
41700154,1610612759,1,1610612744,2017-18,0.573170731707317,2.848780487804878,102.73170731707317,99.84146341463415,24.109756097560975,0.35225609756097565,44.21951219512195,12.682926829268293,0.7073170731707317,5.9365853658536585,113.46341463414635,107.48780487804878,28.890243902439025,0.3888048780487805,43.51219512195122,14.987804878048781,0.25,-0.13414634146341464,-3.0878048780487806,-10.731707317073173,-7.646341463414629,-4.7804878048780495,-0.036548780487804855,0.7073170731707279,-2.3048780487804876
41700114,1610612749,1,1610612738,2017-18,0.5365853658536586,-0.35609756097560974,106.47560975609755,106.78048780487805,24.682926829268293,0.3562682926829268,39.84146341463415,13.146341463414634,0.6707317073170732,3.551219512195122,104.01219512195122,100.42682926829268,30.390243902439025,0.38128048780487805,44.451219512195124,13.304878048780488,0.5,-0.13414634146341464,-3.9073170731707316,2.463414634146332,6.353658536585371,-5.7073170731707314,-0.02501219512195124,-4.609756097560975,-0.15853658536585336
41700173,1610612762,1,1610612760,2017-18,0.5853658536585366,4.34390243902439,104.14634146341463,99.84146341463415,29.573170731707318,0.36653658536585365,43.25609756097561,14.085365853658537,0.5853658536585366,3.317073170731707,107.85365853658537,104.4390243902439,30.378048780487806,0.35214634146341467,45.0609756097561,13.439024390243903,0.25,0.0,1.026829268292683,-3.707317073170742,-4.597560975609753,-0.8048780487804876,0.014390243902438982,-1.8048780487804876,0.6463414634146343
41700143,1610612750,1,1610612745,2017-18,0.573170731707317,2.1951219512195124,109.51219512195122,107.28048780487805,22.5,0.35800000000000004,41.96341463414634,11.74390243902439,0.7926829268292683,8.543902439024391,112.35365853658537,103.8780487804878,42.31707317073171,0.3638292682926829,43.46341463414634,13.170731707317072,0.0,-0.2195121951219513,-6.348780487804879,-2.8414634146341484,3.4024390243902474,-19.81707317073171,-0.0058292682926828765,-1.5,-1.426829268292682
41700164,1610612740,1,1610612757,2017-18,0.5853658536585366,1.5609756097560976,111.71951219512195,110.41463414634147,28.195121951219512,0.3594390243902439,44.329268292682926,14.414634146341463,0.5975609756097561,2.5829268292682928,105.6219512195122,103.02439024390245,28.146341463414632,0.36734146341463414,45.46341463414634,13.012195121951219,0.5,-0.012195121951219523,-1.0219512195121951,6.097560975609753,7.390243902439025,0.04878048780487987,-0.007902439024390251,-1.1341463414634134,1.4024390243902438
41700124,1610612748,0,1610612755,2017-18,0.5365853658536586,0.45121951219512196,103.41463414634147,102.9390243902439,30.5609756097561,0.35797560975609755,43.46341463414634,13.634146341463415,0.6341463414634146,4.524390243902439,109.8048780487805,105.3048780487805,29.817073170731707,0.366890243902439,47.426829268292686,15.865853658536585,0.5,-0.09756097560975607,-4.073170731707317,-6.390243902439025,-2.3658536585365937,0.7439024390243922,-0.008914634146341471,-3.9634146341463463,-2.2317073170731696
41700133,1610612754,1,1610612739,2017-18,0.5853658536585366,1.4536585365853658,105.5609756097561,104.1829268292683,24.51219512195122,0.3657682926829268,42.34146341463415,12.768292682926829,0.6097560975609756,0.9121951219512194,110.86585365853658,109.92682926829268,32.146341463414636,0.3723658536585366,42.13414634146341,13.304878048780488,0.75,-0.024390243902439046,0.5414634146341464,-5.3048780487804805,-5.743902439024382,-7.634146341463417,-0.006597560975609762,0.207317073170735,-0.536585365853659
41700103,1610612764,1,1610612761,2017-18,0.524390243902439,0.5853658536585366,106.60975609756098,106.02439024390245,26.5,0.37296341463414634,43.1219512195122,14.048780487804878,0.7195121951219512,7.829268292682927,111.65853658536585,103.8780487804878,32.98780487804878,0.35723170731707315,43.98780487804878,12.74390243902439,0.5,-0.19512195121951215,-7.2439024390243905,-5.048780487804876,2.146341463414643,-6.487804878048777,0.015731707317073185,-0.8658536585365795,1.3048780487804876
41700113,1610612749,1,1610612738,2017-18,0.5365853658536586,-0.35609756097560974,106.47560975609755,106.78048780487805,24.682926829268293,0.3562682926829268,39.84146341463415,13.146341463414634,0.6707317073170732,3.551219512195122,104.01219512195122,100.42682926829268,30.390243902439025,0.38128048780487805,44.451219512195124,13.304878048780488,0.5,-0.13414634146341464,-3.9073170731707316,2.463414634146332,6.353658536585371,-5.7073170731707314,-0.02501219512195124,-4.609756097560975,-0.15853658536585336
41700163,1610612740,1,1610612757,2017-18,0.5853658536585366,1.5609756097560976,111.71951219512195,110.41463414634147,28.195121951219512,0.3594390243902439,44.329268292682926,14.414634146341463,0.5975609756097561,2.5829268292682928,105.6219512195122,103.02439024390245,28.146341463414632,0.36734146341463414,45.46341463414634,13.012195121951219,0.5,-0.012195121951219523,-1.0219512195121951,6.097560975609753,7.390243902439025,0.04878048780487987,-0.007902439024390251,-1.1341463414634134,1.4024390243902438
41700123,1610612748,0,1610612755,2017-18,0.5365853658536586,0.45121951219512196,103.41463414634147,102.9390243902439,30.5609756097561,0.35797560975609755,43.46341463414634,13.634146341463415,0.6341463414634146,4.524390243902439,109.8048780487805,105.3048780487805,29.817073170731707,0.366890243902439,47.426829268292686,15.865853658536585,0.5,-0.09756097560975607,-4.073170731707317,-6.390243902439025,-2.3658536585365937,0.7439024390243922,-0.008914634146341471,-3.9634146341463463,-2.2317073170731696
41700153,1610612759,0,1610612744,2017-18,0.573170731707317,2.848780487804878,102.73170731707317,99.84146341463415,24.109756097560975,0.35225609756097565,44.21951219512195,12.682926829268293,0.7073170731707317,5.9365853658536585,113.46341463414635,107.48780487804878,28.890243902439025,0.3888048780487805,43.51219512195122,14.987804878048781,0.25,-0.13414634146341464,-3.0878048780487806,-10.731707317073173,-7.646341463414629,-4.7804878048780495,-0.036548780487804855,0.7073170731707279,-2.3048780487804876
41700132,1610612739,1,1610612754,2017-18,0.6097560975609756,0.9121951219512194,110.86585365853658,109.92682926829268,32.146341463414636,0.3723658536585366,42.13414634146341,13.304878048780488,0.5853658536585366,1.4536585365853658,105.5609756097561,104.1829268292683,24.51219512195122,0.3657682926829268,42.34146341463415,12.768292682926829,0.25,0.024390243902439046,-0.5414634146341464,5.3048780487804805,5.743902439024382,7.634146341463417,0.006597560975609762,-0.207317073170735,0.536585365853659
41700142,1610612745,1,1610612750,2017-18,0.7926829268292683,8.543902439024391,112.35365853658537,103.8780487804878,42.31707317073171,0.3638292682926829,43.46341463414634,13.170731707317072,0.573170731707317,2.1951219512195124,109.51219512195122,107.28048780487805,22.5,0.35800000000000004,41.96341463414634,11.74390243902439,1.0,0.2195121951219513,6.348780487804879,2.8414634146341484,-3.4024390243902474,19.81707317073171,0.0058292682926828765,1.5,1.426829268292682
41700172,1610612760,0,1610612762,2017-18,0.5853658536585366,3.317073170731707,107.85365853658537,104.4390243902439,30.378048780487806,0.35214634146341467,45.0609756097561,13.439024390243903,0.5853658536585366,4.34390243902439,104.14634146341463,99.84146341463415,29.573170731707318,0.36653658536585365,43.25609756097561,14.085365853658537,0.75,0.0,-1.026829268292683,3.707317073170742,4.597560975609753,0.8048780487804876,-0.014390243902438982,1.8048780487804876,-0.6463414634146343
41700112,1610612738,1,1610612749,2017-18,0.6707317073170732,3.551219512195122,104.01219512195122,100.42682926829268,30.390243902439025,0.38128048780487805,44.451219512195124,13.304878048780488,0.5365853658536586,-0.35609756097560974,106.47560975609755,106.78048780487805,24.682926829268293,0.3562682926829268,39.84146341463415,13.146341463414634,0.5,0.13414634146341464,3.9073170731707316,-2.463414634146332,-6.353658536585371,5.7073170731707314,0.02501219512195124,4.609756097560975,0.15853658536585336
41700102,1610612761,1,1610612764,2017-18,0.7195121951219512,7.829268292682927,111.65853658536585,103.8780487804878,32.98780487804878,0.35723170731707315,43.98780487804878,12.74390243902439,0.524390243902439,0.5853658536585366,106.60975609756098,106.02439024390245,26.5,0.37296341463414634,43.1219512195122,14.048780487804878,0.5,0.19512195121951215,7.2439024390243905,5.048780487804876,-2.146341463414643,6.487804878048777,-0.015731707317073185,0.8658536585365795,-1.3048780487804876
41700162,1610612757,0,1610612740,2017-18,0.5975609756097561,2.5829268292682928,105.6219512195122,103.02439024390245,28.146341463414632,0.36734146341463414,45.46341463414634,13.012195121951219,0.5853658536585366,1.5609756097560976,111.71951219512195,110.41463414634147,28.195121951219512,0.3594390243902439,44.329268292682926,14.414634146341463,0.5,0.012195121951219523,1.0219512195121951,-6.097560975609753,-7.390243902439025,-0.04878048780487987,0.007902439024390251,1.1341463414634134,-1.4024390243902438
41700152,1610612744,1,1610612759,2017-18,0.7073170731707317,5.9365853658536585,113.46341463414635,107.48780487804878,28.890243902439025,0.3888048780487805,43.51219512195122,14.987804878048781,0.573170731707317,2.848780487804878,102.73170731707317,99.84146341463415,24.109756097560975,0.35225609756097565,44.21951219512195,12.682926829268293,0.75,0.13414634146341464,3.0878048780487806,10.731707317073173,7.646341463414629,4.7804878048780495,0.036548780487804855,-0.7073170731707279,2.3048780487804876
41700122,1610612755,0,1610612748,2017-18,0.6341463414634146,4.524390243902439,109.8048780487805,105.3048780487805,29.817073170731707,0.366890243902439,47.426829268292686,15.865853658536585,0.5365853658536586,0.45121951219512196,103.41463414634147,102.9390243902439,30.5609756097561,0.35797560975609755,43.46341463414634,13.634146341463415,0.5,0.09756097560975607,4.073170731707317,6.390243902439025,2.3658536585365937,-0.7439024390243922,0.008914634146341471,3.9634146341463463,2.2317073170731696
41700131,1610612739,0,1610612754,2017-18,0.6097560975609756,0.9121951219512194,110.86585365853658,109.92682926829268,32.146341463414636,0.3723658536585366,42.13414634146341,13.304878048780488,0.5853658536585366,1.4536585365853658,105.5609756097561,104.1829268292683,24.51219512195122,0.3657682926829268,42.34146341463415,12.768292682926829,0.25,0.024390243902439046,-0.5414634146341464,5.3048780487804805,5.743902439024382,7.634146341463417,0.006597560975609762,-0.207317073170735,0.536585365853659
41700111,1610612738,1,1610612749,2017-18,0.6707317073170732,3.551219512195122,104.01219512195122,100.42682926829268,30.390243902439025,0.38128048780487805,44.451219512195124,13.304878048780488,0.5365853658536586,-0.35609756097560974,106.47560975609755,106.78048780487805,24.682926829268293,0.3562682926829268,39.84146341463415,13.146341463414634,0.5,0.13414634146341464,3.9073170731707316,-2.463414634146332,-6.353658536585371,5.7073170731707314,0.02501219512195124,4.609756097560975,0.15853658536585336
41700171,1610612760,1,1610612762,2017-18,0.5853658536585366,3.317073170731707,107.85365853658537,104.4390243902439,30.378048780487806,0.35214634146341467,45.0609756097561,13.439024390243903,0.5853658536585366,4.34390243902439,104.14634146341463,99.84146341463415,29.573170731707318,0.36653658536585365,43.25609756097561,14.085365853658537,0.75,0.0,-1.026829268292683,3.707317073170742,4.597560975609753,0.8048780487804876,-0.014390243902438982,1.8048780487804876,-0.6463414634146343
41700141,1610612745,1,1610612750,2017-18,0.7926829268292683,8.543902439024391,112.35365853658537,103.8780487804878,42.31707317073171,0.3638292682926829,43.46341463414634,13.170731707317072,0.573170731707317,2.1951219512195124,109.51219512195122,107.28048780487805,22.5,0.35800000000000004,41.96341463414634,11.74390243902439,1.0,0.2195121951219513,6.348780487804879,2.8414634146341484,-3.4024390243902474,19.81707317073171,0.0058292682926828765,1.5,1.426829268292682
41700161,1610612757,0,1610612740,2017-18,0.5975609756097561,2.5829268292682928,105.6219512195122,103.02439024390245,28.146341463414632,0.36734146341463414,45.46341463414634,13.012195121951219,0.5853658536585366,1.5609756097560976,111.71951219512195,110.41463414634147,28.195121951219512,0.3594390243902439,44.329268292682926,14.414634146341463,0.5,0.012195121951219523,1.0219512195121951,-6.097560975609753,-7.390243902439025,-0.04878048780487987,0.007902439024390251,1.1341463414634134,-1.4024390243902438
41700121,1610612755,1,1610612748,2017-18,0.6341463414634146,4.524390243902439,109.8048780487805,105.3048780487805,29.817073170731707,0.366890243902439,47.426829268292686,15.865853658536585,0.5365853658536586,0.45121951219512196,103.41463414634147,102.9390243902439,30.5609756097561,0.35797560975609755,43.46341463414634,13.634146341463415,0.5,0.09756097560975607,4.073170731707317,6.390243902439025,2.3658536585365937,-0.7439024390243922,0.008914634146341471,3.9634146341463463,2.2317073170731696
41700101,1610612761,1,1610612764,2017-18,0.7195121951219512,7.829268292682927,111.65853658536585,103.8780487804878,32.98780487804878,0.35723170731707315,43.98780487804878,12.74390243902439,0.524390243902439,0.5853658536585366,106.60975609756098,106.02439024390245,26.5,0.37296341463414634,43.1219512195122,14.048780487804878,0.5,0.19512195121951215,7.2439024390243905,5.048780487804876,-2.146341463414643,6.487804878048777,-0.015731707317073185,0.8658536585365795,-1.3048780487804876
41700151,1610612744,1,1610612759,2017-18,0.7073170731707317,5.9365853658536585,113.46341463414635,107.48780487804878,28.890243902439025,0.3888048780487805,43.51219512195122,14.987804878048781,0.573170731707317,2.848780487804878,102.73170731707317,99.84146341463415,24.109756097560975,0.35225609756097565,44.21951219512195,12.682926829268293,0.75,0.13414634146341464,3.0878048780487806,10.731707317073173,7.646341463414629,4.7804878048780495,0.036548780487804855,-0.7073170731707279,2.3048780487804876
41800406,1610612744,0,1610612761,2018-19,0.6951219512195121,6.346341463414634,117.6829268292683,111.21951219512195,34.4390243902439,0.3845,46.18292682926829,13.75609756097561,0.7073170731707317,6.085365853658536,114.4390243902439,108.35365853658537,33.792682926829265,0.3651829268292683,45.19512195121951,13.329268292682928,0.0,-0.012195121951219523,0.26097560975609735,3.243902439024396,2.8658536585365795,0.646341463414636,0.019317073170731724,0.9878048780487774,0.426829268292682
41800405,1610612761,0,1610612744,2018-19,0.7073170731707317,6.085365853658536,114.4390243902439,108.35365853658537,33.792682926829265,0.3651829268292683,45.19512195121951,13.329268292682928,0.6951219512195121,6.346341463414634,117.6829268292683,111.21951219512195,34.4390243902439,0.3845,46.18292682926829,13.75609756097561,1.0,0.012195121951219523,-0.26097560975609735,-3.243902439024396,-2.8658536585365795,-0.646341463414636,-0.019317073170731724,-0.9878048780487774,-0.426829268292682
41800404,1610612744,0,1610612761,2018-19,0.6951219512195121,6.346341463414634,117.6829268292683,111.21951219512195,34.4390243902439,0.3845,46.18292682926829,13.75609756097561,0.7073170731707317,6.085365853658536,114.4390243902439,108.35365853658537,33.792682926829265,0.3651829268292683,45.19512195121951,13.329268292682928,0.0,-0.012195121951219523,0.26097560975609735,3.243902439024396,2.8658536585365795,0.646341463414636,0.019317073170731724,0.9878048780487774,0.426829268292682
41800403,1610612744,0,1610612761,2018-19,0.6951219512195121,6.346341463414634,117.6829268292683,111.21951219512195,34.4390243902439,0.3845,46.18292682926829,13.75609756097561,0.7073170731707317,6.085365853658536,114.4390243902439,108.35365853658537,33.792682926829265,0.3651829268292683,45.19512195121951,13.329268292682928,0.0,-0.012195121951219523,0.26097560975609735,3.243902439024396,2.8658536585365795,0.646341463414636,0.019317073170731724,0.9878048780487774,0.426829268292682
41800402,1610612761,0,1610612744,2018-19,0.7073170731707317,6.085365853658536,114.4390243902439,108.35365853658537,33.792682926829265,0.3651829268292683,45.19512195121951,13.329268292682928,0.6951219512195121,6.346341463414634,117.6829268292683,111.21951219512195,34.4390243902439,0.3845,46.18292682926829,13.75609756097561,1.0,0.012195121951219523,-0.26097560975609735,-3.243902439024396,-2.8658536585365795,-0.646341463414636,-0.019317073170731724,-0.9878048780487774,-0.426829268292682
41800401,1610612761,1,1610612744,2018-19,0.7073170731707317,6.085365853658536,114.4390243902439,108.35365853658537,33.792682926829265,0.3651829268292683,45.19512195121951,13.329268292682928,0.6951219512195121,6.346341463414634,117.6829268292683,111.21951219512195,34.4390243902439,0.3845,46.18292682926829,13.75609756097561,1.0,0.012195121951219523,-0.26097560975609735,-3.243902439024396,-2.8658536585365795,-0.646341463414636,-0.019317073170731724,-0.9878048780487774,-0.426829268292682
41800306,1610612761,1,1610612749,2018-19,0.7073170731707317,6.085365853658536,114.4390243902439,108.35365853658537,33.792682926829265,0.3651829268292683,45.19512195121951,13.329268292682928,0.7317073170731707,8.856097560975611,118.1219512195122,109.2560975609756,38.21951219512195,0.3532439024390244,49.73170731707317,13.25609756097561,0.25,-0.024390243902439046,-2.7707317073170747,-3.682926829268297,-0.9024390243902332,-4.4268292682926855,0.011939024390243858,-4.536585365853661,0.07317073170731803
41800305,1610612749,0,1610612761,2018-19,0.7317073170731707,8.856097560975611,118.1219512195122,109.2560975609756,38.21951219512195,0.3532439024390244,49.73170731707317,13.25609756097561,0.7073170731707317,6.085365853658536,114.4390243902439,108.35365853658537,33.792682926829265,0.3651829268292683,45.19512195121951,13.329268292682928,0.75,0.024390243902439046,2.7707317073170747,3.682926829268297,0.9024390243902332,4.4268292682926855,-0.011939024390243858,4.536585365853661,-0.07317073170731803
41800304,1610612761,1,1610612749,2018-19,0.7073170731707317,6.085365853658536,114.4390243902439,108.35365853658537,33.792682926829265,0.3651829268292683,45.19512195121951,13.329268292682928,0.7317073170731707,8.856097560975611,118.1219512195122,109.2560975609756,38.21951219512195,0.3532439024390244,49.73170731707317,13.25609756097561,0.25,-0.024390243902439046,-2.7707317073170747,-3.682926829268297,-0.9024390243902332,-4.4268292682926855,0.011939024390243858,-4.536585365853661,0.07317073170731803
41800314,1610612757,0,1610612744,2018-19,0.6463414634146342,4.195121951219512,114.65853658536585,110.46341463414635,30.73170731707317,0.362109756097561,47.98780487804878,13.304878048780488,0.6951219512195121,6.346341463414634,117.6829268292683,111.21951219512195,34.4390243902439,0.3845,46.18292682926829,13.75609756097561,0.5,-0.04878048780487798,-2.151219512195121,-3.0243902439024453,-0.7560975609756042,-3.7073170731707314,-0.02239024390243899,1.8048780487804876,-0.4512195121951219
41800303,1610612761,1,1610612749,2018-19,0.7073170731707317,6.085365853658536,114.4390243902439,108.35365853658537,33.792682926829265,0.3651829268292683,45.19512195121951,13.329268292682928,0.7317073170731707,8.856097560975611,118.1219512195122,109.2560975609756,38.21951219512195,0.3532439024390244,49.73170731707317,13.25609756097561,0.25,-0.024390243902439046,-2.7707317073170747,-3.682926829268297,-0.9024390243902332,-4.4268292682926855,0.011939024390243858,-4.536585365853661,0.07317073170731803
41800313,1610612757,0,1610612744,2018-19,0.6463414634146342,4.195121951219512,114.65853658536585,110.46341463414635,30.73170731707317,0.362109756097561,47.98780487804878,13.304878048780488,0.6951219512195121,6.346341463414634,117.6829268292683,111.21951219512195,34.4390243902439,0.3845,46.18292682926829,13.75609756097561,0.5,-0.04878048780487798,-2.151219512195121,-3.0243902439024453,-0.7560975609756042,-3.7073170731707314,-0.02239024390243899,1.8048780487804876,-0.4512195121951219
41800302,1610612749,1,1610612761,2018-19,0.7317073170731707,8.856097560975611,118.1219512195122,109.2560975609756,38.21951219512195,0.3532439024390244,49.73170731707317,13.25609756097561,0.7073170731707317,6.085365853658536,114.4390243902439,108.35365853658537,33.792682926829265,0.3651829268292683,45.19512195121951,13.329268292682928,0.75,0.024390243902439046,2.7707317073170747,3.682926829268297,0.9024390243902332,4.4268292682926855,-0.011939024390243858,4.536585365853661,-0.07317073170731803
41800312,1610612744,1,1610612757,2018-19,0.6951219512195121,6.346341463414634,117.6829268292683,111.21951219512195,34.4390243902439,0.3845,46.18292682926829,13.75609756097561,0.6463414634146342,4.195121951219512,114.65853658536585,110.46341463414635,30.73170731707317,0.362109756097561,47.98780487804878,13.304878048780488,0.5,0.04878048780487798,2.151219512195121,3.0243902439024453,0.7560975609756042,3.7073170731707314,0.02239024390243899,-1.8048780487804876,0.4512195121951219
41800301,1610612749,1,1610612761,2018-19,0.7317073170731707,8.856097560975611,118.1219512195122,109.2560975609756,38.21951219512195,0.3532439024390244,49.73170731707317,13.25609756097561,0.7073170731707317,6.085365853658536,114.4390243902439,108.35365853658537,33.792682926829265,0.3651829268292683,45.19512195121951,13.329268292682928,0.75,0.024390243902439046,2.7707317073170747,3.682926829268297,0.9024390243902332,4.4268292682926855,-0.011939024390243858,4.536585365853661,-0.07317073170731803
41800311,1610612744,1,1610612757,2018-19,0.6951219512195121,6.346341463414634,117.6829268292683,111.21951219512195,34.4390243902439,0.3845,46.18292682926829,13.75609756097561,0.6463414634146342,4.195121951219512,114.65853658536585,110.46341463414635,30.73170731707317,0.362109756097561,47.98780487804878,13.304878048780488,0.5,0.04878048780487798,2.151219512195121,3.0243902439024453,0.7560975609756042,3.7073170731707314,0.02239024390243899,-1.8048780487804876,0.4512195121951219
41800237,1610612743,0,1610612757,2018-19,0.6585365853658537,3.9365853658536585,110.67073170731707,106.71951219512195,31.353658536585368,0.3497073170731707,46.390243902439025,12.853658536585366,0.6463414634146342,4.195121951219512,114.65853658536585,110.46341463414635,30.73170731707317,0.362109756097561,47.98780487804878,13.304878048780488,0.75,0.012195121951219523,-0.2585365853658539,-3.9878048780487774,-3.743902439024396,0.6219512195121979,-0.01240243902439031,-1.5975609756097526,-0.4512195121951219
41800217,1610612761,1,1610612755,2018-19,0.7073170731707317,6.085365853658536,114.4390243902439,108.35365853658537,33.792682926829265,0.3651829268292683,45.19512195121951,13.329268292682928,0.6219512195121951,2.6951219512195124,115.1829268292683,112.48780487804878,30.170731707317074,0.3589390243902439,47.76829268292683,14.463414634146341,0.75,0.08536585365853655,3.390243902439024,-0.7439024390243958,-4.134146341463406,3.621951219512191,0.006243902439024396,-2.5731707317073145,-1.1341463414634134
41800226,1610612745,0,1610612744,2018-19,0.6463414634146342,5.0,113.91463414634147,109.14634146341463,45.3780487804878,0.35363414634146345,42.0609756097561,12.658536585365853,0.6951219512195121,6.346341463414634,117.6829268292683,111.21951219512195,34.4390243902439,0.3845,46.18292682926829,13.75609756097561,0.75,-0.04878048780487798,-1.3463414634146336,-3.768292682926827,-2.0731707317073216,10.939024390243901,-0.030865853658536557,-4.121951219512191,-1.0975609756097562
41800216,1610612755,1,1610612761,2018-19,0.6219512195121951,2.6951219512195124,115.1829268292683,112.48780487804878,30.170731707317074,0.3589390243902439,47.76829268292683,14.463414634146341,0.7073170731707317,6.085365853658536,114.4390243902439,108.35365853658537,33.792682926829265,0.3651829268292683,45.19512195121951,13.329268292682928,0.25,-0.08536585365853655,-3.390243902439024,0.7439024390243958,4.134146341463406,-3.621951219512191,-0.006243902439024396,2.5731707317073145,1.1341463414634134
41800236,1610612757,1,1610612743,2018-19,0.6463414634146342,4.195121951219512,114.65853658536585,110.46341463414635,30.73170731707317,0.362109756097561,47.98780487804878,13.304878048780488,0.6585365853658537,3.9365853658536585,110.67073170731707,106.71951219512195,31.353658536585368,0.3497073170731707,46.390243902439025,12.853658536585366,0.25,-0.012195121951219523,0.2585365853658539,3.9878048780487774,3.743902439024396,-0.6219512195121979,0.01240243902439031,1.5975609756097526,0.4512195121951219
41800205,1610612749,1,1610612738,2018-19,0.7317073170731707,8.856097560975611,118.1219512195122,109.2560975609756,38.21951219512195,0.3532439024390244,49.73170731707317,13.25609756097561,0.5975609756097561,4.439024390243903,112.39024390243902,107.95121951219512,34.5,0.3630121951219512,44.548780487804876,12.426829268292684,0.6666666666666666,0.13414634146341464,4.417073170731708,5.731707317073173,1.3048780487804805,3.7195121951219505,-0.009768292682926782,5.182926829268297,0.8292682926829258
41800225,1610612744,1,1610612745,2018-19,0.6951219512195121,6.346341463414634,117.6829268292683,111.21951219512195,34.4390243902439,0.3845,46.18292682926829,13.75609756097561,0.6463414634146342,5.0,113.91463414634147,109.14634146341463,45.3780487804878,0.35363414634146345,42.0609756097561,12.658536585365853,0.25,0.04878048780487798,1.3463414634146336,3.768292682926827,2.0731707317073216,-10.939024390243901,0.030865853658536557,4.121951219512191,1.0975609756097562
41800235,1610612743,1,1610612757,2018-19,0.6585365853658537,3.9365853658536585,110.67073170731707,106.71951219512195,31.353658536585368,0.3497073170731707,46.390243902439025,12.853658536585366,0.6463414634146342,4.195121951219512,114.65853658536585,110.46341463414635,30.73170731707317,0.362109756097561,47.98780487804878,13.304878048780488,0.75,0.012195121951219523,-0.2585365853658539,-3.9878048780487774,-3.743902439024396,0.6219512195121979,-0.01240243902439031,-1.5975609756097526,-0.4512195121951219
41800215,1610612761,1,1610612755,2018-19,0.7073170731707317,6.085365853658536,114.4390243902439,108.35365853658537,33.792682926829265,0.3651829268292683,45.19512195121951,13.329268292682928,0.6219512195121951,2.6951219512195124,115.1829268292683,112.48780487804878,30.170731707317074,0.3589390243902439,47.76829268292683,14.463414634146341,0.75,0.08536585365853655,3.390243902439024,-0.7439024390243958,-4.134146341463406,3.621951219512191,0.006243902439024396,-2.5731707317073145,-1.1341463414634134
41800204,1610612738,0,1610612749,2018-19,0.5975609756097561,4.439024390243903,112.39024390243902,107.95121951219512,34.5,0.3630121951219512,44.548780487804876,12.426829268292684,0.7317073170731707,8.856097560975611,118.1219512195122,109.2560975609756,38.21951219512195,0.3532439024390244,49.73170731707317,13.25609756097561,0.3333333333333333,-0.13414634146341464,-4.417073170731708,-5.731707317073173,-1.3048780487804805,-3.7195121951219505,0.009768292682926782,-5.182926829268297,-0.8292682926829258
41800224,1610612745,1,1610612744,2018-19,0.6463414634146342,5.0,113.91463414634147,109.14634146341463,45.3780487804878,0.35363414634146345,42.0609756097561,12.658536585365853,0.6951219512195121,6.346341463414634,117.6829268292683,111.21951219512195,34.4390243902439,0.3845,46.18292682926829,13.75609756097561,0.75,-0.04878048780487798,-1.3463414634146336,-3.768292682926827,-2.0731707317073216,10.939024390243901,-0.030865853658536557,-4.121951219512191,-1.0975609756097562
41800234,1610612757,0,1610612743,2018-19,0.6463414634146342,4.195121951219512,114.65853658536585,110.46341463414635,30.73170731707317,0.362109756097561,47.98780487804878,13.304878048780488,0.6585365853658537,3.9365853658536585,110.67073170731707,106.71951219512195,31.353658536585368,0.3497073170731707,46.390243902439025,12.853658536585366,0.25,-0.012195121951219523,0.2585365853658539,3.9878048780487774,3.743902439024396,-0.6219512195121979,0.01240243902439031,1.5975609756097526,0.4512195121951219
41800214,1610612755,0,1610612761,2018-19,0.6219512195121951,2.6951219512195124,115.1829268292683,112.48780487804878,30.170731707317074,0.3589390243902439,47.76829268292683,14.463414634146341,0.7073170731707317,6.085365853658536,114.4390243902439,108.35365853658537,33.792682926829265,0.3651829268292683,45.19512195121951,13.329268292682928,0.25,-0.08536585365853655,-3.390243902439024,0.7439024390243958,4.134146341463406,-3.621951219512191,-0.006243902439024396,2.5731707317073145,1.1341463414634134
41800223,1610612745,1,1610612744,2018-19,0.6463414634146342,5.0,113.91463414634147,109.14634146341463,45.3780487804878,0.35363414634146345,42.0609756097561,12.658536585365853,0.6951219512195121,6.346341463414634,117.6829268292683,111.21951219512195,34.4390243902439,0.3845,46.18292682926829,13.75609756097561,0.75,-0.04878048780487798,-1.3463414634146336,-3.768292682926827,-2.0731707317073216,10.939024390243901,-0.030865853658536557,-4.121951219512191,-1.0975609756097562
41800203,1610612738,0,1610612749,2018-19,0.5975609756097561,4.439024390243903,112.39024390243902,107.95121951219512,34.5,0.3630121951219512,44.548780487804876,12.426829268292684,0.7317073170731707,8.856097560975611,118.1219512195122,109.2560975609756,38.21951219512195,0.3532439024390244,49.73170731707317,13.25609756097561,0.3333333333333333,-0.13414634146341464,-4.417073170731708,-5.731707317073173,-1.3048780487804805,-3.7195121951219505,0.009768292682926782,-5.182926829268297,-0.8292682926829258
41800233,1610612757,1,1610612743,2018-19,0.6463414634146342,4.195121951219512,114.65853658536585,110.46341463414635,30.73170731707317,0.362109756097561,47.98780487804878,13.304878048780488,0.6585365853658537,3.9365853658536585,110.67073170731707,106.71951219512195,31.353658536585368,0.3497073170731707,46.390243902439025,12.853658536585366,0.25,-0.012195121951219523,0.2585365853658539,3.9878048780487774,3.743902439024396,-0.6219512195121979,0.01240243902439031,1.5975609756097526,0.4512195121951219
41800213,1610612755,1,1610612761,2018-19,0.6219512195121951,2.6951219512195124,115.1829268292683,112.48780487804878,30.170731707317074,0.3589390243902439,47.76829268292683,14.463414634146341,0.7073170731707317,6.085365853658536,114.4390243902439,108.35365853658537,33.792682926829265,0.3651829268292683,45.19512195121951,13.329268292682928,0.25,-0.08536585365853655,-3.390243902439024,0.7439024390243958,4.134146341463406,-3.621951219512191,-0.006243902439024396,2.5731707317073145,1.1341463414634134
41800232,1610612743,0,1610612757,2018-19,0.6585365853658537,3.9365853658536585,110.67073170731707,106.71951219512195,31.353658536585368,0.3497073170731707,46.390243902439025,12.853658536585366,0.6463414634146342,4.195121951219512,114.65853658536585,110.46341463414635,30.73170731707317,0.362109756097561,47.98780487804878,13.304878048780488,0.75,0.012195121951219523,-0.2585365853658539,-3.9878048780487774,-3.743902439024396,0.6219512195121979,-0.01240243902439031,-1.5975609756097526,-0.4512195121951219
41800222,1610612744,1,1610612745,2018-19,0.6951219512195121,6.346341463414634,117.6829268292683,111.21951219512195,34.4390243902439,0.3845,46.18292682926829,13.75609756097561,0.6463414634146342,5.0,113.91463414634147,109.14634146341463,45.3780487804878,0.35363414634146345,42.0609756097561,12.658536585365853,0.25,0.04878048780487798,1.3463414634146336,3.768292682926827,2.0731707317073216,-10.939024390243901,0.030865853658536557,4.121951219512191,1.0975609756097562
41800202,1610612749,1,1610612738,2018-19,0.7317073170731707,8.856097560975611,118.1219512195122,109.2560975609756,38.21951219512195,0.3532439024390244,49.73170731707317,13.25609756097561,0.5975609756097561,4.439024390243903,112.39024390243902,107.95121951219512,34.5,0.3630121951219512,44.548780487804876,12.426829268292684,0.6666666666666666,0.13414634146341464,4.417073170731708,5.731707317073173,1.3048780487804805,3.7195121951219505,-0.009768292682926782,5.182926829268297,0.8292682926829258
41800212,1610612761,0,1610612755,2018-19,0.7073170731707317,6.085365853658536,114.4390243902439,108.35365853658537,33.792682926829265,0.3651829268292683,45.19512195121951,13.329268292682928,0.6219512195121951,2.6951219512195124,115.1829268292683,112.48780487804878,30.170731707317074,0.3589390243902439,47.76829268292683,14.463414634146341,0.75,0.08536585365853655,3.390243902439024,-0.7439024390243958,-4.134146341463406,3.621951219512191,0.006243902439024396,-2.5731707317073145,-1.1341463414634134
41800231,1610612743,1,1610612757,2018-19,0.6585365853658537,3.9365853658536585,110.67073170731707,106.71951219512195,31.353658536585368,0.3497073170731707,46.390243902439025,12.853658536585366,0.6463414634146342,4.195121951219512,114.65853658536585,110.46341463414635,30.73170731707317,0.362109756097561,47.98780487804878,13.304878048780488,0.75,0.012195121951219523,-0.2585365853658539,-3.9878048780487774,-3.743902439024396,0.6219512195121979,-0.01240243902439031,-1.5975609756097526,-0.4512195121951219
41800221,1610612744,1,1610612745,2018-19,0.6951219512195121,6.346341463414634,117.6829268292683,111.21951219512195,34.4390243902439,0.3845,46.18292682926829,13.75609756097561,0.6463414634146342,5.0,113.91463414634147,109.14634146341463,45.3780487804878,0.35363414634146345,42.0609756097561,12.658536585365853,0.25,0.04878048780487798,1.3463414634146336,3.768292682926827,2.0731707317073216,-10.939024390243901,0.030865853658536557,4.121951219512191,1.0975609756097562
41800201,1610612749,0,1610612738,2018-19,0.7317073170731707,8.856097560975611,118.1219512195122,109.2560975609756,38.21951219512195,0.3532439024390244,49.73170731707317,13.25609756097561,0.5975609756097561,4.439024390243903,112.39024390243902,107.95121951219512,34.5,0.3630121951219512,44.548780487804876,12.426829268292684,0.6666666666666666,0.13414634146341464,4.417073170731708,5.731707317073173,1.3048780487804805,3.7195121951219505,-0.009768292682926782,5.182926829268297,0.8292682926829258
41800211,1610612761,1,1610612755,2018-19,0.7073170731707317,6.085365853658536,114.4390243902439,108.35365853658537,33.792682926829265,0.3651829268292683,45.19512195121951,13.329268292682928,0.6219512195121951,2.6951219512195124,115.1829268292683,112.48780487804878,30.170731707317074,0.3589390243902439,47.76829268292683,14.463414634146341,0.75,0.08536585365853655,3.390243902439024,-0.7439024390243958,-4.134146341463406,3.621951219512191,0.006243902439024396,-2.5731707317073145,-1.1341463414634134
41800157,1610612743,1,1610612759,2018-19,0.6585365853658537,3.9365853658536585,110.67073170731707,106.71951219512195,31.353658536585368,0.3497073170731707,46.390243902439025,12.853658536585366,0.5853658536585366,1.6829268292682926,111.65853658536585,109.97560975609755,25.25609756097561,0.3966707317073171,44.71951219512195,11.817073170731707,0.5,0.07317073170731714,2.253658536585366,-0.9878048780487774,-3.256097560975604,6.097560975609756,-0.04696341463414638,1.6707317073170742,1.036585365853659
41800146,1610612746,0,1610612744,2018-19,0.5853658536585366,0.578048780487805,115.14634146341463,114.29268292682927,25.829268292682926,0.38753658536585367,45.51219512195122,13.804878048780488,0.6951219512195121,6.346341463414634,117.6829268292683,111.21951219512195,34.4390243902439,0.3845,46.18292682926829,13.75609756097561,0.25,-0.1097560975609756,-5.768292682926829,-2.536585365853668,3.0731707317073216,-8.609756097560975,0.0030365853658536612,-0.6707317073170671,0.04878048780487809
41800156,1610612759,1,1610612743,2018-19,0.5853658536585366,1.6829268292682926,111.65853658536585,109.97560975609755,25.25609756097561,0.3966707317073171,44.71951219512195,11.817073170731707,0.6585365853658537,3.9365853658536585,110.67073170731707,106.71951219512195,31.353658536585368,0.3497073170731707,46.390243902439025,12.853658536585366,0.5,-0.07317073170731714,-2.253658536585366,0.9878048780487774,3.256097560975604,-6.097560975609756,0.04696341463414638,-1.6707317073170742,-1.036585365853659
41800175,1610612745,1,1610612762,2018-19,0.6463414634146342,5.0,113.91463414634147,109.14634146341463,45.3780487804878,0.35363414634146345,42.0609756097561,12.658536585365853,0.6097560975609756,5.326829268292683,111.71951219512195,106.46341463414635,34.01219512195122,0.3545,46.353658536585364,14.75609756097561,0.5,0.03658536585365857,-0.3268292682926832,2.1951219512195195,2.6829268292682826,11.36585365853658,-0.0008658536585365306,-4.292682926829265,-2.097560975609756
41800145,1610612744,0,1610612746,2018-19,0.6951219512195121,6.346341463414634,117.6829268292683,111.21951219512195,34.4390243902439,0.3845,46.18292682926829,13.75609756097561,0.5853658536585366,0.578048780487805,115.14634146341463,114.29268292682927,25.829268292682926,0.38753658536585367,45.51219512195122,13.804878048780488,0.75,0.1097560975609756,5.768292682926829,2.536585365853668,-3.0731707317073216,8.609756097560975,-0.0030365853658536612,0.6707317073170671,-0.04878048780487809
41800125,1610612755,1,1610612751,2018-19,0.6219512195121951,2.6951219512195124,115.1829268292683,112.48780487804878,30.170731707317074,0.3589390243902439,47.76829268292683,14.463414634146341,0.5121951219512195,0.07804878048780486,112.2439024390244,112.3170731707317,36.15853658536585,0.3527804878048781,46.573170731707314,14.402439024390244,0.5,0.1097560975609756,2.6170731707317074,2.939024390243901,0.1707317073170742,-5.987804878048777,0.006158536585365804,1.1951219512195124,0.06097560975609717
41800165,1610612757,1,1610612760,2018-19,0.6463414634146342,4.195121951219512,114.65853658536585,110.46341463414635,30.73170731707317,0.362109756097561,47.98780487804878,13.304878048780488,0.5975609756097561,3.3756097560975613,114.47560975609755,111.07317073170732,32.646341463414636,0.35132926829268296,48.073170731707314,13.646341463414634,0.0,0.04878048780487809,0.8195121951219511,0.18292682926829684,-0.6097560975609753,-1.9146341463414664,0.010780487804878058,-0.0853658536585371,-0.34146341463414664
41800115,1610612761,1,1610612753,2018-19,0.7073170731707317,6.085365853658536,114.4390243902439,108.35365853658537,33.792682926829265,0.3651829268292683,45.19512195121951,13.329268292682928,0.5121951219512195,0.7073170731707317,107.3170731707317,106.60975609756098,32.109756097560975,0.35691463414634145,45.41463414634146,12.634146341463415,0.5,0.19512195121951215,5.378048780487805,7.121951219512198,1.7439024390243958,1.6829268292682897,0.008268292682926837,-0.21951219512195053,0.6951219512195124
41800155,1610612743,1,1610612759,2018-19,0.6585365853658537,3.9365853658536585,110.67073170731707,106.71951219512195,31.353658536585368,0.3497073170731707,46.390243902439025,12.853658536585366,0.5853658536585366,1.6829268292682926,111.65853658536585,109.97560975609755,25.25609756097561,0.3966707317073171,44.71951219512195,11.817073170731707,0.5,0.07317073170731714,2.253658536585366,-0.9878048780487774,-3.256097560975604,6.097560975609756,-0.04696341463414638,1.6707317073170742,1.036585365853659
41800174,1610612762,1,1610612745,2018-19,0.6097560975609756,5.326829268292683,111.71951219512195,106.46341463414635,34.01219512195122,0.3545,46.353658536585364,14.75609756097561,0.6463414634146342,5.0,113.91463414634147,109.14634146341463,45.3780487804878,0.35363414634146345,42.0609756097561,12.658536585365853,0.5,-0.03658536585365857,0.3268292682926832,-2.1951219512195195,-2.6829268292682826,-11.36585365853658,0.0008658536585365306,4.292682926829265,2.097560975609756
41800104,1610612765,0,1610612749,2018-19,0.5,-0.18536585365853658,107.04878048780488,107.29268292682927,34.80487804878049,0.345780487804878,44.97560975609756,12.951219512195122,0.7317073170731707,8.856097560975611,118.1219512195122,109.2560975609756,38.21951219512195,0.3532439024390244,49.73170731707317,13.25609756097561,0.0,-0.23170731707317072,-9.041463414634148,-11.073170731707322,-1.963414634146332,-3.414634146341463,-0.007463414634146404,-4.756097560975611,-0.30487804878048763
41800134,1610612754,0,1610612738,2018-19,0.5853658536585366,3.3292682926829267,108.01219512195122,104.6829268292683,25.378048780487806,0.3723658536585366,43.02439024390244,13.292682926829269,0.5975609756097561,4.439024390243903,112.39024390243902,107.95121951219512,34.5,0.3630121951219512,44.548780487804876,12.426829268292684,0.25,-0.012195121951219523,-1.1097560975609762,-4.378048780487802,-3.268292682926827,-9.121951219512194,0.009353658536585374,-1.5243902439024382,0.8658536585365848
41800164,1610612760,0,1610612757,2018-19,0.5975609756097561,3.3756097560975613,114.47560975609755,111.07317073170732,32.646341463414636,0.35132926829268296,48.073170731707314,13.646341463414634,0.6463414634146342,4.195121951219512,114.65853658536585,110.46341463414635,30.73170731707317,0.362109756097561,47.98780487804878,13.304878048780488,1.0,-0.04878048780487809,-0.8195121951219511,-0.18292682926829684,0.6097560975609753,1.9146341463414664,-0.010780487804878058,0.0853658536585371,0.34146341463414664
41800144,1610612746,0,1610612744,2018-19,0.5853658536585366,0.578048780487805,115.14634146341463,114.29268292682927,25.829268292682926,0.38753658536585367,45.51219512195122,13.804878048780488,0.6951219512195121,6.346341463414634,117.6829268292683,111.21951219512195,34.4390243902439,0.3845,46.18292682926829,13.75609756097561,0.25,-0.1097560975609756,-5.768292682926829,-2.536585365853668,3.0731707317073216,-8.609756097560975,0.0030365853658536612,-0.6707317073170671,0.04878048780487809
41800114,1610612753,0,1610612761,2018-19,0.5121951219512195,0.7073170731707317,107.3170731707317,106.60975609756098,32.109756097560975,0.35691463414634145,45.41463414634146,12.634146341463415,0.7073170731707317,6.085365853658536,114.4390243902439,108.35365853658537,33.792682926829265,0.3651829268292683,45.19512195121951,13.329268292682928,0.5,-0.19512195121951215,-5.378048780487805,-7.121951219512198,-1.7439024390243958,-1.6829268292682897,-0.008268292682926837,0.21951219512195053,-0.6951219512195124
41800173,1610612762,0,1610612745,2018-19,0.6097560975609756,5.326829268292683,111.71951219512195,106.46341463414635,34.01219512195122,0.3545,46.353658536585364,14.75609756097561,0.6463414634146342,5.0,113.91463414634147,109.14634146341463,45.3780487804878,0.35363414634146345,42.0609756097561,12.658536585365853,0.5,-0.03658536585365857,0.3268292682926832,-2.1951219512195195,-2.6829268292682826,-11.36585365853658,0.0008658536585365306,4.292682926829265,2.097560975609756
41800124,1610612751,0,1610612755,2018-19,0.5121951219512195,0.07804878048780486,112.2439024390244,112.3170731707317,36.15853658536585,0.3527804878048781,46.573170731707314,14.402439024390244,0.6219512195121951,2.6951219512195124,115.1829268292683,112.48780487804878,30.170731707317074,0.3589390243902439,47.76829268292683,14.463414634146341,0.5,-0.1097560975609756,-2.6170731707317074,-2.939024390243901,-0.1707317073170742,5.987804878048777,-0.006158536585365804,-1.1951219512195124,-0.06097560975609717
41800154,1610612759,0,1610612743,2018-19,0.5853658536585366,1.6829268292682926,111.65853658536585,109.97560975609755,25.25609756097561,0.3966707317073171,44.71951219512195,11.817073170731707,0.6585365853658537,3.9365853658536585,110.67073170731707,106.71951219512195,31.353658536585368,0.3497073170731707,46.390243902439025,12.853658536585366,0.5,-0.07317073170731714,-2.253658536585366,0.9878048780487774,3.256097560975604,-6.097560975609756,0.04696341463414638,-1.6707317073170742,-1.036585365853659
41800103,1610612765,0,1610612749,2018-19,0.5,-0.18536585365853658,107.04878048780488,107.29268292682927,34.80487804878049,0.345780487804878,44.97560975609756,12.951219512195122,0.7317073170731707,8.856097560975611,118.1219512195122,109.2560975609756,38.21951219512195,0.3532439024390244,49.73170731707317,13.25609756097561,0.0,-0.23170731707317072,-9.041463414634148,-11.073170731707322,-1.963414634146332,-3.414634146341463,-0.007463414634146404,-4.756097560975611,-0.30487804878048763
41800133,1610612754,0,1610612738,2018-19,0.5853658536585366,3.3292682926829267,108.01219512195122,104.6829268292683,25.378048780487806,0.3723658536585366,43.02439024390244,13.292682926829269,0.5975609756097561,4.439024390243903,112.39024390243902,107.95121951219512,34.5,0.3630121951219512,44.548780487804876,12.426829268292684,0.25,-0.012195121951219523,-1.1097560975609762,-4.378048780487802,-3.268292682926827,-9.121951219512194,0.009353658536585374,-1.5243902439024382,0.8658536585365848
41800113,1610612753,0,1610612761,2018-19,0.5121951219512195,0.7073170731707317,107.3170731707317,106.60975609756098,32.109756097560975,0.35691463414634145,45.41463414634146,12.634146341463415,0.7073170731707317,6.085365853658536,114.4390243902439,108.35365853658537,33.792682926829265,0.3651829268292683,45.19512195121951,13.329268292682928,0.5,-0.19512195121951215,-5.378048780487805,-7.121951219512198,-1.7439024390243958,-1.6829268292682897,-0.008268292682926837,0.21951219512195053,-0.6951219512195124
41800163,1610612760,1,1610612757,2018-19,0.5975609756097561,3.3756097560975613,114.47560975609755,111.07317073170732,32.646341463414636,0.35132926829268296,48.073170731707314,13.646341463414634,0.6463414634146342,4.195121951219512,114.65853658536585,110.46341463414635,30.73170731707317,0.362109756097561,47.98780487804878,13.304878048780488,1.0,-0.04878048780487809,-0.8195121951219511,-0.18292682926829684,0.6097560975609753,1.9146341463414664,-0.010780487804878058,0.0853658536585371,0.34146341463414664
41800143,1610612746,0,1610612744,2018-19,0.5853658536585366,0.578048780487805,115.14634146341463,114.29268292682927,25.829268292682926,0.38753658536585367,45.51219512195122,13.804878048780488,0.6951219512195121,6.346341463414634,117.6829268292683,111.21951219512195,34.4390243902439,0.3845,46.18292682926829,13.75609756097561,0.25,-0.1097560975609756,-5.768292682926829,-2.536585365853668,3.0731707317073216,-8.609756097560975,0.0030365853658536612,-0.6707317073170671,0.04878048780487809
41800123,1610612751,0,1610612755,2018-19,0.5121951219512195,0.07804878048780486,112.2439024390244,112.3170731707317,36.15853658536585,0.3527804878048781,46.573170731707314,14.402439024390244,0.6219512195121951,2.6951219512195124,115.1829268292683,112.48780487804878,30.170731707317074,0.3589390243902439,47.76829268292683,14.463414634146341,0.5,-0.1097560975609756,-2.6170731707317074,-2.939024390243901,-0.1707317073170742,5.987804878048777,-0.006158536585365804,-1.1951219512195124,-0.06097560975609717
41800153,1610612759,1,1610612743,2018-19,0.5853658536585366,1.6829268292682926,111.65853658536585,109.97560975609755,25.25609756097561,0.3966707317073171,44.71951219512195,11.817073170731707,0.6585365853658537,3.9365853658536585,110.67073170731707,106.71951219512195,31.353658536585368,0.3497073170731707,46.390243902439025,12.853658536585366,0.5,-0.07317073170731714,-2.253658536585366,0.9878048780487774,3.256097560975604,-6.097560975609756,0.04696341463414638,-1.6707317073170742,-1.036585365853659
41800172,1610612745,1,1610612762,2018-19,0.6463414634146342,5.0,113.91463414634147,109.14634146341463,45.3780487804878,0.35363414634146345,42.0609756097561,12.658536585365853,0.6097560975609756,5.326829268292683,111.71951219512195,106.46341463414635,34.01219512195122,0.3545,46.353658536585364,14.75609756097561,0.5,0.03658536585365857,-0.3268292682926832,2.1951219512195195,2.6829268292682826,11.36585365853658,-0.0008658536585365306,-4.292682926829265,-2.097560975609756
41800132,1610612738,1,1610612754,2018-19,0.5975609756097561,4.439024390243903,112.39024390243902,107.95121951219512,34.5,0.3630121951219512,44.548780487804876,12.426829268292684,0.5853658536585366,3.3292682926829267,108.01219512195122,104.6829268292683,25.378048780487806,0.3723658536585366,43.02439024390244,13.292682926829269,0.75,0.012195121951219523,1.1097560975609762,4.378048780487802,3.268292682926827,9.121951219512194,-0.009353658536585374,1.5243902439024382,-0.8658536585365848
41800102,1610612749,1,1610612765,2018-19,0.7317073170731707,8.856097560975611,118.1219512195122,109.2560975609756,38.21951219512195,0.3532439024390244,49.73170731707317,13.25609756097561,0.5,-0.18536585365853658,107.04878048780488,107.29268292682927,34.80487804878049,0.345780487804878,44.97560975609756,12.951219512195122,1.0,0.23170731707317072,9.041463414634148,11.073170731707322,1.963414634146332,3.414634146341463,0.007463414634146404,4.756097560975611,0.30487804878048763
41800112,1610612761,1,1610612753,2018-19,0.7073170731707317,6.085365853658536,114.4390243902439,108.35365853658537,33.792682926829265,0.3651829268292683,45.19512195121951,13.329268292682928,0.5121951219512195,0.7073170731707317,107.3170731707317,106.60975609756098,32.109756097560975,0.35691463414634145,45.41463414634146,12.634146341463415,0.5,0.19512195121951215,5.378048780487805,7.121951219512198,1.7439024390243958,1.6829268292682897,0.008268292682926837,-0.21951219512195053,0.6951219512195124
41800152,1610612743,1,1610612759,2018-19,0.6585365853658537,3.9365853658536585,110.67073170731707,106.71951219512195,31.353658536585368,0.3497073170731707,46.390243902439025,12.853658536585366,0.5853658536585366,1.6829268292682926,111.65853658536585,109.97560975609755,25.25609756097561,0.3966707317073171,44.71951219512195,11.817073170731707,0.5,0.07317073170731714,2.253658536585366,-0.9878048780487774,-3.256097560975604,6.097560975609756,-0.04696341463414638,1.6707317073170742,1.036585365853659
41800162,1610612757,1,1610612760,2018-19,0.6463414634146342,4.195121951219512,114.65853658536585,110.46341463414635,30.73170731707317,0.362109756097561,47.98780487804878,13.304878048780488,0.5975609756097561,3.3756097560975613,114.47560975609755,111.07317073170732,32.646341463414636,0.35132926829268296,48.073170731707314,13.646341463414634,0.0,0.04878048780487809,0.8195121951219511,0.18292682926829684,-0.6097560975609753,-1.9146341463414664,0.010780487804878058,-0.0853658536585371,-0.34146341463414664
41800142,1610612744,0,1610612746,2018-19,0.6951219512195121,6.346341463414634,117.6829268292683,111.21951219512195,34.4390243902439,0.3845,46.18292682926829,13.75609756097561,0.5853658536585366,0.578048780487805,115.14634146341463,114.29268292682927,25.829268292682926,0.38753658536585367,45.51219512195122,13.804878048780488,0.75,0.1097560975609756,5.768292682926829,2.536585365853668,-3.0731707317073216,8.609756097560975,-0.0030365853658536612,0.6707317073170671,-0.04878048780487809
41800122,1610612755,1,1610612751,2018-19,0.6219512195121951,2.6951219512195124,115.1829268292683,112.48780487804878,30.170731707317074,0.3589390243902439,47.76829268292683,14.463414634146341,0.5121951219512195,0.07804878048780486,112.2439024390244,112.3170731707317,36.15853658536585,0.3527804878048781,46.573170731707314,14.402439024390244,0.5,0.1097560975609756,2.6170731707317074,2.939024390243901,0.1707317073170742,-5.987804878048777,0.006158536585365804,1.1951219512195124,0.06097560975609717
41800131,1610612738,1,1610612754,2018-19,0.5975609756097561,4.439024390243903,112.39024390243902,107.95121951219512,34.5,0.3630121951219512,44.548780487804876,12.426829268292684,0.5853658536585366,3.3292682926829267,108.01219512195122,104.6829268292683,25.378048780487806,0.3723658536585366,43.02439024390244,13.292682926829269,0.75,0.012195121951219523,1.1097560975609762,4.378048780487802,3.268292682926827,9.121951219512194,-0.009353658536585374,1.5243902439024382,-0.8658536585365848
41800161,1610612757,1,1610612760,2018-19,0.6463414634146342,4.195121951219512,114.65853658536585,110.46341463414635,30.73170731707317,0.362109756097561,47.98780487804878,13.304878048780488,0.5975609756097561,3.3756097560975613,114.47560975609755,111.07317073170732,32.646341463414636,0.35132926829268296,48.073170731707314,13.646341463414634,0.0,0.04878048780487809,0.8195121951219511,0.18292682926829684,-0.6097560975609753,-1.9146341463414664,0.010780487804878058,-0.0853658536585371,-0.34146341463414664
41800171,1610612745,1,1610612762,2018-19,0.6463414634146342,5.0,113.91463414634147,109.14634146341463,45.3780487804878,0.35363414634146345,42.0609756097561,12.658536585365853,0.6097560975609756,5.326829268292683,111.71951219512195,106.46341463414635,34.01219512195122,0.3545,46.353658536585364,14.75609756097561,0.5,0.03658536585365857,-0.3268292682926832,2.1951219512195195,2.6829268292682826,11.36585365853658,-0.0008658536585365306,-4.292682926829265,-2.097560975609756
41800101,1610612749,1,1610612765,2018-19,0.7317073170731707,8.856097560975611,118.1219512195122,109.2560975609756,38.21951219512195,0.3532439024390244,49.73170731707317,13.25609756097561,0.5,-0.18536585365853658,107.04878048780488,107.29268292682927,34.80487804878049,0.345780487804878,44.97560975609756,12.951219512195122,1.0,0.23170731707317072,9.041463414634148,11.073170731707322,1.963414634146332,3.414634146341463,0.007463414634146404,4.756097560975611,0.30487804878048763
41800141,1610612744,1,1610612746,2018-19,0.6951219512195121,6.346341463414634,117.6829268292683,111.21951219512195,34.4390243902439,0.3845,46.18292682926829,13.75609756097561,0.5853658536585366,0.578048780487805,115.14634146341463,114.29268292682927,25.829268292682926,0.38753658536585367,45.51219512195122,13.804878048780488,0.75,0.1097560975609756,5.768292682926829,2.536585365853668,-3.0731707317073216,8.609756097560975,-0.0030365853658536612,0.6707317073170671,-0.04878048780487809
41800121,1610612755,0,1610612751,2018-19,0.6219512195121951,2.6951219512195124,115.1829268292683,112.48780487804878,30.170731707317074,0.3589390243902439,47.76829268292683,14.463414634146341,0.5121951219512195,0.07804878048780486,112.2439024390244,112.3170731707317,36.15853658536585,0.3527804878048781,46.573170731707314,14.402439024390244,0.5,0.1097560975609756,2.6170731707317074,2.939024390243901,0.1707317073170742,-5.987804878048777,0.006158536585365804,1.1951219512195124,0.06097560975609717
41800111,1610612761,0,1610612753,2018-19,0.7073170731707317,6.085365853658536,114.4390243902439,108.35365853658537,33.792682926829265,0.3651829268292683,45.19512195121951,13.329268292682928,0.5121951219512195,0.7073170731707317,107.3170731707317,106.60975609756098,32.109756097560975,0.35691463414634145,45.41463414634146,12.634146341463415,0.5,0.19512195121951215,5.378048780487805,7.121951219512198,1.7439024390243958,1.6829268292682897,0.008268292682926837,-0.21951219512195053,0.6951219512195124
41800151,1610612743,0,1610612759,2018-19,0.6585365853658537,3.9365853658536585,110.67073170731707,106.71951219512195,31.353658536585368,0.3497073170731707,46.390243902439025,12.853658536585366,0.5853658536585366,1.6829268292682926,111.65853658536585,109.97560975609755,25.25609756097561,0.3966707317073171,44.71951219512195,11.817073170731707,0.5,0.07317073170731714,2.253658536585366,-0.9878048780487774,-3.256097560975604,6.097560975609756,-0.04696341463414638,1.6707317073170742,1.036585365853659
42000406,1610612749,1,1610612756,2020-21,0.6388888888888888,5.888888888888889,120.125,114.23611111111111,37.06944444444444,0.38581944444444444,48.125,13.38888888888889,0.7083333333333334,5.819444444444445,115.27777777777777,109.45833333333333,34.583333333333336,0.3773333333333333,42.94444444444444,12.0,0.0,-0.06944444444444453,0.06944444444444464,4.8472222222222285,4.777777777777786,2.486111111111107,0.008486111111111139,5.180555555555557,1.3888888888888893
42000405,1610612756,0,1610612749,2020-21,0.7083333333333334,5.819444444444445,115.27777777777777,109.45833333333333,34.583333333333336,0.3773333333333333,42.94444444444444,12.0,0.6388888888888888,5.888888888888889,120.125,114.23611111111111,37.06944444444444,0.38581944444444444,48.125,13.38888888888889,1.0,0.06944444444444453,-0.06944444444444464,-4.8472222222222285,-4.777777777777786,-2.486111111111107,-0.008486111111111139,-5.180555555555557,-1.3888888888888893
42000404,1610612749,1,1610612756,2020-21,0.6388888888888888,5.888888888888889,120.125,114.23611111111111,37.06944444444444,0.38581944444444444,48.125,13.38888888888889,0.7083333333333334,5.819444444444445,115.27777777777777,109.45833333333333,34.583333333333336,0.3773333333333333,42.94444444444444,12.0,0.0,-0.06944444444444453,0.06944444444444464,4.8472222222222285,4.777777777777786,2.486111111111107,0.008486111111111139,5.180555555555557,1.3888888888888893
42000403,1610612749,1,1610612756,2020-21,0.6388888888888888,5.888888888888889,120.125,114.23611111111111,37.06944444444444,0.38581944444444444,48.125,13.38888888888889,0.7083333333333334,5.819444444444445,115.27777777777777,109.45833333333333,34.583333333333336,0.3773333333333333,42.94444444444444,12.0,0.0,-0.06944444444444453,0.06944444444444464,4.8472222222222285,4.777777777777786,2.486111111111107,0.008486111111111139,5.180555555555557,1.3888888888888893
42000402,1610612756,1,1610612749,2020-21,0.7083333333333334,5.819444444444445,115.27777777777777,109.45833333333333,34.583333333333336,0.3773333333333333,42.94444444444444,12.0,0.6388888888888888,5.888888888888889,120.125,114.23611111111111,37.06944444444444,0.38581944444444444,48.125,13.38888888888889,1.0,0.06944444444444453,-0.06944444444444464,-4.8472222222222285,-4.777777777777786,-2.486111111111107,-0.008486111111111139,-5.180555555555557,-1.3888888888888893
42000401,1610612756,1,1610612749,2020-21,0.7083333333333334,5.819444444444445,115.27777777777777,109.45833333333333,34.583333333333336,0.3773333333333333,42.94444444444444,12.0,0.6388888888888888,5.888888888888889,120.125,114.23611111111111,37.06944444444444,0.38581944444444444,48.125,13.38888888888889,1.0,0.06944444444444453,-0.06944444444444464,-4.8472222222222285,-4.777777777777786,-2.486111111111107,-0.008486111111111139,-5.180555555555557,-1.3888888888888893
42000306,1610612737,0,1610612749,2020-21,0.5694444444444444,2.363888888888889,113.69444444444444,111.375,33.361111111111114,0.37019444444444444,45.625,12.694444444444445,0.6388888888888888,5.888888888888889,120.125,114.23611111111111,37.06944444444444,0.38581944444444444,48.125,13.38888888888889,0.3333333333333333,-0.06944444444444442,-3.5250000000000004,-6.430555555555557,-2.8611111111111143,-3.7083333333333286,-0.015625,-2.5,-0.6944444444444446
42000305,1610612749,1,1610612737,2020-21,0.6388888888888888,5.888888888888889,120.125,114.23611111111111,37.06944444444444,0.38581944444444444,48.125,13.38888888888889,0.5694444444444444,2.363888888888889,113.69444444444444,111.375,33.361111111111114,0.37019444444444444,45.625,12.694444444444445,0.6666666666666666,0.06944444444444442,3.5250000000000004,6.430555555555557,2.8611111111111143,3.7083333333333286,0.015625,2.5,0.6944444444444446
42000316,1610612746,0,1610612756,2020-21,0.6527777777777778,6.180555555555555,114.01388888888889,107.83333333333333,34.69444444444444,0.41255555555555556,44.15277777777778,12.416666666666666,0.7083333333333334,5.819444444444445,115.27777777777777,109.45833333333333,34.583333333333336,0.3773333333333333,42.94444444444444,12.0,0.6666666666666666,-0.05555555555555558,0.3611111111111107,-1.2638888888888857,-1.625,0.11111111111110716,0.035222222222222266,1.2083333333333357,0.4166666666666661
42000304,1610612737,1,1610612749,2020-21,0.5694444444444444,2.363888888888889,113.69444444444444,111.375,33.361111111111114,0.37019444444444444,45.625,12.694444444444445,0.6388888888888888,5.888888888888889,120.125,114.23611111111111,37.06944444444444,0.38581944444444444,48.125,13.38888888888889,0.3333333333333333,-0.06944444444444442,-3.5250000000000004,-6.430555555555557,-2.8611111111111143,-3.7083333333333286,-0.015625,-2.5,-0.6944444444444446
42000315,1610612756,0,1610612746,2020-21,0.7083333333333334,5.819444444444445,115.27777777777777,109.45833333333333,34.583333333333336,0.3773333333333333,42.94444444444444,12.0,0.6527777777777778,6.180555555555555,114.01388888888889,107.83333333333333,34.69444444444444,0.41255555555555556,44.15277777777778,12.416666666666666,0.3333333333333333,0.05555555555555558,-0.3611111111111107,1.2638888888888857,1.625,-0.11111111111110716,-0.035222222222222266,-1.2083333333333357,-0.4166666666666661
42000303,1610612737,0,1610612749,2020-21,0.5694444444444444,2.363888888888889,113.69444444444444,111.375,33.361111111111114,0.37019444444444444,45.625,12.694444444444445,0.6388888888888888,5.888888888888889,120.125,114.23611111111111,37.06944444444444,0.38581944444444444,48.125,13.38888888888889,0.3333333333333333,-0.06944444444444442,-3.5250000000000004,-6.430555555555557,-2.8611111111111143,-3.7083333333333286,-0.015625,-2.5,-0.6944444444444446
42000314,1610612746,0,1610612756,2020-21,0.6527777777777778,6.180555555555555,114.01388888888889,107.83333333333333,34.69444444444444,0.41255555555555556,44.15277777777778,12.416666666666666,0.7083333333333334,5.819444444444445,115.27777777777777,109.45833333333333,34.583333333333336,0.3773333333333333,42.94444444444444,12.0,0.6666666666666666,-0.05555555555555558,0.3611111111111107,-1.2638888888888857,-1.625,0.11111111111110716,0.035222222222222266,1.2083333333333357,0.4166666666666661
42000302,1610612749,1,1610612737,2020-21,0.6388888888888888,5.888888888888889,120.125,114.23611111111111,37.06944444444444,0.38581944444444444,48.125,13.38888888888889,0.5694444444444444,2.363888888888889,113.69444444444444,111.375,33.361111111111114,0.37019444444444444,45.625,12.694444444444445,0.6666666666666666,0.06944444444444442,3.5250000000000004,6.430555555555557,2.8611111111111143,3.7083333333333286,0.015625,2.5,0.6944444444444446
42000313,1610612746,1,1610612756,2020-21,0.6527777777777778,6.180555555555555,114.01388888888889,107.83333333333333,34.69444444444444,0.41255555555555556,44.15277777777778,12.416666666666666,0.7083333333333334,5.819444444444445,115.27777777777777,109.45833333333333,34.583333333333336,0.3773333333333333,42.94444444444444,12.0,0.6666666666666666,-0.05555555555555558,0.3611111111111107,-1.2638888888888857,-1.625,0.11111111111110716,0.035222222222222266,1.2083333333333357,0.4166666666666661
42000301,1610612749,0,1610612737,2020-21,0.6388888888888888,5.888888888888889,120.125,114.23611111111111,37.06944444444444,0.38581944444444444,48.125,13.38888888888889,0.5694444444444444,2.363888888888889,113.69444444444444,111.375,33.361111111111114,0.37019444444444444,45.625,12.694444444444445,0.6666666666666666,0.06944444444444442,3.5250000000000004,6.430555555555557,2.8611111111111143,3.7083333333333286,0.015625,2.5,0.6944444444444446
42000312,1610612756,1,1610612746,2020-21,0.7083333333333334,5.819444444444445,115.27777777777777,109.45833333333333,34.583333333333336,0.3773333333333333,42.94444444444444,12.0,0.6527777777777778,6.180555555555555,114.01388888888889,107.83333333333333,34.69444444444444,0.41255555555555556,44.15277777777778,12.416666666666666,0.3333333333333333,0.05555555555555558,-0.3611111111111107,1.2638888888888857,1.625,-0.11111111111110716,-0.035222222222222266,-1.2083333333333357,-0.4166666666666661
42000207,1610612755,0,1610612737,2020-21,0.6805555555555556,5.605555555555556,113.63888888888889,108.05555555555556,30.125,0.376,45.05555555555556,13.73611111111111,0.5694444444444444,2.363888888888889,113.69444444444444,111.375,33.361111111111114,0.37019444444444444,45.625,12.694444444444445,0.6666666666666666,0.11111111111111116,3.241666666666667,-0.055555555555557135,-3.319444444444443,-3.2361111111111143,0.005805555555555564,-0.5694444444444429,1.041666666666666
42000311,1610612756,1,1610612746,2020-21,0.7083333333333334,5.819444444444445,115.27777777777777,109.45833333333333,34.583333333333336,0.3773333333333333,42.94444444444444,12.0,0.6527777777777778,6.180555555555555,114.01388888888889,107.83333333333333,34.69444444444444,0.41255555555555556,44.15277777777778,12.416666666666666,0.3333333333333333,0.05555555555555558,-0.3611111111111107,1.2638888888888857,1.625,-0.11111111111110716,-0.035222222222222266,-1.2083333333333357,-0.4166666666666661
42000217,1610612751,0,1610612749,2020-21,0.6666666666666666,4.5,118.56944444444444,114.06944444444444,36.111111111111114,0.3890277777777778,44.43055555555556,13.11111111111111,0.6388888888888888,5.888888888888889,120.125,114.23611111111111,37.06944444444444,0.38581944444444444,48.125,13.38888888888889,0.3333333333333333,0.02777777777777779,-1.3888888888888893,-1.5555555555555571,-0.1666666666666714,-0.9583333333333286,0.0032083333333333686,-3.694444444444443,-0.27777777777777857
42000206,1610612737,0,1610612755,2020-21,0.5694444444444444,2.363888888888889,113.69444444444444,111.375,33.361111111111114,0.37019444444444444,45.625,12.694444444444445,0.6805555555555556,5.605555555555556,113.63888888888889,108.05555555555556,30.125,0.376,45.05555555555556,13.73611111111111,0.3333333333333333,-0.11111111111111116,-3.241666666666667,0.055555555555557135,3.319444444444443,3.2361111111111143,-0.005805555555555564,0.5694444444444429,-1.041666666666666
42000226,1610612746,1,1610612762,2020-21,0.6527777777777778,6.180555555555555,114.01388888888889,107.83333333333333,34.69444444444444,0.41255555555555556,44.15277777777778,12.416666666666666,0.7222222222222222,9.219444444444443,116.41666666666667,107.16666666666667,43.02777777777778,0.3877777777777778,48.25,13.51388888888889,0.3333333333333333,-0.06944444444444442,-3.038888888888888,-2.4027777777777857,0.6666666666666572,-8.333333333333336,0.024777777777777787,-4.097222222222221,-1.0972222222222232
42000216,1610612749,1,1610612751,2020-21,0.6388888888888888,5.888888888888889,120.125,114.23611111111111,37.06944444444444,0.38581944444444444,48.125,13.38888888888889,0.6666666666666666,4.5,118.56944444444444,114.06944444444444,36.111111111111114,0.3890277777777778,44.43055555555556,13.11111111111111,0.6666666666666666,-0.02777777777777779,1.3888888888888893,1.5555555555555571,0.1666666666666714,0.9583333333333286,-0.0032083333333333686,3.694444444444443,0.27777777777777857
42000205,1610612755,0,1610612737,2020-21,0.6805555555555556,5.605555555555556,113.63888888888889,108.05555555555556,30.125,0.376,45.05555555555556,13.73611111111111,0.5694444444444444,2.363888888888889,113.69444444444444,111.375,33.361111111111114,0.37019444444444444,45.625,12.694444444444445,0.6666666666666666,0.11111111111111116,3.241666666666667,-0.055555555555557135,-3.319444444444443,-3.2361111111111143,0.005805555555555564,-0.5694444444444429,1.041666666666666
42000225,1610612762,0,1610612746,2020-21,0.7222222222222222,9.219444444444443,116.41666666666667,107.16666666666667,43.02777777777778,0.3877777777777778,48.25,13.51388888888889,0.6527777777777778,6.180555555555555,114.01388888888889,107.83333333333333,34.69444444444444,0.41255555555555556,44.15277777777778,12.416666666666666,0.6666666666666666,0.06944444444444442,3.038888888888888,2.4027777777777857,-0.6666666666666572,8.333333333333336,-0.024777777777777787,4.097222222222221,1.0972222222222232
42000215,1610612751,1,1610612749,2020-21,0.6666666666666666,4.5,118.56944444444444,114.06944444444444,36.111111111111114,0.3890277777777778,44.43055555555556,13.11111111111111,0.6388888888888888,5.888888888888889,120.125,114.23611111111111,37.06944444444444,0.38581944444444444,48.125,13.38888888888889,0.3333333333333333,0.02777777777777779,-1.3888888888888893,-1.5555555555555571,-0.1666666666666714,-0.9583333333333286,0.0032083333333333686,-3.694444444444443,-0.27777777777777857
42000224,1610612746,1,1610612762,2020-21,0.6527777777777778,6.180555555555555,114.01388888888889,107.83333333333333,34.69444444444444,0.41255555555555556,44.15277777777778,12.416666666666666,0.7222222222222222,9.219444444444443,116.41666666666667,107.16666666666667,43.02777777777778,0.3877777777777778,48.25,13.51388888888889,0.3333333333333333,-0.06944444444444442,-3.038888888888888,-2.4027777777777857,0.6666666666666572,-8.333333333333336,0.024777777777777787,-4.097222222222221,-1.0972222222222232
42000204,1610612737,1,1610612755,2020-21,0.5694444444444444,2.363888888888889,113.69444444444444,111.375,33.361111111111114,0.37019444444444444,45.625,12.694444444444445,0.6805555555555556,5.605555555555556,113.63888888888889,108.05555555555556,30.125,0.376,45.05555555555556,13.73611111111111,0.3333333333333333,-0.11111111111111116,-3.241666666666667,0.055555555555557135,3.319444444444443,3.2361111111111143,-0.005805555555555564,0.5694444444444429,-1.041666666666666
42000214,1610612749,1,1610612751,2020-21,0.6388888888888888,5.888888888888889,120.125,114.23611111111111,37.06944444444444,0.38581944444444444,48.125,13.38888888888889,0.6666666666666666,4.5,118.56944444444444,114.06944444444444,36.111111111111114,0.3890277777777778,44.43055555555556,13.11111111111111,0.6666666666666666,-0.02777777777777779,1.3888888888888893,1.5555555555555571,0.1666666666666714,0.9583333333333286,-0.0032083333333333686,3.694444444444443,0.27777777777777857
42000234,1610612743,0,1610612756,2020-21,0.6527777777777778,4.930555555555555,115.05555555555556,110.125,34.19444444444444,0.3777916666666667,44.44444444444444,12.819444444444445,0.7083333333333334,5.819444444444445,115.27777777777777,109.45833333333333,34.583333333333336,0.3773333333333333,42.94444444444444,12.0,0.6666666666666666,-0.05555555555555558,-0.8888888888888893,-0.22222222222221433,0.6666666666666714,-0.38888888888889284,0.0004583333333333939,1.5,0.8194444444444446
42000223,1610612746,1,1610612762,2020-21,0.6527777777777778,6.180555555555555,114.01388888888889,107.83333333333333,34.69444444444444,0.41255555555555556,44.15277777777778,12.416666666666666,0.7222222222222222,9.219444444444443,116.41666666666667,107.16666666666667,43.02777777777778,0.3877777777777778,48.25,13.51388888888889,0.3333333333333333,-0.06944444444444442,-3.038888888888888,-2.4027777777777857,0.6666666666666572,-8.333333333333336,0.024777777777777787,-4.097222222222221,-1.0972222222222232
42000203,1610612737,0,1610612755,2020-21,0.5694444444444444,2.363888888888889,113.69444444444444,111.375,33.361111111111114,0.37019444444444444,45.625,12.694444444444445,0.6805555555555556,5.605555555555556,113.63888888888889,108.05555555555556,30.125,0.376,45.05555555555556,13.73611111111111,0.3333333333333333,-0.11111111111111116,-3.241666666666667,0.055555555555557135,3.319444444444443,3.2361111111111143,-0.005805555555555564,0.5694444444444429,-1.041666666666666
42000233,1610612743,0,1610612756,2020-21,0.6527777777777778,4.930555555555555,115.05555555555556,110.125,34.19444444444444,0.3777916666666667,44.44444444444444,12.819444444444445,0.7083333333333334,5.819444444444445,115.27777777777777,109.45833333333333,34.583333333333336,0.3773333333333333,42.94444444444444,12.0,0.6666666666666666,-0.05555555555555558,-0.8888888888888893,-0.22222222222221433,0.6666666666666714,-0.38888888888889284,0.0004583333333333939,1.5,0.8194444444444446
42000213,1610612749,1,1610612751,2020-21,0.6388888888888888,5.888888888888889,120.125,114.23611111111111,37.06944444444444,0.38581944444444444,48.125,13.38888888888889,0.6666666666666666,4.5,118.56944444444444,114.06944444444444,36.111111111111114,0.3890277777777778,44.43055555555556,13.11111111111111,0.6666666666666666,-0.02777777777777779,1.3888888888888893,1.5555555555555571,0.1666666666666714,0.9583333333333286,-0.0032083333333333686,3.694444444444443,0.27777777777777857
42000222,1610612762,1,1610612746,2020-21,0.7222222222222222,9.219444444444443,116.41666666666667,107.16666666666667,43.02777777777778,0.3877777777777778,48.25,13.51388888888889,0.6527777777777778,6.180555555555555,114.01388888888889,107.83333333333333,34.69444444444444,0.41255555555555556,44.15277777777778,12.416666666666666,0.6666666666666666,0.06944444444444442,3.038888888888888,2.4027777777777857,-0.6666666666666572,8.333333333333336,-0.024777777777777787,4.097222222222221,1.0972222222222232
42000232,1610612756,1,1610612743,2020-21,0.7083333333333334,5.819444444444445,115.27777777777777,109.45833333333333,34.583333333333336,0.3773333333333333,42.94444444444444,12.0,0.6527777777777778,4.930555555555555,115.05555555555556,110.125,34.19444444444444,0.3777916666666667,44.44444444444444,12.819444444444445,0.3333333333333333,0.05555555555555558,0.8888888888888893,0.22222222222221433,-0.6666666666666714,0.38888888888889284,-0.0004583333333333939,-1.5,-0.8194444444444446
42000221,1610612762,1,1610612746,2020-21,0.7222222222222222,9.219444444444443,116.41666666666667,107.16666666666667,43.02777777777778,0.3877777777777778,48.25,13.51388888888889,0.6527777777777778,6.180555555555555,114.01388888888889,107.83333333333333,34.69444444444444,0.41255555555555556,44.15277777777778,12.416666666666666,0.6666666666666666,0.06944444444444442,3.038888888888888,2.4027777777777857,-0.6666666666666572,8.333333333333336,-0.024777777777777787,4.097222222222221,1.0972222222222232
42000202,1610612755,1,1610612737,2020-21,0.6805555555555556,5.605555555555556,113.63888888888889,108.05555555555556,30.125,0.376,45.05555555555556,13.73611111111111,0.5694444444444444,2.363888888888889,113.69444444444444,111.375,33.361111111111114,0.37019444444444444,45.625,12.694444444444445,0.6666666666666666,0.11111111111111116,3.241666666666667,-0.055555555555557135,-3.319444444444443,-3.2361111111111143,0.005805555555555564,-0.5694444444444429,1.041666666666666
42000231,1610612756,1,1610612743,2020-21,0.7083333333333334,5.819444444444445,115.27777777777777,109.45833333333333,34.583333333333336,0.3773333333333333,42.94444444444444,12.0,0.6527777777777778,4.930555555555555,115.05555555555556,110.125,34.19444444444444,0.3777916666666667,44.44444444444444,12.819444444444445,0.3333333333333333,0.05555555555555558,0.8888888888888893,0.22222222222221433,-0.6666666666666714,0.38888888888889284,-0.0004583333333333939,-1.5,-0.8194444444444446
42000212,1610612751,1,1610612749,2020-21,0.6666666666666666,4.5,118.56944444444444,114.06944444444444,36.111111111111114,0.3890277777777778,44.43055555555556,13.11111111111111,0.6388888888888888,5.888888888888889,120.125,114.23611111111111,37.06944444444444,0.38581944444444444,48.125,13.38888888888889,0.3333333333333333,0.02777777777777779,-1.3888888888888893,-1.5555555555555571,-0.1666666666666714,-0.9583333333333286,0.0032083333333333686,-3.694444444444443,-0.27777777777777857
42000177,1610612746,1,1610612742,2020-21,0.6527777777777778,6.180555555555555,114.01388888888889,107.83333333333333,34.69444444444444,0.41255555555555556,44.15277777777778,12.416666666666666,0.5833333333333334,2.263888888888889,112.44444444444444,110.18055555555556,38.111111111111114,0.3595555555555556,43.333333333333336,11.430555555555555,0.3333333333333333,0.06944444444444442,3.9166666666666665,1.5694444444444429,-2.3472222222222285,-3.4166666666666714,0.05299999999999999,0.8194444444444429,0.9861111111111107
42000201,1610612755,0,1610612737,2020-21,0.6805555555555556,5.605555555555556,113.63888888888889,108.05555555555556,30.125,0.376,45.05555555555556,13.73611111111111,0.5694444444444444,2.363888888888889,113.69444444444444,111.375,33.361111111111114,0.37019444444444444,45.625,12.694444444444445,0.6666666666666666,0.11111111111111116,3.241666666666667,-0.055555555555557135,-3.319444444444443,-3.2361111111111143,0.005805555555555564,-0.5694444444444429,1.041666666666666
42000211,1610612751,1,1610612749,2020-21,0.6666666666666666,4.5,118.56944444444444,114.06944444444444,36.111111111111114,0.3890277777777778,44.43055555555556,13.11111111111111,0.6388888888888888,5.888888888888889,120.125,114.23611111111111,37.06944444444444,0.38581944444444444,48.125,13.38888888888889,0.3333333333333333,0.02777777777777779,-1.3888888888888893,-1.5555555555555571,-0.1666666666666714,-0.9583333333333286,0.0032083333333333686,-3.694444444444443,-0.27777777777777857
42000176,1610612742,0,1610612746,2020-21,0.5833333333333334,2.263888888888889,112.44444444444444,110.18055555555556,38.111111111111114,0.3595555555555556,43.333333333333336,11.430555555555555,0.6527777777777778,6.180555555555555,114.01388888888889,107.83333333333333,34.69444444444444,0.41255555555555556,44.15277777777778,12.416666666666666,0.6666666666666666,-0.06944444444444442,-3.9166666666666665,-1.5694444444444429,2.3472222222222285,3.4166666666666714,-0.05299999999999999,-0.8194444444444429,-0.9861111111111107
42000156,1610612747,0,1610612756,2020-21,0.5833333333333334,2.7916666666666665,109.54166666666667,106.75,31.22222222222222,0.3534305555555555,44.236111111111114,14.722222222222221,0.7083333333333334,5.819444444444445,115.27777777777777,109.45833333333333,34.583333333333336,0.3773333333333333,42.94444444444444,12.0,0.3333333333333333,-0.125,-3.027777777777778,-5.7361111111111,-2.7083333333333286,-3.3611111111111143,-0.023902777777777773,1.2916666666666714,2.7222222222222214
42000166,1610612757,0,1610612743,2020-21,0.5833333333333334,1.7416666666666667,116.11111111111111,114.31944444444444,40.81944444444444,0.38605555555555554,44.541666666666664,10.76388888888889,0.6527777777777778,4.930555555555555,115.05555555555556,110.125,34.19444444444444,0.3777916666666667,44.44444444444444,12.819444444444445,0.3333333333333333,-0.06944444444444442,-3.1888888888888887,1.0555555555555571,4.194444444444443,6.625,0.008263888888888848,0.09722222222222143,-2.0555555555555554
42000135,1610612752,0,1610612737,2020-21,0.5694444444444444,2.263888888888889,107.02777777777777,104.72222222222223,30.041666666666668,0.3912777777777778,45.138888888888886,12.166666666666666,0.5694444444444444,2.363888888888889,113.69444444444444,111.375,33.361111111111114,0.37019444444444444,45.625,12.694444444444445,1.0,0.0,-0.10000000000000009,-6.666666666666671,-6.6527777777777715,-3.3194444444444464,0.021083333333333343,-0.48611111111111427,-0.5277777777777786
42000105,1610612755,1,1610612764,2020-21,0.6805555555555556,5.605555555555556,113.63888888888889,108.05555555555556,30.125,0.376,45.05555555555556,13.73611111111111,0.4722222222222222,-1.8333333333333333,116.63888888888889,118.47222222222223,29.0,0.3531388888888889,45.19444444444444,13.930555555555555,1.0,0.20833333333333337,7.438888888888889,-3.0,-10.416666666666671,1.125,0.02286111111111111,-0.13888888888888573,-0.19444444444444464
42000175,1610612746,0,1610612742,2020-21,0.6527777777777778,6.180555555555555,114.01388888888889,107.83333333333333,34.69444444444444,0.41255555555555556,44.15277777777778,12.416666666666666,0.5833333333333334,2.263888888888889,112.44444444444444,110.18055555555556,38.111111111111114,0.3595555555555556,43.333333333333336,11.430555555555555,0.3333333333333333,0.06944444444444442,3.9166666666666665,1.5694444444444429,-2.3472222222222285,-3.4166666666666714,0.05299999999999999,0.8194444444444429,0.9861111111111107
42000145,1610612762,1,1610612763,2020-21,0.7222222222222222,9.219444444444443,116.41666666666667,107.16666666666667,43.02777777777778,0.3877777777777778,48.25,13.51388888888889,0.5277777777777778,1.0666666666666667,113.29166666666667,112.26388888888889,31.36111111111111,0.35480555555555554,46.47222222222222,12.722222222222221,1.0,0.19444444444444442,8.152777777777777,3.125,-5.097222222222214,11.666666666666668,0.032972222222222236,1.7777777777777786,0.7916666666666679
42000165,1610612743,1,1610612757,2020-21,0.6527777777777778,4.930555555555555,115.05555555555556,110.125,34.19444444444444,0.3777916666666667,44.44444444444444,12.819444444444445,0.5833333333333334,1.7416666666666667,116.11111111111111,114.31944444444444,40.81944444444444,0.38605555555555554,44.541666666666664,10.76388888888889,0.6666666666666666,0.06944444444444442,3.1888888888888887,-1.0555555555555571,-4.194444444444443,-6.625,-0.008263888888888848,-0.09722222222222143,2.0555555555555554
42000155,1610612756,1,1610612747,2020-21,0.7083333333333334,5.819444444444445,115.27777777777777,109.45833333333333,34.583333333333336,0.3773333333333333,42.94444444444444,12.0,0.5833333333333334,2.7916666666666665,109.54166666666667,106.75,31.22222222222222,0.3534305555555555,44.236111111111114,14.722222222222221,0.6666666666666666,0.125,3.027777777777778,5.7361111111111,2.7083333333333286,3.3611111111111143,0.023902777777777773,-1.2916666666666714,-2.7222222222222214
42000115,1610612751,1,1610612738,2020-21,0.6666666666666666,4.5,118.56944444444444,114.06944444444444,36.111111111111114,0.3890277777777778,44.43055555555556,13.11111111111111,0.5,1.4583333333333333,112.625,111.16666666666667,36.361111111111114,0.3754722222222222,44.25,13.38888888888889,1.0,0.16666666666666663,3.041666666666667,5.944444444444443,2.9027777777777715,-0.25,0.013555555555555598,0.18055555555555713,-0.27777777777777857
42000104,1610612764,1,1610612755,2020-21,0.4722222222222222,-1.8333333333333333,116.63888888888889,118.47222222222223,29.0,0.3531388888888889,45.19444444444444,13.930555555555555,0.6805555555555556,5.605555555555556,113.63888888888889,108.05555555555556,30.125,0.376,45.05555555555556,13.73611111111111,0.0,-0.20833333333333337,-7.438888888888889,3.0,10.416666666666671,-1.125,-0.02286111111111111,0.13888888888888573,0.19444444444444464
42000144,1610612763,0,1610612762,2020-21,0.5277777777777778,1.0666666666666667,113.29166666666667,112.26388888888889,31.36111111111111,0.35480555555555554,46.47222222222222,12.722222222222221,0.7222222222222222,9.219444444444443,116.41666666666667,107.16666666666667,43.02777777777778,0.3877777777777778,48.25,13.51388888888889,0.0,-0.19444444444444442,-8.152777777777777,-3.125,5.097222222222214,-11.666666666666668,-0.032972222222222236,-1.7777777777777786,-0.7916666666666679
42000134,1610612737,1,1610612752,2020-21,0.5694444444444444,2.363888888888889,113.69444444444444,111.375,33.361111111111114,0.37019444444444444,45.625,12.694444444444445,0.5694444444444444,2.263888888888889,107.02777777777777,104.72222222222223,30.041666666666668,0.3912777777777778,45.138888888888886,12.166666666666666,0.0,0.0,0.10000000000000009,6.666666666666671,6.6527777777777715,3.3194444444444464,-0.021083333333333343,0.48611111111111427,0.5277777777777786
42000154,1610612747,0,1610612756,2020-21,0.5833333333333334,2.7916666666666665,109.54166666666667,106.75,31.22222222222222,0.3534305555555555,44.236111111111114,14.722222222222221,0.7083333333333334,5.819444444444445,115.27777777777777,109.45833333333333,34.583333333333336,0.3773333333333333,42.94444444444444,12.0,0.3333333333333333,-0.125,-3.027777777777778,-5.7361111111111,-2.7083333333333286,-3.3611111111111143,-0.023902777777777773,1.2916666666666714,2.7222222222222214
42000174,1610612742,0,1610612746,2020-21,0.5833333333333334,2.263888888888889,112.44444444444444,110.18055555555556,38.111111111111114,0.3595555555555556,43.333333333333336,11.430555555555555,0.6527777777777778,6.180555555555555,114.01388888888889,107.83333333333333,34.69444444444444,0.41255555555555556,44.15277777777778,12.416666666666666,0.6666666666666666,-0.06944444444444442,-3.9166666666666665,-1.5694444444444429,2.3472222222222285,3.4166666666666714,-0.05299999999999999,-0.8194444444444429,-0.9861111111111107
42000114,1610612738,0,1610612751,2020-21,0.5,1.4583333333333333,112.625,111.16666666666667,36.361111111111114,0.3754722222222222,44.25,13.38888888888889,0.6666666666666666,4.5,118.56944444444444,114.06944444444444,36.111111111111114,0.3890277777777778,44.43055555555556,13.11111111111111,0.0,-0.16666666666666663,-3.041666666666667,-5.944444444444443,-2.9027777777777715,0.25,-0.013555555555555598,-0.18055555555555713,0.27777777777777857
42000103,1610612764,0,1610612755,2020-21,0.4722222222222222,-1.8333333333333333,116.63888888888889,118.47222222222223,29.0,0.3531388888888889,45.19444444444444,13.930555555555555,0.6805555555555556,5.605555555555556,113.63888888888889,108.05555555555556,30.125,0.376,45.05555555555556,13.73611111111111,0.0,-0.20833333333333337,-7.438888888888889,3.0,10.416666666666671,-1.125,-0.02286111111111111,0.13888888888888573,0.19444444444444464
42000143,1610612763,0,1610612762,2020-21,0.5277777777777778,1.0666666666666667,113.29166666666667,112.26388888888889,31.36111111111111,0.35480555555555554,46.47222222222222,12.722222222222221,0.7222222222222222,9.219444444444443,116.41666666666667,107.16666666666667,43.02777777777778,0.3877777777777778,48.25,13.51388888888889,0.0,-0.19444444444444442,-8.152777777777777,-3.125,5.097222222222214,-11.666666666666668,-0.032972222222222236,-1.7777777777777786,-0.7916666666666679
42000124,1610612748,0,1610612749,2020-21,0.5555555555555556,0.027777777777777776,108.06944444444444,108.04166666666667,36.19444444444444,0.35911111111111116,41.5,13.277777777777779,0.6388888888888888,5.888888888888889,120.125,114.23611111111111,37.06944444444444,0.38581944444444444,48.125,13.38888888888889,0.3333333333333333,-0.08333333333333326,-5.861111111111112,-12.055555555555557,-6.194444444444443,-0.875,-0.02670833333333328,-6.625,-0.11111111111111072
42000164,1610612757,1,1610612743,2020-21,0.5833333333333334,1.7416666666666667,116.11111111111111,114.31944444444444,40.81944444444444,0.38605555555555554,44.541666666666664,10.76388888888889,0.6527777777777778,4.930555555555555,115.05555555555556,110.125,34.19444444444444,0.3777916666666667,44.44444444444444,12.819444444444445,0.3333333333333333,-0.06944444444444442,-3.1888888888888887,1.0555555555555571,4.194444444444443,6.625,0.008263888888888848,0.09722222222222143,-2.0555555555555554
42000113,1610612738,1,1610612751,2020-21,0.5,1.4583333333333333,112.625,111.16666666666667,36.361111111111114,0.3754722222222222,44.25,13.38888888888889,0.6666666666666666,4.5,118.56944444444444,114.06944444444444,36.111111111111114,0.3890277777777778,44.43055555555556,13.11111111111111,0.0,-0.16666666666666663,-3.041666666666667,-5.944444444444443,-2.9027777777777715,0.25,-0.013555555555555598,-0.18055555555555713,0.27777777777777857
42000173,1610612742,0,1610612746,2020-21,0.5833333333333334,2.263888888888889,112.44444444444444,110.18055555555556,38.111111111111114,0.3595555555555556,43.333333333333336,11.430555555555555,0.6527777777777778,6.180555555555555,114.01388888888889,107.83333333333333,34.69444444444444,0.41255555555555556,44.15277777777778,12.416666666666666,0.6666666666666666,-0.06944444444444442,-3.9166666666666665,-1.5694444444444429,2.3472222222222285,3.4166666666666714,-0.05299999999999999,-0.8194444444444429,-0.9861111111111107
42000133,1610612737,1,1610612752,2020-21,0.5694444444444444,2.363888888888889,113.69444444444444,111.375,33.361111111111114,0.37019444444444444,45.625,12.694444444444445,0.5694444444444444,2.263888888888889,107.02777777777777,104.72222222222223,30.041666666666668,0.3912777777777778,45.138888888888886,12.166666666666666,0.0,0.0,0.10000000000000009,6.666666666666671,6.6527777777777715,3.3194444444444464,-0.021083333333333343,0.48611111111111427,0.5277777777777786
42000123,1610612748,0,1610612749,2020-21,0.5555555555555556,0.027777777777777776,108.06944444444444,108.04166666666667,36.19444444444444,0.35911111111111116,41.5,13.277777777777779,0.6388888888888888,5.888888888888889,120.125,114.23611111111111,37.06944444444444,0.38581944444444444,48.125,13.38888888888889,0.3333333333333333,-0.08333333333333326,-5.861111111111112,-12.055555555555557,-6.194444444444443,-0.875,-0.02670833333333328,-6.625,-0.11111111111111072
42000153,1610612747,1,1610612756,2020-21,0.5833333333333334,2.7916666666666665,109.54166666666667,106.75,31.22222222222222,0.3534305555555555,44.236111111111114,14.722222222222221,0.7083333333333334,5.819444444444445,115.27777777777777,109.45833333333333,34.583333333333336,0.3773333333333333,42.94444444444444,12.0,0.3333333333333333,-0.125,-3.027777777777778,-5.7361111111111,-2.7083333333333286,-3.3611111111111143,-0.023902777777777773,1.2916666666666714,2.7222222222222214
42000163,1610612757,0,1610612743,2020-21,0.5833333333333334,1.7416666666666667,116.11111111111111,114.31944444444444,40.81944444444444,0.38605555555555554,44.541666666666664,10.76388888888889,0.6527777777777778,4.930555555555555,115.05555555555556,110.125,34.19444444444444,0.3777916666666667,44.44444444444444,12.819444444444445,0.3333333333333333,-0.06944444444444442,-3.1888888888888887,1.0555555555555571,4.194444444444443,6.625,0.008263888888888848,0.09722222222222143,-2.0555555555555554
42000102,1610612755,1,1610612764,2020-21,0.6805555555555556,5.605555555555556,113.63888888888889,108.05555555555556,30.125,0.376,45.05555555555556,13.73611111111111,0.4722222222222222,-1.8333333333333333,116.63888888888889,118.47222222222223,29.0,0.3531388888888889,45.19444444444444,13.930555555555555,1.0,0.20833333333333337,7.438888888888889,-3.0,-10.416666666666671,1.125,0.02286111111111111,-0.13888888888888573,-0.19444444444444464
42000132,1610612752,1,1610612737,2020-21,0.5694444444444444,2.263888888888889,107.02777777777777,104.72222222222223,30.041666666666668,0.3912777777777778,45.138888888888886,12.166666666666666,0.5694444444444444,2.363888888888889,113.69444444444444,111.375,33.361111111111114,0.37019444444444444,45.625,12.694444444444445,1.0,0.0,-0.10000000000000009,-6.666666666666671,-6.6527777777777715,-3.3194444444444464,0.021083333333333343,-0.48611111111111427,-0.5277777777777786
42000142,1610612762,1,1610612763,2020-21,0.7222222222222222,9.219444444444443,116.41666666666667,107.16666666666667,43.02777777777778,0.3877777777777778,48.25,13.51388888888889,0.5277777777777778,1.0666666666666667,113.29166666666667,112.26388888888889,31.36111111111111,0.35480555555555554,46.47222222222222,12.722222222222221,1.0,0.19444444444444442,8.152777777777777,3.125,-5.097222222222214,11.666666666666668,0.032972222222222236,1.7777777777777786,0.7916666666666679
42000112,1610612751,1,1610612738,2020-21,0.6666666666666666,4.5,118.56944444444444,114.06944444444444,36.111111111111114,0.3890277777777778,44.43055555555556,13.11111111111111,0.5,1.4583333333333333,112.625,111.16666666666667,36.361111111111114,0.3754722222222222,44.25,13.38888888888889,1.0,0.16666666666666663,3.041666666666667,5.944444444444443,2.9027777777777715,-0.25,0.013555555555555598,0.18055555555555713,-0.27777777777777857
42000172,1610612746,0,1610612742,2020-21,0.6527777777777778,6.180555555555555,114.01388888888889,107.83333333333333,34.69444444444444,0.41255555555555556,44.15277777777778,12.416666666666666,0.5833333333333334,2.263888888888889,112.44444444444444,110.18055555555556,38.111111111111114,0.3595555555555556,43.333333333333336,11.430555555555555,0.3333333333333333,0.06944444444444442,3.9166666666666665,1.5694444444444429,-2.3472222222222285,-3.4166666666666714,0.05299999999999999,0.8194444444444429,0.9861111111111107
42000152,1610612756,0,1610612747,2020-21,0.7083333333333334,5.819444444444445,115.27777777777777,109.45833333333333,34.583333333333336,0.3773333333333333,42.94444444444444,12.0,0.5833333333333334,2.7916666666666665,109.54166666666667,106.75,31.22222222222222,0.3534305555555555,44.236111111111114,14.722222222222221,0.6666666666666666,0.125,3.027777777777778,5.7361111111111,2.7083333333333286,3.3611111111111143,0.023902777777777773,-1.2916666666666714,-2.7222222222222214
42000122,1610612749,1,1610612748,2020-21,0.6388888888888888,5.888888888888889,120.125,114.23611111111111,37.06944444444444,0.38581944444444444,48.125,13.38888888888889,0.5555555555555556,0.027777777777777776,108.06944444444444,108.04166666666667,36.19444444444444,0.35911111111111116,41.5,13.277777777777779,0.6666666666666666,0.08333333333333326,5.861111111111112,12.055555555555557,6.194444444444443,0.875,0.02670833333333328,6.625,0.11111111111111072
42000162,1610612743,1,1610612757,2020-21,0.6527777777777778,4.930555555555555,115.05555555555556,110.125,34.19444444444444,0.3777916666666667,44.44444444444444,12.819444444444445,0.5833333333333334,1.7416666666666667,116.11111111111111,114.31944444444444,40.81944444444444,0.38605555555555554,44.541666666666664,10.76388888888889,0.6666666666666666,0.06944444444444442,3.1888888888888887,-1.0555555555555571,-4.194444444444443,-6.625,-0.008263888888888848,-0.09722222222222143,2.0555555555555554
42000141,1610612762,0,1610612763,2020-21,0.7222222222222222,9.219444444444443,116.41666666666667,107.16666666666667,43.02777777777778,0.3877777777777778,48.25,13.51388888888889,0.5277777777777778,1.0666666666666667,113.29166666666667,112.26388888888889,31.36111111111111,0.35480555555555554,46.47222222222222,12.722222222222221,1.0,0.19444444444444442,8.152777777777777,3.125,-5.097222222222214,11.666666666666668,0.032972222222222236,1.7777777777777786,0.7916666666666679
42000151,1610612756,1,1610612747,2020-21,0.7083333333333334,5.819444444444445,115.27777777777777,109.45833333333333,34.583333333333336,0.3773333333333333,42.94444444444444,12.0,0.5833333333333334,2.7916666666666665,109.54166666666667,106.75,31.22222222222222,0.3534305555555555,44.236111111111114,14.722222222222221,0.6666666666666666,0.125,3.027777777777778,5.7361111111111,2.7083333333333286,3.3611111111111143,0.023902777777777773,-1.2916666666666714,-2.7222222222222214
42000131,1610612752,0,1610612737,2020-21,0.5694444444444444,2.263888888888889,107.02777777777777,104.72222222222223,30.041666666666668,0.3912777777777778,45.138888888888886,12.166666666666666,0.5694444444444444,2.363888888888889,113.69444444444444,111.375,33.361111111111114,0.37019444444444444,45.625,12.694444444444445,1.0,0.0,-0.10000000000000009,-6.666666666666671,-6.6527777777777715,-3.3194444444444464,0.021083333333333343,-0.48611111111111427,-0.5277777777777786
42000101,1610612755,1,1610612764,2020-21,0.6805555555555556,5.605555555555556,113.63888888888889,108.05555555555556,30.125,0.376,45.05555555555556,13.73611111111111,0.4722222222222222,-1.8333333333333333,116.63888888888889,118.47222222222223,29.0,0.3531388888888889,45.19444444444444,13.930555555555555,1.0,0.20833333333333337,7.438888888888889,-3.0,-10.416666666666671,1.125,0.02286111111111111,-0.13888888888888573,-0.19444444444444464
42000171,1610612746,0,1610612742,2020-21,0.6527777777777778,6.180555555555555,114.01388888888889,107.83333333333333,34.69444444444444,0.41255555555555556,44.15277777777778,12.416666666666666,0.5833333333333334,2.263888888888889,112.44444444444444,110.18055555555556,38.111111111111114,0.3595555555555556,43.333333333333336,11.430555555555555,0.3333333333333333,0.06944444444444442,3.9166666666666665,1.5694444444444429,-2.3472222222222285,-3.4166666666666714,0.05299999999999999,0.8194444444444429,0.9861111111111107
42000111,1610612751,1,1610612738,2020-21,0.6666666666666666,4.5,118.56944444444444,114.06944444444444,36.111111111111114,0.3890277777777778,44.43055555555556,13.11111111111111,0.5,1.4583333333333333,112.625,111.16666666666667,36.361111111111114,0.3754722222222222,44.25,13.38888888888889,1.0,0.16666666666666663,3.041666666666667,5.944444444444443,2.9027777777777715,-0.25,0.013555555555555598,0.18055555555555713,-0.27777777777777857
42000121,1610612749,1,1610612748,2020-21,0.6388888888888888,5.888888888888889,120.125,114.23611111111111,37.06944444444444,0.38581944444444444,48.125,13.38888888888889,0.5555555555555556,0.027777777777777776,108.06944444444444,108.04166666666667,36.19444444444444,0.35911111111111116,41.5,13.277777777777779,0.6666666666666666,0.08333333333333326,5.861111111111112,12.055555555555557,6.194444444444443,0.875,0.02670833333333328,6.625,0.11111111111111072
42000161,1610612743,0,1610612757,2020-21,0.6527777777777778,4.930555555555555,115.05555555555556,110.125,34.19444444444444,0.3777916666666667,44.44444444444444,12.819444444444445,0.5833333333333334,1.7416666666666667,116.11111111111111,114.31944444444444,40.81944444444444,0.38605555555555554,44.541666666666664,10.76388888888889,0.6666666666666666,0.06944444444444442,3.1888888888888887,-1.0555555555555571,-4.194444444444443,-6.625,-0.008263888888888848,-0.09722222222222143,2.0555555555555554
42100406,1610612738,0,1610612744,2021-22,0.6219512195121951,7.280487804878049,111.7560975609756,104.47560975609755,37.1219512195122,0.3524390243902439,46.073170731707314,13.048780487804878,0.6463414634146342,5.475609756097561,111.0,105.46341463414635,39.40243902439025,0.36452439024390243,45.48780487804878,14.317073170731707,0.5,-0.024390243902439046,1.8048780487804876,0.7560975609756042,-0.9878048780487916,-2.2804878048780495,-0.012085365853658547,0.5853658536585371,-1.2682926829268286
42100405,1610612744,1,1610612738,2021-22,0.6463414634146342,5.475609756097561,111.0,105.46341463414635,39.40243902439025,0.36452439024390243,45.48780487804878,14.317073170731707,0.6219512195121951,7.280487804878049,111.7560975609756,104.47560975609755,37.1219512195122,0.3524390243902439,46.073170731707314,13.048780487804878,0.5,0.024390243902439046,-1.8048780487804876,-0.7560975609756042,0.9878048780487916,2.2804878048780495,0.012085365853658547,-0.5853658536585371,1.2682926829268286
42100404,1610612738,0,1610612744,2021-22,0.6219512195121951,7.280487804878049,111.7560975609756,104.47560975609755,37.1219512195122,0.3524390243902439,46.073170731707314,13.048780487804878,0.6463414634146342,5.475609756097561,111.0,105.46341463414635,39.40243902439025,0.36452439024390243,45.48780487804878,14.317073170731707,0.5,-0.024390243902439046,1.8048780487804876,0.7560975609756042,-0.9878048780487916,-2.2804878048780495,-0.012085365853658547,0.5853658536585371,-1.2682926829268286
42100403,1610612738,1,1610612744,2021-22,0.6219512195121951,7.280487804878049,111.7560975609756,104.47560975609755,37.1219512195122,0.3524390243902439,46.073170731707314,13.048780487804878,0.6463414634146342,5.475609756097561,111.0,105.46341463414635,39.40243902439025,0.36452439024390243,45.48780487804878,14.317073170731707,0.5,-0.024390243902439046,1.8048780487804876,0.7560975609756042,-0.9878048780487916,-2.2804878048780495,-0.012085365853658547,0.5853658536585371,-1.2682926829268286
42100402,1610612744,1,1610612738,2021-22,0.6463414634146342,5.475609756097561,111.0,105.46341463414635,39.40243902439025,0.36452439024390243,45.48780487804878,14.317073170731707,0.6219512195121951,7.280487804878049,111.7560975609756,104.47560975609755,37.1219512195122,0.3524390243902439,46.073170731707314,13.048780487804878,0.5,0.024390243902439046,-1.8048780487804876,-0.7560975609756042,0.9878048780487916,2.2804878048780495,0.012085365853658547,-0.5853658536585371,1.2682926829268286
42100401,1610612744,0,1610612738,2021-22,0.6463414634146342,5.475609756097561,111.0,105.46341463414635,39.40243902439025,0.36452439024390243,45.48780487804878,14.317073170731707,0.6219512195121951,7.280487804878049,111.7560975609756,104.47560975609755,37.1219512195122,0.3524390243902439,46.073170731707314,13.048780487804878,0.5,0.024390243902439046,-1.8048780487804876,-0.7560975609756042,0.9878048780487916,2.2804878048780495,0.012085365853658547,-0.5853658536585371,1.2682926829268286
42100307,1610612748,0,1610612738,2021-22,0.6463414634146342,4.451219512195122,110.02439024390245,105.57317073170732,35.80487804878049,0.3785609756097561,43.71951219512195,13.768292682926829,0.6219512195121951,7.280487804878049,111.7560975609756,104.47560975609755,37.1219512195122,0.3524390243902439,46.073170731707314,13.048780487804878,0.3333333333333333,0.024390243902439046,-2.8292682926829267,-1.731707317073159,1.0975609756097668,-1.3170731707317103,0.02612195121951222,-2.353658536585364,0.7195121951219505
42100306,1610612738,0,1610612748,2021-22,0.6219512195121951,7.280487804878049,111.7560975609756,104.47560975609755,37.1219512195122,0.3524390243902439,46.073170731707314,13.048780487804878,0.6463414634146342,4.451219512195122,110.02439024390245,105.57317073170732,35.80487804878049,0.3785609756097561,43.71951219512195,13.768292682926829,0.6666666666666666,-0.024390243902439046,2.8292682926829267,1.731707317073159,-1.0975609756097668,1.3170731707317103,-0.02612195121951222,2.353658536585364,-0.7195121951219505
42100315,1610612744,1,1610612742,2021-22,0.6463414634146342,5.475609756097561,111.0,105.46341463414635,39.40243902439025,0.36452439024390243,45.48780487804878,14.317073170731707,0.6341463414634146,3.3048780487804876,108.02439024390245,104.71951219512195,37.353658536585364,0.3510243902439024,43.02439024390244,11.707317073170731,0.25,0.012195121951219523,2.1707317073170733,2.9756097560975547,0.7439024390243958,2.0487804878048834,0.013500000000000012,2.463414634146339,2.6097560975609753
42100305,1610612748,0,1610612738,2021-22,0.6463414634146342,4.451219512195122,110.02439024390245,105.57317073170732,35.80487804878049,0.3785609756097561,43.71951219512195,13.768292682926829,0.6219512195121951,7.280487804878049,111.7560975609756,104.47560975609755,37.1219512195122,0.3524390243902439,46.073170731707314,13.048780487804878,0.3333333333333333,0.024390243902439046,-2.8292682926829267,-1.731707317073159,1.0975609756097668,-1.3170731707317103,0.02612195121951222,-2.353658536585364,0.7195121951219505
42100314,1610612742,1,1610612744,2021-22,0.6341463414634146,3.3048780487804876,108.02439024390245,104.71951219512195,37.353658536585364,0.3510243902439024,43.02439024390244,11.707317073170731,0.6463414634146342,5.475609756097561,111.0,105.46341463414635,39.40243902439025,0.36452439024390243,45.48780487804878,14.317073170731707,0.75,-0.012195121951219523,-2.1707317073170733,-2.9756097560975547,-0.7439024390243958,-2.0487804878048834,-0.013500000000000012,-2.463414634146339,-2.6097560975609753
42100304,1610612738,1,1610612748,2021-22,0.6219512195121951,7.280487804878049,111.7560975609756,104.47560975609755,37.1219512195122,0.3524390243902439,46.073170731707314,13.048780487804878,0.6463414634146342,4.451219512195122,110.02439024390245,105.57317073170732,35.80487804878049,0.3785609756097561,43.71951219512195,13.768292682926829,0.6666666666666666,-0.024390243902439046,2.8292682926829267,1.731707317073159,-1.0975609756097668,1.3170731707317103,-0.02612195121951222,2.353658536585364,-0.7195121951219505
42100313,1610612742,0,1610612744,2021-22,0.6341463414634146,3.3048780487804876,108.02439024390245,104.71951219512195,37.353658536585364,0.3510243902439024,43.02439024390244,11.707317073170731,0.6463414634146342,5.475609756097561,111.0,105.46341463414635,39.40243902439025,0.36452439024390243,45.48780487804878,14.317073170731707,0.75,-0.012195121951219523,-2.1707317073170733,-2.9756097560975547,-0.7439024390243958,-2.0487804878048834,-0.013500000000000012,-2.463414634146339,-2.6097560975609753
42100303,1610612738,0,1610612748,2021-22,0.6219512195121951,7.280487804878049,111.7560975609756,104.47560975609755,37.1219512195122,0.3524390243902439,46.073170731707314,13.048780487804878,0.6463414634146342,4.451219512195122,110.02439024390245,105.57317073170732,35.80487804878049,0.3785609756097561,43.71951219512195,13.768292682926829,0.6666666666666666,-0.024390243902439046,2.8292682926829267,1.731707317073159,-1.0975609756097668,1.3170731707317103,-0.02612195121951222,2.353658536585364,-0.7195121951219505
42100312,1610612744,1,1610612742,2021-22,0.6463414634146342,5.475609756097561,111.0,105.46341463414635,39.40243902439025,0.36452439024390243,45.48780487804878,14.317073170731707,0.6341463414634146,3.3048780487804876,108.02439024390245,104.71951219512195,37.353658536585364,0.3510243902439024,43.02439024390244,11.707317073170731,0.25,0.012195121951219523,2.1707317073170733,2.9756097560975547,0.7439024390243958,2.0487804878048834,0.013500000000000012,2.463414634146339,2.6097560975609753
42100302,1610612748,0,1610612738,2021-22,0.6463414634146342,4.451219512195122,110.02439024390245,105.57317073170732,35.80487804878049,0.3785609756097561,43.71951219512195,13.768292682926829,0.6219512195121951,7.280487804878049,111.7560975609756,104.47560975609755,37.1219512195122,0.3524390243902439,46.073170731707314,13.048780487804878,0.3333333333333333,0.024390243902439046,-2.8292682926829267,-1.731707317073159,1.0975609756097668,-1.3170731707317103,0.02612195121951222,-2.353658536585364,0.7195121951219505
42100311,1610612744,1,1610612742,2021-22,0.6463414634146342,5.475609756097561,111.0,105.46341463414635,39.40243902439025,0.36452439024390243,45.48780487804878,14.317073170731707,0.6341463414634146,3.3048780487804876,108.02439024390245,104.71951219512195,37.353658536585364,0.3510243902439024,43.02439024390244,11.707317073170731,0.25,0.012195121951219523,2.1707317073170733,2.9756097560975547,0.7439024390243958,2.0487804878048834,0.013500000000000012,2.463414634146339,2.6097560975609753
42100301,1610612748,1,1610612738,2021-22,0.6463414634146342,4.451219512195122,110.02439024390245,105.57317073170732,35.80487804878049,0.3785609756097561,43.71951219512195,13.768292682926829,0.6219512195121951,7.280487804878049,111.7560975609756,104.47560975609755,37.1219512195122,0.3524390243902439,46.073170731707314,13.048780487804878,0.3333333333333333,0.024390243902439046,-2.8292682926829267,-1.731707317073159,1.0975609756097668,-1.3170731707317103,0.02612195121951222,-2.353658536585364,0.7195121951219505
42100217,1610612738,1,1610612749,2021-22,0.6219512195121951,7.280487804878049,111.7560975609756,104.47560975609755,37.1219512195122,0.3524390243902439,46.073170731707314,13.048780487804878,0.6219512195121951,3.321951219512195,115.48780487804878,112.13414634146342,38.426829268292686,0.3656341463414634,46.707317073170735,12.74390243902439,0.5,0.0,3.9585365853658536,-3.731707317073173,-7.658536585365866,-1.3048780487804876,-0.013195121951219524,-0.6341463414634205,0.30487804878048763
42100227,1610612756,0,1610612742,2021-22,0.7804878048780488,7.5,114.82926829268293,107.32926829268293,31.902439024390244,0.3643780487804878,45.292682926829265,12.341463414634147,0.6341463414634146,3.3048780487804876,108.02439024390245,104.71951219512195,37.353658536585364,0.3510243902439024,43.02439024390244,11.707317073170731,1.0,0.14634146341463417,4.195121951219512,6.8048780487804805,2.6097560975609753,-5.45121951219512,0.013353658536585378,2.268292682926827,0.6341463414634152
42100216,1610612749,0,1610612738,2021-22,0.6219512195121951,3.321951219512195,115.48780487804878,112.13414634146342,38.426829268292686,0.3656341463414634,46.707317073170735,12.74390243902439,0.6219512195121951,7.280487804878049,111.7560975609756,104.47560975609755,37.1219512195122,0.3524390243902439,46.073170731707314,13.048780487804878,0.5,0.0,-3.9585365853658536,3.731707317073173,7.658536585365866,1.3048780487804876,0.013195121951219524,0.6341463414634205,-0.30487804878048763
42100236,1610612744,1,1610612763,2021-22,0.6463414634146342,5.475609756097561,111.0,105.46341463414635,39.40243902439025,0.36452439024390243,45.48780487804878,14.317073170731707,0.6829268292682927,5.670731707317073,115.60975609756098,109.92682926829268,32.670731707317074,0.35267073170731705,49.170731707317074,12.475609756097562,0.25,-0.03658536585365857,-0.19512195121951237,-4.609756097560975,-4.463414634146332,6.731707317073173,0.011853658536585376,-3.682926829268297,1.8414634146341449
42100206,1610612755,0,1610612748,2021-22,0.6219512195121951,2.6219512195121952,109.9390243902439,107.32926829268293,31.804878048780488,0.36385365853658536,42.31707317073171,11.74390243902439,0.6463414634146342,4.451219512195122,110.02439024390245,105.57317073170732,35.80487804878049,0.3785609756097561,43.71951219512195,13.768292682926829,0.5,-0.024390243902439046,-1.8292682926829267,-0.08536585365854421,1.7560975609756042,-4.0,-0.014707317073170745,-1.4024390243902403,-2.024390243902438
42100226,1610612742,1,1610612756,2021-22,0.6341463414634146,3.3048780487804876,108.02439024390245,104.71951219512195,37.353658536585364,0.3510243902439024,43.02439024390244,11.707317073170731,0.7804878048780488,7.5,114.82926829268293,107.32926829268293,31.902439024390244,0.3643780487804878,45.292682926829265,12.341463414634147,0.0,-0.14634146341463417,-4.195121951219512,-6.8048780487804805,-2.6097560975609753,5.45121951219512,-0.013353658536585378,-2.268292682926827,-0.6341463414634152
42100215,1610612738,0,1610612749,2021-22,0.6219512195121951,7.280487804878049,111.7560975609756,104.47560975609755,37.1219512195122,0.3524390243902439,46.073170731707314,13.048780487804878,0.6219512195121951,3.321951219512195,115.48780487804878,112.13414634146342,38.426829268292686,0.3656341463414634,46.707317073170735,12.74390243902439,0.5,0.0,3.9585365853658536,-3.731707317073173,-7.658536585365866,-1.3048780487804876,-0.013195121951219524,-0.6341463414634205,0.30487804878048763
42100235,1610612763,1,1610612744,2021-22,0.6829268292682927,5.670731707317073,115.60975609756098,109.92682926829268,32.670731707317074,0.35267073170731705,49.170731707317074,12.475609756097562,0.6463414634146342,5.475609756097561,111.0,105.46341463414635,39.40243902439025,0.36452439024390243,45.48780487804878,14.317073170731707,0.75,0.03658536585365857,0.19512195121951237,4.609756097560975,4.463414634146332,-6.731707317073173,-0.011853658536585376,3.682926829268297,-1.8414634146341449
42100205,1610612748,1,1610612755,2021-22,0.6463414634146342,4.451219512195122,110.02439024390245,105.57317073170732,35.80487804878049,0.3785609756097561,43.71951219512195,13.768292682926829,0.6219512195121951,2.6219512195121952,109.9390243902439,107.32926829268293,31.804878048780488,0.36385365853658536,42.31707317073171,11.74390243902439,0.5,0.024390243902439046,1.8292682926829267,0.08536585365854421,-1.7560975609756042,4.0,0.014707317073170745,1.4024390243902403,2.024390243902438
42100225,1610612756,1,1610612742,2021-22,0.7804878048780488,7.5,114.82926829268293,107.32926829268293,31.902439024390244,0.3643780487804878,45.292682926829265,12.341463414634147,0.6341463414634146,3.3048780487804876,108.02439024390245,104.71951219512195,37.353658536585364,0.3510243902439024,43.02439024390244,11.707317073170731,1.0,0.14634146341463417,4.195121951219512,6.8048780487804805,2.6097560975609753,-5.45121951219512,0.013353658536585378,2.268292682926827,0.6341463414634152
42100234,1610612744,1,1610612763,2021-22,0.6463414634146342,5.475609756097561,111.0,105.46341463414635,39.40243902439025,0.36452439024390243,45.48780487804878,14.317073170731707,0.6829268292682927,5.670731707317073,115.60975609756098,109.92682926829268,32.670731707317074,0.35267073170731705,49.170731707317074,12.475609756097562,0.25,-0.03658536585365857,-0.19512195121951237,-4.609756097560975,-4.463414634146332,6.731707317073173,0.011853658536585376,-3.682926829268297,1.8414634146341449
42100214,1610612749,0,1610612738,2021-22,0.6219512195121951,3.321951219512195,115.48780487804878,112.13414634146342,38.426829268292686,0.3656341463414634,46.707317073170735,12.74390243902439,0.6219512195121951,7.280487804878049,111.7560975609756,104.47560975609755,37.1219512195122,0.3524390243902439,46.073170731707314,13.048780487804878,0.5,0.0,-3.9585365853658536,3.731707317073173,7.658536585365866,1.3048780487804876,0.013195121951219524,0.6341463414634205,-0.30487804878048763
42100224,1610612742,1,1610612756,2021-22,0.6341463414634146,3.3048780487804876,108.02439024390245,104.71951219512195,37.353658536585364,0.3510243902439024,43.02439024390244,11.707317073170731,0.7804878048780488,7.5,114.82926829268293,107.32926829268293,31.902439024390244,0.3643780487804878,45.292682926829265,12.341463414634147,0.0,-0.14634146341463417,-4.195121951219512,-6.8048780487804805,-2.6097560975609753,5.45121951219512,-0.013353658536585378,-2.268292682926827,-0.6341463414634152
42100204,1610612755,1,1610612748,2021-22,0.6219512195121951,2.6219512195121952,109.9390243902439,107.32926829268293,31.804878048780488,0.36385365853658536,42.31707317073171,11.74390243902439,0.6463414634146342,4.451219512195122,110.02439024390245,105.57317073170732,35.80487804878049,0.3785609756097561,43.71951219512195,13.768292682926829,0.5,-0.024390243902439046,-1.8292682926829267,-0.08536585365854421,1.7560975609756042,-4.0,-0.014707317073170745,-1.4024390243902403,-2.024390243902438
42100213,1610612749,1,1610612738,2021-22,0.6219512195121951,3.321951219512195,115.48780487804878,112.13414634146342,38.426829268292686,0.3656341463414634,46.707317073170735,12.74390243902439,0.6219512195121951,7.280487804878049,111.7560975609756,104.47560975609755,37.1219512195122,0.3524390243902439,46.073170731707314,13.048780487804878,0.5,0.0,-3.9585365853658536,3.731707317073173,7.658536585365866,1.3048780487804876,0.013195121951219524,0.6341463414634205,-0.30487804878048763
42100233,1610612744,1,1610612763,2021-22,0.6463414634146342,5.475609756097561,111.0,105.46341463414635,39.40243902439025,0.36452439024390243,45.48780487804878,14.317073170731707,0.6829268292682927,5.670731707317073,115.60975609756098,109.92682926829268,32.670731707317074,0.35267073170731705,49.170731707317074,12.475609756097562,0.25,-0.03658536585365857,-0.19512195121951237,-4.609756097560975,-4.463414634146332,6.731707317073173,0.011853658536585376,-3.682926829268297,1.8414634146341449
42100203,1610612755,1,1610612748,2021-22,0.6219512195121951,2.6219512195121952,109.9390243902439,107.32926829268293,31.804878048780488,0.36385365853658536,42.31707317073171,11.74390243902439,0.6463414634146342,4.451219512195122,110.02439024390245,105.57317073170732,35.80487804878049,0.3785609756097561,43.71951219512195,13.768292682926829,0.5,-0.024390243902439046,-1.8292682926829267,-0.08536585365854421,1.7560975609756042,-4.0,-0.014707317073170745,-1.4024390243902403,-2.024390243902438
42100223,1610612742,1,1610612756,2021-22,0.6341463414634146,3.3048780487804876,108.02439024390245,104.71951219512195,37.353658536585364,0.3510243902439024,43.02439024390244,11.707317073170731,0.7804878048780488,7.5,114.82926829268293,107.32926829268293,31.902439024390244,0.3643780487804878,45.292682926829265,12.341463414634147,0.0,-0.14634146341463417,-4.195121951219512,-6.8048780487804805,-2.6097560975609753,5.45121951219512,-0.013353658536585378,-2.268292682926827,-0.6341463414634152
42100222,1610612756,1,1610612742,2021-22,0.7804878048780488,7.5,114.82926829268293,107.32926829268293,31.902439024390244,0.3643780487804878,45.292682926829265,12.341463414634147,0.6341463414634146,3.3048780487804876,108.02439024390245,104.71951219512195,37.353658536585364,0.3510243902439024,43.02439024390244,11.707317073170731,1.0,0.14634146341463417,4.195121951219512,6.8048780487804805,2.6097560975609753,-5.45121951219512,0.013353658536585378,2.268292682926827,0.6341463414634152
42100202,1610612748,1,1610612755,2021-22,0.6463414634146342,4.451219512195122,110.02439024390245,105.57317073170732,35.80487804878049,0.3785609756097561,43.71951219512195,13.768292682926829,0.6219512195121951,2.6219512195121952,109.9390243902439,107.32926829268293,31.804878048780488,0.36385365853658536,42.31707317073171,11.74390243902439,0.5,0.024390243902439046,1.8292682926829267,0.08536585365854421,-1.7560975609756042,4.0,0.014707317073170745,1.4024390243902403,2.024390243902438
42100212,1610612738,1,1610612749,2021-22,0.6219512195121951,7.280487804878049,111.7560975609756,104.47560975609755,37.1219512195122,0.3524390243902439,46.073170731707314,13.048780487804878,0.6219512195121951,3.321951219512195,115.48780487804878,112.13414634146342,38.426829268292686,0.3656341463414634,46.707317073170735,12.74390243902439,0.5,0.0,3.9585365853658536,-3.731707317073173,-7.658536585365866,-1.3048780487804876,-0.013195121951219524,-0.6341463414634205,0.30487804878048763
42100232,1610612763,1,1610612744,2021-22,0.6829268292682927,5.670731707317073,115.60975609756098,109.92682926829268,32.670731707317074,0.35267073170731705,49.170731707317074,12.475609756097562,0.6463414634146342,5.475609756097561,111.0,105.46341463414635,39.40243902439025,0.36452439024390243,45.48780487804878,14.317073170731707,0.75,0.03658536585365857,0.19512195121951237,4.609756097560975,4.463414634146332,-6.731707317073173,-0.011853658536585376,3.682926829268297,-1.8414634146341449
42100201,1610612748,1,1610612755,2021-22,0.6463414634146342,4.451219512195122,110.02439024390245,105.57317073170732,35.80487804878049,0.3785609756097561,43.71951219512195,13.768292682926829,0.6219512195121951,2.6219512195121952,109.9390243902439,107.32926829268293,31.804878048780488,0.36385365853658536,42.31707317073171,11.74390243902439,0.5,0.024390243902439046,1.8292682926829267,0.08536585365854421,-1.7560975609756042,4.0,0.014707317073170745,1.4024390243902403,2.024390243902438
42100221,1610612756,1,1610612742,2021-22,0.7804878048780488,7.5,114.82926829268293,107.32926829268293,31.902439024390244,0.3643780487804878,45.292682926829265,12.341463414634147,0.6341463414634146,3.3048780487804876,108.02439024390245,104.71951219512195,37.353658536585364,0.3510243902439024,43.02439024390244,11.707317073170731,1.0,0.14634146341463417,4.195121951219512,6.8048780487804805,2.6097560975609753,-5.45121951219512,0.013353658536585378,2.268292682926827,0.6341463414634152
42100211,1610612738,0,1610612749,2021-22,0.6219512195121951,7.280487804878049,111.7560975609756,104.47560975609755,37.1219512195122,0.3524390243902439,46.073170731707314,13.048780487804878,0.6219512195121951,3.321951219512195,115.48780487804878,112.13414634146342,38.426829268292686,0.3656341463414634,46.707317073170735,12.74390243902439,0.5,0.0,3.9585365853658536,-3.731707317073173,-7.658536585365866,-1.3048780487804876,-0.013195121951219524,-0.6341463414634205,0.30487804878048763
42100231,1610612763,0,1610612744,2021-22,0.6829268292682927,5.670731707317073,115.60975609756098,109.92682926829268,32.670731707317074,0.35267073170731705,49.170731707317074,12.475609756097562,0.6463414634146342,5.475609756097561,111.0,105.46341463414635,39.40243902439025,0.36452439024390243,45.48780487804878,14.317073170731707,0.75,0.03658536585365857,0.19512195121951237,4.609756097560975,4.463414634146332,-6.731707317073173,-0.011853658536585376,3.682926829268297,-1.8414634146341449
42100156,1610612750,0,1610612763,2021-22,0.5609756097560976,2.6341463414634148,115.9390243902439,113.3048780487805,41.292682926829265,0.3593292682926829,44.15853658536585,13.731707317073171,0.6829268292682927,5.670731707317073,115.60975609756098,109.92682926829268,32.670731707317074,0.35267073170731705,49.170731707317074,12.475609756097562,0.5,-0.12195121951219512,-3.0365853658536586,0.3292682926829258,3.3780487804878163,8.62195121951219,0.00665853658536586,-5.012195121951223,1.2560975609756095
42100136,1610612761,0,1610612755,2021-22,0.5853658536585366,2.1609756097560973,109.39024390243902,107.09756097560975,34.24390243902439,0.34903658536585364,45.329268292682926,11.646341463414634,0.6219512195121951,2.6219512195121952,109.9390243902439,107.32926829268293,31.804878048780488,0.36385365853658536,42.31707317073171,11.74390243902439,0.75,-0.03658536585365857,-0.46097560975609797,-0.5487804878048763,-0.23170731707317316,2.439024390243901,-0.01481707317073172,3.0121951219512155,-0.09756097560975618
42100176,1610612762,0,1610612742,2021-22,0.5975609756097561,6.204878048780488,113.60975609756098,107.57317073170732,40.34146341463415,0.35986585365853657,46.34146341463415,13.158536585365853,0.6341463414634146,3.3048780487804876,108.02439024390245,104.71951219512195,37.353658536585364,0.3510243902439024,43.02439024390244,11.707317073170731,0.5,-0.03658536585365857,2.9000000000000004,5.58536585365853,2.853658536585371,2.9878048780487845,0.008841463414634154,3.3170731707317103,1.451219512195122
42100146,1610612740,0,1610612756,2021-22,0.43902439024390244,-1.1219512195121952,109.29268292682927,110.28048780487805,32.0609756097561,0.33556097560975606,45.207317073170735,13.28048780487805,0.7804878048780488,7.5,114.82926829268293,107.32926829268293,31.902439024390244,0.3643780487804878,45.292682926829265,12.341463414634147,0.25,-0.34146341463414637,-8.621951219512194,-5.536585365853654,2.9512195121951237,0.15853658536585513,-0.028817073170731733,-0.08536585365853,0.9390243902439028
42100125,1610612749,1,1610612741,2021-22,0.6219512195121951,3.321951219512195,115.48780487804878,112.13414634146342,38.426829268292686,0.3656341463414634,46.707317073170735,12.74390243902439,0.5609756097560976,-0.3902439024390244,111.60975609756098,112.0,28.829268292682926,0.3665,42.329268292682926,12.121951219512194,1.0,0.060975609756097504,3.7121951219512193,3.878048780487802,0.13414634146342053,9.59756097560976,-0.0008658536585365861,4.378048780487809,0.6219512195121961
42100165,1610612744,1,1610612743,2021-22,0.6463414634146342,5.475609756097561,111.0,105.46341463414635,39.40243902439025,0.36452439024390243,45.48780487804878,14.317073170731707,0.5853658536585366,2.341463414634146,112.71951219512195,110.41463414634147,35.90243902439025,0.35154878048780486,44.109756097560975,13.841463414634147,0.25,0.060975609756097615,3.1341463414634148,-1.7195121951219505,-4.951219512195124,3.5,0.012975609756097573,1.378048780487802,0.47560975609756007
42100155,1610612763,1,1610612750,2021-22,0.6829268292682927,5.670731707317073,115.60975609756098,109.92682926829268,32.670731707317074,0.35267073170731705,49.170731707317074,12.475609756097562,0.5609756097560976,2.6341463414634148,115.9390243902439,113.3048780487805,41.292682926829265,0.3593292682926829,44.15853658536585,13.731707317073171,0.5,0.12195121951219512,3.0365853658536586,-0.3292682926829258,-3.3780487804878163,-8.62195121951219,-0.00665853658536586,5.012195121951223,-1.2560975609756095
42100105,1610612748,1,1610612737,2021-22,0.6463414634146342,4.451219512195122,110.02439024390245,105.57317073170732,35.80487804878049,0.3785609756097561,43.71951219512195,13.768292682926829,0.524390243902439,1.5609756097560976,113.9390243902439,112.3780487804878,34.40243902439025,0.3717439024390244,43.97560975609756,11.268292682926829,0.75,0.12195121951219512,2.8902439024390243,-3.914634146341456,-6.8048780487804805,1.4024390243902403,0.006817073170731713,-0.2560975609756113,2.5
42100145,1610612756,1,1610612740,2021-22,0.7804878048780488,7.5,114.82926829268293,107.32926829268293,31.902439024390244,0.3643780487804878,45.292682926829265,12.341463414634147,0.43902439024390244,-1.1219512195121952,109.29268292682927,110.28048780487805,32.0609756097561,0.33556097560975606,45.207317073170735,13.28048780487805,0.75,0.34146341463414637,8.621951219512194,5.536585365853654,-2.9512195121951237,-0.15853658536585513,0.028817073170731733,0.08536585365853,-0.9390243902439028
42100114,1610612751,0,1610612738,2021-22,0.5365853658536586,0.8048780487804879,112.90243902439025,112.1219512195122,31.73170731707317,0.3596463414634146,44.390243902439025,13.24390243902439,0.6219512195121951,7.280487804878049,111.7560975609756,104.47560975609755,37.1219512195122,0.3524390243902439,46.073170731707314,13.048780487804878,0.25,-0.08536585365853655,-6.475609756097561,1.1463414634146432,7.646341463414643,-5.390243902439028,0.007207317073170738,-1.6829268292682897,0.19512195121951237
42100175,1610612742,1,1610612762,2021-22,0.6341463414634146,3.3048780487804876,108.02439024390245,104.71951219512195,37.353658536585364,0.3510243902439024,43.02439024390244,11.707317073170731,0.5975609756097561,6.204878048780488,113.60975609756098,107.57317073170732,40.34146341463415,0.35986585365853657,46.34146341463415,13.158536585365853,0.5,0.03658536585365857,-2.9000000000000004,-5.58536585365853,-2.853658536585371,-2.9878048780487845,-0.008841463414634154,-3.3170731707317103,-1.451219512195122
42100135,1610612755,0,1610612761,2021-22,0.6219512195121951,2.6219512195121952,109.9390243902439,107.32926829268293,31.804878048780488,0.36385365853658536,42.31707317073171,11.74390243902439,0.5853658536585366,2.1609756097560973,109.39024390243902,107.09756097560975,34.24390243902439,0.34903658536585364,45.329268292682926,11.646341463414634,0.25,0.03658536585365857,0.46097560975609797,0.5487804878048763,0.23170731707317316,-2.439024390243901,0.01481707317073172,-3.0121951219512155,0.09756097560975618
42100124,1610612741,0,1610612749,2021-22,0.5609756097560976,-0.3902439024390244,111.60975609756098,112.0,28.829268292682926,0.3665,42.329268292682926,12.121951219512194,0.6219512195121951,3.321951219512195,115.48780487804878,112.13414634146342,38.426829268292686,0.3656341463414634,46.707317073170735,12.74390243902439,0.0,-0.060975609756097504,-3.7121951219512193,-3.878048780487802,-0.13414634146342053,-9.59756097560976,0.0008658536585365861,-4.378048780487809,-0.6219512195121961
42100104,1610612737,0,1610612748,2021-22,0.524390243902439,1.5609756097560976,113.9390243902439,112.3780487804878,34.40243902439025,0.3717439024390244,43.97560975609756,11.268292682926829,0.6463414634146342,4.451219512195122,110.02439024390245,105.57317073170732,35.80487804878049,0.3785609756097561,43.71951219512195,13.768292682926829,0.25,-0.12195121951219512,-2.8902439024390243,3.914634146341456,6.8048780487804805,-1.4024390243902403,-0.006817073170731713,0.2560975609756113,-2.5
42100164,1610612743,1,1610612744,2021-22,0.5853658536585366,2.341463414634146,112.71951219512195,110.41463414634147,35.90243902439025,0.35154878048780486,44.109756097560975,13.841463414634147,0.6463414634146342,5.475609756097561,111.0,105.46341463414635,39.40243902439025,0.36452439024390243,45.48780487804878,14.317073170731707,0.75,-0.060975609756097615,-3.1341463414634148,1.7195121951219505,4.951219512195124,-3.5,-0.012975609756097573,-1.378048780487802,-0.47560975609756007
42100144,1610612740,1,1610612756,2021-22,0.43902439024390244,-1.1219512195121952,109.29268292682927,110.28048780487805,32.0609756097561,0.33556097560975606,45.207317073170735,13.28048780487805,0.7804878048780488,7.5,114.82926829268293,107.32926829268293,31.902439024390244,0.3643780487804878,45.292682926829265,12.341463414634147,0.25,-0.34146341463414637,-8.621951219512194,-5.536585365853654,2.9512195121951237,0.15853658536585513,-0.028817073170731733,-0.08536585365853,0.9390243902439028
42100134,1610612761,1,1610612755,2021-22,0.5853658536585366,2.1609756097560973,109.39024390243902,107.09756097560975,34.24390243902439,0.34903658536585364,45.329268292682926,11.646341463414634,0.6219512195121951,2.6219512195121952,109.9390243902439,107.32926829268293,31.804878048780488,0.36385365853658536,42.31707317073171,11.74390243902439,0.75,-0.03658536585365857,-0.46097560975609797,-0.5487804878048763,-0.23170731707317316,2.439024390243901,-0.01481707317073172,3.0121951219512155,-0.09756097560975618
42100113,1610612751,0,1610612738,2021-22,0.5365853658536586,0.8048780487804879,112.90243902439025,112.1219512195122,31.73170731707317,0.3596463414634146,44.390243902439025,13.24390243902439,0.6219512195121951,7.280487804878049,111.7560975609756,104.47560975609755,37.1219512195122,0.3524390243902439,46.073170731707314,13.048780487804878,0.25,-0.08536585365853655,-6.475609756097561,1.1463414634146432,7.646341463414643,-5.390243902439028,0.007207317073170738,-1.6829268292682897,0.19512195121951237
42100174,1610612762,1,1610612742,2021-22,0.5975609756097561,6.204878048780488,113.60975609756098,107.57317073170732,40.34146341463415,0.35986585365853657,46.34146341463415,13.158536585365853,0.6341463414634146,3.3048780487804876,108.02439024390245,104.71951219512195,37.353658536585364,0.3510243902439024,43.02439024390244,11.707317073170731,0.5,-0.03658536585365857,2.9000000000000004,5.58536585365853,2.853658536585371,2.9878048780487845,0.008841463414634154,3.3170731707317103,1.451219512195122
42100154,1610612750,1,1610612763,2021-22,0.5609756097560976,2.6341463414634148,115.9390243902439,113.3048780487805,41.292682926829265,0.3593292682926829,44.15853658536585,13.731707317073171,0.6829268292682927,5.670731707317073,115.60975609756098,109.92682926829268,32.670731707317074,0.35267073170731705,49.170731707317074,12.475609756097562,0.5,-0.12195121951219512,-3.0365853658536586,0.3292682926829258,3.3780487804878163,8.62195121951219,0.00665853658536586,-5.012195121951223,1.2560975609756095
42100123,1610612741,0,1610612749,2021-22,0.5609756097560976,-0.3902439024390244,111.60975609756098,112.0,28.829268292682926,0.3665,42.329268292682926,12.121951219512194,0.6219512195121951,3.321951219512195,115.48780487804878,112.13414634146342,38.426829268292686,0.3656341463414634,46.707317073170735,12.74390243902439,0.0,-0.060975609756097504,-3.7121951219512193,-3.878048780487802,-0.13414634146342053,-9.59756097560976,0.0008658536585365861,-4.378048780487809,-0.6219512195121961
42100103,1610612737,1,1610612748,2021-22,0.524390243902439,1.5609756097560976,113.9390243902439,112.3780487804878,34.40243902439025,0.3717439024390244,43.97560975609756,11.268292682926829,0.6463414634146342,4.451219512195122,110.02439024390245,105.57317073170732,35.80487804878049,0.3785609756097561,43.71951219512195,13.768292682926829,0.25,-0.12195121951219512,-2.8902439024390243,3.914634146341456,6.8048780487804805,-1.4024390243902403,-0.006817073170731713,0.2560975609756113,-2.5
42100143,1610612740,0,1610612756,2021-22,0.43902439024390244,-1.1219512195121952,109.29268292682927,110.28048780487805,32.0609756097561,0.33556097560975606,45.207317073170735,13.28048780487805,0.7804878048780488,7.5,114.82926829268293,107.32926829268293,31.902439024390244,0.3643780487804878,45.292682926829265,12.341463414634147,0.25,-0.34146341463414637,-8.621951219512194,-5.536585365853654,2.9512195121951237,0.15853658536585513,-0.028817073170731733,-0.08536585365853,0.9390243902439028
42100163,1610612743,0,1610612744,2021-22,0.5853658536585366,2.341463414634146,112.71951219512195,110.41463414634147,35.90243902439025,0.35154878048780486,44.109756097560975,13.841463414634147,0.6463414634146342,5.475609756097561,111.0,105.46341463414635,39.40243902439025,0.36452439024390243,45.48780487804878,14.317073170731707,0.75,-0.060975609756097615,-3.1341463414634148,1.7195121951219505,4.951219512195124,-3.5,-0.012975609756097573,-1.378048780487802,-0.47560975609756007
42100173,1610612762,0,1610612742,2021-22,0.5975609756097561,6.204878048780488,113.60975609756098,107.57317073170732,40.34146341463415,0.35986585365853657,46.34146341463415,13.158536585365853,0.6341463414634146,3.3048780487804876,108.02439024390245,104.71951219512195,37.353658536585364,0.3510243902439024,43.02439024390244,11.707317073170731,0.5,-0.03658536585365857,2.9000000000000004,5.58536585365853,2.853658536585371,2.9878048780487845,0.008841463414634154,3.3170731707317103,1.451219512195122
42100153,1610612750,0,1610612763,2021-22,0.5609756097560976,2.6341463414634148,115.9390243902439,113.3048780487805,41.292682926829265,0.3593292682926829,44.15853658536585,13.731707317073171,0.6829268292682927,5.670731707317073,115.60975609756098,109.92682926829268,32.670731707317074,0.35267073170731705,49.170731707317074,12.475609756097562,0.5,-0.12195121951219512,-3.0365853658536586,0.3292682926829258,3.3780487804878163,8.62195121951219,0.00665853658536586,-5.012195121951223,1.2560975609756095
42100122,1610612749,0,1610612741,2021-22,0.6219512195121951,3.321951219512195,115.48780487804878,112.13414634146342,38.426829268292686,0.3656341463414634,46.707317073170735,12.74390243902439,0.5609756097560976,-0.3902439024390244,111.60975609756098,112.0,28.829268292682926,0.3665,42.329268292682926,12.121951219512194,1.0,0.060975609756097504,3.7121951219512193,3.878048780487802,0.13414634146342053,9.59756097560976,-0.0008658536585365861,4.378048780487809,0.6219512195121961
42100133,1610612761,0,1610612755,2021-22,0.5853658536585366,2.1609756097560973,109.39024390243902,107.09756097560975,34.24390243902439,0.34903658536585364,45.329268292682926,11.646341463414634,0.6219512195121951,2.6219512195121952,109.9390243902439,107.32926829268293,31.804878048780488,0.36385365853658536,42.31707317073171,11.74390243902439,0.75,-0.03658536585365857,-0.46097560975609797,-0.5487804878048763,-0.23170731707317316,2.439024390243901,-0.01481707317073172,3.0121951219512155,-0.09756097560975618
42100112,1610612738,1,1610612751,2021-22,0.6219512195121951,7.280487804878049,111.7560975609756,104.47560975609755,37.1219512195122,0.3524390243902439,46.073170731707314,13.048780487804878,0.5365853658536586,0.8048780487804879,112.90243902439025,112.1219512195122,31.73170731707317,0.3596463414634146,44.390243902439025,13.24390243902439,0.75,0.08536585365853655,6.475609756097561,-1.1463414634146432,-7.646341463414643,5.390243902439028,-0.007207317073170738,1.6829268292682897,-0.19512195121951237
42100142,1610612756,0,1610612740,2021-22,0.7804878048780488,7.5,114.82926829268293,107.32926829268293,31.902439024390244,0.3643780487804878,45.292682926829265,12.341463414634147,0.43902439024390244,-1.1219512195121952,109.29268292682927,110.28048780487805,32.0609756097561,0.33556097560975606,45.207317073170735,13.28048780487805,0.75,0.34146341463414637,8.621951219512194,5.536585365853654,-2.9512195121951237,-0.15853658536585513,0.028817073170731733,0.08536585365853,-0.9390243902439028
42100152,1610612763,1,1610612750,2021-22,0.6829268292682927,5.670731707317073,115.60975609756098,109.92682926829268,32.670731707317074,0.35267073170731705,49.170731707317074,12.475609756097562,0.5609756097560976,2.6341463414634148,115.9390243902439,113.3048780487805,41.292682926829265,0.3593292682926829,44.15853658536585,13.731707317073171,0.5,0.12195121951219512,3.0365853658536586,-0.3292682926829258,-3.3780487804878163,-8.62195121951219,-0.00665853658536586,5.012195121951223,-1.2560975609756095
42100102,1610612748,1,1610612737,2021-22,0.6463414634146342,4.451219512195122,110.02439024390245,105.57317073170732,35.80487804878049,0.3785609756097561,43.71951219512195,13.768292682926829,0.524390243902439,1.5609756097560976,113.9390243902439,112.3780487804878,34.40243902439025,0.3717439024390244,43.97560975609756,11.268292682926829,0.75,0.12195121951219512,2.8902439024390243,-3.914634146341456,-6.8048780487804805,1.4024390243902403,0.006817073170731713,-0.2560975609756113,2.5
42100162,1610612744,1,1610612743,2021-22,0.6463414634146342,5.475609756097561,111.0,105.46341463414635,39.40243902439025,0.36452439024390243,45.48780487804878,14.317073170731707,0.5853658536585366,2.341463414634146,112.71951219512195,110.41463414634147,35.90243902439025,0.35154878048780486,44.109756097560975,13.841463414634147,0.25,0.060975609756097615,3.1341463414634148,-1.7195121951219505,-4.951219512195124,3.5,0.012975609756097573,1.378048780487802,0.47560975609756007
42100132,1610612755,1,1610612761,2021-22,0.6219512195121951,2.6219512195121952,109.9390243902439,107.32926829268293,31.804878048780488,0.36385365853658536,42.31707317073171,11.74390243902439,0.5853658536585366,2.1609756097560973,109.39024390243902,107.09756097560975,34.24390243902439,0.34903658536585364,45.329268292682926,11.646341463414634,0.25,0.03658536585365857,0.46097560975609797,0.5487804878048763,0.23170731707317316,-2.439024390243901,0.01481707317073172,-3.0121951219512155,0.09756097560975618
42100172,1610612742,1,1610612762,2021-22,0.6341463414634146,3.3048780487804876,108.02439024390245,104.71951219512195,37.353658536585364,0.3510243902439024,43.02439024390244,11.707317073170731,0.5975609756097561,6.204878048780488,113.60975609756098,107.57317073170732,40.34146341463415,0.35986585365853657,46.34146341463415,13.158536585365853,0.5,0.03658536585365857,-2.9000000000000004,-5.58536585365853,-2.853658536585371,-2.9878048780487845,-0.008841463414634154,-3.3170731707317103,-1.451219512195122
42100101,1610612748,1,1610612737,2021-22,0.6463414634146342,4.451219512195122,110.02439024390245,105.57317073170732,35.80487804878049,0.3785609756097561,43.71951219512195,13.768292682926829,0.524390243902439,1.5609756097560976,113.9390243902439,112.3780487804878,34.40243902439025,0.3717439024390244,43.97560975609756,11.268292682926829,0.75,0.12195121951219512,2.8902439024390243,-3.914634146341456,-6.8048780487804805,1.4024390243902403,0.006817073170731713,-0.2560975609756113,2.5
42100121,1610612749,1,1610612741,2021-22,0.6219512195121951,3.321951219512195,115.48780487804878,112.13414634146342,38.426829268292686,0.3656341463414634,46.707317073170735,12.74390243902439,0.5609756097560976,-0.3902439024390244,111.60975609756098,112.0,28.829268292682926,0.3665,42.329268292682926,12.121951219512194,1.0,0.060975609756097504,3.7121951219512193,3.878048780487802,0.13414634146342053,9.59756097560976,-0.0008658536585365861,4.378048780487809,0.6219512195121961
42100111,1610612738,1,1610612751,2021-22,0.6219512195121951,7.280487804878049,111.7560975609756,104.47560975609755,37.1219512195122,0.3524390243902439,46.073170731707314,13.048780487804878,0.5365853658536586,0.8048780487804879,112.90243902439025,112.1219512195122,31.73170731707317,0.3596463414634146,44.390243902439025,13.24390243902439,0.75,0.08536585365853655,6.475609756097561,-1.1463414634146432,-7.646341463414643,5.390243902439028,-0.007207317073170738,1.6829268292682897,-0.19512195121951237
42100141,1610612756,1,1610612740,2021-22,0.7804878048780488,7.5,114.82926829268293,107.32926829268293,31.902439024390244,0.3643780487804878,45.292682926829265,12.341463414634147,0.43902439024390244,-1.1219512195121952,109.29268292682927,110.28048780487805,32.0609756097561,0.33556097560975606,45.207317073170735,13.28048780487805,0.75,0.34146341463414637,8.621951219512194,5.536585365853654,-2.9512195121951237,-0.15853658536585513,0.028817073170731733,0.08536585365853,-0.9390243902439028
42100151,1610612763,0,1610612750,2021-22,0.6829268292682927,5.670731707317073,115.60975609756098,109.92682926829268,32.670731707317074,0.35267073170731705,49.170731707317074,12.475609756097562,0.5609756097560976,2.6341463414634148,115.9390243902439,113.3048780487805,41.292682926829265,0.3593292682926829,44.15853658536585,13.731707317073171,0.5,0.12195121951219512,3.0365853658536586,-0.3292682926829258,-3.3780487804878163,-8.62195121951219,-0.00665853658536586,5.012195121951223,-1.2560975609756095
42100161,1610612744,1,1610612743,2021-22,0.6463414634146342,5.475609756097561,111.0,105.46341463414635,39.40243902439025,0.36452439024390243,45.48780487804878,14.317073170731707,0.5853658536585366,2.341463414634146,112.71951219512195,110.41463414634147,35.90243902439025,0.35154878048780486,44.109756097560975,13.841463414634147,0.25,0.060975609756097615,3.1341463414634148,-1.7195121951219505,-4.951219512195124,3.5,0.012975609756097573,1.378048780487802,0.47560975609756007
42100171,1610612742,0,1610612762,2021-22,0.6341463414634146,3.3048780487804876,108.02439024390245,104.71951219512195,37.353658536585364,0.3510243902439024,43.02439024390244,11.707317073170731,0.5975609756097561,6.204878048780488,113.60975609756098,107.57317073170732,40.34146341463415,0.35986585365853657,46.34146341463415,13.158536585365853,0.5,0.03658536585365857,-2.9000000000000004,-5.58536585365853,-2.853658536585371,-2.9878048780487845,-0.008841463414634154,-3.3170731707317103,-1.451219512195122
42100131,1610612755,1,1610612761,2021-22,0.6219512195121951,2.6219512195121952,109.9390243902439,107.32926829268293,31.804878048780488,0.36385365853658536,42.31707317073171,11.74390243902439,0.5853658536585366,2.1609756097560973,109.39024390243902,107.09756097560975,34.24390243902439,0.34903658536585364,45.329268292682926,11.646341463414634,0.25,0.03658536585365857,0.46097560975609797,0.5487804878048763,0.23170731707317316,-2.439024390243901,0.01481707317073172,-3.0121951219512155,0.09756097560975618
42200405,1610612743,1,1610612748,2022-23,0.6463414634146342,3.297560975609756,115.79268292682927,112.46341463414635,31.20731707317073,0.3760121951219512,43.01219512195122,13.829268292682928,0.5365853658536586,-0.3170731707317073,109.47560975609755,109.79268292682927,34.78048780487805,0.34431707317073174,40.59756097560975,12.768292682926829,1.0,0.1097560975609756,3.614634146341463,6.317073170731717,2.670731707317074,-3.573170731707318,0.031695121951219485,2.41463414634147,1.060975609756099
42200404,1610612748,0,1610612743,2022-23,0.5365853658536586,-0.3170731707317073,109.47560975609755,109.79268292682927,34.78048780487805,0.34431707317073174,40.59756097560975,12.768292682926829,0.6463414634146342,3.297560975609756,115.79268292682927,112.46341463414635,31.20731707317073,0.3760121951219512,43.01219512195122,13.829268292682928,0.0,-0.1097560975609756,-3.614634146341463,-6.317073170731717,-2.670731707317074,3.573170731707318,-0.031695121951219485,-2.41463414634147,-1.060975609756099
42200403,1610612748,0,1610612743,2022-23,0.5365853658536586,-0.3170731707317073,109.47560975609755,109.79268292682927,34.78048780487805,0.34431707317073174,40.59756097560975,12.768292682926829,0.6463414634146342,3.297560975609756,115.79268292682927,112.46341463414635,31.20731707317073,0.3760121951219512,43.01219512195122,13.829268292682928,0.0,-0.1097560975609756,-3.614634146341463,-6.317073170731717,-2.670731707317074,3.573170731707318,-0.031695121951219485,-2.41463414634147,-1.060975609756099
42200402,1610612743,0,1610612748,2022-23,0.6463414634146342,3.297560975609756,115.79268292682927,112.46341463414635,31.20731707317073,0.3760121951219512,43.01219512195122,13.829268292682928,0.5365853658536586,-0.3170731707317073,109.47560975609755,109.79268292682927,34.78048780487805,0.34431707317073174,40.59756097560975,12.768292682926829,1.0,0.1097560975609756,3.614634146341463,6.317073170731717,2.670731707317074,-3.573170731707318,0.031695121951219485,2.41463414634147,1.060975609756099
42200401,1610612743,1,1610612748,2022-23,0.6463414634146342,3.297560975609756,115.79268292682927,112.46341463414635,31.20731707317073,0.3760121951219512,43.01219512195122,13.829268292682928,0.5365853658536586,-0.3170731707317073,109.47560975609755,109.79268292682927,34.78048780487805,0.34431707317073174,40.59756097560975,12.768292682926829,1.0,0.1097560975609756,3.614634146341463,6.317073170731717,2.670731707317074,-3.573170731707318,0.031695121951219485,2.41463414634147,1.060975609756099
42200307,1610612738,0,1610612748,2022-23,0.6951219512195121,6.45609756097561,117.9390243902439,111.41463414634147,42.58536585365854,0.37540243902439024,45.329268292682926,12.71951219512195,0.5365853658536586,-0.3170731707317073,109.47560975609755,109.79268292682927,34.78048780487805,0.34431707317073174,40.59756097560975,12.768292682926829,0.5,0.15853658536585358,6.773170731707317,8.463414634146346,1.621951219512198,7.804878048780488,0.03108536585365851,4.731707317073173,-0.04878048780487809
42200306,1610612748,0,1610612738,2022-23,0.5365853658536586,-0.3170731707317073,109.47560975609755,109.79268292682927,34.78048780487805,0.34431707317073174,40.59756097560975,12.768292682926829,0.6951219512195121,6.45609756097561,117.9390243902439,111.41463414634147,42.58536585365854,0.37540243902439024,45.329268292682926,12.71951219512195,0.5,-0.15853658536585358,-6.773170731707317,-8.463414634146346,-1.621951219512198,-7.804878048780488,-0.03108536585365851,-4.731707317073173,0.04878048780487809
42200305,1610612738,1,1610612748,2022-23,0.6951219512195121,6.45609756097561,117.9390243902439,111.41463414634147,42.58536585365854,0.37540243902439024,45.329268292682926,12.71951219512195,0.5365853658536586,-0.3170731707317073,109.47560975609755,109.79268292682927,34.78048780487805,0.34431707317073174,40.59756097560975,12.768292682926829,0.5,0.15853658536585358,6.773170731707317,8.463414634146346,1.621951219512198,7.804878048780488,0.03108536585365851,4.731707317073173,-0.04878048780487809
42200304,1610612748,0,1610612738,2022-23,0.5365853658536586,-0.3170731707317073,109.47560975609755,109.79268292682927,34.78048780487805,0.34431707317073174,40.59756097560975,12.768292682926829,0.6951219512195121,6.45609756097561,117.9390243902439,111.41463414634147,42.58536585365854,0.37540243902439024,45.329268292682926,12.71951219512195,0.5,-0.15853658536585358,-6.773170731707317,-8.463414634146346,-1.621951219512198,-7.804878048780488,-0.03108536585365851,-4.731707317073173,0.04878048780487809
42200314,1610612747,0,1610612743,2022-23,0.524390243902439,0.5853658536585366,117.17073170731707,116.59756097560975,31.195121951219512,0.3480365853658537,45.707317073170735,13.463414634146341,0.6463414634146342,3.297560975609756,115.79268292682927,112.46341463414635,31.20731707317073,0.3760121951219512,43.01219512195122,13.829268292682928,0.5,-0.12195121951219512,-2.7121951219512193,1.378048780487802,4.134146341463406,-0.012195121951219079,-0.02797560975609753,2.6951219512195124,-0.3658536585365866
42200303,1610612748,1,1610612738,2022-23,0.5365853658536586,-0.3170731707317073,109.47560975609755,109.79268292682927,34.78048780487805,0.34431707317073174,40.59756097560975,12.768292682926829,0.6951219512195121,6.45609756097561,117.9390243902439,111.41463414634147,42.58536585365854,0.37540243902439024,45.329268292682926,12.71951219512195,0.5,-0.15853658536585358,-6.773170731707317,-8.463414634146346,-1.621951219512198,-7.804878048780488,-0.03108536585365851,-4.731707317073173,0.04878048780487809
42200313,1610612747,0,1610612743,2022-23,0.524390243902439,0.5853658536585366,117.17073170731707,116.59756097560975,31.195121951219512,0.3480365853658537,45.707317073170735,13.463414634146341,0.6463414634146342,3.297560975609756,115.79268292682927,112.46341463414635,31.20731707317073,0.3760121951219512,43.01219512195122,13.829268292682928,0.5,-0.12195121951219512,-2.7121951219512193,1.378048780487802,4.134146341463406,-0.012195121951219079,-0.02797560975609753,2.6951219512195124,-0.3658536585365866
42200302,1610612738,0,1610612748,2022-23,0.6951219512195121,6.45609756097561,117.9390243902439,111.41463414634147,42.58536585365854,0.37540243902439024,45.329268292682926,12.71951219512195,0.5365853658536586,-0.3170731707317073,109.47560975609755,109.79268292682927,34.78048780487805,0.34431707317073174,40.59756097560975,12.768292682926829,0.5,0.15853658536585358,6.773170731707317,8.463414634146346,1.621951219512198,7.804878048780488,0.03108536585365851,4.731707317073173,-0.04878048780487809
42200312,1610612743,1,1610612747,2022-23,0.6463414634146342,3.297560975609756,115.79268292682927,112.46341463414635,31.20731707317073,0.3760121951219512,43.01219512195122,13.829268292682928,0.524390243902439,0.5853658536585366,117.17073170731707,116.59756097560975,31.195121951219512,0.3480365853658537,45.707317073170735,13.463414634146341,0.5,0.12195121951219512,2.7121951219512193,-1.378048780487802,-4.134146341463406,0.012195121951219079,0.02797560975609753,-2.6951219512195124,0.3658536585365866
42200301,1610612738,0,1610612748,2022-23,0.6951219512195121,6.45609756097561,117.9390243902439,111.41463414634147,42.58536585365854,0.37540243902439024,45.329268292682926,12.71951219512195,0.5365853658536586,-0.3170731707317073,109.47560975609755,109.79268292682927,34.78048780487805,0.34431707317073174,40.59756097560975,12.768292682926829,0.5,0.15853658536585358,6.773170731707317,8.463414634146346,1.621951219512198,7.804878048780488,0.03108536585365851,4.731707317073173,-0.04878048780487809
42200311,1610612743,1,1610612747,2022-23,0.6463414634146342,3.297560975609756,115.79268292682927,112.46341463414635,31.20731707317073,0.3760121951219512,43.01219512195122,13.829268292682928,0.524390243902439,0.5853658536585366,117.17073170731707,116.59756097560975,31.195121951219512,0.3480365853658537,45.707317073170735,13.463414634146341,0.5,0.12195121951219512,2.7121951219512193,-1.378048780487802,-4.134146341463406,0.012195121951219079,0.02797560975609753,-2.6951219512195124,0.3658536585365866
42200217,1610612738,1,1610612755,2022-23,0.6951219512195121,6.45609756097561,117.9390243902439,111.41463414634147,42.58536585365854,0.37540243902439024,45.329268292682926,12.71951219512195,0.6585365853658537,4.317073170731708,115.21951219512195,110.90243902439025,32.6219512195122,0.38501219512195123,40.926829268292686,12.829268292682928,0.75,0.03658536585365846,2.139024390243902,2.7195121951219505,0.5121951219512226,9.96341463414634,-0.009609756097560984,4.40243902439024,-0.10975609756097704
42200236,1610612747,1,1610612744,2022-23,0.524390243902439,0.5853658536585366,117.17073170731707,116.59756097560975,31.195121951219512,0.3480365853658537,45.707317073170735,13.463414634146341,0.5365853658536586,1.8048780487804879,118.9390243902439,117.13414634146342,43.170731707317074,0.3846341463414634,44.59756097560975,15.695121951219512,0.75,-0.012195121951219523,-1.2195121951219514,-1.7682926829268268,-0.5365853658536679,-11.975609756097562,-0.03659756097560973,1.1097560975609824,-2.2317073170731714
42200206,1610612748,1,1610612752,2022-23,0.5365853658536586,-0.3170731707317073,109.47560975609755,109.79268292682927,34.78048780487805,0.34431707317073174,40.59756097560975,12.768292682926829,0.573170731707317,2.9560975609756097,116.02439024390245,113.09756097560975,35.73170731707317,0.3538414634146341,46.59756097560975,12.048780487804878,0.25,-0.03658536585365846,-3.273170731707317,-6.5487804878048905,-3.3048780487804805,-0.9512195121951237,-0.009524390243902392,-6.0,0.7195121951219505
42200226,1610612756,0,1610612743,2022-23,0.5487804878048781,2.073170731707317,113.64634146341463,111.57317073170732,32.609756097560975,0.3713170731707317,44.24390243902439,12.865853658536585,0.6463414634146342,3.297560975609756,115.79268292682927,112.46341463414635,31.20731707317073,0.3760121951219512,43.01219512195122,13.829268292682928,0.5,-0.09756097560975607,-1.2243902439024388,-2.146341463414643,-0.8902439024390247,1.4024390243902438,-0.004695121951219516,1.231707317073166,-0.9634146341463428
42200216,1610612755,0,1610612738,2022-23,0.6585365853658537,4.317073170731708,115.21951219512195,110.90243902439025,32.6219512195122,0.38501219512195123,40.926829268292686,12.829268292682928,0.6951219512195121,6.45609756097561,117.9390243902439,111.41463414634147,42.58536585365854,0.37540243902439024,45.329268292682926,12.71951219512195,0.25,-0.03658536585365846,-2.139024390243902,-2.7195121951219505,-0.5121951219512226,-9.96341463414634,0.009609756097560984,-4.40243902439024,0.10975609756097704
42200235,1610612744,1,1610612747,2022-23,0.5365853658536586,1.8048780487804879,118.9390243902439,117.13414634146342,43.170731707317074,0.3846341463414634,44.59756097560975,15.695121951219512,0.524390243902439,0.5853658536585366,117.17073170731707,116.59756097560975,31.195121951219512,0.3480365853658537,45.707317073170735,13.463414634146341,0.25,0.012195121951219523,1.2195121951219514,1.7682926829268268,0.5365853658536679,11.975609756097562,0.03659756097560973,-1.1097560975609824,2.2317073170731714
42200205,1610612752,1,1610612748,2022-23,0.573170731707317,2.9560975609756097,116.02439024390245,113.09756097560975,35.73170731707317,0.3538414634146341,46.59756097560975,12.048780487804878,0.5365853658536586,-0.3170731707317073,109.47560975609755,109.79268292682927,34.78048780487805,0.34431707317073174,40.59756097560975,12.768292682926829,0.75,0.03658536585365846,3.273170731707317,6.5487804878048905,3.3048780487804805,0.9512195121951237,0.009524390243902392,6.0,-0.7195121951219505
42200215,1610612738,0,1610612755,2022-23,0.6951219512195121,6.45609756097561,117.9390243902439,111.41463414634147,42.58536585365854,0.37540243902439024,45.329268292682926,12.71951219512195,0.6585365853658537,4.317073170731708,115.21951219512195,110.90243902439025,32.6219512195122,0.38501219512195123,40.926829268292686,12.829268292682928,0.75,0.03658536585365846,2.139024390243902,2.7195121951219505,0.5121951219512226,9.96341463414634,-0.009609756097560984,4.40243902439024,-0.10975609756097704
42200225,1610612743,1,1610612756,2022-23,0.6463414634146342,3.297560975609756,115.79268292682927,112.46341463414635,31.20731707317073,0.3760121951219512,43.01219512195122,13.829268292682928,0.5487804878048781,2.073170731707317,113.64634146341463,111.57317073170732,32.609756097560975,0.3713170731707317,44.24390243902439,12.865853658536585,0.5,0.09756097560975607,1.2243902439024388,2.146341463414643,0.8902439024390247,-1.4024390243902438,0.004695121951219516,-1.231707317073166,0.9634146341463428
42200204,1610612748,1,1610612752,2022-23,0.5365853658536586,-0.3170731707317073,109.47560975609755,109.79268292682927,34.78048780487805,0.34431707317073174,40.59756097560975,12.768292682926829,0.573170731707317,2.9560975609756097,116.02439024390245,113.09756097560975,35.73170731707317,0.3538414634146341,46.59756097560975,12.048780487804878,0.25,-0.03658536585365846,-3.273170731707317,-6.5487804878048905,-3.3048780487804805,-0.9512195121951237,-0.009524390243902392,-6.0,0.7195121951219505
42200234,1610612747,1,1610612744,2022-23,0.524390243902439,0.5853658536585366,117.17073170731707,116.59756097560975,31.195121951219512,0.3480365853658537,45.707317073170735,13.463414634146341,0.5365853658536586,1.8048780487804879,118.9390243902439,117.13414634146342,43.170731707317074,0.3846341463414634,44.59756097560975,15.695121951219512,0.75,-0.012195121951219523,-1.2195121951219514,-1.7682926829268268,-0.5365853658536679,-11.975609756097562,-0.03659756097560973,1.1097560975609824,-2.2317073170731714
42200224,1610612756,1,1610612743,2022-23,0.5487804878048781,2.073170731707317,113.64634146341463,111.57317073170732,32.609756097560975,0.3713170731707317,44.24390243902439,12.865853658536585,0.6463414634146342,3.297560975609756,115.79268292682927,112.46341463414635,31.20731707317073,0.3760121951219512,43.01219512195122,13.829268292682928,0.5,-0.09756097560975607,-1.2243902439024388,-2.146341463414643,-0.8902439024390247,1.4024390243902438,-0.004695121951219516,1.231707317073166,-0.9634146341463428
42200214,1610612755,1,1610612738,2022-23,0.6585365853658537,4.317073170731708,115.21951219512195,110.90243902439025,32.6219512195122,0.38501219512195123,40.926829268292686,12.829268292682928,0.6951219512195121,6.45609756097561,117.9390243902439,111.41463414634147,42.58536585365854,0.37540243902439024,45.329268292682926,12.71951219512195,0.25,-0.03658536585365846,-2.139024390243902,-2.7195121951219505,-0.5121951219512226,-9.96341463414634,0.009609756097560984,-4.40243902439024,0.10975609756097704
42200233,1610612747,1,1610612744,2022-23,0.524390243902439,0.5853658536585366,117.17073170731707,116.59756097560975,31.195121951219512,0.3480365853658537,45.707317073170735,13.463414634146341,0.5365853658536586,1.8048780487804879,118.9390243902439,117.13414634146342,43.170731707317074,0.3846341463414634,44.59756097560975,15.695121951219512,0.75,-0.012195121951219523,-1.2195121951219514,-1.7682926829268268,-0.5365853658536679,-11.975609756097562,-0.03659756097560973,1.1097560975609824,-2.2317073170731714
42200203,1610612748,1,1610612752,2022-23,0.5365853658536586,-0.3170731707317073,109.47560975609755,109.79268292682927,34.78048780487805,0.34431707317073174,40.59756097560975,12.768292682926829,0.573170731707317,2.9560975609756097,116.02439024390245,113.09756097560975,35.73170731707317,0.3538414634146341,46.59756097560975,12.048780487804878,0.25,-0.03658536585365846,-3.273170731707317,-6.5487804878048905,-3.3048780487804805,-0.9512195121951237,-0.009524390243902392,-6.0,0.7195121951219505
42200213,1610612755,0,1610612738,2022-23,0.6585365853658537,4.317073170731708,115.21951219512195,110.90243902439025,32.6219512195122,0.38501219512195123,40.926829268292686,12.829268292682928,0.6951219512195121,6.45609756097561,117.9390243902439,111.41463414634147,42.58536585365854,0.37540243902439024,45.329268292682926,12.71951219512195,0.25,-0.03658536585365846,-2.139024390243902,-2.7195121951219505,-0.5121951219512226,-9.96341463414634,0.009609756097560984,-4.40243902439024,0.10975609756097704
42200223,1610612756,1,1610612743,2022-23,0.5487804878048781,2.073170731707317,113.64634146341463,111.57317073170732,32.609756097560975,0.3713170731707317,44.24390243902439,12.865853658536585,0.6463414634146342,3.297560975609756,115.79268292682927,112.46341463414635,31.20731707317073,0.3760121951219512,43.01219512195122,13.829268292682928,0.5,-0.09756097560975607,-1.2243902439024388,-2.146341463414643,-0.8902439024390247,1.4024390243902438,-0.004695121951219516,1.231707317073166,-0.9634146341463428
42200232,1610612744,1,1610612747,2022-23,0.5365853658536586,1.8048780487804879,118.9390243902439,117.13414634146342,43.170731707317074,0.3846341463414634,44.59756097560975,15.695121951219512,0.524390243902439,0.5853658536585366,117.17073170731707,116.59756097560975,31.195121951219512,0.3480365853658537,45.707317073170735,13.463414634146341,0.25,0.012195121951219523,1.2195121951219514,1.7682926829268268,0.5365853658536679,11.975609756097562,0.03659756097560973,-1.1097560975609824,2.2317073170731714
42200212,1610612738,1,1610612755,2022-23,0.6951219512195121,6.45609756097561,117.9390243902439,111.41463414634147,42.58536585365854,0.37540243902439024,45.329268292682926,12.71951219512195,0.6585365853658537,4.317073170731708,115.21951219512195,110.90243902439025,32.6219512195122,0.38501219512195123,40.926829268292686,12.829268292682928,0.75,0.03658536585365846,2.139024390243902,2.7195121951219505,0.5121951219512226,9.96341463414634,-0.009609756097560984,4.40243902439024,-0.10975609756097704
42200202,1610612752,1,1610612748,2022-23,0.573170731707317,2.9560975609756097,116.02439024390245,113.09756097560975,35.73170731707317,0.3538414634146341,46.59756097560975,12.048780487804878,0.5365853658536586,-0.3170731707317073,109.47560975609755,109.79268292682927,34.78048780487805,0.34431707317073174,40.59756097560975,12.768292682926829,0.75,0.03658536585365846,3.273170731707317,6.5487804878048905,3.3048780487804805,0.9512195121951237,0.009524390243902392,6.0,-0.7195121951219505
42200231,1610612744,0,1610612747,2022-23,0.5365853658536586,1.8048780487804879,118.9390243902439,117.13414634146342,43.170731707317074,0.3846341463414634,44.59756097560975,15.695121951219512,0.524390243902439,0.5853658536585366,117.17073170731707,116.59756097560975,31.195121951219512,0.3480365853658537,45.707317073170735,13.463414634146341,0.25,0.012195121951219523,1.2195121951219514,1.7682926829268268,0.5365853658536679,11.975609756097562,0.03659756097560973,-1.1097560975609824,2.2317073170731714
42200211,1610612738,0,1610612755,2022-23,0.6951219512195121,6.45609756097561,117.9390243902439,111.41463414634147,42.58536585365854,0.37540243902439024,45.329268292682926,12.71951219512195,0.6585365853658537,4.317073170731708,115.21951219512195,110.90243902439025,32.6219512195122,0.38501219512195123,40.926829268292686,12.829268292682928,0.75,0.03658536585365846,2.139024390243902,2.7195121951219505,0.5121951219512226,9.96341463414634,-0.009609756097560984,4.40243902439024,-0.10975609756097704
42200222,1610612743,1,1610612756,2022-23,0.6463414634146342,3.297560975609756,115.79268292682927,112.46341463414635,31.20731707317073,0.3760121951219512,43.01219512195122,13.829268292682928,0.5487804878048781,2.073170731707317,113.64634146341463,111.57317073170732,32.609756097560975,0.3713170731707317,44.24390243902439,12.865853658536585,0.5,0.09756097560975607,1.2243902439024388,2.146341463414643,0.8902439024390247,-1.4024390243902438,0.004695121951219516,-1.231707317073166,0.9634146341463428
42200167,1610612758,0,1610612744,2022-23,0.5853658536585366,2.6463414634146343,120.70731707317073,118.0609756097561,37.31707317073171,0.36771951219512194,42.451219512195124,13.121951219512194,0.5365853658536586,1.8048780487804879,118.9390243902439,117.13414634146342,43.170731707317074,0.3846341463414634,44.59756097560975,15.695121951219512,0.25,0.04878048780487798,0.8414634146341464,1.7682926829268268,0.9268292682926784,-5.853658536585364,-0.01691463414634148,-2.146341463414629,-2.573170731707318
42200201,1610612752,0,1610612748,2022-23,0.573170731707317,2.9560975609756097,116.02439024390245,113.09756097560975,35.73170731707317,0.3538414634146341,46.59756097560975,12.048780487804878,0.5365853658536586,-0.3170731707317073,109.47560975609755,109.79268292682927,34.78048780487805,0.34431707317073174,40.59756097560975,12.768292682926829,0.75,0.03658536585365846,3.273170731707317,6.5487804878048905,3.3048780487804805,0.9512195121951237,0.009524390243902392,6.0,-0.7195121951219505
42200221,1610612743,1,1610612756,2022-23,0.6463414634146342,3.297560975609756,115.79268292682927,112.46341463414635,31.20731707317073,0.3760121951219512,43.01219512195122,13.829268292682928,0.5487804878048781,2.073170731707317,113.64634146341463,111.57317073170732,32.609756097560975,0.3713170731707317,44.24390243902439,12.865853658536585,0.5,0.09756097560975607,1.2243902439024388,2.146341463414643,0.8902439024390247,-1.4024390243902438,0.004695121951219516,-1.231707317073166,0.9634146341463428
42200166,1610612744,0,1610612758,2022-23,0.5365853658536586,1.8048780487804879,118.9390243902439,117.13414634146342,43.170731707317074,0.3846341463414634,44.59756097560975,15.695121951219512,0.5853658536585366,2.6463414634146343,120.70731707317073,118.0609756097561,37.31707317073171,0.36771951219512194,42.451219512195124,13.121951219512194,0.75,-0.04878048780487798,-0.8414634146341464,-1.7682926829268268,-0.9268292682926784,5.853658536585364,0.01691463414634148,2.146341463414629,2.573170731707318
42200156,1610612747,1,1610612763,2022-23,0.524390243902439,0.5853658536585366,117.17073170731707,116.59756097560975,31.195121951219512,0.3480365853658537,45.707317073170735,13.463414634146341,0.6219512195121951,3.9390243902439024,116.91463414634147,112.97560975609755,34.23170731707317,0.349780487804878,46.6219512195122,12.926829268292684,0.6666666666666666,-0.09756097560975607,-3.3536585365853657,0.2560975609756042,3.621951219512198,-3.036585365853661,-0.0017439024390243363,-0.9146341463414629,0.5365853658536572
42200116,1610612737,0,1610612738,2022-23,0.5,0.3878048780487805,118.42682926829268,118.13414634146342,30.548780487804876,0.35339024390243906,44.3780487804878,12.353658536585366,0.6951219512195121,6.45609756097561,117.9390243902439,111.41463414634147,42.58536585365854,0.37540243902439024,45.329268292682926,12.71951219512195,0.0,-0.19512195121951215,-6.068292682926829,0.48780487804877737,6.7195121951219505,-12.03658536585366,-0.022012195121951184,-0.9512195121951237,-0.3658536585365848
42200165,1610612758,0,1610612744,2022-23,0.5853658536585366,2.6463414634146343,120.70731707317073,118.0609756097561,37.31707317073171,0.36771951219512194,42.451219512195124,13.121951219512194,0.5365853658536586,1.8048780487804879,118.9390243902439,117.13414634146342,43.170731707317074,0.3846341463414634,44.59756097560975,15.695121951219512,0.25,0.04878048780487798,0.8414634146341464,1.7682926829268268,0.9268292682926784,-5.853658536585364,-0.01691463414634148,-2.146341463414629,-2.573170731707318
42200105,1610612749,0,1610612748,2022-23,0.7073170731707317,3.6341463414634148,116.9390243902439,113.3048780487805,40.31707317073171,0.36791463414634146,48.63414634146341,13.865853658536585,0.5365853658536586,-0.3170731707317073,109.47560975609755,109.79268292682927,34.78048780487805,0.34431707317073174,40.59756097560975,12.768292682926829,0.5,0.1707317073170731,3.951219512195122,7.463414634146346,3.5121951219512226,5.536585365853661,0.02359756097560972,8.03658536585366,1.0975609756097562
42200135,1610612739,0,1610612752,2022-23,0.6219512195121951,5.326829268292683,112.2560975609756,106.8780487804878,31.573170731707318,0.3663170731707317,41.08536585365854,12.439024390243903,0.573170731707317,2.9560975609756097,116.02439024390245,113.09756097560975,35.73170731707317,0.3538414634146341,46.59756097560975,12.048780487804878,0.25,0.04878048780487809,2.3707317073170735,-3.768292682926841,-6.2195121951219505,-4.158536585365855,0.012475609756097572,-5.5121951219512155,0.39024390243902474
42200155,1610612763,1,1610612747,2022-23,0.6219512195121951,3.9390243902439024,116.91463414634147,112.97560975609755,34.23170731707317,0.349780487804878,46.6219512195122,12.926829268292684,0.524390243902439,0.5853658536585366,117.17073170731707,116.59756097560975,31.195121951219512,0.3480365853658537,45.707317073170735,13.463414634146341,0.3333333333333333,0.09756097560975607,3.3536585365853657,-0.2560975609756042,-3.621951219512198,3.036585365853661,0.0017439024390243363,0.9146341463414629,-0.5365853658536572
42200115,1610612738,0,1610612737,2022-23,0.6951219512195121,6.45609756097561,117.9390243902439,111.41463414634147,42.58536585365854,0.37540243902439024,45.329268292682926,12.71951219512195,0.5,0.3878048780487805,118.42682926829268,118.13414634146342,30.548780487804876,0.35339024390243906,44.3780487804878,12.353658536585366,1.0,0.19512195121951215,6.068292682926829,-0.48780487804877737,-6.7195121951219505,12.03658536585366,0.022012195121951184,0.9512195121951237,0.3658536585365848
42200175,1610612756,1,1610612746,2022-23,0.5487804878048781,2.073170731707317,113.64634146341463,111.57317073170732,32.609756097560975,0.3713170731707317,44.24390243902439,12.865853658536585,0.5365853658536586,0.5,113.58536585365853,113.08536585365853,33.353658536585364,0.37682926829268293,43.23170731707317,13.536585365853659,0.5,0.012195121951219523,1.5731707317073171,0.06097560975609895,-1.5121951219512084,-0.7439024390243887,-0.005512195121951224,1.0121951219512155,-0.6707317073170742
42200145,1610612743,1,1610612750,2022-23,0.6463414634146342,3.297560975609756,115.79268292682927,112.46341463414635,31.20731707317073,0.3760121951219512,43.01219512195122,13.829268292682928,0.5121951219512195,-0.036585365853658534,115.78048780487805,115.8170731707317,33.30487804878049,0.3635121951219512,41.890243902439025,14.78048780487805,0.5,0.13414634146341464,3.3341463414634145,0.012195121951222632,-3.353658536585357,-2.097560975609756,0.012500000000000011,1.121951219512198,-0.9512195121951219
42200154,1610612747,1,1610612763,2022-23,0.524390243902439,0.5853658536585366,117.17073170731707,116.59756097560975,31.195121951219512,0.3480365853658537,45.707317073170735,13.463414634146341,0.6219512195121951,3.9390243902439024,116.91463414634147,112.97560975609755,34.23170731707317,0.349780487804878,46.6219512195122,12.926829268292684,0.6666666666666666,-0.09756097560975607,-3.3536585365853657,0.2560975609756042,3.621951219512198,-3.036585365853661,-0.0017439024390243363,-0.9146341463414629,0.5365853658536572
42200104,1610612748,1,1610612749,2022-23,0.5365853658536586,-0.3170731707317073,109.47560975609755,109.79268292682927,34.78048780487805,0.34431707317073174,40.59756097560975,12.768292682926829,0.7073170731707317,3.6341463414634148,116.9390243902439,113.3048780487805,40.31707317073171,0.36791463414634146,48.63414634146341,13.865853658536585,0.5,-0.1707317073170731,-3.951219512195122,-7.463414634146346,-3.5121951219512226,-5.536585365853661,-0.02359756097560972,-8.03658536585366,-1.0975609756097562
42200114,1610612737,0,1610612738,2022-23,0.5,0.3878048780487805,118.42682926829268,118.13414634146342,30.548780487804876,0.35339024390243906,44.3780487804878,12.353658536585366,0.6951219512195121,6.45609756097561,117.9390243902439,111.41463414634147,42.58536585365854,0.37540243902439024,45.329268292682926,12.71951219512195,0.0,-0.19512195121951215,-6.068292682926829,0.48780487804877737,6.7195121951219505,-12.03658536585366,-0.022012195121951184,-0.9512195121951237,-0.3658536585365848
42200134,1610612752,1,1610612739,2022-23,0.573170731707317,2.9560975609756097,116.02439024390245,113.09756097560975,35.73170731707317,0.3538414634146341,46.59756097560975,12.048780487804878,0.6219512195121951,5.326829268292683,112.2560975609756,106.8780487804878,31.573170731707318,0.3663170731707317,41.08536585365854,12.439024390243903,0.75,-0.04878048780487809,-2.3707317073170735,3.768292682926841,6.2195121951219505,4.158536585365855,-0.012475609756097572,5.5121951219512155,-0.39024390243902474
42200144,1610612750,1,1610612743,2022-23,0.5121951219512195,-0.036585365853658534,115.78048780487805,115.8170731707317,33.30487804878049,0.3635121951219512,41.890243902439025,14.78048780487805,0.6463414634146342,3.297560975609756,115.79268292682927,112.46341463414635,31.20731707317073,0.3760121951219512,43.01219512195122,13.829268292682928,0.5,-0.13414634146341464,-3.3341463414634145,-0.012195121951222632,3.353658536585357,2.097560975609756,-0.012500000000000011,-1.121951219512198,0.9512195121951219
42200164,1610612744,1,1610612758,2022-23,0.5365853658536586,1.8048780487804879,118.9390243902439,117.13414634146342,43.170731707317074,0.3846341463414634,44.59756097560975,15.695121951219512,0.5853658536585366,2.6463414634146343,120.70731707317073,118.0609756097561,37.31707317073171,0.36771951219512194,42.451219512195124,13.121951219512194,0.75,-0.04878048780487798,-0.8414634146341464,-1.7682926829268268,-0.9268292682926784,5.853658536585364,0.01691463414634148,2.146341463414629,2.573170731707318
42200103,1610612748,1,1610612749,2022-23,0.5365853658536586,-0.3170731707317073,109.47560975609755,109.79268292682927,34.78048780487805,0.34431707317073174,40.59756097560975,12.768292682926829,0.7073170731707317,3.6341463414634148,116.9390243902439,113.3048780487805,40.31707317073171,0.36791463414634146,48.63414634146341,13.865853658536585,0.5,-0.1707317073170731,-3.951219512195122,-7.463414634146346,-3.5121951219512226,-5.536585365853661,-0.02359756097560972,-8.03658536585366,-1.0975609756097562
42200153,1610612747,1,1610612763,2022-23,0.524390243902439,0.5853658536585366,117.17073170731707,116.59756097560975,31.195121951219512,0.3480365853658537,45.707317073170735,13.463414634146341,0.6219512195121951,3.9390243902439024,116.91463414634147,112.97560975609755,34.23170731707317,0.349780487804878,46.6219512195122,12.926829268292684,0.6666666666666666,-0.09756097560975607,-3.3536585365853657,0.2560975609756042,3.621951219512198,-3.036585365853661,-0.0017439024390243363,-0.9146341463414629,0.5365853658536572
42200174,1610612746,0,1610612756,2022-23,0.5365853658536586,0.5,113.58536585365853,113.08536585365853,33.353658536585364,0.37682926829268293,43.23170731707317,13.536585365853659,0.5487804878048781,2.073170731707317,113.64634146341463,111.57317073170732,32.609756097560975,0.3713170731707317,44.24390243902439,12.865853658536585,0.5,-0.012195121951219523,-1.5731707317073171,-0.06097560975609895,1.5121951219512084,0.7439024390243887,0.005512195121951224,-1.0121951219512155,0.6707317073170742
42200124,1610612751,0,1610612755,2022-23,0.5487804878048781,0.8536585365853658,113.35365853658537,112.5,33.792682926829265,0.3801341463414634,40.51219512195122,12.890243902439025,0.6585365853658537,4.317073170731708,115.21951219512195,110.90243902439025,32.6219512195122,0.38501219512195123,40.926829268292686,12.829268292682928,0.0,-0.1097560975609756,-3.463414634146342,-1.8658536585365795,1.5975609756097526,1.170731707317067,-0.004878048780487809,-0.4146341463414629,0.06097560975609717
42200143,1610612750,0,1610612743,2022-23,0.5121951219512195,-0.036585365853658534,115.78048780487805,115.8170731707317,33.30487804878049,0.3635121951219512,41.890243902439025,14.78048780487805,0.6463414634146342,3.297560975609756,115.79268292682927,112.46341463414635,31.20731707317073,0.3760121951219512,43.01219512195122,13.829268292682928,0.5,-0.13414634146341464,-3.3341463414634145,-0.012195121951222632,3.353658536585357,2.097560975609756,-0.012500000000000011,-1.121951219512198,0.9512195121951219
42200133,1610612752,1,1610612739,2022-23,0.573170731707317,2.9560975609756097,116.02439024390245,113.09756097560975,35.73170731707317,0.3538414634146341,46.59756097560975,12.048780487804878,0.6219512195121951,5.326829268292683,112.2560975609756,106.8780487804878,31.573170731707318,0.3663170731707317,41.08536585365854,12.439024390243903,0.75,-0.04878048780487809,-2.3707317073170735,3.768292682926841,6.2195121951219505,4.158536585365855,-0.012475609756097572,5.5121951219512155,-0.39024390243902474
42200113,1610612737,1,1610612738,2022-23,0.5,0.3878048780487805,118.42682926829268,118.13414634146342,30.548780487804876,0.35339024390243906,44.3780487804878,12.353658536585366,0.6951219512195121,6.45609756097561,117.9390243902439,111.41463414634147,42.58536585365854,0.37540243902439024,45.329268292682926,12.71951219512195,0.0,-0.19512195121951215,-6.068292682926829,0.48780487804877737,6.7195121951219505,-12.03658536585366,-0.022012195121951184,-0.9512195121951237,-0.3658536585365848
42200123,1610612751,0,1610612755,2022-23,0.5487804878048781,0.8536585365853658,113.35365853658537,112.5,33.792682926829265,0.3801341463414634,40.51219512195122,12.890243902439025,0.6585365853658537,4.317073170731708,115.21951219512195,110.90243902439025,32.6219512195122,0.38501219512195123,40.926829268292686,12.829268292682928,0.0,-0.1097560975609756,-3.463414634146342,-1.8658536585365795,1.5975609756097526,1.170731707317067,-0.004878048780487809,-0.4146341463414629,0.06097560975609717
42200163,1610612744,1,1610612758,2022-23,0.5365853658536586,1.8048780487804879,118.9390243902439,117.13414634146342,43.170731707317074,0.3846341463414634,44.59756097560975,15.695121951219512,0.5853658536585366,2.6463414634146343,120.70731707317073,118.0609756097561,37.31707317073171,0.36771951219512194,42.451219512195124,13.121951219512194,0.75,-0.04878048780487798,-0.8414634146341464,-1.7682926829268268,-0.9268292682926784,5.853658536585364,0.01691463414634148,2.146341463414629,2.573170731707318
42200173,1610612746,0,1610612756,2022-23,0.5365853658536586,0.5,113.58536585365853,113.08536585365853,33.353658536585364,0.37682926829268293,43.23170731707317,13.536585365853659,0.5487804878048781,2.073170731707317,113.64634146341463,111.57317073170732,32.609756097560975,0.3713170731707317,44.24390243902439,12.865853658536585,0.5,-0.012195121951219523,-1.5731707317073171,-0.06097560975609895,1.5121951219512084,0.7439024390243887,0.005512195121951224,-1.0121951219512155,0.6707317073170742
42200142,1610612743,1,1610612750,2022-23,0.6463414634146342,3.297560975609756,115.79268292682927,112.46341463414635,31.20731707317073,0.3760121951219512,43.01219512195122,13.829268292682928,0.5121951219512195,-0.036585365853658534,115.78048780487805,115.8170731707317,33.30487804878049,0.3635121951219512,41.890243902439025,14.78048780487805,0.5,0.13414634146341464,3.3341463414634145,0.012195121951222632,-3.353658536585357,-2.097560975609756,0.012500000000000011,1.121951219512198,-0.9512195121951219
42200152,1610612763,1,1610612747,2022-23,0.6219512195121951,3.9390243902439024,116.91463414634147,112.97560975609755,34.23170731707317,0.349780487804878,46.6219512195122,12.926829268292684,0.524390243902439,0.5853658536585366,117.17073170731707,116.59756097560975,31.195121951219512,0.3480365853658537,45.707317073170735,13.463414634146341,0.3333333333333333,0.09756097560975607,3.3536585365853657,-0.2560975609756042,-3.621951219512198,3.036585365853661,0.0017439024390243363,0.9146341463414629,-0.5365853658536572
42200102,1610612749,1,1610612748,2022-23,0.7073170731707317,3.6341463414634148,116.9390243902439,113.3048780487805,40.31707317073171,0.36791463414634146,48.63414634146341,13.865853658536585,0.5365853658536586,-0.3170731707317073,109.47560975609755,109.79268292682927,34.78048780487805,0.34431707317073174,40.59756097560975,12.768292682926829,0.5,0.1707317073170731,3.951219512195122,7.463414634146346,3.5121951219512226,5.536585365853661,0.02359756097560972,8.03658536585366,1.0975609756097562
42200172,1610612756,1,1610612746,2022-23,0.5487804878048781,2.073170731707317,113.64634146341463,111.57317073170732,32.609756097560975,0.3713170731707317,44.24390243902439,12.865853658536585,0.5365853658536586,0.5,113.58536585365853,113.08536585365853,33.353658536585364,0.37682926829268293,43.23170731707317,13.536585365853659,0.5,0.012195121951219523,1.5731707317073171,0.06097560975609895,-1.5121951219512084,-0.7439024390243887,-0.005512195121951224,1.0121951219512155,-0.6707317073170742
42200112,1610612738,1,1610612737,2022-23,0.6951219512195121,6.45609756097561,117.9390243902439,111.41463414634147,42.58536585365854,0.37540243902439024,45.329268292682926,12.71951219512195,0.5,0.3878048780487805,118.42682926829268,118.13414634146342,30.548780487804876,0.35339024390243906,44.3780487804878,12.353658536585366,1.0,0.19512195121951215,6.068292682926829,-0.48780487804877737,-6.7195121951219505,12.03658536585366,0.022012195121951184,0.9512195121951237,0.3658536585365848
42200132,1610612739,1,1610612752,2022-23,0.6219512195121951,5.326829268292683,112.2560975609756,106.8780487804878,31.573170731707318,0.3663170731707317,41.08536585365854,12.439024390243903,0.573170731707317,2.9560975609756097,116.02439024390245,113.09756097560975,35.73170731707317,0.3538414634146341,46.59756097560975,12.048780487804878,0.25,0.04878048780487809,2.3707317073170735,-3.768292682926841,-6.2195121951219505,-4.158536585365855,0.012475609756097572,-5.5121951219512155,0.39024390243902474
42200162,1610612758,1,1610612744,2022-23,0.5853658536585366,2.6463414634146343,120.70731707317073,118.0609756097561,37.31707317073171,0.36771951219512194,42.451219512195124,13.121951219512194,0.5365853658536586,1.8048780487804879,118.9390243902439,117.13414634146342,43.170731707317074,0.3846341463414634,44.59756097560975,15.695121951219512,0.25,0.04878048780487798,0.8414634146341464,1.7682926829268268,0.9268292682926784,-5.853658536585364,-0.01691463414634148,-2.146341463414629,-2.573170731707318
42200122,1610612755,1,1610612751,2022-23,0.6585365853658537,4.317073170731708,115.21951219512195,110.90243902439025,32.6219512195122,0.38501219512195123,40.926829268292686,12.829268292682928,0.5487804878048781,0.8536585365853658,113.35365853658537,112.5,33.792682926829265,0.3801341463414634,40.51219512195122,12.890243902439025,1.0,0.1097560975609756,3.463414634146342,1.8658536585365795,-1.5975609756097526,-1.170731707317067,0.004878048780487809,0.4146341463414629,-0.06097560975609717
42200101,1610612749,0,1610612748,2022-23,0.7073170731707317,3.6341463414634148,116.9390243902439,113.3048780487805,40.31707317073171,0.36791463414634146,48.63414634146341,13.865853658536585,0.5365853658536586,-0.3170731707317073,109.47560975609755,109.79268292682927,34.78048780487805,0.34431707317073174,40.59756097560975,12.768292682926829,0.5,0.1707317073170731,3.951219512195122,7.463414634146346,3.5121951219512226,5.536585365853661,0.02359756097560972,8.03658536585366,1.0975609756097562
42200141,1610612743,1,1610612750,2022-23,0.6463414634146342,3.297560975609756,115.79268292682927,112.46341463414635,31.20731707317073,0.3760121951219512,43.01219512195122,13.829268292682928,0.5121951219512195,-0.036585365853658534,115.78048780487805,115.8170731707317,33.30487804878049,0.3635121951219512,41.890243902439025,14.78048780487805,0.5,0.13414634146341464,3.3341463414634145,0.012195121951222632,-3.353658536585357,-2.097560975609756,0.012500000000000011,1.121951219512198,-0.9512195121951219
42200151,1610612763,0,1610612747,2022-23,0.6219512195121951,3.9390243902439024,116.91463414634147,112.97560975609755,34.23170731707317,0.349780487804878,46.6219512195122,12.926829268292684,0.524390243902439,0.5853658536585366,117.17073170731707,116.59756097560975,31.195121951219512,0.3480365853658537,45.707317073170735,13.463414634146341,0.3333333333333333,0.09756097560975607,3.3536585365853657,-0.2560975609756042,-3.621951219512198,3.036585365853661,0.0017439024390243363,0.9146341463414629,-0.5365853658536572
42200171,1610612756,0,1610612746,2022-23,0.5487804878048781,2.073170731707317,113.64634146341463,111.57317073170732,32.609756097560975,0.3713170731707317,44.24390243902439,12.865853658536585,0.5365853658536586,0.5,113.58536585365853,113.08536585365853,33.353658536585364,0.37682926829268293,43.23170731707317,13.536585365853659,0.5,0.012195121951219523,1.5731707317073171,0.06097560975609895,-1.5121951219512084,-0.7439024390243887,-0.005512195121951224,1.0121951219512155,-0.6707317073170742
42200161,1610612758,1,1610612744,2022-23,0.5853658536585366,2.6463414634146343,120.70731707317073,118.0609756097561,37.31707317073171,0.36771951219512194,42.451219512195124,13.121951219512194,0.5365853658536586,1.8048780487804879,118.9390243902439,117.13414634146342,43.170731707317074,0.3846341463414634,44.59756097560975,15.695121951219512,0.25,0.04878048780487798,0.8414634146341464,1.7682926829268268,0.9268292682926784,-5.853658536585364,-0.01691463414634148,-2.146341463414629,-2.573170731707318
42200111,1610612738,1,1610612737,2022-23,0.6951219512195121,6.45609756097561,117.9390243902439,111.41463414634147,42.58536585365854,0.37540243902439024,45.329268292682926,12.71951219512195,0.5,0.3878048780487805,118.42682926829268,118.13414634146342,30.548780487804876,0.35339024390243906,44.3780487804878,12.353658536585366,1.0,0.19512195121951215,6.068292682926829,-0.48780487804877737,-6.7195121951219505,12.03658536585366,0.022012195121951184,0.9512195121951237,0.3658536585365848
42200121,1610612755,1,1610612751,2022-23,0.6585365853658537,4.317073170731708,115.21951219512195,110.90243902439025,32.6219512195122,0.38501219512195123,40.926829268292686,12.829268292682928,0.5487804878048781,0.8536585365853658,113.35365853658537,112.5,33.792682926829265,0.3801341463414634,40.51219512195122,12.890243902439025,1.0,0.1097560975609756,3.463414634146342,1.8658536585365795,-1.5975609756097526,-1.170731707317067,0.004878048780487809,0.4146341463414629,-0.06097560975609717
42200131,1610612739,0,1610612752,2022-23,0.6219512195121951,5.326829268292683,112.2560975609756,106.8780487804878,31.573170731707318,0.3663170731707317,41.08536585365854,12.439024390243903,0.573170731707317,2.9560975609756097,116.02439024390245,113.09756097560975,35.73170731707317,0.3538414634146341,46.59756097560975,12.048780487804878,0.25,0.04878048780487809,2.3707317073170735,-3.768292682926841,-6.2195121951219505,-4.158536585365855,0.012475609756097572,-5.5121951219512155,0.39024390243902474
42300405,1610612738,1,1610612742,2023-24,0.7804878048780488,11.341463414634147,120.57317073170732,109.23170731707317,42.46341463414634,0.38759756097560977,46.329268292682926,11.268292682926829,0.6097560975609756,2.207317073170732,117.85365853658537,115.64634146341463,39.53658536585366,0.3670121951219512,42.9390243902439,12.085365853658537,1.0,0.1707317073170732,9.134146341463415,2.7195121951219505,-6.414634146341456,2.9268292682926784,0.020585365853658555,3.3902439024390247,-0.8170731707317085
42300404,1610612742,1,1610612738,2023-24,0.6097560975609756,2.207317073170732,117.85365853658537,115.64634146341463,39.53658536585366,0.3670121951219512,42.9390243902439,12.085365853658537,0.7804878048780488,11.341463414634147,120.57317073170732,109.23170731707317,42.46341463414634,0.38759756097560977,46.329268292682926,11.268292682926829,0.0,-0.1707317073170732,-9.134146341463415,-2.7195121951219505,6.414634146341456,-2.9268292682926784,-0.020585365853658555,-3.3902439024390247,0.8170731707317085
42300403,1610612742,0,1610612738,2023-24,0.6097560975609756,2.207317073170732,117.85365853658537,115.64634146341463,39.53658536585366,0.3670121951219512,42.9390243902439,12.085365853658537,0.7804878048780488,11.341463414634147,120.57317073170732,109.23170731707317,42.46341463414634,0.38759756097560977,46.329268292682926,11.268292682926829,0.0,-0.1707317073170732,-9.134146341463415,-2.7195121951219505,6.414634146341456,-2.9268292682926784,-0.020585365853658555,-3.3902439024390247,0.8170731707317085
42300402,1610612738,1,1610612742,2023-24,0.7804878048780488,11.341463414634147,120.57317073170732,109.23170731707317,42.46341463414634,0.38759756097560977,46.329268292682926,11.268292682926829,0.6097560975609756,2.207317073170732,117.85365853658537,115.64634146341463,39.53658536585366,0.3670121951219512,42.9390243902439,12.085365853658537,1.0,0.1707317073170732,9.134146341463415,2.7195121951219505,-6.414634146341456,2.9268292682926784,0.020585365853658555,3.3902439024390247,-0.8170731707317085
42300401,1610612738,1,1610612742,2023-24,0.7804878048780488,11.341463414634147,120.57317073170732,109.23170731707317,42.46341463414634,0.38759756097560977,46.329268292682926,11.268292682926829,0.6097560975609756,2.207317073170732,117.85365853658537,115.64634146341463,39.53658536585366,0.3670121951219512,42.9390243902439,12.085365853658537,1.0,0.1707317073170732,9.134146341463415,2.7195121951219505,-6.414634146341456,2.9268292682926784,0.020585365853658555,3.3902439024390247,-0.8170731707317085
42300315,1610612750,0,1610612742,2023-24,0.6829268292682927,6.451219512195122,112.97560975609755,106.52439024390245,32.69512195121951,0.38701219512195123,43.6219512195122,13.353658536585366,0.6097560975609756,2.207317073170732,117.85365853658537,115.64634146341463,39.53658536585366,0.3670121951219512,42.9390243902439,12.085365853658537,0.75,0.07317073170731714,4.2439024390243905,-4.878048780487816,-9.121951219512184,-6.841463414634148,0.020000000000000018,0.6829268292682968,1.2682926829268286
42300314,1610612742,0,1610612750,2023-24,0.6097560975609756,2.207317073170732,117.85365853658537,115.64634146341463,39.53658536585366,0.3670121951219512,42.9390243902439,12.085365853658537,0.6829268292682927,6.451219512195122,112.97560975609755,106.52439024390245,32.69512195121951,0.38701219512195123,43.6219512195122,13.353658536585366,0.25,-0.07317073170731714,-4.2439024390243905,4.878048780487816,9.121951219512184,6.841463414634148,-0.020000000000000018,-0.6829268292682968,-1.2682926829268286
42300304,1610612754,0,1610612738,2023-24,0.573170731707317,3.048780487804878,123.29268292682927,120.2439024390244,35.25609756097561,0.37285365853658536,41.52439024390244,12.268292682926829,0.7804878048780488,11.341463414634147,120.57317073170732,109.23170731707317,42.46341463414634,0.38759756097560977,46.329268292682926,11.268292682926829,0.4,-0.20731707317073178,-8.292682926829269,2.7195121951219505,11.012195121951223,-7.207317073170728,-0.014743902439024403,-4.804878048780488,1.0
42300313,1610612742,1,1610612750,2023-24,0.6097560975609756,2.207317073170732,117.85365853658537,115.64634146341463,39.53658536585366,0.3670121951219512,42.9390243902439,12.085365853658537,0.6829268292682927,6.451219512195122,112.97560975609755,106.52439024390245,32.69512195121951,0.38701219512195123,43.6219512195122,13.353658536585366,0.25,-0.07317073170731714,-4.2439024390243905,4.878048780487816,9.121951219512184,6.841463414634148,-0.020000000000000018,-0.6829268292682968,-1.2682926829268286
42300303,1610612754,0,1610612738,2023-24,0.573170731707317,3.048780487804878,123.29268292682927,120.2439024390244,35.25609756097561,0.37285365853658536,41.52439024390244,12.268292682926829,0.7804878048780488,11.341463414634147,120.57317073170732,109.23170731707317,42.46341463414634,0.38759756097560977,46.329268292682926,11.268292682926829,0.4,-0.20731707317073178,-8.292682926829269,2.7195121951219505,11.012195121951223,-7.207317073170728,-0.014743902439024403,-4.804878048780488,1.0
42300312,1610612750,0,1610612742,2023-24,0.6829268292682927,6.451219512195122,112.97560975609755,106.52439024390245,32.69512195121951,0.38701219512195123,43.6219512195122,13.353658536585366,0.6097560975609756,2.207317073170732,117.85365853658537,115.64634146341463,39.53658536585366,0.3670121951219512,42.9390243902439,12.085365853658537,0.75,0.07317073170731714,4.2439024390243905,-4.878048780487816,-9.121951219512184,-6.841463414634148,0.020000000000000018,0.6829268292682968,1.2682926829268286
42300302,1610612738,1,1610612754,2023-24,0.7804878048780488,11.341463414634147,120.57317073170732,109.23170731707317,42.46341463414634,0.38759756097560977,46.329268292682926,11.268292682926829,0.573170731707317,3.048780487804878,123.29268292682927,120.2439024390244,35.25609756097561,0.37285365853658536,41.52439024390244,12.268292682926829,0.6,0.20731707317073178,8.292682926829269,-2.7195121951219505,-11.012195121951223,7.207317073170728,0.014743902439024403,4.804878048780488,-1.0
42300311,1610612750,0,1610612742,2023-24,0.6829268292682927,6.451219512195122,112.97560975609755,106.52439024390245,32.69512195121951,0.38701219512195123,43.6219512195122,13.353658536585366,0.6097560975609756,2.207317073170732,117.85365853658537,115.64634146341463,39.53658536585366,0.3670121951219512,42.9390243902439,12.085365853658537,0.75,0.07317073170731714,4.2439024390243905,-4.878048780487816,-9.121951219512184,-6.841463414634148,0.020000000000000018,0.6829268292682968,1.2682926829268286
42300301,1610612738,1,1610612754,2023-24,0.7804878048780488,11.341463414634147,120.57317073170732,109.23170731707317,42.46341463414634,0.38759756097560977,46.329268292682926,11.268292682926829,0.573170731707317,3.048780487804878,123.29268292682927,120.2439024390244,35.25609756097561,0.37285365853658536,41.52439024390244,12.268292682926829,0.6,0.20731707317073178,8.292682926829269,-2.7195121951219505,-11.012195121951223,7.207317073170728,0.014743902439024403,4.804878048780488,-1.0
42300237,1610612743,0,1610612750,2023-24,0.6951219512195121,5.2560975609756095,114.85365853658537,109.59756097560975,31.21951219512195,0.3732682926829268,44.4390243902439,11.792682926829269,0.6829268292682927,6.451219512195122,112.97560975609755,106.52439024390245,32.69512195121951,0.38701219512195123,43.6219512195122,13.353658536585366,0.5,0.012195121951219412,-1.1951219512195124,1.8780487804878163,3.0731707317073074,-1.4756097560975618,-0.013743902439024402,0.8170731707317032,-1.5609756097560972
42300217,1610612752,0,1610612754,2023-24,0.6097560975609756,4.585365853658536,112.79268292682927,108.20731707317073,35.80487804878049,0.36946341463414634,45.170731707317074,12.231707317073171,0.573170731707317,3.048780487804878,123.29268292682927,120.2439024390244,35.25609756097561,0.37285365853658536,41.52439024390244,12.268292682926829,0.3333333333333333,0.03658536585365857,1.5365853658536581,-10.5,-12.036585365853668,0.5487804878048763,-0.0033902439024390274,3.646341463414636,-0.03658536585365724
42300226,1610612742,1,1610612760,2023-24,0.6097560975609756,2.207317073170732,117.85365853658537,115.64634146341463,39.53658536585366,0.3670121951219512,42.9390243902439,12.085365853658537,0.6951219512195121,7.390243902439025,120.08536585365853,112.67073170731707,34.207317073170735,0.38720731707317074,42.03658536585366,11.829268292682928,0.25,-0.08536585365853655,-5.182926829268293,-2.231707317073159,2.9756097560975547,5.329268292682926,-0.02019512195121953,0.9024390243902403,0.25609756097560954
42300216,1610612754,1,1610612752,2023-24,0.573170731707317,3.048780487804878,123.29268292682927,120.2439024390244,35.25609756097561,0.37285365853658536,41.52439024390244,12.268292682926829,0.6097560975609756,4.585365853658536,112.79268292682927,108.20731707317073,35.80487804878049,0.36946341463414634,45.170731707317074,12.231707317073171,0.6666666666666666,-0.03658536585365857,-1.5365853658536581,10.5,12.036585365853668,-0.5487804878048763,0.0033902439024390274,-3.646341463414636,0.03658536585365724
42300236,1610612750,1,1610612743,2023-24,0.6829268292682927,6.451219512195122,112.97560975609755,106.52439024390245,32.69512195121951,0.38701219512195123,43.6219512195122,13.353658536585366,0.6951219512195121,5.2560975609756095,114.85365853658537,109.59756097560975,31.21951219512195,0.3732682926829268,44.4390243902439,11.792682926829269,0.5,-0.012195121951219412,1.1951219512195124,-1.8780487804878163,-3.0731707317073074,1.4756097560975618,0.013743902439024402,-0.8170731707317032,1.5609756097560972
42300205,1610612738,1,1610612739,2023-24,0.7804878048780488,11.341463414634147,120.57317073170732,109.23170731707317,42.46341463414634,0.38759756097560977,46.329268292682926,11.268292682926829,0.5853658536585366,2.4146341463414633,112.63414634146342,110.21951219512195,36.78048780487805,0.3663780487804878,43.28048780487805,12.74390243902439,0.6666666666666666,0.19512195121951226,8.926829268292684,7.939024390243901,-0.9878048780487774,5.68292682926829,0.02121951219512197,3.0487804878048763,-1.4756097560975618
42300225,1610612760,0,1610612742,2023-24,0.6951219512195121,7.390243902439025,120.08536585365853,112.67073170731707,34.207317073170735,0.38720731707317074,42.03658536585366,11.829268292682928,0.6097560975609756,2.207317073170732,117.85365853658537,115.64634146341463,39.53658536585366,0.3670121951219512,42.9390243902439,12.085365853658537,0.75,0.08536585365853655,5.182926829268293,2.231707317073159,-2.9756097560975547,-5.329268292682926,0.02019512195121953,-0.9024390243902403,-0.25609756097560954
42300235,1610612743,1,1610612750,2023-24,0.6951219512195121,5.2560975609756095,114.85365853658537,109.59756097560975,31.21951219512195,0.3732682926829268,44.4390243902439,11.792682926829269,0.6829268292682927,6.451219512195122,112.97560975609755,106.52439024390245,32.69512195121951,0.38701219512195123,43.6219512195122,13.353658536585366,0.5,0.012195121951219412,-1.1951219512195124,1.8780487804878163,3.0731707317073074,-1.4756097560975618,-0.013743902439024402,0.8170731707317032,-1.5609756097560972
42300215,1610612752,1,1610612754,2023-24,0.6097560975609756,4.585365853658536,112.79268292682927,108.20731707317073,35.80487804878049,0.36946341463414634,45.170731707317074,12.231707317073171,0.573170731707317,3.048780487804878,123.29268292682927,120.2439024390244,35.25609756097561,0.37285365853658536,41.52439024390244,12.268292682926829,0.3333333333333333,0.03658536585365857,1.5365853658536581,-10.5,-12.036585365853668,0.5487804878048763,-0.0033902439024390274,3.646341463414636,-0.03658536585365724
42300224,1610612742,0,1610612760,2023-24,0.6097560975609756,2.207317073170732,117.85365853658537,115.64634146341463,39.53658536585366,0.3670121951219512,42.9390243902439,12.085365853658537,0.6951219512195121,7.390243902439025,120.08536585365853,112.67073170731707,34.207317073170735,0.38720731707317074,42.03658536585366,11.829268292682928,0.25,-0.08536585365853655,-5.182926829268293,-2.231707317073159,2.9756097560975547,5.329268292682926,-0.02019512195121953,0.9024390243902403,0.25609756097560954
42300204,1610612739,0,1610612738,2023-24,0.5853658536585366,2.4146341463414633,112.63414634146342,110.21951219512195,36.78048780487805,0.3663780487804878,43.28048780487805,12.74390243902439,0.7804878048780488,11.341463414634147,120.57317073170732,109.23170731707317,42.46341463414634,0.38759756097560977,46.329268292682926,11.268292682926829,0.3333333333333333,-0.19512195121951226,-8.926829268292684,-7.939024390243901,0.9878048780487774,-5.68292682926829,-0.02121951219512197,-3.0487804878048763,1.4756097560975618
42300234,1610612750,0,1610612743,2023-24,0.6829268292682927,6.451219512195122,112.97560975609755,106.52439024390245,32.69512195121951,0.38701219512195123,43.6219512195122,13.353658536585366,0.6951219512195121,5.2560975609756095,114.85365853658537,109.59756097560975,31.21951219512195,0.3732682926829268,44.4390243902439,11.792682926829269,0.5,-0.012195121951219412,1.1951219512195124,-1.8780487804878163,-3.0731707317073074,1.4756097560975618,0.013743902439024402,-0.8170731707317032,1.5609756097560972
42300214,1610612754,1,1610612752,2023-24,0.573170731707317,3.048780487804878,123.29268292682927,120.2439024390244,35.25609756097561,0.37285365853658536,41.52439024390244,12.268292682926829,0.6097560975609756,4.585365853658536,112.79268292682927,108.20731707317073,35.80487804878049,0.36946341463414634,45.170731707317074,12.231707317073171,0.6666666666666666,-0.03658536585365857,-1.5365853658536581,10.5,12.036585365853668,-0.5487804878048763,0.0033902439024390274,-3.646341463414636,0.03658536585365724
42300203,1610612739,0,1610612738,2023-24,0.5853658536585366,2.4146341463414633,112.63414634146342,110.21951219512195,36.78048780487805,0.3663780487804878,43.28048780487805,12.74390243902439,0.7804878048780488,11.341463414634147,120.57317073170732,109.23170731707317,42.46341463414634,0.38759756097560977,46.329268292682926,11.268292682926829,0.3333333333333333,-0.19512195121951226,-8.926829268292684,-7.939024390243901,0.9878048780487774,-5.68292682926829,-0.02121951219512197,-3.0487804878048763,1.4756097560975618
42300223,1610612742,1,1610612760,2023-24,0.6097560975609756,2.207317073170732,117.85365853658537,115.64634146341463,39.53658536585366,0.3670121951219512,42.9390243902439,12.085365853658537,0.6951219512195121,7.390243902439025,120.08536585365853,112.67073170731707,34.207317073170735,0.38720731707317074,42.03658536585366,11.829268292682928,0.25,-0.08536585365853655,-5.182926829268293,-2.231707317073159,2.9756097560975547,5.329268292682926,-0.02019512195121953,0.9024390243902403,0.25609756097560954
42300233,1610612750,0,1610612743,2023-24,0.6829268292682927,6.451219512195122,112.97560975609755,106.52439024390245,32.69512195121951,0.38701219512195123,43.6219512195122,13.353658536585366,0.6951219512195121,5.2560975609756095,114.85365853658537,109.59756097560975,31.21951219512195,0.3732682926829268,44.4390243902439,11.792682926829269,0.5,-0.012195121951219412,1.1951219512195124,-1.8780487804878163,-3.0731707317073074,1.4756097560975618,0.013743902439024402,-0.8170731707317032,1.5609756097560972
42300213,1610612754,1,1610612752,2023-24,0.573170731707317,3.048780487804878,123.29268292682927,120.2439024390244,35.25609756097561,0.37285365853658536,41.52439024390244,12.268292682926829,0.6097560975609756,4.585365853658536,112.79268292682927,108.20731707317073,35.80487804878049,0.36946341463414634,45.170731707317074,12.231707317073171,0.6666666666666666,-0.03658536585365857,-1.5365853658536581,10.5,12.036585365853668,-0.5487804878048763,0.0033902439024390274,-3.646341463414636,0.03658536585365724
42300222,1610612760,0,1610612742,2023-24,0.6951219512195121,7.390243902439025,120.08536585365853,112.67073170731707,34.207317073170735,0.38720731707317074,42.03658536585366,11.829268292682928,0.6097560975609756,2.207317073170732,117.85365853658537,115.64634146341463,39.53658536585366,0.3670121951219512,42.9390243902439,12.085365853658537,0.75,0.08536585365853655,5.182926829268293,2.231707317073159,-2.9756097560975547,-5.329268292682926,0.02019512195121953,-0.9024390243902403,-0.25609756097560954
42300202,1610612738,0,1610612739,2023-24,0.7804878048780488,11.341463414634147,120.57317073170732,109.23170731707317,42.46341463414634,0.38759756097560977,46.329268292682926,11.268292682926829,0.5853658536585366,2.4146341463414633,112.63414634146342,110.21951219512195,36.78048780487805,0.3663780487804878,43.28048780487805,12.74390243902439,0.6666666666666666,0.19512195121951226,8.926829268292684,7.939024390243901,-0.9878048780487774,5.68292682926829,0.02121951219512197,3.0487804878048763,-1.4756097560975618
42300212,1610612752,1,1610612754,2023-24,0.6097560975609756,4.585365853658536,112.79268292682927,108.20731707317073,35.80487804878049,0.36946341463414634,45.170731707317074,12.231707317073171,0.573170731707317,3.048780487804878,123.29268292682927,120.2439024390244,35.25609756097561,0.37285365853658536,41.52439024390244,12.268292682926829,0.3333333333333333,0.03658536585365857,1.5365853658536581,-10.5,-12.036585365853668,0.5487804878048763,-0.0033902439024390274,3.646341463414636,-0.03658536585365724
42300221,1610612760,1,1610612742,2023-24,0.6951219512195121,7.390243902439025,120.08536585365853,112.67073170731707,34.207317073170735,0.38720731707317074,42.03658536585366,11.829268292682928,0.6097560975609756,2.207317073170732,117.85365853658537,115.64634146341463,39.53658536585366,0.3670121951219512,42.9390243902439,12.085365853658537,0.75,0.08536585365853655,5.182926829268293,2.231707317073159,-2.9756097560975547,-5.329268292682926,0.02019512195121953,-0.9024390243902403,-0.25609756097560954
42300201,1610612738,1,1610612739,2023-24,0.7804878048780488,11.341463414634147,120.57317073170732,109.23170731707317,42.46341463414634,0.38759756097560977,46.329268292682926,11.268292682926829,0.5853658536585366,2.4146341463414633,112.63414634146342,110.21951219512195,36.78048780487805,0.3663780487804878,43.28048780487805,12.74390243902439,0.6666666666666666,0.19512195121951226,8.926829268292684,7.939024390243901,-0.9878048780487774,5.68292682926829,0.02121951219512197,3.0487804878048763,-1.4756097560975618
42300232,1610612743,0,1610612750,2023-24,0.6951219512195121,5.2560975609756095,114.85365853658537,109.59756097560975,31.21951219512195,0.3732682926829268,44.4390243902439,11.792682926829269,0.6829268292682927,6.451219512195122,112.97560975609755,106.52439024390245,32.69512195121951,0.38701219512195123,43.6219512195122,13.353658536585366,0.5,0.012195121951219412,-1.1951219512195124,1.8780487804878163,3.0731707317073074,-1.4756097560975618,-0.013743902439024402,0.8170731707317032,-1.5609756097560972
42300211,1610612752,1,1610612754,2023-24,0.6097560975609756,4.585365853658536,112.79268292682927,108.20731707317073,35.80487804878049,0.36946341463414634,45.170731707317074,12.231707317073171,0.573170731707317,3.048780487804878,123.29268292682927,120.2439024390244,35.25609756097561,0.37285365853658536,41.52439024390244,12.268292682926829,0.3333333333333333,0.03658536585365857,1.5365853658536581,-10.5,-12.036585365853668,0.5487804878048763,-0.0033902439024390274,3.646341463414636,-0.03658536585365724
42300137,1610612739,1,1610612753,2023-24,0.5853658536585366,2.4146341463414633,112.63414634146342,110.21951219512195,36.78048780487805,0.3663780487804878,43.28048780487805,12.74390243902439,0.573170731707317,2.024390243902439,110.46341463414635,108.4390243902439,31.317073170731707,0.35223170731707315,42.30487804878049,13.78048780487805,0.5,0.012195121951219523,0.3902439024390243,2.170731707317074,1.7804878048780495,5.463414634146343,0.014146341463414647,0.9756097560975618,-1.036585365853659
42300231,1610612743,0,1610612750,2023-24,0.6951219512195121,5.2560975609756095,114.85365853658537,109.59756097560975,31.21951219512195,0.3732682926829268,44.4390243902439,11.792682926829269,0.6829268292682927,6.451219512195122,112.97560975609755,106.52439024390245,32.69512195121951,0.38701219512195123,43.6219512195122,13.353658536585366,0.5,0.012195121951219412,-1.1951219512195124,1.8780487804878163,3.0731707317073074,-1.4756097560975618,-0.013743902439024402,0.8170731707317032,-1.5609756097560972
42300176,1610612742,1,1610612746,2023-24,0.6097560975609756,2.207317073170732,117.85365853658537,115.64634146341463,39.53658536585366,0.3670121951219512,42.9390243902439,12.085365853658537,0.6219512195121951,3.292682926829268,115.6219512195122,112.34146341463415,33.15853658536585,0.3824268292682927,42.96341463414634,12.231707317073171,0.3333333333333333,-0.012195121951219523,-1.0853658536585362,2.231707317073173,3.3048780487804805,6.378048780487809,-0.015414634146341477,-0.024390243902438158,-0.14634146341463428
42300136,1610612753,1,1610612739,2023-24,0.573170731707317,2.024390243902439,110.46341463414635,108.4390243902439,31.317073170731707,0.35223170731707315,42.30487804878049,13.78048780487805,0.5853658536585366,2.4146341463414633,112.63414634146342,110.21951219512195,36.78048780487805,0.3663780487804878,43.28048780487805,12.74390243902439,0.5,-0.012195121951219523,-0.3902439024390243,-2.170731707317074,-1.7804878048780495,-5.463414634146343,-0.014146341463414647,-0.9756097560975618,1.036585365853659
42300116,1610612755,0,1610612752,2023-24,0.573170731707317,3.048780487804878,114.59756097560975,111.54878048780488,33.329268292682926,0.36003658536585365,42.951219512195124,11.268292682926829,0.6097560975609756,4.585365853658536,112.79268292682927,108.20731707317073,35.80487804878049,0.36946341463414634,45.170731707317074,12.231707317073171,0.25,-0.03658536585365857,-1.5365853658536581,1.8048780487804805,3.3414634146341484,-2.475609756097562,-0.009426829268292691,-2.2195121951219505,-0.9634146341463428
42300126,1610612754,1,1610612749,2023-24,0.573170731707317,3.048780487804878,123.29268292682927,120.2439024390244,35.25609756097561,0.37285365853658536,41.52439024390244,12.268292682926829,0.5975609756097561,2.6219512195121952,118.97560975609755,116.35365853658537,38.073170731707314,0.3726829268292683,44.170731707317074,12.378048780487806,0.8,-0.024390243902439046,0.42682926829268286,4.317073170731717,3.8902439024390247,-2.817073170731703,0.00017073170731707332,-2.646341463414636,-0.10975609756097704
42300105,1610612738,1,1610612748,2023-24,0.7804878048780488,11.341463414634147,120.57317073170732,109.23170731707317,42.46341463414634,0.38759756097560977,46.329268292682926,11.268292682926829,0.5609756097560976,1.7560975609756098,110.14634146341463,108.39024390243902,33.71951219512195,0.37,42.292682926829265,11.817073170731707,1.0,0.2195121951219512,9.585365853658537,10.426829268292693,0.8414634146341484,8.743902439024389,0.01759756097560977,4.036585365853661,-0.5487804878048781
42300175,1610612746,0,1610612742,2023-24,0.6219512195121951,3.292682926829268,115.6219512195122,112.34146341463415,33.15853658536585,0.3824268292682927,42.96341463414634,12.231707317073171,0.6097560975609756,2.207317073170732,117.85365853658537,115.64634146341463,39.53658536585366,0.3670121951219512,42.9390243902439,12.085365853658537,0.6666666666666666,0.012195121951219523,1.0853658536585362,-2.231707317073173,-3.3048780487804805,-6.378048780487809,0.015414634146341477,0.024390243902438158,0.14634146341463428
42300125,1610612749,1,1610612754,2023-24,0.5975609756097561,2.6219512195121952,118.97560975609755,116.35365853658537,38.073170731707314,0.3726829268292683,44.170731707317074,12.378048780487806,0.573170731707317,3.048780487804878,123.29268292682927,120.2439024390244,35.25609756097561,0.37285365853658536,41.52439024390244,12.268292682926829,0.2,0.024390243902439046,-0.42682926829268286,-4.317073170731717,-3.8902439024390247,2.817073170731703,-0.00017073170731707332,2.646341463414636,0.10975609756097704
42300115,1610612752,0,1610612755,2023-24,0.6097560975609756,4.585365853658536,112.79268292682927,108.20731707317073,35.80487804878049,0.36946341463414634,45.170731707317074,12.231707317073171,0.573170731707317,3.048780487804878,114.59756097560975,111.54878048780488,33.329268292682926,0.36003658536585365,42.951219512195124,11.268292682926829,0.75,0.03658536585365857,1.5365853658536581,-1.8048780487804805,-3.3414634146341484,2.475609756097562,0.009426829268292691,2.2195121951219505,0.9634146341463428
42300135,1610612739,1,1610612753,2023-24,0.5853658536585366,2.4146341463414633,112.63414634146342,110.21951219512195,36.78048780487805,0.3663780487804878,43.28048780487805,12.74390243902439,0.573170731707317,2.024390243902439,110.46341463414635,108.4390243902439,31.317073170731707,0.35223170731707315,42.30487804878049,13.78048780487805,0.5,0.012195121951219523,0.3902439024390243,2.170731707317074,1.7804878048780495,5.463414634146343,0.014146341463414647,0.9756097560975618,-1.036585365853659
42300144,1610612740,0,1610612760,2023-24,0.5975609756097561,4.414634146341464,115.07317073170732,110.65853658536585,32.59756097560975,0.3781341463414634,43.96341463414634,12.414634146341463,0.6951219512195121,7.390243902439025,120.08536585365853,112.67073170731707,34.207317073170735,0.38720731707317074,42.03658536585366,11.829268292682928,0.3333333333333333,-0.09756097560975607,-2.975609756097561,-5.012195121951208,-2.0121951219512226,-1.6097560975609824,-0.009073170731707325,1.9268292682926784,0.5853658536585353
42300104,1610612748,0,1610612738,2023-24,0.5609756097560976,1.7560975609756098,110.14634146341463,108.39024390243902,33.71951219512195,0.37,42.292682926829265,11.817073170731707,0.7804878048780488,11.341463414634147,120.57317073170732,109.23170731707317,42.46341463414634,0.38759756097560977,46.329268292682926,11.268292682926829,0.0,-0.2195121951219512,-9.585365853658537,-10.426829268292693,-0.8414634146341484,-8.743902439024389,-0.01759756097560977,-4.036585365853661,0.5487804878048781
42300155,1610612743,1,1610612747,2023-24,0.6951219512195121,5.2560975609756095,114.85365853658537,109.59756097560975,31.21951219512195,0.3732682926829268,44.4390243902439,11.792682926829269,0.573170731707317,0.6097560975609756,118.03658536585365,117.4390243902439,31.365853658536587,0.37426829268292683,43.109756097560975,13.414634146341463,1.0,0.12195121951219512,4.646341463414634,-3.1829268292682826,-7.841463414634148,-0.14634146341463605,-0.0010000000000000009,1.3292682926829258,-1.6219512195121943
42300124,1610612754,1,1610612749,2023-24,0.573170731707317,3.048780487804878,123.29268292682927,120.2439024390244,35.25609756097561,0.37285365853658536,41.52439024390244,12.268292682926829,0.5975609756097561,2.6219512195121952,118.97560975609755,116.35365853658537,38.073170731707314,0.3726829268292683,44.170731707317074,12.378048780487806,0.8,-0.024390243902439046,0.42682926829268286,4.317073170731717,3.8902439024390247,-2.817073170731703,0.00017073170731707332,-2.646341463414636,-0.10975609756097704
42300174,1610612742,0,1610612746,2023-24,0.6097560975609756,2.207317073170732,117.85365853658537,115.64634146341463,39.53658536585366,0.3670121951219512,42.9390243902439,12.085365853658537,0.6219512195121951,3.292682926829268,115.6219512195122,112.34146341463415,33.15853658536585,0.3824268292682927,42.96341463414634,12.231707317073171,0.3333333333333333,-0.012195121951219523,-1.0853658536585362,2.231707317073173,3.3048780487804805,6.378048780487809,-0.015414634146341477,-0.024390243902438158,-0.14634146341463428
42300164,1610612756,0,1610612750,2023-24,0.5975609756097561,3.0634146341463415,116.2439024390244,113.1829268292683,32.573170731707314,0.3798658536585366,44.073170731707314,14.097560975609756,0.6829268292682927,6.451219512195122,112.97560975609755,106.52439024390245,32.69512195121951,0.38701219512195123,43.6219512195122,13.353658536585366,1.0,-0.08536585365853666,-3.3878048780487804,3.268292682926841,6.658536585365852,-0.1219512195121979,-0.0071463414634146405,0.4512195121951166,0.7439024390243905
42300114,1610612755,0,1610612752,2023-24,0.573170731707317,3.048780487804878,114.59756097560975,111.54878048780488,33.329268292682926,0.36003658536585365,42.951219512195124,11.268292682926829,0.6097560975609756,4.585365853658536,112.79268292682927,108.20731707317073,35.80487804878049,0.36946341463414634,45.170731707317074,12.231707317073171,0.25,-0.03658536585365857,-1.5365853658536581,1.8048780487804805,3.3414634146341484,-2.475609756097562,-0.009426829268292691,-2.2195121951219505,-0.9634146341463428
42300154,1610612747,1,1610612743,2023-24,0.573170731707317,0.6097560975609756,118.03658536585365,117.4390243902439,31.365853658536587,0.37426829268292683,43.109756097560975,13.414634146341463,0.6951219512195121,5.2560975609756095,114.85365853658537,109.59756097560975,31.21951219512195,0.3732682926829268,44.4390243902439,11.792682926829269,0.0,-0.12195121951219512,-4.646341463414634,3.1829268292682826,7.841463414634148,0.14634146341463605,0.0010000000000000009,-1.3292682926829258,1.6219512195121943
42300103,1610612748,0,1610612738,2023-24,0.5609756097560976,1.7560975609756098,110.14634146341463,108.39024390243902,33.71951219512195,0.37,42.292682926829265,11.817073170731707,0.7804878048780488,11.341463414634147,120.57317073170732,109.23170731707317,42.46341463414634,0.38759756097560977,46.329268292682926,11.268292682926829,0.0,-0.2195121951219512,-9.585365853658537,-10.426829268292693,-0.8414634146341484,-8.743902439024389,-0.01759756097560977,-4.036585365853661,0.5487804878048781
42300143,1610612740,0,1610612760,2023-24,0.5975609756097561,4.414634146341464,115.07317073170732,110.65853658536585,32.59756097560975,0.3781341463414634,43.96341463414634,12.414634146341463,0.6951219512195121,7.390243902439025,120.08536585365853,112.67073170731707,34.207317073170735,0.38720731707317074,42.03658536585366,11.829268292682928,0.3333333333333333,-0.09756097560975607,-2.975609756097561,-5.012195121951208,-2.0121951219512226,-1.6097560975609824,-0.009073170731707325,1.9268292682926784,0.5853658536585353
42300134,1610612753,1,1610612739,2023-24,0.573170731707317,2.024390243902439,110.46341463414635,108.4390243902439,31.317073170731707,0.35223170731707315,42.30487804878049,13.78048780487805,0.5853658536585366,2.4146341463414633,112.63414634146342,110.21951219512195,36.78048780487805,0.3663780487804878,43.28048780487805,12.74390243902439,0.5,-0.012195121951219523,-0.3902439024390243,-2.170731707317074,-1.7804878048780495,-5.463414634146343,-0.014146341463414647,-0.9756097560975618,1.036585365853659
42300173,1610612742,1,1610612746,2023-24,0.6097560975609756,2.207317073170732,117.85365853658537,115.64634146341463,39.53658536585366,0.3670121951219512,42.9390243902439,12.085365853658537,0.6219512195121951,3.292682926829268,115.6219512195122,112.34146341463415,33.15853658536585,0.3824268292682927,42.96341463414634,12.231707317073171,0.3333333333333333,-0.012195121951219523,-1.0853658536585362,2.231707317073173,3.3048780487804805,6.378048780487809,-0.015414634146341477,-0.024390243902438158,-0.14634146341463428
42300163,1610612756,0,1610612750,2023-24,0.5975609756097561,3.0634146341463415,116.2439024390244,113.1829268292683,32.573170731707314,0.3798658536585366,44.073170731707314,14.097560975609756,0.6829268292682927,6.451219512195122,112.97560975609755,106.52439024390245,32.69512195121951,0.38701219512195123,43.6219512195122,13.353658536585366,1.0,-0.08536585365853666,-3.3878048780487804,3.268292682926841,6.658536585365852,-0.1219512195121979,-0.0071463414634146405,0.4512195121951166,0.7439024390243905
42300123,1610612754,1,1610612749,2023-24,0.573170731707317,3.048780487804878,123.29268292682927,120.2439024390244,35.25609756097561,0.37285365853658536,41.52439024390244,12.268292682926829,0.5975609756097561,2.6219512195121952,118.97560975609755,116.35365853658537,38.073170731707314,0.3726829268292683,44.170731707317074,12.378048780487806,0.8,-0.024390243902439046,0.42682926829268286,4.317073170731717,3.8902439024390247,-2.817073170731703,0.00017073170731707332,-2.646341463414636,-0.10975609756097704
42300133,1610612753,1,1610612739,2023-24,0.573170731707317,2.024390243902439,110.46341463414635,108.4390243902439,31.317073170731707,0.35223170731707315,42.30487804878049,13.78048780487805,0.5853658536585366,2.4146341463414633,112.63414634146342,110.21951219512195,36.78048780487805,0.3663780487804878,43.28048780487805,12.74390243902439,0.5,-0.012195121951219523,-0.3902439024390243,-2.170731707317074,-1.7804878048780495,-5.463414634146343,-0.014146341463414647,-0.9756097560975618,1.036585365853659
42300113,1610612755,1,1610612752,2023-24,0.573170731707317,3.048780487804878,114.59756097560975,111.54878048780488,33.329268292682926,0.36003658536585365,42.951219512195124,11.268292682926829,0.6097560975609756,4.585365853658536,112.79268292682927,108.20731707317073,35.80487804878049,0.36946341463414634,45.170731707317074,12.231707317073171,0.25,-0.03658536585365857,-1.5365853658536581,1.8048780487804805,3.3414634146341484,-2.475609756097562,-0.009426829268292691,-2.2195121951219505,-0.9634146341463428
42300153,1610612747,0,1610612743,2023-24,0.573170731707317,0.6097560975609756,118.03658536585365,117.4390243902439,31.365853658536587,0.37426829268292683,43.109756097560975,13.414634146341463,0.6951219512195121,5.2560975609756095,114.85365853658537,109.59756097560975,31.21951219512195,0.3732682926829268,44.4390243902439,11.792682926829269,0.0,-0.12195121951219512,-4.646341463414634,3.1829268292682826,7.841463414634148,0.14634146341463605,0.0010000000000000009,-1.3292682926829258,1.6219512195121943
42300142,1610612760,1,1610612740,2023-24,0.6951219512195121,7.390243902439025,120.08536585365853,112.67073170731707,34.207317073170735,0.38720731707317074,42.03658536585366,11.829268292682928,0.5975609756097561,4.414634146341464,115.07317073170732,110.65853658536585,32.59756097560975,0.3781341463414634,43.96341463414634,12.414634146341463,0.6666666666666666,0.09756097560975607,2.975609756097561,5.012195121951208,2.0121951219512226,1.6097560975609824,0.009073170731707325,-1.9268292682926784,-0.5853658536585353
42300102,1610612738,0,1610612748,2023-24,0.7804878048780488,11.341463414634147,120.57317073170732,109.23170731707317,42.46341463414634,0.38759756097560977,46.329268292682926,11.268292682926829,0.5609756097560976,1.7560975609756098,110.14634146341463,108.39024390243902,33.71951219512195,0.37,42.292682926829265,11.817073170731707,1.0,0.2195121951219512,9.585365853658537,10.426829268292693,0.8414634146341484,8.743902439024389,0.01759756097560977,4.036585365853661,-0.5487804878048781
42300162,1610612750,1,1610612756,2023-24,0.6829268292682927,6.451219512195122,112.97560975609755,106.52439024390245,32.69512195121951,0.38701219512195123,43.6219512195122,13.353658536585366,0.5975609756097561,3.0634146341463415,116.2439024390244,113.1829268292683,32.573170731707314,0.3798658536585366,44.073170731707314,14.097560975609756,0.0,0.08536585365853666,3.3878048780487804,-3.268292682926841,-6.658536585365852,0.1219512195121979,0.0071463414634146405,-0.4512195121951166,-0.7439024390243905
42300122,1610612749,0,1610612754,2023-24,0.5975609756097561,2.6219512195121952,118.97560975609755,116.35365853658537,38.073170731707314,0.3726829268292683,44.170731707317074,12.378048780487806,0.573170731707317,3.048780487804878,123.29268292682927,120.2439024390244,35.25609756097561,0.37285365853658536,41.52439024390244,12.268292682926829,0.2,0.024390243902439046,-0.42682926829268286,-4.317073170731717,-3.8902439024390247,2.817073170731703,-0.00017073170731707332,2.646341463414636,0.10975609756097704
42300172,1610612746,0,1610612742,2023-24,0.6219512195121951,3.292682926829268,115.6219512195122,112.34146341463415,33.15853658536585,0.3824268292682927,42.96341463414634,12.231707317073171,0.6097560975609756,2.207317073170732,117.85365853658537,115.64634146341463,39.53658536585366,0.3670121951219512,42.9390243902439,12.085365853658537,0.6666666666666666,0.012195121951219523,1.0853658536585362,-2.231707317073173,-3.3048780487804805,-6.378048780487809,0.015414634146341477,0.024390243902438158,0.14634146341463428
42300152,1610612743,1,1610612747,2023-24,0.6951219512195121,5.2560975609756095,114.85365853658537,109.59756097560975,31.21951219512195,0.3732682926829268,44.4390243902439,11.792682926829269,0.573170731707317,0.6097560975609756,118.03658536585365,117.4390243902439,31.365853658536587,0.37426829268292683,43.109756097560975,13.414634146341463,1.0,0.12195121951219512,4.646341463414634,-3.1829268292682826,-7.841463414634148,-0.14634146341463605,-0.0010000000000000009,1.3292682926829258,-1.6219512195121943
42300112,1610612752,1,1610612755,2023-24,0.6097560975609756,4.585365853658536,112.79268292682927,108.20731707317073,35.80487804878049,0.36946341463414634,45.170731707317074,12.231707317073171,0.573170731707317,3.048780487804878,114.59756097560975,111.54878048780488,33.329268292682926,0.36003658536585365,42.951219512195124,11.268292682926829,0.75,0.03658536585365857,1.5365853658536581,-1.8048780487804805,-3.3414634146341484,2.475609756097562,0.009426829268292691,2.2195121951219505,0.9634146341463428
42300132,1610612739,1,1610612753,2023-24,0.5853658536585366,2.4146341463414633,112.63414634146342,110.21951219512195,36.78048780487805,0.3663780487804878,43.28048780487805,12.74390243902439,0.573170731707317,2.024390243902439,110.46341463414635,108.4390243902439,31.317073170731707,0.35223170731707315,42.30487804878049,13.78048780487805,0.5,0.012195121951219523,0.3902439024390243,2.170731707317074,1.7804878048780495,5.463414634146343,0.014146341463414647,0.9756097560975618,-1.036585365853659
42300171,1610612746,1,1610612742,2023-24,0.6219512195121951,3.292682926829268,115.6219512195122,112.34146341463415,33.15853658536585,0.3824268292682927,42.96341463414634,12.231707317073171,0.6097560975609756,2.207317073170732,117.85365853658537,115.64634146341463,39.53658536585366,0.3670121951219512,42.9390243902439,12.085365853658537,0.6666666666666666,0.012195121951219523,1.0853658536585362,-2.231707317073173,-3.3048780487804805,-6.378048780487809,0.015414634146341477,0.024390243902438158,0.14634146341463428
42300141,1610612760,1,1610612740,2023-24,0.6951219512195121,7.390243902439025,120.08536585365853,112.67073170731707,34.207317073170735,0.38720731707317074,42.03658536585366,11.829268292682928,0.5975609756097561,4.414634146341464,115.07317073170732,110.65853658536585,32.59756097560975,0.3781341463414634,43.96341463414634,12.414634146341463,0.6666666666666666,0.09756097560975607,2.975609756097561,5.012195121951208,2.0121951219512226,1.6097560975609824,0.009073170731707325,-1.9268292682926784,-0.5853658536585353
42300101,1610612738,1,1610612748,2023-24,0.7804878048780488,11.341463414634147,120.57317073170732,109.23170731707317,42.46341463414634,0.38759756097560977,46.329268292682926,11.268292682926829,0.5609756097560976,1.7560975609756098,110.14634146341463,108.39024390243902,33.71951219512195,0.37,42.292682926829265,11.817073170731707,1.0,0.2195121951219512,9.585365853658537,10.426829268292693,0.8414634146341484,8.743902439024389,0.01759756097560977,4.036585365853661,-0.5487804878048781
42300121,1610612749,1,1610612754,2023-24,0.5975609756097561,2.6219512195121952,118.97560975609755,116.35365853658537,38.073170731707314,0.3726829268292683,44.170731707317074,12.378048780487806,0.573170731707317,3.048780487804878,123.29268292682927,120.2439024390244,35.25609756097561,0.37285365853658536,41.52439024390244,12.268292682926829,0.2,0.024390243902439046,-0.42682926829268286,-4.317073170731717,-3.8902439024390247,2.817073170731703,-0.00017073170731707332,2.646341463414636,0.10975609756097704
42300111,1610612752,1,1610612755,2023-24,0.6097560975609756,4.585365853658536,112.79268292682927,108.20731707317073,35.80487804878049,0.36946341463414634,45.170731707317074,12.231707317073171,0.573170731707317,3.048780487804878,114.59756097560975,111.54878048780488,33.329268292682926,0.36003658536585365,42.951219512195124,11.268292682926829,0.75,0.03658536585365857,1.5365853658536581,-1.8048780487804805,-3.3414634146341484,2.475609756097562,0.009426829268292691,2.2195121951219505,0.9634146341463428
42300161,1610612750,1,1610612756,2023-24,0.6829268292682927,6.451219512195122,112.97560975609755,106.52439024390245,32.69512195121951,0.38701219512195123,43.6219512195122,13.353658536585366,0.5975609756097561,3.0634146341463415,116.2439024390244,113.1829268292683,32.573170731707314,0.3798658536585366,44.073170731707314,14.097560975609756,0.0,0.08536585365853666,3.3878048780487804,-3.268292682926841,-6.658536585365852,0.1219512195121979,0.0071463414634146405,-0.4512195121951166,-0.7439024390243905
42300131,1610612739,1,1610612753,2023-24,0.5853658536585366,2.4146341463414633,112.63414634146342,110.21951219512195,36.78048780487805,0.3663780487804878,43.28048780487805,12.74390243902439,0.573170731707317,2.024390243902439,110.46341463414635,108.4390243902439,31.317073170731707,0.35223170731707315,42.30487804878049,13.78048780487805,0.5,0.012195121951219523,0.3902439024390243,2.170731707317074,1.7804878048780495,5.463414634146343,0.014146341463414647,0.9756097560975618,-1.036585365853659
42300151,1610612743,1,1610612747,2023-24,0.6951219512195121,5.2560975609756095,114.85365853658537,109.59756097560975,31.21951219512195,0.3732682926829268,44.4390243902439,11.792682926829269,0.573170731707317,0.6097560975609756,118.03658536585365,117.4390243902439,31.365853658536587,0.37426829268292683,43.109756097560975,13.414634146341463,1.0,0.12195121951219512,4.646341463414634,-3.1829268292682826,-7.841463414634148,-0.14634146341463605,-0.0010000000000000009,1.3292682926829258,-1.6219512195121943
0042400407,1610612760,1,1610612754,2024-25,0.8292682926829268,12.865853658536585,120.5,107.63414634146342,38.829268292682926,0.37364634146341463,44.78048780487805,11.024390243902438,0.6097560975609756,2.231707317073171,117.36585365853658,115.13414634146342,35.78048780487805,0.3668170731707317,41.829268292682926,12.207317073170731,1.0,0.2195121951219512,10.634146341463413,3.1341463414634205,-7.5,3.0487804878048763,0.006829268292682933,2.9512195121951237,-1.1829268292682933
0042400406,1610612754,1,1610612760,2024-25,0.6097560975609756,2.231707317073171,117.36585365853658,115.13414634146342,35.78048780487805,0.3668170731707317,41.829268292682926,12.207317073170731,0.8292682926829268,12.865853658536585,120.5,107.63414634146342,38.829268292682926,0.37364634146341463,44.78048780487805,11.024390243902438,0.0,-0.2195121951219512,-10.634146341463413,-3.1341463414634205,7.5,-3.0487804878048763,-0.006829268292682933,-2.9512195121951237,1.1829268292682933
0042400405,1610612760,1,1610612754,2024-25,0.8292682926829268,12.865853658536585,120.5,107.63414634146342,38.829268292682926,0.37364634146341463,44.78048780487805,11.024390243902438,0.6097560975609756,2.231707317073171,117.36585365853658,115.13414634146342,35.78048780487805,0.3668170731707317,41.829268292682926,12.207317073170731,1.0,0.2195121951219512,10.634146341463413,3.1341463414634205,-7.5,3.0487804878048763,0.006829268292682933,2.9512195121951237,-1.1829268292682933
0042400404,1610612754,0,1610612760,2024-25,0.6097560975609756,2.231707317073171,117.36585365853658,115.13414634146342,35.78048780487805,0.3668170731707317,41.829268292682926,12.207317073170731,0.8292682926829268,12.865853658536585,120.5,107.63414634146342,38.829268292682926,0.37364634146341463,44.78048780487805,11.024390243902438,0.0,-0.2195121951219512,-10.634146341463413,-3.1341463414634205,7.5,-3.0487804878048763,-0.006829268292682933,-2.9512195121951237,1.1829268292682933
0042400403,1610612754,1,1610612760,2024-25,0.6097560975609756,2.231707317073171,117.36585365853658,115.13414634146342,35.78048780487805,0.3668170731707317,41.829268292682926,12.207317073170731,0.8292682926829268,12.865853658536585,120.5,107.63414634146342,38.829268292682926,0.37364634146341463,44.78048780487805,11.024390243902438,0.0,-0.2195121951219512,-10.634146341463413,-3.1341463414634205,7.5,-3.0487804878048763,-0.006829268292682933,-2.9512195121951237,1.1829268292682933
0042400402,1610612760,1,1610612754,2024-25,0.8292682926829268,12.865853658536585,120.5,107.63414634146342,38.829268292682926,0.37364634146341463,44.78048780487805,11.024390243902438,0.6097560975609756,2.231707317073171,117.36585365853658,115.13414634146342,35.78048780487805,0.3668170731707317,41.829268292682926,12.207317073170731,1.0,0.2195121951219512,10.634146341463413,3.1341463414634205,-7.5,3.0487804878048763,0.006829268292682933,2.9512195121951237,-1.1829268292682933
0042400401,1610612760,0,1610612754,2024-25,0.8292682926829268,12.865853658536585,120.5,107.63414634146342,38.829268292682926,0.37364634146341463,44.78048780487805,11.024390243902438,0.6097560975609756,2.231707317073171,117.36585365853658,115.13414634146342,35.78048780487805,0.3668170731707317,41.829268292682926,12.207317073170731,1.0,0.2195121951219512,10.634146341463413,3.1341463414634205,-7.5,3.0487804878048763,0.006829268292682933,2.9512195121951237,-1.1829268292682933
0042400306,1610612754,1,1610612752,2024-25,0.6097560975609756,2.231707317073171,117.36585365853658,115.13414634146342,35.78048780487805,0.3668170731707317,41.829268292682926,12.207317073170731,0.6219512195121951,4.097560975609756,115.78048780487805,111.6829268292683,34.073170731707314,0.36623170731707316,42.646341463414636,12.182926829268293,0.3333333333333333,-0.012195121951219523,-1.8658536585365852,1.58536585365853,3.4512195121951237,1.707317073170735,0.0005853658536585371,-0.8170731707317103,0.024390243902438158
0042400305,1610612752,1,1610612754,2024-25,0.6219512195121951,4.097560975609756,115.78048780487805,111.6829268292683,34.073170731707314,0.36623170731707316,42.646341463414636,12.182926829268293,0.6097560975609756,2.231707317073171,117.36585365853658,115.13414634146342,35.78048780487805,0.3668170731707317,41.829268292682926,12.207317073170731,0.6666666666666666,0.012195121951219523,1.8658536585365852,-1.58536585365853,-3.4512195121951237,-1.707317073170735,-0.0005853658536585371,0.8170731707317103,-0.024390243902438158
0042400315,1610612760,1,1610612750,2024-25,0.8292682926829268,12.865853658536585,120.5,107.63414634146342,38.829268292682926,0.37364634146341463,44.78048780487805,11.024390243902438,0.5975609756097561,5.0,114.29268292682927,109.29268292682927,39.86585365853659,0.3770609756097561,44.31707317073171,13.74390243902439,0.5,0.23170731707317072,7.865853658536585,6.207317073170728,-1.6585365853658516,-1.0365853658536608,-0.0034146341463414664,0.4634146341463392,-2.7195121951219523
0042400304,1610612754,1,1610612752,2024-25,0.6097560975609756,2.231707317073171,117.36585365853658,115.13414634146342,35.78048780487805,0.3668170731707317,41.829268292682926,12.207317073170731,0.6219512195121951,4.097560975609756,115.78048780487805,111.6829268292683,34.073170731707314,0.36623170731707316,42.646341463414636,12.182926829268293,0.3333333333333333,-0.012195121951219523,-1.8658536585365852,1.58536585365853,3.4512195121951237,1.707317073170735,0.0005853658536585371,-0.8170731707317103,0.024390243902438158
0042400314,1610612750,0,1610612760,2024-25,0.5975609756097561,5.0,114.29268292682927,109.29268292682927,39.86585365853659,0.3770609756097561,44.31707317073171,13.74390243902439,0.8292682926829268,12.865853658536585,120.5,107.63414634146342,38.829268292682926,0.37364634146341463,44.78048780487805,11.024390243902438,0.5,-0.23170731707317072,-7.865853658536585,-6.207317073170728,1.6585365853658516,1.0365853658536608,0.0034146341463414664,-0.4634146341463392,2.7195121951219523
0042400303,1610612754,0,1610612752,2024-25,0.6097560975609756,2.231707317073171,117.36585365853658,115.13414634146342,35.78048780487805,0.3668170731707317,41.829268292682926,12.207317073170731,0.6219512195121951,4.097560975609756,115.78048780487805,111.6829268292683,34.073170731707314,0.36623170731707316,42.646341463414636,12.182926829268293,0.3333333333333333,-0.012195121951219523,-1.8658536585365852,1.58536585365853,3.4512195121951237,1.707317073170735,0.0005853658536585371,-0.8170731707317103,0.024390243902438158
0042400313,1610612750,1,1610612760,2024-25,0.5975609756097561,5.0,114.29268292682927,109.29268292682927,39.86585365853659,0.3770609756097561,44.31707317073171,13.74390243902439,0.8292682926829268,12.865853658536585,120.5,107.63414634146342,38.829268292682926,0.37364634146341463,44.78048780487805,11.024390243902438,0.5,-0.23170731707317072,-7.865853658536585,-6.207317073170728,1.6585365853658516,1.0365853658536608,0.0034146341463414664,-0.4634146341463392,2.7195121951219523
0042400302,1610612752,0,1610612754,2024-25,0.6219512195121951,4.097560975609756,115.78048780487805,111.6829268292683,34.073170731707314,0.36623170731707316,42.646341463414636,12.182926829268293,0.6097560975609756,2.231707317073171,117.36585365853658,115.13414634146342,35.78048780487805,0.3668170731707317,41.829268292682926,12.207317073170731,0.6666666666666666,0.012195121951219523,1.8658536585365852,-1.58536585365853,-3.4512195121951237,-1.707317073170735,-0.0005853658536585371,0.8170731707317103,-0.024390243902438158
0042400312,1610612760,1,1610612750,2024-25,0.8292682926829268,12.865853658536585,120.5,107.63414634146342,38.829268292682926,0.37364634146341463,44.78048780487805,11.024390243902438,0.5975609756097561,5.0,114.29268292682927,109.29268292682927,39.86585365853659,0.3770609756097561,44.31707317073171,13.74390243902439,0.5,0.23170731707317072,7.865853658536585,6.207317073170728,-1.6585365853658516,-1.0365853658536608,-0.0034146341463414664,0.4634146341463392,-2.7195121951219523
0042400301,1610612752,0,1610612754,2024-25,0.6219512195121951,4.097560975609756,115.78048780487805,111.6829268292683,34.073170731707314,0.36623170731707316,42.646341463414636,12.182926829268293,0.6097560975609756,2.231707317073171,117.36585365853658,115.13414634146342,35.78048780487805,0.3668170731707317,41.829268292682926,12.207317073170731,0.6666666666666666,0.012195121951219523,1.8658536585365852,-1.58536585365853,-3.4512195121951237,-1.707317073170735,-0.0005853658536585371,0.8170731707317103,-0.024390243902438158
0042400311,1610612760,1,1610612750,2024-25,0.8292682926829268,12.865853658536585,120.5,107.63414634146342,38.829268292682926,0.37364634146341463,44.78048780487805,11.024390243902438,0.5975609756097561,5.0,114.29268292682927,109.29268292682927,39.86585365853659,0.3770609756097561,44.31707317073171,13.74390243902439,0.5,0.23170731707317072,7.865853658536585,6.207317073170728,-1.6585365853658516,-1.0365853658536608,-0.0034146341463414664,0.4634146341463392,-2.7195121951219523
0042400227,1610612760,1,1610612743,2024-25,0.8292682926829268,12.865853658536585,120.5,107.63414634146342,38.829268292682926,0.37364634146341463,44.78048780487805,11.024390243902438,0.6097560975609756,3.8902439024390243,120.7560975609756,116.86585365853658,31.9390243902439,0.37659756097560976,45.74390243902439,13.548780487804878,0.5,0.2195121951219512,8.97560975609756,-0.2560975609756042,-9.231707317073159,6.890243902439025,-0.0029512195121951246,-0.9634146341463392,-2.52439024390244
0042400216,1610612752,1,1610612738,2024-25,0.6219512195121951,4.097560975609756,115.78048780487805,111.6829268292683,34.073170731707314,0.36623170731707316,42.646341463414636,12.182926829268293,0.7439024390243902,9.109756097560975,116.26829268292683,107.15853658536585,48.23170731707317,0.3690731707317073,45.31707317073171,11.353658536585366,0.0,-0.12195121951219512,-5.012195121951219,-0.48780487804877737,4.524390243902445,-14.158536585365859,-0.002841463414634149,-2.670731707317074,0.8292682926829276
0042400226,1610612743,1,1610612760,2024-25,0.6097560975609756,3.8902439024390243,120.7560975609756,116.86585365853658,31.9390243902439,0.37659756097560976,45.74390243902439,13.548780487804878,0.8292682926829268,12.865853658536585,120.5,107.63414634146342,38.829268292682926,0.37364634146341463,44.78048780487805,11.024390243902438,0.5,-0.2195121951219512,-8.97560975609756,0.2560975609756042,9.231707317073159,-6.890243902439025,0.0029512195121951246,0.9634146341463392,2.52439024390244
0042400235,1610612750,1,1610612744,2024-25,0.5975609756097561,5.0,114.29268292682927,109.29268292682927,39.86585365853659,0.3770609756097561,44.31707317073171,13.74390243902439,0.5853658536585366,3.3048780487804876,113.79268292682927,110.48780487804878,42.3780487804878,0.36304878048780487,45.3780487804878,13.195121951219512,0.25,0.012195121951219523,1.6951219512195124,0.5,-1.1951219512195053,-2.5121951219512155,0.014012195121951232,-1.0609756097560918,0.5487804878048781
0042400215,1610612738,1,1610612752,2024-25,0.7439024390243902,9.109756097560975,116.26829268292683,107.15853658536585,48.23170731707317,0.3690731707317073,45.31707317073171,11.353658536585366,0.6219512195121951,4.097560975609756,115.78048780487805,111.6829268292683,34.073170731707314,0.36623170731707316,42.646341463414636,12.182926829268293,1.0,0.12195121951219512,5.012195121951219,0.48780487804877737,-4.524390243902445,14.158536585365859,0.002841463414634149,2.670731707317074,-0.8292682926829276
0042400225,1610612760,1,1610612743,2024-25,0.8292682926829268,12.865853658536585,120.5,107.63414634146342,38.829268292682926,0.37364634146341463,44.78048780487805,11.024390243902438,0.6097560975609756,3.8902439024390243,120.7560975609756,116.86585365853658,31.9390243902439,0.37659756097560976,45.74390243902439,13.548780487804878,0.5,0.2195121951219512,8.97560975609756,-0.2560975609756042,-9.231707317073159,6.890243902439025,-0.0029512195121951246,-0.9634146341463392,-2.52439024390244
0042400205,1610612739,0,1610612754,2024-25,0.7804878048780488,9.536585365853659,121.9390243902439,112.40243902439025,41.47560975609756,0.384609756097561,45.40243902439025,12.536585365853659,0.6097560975609756,2.231707317073171,117.36585365853658,115.13414634146342,35.78048780487805,0.3668170731707317,41.829268292682926,12.207317073170731,0.25,0.1707317073170732,7.304878048780488,4.573170731707322,-2.731707317073173,5.695121951219512,0.017792682926829284,3.5731707317073216,0.32926829268292757
0042400234,1610612744,0,1610612750,2024-25,0.5853658536585366,3.3048780487804876,113.79268292682927,110.48780487804878,42.3780487804878,0.36304878048780487,45.3780487804878,13.195121951219512,0.5975609756097561,5.0,114.29268292682927,109.29268292682927,39.86585365853659,0.3770609756097561,44.31707317073171,13.74390243902439,0.75,-0.012195121951219523,-1.6951219512195124,-0.5,1.1951219512195053,2.5121951219512155,-0.014012195121951232,1.0609756097560918,-0.5487804878048781
0042400214,1610612752,1,1610612738,2024-25,0.6219512195121951,4.097560975609756,115.78048780487805,111.6829268292683,34.073170731707314,0.36623170731707316,42.646341463414636,12.182926829268293,0.7439024390243902,9.109756097560975,116.26829268292683,107.15853658536585,48.23170731707317,0.3690731707317073,45.31707317073171,11.353658536585366,0.0,-0.12195121951219512,-5.012195121951219,-0.48780487804877737,4.524390243902445,-14.158536585365859,-0.002841463414634149,-2.670731707317074,0.8292682926829276
0042400204,1610612754,1,1610612739,2024-25,0.6097560975609756,2.231707317073171,117.36585365853658,115.13414634146342,35.78048780487805,0.3668170731707317,41.829268292682926,12.207317073170731,0.7804878048780488,9.536585365853659,121.9390243902439,112.40243902439025,41.47560975609756,0.384609756097561,45.40243902439025,12.536585365853659,0.75,-0.1707317073170732,-7.304878048780488,-4.573170731707322,2.731707317073173,-5.695121951219512,-0.017792682926829284,-3.5731707317073216,-0.32926829268292757
0042400224,1610612743,0,1610612760,2024-25,0.6097560975609756,3.8902439024390243,120.7560975609756,116.86585365853658,31.9390243902439,0.37659756097560976,45.74390243902439,13.548780487804878,0.8292682926829268,12.865853658536585,120.5,107.63414634146342,38.829268292682926,0.37364634146341463,44.78048780487805,11.024390243902438,0.5,-0.2195121951219512,-8.97560975609756,0.2560975609756042,9.231707317073159,-6.890243902439025,0.0029512195121951246,0.9634146341463392,2.52439024390244
0042400233,1610612744,0,1610612750,2024-25,0.5853658536585366,3.3048780487804876,113.79268292682927,110.48780487804878,42.3780487804878,0.36304878048780487,45.3780487804878,13.195121951219512,0.5975609756097561,5.0,114.29268292682927,109.29268292682927,39.86585365853659,0.3770609756097561,44.31707317073171,13.74390243902439,0.75,-0.012195121951219523,-1.6951219512195124,-0.5,1.1951219512195053,2.5121951219512155,-0.014012195121951232,1.0609756097560918,-0.5487804878048781
0042400213,1610612752,0,1610612738,2024-25,0.6219512195121951,4.097560975609756,115.78048780487805,111.6829268292683,34.073170731707314,0.36623170731707316,42.646341463414636,12.182926829268293,0.7439024390243902,9.109756097560975,116.26829268292683,107.15853658536585,48.23170731707317,0.3690731707317073,45.31707317073171,11.353658536585366,0.0,-0.12195121951219512,-5.012195121951219,-0.48780487804877737,4.524390243902445,-14.158536585365859,-0.002841463414634149,-2.670731707317074,0.8292682926829276
0042400203,1610612754,0,1610612739,2024-25,0.6097560975609756,2.231707317073171,117.36585365853658,115.13414634146342,35.78048780487805,0.3668170731707317,41.829268292682926,12.207317073170731,0.7804878048780488,9.536585365853659,121.9390243902439,112.40243902439025,41.47560975609756,0.384609756097561,45.40243902439025,12.536585365853659,0.75,-0.1707317073170732,-7.304878048780488,-4.573170731707322,2.731707317073173,-5.695121951219512,-0.017792682926829284,-3.5731707317073216,-0.32926829268292757
0042400223,1610612743,1,1610612760,2024-25,0.6097560975609756,3.8902439024390243,120.7560975609756,116.86585365853658,31.9390243902439,0.37659756097560976,45.74390243902439,13.548780487804878,0.8292682926829268,12.865853658536585,120.5,107.63414634146342,38.829268292682926,0.37364634146341463,44.78048780487805,11.024390243902438,0.5,-0.2195121951219512,-8.97560975609756,0.2560975609756042,9.231707317073159,-6.890243902439025,0.0029512195121951246,0.9634146341463392,2.52439024390244
0042400232,1610612750,1,1610612744,2024-25,0.5975609756097561,5.0,114.29268292682927,109.29268292682927,39.86585365853659,0.3770609756097561,44.31707317073171,13.74390243902439,0.5853658536585366,3.3048780487804876,113.79268292682927,110.48780487804878,42.3780487804878,0.36304878048780487,45.3780487804878,13.195121951219512,0.25,0.012195121951219523,1.6951219512195124,0.5,-1.1951219512195053,-2.5121951219512155,0.014012195121951232,-1.0609756097560918,0.5487804878048781
0042400212,1610612738,0,1610612752,2024-25,0.7439024390243902,9.109756097560975,116.26829268292683,107.15853658536585,48.23170731707317,0.3690731707317073,45.31707317073171,11.353658536585366,0.6219512195121951,4.097560975609756,115.78048780487805,111.6829268292683,34.073170731707314,0.36623170731707316,42.646341463414636,12.182926829268293,1.0,0.12195121951219512,5.012195121951219,0.48780487804877737,-4.524390243902445,14.158536585365859,0.002841463414634149,2.670731707317074,-0.8292682926829276
0042400222,1610612760,1,1610612743,2024-25,0.8292682926829268,12.865853658536585,120.5,107.63414634146342,38.829268292682926,0.37364634146341463,44.78048780487805,11.024390243902438,0.6097560975609756,3.8902439024390243,120.7560975609756,116.86585365853658,31.9390243902439,0.37659756097560976,45.74390243902439,13.548780487804878,0.5,0.2195121951219512,8.97560975609756,-0.2560975609756042,-9.231707317073159,6.890243902439025,-0.0029512195121951246,-0.9634146341463392,-2.52439024390244
0042400202,1610612739,0,1610612754,2024-25,0.7804878048780488,9.536585365853659,121.9390243902439,112.40243902439025,41.47560975609756,0.384609756097561,45.40243902439025,12.536585365853659,0.6097560975609756,2.231707317073171,117.36585365853658,115.13414634146342,35.78048780487805,0.3668170731707317,41.829268292682926,12.207317073170731,0.25,0.1707317073170732,7.304878048780488,4.573170731707322,-2.731707317073173,5.695121951219512,0.017792682926829284,3.5731707317073216,0.32926829268292757
0042400231,1610612750,0,1610612744,2024-25,0.5975609756097561,5.0,114.29268292682927,109.29268292682927,39.86585365853659,0.3770609756097561,44.31707317073171,13.74390243902439,0.5853658536585366,3.3048780487804876,113.79268292682927,110.48780487804878,42.3780487804878,0.36304878048780487,45.3780487804878,13.195121951219512,0.25,0.012195121951219523,1.6951219512195124,0.5,-1.1951219512195053,-2.5121951219512155,0.014012195121951232,-1.0609756097560918,0.5487804878048781
0042400221,1610612760,0,1610612743,2024-25,0.8292682926829268,12.865853658536585,120.5,107.63414634146342,38.829268292682926,0.37364634146341463,44.78048780487805,11.024390243902438,0.6097560975609756,3.8902439024390243,120.7560975609756,116.86585365853658,31.9390243902439,0.37659756097560976,45.74390243902439,13.548780487804878,0.5,0.2195121951219512,8.97560975609756,-0.2560975609756042,-9.231707317073159,6.890243902439025,-0.0029512195121951246,-0.9634146341463392,-2.52439024390244
0042400211,1610612738,0,1610612752,2024-25,0.7439024390243902,9.109756097560975,116.26829268292683,107.15853658536585,48.23170731707317,0.3690731707317073,45.31707317073171,11.353658536585366,0.6219512195121951,4.097560975609756,115.78048780487805,111.6829268292683,34.073170731707314,0.36623170731707316,42.646341463414636,12.182926829268293,1.0,0.12195121951219512,5.012195121951219,0.48780487804877737,-4.524390243902445,14.158536585365859,0.002841463414634149,2.670731707317074,-0.8292682926829276
0042400157,1610612745,0,1610612744,2024-25,0.6341463414634146,4.512195121951219,114.29268292682927,109.78048780487805,35.829268292682926,0.3525365853658537,48.46341463414634,13.036585365853659,0.5853658536585366,3.3048780487804876,113.79268292682927,110.48780487804878,42.3780487804878,0.36304878048780487,45.3780487804878,13.195121951219512,0.4,0.04878048780487809,1.2073170731707314,0.5,-0.7073170731707279,-6.548780487804876,-0.010512195121951173,3.085365853658537,-0.15853658536585336
0042400201,1610612739,0,1610612754,2024-25,0.7804878048780488,9.536585365853659,121.9390243902439,112.40243902439025,41.47560975609756,0.384609756097561,45.40243902439025,12.536585365853659,0.6097560975609756,2.231707317073171,117.36585365853658,115.13414634146342,35.78048780487805,0.3668170731707317,41.829268292682926,12.207317073170731,0.25,0.1707317073170732,7.304878048780488,4.573170731707322,-2.731707317073173,5.695121951219512,0.017792682926829284,3.5731707317073216,0.32926829268292757
0042400177,1610612743,1,1610612746,2024-25,0.6097560975609756,3.8902439024390243,120.7560975609756,116.86585365853658,31.9390243902439,0.37659756097560976,45.74390243902439,13.548780487804878,0.6097560975609756,4.658536585365853,112.8780487804878,108.21951219512195,33.390243902439025,0.37726829268292683,43.792682926829265,13.817073170731707,0.5,0.0,-0.7682926829268291,7.878048780487802,8.646341463414629,-1.4512195121951237,-0.0006707317073170738,1.9512195121951237,-0.2682926829268286
0042400156,1610612744,0,1610612745,2024-25,0.5853658536585366,3.3048780487804876,113.79268292682927,110.48780487804878,42.3780487804878,0.36304878048780487,45.3780487804878,13.195121951219512,0.6341463414634146,4.512195121951219,114.29268292682927,109.78048780487805,35.829268292682926,0.3525365853658537,48.46341463414634,13.036585365853659,0.6,-0.04878048780487809,-1.2073170731707314,-0.5,0.7073170731707279,6.548780487804876,0.010512195121951173,-3.085365853658537,0.15853658536585336
0042400176,1610612746,1,1610612743,2024-25,0.6097560975609756,4.658536585365853,112.8780487804878,108.21951219512195,33.390243902439025,0.37726829268292683,43.792682926829265,13.817073170731707,0.6097560975609756,3.8902439024390243,120.7560975609756,116.86585365853658,31.9390243902439,0.37659756097560976,45.74390243902439,13.548780487804878,0.5,0.0,0.7682926829268291,-7.878048780487802,-8.646341463414629,1.4512195121951237,0.0006707317073170738,-1.9512195121951237,0.2682926829268286
0042400126,1610612765,0,1610612752,2024-25,0.5365853658536586,1.9024390243902438,115.5,113.59756097560975,35.3780487804878,0.36242682926829267,44.75609756097561,14.085365853658537,0.6219512195121951,4.097560975609756,115.78048780487805,111.6829268292683,34.073170731707314,0.36623170731707316,42.646341463414636,12.182926829268293,0.75,-0.08536585365853655,-2.1951219512195124,-0.2804878048780495,1.9146341463414558,1.3048780487804876,-0.003804878048780491,2.1097560975609753,1.9024390243902438
0042400165,1610612747,0,1610612750,2024-25,0.6097560975609756,1.2195121951219512,113.39024390243902,112.17073170731707,36.353658536585364,0.36478048780487804,42.426829268292686,13.121951219512194,0.5975609756097561,5.0,114.29268292682927,109.29268292682927,39.86585365853659,0.3770609756097561,44.31707317073171,13.74390243902439,0.5,0.012195121951219523,-3.7804878048780486,-0.9024390243902474,2.878048780487802,-3.5121951219512226,-0.01228048780487806,-1.8902439024390247,-0.6219512195121961
0042400155,1610612745,1,1610612744,2024-25,0.6341463414634146,4.512195121951219,114.29268292682927,109.78048780487805,35.829268292682926,0.3525365853658537,48.46341463414634,13.036585365853659,0.5853658536585366,3.3048780487804876,113.79268292682927,110.48780487804878,42.3780487804878,0.36304878048780487,45.3780487804878,13.195121951219512,0.4,0.04878048780487809,1.2073170731707314,0.5,-0.7073170731707279,-6.548780487804876,-0.010512195121951173,3.085365853658537,-0.15853658536585336
0042400135,1610612754,1,1610612749,2024-25,0.6097560975609756,2.231707317073171,117.36585365853658,115.13414634146342,35.78048780487805,0.3668170731707317,41.829268292682926,12.207317073170731,0.5853658536585366,2.475609756097561,115.51219512195122,113.03658536585365,36.6219512195122,0.387780487804878,43.36585365853659,12.78048780487805,0.25,0.024390243902439046,-0.24390243902439002,1.8536585365853568,2.097560975609767,-0.8414634146341484,-0.020963414634146305,-1.5365853658536608,-0.573170731707318
0042400175,1610612743,1,1610612746,2024-25,0.6097560975609756,3.8902439024390243,120.7560975609756,116.86585365853658,31.9390243902439,0.37659756097560976,45.74390243902439,13.548780487804878,0.6097560975609756,4.658536585365853,112.8780487804878,108.21951219512195,33.390243902439025,0.37726829268292683,43.792682926829265,13.817073170731707,0.5,0.0,-0.7682926829268291,7.878048780487802,8.646341463414629,-1.4512195121951237,-0.0006707317073170738,1.9512195121951237,-0.2682926829268286
0042400115,1610612738,1,1610612753,2024-25,0.7439024390243902,9.109756097560975,116.26829268292683,107.15853658536585,48.23170731707317,0.3690731707317073,45.31707317073171,11.353658536585366,0.5,-0.12195121951219512,105.42682926829268,105.54878048780488,35.26829268292683,0.316609756097561,41.84146341463415,13.085365853658537,0.3333333333333333,0.24390243902439024,9.23170731707317,10.841463414634148,1.6097560975609753,12.963414634146346,0.05246341463414633,3.475609756097562,-1.7317073170731714
0042400125,1610612752,0,1610612765,2024-25,0.6219512195121951,4.097560975609756,115.78048780487805,111.6829268292683,34.073170731707314,0.36623170731707316,42.646341463414636,12.182926829268293,0.5365853658536586,1.9024390243902438,115.5,113.59756097560975,35.3780487804878,0.36242682926829267,44.75609756097561,14.085365853658537,0.25,0.08536585365853655,2.1951219512195124,0.2804878048780495,-1.9146341463414558,-1.3048780487804876,0.003804878048780491,-2.1097560975609753,-1.9024390243902438
0042400154,1610612744,1,1610612745,2024-25,0.5853658536585366,3.3048780487804876,113.79268292682927,110.48780487804878,42.3780487804878,0.36304878048780487,45.3780487804878,13.195121951219512,0.6341463414634146,4.512195121951219,114.29268292682927,109.78048780487805,35.829268292682926,0.3525365853658537,48.46341463414634,13.036585365853659,0.6,-0.04878048780487809,-1.2073170731707314,-0.5,0.7073170731707279,6.548780487804876,0.010512195121951173,-3.085365853658537,0.15853658536585336
0042400104,1610612748,0,1610612739,2024-25,0.45121951219512196,0.5609756097560976,110.59756097560975,110.03658536585365,37.31707317073171,0.37034146341463414,43.390243902439025,12.634146341463415,0.7804878048780488,9.536585365853659,121.9390243902439,112.40243902439025,41.47560975609756,0.384609756097561,45.40243902439025,12.536585365853659,0.3333333333333333,-0.32926829268292684,-8.975609756097562,-11.341463414634148,-2.3658536585365937,-4.158536585365852,-0.014268292682926842,-2.0121951219512226,0.09756097560975618
0042400164,1610612750,1,1610612747,2024-25,0.5975609756097561,5.0,114.29268292682927,109.29268292682927,39.86585365853659,0.3770609756097561,44.31707317073171,13.74390243902439,0.6097560975609756,1.2195121951219512,113.39024390243902,112.17073170731707,36.353658536585364,0.36478048780487804,42.426829268292686,13.121951219512194,0.5,-0.012195121951219523,3.7804878048780486,0.9024390243902474,-2.878048780487802,3.5121951219512226,0.01228048780487806,1.8902439024390247,0.6219512195121961
0042400114,1610612753,0,1610612738,2024-25,0.5,-0.12195121951219512,105.42682926829268,105.54878048780488,35.26829268292683,0.316609756097561,41.84146341463415,13.085365853658537,0.7439024390243902,9.109756097560975,116.26829268292683,107.15853658536585,48.23170731707317,0.3690731707317073,45.31707317073171,11.353658536585366,0.6666666666666666,-0.24390243902439024,-9.23170731707317,-10.841463414634148,-1.6097560975609753,-12.963414634146346,-0.05246341463414633,-3.475609756097562,1.7317073170731714
0042400134,1610612749,0,1610612754,2024-25,0.5853658536585366,2.475609756097561,115.51219512195122,113.03658536585365,36.6219512195122,0.387780487804878,43.36585365853659,12.78048780487805,0.6097560975609756,2.231707317073171,117.36585365853658,115.13414634146342,35.78048780487805,0.3668170731707317,41.829268292682926,12.207317073170731,0.75,-0.024390243902439046,0.24390243902439002,-1.8536585365853568,-2.097560975609767,0.8414634146341484,0.020963414634146305,1.5365853658536608,0.573170731707318
0042400124,1610612765,0,1610612752,2024-25,0.5365853658536586,1.9024390243902438,115.5,113.59756097560975,35.3780487804878,0.36242682926829267,44.75609756097561,14.085365853658537,0.6219512195121951,4.097560975609756,115.78048780487805,111.6829268292683,34.073170731707314,0.36623170731707316,42.646341463414636,12.182926829268293,0.75,-0.08536585365853655,-2.1951219512195124,-0.2804878048780495,1.9146341463414558,1.3048780487804876,-0.003804878048780491,2.1097560975609753,1.9024390243902438
0042400103,1610612748,0,1610612739,2024-25,0.45121951219512196,0.5609756097560976,110.59756097560975,110.03658536585365,37.31707317073171,0.37034146341463414,43.390243902439025,12.634146341463415,0.7804878048780488,9.536585365853659,121.9390243902439,112.40243902439025,41.47560975609756,0.384609756097561,45.40243902439025,12.536585365853659,0.3333333333333333,-0.32926829268292684,-8.975609756097562,-11.341463414634148,-2.3658536585365937,-4.158536585365852,-0.014268292682926842,-2.0121951219512226,0.09756097560975618
0042400144,1610612763,0,1610612760,2024-25,0.5853658536585366,4.853658536585366,121.70731707317073,116.85365853658537,37.8780487804878,0.3659268292682927,47.25609756097561,14.963414634146341,0.8292682926829268,12.865853658536585,120.5,107.63414634146342,38.829268292682926,0.37364634146341463,44.78048780487805,11.024390243902438,0.0,-0.24390243902439024,-8.012195121951219,1.207317073170728,9.21951219512195,-0.9512195121951237,-0.007719512195121958,2.475609756097562,3.939024390243903
0042400174,1610612746,0,1610612743,2024-25,0.6097560975609756,4.658536585365853,112.8780487804878,108.21951219512195,33.390243902439025,0.37726829268292683,43.792682926829265,13.817073170731707,0.6097560975609756,3.8902439024390243,120.7560975609756,116.86585365853658,31.9390243902439,0.37659756097560976,45.74390243902439,13.548780487804878,0.5,0.0,0.7682926829268291,-7.878048780487802,-8.646341463414629,1.4512195121951237,0.0006707317073170738,-1.9512195121951237,0.2682926829268286
0042400153,1610612744,1,1610612745,2024-25,0.5853658536585366,3.3048780487804876,113.79268292682927,110.48780487804878,42.3780487804878,0.36304878048780487,45.3780487804878,13.195121951219512,0.6341463414634146,4.512195121951219,114.29268292682927,109.78048780487805,35.829268292682926,0.3525365853658537,48.46341463414634,13.036585365853659,0.6,-0.04878048780487809,-1.2073170731707314,-0.5,0.7073170731707279,6.548780487804876,0.010512195121951173,-3.085365853658537,0.15853658536585336
0042400163,1610612750,1,1610612747,2024-25,0.5975609756097561,5.0,114.29268292682927,109.29268292682927,39.86585365853659,0.3770609756097561,44.31707317073171,13.74390243902439,0.6097560975609756,1.2195121951219512,113.39024390243902,112.17073170731707,36.353658536585364,0.36478048780487804,42.426829268292686,13.121951219512194,0.5,-0.012195121951219523,3.7804878048780486,0.9024390243902474,-2.878048780487802,3.5121951219512226,0.01228048780487806,1.8902439024390247,0.6219512195121961
0042400113,1610612753,1,1610612738,2024-25,0.5,-0.12195121951219512,105.42682926829268,105.54878048780488,35.26829268292683,0.316609756097561,41.84146341463415,13.085365853658537,0.7439024390243902,9.109756097560975,116.26829268292683,107.15853658536585,48.23170731707317,0.3690731707317073,45.31707317073171,11.353658536585366,0.6666666666666666,-0.24390243902439024,-9.23170731707317,-10.841463414634148,-1.6097560975609753,-12.963414634146346,-0.05246341463414633,-3.475609756097562,1.7317073170731714
0042400133,1610612749,1,1610612754,2024-25,0.5853658536585366,2.475609756097561,115.51219512195122,113.03658536585365,36.6219512195122,0.387780487804878,43.36585365853659,12.78048780487805,0.6097560975609756,2.231707317073171,117.36585365853658,115.13414634146342,35.78048780487805,0.3668170731707317,41.829268292682926,12.207317073170731,0.75,-0.024390243902439046,0.24390243902439002,-1.8536585365853568,-2.097560975609767,0.8414634146341484,0.020963414634146305,1.5365853658536608,0.573170731707318
0042400143,1610612763,0,1610612760,2024-25,0.5853658536585366,4.853658536585366,121.70731707317073,116.85365853658537,37.8780487804878,0.3659268292682927,47.25609756097561,14.963414634146341,0.8292682926829268,12.865853658536585,120.5,107.63414634146342,38.829268292682926,0.37364634146341463,44.78048780487805,11.024390243902438,0.0,-0.24390243902439024,-8.012195121951219,1.207317073170728,9.21951219512195,-0.9512195121951237,-0.007719512195121958,2.475609756097562,3.939024390243903
0042400123,1610612765,0,1610612752,2024-25,0.5365853658536586,1.9024390243902438,115.5,113.59756097560975,35.3780487804878,0.36242682926829267,44.75609756097561,14.085365853658537,0.6219512195121951,4.097560975609756,115.78048780487805,111.6829268292683,34.073170731707314,0.36623170731707316,42.646341463414636,12.182926829268293,0.75,-0.08536585365853655,-2.1951219512195124,-0.2804878048780495,1.9146341463414558,1.3048780487804876,-0.003804878048780491,2.1097560975609753,1.9024390243902438
0042400173,1610612746,1,1610612743,2024-25,0.6097560975609756,4.658536585365853,112.8780487804878,108.21951219512195,33.390243902439025,0.37726829268292683,43.792682926829265,13.817073170731707,0.6097560975609756,3.8902439024390243,120.7560975609756,116.86585365853658,31.9390243902439,0.37659756097560976,45.74390243902439,13.548780487804878,0.5,0.0,0.7682926829268291,-7.878048780487802,-8.646341463414629,1.4512195121951237,0.0006707317073170738,-1.9512195121951237,0.2682926829268286
0042400152,1610612745,1,1610612744,2024-25,0.6341463414634146,4.512195121951219,114.29268292682927,109.78048780487805,35.829268292682926,0.3525365853658537,48.46341463414634,13.036585365853659,0.5853658536585366,3.3048780487804876,113.79268292682927,110.48780487804878,42.3780487804878,0.36304878048780487,45.3780487804878,13.195121951219512,0.4,0.04878048780487809,1.2073170731707314,0.5,-0.7073170731707279,-6.548780487804876,-0.010512195121951173,3.085365853658537,-0.15853658536585336
0042400112,1610612738,1,1610612753,2024-25,0.7439024390243902,9.109756097560975,116.26829268292683,107.15853658536585,48.23170731707317,0.3690731707317073,45.31707317073171,11.353658536585366,0.5,-0.12195121951219512,105.42682926829268,105.54878048780488,35.26829268292683,0.316609756097561,41.84146341463415,13.085365853658537,0.3333333333333333,0.24390243902439024,9.23170731707317,10.841463414634148,1.6097560975609753,12.963414634146346,0.05246341463414633,3.475609756097562,-1.7317073170731714
0042400102,1610612739,1,1610612748,2024-25,0.7804878048780488,9.536585365853659,121.9390243902439,112.40243902439025,41.47560975609756,0.384609756097561,45.40243902439025,12.536585365853659,0.45121951219512196,0.5609756097560976,110.59756097560975,110.03658536585365,37.31707317073171,0.37034146341463414,43.390243902439025,12.634146341463415,0.6666666666666666,0.32926829268292684,8.975609756097562,11.341463414634148,2.3658536585365937,4.158536585365852,0.014268292682926842,2.0121951219512226,-0.09756097560975618
0042400162,1610612747,1,1610612750,2024-25,0.6097560975609756,1.2195121951219512,113.39024390243902,112.17073170731707,36.353658536585364,0.36478048780487804,42.426829268292686,13.121951219512194,0.5975609756097561,5.0,114.29268292682927,109.29268292682927,39.86585365853659,0.3770609756097561,44.31707317073171,13.74390243902439,0.5,0.012195121951219523,-3.7804878048780486,-0.9024390243902474,2.878048780487802,-3.5121951219512226,-0.01228048780487806,-1.8902439024390247,-0.6219512195121961
0042400142,1610612760,1,1610612763,2024-25,0.8292682926829268,12.865853658536585,120.5,107.63414634146342,38.829268292682926,0.37364634146341463,44.78048780487805,11.024390243902438,0.5853658536585366,4.853658536585366,121.70731707317073,116.85365853658537,37.8780487804878,0.3659268292682927,47.25609756097561,14.963414634146341,1.0,0.24390243902439024,8.012195121951219,-1.207317073170728,-9.21951219512195,0.9512195121951237,0.007719512195121958,-2.475609756097562,-3.939024390243903
0042400132,1610612754,1,1610612749,2024-25,0.6097560975609756,2.231707317073171,117.36585365853658,115.13414634146342,35.78048780487805,0.3668170731707317,41.829268292682926,12.207317073170731,0.5853658536585366,2.475609756097561,115.51219512195122,113.03658536585365,36.6219512195122,0.387780487804878,43.36585365853659,12.78048780487805,0.25,0.024390243902439046,-0.24390243902439002,1.8536585365853568,2.097560975609767,-0.8414634146341484,-0.020963414634146305,-1.5365853658536608,-0.573170731707318
0042400122,1610612752,0,1610612765,2024-25,0.6219512195121951,4.097560975609756,115.78048780487805,111.6829268292683,34.073170731707314,0.36623170731707316,42.646341463414636,12.182926829268293,0.5365853658536586,1.9024390243902438,115.5,113.59756097560975,35.3780487804878,0.36242682926829267,44.75609756097561,14.085365853658537,0.25,0.08536585365853655,2.1951219512195124,0.2804878048780495,-1.9146341463414558,-1.3048780487804876,0.003804878048780491,-2.1097560975609753,-1.9024390243902438
0042400172,1610612743,0,1610612746,2024-25,0.6097560975609756,3.8902439024390243,120.7560975609756,116.86585365853658,31.9390243902439,0.37659756097560976,45.74390243902439,13.548780487804878,0.6097560975609756,4.658536585365853,112.8780487804878,108.21951219512195,33.390243902439025,0.37726829268292683,43.792682926829265,13.817073170731707,0.5,0.0,-0.7682926829268291,7.878048780487802,8.646341463414629,-1.4512195121951237,-0.0006707317073170738,1.9512195121951237,-0.2682926829268286
0042400151,1610612745,0,1610612744,2024-25,0.6341463414634146,4.512195121951219,114.29268292682927,109.78048780487805,35.829268292682926,0.3525365853658537,48.46341463414634,13.036585365853659,0.5853658536585366,3.3048780487804876,113.79268292682927,110.48780487804878,42.3780487804878,0.36304878048780487,45.3780487804878,13.195121951219512,0.4,0.04878048780487809,1.2073170731707314,0.5,-0.7073170731707279,-6.548780487804876,-0.010512195121951173,3.085365853658537,-0.15853658536585336
0042400101,1610612739,1,1610612748,2024-25,0.7804878048780488,9.536585365853659,121.9390243902439,112.40243902439025,41.47560975609756,0.384609756097561,45.40243902439025,12.536585365853659,0.45121951219512196,0.5609756097560976,110.59756097560975,110.03658536585365,37.31707317073171,0.37034146341463414,43.390243902439025,12.634146341463415,0.6666666666666666,0.32926829268292684,8.975609756097562,11.341463414634148,2.3658536585365937,4.158536585365852,0.014268292682926842,2.0121951219512226,-0.09756097560975618
0042400141,1610612760,1,1610612763,2024-25,0.8292682926829268,12.865853658536585,120.5,107.63414634146342,38.829268292682926,0.37364634146341463,44.78048780487805,11.024390243902438,0.5853658536585366,4.853658536585366,121.70731707317073,116.85365853658537,37.8780487804878,0.3659268292682927,47.25609756097561,14.963414634146341,1.0,0.24390243902439024,8.012195121951219,-1.207317073170728,-9.21951219512195,0.9512195121951237,0.007719512195121958,-2.475609756097562,-3.939024390243903
0042400111,1610612738,1,1610612753,2024-25,0.7439024390243902,9.109756097560975,116.26829268292683,107.15853658536585,48.23170731707317,0.3690731707317073,45.31707317073171,11.353658536585366,0.5,-0.12195121951219512,105.42682926829268,105.54878048780488,35.26829268292683,0.316609756097561,41.84146341463415,13.085365853658537,0.3333333333333333,0.24390243902439024,9.23170731707317,10.841463414634148,1.6097560975609753,12.963414634146346,0.05246341463414633,3.475609756097562,-1.7317073170731714
0042400171,1610612743,1,1610612746,2024-25,0.6097560975609756,3.8902439024390243,120.7560975609756,116.86585365853658,31.9390243902439,0.37659756097560976,45.74390243902439,13.548780487804878,0.6097560975609756,4.658536585365853,112.8780487804878,108.21951219512195,33.390243902439025,0.37726829268292683,43.792682926829265,13.817073170731707,0.5,0.0,-0.7682926829268291,7.878048780487802,8.646341463414629,-1.4512195121951237,-0.0006707317073170738,1.9512195121951237,-0.2682926829268286
0042400131,1610612754,1,1610612749,2024-25,0.6097560975609756,2.231707317073171,117.36585365853658,115.13414634146342,35.78048780487805,0.3668170731707317,41.829268292682926,12.207317073170731,0.5853658536585366,2.475609756097561,115.51219512195122,113.03658536585365,36.6219512195122,0.387780487804878,43.36585365853659,12.78048780487805,0.25,0.024390243902439046,-0.24390243902439002,1.8536585365853568,2.097560975609767,-0.8414634146341484,-0.020963414634146305,-1.5365853658536608,-0.573170731707318
0042400121,1610612752,1,1610612765,2024-25,0.6219512195121951,4.097560975609756,115.78048780487805,111.6829268292683,34.073170731707314,0.36623170731707316,42.646341463414636,12.182926829268293,0.5365853658536586,1.9024390243902438,115.5,113.59756097560975,35.3780487804878,0.36242682926829267,44.75609756097561,14.085365853658537,0.25,0.08536585365853655,2.1951219512195124,0.2804878048780495,-1.9146341463414558,-1.3048780487804876,0.003804878048780491,-2.1097560975609753,-1.9024390243902438
0042400161,1610612747,0,1610612750,2024-25,0.6097560975609756,1.2195121951219512,113.39024390243902,112.17073170731707,36.353658536585364,0.36478048780487804,42.426829268292686,13.121951219512194,0.5975609756097561,5.0,114.29268292682927,109.29268292682927,39.86585365853659,0.3770609756097561,44.31707317073171,13.74390243902439,0.5,0.012195121951219523,-3.7804878048780486,-0.9024390243902474,2.878048780487802,-3.5121951219512226,-0.01228048780487806,-1.8902439024390247,-0.6219512195121961
